label,handedness,timestamp,x0,y0,x1,y1,x2,y2,x3,y3,x4,y4,x5,y5,x6,y6,x7,y7,x8,y8,x9,y9,x10,y10,x11,y11,x12,y12,x13,y13,x14,y14,x15,y15,x16,y16,x17,y17,x18,y18,x19,y19,x20,y20
B,Right,legacy_asl_B_0,0.000000,0.000000,0.329308,-0.168361,0.569536,-0.447373,0.410079,-0.719772,0.177605,-0.838164,0.435261,-0.902039,0.476830,-1.275943,0.459820,-1.507727,0.429421,-1.718463,0.226258,-0.969262,0.249329,-1.377693,0.241701,-1.644226,0.218825,-1.878557,0.036916,-0.949172,0.046716,-1.332580,0.055158,-1.579508,0.041574,-1.795838,-0.168929,-0.855208,-0.151265,-1.166874,-0.125353,-1.363031,-0.115413,-1.541317
B,Right,legacy_asl_B_1,0.000000,0.000000,0.286212,-0.153372,0.426035,-0.507278,0.170981,-0.735303,-0.116735,-0.741395,0.394025,-0.935620,0.402066,-1.299054,0.381766,-1.524513,0.344941,-1.706935,0.185823,-0.981111,0.198761,-1.371457,0.189814,-1.623315,0.160569,-1.828202,0.006722,-0.946227,-0.003036,-1.313583,-0.000180,-1.552954,-0.020170,-1.751887,-0.183866,-0.843844,-0.183753,-1.145829,-0.171437,-1.338653,-0.174816,-1.508420
B,Right,legacy_asl_B_2,0.000000,0.000000,0.338276,-0.065845,0.605342,-0.297559,0.580034,-0.548030,0.384786,-0.668470,0.418846,-0.904314,0.451740,-1.317796,0.442543,-1.582397,0.422904,-1.810234,0.207882,-0.964165,0.231075,-1.423269,0.231971,-1.720085,0.230668,-1.964738,0.010493,-0.949854,0.026170,-1.390137,0.038780,-1.658464,0.045988,-1.880061,-0.191044,-0.864890,-0.181476,-1.214111,-0.157318,-1.423910,-0.132416,-1.611306
B,Right,legacy_asl_B_3,0.000000,0.000000,0.355881,-0.154332,0.576799,-0.476882,0.479651,-0.800732,0.249816,-0.960155,0.376602,-0.936716,0.399398,-1.342176,0.373174,-1.590362,0.339146,-1.804196,0.166918,-0.982957,0.188532,-1.424213,0.169947,-1.720103,0.141545,-1.954758,-0.026873,-0.952315,-0.010785,-1.379475,-0.009610,-1.651364,-0.024260,-1.862909,-0.242620,-0.861857,-0.227423,-1.201905,-0.214445,-1.423723,-0.206577,-1.618148
B,Right,legacy_asl_B_4,0.000000,0.000000,0.325106,-0.084245,0.597069,-0.315589,0.574433,-0.605835,0.337597,-0.723053,0.380783,-0.925869,0.399095,-1.319418,0.372942,-1.567220,0.340265,-1.778913,0.163106,-0.966542,0.184518,-1.401117,0.169407,-1.684997,0.148980,-1.920097,-0.036658,-0.926780,-0.025376,-1.343164,-0.017048,-1.613605,-0.019868,-1.827424,-0.249214,-0.831891,-0.223458,-1.156611,-0.203526,-1.367858,-0.186707,-1.550210
B,Right,legacy_asl_B_5,0.000000,0.000000,0.332789,-0.144809,0.623249,-0.426247,0.576266,-0.741178,0.381609,-0.936123,0.539812,-0.869904,0.586386,-1.286035,0.566584,-1.559354,0.528469,-1.788411,0.311189,-0.935647,0.355562,-1.388030,0.343227,-1.688124,0.314901,-1.927445,0.098781,-0.919627,0.121401,-1.350607,0.130098,-1.626200,0.122045,-1.844674,-0.130746,-0.837003,-0.115300,-1.177449,-0.090412,-1.388027,-0.071042,-1.567765
B,Right,legacy_asl_B_6,0.000000,0.000000,0.367273,-0.116321,0.635912,-0.418012,0.565259,-0.709740,0.319278,-0.780964,0.371989,-0.936210,0.365463,-1.321042,0.333377,-1.563165,0.296593,-1.758981,0.155219,-0.986315,0.144293,-1.409175,0.126872,-1.684428,0.093967,-1.896289,-0.036584,-0.964005,-0.066701,-1.365352,-0.066918,-1.610167,-0.085146,-1.807756,-0.240791,-0.874418,-0.243299,-1.213472,-0.229849,-1.417136,-0.224951,-1.594732
B,Right,legacy_asl_B_7,0.000000,0.000000,0.291752,-0.145824,0.566451,-0.397291,0.540901,-0.647653,0.369101,-0.774661,0.352820,-0.947987,0.354557,-1.305140,0.324594,-1.518714,0.286671,-1.706339,0.145854,-0.985753,0.159000,-1.381400,0.138775,-1.631073,0.106751,-1.838322,-0.040318,-0.951817,-0.046459,-1.332318,-0.054543,-1.567366,-0.069848,-1.760439,-0.237349,-0.847310,-0.247301,-1.158137,-0.240677,-1.346473,-0.236545,-1.510979
B,Right,legacy_asl_B_8,0.000000,0.000000,0.330906,-0.079873,0.623857,-0.274816,0.603938,-0.556268,0.388432,-0.728356,0.439944,-0.886060,0.471086,-1.285972,0.448878,-1.543544,0.422542,-1.770391,0.212267,-0.951907,0.241739,-1.379128,0.242150,-1.664523,0.237476,-1.902538,0.003891,-0.926816,0.031203,-1.333471,0.053423,-1.594959,0.064643,-1.807017,-0.209558,-0.835568,-0.181619,-1.148168,-0.160793,-1.353904,-0.143539,-1.537905
B,Right,legacy_asl_B_9,0.000000,0.000000,0.286918,-0.161140,0.465052,-0.506916,0.189532,-0.759956,-0.131226,-0.789765,0.511364,-0.887412,0.557354,-1.281180,0.547813,-1.546886,0.523920,-1.762968,0.276323,-0.957886,0.327123,-1.369139,0.338059,-1.657632,0.341358,-1.895267,0.067049,-0.943812,0.102425,-1.334705,0.128131,-1.598725,0.139812,-1.815362,-0.157668,-0.866099,-0.119639,-1.184014,-0.092142,-1.390659,-0.077650,-1.569117
B,Right,legacy_asl_B_10,0.000000,0.000000,0.334866,-0.148535,0.576642,-0.494500,0.476432,-0.852341,0.216858,-1.042054,0.392116,-0.930270,0.408462,-1.360608,0.377670,-1.628324,0.343958,-1.858197,0.172608,-0.976139,0.200522,-1.456752,0.180332,-1.754327,0.160899,-2.001951,-0.026955,-0.957241,-0.010155,-1.408464,-0.009315,-1.698889,-0.014056,-1.917621,-0.242268,-0.887745,-0.222505,-1.242206,-0.214082,-1.472858,-0.208626,-1.674668
B,Right,legacy_asl_B_11,0.000000,0.000000,0.306990,-0.148092,0.557314,-0.423669,0.466186,-0.698319,0.259180,-0.864872,0.382689,-0.936832,0.384632,-1.322247,0.348639,-1.547276,0.318843,-1.745774,0.153798,-0.981404,0.158753,-1.418409,0.137790,-1.692336,0.122929,-1.921171,-0.045634,-0.945837,-0.041952,-1.363348,-0.042641,-1.621657,-0.045329,-1.843085,-0.252432,-0.835516,-0.235243,-1.160535,-0.218043,-1.365478,-0.202996,-1.559799
B,Right,legacy_asl_B_12,0.000000,0.000000,0.338411,-0.198272,0.576303,-0.476243,0.584793,-0.744846,0.517707,-0.964341,0.333304,-0.941953,0.380276,-1.314622,0.376326,-1.555672,0.345411,-1.762728,0.134315,-0.990603,0.188168,-1.404971,0.190894,-1.679149,0.163818,-1.901543,-0.044950,-0.962571,-0.024002,-1.364462,-0.005790,-1.621797,-0.012129,-1.828163,-0.234816,-0.857912,-0.224458,-1.181018,-0.202785,-1.397033,-0.182885,-1.584756
B,Right,legacy_asl_B_13,0.000000,0.000000,0.288626,-0.110187,0.458992,-0.415347,0.215807,-0.635081,-0.058563,-0.681330,0.397823,-0.920094,0.419030,-1.341674,0.403518,-1.621909,0.367595,-1.840975,0.185067,-0.973722,0.210868,-1.425230,0.206843,-1.730602,0.191485,-1.961563,0.002582,-0.945045,0.005568,-1.375036,0.006550,-1.649596,-0.002296,-1.859922,-0.187219,-0.843129,-0.163846,-1.184332,-0.151098,-1.397883,-0.149314,-1.572624
B,Right,legacy_asl_B_14,0.000000,0.000000,0.398727,-0.170158,0.676489,-0.458426,0.589427,-0.738176,0.392584,-0.890670,0.444024,-0.907608,0.463077,-1.345398,0.438855,-1.617346,0.403387,-1.847963,0.212043,-0.970071,0.230835,-1.444444,0.218879,-1.757266,0.196268,-2.014792,0.000485,-0.973211,0.012542,-1.436514,0.019943,-1.730833,0.013753,-1.972961,-0.216092,-0.921479,-0.199838,-1.304511,-0.176944,-1.541275,-0.161329,-1.745270
B,Right,legacy_asl_B_15,0.000000,0.000000,0.365426,-0.068259,0.600321,-0.380944,0.487718,-0.663727,0.297373,-0.787324,0.554785,-0.858349,0.622409,-1.239408,0.616119,-1.486213,0.599964,-1.701255,0.335334,-0.937152,0.399435,-1.350073,0.424925,-1.621273,0.446859,-1.846592,0.137543,-0.921028,0.177461,-1.313797,0.209874,-1.552128,0.244413,-1.758305,-0.053717,-0.832706,-0.018947,-1.127408,0.021876,-1.301038,0.064199,-1.458496
B,Right,legacy_asl_B_16,0.000000,0.000000,0.383776,-0.168099,0.621872,-0.468042,0.517041,-0.737122,0.285588,-0.833754,0.517848,-0.881011,0.529139,-1.285374,0.492177,-1.539972,0.447383,-1.757206,0.287216,-0.949237,0.304585,-1.376235,0.282271,-1.664397,0.247928,-1.900649,0.082897,-0.954043,0.096579,-1.362487,0.097828,-1.624206,0.081941,-1.829340,-0.118892,-0.902915,-0.115009,-1.244618,-0.105528,-1.455070,-0.108849,-1.613968
B,Right,legacy_asl_B_17,0.000000,0.000000,0.386965,-0.158833,0.665790,-0.442423,0.595649,-0.724923,0.383110,-0.860987,0.462886,-0.892581,0.491843,-1.301915,0.466333,-1.563450,0.435474,-1.786635,0.243072,-0.962304,0.270004,-1.418397,0.265936,-1.714275,0.254378,-1.948796,0.042689,-0.964707,0.053662,-1.409505,0.060749,-1.694360,0.058441,-1.920216,-0.163459,-0.901443,-0.150730,-1.262508,-0.132612,-1.484743,-0.124516,-1.668794
B,Right,legacy_asl_B_18,0.000000,0.000000,0.356070,-0.098157,0.623080,-0.347813,0.588496,-0.610239,0.382119,-0.696365,0.367458,-0.933443,0.382986,-1.327283,0.365683,-1.579960,0.339431,-1.798839,0.157473,-0.980408,0.172266,-1.415898,0.176977,-1.692752,0.170746,-1.917191,-0.033847,-0.953313,-0.038986,-1.373540,-0.027017,-1.640737,-0.027304,-1.856931,-0.238619,-0.855001,-0.228045,-1.199382,-0.202004,-1.408652,-0.177561,-1.593993
B,Right,legacy_asl_B_19,0.000000,0.000000,0.312060,-0.164680,0.552136,-0.447140,0.434945,-0.741481,0.228794,-0.902571,0.495882,-0.867934,0.528651,-1.258293,0.501488,-1.511390,0.468592,-1.735761,0.284197,-0.951685,0.314687,-1.361277,0.302460,-1.635984,0.293983,-1.873726,0.088226,-0.959627,0.115199,-1.357019,0.123090,-1.611620,0.126700,-1.829992,-0.127225,-0.900552,-0.100455,-1.227196,-0.080060,-1.429330,-0.065059,-1.609313
B,Right,legacy_asl_B_20,0.000000,0.000000,0.330110,-0.148378,0.573065,-0.410677,0.550301,-0.677099,0.381809,-0.811004,0.291647,-0.953565,0.289409,-1.341468,0.259547,-1.577752,0.226785,-1.779942,0.089791,-0.990863,0.076644,-1.426903,0.053752,-1.708224,0.025201,-1.935299,-0.091255,-0.950773,-0.118137,-1.372697,-0.125400,-1.636248,-0.140502,-1.849090,-0.283262,-0.837457,-0.293914,-1.180633,-0.288521,-1.391055,-0.284709,-1.576792
B,Right,legacy_asl_B_21,0.000000,0.000000,0.217209,-0.224109,0.289352,-0.559626,0.020240,-0.722922,-0.226720,-0.732203,0.295483,-0.967375,0.278237,-1.347028,0.236543,-1.576436,0.189972,-1.767873,0.079671,-0.992974,0.067484,-1.403531,0.025526,-1.663484,-0.016251,-1.873178,-0.099724,-0.951842,-0.142471,-1.343233,-0.177504,-1.577378,-0.214797,-1.770832,-0.268094,-0.840086,-0.306642,-1.143329,-0.328017,-1.332102,-0.354815,-1.495486
B,Right,legacy_asl_B_22,0.000000,0.000000,0.423810,-0.114901,0.662899,-0.431705,0.552245,-0.750921,0.312230,-0.864750,0.384902,-0.919367,0.395706,-1.353301,0.377404,-1.630357,0.353760,-1.861741,0.169799,-0.981736,0.177578,-1.470017,0.179615,-1.783679,0.172650,-2.030903,-0.029856,-0.977705,-0.033974,-1.453042,-0.017084,-1.749841,-0.015030,-1.983726,-0.245173,-0.912061,-0.235157,-1.301122,-0.209992,-1.539167,-0.194534,-1.739585
B,Right,legacy_asl_B_23,0.000000,0.000000,0.379617,-0.194527,0.614036,-0.501247,0.514218,-0.761448,0.291804,-0.849663,0.311475,-0.940374,0.309284,-1.334502,0.267971,-1.577785,0.213202,-1.781521,0.088397,-0.995490,0.080539,-1.432929,0.055454,-1.710526,0.014655,-1.917540,-0.114713,-0.999789,-0.139172,-1.423714,-0.152723,-1.688771,-0.183388,-1.881446,-0.317759,-0.946011,-0.333363,-1.304385,-0.337232,-1.526105,-0.354677,-1.696827
B,Right,legacy_asl_B_24,0.000000,0.000000,0.364424,-0.109316,0.622609,-0.427377,0.468021,-0.719849,0.190320,-0.775336,0.513343,-0.868918,0.573310,-1.250267,0.580945,-1.495343,0.581156,-1.704725,0.287134,-0.954584,0.357268,-1.359507,0.390034,-1.639151,0.409558,-1.870230,0.091811,-0.945078,0.141402,-1.327916,0.180768,-1.591017,0.203893,-1.809061,-0.100125,-0.863471,-0.050636,-1.162828,-0.001196,-1.358014,0.033301,-1.531663
B,Right,legacy_asl_B_25,0.000000,0.000000,0.335597,-0.139699,0.565392,-0.450547,0.439756,-0.710209,0.186675,-0.752095,0.401983,-0.923301,0.408592,-1.293201,0.382890,-1.547221,0.346470,-1.757873,0.188658,-0.978884,0.197798,-1.377264,0.189397,-1.652796,0.174358,-1.875002,-0.002212,-0.962961,0.002609,-1.345840,0.012869,-1.601409,0.012146,-1.807117,-0.193899,-0.879049,-0.188647,-1.203255,-0.168008,-1.404418,-0.152985,-1.567987
B,Right,legacy_asl_B_26,0.000000,0.000000,0.354107,-0.132804,0.590729,-0.428258,0.506544,-0.700220,0.275035,-0.755065,0.312338,-0.953255,0.301129,-1.331921,0.272227,-1.574423,0.238273,-1.787124,0.096484,-0.990862,0.072857,-1.413695,0.054506,-1.685624,0.032345,-1.909482,-0.096458,-0.952764,-0.135957,-1.352829,-0.142290,-1.611346,-0.156573,-1.826110,-0.297387,-0.843429,-0.315935,-1.174808,-0.313606,-1.377642,-0.316549,-1.555955
B,Right,legacy_asl_B_27,0.000000,0.000000,0.320357,-0.107480,0.649864,-0.321691,0.662945,-0.588739,0.468001,-0.731524,0.450032,-0.911046,0.486551,-1.268874,0.466087,-1.492225,0.436880,-1.685118,0.247910,-0.964878,0.288101,-1.371101,0.276043,-1.630525,0.249624,-1.839789,0.053303,-0.945087,0.063257,-1.343680,0.067001,-1.582847,0.060222,-1.772168,-0.167404,-0.854586,-0.160676,-1.168645,-0.140260,-1.355114,-0.118594,-1.513425
B,Right,legacy_asl_B_28,0.000000,0.000000,0.351319,-0.055019,0.630812,-0.286982,0.598242,-0.554101,0.420686,-0.707095,0.468985,-0.885558,0.503720,-1.307056,0.500171,-1.582359,0.479941,-1.812947,0.234217,-0.956946,0.276427,-1.417845,0.288918,-1.717752,0.289410,-1.960779,0.022482,-0.949735,0.062391,-1.391259,0.081552,-1.662656,0.089321,-1.885154,-0.189858,-0.873189,-0.158513,-1.224005,-0.133209,-1.435179,-0.111596,-1.621076
B,Right,legacy_asl_B_29,0.000000,0.000000,0.361393,-0.125738,0.625554,-0.411741,0.570469,-0.698968,0.344549,-0.797857,0.370358,-0.935938,0.361399,-1.328145,0.324301,-1.568278,0.283495,-1.760955,0.153444,-0.986244,0.135928,-1.417615,0.110797,-1.693292,0.074426,-1.903042,-0.042241,-0.963627,-0.068189,-1.371191,-0.074291,-1.613827,-0.095193,-1.807858,-0.249033,-0.873970,-0.252295,-1.214674,-0.245302,-1.417878,-0.245999,-1.593524
B,Right,legacy_asl_B_30,0.000000,0.000000,0.247682,-0.171595,0.406723,-0.477872,0.179997,-0.684870,-0.083926,-0.711391,0.342652,-0.940691,0.302188,-1.321168,0.248246,-1.549715,0.196067,-1.738952,0.120949,-0.986742,0.079825,-1.388712,0.038147,-1.649787,-0.001621,-1.864859,-0.063808,-0.945990,-0.107078,-1.331451,-0.135630,-1.566819,-0.166014,-1.770347,-0.238124,-0.831699,-0.256249,-1.144779,-0.263161,-1.333658,-0.276501,-1.505554
B,Right,legacy_asl_B_31,0.000000,0.000000,0.344872,-0.108672,0.597965,-0.369570,0.544912,-0.621640,0.353295,-0.752692,0.386461,-0.904853,0.418646,-1.336243,0.409170,-1.611926,0.386945,-1.842874,0.155787,-0.971908,0.181850,-1.445133,0.184916,-1.752158,0.179622,-1.998904,-0.048977,-0.962753,-0.037168,-1.417289,-0.023337,-1.699516,-0.018999,-1.923126,-0.240015,-0.880095,-0.235309,-1.236821,-0.219068,-1.460117,-0.206483,-1.647963
B,Right,legacy_asl_B_32,0.000000,0.000000,0.311349,-0.126173,0.438421,-0.490616,0.143223,-0.714214,-0.157747,-0.745359,0.354756,-0.948044,0.326305,-1.356513,0.279502,-1.624076,0.217829,-1.834023,0.116558,-0.982653,0.087218,-1.429471,0.051762,-1.726047,0.009629,-1.958088,-0.084075,-0.938667,-0.130144,-1.375968,-0.153702,-1.655917,-0.185910,-1.879798,-0.289518,-0.824370,-0.320160,-1.175295,-0.333761,-1.399171,-0.356731,-1.586811
B,Right,legacy_asl_B_33,0.000000,0.000000,0.406363,-0.143460,0.689732,-0.436900,0.582921,-0.715813,0.365539,-0.832800,0.429466,-0.907017,0.453058,-1.327831,0.440277,-1.597685,0.417681,-1.824343,0.208287,-0.972640,0.233930,-1.437842,0.238291,-1.745278,0.229717,-1.991168,0.009680,-0.973603,0.022191,-1.428733,0.036592,-1.727668,0.035402,-1.969525,-0.203265,-0.907812,-0.178192,-1.280892,-0.148857,-1.516137,-0.134112,-1.715090
B,Right,legacy_asl_B_34,0.000000,0.000000,0.367090,-0.120294,0.543449,-0.461926,0.446837,-0.774961,0.281839,-1.000429,0.509292,-0.853390,0.540523,-1.330301,0.504599,-1.674400,0.439299,-1.959045,0.228592,-0.915102,0.243630,-1.416016,0.213551,-1.775443,0.167674,-2.078536,-0.037009,-0.911500,-0.044765,-1.387020,-0.072261,-1.724717,-0.105913,-1.997600,-0.291725,-0.848135,-0.308395,-1.241443,-0.316643,-1.514672,-0.321871,-1.743930
B,Right,legacy_asl_B_35,0.000000,0.000000,0.343695,-0.181458,0.520023,-0.579029,0.171025,-0.844903,-0.193122,-0.898973,0.444979,-0.921569,0.456943,-1.297442,0.405476,-1.591272,0.334062,-1.824601,0.142881,-0.983428,0.160633,-1.360526,0.137635,-1.629525,0.100975,-1.852359,-0.114806,-0.973987,-0.123953,-1.346647,-0.135507,-1.592280,-0.163238,-1.788782,-0.366390,-0.903284,-0.378108,-1.239801,-0.379156,-1.463346,-0.391146,-1.642119
B,Right,legacy_asl_B_36,0.000000,0.000000,0.325195,-0.173829,0.593104,-0.471010,0.516614,-0.772812,0.322333,-0.919495,0.490397,-0.897220,0.545679,-1.255303,0.538521,-1.485428,0.513461,-1.681019,0.291956,-0.955695,0.338909,-1.352725,0.338872,-1.615563,0.319450,-1.828334,0.104221,-0.936027,0.127433,-1.315855,0.144865,-1.558573,0.142097,-1.748954,-0.112599,-0.852096,-0.093095,-1.157267,-0.063483,-1.348843,-0.040174,-1.508464
B,Right,legacy_asl_B_37,0.000000,0.000000,0.349146,-0.170883,0.495285,-0.531584,0.144522,-0.717665,-0.168465,-0.706258,0.407985,-0.972990,0.359530,-1.421015,0.280371,-1.725673,0.183824,-1.946461,0.117338,-0.974662,0.058184,-1.465081,-0.017177,-1.792648,-0.104176,-2.043231,-0.132941,-0.905463,-0.213167,-1.381022,-0.282238,-1.684731,-0.364220,-1.914036,-0.370562,-0.776757,-0.434702,-1.147766,-0.480367,-1.380862,-0.546590,-1.572009
B,Right,legacy_asl_B_38,0.000000,0.000000,0.384139,-0.088198,0.612609,-0.396879,0.451523,-0.703496,0.219169,-0.837142,0.474532,-0.889873,0.528311,-1.274090,0.547958,-1.540855,0.547798,-1.780051,0.245927,-0.964273,0.304323,-1.375467,0.339008,-1.661461,0.362792,-1.904854,0.034138,-0.953817,0.070387,-1.368049,0.114384,-1.633396,0.142947,-1.859182,-0.199884,-0.873739,-0.151593,-1.220709,-0.097821,-1.430143,-0.046507,-1.617091
B,Right,legacy_asl_B_39,0.000000,0.000000,0.351223,-0.149117,0.526591,-0.489524,0.304831,-0.729526,0.053566,-0.800037,0.446795,-0.922301,0.453809,-1.327001,0.421650,-1.596027,0.375777,-1.807979,0.197190,-0.975485,0.201878,-1.413643,0.173559,-1.698441,0.136726,-1.919149,-0.024106,-0.966494,-0.032037,-1.373332,-0.061980,-1.644014,-0.105309,-1.848840,-0.244608,-0.897198,-0.247884,-1.236836,-0.260012,-1.450261,-0.290597,-1.632596
B,Right,legacy_asl_B_40,0.000000,0.000000,0.335752,-0.061898,0.623604,-0.259925,0.603522,-0.527349,0.375898,-0.704790,0.455969,-0.878794,0.481522,-1.279577,0.454629,-1.535665,0.430434,-1.746511,0.228347,-0.933189,0.262919,-1.379064,0.250108,-1.656037,0.244536,-1.899214,0.023134,-0.912974,0.062077,-1.332776,0.075301,-1.598091,0.085216,-1.810419,-0.190398,-0.844969,-0.148293,-1.152099,-0.124554,-1.351276,-0.097352,-1.526795
B,Right,legacy_asl_B_41,0.000000,0.000000,0.325377,-0.085756,0.596220,-0.331034,0.559291,-0.614069,0.324822,-0.718402,0.384112,-0.930108,0.389341,-1.324370,0.358020,-1.557649,0.327088,-1.756356,0.164746,-0.971654,0.178451,-1.405997,0.157807,-1.676869,0.137692,-1.894466,-0.033556,-0.934222,-0.029906,-1.346653,-0.027138,-1.610966,-0.029477,-1.818575,-0.237468,-0.836907,-0.224674,-1.159183,-0.212826,-1.362857,-0.198390,-1.541467
B,Right,legacy_asl_B_42,0.000000,0.000000,0.302704,-0.160782,0.428691,-0.506575,0.147215,-0.722288,-0.140231,-0.734069,0.347001,-0.945350,0.340312,-1.313875,0.305281,-1.554400,0.255907,-1.748622,0.115169,-0.989736,0.114462,-1.403436,0.087613,-1.682586,0.051926,-1.898073,-0.082455,-0.953277,-0.100775,-1.356496,-0.113510,-1.608159,-0.135643,-1.799904,-0.281239,-0.840190,-0.292685,-1.157995,-0.288971,-1.361554,-0.289778,-1.528413
B,Right,legacy_asl_B_43,0.000000,0.000000,0.327888,-0.159310,0.617118,-0.444789,0.566241,-0.754955,0.393738,-0.943503,0.532340,-0.875175,0.599894,-1.253551,0.591403,-1.505676,0.562179,-1.723826,0.326687,-0.938805,0.389700,-1.365984,0.389785,-1.646475,0.375264,-1.881284,0.126978,-0.928783,0.164294,-1.344434,0.179100,-1.607315,0.178496,-1.818340,-0.104697,-0.854438,-0.082737,-1.184902,-0.054221,-1.390281,-0.027913,-1.567920
B,Right,legacy_asl_B_44,0.000000,0.000000,0.368953,-0.147399,0.623368,-0.427169,0.457137,-0.733955,0.220279,-0.863307,0.557656,-0.847952,0.613386,-1.254480,0.607604,-1.513796,0.585474,-1.739001,0.339065,-0.934957,0.389855,-1.364666,0.400779,-1.648650,0.393459,-1.890178,0.136158,-0.938311,0.170270,-1.347538,0.196397,-1.607998,0.197910,-1.830080,-0.089249,-0.873006,-0.047641,-1.205532,-0.007939,-1.411852,0.012706,-1.595223
B,Right,legacy_asl_B_45,0.000000,0.000000,0.349535,-0.180942,0.627699,-0.452307,0.505029,-0.746489,0.276597,-0.856051,0.454757,-0.920700,0.471979,-1.300961,0.445631,-1.537442,0.431676,-1.731369,0.232370,-0.972546,0.244571,-1.385391,0.237707,-1.644621,0.240221,-1.850379,0.034850,-0.948848,0.037516,-1.333984,0.045235,-1.562496,0.056216,-1.738696,-0.170977,-0.857479,-0.163496,-1.140227,-0.137869,-1.312265,-0.111280,-1.459236
B,Right,legacy_asl_B_46,0.000000,0.000000,0.293853,-0.149604,0.577311,-0.391372,0.556508,-0.648778,0.372195,-0.752792,0.305249,-0.964002,0.279692,-1.305157,0.223983,-1.504055,0.168827,-1.681685,0.102611,-0.992673,0.073607,-1.382079,0.021915,-1.628249,-0.036202,-1.839293,-0.079471,-0.948985,-0.129055,-1.317721,-0.165344,-1.545796,-0.206441,-1.738701,-0.270646,-0.834474,-0.310051,-1.127943,-0.319430,-1.301800,-0.328093,-1.458528
B,Right,legacy_asl_B_47,0.000000,0.000000,0.350186,-0.136669,0.626089,-0.425639,0.550353,-0.703414,0.306108,-0.787323,0.389454,-0.928858,0.378758,-1.333415,0.334193,-1.590951,0.284878,-1.807366,0.155287,-0.979284,0.132378,-1.426705,0.104565,-1.711062,0.077589,-1.941363,-0.056681,-0.953951,-0.086011,-1.383652,-0.091932,-1.643604,-0.100675,-1.855554,-0.271423,-0.854615,-0.290477,-1.197837,-0.283429,-1.404325,-0.275339,-1.586989
B,Right,legacy_asl_B_48,0.000000,0.000000,0.424455,-0.146098,0.700594,-0.439340,0.589016,-0.723461,0.363467,-0.842586,0.376332,-0.941470,0.324984,-1.359531,0.254351,-1.616127,0.182217,-1.827813,0.108480,-0.989504,0.055682,-1.448415,0.002168,-1.736518,-0.055889,-1.952614,-0.112867,-0.976349,-0.165615,-1.412316,-0.199120,-1.680908,-0.241571,-1.880738,-0.312587,-0.899403,-0.343256,-1.256841,-0.359595,-1.468498,-0.385286,-1.632525
B,Right,legacy_asl_B_49,0.000000,0.000000,0.281108,-0.146330,0.461761,-0.469975,0.248821,-0.722693,-0.017422,-0.789755,0.459211,-0.908450,0.498877,-1.294761,0.497439,-1.541387,0.483889,-1.743694,0.238005,-0.967308,0.288393,-1.374664,0.298325,-1.652555,0.292451,-1.875230,0.041220,-0.944233,0.063705,-1.323377,0.077983,-1.573668,0.074745,-1.775867,-0.160119,-0.851340,-0.126775,-1.161170,-0.097127,-1.362819,-0.077666,-1.540743
B,Right,legacy_asl_B_50,0.000000,0.000000,0.330753,-0.103744,0.671694,-0.313697,0.681580,-0.585489,0.502207,-0.760422,0.574489,-0.851954,0.654295,-1.219420,0.654912,-1.453089,0.641852,-1.652176,0.381386,-0.920541,0.463431,-1.327434,0.472424,-1.593511,0.459816,-1.813506,0.191140,-0.923109,0.246493,-1.315423,0.268743,-1.552072,0.272589,-1.743013,-0.032420,-0.864467,0.008147,-1.177360,0.045126,-1.366922,0.073507,-1.530274
B,Right,legacy_asl_B_51,0.000000,0.000000,0.472033,-0.110219,0.770520,-0.398290,0.642034,-0.677707,0.445661,-0.839402,0.481735,-0.904845,0.489855,-1.341347,0.461958,-1.601815,0.421840,-1.810971,0.200373,-0.979497,0.206528,-1.458890,0.207258,-1.740650,0.202288,-1.949151,-0.049604,-0.988444,-0.057994,-1.448406,-0.051213,-1.722362,-0.047981,-1.927843,-0.294096,-0.933364,-0.296085,-1.330438,-0.286816,-1.557553,-0.276161,-1.743551
B,Right,legacy_asl_B_52,0.000000,0.000000,0.392889,-0.098380,0.619257,-0.431820,0.404901,-0.704001,0.114152,-0.792956,0.561206,-0.841574,0.624634,-1.288689,0.619734,-1.599699,0.594441,-1.843467,0.312047,-0.932011,0.376297,-1.427123,0.389639,-1.753344,0.388107,-2.007673,0.087407,-0.951912,0.136188,-1.416769,0.159192,-1.710881,0.168189,-1.945753,-0.145612,-0.910708,-0.094756,-1.280961,-0.062949,-1.517251,-0.048447,-1.723201
B,Right,legacy_asl_B_53,0.000000,0.000000,0.306904,-0.159402,0.471439,-0.482411,0.236998,-0.706064,-0.024351,-0.749784,0.461641,-0.925837,0.484527,-1.316609,0.468134,-1.557342,0.446921,-1.772758,0.240645,-0.963952,0.280156,-1.391951,0.277237,-1.667093,0.264797,-1.906137,0.047400,-0.927039,0.048609,-1.319649,0.038450,-1.577541,0.017940,-1.791012,-0.153994,-0.823448,-0.135224,-1.143691,-0.115878,-1.342247,-0.118156,-1.521674
B,Right,legacy_asl_B_54,0.000000,0.000000,0.353695,-0.167090,0.588971,-0.460208,0.427198,-0.743599,0.187391,-0.861443,0.445226,-0.902089,0.483942,-1.301278,0.474880,-1.544689,0.455306,-1.760389,0.229832,-0.969265,0.265241,-1.387519,0.266334,-1.665541,0.250777,-1.901058,0.036913,-0.955280,0.058755,-1.353577,0.078225,-1.611249,0.077532,-1.832744,-0.169791,-0.872332,-0.137496,-1.201836,-0.102730,-1.407493,-0.080594,-1.589369
B,Right,legacy_asl_B_55,0.000000,0.000000,0.319435,-0.070772,0.665393,-0.246363,0.671074,-0.520452,0.489014,-0.686992,0.557767,-0.842029,0.630243,-1.212732,0.630119,-1.449213,0.616914,-1.647017,0.347585,-0.929328,0.433339,-1.340705,0.449653,-1.606688,0.446628,-1.820563,0.140893,-0.937082,0.209626,-1.338994,0.234973,-1.582192,0.246893,-1.776988,-0.092224,-0.874575,-0.046224,-1.199130,-0.010010,-1.389801,0.026392,-1.555993
B,Right,legacy_asl_B_56,0.000000,0.000000,0.282274,-0.159644,0.445819,-0.490149,0.139018,-0.714956,-0.188797,-0.724552,0.586654,-0.856006,0.624857,-1.290833,0.618709,-1.574341,0.596986,-1.804310,0.347726,-0.926236,0.403285,-1.378517,0.401397,-1.691218,0.390465,-1.952636,0.133623,-0.918919,0.182805,-1.366796,0.189077,-1.651780,0.185466,-1.888396,-0.091940,-0.846089,-0.047170,-1.189940,-0.028554,-1.407229,-0.022026,-1.595459
B,Right,legacy_asl_B_57,0.000000,0.000000,0.306740,-0.135187,0.571907,-0.393543,0.487851,-0.677923,0.277072,-0.820806,0.363663,-0.930788,0.375514,-1.312629,0.347340,-1.536272,0.325295,-1.728607,0.147058,-0.981794,0.148529,-1.408508,0.135887,-1.671783,0.127209,-1.886123,-0.038113,-0.953014,-0.050848,-1.358357,-0.052039,-1.605018,-0.055767,-1.807555,-0.229353,-0.852057,-0.230690,-1.170591,-0.224086,-1.363536,-0.219949,-1.533527
B,Right,legacy_asl_B_58,0.000000,0.000000,0.341526,-0.127610,0.544474,-0.445438,0.405099,-0.724082,0.134702,-0.753439,0.392341,-0.940727,0.388382,-1.331256,0.354602,-1.566761,0.316101,-1.769236,0.171910,-0.977914,0.179892,-1.400767,0.163714,-1.670587,0.144007,-1.887172,-0.019004,-0.937356,-0.030819,-1.337261,-0.035277,-1.599574,-0.044094,-1.796658,-0.212193,-0.834236,-0.213657,-1.160282,-0.207010,-1.372070,-0.198030,-1.546004
B,Right,legacy_asl_B_59,0.000000,0.000000,0.398392,-0.131001,0.637343,-0.433993,0.555559,-0.725043,0.336593,-0.820615,0.345472,-0.928305,0.358062,-1.329248,0.345535,-1.586547,0.323355,-1.807951,0.146514,-0.986905,0.161104,-1.439687,0.164398,-1.741963,0.155717,-1.984177,-0.037870,-0.978980,-0.031893,-1.425384,-0.014320,-1.709080,-0.011925,-1.935148,-0.239718,-0.907846,-0.225734,-1.283754,-0.206245,-1.515136,-0.195601,-1.708838
B,Right,legacy_asl_B_60,0.000000,0.000000,0.406799,-0.224329,0.662236,-0.536311,0.479382,-0.861106,0.209578,-0.971490,0.488997,-0.893327,0.521313,-1.300496,0.494759,-1.549336,0.468248,-1.763838,0.264407,-0.963969,0.284249,-1.404221,0.276640,-1.684168,0.261619,-1.912111,0.063251,-0.962010,0.062345,-1.385025,0.072985,-1.656909,0.066927,-1.878109,-0.157976,-0.895029,-0.165271,-1.253409,-0.146847,-1.481705,-0.142719,-1.677137
B,Right,legacy_asl_B_61,0.000000,0.000000,0.480979,-0.133427,0.793252,-0.441909,0.694261,-0.749203,0.478141,-0.905253,0.567533,-0.881197,0.585051,-1.343584,0.551653,-1.639144,0.502638,-1.888441,0.273426,-0.951890,0.298072,-1.456324,0.294018,-1.777618,0.277901,-2.037387,0.015217,-0.961385,0.037461,-1.451874,0.050366,-1.755864,0.047017,-1.993263,-0.228569,-0.915477,-0.197137,-1.330831,-0.169504,-1.572798,-0.157349,-1.771470
B,Right,legacy_asl_B_62,0.000000,0.000000,0.353890,-0.181823,0.659007,-0.470776,0.617356,-0.778374,0.400452,-0.927269,0.553468,-0.871895,0.609675,-1.265843,0.586146,-1.517315,0.562221,-1.730602,0.338802,-0.935210,0.394048,-1.373520,0.382434,-1.662300,0.364821,-1.898642,0.138592,-0.928429,0.172051,-1.346790,0.184613,-1.615540,0.184117,-1.822925,-0.085823,-0.857446,-0.070165,-1.184144,-0.039433,-1.392031,-0.017066,-1.560832
B,Right,legacy_asl_B_63,0.000000,0.000000,0.486933,-0.139898,0.792929,-0.446693,0.701336,-0.746181,0.491671,-0.886005,0.580322,-0.869088,0.590412,-1.323794,0.560071,-1.625917,0.512791,-1.886050,0.284559,-0.950350,0.299086,-1.443565,0.288594,-1.777152,0.269638,-2.051330,0.025516,-0.967163,0.042901,-1.452968,0.056076,-1.764475,0.058787,-2.013534,-0.215448,-0.927925,-0.194865,-1.334334,-0.170386,-1.582321,-0.152045,-1.791016
B,Right,legacy_asl_B_64,0.000000,0.000000,0.331776,-0.244836,0.504385,-0.570991,0.362004,-0.793960,0.123833,-0.839660,0.176561,-0.997725,0.110245,-1.412413,0.037451,-1.653749,-0.041364,-1.858008,-0.065078,-0.992261,-0.137514,-1.434116,-0.202544,-1.716453,-0.268411,-1.940027,-0.262147,-0.934225,-0.337837,-1.353715,-0.378044,-1.612113,-0.420479,-1.812041,-0.438597,-0.824096,-0.506443,-1.173829,-0.534389,-1.389441,-0.560499,-1.562392
B,Right,legacy_asl_B_65,0.000000,0.000000,0.330410,-0.103596,0.609682,-0.334986,0.541392,-0.613383,0.333095,-0.773229,0.433946,-0.908292,0.445193,-1.311446,0.409313,-1.568122,0.365694,-1.799207,0.206297,-0.956568,0.215116,-1.383286,0.190126,-1.669385,0.164469,-1.909185,0.011988,-0.917324,0.010392,-1.317124,0.006123,-1.573620,-0.004799,-1.781245,-0.189302,-0.806646,-0.188397,-1.117438,-0.181569,-1.315507,-0.177556,-1.487207
B,Right,legacy_asl_B_66,0.000000,0.000000,0.359403,-0.161461,0.596956,-0.466486,0.438336,-0.759637,0.182639,-0.857966,0.455894,-0.894803,0.499726,-1.278050,0.494049,-1.520133,0.478989,-1.735424,0.241543,-0.966827,0.279122,-1.381929,0.287360,-1.659861,0.277253,-1.896769,0.046619,-0.954504,0.067129,-1.352599,0.089913,-1.612886,0.089936,-1.836502,-0.164412,-0.871912,-0.134037,-1.200331,-0.098293,-1.405092,-0.075482,-1.585078
B,Right,legacy_asl_B_67,0.000000,0.000000,0.301428,-0.138378,0.543029,-0.393716,0.457204,-0.646621,0.239069,-0.778697,0.333629,-0.942397,0.326232,-1.344879,0.290042,-1.590810,0.249896,-1.800076,0.111923,-0.985853,0.098311,-1.424792,0.075809,-1.702362,0.056331,-1.921352,-0.086277,-0.950837,-0.101602,-1.373225,-0.106314,-1.629140,-0.111787,-1.836683,-0.284920,-0.847815,-0.289716,-1.181213,-0.287526,-1.383262,-0.281825,-1.564359
B,Right,legacy_asl_B_68,0.000000,0.000000,0.311010,-0.084199,0.614843,-0.314304,0.574629,-0.609385,0.332325,-0.779429,0.447810,-0.903481,0.475914,-1.305426,0.445630,-1.545658,0.419124,-1.753574,0.227393,-0.957387,0.268197,-1.386910,0.253560,-1.663406,0.242921,-1.899343,0.031301,-0.934843,0.061556,-1.341227,0.072101,-1.594811,0.077681,-1.799999,-0.177963,-0.851052,-0.147398,-1.163282,-0.124717,-1.356859,-0.103426,-1.528318
B,Right,legacy_asl_B_69,0.000000,0.000000,0.385043,-0.224248,0.639423,-0.543751,0.459648,-0.868715,0.183201,-0.971248,0.491047,-0.893167,0.514167,-1.303124,0.474874,-1.553553,0.437350,-1.769570,0.263999,-0.964208,0.272549,-1.398845,0.246148,-1.687373,0.210804,-1.920247,0.060403,-0.959900,0.054304,-1.379928,0.054872,-1.653575,0.034770,-1.875158,-0.160154,-0.890525,-0.158069,-1.239101,-0.138293,-1.461101,-0.133341,-1.650375
B,Right,legacy_asl_B_70,0.000000,0.000000,0.344482,-0.079464,0.591041,-0.326456,0.555775,-0.565359,0.368154,-0.680294,0.407204,-0.904498,0.444458,-1.325368,0.441272,-1.588459,0.428497,-1.808318,0.195293,-0.969160,0.226247,-1.430515,0.238469,-1.730049,0.246420,-1.971025,0.000998,-0.955693,0.019751,-1.399510,0.036463,-1.675802,0.050624,-1.896144,-0.187276,-0.869287,-0.179478,-1.213873,-0.157507,-1.426313,-0.137375,-1.602400
B,Right,legacy_asl_B_71,0.009250,0.005634,0.330728,-0.137286,0.563075,-0.446031,0.415766,-0.681866,0.172672,-0.856590,0.430153,-0.906406,0.454414,-1.267997,0.438741,-1.511580,0.423448,-1.708928,0.224540,-0.966301,0.244548,-1.362782,0.255728,-1.635585,0.229050,-1.896846,0.040599,-0.938832,0.051753,-1.345882,0.038916,-1.582791,0.040779,-1.803833,-0.156180,-0.874866,-0.171796,-1.183928,-0.113213,-1.366721,-0.121602,-1.557917
B,Right,legacy_asl_B_72,0.000000,0.000000,0.343495,-0.175614,0.594072,-0.466647,0.427746,-0.750781,0.185256,-0.874274,0.454013,-0.940900,0.497373,-1.330913,0.479629,-1.572682,0.447921,-1.792497,0.236006,-1.011019,0.260070,-1.437046,0.252114,-1.715062,0.228252,-1.959488,0.038506,-0.990064,0.048728,-1.389989,0.057534,-1.647556,0.043365,-1.873205,-0.176207,-0.892051,-0.157782,-1.217145,-0.130753,-1.421752,-0.120385,-1.607720
B,Right,legacy_asl_B_73,0.000000,0.000000,0.327981,-0.170932,0.566018,-0.451816,0.404435,-0.722958,0.171042,-0.839528,0.428191,-0.905417,0.466833,-1.279635,0.448010,-1.511279,0.415963,-1.721770,0.218668,-0.971002,0.238542,-1.379602,0.228830,-1.646067,0.204121,-1.880211,0.029489,-0.949432,0.036289,-1.332904,0.042799,-1.579891,0.027523,-1.796108,-0.175615,-0.853860,-0.160390,-1.165655,-0.136013,-1.362008,-0.127468,-1.540367
B,Right,legacy_asl_B_74,0.012070,-0.021077,0.335565,-0.155639,0.557018,-0.425846,0.431745,-0.740767,0.183442,-0.836022,0.430575,-0.890695,0.453577,-1.288944,0.430806,-1.496743,0.421765,-1.711388,0.224444,-0.981768,0.280489,-1.363615,0.230166,-1.635969,0.231149,-1.883819,0.042598,-0.961196,0.042379,-1.355488,0.064113,-1.587972,0.055856,-1.795154,-0.147195,-0.831348,-0.151345,-1.181017,-0.132873,-1.357059,-0.108200,-1.536866
B,Right,legacy_asl_B_75,0.000000,0.000000,0.323697,-0.165492,0.559830,-0.439750,0.403091,-0.707507,0.174578,-0.823881,0.427844,-0.886668,0.468705,-1.254200,0.451984,-1.482035,0.422103,-1.689180,0.222403,-0.952745,0.245080,-1.354216,0.237582,-1.616207,0.215096,-1.846545,0.036287,-0.932997,0.045920,-1.309872,0.054218,-1.552592,0.040866,-1.765236,-0.166051,-0.840635,-0.148687,-1.146990,-0.123217,-1.339804,-0.113446,-1.515052
B,Right,legacy_asl_B_76,0.000000,0.000000,0.333578,-0.159734,0.580985,-0.432400,0.428672,-0.708856,0.199357,-0.833258,0.458589,-0.890406,0.509875,-1.263102,0.498902,-1.495250,0.473998,-1.706706,0.251406,-0.963045,0.285098,-1.370738,0.284410,-1.637379,0.267639,-1.872225,0.061605,-0.947890,0.081380,-1.330912,0.096246,-1.577538,0.088296,-1.794148,-0.146615,-0.859314,-0.120846,-1.170416,-0.089838,-1.365831,-0.075261,-1.543799
B,Right,legacy_asl_B_77,-0.018203,0.030813,0.338125,-0.178372,0.568519,-0.468006,0.414324,-0.710564,0.166324,-0.824736,0.430587,-0.911644,0.476650,-1.283698,0.431602,-1.520602,0.428503,-1.722735,0.236716,-0.997684,0.256017,-1.381594,0.245925,-1.627002,0.214346,-1.878398,0.032221,-0.957110,0.053877,-1.295274,0.053560,-1.574808,0.040837,-1.834132,-0.157678,-0.873904,-0.137889,-1.152524,-0.121978,-1.354601,-0.119005,-1.547286
B,Right,legacy_asl_B_78,0.000000,0.000000,0.352261,-0.180095,0.609231,-0.478555,0.438661,-0.769939,0.189983,-0.896583,0.465598,-0.964910,0.510065,-1.364875,0.491868,-1.612814,0.459351,-1.838238,0.242028,-1.036818,0.266707,-1.473716,0.258547,-1.758826,0.234076,-2.009489,0.039489,-1.015328,0.049972,-1.425458,0.059003,-1.689597,0.044472,-1.921005,-0.180703,-0.914815,-0.161808,-1.248204,-0.134090,-1.458032,-0.123457,-1.648745
B,Right,legacy_asl_B_79,0.000000,0.000000,0.342453,-0.139697,0.605574,-0.397233,0.469901,-0.682224,0.248356,-0.819989,0.510518,-0.861684,0.583786,-1.230688,0.586581,-1.463078,0.574244,-1.675638,0.308001,-0.946466,0.365778,-1.351447,0.380883,-1.617661,0.378050,-1.853089,0.117635,-0.942577,0.160059,-1.323757,0.189505,-1.569068,0.194398,-1.785769,-0.095466,-0.866489,-0.051317,-1.175518,-0.008790,-1.368755,0.016301,-1.545546
B,Right,legacy_asl_B_80,-0.001589,-0.004672,0.331111,-0.182940,0.563447,-0.449052,0.399954,-0.722582,0.165578,-0.832393,0.443928,-0.896517,0.474578,-1.291370,0.479461,-1.514807,0.427492,-1.728912,0.229713,-0.977875,0.269664,-1.351460,0.241185,-1.636426,0.215475,-1.875839,0.040004,-0.958234,0.029072,-1.297171,0.061904,-1.592111,0.063713,-1.792833,-0.171400,-0.835767,-0.149510,-1.140085,-0.121946,-1.331351,-0.142080,-1.516431
B,Right,legacy_asl_B_81,0.000000,0.000000,0.346548,-0.177175,0.599351,-0.470794,0.431547,-0.757453,0.186902,-0.882043,0.458048,-0.949262,0.501793,-1.342740,0.483892,-1.586658,0.451901,-1.808427,0.238103,-1.020004,0.262381,-1.449817,0.254354,-1.730303,0.230280,-1.976901,0.038848,-0.998862,0.049161,-1.402342,0.058046,-1.662197,0.043751,-1.889852,-0.177773,-0.899979,-0.159184,-1.227961,-0.131915,-1.434387,-0.121455,-1.622007
B,Right,legacy_asl_B_82,0.000000,0.000000,0.332648,-0.161662,0.578473,-0.435756,0.424562,-0.711326,0.194531,-0.834398,0.453427,-0.893046,0.502555,-1.266032,0.490238,-1.498113,0.464111,-1.709421,0.245828,-0.964484,0.277159,-1.372365,0.274927,-1.638998,0.256798,-1.873743,0.056117,-0.948230,0.073674,-1.331361,0.087113,-1.578068,0.077909,-1.794629,-0.151587,-0.858451,-0.127619,-1.169696,-0.097742,-1.365289,-0.084196,-1.543337
B,Right,legacy_asl_B_83,0.006014,0.023245,0.304807,-0.148617,0.433377,-0.509627,0.164181,-0.719318,-0.103831,-0.772208,0.406907,-0.938675,0.408393,-1.302265,0.406885,-1.530003,0.324278,-1.691356,0.197078,-0.979716,0.193811,-1.349644,0.186472,-1.623211,0.146151,-1.811243,0.004244,-0.944685,0.007309,-1.324190,-0.004811,-1.559666,-0.033643,-1.747161,-0.172190,-0.842930,-0.186262,-1.150187,-0.151978,-1.338028,-0.181574,-1.506760
B,Right,legacy_asl_B_84,0.000000,0.000000,0.275450,-0.147605,0.410015,-0.488203,0.164551,-0.707653,-0.112346,-0.713516,0.379208,-0.900437,0.386947,-1.250205,0.367411,-1.467186,0.331970,-1.642748,0.178835,-0.944218,0.191287,-1.319885,0.182676,-1.562273,0.154531,-1.759456,0.006469,-0.910646,-0.002922,-1.264187,-0.000173,-1.494557,-0.019411,-1.686010,-0.176952,-0.812112,-0.176843,-1.102742,-0.164991,-1.288316,-0.168242,-1.451699
B,Right,legacy_asl_B_85,0.000000,0.000000,0.274862,-0.172892,0.389753,-0.535659,0.119469,-0.745407,-0.167975,-0.731491,0.328052,-0.960740,0.310818,-1.323854,0.274900,-1.547358,0.225486,-1.726779,0.117192,-0.991653,0.102973,-1.381954,0.076545,-1.632581,0.033133,-1.834941,-0.059051,-0.944407,-0.094314,-1.310196,-0.108100,-1.549187,-0.141866,-1.746250,-0.242063,-0.829026,-0.262937,-1.130289,-0.264051,-1.323503,-0.279219,-1.492625
B,Right,legacy_asl_B_86,-0.006517,0.031548,0.312631,-0.156855,0.436249,-0.511863,0.196168,-0.742968,-0.119525,-0.746148,0.398193,-0.955011,0.401676,-1.309617,0.365726,-1.500518,0.336661,-1.683304,0.211128,-0.970973,0.226102,-1.371306,0.179182,-1.649117,0.157590,-1.833283,-0.000237,-0.928936,0.003637,-1.319607,0.005213,-1.560820,-0.020450,-1.753983,-0.183886,-0.858429,-0.183403,-1.143385,-0.157681,-1.354022,-0.193415,-1.497431
B,Right,legacy_asl_B_87,0.000000,0.000000,0.276803,-0.148330,0.412029,-0.490601,0.165360,-0.711130,-0.112898,-0.717022,0.381071,-0.904861,0.388848,-1.256347,0.369216,-1.474394,0.333601,-1.650819,0.179714,-0.948857,0.192227,-1.326370,0.183574,-1.569947,0.155291,-1.768099,0.006501,-0.915120,-0.002936,-1.270398,-0.000174,-1.501900,-0.019506,-1.694293,-0.177821,-0.816102,-0.177712,-1.108159,-0.165801,-1.294645,-0.169069,-1.458830
B,Right,legacy_asl_B_88,0.000000,0.000000,0.293537,-0.138841,0.450915,-0.485297,0.207605,-0.725813,-0.079445,-0.746313,0.440404,-0.914704,0.466643,-1.277279,0.457665,-1.503472,0.430025,-1.687510,0.234743,-0.970569,0.267222,-1.359777,0.270904,-1.611766,0.251961,-1.817862,0.054120,-0.944702,0.062779,-1.312085,0.077623,-1.551012,0.067625,-1.750698,-0.141358,-0.851996,-0.126116,-1.153596,-0.104156,-1.345561,-0.099025,-1.515284
B,Right,legacy_asl_B_89,0.000960,-0.032786,0.266978,-0.132453,0.405149,-0.493878,0.121828,-0.731459,-0.123522,-0.720066,0.363014,-0.922541,0.398611,-1.287813,0.368313,-1.527036,0.365647,-1.690653,0.203340,-0.993445,0.191543,-1.396806,0.177923,-1.618225,0.153647,-1.858453,0.027300,-0.947383,-0.001560,-1.319393,0.005619,-1.555880,-0.029348,-1.754982,-0.185972,-0.829941,-0.156019,-1.129000,-0.186746,-1.329267,-0.162912,-1.495793
B,Right,legacy_asl_B_90,0.000000,0.000000,0.290664,-0.155758,0.432661,-0.515167,0.173640,-0.746738,-0.118551,-0.752925,0.400152,-0.950170,0.408319,-1.319256,0.387704,-1.548222,0.350305,-1.733480,0.188713,-0.996369,0.201852,-1.392785,0.192766,-1.648560,0.163067,-1.856634,0.006827,-0.960943,-0.003083,-1.334011,-0.000183,-1.577105,-0.020483,-1.779132,-0.186725,-0.856967,-0.186611,-1.163649,-0.174104,-1.359472,-0.177535,-1.531879
B,Right,legacy_asl_B_91,0.000000,0.000000,0.286996,-0.151902,0.428633,-0.505086,0.174751,-0.734416,-0.112930,-0.741985,0.398820,-0.933586,0.408726,-1.296974,0.389583,-1.522534,0.353695,-1.705142,0.190854,-0.980145,0.205796,-1.370419,0.198140,-1.622319,0.169948,-1.827354,0.011577,-0.946180,0.003704,-1.313581,0.007788,-1.552934,-0.011181,-1.751968,-0.179534,-0.844776,-0.177871,-1.146757,-0.164567,-1.339515,-0.167074,-1.509297
B,Right,legacy_asl_B_92,0.001823,-0.012901,0.295563,-0.190099,0.440952,-0.516299,0.188896,-0.748797,-0.081176,-0.756957,0.378427,-0.911528,0.429240,-1.294358,0.415134,-1.540039,0.339420,-1.701523,0.185058,-0.965205,0.215447,-1.375519,0.203436,-1.613994,0.159119,-1.810397,0.013922,-0.940654,-0.007941,-1.311571,-0.022349,-1.542511,-0.008188,-1.752149,-0.169454,-0.853797,-0.207930,-1.170367,-0.165698,-1.322383,-0.181928,-1.502584
B,Right,legacy_asl_B_93,0.000000,0.000000,0.278236,-0.149098,0.414162,-0.493141,0.166216,-0.714811,-0.113482,-0.720733,0.383044,-0.909545,0.390861,-1.262851,0.371127,-1.482026,0.335328,-1.659364,0.180644,-0.953769,0.193222,-1.333236,0.184524,-1.578075,0.156095,-1.777252,0.006535,-0.919857,-0.002951,-1.276974,-0.000175,-1.509675,-0.019607,-1.703064,-0.178742,-0.820327,-0.178632,-1.113896,-0.166660,-1.301347,-0.169944,-1.466382
B,Right,legacy_asl_B_94,0.000000,0.000000,0.281694,-0.161521,0.411306,-0.519292,0.149815,-0.739906,-0.137958,-0.737741,0.367019,-0.946539,0.364630,-1.310055,0.337871,-1.534838,0.295827,-1.716128,0.157598,-0.986039,0.159332,-1.376595,0.143163,-1.628092,0.108052,-1.832057,-0.020428,-0.946031,-0.040721,-1.312955,-0.044734,-1.552309,-0.070423,-1.750587,-0.208000,-0.838221,-0.216551,-1.140086,-0.209773,-1.333184,-0.218021,-1.502784
B,Right,legacy_asl_B_95,0.006054,0.031193,0.337904,-0.066577,0.606456,-0.299860,0.554192,-0.544441,0.395768,-0.653406,0.401619,-0.904945,0.461340,-1.323908,0.454923,-1.557676,0.437146,-1.788266,0.183707,-0.971481,0.233517,-1.438602,0.249489,-1.719284,0.232999,-1.955900,0.009338,-0.939134,0.009128,-1.401417,0.074500,-1.662734,0.070961,-1.908279,-0.205780,-0.832434,-0.201661,-1.234807,-0.162454,-1.403346,-0.150004,-1.606475
B,Right,legacy_asl_B_96,0.000000,0.000000,0.359327,-0.069943,0.643013,-0.316077,0.616130,-0.582135,0.408732,-0.710070,0.444912,-0.960591,0.479852,-1.399805,0.470083,-1.680872,0.449222,-1.922888,0.220819,-1.024166,0.245455,-1.511841,0.246407,-1.827129,0.245023,-2.087007,0.011146,-1.008965,0.027798,-1.476648,0.041193,-1.761674,0.048850,-1.997060,-0.202933,-0.918714,-0.192769,-1.289668,-0.167108,-1.512522,-0.140656,-1.711580
B,Right,legacy_asl_B_97,0.000000,0.000000,0.332023,-0.092342,0.579965,-0.344414,0.534965,-0.592106,0.330819,-0.696758,0.346156,-0.934554,0.346308,-1.349343,0.316254,-1.612392,0.278691,-1.837968,0.131126,-0.977566,0.118007,-1.437068,0.095471,-1.733028,0.074860,-1.976815,-0.064517,-0.947719,-0.083644,-1.387865,-0.092254,-1.656351,-0.102560,-1.877825,-0.258719,-0.847111,-0.276747,-1.195998,-0.269225,-1.407048,-0.259193,-1.595826
B,Right,legacy_asl_B_98,-0.004523,0.000469,0.349849,-0.075597,0.581330,-0.302439,0.578171,-0.552890,0.360154,-0.663440,0.413648,-0.929052,0.474396,-1.320821,0.452439,-1.573649,0.379311,-1.832434,0.203911,-0.982286,0.255836,-1.409717,0.241240,-1.708596,0.215708,-1.954754,0.010557,-0.960213,0.027286,-1.388418,0.013181,-1.648409,0.074215,-1.865025,-0.205328,-0.858830,-0.165512,-1.218866,-0.173068,-1.427611,-0.132781,-1.630825
B,Right,legacy_asl_B_99,0.000000,0.000000,0.324063,-0.063078,0.579908,-0.285057,0.555663,-0.525004,0.368618,-0.640383,0.401248,-0.866318,0.432759,-1.262427,0.423949,-1.515910,0.405135,-1.734174,0.199147,-0.923654,0.221366,-1.363467,0.222225,-1.647812,0.220976,-1.882186,0.010052,-0.909944,0.025070,-1.331728,0.037150,-1.588781,0.044056,-1.801067,-0.183017,-0.828550,-0.173851,-1.163098,-0.150708,-1.364082,-0.126852,-1.543604
B,Right,legacy_asl_B_100,0.000000,0.000000,0.339727,-0.057897,0.612151,-0.283287,0.592721,-0.534283,0.400350,-0.659267,0.439930,-0.894247,0.482506,-1.306845,0.479515,-1.571588,0.465222,-1.799823,0.230426,-0.959027,0.264375,-1.417461,0.272229,-1.714174,0.276661,-1.958791,0.032756,-0.949347,0.058749,-1.389142,0.077646,-1.657100,0.090047,-1.878466,-0.170717,-0.869131,-0.152966,-1.218032,-0.123897,-1.427206,-0.094608,-1.613967
B,Right,legacy_asl_B_101,-0.000476,0.000812,0.342028,-0.074029,0.608081,-0.281133,0.562444,-0.565820,0.400477,-0.657604,0.414662,-0.896592,0.452389,-1.336835,0.451991,-1.532764,0.407500,-1.797814,0.213624,-0.966012,0.217643,-1.403108,0.227800,-1.700866,0.214299,-1.947152,-0.001067,-0.972720,0.022280,-1.393605,0.035120,-1.644143,0.046076,-1.891080,-0.207578,-0.876302,-0.209752,-1.219335,-0.154795,-1.411523,-0.110979,-1.596979
B,Right,legacy_asl_B_102,0.000000,0.000000,0.359040,-0.069887,0.642498,-0.315824,0.615637,-0.581669,0.408404,-0.709501,0.444555,-0.959822,0.479468,-1.398684,0.469707,-1.679526,0.448862,-1.921348,0.220642,-1.023346,0.245258,-1.510630,0.246210,-1.825665,0.244827,-2.085335,0.011137,-1.008157,0.027776,-1.475465,0.041160,-1.760262,0.048811,-1.995461,-0.202770,-0.917978,-0.192615,-1.288635,-0.166975,-1.511310,-0.140544,-1.710209
B,Right,legacy_asl_B_103,0.000000,0.000000,0.338133,-0.066576,0.604698,-0.298867,0.578848,-0.549282,0.383340,-0.669300,0.416891,-0.905217,0.448891,-1.318769,0.439123,-1.583350,0.418991,-1.811144,0.205798,-0.964612,0.227999,-1.423765,0.228254,-1.720582,0.226422,-1.965232,0.008441,-0.949875,0.023166,-1.390190,0.035196,-1.658544,0.041925,-1.880156,-0.192912,-0.864475,-0.184099,-1.213716,-0.160395,-1.423566,-0.135898,-1.611016
B,Right,legacy_asl_B_104,-0.004784,0.022503,0.329622,-0.044403,0.612090,-0.290842,0.565274,-0.531317,0.392366,-0.665238,0.431109,-0.913931,0.441976,-1.327564,0.450037,-1.580086,0.393344,-1.814369,0.226091,-0.958424,0.226452,-1.433491,0.248803,-1.734946,0.236829,-1.962782,0.011622,-0.954442,0.045135,-1.407758,0.056502,-1.694468,0.047362,-1.891294,-0.179178,-0.898120,-0.198661,-1.223734,-0.168711,-1.434838,-0.147529,-1.591796
B,Right,legacy_asl_B_105,0.000000,0.000000,0.344977,-0.067149,0.617334,-0.303454,0.591524,-0.558887,0.392408,-0.681713,0.427144,-0.922228,0.460689,-1.343902,0.451310,-1.613744,0.431281,-1.846095,0.212000,-0.983265,0.235652,-1.451464,0.236567,-1.754160,0.235238,-2.003659,0.010701,-0.968671,0.026688,-1.417676,0.039548,-1.691319,0.046899,-1.917305,-0.194828,-0.882024,-0.185071,-1.238163,-0.160435,-1.452117,-0.135039,-1.643226
B,Right,legacy_asl_B_106,0.000000,0.000000,0.331957,-0.092579,0.579718,-0.344829,0.534541,-0.592488,0.330320,-0.696994,0.345487,-0.934802,0.345343,-1.349590,0.315100,-1.612618,0.277376,-1.838167,0.130426,-0.977659,0.116978,-1.437152,0.094231,-1.733096,0.073445,-1.976868,-0.065195,-0.947672,-0.084637,-1.387805,-0.093439,-1.656284,-0.103904,-1.877751,-0.259325,-0.846926,-0.277603,-1.195800,-0.270232,-1.406855,-0.260335,-1.595640
B,Right,legacy_asl_B_107,0.058208,0.002531,0.352577,-0.150104,0.584499,-0.489447,0.465019,-0.816739,0.258868,-0.948105,0.392363,-0.941366,0.397897,-1.303926,0.366006,-1.580370,0.338156,-1.806685,0.165919,-0.986179,0.167493,-1.406627,0.159524,-1.731665,0.143031,-1.947833,-0.033648,-0.947744,-0.057476,-1.366545,-0.031403,-1.629668,-0.022176,-1.870359,-0.251235,-0.845956,-0.201298,-1.205657,-0.220733,-1.424152,-0.228436,-1.605850
B,Right,legacy_asl_B_108,0.000000,0.000000,0.355427,-0.154135,0.576063,-0.476273,0.479038,-0.799710,0.249497,-0.958930,0.376122,-0.935521,0.398888,-1.340463,0.372697,-1.588333,0.338714,-1.801893,0.166705,-0.981703,0.188291,-1.422395,0.169730,-1.717908,0.141364,-1.952263,-0.026839,-0.951099,-0.010771,-1.377715,-0.009598,-1.649257,-0.024229,-1.860531,-0.242311,-0.860757,-0.227133,-1.200371,-0.214172,-1.421906,-0.206313,-1.616083
B,Right,legacy_asl_B_109,0.000000,0.000000,0.354164,-0.158232,0.571526,-0.483190,0.470825,-0.805953,0.239253,-0.962842,0.366289,-0.940797,0.384629,-1.346483,0.355679,-1.594366,0.319305,-1.807813,0.156109,-0.984732,0.172874,-1.426198,0.151039,-1.721867,0.120061,-1.956195,-0.037334,-0.951962,-0.025939,-1.379273,-0.027751,-1.651159,-0.044724,-1.862530,-0.252074,-0.859139,-0.240613,-1.199334,-0.230073,-1.421281,-0.224341,-1.615781
B,Right,legacy_asl_B_110,0.014265,-0.030244,0.366730,-0.162704,0.580962,-0.512263,0.484573,-0.782680,0.241710,-0.968867,0.366626,-0.899654,0.410824,-1.312500,0.388436,-1.592847,0.347838,-1.810790,0.152648,-0.978650,0.222707,-1.411847,0.172534,-1.733862,0.099194,-1.945687,-0.033253,-0.932208,-0.014340,-1.388241,-0.010118,-1.672188,-0.011300,-1.856105,-0.259060,-0.871793,-0.259401,-1.194571,-0.248683,-1.408565,-0.210818,-1.609765
B,Right,legacy_asl_B_111,0.000000,0.000000,0.351307,-0.152349,0.569387,-0.470753,0.473487,-0.790442,0.246606,-0.947817,0.371763,-0.924679,0.394265,-1.324928,0.368378,-1.569925,0.334788,-1.781010,0.164773,-0.970326,0.186109,-1.405911,0.167763,-1.697999,0.139726,-1.929638,-0.026528,-0.940077,-0.010646,-1.361748,-0.009486,-1.630143,-0.023948,-1.838969,-0.239503,-0.850781,-0.224500,-1.186459,-0.211689,-1.405427,-0.203922,-1.597354
B,Right,legacy_asl_B_112,0.000000,0.000000,0.364187,-0.133555,0.603337,-0.442830,0.525022,-0.771743,0.304763,-0.944154,0.429986,-0.913443,0.476123,-1.316914,0.464252,-1.566200,0.442611,-1.781639,0.223318,-0.971698,0.270338,-1.410973,0.268844,-1.707443,0.254020,-1.943344,0.028081,-0.952280,0.068773,-1.377802,0.085623,-1.649171,0.083195,-1.861209,-0.192523,-0.874412,-0.157743,-1.213018,-0.131997,-1.433719,-0.112932,-1.627367
B,Right,legacy_asl_B_113,0.001588,0.007061,0.356047,-0.147255,0.608343,-0.453540,0.475788,-0.792749,0.238888,-0.974457,0.399314,-0.948315,0.410719,-1.335096,0.364188,-1.589364,0.340037,-1.811801,0.153246,-0.981677,0.162025,-1.431424,0.162011,-1.741950,0.133239,-1.922816,-0.031396,-0.937898,0.003603,-1.389240,-0.016701,-1.629996,-0.013750,-1.861603,-0.215766,-0.874121,-0.239840,-1.223823,-0.208293,-1.447788,-0.222288,-1.620972
B,Right,legacy_asl_B_114,0.000000,0.000000,0.372182,-0.161401,0.603220,-0.498726,0.501621,-0.837410,0.261259,-1.004136,0.393853,-0.979623,0.417693,-1.403655,0.390267,-1.663211,0.354681,-1.886838,0.174564,-1.027983,0.197168,-1.489450,0.177731,-1.798894,0.148029,-2.044297,-0.028104,-0.995936,-0.011279,-1.442663,-0.010050,-1.727007,-0.025371,-1.948241,-0.253734,-0.901335,-0.237840,-1.256959,-0.224268,-1.488938,-0.216039,-1.692269
B,Right,legacy_asl_B_115,0.000000,0.000000,0.359107,-0.146669,0.586888,-0.464410,0.496702,-0.790268,0.270337,-0.954581,0.396592,-0.928429,0.428072,-1.333307,0.407174,-1.581999,0.377737,-1.796512,0.187947,-0.979154,0.219013,-1.419845,0.206774,-1.716066,0.183408,-1.951275,-0.006457,-0.952672,0.018783,-1.379389,0.025785,-1.651191,0.015673,-1.863001,-0.224093,-0.866859,-0.201611,-1.206503,-0.183882,-1.427992,-0.171848,-1.622204
B,Right,legacy_asl_B_116,-0.019387,0.026997,0.373827,-0.146083,0.556613,-0.487166,0.456830,-0.803701,0.238272,-0.952590,0.377847,-0.933848,0.400729,-1.365839,0.359057,-1.581460,0.340432,-1.769085,0.179354,-0.973539,0.205624,-1.448477,0.180926,-1.722483,0.149275,-1.942262,-0.054140,-0.960899,-0.008408,-1.376432,-0.000844,-1.652166,-0.020244,-1.875084,-0.233045,-0.887162,-0.239659,-1.184403,-0.214231,-1.418322,-0.177438,-1.615069
B,Right,legacy_asl_B_117,0.000000,0.000000,0.348168,-0.150987,0.564298,-0.466546,0.469255,-0.783377,0.244402,-0.939346,0.368440,-0.916415,0.390742,-1.313087,0.365086,-1.555894,0.331796,-1.765093,0.163301,-0.961654,0.184446,-1.393346,0.166264,-1.682823,0.138477,-1.912392,-0.026291,-0.931675,-0.010551,-1.349578,-0.009402,-1.615574,-0.023734,-1.822534,-0.237362,-0.843178,-0.222494,-1.175856,-0.209798,-1.392866,-0.202100,-1.583078
B,Right,legacy_asl_B_118,0.000000,0.000000,0.346602,-0.174173,0.548963,-0.508678,0.433689,-0.826529,0.195222,-0.972725,0.323130,-0.956480,0.323003,-1.362580,0.282812,-1.608891,0.236769,-1.820462,0.111170,-0.990812,0.107842,-1.432584,0.072586,-1.726954,0.030984,-1.959631,-0.080583,-0.949280,-0.088631,-1.376667,-0.102805,-1.648189,-0.129372,-1.858570,-0.290881,-0.846788,-0.294901,-1.187152,-0.294464,-1.409349,-0.297583,-1.603908
B,Right,legacy_asl_B_119,0.014368,0.005575,0.323229,-0.088194,0.588103,-0.322111,0.574418,-0.586014,0.315620,-0.721005,0.360396,-0.943703,0.436842,-1.325745,0.374403,-1.572188,0.340299,-1.771942,0.170202,-0.967715,0.193078,-1.394638,0.170764,-1.687406,0.143465,-1.898541,-0.021254,-0.930792,-0.037336,-1.353340,0.005360,-1.653899,-0.026601,-1.825919,-0.245523,-0.818873,-0.223572,-1.159125,-0.218209,-1.348761,-0.191860,-1.552956
B,Right,legacy_asl_B_120,0.000000,0.000000,0.345186,-0.089448,0.633949,-0.335082,0.609914,-0.643256,0.358450,-0.767714,0.404303,-0.983057,0.423746,-1.400916,0.395978,-1.664023,0.361282,-1.888792,0.173180,-1.026243,0.195915,-1.487660,0.179871,-1.789075,0.158182,-2.038697,-0.038922,-0.984025,-0.026943,-1.426128,-0.018101,-1.713273,-0.021095,-1.940299,-0.264607,-0.883275,-0.237260,-1.228052,-0.216097,-1.452347,-0.198240,-1.645963
B,Right,legacy_asl_B_121,0.000000,0.000000,0.323023,-0.091907,0.589441,-0.329616,0.559949,-0.619246,0.320408,-0.730833,0.358787,-0.934612,0.367789,-1.328485,0.335786,-1.575599,0.298112,-1.786461,0.140209,-0.970128,0.151341,-1.405088,0.129523,-1.688531,0.103544,-1.923083,-0.058559,-0.925654,-0.057124,-1.342188,-0.055192,-1.612751,-0.063066,-1.826443,-0.268812,-0.825767,-0.250740,-1.151005,-0.235808,-1.362664,-0.223305,-1.545363
B,Right,legacy_asl_B_122,-0.011098,0.026486,0.316697,-0.059160,0.578747,-0.302095,0.545131,-0.601558,0.348258,-0.716919,0.373151,-0.924126,0.427538,-1.338087,0.364947,-1.557518,0.341741,-1.781404,0.162031,-0.962398,0.220032,-1.405257,0.170613,-1.667926,0.164335,-1.901552,-0.034446,-0.914624,-0.038430,-1.348424,-0.015712,-1.640015,-0.001378,-1.819990,-0.247458,-0.851116,-0.244161,-1.160122,-0.222277,-1.359848,-0.185205,-1.591926
B,Right,legacy_asl_B_123,0.000000,0.000000,0.306344,-0.079383,0.562613,-0.297376,0.541283,-0.570873,0.318115,-0.681327,0.358808,-0.872438,0.376063,-1.243276,0.351420,-1.476777,0.320628,-1.676254,0.153693,-0.910764,0.173870,-1.320260,0.159631,-1.587757,0.140383,-1.809290,-0.034542,-0.873296,-0.023911,-1.265651,-0.016064,-1.520485,-0.018721,-1.721965,-0.234832,-0.783883,-0.210562,-1.089864,-0.191780,-1.288920,-0.175933,-1.460749
B,Right,legacy_asl_B_124,0.000000,0.000000,0.328135,-0.071542,0.608887,-0.292138,0.597551,-0.583045,0.365452,-0.709382,0.416490,-0.910365,0.450088,-1.302905,0.433589,-1.551536,0.409166,-1.764340,0.200559,-0.959471,0.238850,-1.392884,0.234786,-1.677137,0.223515,-1.912854,-0.000600,-0.927504,0.026862,-1.343135,0.045697,-1.613048,0.051192,-1.826815,-0.216684,-0.840951,-0.178323,-1.164424,-0.150194,-1.374736,-0.126299,-1.556297
B,Right,legacy_asl_B_125,0.004228,-0.038933,0.334602,-0.073518,0.601826,-0.336518,0.582125,-0.604254,0.339969,-0.726400,0.380219,-0.937150,0.405375,-1.335778,0.368592,-1.582676,0.348094,-1.783767,0.160223,-0.972758,0.224557,-1.406206,0.164280,-1.679152,0.169744,-1.923497,-0.064501,-0.936445,-0.029158,-1.316746,-0.017630,-1.588641,-0.036770,-1.845227,-0.252939,-0.846612,-0.233327,-1.162355,-0.202424,-1.372492,-0.169575,-1.545665
B,Right,legacy_asl_B_126,0.000000,0.000000,0.330026,-0.085520,0.606106,-0.320365,0.583127,-0.615004,0.342707,-0.733997,0.386546,-0.939882,0.405135,-1.339388,0.378587,-1.590940,0.345415,-1.805837,0.165574,-0.981171,0.187311,-1.422323,0.171971,-1.710499,0.151235,-1.949158,-0.037213,-0.940807,-0.025760,-1.363493,-0.017306,-1.638027,-0.020168,-1.855082,-0.252986,-0.844482,-0.226840,-1.174116,-0.206606,-1.388561,-0.189533,-1.573673
B,Right,legacy_asl_B_127,0.000000,0.000000,0.320589,-0.100067,0.580896,-0.344453,0.544070,-0.633243,0.301778,-0.738720,0.334978,-0.943407,0.333993,-1.337382,0.295735,-1.583605,0.252728,-1.793444,0.115570,-0.973371,0.115672,-1.408473,0.086675,-1.691272,0.054758,-1.925089,-0.082006,-0.923872,-0.091131,-1.340309,-0.096059,-1.610833,-0.109348,-1.824257,-0.289659,-0.818687,-0.279839,-1.144278,-0.270277,-1.356248,-0.262410,-1.539205
B,Right,legacy_asl_B_128,-0.026668,0.003980,0.326906,-0.087720,0.601061,-0.298960,0.565167,-0.589249,0.335438,-0.726403,0.337524,-0.940638,0.405303,-1.325533,0.364079,-1.556440,0.347952,-1.770946,0.126186,-0.967390,0.198240,-1.405159,0.161450,-1.677219,0.134107,-1.919823,-0.014729,-0.927024,-0.022869,-1.343722,-0.015828,-1.626014,0.016311,-1.810523,-0.268614,-0.841129,-0.232882,-1.137672,-0.189739,-1.341240,-0.194286,-1.549573
B,Right,legacy_asl_B_129,0.000000,0.000000,0.339540,-0.087985,0.623578,-0.329600,0.599937,-0.632733,0.352586,-0.755156,0.397689,-0.966976,0.416814,-1.377999,0.389501,-1.636802,0.355372,-1.857895,0.170347,-1.009456,0.192710,-1.463325,0.176928,-1.759808,0.155595,-2.005347,-0.038286,-0.967928,-0.026502,-1.402799,-0.017805,-1.685247,-0.020750,-1.908559,-0.260279,-0.868826,-0.233379,-1.207963,-0.212562,-1.428589,-0.194997,-1.619038
B,Right,legacy_asl_B_130,0.000000,0.000000,0.326613,-0.078199,0.602822,-0.304457,0.585574,-0.595073,0.350954,-0.716665,0.397895,-0.918645,0.423505,-1.311787,0.401955,-1.560031,0.373210,-1.772294,0.181010,-0.963350,0.210481,-1.397453,0.200639,-1.681564,0.184578,-1.917003,-0.019457,-0.927300,-0.000452,-1.343403,0.012892,-1.613644,0.014040,-1.827478,-0.233737,-0.836371,-0.201961,-1.160558,-0.178113,-1.371399,-0.157914,-1.553407
B,Right,legacy_asl_B_131,0.023867,-0.023454,0.369201,-0.149821,0.612231,-0.409929,0.567188,-0.744670,0.373751,-0.928461,0.543315,-0.889305,0.599151,-1.293682,0.569187,-1.538022,0.512660,-1.767044,0.316792,-0.940542,0.368546,-1.383455,0.337586,-1.693400,0.330469,-1.938109,0.076453,-0.934551,0.110251,-1.376541,0.137696,-1.630167,0.087662,-1.847729,-0.128395,-0.831939,-0.126617,-1.177699,-0.089920,-1.397559,-0.044929,-1.571375
B,Right,legacy_asl_B_132,0.000000,0.000000,0.355481,-0.154683,0.665747,-0.455311,0.615560,-0.791717,0.407630,-0.999954,0.576621,-0.929220,0.626370,-1.373726,0.605218,-1.665683,0.564504,-1.910359,0.332409,-0.999446,0.379807,-1.482676,0.366631,-1.803232,0.336373,-2.058873,0.105517,-0.982334,0.129679,-1.442702,0.138969,-1.737086,0.130367,-1.970458,-0.139661,-0.894076,-0.123162,-1.257736,-0.096577,-1.482673,-0.075886,-1.674667
B,Right,legacy_asl_B_133,0.000000,0.000000,0.339721,-0.127701,0.644115,-0.394007,0.613205,-0.710920,0.428711,-0.915509,0.583343,-0.841332,0.651014,-1.254557,0.645135,-1.528530,0.618716,-1.759229,0.358359,-0.918615,0.425675,-1.368156,0.428614,-1.668489,0.412493,-1.908942,0.145411,-0.913415,0.189914,-1.342688,0.212612,-1.617482,0.215677,-1.836083,-0.088020,-0.842568,-0.055285,-1.181788,-0.019723,-1.390828,0.008761,-1.569349
B,Right,legacy_asl_B_134,-0.017401,-0.000100,0.340158,-0.133421,0.582129,-0.419087,0.574859,-0.733643,0.372837,-0.936074,0.538628,-0.859797,0.590741,-1.293741,0.566876,-1.525309,0.537590,-1.776235,0.314926,-0.935590,0.383702,-1.352547,0.328501,-1.678020,0.320389,-1.933515,0.089145,-0.901329,0.114281,-1.379618,0.139506,-1.629892,0.101119,-1.842053,-0.137109,-0.849152,-0.113447,-1.181688,-0.100686,-1.377791,-0.066465,-1.576849
B,Right,legacy_asl_B_135,0.000000,0.000000,0.316404,-0.137679,0.592563,-0.405260,0.547892,-0.704685,0.362819,-0.890031,0.513234,-0.827072,0.557514,-1.222714,0.538687,-1.482577,0.502449,-1.700356,0.295867,-0.889579,0.338056,-1.319688,0.326327,-1.605006,0.299396,-1.832544,0.093917,-0.874348,0.115424,-1.284108,0.123692,-1.546131,0.116036,-1.753848,-0.124308,-0.795791,-0.109623,-1.119475,-0.085961,-1.319685,-0.067544,-1.490573
B,Right,legacy_asl_B_136,0.000000,0.000000,0.317501,-0.175817,0.579864,-0.483615,0.503128,-0.792647,0.290805,-0.968185,0.454592,-0.917320,0.461359,-1.335994,0.415641,-1.606190,0.355904,-1.830581,0.220751,-0.961012,0.221878,-1.415564,0.181045,-1.713122,0.130076,-1.948663,0.010830,-0.924854,-0.007660,-1.356031,-0.025225,-1.631201,-0.054030,-1.847917,-0.209793,-0.820765,-0.226812,-1.161136,-0.222073,-1.373126,-0.219892,-1.553892
B,Right,legacy_asl_B_137,0.046784,-0.017557,0.339685,-0.145246,0.626224,-0.414663,0.587222,-0.756797,0.390170,-0.925533,0.548378,-0.873408,0.586971,-1.288151,0.553825,-1.544928,0.482705,-1.803691,0.292567,-0.962024,0.357147,-1.413379,0.363366,-1.682191,0.355237,-1.933918,0.130356,-0.937310,0.134636,-1.335274,0.126561,-1.632661,0.106005,-1.874219,-0.125655,-0.825258,-0.129924,-1.187575,-0.105673,-1.375726,-0.085028,-1.583452
B,Right,legacy_asl_B_138,0.000000,0.000000,0.352598,-0.153429,0.660347,-0.451618,0.610567,-0.785295,0.404323,-0.991844,0.571944,-0.921683,0.621289,-1.362584,0.600309,-1.652173,0.559926,-1.894864,0.329713,-0.991340,0.376727,-1.470650,0.363657,-1.788606,0.333645,-2.042173,0.104661,-0.974367,0.128627,-1.431000,0.137842,-1.722997,0.129309,-1.954475,-0.138528,-0.886824,-0.122163,-1.247535,-0.095794,-1.470647,-0.075271,-1.661084
B,Right,legacy_asl_B_139,0.000000,0.000000,0.334483,-0.140851,0.628262,-0.418824,0.585017,-0.734290,0.392686,-0.931530,0.550093,-0.863439,0.601599,-1.278988,0.585041,-1.552524,0.549646,-1.782017,0.322266,-0.931890,0.372002,-1.383714,0.363227,-1.683933,0.337742,-1.923574,0.109683,-0.918391,0.137413,-1.349072,0.149379,-1.624542,0.143918,-1.843097,-0.120808,-0.838495,-0.101325,-1.178734,-0.073941,-1.389002,-0.052440,-1.568497
B,Right,legacy_asl_B_140,0.013862,-0.009858,0.317003,-0.171894,0.643207,-0.443916,0.577419,-0.756749,0.373909,-0.900018,0.536699,-0.878310,0.581455,-1.295174,0.574251,-1.568851,0.534729,-1.807189,0.307435,-0.928058,0.359418,-1.383348,0.326517,-1.670362,0.317703,-1.947424,0.108322,-0.926711,0.094816,-1.350694,0.124077,-1.611176,0.116424,-1.825876,-0.125486,-0.828610,-0.109747,-1.194141,-0.107248,-1.393505,-0.067341,-1.547365
B,Right,legacy_asl_B_141,0.000000,0.000000,0.350861,-0.152673,0.657095,-0.449394,0.607560,-0.781428,0.402332,-0.986959,0.569127,-0.917144,0.618229,-1.355873,0.597352,-1.644035,0.557168,-1.885531,0.328089,-0.986457,0.374871,-1.463407,0.361866,-1.779797,0.332002,-2.032115,0.104145,-0.969568,0.127994,-1.423952,0.137163,-1.714511,0.128672,-1.944849,-0.137846,-0.882456,-0.121562,-1.241390,-0.095322,-1.463403,-0.074900,-1.652902
B,Right,legacy_asl_B_142,0.000000,0.000000,0.322714,-0.166053,0.594342,-0.465707,0.527066,-0.776935,0.320195,-0.958867,0.482354,-0.903031,0.501885,-1.321304,0.464428,-1.592768,0.411562,-1.818877,0.249954,-0.953833,0.264942,-1.408140,0.233202,-1.706805,0.189440,-1.943790,0.039029,-0.924094,0.033695,-1.355634,0.024530,-1.631211,0.002347,-1.848705,-0.184667,-0.826781,-0.191297,-1.167513,-0.180096,-1.379260,-0.172404,-1.559875
B,Right,legacy_asl_B_143,-0.014195,0.012505,0.350659,-0.132527,0.629039,-0.432009,0.544350,-0.691743,0.336795,-0.776769,0.371642,-0.944975,0.353672,-1.327938,0.347810,-1.569075,0.286763,-1.755644,0.158498,-1.009634,0.126999,-1.373427,0.125274,-1.682154,0.108056,-1.885044,-0.062414,-0.923111,-0.048906,-1.351698,-0.047831,-1.603566,-0.088348,-1.816502,-0.260861,-0.883248,-0.244720,-1.221578,-0.256083,-1.399383,-0.194271,-1.613565
B,Right,legacy_asl_B_144,0.000000,0.000000,0.380399,-0.120478,0.658639,-0.432951,0.585461,-0.735106,0.330689,-0.808875,0.385284,-0.969670,0.378524,-1.368255,0.345292,-1.619032,0.307193,-1.821846,0.160767,-1.021566,0.149450,-1.459538,0.131406,-1.744628,0.097325,-1.964062,-0.037891,-0.998458,-0.069085,-1.414149,-0.069310,-1.667714,-0.088189,-1.872365,-0.249397,-0.905670,-0.251994,-1.256841,-0.238064,-1.467784,-0.232991,-1.651728
B,Right,legacy_asl_B_145,0.000000,0.000000,0.361286,-0.133762,0.615181,-0.447962,0.530649,-0.735976,0.281542,-0.795347,0.326764,-0.952938,0.301830,-1.337016,0.258196,-1.577327,0.212084,-1.771158,0.107845,-0.992613,0.076697,-1.414465,0.046124,-1.688569,0.003119,-1.898614,-0.082671,-0.961150,-0.131959,-1.360596,-0.143890,-1.605121,-0.171552,-1.801611,-0.282357,-0.861895,-0.301086,-1.200440,-0.297398,-1.404514,-0.301004,-1.582141
B,Right,legacy_asl_B_146,-0.023402,-0.007967,0.340030,-0.119645,0.660330,-0.441176,0.572135,-0.734244,0.315141,-0.786877,0.388643,-0.970831,0.345400,-1.302234,0.319350,-1.555098,0.328791,-1.755886,0.147840,-0.973714,0.134751,-1.393764,0.115691,-1.678841,0.087758,-1.910410,-0.066114,-0.971886,-0.059283,-1.374554,-0.071137,-1.587587,-0.084434,-1.808299,-0.236164,-0.905453,-0.245041,-1.203122,-0.245969,-1.387125,-0.220682,-1.608951
B,Right,legacy_asl_B_147,0.000000,0.000000,0.385607,-0.122127,0.667656,-0.438878,0.593476,-0.745170,0.335216,-0.819948,0.390559,-0.982945,0.383706,-1.386986,0.350019,-1.641196,0.311399,-1.846787,0.162968,-1.035551,0.151496,-1.479519,0.133205,-1.768512,0.098658,-1.990950,-0.038410,-1.012127,-0.070031,-1.433509,-0.070258,-1.690545,-0.089396,-1.897997,-0.252811,-0.918068,-0.255444,-1.274047,-0.241323,-1.487878,-0.236181,-1.674339
B,Right,legacy_asl_B_148,0.000000,0.000000,0.367907,-0.114298,0.638203,-0.414506,0.569156,-0.706619,0.323571,-0.779195,0.377136,-0.934149,0.372727,-1.319011,0.341975,-1.561307,0.306269,-1.757322,0.160645,-0.985446,0.152046,-1.408360,0.136140,-1.683704,0.104401,-1.895744,-0.031278,-0.964191,-0.059186,-1.365698,-0.058056,-1.610511,-0.075196,-1.808198,-0.235975,-0.875730,-0.236617,-1.214793,-0.222047,-1.418380,-0.216172,-1.595946
B,Right,legacy_asl_B_149,-0.017295,0.021722,0.347255,-0.099371,0.635345,-0.392337,0.576604,-0.706104,0.328563,-0.764983,0.362637,-0.939151,0.383315,-1.304834,0.339646,-1.557676,0.296295,-1.757662,0.155968,-0.960693,0.160963,-1.421387,0.128411,-1.692005,0.070697,-1.895684,-0.041164,-0.973790,-0.051522,-1.379310,-0.073769,-1.602208,-0.114781,-1.823194,-0.236567,-0.888450,-0.212686,-1.204331,-0.234651,-1.413816,-0.259699,-1.592850
B,Right,legacy_asl_B_150,0.000000,0.000000,0.347310,-0.109998,0.601348,-0.395291,0.534535,-0.671164,0.301924,-0.738515,0.351770,-0.885324,0.345599,-1.249238,0.315257,-1.478202,0.280472,-1.663374,0.146782,-0.932705,0.136450,-1.332581,0.119976,-1.592873,0.088860,-1.793219,-0.034595,-0.911608,-0.063076,-1.291140,-0.063281,-1.522649,-0.080518,-1.709498,-0.227703,-0.826891,-0.230074,-1.147515,-0.217356,-1.340110,-0.212725,-1.508053
B,Right,legacy_asl_B_151,0.000000,0.000000,0.369593,-0.108724,0.644395,-0.404812,0.579771,-0.697936,0.335311,-0.774215,0.391212,-0.928342,0.392621,-1.313226,0.365534,-1.555960,0.332795,-1.752492,0.175521,-0.982905,0.173315,-1.405901,0.161573,-1.681454,0.133042,-1.893949,-0.016701,-0.964554,-0.038538,-1.366437,-0.033707,-1.611205,-0.047858,-1.809128,-0.222712,-0.879197,-0.218229,-1.218230,-0.200583,-1.421574,-0.192025,-1.599031
B,Right,legacy_asl_B_152,0.007685,-0.022722,0.353539,-0.115281,0.627230,-0.413025,0.570568,-0.704363,0.324887,-0.760225,0.368243,-0.931757,0.349381,-1.332478,0.337222,-1.576078,0.303809,-1.751056,0.159270,-0.985339,0.153600,-1.398058,0.136684,-1.693075,0.077118,-1.897019,-0.039354,-0.979956,-0.079833,-1.368625,-0.048172,-1.628196,-0.081716,-1.808392,-0.234893,-0.888848,-0.229387,-1.212961,-0.216279,-1.441740,-0.210198,-1.618639
B,Right,legacy_asl_B_153,0.000000,0.000000,0.342145,-0.108362,0.592404,-0.389412,0.526585,-0.661181,0.297433,-0.727531,0.346538,-0.872156,0.340458,-1.230658,0.310568,-1.456216,0.276301,-1.638634,0.144599,-0.918833,0.134421,-1.312762,0.118192,-1.569182,0.087538,-1.766549,-0.034081,-0.898049,-0.062137,-1.271937,-0.062340,-1.500003,-0.079320,-1.684073,-0.224316,-0.814592,-0.226652,-1.130448,-0.214123,-1.320178,-0.209561,-1.485623
B,Right,legacy_asl_B_154,0.000000,0.000000,0.373970,-0.092556,0.661382,-0.376419,0.609561,-0.672075,0.368647,-0.758908,0.431195,-0.910459,0.449332,-1.294919,0.432822,-1.538600,0.408657,-1.736370,0.218079,-0.974347,0.234262,-1.397038,0.234508,-1.672841,0.215242,-1.886376,0.025241,-0.964368,0.020894,-1.366821,0.036359,-1.611147,0.030826,-1.809498,-0.184285,-0.888047,-0.165069,-1.226565,-0.138602,-1.428949,-0.122338,-1.605867
B,Right,legacy_asl_B_155,0.010682,-0.011936,0.300519,-0.132618,0.558657,-0.403751,0.521293,-0.642146,0.342355,-0.757533,0.355256,-0.949988,0.367229,-1.296729,0.315335,-1.505226,0.287780,-1.690380,0.144765,-1.006538,0.165051,-1.402580,0.118607,-1.613444,0.106916,-1.832137,-0.040191,-0.959649,-0.054293,-1.303714,-0.056548,-1.544503,-0.071451,-1.785305,-0.221735,-0.860728,-0.268662,-1.171109,-0.247052,-1.356135,-0.229514,-1.537443
B,Right,legacy_asl_B_156,0.000000,0.000000,0.271987,-0.135944,0.528075,-0.370375,0.504256,-0.603775,0.344095,-0.722179,0.328917,-0.883763,0.330536,-1.216719,0.302603,-1.415823,0.267249,-1.590737,0.135973,-0.918970,0.148228,-1.287812,0.129374,-1.520570,0.099519,-1.713778,-0.037587,-0.887333,-0.043311,-1.242055,-0.050847,-1.461180,-0.065116,-1.641172,-0.221269,-0.789906,-0.230547,-1.079674,-0.224372,-1.255252,-0.220519,-1.408612
B,Right,legacy_asl_B_157,0.000000,0.000000,0.289843,-0.149583,0.561268,-0.404580,0.532484,-0.654591,0.359056,-0.779368,0.340536,-0.952469,0.337655,-1.309614,0.304934,-1.522783,0.264589,-1.709902,0.133099,-0.987556,0.141129,-1.383340,0.117679,-1.632731,0.082978,-1.839548,-0.052619,-0.951217,-0.063678,-1.331606,-0.074800,-1.566530,-0.092600,-1.759389,-0.248283,-0.844171,-0.262252,-1.154843,-0.258063,-1.343249,-0.256058,-1.507794
B,Right,legacy_asl_B_158,-0.014561,-0.008437,0.283604,-0.167236,0.599227,-0.403691,0.560898,-0.667403,0.375449,-0.813982,0.357667,-0.957459,0.353475,-1.347613,0.312859,-1.517753,0.273527,-1.716022,0.169855,-0.991406,0.141696,-1.351304,0.145831,-1.636759,0.112048,-1.856623,-0.024979,-0.984961,-0.033393,-1.346857,-0.053059,-1.535339,-0.073995,-1.787922,-0.237767,-0.817253,-0.224426,-1.175825,-0.279405,-1.335708,-0.243984,-1.503033
B,Right,legacy_asl_B_159,0.000000,0.000000,0.305112,-0.152501,0.592390,-0.415483,0.565670,-0.677310,0.386002,-0.810134,0.368976,-0.991397,0.370792,-1.364904,0.339458,-1.588258,0.299798,-1.784474,0.152533,-1.030892,0.166281,-1.444656,0.145130,-1.705762,0.111640,-1.922501,-0.042164,-0.995402,-0.048586,-1.393326,-0.057040,-1.639138,-0.073046,-1.841052,-0.248218,-0.886109,-0.258626,-1.211169,-0.251698,-1.408130,-0.247376,-1.580168
B,Right,legacy_asl_B_160,0.000000,0.000000,0.301764,-0.123784,0.594357,-0.354185,0.587445,-0.605753,0.425538,-0.745153,0.422157,-0.919209,0.450377,-1.275250,0.436337,-1.490458,0.412434,-1.680378,0.218562,-0.972221,0.261015,-1.365803,0.259363,-1.616288,0.242798,-1.825341,0.030385,-0.952186,0.052482,-1.332094,0.061853,-1.567095,0.060909,-1.760771,-0.173854,-0.862579,-0.160726,-1.173288,-0.140152,-1.360615,-0.123830,-1.524361
B,Right,legacy_asl_B_161,-0.013357,0.011755,0.289242,-0.125588,0.554282,-0.382884,0.533825,-0.653595,0.359742,-0.770759,0.356914,-0.944084,0.336811,-1.305423,0.327483,-1.514934,0.282656,-1.718669,0.148165,-0.984884,0.173279,-1.394224,0.114858,-1.633022,0.052610,-1.832567,-0.056734,-0.969444,-0.038802,-1.340166,-0.059862,-1.604294,-0.081189,-1.791424,-0.237199,-0.842766,-0.262533,-1.150598,-0.227892,-1.320685,-0.238029,-1.522156
B,Right,legacy_asl_B_162,0.000000,0.000000,0.298786,-0.149339,0.580107,-0.406869,0.553941,-0.663267,0.377999,-0.793336,0.361326,-0.970841,0.363104,-1.336604,0.332419,-1.555327,0.293582,-1.747475,0.149370,-1.009517,0.162833,-1.414702,0.142121,-1.670394,0.109325,-1.882639,-0.041290,-0.974764,-0.047579,-1.364437,-0.055858,-1.605152,-0.071532,-1.802879,-0.243071,-0.867736,-0.253263,-1.186057,-0.246480,-1.378934,-0.242247,-1.547405
B,Right,legacy_asl_B_163,0.000000,0.000000,0.284665,-0.159217,0.547387,-0.423172,0.510237,-0.672077,0.332722,-0.790968,0.308409,-0.963352,0.293555,-1.320199,0.253705,-1.532151,0.207109,-1.717812,0.099912,-0.991464,0.094668,-1.387294,0.062868,-1.635758,0.021253,-1.841296,-0.084483,-0.948918,-0.108290,-1.328722,-0.127282,-1.563142,-0.151538,-1.755295,-0.276447,-0.835371,-0.300826,-1.145401,-0.302956,-1.333842,-0.306469,-1.498361
B,Right,legacy_asl_B_164,-0.007597,-0.002492,0.300388,-0.130612,0.591800,-0.407847,0.545460,-0.643567,0.388030,-0.768503,0.366208,-0.944345,0.356817,-1.304356,0.316404,-1.539352,0.301303,-1.700465,0.143831,-0.985995,0.153217,-1.371233,0.149994,-1.618991,0.099706,-1.817574,-0.041799,-0.955775,-0.047007,-1.312446,-0.069083,-1.588728,-0.053009,-1.759233,-0.211234,-0.869304,-0.237181,-1.164424,-0.240144,-1.339185,-0.251477,-1.493944
B,Right,legacy_asl_B_165,0.000000,0.000000,0.277713,-0.138806,0.539193,-0.378173,0.514873,-0.616488,0.351339,-0.737384,0.335842,-0.902370,0.337495,-1.242336,0.308974,-1.445633,0.272876,-1.624228,0.138836,-0.938318,0.151349,-1.314926,0.132097,-1.552584,0.101614,-1.749860,-0.038378,-0.906015,-0.044223,-1.268206,-0.051918,-1.491944,-0.066487,-1.675726,-0.225928,-0.806536,-0.235401,-1.102406,-0.229096,-1.281680,-0.225162,-1.438269
B,Right,legacy_asl_B_166,0.000000,0.000000,0.298758,-0.130872,0.585832,-0.368115,0.572985,-0.619449,0.407832,-0.754989,0.400344,-0.928917,0.420153,-1.285524,0.401038,-1.500341,0.372658,-1.689644,0.195554,-0.977109,0.228706,-1.371583,0.221143,-1.621960,0.199649,-1.830563,0.007903,-0.952638,0.021027,-1.332962,0.024849,-1.568118,0.019334,-1.761718,-0.194164,-0.858236,-0.188373,-1.169168,-0.172226,-1.356928,-0.159774,-1.521014
B,Right,legacy_asl_B_167,-0.006421,0.005847,0.343351,-0.081326,0.611646,-0.283503,0.640103,-0.544472,0.369808,-0.732290,0.443140,-0.920202,0.462087,-1.310102,0.460769,-1.541858,0.407952,-1.790563,0.214848,-0.971594,0.216056,-1.381511,0.239288,-1.684356,0.251560,-1.885922,-0.003678,-0.945812,0.043128,-1.318455,0.055942,-1.603237,0.075251,-1.816762,-0.194393,-0.828825,-0.175210,-1.147762,-0.160787,-1.344292,-0.154836,-1.517799
B,Right,legacy_asl_B_168,0.000000,0.000000,0.332818,-0.080335,0.627462,-0.276404,0.607428,-0.559482,0.390677,-0.732565,0.442486,-0.891180,0.473808,-1.293403,0.451472,-1.552463,0.424984,-1.780621,0.213494,-0.957408,0.243136,-1.387097,0.243549,-1.674142,0.238848,-1.913532,0.003913,-0.932172,0.031383,-1.341177,0.053732,-1.604175,0.065017,-1.817459,-0.210769,-0.840396,-0.182669,-1.154802,-0.161722,-1.361728,-0.144368,-1.546792
B,Right,legacy_asl_B_169,0.000000,0.000000,0.328817,-0.088080,0.616828,-0.290249,0.589915,-0.571118,0.370195,-0.737792,0.417768,-0.896729,0.438953,-1.297292,0.410345,-1.554232,0.378374,-1.780354,0.188524,-0.956893,0.207359,-1.384714,0.200671,-1.670032,0.190078,-1.907856,-0.019165,-0.926626,-0.001976,-1.333835,0.013733,-1.595794,0.019675,-1.808066,-0.230277,-0.830096,-0.210123,-1.143295,-0.194421,-1.349486,-0.181749,-1.533858
B,Right,legacy_asl_B_170,0.008483,0.004468,0.334706,-0.077017,0.648416,-0.263587,0.576606,-0.590231,0.393805,-0.733655,0.460128,-0.898164,0.482677,-1.291497,0.466666,-1.555581,0.424842,-1.740676,0.186351,-0.923517,0.266548,-1.375577,0.223135,-1.671861,0.246412,-1.896986,0.009780,-0.931274,0.029396,-1.310180,0.057453,-1.586945,0.058288,-1.802258,-0.217556,-0.847867,-0.176796,-1.157996,-0.161154,-1.339187,-0.153614,-1.545685
B,Right,legacy_asl_B_171,0.000000,0.000000,0.339229,-0.081882,0.639549,-0.281728,0.619129,-0.570260,0.398203,-0.746676,0.451010,-0.908347,0.482935,-1.318318,0.460169,-1.582369,0.433170,-1.814922,0.217607,-0.975851,0.247819,-1.413817,0.248241,-1.706392,0.243449,-1.950393,0.003988,-0.950129,0.031988,-1.367012,0.054767,-1.635077,0.066269,-1.852469,-0.214829,-0.856585,-0.186187,-1.177048,-0.164838,-1.387960,-0.147149,-1.576588
B,Right,legacy_asl_B_172,0.000000,0.000000,0.333505,-0.068214,0.633115,-0.252757,0.623084,-0.534735,0.413749,-0.714278,0.470763,-0.870078,0.515917,-1.268651,0.502761,-1.526844,0.484400,-1.754475,0.245536,-0.943873,0.289980,-1.369797,0.300405,-1.655002,0.304085,-1.893034,0.036408,-0.926109,0.077972,-1.331555,0.109353,-1.592102,0.128007,-1.803636,-0.180111,-0.842406,-0.141221,-1.153833,-0.113189,-1.358713,-0.089490,-1.541994
B,Right,legacy_asl_B_173,-0.018426,0.003523,0.328188,-0.094776,0.631641,-0.259063,0.599848,-0.585456,0.388214,-0.704205,0.459420,-0.904716,0.467878,-1.277905,0.458331,-1.557109,0.431124,-1.758561,0.216481,-0.942784,0.241497,-1.344921,0.232117,-1.676318,0.236883,-1.902017,-0.015535,-0.925593,0.025490,-1.319963,0.061160,-1.601688,0.049882,-1.791860,-0.195000,-0.825674,-0.172954,-1.156672,-0.140055,-1.370348,-0.130298,-1.533423
B,Right,legacy_asl_B_174,0.000000,0.000000,0.319177,-0.077042,0.601744,-0.265075,0.582531,-0.536551,0.374664,-0.702539,0.424350,-0.854653,0.454388,-1.240390,0.432968,-1.488833,0.407565,-1.707639,0.204743,-0.918167,0.233170,-1.330244,0.233567,-1.605524,0.229059,-1.835102,0.003753,-0.893965,0.030097,-1.286206,0.051530,-1.538425,0.062352,-1.742967,-0.202130,-0.805951,-0.175182,-1.107471,-0.155094,-1.305915,-0.138451,-1.483393
B,Right,legacy_asl_B_175,0.000000,0.000000,0.328229,-0.090246,0.614900,-0.294310,0.586135,-0.574996,0.365321,-0.740218,0.411845,-0.899465,0.430387,-1.300158,0.400085,-1.556904,0.366624,-1.782810,0.182209,-0.958115,0.198222,-1.386052,0.189653,-1.671319,0.177491,-1.909068,-0.025275,-0.926480,-0.010773,-1.333793,0.003209,-1.595850,0.007750,-1.808156,-0.235747,-0.828560,-0.217658,-1.141884,-0.203317,-1.348174,-0.191861,-1.532626
B,Right,legacy_asl_B_176,-0.005101,0.019182,0.308255,-0.083128,0.635248,-0.281733,0.598167,-0.563428,0.365503,-0.734456,0.462671,-0.894008,0.479941,-1.299106,0.449819,-1.527670,0.418441,-1.782814,0.209724,-0.990630,0.244132,-1.394487,0.234552,-1.620023,0.256301,-1.892274,-0.007039,-0.906702,0.038256,-1.339292,0.052926,-1.590220,0.060107,-1.798827,-0.203833,-0.834054,-0.181209,-1.145775,-0.155395,-1.374552,-0.138212,-1.558452
B,Right,legacy_asl_B_177,0.000000,0.000000,0.319807,-0.077194,0.602932,-0.265598,0.583682,-0.537610,0.375404,-0.703926,0.425188,-0.856341,0.455286,-1.242840,0.433823,-1.491773,0.408370,-1.711011,0.205148,-0.919980,0.233631,-1.332871,0.234028,-1.608695,0.229511,-1.838726,0.003760,-0.895731,0.030156,-1.288746,0.051632,-1.541463,0.062475,-1.746409,-0.202529,-0.807542,-0.175527,-1.109658,-0.155400,-1.308494,-0.138725,-1.486323
B,Right,legacy_asl_B_178,0.000000,0.000000,0.328194,-0.090371,0.614788,-0.294545,0.585916,-0.575220,0.365039,-0.740357,0.411502,-0.899621,0.429892,-1.300322,0.399492,-1.557057,0.365945,-1.782950,0.181844,-0.958185,0.197694,-1.386127,0.189016,-1.671391,0.176764,-1.909136,-0.025628,-0.926470,-0.011281,-1.333788,0.002601,-1.595851,0.007061,-1.808159,-0.236063,-0.828470,-0.218093,-1.141801,-0.203830,-1.348097,-0.192445,-1.532553
B,Right,legacy_asl_B_179,0.003054,-0.032921,0.322537,-0.164062,0.472402,-0.489041,0.179410,-0.763361,-0.119055,-0.780082,0.498986,-0.880953,0.551648,-1.286255,0.562934,-1.522128,0.499260,-1.750238,0.276795,-0.952501,0.303194,-1.364304,0.338449,-1.670704,0.371015,-1.896003,0.076943,-0.929841,0.115566,-1.330796,0.120490,-1.613113,0.131240,-1.810856,-0.144042,-0.883083,-0.136984,-1.196417,-0.087127,-1.400051,-0.072249,-1.554564
B,Right,legacy_asl_B_180,0.000000,0.000000,0.292716,-0.164396,0.474449,-0.517159,0.193361,-0.775312,-0.133878,-0.805723,0.521697,-0.905343,0.568616,-1.307068,0.558883,-1.578143,0.534507,-1.798592,0.281906,-0.977241,0.333733,-1.396805,0.344890,-1.691127,0.348256,-1.933563,0.068404,-0.962883,0.104495,-1.361674,0.130720,-1.631029,0.142637,-1.852044,-0.160854,-0.883600,-0.122056,-1.207939,-0.094004,-1.418759,-0.079219,-1.600823
B,Right,legacy_asl_B_181,0.000000,0.000000,0.285362,-0.163880,0.460175,-0.511347,0.182244,-0.761736,-0.138785,-0.788472,0.502841,-0.892269,0.545056,-1.286459,0.532972,-1.552062,0.507010,-1.767906,0.267135,-0.960488,0.313993,-1.372210,0.322166,-1.660794,0.323189,-1.898450,0.058006,-0.944411,0.089636,-1.335625,0.112812,-1.599878,0.122417,-1.816618,-0.165957,-0.864550,-0.130974,-1.182814,-0.105458,-1.389712,-0.092676,-1.568301
B,Right,legacy_asl_B_182,-0.025976,-0.023689,0.292996,-0.164629,0.470363,-0.503377,0.199729,-0.765141,-0.135003,-0.796132,0.521934,-0.904909,0.512461,-1.289952,0.542518,-1.562677,0.549191,-1.756862,0.276088,-0.938465,0.349770,-1.374936,0.346002,-1.657813,0.349357,-1.895100,0.091002,-0.938185,0.084254,-1.324491,0.123434,-1.595119,0.131290,-1.831819,-0.184240,-0.862599,-0.115852,-1.160562,-0.081223,-1.389390,-0.114348,-1.579663
B,Right,legacy_asl_B_183,0.000000,0.000000,0.291617,-0.163778,0.472667,-0.515217,0.192635,-0.772401,-0.133375,-0.802699,0.519738,-0.901944,0.566481,-1.302161,0.556784,-1.572218,0.532500,-1.791839,0.280848,-0.973572,0.332480,-1.391561,0.343595,-1.684778,0.346948,-1.926304,0.068147,-0.959268,0.104102,-1.356562,0.130229,-1.624906,0.142101,-1.845091,-0.160250,-0.880283,-0.121598,-1.203404,-0.093651,-1.413433,-0.078922,-1.594813
B,Right,legacy_asl_B_184,0.000000,0.000000,0.283623,-0.166870,0.454775,-0.516155,0.174228,-0.763610,-0.147064,-0.786970,0.493435,-0.897504,0.531506,-1.292117,0.516630,-1.557578,0.488402,-1.773137,0.257026,-0.963243,0.299554,-1.375434,0.304694,-1.664088,0.303219,-1.901741,0.048077,-0.944968,0.075594,-1.336493,0.095991,-1.600976,0.103318,-1.817804,-0.175034,-0.862758,-0.143398,-1.181372,-0.120058,-1.388527,-0.109154,-1.567240
B,Right,legacy_asl_B_185,0.012352,0.016876,0.280747,-0.164135,0.475303,-0.497127,0.167451,-0.736413,-0.100407,-0.795364,0.505658,-0.873016,0.556948,-1.268984,0.563961,-1.533010,0.526597,-1.781586,0.299281,-0.956679,0.315616,-1.366291,0.339148,-1.681226,0.364577,-1.875420,0.064590,-0.943596,0.088947,-1.332111,0.123051,-1.614423,0.117665,-1.811979,-0.157334,-0.873150,-0.103095,-1.174773,-0.095356,-1.398432,-0.077253,-1.562533
B,Right,legacy_asl_B_186,0.000000,0.000000,0.299467,-0.168187,0.485392,-0.529088,0.197821,-0.793195,-0.136966,-0.824308,0.533730,-0.926225,0.581731,-1.337216,0.571774,-1.614544,0.546836,-1.840077,0.288409,-0.999782,0.341430,-1.429023,0.352845,-1.730134,0.356289,-1.978162,0.069982,-0.985092,0.106905,-1.393082,0.133735,-1.668650,0.145927,-1.894762,-0.164565,-0.903981,-0.124872,-1.235801,-0.096172,-1.451483,-0.081047,-1.637747
B,Right,legacy_asl_B_187,0.000000,0.000000,0.295897,-0.143990,0.494054,-0.478693,0.233890,-0.747496,-0.084560,-0.796115,0.562660,-0.855807,0.631724,-1.246190,0.637824,-1.511997,0.626679,-1.729111,0.332170,-0.939980,0.407064,-1.347535,0.434945,-1.634886,0.452212,-1.871915,0.122431,-0.938236,0.180730,-1.326373,0.221916,-1.588424,0.246315,-1.804000,-0.106468,-0.873872,-0.049811,-1.189000,-0.010210,-1.393671,0.014750,-1.570967
B,Right,legacy_asl_B_188,0.006665,-0.019211,0.285959,-0.182758,0.458288,-0.506076,0.183097,-0.744643,-0.130048,-0.766371,0.511731,-0.895730,0.542140,-1.297601,0.523967,-1.523567,0.532232,-1.746777,0.267524,-0.938349,0.346505,-1.365126,0.357190,-1.634685,0.352612,-1.913757,0.074857,-0.956024,0.096996,-1.328748,0.139264,-1.583243,0.127564,-1.805774,-0.157547,-0.867286,-0.122871,-1.178214,-0.075892,-1.394703,-0.064325,-1.542449
B,Right,legacy_asl_B_189,0.000000,0.000000,0.282462,-0.158637,0.457829,-0.499043,0.186588,-0.748153,-0.129188,-0.777499,0.503422,-0.873629,0.548697,-1.261281,0.539305,-1.522861,0.515783,-1.735587,0.272031,-0.943008,0.322042,-1.347875,0.332809,-1.631887,0.336057,-1.865831,0.066008,-0.929153,0.100834,-1.313975,0.126141,-1.573894,0.137640,-1.787167,-0.155220,-0.852648,-0.117781,-1.165625,-0.090711,-1.369060,-0.076444,-1.544746
B,Right,legacy_asl_B_190,0.000000,0.000000,0.292282,-0.151193,0.482183,-0.490649,0.215513,-0.753000,-0.104032,-0.793805,0.541532,-0.869330,0.601015,-1.261287,0.600603,-1.527164,0.584144,-1.743940,0.309049,-0.947833,0.373940,-1.357100,0.394776,-1.645047,0.406232,-1.882429,0.099416,-0.940953,0.148192,-1.330401,0.182948,-1.593382,0.202061,-1.809491,-0.127838,-0.871002,-0.078915,-1.187424,-0.044339,-1.393003,-0.023728,-1.570858
B,Right,legacy_asl_B_191,0.005174,-0.003536,0.352563,-0.155917,0.561893,-0.508118,0.494097,-0.862640,0.215252,-1.016409,0.392835,-0.922867,0.396176,-1.350847,0.366084,-1.627985,0.358078,-1.855513,0.170572,-0.932993,0.213168,-1.460578,0.183132,-1.726868,0.169076,-1.990683,-0.050922,-0.957033,-0.008460,-1.419169,-0.030080,-1.696438,-0.002334,-1.893083,-0.235646,-0.873667,-0.242877,-1.228308,-0.207487,-1.487279,-0.216905,-1.647029
B,Right,legacy_asl_B_192,0.000000,0.000000,0.317495,-0.140830,0.546730,-0.468849,0.451718,-0.808127,0.205609,-0.987998,0.371775,-0.882014,0.387273,-1.290028,0.358078,-1.543857,0.326116,-1.761805,0.163654,-0.925503,0.190121,-1.381185,0.170977,-1.663323,0.152553,-1.898102,-0.025557,-0.907585,-0.009628,-1.335402,-0.008832,-1.610761,-0.013327,-1.818147,-0.229701,-0.841694,-0.210963,-1.177768,-0.202977,-1.396455,-0.197804,-1.587796
B,Right,legacy_asl_B_193,0.000000,0.000000,0.346228,-0.119683,0.616396,-0.443963,0.546807,-0.808997,0.304206,-1.019981,0.469382,-0.893777,0.522063,-1.321191,0.514021,-1.590552,0.499871,-1.822452,0.254540,-0.958045,0.322999,-1.434576,0.328047,-1.732792,0.329625,-1.981173,0.054094,-0.956091,0.108993,-1.404277,0.134391,-1.693591,0.148164,-1.911940,-0.166325,-0.905053,-0.116657,-1.256573,-0.088758,-1.485686,-0.066255,-1.686312
B,Right,legacy_asl_B_194,-0.008313,-0.004253,0.357597,-0.154185,0.578878,-0.478804,0.491784,-0.867611,0.209074,-1.053179,0.388475,-0.900776,0.389164,-1.342996,0.375251,-1.604955,0.324996,-1.861011,0.182846,-0.983725,0.189702,-1.480964,0.170425,-1.752044,0.149824,-1.987095,-0.003776,-0.958129,-0.023695,-1.424267,0.003116,-1.685267,-0.026878,-1.927099,-0.257376,-0.898374,-0.227576,-1.243196,-0.205354,-1.457526,-0.191520,-1.684132
B,Right,legacy_asl_B_195,0.000000,0.000000,0.327990,-0.145485,0.564802,-0.484346,0.466650,-0.834840,0.212405,-1.020657,0.384064,-0.911169,0.400075,-1.332671,0.369915,-1.594890,0.336896,-1.820042,0.169064,-0.956096,0.196405,-1.426840,0.176629,-1.718305,0.157596,-1.960845,-0.026402,-0.937586,-0.009947,-1.379544,-0.009124,-1.664005,-0.013768,-1.878246,-0.237293,-0.869516,-0.217937,-1.216699,-0.209686,-1.442615,-0.204343,-1.640281
B,Right,legacy_asl_B_196,0.000000,0.000000,0.323408,-0.172061,0.539870,-0.534403,0.414371,-0.884178,0.141916,-1.054876,0.324706,-0.955889,0.310290,-1.386296,0.260465,-1.651131,0.210430,-1.878010,0.102484,-0.985970,0.096018,-1.467350,0.054636,-1.762725,0.017576,-2.008330,-0.095221,-0.952874,-0.110675,-1.404146,-0.130570,-1.693890,-0.150914,-1.911725,-0.305023,-0.868185,-0.310615,-1.223153,-0.318679,-1.453818,-0.327644,-1.655502
B,Right,legacy_asl_B_197,-0.006150,0.016944,0.330100,-0.141698,0.580709,-0.497318,0.448083,-0.813116,0.231707,-1.078830,0.368432,-0.911882,0.435129,-1.339714,0.367913,-1.660345,0.361062,-1.884500,0.176404,-0.994482,0.203921,-1.455535,0.169716,-1.752601,0.181993,-1.976298,-0.029041,-0.971401,-0.001504,-1.391478,-0.011915,-1.706713,-0.012618,-1.907222,-0.214183,-0.853276,-0.199543,-1.259948,-0.194326,-1.485964,-0.199765,-1.681395
B,Right,legacy_asl_B_198,0.000000,0.000000,0.357193,-0.158438,0.615091,-0.527472,0.508199,-0.909173,0.231318,-1.111534,0.418261,-0.992298,0.435697,-1.451329,0.402851,-1.736896,0.366892,-1.982095,0.184117,-1.041225,0.213893,-1.553883,0.192356,-1.871300,0.171628,-2.135435,-0.028752,-1.021066,-0.010832,-1.502376,-0.009936,-1.812165,-0.014994,-2.045481,-0.258422,-0.946937,-0.237341,-1.325032,-0.228356,-1.571063,-0.222537,-1.786329
B,Right,legacy_asl_B_199,0.000000,0.000000,0.325972,-0.167152,0.547888,-0.526180,0.427691,-0.877812,0.157848,-1.052610,0.339120,-0.950870,0.331213,-1.381446,0.285397,-1.647004,0.238798,-1.874614,0.117379,-0.984308,0.118191,-1.465731,0.081279,-1.761697,0.047936,-2.007835,-0.080804,-0.954205,-0.089434,-1.405658,-0.104946,-1.695670,-0.121995,-1.913788,-0.291863,-0.872697,-0.292088,-1.227709,-0.296663,-1.458469,-0.302578,-1.660266
B,Right,legacy_asl_B_200,0.006234,0.003759,0.323915,-0.130501,0.600972,-0.476678,0.467838,-0.852234,0.212951,-1.065820,0.403018,-0.934485,0.387382,-1.348547,0.380362,-1.647062,0.340483,-1.864264,0.161974,-0.963744,0.210924,-1.472408,0.202271,-1.737716,0.163310,-2.025137,-0.028180,-0.942727,-0.014607,-1.440538,-0.007859,-1.693946,-0.039994,-1.912748,-0.235676,-0.900839,-0.210121,-1.241189,-0.200698,-1.473900,-0.201716,-1.674622
B,Right,legacy_asl_B_201,0.000000,0.000000,0.312595,-0.138656,0.538292,-0.461613,0.444747,-0.795656,0.202436,-0.972751,0.366038,-0.868402,0.381297,-1.270120,0.352552,-1.520031,0.321083,-1.734616,0.161129,-0.911220,0.187186,-1.359870,0.168339,-1.637654,0.150199,-1.868810,-0.025162,-0.893579,-0.009480,-1.314793,-0.008695,-1.585903,-0.013122,-1.790088,-0.226156,-0.828705,-0.207707,-1.159592,-0.199844,-1.374904,-0.194752,-1.563293
B,Right,legacy_asl_B_202,0.000000,0.000000,0.339236,-0.138262,0.591442,-0.476701,0.502181,-0.837429,0.248508,-1.034962,0.420278,-0.917891,0.449729,-1.347531,0.427108,-1.616061,0.400417,-1.846854,0.202271,-0.970426,0.244816,-1.449966,0.233702,-1.748018,0.221823,-1.996119,0.002224,-0.957618,0.032765,-1.408119,0.042454,-1.698384,0.044379,-1.917159,-0.215106,-0.894714,-0.184553,-1.248409,-0.169105,-1.478697,-0.157503,-1.680247
B,Right,legacy_asl_B_203,-0.011782,-0.006756,0.302236,-0.137813,0.571031,-0.440574,0.475423,-0.700381,0.252656,-0.829937,0.391830,-0.939064,0.400858,-1.319121,0.328494,-1.568188,0.330486,-1.743686,0.155629,-0.998243,0.150125,-1.412531,0.135740,-1.689001,0.092722,-1.923261,-0.048586,-0.921961,-0.057320,-1.336092,-0.040700,-1.593066,-0.034975,-1.845185,-0.241202,-0.845006,-0.233476,-1.169263,-0.218958,-1.351351,-0.185362,-1.539632
B,Right,legacy_asl_B_204,0.000000,0.000000,0.288412,-0.139130,0.523587,-0.398030,0.437974,-0.656059,0.243496,-0.812533,0.359530,-0.880138,0.361355,-1.242229,0.327540,-1.453640,0.299547,-1.640126,0.144490,-0.922013,0.149146,-1.332572,0.129451,-1.589922,0.115489,-1.804908,-0.042872,-0.888598,-0.039414,-1.280843,-0.040060,-1.523520,-0.042586,-1.731548,-0.237156,-0.784953,-0.221007,-1.090303,-0.204848,-1.282844,-0.190712,-1.465405
B,Right,legacy_asl_B_205,0.000000,0.000000,0.292377,-0.175184,0.516819,-0.472221,0.401284,-0.737530,0.180096,-0.884728,0.296610,-0.967537,0.263773,-1.351555,0.207625,-1.572420,0.160042,-1.767420,0.064630,-0.991277,0.030140,-1.426947,-0.015451,-1.697866,-0.050897,-1.924426,-0.130779,-0.937863,-0.164780,-1.354004,-0.188769,-1.611197,-0.211423,-1.831480,-0.326781,-0.809335,-0.338984,-1.134579,-0.340345,-1.340238,-0.342890,-1.535124
B,Right,legacy_asl_B_206,0.010964,-0.002949,0.299557,-0.147148,0.563697,-0.429831,0.470441,-0.734175,0.274631,-0.872500,0.381716,-0.941265,0.395249,-1.319143,0.347118,-1.546350,0.310395,-1.773483,0.150970,-0.991761,0.131364,-1.402352,0.136368,-1.730391,0.110554,-1.922803,-0.046298,-0.964085,-0.021028,-1.368529,-0.036144,-1.622297,-0.046028,-1.797268,-0.271876,-0.829252,-0.246462,-1.172372,-0.203115,-1.385438,-0.179783,-1.573935
B,Right,legacy_asl_B_207,0.000000,0.000000,0.293210,-0.141445,0.532299,-0.404652,0.445261,-0.666975,0.247547,-0.826052,0.365512,-0.894783,0.367368,-1.262898,0.332990,-1.477827,0.304531,-1.667415,0.146895,-0.937354,0.151627,-1.354744,0.131605,-1.616376,0.117411,-1.834939,-0.043585,-0.903383,-0.040069,-1.302155,-0.040727,-1.548869,-0.043294,-1.760358,-0.241102,-0.798014,-0.224684,-1.108444,-0.208256,-1.304188,-0.193885,-1.489787
B,Right,legacy_asl_B_208,0.000000,0.000000,0.313444,-0.133891,0.576114,-0.397727,0.497647,-0.676259,0.298479,-0.852108,0.425151,-0.918342,0.444725,-1.303264,0.419065,-1.529705,0.398382,-1.729358,0.198538,-0.973340,0.223482,-1.409660,0.215074,-1.684260,0.210698,-1.913534,-0.002312,-0.946935,0.020468,-1.363840,0.031599,-1.621910,0.039044,-1.843229,-0.213941,-0.846190,-0.181899,-1.170082,-0.155341,-1.374024,-0.131419,-1.567453
B,Right,legacy_asl_B_209,0.008765,0.012915,0.326360,-0.142729,0.568395,-0.399735,0.466933,-0.688155,0.278355,-0.863559,0.354440,-0.931694,0.384229,-1.318456,0.338870,-1.562390,0.331590,-1.763138,0.134888,-0.978302,0.168628,-1.412231,0.135631,-1.689859,0.140537,-1.933161,-0.052571,-0.945660,-0.033506,-1.337874,-0.021075,-1.614943,-0.037542,-1.816919,-0.247368,-0.833062,-0.233990,-1.170045,-0.231754,-1.362518,-0.189434,-1.562387
B,Right,legacy_asl_B_210,0.000000,0.000000,0.289602,-0.139704,0.525748,-0.399672,0.439781,-0.658767,0.244500,-0.815886,0.361014,-0.883770,0.362847,-1.247355,0.328892,-1.459639,0.300784,-1.646894,0.145087,-0.925818,0.149761,-1.338071,0.129985,-1.596483,0.115966,-1.812356,-0.043049,-0.892265,-0.039576,-1.286129,-0.040226,-1.529807,-0.042761,-1.738694,-0.238135,-0.788193,-0.221919,-1.094802,-0.205693,-1.288138,-0.191499,-1.471453
B,Right,legacy_asl_B_211,0.000000,0.000000,0.308827,-0.144220,0.562597,-0.416627,0.474930,-0.692402,0.270035,-0.861545,0.394439,-0.931946,0.401228,-1.317306,0.368067,-1.542770,0.340770,-1.741626,0.166126,-0.979392,0.176576,-1.416301,0.159059,-1.690470,0.147077,-1.919473,-0.033737,-0.946336,-0.024806,-1.363768,-0.022246,-1.622065,-0.022149,-1.843509,-0.241906,-0.838624,-0.220631,-1.163401,-0.200856,-1.368112,-0.183366,-1.562228
B,Right,legacy_asl_B_212,-0.021073,0.022044,0.304104,-0.140162,0.573266,-0.434397,0.455687,-0.720229,0.240383,-0.855377,0.381547,-0.950086,0.383857,-1.326538,0.378896,-1.543979,0.320319,-1.730992,0.148939,-0.988065,0.154260,-1.428981,0.176903,-1.665334,0.113993,-1.926514,-0.033258,-0.936164,-0.055661,-1.376154,-0.039614,-1.645062,-0.039127,-1.832219,-0.251881,-0.837595,-0.240874,-1.155338,-0.220366,-1.372291,-0.189560,-1.553053
B,Right,legacy_asl_B_213,0.000000,0.000000,0.326974,-0.157732,0.593594,-0.451248,0.496533,-0.743778,0.276052,-0.921173,0.407601,-0.997817,0.409670,-1.408321,0.371334,-1.647999,0.339598,-1.859418,0.163810,-1.045290,0.169087,-1.510743,0.146759,-1.802503,0.130931,-2.046233,-0.048604,-1.007408,-0.044683,-1.452098,-0.045417,-1.727222,-0.048280,-1.963064,-0.268865,-0.889906,-0.250556,-1.236082,-0.232237,-1.454366,-0.216211,-1.661337
B,Right,legacy_asl_B_214,0.000000,0.000000,0.310548,-0.140477,0.567592,-0.409797,0.483264,-0.686611,0.280429,-0.858218,0.405675,-0.927110,0.417121,-1.312360,0.386688,-1.538208,0.361796,-1.737380,0.177952,-0.977313,0.193682,-1.414063,0.179480,-1.688424,0.170266,-1.917555,-0.022296,-0.946675,-0.008320,-1.363968,-0.002639,-1.622215,0.000134,-1.843642,-0.231752,-0.841487,-0.206553,-1.165983,-0.184305,-1.370439,-0.164471,-1.564330
B,Right,legacy_asl_B_215,0.006353,0.006161,0.350246,-0.218141,0.566895,-0.478101,0.601217,-0.749496,0.518046,-0.950116,0.328552,-0.959994,0.368898,-1.322028,0.382498,-1.545251,0.353422,-1.764626,0.141031,-0.958325,0.183968,-1.419823,0.180039,-1.676213,0.182014,-1.893234,-0.017752,-0.982751,-0.019332,-1.394414,-0.007241,-1.640236,-0.001171,-1.802689,-0.205115,-0.861297,-0.198855,-1.179121,-0.186453,-1.411047,-0.186214,-1.588442
B,Right,legacy_asl_B_216,0.000000,0.000000,0.362079,-0.212139,0.616609,-0.509551,0.625693,-0.796939,0.553914,-1.031785,0.356615,-1.007832,0.406872,-1.406564,0.402645,-1.664473,0.369569,-1.886011,0.143709,-1.059885,0.201328,-1.503233,0.204245,-1.796586,0.175275,-2.034535,-0.048094,-1.029892,-0.025681,-1.459891,-0.006195,-1.735224,-0.012977,-1.956023,-0.251238,-0.917913,-0.240156,-1.263617,-0.216968,-1.494739,-0.195676,-1.695592
B,Right,legacy_asl_B_217,0.000000,0.000000,0.335104,-0.203811,0.568392,-0.485657,0.572464,-0.754363,0.501776,-0.972725,0.317767,-0.947307,0.358603,-1.320698,0.350689,-1.561651,0.316374,-1.768170,0.118005,-0.992678,0.165036,-1.407876,0.163252,-1.682061,0.132522,-1.903980,-0.060775,-0.961701,-0.046440,-1.363883,-0.032462,-1.621483,-0.042195,-1.827717,-0.248894,-0.853934,-0.243851,-1.177167,-0.225734,-1.393509,-0.208924,-1.581534
B,Right,legacy_asl_B_218,0.015047,0.002909,0.334388,-0.206360,0.581318,-0.498312,0.576503,-0.750487,0.510965,-0.935032,0.332773,-0.939421,0.367995,-1.309315,0.373499,-1.551698,0.314164,-1.738212,0.111277,-1.003345,0.190090,-1.402991,0.170437,-1.691716,0.178558,-1.885155,-0.053909,-0.953895,-0.021202,-1.387413,-0.028600,-1.635415,0.002455,-1.835228,-0.215633,-0.849906,-0.238495,-1.218978,-0.194383,-1.399161,-0.185926,-1.583967
B,Right,legacy_asl_B_219,0.000000,0.000000,0.339708,-0.199032,0.578512,-0.478069,0.587035,-0.747701,0.519691,-0.968037,0.334582,-0.945564,0.381733,-1.319661,0.377768,-1.561636,0.346735,-1.769485,0.134830,-0.994401,0.188889,-1.410357,0.191626,-1.685586,0.164446,-1.908833,-0.045122,-0.966261,-0.024094,-1.369693,-0.005812,-1.628015,-0.012176,-1.835172,-0.235716,-0.861201,-0.225318,-1.185546,-0.203563,-1.402388,-0.183586,-1.590831
B,Right,legacy_asl_B_220,0.000000,0.000000,0.325487,-0.218842,0.545715,-0.511006,0.537561,-0.779619,0.457015,-0.994540,0.274352,-0.960780,0.298164,-1.335641,0.279299,-1.575985,0.235626,-1.780730,0.072733,-0.997018,0.100831,-1.413925,0.086579,-1.687746,0.045787,-1.908037,-0.104452,-0.957942,-0.108424,-1.360360,-0.106177,-1.618328,-0.125280,-1.823906,-0.287475,-0.841730,-0.297139,-1.164858,-0.288881,-1.381800,-0.280640,-1.570395
B,Right,legacy_asl_B_221,0.010739,-0.036411,0.331583,-0.200589,0.583450,-0.492532,0.587207,-0.718078,0.490892,-0.963820,0.339028,-0.947046,0.388873,-1.304932,0.378276,-1.550075,0.317763,-1.781905,0.133278,-1.006637,0.183676,-1.388107,0.216679,-1.699233,0.186425,-1.892008,-0.009659,-0.945012,0.004194,-1.371090,0.019651,-1.635004,-0.025514,-1.813440,-0.250955,-0.847779,-0.218734,-1.189540,-0.201963,-1.371332,-0.186428,-1.567687
B,Right,legacy_asl_B_222,0.000000,0.000000,0.350025,-0.205077,0.596081,-0.492588,0.604863,-0.770409,0.535474,-0.997437,0.344743,-0.974281,0.393327,-1.359739,0.389241,-1.609062,0.357266,-1.823224,0.138925,-1.024601,0.194626,-1.453190,0.197445,-1.736777,0.169440,-1.966804,-0.046493,-0.995606,-0.024826,-1.411290,-0.005988,-1.677457,-0.012545,-1.890906,-0.242874,-0.887355,-0.232161,-1.221551,-0.209745,-1.444979,-0.189162,-1.639144
B,Right,legacy_asl_B_223,0.000000,0.000000,0.350087,-0.176840,0.604808,-0.439477,0.629988,-0.707031,0.576684,-0.930273,0.391246,-0.919399,0.461306,-1.288424,0.472356,-1.529253,0.454380,-1.737831,0.195668,-0.980331,0.275189,-1.390548,0.294963,-1.664025,0.281772,-1.887672,0.015007,-0.963503,0.060910,-1.363314,0.095093,-1.619018,0.101602,-1.825378,-0.181001,-0.870856,-0.150567,-1.192693,-0.115501,-1.406941,-0.083963,-1.593063
B,Right,legacy_asl_B_224,-0.002399,0.026917,0.340709,-0.203697,0.589902,-0.445455,0.574301,-0.759391,0.508252,-0.953812,0.342178,-0.956516,0.394420,-1.299949,0.394379,-1.549764,0.355210,-1.748451,0.124471,-1.002893,0.221039,-1.403746,0.174155,-1.651100,0.150699,-1.886354,-0.073430,-0.963682,-0.023660,-1.366804,-0.009833,-1.599843,-0.031297,-1.803416,-0.227614,-0.861099,-0.223254,-1.197539,-0.180548,-1.400042,-0.159394,-1.593272
B,Right,legacy_asl_B_225,0.000000,0.000000,0.329708,-0.193173,0.561482,-0.463996,0.569754,-0.725690,0.504392,-0.939540,0.324732,-0.917729,0.370496,-1.280813,0.366647,-1.515664,0.336528,-1.717395,0.130861,-0.965128,0.183329,-1.368839,0.185985,-1.635965,0.159605,-1.852640,-0.043794,-0.937816,-0.023385,-1.329372,-0.005641,-1.580089,-0.011817,-1.781148,-0.228777,-0.835849,-0.218685,-1.150646,-0.197570,-1.361105,-0.178182,-1.544000
B,Right,legacy_asl_B_226,0.000000,0.000000,0.355621,-0.165430,0.618699,-0.419695,0.652516,-0.686295,0.606456,-0.911145,0.420763,-0.906270,0.502716,-1.272838,0.521546,-1.513184,0.510322,-1.722234,0.227257,-0.973493,0.319999,-1.380925,0.348603,-1.653619,0.342649,-1.877577,0.046147,-0.962514,0.104951,-1.360632,0.147382,-1.615097,0.160558,-1.821140,-0.152754,-0.876252,-0.111931,-1.196937,-0.069957,-1.409939,-0.032419,-1.594944
B,Right,legacy_asl_B_227,-0.005351,0.018815,0.286668,-0.103415,0.442274,-0.413589,0.207536,-0.627997,-0.055508,-0.677986,0.399893,-0.914039,0.411434,-1.348428,0.397727,-1.597264,0.383417,-1.838721,0.191688,-0.971929,0.207681,-1.435432,0.181716,-1.728546,0.192176,-1.981071,0.014146,-0.980561,0.010552,-1.387691,0.015675,-1.652274,-0.012712,-1.862521,-0.180333,-0.831962,-0.178597,-1.158270,-0.173060,-1.372413,-0.127436,-1.559499
B,Right,legacy_asl_B_228,0.000000,0.000000,0.308348,-0.117716,0.490354,-0.443727,0.230553,-0.678475,-0.062564,-0.727885,0.425006,-0.982963,0.447661,-1.433349,0.431090,-1.732733,0.392713,-1.966767,0.197713,-1.040256,0.225277,-1.522614,0.220977,-1.848852,0.204569,-2.095595,0.002758,-1.009620,0.005948,-1.468991,0.006997,-1.762311,-0.002453,-1.987009,-0.200012,-0.900740,-0.175041,-1.265257,-0.161422,-1.493400,-0.159517,-1.680080
B,Right,legacy_asl_B_229,0.000000,0.000000,0.284273,-0.120975,0.443030,-0.432332,0.191745,-0.642755,-0.084171,-0.678642,0.362903,-0.934418,0.368223,-1.356498,0.342173,-1.635950,0.298029,-1.853509,0.148279,-0.979999,0.157064,-1.432158,0.141546,-1.737162,0.117503,-1.967381,-0.032998,-0.944473,-0.046201,-1.374271,-0.055557,-1.648673,-0.072314,-1.858517,-0.218827,-0.835483,-0.208316,-1.177324,-0.203616,-1.391204,-0.208412,-1.565888
B,Right,legacy_asl_B_230,0.000166,0.006517,0.265093,-0.105035,0.474737,-0.403206,0.201881,-0.641198,-0.047766,-0.669083,0.376457,-0.925637,0.437712,-1.334939,0.400354,-1.619847,0.373763,-1.843907,0.189671,-0.982333,0.174330,-1.432832,0.218059,-1.745710,0.177576,-1.970930,0.025828,-0.936406,0.005832,-1.376856,-0.008764,-1.660642,0.013857,-1.854291,-0.172351,-0.833818,-0.147227,-1.174296,-0.148208,-1.415719,-0.167207,-1.590920
B,Right,legacy_asl_B_231,0.000000,0.000000,0.274165,-0.104666,0.435994,-0.394536,0.204994,-0.603261,-0.055628,-0.647192,0.377891,-0.873993,0.398034,-1.274450,0.383300,-1.540644,0.349177,-1.748734,0.175795,-0.924934,0.200303,-1.353820,0.196480,-1.643891,0.181891,-1.863281,0.002452,-0.897695,0.005289,-1.306141,0.006221,-1.566944,-0.002181,-1.766732,-0.177839,-0.800885,-0.155636,-1.124992,-0.143527,-1.327843,-0.141833,-1.493829
B,Right,legacy_asl_B_232,0.000000,0.000000,0.297546,-0.083144,0.495285,-0.371320,0.273365,-0.612512,0.004420,-0.683828,0.480852,-0.879555,0.540785,-1.297392,0.551142,-1.577865,0.535543,-1.799308,0.273937,-0.952545,0.341201,-1.399759,0.365311,-1.704205,0.371284,-1.935599,0.089587,-0.940793,0.132152,-1.368682,0.158409,-1.641985,0.168967,-1.852232,-0.108792,-0.856786,-0.054101,-1.194387,-0.021745,-1.405857,-0.003880,-1.579692
B,Right,legacy_asl_B_233,-0.021505,0.002503,0.296505,-0.108982,0.457096,-0.423513,0.214650,-0.635675,-0.074936,-0.698880,0.403856,-0.901988,0.409600,-1.350451,0.377796,-1.605818,0.384910,-1.852563,0.173932,-0.962249,0.200978,-1.419546,0.207196,-1.727821,0.204884,-1.992075,0.031746,-0.949882,-0.004058,-1.361610,0.010024,-1.684751,-0.001198,-1.848886,-0.202732,-0.845399,-0.187140,-1.189579,-0.144183,-1.403264,-0.130108,-1.558967
B,Right,legacy_asl_B_234,0.000000,0.000000,0.268522,-0.102512,0.427021,-0.386416,0.200775,-0.590845,-0.054484,-0.633873,0.370113,-0.856006,0.389842,-1.248221,0.375411,-1.508936,0.341991,-1.712744,0.172177,-0.905899,0.196180,-1.325957,0.192436,-1.610058,0.178147,-1.824933,0.002402,-0.879219,0.005180,-1.279259,0.006093,-1.534695,-0.002136,-1.730371,-0.174179,-0.784402,-0.152433,-1.101839,-0.140573,-1.300515,-0.138914,-1.463085
B,Right,legacy_asl_B_235,0.000000,0.000000,0.283659,-0.122408,0.440842,-0.434562,0.188499,-0.643715,-0.087595,-0.678209,0.358182,-0.936238,0.361373,-1.358339,0.333912,-1.637656,0.288671,-1.854989,0.143331,-0.980735,0.149834,-1.432932,0.132777,-1.737854,0.107573,-1.967949,-0.037764,-0.944294,-0.053136,-1.374020,-0.063876,-1.648372,-0.081693,-1.858128,-0.223041,-0.834368,-0.214255,-1.176258,-0.210634,-1.390159,-0.216312,-1.564816
B,Right,legacy_asl_B_236,-0.008527,-0.010748,0.287292,-0.120693,0.469205,-0.394134,0.205819,-0.621076,-0.045451,-0.692697,0.438757,-0.890510,0.413669,-1.304338,0.428870,-1.621079,0.365112,-1.837410,0.199357,-1.001952,0.226482,-1.416290,0.185047,-1.718219,0.188019,-1.986647,-0.008826,-0.926535,-0.003931,-1.389491,0.002161,-1.631336,0.003204,-1.856385,-0.175955,-0.845819,-0.177158,-1.219729,-0.153789,-1.391512,-0.146875,-1.569951
B,Right,legacy_asl_B_237,0.000000,0.000000,0.301971,-0.115282,0.480213,-0.434550,0.225784,-0.664443,-0.061270,-0.712831,0.416216,-0.962634,0.438403,-1.403705,0.422174,-1.696897,0.384591,-1.926091,0.193624,-1.018741,0.220617,-1.491124,0.216407,-1.810615,0.200338,-2.052255,0.002701,-0.988739,0.005825,-1.438610,0.006852,-1.725864,-0.002402,-1.945914,-0.195875,-0.882111,-0.171421,-1.239089,-0.158083,-1.462513,-0.156218,-1.645333
B,Right,legacy_asl_B_238,0.000000,0.000000,0.297779,-0.082306,0.496328,-0.369925,0.275089,-0.611741,0.006345,-0.683813,0.483325,-0.878198,0.544435,-1.295865,0.555581,-1.576307,0.540606,-1.797793,0.276618,-0.951771,0.345140,-1.398793,0.370107,-1.703170,0.376731,-1.934547,0.092234,-0.940537,0.136004,-1.368304,0.163031,-1.641533,0.174181,-1.851749,-0.106380,-0.857089,-0.050739,-1.194535,-0.017787,-1.405913,0.000567,-1.579697
B,Right,legacy_asl_B_239,-0.005418,-0.013046,0.393814,-0.156993,0.691090,-0.458075,0.581217,-0.735369,0.414631,-0.869222,0.428137,-0.921982,0.452363,-1.338118,0.443316,-1.632582,0.401485,-1.866909,0.208615,-0.963848,0.209089,-1.432549,0.219586,-1.783657,0.209892,-2.012311,0.033798,-0.962609,0.016552,-1.436581,0.022602,-1.714606,-0.002220,-1.960853,-0.209173,-0.916679,-0.204412,-1.284228,-0.179875,-1.541419,-0.145762,-1.742288
B,Right,legacy_asl_B_240,0.000000,0.000000,0.387040,-0.165170,0.656660,-0.444989,0.572151,-0.716540,0.381077,-0.864564,0.431009,-0.881005,0.449504,-1.305964,0.425992,-1.569940,0.391564,-1.793798,0.205828,-0.941637,0.224069,-1.402107,0.212464,-1.705760,0.190515,-1.955737,0.000471,-0.944685,0.012175,-1.394409,0.019358,-1.680101,0.013350,-1.915132,-0.209758,-0.894470,-0.193980,-1.266274,-0.171758,-1.496099,-0.156600,-1.694115
B,Right,legacy_asl_B_241,0.000000,0.000000,0.382748,-0.203571,0.634890,-0.514496,0.524268,-0.785794,0.315127,-0.920929,0.364934,-0.942196,0.346549,-1.380015,0.299203,-1.648902,0.244180,-1.875650,0.128468,-0.984630,0.106700,-1.458876,0.068087,-1.769536,0.023577,-2.024192,-0.082586,-0.969700,-0.110119,-1.432342,-0.127867,-1.726219,-0.154702,-1.966934,-0.293957,-0.899672,-0.310456,-1.282693,-0.307856,-1.520547,-0.309710,-1.725130
B,Right,legacy_asl_B_242,0.005339,0.001201,0.431267,-0.197592,0.688247,-0.478958,0.594558,-0.749791,0.419173,-0.894002,0.429516,-0.913626,0.490413,-1.366694,0.437455,-1.598812,0.406642,-1.872802,0.188764,-0.971299,0.235620,-1.438288,0.205240,-1.764217,0.216337,-1.999457,-0.005096,-0.967568,0.008021,-1.428505,0.002728,-1.720980,0.009960,-1.999105,-0.217205,-0.910916,-0.208813,-1.287634,-0.146617,-1.558571,-0.154278,-1.754962
B,Right,legacy_asl_B_243,0.000000,0.000000,0.374626,-0.159873,0.635599,-0.430717,0.553800,-0.693558,0.368854,-0.836834,0.417185,-0.852748,0.435087,-1.264077,0.412329,-1.519586,0.379005,-1.736264,0.199227,-0.911436,0.216882,-1.357136,0.205649,-1.651050,0.184405,-1.893009,0.000456,-0.914386,0.011784,-1.349685,0.018737,-1.626214,0.012922,-1.853706,-0.203031,-0.865781,-0.187759,-1.225660,-0.166249,-1.448114,-0.151578,-1.639778
B,Right,legacy_asl_B_244,0.000000,0.000000,0.383526,-0.202100,0.636860,-0.512056,0.527280,-0.783776,0.318658,-0.919713,0.368546,-0.940789,0.351842,-1.378675,0.305529,-1.647742,0.251376,-1.874699,0.132245,-0.984130,0.112298,-1.458456,0.074877,-1.769262,0.031344,-2.024086,-0.078864,-0.970010,-0.104621,-1.432754,-0.121242,-1.726697,-0.147153,-1.967513,-0.290503,-0.900793,-0.305532,-1.283874,-0.302019,-1.521717,-0.303088,-1.726306
B,Right,legacy_asl_B_245,-0.027420,-0.034327,0.405051,-0.151033,0.648565,-0.484607,0.574969,-0.737309,0.423852,-0.909363,0.461878,-0.928096,0.474632,-1.343818,0.458508,-1.585489,0.417131,-1.851126,0.249884,-0.958350,0.230486,-1.445963,0.207392,-1.754263,0.176866,-1.995303,-0.021903,-0.984479,0.025284,-1.427822,0.045755,-1.740683,0.033465,-1.983401,-0.200621,-0.945373,-0.193850,-1.294986,-0.182708,-1.538433,-0.189795,-1.747211
B,Right,legacy_asl_B_246,0.000000,0.000000,0.392321,-0.167424,0.665620,-0.451061,0.579957,-0.726316,0.386276,-0.876360,0.436890,-0.893026,0.455637,-1.323782,0.431804,-1.591360,0.396906,-1.818272,0.208637,-0.954485,0.227126,-1.421237,0.215363,-1.729033,0.193115,-1.982421,0.000478,-0.957575,0.012341,-1.413434,0.019622,-1.703025,0.013532,-1.941262,-0.212620,-0.906674,-0.196627,-1.283552,-0.174101,-1.516512,-0.158737,-1.717230
B,Right,legacy_asl_B_247,0.000000,0.000000,0.391416,-0.186362,0.657125,-0.485776,0.558667,-0.761722,0.355737,-0.906016,0.406440,-0.925050,0.407528,-1.363253,0.372177,-1.633978,0.327283,-1.862947,0.172093,-0.977949,0.171420,-1.452694,0.146649,-1.764763,0.113499,-2.021145,-0.039416,-0.972412,-0.046364,-1.435820,-0.051036,-1.730196,-0.067148,-1.971866,-0.253690,-0.911845,-0.253153,-1.295221,-0.239986,-1.532725,-0.232748,-1.737188
B,Right,legacy_asl_B_248,0.016449,0.001806,0.417220,-0.181445,0.687939,-0.468705,0.576008,-0.743877,0.409598,-0.883437,0.450989,-0.914625,0.463721,-1.343058,0.420756,-1.606761,0.393999,-1.862477,0.207904,-0.977746,0.234393,-1.467950,0.229182,-1.760106,0.183425,-2.015805,0.002742,-0.984055,0.023211,-1.441275,0.010176,-1.724038,0.037231,-1.976260,-0.213990,-0.933103,-0.232537,-1.322129,-0.158908,-1.539670,-0.204972,-1.742913
B,Right,legacy_asl_B_249,0.000000,0.000000,0.380615,-0.162428,0.645758,-0.437602,0.562652,-0.704644,0.374750,-0.850210,0.423854,-0.866379,0.442041,-1.284282,0.418920,-1.543876,0.385063,-1.764017,0.202411,-0.926004,0.220349,-1.378829,0.208937,-1.677441,0.187353,-1.923268,0.000463,-0.929002,0.011973,-1.371259,0.019037,-1.652208,0.013128,-1.883337,-0.206276,-0.879620,-0.190760,-1.245252,-0.168906,-1.471261,-0.154001,-1.665989
B,Right,legacy_asl_B_250,0.000000,0.000000,0.409323,-0.142800,0.705945,-0.411622,0.638005,-0.696620,0.451926,-0.862078,0.504394,-0.875498,0.553014,-1.310997,0.547241,-1.583960,0.527452,-1.816448,0.277169,-0.953508,0.328002,-1.425524,0.337232,-1.738438,0.332091,-1.996903,0.066308,-0.970949,0.109673,-1.432376,0.136963,-1.725521,0.147164,-1.967513,-0.153272,-0.933985,-0.111149,-1.315040,-0.072294,-1.549714,-0.042917,-1.752185
B,Right,legacy_asl_B_251,0.002392,-0.026438,0.371684,-0.082265,0.583492,-0.369489,0.503229,-0.659247,0.290045,-0.809026,0.538377,-0.844324,0.622108,-1.252487,0.592917,-1.473587,0.608132,-1.709090,0.308397,-0.959897,0.386968,-1.341500,0.409281,-1.619683,0.445414,-1.843593,0.131406,-0.913292,0.169159,-1.293280,0.201387,-1.558708,0.223256,-1.761197,-0.042092,-0.836548,-0.013417,-1.133799,0.041801,-1.316533,0.071969,-1.424573
B,Right,legacy_asl_B_252,0.000000,0.000000,0.379606,-0.070908,0.623615,-0.395725,0.506643,-0.689482,0.308912,-0.817875,0.576312,-0.891656,0.646561,-1.287501,0.640027,-1.543883,0.623245,-1.767269,0.348346,-0.973516,0.414935,-1.402460,0.441414,-1.684184,0.464199,-1.918245,0.142880,-0.956767,0.184347,-1.364777,0.218018,-1.612356,0.253897,-1.826533,-0.055802,-0.865017,-0.019682,-1.171155,0.022724,-1.351523,0.066690,-1.515090
B,Right,legacy_asl_B_253,0.000000,0.000000,0.366777,-0.060581,0.608177,-0.368272,0.501529,-0.653354,0.313817,-0.780916,0.572661,-0.846527,0.648261,-1.226084,0.647148,-1.472967,0.635506,-1.688300,0.354911,-0.929914,0.427657,-1.341400,0.458828,-1.612007,0.485482,-1.836815,0.156825,-0.917942,0.204971,-1.309787,0.242374,-1.547386,0.281229,-1.752793,-0.036244,-0.833649,0.004698,-1.127558,0.049152,-1.300294,0.094768,-1.456829
B,Right,legacy_asl_B_254,-0.023294,0.004251,0.365876,-0.082225,0.591988,-0.364643,0.490081,-0.673807,0.291492,-0.770575,0.540527,-0.849800,0.629623,-1.244663,0.584703,-1.487488,0.598901,-1.699949,0.340702,-0.952426,0.387634,-1.348210,0.444279,-1.638199,0.427334,-1.851858,0.079494,-0.911701,0.173292,-1.345552,0.205852,-1.541821,0.249744,-1.747982,-0.008956,-0.819956,-0.016193,-1.130461,0.016162,-1.308091,0.050011,-1.438298
B,Right,legacy_asl_B_255,0.000000,0.000000,0.378544,-0.070709,0.621871,-0.394618,0.505226,-0.687553,0.308048,-0.815588,0.574700,-0.889162,0.644752,-1.283900,0.638236,-1.539564,0.621502,-1.762326,0.347371,-0.970793,0.413774,-1.398537,0.440179,-1.679473,0.462900,-1.912880,0.142480,-0.954091,0.183832,-1.360959,0.217408,-1.607846,0.253187,-1.821424,-0.055645,-0.862598,-0.019627,-1.167879,0.022661,-1.347743,0.066503,-1.510852
B,Right,legacy_asl_B_256,0.000000,0.000000,0.368375,-0.049949,0.618573,-0.350529,0.520215,-0.638576,0.336271,-0.771513,0.596904,-0.829611,0.683450,-1.206823,0.689477,-1.453635,0.684067,-1.669215,0.381656,-0.919261,0.466273,-1.328471,0.505257,-1.598063,0.538401,-1.822006,0.183307,-0.913022,0.242765,-1.303311,0.287025,-1.539729,0.331804,-1.743926,-0.012119,-0.834349,0.037306,-1.126950,0.086737,-1.298328,0.136861,-1.453479
B,Right,legacy_asl_B_257,0.035154,0.013453,0.355966,-0.045994,0.602943,-0.403925,0.503478,-0.653506,0.318424,-0.787406,0.540160,-0.881245,0.627754,-1.244046,0.611954,-1.483546,0.580952,-1.718377,0.337688,-0.930943,0.399847,-1.373816,0.424515,-1.614210,0.454995,-1.876678,0.157832,-0.919015,0.167986,-1.282446,0.220419,-1.561135,0.226145,-1.768889,-0.064975,-0.821803,-0.021179,-1.128845,0.006638,-1.313731,0.056823,-1.431290
B,Right,legacy_asl_B_258,0.000000,0.000000,0.369557,-0.069031,0.607107,-0.385250,0.493232,-0.671230,0.300735,-0.796225,0.561056,-0.868052,0.629445,-1.253418,0.623084,-1.503013,0.606747,-1.720486,0.339124,-0.947746,0.403950,-1.365334,0.429729,-1.639600,0.451910,-1.867466,0.139097,-0.931440,0.179467,-1.328649,0.212246,-1.569674,0.247176,-1.778181,-0.054324,-0.842119,-0.019161,-1.140153,0.022123,-1.315746,0.064924,-1.474983
B,Right,legacy_asl_B_259,0.000000,0.000000,0.367184,-0.058063,0.610690,-0.364090,0.506000,-0.649897,0.319169,-0.778744,0.578456,-0.842578,0.656659,-1.221607,0.657240,-1.468492,0.647076,-1.683900,0.361283,-0.927457,0.436851,-1.338434,0.469879,-1.608820,0.498074,-1.833441,0.163120,-0.916844,0.213954,-1.308350,0.252987,-1.545686,0.293250,-1.750822,-0.030523,-0.833878,0.012435,-1.127499,0.058073,-1.299926,0.104762,-1.456145
B,Right,legacy_asl_B_260,-0.019391,0.013869,0.359155,-0.067150,0.603765,-0.369354,0.478299,-0.681286,0.326752,-0.782888,0.549323,-0.815170,0.600436,-1.257620,0.616375,-1.457673,0.592096,-1.745387,0.353545,-0.937470,0.402709,-1.352257,0.420130,-1.586095,0.440999,-1.856320,0.140165,-0.885369,0.168232,-1.321402,0.198481,-1.559227,0.242804,-1.761661,-0.053318,-0.822539,-0.039625,-1.115142,0.025981,-1.297794,0.062028,-1.463978
B,Right,legacy_asl_B_261,0.000000,0.000000,0.350157,-0.065407,0.575237,-0.365026,0.467339,-0.635993,0.284948,-0.754427,0.531603,-0.822484,0.596402,-1.187620,0.590375,-1.424113,0.574895,-1.630169,0.321322,-0.897994,0.382745,-1.293661,0.407170,-1.553530,0.428187,-1.769433,0.131795,-0.882544,0.170046,-1.258901,0.201105,-1.487274,0.234200,-1.684835,-0.051473,-0.797912,-0.018155,-1.080300,0.020961,-1.246675,0.061516,-1.397554
B,Right,legacy_asl_B_262,0.000000,0.000000,0.366811,-0.060377,0.608383,-0.367932,0.501894,-0.653074,0.314254,-0.780740,0.573134,-0.846207,0.648946,-1.225722,0.647971,-1.472605,0.636449,-1.687945,0.355430,-0.929716,0.428406,-1.341161,0.459728,-1.611750,0.486508,-1.836544,0.157338,-0.917854,0.205703,-1.309673,0.243239,-1.547250,0.282208,-1.752636,-0.035779,-0.833669,0.005328,-1.127555,0.049878,-1.300266,0.095581,-1.456776
B,Right,legacy_asl_B_263,0.002408,-0.024742,0.372804,-0.158979,0.637603,-0.468757,0.543713,-0.719126,0.293448,-0.828028,0.504488,-0.869323,0.527965,-1.312532,0.512385,-1.540241,0.429434,-1.751196,0.255978,-0.938420,0.288979,-1.372678,0.290584,-1.652048,0.251967,-1.907459,0.092803,-0.926374,0.093766,-1.366707,0.093194,-1.618417,0.097705,-1.832927,-0.131692,-0.897234,-0.127110,-1.246090,-0.119584,-1.459790,-0.122418,-1.617950
B,Right,legacy_asl_B_264,0.000000,0.000000,0.390152,-0.170892,0.632203,-0.475818,0.525631,-0.749368,0.290332,-0.847606,0.526451,-0.895648,0.537930,-1.306728,0.500354,-1.565556,0.454815,-1.786399,0.291988,-0.965007,0.309645,-1.399099,0.286960,-1.692048,0.252047,-1.932225,0.084274,-0.969893,0.098183,-1.385123,0.099453,-1.651190,0.083303,-1.859732,-0.120867,-0.917916,-0.116919,-1.265295,-0.107281,-1.479244,-0.110657,-1.640782
B,Right,legacy_asl_B_265,0.000000,0.000000,0.374714,-0.187432,0.597220,-0.499116,0.478817,-0.762505,0.242741,-0.847221,0.472292,-0.906249,0.462968,-1.310662,0.413083,-1.563046,0.357280,-1.777716,0.238484,-0.962637,0.234077,-1.389965,0.197111,-1.676616,0.150776,-1.910812,0.034185,-0.957027,0.027041,-1.365638,0.014955,-1.627081,-0.011361,-1.831139,-0.164737,-0.895686,-0.178267,-1.237143,-0.179520,-1.447804,-0.190932,-1.606327
B,Right,legacy_asl_B_266,-0.008754,-0.003388,0.366787,-0.154769,0.605821,-0.467754,0.517451,-0.729189,0.297334,-0.848692,0.522539,-0.879153,0.553581,-1.279264,0.493753,-1.522089,0.436933,-1.757502,0.275583,-0.916726,0.309895,-1.396575,0.280873,-1.657542,0.270159,-1.894525,0.083797,-0.955840,0.068917,-1.396400,0.087166,-1.603142,0.099339,-1.828793,-0.140856,-0.911756,-0.125909,-1.222173,-0.096468,-1.448370,-0.121653,-1.588519
B,Right,legacy_asl_B_267,0.000000,0.000000,0.402178,-0.176159,0.651689,-0.490484,0.541833,-0.772465,0.299281,-0.873731,0.542678,-0.923254,0.554511,-1.347005,0.515776,-1.613810,0.468834,-1.841460,0.300988,-0.994751,0.319189,-1.442222,0.295805,-1.744201,0.259815,-1.991781,0.086872,-0.999787,0.101209,-1.427816,0.102519,-1.702084,0.085870,-1.917053,-0.124592,-0.946208,-0.120523,-1.304295,-0.110588,-1.524838,-0.114068,-1.691355
B,Right,legacy_asl_B_268,0.000000,0.000000,0.393975,-0.142566,0.651230,-0.426248,0.564273,-0.701624,0.339656,-0.813228,0.574515,-0.845151,0.612303,-1.247902,0.592118,-1.504376,0.561668,-1.724080,0.348855,-0.928356,0.394191,-1.353295,0.390825,-1.642300,0.372050,-1.880296,0.145291,-0.946552,0.185731,-1.353219,0.204143,-1.614293,0.201745,-1.820027,-0.059417,-0.908769,-0.033131,-1.249481,-0.009868,-1.458858,-0.002760,-1.617632
B,Right,legacy_asl_B_269,-0.028428,-0.001361,0.378449,-0.161312,0.625746,-0.476452,0.545633,-0.757291,0.301847,-0.825607,0.470426,-0.890814,0.541971,-1.307697,0.495930,-1.546416,0.418949,-1.769389,0.292875,-0.949608,0.313110,-1.396190,0.280928,-1.686703,0.235104,-1.865130,0.091629,-0.955764,0.118582,-1.367313,0.103626,-1.634393,0.096294,-1.823908,-0.113370,-0.902303,-0.124806,-1.267626,-0.093920,-1.449239,-0.124780,-1.642428
B,Right,legacy_asl_B_270,0.000000,0.000000,0.409457,-0.179348,0.663486,-0.499362,0.551640,-0.786448,0.304698,-0.889546,0.552501,-0.939966,0.564548,-1.371387,0.525112,-1.643022,0.477320,-1.874793,0.306436,-1.012757,0.324967,-1.468328,0.301160,-1.775774,0.264518,-2.027835,0.088444,-1.017884,0.103041,-1.453661,0.104374,-1.732894,0.087425,-1.951754,-0.126848,-0.963335,-0.122705,-1.327904,-0.112590,-1.552439,-0.116133,-1.721970
B,Right,legacy_asl_B_271,0.000000,0.000000,0.370211,-0.196177,0.585338,-0.512998,0.460785,-0.773536,0.222785,-0.852686,0.450887,-0.917087,0.432072,-1.321169,0.376276,-1.572313,0.315448,-1.785614,0.215819,-0.967970,0.201382,-1.395077,0.157697,-1.680781,0.105877,-1.913825,0.011709,-0.957566,-0.005026,-1.365897,-0.023246,-1.626984,-0.054346,-1.830368,-0.185718,-0.891571,-0.207261,-1.232617,-0.213459,-1.443191,-0.228589,-1.601402
B,Right,legacy_asl_B_272,-0.011832,0.007400,0.394753,-0.200135,0.597174,-0.483086,0.510275,-0.755696,0.270000,-0.835516,0.481446,-0.909087,0.531155,-1.296575,0.487695,-1.524348,0.452199,-1.762909,0.269814,-0.970172,0.331431,-1.342837,0.269734,-1.692795,0.252319,-1.898608,0.093111,-0.954926,0.085314,-1.367323,0.097094,-1.634710,0.067109,-1.839362,-0.112377,-0.899398,-0.130045,-1.264483,-0.113321,-1.431059,-0.124929,-1.607624
B,Right,legacy_asl_B_273,0.000000,0.000000,0.359264,-0.157362,0.582152,-0.438147,0.484017,-0.690040,0.267347,-0.780500,0.484772,-0.824739,0.495342,-1.203274,0.460740,-1.441610,0.418807,-1.644969,0.268871,-0.888607,0.285131,-1.288331,0.264242,-1.558088,0.232092,-1.779250,0.077602,-0.893106,0.090410,-1.275462,0.091580,-1.520464,0.076708,-1.712496,-0.111298,-0.845244,-0.107663,-1.165121,-0.098788,-1.362131,-0.101896,-1.510880
B,Right,legacy_asl_B_274,0.000000,0.000000,0.383578,-0.168551,0.621320,-0.468775,0.516172,-0.737731,0.284604,-0.834090,0.516809,-0.881621,0.527623,-1.285997,0.490360,-1.540551,0.445310,-1.757732,0.286096,-0.949575,0.302962,-1.376593,0.280308,-1.664729,0.245686,-1.900940,0.081772,-0.954140,0.094972,-1.362600,0.095912,-1.624321,0.079784,-1.829436,-0.119957,-0.902774,-0.116477,-1.244482,-0.107244,-1.454944,-0.110752,-1.613839
B,Right,legacy_asl_B_275,0.019121,0.009496,0.390873,-0.128843,0.662167,-0.459619,0.591909,-0.734442,0.377268,-0.868850,0.441767,-0.889235,0.509628,-1.311272,0.462501,-1.549250,0.435594,-1.784122,0.239368,-0.993249,0.247061,-1.416781,0.291148,-1.698195,0.239904,-1.947035,0.066677,-1.004615,0.055796,-1.431054,0.048435,-1.710199,0.048221,-1.938694,-0.142241,-0.884596,-0.135511,-1.233725,-0.158957,-1.468003,-0.119858,-1.650737
B,Right,legacy_asl_B_276,0.000000,0.000000,0.411951,-0.169089,0.708780,-0.470990,0.634110,-0.771731,0.407847,-0.916581,0.492774,-0.950215,0.523601,-1.385979,0.496444,-1.664402,0.463593,-1.901997,0.258768,-1.024440,0.287438,-1.509983,0.283107,-1.824965,0.270803,-2.074630,0.045445,-1.026998,0.057127,-1.500517,0.064672,-1.803764,0.062215,-2.044205,-0.174014,-0.959649,-0.160462,-1.344028,-0.141175,-1.580612,-0.132556,-1.776548
B,Right,legacy_asl_B_277,0.000000,0.000000,0.394079,-0.140255,0.686071,-0.410268,0.629442,-0.695784,0.423612,-0.841799,0.504799,-0.869564,0.553185,-1.277058,0.540138,-1.539511,0.519926,-1.763910,0.288549,-0.949659,0.337135,-1.403956,0.347139,-1.699693,0.346744,-1.934498,0.088507,-0.961586,0.120615,-1.405360,0.141237,-1.689555,0.149670,-1.915266,-0.120416,-0.908195,-0.090534,-1.268246,-0.061871,-1.489368,-0.045033,-1.672827
B,Right,legacy_asl_B_278,0.004415,0.000862,0.406552,-0.164343,0.689951,-0.461087,0.603565,-0.726336,0.391554,-0.855258,0.466143,-0.907026,0.485585,-1.291053,0.474144,-1.583578,0.424458,-1.815500,0.254376,-0.966284,0.296124,-1.404485,0.252261,-1.708179,0.245339,-1.925352,0.039153,-0.949699,0.066977,-1.408271,0.079130,-1.690408,0.056262,-1.931154,-0.178764,-0.900505,-0.135317,-1.239051,-0.119184,-1.443348,-0.121232,-1.662858
B,Right,legacy_asl_B_279,0.000000,0.000000,0.367190,-0.150716,0.631767,-0.419814,0.565211,-0.687878,0.363532,-0.816989,0.439232,-0.846968,0.466709,-1.235385,0.442502,-1.483556,0.413221,-1.695335,0.230651,-0.913129,0.256206,-1.345914,0.252346,-1.626673,0.241379,-1.849209,0.040507,-0.915408,0.050920,-1.337477,0.057645,-1.607775,0.055455,-1.822090,-0.155106,-0.855378,-0.143027,-1.197992,-0.125835,-1.408870,-0.118153,-1.583516
B,Right,legacy_asl_B_280,0.000000,0.000000,0.398665,-0.126633,0.699762,-0.386454,0.652975,-0.673747,0.452284,-0.826748,0.534377,-0.851707,0.596734,-1.257298,0.592713,-1.520044,0.580222,-1.745005,0.321007,-0.939185,0.385172,-1.391544,0.405331,-1.686762,0.413004,-1.921443,0.121492,-0.957977,0.168828,-1.400386,0.199202,-1.683705,0.215385,-1.908993,-0.089142,-0.911796,-0.046907,-1.270608,-0.010664,-1.490615,0.012467,-1.673387
B,Right,legacy_asl_B_281,-0.005861,0.015430,0.400711,-0.167599,0.678107,-0.473518,0.555625,-0.727475,0.389187,-0.846242,0.453749,-0.912753,0.496776,-1.292895,0.487852,-1.544629,0.443510,-1.791379,0.243660,-0.922993,0.285849,-1.421936,0.240365,-1.694100,0.276402,-1.933817,0.048366,-0.959818,0.041659,-1.423757,0.067343,-1.698275,0.085620,-1.910910,-0.144929,-0.925397,-0.153756,-1.245986,-0.120500,-1.459112,-0.134036,-1.666513
B,Right,legacy_asl_B_282,0.000000,0.000000,0.405972,-0.166635,0.698493,-0.464154,0.624908,-0.760531,0.401928,-0.903279,0.485623,-0.936425,0.516002,-1.365865,0.489239,-1.640247,0.456865,-1.874395,0.255012,-1.009573,0.283266,-1.488069,0.278998,-1.798480,0.266873,-2.044521,0.044786,-1.012093,0.056298,-1.478740,0.063733,-1.777587,0.061312,-2.014538,-0.171489,-0.945722,-0.158133,-1.324522,-0.139126,-1.557673,-0.130632,-1.750766
B,Right,legacy_asl_B_283,0.000000,0.000000,0.394709,-0.138472,0.687919,-0.407161,0.632581,-0.692930,0.427414,-0.839875,0.508726,-0.867273,0.558953,-1.274544,0.547094,-1.537053,0.527896,-1.761541,0.292840,-0.948345,0.343479,-1.402417,0.354820,-1.698106,0.355488,-1.932910,0.092854,-0.961176,0.126968,-1.404800,0.148875,-1.688899,0.158329,-1.914570,-0.116309,-0.908730,-0.084799,-1.268643,-0.055136,-1.489633,-0.037469,-1.673014
B,Right,legacy_asl_B_284,-0.023148,0.004795,0.380376,-0.162597,0.685963,-0.408059,0.589962,-0.737693,0.362379,-0.852133,0.471225,-0.887767,0.498827,-1.273284,0.470803,-1.546106,0.425079,-1.802445,0.269452,-0.965484,0.274304,-1.406668,0.290295,-1.729802,0.233786,-1.936083,0.029687,-0.958754,0.040311,-1.382472,0.050763,-1.696833,0.042033,-1.946197,-0.148704,-0.889853,-0.142069,-1.279187,-0.119334,-1.494321,-0.116552,-1.657202
B,Right,legacy_asl_B_285,0.000000,0.000000,0.390121,-0.160128,0.671221,-0.446032,0.600508,-0.730836,0.386235,-0.868010,0.466662,-0.899862,0.495855,-1.312535,0.470137,-1.576204,0.439026,-1.801209,0.245055,-0.970154,0.272206,-1.429967,0.268105,-1.728259,0.256453,-1.964693,0.043037,-0.972576,0.054100,-1.421003,0.061245,-1.708181,0.058918,-1.935880,-0.164793,-0.908796,-0.151959,-1.272807,-0.133694,-1.496854,-0.125531,-1.682407
B,Right,legacy_asl_B_286,0.000000,0.000000,0.372892,-0.189529,0.627934,-0.494685,0.535235,-0.770607,0.312413,-0.889084,0.389380,-0.927010,0.385225,-1.337345,0.338703,-1.595971,0.289942,-1.815939,0.164659,-0.978775,0.154713,-1.435554,0.126793,-1.730140,0.096356,-1.962964,-0.035265,-0.965006,-0.060206,-1.409241,-0.076119,-1.693739,-0.096638,-1.918673,-0.235639,-0.885321,-0.252075,-1.246236,-0.251942,-1.469208,-0.258718,-1.653313
B,Right,legacy_asl_B_287,-0.034378,-0.008817,0.344230,-0.127785,0.636644,-0.354595,0.601305,-0.589332,0.394868,-0.695797,0.356118,-0.926670,0.389930,-1.304703,0.353416,-1.596838,0.338766,-1.806765,0.159022,-0.986537,0.205853,-1.405405,0.154396,-1.703137,0.163912,-1.910154,-0.049801,-0.935922,-0.050679,-1.374118,-0.011313,-1.641206,-0.019515,-1.869514,-0.228514,-0.839639,-0.206013,-1.171645,-0.221105,-1.419282,-0.173020,-1.628693
B,Right,legacy_asl_B_288,0.000000,0.000000,0.348564,-0.096088,0.609946,-0.340482,0.576091,-0.597375,0.374065,-0.681686,0.359713,-0.913767,0.374913,-1.299306,0.357975,-1.546656,0.332276,-1.760921,0.154154,-0.959742,0.168634,-1.386052,0.173247,-1.657071,0.167147,-1.876779,-0.033133,-0.933218,-0.038165,-1.344587,-0.026447,-1.606152,-0.026729,-1.817789,-0.233589,-0.836979,-0.223238,-1.174100,-0.197746,-1.378959,-0.173818,-1.560394
B,Right,legacy_asl_B_289,0.000000,0.000000,0.348389,-0.122660,0.597407,-0.390266,0.544673,-0.649654,0.332811,-0.721233,0.301713,-0.956719,0.289838,-1.350686,0.255020,-1.601550,0.213623,-1.818076,0.088972,-0.988980,0.073469,-1.424445,0.058933,-1.700958,0.037123,-1.924421,-0.100003,-0.948657,-0.134329,-1.367512,-0.140954,-1.634895,-0.156262,-1.850546,-0.297450,-0.836355,-0.310830,-1.180638,-0.299392,-1.391212,-0.287886,-1.577804
B,Right,legacy_asl_B_290,0.009952,-0.008399,0.363373,-0.096345,0.619158,-0.358537,0.572034,-0.598521,0.375869,-0.698938,0.343335,-0.931913,0.390241,-1.328767,0.363553,-1.571670,0.356852,-1.794308,0.150957,-0.988348,0.191273,-1.399623,0.180193,-1.693741,0.160059,-1.922539,-0.018714,-0.937836,-0.010389,-1.372774,-0.030783,-1.631683,-0.020400,-1.860443,-0.249528,-0.851631,-0.243067,-1.198033,-0.201007,-1.418007,-0.177932,-1.596237
B,Right,legacy_asl_B_291,0.000000,0.000000,0.366544,-0.101044,0.641408,-0.358044,0.605806,-0.628189,0.393360,-0.716849,0.378267,-0.960900,0.394252,-1.366326,0.376440,-1.626434,0.349416,-1.851752,0.162105,-1.009247,0.177333,-1.457547,0.182183,-1.742545,0.175769,-1.973586,-0.034842,-0.981354,-0.040133,-1.413943,-0.027811,-1.689000,-0.028107,-1.911554,-0.245638,-0.880151,-0.234753,-1.234662,-0.207946,-1.450088,-0.182784,-1.640881
B,Right,legacy_asl_B_292,0.000000,0.000000,0.352749,-0.109493,0.611639,-0.367560,0.568681,-0.628745,0.359656,-0.708228,0.337421,-0.944716,0.340347,-1.338851,0.314973,-1.590845,0.281735,-1.808773,0.126042,-0.984942,0.126900,-1.420682,0.122756,-1.697546,0.109352,-1.921671,-0.064314,-0.951743,-0.082889,-1.371591,-0.079470,-1.639034,-0.086671,-1.855109,-0.265838,-0.846934,-0.266282,-1.191476,-0.246946,-1.401472,-0.228442,-1.587500
B,Right,legacy_asl_B_293,-0.007693,0.000470,0.376377,-0.110843,0.628965,-0.326597,0.595835,-0.618684,0.370103,-0.717245,0.340892,-0.915993,0.383291,-1.343516,0.387346,-1.602802,0.349285,-1.805388,0.160736,-0.967174,0.191068,-1.413941,0.178845,-1.692584,0.181639,-1.935929,-0.037785,-0.950226,-0.023233,-1.365215,-0.012851,-1.650518,-0.010890,-1.871989,-0.244990,-0.852660,-0.221976,-1.210171,-0.194209,-1.399444,-0.175992,-1.581297
B,Right,legacy_asl_B_294,0.000000,0.000000,0.363697,-0.100259,0.636426,-0.355264,0.601102,-0.623310,0.390305,-0.711282,0.375330,-0.953438,0.391190,-1.355715,0.373516,-1.613804,0.346702,-1.837372,0.160847,-1.001409,0.175956,-1.446228,0.180768,-1.729012,0.174404,-1.958259,-0.034572,-0.973733,-0.039822,-1.402962,-0.027595,-1.675883,-0.027889,-1.896709,-0.243730,-0.873316,-0.232930,-1.225073,-0.206331,-1.438826,-0.181364,-1.628138
B,Right,legacy_asl_B_295,0.000000,0.000000,0.361283,-0.076779,0.642686,-0.310092,0.623790,-0.574111,0.422909,-0.672374,0.422392,-0.909904,0.461345,-1.302121,0.459119,-1.555380,0.445948,-1.775434,0.215576,-0.969290,0.256275,-1.403127,0.277465,-1.679209,0.284610,-1.903621,0.022982,-0.953636,0.042876,-1.373424,0.070736,-1.639434,0.083323,-1.855262,-0.187281,-0.867693,-0.156218,-1.210833,-0.117762,-1.418181,-0.082325,-1.601738
B,Right,legacy_asl_B_296,0.017632,-0.003840,0.354640,-0.099318,0.615212,-0.356335,0.582836,-0.585200,0.416617,-0.684193,0.371680,-0.932773,0.371338,-1.305643,0.371675,-1.582347,0.352524,-1.800268,0.149747,-0.988348,0.176368,-1.445335,0.178918,-1.692254,0.185023,-1.915073,-0.043593,-0.943696,-0.023053,-1.403017,-0.023629,-1.652110,-0.030934,-1.852507,-0.237490,-0.841183,-0.239494,-1.191727,-0.205221,-1.385884,-0.189864,-1.580363
B,Right,legacy_asl_B_297,0.000000,0.000000,0.369833,-0.101951,0.647163,-0.361257,0.611242,-0.633825,0.396889,-0.723281,0.381661,-0.969522,0.397789,-1.378585,0.379817,-1.641027,0.352551,-1.868367,0.163560,-1.018302,0.178924,-1.470624,0.183817,-1.758179,0.177346,-1.991293,-0.035155,-0.990160,-0.040493,-1.426629,-0.028061,-1.704154,-0.028359,-1.928705,-0.247842,-0.888048,-0.236859,-1.245739,-0.209812,-1.463098,-0.184424,-1.655604
B,Right,legacy_asl_B_298,0.000000,0.000000,0.352950,-0.108844,0.612313,-0.366435,0.569836,-0.627699,0.360957,-0.707566,0.339157,-0.944094,0.342807,-1.338224,0.317897,-1.590264,0.285060,-1.808252,0.127852,-0.984708,0.129512,-1.420447,0.125877,-1.697317,0.112884,-1.921466,-0.062564,-0.951859,-0.080368,-1.371741,-0.076457,-1.639177,-0.083260,-1.855265,-0.264280,-0.847421,-0.264091,-1.191963,-0.244369,-1.401923,-0.225523,-1.587917
B,Right,legacy_asl_B_299,0.009658,-0.003117,0.286878,-0.188039,0.550188,-0.455050,0.445397,-0.745680,0.198103,-0.913825,0.482428,-0.875256,0.549469,-1.268307,0.495755,-1.535260,0.456463,-1.746153,0.271977,-0.978021,0.294588,-1.362294,0.300480,-1.647202,0.289020,-1.857415,0.082599,-0.969874,0.106823,-1.352918,0.120742,-1.606340,0.135689,-1.842290,-0.107501,-0.885103,-0.104912,-1.220359,-0.091906,-1.438178,-0.065933,-1.618720
