label,handedness,timestamp,x0,y0,x1,y1,x2,y2,x3,y3,x4,y4,x5,y5,x6,y6,x7,y7,x8,y8,x9,y9,x10,y10,x11,y11,x12,y12,x13,y13,x14,y14,x15,y15,x16,y16,x17,y17,x18,y18,x19,y19,x20,y20
C,Right,legacy_asl_C_0,0.000000,0.000000,0.395075,-0.087952,0.694003,-0.245977,0.989905,-0.319435,1.254320,-0.370261,0.324175,-0.891868,0.740295,-1.044478,1.030828,-1.077637,1.256035,-1.088782,0.263916,-0.962254,0.735490,-1.152713,1.065906,-1.177792,1.318651,-1.136409,0.252824,-0.950219,0.673390,-1.188668,0.986924,-1.213303,1.225026,-1.182624,0.297584,-0.866433,0.602580,-1.134054,0.826086,-1.216339,1.013331,-1.230963
C,Right,legacy_asl_C_1,0.000000,0.000000,0.428427,0.085085,0.776868,0.006511,1.092957,-0.055345,1.375677,-0.112397,0.679323,-0.663952,1.040336,-0.885570,1.331640,-0.922409,1.569937,-0.924763,0.629022,-0.757120,1.006070,-1.022125,1.327076,-1.108767,1.584175,-1.113093,0.545943,-0.817707,0.875494,-1.115401,1.194041,-1.217241,1.455829,-1.237799,0.432904,-0.844665,0.707990,-1.121682,0.959331,-1.257534,1.181724,-1.334157
C,Right,legacy_asl_C_2,0.000000,0.000000,0.386549,0.052950,0.721779,-0.125041,1.045443,-0.196814,1.333537,-0.177782,0.395587,-0.853586,0.783542,-1.111950,1.109027,-1.130798,1.335408,-1.077778,0.269701,-0.960153,0.718456,-1.199059,1.035093,-1.165036,1.263807,-1.069991,0.214549,-0.981705,0.642832,-1.190639,0.947291,-1.167514,1.152988,-1.087973,0.214282,-0.930280,0.562240,-1.109579,0.805775,-1.123411,0.976356,-1.090796
C,Right,legacy_asl_C_3,0.000000,0.000000,0.387147,-0.018218,0.699826,-0.177729,0.993938,-0.287020,1.279048,-0.336972,0.259713,-0.891563,0.692086,-1.058266,1.037356,-1.087580,1.297478,-1.069102,0.191737,-0.981384,0.719792,-1.167430,1.088064,-1.165844,1.361220,-1.115591,0.195353,-1.006721,0.717358,-1.234301,1.072588,-1.242195,1.321741,-1.187085,0.257194,-0.984086,0.645949,-1.245707,0.921487,-1.307187,1.136979,-1.289537
C,Right,legacy_asl_C_4,0.000000,0.000000,0.376549,-0.064430,0.742103,-0.248394,1.077369,-0.312352,1.376902,-0.302293,0.338454,-0.911381,0.783257,-1.043353,1.149770,-1.058292,1.432858,-1.020627,0.273215,-0.961347,0.751854,-1.124934,1.121266,-1.126056,1.415413,-1.056975,0.284363,-0.941558,0.744163,-1.142748,1.094045,-1.170157,1.367829,-1.121344,0.368060,-0.860563,0.718823,-1.067706,0.978890,-1.130714,1.185586,-1.120683
C,Right,legacy_asl_C_5,0.000000,0.000000,0.480649,-0.025832,0.820917,-0.135475,1.091424,-0.196052,1.375966,-0.232625,0.672843,-0.754562,0.983441,-0.966074,1.266951,-0.990923,1.505963,-0.969407,0.595910,-0.802958,0.938220,-1.058336,1.254226,-1.104097,1.516833,-1.081511,0.480094,-0.805540,0.790971,-1.102247,1.101759,-1.190176,1.369195,-1.202979,0.347047,-0.760647,0.541844,-1.055397,0.773660,-1.188943,0.982814,-1.254092
C,Right,legacy_asl_C_6,0.000000,0.000000,0.450093,0.110660,0.836478,-0.013266,1.199932,-0.087648,1.525086,-0.073664,0.454357,-0.816772,0.848487,-1.166313,1.244747,-1.251094,1.555774,-1.244948,0.326531,-0.941639,0.842968,-1.261914,1.265771,-1.292312,1.584862,-1.223872,0.271910,-0.971808,0.782715,-1.259048,1.202465,-1.301981,1.516229,-1.251269,0.279706,-0.928364,0.688290,-1.163247,1.016579,-1.224994,1.280101,-1.215440
C,Right,legacy_asl_C_7,0.000000,0.000000,0.366458,-0.046580,0.697997,-0.215308,1.009550,-0.269581,1.293637,-0.243644,0.300829,-0.945695,0.733058,-1.079445,1.059514,-1.020116,1.296407,-0.915073,0.279854,-0.959706,0.777906,-1.120090,1.104916,-1.028490,1.340544,-0.882091,0.337895,-0.902197,0.797615,-1.091981,1.126997,-1.032605,1.351567,-0.906620,0.468443,-0.778113,0.811991,-0.997910,1.064621,-1.017082,1.253573,-0.958485
C,Right,legacy_asl_C_8,0.000000,0.000000,0.404552,-0.069081,0.740604,-0.260026,1.033739,-0.418799,1.327855,-0.537341,0.495003,-0.834608,0.750464,-1.057533,1.004700,-1.111336,1.217887,-1.116940,0.410227,-0.903995,0.696032,-1.145859,0.965562,-1.203856,1.212221,-1.193255,0.309750,-0.950496,0.585921,-1.220366,0.846355,-1.293379,1.084590,-1.284568,0.190670,-0.976357,0.398018,-1.267512,0.612793,-1.391883,0.822017,-1.431767
C,Right,legacy_asl_C_9,0.000000,0.000000,0.453868,0.066839,0.775738,-0.023907,1.036918,-0.102010,1.307919,-0.139790,0.597657,-0.751770,0.906215,-0.946211,1.177824,-0.972053,1.396539,-0.969126,0.522851,-0.845922,0.874279,-1.116120,1.179008,-1.166464,1.418782,-1.146264,0.444464,-0.905006,0.777150,-1.199323,1.072454,-1.266992,1.309740,-1.261333,0.367558,-0.928817,0.616406,-1.189395,0.838349,-1.295590,1.019924,-1.346145
C,Right,legacy_asl_C_10,0.000000,0.000000,0.348554,-0.024462,0.660211,-0.157366,0.949264,-0.226105,1.231136,-0.258547,0.299413,-0.887795,0.705563,-0.977480,1.034851,-0.981618,1.284271,-0.952526,0.244458,-0.968696,0.739833,-1.056483,1.082055,-1.031031,1.348229,-0.976185,0.245680,-0.984327,0.727609,-1.132957,1.060925,-1.130122,1.305889,-1.088291,0.299097,-0.949431,0.642404,-1.163841,0.895528,-1.219620,1.101091,-1.213966
C,Right,legacy_asl_C_11,0.000000,0.000000,0.397263,-0.132766,0.683315,-0.310379,0.947860,-0.400239,1.190116,-0.464216,0.250437,-0.918803,0.600753,-1.103214,0.885294,-1.136388,1.112879,-1.133716,0.197055,-0.967282,0.605086,-1.184424,0.919068,-1.203873,1.170135,-1.136723,0.203650,-0.959500,0.598383,-1.200021,0.913408,-1.226171,1.151935,-1.176332,0.279848,-0.901367,0.570818,-1.170697,0.805204,-1.247610,1.001136,-1.241755
C,Right,legacy_asl_C_12,0.000000,0.000000,0.483738,-0.143157,0.756192,-0.323767,1.016408,-0.368891,1.288704,-0.426440,0.335951,-0.936269,0.706152,-1.090280,1.024384,-1.046185,1.248239,-0.940395,0.282415,-0.945954,0.750000,-1.188087,1.087779,-1.079819,1.298808,-0.898154,0.291771,-0.903789,0.700130,-1.169569,1.047574,-1.085884,1.267861,-0.952081,0.374710,-0.790189,0.689141,-1.037473,0.952678,-1.048297,1.144360,-1.001765
C,Right,legacy_asl_C_13,0.000000,0.000000,0.408067,0.061220,0.846064,-0.073836,1.191366,-0.222287,1.520372,-0.303218,0.504495,-0.806521,0.918715,-1.043479,1.255181,-1.124840,1.518323,-1.144806,0.426788,-0.900334,0.864604,-1.193883,1.232659,-1.273979,1.535472,-1.283680,0.362396,-0.931283,0.755569,-1.274258,1.114411,-1.380761,1.420457,-1.418629,0.302916,-0.913539,0.604992,-1.234011,0.872970,-1.397298,1.120256,-1.489807
C,Right,legacy_asl_C_14,0.000000,0.000000,0.378462,0.106100,0.817401,-0.009723,1.185939,-0.161735,1.538409,-0.238602,0.496726,-0.785696,0.913960,-1.060176,1.267776,-1.140968,1.543549,-1.157417,0.451443,-0.885288,0.899968,-1.194700,1.290266,-1.284232,1.604640,-1.295762,0.422851,-0.922327,0.824060,-1.258760,1.205008,-1.362158,1.526539,-1.386614,0.387618,-0.917043,0.704011,-1.233308,0.997592,-1.390080,1.263387,-1.465255
C,Right,legacy_asl_C_15,0.000000,0.000000,0.497122,0.040480,0.848905,-0.138762,1.166301,-0.176082,1.489181,-0.153165,0.516226,-0.845136,0.809320,-1.201803,1.176967,-1.312513,1.491074,-1.318747,0.411524,-0.911061,0.776783,-1.297984,1.208729,-1.391111,1.542737,-1.340797,0.333663,-0.913207,0.728101,-1.289359,1.163780,-1.387536,1.503221,-1.367618,0.296998,-0.843947,0.642939,-1.174314,1.000435,-1.304918,1.303794,-1.337592
C,Right,legacy_asl_C_16,0.000000,0.000000,0.408867,-0.147385,0.685553,-0.349614,0.967097,-0.448881,1.230398,-0.523273,0.243564,-0.938639,0.649495,-1.095279,0.955211,-1.069300,1.181774,-1.007787,0.184290,-0.975050,0.658039,-1.151198,0.977715,-1.104345,1.214099,-0.997535,0.187081,-0.964288,0.649681,-1.140452,0.966154,-1.106274,1.185489,-1.014790,0.259334,-0.914997,0.625358,-1.092211,0.875026,-1.108706,1.061949,-1.070802
C,Right,legacy_asl_C_17,0.000000,0.000000,0.404952,0.018196,0.735704,-0.100791,1.034172,-0.197741,1.327119,-0.306309,0.509387,-0.802770,0.836934,-1.004308,1.131221,-1.044789,1.363479,-1.051958,0.454001,-0.871027,0.825360,-1.102708,1.155809,-1.163245,1.424188,-1.157114,0.398640,-0.900155,0.738808,-1.166104,1.068433,-1.239919,1.333717,-1.237609,0.341097,-0.888527,0.595937,-1.167746,0.851541,-1.270525,1.070788,-1.299394
C,Right,legacy_asl_C_18,0.000000,0.000000,0.351572,-0.094909,0.659545,-0.300973,0.969798,-0.386831,1.244207,-0.438501,0.160018,-0.980284,0.645776,-1.175823,0.994709,-1.127651,1.242862,-1.029515,0.110201,-0.992587,0.678188,-1.238396,1.038985,-1.146219,1.273712,-0.989867,0.156705,-0.938617,0.668273,-1.210022,1.042704,-1.142527,1.277841,-0.995224,0.293648,-0.825015,0.696480,-1.068207,0.981674,-1.058904,1.175015,-0.973884
C,Right,legacy_asl_C_19,0.000000,0.000000,0.417946,0.036630,0.768898,-0.059060,1.082917,-0.109305,1.379367,-0.130193,0.551326,-0.789706,0.884818,-0.998817,1.198980,-1.004127,1.444621,-0.968510,0.496996,-0.865267,0.886064,-1.055951,1.230260,-1.045824,1.497111,-0.967465,0.469798,-0.893209,0.854867,-1.077805,1.191706,-1.081511,1.443439,-1.012965,0.470799,-0.883043,0.793966,-1.081140,1.053928,-1.129812,1.256316,-1.105401
C,Right,legacy_asl_C_20,0.000000,0.000000,0.384691,0.003970,0.730039,-0.132605,1.023091,-0.240936,1.301985,-0.305339,0.597879,-0.752398,0.879473,-0.977740,1.128174,-1.030742,1.345366,-1.034855,0.527230,-0.849691,0.841886,-1.139294,1.115550,-1.233334,1.365125,-1.270238,0.428932,-0.895212,0.737237,-1.176817,1.022866,-1.229608,1.271526,-1.217848,0.313490,-0.895897,0.540502,-1.154974,0.777417,-1.230836,1.001319,-1.228601
C,Right,legacy_asl_C_21,0.000000,0.000000,0.379177,-0.028875,0.718501,-0.203001,1.019660,-0.266143,1.286261,-0.243214,0.316511,-0.938626,0.759550,-1.051312,1.065498,-0.997694,1.279928,-0.910397,0.293929,-0.955793,0.796780,-1.094463,1.113357,-0.999740,1.337996,-0.857049,0.345615,-0.899179,0.805759,-1.069562,1.136096,-0.996165,1.367374,-0.870424,0.467463,-0.784995,0.808779,-0.983612,1.057460,-0.979929,1.248656,-0.912093
C,Right,legacy_asl_C_22,0.000000,0.000000,0.421337,-0.089043,0.765357,-0.257217,1.067944,-0.323385,1.349471,-0.395924,0.446935,-0.903771,0.831065,-1.068826,1.130681,-1.032545,1.354650,-0.959087,0.356955,-0.933398,0.802624,-1.116883,1.121131,-1.082282,1.363239,-0.978166,0.320019,-0.907157,0.755574,-1.095934,1.079276,-1.083966,1.309833,-0.997586,0.334672,-0.828497,0.684272,-1.022203,0.938567,-1.063259,1.127574,-1.038327
C,Right,legacy_asl_C_23,0.000000,0.000000,0.398334,-0.049206,0.702879,-0.205827,0.980563,-0.289774,1.251571,-0.339108,0.272576,-0.884621,0.690027,-1.021146,1.013878,-1.049155,1.260617,-1.041270,0.221379,-0.967242,0.721028,-1.117577,1.057983,-1.115128,1.322019,-1.064945,0.232214,-0.988195,0.718320,-1.167711,1.047288,-1.171903,1.283624,-1.127671,0.296626,-0.956434,0.628756,-1.215980,0.877444,-1.285041,1.084978,-1.277109
C,Right,legacy_asl_C_24,0.000000,0.000000,0.352177,-0.136021,0.641509,-0.341283,0.916517,-0.417147,1.156993,-0.456187,0.172167,-0.986411,0.594158,-1.208716,0.899782,-1.248740,1.163073,-1.236394,0.135709,-0.990499,0.609880,-1.257943,0.947209,-1.271473,1.223138,-1.203014,0.180673,-0.930263,0.587711,-1.234256,0.912987,-1.275507,1.165994,-1.240445,0.311088,-0.815684,0.584810,-1.112801,0.804693,-1.208272,0.990004,-1.232608
C,Right,legacy_asl_C_25,0.000000,0.000000,0.406159,0.121519,0.785284,0.091673,1.115566,0.089023,1.425417,0.171765,0.816302,-0.538245,1.203714,-0.679218,1.502394,-0.670589,1.748177,-0.641512,0.788666,-0.612969,1.214630,-0.767730,1.544814,-0.773561,1.811005,-0.733245,0.731428,-0.666216,1.129724,-0.836075,1.457928,-0.856909,1.727742,-0.826760,0.653983,-0.697784,0.974359,-0.883416,1.244719,-0.945495,1.482650,-0.962976
C,Right,legacy_asl_C_26,0.000000,0.000000,0.410754,0.230805,0.854749,0.146349,1.211172,-0.012566,1.558270,-0.069206,0.641928,-0.639534,1.018538,-0.894757,1.361345,-0.932650,1.628380,-0.908616,0.556108,-0.828707,1.000625,-1.106089,1.369105,-1.143647,1.668116,-1.109588,0.493396,-0.946497,0.920682,-1.223497,1.265627,-1.263606,1.549693,-1.238951,0.436438,-1.015127,0.789744,-1.270897,1.080457,-1.338940,1.324715,-1.342196
C,Right,legacy_asl_C_27,0.000000,0.000000,0.439511,-0.010122,0.799641,-0.147878,1.100351,-0.281034,1.402971,-0.370735,0.561750,-0.727161,0.871413,-0.915544,1.121062,-0.931037,1.304858,-0.892036,0.511558,-0.828817,0.873659,-1.004428,1.154200,-0.991472,1.393611,-0.916981,0.441265,-0.920859,0.804202,-1.115487,1.099872,-1.103011,1.344783,-1.027747,0.347852,-0.999735,0.626847,-1.245643,0.898760,-1.307383,1.165122,-1.283397
C,Right,legacy_asl_C_28,0.000000,0.000000,0.343397,0.232876,0.793600,0.405075,1.156487,0.502540,1.423591,0.532664,0.891991,0.495353,1.429215,0.612562,1.810384,0.694027,2.093339,0.747827,0.889713,0.347338,1.469838,0.472423,1.854486,0.541817,2.153269,0.591567,0.851063,0.137738,1.392216,0.228984,1.746624,0.297866,2.019946,0.357245,0.779278,-0.128580,1.141335,-0.086619,1.378946,-0.037524,1.561133,-0.000946
C,Right,legacy_asl_C_29,0.000000,0.000000,0.382917,0.020192,0.829154,-0.124790,1.232670,-0.249929,1.595765,-0.317235,0.477795,-0.764519,0.843149,-1.101117,1.220963,-1.223243,1.526262,-1.253941,0.399548,-0.901487,0.791943,-1.269879,1.199763,-1.389151,1.527573,-1.408732,0.348875,-0.995552,0.698814,-1.372139,1.077684,-1.498263,1.393148,-1.535840,0.305123,-1.051308,0.581923,-1.413720,0.879414,-1.579895,1.146902,-1.646350
C,Right,legacy_asl_C_30,0.000000,0.000000,0.294690,-0.063274,0.663517,-0.240780,1.041135,-0.287565,1.383518,-0.270804,0.300050,-0.900803,0.745545,-1.015393,1.140741,-1.045534,1.449983,-1.022708,0.268580,-0.959224,0.778777,-1.094981,1.181364,-1.093747,1.506094,-1.045247,0.321705,-0.931237,0.794825,-1.141376,1.171298,-1.144769,1.467153,-1.079781,0.432826,-0.828258,0.773184,-1.058985,1.053735,-1.123589,1.280155,-1.121079
C,Right,legacy_asl_C_31,0.000000,0.000000,0.352955,-0.065441,0.666002,-0.217213,0.969075,-0.290331,1.257889,-0.370026,0.380777,-0.925175,0.611386,-1.224508,0.863818,-1.339766,1.087757,-1.385020,0.288441,-0.957314,0.538494,-1.291580,0.804949,-1.414996,1.054518,-1.445112,0.198750,-0.944933,0.412981,-1.296062,0.653826,-1.451842,0.881200,-1.507522,0.115169,-0.886873,0.274167,-1.196038,0.450639,-1.374257,0.619391,-1.475005
C,Right,legacy_asl_C_32,0.000000,0.000000,0.435188,0.073740,0.835375,-0.034851,1.193333,-0.138937,1.554502,-0.117866,0.666974,-0.705029,1.064020,-0.965710,1.391837,-1.025892,1.654250,-1.046469,0.611726,-0.789988,1.038692,-1.077618,1.402323,-1.161150,1.696985,-1.173677,0.537744,-0.841352,0.939900,-1.147410,1.292395,-1.253039,1.588560,-1.279323,0.447402,-0.873613,0.755785,-1.148760,1.035814,-1.283774,1.284820,-1.365583
C,Right,legacy_asl_C_33,0.000000,0.000000,0.373893,-0.006461,0.730834,-0.136801,1.050672,-0.168363,1.361776,-0.175493,0.494920,-0.839696,0.874865,-1.041251,1.224137,-1.067116,1.502278,-1.043691,0.408297,-0.903728,0.838757,-1.137303,1.210002,-1.180935,1.516219,-1.159989,0.350721,-0.894202,0.769333,-1.156900,1.122112,-1.226781,1.403242,-1.213404,0.316946,-0.828455,0.634820,-1.063129,0.905294,-1.161500,1.122677,-1.194949
C,Right,legacy_asl_C_34,0.000000,0.000000,0.357431,-0.068036,0.718048,-0.286787,1.019343,-0.423185,1.312916,-0.506117,0.314556,-0.932699,0.705828,-1.115291,1.050349,-1.156737,1.330825,-1.147991,0.213527,-0.968799,0.661865,-1.207330,1.020636,-1.255939,1.316964,-1.231994,0.169618,-0.946543,0.597921,-1.216525,0.948973,-1.293114,1.238460,-1.287693,0.175051,-0.875122,0.510474,-1.142095,0.785540,-1.261337,1.011909,-1.295600
C,Right,legacy_asl_C_35,0.000000,0.000000,0.376781,-0.088835,0.682506,-0.283615,0.966275,-0.336059,1.233803,-0.320721,0.293986,-0.956371,0.726961,-1.102615,1.064775,-1.060578,1.323448,-0.964161,0.259873,-0.965626,0.755008,-1.129297,1.109650,-1.058113,1.369724,-0.915707,0.307173,-0.896540,0.761095,-1.092598,1.090129,-1.052600,1.317087,-0.942589,0.429442,-0.763741,0.739265,-0.985015,0.971382,-1.021914,1.151399,-0.985561
C,Right,legacy_asl_C_36,0.000000,0.000000,0.369227,-0.000368,0.723427,-0.135609,1.033919,-0.220531,1.329087,-0.289934,0.506462,-0.805168,0.826736,-1.042737,1.117833,-1.101015,1.344978,-1.111009,0.428519,-0.901172,0.769645,-1.157344,1.072091,-1.230225,1.315134,-1.234322,0.368123,-0.949961,0.684104,-1.205588,0.973876,-1.293782,1.204296,-1.313377,0.322095,-0.948011,0.569248,-1.194366,0.783639,-1.309300,0.962030,-1.363793
C,Right,legacy_asl_C_37,0.000000,0.000000,0.453550,0.036964,0.761070,-0.038803,1.019614,-0.147393,1.277477,-0.235346,0.593478,-0.594638,0.887393,-0.759934,1.111722,-0.770809,1.297752,-0.782818,0.562889,-0.697715,0.867278,-0.871575,1.118378,-0.907600,1.328495,-0.894250,0.518902,-0.789678,0.795734,-0.982069,1.039786,-1.025067,1.246146,-1.023325,0.456675,-0.872416,0.680609,-1.085569,0.881261,-1.147939,1.062174,-1.158980
C,Right,legacy_asl_C_38,0.000000,0.000000,0.444069,0.058434,0.803855,-0.087695,1.131930,-0.198003,1.462674,-0.216862,0.591315,-0.728230,0.953667,-0.952138,1.260099,-1.013651,1.509211,-1.044871,0.542199,-0.821077,0.937335,-1.077927,1.268573,-1.173602,1.543887,-1.200147,0.475481,-0.890962,0.850009,-1.165800,1.174125,-1.270032,1.444552,-1.301175,0.401347,-0.931264,0.701591,-1.184680,0.963003,-1.312116,1.193401,-1.382500
C,Right,legacy_asl_C_39,0.000000,0.000000,0.349107,-0.079087,0.657844,-0.285461,0.918901,-0.382494,1.201929,-0.451957,0.436972,-0.913768,0.667540,-1.177896,0.892614,-1.262952,1.092642,-1.299392,0.320239,-0.947130,0.577301,-1.259595,0.850882,-1.317020,1.085866,-1.284976,0.197270,-0.933029,0.430990,-1.273972,0.703381,-1.321948,0.942293,-1.278384,0.064721,-0.862472,0.217557,-1.152021,0.431571,-1.264259,0.637279,-1.297365
C,Right,legacy_asl_C_40,0.000000,0.000000,0.359468,-0.128943,0.672680,-0.354238,0.963035,-0.482457,1.243118,-0.555368,0.236659,-0.929405,0.599347,-1.107422,0.908080,-1.095767,1.144800,-1.014208,0.171866,-0.977435,0.592510,-1.180145,0.922826,-1.137063,1.177121,-1.004493,0.153601,-0.992206,0.542486,-1.216031,0.862551,-1.190340,1.105339,-1.078111,0.172827,-0.982029,0.446590,-1.208787,0.688692,-1.268675,0.897385,-1.246746
C,Right,legacy_asl_C_41,0.000000,0.000000,0.383695,0.119338,0.771773,0.020917,1.132043,-0.056438,1.450261,-0.088243,0.476398,-0.759167,0.837079,-1.046909,1.230101,-1.074705,1.531089,-1.025521,0.426368,-0.882810,0.909689,-1.134410,1.334474,-1.115927,1.630774,-0.995406,0.431582,-0.927535,0.876787,-1.165419,1.271806,-1.181377,1.557314,-1.104031,0.452212,-0.931620,0.800171,-1.164252,1.112394,-1.217194,1.348626,-1.190800
C,Right,legacy_asl_C_42,0.000000,0.000000,0.358599,-0.123243,0.637339,-0.334316,0.925026,-0.431144,1.200566,-0.489662,0.243469,-0.947132,0.639775,-1.145945,0.961345,-1.154203,1.208159,-1.121767,0.185230,-0.981894,0.638708,-1.187269,0.981088,-1.180316,1.242436,-1.098919,0.202327,-0.953851,0.643163,-1.157212,0.975474,-1.170384,1.216754,-1.107832,0.302316,-0.874801,0.641196,-1.101375,0.895148,-1.157043,1.097459,-1.141510
C,Right,legacy_asl_C_43,0.000000,0.000000,0.379780,-0.043122,0.698247,-0.207507,0.949198,-0.373045,1.210292,-0.501739,0.489434,-0.861699,0.701111,-1.161117,0.896354,-1.294380,1.077806,-1.388487,0.368607,-0.929581,0.597989,-1.260229,0.836632,-1.392738,1.065970,-1.468073,0.228791,-0.947121,0.431028,-1.301806,0.677359,-1.438002,0.916490,-1.500157,0.065039,-0.919219,0.181131,-1.237377,0.361916,-1.390226,0.558098,-1.479242
C,Right,legacy_asl_C_44,0.000000,0.000000,0.387814,-0.077933,0.731853,-0.229218,1.036046,-0.303933,1.331446,-0.382509,0.478083,-0.875653,0.790390,-1.091780,1.053568,-1.094697,1.262911,-1.054461,0.392836,-0.917959,0.724869,-1.180672,1.007536,-1.178995,1.231151,-1.087382,0.304786,-0.922339,0.576018,-1.236347,0.843352,-1.286898,1.068527,-1.239101,0.229631,-0.881449,0.468831,-1.146859,0.682191,-1.260634,0.866513,-1.291906
C,Right,legacy_asl_C_45,0.000000,0.000000,0.379311,0.011908,0.721421,-0.163086,0.999699,-0.327576,1.295144,-0.445902,0.473661,-0.860813,0.722538,-1.164468,0.965333,-1.297644,1.174569,-1.374536,0.372821,-0.925709,0.634663,-1.269825,0.913740,-1.405723,1.165431,-1.467984,0.256751,-0.952573,0.489018,-1.317005,0.768946,-1.459126,1.025461,-1.520574,0.122816,-0.946143,0.274690,-1.278245,0.483488,-1.428316,0.696855,-1.510471
C,Right,legacy_asl_C_46,0.000000,0.000000,0.333778,-0.133388,0.621437,-0.351536,0.914044,-0.445173,1.139448,-0.488758,0.130940,-0.993236,0.598568,-1.158213,0.888405,-1.073384,1.099264,-0.923037,0.117312,-0.991849,0.662256,-1.228945,0.962865,-1.092462,1.149894,-0.855721,0.179493,-0.940251,0.612717,-1.194109,0.939330,-1.097446,1.149767,-0.915343,0.319649,-0.840002,0.619245,-1.112865,0.850865,-1.130677,1.034244,-1.072674
C,Right,legacy_asl_C_47,0.000000,0.000000,0.461566,0.071639,0.830693,-0.035599,1.186529,-0.141422,1.525050,-0.172535,0.659156,-0.686340,1.045562,-0.937525,1.355616,-0.999976,1.609441,-1.032901,0.616582,-0.778299,1.022907,-1.067800,1.373088,-1.160950,1.653606,-1.179025,0.542571,-0.843450,0.913913,-1.157989,1.260463,-1.264580,1.551563,-1.295597,0.447694,-0.882646,0.744723,-1.176078,1.015088,-1.313484,1.256968,-1.398326
C,Right,legacy_asl_C_48,0.000000,0.000000,0.394402,0.244598,0.862211,0.196903,1.236320,0.062003,1.598260,0.014220,0.662853,-0.593124,1.087807,-0.880476,1.449380,-0.909207,1.718186,-0.873248,0.571402,-0.801243,1.061346,-1.099204,1.455399,-1.123799,1.749683,-1.066268,0.527204,-0.922975,0.990147,-1.207730,1.355818,-1.242506,1.644438,-1.205690,0.498746,-0.988863,0.883051,-1.257743,1.189320,-1.323256,1.427891,-1.314085
C,Right,legacy_asl_C_49,0.000000,0.000000,0.405320,-0.000811,0.751123,-0.102595,1.058987,-0.086687,1.348414,-0.054005,0.456093,-0.878721,0.884610,-1.023377,1.212705,-1.010731,1.466927,-0.958688,0.377317,-0.919147,0.908490,-1.082327,1.279275,-1.011058,1.533373,-0.870746,0.352968,-0.861597,0.845826,-1.061205,1.214132,-1.027464,1.471455,-0.934124,0.379588,-0.715395,0.721756,-0.938484,0.986985,-1.003244,1.188007,-0.999295
C,Right,legacy_asl_C_50,0.000000,0.000000,0.344097,0.046476,0.708910,-0.077042,1.066499,-0.150871,1.382802,-0.198021,0.325532,-0.735637,0.727109,-1.072287,1.092394,-1.165826,1.385701,-1.164840,0.189132,-0.850536,0.692344,-1.181694,1.091933,-1.210424,1.384018,-1.127320,0.150004,-0.886272,0.622452,-1.186094,0.986450,-1.224699,1.263353,-1.163850,0.172615,-0.851599,0.549114,-1.102321,0.851713,-1.175580,1.094532,-1.171511
C,Right,legacy_asl_C_51,0.000000,0.000000,0.394914,-0.090034,0.774772,-0.275858,1.103195,-0.393985,1.417586,-0.496782,0.411282,-0.909391,0.750852,-1.277619,1.067972,-1.342606,1.317004,-1.321897,0.292074,-0.945624,0.645735,-1.352646,0.983974,-1.432153,1.247203,-1.389344,0.190002,-0.934624,0.508829,-1.349668,0.836421,-1.469497,1.113499,-1.470583,0.108008,-0.884999,0.364995,-1.227344,0.611975,-1.399712,0.826970,-1.476352
C,Right,legacy_asl_C_52,0.000000,0.000000,0.272471,0.135924,0.668621,0.048679,1.048675,-0.001581,1.365605,-0.069140,0.545520,-0.701103,1.004796,-0.979882,1.366597,-0.950691,1.620657,-0.858506,0.456824,-0.814868,0.957531,-1.036603,1.346379,-0.981031,1.612928,-0.844270,0.445594,-0.837859,0.908915,-0.999984,1.270356,-0.973127,1.535899,-0.866799,0.484592,-0.804497,0.886255,-0.957111,1.174528,-0.957080,1.385776,-0.886900
C,Right,legacy_asl_C_53,0.000000,0.000000,0.438765,-0.091149,0.751431,-0.267305,1.031030,-0.364532,1.320067,-0.423453,0.401795,-0.895749,0.737327,-1.099336,1.012916,-1.147579,1.237400,-1.160996,0.317789,-0.944782,0.724137,-1.166429,1.044616,-1.198183,1.295502,-1.158329,0.273828,-0.930717,0.650948,-1.172111,0.963583,-1.227614,1.201159,-1.219398,0.264133,-0.855464,0.528864,-1.113188,0.754120,-1.217890,0.940330,-1.263276
C,Right,legacy_asl_C_54,0.000000,0.000000,0.365418,-0.193362,0.590178,-0.407933,0.840356,-0.528002,1.063878,-0.631933,-0.004909,-0.938508,0.471841,-1.137368,0.757471,-1.109855,0.940839,-1.007243,-0.056938,-0.983637,0.471344,-1.253321,0.783964,-1.201657,0.987973,-1.040568,-0.008301,-0.973037,0.431677,-1.303932,0.746152,-1.272422,0.937804,-1.144295,0.125101,-0.930984,0.359359,-1.304542,0.577614,-1.397452,0.761916,-1.384623
C,Right,legacy_asl_C_55,0.000000,0.000000,0.325324,0.262148,0.762049,0.322335,1.159496,0.256969,1.521575,0.250552,0.627132,-0.503085,1.035223,-0.725992,1.393912,-0.714402,1.671165,-0.657324,0.585752,-0.729456,1.080799,-0.975645,1.479679,-0.950789,1.757357,-0.855871,0.581947,-0.844498,1.035049,-1.085369,1.402149,-1.069187,1.690894,-0.996171,0.580523,-0.890896,0.962013,-1.133857,1.261115,-1.170952,1.504904,-1.144626
C,Right,legacy_asl_C_56,0.000000,0.000000,0.439206,-0.054334,0.802018,-0.202490,1.123237,-0.302464,1.440000,-0.374894,0.540911,-0.839225,0.850193,-1.101019,1.133570,-1.124322,1.360912,-1.099339,0.453680,-0.889710,0.803406,-1.183227,1.104006,-1.197068,1.344609,-1.119014,0.365025,-0.916897,0.671982,-1.257323,0.966416,-1.316606,1.214415,-1.269568,0.278784,-0.918273,0.535227,-1.205690,0.781871,-1.329033,1.001724,-1.366916
C,Right,legacy_asl_C_57,0.000000,0.000000,0.401735,0.045940,0.810567,-0.083349,1.173786,-0.189392,1.503455,-0.241458,0.549708,-0.759921,0.888972,-1.036176,1.224351,-1.116982,1.489551,-1.139534,0.465514,-0.881139,0.835234,-1.163395,1.195750,-1.242605,1.493704,-1.249480,0.396638,-0.976781,0.742937,-1.271226,1.101429,-1.359000,1.396560,-1.360995,0.327317,-1.049810,0.613636,-1.352447,0.891180,-1.481978,1.131984,-1.534463
C,Right,legacy_asl_C_58,0.000000,0.000000,0.432623,-0.013148,0.819508,-0.157844,1.133744,-0.304486,1.419826,-0.370598,0.553513,-0.798444,0.901063,-1.066866,1.168546,-1.146650,1.388487,-1.174195,0.478733,-0.875434,0.847211,-1.183649,1.149905,-1.256984,1.408845,-1.261572,0.401689,-0.868774,0.742345,-1.191944,1.044315,-1.286333,1.309066,-1.302935,0.348509,-0.809254,0.633669,-1.123228,0.861814,-1.287104,1.059586,-1.380865
C,Right,legacy_asl_C_59,0.000000,0.000000,0.416947,-0.049338,0.768708,-0.198691,1.092070,-0.257700,1.378624,-0.274800,0.363420,-0.885631,0.827038,-0.994359,1.134727,-0.929778,1.344982,-0.806960,0.302787,-0.951674,0.855875,-1.128196,1.194144,-1.049915,1.423414,-0.892753,0.295006,-0.956533,0.796025,-1.186804,1.151699,-1.130939,1.392050,-1.002887,0.329462,-0.907977,0.664623,-1.212187,0.943757,-1.300374,1.183971,-1.287845
C,Right,legacy_asl_C_60,0.000000,0.000000,0.507945,-0.108082,0.800108,-0.276368,1.076194,-0.323263,1.369261,-0.375424,0.356686,-0.947008,0.789700,-1.066832,1.114827,-0.999188,1.349841,-0.871347,0.299002,-0.947412,0.817794,-1.166590,1.177225,-1.041582,1.410931,-0.842884,0.308151,-0.898196,0.770139,-1.144852,1.149915,-1.036943,1.391099,-0.891758,0.391745,-0.785822,0.743580,-1.023562,1.021565,-1.027232,1.217159,-0.974072
C,Right,legacy_asl_C_61,0.000000,0.000000,0.323344,-0.067819,0.652645,-0.274816,0.977070,-0.399615,1.261574,-0.500440,0.275084,-0.939584,0.660677,-1.200399,0.995723,-1.213680,1.247952,-1.164758,0.206822,-0.976565,0.637380,-1.215932,0.983294,-1.213099,1.249525,-1.141142,0.212491,-0.962475,0.625802,-1.194222,0.947712,-1.217303,1.195597,-1.165182,0.270297,-0.919282,0.596844,-1.147318,0.851727,-1.211833,1.061863,-1.204590
C,Right,legacy_asl_C_62,0.000000,0.000000,0.408172,0.100197,0.773527,0.055991,1.104557,0.011787,1.412758,-0.024688,0.662729,-0.676578,1.032978,-0.845948,1.336615,-0.791972,1.548882,-0.700414,0.629083,-0.769432,1.075303,-0.961367,1.408075,-0.903937,1.623960,-0.778972,0.608093,-0.825837,1.026993,-1.036013,1.350672,-1.005706,1.570976,-0.906974,0.603150,-0.858374,0.933911,-1.092053,1.202445,-1.119925,1.400334,-1.067330
C,Right,legacy_asl_C_63,0.000000,0.000000,0.393864,-0.000827,0.745172,-0.128302,1.048598,-0.163209,1.342425,-0.177135,0.521666,-0.850394,0.914697,-1.010272,1.240027,-0.974823,1.486249,-0.898305,0.454563,-0.890364,0.908019,-1.070886,1.263384,-1.023411,1.515947,-0.902788,0.431396,-0.862146,0.875376,-1.052419,1.228806,-1.025359,1.471456,-0.925592,0.457526,-0.774323,0.813663,-0.967988,1.092196,-1.000490,1.296534,-0.964961
C,Right,legacy_asl_C_64,0.000000,0.000000,0.364403,-0.127134,0.667064,-0.334544,0.916238,-0.469856,1.166506,-0.581093,0.405513,-0.906700,0.633995,-1.176071,0.846289,-1.256341,1.041652,-1.291352,0.299684,-0.953885,0.521693,-1.281334,0.756223,-1.367801,0.977078,-1.370246,0.184645,-0.952040,0.367334,-1.322811,0.598120,-1.433484,0.827612,-1.447779,0.071980,-0.916057,0.227294,-1.222851,0.413730,-1.370492,0.607729,-1.440077
C,Right,legacy_asl_C_65,-0.000033,-0.016637,0.413968,-0.079474,0.703625,-0.233500,1.004304,-0.315694,1.277866,-0.355552,0.299943,-0.903815,0.730358,-1.052389,1.025824,-1.068417,1.244249,-1.082110,0.275031,-0.959696,0.757018,-1.154115,1.056073,-1.202215,1.315154,-1.118567,0.238820,-0.947777,0.703332,-1.161596,0.966625,-1.209341,1.218029,-1.153795,0.296418,-0.855300,0.620156,-1.123602,0.815464,-1.192883,1.009876,-1.232973
C,Right,legacy_asl_C_66,0.000000,0.000000,0.378390,-0.084237,0.664693,-0.235589,0.948098,-0.305944,1.201346,-0.354624,0.310484,-0.854202,0.709030,-1.000366,0.987293,-1.032125,1.202988,-1.042799,0.252770,-0.921615,0.704428,-1.104030,1.020889,-1.128050,1.262960,-1.088415,0.242147,-0.910089,0.644951,-1.138467,0.945243,-1.162061,1.173290,-1.132678,0.285016,-0.829840,0.577131,-1.086159,0.791198,-1.164970,0.970535,-1.178976
C,Right,legacy_asl_C_67,0.000000,0.000000,0.388939,-0.112013,0.677614,-0.288071,0.968454,-0.379536,1.229255,-0.446480,0.268875,-0.910069,0.674854,-1.087908,0.962807,-1.138820,1.186906,-1.163754,0.204413,-0.976626,0.663421,-1.195644,0.991677,-1.240938,1.246484,-1.215131,0.194080,-0.963935,0.599233,-1.227724,0.910666,-1.271538,1.150202,-1.255518,0.243894,-0.883050,0.531905,-1.168870,0.749945,-1.264707,0.935941,-1.290785
C,Right,legacy_asl_C_68,-0.011912,0.000357,0.398510,-0.088004,0.688805,-0.239488,1.014855,-0.326085,1.261912,-0.375433,0.314022,-0.914218,0.731815,-1.068756,1.041522,-1.055601,1.274718,-1.072269,0.252944,-0.955482,0.754290,-1.125064,1.094875,-1.173199,1.330936,-1.123925,0.251527,-0.938405,0.656233,-1.184443,1.012665,-1.214944,1.228055,-1.182253,0.269179,-0.872986,0.606158,-1.142450,0.817360,-1.205693,1.037004,-1.220071
C,Right,legacy_asl_C_69,0.000000,0.000000,0.382604,-0.085175,0.672096,-0.238213,0.958657,-0.309352,1.214725,-0.358574,0.313942,-0.863715,0.716926,-1.011508,0.998289,-1.043620,1.216386,-1.054413,0.255585,-0.931879,0.712273,-1.116326,1.032259,-1.140613,1.277026,-1.100536,0.244844,-0.920224,0.652134,-1.151146,0.955770,-1.175003,1.186357,-1.145293,0.288190,-0.839082,0.583558,-1.098256,0.800009,-1.177944,0.981344,-1.192106
C,Right,legacy_asl_C_70,0.000000,0.000000,0.395480,-0.086117,0.695138,-0.242752,0.991377,-0.314836,1.256025,-0.364434,0.328313,-0.890354,0.745136,-1.041030,1.035821,-1.072839,1.261076,-1.082938,0.268380,-0.961018,0.740834,-1.149285,1.071363,-1.172830,1.323913,-1.130274,0.257234,-0.949035,0.678902,-1.185529,0.992546,-1.208708,1.230504,-1.176923,0.301603,-0.865042,0.607839,-1.131244,0.831725,-1.212491,1.019036,-1.226245
C,Right,legacy_asl_C_71,-0.000784,0.014705,0.386994,-0.073320,0.704617,-0.234682,0.973620,-0.307065,1.255747,-0.356436,0.333620,-0.872276,0.709785,-1.040878,1.017455,-1.091236,1.256950,-1.091298,0.248877,-0.967503,0.721869,-1.144472,1.079596,-1.178321,1.306678,-1.128374,0.261729,-0.948449,0.666869,-1.199357,0.988538,-1.211423,1.238859,-1.204576,0.331938,-0.834292,0.596584,-1.159251,0.821423,-1.209631,0.987920,-1.230070
C,Right,legacy_asl_C_72,0.000000,0.000000,0.387678,-0.086305,0.681008,-0.241371,0.971369,-0.313454,1.230833,-0.363328,0.318105,-0.875168,0.726433,-1.024920,1.011526,-1.057458,1.232515,-1.068394,0.258974,-0.944236,0.721718,-1.131128,1.045947,-1.155738,1.293959,-1.115129,0.248090,-0.932426,0.660781,-1.166410,0.968443,-1.190584,1.202088,-1.160479,0.292011,-0.850209,0.591296,-1.112819,0.810618,-1.193563,0.994357,-1.207913
C,Right,legacy_asl_C_73,0.000000,0.000000,0.398241,-0.072276,0.703179,-0.218369,1.001751,-0.280080,1.267968,-0.320421,0.359155,-0.878366,0.780978,-1.014418,1.072595,-1.036074,1.298066,-1.038313,0.301723,-0.951077,0.780453,-1.122758,1.111602,-1.134765,1.362515,-1.083429,0.290165,-0.939490,0.719822,-1.161139,1.034084,-1.173368,1.270789,-1.133307,0.331579,-0.854000,0.646909,-1.109364,0.873492,-1.182756,1.061169,-1.189972
C,Right,legacy_asl_C_74,0.004245,-0.013508,0.400320,-0.061959,0.706134,-0.251613,0.991430,-0.324255,1.264297,-0.395188,0.338689,-0.896637,0.737089,-1.045450,1.019647,-1.083983,1.269086,-1.084340,0.254927,-0.958928,0.715190,-1.146512,1.062151,-1.174023,1.308127,-1.178680,0.276555,-0.936373,0.667135,-1.185670,0.984993,-1.216020,1.188407,-1.185921,0.306074,-0.885472,0.570445,-1.138613,0.793380,-1.212305,1.011648,-1.223773
C,Right,legacy_asl_C_75,0.000000,0.000000,0.395243,-0.087989,0.694298,-0.246082,0.990325,-0.319571,1.254852,-0.370418,0.324313,-0.892247,0.740609,-1.044921,1.031266,-1.078094,1.256567,-1.089243,0.264027,-0.962662,0.735802,-1.153202,1.066358,-1.178292,1.319210,-1.136891,0.252932,-0.950622,0.673676,-1.189172,0.987342,-1.213817,1.225546,-1.183125,0.297710,-0.866800,0.602835,-1.134535,0.826436,-1.216855,1.013761,-1.231485
C,Right,legacy_asl_C_76,0.000000,0.000000,0.393146,-0.096212,0.688696,-0.260467,0.982993,-0.340109,1.246285,-0.396466,0.305414,-0.898466,0.718244,-1.059762,1.008019,-1.099002,1.232942,-1.114864,0.243693,-0.967573,0.711172,-1.167872,1.040990,-1.199870,1.294547,-1.163793,0.232856,-0.955309,0.648333,-1.202519,0.961281,-1.233718,1.199974,-1.208036,0.279362,-0.872478,0.578682,-1.146432,0.800415,-1.233384,0.987313,-1.251928
C,Right,legacy_asl_C_77,-0.003048,0.005680,0.438104,0.078204,0.767231,0.030389,1.097253,-0.047943,1.366505,-0.122851,0.685635,-0.681285,1.046564,-0.890869,1.338847,-0.908547,1.580555,-0.926573,0.656040,-0.756134,1.018118,-1.020933,1.340259,-1.115247,1.588969,-1.092468,0.563220,-0.815156,0.869835,-1.114375,1.213142,-1.202434,1.470403,-1.207210,0.430123,-0.856454,0.708413,-1.113468,0.936464,-1.288229,1.188382,-1.321091
C,Right,legacy_asl_C_78,0.000000,0.000000,0.442796,0.087938,0.802923,0.006729,1.129613,-0.057202,1.421815,-0.116167,0.702107,-0.686220,1.075227,-0.915270,1.376301,-0.953345,1.622590,-0.955778,0.650119,-0.782512,1.039812,-1.056405,1.371584,-1.145953,1.637306,-1.150424,0.564253,-0.845132,0.904856,-1.152810,1.234087,-1.258065,1.504656,-1.279312,0.447423,-0.872994,0.731734,-1.159301,0.991505,-1.299710,1.221357,-1.378903
C,Right,legacy_asl_C_79,0.000000,0.000000,0.434309,0.046532,0.774352,-0.062809,1.083664,-0.152612,1.360169,-0.234654,0.617394,-0.721898,0.957200,-0.974833,1.244058,-1.037509,1.481194,-1.061109,0.558983,-0.810208,0.910891,-1.107788,1.222889,-1.222717,1.478578,-1.249958,0.470831,-0.863144,0.772515,-1.189046,1.080709,-1.318892,1.339620,-1.362719,0.355838,-0.879912,0.605118,-1.180361,0.843340,-1.338090,1.058012,-1.434244
C,Right,legacy_asl_C_80,-0.004883,-0.008865,0.450564,0.071008,0.766605,0.025602,1.094708,-0.048226,1.379411,-0.104106,0.671507,-0.655392,1.063586,-0.877742,1.339865,-0.906147,1.569886,-0.934846,0.616633,-0.743176,1.015260,-1.011534,1.318341,-1.135256,1.582710,-1.133393,0.556828,-0.802164,0.877799,-1.135736,1.212478,-1.204291,1.470438,-1.231121,0.428824,-0.818789,0.720183,-1.114770,0.972141,-1.262570,1.187039,-1.366365
C,Right,legacy_asl_C_81,0.000000,0.000000,0.433732,0.086138,0.786486,0.006591,1.106489,-0.056031,1.392710,-0.113789,0.687734,-0.672172,1.053216,-0.896534,1.348127,-0.933829,1.589374,-0.936213,0.636810,-0.766494,1.018526,-1.034779,1.343506,-1.122494,1.603789,-1.126874,0.552702,-0.827831,0.886333,-1.129211,1.208824,-1.232311,1.473854,-1.253124,0.438264,-0.855123,0.716755,-1.135569,0.971208,-1.273103,1.196355,-1.350675
C,Right,legacy_asl_C_82,0.000000,0.000000,0.419583,0.121405,0.773466,0.072912,1.093687,0.038309,1.380250,0.005640,0.733606,-0.603436,1.112245,-0.793374,1.405633,-0.805171,1.643258,-0.787142,0.691455,-0.700564,1.089781,-0.932359,1.417019,-0.991237,1.673547,-0.973564,0.613861,-0.768033,0.967658,-1.036459,1.293747,-1.110688,1.556334,-1.108787,0.503540,-0.804557,0.801304,-1.057039,1.063341,-1.170903,1.291471,-1.228230
C,Right,legacy_asl_C_83,0.010234,-0.004089,0.436049,0.069959,0.769128,0.025429,1.081115,-0.059413,1.389203,-0.139311,0.674687,-0.641887,1.047321,-0.877417,1.311571,-0.914193,1.568312,-0.939993,0.612622,-0.763897,0.958634,-1.014220,1.315300,-1.086491,1.565957,-1.130498,0.531242,-0.813274,0.854831,-1.133953,1.202904,-1.217704,1.458825,-1.247074,0.418837,-0.834370,0.698830,-1.111710,0.954913,-1.250546,1.190763,-1.326204
C,Right,legacy_asl_C_84,0.000000,0.000000,0.408592,0.081146,0.740900,0.006209,1.042355,-0.052783,1.311986,-0.107193,0.647872,-0.633212,0.992170,-0.844569,1.269987,-0.879703,1.497251,-0.881948,0.599899,-0.722066,0.959491,-0.974802,1.265634,-1.057433,1.510830,-1.061558,0.520667,-0.779849,0.834960,-1.063760,1.138759,-1.160884,1.388427,-1.180490,0.412861,-0.805558,0.675211,-1.069750,0.914915,-1.199312,1.127012,-1.272388
C,Right,legacy_asl_C_85,0.000000,0.000000,0.431852,0.065522,0.776361,-0.028809,1.089312,-0.104969,1.369146,-0.174813,0.648441,-0.694145,0.999006,-0.931943,1.288335,-0.981986,1.526278,-0.995170,0.593957,-0.784930,0.958569,-1.066800,1.275304,-1.167944,1.531941,-1.183952,0.508209,-0.841678,0.823888,-1.154044,1.137476,-1.270258,1.398060,-1.302695,0.394062,-0.863470,0.656271,-1.152705,0.901177,-1.299841,1.119858,-1.386494
C,Right,legacy_asl_C_86,-0.016278,0.001411,0.416258,0.085128,0.787361,0.004067,1.083390,-0.106094,1.356716,-0.087119,0.676030,-0.680269,1.070699,-0.878297,1.331837,-0.930744,1.563784,-0.943052,0.633421,-0.739475,0.998935,-1.015583,1.348911,-1.104415,1.603630,-1.112299,0.531671,-0.835213,0.891879,-1.126343,1.215545,-1.216365,1.443999,-1.238608,0.444942,-0.840630,0.712642,-1.099954,0.955942,-1.293721,1.179875,-1.326371
C,Right,legacy_asl_C_87,0.000000,0.000000,0.446517,0.088677,0.809669,0.006786,1.139105,-0.057682,1.433763,-0.117143,0.708006,-0.691986,1.084262,-0.922961,1.387866,-0.961356,1.636224,-0.963809,0.655581,-0.789088,1.048549,-1.065282,1.383109,-1.155582,1.651064,-1.160091,0.568994,-0.852234,0.912460,-1.162497,1.244457,-1.268636,1.517299,-1.290062,0.451182,-0.880329,0.737883,-1.169043,0.999837,-1.310631,1.231620,-1.390489
C,Right,legacy_asl_C_88,0.000000,0.000000,0.423551,0.106743,0.775534,0.045974,1.094358,0.000258,1.379611,-0.042355,0.712180,-0.628579,1.083987,-0.831568,1.376787,-0.853558,1.614895,-0.843802,0.666678,-0.724182,1.056704,-0.969687,1.381697,-1.039908,1.638684,-1.031165,0.586785,-0.788913,0.931035,-1.069478,1.254345,-1.155001,1.516840,-1.162231,0.475261,-0.821579,0.764066,-1.084261,1.021986,-1.207167,1.247985,-1.272392
C,Right,legacy_asl_C_89,0.003660,0.017029,0.379719,0.063278,0.725309,-0.103846,1.023848,-0.189975,1.329408,-0.196454,0.440848,-0.874139,0.775442,-1.125452,1.113105,-1.121180,1.313251,-1.047079,0.282858,-0.951685,0.743507,-1.205685,1.045446,-1.165792,1.255335,-1.098055,0.234901,-0.972278,0.663491,-1.171283,0.941608,-1.158359,1.181590,-1.085939,0.211462,-0.951871,0.558440,-1.081322,0.823334,-1.120223,0.966981,-1.100643
C,Right,legacy_asl_C_90,0.000000,0.000000,0.411732,0.056399,0.768802,-0.133187,1.113552,-0.209636,1.420416,-0.189364,0.421359,-0.909196,0.834588,-1.184392,1.181278,-1.204468,1.422408,-1.147994,0.287271,-1.022705,0.765262,-1.277177,1.102528,-1.240937,1.346142,-1.139700,0.228527,-1.045662,0.684711,-1.268208,1.009006,-1.243576,1.228103,-1.158853,0.228242,-0.990887,0.598870,-1.181867,0.858271,-1.196600,1.039965,-1.161860
C,Right,legacy_asl_C_91,0.000000,0.000000,0.383460,0.071989,0.727076,-0.089216,1.053893,-0.144905,1.340694,-0.111659,0.437290,-0.832993,0.837539,-1.071867,1.163558,-1.074606,1.387042,-1.010462,0.316824,-0.945650,0.776838,-1.162087,1.091407,-1.112456,1.315144,-1.006224,0.262805,-0.969902,0.700890,-1.157414,1.003835,-1.119270,1.205348,-1.029661,0.259996,-0.918553,0.616391,-1.080436,0.860312,-1.082215,1.029073,-1.041209
C,Right,legacy_asl_C_92,-0.008327,0.005283,0.390086,0.053409,0.698528,-0.135978,1.039193,-0.187839,1.340162,-0.185843,0.387348,-0.844069,0.788042,-1.134985,1.123073,-1.153089,1.324949,-1.093009,0.258095,-0.972323,0.700534,-1.201414,1.031058,-1.158659,1.259798,-1.054183,0.203157,-0.994408,0.643439,-1.175802,0.955628,-1.188533,1.157129,-1.108422,0.220938,-0.946648,0.566857,-1.103131,0.795153,-1.120434,0.985701,-1.074777
C,Right,legacy_asl_C_93,0.000000,0.000000,0.363133,0.049742,0.678055,-0.117466,0.982112,-0.184891,1.252754,-0.167012,0.371623,-0.801878,0.736076,-1.044591,1.041844,-1.062297,1.254511,-1.012488,0.253363,-0.901988,0.674933,-1.126423,0.972389,-1.094461,1.187248,-1.005173,0.201552,-0.922236,0.603890,-1.118513,0.889906,-1.096789,1.083142,-1.022066,0.201301,-0.873926,0.528181,-1.042363,0.756963,-1.055357,0.917211,-1.024717
C,Right,legacy_asl_C_94,0.000000,0.000000,0.381315,0.082602,0.729272,-0.069006,1.057508,-0.115605,1.343276,-0.074413,0.460236,-0.820538,0.866960,-1.048214,1.192929,-1.041905,1.414547,-0.971585,0.342942,-0.936494,0.808785,-1.140083,1.121856,-1.081742,1.342559,-0.969342,0.289617,-0.962236,0.732737,-1.137520,1.034507,-1.090984,1.233456,-0.995817,0.285385,-0.910985,0.646135,-1.062916,0.890011,-1.057926,1.057569,-1.012253
C,Right,legacy_asl_C_95,0.046042,-0.024295,0.374929,0.055323,0.718951,-0.112823,1.055137,-0.199539,1.311577,-0.165865,0.361917,-0.862041,0.809747,-1.098650,1.117212,-1.138473,1.355178,-1.057162,0.253012,-0.963416,0.725390,-1.187293,1.060125,-1.145621,1.266773,-1.077478,0.209531,-0.987793,0.652961,-1.184768,0.944947,-1.193584,1.154326,-1.061857,0.209985,-0.904622,0.572996,-1.088418,0.848261,-1.124930,0.994178,-1.087418
C,Right,legacy_asl_C_96,0.000000,0.000000,0.387853,0.053128,0.724214,-0.125462,1.048970,-0.197478,1.338036,-0.178382,0.396922,-0.856466,0.786185,-1.115702,1.112768,-1.134613,1.339913,-1.081414,0.270610,-0.963392,0.720880,-1.203105,1.038585,-1.168966,1.268070,-1.073601,0.215273,-0.985017,0.645000,-1.194656,0.950487,-1.171453,1.156877,-1.091644,0.215005,-0.933419,0.564137,-1.113323,0.808494,-1.127201,0.979650,-1.094475
C,Right,legacy_asl_C_97,0.000000,0.000000,0.384000,0.069048,0.726371,-0.094786,1.052751,-0.152978,1.339799,-0.121931,0.430892,-0.836320,0.829299,-1.078255,1.155287,-1.083492,1.379257,-1.021064,0.309567,-0.948051,0.767908,-1.168006,1.082848,-1.120788,1.307393,-1.016274,0.255363,-0.971888,0.691999,-1.162752,0.995227,-1.126931,1.197421,-1.038869,0.252948,-0.920519,0.608092,-1.085129,0.851992,-1.088777,1.021062,-1.049066
C,Right,legacy_asl_C_98,-0.003803,-0.013748,0.366906,0.083309,0.728113,-0.110272,1.063886,-0.186850,1.338111,-0.180747,0.375974,-0.856712,0.806833,-1.114756,1.118262,-1.140559,1.334009,-1.088173,0.265284,-0.958136,0.717038,-1.215482,1.022927,-1.145441,1.261440,-1.091163,0.223528,-0.989083,0.663267,-1.185916,0.955481,-1.157748,1.149231,-1.102550,0.203964,-0.954678,0.572049,-1.109553,0.805025,-1.088959,0.979852,-1.077185
C,Right,legacy_asl_C_99,0.000000,0.000000,0.396544,0.054319,0.740440,-0.128274,1.072473,-0.201902,1.368016,-0.182379,0.405815,-0.875656,0.803800,-1.140700,1.137701,-1.160035,1.369935,-1.105644,0.276674,-0.984978,0.737032,-1.230062,1.061856,-1.195159,1.296483,-1.097656,0.220096,-1.007088,0.659452,-1.221424,0.971784,-1.197701,1.182798,-1.116103,0.219822,-0.954333,0.576777,-1.138268,0.826609,-1.152457,1.001601,-1.118999
C,Right,legacy_asl_C_100,0.000000,0.000000,0.388319,0.037843,0.716357,-0.153078,1.036978,-0.237412,1.325595,-0.229623,0.362017,-0.868356,0.739607,-1.141645,1.064110,-1.173164,1.292385,-1.129008,0.232073,-0.969935,0.671175,-1.226151,0.988898,-1.204495,1.221142,-1.118436,0.176123,-0.989322,0.595937,-1.214790,0.901066,-1.203549,1.109706,-1.132086,0.177860,-0.937925,0.518566,-1.130650,0.761377,-1.153963,0.933100,-1.128021
C,Right,legacy_asl_C_101,-0.014059,-0.049792,0.373239,-0.045768,0.716455,-0.194660,0.985606,-0.292383,1.308720,-0.337362,0.242686,-0.905235,0.705094,-1.040385,1.046588,-1.088575,1.307112,-1.069323,0.203580,-0.974674,0.747401,-1.176690,1.086289,-1.159625,1.348099,-1.114500,0.201114,-0.987895,0.725804,-1.234213,1.049208,-1.249682,1.302886,-1.203832,0.264535,-1.004551,0.634988,-1.229431,0.915456,-1.306331,1.156046,-1.288911
C,Right,legacy_asl_C_102,0.000000,0.000000,0.392931,-0.018490,0.710282,-0.180385,1.008788,-0.291309,1.298158,-0.342007,0.263594,-0.904883,0.702426,-1.074076,1.052855,-1.103828,1.316863,-1.085075,0.194602,-0.996047,0.730546,-1.184872,1.104320,-1.183263,1.381557,-1.132258,0.198272,-1.021761,0.728075,-1.252742,1.088613,-1.260754,1.341488,-1.204821,0.261036,-0.998789,0.655600,-1.264318,0.935254,-1.326716,1.153965,-1.308803
C,Right,legacy_asl_C_103,0.000000,0.000000,0.387407,0.011402,0.711356,-0.123763,1.012955,-0.210274,1.301048,-0.238305,0.327045,-0.869125,0.770886,-1.002319,1.117386,-1.005179,1.375338,-0.966889,0.266127,-0.963875,0.806848,-1.109049,1.173923,-1.079342,1.442444,-1.008374,0.271667,-0.988861,0.809528,-1.175911,1.164324,-1.156652,1.408540,-1.082675,0.331599,-0.961570,0.739199,-1.192737,1.018627,-1.232994,1.232142,-1.198938
C,Right,legacy_asl_C_104,-0.005151,0.020367,0.403816,-0.033641,0.706440,-0.179631,0.999174,-0.301092,1.286716,-0.341730,0.248131,-0.904469,0.689963,-1.046256,1.005349,-1.082041,1.296672,-1.055632,0.180154,-1.003733,0.700040,-1.167253,1.078405,-1.175270,1.370629,-1.122168,0.207714,-0.996716,0.742150,-1.244799,1.095149,-1.258357,1.302614,-1.192300,0.266297,-0.984155,0.649129,-1.242356,0.930618,-1.321182,1.144770,-1.280976
C,Right,legacy_asl_C_105,0.000000,0.000000,0.371417,-0.017478,0.671393,-0.170508,0.953555,-0.275359,1.227081,-0.323281,0.249161,-0.855339,0.663967,-1.015269,0.995209,-1.043392,1.244763,-1.025665,0.183947,-0.941511,0.690547,-1.119998,1.043857,-1.118477,1.305914,-1.070265,0.187416,-0.965818,0.688212,-1.184153,1.029010,-1.191726,1.268040,-1.138855,0.246744,-0.944103,0.619704,-1.195095,0.884047,-1.254077,1.090784,-1.237144
C,Right,legacy_asl_C_106,0.000000,0.000000,0.385175,-0.043064,0.686956,-0.222342,0.973435,-0.350311,1.254745,-0.418484,0.201873,-0.906412,0.622637,-1.100560,0.965309,-1.152005,1.226081,-1.150285,0.128264,-0.991679,0.643269,-1.211279,1.010881,-1.233367,1.286703,-1.200774,0.130244,-1.017195,0.636542,-1.277856,0.990531,-1.308566,1.242710,-1.269583,0.193412,-0.998582,0.564548,-1.284649,0.835564,-1.363711,1.051745,-1.359948
C,Right,legacy_asl_C_107,0.038047,-0.000781,0.375230,-0.015490,0.701716,-0.157248,0.998163,-0.297092,1.276179,-0.328542,0.252782,-0.897850,0.692082,-1.067275,1.031667,-1.106848,1.309705,-1.092933,0.207077,-0.977623,0.747918,-1.161478,1.104565,-1.154661,1.371366,-1.127607,0.200929,-0.994418,0.708977,-1.248700,1.072308,-1.258078,1.314254,-1.168426,0.224609,-0.994099,0.646981,-1.237619,0.910966,-1.298683,1.132854,-1.277881
C,Right,legacy_asl_C_108,0.000000,0.000000,0.409191,-0.019256,0.739675,-0.187849,1.050534,-0.303364,1.351878,-0.356160,0.274502,-0.942330,0.731494,-1.118524,1.096424,-1.149507,1.371358,-1.129978,0.202655,-1.037265,0.760777,-1.233905,1.150019,-1.232229,1.438729,-1.179113,0.206477,-1.064044,0.758205,-1.304584,1.133663,-1.312927,1.397002,-1.254679,0.271839,-1.040121,0.682730,-1.316639,0.973957,-1.381619,1.201719,-1.362965
C,Right,legacy_asl_C_109,0.000000,0.000000,0.386289,-0.031552,0.693284,-0.201747,0.983454,-0.321111,1.266673,-0.380861,0.228827,-0.899986,0.655197,-1.081493,0.999251,-1.122691,1.259855,-1.113191,0.157795,-0.987410,0.679123,-1.191547,1.047231,-1.202657,1.321957,-1.161849,0.160535,-1.012856,0.674385,-1.258295,1.029132,-1.278429,1.280037,-1.231940,0.223120,-0.992367,0.602626,-1.267233,0.875880,-1.338173,1.091853,-1.327963
C,Right,legacy_asl_C_110,-0.006916,0.007159,0.409348,-0.006765,0.701413,-0.149773,1.003197,-0.278178,1.286735,-0.338207,0.292527,-0.881437,0.677643,-1.065968,1.027795,-1.061029,1.312212,-1.065533,0.194824,-0.937541,0.721491,-1.170211,1.104110,-1.155278,1.382620,-1.118320,0.185536,-1.003092,0.718763,-1.258389,1.088693,-1.255656,1.320250,-1.178440,0.286645,-0.941074,0.662003,-1.252371,0.928808,-1.322027,1.135124,-1.312690
C,Right,legacy_asl_C_111,0.000000,0.000000,0.373401,-0.017571,0.674980,-0.171419,0.958649,-0.276830,1.233637,-0.325008,0.250493,-0.859909,0.667515,-1.020693,1.000526,-1.048967,1.251413,-1.031145,0.184930,-0.946542,0.694236,-1.125982,1.049434,-1.124453,1.312892,-1.075983,0.188417,-0.970978,0.691889,-1.190479,1.034508,-1.198093,1.274815,-1.144939,0.248063,-0.949147,0.623015,-1.201480,0.888770,-1.260777,1.096612,-1.243754
C,Right,legacy_asl_C_112,0.000000,0.000000,0.387525,0.006202,0.709631,-0.133298,1.010042,-0.223847,1.297733,-0.255742,0.315353,-0.873435,0.757367,-1.012573,1.103798,-1.020082,1.362240,-0.985257,0.253169,-0.967359,0.791893,-1.119776,1.159334,-1.094998,1.428783,-1.027639,0.258374,-0.992417,0.793676,-1.186668,1.148698,-1.172172,1.393885,-1.101478,0.318666,-0.965933,0.723127,-1.202548,1.001990,-1.246551,1.215943,-1.215364
C,Right,legacy_asl_C_113,-0.015802,0.042087,0.372440,-0.064994,0.713055,-0.247441,1.072230,-0.335853,1.408085,-0.302020,0.347511,-0.912590,0.801644,-1.034947,1.129778,-1.052385,1.422869,-1.037572,0.265737,-0.961390,0.751318,-1.134238,1.133689,-1.130305,1.410105,-1.069009,0.301431,-0.956134,0.726075,-1.134182,1.108145,-1.163656,1.376516,-1.133959,0.388418,-0.849975,0.712073,-1.067942,0.971592,-1.123737,1.190037,-1.115631
C,Right,legacy_asl_C_114,0.000000,0.000000,0.360532,-0.061689,0.710537,-0.237828,1.031542,-0.299066,1.318334,-0.289435,0.324057,-0.872614,0.749941,-0.998973,1.100863,-1.013276,1.371910,-0.977213,0.261594,-0.920455,0.719873,-1.077084,1.073572,-1.078158,1.355207,-1.012015,0.272267,-0.901507,0.712510,-1.094140,1.047509,-1.120383,1.309647,-1.073646,0.352404,-0.823958,0.688247,-1.022290,0.937252,-1.082618,1.135156,-1.073014
C,Right,legacy_asl_C_115,0.000000,0.000000,0.379272,-0.045755,0.753464,-0.211441,1.091480,-0.258764,1.390151,-0.233925,0.383050,-0.893554,0.833828,-1.003398,1.200631,-1.000218,1.481514,-0.948619,0.320359,-0.946681,0.806492,-1.086430,1.175509,-1.069308,1.465885,-0.985784,0.330516,-0.926365,0.799691,-1.104603,1.150499,-1.114699,1.421538,-1.052424,0.410110,-0.841336,0.770675,-1.030904,1.033537,-1.080991,1.239485,-1.060765
C,Right,legacy_asl_C_116,0.044302,0.030945,0.378123,-0.076481,0.748683,-0.247398,1.064894,-0.304680,1.391495,-0.328088,0.308133,-0.907407,0.784047,-1.040546,1.149327,-1.080395,1.453453,-1.025724,0.255075,-0.921857,0.717817,-1.125666,1.122386,-1.148770,1.416281,-1.073830,0.284689,-0.923092,0.736209,-1.108344,1.100997,-1.180736,1.345383,-1.113151,0.354787,-0.841096,0.705451,-1.057242,1.000763,-1.130876,1.161140,-1.134337
C,Right,legacy_asl_C_117,0.000000,0.000000,0.358434,-0.061330,0.706401,-0.236444,1.025538,-0.297325,1.310660,-0.287750,0.322171,-0.867535,0.745575,-0.993158,1.094455,-1.007378,1.363925,-0.971525,0.260071,-0.915097,0.715682,-1.070814,1.067323,-1.071883,1.347319,-1.006125,0.270683,-0.896260,0.708362,-1.087772,1.041412,-1.113862,1.302024,-1.067397,0.350353,-0.819162,0.684241,-1.016340,0.931797,-1.076316,1.128548,-1.066768
C,Right,legacy_asl_C_118,0.000000,0.000000,0.370592,-0.092745,0.721173,-0.303850,1.050637,-0.393001,1.350072,-0.405642,0.268502,-0.934383,0.702041,-1.099644,1.066371,-1.142280,1.351498,-1.126150,0.199669,-0.979269,0.664552,-1.178614,1.032821,-1.207693,1.331352,-1.161074,0.212282,-0.960380,0.655536,-1.195795,1.002339,-1.249607,1.279032,-1.221656,0.301869,-0.885953,0.635948,-1.119050,0.890500,-1.201561,1.097362,-1.207204
C,Right,legacy_asl_C_119,-0.003994,0.012244,0.364758,-0.063701,0.753575,-0.226018,1.074659,-0.307881,1.376310,-0.296499,0.322523,-0.895941,0.744807,-1.033385,1.156514,-1.060274,1.447319,-1.017466,0.258953,-0.977042,0.740084,-1.144652,1.087337,-1.130143,1.403309,-1.038559,0.283255,-0.963196,0.704283,-1.135516,1.098308,-1.170752,1.384905,-1.125509,0.382652,-0.870427,0.725541,-1.068554,0.988632,-1.123683,1.177391,-1.134761
C,Right,legacy_asl_C_120,0.000000,0.000000,0.400594,-0.068544,0.789490,-0.264255,1.146165,-0.332298,1.464824,-0.321597,0.360066,-0.969577,0.833273,-1.109977,1.223189,-1.125869,1.524354,-1.085799,0.290662,-1.022734,0.799864,-1.196767,1.192865,-1.197961,1.505795,-1.124469,0.302521,-1.001681,0.791682,-1.215719,1.163906,-1.244878,1.455172,-1.192947,0.391562,-0.915515,0.764724,-1.135885,1.041398,-1.202916,1.261292,-1.192245
C,Right,legacy_asl_C_121,0.000000,0.000000,0.380273,-0.036513,0.758386,-0.193046,1.097453,-0.232131,1.395431,-0.200033,0.404677,-0.883969,0.857995,-0.982813,1.224612,-0.970710,1.504156,-0.912291,0.343297,-0.938606,0.832687,-1.066486,1.201178,-1.040390,1.489436,-0.949826,0.352957,-0.918049,0.826330,-1.084819,1.177280,-1.086376,1.446724,-1.017525,0.430459,-0.831109,0.795530,-1.011847,1.059532,-1.055524,1.264927,-1.030293
C,Right,legacy_asl_C_122,-0.012677,-0.015540,0.373794,-0.068191,0.756746,-0.244471,1.088486,-0.304286,1.375365,-0.297154,0.326743,-0.908486,0.783238,-1.046365,1.155011,-1.065717,1.425611,-1.024631,0.276002,-0.991356,0.747917,-1.109531,1.118815,-1.125764,1.415684,-1.075759,0.285988,-0.963954,0.746278,-1.134240,1.070287,-1.148386,1.366753,-1.120993,0.339578,-0.869572,0.756510,-1.061044,0.977438,-1.145193,1.166401,-1.118262
C,Right,legacy_asl_C_123,0.000000,0.000000,0.371538,-0.063572,0.732226,-0.245088,1.063030,-0.308195,1.358577,-0.298270,0.333949,-0.899251,0.772833,-1.029467,1.134467,-1.044207,1.413788,-1.007043,0.269579,-0.948552,0.741847,-1.109962,1.106344,-1.111070,1.396575,-1.042908,0.280579,-0.929026,0.734259,-1.127540,1.079485,-1.154583,1.349625,-1.106420,0.363161,-0.849110,0.709256,-1.053496,0.965862,-1.115665,1.169807,-1.105768
C,Right,legacy_asl_C_124,0.000000,0.000000,0.376461,-0.064941,0.741765,-0.249400,1.076944,-0.313814,1.376490,-0.304161,0.337217,-0.911839,0.781841,-1.044415,1.148333,-1.059851,1.431472,-1.022570,0.271911,-0.961717,0.750327,-1.125953,1.119738,-1.127577,1.413978,-1.058894,0.283085,-0.941943,0.742612,-1.143757,1.092457,-1.171640,1.366306,-1.123198,0.366892,-0.861062,0.717374,-1.068680,0.977355,-1.132041,1.184064,-1.122291
C,Right,legacy_asl_C_125,0.013271,0.017520,0.471523,-0.010657,0.848465,-0.138809,1.079586,-0.188370,1.389945,-0.241892,0.663269,-0.771992,0.973423,-0.984543,1.288394,-0.974324,1.523548,-0.964994,0.601735,-0.843782,0.932180,-1.056463,1.254663,-1.113683,1.534735,-1.082143,0.494652,-0.804791,0.786601,-1.125124,1.108849,-1.178741,1.346615,-1.196944,0.350005,-0.759847,0.511300,-1.023264,0.784635,-1.180790,0.994276,-1.254237
C,Right,legacy_asl_C_126,0.000000,0.000000,0.504426,-0.027110,0.861526,-0.142177,1.145414,-0.205750,1.444032,-0.244132,0.706127,-0.791888,1.032089,-1.013864,1.329624,-1.039942,1.580460,-1.017361,0.625389,-0.842678,0.984632,-1.110690,1.316269,-1.158714,1.591867,-1.135011,0.503843,-0.845389,0.830098,-1.156773,1.156260,-1.249052,1.436926,-1.262488,0.364214,-0.798274,0.568648,-1.107605,0.811931,-1.247757,1.031431,-1.316129
C,Right,legacy_asl_C_127,0.000000,0.000000,0.478372,-0.053398,0.811780,-0.182404,1.078361,-0.258419,1.360333,-0.311276,0.628390,-0.791964,0.926327,-1.020967,1.207941,-1.062060,1.447795,-1.054308,0.548805,-0.835861,0.875881,-1.110480,1.188736,-1.174316,1.452208,-1.166852,0.433031,-0.831787,0.726353,-1.145860,1.031577,-1.251496,1.297836,-1.279639,0.302783,-0.779325,0.480328,-1.084777,0.704090,-1.231418,0.909157,-1.308474
C,Right,legacy_asl_C_128,0.012450,0.018473,0.474695,-0.042465,0.818898,-0.112160,1.096772,-0.177362,1.371271,-0.220191,0.681886,-0.785881,0.980276,-0.963728,1.272950,-0.997297,1.489570,-0.981846,0.605359,-0.836443,0.939913,-1.051890,1.266606,-1.089853,1.533170,-1.096422,0.501208,-0.820734,0.818412,-1.106935,1.112094,-1.189243,1.388047,-1.197301,0.339112,-0.760445,0.541485,-1.039203,0.770280,-1.189960,0.979712,-1.252581
C,Right,legacy_asl_C_129,0.000000,0.000000,0.449721,-0.024170,0.768094,-0.126758,1.021195,-0.183437,1.287428,-0.217656,0.629548,-0.706009,0.920161,-0.903911,1.185428,-0.927162,1.409061,-0.907030,0.557566,-0.751291,0.877850,-0.990237,1.173521,-1.033053,1.419231,-1.011920,0.449202,-0.753707,0.740075,-1.031322,1.030865,-1.113593,1.281093,-1.125572,0.324716,-0.711703,0.506979,-0.987486,0.723878,-1.112439,0.919574,-1.173397
C,Right,legacy_asl_C_130,0.000000,0.000000,0.481308,-0.005810,0.825843,-0.101199,1.098636,-0.150468,1.384454,-0.175170,0.703657,-0.725911,1.022788,-0.924317,1.307086,-0.937347,1.544996,-0.905904,0.628805,-0.777466,0.981445,-1.018380,1.299081,-1.050953,1.560521,-1.017459,0.513196,-0.784866,0.836150,-1.068380,1.150328,-1.143301,1.418065,-1.144965,0.378397,-0.745548,0.585290,-1.031936,0.822462,-1.155721,1.034145,-1.212111
C,Right,legacy_asl_C_131,0.041171,0.009071,0.475364,-0.028687,0.823992,-0.187522,1.108857,-0.192397,1.378502,-0.238402,0.654826,-0.758070,0.966401,-0.961012,1.248315,-1.005963,1.489267,-0.982132,0.603895,-0.790458,0.971791,-1.032353,1.249094,-1.095178,1.526902,-1.075056,0.483485,-0.820548,0.806028,-1.106788,1.129081,-1.208839,1.364454,-1.179643,0.344647,-0.791714,0.502684,-1.089900,0.770172,-1.185801,0.983472,-1.256613
C,Right,legacy_asl_C_132,0.000000,0.000000,0.499598,-0.026850,0.853281,-0.140816,1.134452,-0.203781,1.430213,-0.241796,0.699369,-0.784310,1.022212,-1.004161,1.316899,-1.029990,1.565335,-1.007625,0.619404,-0.834614,0.975209,-1.100060,1.303672,-1.147625,1.576633,-1.124149,0.499021,-0.837298,0.822154,-1.145702,1.145195,-1.237098,1.423175,-1.250406,0.360729,-0.790635,0.563206,-1.097005,0.804161,-1.235816,1.021560,-1.303534
C,Right,legacy_asl_C_133,0.000000,0.000000,0.481317,0.004958,0.827900,-0.082700,1.101727,-0.125854,1.388026,-0.144156,0.719719,-0.709989,1.043208,-0.901206,1.327727,-0.907874,1.564874,-0.871117,0.646040,-0.763206,1.003980,-0.996171,1.322265,-1.021630,1.582891,-0.982297,0.530625,-0.773190,0.859840,-1.049409,1.175615,-1.117283,1.443323,-1.112957,0.394980,-0.736897,0.608228,-1.018586,0.848109,-1.137034,1.061001,-1.188675
C,Right,legacy_asl_C_134,-0.015097,-0.004963,0.499355,-0.050655,0.835481,-0.125938,1.077221,-0.189157,1.386008,-0.233084,0.650415,-0.765683,0.983694,-0.935095,1.247633,-0.987427,1.520578,-0.973232,0.595356,-0.795542,0.923051,-1.049666,1.286412,-1.107796,1.523718,-1.059160,0.504311,-0.811723,0.839166,-1.121416,1.114875,-1.195761,1.365422,-1.213433,0.345707,-0.762480,0.530726,-1.060967,0.755282,-1.187204,1.015731,-1.262402
C,Right,legacy_asl_C_135,0.000000,0.000000,0.483521,-0.025986,0.825821,-0.136284,1.097944,-0.197223,1.384187,-0.234015,0.676862,-0.759070,0.989316,-0.971846,1.274520,-0.996843,1.514960,-0.975199,0.599471,-0.807755,0.943826,-1.064659,1.261719,-1.110693,1.525895,-1.087972,0.482962,-0.810353,0.795696,-1.108832,1.108341,-1.197287,1.377375,-1.210166,0.349120,-0.765191,0.545082,-1.061702,0.778282,-1.196046,0.988685,-1.261585
C,Right,legacy_asl_C_136,0.000000,0.000000,0.481150,0.013636,0.829257,-0.067759,1.103818,-0.105968,1.390400,-0.119105,0.732404,-0.696897,1.059288,-0.882249,1.343881,-0.883786,1.580327,-0.842759,0.659696,-0.751433,1.021779,-0.977906,1.340471,-0.997622,1.600345,-0.953596,0.544480,-0.763496,0.878622,-1.033734,1.195570,-1.095904,1.463156,-1.086752,0.408202,-0.729655,0.626495,-1.007453,0.868473,-1.121556,1.082261,-1.169350
C,Right,legacy_asl_C_137,-0.002382,-0.007128,0.450154,0.110363,0.851746,-0.023098,1.199649,-0.066264,1.516966,-0.084380,0.452559,-0.835380,0.857931,-1.171548,1.226980,-1.279728,1.568518,-1.252986,0.351860,-0.921295,0.862068,-1.260937,1.298535,-1.322697,1.571657,-1.222065,0.268501,-1.000070,0.763671,-1.257182,1.231850,-1.298601,1.511460,-1.261044,0.235213,-0.921181,0.692246,-1.159832,1.001327,-1.228791,1.269804,-1.188675
C,Right,legacy_asl_C_138,0.000000,0.000000,0.469216,0.115362,0.872016,-0.013830,1.250912,-0.091372,1.589880,-0.076793,0.473661,-0.851473,0.884536,-1.215865,1.297631,-1.304248,1.621872,-1.297840,0.340404,-0.981645,0.878782,-1.315527,1.319548,-1.347217,1.652196,-1.275869,0.283462,-1.013096,0.815969,-1.312540,1.253553,-1.357297,1.580647,-1.304430,0.291590,-0.967806,0.717533,-1.212668,1.059769,-1.277039,1.334487,-1.267079
C,Right,legacy_asl_C_139,0.000000,0.000000,0.442226,0.138801,0.835651,0.039467,1.203070,-0.011866,1.526697,0.022579,0.504920,-0.786519,0.920292,-1.110532,1.321106,-1.170176,1.631127,-1.144444,0.385215,-0.919193,0.920806,-1.206290,1.344685,-1.209987,1.658830,-1.121577,0.332604,-0.952743,0.860493,-1.207227,1.282114,-1.223626,1.592059,-1.153244,0.337647,-0.908894,0.760219,-1.117566,1.091747,-1.158505,1.354143,-1.132365
C,Right,legacy_asl_C_140,0.011889,-0.025625,0.460600,0.115108,0.841401,-0.009868,1.219676,-0.111589,1.526279,-0.100437,0.430670,-0.830196,0.855016,-1.166613,1.254584,-1.245956,1.536644,-1.245828,0.344095,-0.936782,0.834104,-1.247783,1.257304,-1.295047,1.598793,-1.244650,0.267036,-0.991888,0.766379,-1.250318,1.230941,-1.326190,1.529886,-1.241917,0.289541,-0.948283,0.696593,-1.135186,1.020601,-1.224099,1.279230,-1.220760
C,Right,legacy_asl_C_141,0.000000,0.000000,0.452030,0.111137,0.840077,-0.013323,1.205094,-0.088026,1.531647,-0.073981,0.456312,-0.820286,0.852138,-1.171331,1.250103,-1.256477,1.562468,-1.250304,0.327936,-0.945690,0.846594,-1.267343,1.271217,-1.297872,1.591681,-1.229138,0.273080,-0.975989,0.786082,-1.264465,1.207639,-1.307583,1.522752,-1.256652,0.280910,-0.932358,0.691251,-1.168252,1.020953,-1.230264,1.285608,-1.220669
C,Right,legacy_asl_C_142,0.000000,0.000000,0.438018,0.151558,0.834157,0.063667,1.202909,0.023002,1.525401,0.066811,0.527500,-0.771557,0.952086,-1.083397,1.354461,-1.131401,1.663607,-1.096695,0.411690,-0.907644,0.955376,-1.179100,1.379184,-1.170512,1.690635,-1.073036,0.360073,-0.942705,0.895115,-1.181784,1.317035,-1.185958,1.624810,-1.106624,0.363844,-0.898728,0.792285,-1.095067,1.124860,-1.126381,1.386388,-1.092648
C,Right,legacy_asl_C_143,0.009764,0.018524,0.450639,0.115230,0.834452,-0.005127,1.203802,-0.102642,1.515437,-0.080042,0.456351,-0.814553,0.853160,-1.151014,1.228242,-1.242851,1.551977,-1.258088,0.323221,-0.933705,0.849981,-1.258842,1.246574,-1.288986,1.591790,-1.222231,0.272459,-0.987226,0.790733,-1.245364,1.243893,-1.302151,1.509990,-1.225272,0.269905,-0.928502,0.674634,-1.203321,0.993949,-1.222915,1.278205,-1.210866
C,Right,legacy_asl_C_144,0.000000,0.000000,0.438267,0.107753,0.814499,-0.012918,1.168403,-0.085345,1.485013,-0.071728,0.442419,-0.795310,0.826193,-1.135667,1.212040,-1.218221,1.514895,-1.212236,0.317951,-0.916897,0.820818,-1.228756,1.232512,-1.258355,1.543219,-1.191714,0.264765,-0.946273,0.762148,-1.225966,1.170869,-1.267771,1.476389,-1.218391,0.272357,-0.903970,0.670205,-1.132682,0.989868,-1.192806,1.246465,-1.183503
C,Right,legacy_asl_C_145,0.000000,0.000000,0.444683,0.130717,0.836232,0.024228,1.202654,-0.033793,1.526854,-0.005253,0.490499,-0.795592,0.899896,-1.127122,1.299556,-1.194062,1.609995,-1.173986,0.368396,-0.926062,0.898665,-1.222874,1.322406,-1.234297,1.638110,-1.151628,0.315182,-0.958648,0.838345,-1.222712,1.259597,-1.246793,1.570773,-1.182072,0.321024,-0.914898,0.739722,-1.131238,1.070448,-1.178213,1.333277,-1.156860
C,Right,legacy_asl_C_146,0.010750,-0.003329,0.459124,0.132130,0.842324,-0.023143,1.186315,-0.064617,1.514471,-0.095693,0.456220,-0.834077,0.825860,-1.181602,1.253569,-1.251583,1.549921,-1.232161,0.346010,-0.977644,0.833877,-1.246965,1.269872,-1.297103,1.601829,-1.220275,0.255443,-0.968633,0.782470,-1.238229,1.186603,-1.312430,1.532716,-1.249106,0.296648,-0.925675,0.668380,-1.158124,1.036476,-1.222257,1.284774,-1.217943
C,Right,legacy_asl_C_147,0.000000,0.000000,0.479552,0.117903,0.891225,-0.014134,1.278468,-0.093385,1.624903,-0.078485,0.484095,-0.870229,0.904021,-1.242648,1.326216,-1.332978,1.657600,-1.326430,0.347902,-1.003270,0.898140,-1.344506,1.348616,-1.376894,1.688592,-1.303975,0.289707,-1.035413,0.833944,-1.341453,1.281167,-1.387196,1.615466,-1.333165,0.298013,-0.989125,0.733339,-1.239382,1.083115,-1.305170,1.363884,-1.294991
C,Right,legacy_asl_C_148,0.000000,0.000000,0.442924,0.136559,0.835841,0.035233,1.202995,-0.017961,1.526791,0.014845,0.500929,-0.789067,0.914654,-1.115180,1.315161,-1.176853,1.625309,-1.152692,0.380554,-0.921133,0.914683,-1.210940,1.338538,-1.216784,1.653127,-1.129966,0.327773,-0.954416,0.854366,-1.211571,1.275899,-1.230105,1.586196,-1.161294,0.333038,-0.910593,0.754548,-1.121403,1.085864,-1.164021,1.348389,-1.139210
C,Right,legacy_asl_C_149,-0.008514,0.007293,0.385898,-0.025965,0.712741,-0.212688,1.005467,-0.269118,1.277160,-0.247433,0.325733,-0.965558,0.727715,-1.075690,1.065290,-1.015996,1.299349,-0.908904,0.316487,-0.944418,0.807891,-1.104621,1.133631,-0.985029,1.335406,-0.860578,0.334086,-0.891013,0.832896,-1.083371,1.138257,-1.019459,1.366288,-0.916064,0.436752,-0.815124,0.816241,-1.000824,1.080091,-1.022601,1.253227,-0.929469
C,Right,legacy_asl_C_150,0.000000,0.000000,0.345110,-0.043867,0.657336,-0.202765,0.950739,-0.253877,1.218278,-0.229451,0.283305,-0.890604,0.690355,-1.016563,0.997793,-0.960690,1.220886,-0.861767,0.263551,-0.903799,0.732590,-1.054840,1.040551,-0.968576,1.262452,-0.830706,0.318211,-0.849641,0.751151,-1.028369,1.061346,-0.972452,1.272833,-0.853806,0.441155,-0.732785,0.764689,-0.939778,1.002603,-0.957834,1.180548,-0.902650
C,Right,legacy_asl_C_151,0.000000,0.000000,0.367516,-0.037323,0.703205,-0.197635,1.016028,-0.244034,1.299370,-0.210940,0.324585,-0.937807,0.760049,-1.060614,1.084905,-0.993070,1.319074,-0.882086,0.303969,-0.952343,0.805908,-1.100114,1.130504,-1.000296,1.362365,-0.848001,0.360542,-0.893388,0.824902,-1.071517,1.152682,-1.003853,1.374002,-0.872244,0.487919,-0.766051,0.836900,-0.977114,1.089934,-0.989908,1.277348,-0.926564
C,Right,legacy_asl_C_152,0.001537,-0.010238,0.373942,-0.074100,0.698832,-0.214974,0.982544,-0.283464,1.309662,-0.226567,0.313982,-0.950315,0.739248,-1.084046,1.061639,-1.016846,1.277168,-0.924619,0.302591,-0.962525,0.771678,-1.112942,1.098744,-1.035043,1.324483,-0.886137,0.350160,-0.923011,0.776596,-1.107975,1.137894,-1.006262,1.338470,-0.908025,0.455862,-0.802543,0.795105,-1.030207,1.054903,-1.008444,1.270498,-0.971273
C,Right,legacy_asl_C_153,0.000000,0.000000,0.349608,-0.044438,0.665903,-0.205408,0.963130,-0.257186,1.234155,-0.232441,0.286997,-0.902211,0.699352,-1.029812,1.010797,-0.973211,1.236798,-0.872998,0.266986,-0.915578,0.742138,-1.068588,1.054112,-0.981200,1.278905,-0.841532,0.322359,-0.860714,0.760940,-1.041772,1.075178,-0.985126,1.289421,-0.864933,0.446904,-0.742335,0.774655,-0.952026,1.015669,-0.970317,1.195933,-0.914414
C,Right,legacy_asl_C_154,0.000000,0.000000,0.368155,-0.030378,0.706811,-0.184324,1.020454,-0.224809,1.303121,-0.186371,0.342232,-0.931512,0.779938,-1.046075,1.103460,-0.972411,1.335492,-0.857026,0.321895,-0.946434,0.826534,-1.084703,1.149188,-0.978774,1.378132,-0.822130,0.377344,-0.886422,0.844984,-1.055753,1.171429,-0.981912,1.390225,-0.846148,0.502294,-0.756703,0.855198,-0.961140,1.108428,-0.969155,1.294613,-0.902284
C,Right,legacy_asl_C_155,0.006687,-0.019258,0.357856,-0.030908,0.715794,-0.219641,1.018850,-0.267290,1.308289,-0.244756,0.322551,-0.952478,0.735944,-1.089227,1.076589,-1.013482,1.282776,-0.911771,0.312891,-0.949229,0.772135,-1.112289,1.140767,-1.068683,1.330846,-0.882086,0.350706,-0.867063,0.812037,-1.114348,1.124180,-1.027502,1.368396,-0.915864,0.481169,-0.765783,0.851388,-1.000038,1.090811,-1.014676,1.252131,-0.955513
C,Right,legacy_asl_C_156,0.000000,0.000000,0.369394,-0.046953,0.703590,-0.217033,1.017638,-0.271741,1.304002,-0.245596,0.303240,-0.953272,0.738932,-1.088094,1.068003,-1.028289,1.306794,-0.922405,0.282096,-0.967395,0.784139,-1.129064,1.113769,-1.036730,1.351285,-0.889159,0.340602,-0.909426,0.804006,-1.100730,1.136027,-1.040879,1.362396,-0.913884,0.472197,-0.784347,0.818496,-1.005906,1.073151,-1.025232,1.263617,-0.966165
C,Right,legacy_asl_C_157,0.000000,0.000000,0.362944,-0.068791,0.683603,-0.257379,0.991276,-0.330509,1.276415,-0.321906,0.242730,-0.962247,0.666020,-1.122049,0.995481,-1.082693,1.238326,-0.992259,0.220941,-0.974956,0.708312,-1.165347,1.040290,-1.093814,1.284388,-0.962024,0.282374,-0.921085,0.729694,-1.138490,1.062079,-1.099266,1.293898,-0.987178,0.420230,-0.805174,0.749767,-1.045468,1.000763,-1.079976,1.192930,-1.032985
C,Right,legacy_asl_C_158,0.017029,-0.009162,0.372054,-0.071595,0.700970,-0.176889,1.014972,-0.289361,1.315618,-0.245564,0.310241,-0.943324,0.731254,-1.070581,1.089859,-1.019121,1.284540,-0.922900,0.318629,-0.965975,0.776474,-1.106151,1.087855,-1.032243,1.330788,-0.890119,0.358270,-0.923654,0.781643,-1.112509,1.140441,-1.020441,1.358688,-0.908051,0.487847,-0.763528,0.804414,-1.006340,1.049488,-1.022766,1.228226,-0.952039
C,Right,legacy_asl_C_159,0.000000,0.000000,0.391959,-0.049822,0.746569,-0.230290,1.079802,-0.288341,1.383658,-0.260599,0.321764,-1.011504,0.784070,-1.154561,1.133243,-1.091104,1.386621,-0.978751,0.299328,-1.026490,0.832039,-1.198034,1.181805,-1.100060,1.433830,-0.943474,0.361409,-0.964979,0.853119,-1.167970,1.205423,-1.104462,1.445619,-0.969710,0.501041,-0.832260,0.868495,-1.067353,1.138706,-1.087859,1.340807,-1.025184
C,Right,legacy_asl_C_160,0.000000,0.000000,0.369224,-0.011591,0.715281,-0.148091,1.030578,-0.172551,1.310921,-0.119770,0.389224,-0.912875,0.832196,-1.005001,1.151547,-0.914956,1.377402,-0.787905,0.369673,-0.928814,0.880699,-1.041205,1.197540,-0.918983,1.418209,-0.750883,0.421994,-0.866056,0.897651,-1.011353,1.219912,-0.920985,1.431510,-0.774255,0.540177,-0.730142,0.903034,-0.916343,1.156343,-0.911452,1.338881,-0.835187
C,Right,legacy_asl_C_161,-0.022105,0.008225,0.396711,-0.050442,0.727522,-0.241959,1.016498,-0.422951,1.324095,-0.523939,0.492495,-0.826121,0.755379,-1.050503,0.993665,-1.111541,1.218107,-1.133220,0.424144,-0.909985,0.703455,-1.156047,0.955556,-1.208560,1.223169,-1.214903,0.306486,-0.961535,0.599171,-1.225861,0.863676,-1.280298,1.063801,-1.291417,0.181770,-0.973942,0.413405,-1.260869,0.580037,-1.398529,0.819079,-1.434640
C,Right,legacy_asl_C_162,0.000000,0.000000,0.396878,-0.067770,0.726554,-0.255093,1.014128,-0.410854,1.302665,-0.527147,0.485613,-0.818775,0.736227,-1.037471,0.985640,-1.090253,1.194783,-1.095751,0.402445,-0.886846,0.682828,-1.124121,0.947244,-1.181018,1.189224,-1.170618,0.303874,-0.932465,0.574806,-1.197215,0.830299,-1.268843,1.064014,-1.260199,0.187053,-0.957835,0.390468,-1.243467,0.601168,-1.365478,0.806423,-1.404606
C,Right,legacy_asl_C_163,0.000000,0.000000,0.401978,-0.082753,0.731365,-0.284979,1.018950,-0.453596,1.308879,-0.582039,0.466430,-0.850906,0.714188,-1.082362,0.966454,-1.144751,1.179329,-1.157578,0.379351,-0.917380,0.656794,-1.168793,0.924203,-1.235892,1.171079,-1.233657,0.277355,-0.960449,0.544221,-1.239525,0.802030,-1.321323,1.040427,-1.320592,0.157468,-0.982259,0.354828,-1.280275,0.565264,-1.411854,0.773016,-1.458806
C,Right,legacy_asl_C_164,-0.002070,-0.030541,0.392661,-0.070977,0.741804,-0.260336,1.045345,-0.419997,1.305421,-0.536548,0.467518,-0.842765,0.758232,-1.074031,1.020908,-1.102989,1.209495,-1.116829,0.384313,-0.868234,0.700228,-1.134090,0.979447,-1.219522,1.209619,-1.198039,0.339882,-0.942519,0.580446,-1.231618,0.841441,-1.296238,1.087341,-1.292642,0.205097,-0.998628,0.383713,-1.273514,0.624744,-1.371212,0.820656,-1.453367
C,Right,legacy_asl_C_165,0.000000,0.000000,0.405247,-0.069199,0.741876,-0.260472,1.035515,-0.419518,1.330137,-0.538264,0.495854,-0.836042,0.751754,-1.059350,1.006426,-1.113245,1.219979,-1.118859,0.410932,-0.905549,0.697228,-1.147828,0.967221,-1.205925,1.214304,-1.195305,0.310282,-0.952130,0.586928,-1.222463,0.847809,-1.295602,1.086453,-1.286775,0.190998,-0.978035,0.398702,-1.269690,0.613846,-1.394275,0.823430,-1.434227
C,Right,legacy_asl_C_166,0.000000,0.000000,0.407517,-0.048631,0.752753,-0.222419,1.053508,-0.366237,1.353218,-0.469825,0.536384,-0.808635,0.802742,-1.018420,1.059363,-1.059357,1.272562,-1.054224,0.455208,-0.882201,0.752824,-1.109373,1.024932,-1.153731,1.270745,-1.130728,0.357199,-0.933701,0.646603,-1.189328,0.910382,-1.249141,1.147871,-1.228349,0.239572,-0.965522,0.461312,-1.245872,0.682074,-1.359275,0.893041,-1.388578
C,Right,legacy_asl_C_167,0.006716,-0.010550,0.400739,-0.064878,0.747077,-0.257634,1.050049,-0.431748,1.325142,-0.540069,0.481051,-0.843034,0.771234,-1.069927,0.998970,-1.085782,1.227722,-1.106986,0.418979,-0.892056,0.700625,-1.149314,0.959948,-1.187666,1.225301,-1.185991,0.302075,-0.944638,0.592462,-1.216808,0.836563,-1.304751,1.052386,-1.257181,0.192321,-0.986309,0.409322,-1.269055,0.606699,-1.386202,0.803199,-1.444066
C,Right,legacy_asl_C_168,0.000000,0.000000,0.404759,-0.069116,0.740981,-0.260158,1.034266,-0.419012,1.328532,-0.537615,0.495256,-0.835033,0.750847,-1.058072,1.005212,-1.111902,1.218508,-1.117509,0.410436,-0.904456,0.696387,-1.146443,0.966054,-1.204470,1.212839,-1.193863,0.309908,-0.950981,0.586220,-1.220988,0.846786,-1.294039,1.085142,-1.285223,0.190768,-0.976855,0.398221,-1.268158,0.613105,-1.392593,0.822436,-1.432497
C,Right,legacy_asl_C_169,0.000000,0.000000,0.403868,-0.072977,0.738063,-0.267152,1.029654,-0.428744,1.322614,-0.550115,0.486935,-0.839340,0.740236,-1.064718,0.993941,-1.120968,1.207064,-1.128627,0.401494,-0.907908,0.684955,-1.152515,0.953913,-1.213108,1.200663,-1.204884,0.300573,-0.953438,0.574131,-1.225958,0.833849,-1.301478,1.072157,-1.294963,0.181250,-0.978150,0.385782,-1.271290,0.599348,-1.397725,0.808178,-1.439624
C,Right,legacy_asl_C_170,0.028889,0.017966,0.420983,-0.062620,0.747330,-0.260226,1.033010,-0.416705,1.320668,-0.542207,0.483029,-0.814060,0.741371,-1.032148,1.022054,-1.121046,1.220344,-1.133337,0.415196,-0.921286,0.683942,-1.139613,0.969146,-1.188147,1.204772,-1.178711,0.309623,-0.943134,0.598278,-1.236890,0.876637,-1.280110,1.104899,-1.287552,0.190468,-0.996375,0.398309,-1.243927,0.602663,-1.406771,0.829231,-1.443656
C,Right,legacy_asl_C_171,0.000000,0.000000,0.391361,-0.066828,0.716454,-0.251547,1.000031,-0.405142,1.284556,-0.519819,0.478862,-0.807393,0.725993,-1.023049,0.971938,-1.075097,1.178174,-1.080519,0.396850,-0.874518,0.673336,-1.108495,0.934077,-1.164601,1.172693,-1.154345,0.299649,-0.919502,0.566815,-1.180572,0.818757,-1.251205,1.049223,-1.242680,0.184453,-0.944520,0.385040,-1.226181,0.592811,-1.346496,0.795213,-1.385080
C,Right,legacy_asl_C_172,0.000000,0.000000,0.400463,-0.089801,0.726247,-0.297780,1.010826,-0.471422,1.298455,-0.604938,0.451413,-0.858967,0.695068,-1.094739,0.946199,-1.161549,1.158816,-1.178112,0.363180,-0.923902,0.636164,-1.180148,0.902354,-1.251933,1.149232,-1.254035,0.260444,-0.965172,0.522367,-1.248892,0.778700,-1.335206,1.017072,-1.338661,0.140192,-0.984873,0.332287,-1.286309,0.540379,-1.421564,0.747275,-1.472158
C,Right,legacy_asl_C_173,-0.038573,0.004211,0.453128,0.025495,0.773947,-0.031924,1.048486,-0.127731,1.319351,-0.135278,0.614257,-0.746305,0.916627,-0.956490,1.188082,-0.984967,1.408584,-0.985669,0.510593,-0.829107,0.864610,-1.126965,1.166601,-1.147054,1.408564,-1.139304,0.440345,-0.921633,0.760640,-1.200165,1.084546,-1.286745,1.296866,-1.292362,0.368001,-0.936647,0.615144,-1.204446,0.820507,-1.277913,1.018605,-1.335699
C,Right,legacy_asl_C_174,0.000000,0.000000,0.431139,0.063492,0.736890,-0.022710,0.984990,-0.096902,1.242419,-0.132790,0.567726,-0.714121,0.860832,-0.898825,1.118839,-0.923373,1.326601,-0.920593,0.496667,-0.803559,0.830496,-1.060226,1.119964,-1.108048,1.347730,-1.088860,0.422206,-0.859683,0.738231,-1.139261,1.018746,-1.203542,1.244149,-1.198166,0.349151,-0.882302,0.585536,-1.129831,0.796364,-1.230707,0.968847,-1.278731
C,Right,legacy_asl_C_175,0.000000,0.000000,0.456696,0.043501,0.773495,-0.063614,1.030331,-0.154994,1.299041,-0.206607,0.558361,-0.781399,0.856554,-0.991391,1.126483,-1.031113,1.345060,-1.039394,0.478831,-0.871595,0.815956,-1.159441,1.117706,-1.225329,1.358200,-1.217439,0.397520,-0.926586,0.714692,-1.237559,1.006142,-1.320267,1.243407,-1.326770,0.319495,-0.946426,0.554667,-1.219410,0.770879,-1.336835,0.949627,-1.396625
C,Right,legacy_asl_C_176,-0.022952,0.007087,0.446836,0.082215,0.772599,-0.027026,1.021143,-0.099508,1.286599,-0.155722,0.615075,-0.779477,0.903861,-0.933769,1.176213,-0.947252,1.430496,-0.973848,0.506651,-0.881071,0.860446,-1.088696,1.166467,-1.187765,1.408733,-1.170307,0.469393,-0.911450,0.810020,-1.212104,1.075625,-1.276208,1.312201,-1.261159,0.379850,-0.918371,0.625610,-1.205048,0.849592,-1.302031,1.008367,-1.328276
C,Right,legacy_asl_C_177,0.000000,0.000000,0.436374,0.064263,0.745837,-0.022986,0.996950,-0.098078,1.257505,-0.134402,0.574620,-0.722793,0.871285,-0.909739,1.132425,-0.934586,1.342709,-0.931771,0.502698,-0.813316,0.840580,-1.073099,1.133563,-1.121502,1.364095,-1.102081,0.427332,-0.870122,0.747195,-1.153095,1.031116,-1.218156,1.259256,-1.212714,0.353390,-0.893016,0.592646,-1.143550,0.806034,-1.245651,0.980611,-1.294258
C,Right,legacy_asl_C_178,0.000000,0.000000,0.448963,0.094317,0.775756,0.023314,1.041203,-0.038761,1.314000,-0.059990,0.642269,-0.714032,0.962081,-0.889348,1.234760,-0.898625,1.452891,-0.882402,0.573328,-0.812559,0.940538,-1.060885,1.247765,-1.092603,1.485866,-1.057859,0.498680,-0.876300,0.848649,-1.149840,1.147521,-1.199426,1.384024,-1.179346,0.423364,-0.904745,0.687598,-1.149707,0.915588,-1.242207,1.099902,-1.281626
C,Right,legacy_asl_C_179,-0.015552,0.002959,0.452760,0.049075,0.759348,-0.014556,1.036966,-0.074845,1.310930,-0.138300,0.582365,-0.754392,0.939068,-0.909232,1.186646,-0.963182,1.382057,-0.973107,0.510948,-0.827402,0.870112,-1.126324,1.153811,-1.184967,1.413956,-1.154269,0.418886,-0.884307,0.805148,-1.209711,1.046443,-1.283842,1.333421,-1.247853,0.342128,-0.927676,0.613215,-1.191955,0.840508,-1.283826,1.015397,-1.372462
C,Right,legacy_asl_C_180,0.000000,0.000000,0.427178,0.062909,0.730120,-0.022501,0.975941,-0.096011,1.231006,-0.131570,0.562511,-0.707561,0.852924,-0.890568,1.108561,-0.914891,1.314414,-0.912136,0.492104,-0.796177,0.822866,-1.050486,1.109676,-1.097869,1.335349,-1.078857,0.418327,-0.851786,0.731449,-1.128795,1.009387,-1.192486,1.232720,-1.187159,0.345943,-0.874197,0.580157,-1.119451,0.789049,-1.219401,0.959947,-1.266984
C,Right,legacy_asl_C_181,0.000000,0.000000,0.457064,0.039454,0.772901,-0.070463,1.028918,-0.164115,1.297160,-0.218106,0.551418,-0.786314,0.847739,-0.998939,1.117305,-1.041051,1.335800,-1.051267,0.471091,-0.875803,0.805654,-1.166624,1.106809,-1.235181,1.347362,-1.229421,0.389297,-0.930071,0.703702,-1.243841,0.994408,-1.329127,1.231606,-1.337732,0.311099,-0.949219,0.543844,-1.224275,0.759007,-1.343610,0.937218,-1.404982
C,Right,legacy_asl_C_182,0.014665,0.001220,0.455613,0.059638,0.786946,-0.040995,1.035236,-0.117668,1.302023,-0.157034,0.566932,-0.727490,0.937227,-0.941029,1.178158,-0.962879,1.401480,-0.979590,0.519962,-0.839115,0.868138,-1.111747,1.176840,-1.158992,1.405386,-1.138460,0.442269,-0.910058,0.779211,-1.189778,1.093764,-1.262082,1.274484,-1.233006,0.358188,-0.926018,0.604780,-1.203800,0.813717,-1.290387,1.008707,-1.327020
C,Right,legacy_asl_C_183,0.000000,0.000000,0.445762,0.065645,0.761882,-0.023480,1.018398,-0.100188,1.284558,-0.137293,0.586982,-0.738342,0.890029,-0.929310,1.156787,-0.954691,1.371595,-0.951816,0.513512,-0.830813,0.858663,-1.096185,1.157950,-1.145629,1.393440,-1.125790,0.436526,-0.888841,0.763269,-1.177901,1.053299,-1.244362,1.286346,-1.238803,0.360993,-0.912227,0.605396,-1.168151,0.823375,-1.272449,1.001707,-1.322101
C,Right,legacy_asl_C_184,0.000000,0.000000,0.452271,0.076909,0.776078,-0.006661,1.038929,-0.078940,1.310703,-0.110688,0.614217,-0.738302,0.927020,-0.925837,1.199137,-0.945637,1.417732,-0.937849,0.541522,-0.834093,0.898868,-1.096414,1.204641,-1.139973,1.443906,-1.114449,0.464468,-0.894904,0.803612,-1.181755,1.100347,-1.242845,1.337449,-1.231913,0.388110,-0.920419,0.642687,-1.175402,0.866935,-1.276638,1.049590,-1.323145
C,Right,legacy_asl_C_185,-0.030018,0.007647,0.313702,-0.033988,0.649140,-0.167740,0.958027,-0.247435,1.237277,-0.271359,0.293829,-0.865255,0.719228,-0.972366,1.044270,-0.994622,1.287006,-0.959059,0.227892,-0.966017,0.725004,-1.068485,1.089048,-1.067325,1.338740,-0.975647,0.257681,-0.971891,0.718378,-1.123100,1.078231,-1.122403,1.305294,-1.093904,0.292232,-0.933230,0.624688,-1.133558,0.884031,-1.250726,1.094837,-1.194626
C,Right,legacy_asl_C_186,0.000000,0.000000,0.359943,-0.025262,0.681784,-0.162508,0.980283,-0.233493,1.271364,-0.266995,0.309196,-0.916805,0.728618,-1.009420,1.068666,-1.013694,1.326236,-0.983651,0.252446,-1.000349,0.764007,-1.091005,1.117412,-1.064721,1.392284,-1.008083,0.253707,-1.016491,0.751384,-1.169978,1.095592,-1.167050,1.348560,-1.123852,0.308870,-0.980455,0.663395,-1.201870,0.924791,-1.259472,1.137070,-1.253633
C,Right,legacy_asl_C_187,0.000000,0.000000,0.349398,0.003061,0.670553,-0.104888,0.964122,-0.150651,1.247672,-0.160796,0.368394,-0.861461,0.780346,-0.918884,1.108936,-0.897079,1.355291,-0.848437,0.319980,-0.946438,0.820730,-0.994943,1.159885,-0.942621,1.420914,-0.866985,0.322429,-0.961924,0.814566,-1.072142,1.146624,-1.043068,1.387533,-0.982077,0.372933,-0.922930,0.732057,-1.109639,0.988788,-1.145313,1.193267,-1.123489
C,Right,legacy_asl_C_188,0.008649,-0.010276,0.361728,-0.022506,0.638557,-0.159411,0.963601,-0.221269,1.248188,-0.241920,0.270646,-0.896062,0.705676,-0.979739,1.026819,-0.991170,1.300086,-0.945640,0.221364,-0.955256,0.772610,-1.066331,1.087223,-1.012366,1.356865,-0.983538,0.240009,-0.987426,0.717922,-1.141922,1.056665,-1.141445,1.286093,-1.082230,0.286193,-0.950985,0.658726,-1.141941,0.873980,-1.230563,1.082126,-1.191038
C,Right,legacy_asl_C_189,0.000000,0.000000,0.340426,-0.023892,0.644814,-0.153696,0.927127,-0.220832,1.202425,-0.252517,0.292430,-0.867091,0.689109,-0.954684,1.010717,-0.958726,1.254321,-0.930313,0.238757,-0.946105,0.722579,-1.031845,1.056820,-1.006987,1.316788,-0.953420,0.239950,-0.961372,0.710640,-1.106536,1.036183,-1.103767,1.275435,-1.062911,0.292122,-0.927290,0.627422,-1.136699,0.874644,-1.191177,1.075413,-1.185655
C,Right,legacy_asl_C_190,0.000000,0.000000,0.348339,-0.027355,0.658882,-0.162840,0.947355,-0.233976,1.228947,-0.268757,0.292033,-0.890250,0.697426,-0.983303,1.026667,-0.990174,1.276320,-0.963154,0.236409,-0.970692,0.731038,-1.062588,1.073459,-1.039977,1.340080,-0.987342,0.237501,-0.986333,0.718180,-1.138958,1.051508,-1.138889,1.296811,-1.099093,0.291206,-0.951881,0.632721,-1.169133,0.885374,-1.227011,1.090977,-1.223064
C,Right,legacy_asl_C_191,-0.003018,-0.005677,0.327343,-0.028438,0.666934,-0.141476,0.947128,-0.210964,1.242530,-0.269208,0.303539,-0.879483,0.704415,-0.971366,1.059515,-0.996433,1.298378,-0.947565,0.235910,-0.961553,0.722844,-1.051864,1.070038,-1.035662,1.346134,-0.968443,0.268419,-0.958054,0.739434,-1.128137,1.071262,-1.142495,1.310804,-1.064632,0.313870,-0.933078,0.616875,-1.148954,0.888951,-1.204116,1.099450,-1.195181
C,Right,legacy_asl_C_192,0.000000,0.000000,0.371828,-0.026096,0.704295,-0.167873,1.012649,-0.241202,1.313341,-0.275810,0.319405,-0.947076,0.752676,-1.042749,1.103950,-1.047163,1.370025,-1.016129,0.260781,-1.033378,0.789233,-1.127027,1.154306,-1.099875,1.438254,-1.041367,0.262084,-1.050053,0.776193,-1.208608,1.131765,-1.205583,1.393086,-1.160958,0.319068,-1.012827,0.685298,-1.241553,0.955325,-1.301057,1.174613,-1.295025
C,Right,legacy_asl_C_193,0.000000,0.000000,0.349321,0.007968,0.671960,-0.095460,0.966142,-0.137095,1.249807,-0.143257,0.380456,-0.856202,0.793174,-0.907833,1.121426,-0.881416,1.367074,-0.829318,0.333241,-0.941850,0.834623,-0.983318,1.173009,-0.926238,1.432950,-0.846943,0.335907,-0.957301,0.829544,-1.060596,1.161160,-1.026861,1.401189,-0.962492,0.385858,-0.917601,0.747570,-1.099249,1.004777,-1.131313,1.208929,-1.106619
C,Right,legacy_asl_C_194,-0.010864,-0.032559,0.327226,-0.026248,0.656069,-0.167179,0.956975,-0.201951,1.243817,-0.264580,0.296533,-0.879776,0.713322,-0.989735,1.041761,-0.988475,1.272820,-0.963851,0.244012,-0.962383,0.766471,-1.076839,1.087688,-1.038823,1.355313,-0.972175,0.227921,-0.989686,0.726510,-1.140499,1.022199,-1.095840,1.297514,-1.077445,0.310404,-0.950179,0.635259,-1.192516,0.913061,-1.218192,1.094029,-1.234283
C,Right,legacy_asl_C_195,0.000000,0.000000,0.358776,-0.025180,0.679574,-0.161981,0.977104,-0.232736,1.267242,-0.266129,0.308194,-0.913832,0.726256,-1.006147,1.065201,-1.010407,1.321936,-0.980462,0.251627,-0.997105,0.761530,-1.087467,1.113789,-1.061269,1.387770,-1.004814,0.252885,-1.013195,0.748948,-1.166184,1.092039,-1.163266,1.344188,-1.120208,0.307869,-0.977276,0.661244,-1.197973,0.921792,-1.255388,1.133383,-1.249569
C,Right,legacy_asl_C_196,0.000000,0.000000,0.349411,0.000041,0.669621,-0.110679,0.962784,-0.158978,1.246236,-0.171573,0.360935,-0.864613,0.772375,-0.925594,1.101142,-0.906630,1.347908,-0.860118,0.311788,-0.949168,0.812100,-1.001999,1.151694,-0.952611,1.413368,-0.879233,0.314103,-0.964675,0.805269,-1.079143,1.137566,-1.052939,1.378993,-0.994032,0.364942,-0.926119,0.722439,-1.115925,0.978853,-1.153816,1.183513,-1.133760
C,Right,legacy_asl_C_197,0.016341,-0.012360,0.407862,-0.130298,0.687313,-0.293460,0.952278,-0.424002,1.164930,-0.461749,0.249704,-0.920724,0.611155,-1.111193,0.881148,-1.135140,1.126926,-1.128143,0.201522,-0.965452,0.615444,-1.193910,0.913505,-1.220375,1.179209,-1.142778,0.207193,-0.969890,0.584794,-1.206702,0.933373,-1.208830,1.161506,-1.176019,0.268551,-0.882891,0.547502,-1.180958,0.794806,-1.258705,0.970424,-1.256821
C,Right,legacy_asl_C_198,0.000000,0.000000,0.413670,-0.138250,0.711536,-0.323198,0.987006,-0.416768,1.239267,-0.483388,0.260780,-0.956748,0.625563,-1.148775,0.921856,-1.183320,1.158840,-1.180537,0.205193,-1.007229,0.630075,-1.233340,0.957025,-1.253591,1.218461,-1.183669,0.212061,-0.999127,0.623095,-1.249580,0.951130,-1.276810,1.199508,-1.224913,0.291405,-0.938592,0.594392,-1.219045,0.838459,-1.299135,1.042482,-1.293038
C,Right,legacy_asl_C_199,0.000000,0.000000,0.387419,-0.159222,0.660859,-0.355698,0.918750,-0.463171,1.156148,-0.543319,0.187985,-0.933584,0.525084,-1.141171,0.806745,-1.193435,1.033993,-1.206097,0.131458,-0.978357,0.523938,-1.222489,0.835897,-1.263041,1.090917,-1.212954,0.138563,-0.971038,0.516199,-1.237598,0.828748,-1.284907,1.070090,-1.251246,0.218503,-0.918169,0.490672,-1.206484,0.719346,-1.299010,0.915227,-1.306365
C,Right,legacy_asl_C_200,-0.005870,-0.007895,0.429097,-0.132343,0.703223,-0.271911,0.957081,-0.431272,1.190496,-0.451284,0.264863,-0.907586,0.600344,-1.084072,0.885401,-1.142714,1.094818,-1.130579,0.206140,-0.963747,0.624453,-1.167970,0.934164,-1.197862,1.176303,-1.126919,0.220031,-0.973014,0.559575,-1.194257,0.922070,-1.227020,1.174262,-1.184839,0.284065,-0.892377,0.576864,-1.166439,0.808442,-1.262849,0.980128,-1.230374
C,Right,legacy_asl_C_201,0.000000,0.000000,0.410357,-0.137142,0.705837,-0.320609,0.979101,-0.413431,1.229341,-0.479516,0.258692,-0.949086,0.620553,-1.139575,0.914473,-1.173843,1.149559,-1.171082,0.203549,-0.999162,0.625029,-1.223462,0.949360,-1.243551,1.208702,-1.174188,0.210362,-0.991125,0.618105,-1.239572,0.943513,-1.266584,1.189901,-1.215102,0.289071,-0.931075,0.589632,-1.209282,0.831743,-1.288730,1.034132,-1.282682
C,Right,legacy_asl_C_202,0.000000,0.000000,0.401365,-0.119798,0.693033,-0.288029,0.960356,-0.369252,1.204562,-0.425329,0.280138,-0.910187,0.636256,-1.083126,0.921725,-1.107044,1.149104,-1.096984,0.228358,-0.960373,0.643224,-1.164153,0.957673,-1.173396,1.206427,-1.098130,0.234697,-0.952382,0.637031,-1.179959,0.952739,-1.195866,1.189522,-1.138309,0.308967,-0.891805,0.608529,-1.151545,0.845289,-1.220808,1.040927,-1.208594
C,Right,legacy_asl_C_203,-0.025367,0.005211,0.403405,-0.114084,0.671363,-0.320917,0.962763,-0.421002,1.177453,-0.482913,0.262897,-0.899717,0.610849,-1.112363,0.889314,-1.138455,1.135745,-1.133848,0.205026,-0.973149,0.605322,-1.190354,0.929823,-1.214128,1.160119,-1.120334,0.180647,-0.955690,0.602172,-1.198389,0.916883,-1.231335,1.160797,-1.195894,0.272550,-0.903461,0.551926,-1.150507,0.817806,-1.237773,1.009364,-1.242354
C,Right,legacy_asl_C_204,0.000000,0.000000,0.399711,-0.133585,0.687526,-0.312292,0.953701,-0.402705,1.197450,-0.467077,0.251981,-0.924465,0.604454,-1.110012,0.890750,-1.143391,1.119737,-1.140702,0.198269,-0.973242,0.608814,-1.191723,0.924732,-1.211291,1.177346,-1.143728,0.204905,-0.965413,0.602070,-1.207415,0.919036,-1.233727,1.159033,-1.183580,0.281572,-0.906921,0.574336,-1.177910,0.810166,-1.255298,1.007305,-1.249407
C,Right,legacy_asl_C_205,0.000000,0.000000,0.390459,-0.151614,0.667689,-0.342704,0.927634,-0.445113,1.166553,-0.520603,0.206209,-0.929729,0.547303,-1.130682,0.829933,-1.177428,1.057385,-1.185643,0.150568,-0.975599,0.547748,-1.212007,0.860441,-1.246450,1.114432,-1.191385,0.157529,-0.968142,0.540306,-1.227265,0.853720,-1.268452,1.094358,-1.230077,0.236419,-0.913719,0.514176,-1.196657,0.744615,-1.284692,0.940603,-1.288214
C,Right,legacy_asl_C_206,-0.012042,0.009546,0.408585,-0.145491,0.709910,-0.316101,0.952423,-0.391320,1.190905,-0.477456,0.260442,-0.951139,0.603340,-1.095131,0.876784,-1.145477,1.089420,-1.120511,0.182944,-0.955887,0.598417,-1.200768,0.909975,-1.197789,1.158525,-1.153768,0.208567,-0.950984,0.600866,-1.214390,0.910424,-1.229666,1.148508,-1.182890,0.294841,-0.927575,0.547203,-1.179577,0.788865,-1.254830,0.994059,-1.244527
C,Right,legacy_asl_C_207,0.000000,0.000000,0.374409,-0.125129,0.644005,-0.292524,0.893331,-0.377214,1.121650,-0.437510,0.236030,-0.865945,0.566192,-1.039747,0.834364,-1.071013,1.048857,-1.068495,0.185718,-0.911635,0.570276,-1.116286,0.866195,-1.134615,1.102819,-1.071329,0.191934,-0.904301,0.563958,-1.130985,0.860860,-1.155630,1.085665,-1.108659,0.263748,-0.849512,0.537980,-1.103348,0.758882,-1.175836,0.943542,-1.170318
C,Right,legacy_asl_C_208,0.000000,0.000000,0.403089,-0.113861,0.697209,-0.277769,0.965701,-0.355037,1.210708,-0.407504,0.293542,-0.905953,0.652173,-1.073617,0.937964,-1.093320,1.165169,-1.079904,0.242507,-0.956898,0.660336,-1.154533,0.974887,-1.159134,1.222503,-1.080204,0.248728,-0.948814,0.654377,-1.170428,0.970286,-1.181674,1.206193,-1.120628,0.322096,-0.887148,0.625459,-1.142438,0.863215,-1.208199,1.058652,-1.193099
C,Right,legacy_asl_C_209,-0.002228,0.007570,0.502203,-0.128742,0.742285,-0.307693,1.019357,-0.389893,1.293815,-0.409427,0.327162,-0.932904,0.681194,-1.068504,1.032565,-1.054195,1.218865,-0.939042,0.294639,-0.958611,0.714741,-1.173174,1.079139,-1.085095,1.320697,-0.896643,0.310989,-0.884070,0.690695,-1.187541,1.031507,-1.099193,1.262973,-0.958590,0.372621,-0.803136,0.679262,-1.035352,0.965058,-1.071927,1.142410,-1.018860
C,Right,legacy_asl_C_210,0.000000,0.000000,0.498088,-0.147404,0.778624,-0.333372,1.046560,-0.379834,1.326934,-0.439090,0.345917,-0.964044,0.727100,-1.122624,1.054773,-1.077221,1.285269,-0.968293,0.290793,-0.974016,0.772249,-1.223333,1.120049,-1.111852,1.337338,-0.924798,0.300426,-0.930600,0.720900,-1.204265,1.078651,-1.118097,1.305473,-0.980325,0.385826,-0.813630,0.709585,-1.068251,0.980940,-1.079396,1.178308,-1.031483
C,Right,legacy_asl_C_211,0.000000,0.000000,0.471003,-0.180701,0.728433,-0.382148,0.984302,-0.447565,1.251238,-0.526318,0.261393,-0.959759,0.618357,-1.142364,0.939069,-1.123394,1.170540,-1.035509,0.207262,-0.965209,0.654389,-1.243312,0.999628,-1.161902,1.224270,-0.997369,0.219900,-0.923909,0.606128,-1.220935,0.959070,-1.164792,1.189184,-1.048700,0.311503,-0.817173,0.605546,-1.088385,0.867419,-1.119869,1.062163,-1.088533
C,Right,legacy_asl_C_212,-0.006757,0.009966,0.451200,-0.187273,0.739933,-0.316983,1.001879,-0.342288,1.301309,-0.411727,0.345909,-0.944875,0.711962,-1.084948,1.021810,-0.994509,1.233918,-0.923561,0.262630,-0.945442,0.726881,-1.168724,1.086576,-1.089064,1.283252,-0.904107,0.325390,-0.927212,0.719104,-1.159499,1.051038,-1.060194,1.263590,-0.935619,0.378359,-0.780150,0.681902,-1.048336,0.957460,-1.029903,1.154266,-1.002498
C,Right,legacy_asl_C_213,0.000000,0.000000,0.488008,-0.144421,0.762867,-0.326626,1.025380,-0.372147,1.300080,-0.430204,0.338916,-0.944534,0.712386,-1.099905,1.033427,-1.055420,1.259258,-0.948697,0.284908,-0.954304,0.756621,-1.198576,1.097382,-1.089351,1.310274,-0.906083,0.294346,-0.911767,0.706311,-1.179894,1.056822,-1.095470,1.279053,-0.960486,0.378018,-0.797165,0.695225,-1.046632,0.961088,-1.057552,1.154462,-1.010609
C,Right,legacy_asl_C_214,0.000000,0.000000,0.477375,-0.163124,0.742093,-0.354894,1.000210,-0.410785,1.269881,-0.479593,0.296776,-0.949414,0.660262,-1.118666,0.980051,-1.087826,1.208106,-0.991425,0.242885,-0.956866,0.700010,-1.218211,1.041995,-1.124064,1.260386,-0.951320,0.253984,-0.915127,0.650953,-1.197637,1.001572,-1.128454,1.227226,-1.003915,0.341569,-0.805069,0.645459,-1.065199,0.908319,-1.086959,1.101768,-1.048428
C,Right,legacy_asl_C_215,-0.000207,-0.000621,0.519669,-0.123262,0.751523,-0.306749,1.016177,-0.355569,1.273130,-0.438988,0.347127,-0.927103,0.698519,-1.100398,1.054054,-1.062399,1.265314,-0.937273,0.306521,-0.916497,0.764130,-1.203334,1.088820,-1.080320,1.304891,-0.906354,0.299556,-0.915787,0.711670,-1.166027,1.041415,-1.058395,1.290366,-0.941131,0.378255,-0.788793,0.712804,-1.037111,0.961700,-1.081281,1.122181,-0.982259
C,Right,legacy_asl_C_216,0.000000,0.000000,0.472093,-0.139711,0.737988,-0.315973,0.991940,-0.360010,1.257681,-0.416174,0.327863,-0.913731,0.689153,-1.064034,0.999725,-1.021000,1.218190,-0.917757,0.275616,-0.923182,0.731945,-1.159487,1.061594,-1.053825,1.267542,-0.876533,0.284747,-0.882032,0.683276,-1.141414,1.022356,-1.059744,1.237340,-0.929162,0.365690,-0.771167,0.672552,-1.012499,0.929744,-1.023062,1.116812,-0.977650
C,Right,legacy_asl_C_217,0.000000,0.000000,0.468552,-0.186964,0.723274,-0.391824,0.978248,-0.460647,1.244111,-0.542952,0.248575,-0.963158,0.603073,-1.150506,0.924010,-1.135813,1.156631,-1.051022,0.194376,-0.967886,0.637756,-1.251926,0.984049,-1.175125,1.210865,-1.013602,0.207563,-0.926759,0.589798,-1.228907,0.943457,-1.177474,1.175098,-1.064460,0.300582,-0.821253,0.590983,-1.096361,0.852412,-1.131334,1.047557,-1.102596
C,Right,legacy_asl_C_218,0.018139,-0.012416,0.474074,-0.143737,0.749460,-0.362470,1.034827,-0.363898,1.284663,-0.427294,0.315576,-0.935724,0.728672,-1.081010,1.037870,-1.051265,1.247320,-0.926818,0.277386,-0.927867,0.752878,-1.179402,1.092109,-1.098223,1.297219,-0.882560,0.293606,-0.903734,0.707961,-1.183081,1.037408,-1.119672,1.268275,-0.924322,0.381793,-0.788642,0.670801,-1.014437,0.926916,-1.037805,1.165298,-1.018550
C,Right,legacy_asl_C_219,0.000000,0.000000,0.474926,-0.140549,0.742416,-0.317869,0.997892,-0.362171,1.265228,-0.418671,0.329831,-0.919213,0.693288,-1.070418,1.005723,-1.027127,1.225500,-0.923264,0.277270,-0.928721,0.736337,-1.166444,1.067964,-1.060148,1.275148,-0.881793,0.286456,-0.887325,0.687376,-1.148263,1.028491,-1.066103,1.244764,-0.934737,0.367884,-0.775794,0.676587,-1.018574,0.935323,-1.029201,1.123514,-0.983517
C,Right,legacy_asl_C_220,0.000000,0.000000,0.472346,-0.177159,0.731282,-0.376667,0.987635,-0.440161,1.255155,-0.516908,0.268592,-0.957769,0.626918,-1.137688,0.947479,-1.116311,1.178283,-1.026690,0.214504,-0.963626,0.663707,-1.238363,1.008325,-1.154363,1.231725,-0.988148,0.226831,-0.922232,0.615279,-1.216349,0.967790,-1.157557,1.197025,-1.039740,0.317631,-0.814811,0.613702,-1.083807,0.875804,-1.113324,1.070307,-1.080526
C,Right,legacy_asl_C_221,0.027069,0.021715,0.403083,0.047915,0.809239,-0.099385,1.222564,-0.213553,1.501006,-0.305007,0.497938,-0.835939,0.924606,-1.051806,1.269406,-1.113680,1.534948,-1.147244,0.410696,-0.893189,0.893782,-1.229428,1.237336,-1.258386,1.524817,-1.284055,0.331434,-0.928435,0.755032,-1.294259,1.075653,-1.381567,1.430786,-1.431150,0.294067,-0.941466,0.598061,-1.225313,0.892352,-1.404295,1.155264,-1.508090
C,Right,legacy_asl_C_222,0.000000,0.000000,0.431072,0.064671,0.893761,-0.077998,1.258529,-0.234818,1.606082,-0.320312,0.532936,-0.851988,0.970508,-1.102305,1.325942,-1.188253,1.603919,-1.209344,0.450848,-0.951091,0.913346,-1.261188,1.302150,-1.345800,1.622034,-1.356047,0.382826,-0.983784,0.798164,-1.346094,1.177235,-1.458601,1.500535,-1.498604,0.319993,-0.965040,0.639099,-1.303578,0.922183,-1.476070,1.183410,-1.573795
C,Right,legacy_asl_C_223,0.000000,0.000000,0.404002,0.083958,0.848870,-0.026378,1.201938,-0.155274,1.534957,-0.217669,0.548835,-0.777027,0.975665,-0.990436,1.316157,-1.052842,1.580004,-1.058052,0.476498,-0.875042,0.930055,-1.143632,1.302015,-1.203008,1.604897,-1.195749,0.413939,-0.909545,0.825688,-1.229982,1.189927,-1.316239,1.497613,-1.336923,0.353560,-0.895158,0.673095,-1.198224,0.949790,-1.346260,1.201865,-1.424788
C,Right,legacy_asl_C_224,-0.007357,-0.029726,0.423175,0.069318,0.859847,-0.087967,1.196211,-0.224980,1.501924,-0.313653,0.511400,-0.816620,0.912307,-1.032979,1.260115,-1.121814,1.507449,-1.146930,0.434379,-0.895948,0.873574,-1.191953,1.227840,-1.287253,1.514022,-1.291055,0.364656,-0.933208,0.746048,-1.293019,1.089036,-1.370740,1.442348,-1.431224,0.316746,-0.931496,0.607884,-1.234288,0.862140,-1.401125,1.117592,-1.513699
C,Right,legacy_asl_C_225,0.000000,0.000000,0.436196,0.065440,0.904385,-0.078926,1.273489,-0.237610,1.625174,-0.324120,0.539271,-0.862115,0.982044,-1.115407,1.341703,-1.202377,1.622984,-1.223719,0.456207,-0.962396,0.924203,-1.276179,1.317628,-1.361797,1.641315,-1.372166,0.387377,-0.995478,0.807652,-1.362094,1.191229,-1.475939,1.518372,-1.516418,0.323796,-0.976511,0.646695,-1.319073,0.933145,-1.493616,1.197477,-1.592502
C,Right,legacy_asl_C_226,0.000000,0.000000,0.401041,0.097122,0.849279,0.001390,1.206372,-0.115894,1.541253,-0.167367,0.573946,-0.758668,1.007526,-0.958007,1.349876,-1.009248,1.613752,-1.005828,0.504853,-0.858995,0.966948,-1.112613,1.340651,-1.159796,1.643134,-1.142638,0.443456,-0.895525,0.865461,-1.202329,1.232325,-1.276631,1.540523,-1.287244,0.382638,-0.883120,0.711911,-1.175577,0.993298,-1.314487,1.247806,-1.384731
C,Right,legacy_asl_C_227,-0.003756,-0.007810,0.422058,0.071890,0.855864,-0.070254,1.212899,-0.222289,1.513446,-0.295332,0.505485,-0.838749,0.913313,-1.066700,1.244967,-1.174715,1.512517,-1.142459,0.419968,-0.922330,0.851400,-1.212821,1.238118,-1.266838,1.523536,-1.274844,0.363043,-0.930845,0.738637,-1.301688,1.112099,-1.370275,1.423589,-1.393418,0.318863,-0.913182,0.625929,-1.247205,0.896437,-1.415568,1.123841,-1.513922
C,Right,legacy_asl_C_228,0.000000,0.000000,0.392385,0.058867,0.813550,-0.070998,1.145582,-0.213745,1.461945,-0.291566,0.485108,-0.775526,0.883410,-1.003378,1.206945,-1.081613,1.459975,-1.100811,0.410386,-0.865735,0.831378,-1.148003,1.185288,-1.225021,1.476465,-1.234348,0.348469,-0.895494,0.726533,-1.225288,1.071584,-1.327699,1.365869,-1.364112,0.291275,-0.878432,0.581743,-1.186588,0.839422,-1.343600,1.077205,-1.432555
C,Right,legacy_asl_C_229,0.000000,0.000000,0.403310,0.087224,0.849056,-0.019510,1.203155,-0.145546,1.536667,-0.205244,0.555103,-0.772562,0.983646,-0.982511,1.324631,-1.042160,1.588511,-1.045236,0.483561,-0.871159,0.939276,-1.136071,1.311704,-1.192436,1.614517,-1.182727,0.421284,-0.906167,0.835611,-1.223262,1.200536,-1.306570,1.508379,-1.324764,0.360790,-0.892268,0.682766,-1.192740,0.960649,-1.338533,1.213352,-1.415018
C,Right,legacy_asl_C_230,0.003773,-0.011307,0.376373,0.038145,0.859510,-0.068380,1.176775,-0.211157,1.518848,-0.311573,0.493203,-0.791970,0.884898,-1.052934,1.276711,-1.141989,1.477988,-1.151912,0.404285,-0.864298,0.844939,-1.167449,1.214670,-1.277000,1.553246,-1.276529,0.397506,-0.936918,0.767339,-1.275780,1.114077,-1.369968,1.436475,-1.446452,0.289182,-0.934841,0.616030,-1.231409,0.863932,-1.399787,1.126811,-1.468746
C,Right,legacy_asl_C_231,0.000000,0.000000,0.400656,0.060108,0.830698,-0.072495,1.169728,-0.218250,1.492758,-0.297711,0.495332,-0.791872,0.902029,-1.024526,1.232384,-1.104410,1.490747,-1.124013,0.419036,-0.883982,0.848901,-1.172199,1.210271,-1.250840,1.507584,-1.260365,0.355814,-0.914368,0.741846,-1.251114,1.094170,-1.355683,1.394658,-1.392863,0.297414,-0.896947,0.594004,-1.211598,0.857114,-1.371919,1.099909,-1.462748
C,Right,legacy_asl_C_232,0.000000,0.000000,0.407574,0.064423,0.846618,-0.067189,1.193075,-0.212924,1.522706,-0.291269,0.510814,-0.802534,0.926882,-1.036231,1.263976,-1.114948,1.527267,-1.132846,0.433845,-0.896955,0.873953,-1.187056,1.242626,-1.264259,1.545506,-1.271581,0.369699,-0.928408,0.765553,-1.268285,1.125220,-1.371967,1.431554,-1.407430,0.310081,-0.911132,0.614665,-1.229221,0.883916,-1.390399,1.131921,-1.480964
C,Right,legacy_asl_C_233,-0.011407,0.014551,0.358242,0.086113,0.822273,-0.014605,1.170345,-0.143002,1.534557,-0.231377,0.492852,-0.784664,0.939732,-1.046879,1.272424,-1.153321,1.552755,-1.130163,0.452926,-0.890229,0.914405,-1.180892,1.302518,-1.283177,1.602436,-1.290946,0.446530,-0.933767,0.817282,-1.239328,1.193453,-1.324823,1.550323,-1.371119,0.398090,-0.943956,0.719771,-1.241962,1.010674,-1.376840,1.249823,-1.445564
C,Right,legacy_asl_C_234,0.000000,0.000000,0.372098,0.104316,0.803656,-0.009560,1.165997,-0.159015,1.512540,-0.234590,0.488373,-0.772484,0.898591,-1.042348,1.246457,-1.121782,1.517593,-1.137954,0.443852,-0.870401,0.884835,-1.174610,1.268569,-1.262637,1.577657,-1.273973,0.415741,-0.906818,0.810203,-1.237593,1.184745,-1.339252,1.500869,-1.363297,0.381100,-0.901622,0.692172,-1.212569,0.980816,-1.366704,1.242142,-1.440616
C,Right,legacy_asl_C_235,0.000000,0.000000,0.383573,0.085804,0.815725,-0.053221,1.175648,-0.224636,1.523527,-0.320156,0.454198,-0.811024,0.856229,-1.107325,1.205243,-1.206836,1.479749,-1.237942,0.403677,-0.908064,0.835096,-1.240913,1.220074,-1.351095,1.533389,-1.379343,0.373154,-0.943529,0.755886,-1.300842,1.130790,-1.424372,1.450563,-1.465909,0.338253,-0.936376,0.637361,-1.269035,0.922181,-1.441212,1.183598,-1.530430
C,Right,legacy_asl_C_236,-0.010671,-0.021512,0.374943,0.093185,0.806589,-0.001150,1.189673,-0.166873,1.531631,-0.219939,0.460599,-0.822976,0.917965,-1.047055,1.273187,-1.128766,1.542802,-1.164304,0.424418,-0.911106,0.914616,-1.203573,1.273617,-1.267444,1.626107,-1.285347,0.430674,-0.942557,0.818564,-1.239950,1.212282,-1.368086,1.540087,-1.387294,0.402561,-0.939201,0.715404,-1.237992,1.012016,-1.392690,1.261477,-1.455614
C,Right,legacy_asl_C_237,0.000000,0.000000,0.365134,0.102364,0.788617,-0.009381,1.144176,-0.156040,1.484234,-0.230200,0.479234,-0.758028,0.881775,-1.022842,1.223131,-1.100789,1.489193,-1.116658,0.435546,-0.854113,0.868276,-1.152628,1.244829,-1.239008,1.548133,-1.250132,0.407960,-0.889848,0.795041,-1.214433,1.162574,-1.314190,1.472782,-1.337785,0.373968,-0.884749,0.679219,-1.189877,0.962462,-1.341128,1.218897,-1.413657
C,Right,legacy_asl_C_238,0.000000,0.000000,0.379249,0.103251,0.817305,-0.015870,1.184689,-0.170648,1.536572,-0.250163,0.490804,-0.789409,0.905962,-1.067018,1.259161,-1.150469,1.534802,-1.168990,0.444773,-0.888658,0.890959,-1.201433,1.280573,-1.293898,1.594852,-1.307791,0.415904,-0.925481,0.814572,-1.264921,1.194732,-1.371180,1.516070,-1.398054,0.380711,-0.919932,0.694717,-1.238567,0.987111,-1.397542,1.252334,-1.474714
C,Right,legacy_asl_C_239,0.014684,-0.003456,0.361736,0.078020,0.822498,-0.019359,1.202858,-0.164637,1.527301,-0.226688,0.491833,-0.823902,0.906747,-1.073555,1.244058,-1.129275,1.545204,-1.160724,0.435148,-0.878463,0.898455,-1.197661,1.267315,-1.286812,1.605314,-1.293785,0.436754,-0.917987,0.792204,-1.225973,1.204589,-1.387699,1.539416,-1.390526,0.406227,-0.907152,0.701656,-1.222772,0.999756,-1.378643,1.248760,-1.458965
C,Right,legacy_asl_C_240,0.000000,0.000000,0.371846,0.104245,0.803112,-0.009553,1.165207,-0.158908,1.511515,-0.234431,0.488043,-0.771960,0.897982,-1.041642,1.245613,-1.121022,1.516565,-1.137183,0.443551,-0.869812,0.884235,-1.173814,1.267710,-1.261782,1.576588,-1.273110,0.415459,-0.906203,0.809654,-1.236755,1.183943,-1.338345,1.499853,-1.362374,0.380842,-0.901011,0.691703,-1.211747,0.980152,-1.365779,1.241301,-1.439640
C,Right,legacy_asl_C_241,0.000000,0.000000,0.376230,0.113761,0.817430,0.006870,1.188978,-0.137629,1.542935,-0.207326,0.512572,-0.775451,0.935291,-1.041406,1.290674,-1.114999,1.566724,-1.125847,0.469320,-0.875942,0.924033,-1.176186,1.316067,-1.257778,1.630611,-1.262924,0.441486,-0.913554,0.849441,-1.241774,1.232409,-1.337418,1.554370,-1.355343,0.406152,-0.908986,0.728900,-1.218764,1.025602,-1.369544,1.292869,-1.439309
C,Right,legacy_asl_C_242,-0.027024,0.004949,0.379373,0.088328,0.796310,-0.007892,1.172673,-0.165047,1.542050,-0.219077,0.508537,-0.757987,0.896088,-1.069329,1.290427,-1.115296,1.540880,-1.157608,0.462154,-0.861516,0.883080,-1.244386,1.283524,-1.297132,1.613903,-1.286086,0.408658,-0.908217,0.810167,-1.272243,1.224856,-1.376309,1.505699,-1.423692,0.399700,-0.935301,0.711252,-1.232850,0.973387,-1.391214,1.245999,-1.466607
C,Right,legacy_asl_C_243,0.000000,0.000000,0.396053,0.111032,0.855395,-0.010175,1.241062,-0.169253,1.609915,-0.249693,0.519814,-0.822215,0.956441,-1.109453,1.326703,-1.194001,1.615294,-1.211214,0.472426,-0.926437,0.941799,-1.250230,1.350238,-1.343924,1.679225,-1.355990,0.442505,-0.965198,0.862363,-1.317268,1.261018,-1.425472,1.597494,-1.451065,0.405635,-0.959668,0.736734,-1.290633,1.043960,-1.454691,1.322110,-1.533361
C,Right,legacy_asl_C_244,0.000000,0.000000,0.377490,0.109507,0.817456,-0.002356,1.187349,-0.151040,1.540497,-0.224727,0.503788,-0.781187,0.923478,-1.051895,1.278008,-1.129495,1.553918,-1.143457,0.459404,-0.881183,0.910700,-1.186540,1.301788,-1.272551,1.616254,-1.281247,0.431147,-0.918479,0.835372,-1.251282,1.217237,-1.351242,1.538975,-1.372799,0.395868,-0.913512,0.715098,-1.226912,1.010080,-1.381032,1.276542,-1.453809
C,Right,legacy_asl_C_245,0.013301,-0.008426,0.504328,0.050605,0.853327,-0.154673,1.137050,-0.176271,1.491502,-0.168016,0.535389,-0.832316,0.807909,-1.182749,1.157799,-1.287698,1.472388,-1.306196,0.418928,-0.891189,0.801829,-1.295300,1.219003,-1.408819,1.567084,-1.328922,0.342864,-0.939534,0.729837,-1.285562,1.178483,-1.383636,1.505096,-1.350220,0.303212,-0.852058,0.645893,-1.190936,0.969344,-1.312762,1.297693,-1.354681
C,Right,legacy_asl_C_246,0.000000,0.000000,0.517770,0.042162,0.884164,-0.144526,1.214744,-0.183396,1.551034,-0.159526,0.537667,-0.880239,0.842936,-1.251720,1.225853,-1.367028,1.553007,-1.373522,0.428616,-0.948902,0.809047,-1.351896,1.258934,-1.448891,1.606815,-1.396487,0.347521,-0.951137,0.758343,-1.342913,1.212117,-1.445168,1.565658,-1.424422,0.309334,-0.879001,0.669643,-1.223089,1.041988,-1.359119,1.357947,-1.393149
C,Right,legacy_asl_C_247,0.000000,0.000000,0.496792,0.044344,0.849958,-0.132158,1.167635,-0.167008,1.490327,-0.141581,0.522781,-0.841097,0.818640,-1.195474,1.187137,-1.303322,1.501283,-1.307114,0.418595,-0.907834,0.786851,-1.291905,1.219508,-1.381671,1.553115,-1.328761,0.340753,-0.910585,0.738104,-1.283659,1.174533,-1.378446,1.513809,-1.355889,0.303551,-0.841612,0.652050,-1.169279,1.010550,-1.297101,1.314154,-1.327414
C,Right,legacy_asl_C_248,0.009616,-0.008694,0.500291,0.039202,0.843761,-0.118170,1.167923,-0.186637,1.500697,-0.175073,0.527503,-0.858185,0.805808,-1.197884,1.170415,-1.311567,1.505684,-1.336588,0.406469,-0.910677,0.753066,-1.330498,1.228472,-1.373910,1.566540,-1.332463,0.346073,-0.918124,0.718133,-1.295322,1.168849,-1.400934,1.505490,-1.347331,0.269455,-0.820511,0.630842,-1.154936,0.980448,-1.316520,1.328001,-1.356656
C,Right,legacy_asl_C_249,0.000000,0.000000,0.531119,0.043249,0.906961,-0.148252,1.246063,-0.188124,1.591024,-0.163639,0.551530,-0.902934,0.864669,-1.283993,1.257459,-1.402274,1.593047,-1.408935,0.439667,-0.973367,0.829906,-1.386752,1.291392,-1.486247,1.648243,-1.432492,0.356481,-0.975660,0.777895,-1.377537,1.243369,-1.482428,1.606025,-1.461148,0.317309,-0.901664,0.686908,-1.254624,1.068853,-1.394160,1.392959,-1.429068
C,Right,legacy_asl_C_250,0.000000,0.000000,0.495906,0.053346,0.852215,-0.116723,1.170472,-0.145808,1.492649,-0.114534,0.537947,-0.831479,0.840183,-1.180433,1.210575,-1.281581,1.524738,-1.279676,0.434988,-0.900094,0.810148,-1.277425,1.244362,-1.359330,1.576954,-1.300380,0.357209,-0.904256,0.761259,-1.270064,1.199335,-1.356921,1.538147,-1.328215,0.318762,-0.835970,0.673145,-1.157263,1.033905,-1.278563,1.338009,-1.303366
C,Right,legacy_asl_C_251,-0.005988,0.003118,0.493701,0.033388,0.864046,-0.149401,1.164169,-0.184063,1.486002,-0.171944,0.492373,-0.842445,0.840032,-1.192352,1.171903,-1.299055,1.509988,-1.317375,0.416861,-0.923999,0.773936,-1.305267,1.192235,-1.399087,1.518195,-1.327489,0.330912,-0.926535,0.716616,-1.277577,1.166717,-1.394802,1.499248,-1.356263,0.295241,-0.829827,0.657082,-1.192430,1.022511,-1.300566,1.284712,-1.335480
C,Right,legacy_asl_C_252,0.000000,0.000000,0.466852,0.038016,0.797215,-0.130313,1.095285,-0.165360,1.398504,-0.143838,0.484793,-0.793675,0.760041,-1.128625,1.105302,-1.232594,1.400283,-1.238449,0.386466,-0.855586,0.729484,-1.218950,1.135129,-1.306406,1.448799,-1.259156,0.313346,-0.857601,0.683767,-1.210850,1.092917,-1.303049,1.411690,-1.284343,0.278914,-0.792559,0.603790,-1.102810,0.939518,-1.225462,1.224406,-1.256146
C,Right,legacy_asl_C_253,0.000000,0.000000,0.497211,0.039367,0.848592,-0.140662,1.165904,-0.178693,1.488834,-0.156498,0.514332,-0.846289,0.806628,-1.203612,1.174026,-1.315145,1.488118,-1.322082,0.409483,-0.911980,0.773875,-1.299720,1.205611,-1.393813,1.539731,-1.344247,0.331617,-0.913951,0.725212,-1.290986,1.160670,-1.390138,1.500156,-1.370980,0.295108,-0.844610,0.640308,-1.175750,0.997511,-1.307155,1.300796,-1.340507
C,Right,legacy_asl_C_254,0.013043,-0.006113,0.498373,0.041586,0.842628,-0.140567,1.174047,-0.164258,1.507367,-0.155884,0.514832,-0.818199,0.805755,-1.211561,1.200627,-1.317363,1.488734,-1.318645,0.412067,-0.889563,0.787079,-1.291079,1.201955,-1.380881,1.540289,-1.347551,0.346032,-0.896368,0.723326,-1.308886,1.165655,-1.387137,1.474789,-1.383508,0.268509,-0.840607,0.614116,-1.158991,0.998504,-1.298994,1.282853,-1.331728
C,Right,legacy_asl_C_255,0.000000,0.000000,0.467774,0.038091,0.798790,-0.130570,1.097448,-0.165687,1.401266,-0.144122,0.485750,-0.795243,0.761542,-1.130854,1.107485,-1.235028,1.403048,-1.240895,0.387229,-0.857276,0.730925,-1.221357,1.137371,-1.308986,1.451661,-1.261643,0.313965,-0.859295,0.685117,-1.213242,1.095075,-1.305623,1.414478,-1.286880,0.279465,-0.794124,0.604982,-1.104988,0.941374,-1.227882,1.226824,-1.258627
C,Right,legacy_asl_C_256,0.000000,0.000000,0.494557,0.064666,0.854660,-0.097214,1.173498,-0.119017,1.494877,-0.080388,0.556811,-0.818966,0.866944,-1.160921,1.239551,-1.253577,1.553588,-1.244492,0.455447,-0.889917,0.839134,-1.258574,1.275106,-1.330533,1.606264,-1.263997,0.377783,-0.895856,0.790089,-1.252333,1.230036,-1.329154,1.568103,-1.292712,0.337786,-0.828466,0.699420,-1.141576,1.062858,-1.254598,1.367449,-1.272444
C,Right,legacy_asl_C_257,-0.015760,0.000384,0.435069,-0.142209,0.676657,-0.325136,0.997391,-0.455608,1.250096,-0.533178,0.244087,-0.932064,0.666484,-1.103206,0.945550,-1.091150,1.193881,-0.997873,0.167061,-0.966433,0.663863,-1.132328,0.978318,-1.119387,1.216834,-1.008926,0.164803,-0.954710,0.645743,-1.113983,0.974742,-1.097351,1.160700,-1.020183,0.270872,-0.919302,0.599322,-1.106787,0.869258,-1.106916,1.065660,-1.061048
C,Right,legacy_asl_C_258,0.000000,0.000000,0.414695,-0.149486,0.695325,-0.354598,0.980882,-0.455280,1.247936,-0.530732,0.247036,-0.952018,0.658753,-1.110891,0.968826,-1.084542,1.198619,-1.022152,0.186917,-0.988948,0.667418,-1.167607,0.991652,-1.120086,1.231405,-1.011754,0.189748,-0.978033,0.658942,-1.156708,0.979926,-1.122043,1.202387,-1.029255,0.263031,-0.928040,0.634272,-1.107780,0.887499,-1.124509,1.077086,-1.086066
C,Right,legacy_asl_C_259,0.000000,0.000000,0.397903,-0.174836,0.660203,-0.395405,0.934349,-0.513579,1.191984,-0.605697,0.179199,-0.953024,0.573543,-1.136893,0.880318,-1.131755,1.110539,-1.085784,0.117587,-0.985322,0.578267,-1.193264,0.900389,-1.168249,1.143486,-1.077754,0.121103,-0.974774,0.570659,-1.181975,0.888723,-1.169388,1.113769,-1.093024,0.196540,-0.930509,0.549671,-1.132192,0.797640,-1.165620,0.986707,-1.140509
C,Right,legacy_asl_C_260,-0.007106,-0.004256,0.404947,-0.130684,0.698011,-0.351363,0.963043,-0.453589,1.213683,-0.541590,0.280064,-0.953535,0.648348,-1.115956,0.941811,-1.085348,1.168126,-1.004710,0.181969,-0.961547,0.663044,-1.170411,0.975597,-1.096973,1.203936,-1.010372,0.214433,-0.980285,0.671327,-1.133873,0.952274,-1.105362,1.179549,-1.018214,0.265265,-0.934870,0.643475,-1.103152,0.872581,-1.109559,1.067669,-1.061034
C,Right,legacy_asl_C_261,0.000000,0.000000,0.389652,-0.140459,0.653337,-0.333185,0.921650,-0.427787,1.172578,-0.498683,0.232118,-0.894529,0.618973,-1.043808,0.910322,-1.019050,1.126239,-0.960427,0.175630,-0.929229,0.627115,-1.097099,0.931769,-1.052448,1.157045,-0.950658,0.178290,-0.918973,0.619150,-1.086858,0.920751,-1.054287,1.129779,-0.967102,0.247147,-0.871998,0.595970,-1.040884,0.833905,-1.056604,1.012044,-1.020482
C,Right,legacy_asl_C_262,0.000000,0.000000,0.393738,-0.184023,0.650850,-0.410619,0.922179,-0.535124,1.177607,-0.633195,0.157034,-0.956926,0.547006,-1.149897,0.853817,-1.151879,1.085043,-1.111264,0.094690,-0.987785,0.550419,-1.206362,0.873035,-1.188829,1.118167,-1.104000,0.098450,-0.977322,0.543075,-1.194899,0.861346,-1.189697,1.088104,-1.118577,0.174893,-0.934819,0.523249,-1.144643,0.770375,-1.183816,0.959974,-1.163100
C,Right,legacy_asl_C_263,-0.019674,0.004470,0.435100,-0.145125,0.702339,-0.345484,0.955086,-0.455727,1.234853,-0.552010,0.254251,-0.954522,0.643386,-1.102325,0.959398,-1.071561,1.196108,-1.015220,0.195440,-0.964761,0.631963,-1.156509,0.999841,-1.134009,1.212457,-1.000365,0.195429,-0.978260,0.645958,-1.144944,0.962635,-1.083033,1.190604,-1.035667,0.272732,-0.919061,0.652225,-1.091649,0.871949,-1.102342,1.061953,-1.094978
C,Right,legacy_asl_C_264,0.000000,0.000000,0.427839,-0.154224,0.717365,-0.365838,1.011973,-0.469711,1.287492,-0.547555,0.254866,-0.982195,0.679633,-1.146103,0.999535,-1.118919,1.236612,-1.054551,0.192842,-1.020295,0.688574,-1.204617,1.023084,-1.155590,1.270437,-1.043824,0.195763,-1.009034,0.679828,-1.193372,1.010987,-1.157609,1.240500,-1.061880,0.271368,-0.957456,0.654377,-1.142893,0.915630,-1.160153,1.111227,-1.120491
C,Right,legacy_asl_C_265,0.000000,0.000000,0.403865,-0.160584,0.673839,-0.371692,0.952011,-0.480049,1.212757,-0.562952,0.212955,-0.946053,0.613586,-1.115792,0.919984,-1.099754,1.148426,-1.045630,0.152531,-0.980520,0.620309,-1.171959,0.941339,-1.135512,1.181066,-1.036434,0.155670,-0.969855,0.612305,-1.160947,0.929721,-1.137064,1.151911,-1.052751,0.229485,-0.922936,0.589561,-1.111942,0.838562,-1.136536,1.026617,-1.104722
C,Right,legacy_asl_C_266,0.005971,0.014607,0.419008,-0.155399,0.656065,-0.353804,0.982005,-0.456334,1.260688,-0.552110,0.210473,-0.964666,0.653213,-1.094992,0.943602,-1.068046,1.197338,-0.980865,0.176616,-0.989959,0.658596,-1.140733,1.004426,-1.104009,1.236497,-0.998896,0.202150,-0.956903,0.637777,-1.105702,0.952361,-1.092113,1.211350,-1.029091,0.235591,-0.883417,0.625651,-1.101351,0.901992,-1.119904,1.090000,-1.102363
C,Right,legacy_asl_C_267,0.000000,0.000000,0.411625,-0.148379,0.690179,-0.351973,0.973622,-0.451910,1.238700,-0.526804,0.245207,-0.944972,0.653877,-1.102669,0.961656,-1.076515,1.189748,-1.014586,0.185534,-0.981629,0.662479,-1.158965,0.984312,-1.111796,1.222291,-1.004266,0.188344,-0.970795,0.654065,-1.148147,0.972673,-1.113738,1.193488,-1.021638,0.261084,-0.921171,0.629577,-1.099581,0.880930,-1.116187,1.069114,-1.078027
C,Right,legacy_asl_C_268,0.000000,0.000000,0.398982,-0.172359,0.662649,-0.391293,0.937524,-0.507760,1.195727,-0.598274,0.185120,-0.951891,0.580601,-1.133306,0.887337,-1.126260,1.117268,-1.078859,0.123711,-0.984572,0.585674,-1.189645,0.907634,-1.162628,1.150165,-1.070624,0.127161,-0.974003,0.577996,-1.178404,0.895976,-1.163840,1.120543,-1.086079,0.202321,-0.929269,0.556699,-1.128753,0.804872,-1.160638,0.993779,-1.134353
C,Right,legacy_asl_C_269,-0.008532,0.019807,0.410689,-0.001839,0.756336,-0.127123,1.048883,-0.207384,1.344570,-0.324658,0.505011,-0.795173,0.830109,-1.022108,1.115729,-1.039540,1.387843,-1.055080,0.461306,-0.875728,0.819537,-1.108492,1.155292,-1.149971,1.415857,-1.143928,0.426115,-0.876950,0.751185,-1.180490,1.088255,-1.227887,1.345711,-1.255620,0.329745,-0.875005,0.590687,-1.159167,0.839409,-1.247603,1.053881,-1.286799
C,Right,legacy_asl_C_270,0.000000,0.000000,0.385053,0.017302,0.699553,-0.095838,0.983354,-0.188024,1.261905,-0.291257,0.484356,-0.763323,0.795808,-0.954957,1.075634,-0.993449,1.296479,-1.000266,0.431692,-0.828226,0.784802,-1.048522,1.099014,-1.106084,1.354205,-1.100255,0.379051,-0.855923,0.702504,-1.108803,1.015931,-1.178991,1.268180,-1.176794,0.324335,-0.844865,0.566653,-1.110364,0.809697,-1.208093,1.018171,-1.235544
C,Right,legacy_asl_C_271,0.000000,0.000000,0.404693,0.023260,0.736908,-0.091581,1.036565,-0.184790,1.330846,-0.289686,0.519388,-0.796336,0.849430,-0.993761,1.144200,-1.030559,1.376530,-1.034822,0.464860,-0.865281,0.839087,-1.092298,1.170268,-1.148697,1.438550,-1.139210,0.409867,-0.895099,0.753336,-1.156772,1.083857,-1.226459,1.349092,-1.220831,0.352183,-0.884191,0.610496,-1.160201,0.867365,-1.259775,1.086957,-1.285900
C,Right,legacy_asl_C_272,-0.007910,0.025157,0.405127,-0.005199,0.751271,-0.097937,1.050479,-0.214001,1.329413,-0.310588,0.484497,-0.789777,0.824807,-1.011049,1.139889,-1.050681,1.336768,-1.045737,0.465649,-0.875504,0.837353,-1.086261,1.170846,-1.180846,1.399296,-1.119017,0.401314,-0.906945,0.747670,-1.154606,1.057505,-1.244360,1.332255,-1.241154,0.345724,-0.872736,0.612601,-1.179596,0.832658,-1.268130,1.066611,-1.344084
C,Right,legacy_asl_C_273,0.000000,0.000000,0.377756,0.016974,0.686295,-0.094022,0.964717,-0.184460,1.237989,-0.285737,0.475177,-0.748856,0.780726,-0.936859,1.055248,-0.974621,1.271908,-0.981309,0.423510,-0.812529,0.769928,-1.028650,1.078185,-1.085121,1.328540,-1.079402,0.371867,-0.839701,0.689190,-1.087788,0.996677,-1.156646,1.244145,-1.154491,0.318188,-0.828853,0.555914,-1.089320,0.794351,-1.185196,0.998874,-1.212127
C,Right,legacy_asl_C_274,0.000000,0.000000,0.405153,-0.012977,0.725783,-0.157030,1.015918,-0.276629,1.299655,-0.407388,0.446190,-0.839541,0.757281,-1.065654,1.047587,-1.128631,1.278607,-1.153627,0.385722,-0.903340,0.738179,-1.162873,1.062999,-1.248625,1.331056,-1.263137,0.328286,-0.928128,0.647012,-1.219431,0.969989,-1.318358,1.234667,-1.336442,0.271807,-0.912111,0.504436,-1.210089,0.751386,-1.332206,0.967767,-1.377839
C,Right,legacy_asl_C_275,0.010656,0.011798,0.398908,0.015360,0.732730,-0.118207,1.032428,-0.203075,1.328505,-0.287407,0.516036,-0.798343,0.861071,-1.017129,1.139548,-1.047060,1.339440,-1.040480,0.455185,-0.866385,0.839923,-1.092609,1.170348,-1.135877,1.439646,-1.163932,0.407806,-0.903680,0.755161,-1.166267,1.057616,-1.223725,1.361638,-1.213073,0.357148,-0.872189,0.617252,-1.165881,0.868969,-1.265423,1.082708,-1.282832
C,Right,legacy_asl_C_276,0.000000,0.000000,0.380175,0.017083,0.690690,-0.094624,0.970896,-0.185642,1.245919,-0.287567,0.478220,-0.753652,0.785726,-0.942859,1.062007,-0.980864,1.280054,-0.987594,0.426223,-0.817733,0.774860,-1.035238,1.085091,-1.092071,1.337049,-1.086316,0.374249,-0.845079,0.693604,-1.094756,1.003060,-1.164054,1.252114,-1.161886,0.320226,-0.834162,0.559474,-1.096297,0.799439,-1.192788,1.005272,-1.219891
C,Right,legacy_asl_C_277,0.000000,0.000000,0.401813,0.053515,0.741698,-0.036113,1.047496,-0.106609,1.348809,-0.189161,0.577591,-0.755184,0.921498,-0.927327,1.218196,-0.941936,1.450192,-0.928781,0.528382,-0.828020,0.918566,-1.026362,1.253042,-1.057789,1.519859,-1.028229,0.475778,-0.861875,0.837886,-1.097079,1.172700,-1.141806,1.436768,-1.116322,0.417439,-0.855319,0.695705,-1.111200,0.959313,-1.191249,1.180245,-1.200848
C,Right,legacy_asl_C_278,0.008991,-0.008437,0.407451,0.030518,0.726332,-0.111137,1.014629,-0.215668,1.338854,-0.314806,0.501360,-0.793469,0.828578,-0.976203,1.120215,-1.043078,1.381230,-1.043839,0.423360,-0.856388,0.830481,-1.088693,1.140620,-1.153010,1.418489,-1.160627,0.387278,-0.895640,0.731687,-1.161281,1.050350,-1.249700,1.344929,-1.222752,0.346368,-0.882038,0.602551,-1.165641,0.820411,-1.305446,1.057801,-1.296172
C,Right,legacy_asl_C_279,0.000000,0.000000,0.385921,0.017341,0.701128,-0.096054,0.985568,-0.188447,1.264747,-0.291913,0.485447,-0.765041,0.797600,-0.957108,1.078056,-0.995686,1.299398,-1.002519,0.432664,-0.830091,0.786569,-1.050883,1.101489,-1.108575,1.357254,-1.102732,0.379904,-0.857850,0.704086,-1.111299,1.018218,-1.181645,1.271035,-1.179444,0.325066,-0.846768,0.567929,-1.112864,0.811520,-1.210813,1.020464,-1.238326
C,Right,legacy_asl_C_280,0.000000,0.000000,0.405359,-0.001115,0.730068,-0.135722,1.023579,-0.246779,1.311021,-0.369179,0.470568,-0.826123,0.788144,-1.043036,1.080168,-1.097489,1.311820,-1.115714,0.411993,-0.891665,0.771895,-1.140772,1.099085,-1.216982,1.367452,-1.223642,0.355308,-0.918123,0.682422,-1.199973,1.008155,-1.289407,1.273249,-1.299736,0.298384,-0.903766,0.539634,-1.194808,0.790052,-1.309646,1.007675,-1.348927
C,Right,legacy_asl_C_281,0.009788,0.018522,0.347834,-0.099585,0.671637,-0.294152,0.962942,-0.385020,1.221591,-0.427801,0.151599,-0.976980,0.673636,-1.186066,0.984081,-1.118562,1.255454,-1.005715,0.126058,-1.008009,0.666196,-1.239523,1.052326,-1.152665,1.272000,-0.999060,0.136464,-0.927557,0.684138,-1.202310,1.016463,-1.105205,1.279349,-0.971153,0.283990,-0.841011,0.688265,-1.098864,0.987642,-1.076255,1.179783,-0.969303
C,Right,legacy_asl_C_282,0.000000,0.000000,0.357652,-0.096550,0.670951,-0.306178,0.986570,-0.393521,1.265725,-0.446085,0.162786,-0.997237,0.656944,-1.196158,1.011912,-1.147153,1.264356,-1.047320,0.112107,-1.009752,0.689917,-1.259813,1.056953,-1.166041,1.295740,-1.006986,0.159415,-0.954849,0.679830,-1.230948,1.060736,-1.162286,1.299940,-1.012435,0.298726,-0.839283,0.708525,-1.086680,0.998651,-1.077217,1.195335,-0.990726
C,Right,legacy_asl_C_283,0.000000,0.000000,0.357900,-0.067218,0.680996,-0.248652,0.996998,-0.310068,1.274599,-0.340193,0.235936,-0.964830,0.735456,-1.121914,1.079573,-1.046692,1.319322,-0.929514,0.187229,-0.980978,0.772646,-1.181770,1.125162,-1.061753,1.346989,-0.887582,0.229385,-0.923548,0.760550,-1.154255,1.128581,-1.057782,1.351522,-0.892601,0.357057,-0.799618,0.777618,-1.010673,1.061219,-0.979170,1.247345,-0.879340
C,Right,legacy_asl_C_284,0.018296,0.016175,0.345224,-0.091215,0.704182,-0.290813,0.967590,-0.401687,1.240518,-0.419561,0.152506,-0.978199,0.656274,-1.200765,0.994494,-1.097372,1.222063,-1.040930,0.118677,-0.994626,0.669038,-1.231156,1.044964,-1.137770,1.255373,-0.983781,0.146724,-0.950342,0.689032,-1.211476,1.032010,-1.135037,1.282978,-1.014564,0.289941,-0.828535,0.695556,-1.064248,0.981095,-1.037726,1.186388,-0.982255
C,Right,legacy_asl_C_285,0.000000,0.000000,0.329131,-0.088851,0.617445,-0.281762,0.907894,-0.362139,1.164787,-0.410511,0.149804,-0.917711,0.604555,-1.100769,0.931215,-1.055671,1.163528,-0.963799,0.103167,-0.929228,0.634898,-1.159347,0.972665,-1.073054,1.192409,-0.926682,0.146702,-0.878703,0.625616,-1.132784,0.976146,-1.069597,1.196274,-0.931697,0.274904,-0.772353,0.652023,-1.000021,0.919012,-0.991312,1.100011,-0.911719
C,Right,legacy_asl_C_286,0.000000,0.000000,0.356138,-0.076004,0.674672,-0.265333,0.989066,-0.334506,1.265843,-0.371452,0.212124,-0.970343,0.707628,-1.139671,1.053492,-1.072939,1.296051,-0.961695,0.163035,-0.985288,0.743334,-1.200424,1.098696,-1.089117,1.324741,-0.920457,0.206591,-0.928912,0.731918,-1.172620,1.102212,-1.085231,1.329150,-0.925585,0.337273,-0.808161,0.752515,-1.029501,1.036805,-1.004986,1.225331,-0.909765
C,Right,legacy_asl_C_287,0.019596,0.003435,0.342705,-0.069238,0.654667,-0.316249,0.947105,-0.380925,1.261144,-0.429053,0.184145,-0.966800,0.633043,-1.144307,0.993956,-1.127486,1.258776,-1.024479,0.117356,-0.987719,0.673107,-1.243779,1.022320,-1.147161,1.257249,-0.989189,0.166263,-0.930775,0.659599,-1.232340,1.047585,-1.148413,1.278588,-0.985512,0.261443,-0.837815,0.687191,-1.048068,0.987729,-1.070641,1.177190,-0.984251
C,Right,legacy_asl_C_288,0.000000,0.000000,0.338139,-0.091283,0.634344,-0.289473,0.932743,-0.372051,1.196668,-0.421747,0.153904,-0.942829,0.621101,-1.130897,0.956703,-1.084565,1.195374,-0.990179,0.105991,-0.954661,0.652275,-1.191078,0.999287,-1.102423,1.225045,-0.952046,0.150718,-0.902754,0.642739,-1.163789,1.002863,-1.098872,1.229016,-0.957198,0.282428,-0.793492,0.669869,-1.027392,0.944165,-1.018444,1.130119,-0.936673
C,Right,legacy_asl_C_289,0.000000,0.000000,0.345241,-0.115841,0.640289,-0.340020,0.944830,-0.444346,1.215643,-0.512394,0.100888,-0.988122,0.574032,-1.212466,0.925228,-1.185325,1.178824,-1.102262,0.050423,-0.997412,0.602630,-1.276871,0.968310,-1.206517,1.211999,-1.064537,0.100082,-0.946331,0.594436,-1.247953,0.972243,-1.203055,1.215798,-1.070132,0.243597,-0.841153,0.631105,-1.108087,0.916343,-1.115919,1.114439,-1.042658
C,Right,legacy_asl_C_290,0.002943,0.005990,0.357142,-0.084118,0.655763,-0.284876,0.953735,-0.389169,1.241315,-0.401900,0.180930,-0.963070,0.659089,-1.150116,0.998127,-1.125911,1.212451,-1.040360,0.135006,-0.982014,0.682962,-1.222661,1.027114,-1.163613,1.264029,-0.976096,0.161730,-0.944791,0.668153,-1.206247,1.028508,-1.146002,1.266870,-0.986084,0.299748,-0.820988,0.679196,-1.069440,0.963255,-1.072157,1.160606,-0.996453
C,Right,legacy_asl_C_291,0.000000,0.000000,0.375743,-0.101434,0.704888,-0.321665,1.036472,-0.413426,1.329747,-0.468648,0.171020,-1.047679,0.690173,-1.256662,1.063096,-1.205177,1.328309,-1.100295,0.117778,-1.060827,0.724814,-1.323536,1.110416,-1.225022,1.361280,-1.057921,0.167479,-1.003147,0.714217,-1.293211,1.114390,-1.221076,1.365693,-1.063646,0.313836,-0.881735,0.744364,-1.141646,1.049164,-1.131704,1.255797,-1.040839
C,Right,legacy_asl_C_292,0.000000,0.000000,0.350204,-0.099839,0.655251,-0.310209,0.964268,-0.400417,1.237924,-0.455937,0.146231,-0.982435,0.629193,-1.184780,0.978769,-1.141514,1.228276,-1.046874,0.096246,-0.994037,0.660723,-1.247801,1.022780,-1.160702,1.259680,-1.007663,0.143504,-0.940726,0.651208,-1.219291,1.026550,-1.157062,1.263733,-1.013077,0.282028,-0.829059,0.681405,-1.077886,0.966701,-1.072590,1.161217,-0.990295
C,Right,legacy_asl_C_293,-0.020066,-0.002444,0.435462,0.031081,0.787884,-0.052710,1.071574,-0.120608,1.387656,-0.137884,0.560763,-0.791193,0.887030,-0.991678,1.235541,-1.019375,1.428442,-0.966174,0.528646,-0.867928,0.896118,-1.029915,1.252537,-1.051051,1.472866,-0.955652,0.486478,-0.896596,0.874011,-1.071804,1.189938,-1.079085,1.438638,-1.011563,0.461252,-0.871833,0.787314,-1.084514,1.053492,-1.149666,1.232075,-1.126213
C,Right,legacy_asl_C_294,0.000000,0.000000,0.421913,0.036978,0.776196,-0.059620,1.093195,-0.110343,1.392459,-0.131429,0.556559,-0.797201,0.893216,-1.008296,1.210360,-1.013657,1.458332,-0.977702,0.501713,-0.873479,0.894474,-1.065973,1.241937,-1.055750,1.511320,-0.976647,0.474257,-0.901686,0.862980,-1.088035,1.203017,-1.091776,1.457139,-1.022580,0.475268,-0.891424,0.801501,-1.091401,1.063931,-1.140535,1.268240,-1.115893
C,Right,legacy_asl_C_295,0.000000,0.000000,0.416511,0.050389,0.770427,-0.033680,1.085932,-0.073546,1.382909,-0.084650,0.577060,-0.771101,0.917264,-0.969105,1.231431,-0.964055,1.475764,-0.920360,0.525251,-0.848412,0.920393,-1.026166,1.264068,-1.004699,1.528191,-0.917585,0.498989,-0.877236,0.889933,-1.049038,1.226712,-1.041637,1.476048,-0.964830,0.499654,-0.867043,0.829175,-1.054378,1.090601,-1.094454,1.292074,-1.063384
C,Right,legacy_asl_C_296,-0.007602,-0.012624,0.394828,0.045854,0.759970,-0.077095,1.050207,-0.105842,1.366435,-0.121821,0.565969,-0.789856,0.893265,-1.006623,1.188526,-0.987681,1.434969,-0.972519,0.506119,-0.868091,0.875926,-1.064532,1.213686,-1.029412,1.490261,-0.955341,0.463061,-0.899691,0.841304,-1.062561,1.186334,-1.078516,1.434419,-1.016522,0.471642,-0.891406,0.784374,-1.089835,1.049557,-1.127379,1.252127,-1.089891
C,Right,legacy_asl_C_297,0.000000,0.000000,0.434719,0.038100,0.799756,-0.061430,1.126377,-0.113692,1.434724,-0.135418,0.573452,-0.821398,0.920328,-1.038901,1.247098,-1.044425,1.502597,-1.007379,0.516942,-0.899992,0.921624,-1.098328,1.279633,-1.087795,1.557193,-1.006291,0.488652,-0.929055,0.889174,-1.121060,1.239532,-1.124915,1.501368,-1.053618,0.489693,-0.918482,0.825829,-1.124528,1.096225,-1.175154,1.306735,-1.149763
C,Right,legacy_asl_C_298,0.000000,0.000000,0.419501,0.006245,0.762596,-0.114628,1.072148,-0.187498,1.366305,-0.229816,0.492645,-0.827584,0.810106,-1.060314,1.123057,-1.088378,1.370633,-1.070657,0.432982,-0.899009,0.807208,-1.117388,1.151233,-1.132233,1.423061,-1.073418,0.403831,-0.924907,0.774509,-1.136924,1.110194,-1.165032,1.366233,-1.114910,0.405566,-0.914840,0.713526,-1.135836,0.969278,-1.203221,1.172903,-1.193541
C,Right,legacy_asl_C_299,-0.007488,-0.002666,0.419524,0.053503,0.790769,-0.066907,1.086564,-0.122262,1.396635,-0.136794,0.557517,-0.816983,0.892353,-0.977000,1.219455,-1.015642,1.452637,-0.982084,0.499801,-0.863275,0.866433,-1.047107,1.217772,-1.038924,1.496779,-0.945190,0.482022,-0.888144,0.855453,-1.072121,1.178939,-1.078920,1.454404,-1.007041,0.447156,-0.871285,0.806397,-1.069147,1.056205,-1.124451,1.270917,-1.078529
