label,handedness,timestamp,x0,y0,x1,y1,x2,y2,x3,y3,x4,y4,x5,y5,x6,y6,x7,y7,x8,y8,x9,y9,x10,y10,x11,y11,x12,y12,x13,y13,x14,y14,x15,y15,x16,y16,x17,y17,x18,y18,x19,y19,x20,y20
G,Right,legacy_asl_G_0,0.000000,0.000000,0.310579,-0.345771,0.343638,-0.898404,0.085647,-1.231424,-0.158473,-1.464859,-0.317412,-1.084542,-0.722343,-1.449564,-1.043417,-1.647302,-1.301100,-1.788190,-0.536508,-0.830794,-0.791956,-1.026965,-0.541994,-0.748116,-0.303329,-0.519233,-0.694444,-0.567145,-0.920301,-0.725765,-0.624423,-0.447611,-0.382747,-0.248079,-0.843546,-0.285868,-1.055354,-0.461594,-0.822633,-0.287213,-0.614917,-0.144535
G,Right,legacy_asl_G_1,0.000000,0.000000,0.256441,-0.367762,0.121696,-0.925380,-0.224431,-1.187482,-0.545585,-1.337070,-0.553150,-0.943881,-1.083868,-1.240008,-1.485226,-1.431557,-1.808072,-1.559510,-0.730441,-0.628327,-0.890660,-0.815287,-0.514693,-0.571350,-0.213877,-0.360071,-0.839221,-0.304002,-0.955240,-0.446917,-0.573828,-0.234601,-0.300607,-0.073176,-0.914653,0.044871,-1.058574,-0.120616,-0.754201,-0.019249,-0.532578,0.079671
G,Right,legacy_asl_G_2,0.000000,0.000000,0.221348,-0.364353,0.152943,-0.889658,-0.147702,-1.193906,-0.399670,-1.426435,-0.443278,-0.979156,-0.852277,-1.267569,-1.172768,-1.463071,-1.411874,-1.618979,-0.654554,-0.736714,-0.921105,-0.962016,-0.612396,-0.692140,-0.326257,-0.462764,-0.794211,-0.466584,-0.993306,-0.588915,-0.623636,-0.326373,-0.348352,-0.154050,-0.904819,-0.157372,-1.119517,-0.333210,-0.833508,-0.188310,-0.604504,-0.069191
G,Right,legacy_asl_G_3,0.000000,0.000000,0.251902,-0.309098,0.333275,-0.760246,0.249165,-1.072204,0.119366,-1.307014,-0.278591,-1.061268,-0.581619,-1.405436,-0.834764,-1.591724,-1.050640,-1.702159,-0.481259,-0.863537,-0.633779,-1.116774,-0.383783,-0.944795,-0.185631,-0.767240,-0.639338,-0.616424,-0.726864,-0.824985,-0.455654,-0.593840,-0.278091,-0.394511,-0.777549,-0.333140,-0.876087,-0.557669,-0.626347,-0.414328,-0.452319,-0.259222
G,Right,legacy_asl_G_4,0.000000,0.000000,0.236212,-0.324430,0.125207,-0.860504,-0.181469,-1.154264,-0.431589,-1.400197,-0.507906,-0.947473,-0.938787,-1.300571,-1.283423,-1.520020,-1.563381,-1.682476,-0.704575,-0.659939,-0.854694,-0.817959,-0.497738,-0.559379,-0.211608,-0.365548,-0.821386,-0.358566,-0.894201,-0.479593,-0.530758,-0.260025,-0.284178,-0.116257,-0.903199,-0.034037,-1.015844,-0.188877,-0.720002,-0.058100,-0.515468,0.041627
G,Right,legacy_asl_G_5,0.000000,0.000000,0.203182,-0.332979,0.112959,-0.845402,-0.175991,-1.140206,-0.381171,-1.398481,-0.497295,-0.981031,-0.923529,-1.291211,-1.230563,-1.452822,-1.500530,-1.557257,-0.667449,-0.718778,-0.858517,-0.935358,-0.510946,-0.733359,-0.263605,-0.556551,-0.769913,-0.443280,-0.896162,-0.570415,-0.525054,-0.405843,-0.301046,-0.280347,-0.851650,-0.134144,-0.972276,-0.278276,-0.669211,-0.208346,-0.476281,-0.141320
G,Right,legacy_asl_G_6,0.000000,0.000000,0.250681,-0.308279,0.144016,-0.818226,-0.161454,-1.095764,-0.382225,-1.335038,-0.589027,-0.928360,-1.082619,-1.188169,-1.441743,-1.341158,-1.709838,-1.433680,-0.750408,-0.631066,-1.016457,-0.817936,-0.677738,-0.623371,-0.378865,-0.457422,-0.827842,-0.323954,-1.003951,-0.459471,-0.654020,-0.254151,-0.411357,-0.098685,-0.887858,0.012346,-1.084882,-0.161439,-0.783849,-0.039245,-0.553678,0.070883
G,Right,legacy_asl_G_7,0.000000,0.000000,0.144627,-0.365955,-0.020129,-0.867319,-0.340428,-1.093941,-0.641253,-1.184817,-0.647203,-0.885171,-1.086452,-1.169204,-1.402595,-1.341921,-1.659964,-1.464776,-0.769405,-0.605712,-0.933013,-0.807482,-0.590438,-0.642249,-0.315585,-0.467070,-0.825892,-0.306337,-0.927006,-0.468269,-0.569032,-0.330109,-0.316368,-0.185762,-0.873214,0.024528,-1.013034,-0.162163,-0.731663,-0.115101,-0.516351,-0.023843
G,Right,legacy_asl_G_8,0.000000,0.000000,0.147158,-0.367375,0.105771,-0.861138,-0.112618,-1.130713,-0.418626,-1.238767,-0.582312,-0.940153,-1.012798,-1.189274,-1.338170,-1.306687,-1.599514,-1.391327,-0.732254,-0.645696,-1.070438,-0.758296,-0.802936,-0.601002,-0.530850,-0.490932,-0.807281,-0.355207,-0.962389,-0.348725,-0.629786,-0.198911,-0.406221,-0.144202,-0.844620,-0.068908,-0.964875,-0.107866,-0.677306,-0.003182,-0.487029,0.025070
G,Right,legacy_asl_G_9,0.000000,0.000000,0.270546,-0.345780,0.311632,-0.888958,0.074473,-1.240647,-0.173826,-1.456355,-0.302832,-1.085421,-0.683711,-1.441238,-0.990274,-1.631084,-1.232035,-1.769483,-0.518728,-0.842111,-0.806969,-1.040873,-0.551143,-0.763682,-0.293394,-0.542681,-0.670727,-0.577922,-0.885567,-0.688130,-0.578302,-0.425264,-0.341013,-0.255681,-0.804909,-0.290891,-0.998179,-0.460354,-0.752450,-0.290497,-0.559576,-0.168538
G,Right,legacy_asl_G_10,0.000000,0.000000,0.240807,-0.318936,0.275627,-0.840185,0.008907,-1.123350,-0.296065,-1.203193,-0.351877,-1.013897,-0.691402,-1.348245,-0.957087,-1.566005,-1.171487,-1.724139,-0.574718,-0.792545,-0.671785,-0.987776,-0.391794,-0.698425,-0.164579,-0.443857,-0.725974,-0.553466,-0.760725,-0.679105,-0.465895,-0.411429,-0.263094,-0.210778,-0.861430,-0.284316,-0.874257,-0.414017,-0.603384,-0.234575,-0.420528,-0.100256
G,Right,legacy_asl_G_11,0.000000,0.000000,0.252728,-0.362231,0.189180,-0.910999,-0.117325,-1.241856,-0.380427,-1.447299,-0.421153,-1.006745,-0.833939,-1.338530,-1.158084,-1.545286,-1.406831,-1.707709,-0.626821,-0.754647,-0.902049,-0.974990,-0.573427,-0.700916,-0.277073,-0.472315,-0.762117,-0.483911,-0.967357,-0.606736,-0.582090,-0.349989,-0.310678,-0.173687,-0.883152,-0.183560,-1.079977,-0.351486,-0.778136,-0.206023,-0.548111,-0.089223
G,Right,legacy_asl_G_12,0.000000,0.000000,0.254317,-0.343569,0.293467,-0.921652,0.023985,-1.218905,-0.338837,-1.243254,-0.355087,-1.028895,-0.761547,-1.386687,-1.073218,-1.611183,-1.325197,-1.771952,-0.586906,-0.759715,-0.753365,-0.925529,-0.420934,-0.619070,-0.141722,-0.360152,-0.730759,-0.481950,-0.812981,-0.568970,-0.469070,-0.310535,-0.229834,-0.117328,-0.858629,-0.180314,-0.937257,-0.305195,-0.636652,-0.130282,-0.424368,-0.001803
G,Right,legacy_asl_G_13,0.000000,0.000000,0.274900,-0.351274,0.450964,-0.822508,0.364856,-1.170420,0.177433,-1.412357,-0.057664,-1.135230,-0.311037,-1.516070,-0.537087,-1.719822,-0.722626,-1.880254,-0.299184,-0.951276,-0.531724,-1.142456,-0.380118,-0.852776,-0.211139,-0.620002,-0.490169,-0.729645,-0.693229,-0.871820,-0.502068,-0.592172,-0.334376,-0.392781,-0.652458,-0.484994,-0.836374,-0.641250,-0.672835,-0.446360,-0.519171,-0.297388
G,Right,legacy_asl_G_14,0.000000,0.000000,0.219522,-0.352115,0.173109,-0.857308,-0.080454,-1.142559,-0.274184,-1.386779,-0.452370,-1.003041,-0.871063,-1.350495,-1.173126,-1.545583,-1.417970,-1.695421,-0.638651,-0.752499,-0.853645,-0.965546,-0.571129,-0.704093,-0.324561,-0.488693,-0.767921,-0.485973,-0.928989,-0.634882,-0.614396,-0.385979,-0.384506,-0.213020,-0.881533,-0.191412,-1.048657,-0.383312,-0.782887,-0.232971,-0.576203,-0.108487
G,Right,legacy_asl_G_15,0.000000,0.000000,0.187515,-0.382576,0.051717,-0.876290,-0.236772,-1.164283,-0.453441,-1.392735,-0.527804,-0.951136,-0.968555,-1.171406,-1.274489,-1.290882,-1.529772,-1.382073,-0.699549,-0.672882,-1.000766,-0.833030,-0.680414,-0.625529,-0.431558,-0.460453,-0.781262,-0.377273,-1.004176,-0.463489,-0.636992,-0.275712,-0.397344,-0.175954,-0.808142,-0.083091,-1.031662,-0.186049,-0.756744,-0.078328,-0.552809,-0.012581
G,Right,legacy_asl_G_16,0.000000,0.000000,0.168972,-0.344942,0.186216,-0.801344,-0.026632,-1.061136,-0.225328,-1.280726,-0.410852,-1.001190,-0.704246,-1.327432,-0.933702,-1.521330,-1.121032,-1.675278,-0.590025,-0.798714,-0.764693,-1.052987,-0.506924,-0.805997,-0.284583,-0.580878,-0.723357,-0.558242,-0.848180,-0.753941,-0.561206,-0.508820,-0.358295,-0.312911,-0.848319,-0.276494,-0.983985,-0.516349,-0.751105,-0.378949,-0.573818,-0.226710
G,Right,legacy_asl_G_17,0.000000,0.000000,0.296383,-0.312059,0.275450,-0.825228,0.028668,-1.171654,-0.180887,-1.452959,-0.334716,-1.037796,-0.744784,-1.385474,-1.053668,-1.614308,-1.304790,-1.777412,-0.560654,-0.793798,-0.810551,-0.994749,-0.517939,-0.713735,-0.252904,-0.490029,-0.717549,-0.529276,-0.868910,-0.610098,-0.514587,-0.345365,-0.276051,-0.202170,-0.834952,-0.238578,-0.985754,-0.357461,-0.688047,-0.184193,-0.490870,-0.093069
G,Right,legacy_asl_G_18,0.000000,0.000000,0.190625,-0.376856,0.200828,-0.870124,-0.024836,-1.143145,-0.316705,-1.262334,-0.518108,-0.987965,-0.948744,-1.262095,-1.269725,-1.387240,-1.516477,-1.471453,-0.684280,-0.704777,-1.010137,-0.829034,-0.734583,-0.639540,-0.443933,-0.500451,-0.773539,-0.414266,-0.914724,-0.397629,-0.576632,-0.214071,-0.342693,-0.137284,-0.827353,-0.117938,-0.951905,-0.164758,-0.652516,-0.038767,-0.450330,0.004896
G,Right,legacy_asl_G_19,0.000000,0.000000,0.260757,-0.324787,0.293540,-0.824514,0.108203,-1.127663,-0.052011,-1.360759,-0.366119,-1.043236,-0.741128,-1.369244,-1.019771,-1.553967,-1.254247,-1.675948,-0.548403,-0.818476,-0.719160,-1.017238,-0.453310,-0.810819,-0.258616,-0.664738,-0.677975,-0.563915,-0.808734,-0.686971,-0.526140,-0.491839,-0.349124,-0.368018,-0.798650,-0.281056,-0.917811,-0.431803,-0.665882,-0.297169,-0.498685,-0.198168
G,Right,legacy_asl_G_20,0.000000,0.000000,0.246229,-0.358659,0.221045,-0.866880,-0.078306,-1.157409,-0.403007,-1.278050,-0.419177,-0.944292,-0.826089,-1.290278,-1.144617,-1.513707,-1.396060,-1.687180,-0.624526,-0.682644,-0.777736,-0.890963,-0.452631,-0.612961,-0.176118,-0.364292,-0.758349,-0.405075,-0.837360,-0.509756,-0.475991,-0.245355,-0.223060,-0.053742,-0.885885,-0.113488,-0.947286,-0.236299,-0.633133,-0.066801,-0.417372,0.053619
G,Right,legacy_asl_G_21,0.000000,0.000000,0.295705,-0.294024,0.210253,-0.830328,-0.076199,-1.140001,-0.323713,-1.364384,-0.441603,-1.011432,-0.866140,-1.372775,-1.193616,-1.612953,-1.463397,-1.770351,-0.623540,-0.749645,-0.807713,-0.961118,-0.453875,-0.758444,-0.169567,-0.564644,-0.744639,-0.451674,-0.850349,-0.600475,-0.474037,-0.401240,-0.227148,-0.234606,-0.855104,-0.105871,-0.955256,-0.290763,-0.637419,-0.187616,-0.422455,-0.081323
G,Right,legacy_asl_G_22,0.000000,0.000000,0.187662,-0.332641,0.213417,-0.808559,-0.004445,-1.098194,-0.212980,-1.321688,-0.375087,-1.010919,-0.666927,-1.358226,-0.902838,-1.558410,-1.099271,-1.723972,-0.564455,-0.816365,-0.752289,-1.084245,-0.500545,-0.819691,-0.275326,-0.583910,-0.707215,-0.583577,-0.844607,-0.785814,-0.554886,-0.524991,-0.346701,-0.324098,-0.844634,-0.308339,-0.988976,-0.562207,-0.752805,-0.412848,-0.569692,-0.254590
G,Right,legacy_asl_G_23,0.000000,0.000000,0.234855,-0.391599,0.184100,-0.926718,-0.108335,-1.167206,-0.441376,-1.254327,-0.465332,-0.932120,-0.933499,-1.217060,-1.300178,-1.382415,-1.607446,-1.496229,-0.692563,-0.639116,-0.787105,-0.728385,-0.387279,-0.469730,-0.068721,-0.254608,-0.827158,-0.327857,-0.854198,-0.381201,-0.452378,-0.164730,-0.160768,0.002650,-0.901060,-0.003140,-0.919669,-0.062872,-0.598915,0.068931,-0.371829,0.166603
G,Right,legacy_asl_G_24,0.000000,0.000000,0.172826,-0.371243,0.072846,-0.897801,-0.216023,-1.176243,-0.450963,-1.413149,-0.546078,-0.958743,-0.979698,-1.302734,-1.306496,-1.487537,-1.571264,-1.627726,-0.711677,-0.673923,-0.884551,-0.874935,-0.556516,-0.641238,-0.271175,-0.432802,-0.810585,-0.380860,-0.907420,-0.538625,-0.563935,-0.328804,-0.314033,-0.160346,-0.895241,-0.069024,-1.059865,-0.263407,-0.810048,-0.171309,-0.607801,-0.062844
G,Right,legacy_asl_G_25,0.000000,0.000000,0.227838,-0.358978,0.235347,-0.792638,-0.059058,-0.847515,-0.399394,-0.713511,-0.444373,-0.832971,-0.926835,-1.148977,-1.296713,-1.327704,-1.611265,-1.454275,-0.678838,-0.529935,-0.844278,-0.669891,-0.437991,-0.375809,-0.115127,-0.148599,-0.814485,-0.229684,-0.885174,-0.287950,-0.475307,-0.049146,-0.189165,0.101801,-0.891024,0.062851,-0.937293,0.011594,-0.593774,0.157187,-0.360031,0.233580
G,Right,legacy_asl_G_26,0.000000,0.000000,0.167731,-0.346226,0.015802,-0.847000,-0.307587,-1.078682,-0.600938,-1.224235,-0.631477,-0.885014,-1.070615,-1.173391,-1.397785,-1.348294,-1.654369,-1.476851,-0.773721,-0.581935,-0.952700,-0.744894,-0.568450,-0.542688,-0.263920,-0.368629,-0.833959,-0.270808,-0.931521,-0.393489,-0.536449,-0.223068,-0.276433,-0.079728,-0.876531,0.064910,-1.038781,-0.098779,-0.735597,-0.027146,-0.512172,0.061991
G,Right,legacy_asl_G_27,0.000000,0.000000,0.266045,-0.342408,0.288284,-0.853709,0.101674,-1.167331,-0.125655,-1.382500,-0.308285,-1.056364,-0.763847,-1.469509,-1.103052,-1.695710,-1.391280,-1.857932,-0.535463,-0.787706,-0.791574,-1.025664,-0.482476,-0.765418,-0.216572,-0.555507,-0.683361,-0.506769,-0.777640,-0.585489,-0.434945,-0.354370,-0.213118,-0.224941,-0.793123,-0.215311,-0.882442,-0.323786,-0.566436,-0.150622,-0.374980,-0.055569
G,Right,legacy_asl_G_28,0.000000,0.000000,0.221851,-0.372450,0.233553,-0.942852,-0.035927,-1.240427,-0.344471,-1.315177,-0.398790,-1.009738,-0.798802,-1.339166,-1.095417,-1.537709,-1.337623,-1.676795,-0.604496,-0.752054,-0.720265,-0.905642,-0.402468,-0.608098,-0.156474,-0.364672,-0.743118,-0.501321,-0.813650,-0.576208,-0.499683,-0.325349,-0.281872,-0.151822,-0.861319,-0.232067,-0.918120,-0.334344,-0.637254,-0.160064,-0.443937,-0.041975
G,Right,legacy_asl_G_29,0.000000,0.000000,0.198579,-0.327008,0.150058,-0.829816,-0.063446,-1.130370,-0.320276,-1.274623,-0.442394,-0.984702,-0.828056,-1.282246,-1.117158,-1.501716,-1.353349,-1.648353,-0.629749,-0.740616,-0.761872,-0.921569,-0.437085,-0.704831,-0.189363,-0.502056,-0.755757,-0.453238,-0.820747,-0.579110,-0.488179,-0.397559,-0.278938,-0.243550,-0.867016,-0.144558,-0.926660,-0.293452,-0.653187,-0.174372,-0.474914,-0.063391
G,Right,legacy_asl_G_30,0.000000,0.000000,0.234566,-0.322836,0.286057,-0.838355,0.046512,-1.128879,-0.242085,-1.217550,-0.317511,-1.039695,-0.617332,-1.394622,-0.845664,-1.624636,-1.047911,-1.803620,-0.527240,-0.830341,-0.621987,-1.091881,-0.341686,-0.833736,-0.144397,-0.586535,-0.676089,-0.596828,-0.710453,-0.816764,-0.421297,-0.561528,-0.244705,-0.341510,-0.818899,-0.331497,-0.840763,-0.564595,-0.585297,-0.394407,-0.428046,-0.221277
G,Right,legacy_asl_G_31,0.000000,0.000000,0.232960,-0.363085,0.150834,-0.916124,-0.154307,-1.219212,-0.411697,-1.460545,-0.489759,-0.997713,-0.962449,-1.289594,-1.334927,-1.457090,-1.625530,-1.576044,-0.672355,-0.705298,-0.925605,-0.855109,-0.595496,-0.607888,-0.294368,-0.420202,-0.781693,-0.407195,-0.961162,-0.490365,-0.591027,-0.261788,-0.317948,-0.118774,-0.860424,-0.085471,-1.056224,-0.229695,-0.751284,-0.087519,-0.520337,0.014726
G,Right,legacy_asl_G_32,0.000000,0.000000,0.252492,-0.322201,0.356866,-0.820500,0.191504,-1.133959,0.037320,-1.387933,-0.273167,-1.061218,-0.612065,-1.405286,-0.856065,-1.625287,-1.051448,-1.768279,-0.478103,-0.870349,-0.660298,-1.159698,-0.422186,-0.933425,-0.225740,-0.727544,-0.637804,-0.632146,-0.773682,-0.854333,-0.514769,-0.615476,-0.340991,-0.424282,-0.798401,-0.352212,-0.916797,-0.608125,-0.683576,-0.457341,-0.528125,-0.295949
G,Right,legacy_asl_G_33,0.000000,0.000000,0.149139,-0.323455,0.057137,-0.832856,-0.246350,-1.113191,-0.556063,-1.241269,-0.536956,-0.888037,-0.952168,-1.151664,-1.267350,-1.333835,-1.517129,-1.472190,-0.710933,-0.642643,-0.815473,-0.814552,-0.478189,-0.571117,-0.209783,-0.368357,-0.818202,-0.372940,-0.855669,-0.468603,-0.490757,-0.256339,-0.242409,-0.101673,-0.907909,-0.074603,-0.935497,-0.191243,-0.613860,-0.070083,-0.393691,0.015591
G,Right,legacy_asl_G_34,0.000000,0.000000,0.192983,-0.420363,0.105633,-0.847033,-0.179012,-1.109510,-0.498126,-1.256237,-0.367688,-0.990872,-0.813729,-1.189841,-1.102716,-1.333809,-1.340170,-1.468826,-0.545548,-0.739002,-0.726114,-0.906226,-0.411845,-0.661109,-0.172431,-0.451357,-0.648418,-0.480032,-0.788576,-0.575144,-0.436730,-0.360838,-0.202952,-0.203270,-0.738623,-0.222932,-0.814308,-0.291701,-0.551831,-0.142861,-0.358743,-0.051715
G,Right,legacy_asl_G_35,0.000000,0.000000,0.218838,-0.325299,0.133835,-0.786624,-0.138228,-1.059027,-0.402965,-1.246067,-0.522328,-0.923138,-0.977343,-1.191538,-1.313556,-1.343508,-1.590604,-1.443112,-0.711089,-0.637573,-0.925913,-0.683769,-0.568546,-0.447238,-0.282156,-0.292928,-0.825748,-0.364548,-0.944248,-0.328445,-0.567337,-0.159636,-0.316792,-0.084846,-0.895891,-0.079857,-0.987463,-0.073908,-0.665868,0.024412,-0.450987,0.041023
G,Right,legacy_asl_G_36,0.000000,0.000000,0.189416,-0.393766,0.051223,-0.935013,-0.302065,-1.175163,-0.619996,-1.290176,-0.581011,-0.908006,-1.047645,-1.136725,-1.395409,-1.305060,-1.674202,-1.431593,-0.753158,-0.619100,-0.993866,-0.792171,-0.628372,-0.551577,-0.310671,-0.347535,-0.845770,-0.310373,-1.022530,-0.429086,-0.630535,-0.199376,-0.343409,-0.037622,-0.908929,0.033658,-1.082813,-0.105043,-0.754060,0.023911,-0.506457,0.116550
G,Right,legacy_asl_G_37,0.000000,0.000000,0.136583,-0.348223,-0.046284,-0.841464,-0.370125,-1.067948,-0.632164,-1.234683,-0.632659,-0.812978,-1.055248,-1.004513,-1.403251,-1.106574,-1.678972,-1.174385,-0.802323,-0.537442,-0.831367,-0.520846,-0.478392,-0.349937,-0.195954,-0.233926,-0.886733,-0.248974,-0.872056,-0.198362,-0.511260,-0.073107,-0.244411,0.002128,-0.924327,0.057557,-0.936406,0.055489,-0.639896,0.126081,-0.434302,0.163412
G,Right,legacy_asl_G_38,0.000000,0.000000,0.241016,-0.393810,0.357763,-0.883953,0.223608,-1.193306,0.010210,-1.395375,-0.224011,-1.091019,-0.484201,-1.464150,-0.728544,-1.672366,-0.934814,-1.833607,-0.452833,-0.884270,-0.664724,-1.144417,-0.474852,-0.863915,-0.275524,-0.613494,-0.618634,-0.642923,-0.812769,-0.854732,-0.577221,-0.573774,-0.375535,-0.348881,-0.757531,-0.372578,-0.918562,-0.589791,-0.719654,-0.403784,-0.546109,-0.223520
G,Right,legacy_asl_G_39,0.000000,0.000000,0.265175,-0.350287,0.227931,-0.862707,-0.074532,-1.161681,-0.406093,-1.306963,-0.371746,-0.957156,-0.762072,-1.302772,-1.083204,-1.537964,-1.326472,-1.726299,-0.594929,-0.711541,-0.756082,-0.930325,-0.450174,-0.634327,-0.161400,-0.366322,-0.755185,-0.440819,-0.827247,-0.546688,-0.473929,-0.274361,-0.213789,-0.084730,-0.913008,-0.150061,-0.956972,-0.275860,-0.637494,-0.098630,-0.414605,0.015846
G,Right,legacy_asl_G_40,0.000000,0.000000,0.240555,-0.297847,0.197214,-0.802659,-0.039496,-1.139681,-0.242296,-1.411790,-0.406375,-0.978517,-0.824740,-1.317572,-1.124251,-1.536393,-1.361185,-1.688031,-0.620328,-0.738566,-0.833160,-0.930669,-0.543374,-0.677354,-0.305711,-0.468331,-0.753461,-0.468018,-0.887686,-0.566923,-0.552563,-0.330443,-0.336048,-0.180134,-0.846364,-0.178419,-0.984024,-0.312663,-0.715298,-0.177076,-0.521450,-0.082466
G,Right,legacy_asl_G_41,0.000000,0.000000,0.228050,-0.332652,0.288405,-0.804566,0.182715,-1.087149,-0.011099,-1.282255,-0.328454,-1.038795,-0.564478,-1.306873,-0.628309,-1.402086,-0.645089,-1.413464,-0.541360,-0.834472,-0.757848,-1.089458,-0.507017,-0.905457,-0.302674,-0.735787,-0.709963,-0.586896,-0.885468,-0.790770,-0.610638,-0.584306,-0.425645,-0.417670,-0.847895,-0.301451,-1.005305,-0.512937,-0.758962,-0.373835,-0.587447,-0.238442
G,Right,legacy_asl_G_42,0.000000,0.000000,0.233901,-0.367349,0.213570,-0.885246,-0.046285,-1.154838,-0.366818,-1.295285,-0.500469,-0.967069,-0.977955,-1.230578,-1.333181,-1.383512,-1.621477,-1.488275,-0.686156,-0.657224,-1.016406,-0.746117,-0.684808,-0.530545,-0.375317,-0.394110,-0.778953,-0.352745,-0.942646,-0.333085,-0.586775,-0.145942,-0.331194,-0.073474,-0.823031,-0.054789,-0.974019,-0.085955,-0.660731,0.047923,-0.445426,0.097674
G,Right,legacy_asl_G_43,0.000000,0.000000,0.268638,-0.307361,0.331914,-0.786678,0.156915,-1.100769,0.026974,-1.373222,-0.277416,-1.064426,-0.623403,-1.414312,-0.884079,-1.619806,-1.104083,-1.756803,-0.478674,-0.866230,-0.641739,-1.086507,-0.375565,-0.848553,-0.182725,-0.668085,-0.634200,-0.617846,-0.776460,-0.794265,-0.492169,-0.558815,-0.320405,-0.395518,-0.785089,-0.333381,-0.901726,-0.528516,-0.652217,-0.377334,-0.500987,-0.249834
G,Right,legacy_asl_G_44,0.000000,0.000000,0.154757,-0.327433,0.026812,-0.779647,-0.243725,-1.024951,-0.462640,-1.250166,-0.654234,-0.865993,-1.131621,-1.102478,-1.464135,-1.222171,-1.721124,-1.291937,-0.790285,-0.572029,-1.082543,-0.739495,-0.736040,-0.557076,-0.442263,-0.415742,-0.852086,-0.265804,-1.060575,-0.374542,-0.700488,-0.215815,-0.454869,-0.102034,-0.890631,0.058186,-1.127126,-0.091485,-0.834970,-0.014624,-0.616649,0.064957
G,Right,legacy_asl_G_45,0.000000,0.000000,0.223813,-0.333431,0.280196,-0.783290,0.204898,-1.090722,0.071460,-1.329667,-0.329933,-1.032080,-0.558002,-1.315886,-0.424761,-1.237606,-0.233267,-1.080740,-0.537155,-0.840624,-0.739041,-1.131983,-0.517039,-0.941561,-0.317665,-0.745207,-0.709869,-0.600673,-0.853277,-0.838505,-0.588222,-0.619384,-0.397264,-0.414889,-0.856008,-0.328432,-1.009023,-0.554238,-0.775446,-0.436669,-0.592825,-0.291515
G,Right,legacy_asl_G_46,0.000000,0.000000,0.181832,-0.352585,0.037139,-0.861080,-0.285939,-1.096066,-0.595098,-1.231369,-0.616490,-0.897499,-1.098681,-1.182994,-1.462585,-1.362362,-1.752282,-1.487638,-0.771523,-0.595421,-1.033652,-0.762676,-0.672776,-0.563692,-0.350751,-0.393373,-0.846568,-0.283905,-1.021850,-0.396235,-0.624668,-0.208007,-0.335727,-0.065497,-0.890724,0.054621,-1.100726,-0.103178,-0.796571,-0.011574,-0.563060,0.083071
G,Right,legacy_asl_G_47,0.000000,0.000000,0.250846,-0.332423,0.104277,-0.920412,-0.245871,-1.241268,-0.556086,-1.417249,-0.530911,-0.938574,-0.910063,-1.205556,-1.174762,-1.389394,-1.361046,-1.544344,-0.725161,-0.654488,-0.994257,-0.853242,-0.645371,-0.647334,-0.323664,-0.450025,-0.829206,-0.347902,-0.947764,-0.435295,-0.543985,-0.243039,-0.257819,-0.097255,-0.905197,-0.027068,-1.026484,-0.146878,-0.685797,-0.014887,-0.435595,0.092950
G,Right,legacy_asl_G_48,0.000000,0.000000,0.225507,-0.362064,0.152791,-0.849236,-0.132913,-1.140072,-0.385529,-1.339649,-0.496413,-0.976944,-0.967914,-1.257839,-1.302063,-1.400978,-1.574357,-1.493844,-0.676841,-0.687559,-0.892958,-0.770372,-0.550341,-0.522546,-0.284330,-0.379208,-0.777411,-0.396148,-0.924991,-0.407825,-0.567198,-0.220391,-0.324336,-0.142223,-0.836771,-0.100062,-0.951494,-0.118485,-0.652381,-0.011850,-0.438029,0.009886
G,Right,legacy_asl_G_49,0.000000,0.000000,0.149827,-0.412295,-0.063806,-0.900011,-0.438477,-1.099862,-0.742027,-1.254736,-0.692639,-0.825021,-1.252521,-0.969594,-1.664176,-1.003993,-1.985281,-1.013670,-0.815357,-0.491130,-0.988246,-0.478030,-0.602235,-0.288801,-0.266185,-0.179323,-0.873850,-0.185135,-0.960878,-0.143059,-0.590217,-0.015477,-0.297500,0.032811,-0.887964,0.109051,-1.011290,0.139716,-0.721635,0.199817,-0.490538,0.206458
G,Right,legacy_asl_G_50,0.000000,0.000000,0.223104,-0.334018,0.163886,-0.857572,-0.091125,-1.155275,-0.341598,-1.380224,-0.455591,-0.981330,-0.839649,-1.363160,-1.144389,-1.610511,-1.399477,-1.808266,-0.640772,-0.739873,-0.804784,-1.010138,-0.497322,-0.748085,-0.235167,-0.507031,-0.768957,-0.463060,-0.870694,-0.680214,-0.536281,-0.421645,-0.302146,-0.214444,-0.879653,-0.157879,-1.013476,-0.419428,-0.737073,-0.273229,-0.533874,-0.116056
G,Right,legacy_asl_G_51,0.000000,0.000000,0.270603,-0.305936,0.332766,-0.842430,0.065057,-1.111517,-0.261983,-1.148589,-0.323943,-1.029818,-0.680581,-1.388351,-0.956877,-1.619884,-1.188154,-1.792618,-0.540342,-0.800278,-0.647253,-1.016457,-0.352380,-0.720016,-0.127638,-0.466709,-0.691462,-0.550185,-0.743785,-0.703382,-0.429528,-0.437821,-0.221581,-0.231603,-0.836933,-0.266469,-0.860813,-0.434339,-0.571960,-0.256151,-0.382088,-0.111351
G,Right,legacy_asl_G_52,0.000000,0.000000,0.333659,-0.374504,0.564500,-0.896847,0.380580,-1.211230,0.052830,-1.281473,-0.075920,-1.139748,-0.416564,-1.548594,-0.714810,-1.797760,-0.950700,-1.974210,-0.358521,-0.916222,-0.631562,-1.091795,-0.418908,-0.738975,-0.179218,-0.453531,-0.555496,-0.684552,-0.766059,-0.741784,-0.524231,-0.422318,-0.307608,-0.211937,-0.725198,-0.434181,-0.888931,-0.529723,-0.676973,-0.296842,-0.475989,-0.146371
G,Right,legacy_asl_G_53,0.000000,0.000000,0.209071,-0.364670,0.190701,-0.888881,-0.056725,-1.190330,-0.239893,-1.456932,-0.415741,-1.045535,-0.838851,-1.389499,-1.151651,-1.563334,-1.407456,-1.691186,-0.597288,-0.777251,-0.818253,-0.942647,-0.512687,-0.672016,-0.258553,-0.480727,-0.723339,-0.509187,-0.911275,-0.631007,-0.564189,-0.380491,-0.321390,-0.232039,-0.833451,-0.221232,-1.011370,-0.380411,-0.727514,-0.216004,-0.514456,-0.106195
G,Right,legacy_asl_G_54,0.000000,0.000000,0.159091,-0.404324,-0.049697,-0.936399,-0.407571,-1.193443,-0.692562,-1.395474,-0.688787,-0.868107,-1.215048,-1.047988,-1.598397,-1.133227,-1.885676,-1.176620,-0.813190,-0.530427,-1.088390,-0.550255,-0.714713,-0.346227,-0.388710,-0.225021,-0.861858,-0.224023,-1.031903,-0.190842,-0.637445,-0.044259,-0.350868,0.008701,-0.867742,0.079760,-1.067538,0.066153,-0.753674,0.149069,-0.518776,0.163477
G,Right,legacy_asl_G_55,0.000000,0.000000,0.193612,-0.407499,0.298530,-0.894903,0.167239,-1.202198,-0.069637,-1.377832,-0.285539,-1.088230,-0.609350,-1.435431,-0.875050,-1.619656,-1.090596,-1.755887,-0.493141,-0.858075,-0.719189,-1.020859,-0.509128,-0.767060,-0.302448,-0.560547,-0.642611,-0.606427,-0.832653,-0.711785,-0.574639,-0.478054,-0.364277,-0.308434,-0.766590,-0.336926,-0.928253,-0.467592,-0.712303,-0.308893,-0.527752,-0.179292
G,Right,legacy_asl_G_56,0.000000,0.000000,0.124829,-0.321364,0.035836,-0.797540,-0.254194,-1.007577,-0.541900,-1.041105,-0.541186,-0.855323,-0.870704,-1.146378,-1.129019,-1.331030,-1.347157,-1.471979,-0.729598,-0.632513,-0.677843,-0.796842,-0.365887,-0.565085,-0.154769,-0.356245,-0.839203,-0.396814,-0.734722,-0.515495,-0.426655,-0.333687,-0.227761,-0.176664,-0.915971,-0.136779,-0.826879,-0.281364,-0.553452,-0.179444,-0.383086,-0.083237
G,Right,legacy_asl_G_57,0.000000,0.000000,0.227208,-0.403585,0.080263,-0.951150,-0.285017,-1.178562,-0.618148,-1.289060,-0.603805,-0.896295,-1.105483,-1.120715,-1.502767,-1.278886,-1.815818,-1.386570,-0.777660,-0.610058,-1.054514,-0.834057,-0.676450,-0.599625,-0.335228,-0.382355,-0.881894,-0.296952,-1.079122,-0.457077,-0.667125,-0.229948,-0.373287,-0.062088,-0.957438,0.067213,-1.140687,-0.114786,-0.776503,0.012514,-0.501391,0.111549
G,Right,legacy_asl_G_58,0.000000,0.000000,0.215313,-0.367376,0.149566,-0.849982,-0.108302,-1.102886,-0.359404,-1.271670,-0.481084,-0.972592,-0.923698,-1.305233,-1.205517,-1.468892,-1.451620,-1.584385,-0.653615,-0.722901,-0.791980,-0.886145,-0.455470,-0.670871,-0.210440,-0.491930,-0.774456,-0.462533,-0.842023,-0.542315,-0.506264,-0.366312,-0.289832,-0.242424,-0.863961,-0.194781,-0.931034,-0.276987,-0.652209,-0.182174,-0.472883,-0.112877
G,Right,legacy_asl_G_59,0.000000,0.000000,0.261885,-0.374590,0.174630,-0.935000,-0.171383,-1.185871,-0.493825,-1.311090,-0.500771,-0.968438,-1.007974,-1.255282,-1.396762,-1.446376,-1.707117,-1.581162,-0.695023,-0.686612,-0.950715,-0.928204,-0.593936,-0.661746,-0.272317,-0.421442,-0.826772,-0.381991,-1.012657,-0.557397,-0.622241,-0.291206,-0.334286,-0.097968,-0.943962,-0.035682,-1.112932,-0.226004,-0.771375,-0.068228,-0.507611,0.051034
G,Right,legacy_asl_G_60,0.000000,0.000000,0.281449,-0.416280,0.434811,-0.933579,0.287085,-1.269758,0.067924,-1.470117,-0.153378,-1.128219,-0.450221,-1.497084,-0.703598,-1.700113,-0.902639,-1.842899,-0.387220,-0.920702,-0.671331,-1.167174,-0.510833,-0.905075,-0.318295,-0.687316,-0.561328,-0.683731,-0.818031,-0.860964,-0.616404,-0.602177,-0.427113,-0.416344,-0.707691,-0.417743,-0.920755,-0.588743,-0.737626,-0.419013,-0.563259,-0.282950
G,Right,legacy_asl_G_61,0.000000,0.000000,0.160668,-0.397095,0.139253,-0.878003,-0.078967,-1.140143,-0.380383,-1.253044,-0.549999,-0.957260,-0.961274,-1.215682,-1.270229,-1.335405,-1.529639,-1.415255,-0.703181,-0.679223,-1.059505,-0.796633,-0.772972,-0.637823,-0.483076,-0.517737,-0.779436,-0.400873,-0.920730,-0.383172,-0.575968,-0.234950,-0.352627,-0.178825,-0.819740,-0.121115,-0.926753,-0.144050,-0.631102,-0.047701,-0.438779,-0.028362
G,Right,legacy_asl_G_62,0.000000,0.000000,0.256887,-0.408395,0.453875,-0.864140,0.372861,-1.266585,0.195495,-1.534770,0.012522,-1.149607,-0.211632,-1.558994,-0.444198,-1.757961,-0.630283,-1.899469,-0.237476,-0.970058,-0.575109,-1.182356,-0.458997,-0.886146,-0.280873,-0.663021,-0.422098,-0.774786,-0.715645,-0.850172,-0.553384,-0.590886,-0.369262,-0.430620,-0.568619,-0.567728,-0.817810,-0.635688,-0.676383,-0.448237,-0.499910,-0.340017
G,Right,legacy_asl_G_63,0.000000,0.000000,0.205556,-0.383628,0.203436,-0.838557,0.046148,-1.084739,-0.180898,-1.176139,-0.440041,-1.020039,-0.801120,-1.344425,-1.040646,-1.497859,-1.248982,-1.601126,-0.587317,-0.787521,-0.746179,-0.938524,-0.482341,-0.727295,-0.273370,-0.560841,-0.689090,-0.533461,-0.816675,-0.656501,-0.535816,-0.464596,-0.333705,-0.313448,-0.765190,-0.260398,-0.883386,-0.393048,-0.636946,-0.280429,-0.446088,-0.175983
G,Right,legacy_asl_G_64,0.000000,0.000000,0.240715,-0.324353,0.138525,-0.830404,-0.153581,-1.106737,-0.437038,-1.290003,-0.529960,-0.951739,-0.971055,-1.249609,-1.315930,-1.437622,-1.591688,-1.562187,-0.714476,-0.657377,-0.961235,-0.823061,-0.605788,-0.599922,-0.312368,-0.429960,-0.817881,-0.352467,-0.964573,-0.449125,-0.585369,-0.266692,-0.330906,-0.141415,-0.897862,-0.016600,-1.048859,-0.152533,-0.735143,-0.054714,-0.517678,0.021040
G,Right,legacy_asl_G_65,0.000000,0.000000,0.190929,-0.361648,0.133050,-0.887339,-0.147989,-1.175631,-0.358389,-1.425002,-0.454320,-1.009420,-0.896533,-1.363176,-1.230266,-1.570525,-1.490191,-1.723495,-0.647355,-0.734886,-0.886539,-0.924540,-0.569977,-0.655002,-0.286663,-0.449463,-0.767028,-0.450023,-0.928745,-0.565331,-0.586017,-0.320572,-0.344850,-0.167198,-0.867218,-0.138344,-1.041259,-0.312798,-0.753147,-0.150841,-0.547225,-0.032098
G,Right,legacy_asl_G_66,0.000000,0.000000,0.183149,-0.353421,0.013366,-0.848159,-0.323080,-1.066277,-0.606441,-1.189227,-0.635766,-0.897689,-1.081245,-1.190792,-1.403874,-1.361455,-1.661568,-1.487750,-0.766703,-0.606138,-0.958033,-0.819241,-0.608288,-0.643238,-0.319091,-0.464809,-0.828980,-0.300811,-0.941587,-0.465073,-0.561269,-0.302373,-0.301002,-0.150903,-0.883812,0.035439,-1.023863,-0.161175,-0.720207,-0.100077,-0.494586,-0.006425
G,Right,legacy_asl_G_67,0.000000,0.000000,0.262042,-0.286444,0.314113,-0.770517,0.148587,-1.074387,0.021658,-1.340737,-0.286386,-1.054025,-0.657535,-1.406842,-0.945644,-1.653963,-1.188293,-1.825913,-0.502061,-0.850793,-0.681425,-1.121857,-0.415318,-0.886689,-0.205419,-0.684113,-0.669691,-0.599186,-0.805040,-0.810678,-0.526830,-0.542219,-0.344535,-0.346484,-0.822983,-0.304596,-0.942959,-0.529725,-0.691813,-0.350038,-0.522591,-0.191948
G,Right,legacy_asl_G_68,0.000000,0.000000,0.211529,-0.408403,0.220329,-0.964814,-0.062015,-1.266300,-0.374878,-1.328053,-0.413789,-0.998454,-0.831929,-1.309542,-1.143029,-1.472748,-1.400676,-1.584404,-0.621620,-0.740183,-0.776775,-0.795112,-0.462889,-0.549378,-0.199443,-0.354365,-0.753825,-0.507702,-0.814456,-0.472059,-0.502210,-0.274160,-0.272881,-0.134717,-0.863852,-0.265045,-0.886408,-0.271233,-0.618567,-0.111039,-0.416524,-0.017098
G,Right,legacy_asl_G_69,0.000000,0.000000,0.310059,-0.329923,0.307292,-0.874741,0.027125,-1.208486,-0.217033,-1.432303,-0.354418,-1.056129,-0.777951,-1.398066,-1.109497,-1.596722,-1.371515,-1.731707,-0.574970,-0.800974,-0.851245,-1.016481,-0.543159,-0.750312,-0.270568,-0.526621,-0.728754,-0.519266,-0.959856,-0.679328,-0.612685,-0.417366,-0.361706,-0.228752,-0.872746,-0.201320,-1.085898,-0.407941,-0.819011,-0.251794,-0.612327,-0.108069
G,Right,legacy_asl_G_70,0.000000,0.000000,0.134713,-0.328075,0.040890,-0.820471,-0.261540,-1.042824,-0.553241,-1.090731,-0.534417,-0.871468,-0.872073,-1.160590,-1.141683,-1.344909,-1.364261,-1.492058,-0.729174,-0.638741,-0.686404,-0.839759,-0.366123,-0.602952,-0.138336,-0.385540,-0.842759,-0.399296,-0.722466,-0.543163,-0.406573,-0.339155,-0.209607,-0.167064,-0.927691,-0.133997,-0.826662,-0.311927,-0.547332,-0.197969,-0.380978,-0.089215
G,Right,legacy_asl_G_71,0.000000,0.000000,0.228318,-0.325314,0.222524,-0.826470,0.075541,-1.168413,-0.128108,-1.411735,-0.321719,-1.051821,-0.778617,-1.447616,-1.122157,-1.681401,-1.413527,-1.847525,-0.544829,-0.781587,-0.801025,-0.995682,-0.485834,-0.742113,-0.217396,-0.541608,-0.691983,-0.489092,-0.793607,-0.560797,-0.454715,-0.322372,-0.236333,-0.189361,-0.802013,-0.182579,-0.896718,-0.287356,-0.597992,-0.122314,-0.414724,-0.030760
G,Right,legacy_asl_G_72,0.000000,0.000000,0.289262,-0.411446,0.415402,-0.903890,0.228750,-1.227777,0.023628,-1.475946,-0.204120,-1.121981,-0.518148,-1.490910,-0.788847,-1.691379,-1.011599,-1.835053,-0.448525,-0.891398,-0.712718,-1.101690,-0.517792,-0.825633,-0.314439,-0.596287,-0.625873,-0.634396,-0.869858,-0.794161,-0.634610,-0.525441,-0.432498,-0.333984,-0.769452,-0.356428,-0.990176,-0.521434,-0.787288,-0.349993,-0.602609,-0.214204
G,Right,legacy_asl_G_73,0.000000,0.000000,0.258721,-0.357514,0.427682,-0.795882,0.355081,-1.133257,0.181506,-1.382625,-0.072475,-1.116899,-0.310403,-1.507335,-0.526351,-1.716538,-0.708733,-1.881210,-0.312294,-0.942921,-0.521901,-1.161193,-0.381301,-0.873494,-0.227658,-0.632536,-0.498070,-0.729653,-0.682626,-0.884155,-0.494033,-0.602024,-0.331110,-0.400035,-0.650261,-0.491738,-0.813656,-0.656564,-0.646847,-0.454732,-0.495951,-0.293326
G,Right,legacy_asl_G_74,0.000000,0.000000,0.265952,-0.309191,0.294510,-0.874154,0.037869,-1.220474,-0.319789,-1.302125,-0.327174,-1.028201,-0.760099,-1.390429,-1.109396,-1.615572,-1.383984,-1.782004,-0.562833,-0.762638,-0.766184,-0.923574,-0.458258,-0.604947,-0.167184,-0.348733,-0.717073,-0.487641,-0.835579,-0.565527,-0.503811,-0.281183,-0.246738,-0.087243,-0.853913,-0.190073,-0.948760,-0.295675,-0.650225,-0.093540,-0.428846,0.035675
G,Right,legacy_asl_G_75,0.000000,0.000000,0.199346,-0.370875,0.091410,-0.904359,-0.238564,-1.157460,-0.591283,-1.201513,-0.556560,-0.923734,-1.032424,-1.196649,-1.378422,-1.356273,-1.660952,-1.468233,-0.720762,-0.626964,-0.914105,-0.808686,-0.551235,-0.581401,-0.251613,-0.383203,-0.814133,-0.330677,-0.941867,-0.468281,-0.554439,-0.270819,-0.283772,-0.115570,-0.889403,-0.010711,-1.012191,-0.159091,-0.687474,-0.071022,-0.456341,0.014049
G,Right,legacy_asl_G_76,0.000000,0.000000,0.196240,-0.400868,0.082891,-0.922714,-0.259993,-1.160219,-0.573492,-1.271349,-0.581544,-0.926926,-1.060722,-1.176242,-1.424278,-1.340880,-1.705684,-1.456735,-0.735655,-0.639115,-0.959626,-0.833291,-0.595400,-0.587014,-0.283645,-0.381697,-0.819270,-0.342484,-0.985614,-0.468928,-0.602431,-0.255510,-0.325934,-0.104608,-0.890389,-0.011618,-1.032744,-0.163068,-0.697764,-0.042630,-0.451821,0.048506
G,Right,legacy_asl_G_77,0.000000,0.000000,0.222597,-0.301235,0.261175,-0.740676,0.142620,-1.007770,0.016493,-1.220317,-0.328235,-1.026676,-0.633544,-1.346272,-0.868002,-1.543758,-1.069687,-1.674522,-0.514512,-0.843946,-0.626838,-1.076173,-0.384450,-0.894235,-0.215490,-0.720276,-0.666795,-0.607143,-0.779645,-0.812351,-0.511212,-0.611356,-0.332981,-0.431180,-0.799769,-0.328043,-0.902162,-0.526059,-0.657691,-0.395651,-0.489332,-0.250751
G,Right,legacy_asl_G_78,0.000000,0.000000,0.225930,-0.342773,0.177275,-0.874231,-0.120886,-1.165396,-0.329885,-1.388112,-0.443230,-0.998504,-0.862022,-1.338940,-1.175615,-1.541504,-1.423033,-1.693709,-0.638776,-0.752512,-0.870643,-0.962610,-0.548235,-0.686390,-0.278437,-0.463362,-0.768498,-0.484350,-0.956061,-0.628372,-0.590612,-0.370324,-0.335065,-0.191874,-0.886475,-0.177272,-1.088882,-0.382605,-0.810593,-0.245283,-0.598841,-0.120554
G,Right,legacy_asl_G_79,0.000000,0.000000,0.181144,-0.388350,0.075361,-0.947180,-0.253689,-1.190190,-0.588524,-1.236570,-0.570899,-0.939318,-1.034355,-1.214610,-1.367927,-1.382332,-1.628714,-1.502226,-0.729254,-0.642398,-0.909278,-0.845233,-0.538194,-0.599801,-0.233440,-0.374096,-0.819348,-0.351132,-0.944406,-0.495759,-0.561328,-0.292666,-0.289815,-0.125307,-0.895388,-0.032852,-1.027576,-0.201289,-0.713453,-0.105985,-0.477907,-0.005545
G,Right,legacy_asl_G_80,0.000000,0.000000,0.174213,-0.378646,-0.016193,-0.884284,-0.357748,-1.135137,-0.671997,-1.295061,-0.662574,-0.867549,-1.188727,-1.112773,-1.576868,-1.248895,-1.887776,-1.334602,-0.801438,-0.544622,-1.002327,-0.691147,-0.593251,-0.494406,-0.264667,-0.328669,-0.869596,-0.226735,-1.002225,-0.338177,-0.597409,-0.176146,-0.312798,-0.048751,-0.911610,0.110263,-1.081760,-0.025243,-0.770484,0.043516,-0.538468,0.115313
G,Right,legacy_asl_G_81,0.000000,0.000000,0.259284,-0.341674,0.309702,-0.857182,0.071441,-1.192941,-0.154077,-1.438410,-0.311240,-1.060144,-0.699274,-1.432192,-1.015758,-1.633373,-1.270590,-1.778155,-0.525933,-0.827847,-0.786954,-0.949060,-0.541522,-0.672578,-0.295321,-0.471679,-0.675222,-0.583530,-0.865399,-0.643241,-0.584974,-0.380204,-0.357713,-0.223268,-0.801654,-0.318898,-0.973246,-0.416876,-0.741538,-0.245495,-0.547427,-0.146505
G,Right,legacy_asl_G_82,0.009503,0.025459,0.311476,-0.362753,0.385282,-0.913257,0.091526,-1.237701,-0.143960,-1.444354,-0.322824,-1.071545,-0.721319,-1.466871,-1.062597,-1.643005,-1.281017,-1.772924,-0.533642,-0.840899,-0.769096,-1.000518,-0.522861,-0.759579,-0.308969,-0.513864,-0.674219,-0.565506,-0.887243,-0.758967,-0.621533,-0.455359,-0.382720,-0.271149,-0.861690,-0.283690,-1.047305,-0.461093,-0.806203,-0.281648,-0.612200,-0.133085
G,Right,legacy_asl_G_83,0.000000,0.000000,0.331289,-0.368828,0.366553,-0.958312,0.091358,-1.313538,-0.169040,-1.562539,-0.338577,-1.156862,-0.770510,-1.546224,-1.112995,-1.757148,-1.387860,-1.907430,-0.572284,-0.886193,-0.844766,-1.095446,-0.578135,-0.798002,-0.323556,-0.553857,-0.740752,-0.604964,-0.981669,-0.774160,-0.666061,-0.477459,-0.408269,-0.264621,-0.899795,-0.304930,-1.125728,-0.492374,-0.877488,-0.306365,-0.655921,-0.154173
G,Right,legacy_asl_G_84,0.000000,0.000000,0.298034,-0.356640,0.311339,-0.910102,0.041621,-1.233697,-0.210679,-1.458266,-0.355936,-1.072516,-0.773642,-1.422846,-1.101573,-1.608994,-1.364122,-1.740590,-0.565832,-0.811107,-0.828122,-0.998032,-0.568361,-0.728286,-0.321676,-0.508071,-0.714253,-0.541987,-0.945630,-0.692440,-0.640008,-0.425029,-0.391361,-0.234254,-0.853215,-0.255565,-1.071163,-0.423616,-0.832364,-0.257656,-0.619685,-0.122486
G,Right,legacy_asl_G_85,0.002186,0.015455,0.306571,-0.371236,0.315211,-0.884282,0.072831,-1.257876,-0.153473,-1.445830,-0.324507,-1.089559,-0.754947,-1.446245,-1.006785,-1.640343,-1.295297,-1.801881,-0.551901,-0.838343,-0.776928,-1.014454,-0.502238,-0.746942,-0.318420,-0.525088,-0.695980,-0.542309,-0.929565,-0.716660,-0.616562,-0.438946,-0.397401,-0.269777,-0.812731,-0.276405,-1.091989,-0.478840,-0.839799,-0.276646,-0.620398,-0.137724
G,Right,legacy_asl_G_86,0.000000,0.000000,0.291184,-0.324178,0.322178,-0.842299,0.080298,-1.154522,-0.148576,-1.373379,-0.297589,-1.016813,-0.677233,-1.359039,-0.978256,-1.544429,-1.219847,-1.676518,-0.503003,-0.778911,-0.742499,-0.962832,-0.508146,-0.701397,-0.284386,-0.486808,-0.651077,-0.531727,-0.862829,-0.680441,-0.585428,-0.419658,-0.358845,-0.232586,-0.790867,-0.268016,-0.989448,-0.432768,-0.771260,-0.269277,-0.576515,-0.135509
G,Right,legacy_asl_G_87,0.000000,0.000000,0.280851,-0.370324,0.267990,-0.923796,-0.016716,-1.234285,-0.279345,-1.446683,-0.406213,-1.054501,-0.840006,-1.384703,-1.176366,-1.555148,-1.444840,-1.674193,-0.603524,-0.783466,-0.874353,-0.957789,-0.602137,-0.700618,-0.345323,-0.492305,-0.739064,-0.507633,-0.977291,-0.646986,-0.659375,-0.394315,-0.401992,-0.215501,-0.864338,-0.214966,-1.089982,-0.372531,-0.843609,-0.218039,-0.624781,-0.093069
G,Right,legacy_asl_G_88,0.000295,-0.011834,0.299668,-0.326798,0.334079,-0.909040,0.089767,-1.232165,-0.179815,-1.471206,-0.327961,-1.099913,-0.723712,-1.452270,-1.045710,-1.658796,-1.282153,-1.766664,-0.521807,-0.819336,-0.830606,-1.013602,-0.522072,-0.749366,-0.297048,-0.531145,-0.666718,-0.569419,-0.914707,-0.735934,-0.653138,-0.428916,-0.367881,-0.225635,-0.850712,-0.260375,-1.063025,-0.428029,-0.839591,-0.284818,-0.637858,-0.122175
G,Right,legacy_asl_G_89,0.000000,0.000000,0.324860,-0.361669,0.359439,-0.939713,0.089585,-1.288044,-0.165760,-1.532213,-0.332006,-1.134409,-0.755556,-1.516215,-1.091393,-1.723045,-1.360924,-1.870410,-0.561177,-0.868994,-0.828370,-1.074185,-0.566914,-0.782514,-0.317276,-0.543108,-0.726375,-0.593222,-0.962617,-0.759135,-0.653134,-0.468193,-0.400346,-0.259485,-0.882332,-0.299012,-1.103879,-0.482818,-0.860458,-0.300419,-0.643190,-0.151181
G,Right,legacy_asl_G_90,0.000000,0.000000,0.299691,-0.355250,0.315571,-0.908643,0.047362,-1.233490,-0.203890,-1.459231,-0.350941,-1.074161,-0.767013,-1.426431,-1.094073,-1.614103,-1.356008,-1.746919,-0.562051,-0.813731,-0.823468,-1.001875,-0.564966,-0.730923,-0.319308,-0.509563,-0.711723,-0.545304,-0.942397,-0.696833,-0.638023,-0.428003,-0.390267,-0.236072,-0.852017,-0.259532,-1.069180,-0.428596,-0.831156,-0.261526,-0.619109,-0.125368
G,Right,legacy_asl_G_91,-0.024044,-0.002115,0.272896,-0.386201,0.130687,-0.917373,-0.218959,-1.197466,-0.551931,-1.340791,-0.532778,-0.952035,-1.079670,-1.258274,-1.483730,-1.412257,-1.845701,-1.583222,-0.760477,-0.620551,-0.921445,-0.802275,-0.542189,-0.557348,-0.211557,-0.347456,-0.805682,-0.319461,-0.947625,-0.479881,-0.579742,-0.239608,-0.292242,-0.086990,-0.931789,0.034628,-1.061784,-0.132872,-0.773064,-0.031152,-0.548023,0.091360
G,Right,legacy_asl_G_92,0.000000,0.000000,0.245006,-0.351363,0.116269,-0.884117,-0.214423,-1.134531,-0.521257,-1.277449,-0.528484,-0.901793,-1.035537,-1.184715,-1.418998,-1.367722,-1.727448,-1.489970,-0.697870,-0.600309,-0.850944,-0.778933,-0.491742,-0.545873,-0.204340,-0.344015,-0.801800,-0.290446,-0.912645,-0.426989,-0.548240,-0.224140,-0.287203,-0.069913,-0.873867,0.042870,-1.011371,-0.115237,-0.720571,-0.018390,-0.508830,0.076118
G,Right,legacy_asl_G_93,0.000000,0.000000,0.286527,-0.344838,0.199263,-0.911830,-0.123539,-1.202173,-0.430942,-1.378300,-0.471621,-0.987147,-0.975491,-1.326955,-1.359274,-1.551652,-1.670186,-1.706363,-0.674880,-0.687660,-0.818770,-0.887460,-0.464702,-0.612700,-0.182766,-0.376817,-0.810610,-0.373658,-0.914169,-0.525844,-0.552011,-0.282134,-0.293369,-0.098254,-0.915180,-0.032385,-1.044640,-0.209414,-0.749895,-0.082752,-0.537398,0.034496
G,Right,legacy_asl_G_94,0.000961,0.023653,0.257379,-0.356056,0.137817,-0.911215,-0.197926,-1.188560,-0.538994,-1.336627,-0.551625,-0.951671,-1.067758,-1.228628,-1.510409,-1.402799,-1.801620,-1.557373,-0.711899,-0.607663,-0.888405,-0.832108,-0.514381,-0.560972,-0.239416,-0.350737,-0.851469,-0.311570,-0.943026,-0.488579,-0.567726,-0.247865,-0.315009,-0.067484,-0.895226,0.027773,-1.055376,-0.119399,-0.764428,-0.035793,-0.550784,0.096322
G,Right,legacy_asl_G_95,0.000000,0.000000,0.266199,-0.381756,0.126327,-0.960592,-0.232971,-1.232666,-0.566345,-1.387947,-0.574198,-0.979797,-1.125110,-1.287191,-1.541740,-1.486029,-1.876871,-1.618850,-0.758235,-0.652235,-0.924550,-0.846310,-0.534277,-0.593090,-0.222015,-0.373772,-0.871154,-0.315570,-0.991587,-0.463923,-0.595662,-0.243527,-0.312045,-0.075961,-0.949456,0.046578,-1.098854,-0.125205,-0.782899,-0.019981,-0.552843,0.082702
G,Right,legacy_asl_G_96,0.000000,0.000000,0.249693,-0.372376,0.104805,-0.927445,-0.246043,-1.183192,-0.569871,-1.326901,-0.570266,-0.933640,-1.106295,-1.220042,-1.511078,-1.404241,-1.836204,-1.526287,-0.741775,-0.614906,-0.905376,-0.798914,-0.525023,-0.561871,-0.220406,-0.356112,-0.844624,-0.288652,-0.963229,-0.429427,-0.578010,-0.224100,-0.301891,-0.067684,-0.913683,0.061539,-1.060597,-0.101297,-0.754427,-0.005495,-0.531037,0.089367
G,Right,legacy_asl_G_97,-0.014196,0.002517,0.256719,-0.350546,0.115789,-0.929126,-0.225479,-1.195614,-0.542460,-1.348964,-0.561972,-0.924731,-1.092127,-1.258165,-1.478574,-1.441289,-1.788454,-1.572077,-0.729789,-0.638803,-0.884501,-0.782275,-0.530995,-0.565122,-0.229538,-0.371315,-0.837399,-0.311262,-0.969023,-0.434072,-0.542269,-0.245241,-0.289169,-0.066689,-0.915965,0.040040,-1.060745,-0.141198,-0.752998,-0.010874,-0.552885,0.093941
G,Right,legacy_asl_G_98,0.000000,0.000000,0.247268,-0.354607,0.117343,-0.892280,-0.216403,-1.145005,-0.526070,-1.289244,-0.533364,-0.910119,-1.045098,-1.195653,-1.432099,-1.380350,-1.743398,-1.503726,-0.704314,-0.605852,-0.858801,-0.786125,-0.496282,-0.550913,-0.206227,-0.347191,-0.809202,-0.293128,-0.921071,-0.430931,-0.553302,-0.226209,-0.289854,-0.070559,-0.881936,0.043266,-1.020709,-0.116301,-0.727223,-0.018560,-0.513528,0.076821
G,Right,legacy_asl_G_99,0.000000,0.000000,0.289290,-0.342523,0.206588,-0.910198,-0.113869,-1.203127,-0.419846,-1.381720,-0.463669,-0.990908,-0.964790,-1.334755,-1.346754,-1.562531,-1.656413,-1.719736,-0.669329,-0.693064,-0.811608,-0.894014,-0.459760,-0.616417,-0.179730,-0.378275,-0.807580,-0.380164,-0.909912,-0.533177,-0.549725,-0.286563,-0.292570,-0.100610,-0.914890,-0.039742,-1.042923,-0.217806,-0.749205,-0.088778,-0.537658,0.030174
G,Right,legacy_asl_G_100,-0.004215,-0.009027,0.194388,-0.355811,0.183764,-0.882493,-0.127338,-1.176369,-0.402520,-1.400729,-0.435864,-0.998312,-0.826208,-1.242576,-1.161742,-1.460734,-1.435034,-1.651010,-0.660333,-0.757301,-0.917523,-0.963729,-0.619208,-0.689375,-0.342224,-0.452289,-0.816017,-0.466025,-1.018283,-0.581587,-0.615288,-0.319091,-0.362717,-0.136865,-0.899749,-0.151421,-1.141181,-0.332637,-0.828573,-0.187176,-0.609322,-0.062505
G,Right,legacy_asl_G_101,0.000000,0.000000,0.216949,-0.357111,0.149903,-0.871975,-0.144766,-1.170175,-0.391726,-1.398082,-0.434467,-0.959694,-0.835336,-1.242374,-1.149457,-1.433990,-1.383811,-1.586800,-0.641544,-0.722070,-0.902796,-0.942894,-0.600223,-0.678383,-0.319772,-0.453565,-0.778425,-0.457310,-0.973563,-0.577209,-0.611240,-0.319886,-0.341428,-0.150988,-0.886834,-0.154244,-1.097265,-0.326587,-0.816940,-0.184567,-0.592489,-0.067816
G,Right,legacy_asl_G_102,0.000000,0.000000,0.237097,-0.354306,0.191770,-0.882104,-0.095259,-1.199230,-0.336799,-1.442574,-0.399958,-0.997635,-0.795930,-1.303688,-1.107549,-1.513042,-1.339596,-1.679275,-0.621653,-0.764681,-0.878077,-1.001443,-0.581487,-0.718303,-0.305671,-0.476612,-0.773009,-0.500928,-0.966554,-0.631863,-0.608740,-0.353380,-0.341269,-0.169163,-0.897056,-0.196859,-1.103846,-0.381933,-0.824458,-0.224643,-0.600893,-0.095606
G,Right,legacy_asl_G_103,-0.031118,-0.014780,0.223526,-0.382956,0.160568,-0.870374,-0.123863,-1.180144,-0.404145,-1.427798,-0.454262,-0.992701,-0.832546,-1.259798,-1.185755,-1.459681,-1.421257,-1.600462,-0.651089,-0.732617,-0.892958,-0.956811,-0.646250,-0.711363,-0.347154,-0.471688,-0.803725,-0.462606,-1.000342,-0.576052,-0.618119,-0.307400,-0.369302,-0.134113,-0.911819,-0.154968,-1.121125,-0.361303,-0.856170,-0.172903,-0.588835,-0.069513
G,Right,legacy_asl_G_104,0.000000,0.000000,0.223507,-0.367907,0.154435,-0.898336,-0.149143,-1.205551,-0.403569,-1.440348,-0.447602,-0.988707,-0.860590,-1.279932,-1.184207,-1.477341,-1.425646,-1.634771,-0.660939,-0.743899,-0.930089,-0.971400,-0.618369,-0.698891,-0.329439,-0.467277,-0.801958,-0.471135,-1.002995,-0.594659,-0.629719,-0.329557,-0.351750,-0.155553,-0.913644,-0.158907,-1.130437,-0.336460,-0.841638,-0.190147,-0.610400,-0.069866
G,Right,legacy_asl_G_105,0.000000,0.000000,0.242690,-0.350499,0.205744,-0.878950,-0.076215,-1.200591,-0.313863,-1.447737,-0.384076,-1.003856,-0.775140,-1.316155,-1.083398,-1.530428,-1.312778,-1.700323,-0.609439,-0.774450,-0.862074,-1.015252,-0.570015,-0.727440,-0.298069,-0.481403,-0.764962,-0.513132,-0.956405,-0.647123,-0.603055,-0.362996,-0.338542,-0.174557,-0.893819,-0.211070,-1.097645,-0.399403,-0.820789,-0.237699,-0.599300,-0.105130
G,Right,legacy_asl_G_106,0.009304,0.002420,0.222408,-0.375768,0.113354,-0.882928,-0.148158,-1.175603,-0.390179,-1.405519,-0.430115,-0.972414,-0.862218,-1.260104,-1.173385,-1.486651,-1.387400,-1.656741,-0.656337,-0.754921,-0.926048,-0.971906,-0.619313,-0.700909,-0.328649,-0.430794,-0.773149,-0.475114,-0.991918,-0.565000,-0.631759,-0.345909,-0.363138,-0.130343,-0.873938,-0.168445,-1.114956,-0.345577,-0.798506,-0.184660,-0.606889,-0.046447
G,Right,legacy_asl_G_107,0.000000,0.000000,0.213520,-0.351467,0.147534,-0.858194,-0.142479,-1.151681,-0.385535,-1.375987,-0.427601,-0.944526,-0.822134,-1.222739,-1.131291,-1.411327,-1.361941,-1.561721,-0.631405,-0.710658,-0.888528,-0.927993,-0.590737,-0.667661,-0.314718,-0.446397,-0.766122,-0.450082,-0.958176,-0.568087,-0.601580,-0.314830,-0.336032,-0.148602,-0.872818,-0.151807,-1.079924,-0.321425,-0.804029,-0.181650,-0.583125,-0.066744
G,Right,legacy_asl_G_108,0.000000,0.000000,0.198144,-0.377474,0.097042,-0.897478,-0.222030,-1.182341,-0.488038,-1.398668,-0.503607,-0.949538,-0.929831,-1.211825,-1.261914,-1.386915,-1.510297,-1.527575,-0.699318,-0.694365,-0.979428,-0.902568,-0.654456,-0.652513,-0.354541,-0.441468,-0.821819,-0.416035,-1.028170,-0.525684,-0.642815,-0.286759,-0.357299,-0.131978,-0.912885,-0.100515,-1.138154,-0.262591,-0.843647,-0.135850,-0.607647,-0.031276
G,Right,legacy_asl_G_109,-0.014374,-0.025306,0.259019,-0.333787,0.344744,-0.745344,0.275307,-1.070142,0.115069,-1.316413,-0.257398,-1.060284,-0.572075,-1.372089,-0.817045,-1.583536,-1.064466,-1.687671,-0.512399,-0.869877,-0.614941,-1.120580,-0.359853,-0.945703,-0.178882,-0.763894,-0.617024,-0.611161,-0.719048,-0.810908,-0.449784,-0.604993,-0.278377,-0.417124,-0.771321,-0.335361,-0.865409,-0.568271,-0.629729,-0.425180,-0.456815,-0.259438
G,Right,legacy_asl_G_110,0.000000,0.000000,0.257316,-0.315741,0.340438,-0.776586,0.254520,-1.095248,0.121931,-1.335105,-0.284578,-1.084077,-0.594119,-1.435643,-0.852705,-1.625935,-1.073221,-1.738743,-0.491603,-0.882097,-0.647401,-1.140776,-0.392031,-0.965101,-0.189621,-0.783730,-0.653079,-0.629673,-0.742486,-0.842716,-0.465447,-0.606604,-0.284068,-0.402990,-0.794261,-0.340300,-0.894916,-0.569655,-0.639809,-0.423233,-0.462040,-0.264793
G,Right,legacy_asl_G_111,0.000000,0.000000,0.264817,-0.298107,0.365301,-0.745387,0.294532,-1.060639,0.174835,-1.300756,-0.233211,-1.072154,-0.521331,-1.428897,-0.766325,-1.625781,-0.977311,-1.745295,-0.444105,-0.883220,-0.585718,-1.142713,-0.343261,-0.960259,-0.152839,-0.774440,-0.612548,-0.643053,-0.691126,-0.855147,-0.429991,-0.612679,-0.261064,-0.405979,-0.762680,-0.365902,-0.851581,-0.594418,-0.608163,-0.440587,-0.440887,-0.278221
G,Right,legacy_asl_G_112,0.018084,-0.032144,0.237056,-0.294809,0.321318,-0.763867,0.234890,-1.084568,0.103181,-1.303088,-0.280237,-1.076683,-0.591246,-1.409937,-0.827985,-1.598677,-1.069370,-1.707357,-0.447398,-0.881694,-0.635295,-1.104891,-0.374365,-0.931859,-0.166633,-0.785360,-0.647530,-0.614617,-0.717659,-0.796021,-0.445212,-0.593733,-0.285651,-0.416096,-0.770822,-0.325092,-0.881407,-0.581057,-0.606975,-0.407848,-0.449340,-0.253849
G,Right,legacy_asl_G_113,0.000000,0.000000,0.261307,-0.320639,0.345718,-0.788631,0.258468,-1.112236,0.123823,-1.355813,-0.288992,-1.100892,-0.603334,-1.457910,-0.865930,-1.651153,-1.089867,-1.765711,-0.499228,-0.895778,-0.657442,-1.158469,-0.398112,-0.980070,-0.192562,-0.795886,-0.663208,-0.639439,-0.754002,-0.855787,-0.472666,-0.616012,-0.288474,-0.409240,-0.806580,-0.345578,-0.908797,-0.578491,-0.649733,-0.429798,-0.469206,-0.268900
G,Right,legacy_asl_G_114,0.000000,0.000000,0.270455,-0.293002,0.379450,-0.738284,0.314707,-1.054829,0.199611,-1.297185,-0.212721,-1.076407,-0.493984,-1.438580,-0.735179,-1.640100,-0.943846,-1.763617,-0.427179,-0.891529,-0.563818,-1.153676,-0.324885,-0.966631,-0.138041,-0.777214,-0.600172,-0.654618,-0.674691,-0.868172,-0.418227,-0.620768,-0.253274,-0.410884,-0.755563,-0.380381,-0.840090,-0.610551,-0.599649,-0.452106,-0.435500,-0.286579
G,Right,legacy_asl_G_115,-0.004989,-0.020835,0.241413,-0.312084,0.343325,-0.737590,0.264221,-1.087559,0.126363,-1.326355,-0.288274,-1.071733,-0.588728,-1.400104,-0.840509,-1.561883,-1.061806,-1.702214,-0.469804,-0.841707,-0.633462,-1.101731,-0.417282,-0.938923,-0.185704,-0.781777,-0.620165,-0.614846,-0.741575,-0.848013,-0.455738,-0.581998,-0.291655,-0.400640,-0.807818,-0.335020,-0.878992,-0.522991,-0.635958,-0.427779,-0.442085,-0.287356
G,Right,legacy_asl_G_116,0.000000,0.000000,0.258639,-0.317366,0.342190,-0.780581,0.255830,-1.100883,0.122559,-1.341974,-0.286042,-1.089655,-0.597176,-1.443029,-0.857092,-1.634300,-1.078743,-1.747688,-0.494132,-0.886635,-0.650731,-1.146645,-0.394048,-0.970066,-0.190597,-0.787763,-0.656439,-0.632912,-0.746306,-0.847052,-0.467842,-0.609724,-0.285529,-0.405063,-0.798347,-0.342051,-0.899520,-0.572586,-0.643101,-0.425411,-0.464417,-0.266156
G,Right,legacy_asl_G_117,0.000000,0.000000,0.258086,-0.303954,0.348543,-0.753369,0.270743,-1.066959,0.145707,-1.304340,-0.257126,-1.066672,-0.553149,-1.416883,-0.802485,-1.608240,-1.016090,-1.723007,-0.463742,-0.873069,-0.611122,-1.129331,-0.364646,-0.952344,-0.170117,-0.770829,-0.626773,-0.629196,-0.710074,-0.839480,-0.443582,-0.602911,-0.270076,-0.400040,-0.770671,-0.348757,-0.864659,-0.575229,-0.617862,-0.426879,-0.446997,-0.268294
G,Right,legacy_asl_G_118,0.016012,-0.010146,0.246439,-0.331195,0.145927,-0.858214,-0.194674,-1.150616,-0.444091,-1.362481,-0.493543,-0.944997,-0.933508,-1.279964,-1.284378,-1.513743,-1.571640,-1.671050,-0.719383,-0.643786,-0.876480,-0.838610,-0.516674,-0.545031,-0.218030,-0.349167,-0.800410,-0.334381,-0.892950,-0.488681,-0.523028,-0.233868,-0.284113,-0.130045,-0.899218,-0.041200,-1.023713,-0.177270,-0.748338,-0.064451,-0.527839,0.037293
G,Right,legacy_asl_G_119,0.000000,0.000000,0.238333,-0.327343,0.126331,-0.868231,-0.183099,-1.164629,-0.435464,-1.412770,-0.512467,-0.955981,-0.947216,-1.312249,-1.294947,-1.533669,-1.577419,-1.697584,-0.710901,-0.665865,-0.862368,-0.825304,-0.502208,-0.564402,-0.213508,-0.368830,-0.828762,-0.361786,-0.902231,-0.483899,-0.535524,-0.262360,-0.286730,-0.117301,-0.911310,-0.034343,-1.024966,-0.190573,-0.726468,-0.058622,-0.520097,0.042001
G,Right,legacy_asl_G_120,0.000000,0.000000,0.230972,-0.328181,0.111373,-0.862403,-0.199980,-1.151201,-0.454016,-1.393086,-0.523054,-0.939196,-0.959549,-1.285329,-1.307664,-1.499216,-1.590195,-1.657155,-0.715080,-0.648540,-0.867717,-0.804129,-0.506656,-0.551315,-0.217450,-0.362103,-0.827038,-0.345331,-0.901787,-0.465173,-0.534865,-0.251469,-0.286008,-0.111679,-0.903629,-0.019530,-1.018746,-0.172541,-0.720843,-0.046531,-0.514734,0.049899
G,Right,legacy_asl_G_121,0.004046,0.012008,0.224337,-0.353030,0.095596,-0.851043,-0.167907,-1.165963,-0.427547,-1.407549,-0.505307,-0.945386,-0.973994,-1.310796,-1.283987,-1.530663,-1.572976,-1.718097,-0.653939,-0.651672,-0.836272,-0.828499,-0.514134,-0.554883,-0.231701,-0.367488,-0.831565,-0.334827,-0.879717,-0.474401,-0.538995,-0.271733,-0.290943,-0.136993,-0.908188,-0.028382,-0.999416,-0.194491,-0.718023,-0.051235,-0.522015,0.042959
G,Right,legacy_asl_G_122,0.000000,0.000000,0.238476,-0.327539,0.126407,-0.868752,-0.183208,-1.165327,-0.435725,-1.413618,-0.512774,-0.956555,-0.947785,-1.313037,-1.295724,-1.534589,-1.578365,-1.698602,-0.711328,-0.666264,-0.862886,-0.825799,-0.502509,-0.564741,-0.213636,-0.369052,-0.829259,-0.362003,-0.902772,-0.484190,-0.535845,-0.262517,-0.286902,-0.117372,-0.911856,-0.034363,-1.025581,-0.190687,-0.726904,-0.058657,-0.520409,0.042026
G,Right,legacy_asl_G_123,0.000000,0.000000,0.255476,-0.309488,0.177228,-0.851313,-0.111045,-1.163153,-0.345769,-1.423820,-0.449436,-0.976566,-0.858081,-1.355176,-1.188755,-1.595147,-1.458332,-1.774303,-0.663201,-0.701504,-0.803448,-0.868348,-0.462853,-0.588571,-0.189021,-0.377723,-0.798097,-0.407781,-0.863429,-0.533006,-0.513989,-0.291774,-0.276594,-0.133299,-0.899466,-0.088819,-1.002501,-0.250213,-0.715146,-0.101713,-0.517045,0.010250
G,Right,legacy_asl_G_124,0.028805,0.016895,0.232907,-0.309070,0.140567,-0.868163,-0.204511,-1.154549,-0.420624,-1.373822,-0.509001,-0.943884,-0.935224,-1.261110,-1.280923,-1.502715,-1.570902,-1.666613,-0.731912,-0.666489,-0.848414,-0.805472,-0.509793,-0.552309,-0.226982,-0.351789,-0.803237,-0.367166,-0.898376,-0.478327,-0.556992,-0.239641,-0.288793,-0.130195,-0.874055,-0.014045,-1.020370,-0.212514,-0.718562,-0.054204,-0.525522,0.047281
G,Right,legacy_asl_G_125,0.000000,0.000000,0.222304,-0.305327,0.117834,-0.809836,-0.170784,-1.086299,-0.406176,-1.317751,-0.478000,-0.891685,-0.883509,-1.223991,-1.207853,-1.430518,-1.471326,-1.583409,-0.663088,-0.621081,-0.804368,-0.769796,-0.468431,-0.526442,-0.199148,-0.344024,-0.773021,-0.337453,-0.841549,-0.451354,-0.499506,-0.244714,-0.267445,-0.109412,-0.850017,-0.032033,-0.956030,-0.177755,-0.677607,-0.054679,-0.485117,0.039176
G,Right,legacy_asl_G_126,0.000000,0.000000,0.241858,-0.320243,0.140259,-0.858179,-0.161224,-1.157265,-0.406998,-1.407541,-0.491233,-0.956224,-0.915863,-1.316814,-1.256603,-1.542265,-1.533672,-1.709600,-0.692908,-0.672178,-0.840236,-0.832803,-0.487865,-0.568011,-0.205173,-0.369198,-0.814980,-0.372898,-0.885664,-0.495181,-0.526122,-0.269281,-0.282098,-0.121217,-0.902465,-0.049851,-1.012380,-0.206640,-0.718874,-0.070702,-0.516118,0.032592
G,Right,legacy_asl_G_127,0.023622,0.013787,0.221126,-0.345959,0.102327,-0.848262,-0.160124,-1.147188,-0.371721,-1.409716,-0.507328,-0.984088,-0.939869,-1.273074,-1.213255,-1.463895,-1.500558,-1.547278,-0.657945,-0.737819,-0.849334,-0.923393,-0.501996,-0.751674,-0.274914,-0.557724,-0.771624,-0.449243,-0.884105,-0.553320,-0.507405,-0.403180,-0.283428,-0.266455,-0.850824,-0.143944,-0.966665,-0.274822,-0.669389,-0.208420,-0.498543,-0.160189
G,Right,legacy_asl_G_128,0.000000,0.000000,0.193510,-0.317127,0.107581,-0.805156,-0.167613,-1.085926,-0.363025,-1.331905,-0.473621,-0.934329,-0.879564,-1.229743,-1.171981,-1.383660,-1.429097,-1.483123,-0.635675,-0.684560,-0.817647,-0.890830,-0.486622,-0.698447,-0.251056,-0.530056,-0.733261,-0.422177,-0.853500,-0.543261,-0.500058,-0.386523,-0.286715,-0.267001,-0.811107,-0.127758,-0.925990,-0.265029,-0.637353,-0.198427,-0.453608,-0.134592
G,Right,legacy_asl_G_129,0.000000,0.000000,0.212029,-0.327416,0.135565,-0.842072,-0.145384,-1.144511,-0.343571,-1.408190,-0.470836,-0.994001,-0.888608,-1.315488,-1.191202,-1.485266,-1.458275,-1.596895,-0.647954,-0.736400,-0.833152,-0.958020,-0.491117,-0.746784,-0.248601,-0.563413,-0.757762,-0.463746,-0.880560,-0.594218,-0.513993,-0.419763,-0.293428,-0.288311,-0.847751,-0.156910,-0.964472,-0.304222,-0.663389,-0.226198,-0.472324,-0.154028
G,Right,legacy_asl_G_130,0.006766,-0.002845,0.205038,-0.350287,0.094727,-0.809401,-0.164892,-1.163705,-0.374122,-1.390048,-0.496753,-0.974754,-0.906586,-1.275592,-1.254804,-1.433725,-1.488452,-1.552837,-0.668595,-0.746825,-0.852283,-0.937945,-0.530766,-0.711554,-0.249657,-0.542661,-0.761354,-0.409911,-0.899556,-0.576489,-0.520341,-0.393231,-0.302821,-0.274556,-0.853435,-0.154395,-0.938945,-0.268396,-0.684181,-0.221656,-0.472287,-0.174653
G,Right,legacy_asl_G_131,0.000000,0.000000,0.216629,-0.355015,0.120434,-0.901351,-0.187639,-1.215666,-0.406397,-1.491034,-0.530207,-1.045957,-0.984649,-1.376665,-1.312003,-1.548972,-1.599837,-1.660318,-0.711622,-0.766348,-0.915335,-0.997261,-0.544761,-0.781894,-0.281050,-0.593385,-0.820867,-0.472617,-0.955471,-0.608166,-0.559802,-0.432702,-0.320970,-0.298901,-0.908013,-0.143021,-1.036622,-0.296693,-0.713500,-0.222134,-0.507802,-0.150672
G,Right,legacy_asl_G_132,0.000000,0.000000,0.233370,-0.312564,0.191361,-0.831171,-0.068816,-1.151654,-0.248997,-1.427949,-0.403572,-1.023159,-0.798999,-1.371762,-1.089611,-1.561322,-1.348654,-1.690494,-0.597458,-0.777929,-0.767480,-1.011395,-0.440277,-0.777842,-0.210515,-0.578723,-0.725185,-0.513196,-0.839018,-0.651558,-0.484888,-0.453072,-0.273570,-0.307218,-0.835415,-0.213037,-0.942063,-0.367797,-0.646847,-0.269889,-0.461014,-0.185151
G,Right,legacy_asl_G_133,-0.027326,0.001808,0.220727,-0.365769,0.116120,-0.836107,-0.203941,-1.150223,-0.364781,-1.378800,-0.471591,-0.983389,-0.937088,-1.285540,-1.230569,-1.442686,-1.508493,-1.567726,-0.659595,-0.721992,-0.856963,-0.948604,-0.504467,-0.752330,-0.263170,-0.583392,-0.758479,-0.452698,-0.935423,-0.561109,-0.528802,-0.425584,-0.293911,-0.278323,-0.857577,-0.140501,-0.971853,-0.260444,-0.653726,-0.196609,-0.489811,-0.137291
G,Right,legacy_asl_G_134,0.000000,0.000000,0.194450,-0.318669,0.108104,-0.809070,-0.168428,-1.091205,-0.364790,-1.338380,-0.475924,-0.938871,-0.883840,-1.235721,-1.177679,-1.390387,-1.436044,-1.490333,-0.638765,-0.687888,-0.821622,-0.895160,-0.488988,-0.701843,-0.252276,-0.532633,-0.736826,-0.424230,-0.857649,-0.545902,-0.502489,-0.388402,-0.288109,-0.268299,-0.815050,-0.128379,-0.930492,-0.266317,-0.640451,-0.199392,-0.455813,-0.135246
G,Right,legacy_asl_G_135,0.000000,0.000000,0.195741,-0.337407,0.094164,-0.847701,-0.201259,-1.136018,-0.412121,-1.389675,-0.518950,-0.969751,-0.951964,-1.270392,-1.262509,-1.425148,-1.534729,-1.523564,-0.683240,-0.703785,-0.879069,-0.916070,-0.527099,-0.721837,-0.275894,-0.550563,-0.779563,-0.426080,-0.908603,-0.550382,-0.533933,-0.394088,-0.307195,-0.273595,-0.854418,-0.115205,-0.978213,-0.256625,-0.673671,-0.193439,-0.479301,-0.130712
G,Right,legacy_asl_G_136,-0.002974,0.041367,0.273951,-0.303889,0.102934,-0.825068,-0.186595,-1.094137,-0.398427,-1.346475,-0.621759,-0.948085,-1.084411,-1.172376,-1.463569,-1.366339,-1.713885,-1.423505,-0.766913,-0.612963,-1.009062,-0.829505,-0.679629,-0.623601,-0.389953,-0.447555,-0.832294,-0.329901,-0.972568,-0.458807,-0.646202,-0.262625,-0.399976,-0.103753,-0.899431,0.014532,-1.069884,-0.145127,-0.810424,-0.041140,-0.535243,0.074941
G,Right,legacy_asl_G_137,0.000000,0.000000,0.252840,-0.310934,0.145257,-0.825274,-0.162845,-1.105202,-0.385517,-1.346537,-0.594100,-0.936356,-1.091944,-1.198404,-1.454161,-1.352710,-1.724565,-1.446029,-0.756871,-0.636502,-1.025212,-0.824982,-0.683576,-0.628740,-0.382128,-0.461362,-0.834972,-0.326745,-1.012598,-0.463429,-0.659654,-0.256341,-0.414900,-0.099535,-0.895506,0.012452,-1.094226,-0.162829,-0.790601,-0.039583,-0.558447,0.071494
G,Right,legacy_asl_G_138,0.000000,0.000000,0.261825,-0.298872,0.173946,-0.812390,-0.121133,-1.100951,-0.332974,-1.348165,-0.554561,-0.949350,-1.038286,-1.227099,-1.391554,-1.393163,-1.656072,-1.495462,-0.726743,-0.658180,-0.985755,-0.854687,-0.654405,-0.647823,-0.361823,-0.471018,-0.815395,-0.354116,-0.986413,-0.496005,-0.644253,-0.277982,-0.407458,-0.113714,-0.887713,-0.020245,-1.078226,-0.201143,-0.781881,-0.067985,-0.555906,0.050517
G,Right,legacy_asl_G_139,-0.007951,-0.000802,0.270332,-0.274037,0.136516,-0.799931,-0.159861,-1.091171,-0.347735,-1.345270,-0.572863,-0.962473,-1.067280,-1.204095,-1.414175,-1.338571,-1.696182,-1.446331,-0.711091,-0.667896,-1.004144,-0.819029,-0.690981,-0.572565,-0.355390,-0.468871,-0.833352,-0.342568,-1.016390,-0.459897,-0.686826,-0.254659,-0.407321,-0.087252,-0.859925,-0.008681,-1.077508,-0.178599,-0.738595,-0.024137,-0.538745,0.063234
G,Right,legacy_asl_G_140,0.000000,0.000000,0.234378,-0.288230,0.134650,-0.765013,-0.150954,-1.024502,-0.357367,-1.248215,-0.550720,-0.867985,-1.012212,-1.110898,-1.347980,-1.253937,-1.598640,-1.340442,-0.701605,-0.590026,-0.950353,-0.764743,-0.633662,-0.582831,-0.354226,-0.427674,-0.774004,-0.302886,-0.938660,-0.429590,-0.611487,-0.237623,-0.384605,-0.092267,-0.830117,0.011543,-1.014327,-0.150940,-0.732872,-0.036693,-0.517670,0.066273
G,Right,legacy_asl_G_141,0.000000,0.000000,0.254510,-0.305125,0.154220,-0.816364,-0.147761,-1.097694,-0.365527,-1.339706,-0.577390,-0.935641,-1.067700,-1.201593,-1.424886,-1.359053,-1.691805,-1.454915,-0.742470,-0.640386,-1.006166,-0.830563,-0.669903,-0.631784,-0.373125,-0.462117,-0.823733,-0.334265,-0.998136,-0.471970,-0.650796,-0.262297,-0.410093,-0.103813,-0.887943,0.001260,-1.082781,-0.174971,-0.783298,-0.049028,-0.554520,0.063965
G,Right,legacy_asl_G_142,-0.008669,-0.008449,0.257747,-0.303223,0.112075,-0.837154,-0.163905,-1.114198,-0.372552,-1.317948,-0.609321,-0.936027,-1.098396,-1.166401,-1.468667,-1.334177,-1.731962,-1.458098,-0.747740,-0.624628,-1.009566,-0.820225,-0.680800,-0.599163,-0.376357,-0.455282,-0.829394,-0.336493,-0.990014,-0.436108,-0.637713,-0.255229,-0.388417,-0.071895,-0.911108,0.020283,-1.077981,-0.180458,-0.794832,-0.060087,-0.541610,0.070852
G,Right,legacy_asl_G_143,0.000000,0.000000,0.240020,-0.295169,0.137892,-0.783430,-0.154588,-1.049166,-0.365971,-1.278265,-0.563978,-0.888881,-1.036580,-1.137642,-1.380432,-1.284124,-1.637126,-1.372712,-0.718496,-0.604230,-0.973232,-0.783153,-0.648917,-0.596862,-0.362753,-0.437970,-0.792637,-0.310178,-0.961257,-0.439932,-0.626208,-0.243344,-0.393864,-0.094488,-0.850101,0.011821,-1.038747,-0.154574,-0.750515,-0.037576,-0.530132,0.067869
G,Right,legacy_asl_G_144,0.000000,0.000000,0.233575,-0.321433,0.099384,-0.824838,-0.220703,-1.085383,-0.454138,-1.312319,-0.638557,-0.895014,-1.145525,-1.127644,-1.512425,-1.260911,-1.785147,-1.338742,-0.783560,-0.589398,-1.059362,-0.761549,-0.710580,-0.585659,-0.403139,-0.436180,-0.844208,-0.278535,-1.027414,-0.404291,-0.666853,-0.218271,-0.416108,-0.076208,-0.885878,0.060527,-1.092046,-0.102305,-0.784824,0.003366,-0.549013,0.100837
G,Right,legacy_asl_G_145,-0.031865,-0.000211,0.118641,-0.369352,-0.022164,-0.847559,-0.336986,-1.098295,-0.634771,-1.176480,-0.655473,-0.891720,-1.084907,-1.165617,-1.420319,-1.328473,-1.651156,-1.459226,-0.741420,-0.603321,-0.893222,-0.774161,-0.637048,-0.640418,-0.297566,-0.459886,-0.818120,-0.298454,-0.920363,-0.448106,-0.557885,-0.335180,-0.303770,-0.185192,-0.871130,0.035956,-1.018406,-0.168555,-0.729049,-0.103980,-0.509349,-0.024698
G,Right,legacy_asl_G_146,0.000000,0.000000,0.134597,-0.340576,-0.018733,-0.807170,-0.316819,-1.018075,-0.596782,-1.102649,-0.602319,-0.823784,-1.011106,-1.088119,-1.305325,-1.248858,-1.544845,-1.363193,-0.716047,-0.563706,-0.868309,-0.751483,-0.549490,-0.597708,-0.293699,-0.434678,-0.768616,-0.285092,-0.862718,-0.435795,-0.529569,-0.307215,-0.294427,-0.172880,-0.812656,0.022827,-0.942780,-0.150917,-0.680922,-0.107119,-0.480542,-0.022189
G,Right,legacy_asl_G_147,0.000000,0.000000,0.141434,-0.367200,-0.027681,-0.867111,-0.349942,-1.090934,-0.651547,-1.179187,-0.654888,-0.879501,-1.096594,-1.159697,-1.414229,-1.329655,-1.672658,-1.450264,-0.774651,-0.598989,-0.940010,-0.799326,-0.596008,-0.637082,-0.319641,-0.464304,-0.828528,-0.299132,-0.931049,-0.460178,-0.571885,-0.325140,-0.317973,-0.183000,-0.872967,0.032132,-1.014408,-0.153335,-0.732638,-0.108725,-0.516540,-0.019345
G,Right,legacy_asl_G_148,0.005673,0.015837,0.141973,-0.364524,-0.039238,-0.873839,-0.345277,-1.090481,-0.631586,-1.191122,-0.642510,-0.896811,-1.107378,-1.174191,-1.400463,-1.336469,-1.660142,-1.465622,-0.765360,-0.623980,-0.921130,-0.817772,-0.595655,-0.638292,-0.335357,-0.461485,-0.834320,-0.283736,-0.931413,-0.472890,-0.582387,-0.333301,-0.308470,-0.204567,-0.871614,0.035611,-1.016879,-0.163554,-0.767903,-0.106057,-0.485344,0.001048
G,Right,legacy_asl_G_149,0.000000,0.000000,0.141459,-0.357938,-0.019688,-0.848320,-0.332971,-1.069978,-0.627206,-1.158863,-0.633026,-0.865781,-1.062653,-1.143592,-1.371871,-1.312526,-1.623602,-1.432690,-0.752551,-0.592444,-0.912576,-0.789794,-0.577504,-0.628180,-0.308672,-0.456839,-0.807800,-0.299626,-0.906700,-0.458012,-0.556567,-0.322878,-0.309437,-0.181693,-0.854086,0.023991,-0.990843,-0.158611,-0.715636,-0.112580,-0.505041,-0.023320
G,Right,legacy_asl_G_150,0.000000,0.000000,0.144727,-0.365915,-0.019892,-0.867324,-0.340129,-1.094033,-0.640929,-1.184992,-0.646961,-0.885348,-1.086133,-1.169500,-1.402229,-1.342304,-1.659564,-1.465230,-0.769240,-0.605923,-0.932793,-0.807737,-0.590262,-0.642410,-0.315457,-0.467156,-0.825808,-0.306562,-0.926878,-0.468523,-0.568941,-0.330264,-0.316317,-0.185849,-0.873221,0.024289,-1.012990,-0.162440,-0.731631,-0.115301,-0.516345,-0.023984
G,Right,legacy_asl_G_151,-0.016243,-0.035286,0.143089,-0.338529,-0.029329,-0.891979,-0.340365,-1.084434,-0.626019,-1.208575,-0.662136,-0.894216,-1.090909,-1.166141,-1.399934,-1.375809,-1.671771,-1.437082,-0.781654,-0.593883,-0.928942,-0.809298,-0.609246,-0.623224,-0.328224,-0.496104,-0.820394,-0.316599,-0.944596,-0.452367,-0.566854,-0.349587,-0.327909,-0.183619,-0.898250,0.021911,-1.028943,-0.176687,-0.723014,-0.124545,-0.500502,-0.038377
G,Right,legacy_asl_G_152,0.000000,0.000000,0.141726,-0.358615,-0.019725,-0.849923,-0.333600,-1.072000,-0.628392,-1.161053,-0.634223,-0.867418,-1.064662,-1.145753,-1.374464,-1.315006,-1.626671,-1.435398,-0.753974,-0.593564,-0.914300,-0.791287,-0.578595,-0.629367,-0.309256,-0.457702,-0.809327,-0.300193,-0.908413,-0.458878,-0.557619,-0.323488,-0.310022,-0.182037,-0.855700,0.024036,-0.992716,-0.158911,-0.716988,-0.112793,-0.505995,-0.023364
G,Right,legacy_asl_G_153,0.000000,0.000000,0.147502,-0.364805,-0.013303,-0.867450,-0.331809,-1.096586,-0.631909,-1.189826,-0.640218,-0.890237,-1.077218,-1.177717,-1.391992,-1.352917,-1.648386,-1.477794,-0.764615,-0.611748,-0.926630,-0.814799,-0.585365,-0.646875,-0.311900,-0.469539,-0.823455,-0.312826,-0.923292,-0.475550,-0.566416,-0.334576,-0.314896,-0.188246,-0.873380,0.017655,-1.011726,-0.170130,-0.730735,-0.120855,-0.516148,-0.027905
G,Right,legacy_asl_G_154,0.007300,0.009120,0.143057,-0.353434,0.123827,-0.853259,-0.107408,-1.131794,-0.423138,-1.251772,-0.600921,-0.944376,-1.008482,-1.164856,-1.386359,-1.298992,-1.588749,-1.396319,-0.725282,-0.653907,-1.092681,-0.754010,-0.799774,-0.587882,-0.515794,-0.496191,-0.808601,-0.362267,-0.968823,-0.338260,-0.609589,-0.203957,-0.407191,-0.157474,-0.860733,-0.057600,-0.953650,-0.114566,-0.687317,-0.017368,-0.482533,0.049163
G,Right,legacy_asl_G_155,0.000000,0.000000,0.153161,-0.382362,0.110086,-0.896267,-0.117212,-1.176840,-0.435704,-1.289302,-0.606067,-0.978506,-1.054115,-1.237789,-1.392760,-1.359992,-1.664765,-1.448086,-0.762125,-0.672037,-1.114105,-0.789230,-0.835691,-0.625520,-0.552506,-0.510959,-0.840213,-0.369697,-1.001650,-0.362951,-0.655478,-0.207025,-0.422792,-0.150084,-0.879075,-0.071719,-1.004237,-0.112266,-0.704936,-0.003312,-0.506897,0.026092
G,Right,legacy_asl_G_156,0.000000,0.000000,0.168198,-0.358231,0.155490,-0.853562,-0.046912,-1.135339,-0.346145,-1.260943,-0.526858,-0.972314,-0.942186,-1.245960,-1.260209,-1.382029,-1.516209,-1.481670,-0.693610,-0.687040,-1.024701,-0.819046,-0.766763,-0.646517,-0.501512,-0.520866,-0.785343,-0.401386,-0.940566,-0.403902,-0.617203,-0.235068,-0.397183,-0.167497,-0.839208,-0.117732,-0.957004,-0.163592,-0.675983,-0.042421,-0.487663,-0.003192
G,Right,legacy_asl_G_157,-0.019499,-0.017695,0.142193,-0.361551,0.088478,-0.857180,-0.107916,-1.116593,-0.449018,-1.224485,-0.607679,-0.942989,-1.015402,-1.185380,-1.349580,-1.315337,-1.592608,-1.375961,-0.738268,-0.648019,-1.085870,-0.776085,-0.778642,-0.612697,-0.496165,-0.488674,-0.822567,-0.371257,-0.960401,-0.326889,-0.626423,-0.195375,-0.404337,-0.142832,-0.844592,-0.059835,-0.994294,-0.089977,-0.681630,0.021799,-0.478955,0.043026
G,Right,legacy_asl_G_158,0.000000,0.000000,0.144570,-0.360913,0.103910,-0.845989,-0.110637,-1.110823,-0.411262,-1.216976,-0.572069,-0.923615,-0.994982,-1.168353,-1.314631,-1.283701,-1.571377,-1.366852,-0.719372,-0.634338,-1.051608,-0.744957,-0.788811,-0.590430,-0.521512,-0.482296,-0.793080,-0.348958,-0.945460,-0.342590,-0.618708,-0.195412,-0.399075,-0.141665,-0.829762,-0.067696,-0.947902,-0.105968,-0.665391,-0.003126,-0.478461,0.024629
G,Right,legacy_asl_G_159,0.000000,0.000000,0.135104,-0.371977,0.077642,-0.864128,-0.149418,-1.126441,-0.458786,-1.224462,-0.612651,-0.920670,-1.051029,-1.155625,-1.380056,-1.262370,-1.644020,-1.338445,-0.752913,-0.621482,-1.094588,-0.722998,-0.822101,-0.574508,-0.546572,-0.473366,-0.818431,-0.328701,-0.973246,-0.317166,-0.635936,-0.178275,-0.410706,-0.130883,-0.846417,-0.041338,-0.967879,-0.076355,-0.677049,0.018899,-0.485952,0.040933
G,Right,legacy_asl_G_160,-0.008854,0.007690,0.141059,-0.383423,0.066574,-0.870700,-0.124299,-1.142254,-0.400502,-1.265541,-0.595821,-0.948134,-1.022763,-1.175463,-1.317108,-1.328814,-1.622471,-1.397597,-0.737698,-0.627133,-1.058794,-0.767191,-0.819053,-0.617117,-0.500514,-0.485516,-0.806449,-0.354052,-0.980983,-0.340055,-0.637251,-0.198244,-0.403457,-0.132534,-0.852257,-0.076164,-0.984377,-0.129105,-0.670419,-0.014409,-0.473172,0.004132
G,Right,legacy_asl_G_161,0.000000,0.000000,0.156685,-0.391159,0.112618,-0.916887,-0.119909,-1.203915,-0.445728,-1.318964,-0.620011,-1.001018,-1.078366,-1.266266,-1.424803,-1.391281,-1.703066,-1.481401,-0.779659,-0.687498,-1.139737,-0.807388,-0.854917,-0.639911,-0.565217,-0.522714,-0.859544,-0.378202,-1.024694,-0.371301,-0.670558,-0.211788,-0.432519,-0.153537,-0.899300,-0.073369,-1.027341,-0.114849,-0.721154,-0.003388,-0.518558,0.026693
G,Right,legacy_asl_G_162,0.000000,0.000000,0.120039,-0.377108,0.042837,-0.866551,-0.194587,-1.119523,-0.507646,-1.205026,-0.649172,-0.895294,-1.096642,-1.112433,-1.429695,-1.205862,-1.696504,-1.271264,-0.777292,-0.590708,-1.122772,-0.678404,-0.844535,-0.540990,-0.565162,-0.451007,-0.830985,-0.295530,-0.985211,-0.277780,-0.642589,-0.152562,-0.415636,-0.114264,-0.847395,-0.007273,-0.970166,-0.037379,-0.675742,0.046106,-0.483914,0.060438
G,Right,legacy_asl_G_163,0.038647,-0.022707,0.273058,-0.332120,0.336243,-0.892034,0.071680,-1.248431,-0.177443,-1.467399,-0.291976,-1.097598,-0.680051,-1.434404,-0.995996,-1.598136,-1.245092,-1.787712,-0.507306,-0.845113,-0.808445,-1.047155,-0.536450,-0.758222,-0.312801,-0.528075,-0.683407,-0.577843,-0.901812,-0.678704,-0.555487,-0.435582,-0.329420,-0.231948,-0.826633,-0.308969,-0.966421,-0.460402,-0.759719,-0.285389,-0.547270,-0.182667
G,Right,legacy_asl_G_164,0.000000,0.000000,0.263805,-0.337164,0.303867,-0.866806,0.072618,-1.209732,-0.169495,-1.420064,-0.295286,-1.058374,-0.666674,-1.405324,-0.965598,-1.590440,-1.201335,-1.725390,-0.505802,-0.821127,-0.786861,-1.014936,-0.537409,-0.744652,-0.286083,-0.529159,-0.654013,-0.563521,-0.863500,-0.670983,-0.563891,-0.414667,-0.332516,-0.249310,-0.784851,-0.283642,-0.973305,-0.448883,-0.733700,-0.283258,-0.545633,-0.164339
G,Right,legacy_asl_G_165,0.000000,0.000000,0.270697,-0.345662,0.312020,-0.888822,0.075015,-1.240615,-0.173191,-1.456430,-0.302359,-1.085553,-0.683082,-1.441536,-0.989563,-1.631516,-1.231263,-1.770021,-0.518360,-0.842337,-0.806515,-1.041225,-0.550810,-0.763923,-0.293158,-0.542809,-0.670475,-0.578215,-0.885267,-0.688516,-0.578116,-0.425516,-0.340902,-0.255830,-0.804782,-0.291242,-0.997978,-0.460790,-0.752324,-0.290825,-0.559503,-0.168782
G,Right,legacy_asl_G_166,0.009140,-0.005651,0.257964,-0.362648,0.317875,-0.875947,0.074722,-1.274698,-0.178011,-1.478010,-0.286635,-1.106448,-0.666552,-1.462670,-0.966949,-1.642120,-1.240862,-1.752140,-0.527254,-0.852944,-0.787444,-1.035575,-0.548487,-0.753067,-0.301094,-0.544217,-0.658385,-0.573247,-0.911946,-0.698585,-0.571761,-0.421243,-0.335188,-0.243741,-0.812534,-0.287973,-0.989268,-0.469095,-0.729096,-0.262764,-0.551110,-0.165709
G,Right,legacy_asl_G_167,0.000000,0.000000,0.267203,-0.341507,0.307781,-0.877972,0.073553,-1.225316,-0.171678,-1.438357,-0.299090,-1.072008,-0.675262,-1.423428,-0.978037,-1.610928,-1.216810,-1.747617,-0.512317,-0.831704,-0.796997,-1.028010,-0.544332,-0.754245,-0.289769,-0.535975,-0.662438,-0.570780,-0.874624,-0.679626,-0.571155,-0.420009,-0.336799,-0.252521,-0.794962,-0.287296,-0.985843,-0.454666,-0.743152,-0.286907,-0.552661,-0.166456
G,Right,legacy_asl_G_168,0.000000,0.000000,0.274485,-0.342662,0.321783,-0.885334,0.088664,-1.239714,-0.157152,-1.458248,-0.290393,-1.088815,-0.667176,-1.448967,-0.971547,-1.642308,-1.211708,-1.783464,-0.509058,-0.847991,-0.795007,-1.050038,-0.542369,-0.769938,-0.287166,-0.546003,-0.664071,-0.585559,-0.877636,-0.698218,-0.573398,-0.431853,-0.338065,-0.259566,-0.801528,-0.300082,-0.992846,-0.471745,-0.749077,-0.299088,-0.557611,-0.174930
G,Right,legacy_asl_G_169,-0.004557,0.007804,0.289721,-0.350453,0.328153,-0.899212,0.075871,-1.226387,-0.174670,-1.444451,-0.333837,-1.096878,-0.671988,-1.425035,-0.994730,-1.622054,-1.216315,-1.778174,-0.539958,-0.870111,-0.793704,-1.050859,-0.556380,-0.754515,-0.325168,-0.550079,-0.676433,-0.589438,-0.882507,-0.706855,-0.595255,-0.407496,-0.344261,-0.275139,-0.796467,-0.288168,-0.997421,-0.457996,-0.739494,-0.306421,-0.552071,-0.166464
G,Right,legacy_asl_G_170,0.000000,0.000000,0.285686,-0.365130,0.329071,-0.938704,0.078641,-1.310074,-0.183554,-1.537852,-0.319779,-1.146161,-0.721972,-1.521890,-1.045690,-1.722360,-1.300980,-1.868504,-0.547756,-0.889235,-0.852127,-1.099121,-0.581985,-0.806418,-0.309813,-0.573050,-0.708261,-0.610263,-0.935124,-0.726638,-0.610663,-0.449062,-0.360096,-0.269989,-0.849951,-0.307169,-1.054037,-0.486116,-0.794557,-0.306753,-0.590890,-0.177970
G,Right,legacy_asl_G_171,0.000000,0.000000,0.270899,-0.345504,0.312540,-0.888639,0.075741,-1.240571,-0.172339,-1.456531,-0.301724,-1.085730,-0.682239,-1.441936,-0.988608,-1.632095,-1.230227,-1.770741,-0.517867,-0.842640,-0.805906,-1.041697,-0.550362,-0.764245,-0.292840,-0.542981,-0.670136,-0.578607,-0.884864,-0.689034,-0.577867,-0.425855,-0.340752,-0.256029,-0.804611,-0.291713,-0.997708,-0.461374,-0.752153,-0.291265,-0.559404,-0.169110
G,Right,legacy_asl_G_172,0.003887,0.014951,0.228861,-0.324908,0.288393,-0.829608,0.019799,-1.117333,-0.295676,-1.203918,-0.358926,-0.997342,-0.683589,-1.349063,-0.946513,-1.587050,-1.162241,-1.716973,-0.576867,-0.790934,-0.673357,-0.969836,-0.413987,-0.705889,-0.171119,-0.434482,-0.752715,-0.547096,-0.763750,-0.715778,-0.464947,-0.438961,-0.253693,-0.231752,-0.867481,-0.315195,-0.894225,-0.423496,-0.618190,-0.217571,-0.427302,-0.072542
G,Right,legacy_asl_G_173,0.000000,0.000000,0.224073,-0.296773,0.256473,-0.781800,0.008288,-1.045288,-0.275491,-1.119582,-0.327425,-0.943440,-0.643356,-1.254555,-0.890578,-1.457183,-1.090080,-1.604327,-0.534781,-0.737471,-0.625102,-0.919135,-0.364568,-0.649891,-0.153143,-0.413013,-0.675526,-0.515006,-0.707862,-0.631914,-0.433520,-0.382838,-0.244812,-0.196131,-0.801569,-0.264559,-0.813505,-0.385247,-0.561454,-0.218275,-0.391306,-0.093289
G,Right,legacy_asl_G_174,0.000000,0.000000,0.253113,-0.309260,0.308320,-0.828745,0.052895,-1.122139,-0.248715,-1.213865,-0.311899,-1.026900,-0.638069,-1.374289,-0.895021,-1.602288,-1.103063,-1.768696,-0.543238,-0.814445,-0.632584,-1.013328,-0.364140,-0.713234,-0.147070,-0.449962,-0.703741,-0.581474,-0.733545,-0.708377,-0.449424,-0.429359,-0.254637,-0.220920,-0.849634,-0.317835,-0.857372,-0.447939,-0.593734,-0.258026,-0.416279,-0.116649
G,Right,legacy_asl_G_175,-0.019878,0.016288,0.236123,-0.313552,0.293393,-0.822712,0.012148,-1.152164,-0.315260,-1.231014,-0.358137,-1.012481,-0.684692,-1.328527,-0.950301,-1.566488,-1.177827,-1.731950,-0.592473,-0.779315,-0.649290,-0.995930,-0.412497,-0.686975,-0.170081,-0.452256,-0.709943,-0.564062,-0.759765,-0.659541,-0.465515,-0.431496,-0.249614,-0.206619,-0.852376,-0.262401,-0.888336,-0.421285,-0.600671,-0.239969,-0.411433,-0.113199
G,Right,legacy_asl_G_176,0.000000,0.000000,0.246523,-0.326507,0.282169,-0.860128,0.009118,-1.150015,-0.303092,-1.231753,-0.360230,-1.037963,-0.707814,-1.380248,-0.979805,-1.603177,-1.199294,-1.765064,-0.588360,-0.811358,-0.687731,-1.011223,-0.401094,-0.715004,-0.168486,-0.454393,-0.743206,-0.566604,-0.778782,-0.695225,-0.476954,-0.421195,-0.269339,-0.215781,-0.881877,-0.291065,-0.895009,-0.423845,-0.617706,-0.240143,-0.430510,-0.102636
G,Right,legacy_asl_G_177,0.000000,0.000000,0.221365,-0.332725,0.225048,-0.855122,-0.058078,-1.121883,-0.367267,-1.183403,-0.411696,-0.991116,-0.770549,-1.304628,-1.048743,-1.506163,-1.272189,-1.651233,-0.620944,-0.756873,-0.729477,-0.945970,-0.432734,-0.673826,-0.190748,-0.433256,-0.757678,-0.509202,-0.799857,-0.632546,-0.489594,-0.382922,-0.275192,-0.194718,-0.876847,-0.232455,-0.897384,-0.361161,-0.616295,-0.198187,-0.425757,-0.075007
G,Right,legacy_asl_G_178,-0.001406,0.013656,0.225363,-0.326388,0.276065,-0.811977,-0.011469,-1.111977,-0.296010,-1.223155,-0.358702,-1.049750,-0.691697,-1.345706,-0.969869,-1.576378,-1.174489,-1.693551,-0.586123,-0.794023,-0.695851,-0.988327,-0.402073,-0.706532,-0.178034,-0.443815,-0.705512,-0.562471,-0.748916,-0.668923,-0.463416,-0.402147,-0.257160,-0.224809,-0.854427,-0.290440,-0.890817,-0.421663,-0.578489,-0.215956,-0.412164,-0.096513
G,Right,legacy_asl_G_179,0.000000,0.000000,0.240647,-0.318725,0.275444,-0.839628,0.008901,-1.122606,-0.295868,-1.202396,-0.351644,-1.013225,-0.690944,-1.347351,-0.956453,-1.564968,-1.170711,-1.722996,-0.574337,-0.792020,-0.671340,-0.987122,-0.391534,-0.697962,-0.164470,-0.443563,-0.725493,-0.553099,-0.760221,-0.678655,-0.465586,-0.411156,-0.262920,-0.210638,-0.860859,-0.284127,-0.873678,-0.413743,-0.602984,-0.234420,-0.420250,-0.100189
G,Right,legacy_asl_G_180,0.000000,0.000000,0.218768,-0.334438,0.218385,-0.856848,-0.066809,-1.121397,-0.376468,-1.180508,-0.419398,-0.987881,-0.780681,-1.298591,-1.060435,-1.497954,-1.285004,-1.641280,-0.626817,-0.752017,-0.736818,-0.940263,-0.437966,-0.670437,-0.194114,-0.431758,-0.761619,-0.503289,-0.804757,-0.626301,-0.492560,-0.379100,-0.276699,-0.192570,-0.878630,-0.225623,-0.900168,-0.354165,-0.617819,-0.193384,-0.426328,-0.071691
G,Right,legacy_asl_G_181,0.011579,0.038566,0.269131,-0.353677,0.175937,-0.889078,-0.108494,-1.223938,-0.372325,-1.451417,-0.411145,-0.997308,-0.829072,-1.352563,-1.178637,-1.551745,-1.405548,-1.701306,-0.636839,-0.738581,-0.855960,-0.944964,-0.609585,-0.695040,-0.279970,-0.489425,-0.756111,-0.472055,-0.954858,-0.604450,-0.595590,-0.366642,-0.327739,-0.173624,-0.876169,-0.169301,-1.058101,-0.330129,-0.757656,-0.191920,-0.525539,-0.116953
G,Right,legacy_asl_G_182,0.000000,0.000000,0.252434,-0.361810,0.188960,-0.909939,-0.117188,-1.240412,-0.379985,-1.445616,-0.420663,-1.005574,-0.832969,-1.336974,-1.156737,-1.543489,-1.405195,-1.705722,-0.626092,-0.753770,-0.901000,-0.973856,-0.572760,-0.700101,-0.276751,-0.471765,-0.761231,-0.483348,-0.966232,-0.606030,-0.581413,-0.349582,-0.310317,-0.173485,-0.882124,-0.183346,-1.078721,-0.351077,-0.777231,-0.205783,-0.547473,-0.089119
G,Right,legacy_asl_G_183,0.000000,0.000000,0.284188,-0.338112,0.270099,-0.890368,-0.005507,-1.247374,-0.249129,-1.475579,-0.329191,-1.040451,-0.710566,-1.407911,-1.014868,-1.642897,-1.248050,-1.826968,-0.556635,-0.807809,-0.810998,-1.051941,-0.508273,-0.749507,-0.233609,-0.495255,-0.715660,-0.550294,-0.909060,-0.691026,-0.548366,-0.400770,-0.293854,-0.200843,-0.863137,-0.262005,-1.044113,-0.446902,-0.756530,-0.274962,-0.537904,-0.138008
G,Right,legacy_asl_G_184,0.029564,-0.029347,0.261914,-0.366069,0.185286,-0.924236,-0.119584,-1.237846,-0.388672,-1.448056,-0.425402,-1.007532,-0.845490,-1.331067,-1.146193,-1.550658,-1.433936,-1.685640,-0.619954,-0.742268,-0.901742,-0.971287,-0.545560,-0.692658,-0.303421,-0.469812,-0.777102,-0.484116,-0.933633,-0.586209,-0.584871,-0.345580,-0.289995,-0.163426,-0.890149,-0.185929,-1.052651,-0.342469,-0.781091,-0.169781,-0.549212,-0.082987
G,Right,legacy_asl_G_185,0.000000,0.000000,0.238916,-0.342435,0.178841,-0.861213,-0.110913,-1.173989,-0.359637,-1.368205,-0.398137,-0.951727,-0.788364,-1.265380,-1.094795,-1.460837,-1.329948,-1.614383,-0.592566,-0.713406,-0.852752,-0.921707,-0.542090,-0.662611,-0.261931,-0.446503,-0.720468,-0.457465,-0.914491,-0.573578,-0.550279,-0.330862,-0.293700,-0.164195,-0.834888,-0.173528,-1.020956,-0.332278,-0.735611,-0.194764,-0.518157,-0.084347
G,Right,legacy_asl_G_186,0.000000,0.000000,0.263961,-0.354129,0.217651,-0.904619,-0.078328,-1.244924,-0.334860,-1.458516,-0.389379,-1.019456,-0.791559,-1.364021,-1.109062,-1.580838,-1.352594,-1.750981,-0.602851,-0.773930,-0.871034,-1.002794,-0.551168,-0.718551,-0.262127,-0.480770,-0.746569,-0.507569,-0.947857,-0.636770,-0.570830,-0.368069,-0.305080,-0.183343,-0.876962,-0.211161,-1.068425,-0.385176,-0.771294,-0.230320,-0.545044,-0.106365
G,Right,legacy_asl_G_187,-0.026574,-0.006631,0.242988,-0.349225,0.192150,-0.907431,-0.092314,-1.261985,-0.369454,-1.429657,-0.420914,-1.007439,-0.849408,-1.354213,-1.154402,-1.530893,-1.439790,-1.709618,-0.632932,-0.762115,-0.911798,-0.974707,-0.538161,-0.700721,-0.297088,-0.482963,-0.728062,-0.507382,-0.965716,-0.602211,-0.562794,-0.347548,-0.320612,-0.159298,-0.882178,-0.166271,-1.107213,-0.358744,-0.792942,-0.187590,-0.558315,-0.055851
G,Right,legacy_asl_G_188,0.000000,0.000000,0.249496,-0.357599,0.186761,-0.899349,-0.115825,-1.225976,-0.375562,-1.428791,-0.415768,-0.993871,-0.823275,-1.321414,-1.143275,-1.525525,-1.388841,-1.685871,-0.618806,-0.744997,-0.890514,-0.962522,-0.566095,-0.691953,-0.273530,-0.466275,-0.752372,-0.477722,-0.954987,-0.598977,-0.574647,-0.345514,-0.306706,-0.171466,-0.871858,-0.181212,-1.066166,-0.346991,-0.768185,-0.203389,-0.541102,-0.088082
G,Right,legacy_asl_G_189,0.000000,0.000000,0.246331,-0.366611,0.173162,-0.914179,-0.139102,-1.239606,-0.405769,-1.440400,-0.438757,-0.999199,-0.857302,-1.323688,-1.185026,-1.524723,-1.436586,-1.682755,-0.639969,-0.743530,-0.919022,-0.959008,-0.585641,-0.690744,-0.285320,-0.467379,-0.770493,-0.470461,-0.977856,-0.589665,-0.588143,-0.339719,-0.313679,-0.168207,-0.886237,-0.168032,-1.085979,-0.332478,-0.781632,-0.192335,-0.549592,-0.079589
G,Right,legacy_asl_G_190,0.019523,0.003344,0.247091,-0.353743,0.317108,-0.917133,-0.007630,-1.197234,-0.342090,-1.254493,-0.371935,-1.051666,-0.766812,-1.393844,-1.088059,-1.597887,-1.330655,-1.783879,-0.564537,-0.772641,-0.768465,-0.928578,-0.418902,-0.612011,-0.130357,-0.353689,-0.751330,-0.443014,-0.785517,-0.560542,-0.477849,-0.328657,-0.234992,-0.113058,-0.843847,-0.206218,-0.960123,-0.314826,-0.606609,-0.111507,-0.377489,0.018033
G,Right,legacy_asl_G_191,0.000000,0.000000,0.263020,-0.355326,0.303510,-0.953192,0.024806,-1.260616,-0.350432,-1.285799,-0.367238,-1.064105,-0.787608,-1.434140,-1.109944,-1.666319,-1.370547,-1.832589,-0.606990,-0.785713,-0.779146,-0.957201,-0.435338,-0.640255,-0.146572,-0.372477,-0.755766,-0.498443,-0.840802,-0.588440,-0.485122,-0.321162,-0.237699,-0.121343,-0.888012,-0.186484,-0.969330,-0.315639,-0.658439,-0.134740,-0.438891,-0.001865
G,Right,legacy_asl_G_192,0.000000,0.000000,0.240421,-0.353432,0.256499,-0.932617,-0.024617,-1.218892,-0.388121,-1.228761,-0.395814,-1.013924,-0.816213,-1.355231,-1.136583,-1.567126,-1.394771,-1.717724,-0.616720,-0.735718,-0.789657,-0.894766,-0.445274,-0.601801,-0.155964,-0.354218,-0.749388,-0.452440,-0.835013,-0.536114,-0.481075,-0.291592,-0.234328,-0.108074,-0.865134,-0.145947,-0.948677,-0.267595,-0.641339,-0.104803,-0.424103,0.015113
G,Right,legacy_asl_G_193,-0.012063,0.016712,0.265322,-0.365812,0.273712,-0.933485,0.022939,-1.240579,-0.319297,-1.254796,-0.335602,-1.064923,-0.765072,-1.411481,-1.089462,-1.589362,-1.315630,-1.788547,-0.595171,-0.752961,-0.759560,-0.900586,-0.409633,-0.607919,-0.147516,-0.354614,-0.725129,-0.493859,-0.840062,-0.580313,-0.461173,-0.300526,-0.213724,-0.130199,-0.865125,-0.176042,-0.953655,-0.316959,-0.607985,-0.139069,-0.418203,0.007186
G,Right,legacy_asl_G_194,0.000000,0.000000,0.250208,-0.338018,0.288726,-0.906763,0.023598,-1.199213,-0.333363,-1.223168,-0.349350,-1.012273,-0.749244,-1.364284,-1.055879,-1.585153,-1.303788,-1.743325,-0.577424,-0.747441,-0.741194,-0.910577,-0.414133,-0.609069,-0.139432,-0.354334,-0.718953,-0.474164,-0.799847,-0.559778,-0.461492,-0.305519,-0.226121,-0.115433,-0.844758,-0.177401,-0.922115,-0.300264,-0.626366,-0.128177,-0.417512,-0.001774
G,Right,legacy_asl_G_195,0.000000,0.000000,0.286765,-0.316989,0.382385,-0.888452,0.143334,-1.210685,-0.215354,-1.270477,-0.252535,-1.058743,-0.621972,-1.454650,-0.910139,-1.708611,-1.145149,-1.893303,-0.509621,-0.813580,-0.659028,-0.994910,-0.358232,-0.657345,-0.105741,-0.372309,-0.680005,-0.551251,-0.753303,-0.645910,-0.436376,-0.355014,-0.217228,-0.139289,-0.836823,-0.263600,-0.902832,-0.395586,-0.620818,-0.192053,-0.422148,-0.043387
G,Right,legacy_asl_G_196,0.014489,0.018872,0.259418,-0.352447,0.290871,-0.937564,0.025559,-1.190627,-0.337915,-1.246244,-0.363739,-1.015785,-0.776068,-1.390668,-1.053181,-1.609464,-1.323054,-1.770453,-0.600505,-0.762515,-0.752783,-0.936351,-0.441647,-0.588080,-0.128365,-0.361224,-0.717238,-0.457298,-0.809522,-0.572780,-0.456353,-0.306285,-0.262651,-0.139633,-0.875363,-0.184704,-0.914846,-0.310283,-0.636822,-0.113458,-0.443383,0.012108
G,Right,legacy_asl_G_197,0.000000,0.000000,0.260695,-0.352186,0.300828,-0.944769,0.024587,-1.249476,-0.347335,-1.274436,-0.363993,-1.054701,-0.780648,-1.421467,-1.100135,-1.651593,-1.358435,-1.816394,-0.601626,-0.778769,-0.772261,-0.948743,-0.431491,-0.634597,-0.145276,-0.369186,-0.749087,-0.494038,-0.833372,-0.583240,-0.480835,-0.318324,-0.235599,-0.120271,-0.880165,-0.184837,-0.960764,-0.312850,-0.652620,-0.133550,-0.435012,-0.001849
G,Right,legacy_asl_G_198,0.000000,0.000000,0.260529,-0.338882,0.310196,-0.916158,0.046170,-1.218266,-0.316149,-1.249216,-0.336298,-1.035188,-0.736179,-1.400320,-1.043711,-1.630452,-1.292722,-1.795781,-0.572979,-0.770273,-0.736393,-0.939090,-0.409595,-0.626630,-0.135142,-0.362673,-0.721865,-0.495172,-0.802490,-0.583674,-0.463340,-0.319023,-0.227660,-0.121493,-0.855205,-0.195914,-0.931546,-0.322206,-0.634175,-0.141850,-0.424265,-0.009528
G,Right,legacy_asl_G_199,0.007766,-0.000309,0.244124,-0.354919,0.429777,-0.840074,0.346502,-1.197541,0.187562,-1.404378,-0.068175,-1.129901,-0.310764,-1.508259,-0.521169,-1.694859,-0.729922,-1.899796,-0.290128,-0.951459,-0.506973,-1.163034,-0.387951,-0.860334,-0.207288,-0.645025,-0.486170,-0.712395,-0.698034,-0.874782,-0.493709,-0.576820,-0.348264,-0.375355,-0.657712,-0.497462,-0.853522,-0.657503,-0.668338,-0.435238,-0.522548,-0.306800
G,Right,legacy_asl_G_200,0.000000,0.000000,0.267073,-0.341273,0.438124,-0.799090,0.354468,-1.137096,0.172381,-1.372145,-0.056022,-1.102908,-0.302181,-1.472905,-0.521795,-1.670856,-0.702052,-1.826720,-0.290665,-0.924191,-0.516585,-1.109928,-0.369296,-0.828496,-0.205128,-0.602350,-0.476214,-0.708871,-0.673492,-0.846998,-0.487773,-0.575311,-0.324856,-0.381598,-0.633882,-0.471186,-0.812561,-0.622992,-0.653679,-0.433652,-0.504389,-0.288920
G,Right,legacy_asl_G_201,0.000000,0.000000,0.262527,-0.360615,0.422108,-0.837683,0.323961,-1.182392,0.128244,-1.417670,-0.097080,-1.132540,-0.363536,-1.504345,-0.596530,-1.700119,-0.787532,-1.854006,-0.332062,-0.940304,-0.571105,-1.123287,-0.409524,-0.839051,-0.232558,-0.612290,-0.515230,-0.712170,-0.723108,-0.847203,-0.522344,-0.574366,-0.347824,-0.380923,-0.668919,-0.462027,-0.858153,-0.611797,-0.687941,-0.422708,-0.529192,-0.279166
G,Right,legacy_asl_G_202,-0.020777,0.022200,0.265962,-0.335679,0.441793,-0.818025,0.362980,-1.169367,0.183520,-1.405001,-0.058475,-1.142538,-0.302289,-1.495460,-0.517669,-1.739435,-0.678208,-1.880274,-0.291350,-0.943990,-0.530913,-1.169067,-0.376905,-0.844175,-0.192904,-0.628653,-0.511000,-0.731056,-0.695394,-0.854617,-0.485767,-0.579944,-0.362005,-0.390403,-0.650726,-0.494616,-0.848080,-0.648285,-0.666921,-0.452788,-0.544427,-0.307265
G,Right,legacy_asl_G_203,0.000000,0.000000,0.275333,-0.351828,0.451674,-0.823804,0.365431,-1.172264,0.177713,-1.414582,-0.057755,-1.137019,-0.311527,-1.518459,-0.537933,-1.722532,-0.723765,-1.883217,-0.299655,-0.952774,-0.532561,-1.144256,-0.380717,-0.854120,-0.211472,-0.620979,-0.490942,-0.730795,-0.694321,-0.873194,-0.502859,-0.593105,-0.334903,-0.393400,-0.653486,-0.485759,-0.837692,-0.642260,-0.673896,-0.447064,-0.519989,-0.297856
G,Right,legacy_asl_G_204,0.000000,0.000000,0.292223,-0.337001,0.491768,-0.798781,0.423271,-1.150584,0.248256,-1.401643,-0.000484,-1.136693,-0.234379,-1.529797,-0.449893,-1.744663,-0.627127,-1.914225,-0.250952,-0.965121,-0.473580,-1.167757,-0.336739,-0.870818,-0.179683,-0.629839,-0.452845,-0.753379,-0.648495,-0.905589,-0.471644,-0.616678,-0.314195,-0.409104,-0.627235,-0.517202,-0.803057,-0.682511,-0.649530,-0.479642,-0.503554,-0.323127
G,Right,legacy_asl_G_205,0.003507,-0.007997,0.287400,-0.370196,0.446836,-0.825176,0.348398,-1.165276,0.188726,-1.410084,-0.064572,-1.133234,-0.304671,-1.509118,-0.520331,-1.708654,-0.727313,-1.901994,-0.299934,-0.955624,-0.538603,-1.158781,-0.368717,-0.831874,-0.184424,-0.629853,-0.467912,-0.732518,-0.685245,-0.867001,-0.528469,-0.592675,-0.328059,-0.393368,-0.642747,-0.473324,-0.816778,-0.648794,-0.680374,-0.455607,-0.521926,-0.298035
G,Right,legacy_asl_G_206,0.000000,0.000000,0.273678,-0.349712,0.448958,-0.818850,0.363233,-1.165215,0.176644,-1.406076,-0.057407,-1.130181,-0.309654,-1.509328,-0.534699,-1.712174,-0.719413,-1.871892,-0.297853,-0.947045,-0.529359,-1.137375,-0.378428,-0.848984,-0.210200,-0.617245,-0.487990,-0.726400,-0.690146,-0.867943,-0.499835,-0.589538,-0.332889,-0.391034,-0.649557,-0.482837,-0.832654,-0.638398,-0.669843,-0.444375,-0.516862,-0.296065
G,Right,legacy_asl_G_207,0.000000,0.000000,0.301106,-0.329087,0.512897,-0.785381,0.453806,-1.138886,0.285549,-1.394524,0.029832,-1.136302,-0.193496,-1.535504,-0.403203,-1.756041,-0.575851,-1.930269,-0.225123,-0.971471,-0.442268,-1.179972,-0.313394,-0.879489,-0.162821,-0.634407,-0.432591,-0.765188,-0.624112,-0.922562,-0.455029,-0.629037,-0.303172,-0.417338,-0.613218,-0.533746,-0.784569,-0.703686,-0.636507,-0.496794,-0.494757,-0.336442
G,Right,legacy_asl_G_208,-0.013399,-0.005216,0.205625,-0.347411,0.182100,-0.866930,-0.073386,-1.156828,-0.301299,-1.402823,-0.445794,-0.992984,-0.872045,-1.349348,-1.172870,-1.540816,-1.412881,-1.671323,-0.611092,-0.749802,-0.841436,-0.962891,-0.577220,-0.703966,-0.343746,-0.493378,-0.755890,-0.497619,-0.921119,-0.641421,-0.578760,-0.392627,-0.380548,-0.216975,-0.880125,-0.190862,-1.030581,-0.376869,-0.776805,-0.213266,-0.586427,-0.092613
G,Right,legacy_asl_G_209,0.000000,0.000000,0.216117,-0.346653,0.170424,-0.844011,-0.079206,-1.124838,-0.269931,-1.365270,-0.445354,-0.987484,-0.857552,-1.329548,-1.154930,-1.521610,-1.395977,-1.669124,-0.628745,-0.740827,-0.840404,-0.950570,-0.562271,-0.693173,-0.319527,-0.481113,-0.756010,-0.478436,-0.914580,-0.625035,-0.604866,-0.379993,-0.378543,-0.209716,-0.867860,-0.188443,-1.032392,-0.377367,-0.770744,-0.229358,-0.567266,-0.106804
G,Right,legacy_asl_G_210,0.000000,0.000000,0.212482,-0.356407,0.156041,-0.860578,-0.103141,-1.140735,-0.301684,-1.381058,-0.472211,-0.993855,-0.897725,-1.332921,-1.203604,-1.521968,-1.451377,-1.666912,-0.653477,-0.739660,-0.872661,-0.948394,-0.585007,-0.692606,-0.334207,-0.482148,-0.777426,-0.470619,-0.941421,-0.616298,-0.621944,-0.373695,-0.388663,-0.205338,-0.885162,-0.173858,-1.056066,-0.362400,-0.787362,-0.217370,-0.578245,-0.097017
G,Right,legacy_asl_G_211,-0.016322,0.021166,0.229857,-0.345098,0.195435,-0.863065,-0.074150,-1.140446,-0.252335,-1.397590,-0.467173,-0.968684,-0.868067,-1.333792,-1.186065,-1.532120,-1.429776,-1.692666,-0.626388,-0.742803,-0.860732,-0.968783,-0.587481,-0.701592,-0.320406,-0.468785,-0.759439,-0.482585,-0.932374,-0.613167,-0.574031,-0.406566,-0.373314,-0.230137,-0.864375,-0.186036,-1.048872,-0.406879,-0.774131,-0.257725,-0.593460,-0.071520
G,Right,legacy_asl_G_212,0.000000,0.000000,0.210840,-0.338189,0.166263,-0.823402,-0.077272,-1.097372,-0.263340,-1.331933,-0.434479,-0.963371,-0.836612,-1.297084,-1.126729,-1.484456,-1.361890,-1.628368,-0.613393,-0.722738,-0.819884,-0.927359,-0.548541,-0.676247,-0.311724,-0.469365,-0.737550,-0.466753,-0.892248,-0.609773,-0.590097,-0.370714,-0.369299,-0.204595,-0.846668,-0.183841,-1.007183,-0.368153,-0.751924,-0.223757,-0.553414,-0.104197
G,Right,legacy_asl_G_213,0.000000,0.000000,0.239356,-0.338945,0.221995,-0.845968,-0.014791,-1.145293,-0.194194,-1.400222,-0.394097,-1.027336,-0.792172,-1.398232,-1.082548,-1.610323,-1.318396,-1.773957,-0.594441,-0.787890,-0.796861,-1.012917,-0.529806,-0.735691,-0.295998,-0.506504,-0.738784,-0.529217,-0.891047,-0.687119,-0.591247,-0.420582,-0.371656,-0.234722,-0.869103,-0.241656,-1.024946,-0.442827,-0.768236,-0.277490,-0.569032,-0.141356
G,Right,legacy_asl_G_214,-0.008876,-0.010016,0.217222,-0.354116,0.160783,-0.848898,-0.090254,-1.142061,-0.258403,-1.387178,-0.459591,-1.015697,-0.901191,-1.356259,-1.152543,-1.549176,-1.422882,-1.675930,-0.649420,-0.748381,-0.851097,-0.960929,-0.551191,-0.690269,-0.324671,-0.481895,-0.783976,-0.477656,-0.934010,-0.641195,-0.604494,-0.382184,-0.382569,-0.229921,-0.869183,-0.193985,-1.020506,-0.375772,-0.787610,-0.223277,-0.583527,-0.121697
G,Right,legacy_asl_G_215,0.000000,0.000000,0.212835,-0.341388,0.167836,-0.831191,-0.078003,-1.107753,-0.265831,-1.344533,-0.438590,-0.972485,-0.844527,-1.309354,-1.137388,-1.498499,-1.374774,-1.643773,-0.619196,-0.729575,-0.827640,-0.936132,-0.553731,-0.682644,-0.314673,-0.473806,-0.744528,-0.471169,-0.900689,-0.615541,-0.595679,-0.374221,-0.372793,-0.206530,-0.854678,-0.185581,-1.016711,-0.371635,-0.759038,-0.225874,-0.558650,-0.105182
G,Right,legacy_asl_G_216,0.000000,0.000000,0.213741,-0.355654,0.159083,-0.860021,-0.099107,-1.141093,-0.296799,-1.382116,-0.468694,-0.995518,-0.893006,-1.336087,-1.198215,-1.526215,-1.445474,-1.672033,-0.650858,-0.741966,-0.869303,-0.951473,-0.582554,-0.694670,-0.332500,-0.483326,-0.775757,-0.473365,-0.939236,-0.619623,-0.620619,-0.375892,-0.387935,-0.206710,-0.884542,-0.176987,-1.054778,-0.366132,-0.786588,-0.220152,-0.577898,-0.099061
G,Right,legacy_asl_G_217,0.017472,0.007603,0.182918,-0.391068,0.032834,-0.855939,-0.225474,-1.169975,-0.449791,-1.391762,-0.516037,-0.961597,-0.943570,-1.146928,-1.275788,-1.292537,-1.526768,-1.367839,-0.686323,-0.689370,-1.006462,-0.830568,-0.687903,-0.618109,-0.430412,-0.441428,-0.781218,-0.380471,-0.988454,-0.454977,-0.647233,-0.268381,-0.374236,-0.184975,-0.801045,-0.086438,-1.043273,-0.170136,-0.746577,-0.075854,-0.564572,-0.056612
G,Right,legacy_asl_G_218,0.000000,0.000000,0.178886,-0.364971,0.049337,-0.835966,-0.225876,-1.110706,-0.432575,-1.328646,-0.503516,-0.907367,-0.923985,-1.117501,-1.215841,-1.231479,-1.459376,-1.318474,-0.667358,-0.641918,-0.954714,-0.794696,-0.649103,-0.596744,-0.411699,-0.439264,-0.745310,-0.359912,-0.957966,-0.442161,-0.607679,-0.263025,-0.379059,-0.167857,-0.770954,-0.079267,-0.984187,-0.177488,-0.721921,-0.074724,-0.527370,-0.012002
G,Right,legacy_asl_G_219,0.000000,0.000000,0.191539,-0.380578,0.060955,-0.875696,-0.224479,-1.166716,-0.438728,-1.397440,-0.517743,-0.956649,-0.956147,-1.181555,-1.260804,-1.304251,-1.515111,-1.398130,-0.692414,-0.680222,-0.991925,-0.843538,-0.673779,-0.632670,-0.426677,-0.464978,-0.777239,-0.385492,-0.999232,-0.474054,-0.634048,-0.282415,-0.395466,-0.180135,-0.807221,-0.091609,-1.029642,-0.196919,-0.755876,-0.086305,-0.552646,-0.018410
G,Right,legacy_asl_G_220,-0.004319,-0.003452,0.196833,-0.379120,0.028612,-0.851367,-0.237456,-1.169963,-0.432708,-1.410623,-0.541634,-0.959999,-0.964446,-1.164578,-1.255331,-1.284499,-1.508340,-1.392634,-0.714255,-0.671210,-1.007747,-0.849680,-0.695435,-0.643041,-0.424223,-0.488048,-0.789323,-0.388538,-0.997741,-0.454195,-0.615411,-0.276484,-0.373105,-0.154001,-0.808640,-0.089947,-1.036814,-0.199067,-0.755337,-0.063738,-0.559778,-0.030940
G,Right,legacy_asl_G_221,0.000000,0.000000,0.195028,-0.397906,0.053789,-0.911403,-0.246259,-1.210935,-0.471610,-1.448541,-0.548952,-0.989247,-1.007365,-1.218343,-1.325557,-1.342606,-1.591069,-1.437452,-0.727579,-0.699844,-1.040866,-0.866409,-0.707678,-0.650593,-0.448850,-0.478903,-0.812566,-0.392390,-1.044412,-0.482061,-0.662515,-0.286760,-0.413265,-0.183004,-0.840524,-0.086420,-1.072999,-0.193504,-0.787067,-0.081467,-0.574960,-0.013085
G,Right,legacy_asl_G_222,0.000000,0.000000,0.201523,-0.375386,0.084060,-0.873781,-0.193589,-1.172237,-0.401670,-1.408539,-0.492298,-0.969989,-0.924610,-1.206394,-1.225921,-1.337093,-1.477659,-1.437655,-0.674208,-0.698271,-0.969302,-0.869440,-0.656836,-0.650243,-0.414249,-0.476084,-0.766788,-0.405883,-0.986364,-0.500277,-0.626369,-0.299061,-0.390571,-0.190516,-0.804520,-0.112895,-1.024082,-0.224042,-0.753333,-0.106237,-0.551967,-0.032999
G,Right,legacy_asl_G_223,-0.010009,0.007807,0.183269,-0.400240,0.034047,-0.850787,-0.262415,-1.154401,-0.475129,-1.389639,-0.531960,-0.958586,-0.957361,-1.177049,-1.266718,-1.297185,-1.508800,-1.374842,-0.699856,-0.655141,-1.006611,-0.828842,-0.677790,-0.626773,-0.426017,-0.485235,-0.790003,-0.394196,-1.010650,-0.446784,-0.650912,-0.263367,-0.384869,-0.186966,-0.811556,-0.102452,-1.048987,-0.188887,-0.751982,-0.086983,-0.542715,-0.027512
G,Right,legacy_asl_G_224,0.000000,0.000000,0.189672,-0.386978,0.052312,-0.886372,-0.239496,-1.177678,-0.458658,-1.408759,-0.533876,-0.962079,-0.979698,-1.184883,-1.289152,-1.305733,-1.547372,-1.397974,-0.707597,-0.680623,-1.012280,-0.842614,-0.688242,-0.632725,-0.436523,-0.465750,-0.790250,-0.381614,-1.015729,-0.468822,-0.644320,-0.278884,-0.401915,-0.177978,-0.817440,-0.084047,-1.043531,-0.188190,-0.765451,-0.079229,-0.559169,-0.012725
G,Right,legacy_asl_G_225,0.000000,0.000000,0.166943,-0.391990,0.005131,-0.877800,-0.298237,-1.150074,-0.526727,-1.366704,-0.577545,-0.921780,-1.029367,-1.118344,-1.341212,-1.221413,-1.600975,-1.298926,-0.734279,-0.634802,-1.043572,-0.778736,-0.712658,-0.588531,-0.455390,-0.436897,-0.800186,-0.335273,-1.027362,-0.409535,-0.650728,-0.241512,-0.406123,-0.154615,-0.811413,-0.040078,-1.040083,-0.131027,-0.759835,-0.038050,-0.552698,0.016780
G,Right,legacy_asl_G_226,0.010638,0.001831,0.161673,-0.368831,0.154982,-0.793610,-0.041706,-1.065624,-0.204347,-1.295678,-0.380883,-1.019970,-0.679339,-1.330148,-0.952039,-1.509174,-1.105873,-1.715883,-0.574036,-0.798943,-0.759262,-1.008652,-0.524322,-0.814162,-0.319624,-0.580736,-0.724187,-0.555814,-0.852190,-0.746191,-0.573527,-0.509041,-0.338166,-0.310709,-0.817631,-0.281051,-0.996558,-0.518574,-0.720130,-0.350059,-0.603896,-0.236753
G,Right,legacy_asl_G_227,0.000000,0.000000,0.159901,-0.326425,0.176220,-0.758327,-0.025202,-1.004172,-0.213232,-1.211974,-0.388797,-0.947444,-0.666441,-1.256174,-0.883579,-1.439663,-1.060853,-1.585347,-0.558351,-0.755838,-0.723643,-0.996461,-0.479711,-0.762730,-0.269306,-0.549696,-0.684526,-0.528275,-0.802648,-0.713468,-0.531080,-0.481506,-0.339061,-0.296114,-0.802780,-0.261652,-0.931163,-0.488631,-0.710784,-0.358607,-0.543015,-0.214540
G,Right,legacy_asl_G_228,0.000000,0.000000,0.197467,-0.329459,0.253150,-0.782780,0.062976,-1.059600,-0.116489,-1.295168,-0.324932,-1.032279,-0.589760,-1.382108,-0.802041,-1.594671,-0.975718,-1.763872,-0.520546,-0.845639,-0.673142,-1.113740,-0.437127,-0.845886,-0.234569,-0.602814,-0.673688,-0.617272,-0.781557,-0.822803,-0.516284,-0.554347,-0.330622,-0.342020,-0.821972,-0.347069,-0.936921,-0.597514,-0.716461,-0.440958,-0.552649,-0.274306
G,Right,legacy_asl_G_229,0.001012,0.004797,0.142952,-0.353222,0.201201,-0.800097,-0.025917,-1.067905,-0.225551,-1.252197,-0.413244,-1.008541,-0.706561,-1.343250,-0.942513,-1.511247,-1.128613,-1.676048,-0.605753,-0.788664,-0.768334,-1.061568,-0.516742,-0.801670,-0.258509,-0.576708,-0.707150,-0.571904,-0.858648,-0.753735,-0.562258,-0.501369,-0.364147,-0.303305,-0.853028,-0.315290,-0.978394,-0.513527,-0.762337,-0.375002,-0.574182,-0.208627
G,Right,legacy_asl_G_230,0.000000,0.000000,0.159740,-0.326097,0.176043,-0.757565,-0.025177,-1.003163,-0.213018,-1.210757,-0.388406,-0.946493,-0.665771,-1.254912,-0.882692,-1.438216,-1.059788,-1.583754,-0.557790,-0.755079,-0.722916,-0.995460,-0.479230,-0.761964,-0.269036,-0.549144,-0.683839,-0.527744,-0.801842,-0.712752,-0.530546,-0.481022,-0.338720,-0.295816,-0.801973,-0.261389,-0.930227,-0.488140,-0.710070,-0.358246,-0.542469,-0.214324
G,Right,legacy_asl_G_231,0.000000,0.000000,0.176098,-0.341359,0.202816,-0.797305,-0.004592,-1.061460,-0.198686,-1.285128,-0.389974,-1.009505,-0.676530,-1.341770,-0.901910,-1.540390,-1.086004,-1.698195,-0.573312,-0.810794,-0.742663,-1.068639,-0.490078,-0.816350,-0.272460,-0.586662,-0.711610,-0.573142,-0.832341,-0.771391,-0.550519,-0.520364,-0.351720,-0.320284,-0.842395,-0.294050,-0.973051,-0.536670,-0.743074,-0.394464,-0.568987,-0.238576
G,Right,legacy_asl_G_232,-0.003928,-0.022583,0.151910,-0.343107,0.202358,-0.813817,-0.002311,-1.070223,-0.231982,-1.269335,-0.415757,-0.996337,-0.684800,-1.327533,-0.946030,-1.515316,-1.112922,-1.681780,-0.603479,-0.797827,-0.758744,-1.062772,-0.509004,-0.830553,-0.274808,-0.558776,-0.702762,-0.548201,-0.852605,-0.718997,-0.565172,-0.522492,-0.392481,-0.320964,-0.850423,-0.286132,-0.988183,-0.518565,-0.735168,-0.348750,-0.567464,-0.246760
G,Right,legacy_asl_G_233,0.000000,0.000000,0.175838,-0.358959,0.193784,-0.833909,-0.027714,-1.104257,-0.234485,-1.332771,-0.427548,-1.041876,-0.732865,-1.381376,-0.971645,-1.583153,-1.166588,-1.743357,-0.614002,-0.831172,-0.795768,-1.095778,-0.527524,-0.838751,-0.296148,-0.604484,-0.752753,-0.580928,-0.882647,-0.784579,-0.584012,-0.529497,-0.372855,-0.325627,-0.882792,-0.287730,-1.023971,-0.537332,-0.781628,-0.394349,-0.597136,-0.235923
G,Right,legacy_asl_G_234,0.000000,0.000000,0.164563,-0.347066,0.175992,-0.803652,-0.040148,-1.060710,-0.241626,-1.277751,-0.423573,-0.995875,-0.721100,-1.318353,-0.953007,-1.509312,-1.142284,-1.660861,-0.600152,-0.791133,-0.778046,-1.043160,-0.517151,-0.799474,-0.291960,-0.577206,-0.730410,-0.548982,-0.857716,-0.743074,-0.567643,-0.501629,-0.362252,-0.308321,-0.851773,-0.265665,-0.990483,-0.503772,-0.755872,-0.369350,-0.576660,-0.219381
G,Right,legacy_asl_G_235,-0.002820,-0.019339,0.280750,-0.306934,0.274816,-0.823697,0.007281,-1.171799,-0.187496,-1.466670,-0.343713,-1.032568,-0.761366,-1.379322,-1.049700,-1.617764,-1.321497,-1.792802,-0.542924,-0.836470,-0.790260,-0.978265,-0.524002,-0.719049,-0.262530,-0.500211,-0.731397,-0.530330,-0.863756,-0.613088,-0.527147,-0.345257,-0.278325,-0.188656,-0.830090,-0.236828,-0.983347,-0.335343,-0.666285,-0.200440,-0.500653,-0.078619
G,Right,legacy_asl_G_236,0.000000,0.000000,0.304491,-0.320595,0.282984,-0.847802,0.029452,-1.203704,-0.185835,-1.492703,-0.343872,-1.066185,-0.765157,-1.423373,-1.082490,-1.658467,-1.340482,-1.826032,-0.575990,-0.815512,-0.832723,-1.021959,-0.532107,-0.733258,-0.259822,-0.503433,-0.737177,-0.543754,-0.892679,-0.626787,-0.528663,-0.354812,-0.283602,-0.207700,-0.857792,-0.245104,-1.012718,-0.367239,-0.706868,-0.189231,-0.504297,-0.095615
G,Right,legacy_asl_G_237,0.000000,0.000000,0.273471,-0.332321,0.216142,-0.842708,-0.054621,-1.170732,-0.283627,-1.436442,-0.407580,-1.011402,-0.841307,-1.329077,-1.165663,-1.535395,-1.427736,-1.680250,-0.615618,-0.751973,-0.879156,-0.934667,-0.567324,-0.675145,-0.287070,-0.470829,-0.753329,-0.476975,-0.910048,-0.546843,-0.537817,-0.307944,-0.289713,-0.182053,-0.849789,-0.178672,-1.008653,-0.286545,-0.699392,-0.134859,-0.496240,-0.057970
G,Right,legacy_asl_G_238,-0.015918,0.016604,0.323955,-0.315440,0.275039,-0.841326,0.037134,-1.133124,-0.190132,-1.438536,-0.304605,-1.051850,-0.740980,-1.371106,-1.040837,-1.609471,-1.309406,-1.787682,-0.531482,-0.795874,-0.808357,-1.007048,-0.529475,-0.708052,-0.245884,-0.515559,-0.728829,-0.534382,-0.880213,-0.589940,-0.519487,-0.337564,-0.265815,-0.191409,-0.828230,-0.249521,-0.981697,-0.331660,-0.709605,-0.176307,-0.511422,-0.093715
G,Right,legacy_asl_G_239,0.000000,0.000000,0.287241,-0.302433,0.266953,-0.799774,0.027784,-1.135515,-0.175307,-1.408142,-0.324392,-1.005785,-0.721811,-1.342739,-1.021167,-1.564515,-1.264544,-1.722587,-0.543360,-0.769313,-0.785550,-0.964065,-0.501963,-0.691719,-0.245103,-0.474914,-0.695416,-0.512950,-0.842108,-0.591280,-0.498714,-0.334712,-0.267536,-0.195934,-0.809198,-0.231219,-0.955348,-0.346435,-0.666824,-0.178511,-0.475729,-0.090198
G,Right,legacy_asl_G_240,0.000000,0.000000,0.315319,-0.292912,0.326519,-0.806386,0.101886,-1.167568,-0.089666,-1.461427,-0.269158,-1.056698,-0.656681,-1.429340,-0.950648,-1.677044,-1.191079,-1.855533,-0.509913,-0.827307,-0.746754,-1.043492,-0.472289,-0.744729,-0.221763,-0.504886,-0.683044,-0.573115,-0.829055,-0.663245,-0.491981,-0.376870,-0.262867,-0.219038,-0.818398,-0.290327,-0.961469,-0.418409,-0.675181,-0.226862,-0.484089,-0.123585
G,Right,legacy_asl_G_241,0.006635,0.024671,0.288136,-0.309530,0.258891,-0.820423,0.045316,-1.182301,-0.201341,-1.453612,-0.350278,-1.031075,-0.717032,-1.373521,-1.059679,-1.617331,-1.300637,-1.764868,-0.559386,-0.800698,-0.815110,-1.004144,-0.490167,-0.712102,-0.268770,-0.503426,-0.721581,-0.524897,-0.907366,-0.595653,-0.513480,-0.339497,-0.281721,-0.238142,-0.839481,-0.239953,-0.971999,-0.348161,-0.674615,-0.165645,-0.484050,-0.090009
G,Right,legacy_asl_G_242,0.000000,0.000000,0.295556,-0.311188,0.274681,-0.822925,0.028588,-1.168385,-0.180382,-1.448904,-0.333782,-1.034901,-0.742706,-1.381608,-1.050728,-1.609804,-1.301149,-1.772452,-0.559089,-0.791583,-0.808289,-0.991973,-0.516494,-0.711743,-0.252198,-0.488662,-0.715547,-0.527799,-0.866486,-0.608396,-0.513151,-0.344401,-0.275280,-0.201606,-0.832622,-0.237912,-0.983003,-0.356463,-0.686127,-0.183679,-0.489500,-0.092809
G,Right,legacy_asl_G_243,0.000000,0.000000,0.309757,-0.298788,0.311303,-0.812382,0.079919,-1.169277,-0.117123,-1.459483,-0.288975,-1.051451,-0.683434,-1.416743,-0.982006,-1.658877,-1.225750,-1.832814,-0.525375,-0.817575,-0.766238,-1.029270,-0.486206,-0.735719,-0.231215,-0.500628,-0.693697,-0.560173,-0.841376,-0.647543,-0.498978,-0.367555,-0.266938,-0.214058,-0.823711,-0.274892,-0.969164,-0.400261,-0.679327,-0.214130,-0.486326,-0.114463
G,Right,legacy_asl_G_244,-0.005601,0.008069,0.203608,-0.387872,0.208528,-0.883568,-0.049094,-1.144473,-0.337397,-1.245732,-0.497031,-0.984837,-0.956791,-1.245212,-1.273242,-1.393923,-1.513478,-1.480250,-0.640234,-0.702558,-1.014291,-0.811988,-0.733897,-0.640385,-0.440896,-0.504060,-0.777262,-0.379950,-0.877714,-0.424847,-0.571069,-0.212229,-0.352443,-0.128599,-0.814391,-0.127010,-0.954812,-0.170743,-0.675761,-0.025617,-0.422768,-0.004956
G,Right,legacy_asl_G_245,0.000000,0.000000,0.194510,-0.384536,0.204921,-0.887856,-0.025342,-1.166442,-0.323159,-1.288059,-0.528667,-1.008099,-0.968079,-1.287816,-1.295601,-1.415511,-1.547382,-1.501439,-0.698225,-0.719140,-1.030722,-0.845929,-0.749553,-0.652573,-0.452980,-0.510650,-0.789303,-0.422709,-0.933365,-0.405732,-0.588383,-0.218433,-0.349676,-0.140082,-0.844214,-0.120341,-0.971304,-0.168116,-0.665814,-0.039557,-0.459507,0.004996
G,Right,legacy_asl_G_246,0.000000,0.000000,0.200160,-0.371880,0.222921,-0.864728,0.004283,-1.143407,-0.284457,-1.269990,-0.492781,-1.000839,-0.916297,-1.285846,-1.233986,-1.419125,-1.478515,-1.509593,-0.666110,-0.721974,-0.988697,-0.854488,-0.718059,-0.658039,-0.431044,-0.511594,-0.762739,-0.433831,-0.904302,-0.420793,-0.570993,-0.228686,-0.339086,-0.145966,-0.824081,-0.138968,-0.947401,-0.188945,-0.651318,-0.055371,-0.450309,-0.006573
G,Right,legacy_asl_G_247,-0.004935,0.010696,0.179996,-0.367522,0.207580,-0.894742,-0.013080,-1.170924,-0.329382,-1.255450,-0.502848,-1.005848,-0.932771,-1.281626,-1.287870,-1.352147,-1.522274,-1.487637,-0.642409,-0.711011,-1.015402,-0.823069,-0.765237,-0.645168,-0.452672,-0.506015,-0.781593,-0.407743,-0.919538,-0.397048,-0.585471,-0.217864,-0.358569,-0.131736,-0.825081,-0.110182,-0.969373,-0.148474,-0.656925,-0.022454,-0.443684,-0.002408
G,Right,legacy_asl_G_248,0.000000,0.000000,0.201407,-0.398172,0.212187,-0.919339,-0.026241,-1.207803,-0.334618,-1.333734,-0.547413,-1.043846,-1.002407,-1.333482,-1.341542,-1.465705,-1.602252,-1.554680,-0.722984,-0.744641,-1.067272,-0.875925,-0.776132,-0.675713,-0.469042,-0.528757,-0.817291,-0.437698,-0.966462,-0.420119,-0.609247,-0.226179,-0.362076,-0.145049,-0.874150,-0.124608,-1.005746,-0.174077,-0.689424,-0.040960,-0.475801,0.005173
G,Right,legacy_asl_G_249,0.000000,0.000000,0.153250,-0.393539,0.115656,-0.885478,-0.135377,-1.135373,-0.437413,-1.225748,-0.611311,-0.933172,-1.066460,-1.164329,-1.398048,-1.257815,-1.651794,-1.317746,-0.749289,-0.635229,-1.085644,-0.727358,-0.793041,-0.565428,-0.490292,-0.455128,-0.810007,-0.337442,-0.948919,-0.307215,-0.594646,-0.157247,-0.354373,-0.103466,-0.834884,-0.037295,-0.963383,-0.071839,-0.653205,0.024579,-0.447741,0.048465
G,Right,legacy_asl_G_250,0.013954,-0.002626,0.185433,-0.367704,0.217613,-0.884381,-0.015090,-1.138748,-0.316196,-1.285116,-0.526825,-1.000493,-0.964806,-1.267951,-1.247346,-1.410603,-1.493493,-1.485092,-0.702075,-0.715381,-1.013184,-0.822854,-0.733706,-0.659820,-0.405936,-0.502470,-0.773394,-0.412964,-0.912983,-0.413534,-0.581139,-0.208971,-0.348804,-0.129828,-0.814736,-0.105200,-0.946047,-0.139190,-0.646356,-0.030642,-0.461622,0.017097
G,Right,legacy_asl_G_251,0.000000,0.000000,0.183901,-0.363564,0.193744,-0.839432,-0.023960,-1.102824,-0.305534,-1.217808,-0.499833,-0.953117,-0.915279,-1.217578,-1.224938,-1.338309,-1.462987,-1.419551,-0.660143,-0.679918,-0.974506,-0.799792,-0.708672,-0.616982,-0.428274,-0.482799,-0.746254,-0.399654,-0.882459,-0.383603,-0.556292,-0.206520,-0.330605,-0.132441,-0.798170,-0.113778,-0.918329,-0.158947,-0.629500,-0.037399,-0.434446,0.004723
G,Right,legacy_asl_G_252,0.000000,0.000000,0.225227,-0.357255,0.281782,-0.847376,0.082799,-1.140413,-0.196565,-1.286527,-0.422882,-1.032319,-0.825824,-1.345739,-1.133610,-1.500521,-1.371348,-1.607570,-0.614954,-0.766016,-0.927679,-0.920372,-0.671170,-0.705800,-0.394892,-0.539989,-0.731143,-0.485189,-0.873267,-0.481905,-0.553939,-0.267360,-0.328260,-0.168909,-0.812592,-0.195236,-0.932187,-0.253565,-0.645977,-0.099971,-0.448794,-0.037484
G,Right,legacy_asl_G_253,0.008415,-0.015449,0.260547,-0.317179,0.298645,-0.818595,0.082955,-1.128375,-0.039514,-1.349138,-0.375867,-1.039889,-0.754804,-1.394231,-1.022762,-1.546863,-1.249574,-1.653642,-0.514267,-0.803330,-0.731359,-1.020702,-0.467815,-0.825046,-0.264128,-0.654809,-0.682584,-0.562032,-0.822145,-0.676057,-0.537655,-0.487514,-0.354214,-0.370223,-0.816939,-0.296924,-0.949544,-0.430207,-0.663595,-0.293684,-0.482746,-0.178759
G,Right,legacy_asl_G_254,0.000000,0.000000,0.243569,-0.303379,0.274191,-0.770167,0.101071,-1.053333,-0.048583,-1.271064,-0.341986,-0.974471,-0.692277,-1.278991,-0.952553,-1.451538,-1.171573,-1.565478,-0.512255,-0.764526,-0.671757,-0.950186,-0.423430,-0.757374,-0.241569,-0.620921,-0.633287,-0.526744,-0.755426,-0.641689,-0.491459,-0.459420,-0.326112,-0.343760,-0.746007,-0.262530,-0.857313,-0.403340,-0.621990,-0.277581,-0.465814,-0.185106
G,Right,legacy_asl_G_255,0.000000,0.000000,0.254215,-0.329932,0.277008,-0.830215,0.085651,-1.129600,-0.079188,-1.359448,-0.386889,-1.035713,-0.768337,-1.354164,-1.050615,-1.533283,-1.287481,-1.650554,-0.564646,-0.807356,-0.739340,-1.002666,-0.469419,-0.801600,-0.271845,-0.659438,-0.689107,-0.550257,-0.822298,-0.670676,-0.535861,-0.481229,-0.356407,-0.360969,-0.804106,-0.265043,-0.926255,-0.413379,-0.671686,-0.283806,-0.502544,-0.188165
G,Right,legacy_asl_G_256,-0.026752,-0.004633,0.283068,-0.335080,0.281254,-0.797957,0.103411,-1.102444,-0.043958,-1.351723,-0.365510,-1.020365,-0.749814,-1.374523,-1.033719,-1.554621,-1.270305,-1.671110,-0.547089,-0.809186,-0.736335,-1.030639,-0.462739,-0.795648,-0.243050,-0.635160,-0.664881,-0.574622,-0.798430,-0.689320,-0.518060,-0.494160,-0.338198,-0.383080,-0.798491,-0.282419,-0.926338,-0.445554,-0.662553,-0.281764,-0.499559,-0.189468
G,Right,legacy_asl_G_257,0.000000,0.000000,0.260521,-0.324494,0.293275,-0.823770,0.108105,-1.126645,-0.051964,-1.359531,-0.365788,-1.042295,-0.740459,-1.368009,-1.018851,-1.552565,-1.253115,-1.674436,-0.547908,-0.817737,-0.718511,-1.016320,-0.452900,-0.810087,-0.258382,-0.664138,-0.677364,-0.563406,-0.808004,-0.686351,-0.525665,-0.491396,-0.348809,-0.367686,-0.797929,-0.280802,-0.916983,-0.431413,-0.665281,-0.296901,-0.498234,-0.197989
G,Right,legacy_asl_G_258,0.000000,0.000000,0.269186,-0.317836,0.315065,-0.816531,0.137744,-1.124437,-0.016301,-1.361655,-0.338629,-1.052480,-0.704959,-1.388213,-0.978661,-1.580181,-1.209856,-1.708270,-0.526746,-0.832579,-0.692231,-1.035751,-0.431886,-0.822430,-0.241091,-0.671292,-0.662951,-0.581504,-0.790437,-0.707947,-0.513058,-0.505471,-0.339351,-0.377049,-0.791003,-0.301907,-0.906169,-0.455728,-0.657858,-0.314532,-0.493315,-0.211180
G,Right,legacy_asl_G_259,-0.030129,0.015693,0.252984,-0.321976,0.310625,-0.794076,0.069681,-1.124520,-0.051851,-1.378534,-0.350900,-1.021318,-0.717664,-1.372726,-1.016053,-1.536862,-1.247194,-1.675567,-0.561400,-0.796090,-0.721483,-0.990131,-0.429212,-0.829663,-0.245700,-0.647504,-0.657181,-0.549695,-0.801975,-0.687711,-0.502977,-0.480329,-0.373813,-0.418111,-0.786375,-0.279376,-0.894866,-0.454703,-0.685076,-0.328915,-0.481022,-0.167273
G,Right,legacy_asl_G_260,0.000000,0.000000,0.271752,-0.338483,0.305918,-0.859284,0.112766,-1.175216,-0.054204,-1.418141,-0.381558,-1.087229,-0.772381,-1.426984,-1.062774,-1.619497,-1.307138,-1.746622,-0.571529,-0.852990,-0.749486,-1.060134,-0.472425,-0.845011,-0.269521,-0.692769,-0.706565,-0.587695,-0.842837,-0.715940,-0.548327,-0.512580,-0.363846,-0.383537,-0.832328,-0.292908,-0.956514,-0.450011,-0.693962,-0.309700,-0.519714,-0.206525
G,Right,legacy_asl_G_261,0.000000,0.000000,0.269957,-0.317181,0.317048,-0.815764,0.140475,-1.124099,-0.012993,-1.361690,-0.336071,-1.053300,-0.701584,-1.389921,-0.974819,-1.582554,-1.205703,-1.711204,-0.524722,-0.833856,-0.689713,-1.037429,-0.429887,-0.823477,-0.239459,-0.671876,-0.661536,-0.583113,-0.788714,-0.709866,-0.511829,-0.506716,-0.338434,-0.377872,-0.790267,-0.303828,-0.905060,-0.457928,-0.657092,-0.316130,-0.492801,-0.212378
G,Right,legacy_asl_G_262,-0.007251,0.001384,0.223238,-0.346065,0.225450,-0.882151,-0.073820,-1.144081,-0.412231,-1.266231,-0.416807,-0.960618,-0.808960,-1.302898,-1.136609,-1.514712,-1.391258,-1.716374,-0.629742,-0.685332,-0.794737,-0.897321,-0.465935,-0.585570,-0.188520,-0.375074,-0.723877,-0.403372,-0.866111,-0.517233,-0.491893,-0.256489,-0.210029,-0.047972,-0.865500,-0.118145,-0.963329,-0.253669,-0.632596,-0.069645,-0.407975,0.053306
G,Right,legacy_asl_G_263,0.000000,0.000000,0.250196,-0.364438,0.224606,-0.880847,-0.079567,-1.176058,-0.409501,-1.298643,-0.425931,-0.959508,-0.839400,-1.311068,-1.163060,-1.538097,-1.418554,-1.714365,-0.634589,-0.693643,-0.790267,-0.905319,-0.459924,-0.622837,-0.178956,-0.370161,-0.770568,-0.411602,-0.850852,-0.517969,-0.483660,-0.249308,-0.226654,-0.054608,-0.900158,-0.115317,-0.962549,-0.240107,-0.643334,-0.067877,-0.424097,0.054483
G,Right,legacy_asl_G_264,0.000000,0.000000,0.234544,-0.366407,0.192998,-0.873552,-0.115558,-1.154285,-0.443979,-1.264401,-0.449385,-0.930296,-0.867235,-1.262990,-1.192797,-1.476040,-1.449698,-1.641321,-0.646197,-0.662167,-0.806040,-0.865441,-0.472147,-0.598058,-0.187765,-0.358428,-0.771007,-0.380430,-0.853350,-0.482510,-0.483649,-0.229891,-0.224676,-0.046527,-0.889081,-0.084885,-0.954408,-0.205654,-0.634957,-0.046365,-0.415428,0.067039
G,Right,legacy_asl_G_265,-0.004093,-0.010663,0.264288,-0.358927,0.213985,-0.858987,-0.082135,-1.174729,-0.421921,-1.267630,-0.430479,-0.989451,-0.840817,-1.281452,-1.155309,-1.534709,-1.404755,-1.704962,-0.625248,-0.677083,-0.788829,-0.897702,-0.472371,-0.601770,-0.197037,-0.333095,-0.760116,-0.393288,-0.857903,-0.510203,-0.479997,-0.229934,-0.225772,-0.058221,-0.874853,-0.082097,-0.952841,-0.239944,-0.622898,-0.078989,-0.438035,0.054012
G,Right,legacy_asl_G_266,0.000000,0.000000,0.236830,-0.344969,0.212607,-0.833791,-0.075317,-1.113230,-0.387625,-1.229266,-0.403177,-0.908248,-0.794557,-1.241027,-1.100927,-1.455928,-1.342772,-1.622780,-0.600687,-0.656587,-0.748049,-0.856955,-0.435354,-0.589564,-0.169396,-0.350386,-0.729402,-0.389614,-0.805397,-0.490298,-0.457822,-0.235990,-0.214546,-0.051691,-0.852070,-0.109156,-0.911128,-0.227280,-0.608966,-0.064251,-0.401441,0.051572
G,Right,legacy_asl_G_267,0.000000,0.000000,0.254935,-0.352524,0.242199,-0.861209,-0.049949,-1.158979,-0.371601,-1.287532,-0.395935,-0.954271,-0.794256,-1.310113,-1.107220,-1.541273,-1.354340,-1.720849,-0.607628,-0.697728,-0.755692,-0.909735,-0.437491,-0.623857,-0.167148,-0.368494,-0.748206,-0.423518,-0.824630,-0.530101,-0.469842,-0.256933,-0.221678,-0.059186,-0.882841,-0.135140,-0.941218,-0.259418,-0.631308,-0.082279,-0.418560,0.043386
G,Right,legacy_asl_G_268,-0.014125,-0.007744,0.254958,-0.347581,0.229500,-0.879543,-0.072402,-1.160473,-0.419642,-1.277500,-0.421450,-0.923569,-0.830901,-1.293322,-1.147068,-1.525201,-1.378884,-1.681620,-0.639706,-0.694397,-0.780368,-0.871478,-0.429486,-0.619691,-0.170681,-0.360647,-0.774320,-0.437882,-0.844851,-0.492106,-0.484194,-0.255500,-0.211086,-0.053918,-0.889693,-0.106635,-0.941315,-0.238874,-0.631433,-0.091952,-0.381321,0.033475
G,Right,legacy_asl_G_269,0.000000,0.000000,0.258001,-0.375808,0.231613,-0.908327,-0.082049,-1.212747,-0.422276,-1.339156,-0.439218,-0.989441,-0.865586,-1.351969,-1.199344,-1.586081,-1.462808,-1.767847,-0.654386,-0.715283,-0.814921,-0.933562,-0.474272,-0.642267,-0.184539,-0.381709,-0.794607,-0.424443,-0.877396,-0.534128,-0.498749,-0.257086,-0.233725,-0.056312,-0.928240,-0.118914,-0.992578,-0.247597,-0.663404,-0.069994,-0.437328,0.056182
G,Right,legacy_asl_G_270,0.000000,0.000000,0.228689,-0.370090,0.179084,-0.876510,-0.133896,-1.152302,-0.464026,-1.257182,-0.464120,-0.923033,-0.887206,-1.249042,-1.216115,-1.456888,-1.475611,-1.618064,-0.656644,-0.651809,-0.819698,-0.852516,-0.481596,-0.590475,-0.193440,-0.355397,-0.776959,-0.368123,-0.860914,-0.468881,-0.487244,-0.222172,-0.225387,-0.042949,-0.890319,-0.070738,-0.957557,-0.190453,-0.635614,-0.036264,-0.414310,0.073636
G,Right,legacy_asl_G_271,0.013719,-0.004460,0.305840,-0.283827,0.210583,-0.839288,-0.071244,-1.132323,-0.317811,-1.344261,-0.462084,-0.976364,-0.870548,-1.351951,-1.200797,-1.602342,-1.460779,-1.763748,-0.649043,-0.771530,-0.816397,-0.962250,-0.430662,-0.771852,-0.192116,-0.582462,-0.753628,-0.448666,-0.839274,-0.626709,-0.446525,-0.396598,-0.236918,-0.242530,-0.854623,-0.112179,-0.953130,-0.289121,-0.616551,-0.172865,-0.403450,-0.089023
G,Right,legacy_asl_G_272,0.000000,0.000000,0.314661,-0.312873,0.223732,-0.883557,-0.081084,-1.213081,-0.344465,-1.451848,-0.469912,-1.076270,-0.921664,-1.460777,-1.270133,-1.716352,-1.557208,-1.883840,-0.663512,-0.797701,-0.859491,-1.022731,-0.482971,-0.807065,-0.180437,-0.600841,-0.792375,-0.480628,-0.904861,-0.638969,-0.504426,-0.426961,-0.241710,-0.249645,-0.909921,-0.112658,-1.016493,-0.309403,-0.678281,-0.199643,-0.449536,-0.086536
G,Right,legacy_asl_G_273,0.000000,0.000000,0.265704,-0.321391,0.128495,-0.846842,-0.186719,-1.127184,-0.454884,-1.326429,-0.537885,-0.963684,-0.995555,-1.282022,-1.344839,-1.489209,-1.628650,-1.619621,-0.693497,-0.685442,-0.897365,-0.877999,-0.525493,-0.710703,-0.223682,-0.545474,-0.785040,-0.377105,-0.904722,-0.514919,-0.510816,-0.353231,-0.248890,-0.211400,-0.861347,-0.022198,-0.979008,-0.196472,-0.652645,-0.124728,-0.428362,-0.039848
G,Right,legacy_asl_G_274,0.002178,0.000015,0.264654,-0.311288,0.195479,-0.828580,-0.077089,-1.131477,-0.328746,-1.377583,-0.452825,-0.997362,-0.885230,-1.343653,-1.188369,-1.603008,-1.485334,-1.794011,-0.614940,-0.754415,-0.800703,-0.974489,-0.451684,-0.757788,-0.175962,-0.547611,-0.741453,-0.425350,-0.818799,-0.619915,-0.462001,-0.391786,-0.210735,-0.231484,-0.884784,-0.124350,-0.954066,-0.320624,-0.643197,-0.169358,-0.449733,-0.089293
G,Right,legacy_asl_G_275,0.000000,0.000000,0.294619,-0.292944,0.209481,-0.827279,-0.075920,-1.135815,-0.322525,-1.359374,-0.439982,-1.007718,-0.862959,-1.367734,-1.189234,-1.607031,-1.458024,-1.763851,-0.621251,-0.746892,-0.804747,-0.957589,-0.452209,-0.755660,-0.168944,-0.562571,-0.741905,-0.450015,-0.847227,-0.598270,-0.472297,-0.399767,-0.226314,-0.233744,-0.851964,-0.105482,-0.951749,-0.289696,-0.635078,-0.186927,-0.420904,-0.081024
G,Right,legacy_asl_G_276,0.000000,0.000000,0.313768,-0.274665,0.262526,-0.815311,-0.003696,-1.142539,-0.236471,-1.382178,-0.376523,-1.037419,-0.777271,-1.424976,-1.088845,-1.685453,-1.348093,-1.859656,-0.574707,-0.787706,-0.745088,-1.010441,-0.404826,-0.785720,-0.133390,-0.574267,-0.714473,-0.498021,-0.810526,-0.653231,-0.447617,-0.430515,-0.211801,-0.248548,-0.846661,-0.159926,-0.934877,-0.350802,-0.624227,-0.227691,-0.416442,-0.107970
G,Right,legacy_asl_G_277,-0.017747,0.012968,0.305499,-0.293019,0.215826,-0.814562,-0.073020,-1.149028,-0.319434,-1.371819,-0.439445,-1.008035,-0.854104,-1.393609,-1.168790,-1.628713,-1.445366,-1.766845,-0.600542,-0.724662,-0.798337,-0.986719,-0.461196,-0.740011,-0.180386,-0.559177,-0.744266,-0.457403,-0.852898,-0.604166,-0.436590,-0.400908,-0.213685,-0.237583,-0.845739,-0.118785,-0.935915,-0.294023,-0.620178,-0.193080,-0.414292,-0.051159
G,Right,legacy_asl_G_278,0.000000,0.000000,0.279975,-0.278384,0.199069,-0.786161,-0.072146,-1.079362,-0.306494,-1.291810,-0.418113,-0.957632,-0.820068,-1.299754,-1.130125,-1.527157,-1.385556,-1.676183,-0.590373,-0.709770,-0.764749,-0.909994,-0.429733,-0.718101,-0.160547,-0.534609,-0.705030,-0.427648,-0.805117,-0.568535,-0.448822,-0.379897,-0.215066,-0.222126,-0.809619,-0.100240,-0.904444,-0.275297,-0.603513,-0.177636,-0.399984,-0.076997
G,Right,legacy_asl_G_279,0.000000,0.000000,0.299896,-0.289748,0.222154,-0.827224,-0.059822,-1.140978,-0.304089,-1.368892,-0.427035,-1.017669,-0.846339,-1.385070,-1.170333,-1.629926,-1.437826,-1.791182,-0.612712,-0.758521,-0.793829,-0.972617,-0.442938,-0.764883,-0.161441,-0.567021,-0.738077,-0.462319,-0.841639,-0.612623,-0.468227,-0.408005,-0.223756,-0.237843,-0.853496,-0.118138,-0.950983,-0.304450,-0.634659,-0.196749,-0.421244,-0.087381
G,Right,legacy_asl_G_280,0.008250,0.015938,0.204881,-0.348058,0.249008,-0.829889,-0.013683,-1.093778,-0.194476,-1.310343,-0.389491,-1.041105,-0.653259,-1.376347,-0.919606,-1.576950,-1.107915,-1.737322,-0.562095,-0.811814,-0.731246,-1.067710,-0.512245,-0.833240,-0.261670,-0.624820,-0.680921,-0.586736,-0.843178,-0.804016,-0.556696,-0.520757,-0.359063,-0.313409,-0.820981,-0.319971,-0.975659,-0.557405,-0.729649,-0.406178,-0.565160,-0.230443
G,Right,legacy_asl_G_281,0.000000,0.000000,0.194665,-0.345055,0.221381,-0.838733,-0.004610,-1.139177,-0.220928,-1.371012,-0.389084,-1.048645,-0.691816,-1.408913,-0.936531,-1.616567,-1.140294,-1.788308,-0.585519,-0.846831,-0.780363,-1.124708,-0.519224,-0.850281,-0.285601,-0.605701,-0.733607,-0.605355,-0.876126,-0.815140,-0.575593,-0.544583,-0.359640,-0.336193,-0.876154,-0.319846,-1.025883,-0.583188,-0.780898,-0.428255,-0.590952,-0.264091
G,Right,legacy_asl_G_282,0.000000,0.000000,0.215499,-0.315321,0.281976,-0.787277,0.089757,-1.094529,-0.098842,-1.335085,-0.287004,-1.039364,-0.547983,-1.410420,-0.765856,-1.630099,-0.947366,-1.811898,-0.492360,-0.861767,-0.656528,-1.144770,-0.428401,-0.859600,-0.224233,-0.605372,-0.654559,-0.642080,-0.774100,-0.855356,-0.507816,-0.570646,-0.317628,-0.352638,-0.815077,-0.379643,-0.937115,-0.644954,-0.714623,-0.475890,-0.545758,-0.302511
G,Right,legacy_asl_G_283,0.004151,-0.002656,0.186104,-0.331461,0.199819,-0.821154,-0.011812,-1.100882,-0.205926,-1.319797,-0.382673,-1.022981,-0.668203,-1.340598,-0.903899,-1.562721,-1.083742,-1.757787,-0.576918,-0.783089,-0.760270,-1.070424,-0.489623,-0.839520,-0.309275,-0.588399,-0.692301,-0.605474,-0.861692,-0.778112,-0.571285,-0.513527,-0.367353,-0.328792,-0.861253,-0.324107,-1.005193,-0.573625,-0.751472,-0.416047,-0.572105,-0.235856
G,Right,legacy_asl_G_284,0.000000,0.000000,0.185331,-0.328510,0.210766,-0.798516,-0.004389,-1.084554,-0.210334,-1.305272,-0.370428,-0.998363,-0.658644,-1.341356,-0.891624,-1.539053,-1.085617,-1.702559,-0.557444,-0.806225,-0.742945,-1.070778,-0.494328,-0.809510,-0.271907,-0.576657,-0.698430,-0.576329,-0.834116,-0.776054,-0.547994,-0.518470,-0.342395,-0.320072,-0.834143,-0.304510,-0.976692,-0.555224,-0.743454,-0.407720,-0.562616,-0.251428
G,Right,legacy_asl_G_285,0.000000,0.000000,0.160268,-0.346672,0.147618,-0.823118,-0.092858,-1.094271,-0.318711,-1.300248,-0.455269,-0.977435,-0.774127,-1.300114,-1.025391,-1.480652,-1.234517,-1.629860,-0.628356,-0.768264,-0.837151,-1.020150,-0.564922,-0.776725,-0.321449,-0.559845,-0.751908,-0.524737,-0.905138,-0.715254,-0.595356,-0.478606,-0.371672,-0.295129,-0.866719,-0.239328,-1.031034,-0.480749,-0.783603,-0.350891,-0.588342,-0.207891
G,Right,legacy_asl_G_286,0.014579,-0.000317,0.189522,-0.353487,0.209195,-0.794176,-0.015149,-1.109939,-0.225219,-1.295214,-0.355258,-0.998109,-0.669349,-1.332436,-0.907385,-1.551127,-1.124724,-1.718878,-0.554924,-0.815890,-0.756427,-1.079881,-0.498594,-0.822495,-0.277303,-0.557005,-0.694594,-0.597248,-0.829649,-0.775619,-0.546434,-0.524974,-0.366966,-0.330697,-0.842898,-0.308951,-0.987524,-0.570778,-0.759674,-0.406153,-0.566870,-0.254735
G,Right,legacy_asl_G_287,0.000000,0.000000,0.189595,-0.336067,0.215615,-0.816886,-0.004490,-1.109503,-0.215173,-1.335299,-0.378949,-1.021330,-0.673795,-1.372213,-0.912135,-1.574458,-1.110591,-1.741725,-0.570267,-0.824772,-0.760036,-1.095411,-0.505699,-0.828132,-0.278161,-0.589923,-0.714497,-0.589587,-0.853304,-0.793906,-0.560600,-0.530397,-0.350272,-0.327435,-0.853332,-0.311515,-0.999160,-0.567997,-0.760557,-0.417099,-0.575558,-0.257212
G,Right,legacy_asl_G_288,0.000000,0.000000,0.162254,-0.345747,0.152337,-0.822258,-0.086580,-1.094785,-0.311249,-1.302054,-0.449655,-0.980030,-0.766658,-1.304533,-1.016882,-1.486509,-1.225149,-1.636913,-0.623940,-0.771855,-0.831286,-1.024934,-0.560458,-0.779953,-0.318233,-0.561679,-0.748886,-0.529040,-0.901021,-0.720434,-0.592602,-0.482013,-0.369974,-0.297255,-0.865332,-0.244295,-1.028260,-0.486654,-0.781578,-0.355379,-0.587140,-0.211262
G,Right,legacy_asl_G_289,0.008849,0.012411,0.228046,-0.411854,0.164796,-0.953029,-0.117549,-1.160082,-0.425776,-1.262869,-0.439062,-0.913772,-0.940271,-1.216064,-1.295752,-1.379731,-1.589027,-1.491815,-0.677693,-0.652874,-0.809422,-0.727413,-0.364464,-0.473794,-0.083418,-0.250032,-0.846725,-0.327249,-0.839822,-0.409001,-0.455279,-0.181626,-0.154353,-0.021237,-0.917963,-0.023214,-0.923168,-0.065975,-0.590146,0.051458,-0.383965,0.175379
G,Right,legacy_asl_G_290,0.000000,0.000000,0.246620,-0.411215,0.193322,-0.973139,-0.113762,-1.225673,-0.463485,-1.317158,-0.488642,-0.978811,-0.980259,-1.278024,-1.365306,-1.451662,-1.687965,-1.571177,-0.727254,-0.671130,-0.826532,-0.764870,-0.406679,-0.493260,-0.072164,-0.267362,-0.868591,-0.344280,-0.896986,-0.400296,-0.475038,-0.172982,-0.168821,0.002783,-0.946195,-0.003298,-0.965736,-0.066022,-0.628916,0.072384,-0.390455,0.174948
G,Right,legacy_asl_G_291,0.000000,0.000000,0.255358,-0.378548,0.233146,-0.915610,-0.046079,-1.171317,-0.374013,-1.276035,-0.415079,-0.955558,-0.867421,-1.265004,-1.224783,-1.449634,-1.525561,-1.579635,-0.657577,-0.675060,-0.747235,-0.769232,-0.361738,-0.489671,-0.055077,-0.257904,-0.808542,-0.371403,-0.832706,-0.426109,-0.442972,-0.188566,-0.160681,-0.005907,-0.899616,-0.051078,-0.915021,-0.111715,-0.601734,0.036967,-0.380167,0.146583
G,Right,legacy_asl_G_292,-0.002130,-0.000527,0.227733,-0.385277,0.174149,-0.929595,-0.091659,-1.184349,-0.445740,-1.253715,-0.464437,-0.910028,-0.907167,-1.234584,-1.301371,-1.384762,-1.629451,-1.494506,-0.688941,-0.649687,-0.780515,-0.712855,-0.400737,-0.463258,-0.091933,-0.281751,-0.825602,-0.336809,-0.866319,-0.368331,-0.480451,-0.110524,-0.162625,0.007406,-0.911687,-0.018337,-0.907522,-0.068532,-0.585819,0.090723,-0.382331,0.170570
G,Right,legacy_asl_G_293,0.000000,0.000000,0.231623,-0.386210,0.181567,-0.913965,-0.106844,-1.151143,-0.435302,-1.237066,-0.458929,-0.919292,-0.920652,-1.200311,-1.282285,-1.363390,-1.585325,-1.475638,-0.683032,-0.630321,-0.776273,-0.718361,-0.381950,-0.463266,-0.067775,-0.251105,-0.815774,-0.323345,-0.842443,-0.375955,-0.446152,-0.162463,-0.158555,0.002614,-0.888659,-0.003097,-0.907013,-0.062007,-0.590673,0.067982,-0.366712,0.164310
G,Right,legacy_asl_G_294,0.000000,0.000000,0.223494,-0.398192,0.157367,-0.931630,-0.141864,-1.163607,-0.477274,-1.241112,-0.491952,-0.918349,-0.968121,-1.189704,-1.339405,-1.344444,-1.649819,-1.449372,-0.710660,-0.618930,-0.807731,-0.705442,-0.400631,-0.458396,-0.076016,-0.252526,-0.836246,-0.303929,-0.864810,-0.356472,-0.456929,-0.151650,-0.160625,0.007274,-0.900777,0.022780,-0.921097,-0.036392,-0.596685,0.086130,-0.366883,0.177230
G,Right,legacy_asl_G_295,0.002163,0.004434,0.269325,-0.380953,0.204921,-0.905757,-0.102027,-1.196975,-0.458925,-1.281923,-0.442701,-0.930403,-0.918356,-1.210640,-1.306843,-1.389789,-1.611792,-1.490365,-0.699600,-0.643259,-0.765821,-0.755135,-0.395548,-0.476522,-0.085160,-0.265635,-0.830740,-0.340145,-0.848173,-0.367335,-0.481743,-0.127153,-0.166404,-0.004118,-0.912937,-0.025286,-0.914651,-0.049361,-0.598187,0.058376,-0.377461,0.176040
G,Right,legacy_asl_G_296,0.000000,0.000000,0.227294,-0.378991,0.178173,-0.896881,-0.104847,-1.129626,-0.427165,-1.213942,-0.450350,-0.902109,-0.903443,-1.177874,-1.258317,-1.337906,-1.555692,-1.448055,-0.670265,-0.618539,-0.761762,-0.704933,-0.374810,-0.454607,-0.066509,-0.246411,-0.800526,-0.317301,-0.826696,-0.368927,-0.437813,-0.159426,-0.155592,0.002565,-0.872048,-0.003039,-0.890059,-0.060848,-0.579632,0.066712,-0.359857,0.161239
G,Right,legacy_asl_G_297,0.000000,0.000000,0.241172,-0.387741,0.199097,-0.923612,-0.089402,-1.168809,-0.420987,-1.261317,-0.450163,-0.939540,-0.913649,-1.232031,-1.277600,-1.403308,-1.582983,-1.522087,-0.682112,-0.650258,-0.775195,-0.741047,-0.379615,-0.475946,-0.064585,-0.255689,-0.821735,-0.341221,-0.847907,-0.394996,-0.449648,-0.172041,-0.160790,0.000044,-0.900890,-0.017745,-0.918529,-0.077771,-0.599954,0.059214,-0.374481,0.160554
G,Right,legacy_asl_G_298,-0.003543,0.026043,0.174873,-0.363901,0.066370,-0.895465,-0.259283,-1.165998,-0.456531,-1.430167,-0.552545,-0.975777,-0.973919,-1.290143,-1.295917,-1.504535,-1.566360,-1.640128,-0.695082,-0.667848,-0.907591,-0.870144,-0.551130,-0.632708,-0.288842,-0.433945,-0.825339,-0.372007,-0.904357,-0.549595,-0.580342,-0.344806,-0.329197,-0.149599,-0.897949,-0.082610,-1.063366,-0.257994,-0.804028,-0.173961,-0.618362,-0.057090
G,Right,legacy_asl_G_299,0.000000,0.000000,0.167040,-0.358815,0.070407,-0.867746,-0.208791,-1.136867,-0.435867,-1.365843,-0.527798,-0.926648,-0.946902,-1.259123,-1.262759,-1.437740,-1.518664,-1.573236,-0.687853,-0.651362,-0.854940,-0.845645,-0.537886,-0.619772,-0.262097,-0.418314,-0.783450,-0.368110,-0.877043,-0.520594,-0.545057,-0.317797,-0.303521,-0.154978,-0.865272,-0.066714,-1.024384,-0.254589,-0.782931,-0.165574,-0.587454,-0.060740
