label,handedness,timestamp,x0,y0,x1,y1,x2,y2,x3,y3,x4,y4,x5,y5,x6,y6,x7,y7,x8,y8,x9,y9,x10,y10,x11,y11,x12,y12,x13,y13,x14,y14,x15,y15,x16,y16,x17,y17,x18,y18,x19,y19,x20,y20
H,Right,legacy_asl_H_0,0.000000,0.000000,0.099716,-0.366328,-0.123047,-0.779543,-0.482124,-0.877735,-0.785420,-0.787399,-0.559977,-0.916613,-0.956492,-1.204925,-1.251044,-1.372530,-1.493663,-1.514255,-0.703209,-0.683406,-1.148264,-0.981141,-1.454585,-1.201426,-1.704589,-1.387124,-0.748474,-0.403581,-0.924382,-0.596635,-0.594804,-0.506037,-0.348097,-0.403988,-0.732941,-0.093004,-0.841821,-0.299052,-0.564942,-0.260911,-0.360480,-0.172345
H,Right,legacy_asl_H_1,0.000000,0.000000,0.093320,-0.360997,-0.205800,-0.746751,-0.618198,-0.814967,-0.967843,-0.796667,-0.515014,-0.948906,-0.967687,-1.256636,-1.301124,-1.411762,-1.587497,-1.535129,-0.682297,-0.689433,-1.198259,-0.993918,-1.557480,-1.194331,-1.848398,-1.356762,-0.736233,-0.389298,-0.978926,-0.501814,-0.607199,-0.393963,-0.331526,-0.316567,-0.720408,-0.056215,-0.893435,-0.199711,-0.588615,-0.132367,-0.360017,-0.063357
H,Right,legacy_asl_H_2,0.000000,0.000000,0.077688,-0.324859,-0.094227,-0.678765,-0.412535,-0.758526,-0.707011,-0.725850,-0.515375,-0.901925,-0.844664,-1.160955,-1.069666,-1.300169,-1.273203,-1.418165,-0.680083,-0.713939,-1.050665,-0.993284,-1.297402,-1.185226,-1.502381,-1.327316,-0.749556,-0.486659,-0.822282,-0.585934,-0.521293,-0.491732,-0.311297,-0.409290,-0.749393,-0.238687,-0.673760,-0.336041,-0.393374,-0.278755,-0.204101,-0.223957
H,Right,legacy_asl_H_3,0.000000,0.000000,0.166532,-0.303159,0.012339,-0.684651,-0.332648,-0.823866,-0.660245,-0.856387,-0.323497,-1.016053,-0.674296,-1.327361,-0.922084,-1.507938,-1.128657,-1.658095,-0.510042,-0.844781,-0.920557,-1.188213,-1.182225,-1.421491,-1.388299,-1.604648,-0.604015,-0.602471,-0.776652,-0.799426,-0.477193,-0.612474,-0.276466,-0.485517,-0.638406,-0.321861,-0.674054,-0.485767,-0.396312,-0.352573,-0.218411,-0.256054
H,Right,legacy_asl_H_4,0.000000,0.000000,0.019626,-0.387461,-0.275135,-0.704820,-0.629323,-0.755607,-0.918063,-0.668260,-0.598643,-0.880075,-0.974986,-1.137829,-1.269474,-1.284561,-1.514933,-1.383447,-0.748107,-0.647679,-1.189784,-0.924793,-1.513490,-1.104102,-1.798199,-1.243927,-0.799946,-0.349168,-1.053648,-0.512401,-0.725563,-0.438798,-0.489649,-0.354347,-0.771064,-0.009296,-0.947298,-0.208061,-0.688908,-0.192962,-0.500003,-0.119035
H,Right,legacy_asl_H_5,0.000000,0.000000,-0.103198,-0.442432,-0.435477,-0.750038,-0.821730,-0.799053,-1.114413,-0.690093,-0.252389,-0.687755,-0.760862,-0.976270,-1.094949,-1.024543,-1.324226,-1.059971,-0.299975,-0.365176,-0.765782,-0.600940,-1.060588,-0.670100,-1.200029,-0.718721,-0.385111,-0.057650,-0.890940,-0.305227,-1.085472,-0.417254,-1.148481,-0.516196,-0.479039,0.192232,-0.938921,-0.069295,-1.069310,-0.209496,-1.089026,-0.305531
H,Right,legacy_asl_H_6,0.000000,0.000000,0.173967,-0.312751,-0.019820,-0.701150,-0.405640,-0.787739,-0.738753,-0.763060,-0.406569,-0.980260,-0.771926,-1.279495,-1.033326,-1.447921,-1.261333,-1.578587,-0.600043,-0.782193,-1.025457,-1.098977,-1.289284,-1.306094,-1.514636,-1.465567,-0.689916,-0.527074,-0.819991,-0.664058,-0.485295,-0.503703,-0.269923,-0.398540,-0.722690,-0.235094,-0.702836,-0.352695,-0.392332,-0.230021,-0.204623,-0.146752
H,Right,legacy_asl_H_7,0.000000,0.000000,0.170966,-0.329836,-0.007567,-0.758821,-0.421493,-0.870518,-0.778990,-0.802954,-0.416306,-0.968963,-0.792215,-1.328005,-1.095043,-1.551679,-1.345618,-1.729138,-0.619693,-0.746045,-1.067429,-1.143903,-1.367573,-1.420232,-1.612104,-1.651681,-0.712735,-0.468394,-0.892982,-0.665425,-0.589094,-0.537351,-0.362370,-0.415331,-0.741568,-0.147260,-0.851301,-0.362137,-0.570400,-0.287767,-0.363575,-0.173682
H,Right,legacy_asl_H_8,0.000000,0.000000,0.156091,-0.341110,0.032641,-0.706107,-0.292268,-0.806476,-0.623327,-0.802915,-0.371107,-0.977822,-0.745235,-1.332287,-1.020542,-1.520741,-1.258404,-1.699651,-0.580291,-0.753924,-0.988880,-1.130594,-1.280046,-1.367636,-1.520566,-1.587912,-0.689405,-0.468136,-0.818461,-0.621028,-0.435151,-0.438891,-0.149012,-0.309242,-0.722715,-0.165414,-0.781792,-0.286271,-0.458277,-0.185161,-0.217403,-0.098488
H,Right,legacy_asl_H_9,0.000000,0.000000,0.108595,-0.296378,-0.064101,-0.649018,-0.399887,-0.746463,-0.730219,-0.726460,-0.485283,-0.878036,-0.843540,-1.175270,-1.076796,-1.342727,-1.295945,-1.487422,-0.679522,-0.680756,-1.070504,-1.013534,-1.322854,-1.239404,-1.537681,-1.415186,-0.768177,-0.432739,-0.821589,-0.584122,-0.506734,-0.480223,-0.291768,-0.389429,-0.780988,-0.162167,-0.653524,-0.273471,-0.352005,-0.206295,-0.176594,-0.146609
H,Right,legacy_asl_H_10,0.000000,0.000000,0.197772,-0.309910,0.107915,-0.729196,-0.265745,-0.861231,-0.618186,-0.860929,-0.181117,-1.008197,-0.509036,-1.355797,-0.797971,-1.554400,-1.054753,-1.726850,-0.436311,-0.862464,-0.820329,-1.229491,-1.113274,-1.444157,-1.349151,-1.596946,-0.582665,-0.645881,-0.860647,-0.756185,-0.554562,-0.488799,-0.313768,-0.317732,-0.646246,-0.367628,-0.815658,-0.439838,-0.566075,-0.246640,-0.372067,-0.116277
H,Right,legacy_asl_H_11,0.000000,0.000000,0.157062,-0.318038,-0.008968,-0.724150,-0.348023,-0.863846,-0.656470,-0.845841,-0.445573,-0.948408,-0.784324,-1.245683,-1.026674,-1.424142,-1.234339,-1.567739,-0.616999,-0.769954,-1.024518,-1.099960,-1.283537,-1.332601,-1.497654,-1.513687,-0.695129,-0.532881,-0.813846,-0.742815,-0.481048,-0.594891,-0.256244,-0.464435,-0.712598,-0.260691,-0.693712,-0.444963,-0.394306,-0.357202,-0.190725,-0.261525
H,Right,legacy_asl_H_12,0.000000,0.000000,0.067675,-0.325707,-0.116019,-0.657169,-0.477854,-0.702810,-0.806446,-0.701531,-0.447217,-0.958385,-0.805600,-1.201208,-1.053360,-1.330452,-1.273142,-1.439526,-0.618636,-0.770947,-1.024031,-1.049418,-1.292160,-1.206359,-1.510566,-1.331770,-0.691613,-0.538485,-0.826595,-0.585649,-0.549433,-0.469285,-0.355612,-0.397613,-0.709784,-0.284186,-0.733019,-0.339441,-0.479774,-0.235477,-0.317522,-0.163523
H,Right,legacy_asl_H_13,0.000000,0.000000,0.086961,-0.379589,-0.082320,-0.787702,-0.389719,-0.932552,-0.666369,-0.924201,-0.406912,-0.970931,-0.736463,-1.305000,-0.985316,-1.504172,-1.192696,-1.666493,-0.597663,-0.771474,-0.958091,-1.140082,-1.205479,-1.390919,-1.404195,-1.602625,-0.703661,-0.499739,-0.918218,-0.698789,-0.604808,-0.554585,-0.353598,-0.430889,-0.743880,-0.186434,-0.867776,-0.353026,-0.609219,-0.308670,-0.401843,-0.240702
H,Right,legacy_asl_H_14,0.000000,0.000000,0.124290,-0.304920,-0.043684,-0.698096,-0.373817,-0.820138,-0.695162,-0.801232,-0.447442,-0.929113,-0.773492,-1.228748,-0.997700,-1.394677,-1.200036,-1.536841,-0.631634,-0.747510,-1.010133,-1.092978,-1.253460,-1.314052,-1.451857,-1.480600,-0.722528,-0.514791,-0.824319,-0.696355,-0.504783,-0.572515,-0.282609,-0.468987,-0.749999,-0.252733,-0.688160,-0.399316,-0.401114,-0.304868,-0.218814,-0.224419
H,Right,legacy_asl_H_15,0.000000,0.000000,0.130848,-0.349893,-0.103061,-0.738742,-0.499255,-0.847421,-0.849239,-0.876467,-0.423224,-0.980549,-0.868429,-1.353686,-1.209442,-1.565159,-1.501915,-1.728633,-0.616781,-0.724891,-1.123526,-1.108768,-1.465432,-1.367926,-1.742402,-1.578567,-0.701893,-0.412062,-0.888142,-0.571770,-0.522921,-0.455026,-0.255205,-0.355580,-0.716337,-0.065891,-0.871338,-0.253911,-0.564307,-0.187705,-0.337982,-0.097772
H,Right,legacy_asl_H_16,0.000000,0.000000,0.096842,-0.321737,-0.054583,-0.677084,-0.376269,-0.750725,-0.674898,-0.713130,-0.507954,-0.905191,-0.837159,-1.150377,-1.063617,-1.286110,-1.269728,-1.398554,-0.679817,-0.714199,-1.037781,-0.991218,-1.280710,-1.173971,-1.480331,-1.300132,-0.753736,-0.482200,-0.794826,-0.593491,-0.489521,-0.510102,-0.279032,-0.429396,-0.762069,-0.226906,-0.645367,-0.334892,-0.357179,-0.281583,-0.169025,-0.226285
H,Right,legacy_asl_H_17,0.000000,0.000000,0.024542,-0.385322,-0.227338,-0.755413,-0.589082,-0.806542,-0.848814,-0.717175,-0.607866,-0.847758,-0.957622,-1.149997,-1.204057,-1.333726,-1.414384,-1.473629,-0.755749,-0.638823,-1.186212,-0.973532,-1.460866,-1.208166,-1.698719,-1.389351,-0.818585,-0.375870,-1.001596,-0.617116,-0.685531,-0.549795,-0.456291,-0.439556,-0.815442,-0.074190,-0.914865,-0.328065,-0.661226,-0.334584,-0.463493,-0.258589
H,Right,legacy_asl_H_18,0.000000,0.000000,0.151740,-0.306342,-0.009238,-0.691143,-0.372754,-0.778452,-0.695254,-0.761063,-0.408501,-0.963985,-0.745455,-1.266835,-0.983724,-1.446476,-1.202577,-1.587224,-0.604961,-0.775717,-1.003362,-1.101859,-1.242919,-1.316792,-1.459444,-1.486454,-0.705053,-0.528977,-0.773163,-0.680179,-0.470215,-0.533440,-0.288724,-0.432177,-0.749866,-0.252127,-0.671993,-0.373731,-0.383811,-0.263974,-0.216106,-0.185289
H,Right,legacy_asl_H_19,0.000000,0.000000,0.118679,-0.364531,-0.067361,-0.787449,-0.481938,-0.892468,-0.798589,-0.829531,-0.487146,-0.948312,-0.902208,-1.218853,-1.185528,-1.360119,-1.431970,-1.463894,-0.650345,-0.733890,-1.122611,-1.022082,-1.411084,-1.205996,-1.672647,-1.357260,-0.706062,-0.471782,-0.880962,-0.653082,-0.566415,-0.566022,-0.354865,-0.491771,-0.691556,-0.186901,-0.716342,-0.350527,-0.446413,-0.290366,-0.270253,-0.215440
H,Right,legacy_asl_H_20,0.000000,0.000000,0.058995,-0.336393,-0.255443,-0.665445,-0.642027,-0.624836,-0.933649,-0.471868,-0.633298,-0.863049,-1.103913,-1.113084,-1.428173,-1.255768,-1.696271,-1.352413,-0.765034,-0.610302,-1.293891,-0.879035,-1.634520,-1.070142,-1.915060,-1.217565,-0.785225,-0.320581,-1.020998,-0.473915,-0.691452,-0.439880,-0.453256,-0.393341,-0.728829,-0.004010,-0.894165,-0.183967,-0.609950,-0.160406,-0.393786,-0.093479
H,Right,legacy_asl_H_21,0.000000,0.000000,0.168170,-0.339544,-0.098274,-0.748458,-0.533346,-0.872535,-0.886631,-0.827933,-0.502490,-0.943153,-0.919086,-1.222792,-1.199873,-1.369225,-1.440067,-1.476262,-0.662583,-0.738835,-1.175180,-1.015655,-1.473051,-1.210753,-1.730659,-1.351286,-0.708919,-0.482260,-0.941974,-0.643607,-0.585749,-0.555818,-0.342656,-0.471090,-0.692271,-0.190109,-0.768976,-0.348948,-0.448495,-0.290756,-0.223829,-0.220271
H,Right,legacy_asl_H_22,0.000000,0.000000,0.197101,-0.306132,0.024415,-0.724912,-0.347922,-0.860948,-0.683227,-0.838273,-0.383106,-0.989297,-0.732659,-1.332936,-0.977031,-1.535230,-1.194436,-1.696968,-0.572698,-0.797112,-0.997706,-1.169193,-1.251328,-1.415929,-1.473511,-1.618297,-0.666708,-0.529572,-0.794558,-0.742164,-0.489447,-0.600353,-0.292726,-0.481017,-0.710423,-0.216812,-0.690884,-0.386939,-0.378623,-0.283814,-0.178446,-0.184823
H,Right,legacy_asl_H_23,0.000000,0.000000,0.121366,-0.310638,-0.053168,-0.688462,-0.412613,-0.759109,-0.754519,-0.768259,-0.452873,-0.970018,-0.685520,-1.294063,-0.827457,-1.448943,-0.928959,-1.548768,-0.654029,-0.744799,-0.817451,-0.949286,-0.592953,-0.910641,-0.392024,-0.870986,-0.781297,-0.489528,-0.871116,-0.617023,-0.528636,-0.485303,-0.290691,-0.363554,-0.840449,-0.217082,-0.848523,-0.306157,-0.539822,-0.202865,-0.334107,-0.105692
H,Right,legacy_asl_H_24,0.000000,0.000000,0.183563,-0.327563,0.006906,-0.751140,-0.370425,-0.896719,-0.693235,-0.969093,-0.311167,-1.032155,-0.668180,-1.414987,-0.936028,-1.616134,-1.164535,-1.786020,-0.531031,-0.817499,-0.935608,-1.214061,-1.215978,-1.476497,-1.433952,-1.702197,-0.659630,-0.547903,-0.816682,-0.728443,-0.487989,-0.515231,-0.246579,-0.362196,-0.731366,-0.243689,-0.835423,-0.419946,-0.552938,-0.254749,-0.358656,-0.116610
H,Right,legacy_asl_H_25,0.000000,0.000000,0.135544,-0.285207,-0.071262,-0.635994,-0.451325,-0.697273,-0.806574,-0.662799,-0.458829,-0.932345,-0.857575,-1.200087,-1.149808,-1.335179,-1.405612,-1.445324,-0.650299,-0.709271,-1.106799,-1.002359,-1.399304,-1.192705,-1.648325,-1.362363,-0.732021,-0.444328,-0.895688,-0.489896,-0.533813,-0.357332,-0.280051,-0.280571,-0.749815,-0.153538,-0.833252,-0.226885,-0.506506,-0.123714,-0.292484,-0.050794
H,Right,legacy_asl_H_26,0.000000,0.000000,0.100473,-0.262046,-0.081591,-0.477738,-0.414730,-0.416742,-0.749419,-0.297821,-0.574290,-0.774716,-1.044076,-1.049871,-1.340665,-1.189073,-1.593118,-1.314926,-0.724864,-0.525871,-1.181274,-0.813124,-1.471359,-1.001352,-1.723371,-1.171820,-0.765703,-0.235236,-0.943503,-0.293653,-0.595522,-0.213888,-0.346825,-0.174634,-0.729131,0.068266,-0.761830,0.068356,-0.452758,0.107396,-0.239364,0.130053
H,Right,legacy_asl_H_27,0.000000,0.000000,0.121808,-0.338098,-0.135317,-0.690420,-0.512495,-0.647788,-0.812251,-0.493317,-0.594740,-0.890670,-1.023757,-1.155973,-1.304669,-1.317724,-1.541810,-1.431970,-0.736154,-0.646583,-1.216881,-0.967909,-1.516113,-1.188515,-1.774619,-1.357332,-0.760851,-0.365384,-0.978379,-0.510923,-0.655465,-0.430392,-0.445383,-0.365743,-0.714089,-0.050109,-0.815252,-0.213925,-0.520121,-0.166569,-0.330398,-0.099933
H,Right,legacy_asl_H_28,0.000000,0.000000,0.207484,-0.303376,-0.005516,-0.698878,-0.419507,-0.815271,-0.792239,-0.809602,-0.371525,-0.987156,-0.777776,-1.333609,-1.058913,-1.534938,-1.304708,-1.691163,-0.575698,-0.779723,-1.051408,-1.159555,-1.335759,-1.403418,-1.582185,-1.601582,-0.660896,-0.508048,-0.816352,-0.635397,-0.476076,-0.496159,-0.253104,-0.412853,-0.686075,-0.200314,-0.749733,-0.346917,-0.436105,-0.228434,-0.247096,-0.138640
H,Right,legacy_asl_H_29,0.000000,0.000000,0.165730,-0.351988,0.078248,-0.802182,-0.267422,-0.957709,-0.597787,-0.925088,-0.306786,-1.005147,-0.594159,-1.412164,-0.818892,-1.647834,-1.005914,-1.852580,-0.521997,-0.828497,-0.881794,-1.254285,-1.102922,-1.541548,-1.286160,-1.776314,-0.641040,-0.585900,-0.827932,-0.785079,-0.507514,-0.587041,-0.277866,-0.425339,-0.704454,-0.288200,-0.822811,-0.478013,-0.558410,-0.346390,-0.381663,-0.213013
H,Right,legacy_asl_H_30,0.000000,0.000000,0.196826,-0.296186,0.063753,-0.740003,-0.287636,-0.900096,-0.610997,-0.895606,-0.308208,-1.005193,-0.608446,-1.371470,-0.848795,-1.573025,-1.053310,-1.744271,-0.533993,-0.815655,-0.877467,-1.186662,-1.133939,-1.447286,-1.332005,-1.668457,-0.676511,-0.568414,-0.749855,-0.686731,-0.439498,-0.476508,-0.199531,-0.309079,-0.767650,-0.283877,-0.799092,-0.415708,-0.521655,-0.254129,-0.316552,-0.106665
H,Right,legacy_asl_H_31,0.000000,0.000000,-0.017676,-0.344218,-0.319224,-0.656913,-0.696919,-0.667940,-0.972765,-0.575221,-0.704913,-0.759289,-1.108161,-1.012595,-1.395218,-1.158463,-1.642641,-1.252627,-0.833872,-0.526591,-1.312870,-0.801666,-1.618681,-0.981185,-1.879961,-1.109251,-0.852752,-0.249438,-1.078448,-0.413067,-0.748138,-0.376291,-0.504083,-0.317084,-0.791576,0.060319,-0.937272,-0.131284,-0.678781,-0.144197,-0.480452,-0.093845
H,Right,legacy_asl_H_32,0.000000,0.000000,0.092535,-0.397478,-0.071924,-0.832923,-0.420081,-0.959030,-0.712701,-0.930608,-0.389753,-0.972104,-0.636136,-1.315867,-0.808888,-1.527812,-0.939540,-1.719950,-0.587214,-0.800948,-0.914188,-1.162721,-1.059852,-1.417671,-1.168055,-1.646442,-0.707692,-0.556539,-0.886382,-0.812120,-0.572192,-0.650864,-0.350607,-0.498691,-0.768979,-0.264812,-0.840815,-0.479873,-0.575498,-0.403364,-0.397209,-0.291297
H,Right,legacy_asl_H_33,0.000000,0.000000,0.122480,-0.351104,-0.055270,-0.762118,-0.367681,-0.922079,-0.658598,-0.915952,-0.394937,-0.971090,-0.715825,-1.313990,-0.961524,-1.523920,-1.164804,-1.694310,-0.594327,-0.779248,-0.938809,-1.146662,-1.182532,-1.401952,-1.380741,-1.617656,-0.710304,-0.518094,-0.911697,-0.705568,-0.593757,-0.551728,-0.339943,-0.416684,-0.766500,-0.215154,-0.915956,-0.387268,-0.663803,-0.340342,-0.452019,-0.266426
H,Right,legacy_asl_H_34,0.000000,0.000000,0.104115,-0.395632,-0.051013,-0.829792,-0.402534,-0.961960,-0.702745,-0.954808,-0.363577,-0.988122,-0.622580,-1.340717,-0.805623,-1.560800,-0.956777,-1.760748,-0.565909,-0.815034,-0.894110,-1.196859,-1.063277,-1.463175,-1.198437,-1.693485,-0.689945,-0.573386,-0.879719,-0.803183,-0.580952,-0.647937,-0.365344,-0.494124,-0.756255,-0.282172,-0.876998,-0.506766,-0.623512,-0.420846,-0.438641,-0.289386
H,Right,legacy_asl_H_35,0.000000,0.000000,0.068223,-0.348967,-0.184444,-0.739920,-0.658171,-0.822569,-1.057516,-0.788400,-0.388360,-1.038921,-0.651680,-1.315981,-0.787329,-1.462206,-0.892965,-1.578818,-0.595688,-0.793636,-0.974551,-0.837791,-0.717736,-0.657223,-0.492404,-0.571608,-0.730756,-0.525620,-1.020958,-0.564011,-0.625668,-0.396040,-0.356350,-0.329047,-0.806076,-0.244747,-0.940000,-0.309479,-0.612088,-0.204705,-0.386402,-0.172621
H,Right,legacy_asl_H_36,0.000000,0.000000,0.052891,-0.408606,-0.240190,-0.786896,-0.622705,-0.842394,-0.930084,-0.730108,-0.619801,-0.883622,-0.906247,-1.119272,-1.152550,-1.262522,-1.357557,-1.371297,-0.758618,-0.649856,-1.094372,-0.898422,-1.307969,-1.085895,-1.498321,-1.254583,-0.813394,-0.355780,-1.040768,-0.543492,-0.697998,-0.445004,-0.443481,-0.346273,-0.811310,-0.017806,-0.963328,-0.209813,-0.684863,-0.163787,-0.464642,-0.080212
H,Right,legacy_asl_H_37,0.000000,0.000000,0.188026,-0.329171,-0.030566,-0.769342,-0.451393,-0.942685,-0.805917,-0.947978,-0.420129,-0.976865,-0.817410,-1.312458,-1.082055,-1.494192,-1.308383,-1.623756,-0.595503,-0.788683,-1.074584,-1.136982,-1.354702,-1.369852,-1.593103,-1.538176,-0.669097,-0.545732,-0.862580,-0.743874,-0.534002,-0.636426,-0.305351,-0.533251,-0.683234,-0.271271,-0.727868,-0.455019,-0.437308,-0.370441,-0.234208,-0.271212
H,Right,legacy_asl_H_38,0.000000,0.000000,0.157727,-0.287102,-0.010742,-0.628563,-0.418753,-0.681976,-0.790944,-0.677126,-0.353480,-0.974925,-0.775502,-1.267495,-1.059524,-1.417408,-1.305967,-1.543535,-0.573218,-0.773516,-1.050168,-1.073661,-1.344260,-1.268489,-1.593998,-1.448032,-0.670946,-0.512781,-0.835706,-0.576098,-0.503396,-0.414000,-0.276706,-0.326991,-0.692855,-0.225426,-0.745873,-0.292985,-0.452207,-0.163850,-0.265018,-0.087402
H,Right,legacy_asl_H_39,0.000000,0.000000,0.160875,-0.294772,0.000158,-0.662645,-0.359355,-0.668440,-0.663200,-0.567278,-0.496467,-0.933848,-0.821201,-1.232553,-1.057663,-1.416918,-1.253353,-1.556834,-0.678687,-0.712834,-1.056361,-1.027167,-1.277415,-1.264909,-1.451076,-1.446960,-0.756084,-0.452491,-0.809774,-0.617426,-0.513587,-0.515308,-0.321610,-0.415717,-0.772839,-0.163893,-0.728089,-0.333809,-0.430393,-0.259835,-0.230879,-0.172405
H,Right,legacy_asl_H_40,0.000000,0.000000,0.185245,-0.301252,0.060613,-0.733199,-0.276862,-0.884535,-0.600616,-0.866472,-0.382720,-0.966990,-0.702551,-1.324479,-0.919739,-1.538168,-1.110019,-1.704602,-0.573807,-0.794493,-0.975492,-1.184699,-1.203193,-1.453189,-1.399853,-1.664005,-0.670041,-0.554864,-0.751113,-0.759485,-0.440531,-0.620346,-0.234687,-0.492326,-0.706581,-0.276714,-0.649241,-0.440312,-0.343130,-0.356887,-0.140076,-0.262094
H,Right,legacy_asl_H_41,0.000000,0.000000,0.209800,-0.316512,0.042826,-0.751146,-0.351474,-0.894554,-0.679603,-0.941745,-0.294851,-1.026721,-0.675394,-1.430365,-0.974598,-1.648259,-1.219949,-1.833226,-0.528218,-0.807161,-0.931931,-1.218518,-1.234740,-1.473000,-1.468569,-1.697800,-0.665631,-0.536231,-0.847906,-0.727058,-0.524286,-0.504384,-0.269634,-0.338096,-0.731268,-0.221050,-0.858981,-0.393988,-0.566790,-0.236048,-0.347238,-0.089286
H,Right,legacy_asl_H_42,0.000000,0.000000,0.205357,-0.331443,-0.023158,-0.785826,-0.469731,-0.972113,-0.833228,-0.969998,-0.389157,-0.985830,-0.803058,-1.336354,-1.082531,-1.525715,-1.316820,-1.658828,-0.581873,-0.795949,-1.078196,-1.163335,-1.368585,-1.400204,-1.609750,-1.570209,-0.666888,-0.547364,-0.869637,-0.730906,-0.527500,-0.607582,-0.283253,-0.497826,-0.690396,-0.260000,-0.751737,-0.435994,-0.450242,-0.362337,-0.236613,-0.275196
H,Right,legacy_asl_H_43,0.000000,0.000000,0.061727,-0.409230,-0.157602,-0.795949,-0.573028,-0.829658,-0.882872,-0.747145,-0.403725,-1.008309,-0.812698,-1.254446,-1.127732,-1.377429,-1.389306,-1.476789,-0.603284,-0.781168,-1.056537,-1.043773,-1.348912,-1.203321,-1.599907,-1.322988,-0.694053,-0.505691,-1.023920,-0.611715,-0.711917,-0.473224,-0.479823,-0.363362,-0.717782,-0.191451,-0.932991,-0.292314,-0.708196,-0.221899,-0.527872,-0.150903
H,Right,legacy_asl_H_44,0.000000,0.000000,0.254383,-0.254405,0.246542,-0.702349,0.029559,-0.994925,-0.198983,-1.140715,0.090165,-1.050879,-0.235963,-1.379047,-0.373652,-1.595651,-0.467671,-1.767581,-0.053446,-0.942725,-0.360424,-1.235791,-0.448202,-1.396195,-0.497077,-1.554550,-0.179208,-0.783309,-0.420146,-0.873151,-0.230211,-0.555280,0.012182,-0.367641,-0.244177,-0.582204,-0.434863,-0.634275,-0.284178,-0.414101,-0.074823,-0.280493
H,Right,legacy_asl_H_45,0.000000,0.000000,0.133602,-0.390846,-0.065374,-0.825239,-0.448690,-0.872156,-0.765264,-0.785798,-0.495754,-0.928865,-0.874677,-1.269896,-1.166991,-1.468100,-1.408155,-1.637819,-0.691067,-0.689437,-1.091954,-1.046479,-1.358077,-1.303339,-1.574505,-1.523353,-0.787373,-0.403435,-0.998994,-0.612121,-0.644030,-0.470843,-0.376065,-0.340410,-0.812538,-0.073832,-0.955564,-0.276858,-0.656400,-0.219024,-0.429605,-0.122024
H,Right,legacy_asl_H_46,0.000000,0.000000,0.229106,-0.286820,0.113012,-0.717039,-0.278587,-0.884282,-0.609834,-0.898434,-0.363411,-0.997764,-0.728981,-1.356971,-1.008038,-1.612111,-1.231698,-1.800253,-0.542207,-0.819028,-0.993455,-1.213269,-1.269060,-1.487122,-1.519127,-1.684268,-0.647609,-0.575952,-0.809575,-0.861031,-0.472774,-0.662494,-0.262977,-0.520733,-0.702554,-0.310207,-0.686908,-0.493890,-0.369869,-0.363062,-0.178256,-0.258702
H,Right,legacy_asl_H_47,0.000000,0.000000,0.097547,-0.325002,-0.098706,-0.707636,-0.495135,-0.824262,-0.820798,-0.838972,-0.387732,-0.963650,-0.756901,-1.287176,-1.001427,-1.463241,-1.215905,-1.605784,-0.578009,-0.803645,-0.997903,-1.135196,-1.263295,-1.347229,-1.485630,-1.520282,-0.658917,-0.584465,-0.862108,-0.685596,-0.573447,-0.540139,-0.364936,-0.454243,-0.672726,-0.336011,-0.769506,-0.436864,-0.514969,-0.316776,-0.337331,-0.231225
H,Right,legacy_asl_H_48,0.000000,0.000000,0.168548,-0.322337,0.113167,-0.747111,-0.225476,-0.920858,-0.558226,-0.938676,-0.164132,-1.035592,-0.464064,-1.428332,-0.707885,-1.657745,-0.914400,-1.854938,-0.399954,-0.893701,-0.733868,-1.322946,-0.979112,-1.595179,-1.176122,-1.817549,-0.542401,-0.682314,-0.780739,-0.816229,-0.516803,-0.577669,-0.303041,-0.399463,-0.625512,-0.416522,-0.783322,-0.546357,-0.573266,-0.372163,-0.406807,-0.229476
H,Right,legacy_asl_H_49,0.000000,0.000000,0.109207,-0.296582,-0.086863,-0.634519,-0.438674,-0.730586,-0.765949,-0.774171,-0.520736,-0.898596,-0.925197,-1.196083,-1.219680,-1.362513,-1.466930,-1.492405,-0.688534,-0.672567,-1.170218,-1.003385,-1.491429,-1.221507,-1.763722,-1.381926,-0.741592,-0.385135,-0.912713,-0.556821,-0.539789,-0.438713,-0.286144,-0.355604,-0.714291,-0.074587,-0.778891,-0.234732,-0.464723,-0.179909,-0.275901,-0.122013
H,Right,legacy_asl_H_50,0.000000,0.000000,0.049548,-0.351633,-0.230642,-0.693931,-0.628862,-0.660531,-0.925740,-0.551345,-0.608655,-0.876892,-1.041468,-1.152492,-1.340247,-1.315602,-1.592354,-1.438302,-0.744158,-0.641601,-1.235102,-0.940332,-1.561883,-1.157658,-1.836146,-1.325118,-0.779009,-0.359194,-1.037910,-0.526682,-0.708895,-0.465220,-0.472471,-0.392600,-0.742367,-0.041867,-0.904916,-0.239908,-0.628673,-0.217504,-0.422360,-0.141465
H,Right,legacy_asl_H_51,0.000000,0.000000,0.157522,-0.308379,0.041546,-0.674344,-0.287210,-0.767345,-0.598486,-0.762976,-0.364333,-0.989915,-0.660254,-1.312135,-0.881621,-1.512918,-1.074176,-1.678250,-0.554494,-0.802641,-0.894152,-1.162578,-1.120635,-1.410955,-1.321257,-1.616964,-0.646116,-0.544733,-0.805624,-0.732126,-0.510138,-0.593506,-0.303736,-0.468647,-0.664587,-0.239799,-0.738462,-0.434035,-0.471865,-0.352422,-0.285152,-0.244062
H,Right,legacy_asl_H_52,0.000000,0.000000,0.084113,-0.384808,-0.118831,-0.789127,-0.485790,-0.897239,-0.798107,-0.848016,-0.417401,-0.977494,-0.770628,-1.364694,-1.034238,-1.589574,-1.257803,-1.769505,-0.605480,-0.767580,-1.012668,-1.178641,-1.282815,-1.452947,-1.508243,-1.673778,-0.702660,-0.488264,-0.912231,-0.693084,-0.586106,-0.544529,-0.347660,-0.416097,-0.729556,-0.161738,-0.829577,-0.339703,-0.545916,-0.257201,-0.350340,-0.157175
H,Right,legacy_asl_H_53,0.000000,0.000000,0.000088,0.330829,-0.058915,0.691426,-0.087400,0.963014,-0.131047,1.123938,-0.844696,0.585807,-0.856587,0.875207,-0.629839,1.043372,-0.404292,1.121542,-0.897620,0.344631,-0.865565,0.579002,-0.576824,0.795428,-0.315276,0.923803,-0.828921,0.104958,-0.799594,0.290642,-0.519056,0.508453,-0.249754,0.646085,-0.663683,-0.117019,-0.631463,-0.044074,-0.469834,0.040021,-0.299899,0.097166
H,Right,legacy_asl_H_54,0.000000,0.000000,0.133320,-0.372173,-0.053474,-0.807842,-0.447362,-0.901340,-0.784664,-0.860450,-0.477968,-0.949725,-0.877168,-1.267373,-1.174207,-1.432304,-1.424527,-1.580515,-0.656700,-0.716854,-1.084671,-1.027995,-1.373522,-1.250805,-1.612840,-1.451902,-0.736149,-0.438716,-0.949102,-0.659044,-0.603049,-0.540877,-0.343909,-0.424633,-0.749939,-0.122096,-0.865773,-0.330455,-0.572177,-0.296267,-0.354451,-0.217553
H,Right,legacy_asl_H_55,0.000000,0.000000,0.194320,-0.331443,0.014473,-0.764144,-0.380376,-0.924068,-0.721201,-0.958896,-0.318862,-1.014566,-0.649174,-1.360243,-0.879525,-1.557481,-1.079806,-1.708194,-0.518304,-0.850352,-0.910830,-1.219744,-1.155064,-1.460522,-1.368210,-1.645494,-0.609698,-0.618726,-0.807373,-0.805693,-0.535262,-0.661349,-0.355540,-0.551027,-0.638015,-0.346941,-0.707716,-0.520964,-0.463464,-0.399085,-0.304945,-0.289195
H,Right,legacy_asl_H_56,0.000000,0.000000,0.119142,-0.353254,-0.071333,-0.753941,-0.477293,-0.877255,-0.797996,-0.887707,-0.421848,-0.971693,-0.781769,-1.278807,-1.033671,-1.446271,-1.241977,-1.573700,-0.605299,-0.787707,-1.034488,-1.115564,-1.304625,-1.323179,-1.531467,-1.480766,-0.677551,-0.547569,-0.873144,-0.721447,-0.605188,-0.626800,-0.416918,-0.549429,-0.683984,-0.277672,-0.749078,-0.456985,-0.507762,-0.378322,-0.341317,-0.294145
H,Right,legacy_asl_H_57,0.000000,0.000000,0.025279,-0.366997,-0.242146,-0.750460,-0.624393,-0.818089,-0.947291,-0.708969,-0.630008,-0.830513,-0.906388,-1.105977,-1.158502,-1.291423,-1.379783,-1.421184,-0.786494,-0.605894,-1.190936,-0.902625,-1.471816,-1.130990,-1.731032,-1.315409,-0.837190,-0.319742,-1.073758,-0.508213,-0.749604,-0.473739,-0.516799,-0.400248,-0.806592,0.015239,-0.947238,-0.198291,-0.676651,-0.230318,-0.471612,-0.178510
H,Right,legacy_asl_H_58,0.000000,0.000000,0.219559,-0.293595,0.040763,-0.707573,-0.377887,-0.845891,-0.722119,-0.869173,-0.315593,-1.020014,-0.723287,-1.369528,-1.017612,-1.566671,-1.261944,-1.716077,-0.514726,-0.838244,-1.014690,-1.214287,-1.324074,-1.454449,-1.581759,-1.637320,-0.623791,-0.573613,-0.827014,-0.791290,-0.493785,-0.601067,-0.282558,-0.481019,-0.670508,-0.268313,-0.721002,-0.445765,-0.403387,-0.321517,-0.213583,-0.233561
H,Right,legacy_asl_H_59,0.000000,0.000000,0.116661,-0.296387,-0.035563,-0.607718,-0.354601,-0.639739,-0.638051,-0.515259,-0.487469,-0.893851,-0.877094,-1.227956,-1.171123,-1.388956,-1.418538,-1.514435,-0.648840,-0.687450,-1.001491,-1.050046,-1.280302,-1.264543,-1.523387,-1.440980,-0.720340,-0.432495,-0.724346,-0.589560,-0.430362,-0.512724,-0.231075,-0.426598,-0.718067,-0.159897,-0.623706,-0.290411,-0.317620,-0.238713,-0.117510,-0.149555
H,Right,legacy_asl_H_60,0.000000,0.000000,0.090430,-0.358990,-0.164414,-0.723013,-0.540750,-0.685104,-0.832412,-0.531148,-0.597790,-0.881086,-1.001998,-1.187362,-1.300335,-1.377626,-1.544962,-1.516297,-0.738785,-0.638913,-1.216886,-0.999263,-1.513690,-1.248845,-1.760799,-1.438802,-0.778905,-0.354410,-0.951850,-0.559785,-0.640318,-0.499055,-0.432634,-0.417362,-0.750938,-0.038478,-0.868918,-0.263300,-0.581999,-0.237721,-0.383613,-0.146822
H,Right,legacy_asl_H_61,0.000000,0.000000,0.159438,-0.362368,-0.013137,-0.806086,-0.415402,-0.893630,-0.764166,-0.844981,-0.437535,-0.957338,-0.895661,-1.304000,-1.250624,-1.505406,-1.555522,-1.665496,-0.647522,-0.697954,-1.132640,-1.058247,-1.476659,-1.283889,-1.736963,-1.461579,-0.741167,-0.391050,-0.926343,-0.564298,-0.572855,-0.441305,-0.297641,-0.343205,-0.751844,-0.051492,-0.885599,-0.227937,-0.575223,-0.168260,-0.349876,-0.084183
H,Right,legacy_asl_H_62,0.000000,0.000000,0.219679,-0.286108,0.053976,-0.697819,-0.388773,-0.816317,-0.759412,-0.851317,-0.248705,-1.031449,-0.680465,-1.410524,-0.978176,-1.612295,-1.236630,-1.773545,-0.477680,-0.847235,-0.984166,-1.256936,-1.301962,-1.503550,-1.567257,-1.710808,-0.599423,-0.592823,-0.838078,-0.781850,-0.493221,-0.554096,-0.253580,-0.428248,-0.655612,-0.290383,-0.769122,-0.435509,-0.461619,-0.256851,-0.252077,-0.147113
H,Right,legacy_asl_H_63,0.000000,0.000000,-0.220506,-1.072774,-0.941873,-1.920261,-1.779364,-2.437875,-2.382069,-2.545705,-0.366213,-1.599026,-1.438222,-2.057112,-2.201685,-2.124296,-2.747421,-2.262498,-0.551017,-0.815751,-1.484955,-1.272161,-2.279631,-1.394438,-2.663727,-1.548250,-0.765233,-0.083092,-1.682460,-0.621106,-2.347725,-0.802047,-2.636697,-0.929526,-1.030837,0.553518,-1.897259,0.061007,-2.321374,-0.159990,-2.509206,-0.354033
H,Right,legacy_asl_H_64,0.000000,0.000000,0.175229,-0.359443,-0.006668,-0.803756,-0.394381,-0.886863,-0.729662,-0.818257,-0.441170,-0.977758,-0.824637,-1.330643,-1.122955,-1.538436,-1.366018,-1.698564,-0.629455,-0.743203,-1.085978,-1.142184,-1.393968,-1.411785,-1.641003,-1.618718,-0.713876,-0.457968,-0.925738,-0.649948,-0.586932,-0.519633,-0.332699,-0.392438,-0.733034,-0.131600,-0.883880,-0.335241,-0.592497,-0.267828,-0.379311,-0.161954
H,Right,legacy_asl_H_65,0.000000,0.000000,0.160377,-0.292105,-0.008140,-0.690865,-0.426888,-0.748457,-0.774992,-0.737249,-0.290977,-1.059719,-0.645116,-1.375978,-0.906408,-1.570404,-1.147125,-1.723942,-0.515376,-0.847231,-0.913543,-1.185939,-1.157723,-1.385385,-1.371699,-1.553465,-0.626067,-0.583243,-0.823066,-0.660535,-0.490793,-0.472005,-0.276435,-0.378315,-0.657661,-0.278280,-0.802758,-0.380216,-0.513839,-0.222015,-0.331153,-0.119810
H,Right,legacy_asl_H_66,0.000000,0.000000,0.115707,-0.333963,-0.061858,-0.775246,-0.445607,-0.918434,-0.775692,-0.910570,-0.467297,-0.963104,-0.824975,-1.268896,-1.062426,-1.425227,-1.274835,-1.544784,-0.628973,-0.765429,-1.065115,-1.100978,-1.318758,-1.317790,-1.544637,-1.477379,-0.698060,-0.525244,-0.849082,-0.773151,-0.535401,-0.649063,-0.350006,-0.527935,-0.704659,-0.266739,-0.719009,-0.500957,-0.444591,-0.407713,-0.277606,-0.296560
H,Right,legacy_asl_H_67,0.000000,0.000000,0.127934,-0.373921,0.010936,-0.769212,-0.301407,-0.866777,-0.591751,-0.823583,-0.399049,-0.980829,-0.663061,-1.287542,-0.865205,-1.465642,-1.029289,-1.616327,-0.590161,-0.794954,-0.948133,-1.138731,-1.178290,-1.373004,-1.355833,-1.562835,-0.690129,-0.544544,-0.833603,-0.705609,-0.536247,-0.561923,-0.312688,-0.435691,-0.730945,-0.252136,-0.806539,-0.411375,-0.561543,-0.325344,-0.378986,-0.226325
H,Right,legacy_asl_H_68,0.000000,0.000000,0.157599,-0.319768,-0.056588,-0.736368,-0.535572,-0.799947,-0.940325,-0.783892,-0.348262,-1.027816,-0.787369,-1.333935,-1.131044,-1.520521,-1.440012,-1.666793,-0.567916,-0.786461,-1.014082,-0.917929,-1.068184,-0.833748,-1.114914,-0.791918,-0.689042,-0.522541,-0.944997,-0.537008,-0.547339,-0.362827,-0.276702,-0.296187,-0.746148,-0.244675,-0.878318,-0.274478,-0.551474,-0.143822,-0.332304,-0.087740
H,Right,legacy_asl_H_69,0.000000,0.000000,0.173961,-0.327904,0.035591,-0.777177,-0.324239,-0.897061,-0.673446,-0.858503,-0.392684,-0.988723,-0.730472,-1.336853,-0.997486,-1.535765,-1.216309,-1.716336,-0.596874,-0.767085,-0.998784,-1.128684,-1.257772,-1.390452,-1.462299,-1.621252,-0.702571,-0.495177,-0.860136,-0.678446,-0.499167,-0.515488,-0.236078,-0.381086,-0.743968,-0.183378,-0.838419,-0.377410,-0.520967,-0.274848,-0.296826,-0.162943
H,Right,legacy_asl_H_70,0.000000,0.000000,0.029756,-0.457886,-0.237283,-0.819076,-0.627238,-0.862802,-0.931737,-0.784656,-0.561610,-0.898986,-0.878220,-1.170900,-1.127855,-1.341019,-1.334939,-1.472809,-0.731032,-0.675153,-1.159360,-0.983132,-1.452298,-1.208088,-1.685474,-1.389940,-0.811898,-0.396222,-1.000709,-0.543123,-0.678508,-0.482502,-0.424309,-0.398480,-0.825853,-0.083134,-0.941818,-0.286236,-0.674638,-0.277476,-0.460753,-0.198502
H,Right,legacy_asl_H_71,0.000000,0.000000,0.043583,-0.330741,-0.215056,-0.694775,-0.553278,-0.758687,-0.854874,-0.692378,-0.601145,-0.879714,-0.911029,-1.153775,-1.168957,-1.335748,-1.392804,-1.452434,-0.742043,-0.649267,-1.106812,-0.941004,-1.364355,-1.145932,-1.600935,-1.307350,-0.778530,-0.353492,-0.900628,-0.475013,-0.595374,-0.388920,-0.384477,-0.312899,-0.739449,-0.019085,-0.813147,-0.148431,-0.550565,-0.103545,-0.373167,-0.032417
H,Right,legacy_asl_H_72,0.000000,0.000000,0.279450,-0.268456,0.291550,-0.677551,0.007171,-0.871014,-0.343080,-0.906509,-0.082509,-1.038585,-0.349856,-1.430570,-0.550942,-1.638423,-0.718668,-1.841219,-0.339632,-0.895053,-0.617580,-1.313576,-0.833259,-1.570725,-1.002888,-1.809803,-0.529276,-0.674777,-0.627114,-0.816687,-0.362663,-0.553697,-0.162098,-0.369182,-0.658617,-0.409923,-0.698827,-0.534227,-0.441718,-0.343514,-0.260579,-0.187360
H,Right,legacy_asl_H_73,0.000000,0.000000,0.073983,-0.272192,-0.167582,-0.553576,-0.532975,-0.517114,-0.850077,-0.454402,-0.626758,-0.840167,-1.100343,-1.070813,-1.420889,-1.186281,-1.694695,-1.255058,-0.770920,-0.586554,-1.301506,-0.821840,-1.644837,-0.962523,-1.949368,-1.079323,-0.793349,-0.303828,-0.947273,-0.293507,-0.609075,-0.227285,-0.392175,-0.217372,-0.742735,0.008493,-0.830064,-0.011860,-0.550151,0.013662,-0.379218,0.007941
H,Right,legacy_asl_H_74,0.000000,0.000000,0.202469,-0.328090,0.047779,-0.749303,-0.309526,-0.886171,-0.626801,-0.863839,-0.401734,-0.982747,-0.760505,-1.326730,-1.002315,-1.523180,-1.215633,-1.677018,-0.580433,-0.787574,-0.992373,-1.160514,-1.254635,-1.408692,-1.477012,-1.600726,-0.672196,-0.529531,-0.789042,-0.748723,-0.483450,-0.656002,-0.259472,-0.552258,-0.713175,-0.229882,-0.672887,-0.409480,-0.351285,-0.339434,-0.116830,-0.249184
H,Right,legacy_asl_H_75,0.000000,0.000000,0.021337,-0.408779,-0.218244,-0.754440,-0.594926,-0.760714,-0.896305,-0.671914,-0.556337,-0.906321,-0.991735,-1.157682,-1.297444,-1.285155,-1.550551,-1.388523,-0.712799,-0.672076,-1.170447,-0.946528,-1.471262,-1.111096,-1.721131,-1.228861,-0.762244,-0.391708,-1.052188,-0.484844,-0.719635,-0.370512,-0.467695,-0.286231,-0.741862,-0.078331,-0.943921,-0.176732,-0.689371,-0.135703,-0.486241,-0.087303
H,Right,legacy_asl_H_76,0.000000,0.000000,0.137035,-0.325986,-0.097831,-0.668785,-0.472380,-0.675840,-0.770941,-0.572185,-0.480263,-0.960181,-0.897038,-1.235653,-1.179768,-1.404325,-1.419454,-1.522988,-0.647477,-0.739985,-1.106417,-1.057264,-1.405840,-1.272934,-1.652613,-1.434678,-0.701825,-0.467615,-0.919696,-0.600000,-0.619854,-0.497292,-0.406974,-0.410233,-0.690114,-0.155338,-0.810139,-0.303779,-0.531765,-0.229968,-0.333995,-0.146190
H,Right,legacy_asl_H_77,0.000000,0.000000,0.145317,-0.289785,-0.018513,-0.706214,-0.374462,-0.728492,-0.681925,-0.575539,-0.508877,-0.888690,-0.771015,-1.143838,-0.995373,-1.296675,-1.200909,-1.395352,-0.700385,-0.696103,-1.026316,-1.008039,-1.252183,-1.202129,-1.460804,-1.336600,-0.793351,-0.444370,-0.877004,-0.612153,-0.589054,-0.552835,-0.393400,-0.474367,-0.813779,-0.142389,-0.758194,-0.276057,-0.443304,-0.216983,-0.227168,-0.129311
H,Right,legacy_asl_H_78,0.000000,0.000000,0.175839,-0.325696,0.065706,-0.753738,-0.268795,-0.935394,-0.584392,-1.010839,-0.269794,-1.032148,-0.576782,-1.408918,-0.788313,-1.612395,-0.975189,-1.772756,-0.454357,-0.879586,-0.816158,-1.312110,-1.052056,-1.564119,-1.249081,-1.750109,-0.567425,-0.660874,-0.723280,-0.945253,-0.462272,-0.808980,-0.272933,-0.676519,-0.635666,-0.407110,-0.667757,-0.616910,-0.411737,-0.490229,-0.221978,-0.352179
H,Right,legacy_asl_H_79,0.000000,0.000000,0.184923,-0.350944,0.117989,-0.801745,-0.253454,-0.951607,-0.583829,-0.942613,-0.210975,-1.038041,-0.523266,-1.420877,-0.784218,-1.665318,-1.007894,-1.873231,-0.446658,-0.878994,-0.798853,-1.302176,-1.038277,-1.567080,-1.242049,-1.766822,-0.581710,-0.655622,-0.816226,-0.856328,-0.518844,-0.614559,-0.295713,-0.433640,-0.662821,-0.363231,-0.811578,-0.527999,-0.568740,-0.371391,-0.377887,-0.240504
H,Right,legacy_asl_H_80,0.000000,0.000000,0.165117,-0.297135,-0.016433,-0.660316,-0.388213,-0.652569,-0.703905,-0.537664,-0.494629,-0.918481,-0.870047,-1.207598,-1.135289,-1.391041,-1.355171,-1.532983,-0.680441,-0.702574,-1.068923,-1.021118,-1.303051,-1.257361,-1.490485,-1.441759,-0.765518,-0.447470,-0.831289,-0.600321,-0.532883,-0.507492,-0.333467,-0.418217,-0.789906,-0.161453,-0.712603,-0.303858,-0.402333,-0.232081,-0.201104,-0.155614
H,Right,legacy_asl_H_81,0.000000,0.000000,0.031856,-0.358292,-0.245911,-0.691572,-0.642761,-0.661738,-0.937740,-0.534072,-0.598247,-0.868823,-1.039199,-1.153346,-1.343007,-1.305497,-1.600922,-1.420275,-0.741798,-0.637180,-1.252297,-0.924649,-1.577701,-1.122214,-1.854379,-1.282200,-0.776404,-0.353229,-1.051430,-0.511541,-0.726844,-0.455314,-0.489532,-0.387552,-0.733468,-0.037119,-0.905716,-0.220579,-0.631114,-0.199719,-0.419493,-0.128561
H,Right,legacy_asl_H_82,0.000000,0.000000,0.176465,-0.320072,0.040507,-0.753751,-0.314365,-0.888997,-0.640354,-0.882441,-0.327275,-1.005859,-0.645375,-1.344110,-0.887795,-1.532010,-1.090772,-1.693901,-0.543563,-0.813376,-0.889756,-1.170861,-1.144982,-1.424708,-1.332929,-1.632571,-0.676447,-0.563390,-0.763360,-0.665465,-0.457072,-0.458396,-0.215633,-0.297024,-0.765117,-0.281117,-0.802793,-0.399915,-0.527990,-0.241235,-0.320485,-0.101596
H,Right,legacy_asl_H_83,-0.006201,0.015839,0.095689,-0.361086,-0.121911,-0.790429,-0.478756,-0.872788,-0.797141,-0.789591,-0.552431,-0.899295,-0.945165,-1.170951,-1.265092,-1.372143,-1.491295,-1.506980,-0.701733,-0.679173,-1.119881,-0.974449,-1.432693,-1.195899,-1.705133,-1.396775,-0.747391,-0.423203,-0.902883,-0.572163,-0.584748,-0.496321,-0.329680,-0.412316,-0.744461,-0.111871,-0.854812,-0.275728,-0.575924,-0.253734,-0.361103,-0.200954
H,Right,legacy_asl_H_84,0.000000,0.000000,0.097279,-0.357376,-0.120041,-0.760494,-0.470343,-0.856286,-0.766228,-0.768158,-0.546293,-0.894214,-0.933119,-1.175481,-1.220473,-1.338991,-1.457163,-1.477252,-0.686025,-0.666706,-1.120204,-0.957166,-1.419040,-1.172068,-1.662936,-1.353228,-0.730184,-0.393719,-0.901793,-0.582055,-0.580269,-0.493671,-0.339591,-0.394116,-0.715031,-0.090732,-0.821250,-0.291744,-0.551137,-0.254536,-0.351671,-0.168133
H,Right,legacy_asl_H_85,0.000000,0.000000,0.103176,-0.365368,-0.115669,-0.780672,-0.473802,-0.882255,-0.777938,-0.794792,-0.551283,-0.921868,-0.945053,-1.213917,-1.238008,-1.384301,-1.479275,-1.528314,-0.696714,-0.690026,-1.138933,-0.991957,-1.443157,-1.215129,-1.691395,-1.403183,-0.744624,-0.410641,-0.918698,-0.605350,-0.589992,-0.511640,-0.344261,-0.407262,-0.732029,-0.099932,-0.838955,-0.307000,-0.562449,-0.266243,-0.358834,-0.175746
H,Right,legacy_asl_H_86,0.008361,-0.000054,0.093556,-0.349727,-0.112794,-0.791667,-0.478390,-0.894889,-0.761340,-0.790775,-0.549318,-0.919985,-0.945118,-1.201762,-1.267510,-1.364364,-1.451084,-1.527036,-0.704808,-0.694640,-1.164002,-0.972249,-1.450247,-1.190464,-1.698983,-1.397167,-0.737210,-0.383741,-0.927673,-0.605536,-0.607080,-0.486613,-0.344006,-0.412890,-0.721844,-0.048533,-0.842012,-0.315877,-0.556529,-0.224067,-0.370540,-0.155926
H,Right,legacy_asl_H_87,0.000000,0.000000,0.103294,-0.379470,-0.127462,-0.807510,-0.499421,-0.909225,-0.813599,-0.815648,-0.580067,-0.949498,-0.990807,-1.248153,-1.295927,-1.421772,-1.547250,-1.568581,-0.728437,-0.707924,-1.189459,-1.016341,-1.506770,-1.244529,-1.765744,-1.436889,-0.775326,-0.418060,-0.957545,-0.618040,-0.616144,-0.524192,-0.360585,-0.418482,-0.759237,-0.096341,-0.872023,-0.309781,-0.585210,-0.270272,-0.373413,-0.178528
H,Right,legacy_asl_H_88,0.000000,0.000000,0.107806,-0.364029,-0.105749,-0.782077,-0.462562,-0.888200,-0.767785,-0.804605,-0.539535,-0.928793,-0.929565,-1.225817,-1.220333,-1.399907,-1.459753,-1.546971,-0.687897,-0.698816,-1.126248,-1.006337,-1.427614,-1.233353,-1.673444,-1.424543,-0.739350,-0.420062,-0.910938,-0.616965,-0.583448,-0.519089,-0.339062,-0.411600,-0.730701,-0.109218,-0.834990,-0.317627,-0.559024,-0.273362,-0.356574,-0.180288
H,Right,legacy_asl_H_89,0.031954,-0.005224,0.092901,-0.365953,-0.129035,-0.775644,-0.454330,-0.874941,-0.784647,-0.789619,-0.557627,-0.901723,-0.941297,-1.214359,-1.245546,-1.364861,-1.515196,-1.491404,-0.682711,-0.682496,-1.167596,-0.995726,-1.445508,-1.211439,-1.701965,-1.372346,-0.743404,-0.438178,-0.899414,-0.610896,-0.595722,-0.505329,-0.359765,-0.416344,-0.737285,-0.091522,-0.848793,-0.281100,-0.542414,-0.273146,-0.361162,-0.168277
H,Right,legacy_asl_H_90,0.000000,0.000000,0.101578,-0.373169,-0.125345,-0.794102,-0.491128,-0.894128,-0.800089,-0.802105,-0.570435,-0.933732,-0.974355,-1.227428,-1.274409,-1.398164,-1.521559,-1.542536,-0.716342,-0.696169,-1.169709,-0.999465,-1.481751,-1.223864,-1.736425,-1.413030,-0.762452,-0.411118,-0.941646,-0.607777,-0.605913,-0.515488,-0.354598,-0.411533,-0.746630,-0.094741,-0.857543,-0.304637,-0.575493,-0.265784,-0.367212,-0.175563
H,Right,legacy_asl_H_91,0.000000,0.000000,0.084304,-0.370179,-0.155552,-0.773713,-0.518422,-0.856797,-0.817673,-0.753852,-0.597833,-0.892384,-1.006062,-1.163855,-1.307369,-1.318992,-1.555704,-1.450442,-0.731183,-0.653389,-1.188304,-0.932245,-1.503573,-1.139522,-1.761127,-1.314598,-0.764702,-0.371915,-0.948532,-0.557441,-0.615453,-0.480710,-0.364693,-0.389072,-0.736190,-0.062260,-0.853595,-0.263573,-0.575362,-0.237049,-0.367374,-0.157113
H,Right,legacy_asl_H_92,-0.008661,0.021702,0.105457,-0.357940,-0.213082,-0.759349,-0.595201,-0.795535,-0.972028,-0.811048,-0.504471,-0.974352,-0.966347,-1.252702,-1.282682,-1.394353,-1.595889,-1.551283,-0.680573,-0.704025,-1.201381,-0.992380,-1.557264,-1.214217,-1.846532,-1.338921,-0.758464,-0.377334,-0.966270,-0.511171,-0.609148,-0.410751,-0.343684,-0.294665,-0.732296,-0.058325,-0.898274,-0.180714,-0.564288,-0.144469,-0.367317,-0.071351
H,Right,legacy_asl_H_93,0.000000,0.000000,0.095849,-0.370778,-0.211376,-0.766984,-0.634948,-0.837049,-0.994066,-0.818252,-0.528968,-0.974616,-0.993906,-1.290684,-1.336378,-1.450013,-1.630510,-1.576722,-0.700784,-0.708112,-1.230725,-1.020847,-1.599679,-1.226690,-1.898480,-1.393523,-0.756181,-0.399846,-1.005449,-0.515410,-0.623651,-0.404637,-0.340509,-0.325144,-0.739927,-0.057738,-0.917642,-0.205122,-0.604563,-0.135953,-0.369771,-0.065074
H,Right,legacy_asl_H_94,0.000000,0.000000,0.125798,-0.351002,-0.136962,-0.762386,-0.541438,-0.867863,-0.891297,-0.881470,-0.426488,-0.991851,-0.849266,-1.339514,-1.167197,-1.524352,-1.441149,-1.673277,-0.616699,-0.748685,-1.102798,-1.098878,-1.442282,-1.331162,-1.717205,-1.519404,-0.697735,-0.454707,-0.929176,-0.588850,-0.568812,-0.447606,-0.301330,-0.345434,-0.712299,-0.121567,-0.871543,-0.280219,-0.574120,-0.185404,-0.352754,-0.095870
H,Right,legacy_asl_H_95,0.009342,-0.008653,0.080092,-0.363105,-0.220340,-0.715735,-0.623939,-0.802102,-0.954192,-0.806773,-0.526670,-0.952522,-0.978548,-1.254243,-1.277283,-1.404368,-1.601495,-1.525422,-0.683674,-0.661091,-1.192364,-0.993856,-1.555561,-1.214697,-1.843461,-1.354775,-0.716529,-0.397049,-0.969456,-0.498837,-0.609168,-0.410397,-0.335438,-0.319052,-0.713675,-0.062851,-0.896600,-0.217988,-0.598227,-0.123499,-0.333826,-0.071721
H,Right,legacy_asl_H_96,0.000000,0.000000,0.089324,-0.345536,-0.196986,-0.714769,-0.591722,-0.780064,-0.926392,-0.762548,-0.492957,-0.908266,-0.926243,-1.202817,-1.245400,-1.351299,-1.519508,-1.469382,-0.653076,-0.659906,-1.146940,-0.951350,-1.490776,-1.143180,-1.769235,-1.298655,-0.704702,-0.372625,-0.937001,-0.480322,-0.581194,-0.377091,-0.317328,-0.303009,-0.689555,-0.053808,-0.855171,-0.191158,-0.563406,-0.126698,-0.344598,-0.060644
H,Right,legacy_asl_H_97,0.000000,0.000000,0.104838,-0.357822,-0.181770,-0.752961,-0.591772,-0.834354,-0.941823,-0.827265,-0.484349,-0.964918,-0.926931,-1.286993,-1.255228,-1.452721,-1.537501,-1.585200,-0.659859,-0.710938,-1.165802,-1.031796,-1.518417,-1.243615,-1.803983,-1.415283,-0.723383,-0.412685,-0.962347,-0.532918,-0.594266,-0.413214,-0.321214,-0.327025,-0.718237,-0.079266,-0.886578,-0.228232,-0.584072,-0.151157,-0.357802,-0.074859
H,Right,legacy_asl_H_98,0.004751,-0.006864,0.111426,-0.360271,-0.183103,-0.765263,-0.618717,-0.831389,-0.983771,-0.800303,-0.520291,-0.930451,-0.952385,-1.269662,-1.307626,-1.389180,-1.598239,-1.515827,-0.688164,-0.682687,-1.230804,-0.995650,-1.554585,-1.201318,-1.841287,-1.347611,-0.752089,-0.388450,-0.981016,-0.484848,-0.602965,-0.399573,-0.343572,-0.322609,-0.704071,-0.088081,-0.893835,-0.221847,-0.559138,-0.139383,-0.344356,-0.074215
H,Right,legacy_asl_H_99,0.000000,0.000000,0.096043,-0.371528,-0.211803,-0.768536,-0.636233,-0.838742,-0.996078,-0.819908,-0.530038,-0.976588,-0.995917,-1.293296,-1.339082,-1.452947,-1.633809,-1.579913,-0.702202,-0.709545,-1.233216,-1.022913,-1.602916,-1.229173,-1.902322,-1.396343,-0.757711,-0.400655,-1.007484,-0.516453,-0.624913,-0.405456,-0.341198,-0.325802,-0.741425,-0.057855,-0.919499,-0.205537,-0.605787,-0.136229,-0.370520,-0.065206
H,Right,legacy_asl_H_100,0.000000,0.000000,0.113237,-0.355253,-0.163984,-0.757033,-0.571955,-0.848062,-0.922076,-0.849220,-0.461486,-0.976059,-0.896359,-1.308469,-1.220661,-1.481885,-1.499736,-1.620975,-0.642930,-0.726283,-1.141175,-1.058970,-1.488703,-1.279035,-1.770146,-1.457383,-0.713462,-0.429609,-0.949527,-0.555438,-0.584368,-0.427097,-0.313422,-0.334501,-0.716171,-0.096162,-0.880956,-0.249051,-0.580350,-0.164872,-0.355940,-0.083266
H,Right,legacy_asl_H_101,-0.016810,0.001650,0.094019,-0.308422,-0.088777,-0.684579,-0.422050,-0.762820,-0.709051,-0.723048,-0.539838,-0.920700,-0.849155,-1.183311,-1.074651,-1.274954,-1.273079,-1.438937,-0.676947,-0.723301,-1.043811,-0.992348,-1.301083,-1.189042,-1.523413,-1.339156,-0.725434,-0.469361,-0.846458,-0.591018,-0.500501,-0.485944,-0.319230,-0.418946,-0.757478,-0.251373,-0.685775,-0.349050,-0.393501,-0.286663,-0.227511,-0.224395
H,Right,legacy_asl_H_102,0.000000,0.000000,0.073078,-0.305578,-0.088634,-0.638481,-0.388051,-0.713507,-0.665050,-0.682771,-0.484788,-0.848396,-0.794533,-1.092052,-1.006181,-1.223004,-1.197638,-1.333996,-0.639720,-0.671567,-0.988307,-0.934333,-1.220401,-1.114882,-1.413214,-1.248539,-0.705069,-0.457775,-0.773480,-0.551159,-0.490355,-0.462547,-0.292822,-0.384999,-0.704916,-0.224521,-0.633772,-0.316097,-0.370027,-0.262211,-0.191987,-0.210665
H,Right,legacy_asl_H_103,0.000000,0.000000,0.109019,-0.315727,-0.027540,-0.684721,-0.336545,-0.795163,-0.632805,-0.791380,-0.424901,-0.947914,-0.727340,-1.237840,-0.937683,-1.398347,-1.128734,-1.535641,-0.607168,-0.776897,-0.948720,-1.091073,-1.175549,-1.306176,-1.365684,-1.467590,-0.698488,-0.557481,-0.761179,-0.663380,-0.470820,-0.540255,-0.269871,-0.437714,-0.722524,-0.310678,-0.637752,-0.400186,-0.364294,-0.315812,-0.181272,-0.242806
H,Right,legacy_asl_H_104,-0.010769,0.029459,0.077388,-0.313715,-0.102055,-0.700639,-0.411829,-0.760036,-0.702055,-0.734588,-0.488923,-0.882853,-0.859593,-1.162753,-1.075783,-1.269679,-1.263215,-1.431425,-0.686770,-0.718499,-1.060302,-0.996212,-1.303065,-1.184146,-1.516738,-1.303970,-0.716696,-0.465226,-0.801860,-0.596159,-0.499438,-0.495149,-0.318998,-0.410385,-0.755051,-0.246432,-0.661545,-0.336567,-0.418728,-0.299216,-0.224117,-0.226129
H,Right,legacy_asl_H_105,0.000000,0.000000,0.073902,-0.309027,-0.089635,-0.645687,-0.392430,-0.721560,-0.672556,-0.690477,-0.490259,-0.857971,-0.803500,-1.104377,-1.017537,-1.236807,-1.211155,-1.349052,-0.646940,-0.679146,-0.999462,-0.944878,-1.234175,-1.127465,-1.429164,-1.262631,-0.713027,-0.462942,-0.782210,-0.557379,-0.495889,-0.467768,-0.296127,-0.389344,-0.712872,-0.227055,-0.640925,-0.319665,-0.374204,-0.265170,-0.194154,-0.213043
H,Right,legacy_asl_H_106,0.000000,0.000000,0.052005,-0.329946,-0.147102,-0.669300,-0.470680,-0.723883,-0.761692,-0.668243,-0.584436,-0.858787,-0.933001,-1.091229,-1.168216,-1.212392,-1.380370,-1.314083,-0.733914,-0.658478,-1.125237,-0.907938,-1.386250,-1.079964,-1.601729,-1.205562,-0.785371,-0.426454,-0.865650,-0.519728,-0.558207,-0.449390,-0.342399,-0.383650,-0.765786,-0.179257,-0.698011,-0.282236,-0.414000,-0.247087,-0.221015,-0.207283
H,Right,legacy_asl_H_107,-0.006661,-0.007235,0.075440,-0.324916,-0.078620,-0.665854,-0.432949,-0.742769,-0.710234,-0.711666,-0.509572,-0.886955,-0.860136,-1.172596,-1.098085,-1.312813,-1.278721,-1.446189,-0.672173,-0.685574,-1.062376,-1.000170,-1.264305,-1.211142,-1.493844,-1.302826,-0.740179,-0.489416,-0.824470,-0.600383,-0.515828,-0.498180,-0.312822,-0.423200,-0.757081,-0.228087,-0.677211,-0.333518,-0.408992,-0.285134,-0.192070,-0.226951
H,Right,legacy_asl_H_108,0.000000,0.000000,0.073221,-0.306179,-0.088808,-0.639735,-0.388813,-0.714910,-0.666357,-0.684113,-0.485741,-0.850063,-0.796094,-1.094198,-1.008158,-1.225407,-1.199992,-1.336618,-0.640977,-0.672887,-0.990250,-0.936169,-1.222799,-1.117074,-1.415992,-1.250993,-0.706455,-0.458675,-0.775000,-0.552242,-0.491318,-0.463457,-0.293397,-0.385755,-0.706302,-0.224963,-0.635018,-0.316718,-0.370755,-0.262726,-0.192364,-0.211079
H,Right,legacy_asl_H_109,0.000000,0.000000,0.087185,-0.322440,-0.074275,-0.681237,-0.390106,-0.770301,-0.685415,-0.746278,-0.488696,-0.916656,-0.810244,-1.185233,-1.031065,-1.330988,-1.231053,-1.454903,-0.658847,-0.733582,-1.021075,-1.023678,-1.262075,-1.222774,-1.462798,-1.370816,-0.734957,-0.508437,-0.804740,-0.609803,-0.506644,-0.506812,-0.299157,-0.418246,-0.742068,-0.260568,-0.663612,-0.355661,-0.385028,-0.290175,-0.197443,-0.229848
H,Right,legacy_asl_H_110,-0.009852,0.001095,0.178422,-0.279723,-0.004429,-0.666324,-0.326308,-0.823002,-0.657296,-0.871172,-0.305845,-1.020990,-0.674436,-1.328528,-0.905728,-1.503644,-1.119027,-1.663696,-0.492723,-0.831458,-0.937944,-1.178750,-1.170425,-1.415655,-1.397157,-1.626246,-0.596314,-0.623042,-0.777267,-0.801226,-0.476239,-0.619395,-0.293727,-0.486144,-0.647078,-0.322137,-0.669996,-0.493317,-0.404706,-0.356747,-0.230551,-0.265582
H,Right,legacy_asl_H_111,0.000000,0.000000,0.155508,-0.283091,0.011522,-0.639330,-0.310628,-0.769329,-0.616539,-0.799697,-0.302082,-0.948794,-0.629660,-1.239494,-0.861046,-1.408117,-1.053944,-1.548335,-0.476279,-0.788860,-0.859619,-1.109558,-1.103966,-1.327393,-1.296398,-1.498426,-0.564031,-0.562590,-0.725240,-0.746507,-0.445605,-0.571930,-0.258165,-0.453378,-0.596146,-0.300555,-0.629434,-0.453611,-0.370078,-0.329234,-0.203953,-0.239105
H,Right,legacy_asl_H_112,0.000000,0.000000,0.176436,-0.297504,0.034903,-0.683873,-0.305308,-0.834384,-0.631654,-0.877687,-0.289825,-1.026165,-0.630172,-1.348868,-0.871872,-1.537516,-1.073383,-1.694402,-0.481916,-0.861136,-0.880886,-1.217915,-1.134721,-1.459692,-1.334645,-1.649543,-0.583825,-0.622056,-0.749876,-0.824595,-0.456743,-0.627872,-0.260310,-0.494367,-0.627449,-0.342732,-0.657673,-0.507724,-0.384474,-0.365446,-0.209851,-0.263115
H,Right,legacy_asl_H_113,0.005210,0.000474,0.161048,-0.305691,0.007381,-0.682729,-0.334780,-0.835177,-0.684277,-0.848390,-0.328730,-1.007731,-0.664741,-1.302272,-0.940211,-1.513140,-1.113412,-1.689791,-0.510399,-0.860046,-0.912345,-1.199983,-1.187351,-1.441047,-1.388283,-1.609008,-0.585461,-0.606771,-0.775491,-0.772126,-0.481130,-0.632662,-0.256171,-0.484235,-0.662184,-0.325992,-0.671153,-0.486435,-0.410967,-0.362389,-0.228307,-0.225487
H,Right,legacy_asl_H_114,0.000000,0.000000,0.172951,-0.314843,0.012815,-0.711038,-0.345469,-0.855618,-0.685691,-0.889393,-0.335964,-1.055213,-0.700284,-1.378518,-0.957622,-1.566055,-1.172157,-1.722000,-0.529700,-0.877340,-0.956036,-1.234008,-1.227789,-1.476276,-1.441805,-1.666492,-0.627294,-0.625691,-0.806585,-0.830236,-0.495585,-0.636079,-0.287121,-0.504229,-0.663011,-0.334265,-0.700032,-0.504489,-0.411586,-0.366162,-0.226828,-0.265923
H,Right,legacy_asl_H_115,0.000000,0.000000,0.163429,-0.304843,0.005351,-0.684742,-0.341040,-0.820427,-0.668951,-0.849603,-0.333850,-1.012698,-0.687809,-1.320409,-0.937428,-1.498448,-1.145522,-1.646489,-0.518638,-0.839532,-0.932637,-1.178756,-1.196672,-1.409350,-1.404605,-1.590394,-0.610132,-0.596275,-0.784771,-0.791457,-0.483420,-0.607571,-0.281407,-0.482670,-0.641658,-0.315328,-0.678977,-0.478862,-0.399890,-0.348510,-0.221013,-0.253812
H,Right,legacy_asl_H_116,-0.021677,0.013237,0.166478,-0.290969,0.019606,-0.660063,-0.341350,-0.818006,-0.657378,-0.841870,-0.321074,-1.035877,-0.659335,-1.325546,-0.942562,-1.527907,-1.132441,-1.669275,-0.485401,-0.826052,-0.914970,-1.164285,-1.152440,-1.446526,-1.375590,-1.588522,-0.600323,-0.586727,-0.756123,-0.794273,-0.473436,-0.608527,-0.278346,-0.475951,-0.662009,-0.296279,-0.659077,-0.502783,-0.397670,-0.378305,-0.212040,-0.240378
H,Right,legacy_asl_H_117,0.000000,0.000000,0.177642,-0.323383,0.013162,-0.730326,-0.354840,-0.878827,-0.704291,-0.913518,-0.345078,-1.083836,-0.719280,-1.415912,-0.983598,-1.608535,-1.203952,-1.768710,-0.544068,-0.901139,-0.981969,-1.267482,-1.261094,-1.516322,-1.480915,-1.711697,-0.644310,-0.642664,-0.828464,-0.852757,-0.509028,-0.653333,-0.294910,-0.517907,-0.680996,-0.343333,-0.719021,-0.518173,-0.422751,-0.376094,-0.232981,-0.273136
H,Right,legacy_asl_H_118,0.000000,0.000000,0.182548,-0.293793,0.049034,-0.683005,-0.287993,-0.840517,-0.613374,-0.890558,-0.268549,-1.031938,-0.602151,-1.361608,-0.839900,-1.555212,-1.038124,-1.716230,-0.464010,-0.870915,-0.855519,-1.235866,-1.104302,-1.482839,-1.300258,-1.676782,-0.570840,-0.633993,-0.732668,-0.839921,-0.443665,-0.637180,-0.250034,-0.499643,-0.620229,-0.355630,-0.647036,-0.521212,-0.376836,-0.373317,-0.204367,-0.267398
H,Right,legacy_asl_H_119,0.001568,0.021131,0.021923,-0.356079,-0.287878,-0.674517,-0.633625,-0.772669,-0.926167,-0.648468,-0.628152,-0.880540,-0.970347,-1.133598,-1.266198,-1.304614,-1.510702,-1.366244,-0.755958,-0.652077,-1.186409,-0.928549,-1.502251,-1.126464,-1.804543,-1.225601,-0.801677,-0.354422,-1.076375,-0.518289,-0.721188,-0.460313,-0.492951,-0.381260,-0.775911,-0.004353,-0.963116,-0.231397,-0.689912,-0.173226,-0.512050,-0.109472
H,Right,legacy_asl_H_120,0.000000,0.000000,0.018758,-0.370329,-0.262970,-0.673656,-0.601497,-0.722197,-0.877470,-0.638712,-0.572174,-0.841162,-0.931876,-1.087519,-1.213343,-1.227763,-1.447949,-1.322277,-0.715029,-0.619041,-1.137177,-0.883903,-1.446570,-1.055283,-1.718690,-1.188926,-0.764576,-0.333729,-1.007060,-0.489744,-0.693481,-0.419396,-0.467999,-0.338679,-0.736971,-0.008885,-0.905412,-0.198861,-0.658447,-0.184430,-0.477895,-0.113772
H,Right,legacy_asl_H_121,0.000000,0.000000,-0.014893,-0.387672,-0.336697,-0.677573,-0.693997,-0.696675,-0.973830,-0.584009,-0.674503,-0.823378,-1.072267,-1.046660,-1.378632,-1.166633,-1.631909,-1.243310,-0.802717,-0.578616,-1.267279,-0.815374,-1.605641,-0.965198,-1.901652,-1.079163,-0.827817,-0.276679,-1.095024,-0.416714,-0.761695,-0.372567,-0.519209,-0.309420,-0.768838,0.059280,-0.962042,-0.123033,-0.703333,-0.130962,-0.508604,-0.074119
H,Right,legacy_asl_H_122,-0.008972,0.018561,0.024832,-0.377825,-0.285102,-0.710056,-0.618659,-0.753368,-0.921343,-0.654133,-0.599958,-0.858320,-0.965263,-1.135841,-1.266458,-1.280242,-1.526127,-1.405219,-0.743893,-0.648535,-1.210608,-0.900974,-1.513247,-1.111386,-1.819464,-1.228035,-0.812519,-0.343543,-1.063610,-0.521298,-0.740477,-0.430483,-0.489511,-0.354404,-0.773606,-0.013406,-0.950753,-0.210057,-0.708113,-0.198872,-0.490945,-0.135080
H,Right,legacy_asl_H_123,0.000000,0.000000,0.020728,-0.409228,-0.290592,-0.744415,-0.664677,-0.798055,-0.969638,-0.705802,-0.632274,-0.929516,-1.029759,-1.201751,-1.340791,-1.356725,-1.600039,-1.461167,-0.790135,-0.684064,-1.256625,-0.976747,-1.598515,-1.166128,-1.899219,-1.313809,-0.844886,-0.368783,-1.112841,-0.541187,-0.766324,-0.463449,-0.517157,-0.374253,-0.814382,-0.009818,-1.000515,-0.219749,-0.727610,-0.203803,-0.528092,-0.125723
H,Right,legacy_asl_H_124,0.000000,0.000000,0.009962,-0.387830,-0.292617,-0.697743,-0.647961,-0.739686,-0.934434,-0.645170,-0.620393,-0.864881,-1.003043,-1.113175,-1.301097,-1.252521,-1.548944,-1.345259,-0.764018,-0.628831,-1.212465,-0.894851,-1.540539,-1.066036,-1.828644,-1.198721,-0.808400,-0.329121,-1.066092,-0.485980,-0.736274,-0.420578,-0.498329,-0.342032,-0.771057,0.009925,-0.952189,-0.184385,-0.693503,-0.175732,-0.502814,-0.106536
H,Right,legacy_asl_H_125,-0.015676,0.011753,0.045641,-0.376309,-0.271944,-0.722385,-0.622728,-0.740925,-0.904750,-0.646123,-0.603001,-0.879739,-1.006250,-1.136062,-1.294230,-1.301205,-1.532791,-1.385722,-0.766571,-0.686263,-1.196926,-0.921300,-1.530371,-1.091990,-1.811404,-1.261778,-0.794634,-0.348498,-1.029900,-0.511375,-0.710243,-0.430417,-0.488436,-0.355460,-0.782361,-0.010648,-0.942948,-0.233107,-0.719375,-0.166399,-0.463633,-0.127930
H,Right,legacy_asl_H_126,0.000000,0.000000,0.018696,-0.369097,-0.262095,-0.671415,-0.599496,-0.719794,-0.874551,-0.636588,-0.570271,-0.838364,-0.928776,-1.083902,-1.209307,-1.223679,-1.443132,-1.317879,-0.712650,-0.616982,-1.133394,-0.880963,-1.441758,-1.051772,-1.712973,-1.184971,-0.762032,-0.332619,-1.003710,-0.488115,-0.691175,-0.418001,-0.466442,-0.337552,-0.734520,-0.008855,-0.902400,-0.198200,-0.656257,-0.183817,-0.476305,-0.113394
H,Right,legacy_asl_H_127,0.000000,0.000000,-0.003655,-0.387941,-0.316925,-0.687044,-0.673521,-0.716490,-0.956501,-0.611978,-0.650364,-0.842575,-1.041493,-1.077286,-1.344254,-1.206086,-1.595203,-1.290068,-0.785617,-0.601630,-1.243124,-0.851747,-1.577003,-1.011312,-1.869588,-1.133805,-0.819453,-0.300547,-1.082491,-0.448265,-0.750581,-0.394478,-0.510026,-0.324332,-0.770233,0.036980,-0.958074,-0.150854,-0.699244,-0.151284,-0.506243,-0.088824
H,Right,legacy_asl_H_128,-0.019337,0.011531,-0.068168,-0.474918,-0.430406,-0.752614,-0.814184,-0.791238,-1.077947,-0.703285,-0.256734,-0.666275,-0.769444,-0.967706,-1.103819,-1.007240,-1.350954,-1.064481,-0.304939,-0.387667,-0.757328,-0.600716,-1.063443,-0.661620,-1.198031,-0.726084,-0.376199,-0.057365,-0.877157,-0.286946,-1.094810,-0.412260,-1.133025,-0.503320,-0.479175,0.207188,-0.947889,-0.064376,-1.099658,-0.214162,-1.084545,-0.313076
H,Right,legacy_asl_H_129,0.000000,0.000000,-0.101804,-0.436456,-0.429595,-0.739907,-0.810630,-0.788260,-1.099360,-0.680772,-0.248980,-0.678465,-0.750585,-0.963083,-1.080159,-1.010704,-1.306340,-1.045653,-0.295923,-0.360243,-0.755438,-0.592823,-1.046262,-0.661049,-1.183820,-0.709013,-0.379909,-0.056871,-0.878906,-0.301105,-1.070811,-0.411618,-1.132968,-0.509223,-0.472568,0.189636,-0.926239,-0.068359,-1.054867,-0.206667,-1.074316,-0.301404
H,Right,legacy_asl_H_130,0.000000,0.000000,-0.125355,-0.436672,-0.472707,-0.727148,-0.860939,-0.756644,-1.147761,-0.633078,-0.286714,-0.674167,-0.809076,-0.936702,-1.145170,-0.968083,-1.375941,-0.991917,-0.317990,-0.349601,-0.795082,-0.561601,-1.092998,-0.615822,-1.234712,-0.657357,-0.387526,-0.038176,-0.905185,-0.259959,-1.105113,-0.362043,-1.173026,-0.457685,-0.468747,0.216120,-0.941220,-0.021909,-1.078506,-0.155363,-1.103034,-0.250283
H,Right,legacy_asl_H_131,0.005201,0.018303,-0.080321,-0.431312,-0.452352,-0.743091,-0.819822,-0.804897,-1.120329,-0.696468,-0.268561,-0.664271,-0.745890,-0.993769,-1.077014,-1.024724,-1.309835,-1.033788,-0.292512,-0.359944,-0.781363,-0.613479,-1.088148,-0.693062,-1.216804,-0.717208,-0.404222,-0.050731,-0.898946,-0.282424,-1.099489,-0.428824,-1.131459,-0.491434,-0.483545,0.193143,-0.912109,-0.077793,-1.094935,-0.201960,-1.080821,-0.290987
H,Right,legacy_asl_H_132,0.000000,0.000000,-0.102620,-0.439953,-0.433036,-0.745834,-0.817124,-0.794575,-1.108167,-0.686225,-0.250974,-0.683900,-0.756598,-0.970798,-1.088812,-1.018800,-1.316804,-1.054030,-0.298294,-0.363129,-0.761490,-0.597572,-1.054643,-0.666344,-1.193303,-0.714693,-0.382953,-0.057327,-0.885947,-0.303517,-1.079388,-0.414915,-1.142044,-0.513303,-0.476354,0.191155,-0.933659,-0.068907,-1.063317,-0.208322,-1.082922,-0.303819
H,Right,legacy_asl_H_133,0.000000,0.000000,-0.145909,-0.430241,-0.506636,-0.703929,-0.895830,-0.714993,-1.176474,-0.577973,-0.318342,-0.659822,-0.852559,-0.897306,-1.189762,-0.912725,-1.421404,-0.925594,-0.334201,-0.334138,-0.820804,-0.523290,-1.120954,-0.563331,-1.264477,-0.598104,-0.388900,-0.019768,-0.916488,-0.216769,-1.121029,-0.309264,-1.193399,-0.401580,-0.457978,0.238091,-0.941201,0.022721,-1.084657,-0.104077,-1.113656,-0.197728
H,Right,legacy_asl_H_134,0.005896,-0.006211,-0.103333,-0.464196,-0.458829,-0.755271,-0.819743,-0.809810,-1.104208,-0.686327,-0.241317,-0.685623,-0.767888,-0.976224,-1.106086,-1.039730,-1.352564,-1.039242,-0.292247,-0.373471,-0.775218,-0.599170,-1.046263,-0.668302,-1.226692,-0.720236,-0.391224,-0.072833,-0.903094,-0.322271,-1.088831,-0.435162,-1.176172,-0.485713,-0.460131,0.181593,-0.928736,-0.060809,-1.063328,-0.202869,-1.103608,-0.311293
H,Right,legacy_asl_H_135,0.000000,0.000000,-0.102418,-0.439086,-0.432183,-0.744366,-0.815515,-0.793011,-1.105985,-0.684874,-0.250480,-0.682554,-0.755108,-0.968887,-1.086669,-1.016794,-1.314212,-1.051955,-0.297706,-0.362414,-0.759991,-0.596396,-1.052567,-0.665032,-1.190954,-0.713286,-0.382199,-0.057214,-0.884203,-0.302919,-1.077263,-0.414098,-1.139796,-0.512292,-0.475416,0.190778,-0.931821,-0.068771,-1.061224,-0.207912,-1.080790,-0.303221
H,Right,legacy_asl_H_136,0.000000,0.000000,-0.093848,-0.444510,-0.419568,-0.759052,-0.804702,-0.816199,-1.099617,-0.713433,-0.237834,-0.692923,-0.740112,-0.992093,-1.073107,-1.047398,-1.301586,-1.087652,-0.292210,-0.371418,-0.752943,-0.616950,-1.046225,-0.692310,-1.184611,-0.743860,-0.383810,-0.065756,-0.884308,-0.323942,-1.076435,-0.440044,-1.137344,-0.540293,-0.482985,0.182090,-0.937252,-0.089074,-1.064656,-0.231992,-1.082343,-0.328421
H,Right,legacy_asl_H_137,0.017524,0.004205,0.174264,-0.296970,-0.006589,-0.693668,-0.397544,-0.760132,-0.736390,-0.766766,-0.387412,-0.966193,-0.782818,-1.285968,-1.051274,-1.449977,-1.273722,-1.579289,-0.617583,-0.761195,-1.008326,-1.107132,-1.283634,-1.325953,-1.536736,-1.467294,-0.701437,-0.503118,-0.805776,-0.654228,-0.482227,-0.515285,-0.281221,-0.423085,-0.725281,-0.252937,-0.732969,-0.373597,-0.390785,-0.222480,-0.214083,-0.150736
H,Right,legacy_asl_H_138,0.000000,0.000000,0.169666,-0.305019,-0.019330,-0.683816,-0.395612,-0.768264,-0.720489,-0.744195,-0.396517,-0.956025,-0.752842,-1.247863,-1.007780,-1.412125,-1.230149,-1.539561,-0.585209,-0.762856,-1.000105,-1.071808,-1.257410,-1.273804,-1.477191,-1.429334,-0.672859,-0.514044,-0.799719,-0.647641,-0.473297,-0.491250,-0.263250,-0.388687,-0.704823,-0.229282,-0.685461,-0.343975,-0.382632,-0.224335,-0.199564,-0.143124
H,Right,legacy_asl_H_139,0.000000,0.000000,0.160155,-0.320044,-0.050394,-0.699618,-0.439625,-0.769290,-0.771343,-0.730100,-0.448952,-0.961587,-0.827018,-1.244596,-1.095518,-1.401456,-1.329009,-1.522049,-0.633601,-0.755267,-1.072431,-1.053187,-1.345044,-1.248595,-1.577140,-1.398084,-0.712256,-0.496470,-0.848184,-0.627648,-0.506811,-0.482049,-0.287055,-0.386383,-0.732259,-0.203337,-0.717556,-0.321693,-0.401994,-0.212684,-0.210831,-0.137685
H,Right,legacy_asl_H_140,0.001112,0.024070,0.185697,-0.314485,-0.033898,-0.698066,-0.393930,-0.785114,-0.745334,-0.778652,-0.427695,-0.985302,-0.789835,-1.279744,-1.048230,-1.439778,-1.250669,-1.555579,-0.610736,-0.772812,-1.043298,-1.090291,-1.292711,-1.303363,-1.521884,-1.439344,-0.667541,-0.530290,-0.824057,-0.693931,-0.479757,-0.507439,-0.248303,-0.387419,-0.707488,-0.245772,-0.712839,-0.355352,-0.389005,-0.220981,-0.224067,-0.130723
H,Right,legacy_asl_H_141,0.000000,0.000000,0.163527,-0.293983,-0.018631,-0.659074,-0.381298,-0.740467,-0.694420,-0.717268,-0.382170,-0.921434,-0.725603,-1.202712,-0.971316,-1.361031,-1.185640,-1.483856,-0.564034,-0.735254,-0.963919,-1.033027,-1.211914,-1.227714,-1.423742,-1.377617,-0.648514,-0.495444,-0.770783,-0.624208,-0.456172,-0.473476,-0.253725,-0.374624,-0.679321,-0.220986,-0.660659,-0.331529,-0.368788,-0.216218,-0.192343,-0.137946
H,Right,legacy_asl_H_142,0.000000,0.000000,0.176917,-0.311092,-0.013188,-0.701306,-0.398172,-0.791540,-0.731503,-0.770013,-0.397279,-0.984061,-0.759791,-1.286739,-1.019586,-1.457629,-1.246346,-1.590446,-0.592618,-0.787834,-1.015017,-1.108627,-1.276874,-1.318229,-1.500707,-1.479826,-0.684900,-0.533576,-0.813674,-0.671784,-0.480510,-0.508270,-0.266141,-0.401075,-0.720434,-0.241918,-0.699469,-0.359326,-0.390139,-0.233722,-0.203226,-0.148681
H,Right,legacy_asl_H_143,-0.017759,-0.003417,0.173638,-0.342784,-0.021504,-0.681649,-0.388555,-0.773663,-0.738674,-0.757568,-0.400429,-0.972094,-0.755396,-1.289049,-1.036876,-1.467202,-1.243410,-1.586891,-0.589054,-0.828096,-1.022828,-1.096762,-1.303777,-1.301402,-1.518805,-1.458108,-0.683540,-0.521612,-0.825069,-0.660129,-0.488760,-0.526897,-0.262672,-0.365759,-0.713139,-0.217190,-0.721187,-0.346157,-0.410313,-0.254383,-0.205961,-0.143206
H,Right,legacy_asl_H_144,0.000000,0.000000,0.167587,-0.301282,-0.019093,-0.675438,-0.390765,-0.758852,-0.711661,-0.735077,-0.391659,-0.944312,-0.743619,-1.232574,-0.995433,-1.394824,-1.215078,-1.520698,-0.578039,-0.753509,-0.987852,-1.058676,-1.242004,-1.258197,-1.459092,-1.411822,-0.664616,-0.507746,-0.789921,-0.639706,-0.467499,-0.485231,-0.260024,-0.383925,-0.696188,-0.226473,-0.677062,-0.339761,-0.377944,-0.221586,-0.197119,-0.141371
H,Right,legacy_asl_H_145,0.000000,0.000000,0.169088,-0.315416,-0.030709,-0.700758,-0.417828,-0.781343,-0.750517,-0.751492,-0.421747,-0.973826,-0.791709,-1.267350,-1.055693,-1.431695,-1.285702,-1.558804,-0.612121,-0.772778,-1.042405,-1.082915,-1.309417,-1.285909,-1.537219,-1.441862,-0.698020,-0.516294,-0.830207,-0.651240,-0.493061,-0.496104,-0.276081,-0.394299,-0.726254,-0.223839,-0.708230,-0.341734,-0.395857,-0.223899,-0.206878,-0.143556
H,Right,legacy_asl_H_146,0.031754,0.006312,0.184238,-0.345231,-0.026671,-0.751058,-0.436008,-0.864317,-0.754095,-0.803597,-0.434358,-0.978526,-0.790686,-1.340693,-1.112137,-1.539706,-1.351282,-1.724965,-0.607650,-0.742202,-1.040107,-1.129001,-1.368954,-1.426631,-1.615691,-1.671649,-0.687825,-0.447315,-0.886140,-0.660612,-0.597192,-0.523268,-0.375340,-0.428816,-0.743600,-0.120505,-0.853617,-0.364916,-0.568373,-0.268597,-0.361674,-0.172576
H,Right,legacy_asl_H_147,0.000000,0.000000,0.179538,-0.346374,-0.007947,-0.796868,-0.442626,-0.914165,-0.818048,-0.843213,-0.437180,-1.017546,-0.831936,-1.394590,-1.149947,-1.629479,-1.413086,-1.815835,-0.650764,-0.783450,-1.120949,-1.201257,-1.436142,-1.491441,-1.692933,-1.734495,-0.748471,-0.491879,-0.937755,-0.698788,-0.618630,-0.564293,-0.380538,-0.436155,-0.778749,-0.154643,-0.893984,-0.380294,-0.599000,-0.302195,-0.381804,-0.182390
H,Right,legacy_asl_H_148,0.000000,0.000000,0.155765,-0.337281,-0.042123,-0.757689,-0.460707,-0.850416,-0.814756,-0.766638,-0.460010,-0.948995,-0.851883,-1.290542,-1.164584,-1.500191,-1.422982,-1.666051,-0.653032,-0.717044,-1.118425,-1.094095,-1.430844,-1.356466,-1.685663,-1.576537,-0.733331,-0.435444,-0.922364,-0.624059,-0.612958,-0.509961,-0.380911,-0.398394,-0.747506,-0.113329,-0.866912,-0.322985,-0.582916,-0.261487,-0.371109,-0.156941
H,Right,legacy_asl_H_149,-0.009964,-0.014563,0.160677,-0.342915,-0.009252,-0.776383,-0.412263,-0.878492,-0.774151,-0.808236,-0.427207,-0.957753,-0.779060,-1.331110,-1.082341,-1.534350,-1.333009,-1.738471,-0.621981,-0.729411,-1.088094,-1.171399,-1.366189,-1.418298,-1.603555,-1.651388,-0.705791,-0.489503,-0.903379,-0.652470,-0.604934,-0.529917,-0.359683,-0.384353,-0.731428,-0.151844,-0.843823,-0.377052,-0.580898,-0.280500,-0.355820,-0.156861
H,Right,legacy_asl_H_150,0.000000,0.000000,0.161066,-0.310736,-0.007129,-0.714879,-0.397085,-0.820107,-0.733880,-0.756456,-0.392199,-0.912852,-0.746339,-1.251102,-1.031630,-1.461823,-1.267695,-1.629005,-0.583807,-0.702842,-1.005615,-1.077661,-1.288378,-1.337988,-1.518749,-1.556034,-0.671462,-0.441270,-0.841270,-0.626891,-0.554980,-0.506234,-0.341385,-0.391279,-0.698624,-0.138732,-0.802003,-0.341166,-0.537369,-0.271102,-0.342521,-0.163624
H,Right,legacy_asl_H_151,0.000000,0.000000,0.191623,-0.318280,0.040769,-0.757763,-0.365204,-0.895591,-0.726278,-0.850930,-0.353759,-0.993507,-0.706041,-1.375757,-0.994011,-1.618262,-1.232777,-1.811316,-0.570928,-0.783992,-0.992419,-1.209554,-1.274358,-1.504436,-1.503654,-1.750987,-0.681462,-0.512830,-0.848796,-0.720939,-0.553680,-0.573774,-0.335186,-0.437563,-0.730685,-0.194183,-0.826512,-0.415612,-0.550918,-0.323505,-0.351777,-0.196481
H,Right,legacy_asl_H_152,0.010149,-0.022931,0.185674,-0.338568,-0.006807,-0.759419,-0.446028,-0.882507,-0.807124,-0.782561,-0.431934,-0.969377,-0.821306,-1.339053,-1.091853,-1.524118,-1.350395,-1.690112,-0.624549,-0.748989,-1.076340,-1.136757,-1.350338,-1.426732,-1.616589,-1.649632,-0.704560,-0.475927,-0.884886,-0.670172,-0.576632,-0.524099,-0.360998,-0.437367,-0.723960,-0.153285,-0.851314,-0.376444,-0.558988,-0.279741,-0.369118,-0.192412
H,Right,legacy_asl_H_153,0.000000,0.000000,0.166395,-0.321017,-0.007365,-0.738532,-0.410223,-0.847242,-0.758162,-0.781485,-0.405175,-0.943055,-0.771033,-1.292497,-1.065764,-1.510191,-1.309639,-1.682904,-0.603124,-0.726097,-1.038888,-1.113317,-1.331007,-1.382258,-1.569000,-1.607519,-0.693678,-0.455871,-0.869105,-0.647633,-0.573343,-0.522984,-0.352681,-0.404226,-0.721740,-0.143322,-0.828539,-0.352454,-0.555149,-0.280072,-0.353854,-0.169038
H,Right,legacy_asl_H_154,0.000000,0.000000,0.194862,-0.316307,0.048502,-0.757308,-0.356044,-0.899272,-0.717555,-0.858298,-0.343600,-0.997066,-0.691962,-1.382892,-0.977442,-1.628323,-1.214225,-1.823804,-0.562896,-0.789778,-0.980022,-1.219621,-1.258936,-1.517364,-1.485704,-1.766243,-0.676192,-0.519759,-0.841393,-0.729564,-0.547795,-0.579395,-0.330703,-0.440961,-0.728665,-0.201631,-0.822227,-0.424027,-0.547587,-0.329111,-0.349753,-0.200061
H,Right,legacy_asl_H_155,-0.000944,-0.026910,0.134953,-0.355329,0.046240,-0.690314,-0.297996,-0.814966,-0.638916,-0.830998,-0.381094,-1.005959,-0.748055,-1.356585,-1.013387,-1.538115,-1.249604,-1.706259,-0.574102,-0.766451,-0.997482,-1.130638,-1.275353,-1.352774,-1.516257,-1.576908,-0.710178,-0.439760,-0.817810,-0.631124,-0.461989,-0.449317,-0.142854,-0.312790,-0.731098,-0.162517,-0.798482,-0.281765,-0.445306,-0.181859,-0.188684,-0.098842
H,Right,legacy_asl_H_156,0.000000,0.000000,0.161967,-0.353951,0.033870,-0.732689,-0.303271,-0.836836,-0.646793,-0.833141,-0.385077,-1.014632,-0.773289,-1.382442,-1.058961,-1.577990,-1.305776,-1.763635,-0.602136,-0.782306,-1.026107,-1.173156,-1.328234,-1.419121,-1.577809,-1.647690,-0.715358,-0.485759,-0.849272,-0.644407,-0.451533,-0.455413,-0.154621,-0.320883,-0.749921,-0.171641,-0.811223,-0.297048,-0.475529,-0.192131,-0.225588,-0.102196
H,Right,legacy_asl_H_157,0.000000,0.000000,0.176675,-0.330917,0.075795,-0.702786,-0.242363,-0.822852,-0.573019,-0.839559,-0.310567,-0.998701,-0.662299,-1.375400,-0.925557,-1.580350,-1.152023,-1.773481,-0.533062,-0.788026,-0.917832,-1.188996,-1.193945,-1.443413,-1.420533,-1.677997,-0.659462,-0.509451,-0.778919,-0.669956,-0.407475,-0.464700,-0.129806,-0.317782,-0.711236,-0.209336,-0.762806,-0.333582,-0.446086,-0.212861,-0.210968,-0.111609
H,Right,legacy_asl_H_158,-0.002580,-0.008830,0.142931,-0.349154,0.032281,-0.718178,-0.297833,-0.795188,-0.607141,-0.799055,-0.388518,-0.983878,-0.718897,-1.345720,-1.004719,-1.520225,-1.256618,-1.718926,-0.592961,-0.736576,-0.996454,-1.136586,-1.291409,-1.357914,-1.490533,-1.592108,-0.681860,-0.472007,-0.808711,-0.606115,-0.446362,-0.411676,-0.159916,-0.286114,-0.738916,-0.159762,-0.799641,-0.290538,-0.452401,-0.211882,-0.232375,-0.041356
H,Right,legacy_asl_H_159,0.000000,0.000000,0.153604,-0.335676,0.032121,-0.694859,-0.287613,-0.793630,-0.613398,-0.790125,-0.365196,-0.962246,-0.733364,-1.311065,-1.004286,-1.496517,-1.238358,-1.672577,-0.571048,-0.741915,-0.973128,-1.112585,-1.259656,-1.345851,-1.496345,-1.562618,-0.678424,-0.460679,-0.805424,-0.611136,-0.428220,-0.431900,-0.146638,-0.304316,-0.711202,-0.162779,-0.769339,-0.281711,-0.450977,-0.182211,-0.213940,-0.096919
H,Right,legacy_asl_H_160,0.000000,0.000000,0.163417,-0.337661,0.047874,-0.705238,-0.274793,-0.812597,-0.605852,-0.816182,-0.349915,-0.985604,-0.716305,-1.348062,-0.987481,-1.542414,-1.221425,-1.726417,-0.563883,-0.766274,-0.964247,-1.151675,-1.250228,-1.394946,-1.485938,-1.620363,-0.679140,-0.482907,-0.804866,-0.638550,-0.425577,-0.448181,-0.142302,-0.312386,-0.718976,-0.180975,-0.775431,-0.303079,-0.454174,-0.195009,-0.215227,-0.103158
H,Right,legacy_asl_H_161,-0.001895,0.009277,0.156301,-0.350896,0.045564,-0.723895,-0.293002,-0.811485,-0.654034,-0.795439,-0.347095,-0.976642,-0.741370,-1.331834,-0.984784,-1.530821,-1.246818,-1.708747,-0.573729,-0.758025,-0.972449,-1.120142,-1.283231,-1.353855,-1.531884,-1.604520,-0.660313,-0.471958,-0.806986,-0.608723,-0.391659,-0.442065,-0.142006,-0.299661,-0.712262,-0.152715,-0.798280,-0.288532,-0.469807,-0.208851,-0.219955,-0.076872
H,Right,legacy_asl_H_162,0.000000,0.000000,0.149135,-0.325910,0.031187,-0.674642,-0.279245,-0.770539,-0.595551,-0.767136,-0.354570,-0.934249,-0.712026,-1.272919,-0.975066,-1.452975,-1.202328,-1.623913,-0.554433,-0.720329,-0.944815,-1.080214,-1.223006,-1.306693,-1.452808,-1.517153,-0.658685,-0.447275,-0.781990,-0.593355,-0.415760,-0.419333,-0.142372,-0.295462,-0.690510,-0.158043,-0.746955,-0.273515,-0.437856,-0.176910,-0.207716,-0.094099
H,Right,legacy_asl_H_163,0.000000,0.000000,0.160935,-0.338851,0.042699,-0.705570,-0.280747,-0.810559,-0.611823,-0.811716,-0.357136,-0.983011,-0.726175,-1.342771,-0.998769,-1.535129,-1.234057,-1.717410,-0.569489,-0.762116,-0.972670,-1.144570,-1.260428,-1.385737,-1.497785,-1.609418,-0.682665,-0.477912,-0.809529,-0.632628,-0.428853,-0.445047,-0.144590,-0.311334,-0.720284,-0.175695,-0.777634,-0.297382,-0.455592,-0.191672,-0.215978,-0.101576
H,Right,legacy_asl_H_164,-0.001865,-0.004880,0.141731,-0.301171,-0.041823,-0.656014,-0.398031,-0.736728,-0.714666,-0.735096,-0.481343,-0.876131,-0.867088,-1.162255,-1.063667,-1.339696,-1.305894,-1.475609,-0.664067,-0.694381,-1.090201,-1.004172,-1.325340,-1.230718,-1.513255,-1.428691,-0.753915,-0.436362,-0.844120,-0.591891,-0.498020,-0.494564,-0.275482,-0.392076,-0.791874,-0.157292,-0.661432,-0.297655,-0.327155,-0.177562,-0.166901,-0.140338
H,Right,legacy_asl_H_165,0.000000,0.000000,0.105848,-0.288881,-0.062480,-0.632600,-0.389771,-0.727581,-0.711748,-0.708083,-0.473007,-0.855825,-0.822202,-1.145541,-1.049558,-1.308762,-1.263163,-1.449797,-0.662333,-0.663536,-1.043425,-0.987896,-1.289391,-1.208053,-1.498784,-1.379387,-0.748746,-0.421793,-0.800806,-0.569346,-0.493915,-0.468075,-0.284388,-0.379578,-0.761232,-0.158065,-0.636993,-0.266554,-0.343101,-0.201077,-0.172127,-0.142900
H,Right,legacy_asl_H_166,0.000000,0.000000,0.136028,-0.284832,-0.002687,-0.652170,-0.327802,-0.780809,-0.658550,-0.792007,-0.400426,-0.919840,-0.729096,-1.249496,-0.945543,-1.438178,-1.150089,-1.602871,-0.612384,-0.741732,-0.970284,-1.109856,-1.200238,-1.358490,-1.397554,-1.553723,-0.724004,-0.503167,-0.762920,-0.658908,-0.459250,-0.525816,-0.253793,-0.415178,-0.762242,-0.235005,-0.624862,-0.333809,-0.331010,-0.238532,-0.162000,-0.162590
H,Right,legacy_asl_H_167,0.007920,0.014874,0.089393,-0.293597,-0.054859,-0.647819,-0.408515,-0.749985,-0.727434,-0.743780,-0.485235,-0.875265,-0.830462,-1.198437,-1.064532,-1.347256,-1.305287,-1.497676,-0.680285,-0.690367,-1.089516,-1.015102,-1.331023,-1.227633,-1.540710,-1.420004,-0.762416,-0.425916,-0.800063,-0.588313,-0.511533,-0.466253,-0.297530,-0.398007,-0.775956,-0.135555,-0.649050,-0.262454,-0.341625,-0.229703,-0.194017,-0.136609
H,Right,legacy_asl_H_168,0.000000,0.000000,0.113060,-0.308561,-0.066736,-0.675697,-0.416325,-0.777148,-0.760236,-0.756322,-0.505231,-0.914129,-0.878216,-1.223582,-1.121060,-1.397923,-1.349217,-1.548566,-0.707456,-0.708740,-1.114510,-1.055198,-1.377232,-1.290353,-1.600891,-1.473360,-0.799755,-0.450528,-0.855362,-0.608133,-0.527564,-0.499964,-0.303762,-0.405437,-0.813092,-0.168833,-0.680389,-0.284713,-0.366475,-0.214775,-0.183853,-0.152635
H,Right,legacy_asl_H_169,0.000000,0.000000,0.086886,-0.303453,-0.110852,-0.642686,-0.452804,-0.715602,-0.780825,-0.671770,-0.547488,-0.840656,-0.926296,-1.111214,-1.171047,-1.261370,-1.400082,-1.389844,-0.726958,-0.629851,-1.140974,-0.933494,-1.408991,-1.140530,-1.635964,-1.300321,-0.797451,-0.376074,-0.861667,-0.523199,-0.540124,-0.442334,-0.319158,-0.367317,-0.790668,-0.105284,-0.671584,-0.225511,-0.365998,-0.180308,-0.186731,-0.133459
H,Right,legacy_asl_H_170,0.008035,-0.038493,0.125816,-0.288417,-0.050700,-0.650962,-0.426782,-0.728486,-0.717915,-0.743829,-0.495653,-0.853168,-0.866540,-1.180573,-1.071732,-1.315223,-1.311556,-1.507801,-0.653224,-0.692176,-1.070144,-1.003542,-1.344474,-1.257827,-1.552875,-1.416947,-0.760457,-0.385328,-0.837376,-0.603904,-0.551065,-0.473846,-0.307843,-0.394783,-0.782040,-0.165018,-0.673097,-0.260162,-0.323778,-0.208554,-0.204445,-0.128437
H,Right,legacy_asl_H_171,0.000000,0.000000,0.108883,-0.297163,-0.064271,-0.650738,-0.400947,-0.748442,-0.732155,-0.728385,-0.486569,-0.880363,-0.845776,-1.178385,-1.079650,-1.346286,-1.299380,-1.491365,-0.681324,-0.682561,-1.073342,-1.016221,-1.326360,-1.242690,-1.541757,-1.418937,-0.770213,-0.433886,-0.823767,-0.585670,-0.508077,-0.481496,-0.292542,-0.390461,-0.783058,-0.162597,-0.655256,-0.274196,-0.352938,-0.206842,-0.177062,-0.146997
H,Right,legacy_asl_H_172,0.000000,0.000000,0.095308,-0.300914,-0.092899,-0.645525,-0.432686,-0.727943,-0.761802,-0.693269,-0.523848,-0.855587,-0.894969,-1.136596,-1.135441,-1.293515,-1.360807,-1.428322,-0.709123,-0.649865,-1.114516,-0.964928,-1.376660,-1.179353,-1.599092,-1.345407,-0.786661,-0.398151,-0.846752,-0.547009,-0.527587,-0.457214,-0.308797,-0.376069,-0.787427,-0.127277,-0.665039,-0.244139,-0.360831,-0.190438,-0.182939,-0.138611
H,Right,legacy_asl_H_173,-0.030040,-0.016973,0.198855,-0.308448,0.103000,-0.759224,-0.283203,-0.850672,-0.604990,-0.871669,-0.214785,-1.007809,-0.509230,-1.361320,-0.791696,-1.552909,-1.058511,-1.732396,-0.444155,-0.883113,-0.843683,-1.224213,-1.103216,-1.449982,-1.362418,-1.586988,-0.606205,-0.646503,-0.846890,-0.768977,-0.531269,-0.484475,-0.307780,-0.313398,-0.656624,-0.375063,-0.811559,-0.434461,-0.568074,-0.223519,-0.363428,-0.119124
H,Right,legacy_asl_H_174,0.000000,0.000000,0.209028,-0.327548,0.114057,-0.770698,-0.280870,-0.910248,-0.653370,-0.909928,-0.191426,-1.065579,-0.538008,-1.432962,-0.843388,-1.642868,-1.114784,-1.825134,-0.461144,-0.911551,-0.867018,-1.299467,-1.176636,-1.526351,-1.425937,-1.687836,-0.615827,-0.682641,-0.909630,-0.799223,-0.586125,-0.516619,-0.331626,-0.335816,-0.683027,-0.388552,-0.862081,-0.464871,-0.598293,-0.260678,-0.393243,-0.122895
H,Right,legacy_asl_H_175,0.000000,0.000000,0.213990,-0.298941,0.146583,-0.722417,-0.219518,-0.874157,-0.571476,-0.892619,-0.127186,-1.016410,-0.436135,-1.380974,-0.714087,-1.594678,-0.961324,-1.780554,-0.389777,-0.884469,-0.753710,-1.271420,-1.034811,-1.501377,-1.262219,-1.666507,-0.547453,-0.675985,-0.819168,-0.800931,-0.527753,-0.517629,-0.296408,-0.333986,-0.625758,-0.401512,-0.791085,-0.482638,-0.552142,-0.276427,-0.365349,-0.135921
H,Right,legacy_asl_H_176,-0.011353,0.014193,0.188240,-0.306323,0.105097,-0.748241,-0.280206,-0.826536,-0.607357,-0.872160,-0.193875,-1.001150,-0.517847,-1.362299,-0.810188,-1.543997,-1.039360,-1.750278,-0.419017,-0.886665,-0.830125,-1.205276,-1.123976,-1.430139,-1.339396,-1.602330,-0.591998,-0.631760,-0.878605,-0.761367,-0.563655,-0.487927,-0.316798,-0.289478,-0.664398,-0.365390,-0.793924,-0.461780,-0.540281,-0.253163,-0.375673,-0.111399
H,Right,legacy_asl_H_177,0.000000,0.000000,0.189001,-0.296166,0.103130,-0.696857,-0.253960,-0.823037,-0.590771,-0.822748,-0.173085,-0.963486,-0.486462,-1.295670,-0.762583,-1.485465,-1.007977,-1.650268,-0.416962,-0.824215,-0.783949,-1.174965,-1.063902,-1.380111,-1.289318,-1.526124,-0.556825,-0.617237,-0.822479,-0.722649,-0.529968,-0.467121,-0.299853,-0.303641,-0.617586,-0.351325,-0.779485,-0.420332,-0.540971,-0.235702,-0.355566,-0.111121
H,Right,legacy_asl_H_178,0.000000,0.000000,0.201339,-0.307604,0.116332,-0.727901,-0.255778,-0.864243,-0.608199,-0.868013,-0.169458,-1.010222,-0.493340,-1.361587,-0.779961,-1.563514,-1.034734,-1.738920,-0.426319,-0.867447,-0.806071,-1.238886,-1.096516,-1.456922,-1.330612,-1.612426,-0.575165,-0.652569,-0.851853,-0.766077,-0.548878,-0.495173,-0.310076,-0.321336,-0.641956,-0.375070,-0.810522,-0.449232,-0.563188,-0.253163,-0.370699,-0.120568
H,Right,legacy_asl_H_179,-0.036752,0.008816,0.210307,-0.297586,0.094832,-0.715649,-0.277586,-0.850357,-0.614179,-0.846589,-0.174429,-1.016482,-0.503565,-1.371943,-0.798679,-1.556895,-1.052959,-1.712773,-0.413731,-0.853765,-0.830841,-1.247385,-1.108380,-1.426348,-1.357860,-1.589803,-0.583386,-0.673257,-0.901967,-0.739381,-0.555875,-0.493931,-0.297540,-0.345963,-0.633983,-0.344068,-0.817425,-0.427044,-0.571473,-0.232704,-0.370164,-0.103612
H,Right,legacy_asl_H_180,0.000000,0.000000,0.184413,-0.288977,0.100626,-0.679942,-0.247795,-0.803059,-0.576431,-0.802777,-0.168884,-0.940098,-0.474653,-1.264219,-0.744072,-1.449407,-0.983509,-1.610210,-0.406840,-0.804208,-0.764920,-1.146444,-1.038077,-1.346611,-1.258022,-1.489080,-0.543309,-0.602255,-0.802514,-0.705108,-0.517104,-0.455783,-0.292574,-0.296271,-0.602595,-0.342797,-0.760564,-0.410129,-0.527839,-0.229981,-0.346935,-0.108423
H,Right,legacy_asl_H_181,0.000000,0.000000,0.223827,-0.291649,0.170560,-0.717134,-0.190285,-0.880983,-0.541433,-0.911155,-0.093267,-1.020082,-0.389904,-1.394732,-0.660585,-1.617574,-0.901494,-1.811581,-0.360106,-0.896959,-0.710951,-1.295815,-0.984238,-1.535006,-1.206021,-1.707618,-0.524638,-0.693841,-0.792041,-0.827767,-0.510222,-0.534917,-0.285121,-0.343672,-0.612039,-0.422128,-0.774574,-0.508715,-0.542630,-0.294661,-0.360620,-0.148012
H,Right,legacy_asl_H_182,0.007130,-0.019540,0.147697,-0.325627,-0.020108,-0.717289,-0.348625,-0.854705,-0.661944,-0.812420,-0.408684,-0.942166,-0.769838,-1.252510,-1.018380,-1.416038,-1.237504,-1.572704,-0.625388,-0.750802,-1.029083,-1.084804,-1.261508,-1.353034,-1.499575,-1.516975,-0.688354,-0.539738,-0.833182,-0.729286,-0.490990,-0.590251,-0.265512,-0.449145,-0.686834,-0.272985,-0.723851,-0.435870,-0.376559,-0.377097,-0.189127,-0.255539
H,Right,legacy_asl_H_183,0.000000,0.000000,0.154610,-0.313073,-0.008828,-0.712846,-0.342590,-0.850361,-0.646222,-0.832637,-0.438618,-0.933603,-0.772080,-1.226237,-1.010647,-1.401911,-1.215071,-1.543266,-0.607367,-0.757935,-1.008525,-1.082789,-1.263501,-1.311799,-1.474276,-1.490058,-0.684278,-0.524562,-0.801142,-0.731220,-0.473538,-0.585605,-0.252244,-0.457185,-0.701474,-0.256621,-0.682883,-0.438017,-0.388151,-0.351626,-0.187748,-0.257442
H,Right,legacy_asl_H_184,0.000000,0.000000,0.163693,-0.314676,0.006211,-0.724179,-0.329842,-0.870951,-0.638598,-0.859413,-0.425598,-0.957538,-0.758044,-1.261848,-0.996601,-1.445347,-1.201211,-1.593265,-0.600726,-0.782716,-1.001239,-1.121191,-1.255326,-1.359210,-1.465601,-1.544743,-0.683808,-0.547332,-0.798099,-0.759709,-0.468474,-0.604843,-0.246454,-0.469703,-0.706978,-0.275569,-0.684234,-0.459404,-0.386733,-0.365388,-0.185202,-0.265465
H,Right,legacy_asl_H_185,0.002307,0.022816,0.155637,-0.321667,-0.016543,-0.734106,-0.344294,-0.887713,-0.650173,-0.831609,-0.464208,-0.968074,-0.787379,-1.239046,-1.022582,-1.415349,-1.232445,-1.550379,-0.603208,-0.779600,-1.025576,-1.108676,-1.299013,-1.332150,-1.476944,-1.516835,-0.678404,-0.555099,-0.805897,-0.741644,-0.482800,-0.606572,-0.243035,-0.464414,-0.705174,-0.248403,-0.687401,-0.437962,-0.379945,-0.347712,-0.198072,-0.257833
H,Right,legacy_asl_H_186,0.000000,0.000000,0.163242,-0.330553,-0.009321,-0.752647,-0.361718,-0.897840,-0.682303,-0.879126,-0.463107,-0.985729,-0.815189,-1.294703,-1.067076,-1.480185,-1.282913,-1.629433,-0.641279,-0.800253,-1.064835,-1.143246,-1.334047,-1.385042,-1.556590,-1.573254,-0.722484,-0.553851,-0.845873,-0.772046,-0.499978,-0.618301,-0.266328,-0.482711,-0.740640,-0.270950,-0.721011,-0.462473,-0.409823,-0.371259,-0.198230,-0.271816
H,Right,legacy_asl_H_187,0.000000,0.000000,0.137221,-0.327088,-0.053451,-0.722231,-0.400450,-0.840827,-0.707207,-0.803901,-0.503012,-0.919234,-0.859390,-1.195131,-1.112249,-1.358360,-1.328346,-1.488925,-0.663147,-0.730584,-1.090175,-1.034923,-1.363001,-1.251208,-1.587842,-1.418794,-0.726562,-0.489157,-0.857955,-0.691399,-0.516695,-0.564206,-0.284300,-0.447811,-0.727271,-0.216408,-0.719744,-0.401493,-0.415511,-0.332296,-0.206436,-0.249310
H,Right,legacy_asl_H_188,0.002636,-0.025650,0.152849,-0.291669,-0.017516,-0.701638,-0.315343,-0.837921,-0.641740,-0.834728,-0.444203,-0.922377,-0.776669,-1.246987,-0.994199,-1.421987,-1.253577,-1.580589,-0.626563,-0.776253,-1.008573,-1.115746,-1.287050,-1.324348,-1.502191,-1.482004,-0.696179,-0.537305,-0.801575,-0.750952,-0.485686,-0.579828,-0.226646,-0.464219,-0.720794,-0.267565,-0.726125,-0.467123,-0.407850,-0.345118,-0.148590,-0.268821
H,Right,legacy_asl_H_189,0.000000,0.000000,0.167549,-0.339274,-0.009567,-0.772503,-0.371261,-0.921527,-0.700303,-0.902319,-0.475325,-1.011734,-0.836695,-1.328859,-1.095227,-1.519235,-1.316758,-1.672420,-0.658197,-0.821365,-1.092927,-1.173406,-1.369241,-1.421581,-1.597655,-1.614759,-0.741544,-0.568462,-0.868188,-0.792414,-0.513168,-0.634613,-0.273354,-0.495446,-0.760180,-0.278098,-0.740032,-0.474674,-0.420635,-0.381053,-0.203460,-0.278987
H,Right,legacy_asl_H_190,0.000000,0.000000,0.179110,-0.306164,0.042147,-0.722978,-0.286206,-0.886249,-0.595154,-0.890051,-0.377547,-0.977482,-0.694479,-1.297917,-0.923633,-1.493031,-1.120649,-1.650922,-0.561136,-0.811568,-0.944356,-1.169505,-1.186315,-1.419842,-1.387122,-1.615584,-0.655799,-0.580598,-0.759408,-0.798386,-0.437876,-0.627350,-0.222836,-0.481357,-0.692429,-0.310319,-0.660588,-0.492800,-0.368121,-0.384133,-0.171798,-0.274330
H,Right,legacy_asl_H_191,0.004074,0.037780,0.049499,-0.316029,-0.109878,-0.641414,-0.469382,-0.732536,-0.806157,-0.692923,-0.439905,-0.950803,-0.830253,-1.202191,-1.069629,-1.326305,-1.293803,-1.456780,-0.619693,-0.798952,-1.040621,-1.059870,-1.288148,-1.219583,-1.510732,-1.306647,-0.707940,-0.547144,-0.842577,-0.575085,-0.551330,-0.468363,-0.338506,-0.389728,-0.714009,-0.294141,-0.727192,-0.351399,-0.491389,-0.210799,-0.336812,-0.160196
H,Right,legacy_asl_H_192,0.000000,0.000000,0.064571,-0.310767,-0.110697,-0.627024,-0.455935,-0.670572,-0.769454,-0.669352,-0.426703,-0.914424,-0.768647,-1.146108,-1.005042,-1.269423,-1.214742,-1.373494,-0.590259,-0.735584,-0.977058,-1.001280,-1.232888,-1.151022,-1.441276,-1.270681,-0.659888,-0.513785,-0.788679,-0.558785,-0.524230,-0.447758,-0.339300,-0.379375,-0.677226,-0.271150,-0.699395,-0.323871,-0.457767,-0.224675,-0.302957,-0.156022
H,Right,legacy_asl_H_193,0.000000,0.000000,0.095418,-0.318686,-0.059109,-0.664708,-0.415682,-0.741279,-0.743168,-0.768246,-0.363192,-0.993275,-0.699380,-1.266002,-0.935116,-1.416061,-1.144709,-1.543621,-0.550087,-0.821264,-0.930048,-1.133546,-1.183696,-1.312951,-1.390516,-1.456670,-0.642773,-0.595934,-0.773202,-0.654525,-0.507066,-0.514770,-0.320123,-0.426706,-0.682733,-0.344138,-0.701133,-0.401186,-0.457760,-0.275840,-0.302293,-0.190208
H,Right,legacy_asl_H_194,0.001350,-0.008210,0.077021,-0.280751,-0.088274,-0.650258,-0.484531,-0.717512,-0.806610,-0.684901,-0.429539,-0.958637,-0.804553,-1.184830,-1.074145,-1.320814,-1.274613,-1.426804,-0.628740,-0.763740,-1.021744,-1.062863,-1.272944,-1.209627,-1.500301,-1.331460,-0.682161,-0.530575,-0.807492,-0.587023,-0.565625,-0.495032,-0.382355,-0.411373,-0.722147,-0.286573,-0.721306,-0.324779,-0.485732,-0.235534,-0.302062,-0.169220
H,Right,legacy_asl_H_195,0.000000,0.000000,0.070977,-0.341599,-0.121680,-0.689233,-0.501169,-0.737101,-0.845794,-0.735760,-0.469037,-1.005146,-0.844906,-1.259816,-1.104755,-1.395366,-1.335260,-1.509762,-0.648820,-0.808563,-1.073994,-1.100620,-1.355205,-1.265218,-1.584268,-1.396749,-0.725357,-0.564758,-0.866925,-0.614224,-0.576240,-0.492182,-0.372963,-0.417013,-0.744415,-0.298052,-0.768784,-0.356003,-0.503183,-0.246966,-0.333014,-0.171502
H,Right,legacy_asl_H_196,0.000000,0.000000,0.079960,-0.322911,-0.091052,-0.661091,-0.450899,-0.720400,-0.779304,-0.731565,-0.410606,-0.974632,-0.759538,-1.230851,-1.002227,-1.369384,-1.217720,-1.486702,-0.589001,-0.793819,-0.983559,-1.087441,-1.245554,-1.254422,-1.459055,-1.388014,-0.670727,-0.564287,-0.803826,-0.616529,-0.531269,-0.489753,-0.340302,-0.410794,-0.698514,-0.310859,-0.719640,-0.366954,-0.470514,-0.253475,-0.311102,-0.175429
H,Right,legacy_asl_H_197,-0.017272,0.007162,0.085039,-0.271949,-0.131456,-0.666578,-0.480556,-0.691522,-0.828460,-0.709914,-0.433579,-0.968226,-0.796064,-1.202912,-1.084832,-1.329004,-1.263901,-1.451834,-0.609604,-0.778288,-1.041359,-1.053911,-1.276319,-1.190051,-1.509923,-1.328106,-0.711723,-0.537562,-0.847312,-0.612012,-0.538583,-0.456670,-0.360357,-0.408586,-0.722851,-0.276730,-0.731317,-0.333083,-0.476266,-0.229356,-0.308885,-0.166907
H,Right,legacy_asl_H_198,0.000000,0.000000,0.071892,-0.346001,-0.123248,-0.698114,-0.507627,-0.746599,-0.856692,-0.745240,-0.475081,-1.018097,-0.855793,-1.276050,-1.118990,-1.413346,-1.352465,-1.529216,-0.657181,-0.818981,-1.087833,-1.114802,-1.372668,-1.281521,-1.604682,-1.414747,-0.734704,-0.572036,-0.878096,-0.622138,-0.583665,-0.498524,-0.377769,-0.422387,-0.754007,-0.301892,-0.778690,-0.360590,-0.509666,-0.250148,-0.337305,-0.173712
H,Right,legacy_asl_H_199,0.000000,0.000000,0.093518,-0.319249,-0.063069,-0.664344,-0.420092,-0.738789,-0.747733,-0.763804,-0.369105,-0.991094,-0.706912,-1.261812,-0.943537,-1.410464,-1.153887,-1.536773,-0.554971,-0.817972,-0.936786,-1.127984,-1.191499,-1.305874,-1.399171,-1.448358,-0.646312,-0.592093,-0.777089,-0.649906,-0.510125,-0.511739,-0.322660,-0.424790,-0.684772,-0.340063,-0.703511,-0.397001,-0.459396,-0.273108,-0.303421,-0.188403
H,Right,legacy_asl_H_200,-0.007302,0.002113,0.077809,-0.398043,-0.101088,-0.784187,-0.386673,-0.917164,-0.679297,-0.943049,-0.422418,-0.979419,-0.743431,-1.312104,-0.984356,-1.514839,-1.159948,-1.654698,-0.611338,-0.766048,-0.946763,-1.155619,-1.190399,-1.386471,-1.399269,-1.600797,-0.698073,-0.496953,-0.915550,-0.708534,-0.619123,-0.542670,-0.359692,-0.420333,-0.733331,-0.192746,-0.863538,-0.341712,-0.626209,-0.281668,-0.402155,-0.241052
H,Right,legacy_asl_H_201,0.000000,0.000000,0.092608,-0.404240,-0.087666,-0.838856,-0.415027,-0.993112,-0.709643,-0.984219,-0.433337,-1.033983,-0.784289,-1.389747,-1.049303,-1.601852,-1.270150,-1.774715,-0.636475,-0.821573,-1.020310,-1.214119,-1.283762,-1.481245,-1.495383,-1.706699,-0.749357,-0.532192,-0.977847,-0.744168,-0.644084,-0.590600,-0.376561,-0.458870,-0.792188,-0.198541,-0.924129,-0.375951,-0.648782,-0.328715,-0.427939,-0.256333
H,Right,legacy_asl_H_202,0.000000,0.000000,0.091002,-0.378641,-0.073918,-0.788535,-0.379755,-0.936653,-0.656479,-0.931253,-0.396539,-0.975213,-0.722509,-1.312777,-0.969225,-1.514590,-1.174863,-1.679113,-0.589404,-0.777801,-0.945883,-1.150231,-1.190582,-1.403691,-1.387030,-1.617503,-0.698294,-0.507212,-0.910716,-0.708538,-0.598861,-0.561001,-0.348985,-0.434634,-0.741851,-0.194354,-0.863963,-0.362256,-0.605894,-0.315147,-0.399254,-0.244972
H,Right,legacy_asl_H_203,0.012556,0.003865,0.098661,-0.412311,-0.080824,-0.785704,-0.400645,-0.912606,-0.652244,-0.896303,-0.406959,-0.956550,-0.736197,-1.291036,-0.971879,-1.507106,-1.198115,-1.650739,-0.613496,-0.785303,-0.947326,-1.138378,-1.242219,-1.404153,-1.406055,-1.606910,-0.694716,-0.495747,-0.932217,-0.698741,-0.599344,-0.544743,-0.351052,-0.448728,-0.745112,-0.188727,-0.860285,-0.366728,-0.620602,-0.318374,-0.397424,-0.249395
H,Right,legacy_asl_H_204,0.000000,0.000000,0.086720,-0.378538,-0.082092,-0.785520,-0.388639,-0.929968,-0.664523,-0.921641,-0.405785,-0.968241,-0.734422,-1.301385,-0.982586,-1.500004,-1.189392,-1.661876,-0.596007,-0.769336,-0.955437,-1.136924,-1.202139,-1.387065,-1.400304,-1.598185,-0.701712,-0.498355,-0.915674,-0.696853,-0.603132,-0.553048,-0.352619,-0.429695,-0.741819,-0.185918,-0.865372,-0.352047,-0.607531,-0.307815,-0.400730,-0.240035
H,Right,legacy_asl_H_205,0.000000,0.000000,0.077395,-0.381655,-0.102087,-0.785385,-0.413028,-0.922465,-0.689381,-0.907166,-0.431181,-0.960399,-0.769022,-1.286083,-1.022801,-1.478938,-1.234195,-1.635998,-0.616859,-0.756212,-0.986436,-1.115648,-1.240048,-1.360189,-1.444021,-1.566835,-0.715996,-0.481900,-0.935487,-0.675496,-0.618552,-0.539212,-0.364314,-0.421867,-0.748330,-0.167684,-0.876372,-0.331109,-0.616783,-0.293265,-0.407765,-0.230528
H,Right,legacy_asl_H_206,-0.013202,-0.003959,0.087475,-0.395200,-0.074968,-0.786285,-0.369589,-0.921740,-0.664654,-0.911187,-0.402898,-0.980225,-0.757540,-1.313280,-0.975351,-1.506042,-1.204573,-1.662082,-0.592050,-0.804208,-0.929568,-1.114146,-1.192846,-1.394559,-1.422616,-1.624834,-0.685339,-0.519941,-0.933992,-0.693888,-0.619616,-0.544246,-0.367091,-0.407254,-0.730148,-0.208956,-0.879008,-0.383401,-0.612612,-0.301827,-0.409322,-0.229778
H,Right,legacy_asl_H_207,0.000000,0.000000,0.084554,-0.369086,-0.080042,-0.765905,-0.378935,-0.906746,-0.647930,-0.898627,-0.395652,-0.944063,-0.716084,-1.268889,-0.958051,-1.462549,-1.159693,-1.620379,-0.581124,-0.750126,-0.931579,-1.108535,-1.172121,-1.352430,-1.365338,-1.558278,-0.684190,-0.485911,-0.892810,-0.679452,-0.588072,-0.539239,-0.343814,-0.418965,-0.723296,-0.181275,-0.843763,-0.343257,-0.592361,-0.300129,-0.390724,-0.234041
H,Right,legacy_asl_H_208,0.000000,0.000000,0.079685,-0.381183,-0.097370,-0.785984,-0.407483,-0.924927,-0.683923,-0.911288,-0.425408,-0.962971,-0.761287,-1.290676,-1.013905,-1.485052,-1.224351,-1.643377,-0.612308,-0.759902,-0.979721,-1.121550,-1.231860,-1.367609,-1.434589,-1.575476,-0.713090,-0.486190,-0.931415,-0.681100,-0.615304,-0.542916,-0.361775,-0.424047,-0.747310,-0.172173,-0.874369,-0.336364,-0.615012,-0.296962,-0.406373,-0.232972
H,Right,legacy_asl_H_209,-0.026796,0.029782,0.099469,-0.334395,-0.041553,-0.687388,-0.349507,-0.806195,-0.681567,-0.827378,-0.431521,-0.921119,-0.761599,-1.239697,-1.017711,-1.378359,-1.199467,-1.534451,-0.639830,-0.759181,-1.009867,-1.117091,-1.257994,-1.314465,-1.472481,-1.464978,-0.724762,-0.488717,-0.834143,-0.694302,-0.524741,-0.553694,-0.261181,-0.455980,-0.747331,-0.233269,-0.672651,-0.381480,-0.399006,-0.324255,-0.222588,-0.224015
H,Right,legacy_asl_H_210,0.000000,0.000000,0.126697,-0.310826,-0.044530,-0.711618,-0.381057,-0.836023,-0.708626,-0.816751,-0.456109,-0.947109,-0.788474,-1.252547,-1.017024,-1.421691,-1.223279,-1.566608,-0.643868,-0.761989,-1.029698,-1.114148,-1.277738,-1.339504,-1.479978,-1.509277,-0.736523,-0.524762,-0.840285,-0.709843,-0.514560,-0.583604,-0.288083,-0.478071,-0.764526,-0.257628,-0.701489,-0.407051,-0.408884,-0.310773,-0.223052,-0.228766
H,Right,legacy_asl_H_211,0.000000,0.000000,0.127071,-0.303771,-0.037303,-0.698466,-0.366307,-0.823520,-0.687811,-0.807550,-0.438934,-0.933163,-0.762232,-1.235764,-0.984914,-1.403736,-1.185943,-1.547742,-0.624777,-0.753251,-1.000104,-1.102163,-1.241400,-1.325451,-1.438268,-1.493804,-0.717794,-0.521371,-0.817921,-0.703859,-0.499530,-0.577104,-0.278312,-0.471550,-0.747658,-0.259575,-0.684483,-0.405588,-0.398312,-0.308520,-0.216754,-0.226409
H,Right,legacy_asl_H_212,0.010085,0.002215,0.165990,-0.299922,-0.025718,-0.693368,-0.369732,-0.810861,-0.683950,-0.793558,-0.455299,-0.929172,-0.771589,-1.215101,-0.980796,-1.390068,-1.182511,-1.559960,-0.613824,-0.737145,-1.028474,-1.093453,-1.273887,-1.343497,-1.435806,-1.477900,-0.721763,-0.524708,-0.821082,-0.674138,-0.521455,-0.575001,-0.283777,-0.476236,-0.716534,-0.251063,-0.687948,-0.412751,-0.394828,-0.308061,-0.216509,-0.250056
H,Right,legacy_asl_H_213,0.000000,0.000000,0.130635,-0.320485,-0.045914,-0.733732,-0.392899,-0.862004,-0.730648,-0.842132,-0.470283,-0.976542,-0.812976,-1.291472,-1.048630,-1.465872,-1.261294,-1.615292,-0.663877,-0.785669,-1.061698,-1.148772,-1.317446,-1.381131,-1.525971,-1.556180,-0.759412,-0.541069,-0.866398,-0.731903,-0.530550,-0.601741,-0.297035,-0.492928,-0.788284,-0.265634,-0.723289,-0.419700,-0.421590,-0.320431,-0.229983,-0.235875
H,Right,legacy_asl_H_214,0.000000,0.000000,0.096119,-0.314937,-0.106827,-0.691256,-0.446669,-0.782849,-0.764974,-0.734872,-0.529876,-0.884696,-0.881761,-1.153520,-1.120096,-1.298428,-1.334493,-1.421652,-0.696835,-0.687134,-1.105111,-0.996845,-1.367488,-1.194936,-1.580175,-1.342800,-0.766246,-0.447129,-0.884086,-0.618712,-0.554634,-0.524367,-0.323985,-0.441419,-0.769832,-0.183660,-0.721545,-0.335248,-0.427115,-0.267227,-0.238268,-0.203646
H,Right,legacy_asl_H_215,0.002251,0.010378,0.137094,-0.311643,-0.026893,-0.692522,-0.353938,-0.820581,-0.682352,-0.800620,-0.465385,-0.912509,-0.770354,-1.224569,-0.997527,-1.428607,-1.206078,-1.568850,-0.634148,-0.755944,-1.005767,-1.109269,-1.267472,-1.312725,-1.435842,-1.479469,-0.728263,-0.521290,-0.822664,-0.694135,-0.491360,-0.584787,-0.265320,-0.476716,-0.735133,-0.274310,-0.697539,-0.376176,-0.382795,-0.287896,-0.222586,-0.217973
H,Right,legacy_asl_H_216,0.000000,0.000000,0.116452,-0.285690,-0.040929,-0.654071,-0.350242,-0.768416,-0.651322,-0.750702,-0.419224,-0.870519,-0.724712,-1.151257,-0.934780,-1.306723,-1.124356,-1.439921,-0.591800,-0.700369,-0.946430,-1.024050,-1.174411,-1.231182,-1.360297,-1.387226,-0.676963,-0.482326,-0.772333,-0.652440,-0.472949,-0.536410,-0.264786,-0.439411,-0.702701,-0.236794,-0.644762,-0.374134,-0.375818,-0.285642,-0.205014,-0.210267
H,Right,legacy_asl_H_217,0.000000,0.000000,0.145076,-0.295596,0.004690,-0.699446,-0.316214,-0.844023,-0.638097,-0.847381,-0.382128,-0.957828,-0.686679,-1.279290,-0.898877,-1.460325,-1.090899,-1.616139,-0.578435,-0.789395,-0.932142,-1.160208,-1.159600,-1.397578,-1.346006,-1.577445,-0.685204,-0.563518,-0.774196,-0.751686,-0.463988,-0.606048,-0.249505,-0.487406,-0.730729,-0.303986,-0.658902,-0.445943,-0.379074,-0.331873,-0.202772,-0.239012
H,Right,legacy_asl_H_218,0.010279,0.007141,0.172958,-0.349282,-0.087889,-0.752355,-0.511059,-0.816620,-0.840777,-0.877565,-0.454446,-0.967501,-0.867120,-1.310709,-1.233568,-1.569805,-1.520557,-1.736987,-0.630909,-0.704555,-1.115418,-1.118265,-1.501017,-1.350408,-1.723898,-1.561662,-0.699110,-0.406922,-0.897258,-0.568951,-0.522726,-0.433217,-0.236467,-0.367247,-0.735913,-0.063804,-0.874722,-0.241476,-0.550739,-0.194651,-0.350406,-0.076322
H,Right,legacy_asl_H_219,0.000000,0.000000,0.134069,-0.358505,-0.105598,-0.756925,-0.511544,-0.868279,-0.870141,-0.898040,-0.433641,-1.004684,-0.889804,-1.387004,-1.239210,-1.603682,-1.538882,-1.771180,-0.631963,-0.742733,-1.151180,-1.136058,-1.501502,-1.401595,-1.785288,-1.617421,-0.719169,-0.422204,-0.910002,-0.585843,-0.535792,-0.466226,-0.261486,-0.364332,-0.733969,-0.067513,-0.892785,-0.260161,-0.578196,-0.192326,-0.346301,-0.100178
H,Right,legacy_asl_H_220,0.000000,0.000000,0.110693,-0.356782,-0.144998,-0.731667,-0.546743,-0.817588,-0.897813,-0.826640,-0.478423,-0.954833,-0.944171,-1.301989,-1.296683,-1.493682,-1.597997,-1.640220,-0.657094,-0.688559,-1.184895,-1.042929,-1.541016,-1.282179,-1.829541,-1.476692,-0.724238,-0.371387,-0.919287,-0.520220,-0.548005,-0.424483,-0.275056,-0.340457,-0.718928,-0.024956,-0.884394,-0.203836,-0.574088,-0.155237,-0.343005,-0.078349
H,Right,legacy_asl_H_221,-0.008697,0.018132,0.108437,-0.332177,-0.110308,-0.721043,-0.484064,-0.858782,-0.868929,-0.872299,-0.407057,-0.984430,-0.876005,-1.357333,-1.203704,-1.548255,-1.463882,-1.719229,-0.606623,-0.727593,-1.127265,-1.126384,-1.477571,-1.387317,-1.741945,-1.588432,-0.690200,-0.411603,-0.896098,-0.549301,-0.525276,-0.465224,-0.266234,-0.383963,-0.691264,-0.053751,-0.887952,-0.239604,-0.594913,-0.185645,-0.337407,-0.076302
H,Right,legacy_asl_H_222,0.000000,0.000000,0.136059,-0.363827,-0.107165,-0.768160,-0.519137,-0.881167,-0.883058,-0.911371,-0.440078,-1.019597,-0.903013,-1.407593,-1.257606,-1.627488,-1.561725,-1.797472,-0.641344,-0.753758,-1.168268,-1.152922,-1.523790,-1.422401,-1.811790,-1.641431,-0.729845,-0.428471,-0.923511,-0.594539,-0.543745,-0.473147,-0.265368,-0.369740,-0.744864,-0.068515,-0.906037,-0.264023,-0.586779,-0.195180,-0.351441,-0.101665
H,Right,legacy_asl_H_223,0.000000,0.000000,0.125861,-0.351718,-0.113553,-0.737202,-0.511252,-0.840237,-0.861613,-0.864306,-0.437122,-0.974433,-0.887586,-1.341203,-1.231571,-1.547806,-1.526338,-1.707106,-0.627025,-0.716049,-1.139176,-1.092683,-1.484732,-1.346954,-1.764668,-1.553637,-0.707680,-0.402042,-0.896181,-0.559086,-0.529337,-0.447546,-0.260234,-0.351916,-0.717202,-0.055701,-0.874860,-0.241498,-0.566918,-0.179664,-0.339338,-0.092957
H,Right,legacy_asl_H_224,-0.011535,0.001642,0.121118,-0.342513,-0.114817,-0.726622,-0.503931,-0.860369,-0.859882,-0.880771,-0.416504,-0.969095,-0.862361,-1.378660,-1.195380,-1.536623,-1.493097,-1.731522,-0.587725,-0.716879,-1.127414,-1.101038,-1.513709,-1.336780,-1.751918,-1.580344,-0.706503,-0.402545,-0.883750,-0.588480,-0.523833,-0.460436,-0.236222,-0.357081,-0.689273,-0.091539,-0.882344,-0.229688,-0.563963,-0.200981,-0.354518,-0.110054
H,Right,legacy_asl_H_225,0.000000,0.000000,0.133141,-0.356023,-0.104867,-0.751684,-0.508002,-0.862268,-0.864117,-0.891823,-0.430639,-0.997728,-0.883644,-1.377402,-1.230632,-1.592580,-1.528228,-1.758918,-0.627588,-0.737591,-1.143211,-1.128193,-1.491107,-1.391892,-1.772929,-1.606224,-0.714191,-0.419281,-0.903702,-0.581787,-0.532082,-0.462998,-0.259676,-0.361810,-0.728887,-0.067046,-0.886604,-0.258360,-0.574193,-0.190994,-0.343903,-0.099485
H,Right,legacy_asl_H_226,0.000000,0.000000,0.145344,-0.344124,-0.072125,-0.742401,-0.463437,-0.867528,-0.811902,-0.911163,-0.381913,-0.997365,-0.811150,-1.388766,-1.143035,-1.614293,-1.428427,-1.789837,-0.585976,-0.750012,-1.076251,-1.154713,-1.407038,-1.427921,-1.674971,-1.649944,-0.684076,-0.441010,-0.863494,-0.608355,-0.503465,-0.476464,-0.240135,-0.365926,-0.712961,-0.095744,-0.859976,-0.290072,-0.555977,-0.211104,-0.333605,-0.111799
H,Right,legacy_asl_H_227,-0.037322,-0.007145,0.091499,-0.327450,-0.044048,-0.665032,-0.419399,-0.762684,-0.696702,-0.693494,-0.500855,-0.896751,-0.833771,-1.177859,-1.053325,-1.292117,-1.282747,-1.430489,-0.681027,-0.711904,-1.024523,-0.979864,-1.290364,-1.165956,-1.481742,-1.288474,-0.776725,-0.497806,-0.774917,-0.595440,-0.484149,-0.510850,-0.272078,-0.421063,-0.771179,-0.226690,-0.628787,-0.353242,-0.373487,-0.255113,-0.190598,-0.209465
H,Right,legacy_asl_H_228,0.000000,0.000000,0.093987,-0.312250,-0.052974,-0.657119,-0.365174,-0.728588,-0.654997,-0.692101,-0.492976,-0.878499,-0.812473,-1.116455,-1.032253,-1.248186,-1.232287,-1.357314,-0.659771,-0.693139,-1.007179,-0.961990,-1.242945,-1.139353,-1.436680,-1.261794,-0.731510,-0.467981,-0.771389,-0.575990,-0.475087,-0.495060,-0.270804,-0.416734,-0.739597,-0.220215,-0.626336,-0.325017,-0.346647,-0.273280,-0.164041,-0.219612
H,Right,legacy_asl_H_229,0.000000,0.000000,0.121584,-0.313226,-0.001732,-0.679279,-0.316712,-0.777727,-0.617361,-0.763483,-0.435979,-0.941971,-0.745107,-1.212031,-0.960316,-1.364974,-1.157053,-1.493115,-0.622182,-0.764932,-0.957505,-1.068965,-1.185477,-1.270067,-1.374676,-1.411379,-0.713930,-0.539388,-0.746235,-0.653539,-0.448345,-0.546646,-0.244774,-0.449806,-0.742102,-0.285516,-0.617351,-0.384095,-0.334186,-0.308523,-0.150905,-0.238751
H,Right,legacy_asl_H_230,-0.006178,0.011939,0.091311,-0.357441,-0.051524,-0.672314,-0.383479,-0.730730,-0.681402,-0.721908,-0.520049,-0.886121,-0.848162,-1.147761,-1.064718,-1.318366,-1.296502,-1.374062,-0.667417,-0.681116,-1.031356,-0.984688,-1.277416,-1.165141,-1.469235,-1.298731,-0.757831,-0.506924,-0.792810,-0.616537,-0.504817,-0.523180,-0.254532,-0.414928,-0.765957,-0.218980,-0.654226,-0.355330,-0.368712,-0.281834,-0.188619,-0.229419
H,Right,legacy_asl_H_231,0.000000,0.000000,0.094456,-0.313809,-0.053238,-0.660399,-0.366997,-0.732225,-0.658267,-0.695556,-0.495437,-0.882884,-0.816529,-1.122029,-1.037406,-1.254417,-1.238439,-1.364090,-0.663065,-0.696600,-1.012207,-0.966792,-1.249150,-1.145041,-1.443852,-1.268094,-0.735162,-0.470317,-0.775240,-0.578865,-0.477458,-0.497532,-0.272156,-0.418814,-0.743290,-0.221314,-0.629463,-0.326640,-0.348377,-0.274644,-0.164860,-0.220709
H,Right,legacy_asl_H_232,0.000000,0.000000,0.069078,-0.328818,-0.112072,-0.669972,-0.438862,-0.715937,-0.733202,-0.653036,-0.583229,-0.858622,-0.932126,-1.074868,-1.169325,-1.190814,-1.384267,-1.285288,-0.738195,-0.653682,-1.118459,-0.899196,-1.376075,-1.060586,-1.585719,-1.169281,-0.792079,-0.416228,-0.842501,-0.523614,-0.531202,-0.466540,-0.314602,-0.404061,-0.778630,-0.161153,-0.671553,-0.278690,-0.379871,-0.250128,-0.187690,-0.211061
H,Right,legacy_asl_H_233,-0.003985,0.026201,0.105087,-0.322053,-0.066925,-0.682458,-0.363696,-0.735132,-0.682737,-0.704546,-0.521617,-0.912528,-0.833096,-1.167596,-1.059629,-1.344824,-1.263315,-1.392478,-0.672294,-0.726303,-1.018473,-0.991533,-1.286581,-1.144135,-1.498080,-1.314258,-0.739408,-0.484192,-0.796431,-0.593180,-0.508844,-0.515643,-0.265326,-0.416840,-0.760288,-0.232191,-0.665255,-0.350655,-0.370959,-0.278802,-0.159020,-0.239002
H,Right,legacy_asl_H_234,0.000000,0.000000,0.101527,-0.337302,-0.057224,-0.709840,-0.394472,-0.787043,-0.707547,-0.747629,-0.532528,-0.948981,-0.877658,-1.206029,-1.115072,-1.348329,-1.331154,-1.466212,-0.712705,-0.748750,-1.087986,-1.039170,-1.342668,-1.230764,-1.551945,-1.363029,-0.790200,-0.505527,-0.833278,-0.622202,-0.513203,-0.534779,-0.292531,-0.450169,-0.798936,-0.237883,-0.676588,-0.351093,-0.374459,-0.295206,-0.177202,-0.237232
H,Right,legacy_asl_H_235,0.000000,0.000000,0.092521,-0.323006,-0.063654,-0.676292,-0.386297,-0.745614,-0.684395,-0.704020,-0.520041,-0.898301,-0.852502,-1.139053,-1.080759,-1.271739,-1.288359,-1.381410,-0.689329,-0.705023,-1.050973,-0.977220,-1.296330,-1.156700,-1.497624,-1.280174,-0.760132,-0.472054,-0.802710,-0.582784,-0.496314,-0.503495,-0.284762,-0.425617,-0.765042,-0.216671,-0.649797,-0.326212,-0.360921,-0.276771,-0.172043,-0.223999
H,Right,legacy_asl_H_236,0.016799,0.009656,0.015779,-0.390812,-0.234088,-0.755001,-0.587909,-0.786743,-0.852143,-0.719646,-0.618215,-0.857544,-0.977188,-1.161858,-1.197934,-1.353886,-1.406860,-1.477523,-0.783229,-0.637050,-1.187019,-0.972174,-1.437500,-1.207110,-1.665276,-1.406786,-0.806354,-0.375982,-1.023208,-0.604403,-0.689176,-0.551084,-0.452131,-0.453904,-0.802035,-0.059905,-0.909891,-0.314421,-0.659816,-0.333423,-0.482675,-0.274937
H,Right,legacy_asl_H_237,0.000000,0.000000,0.025491,-0.400216,-0.236125,-0.784612,-0.611852,-0.837717,-0.881622,-0.744895,-0.631362,-0.880525,-0.994636,-1.194447,-1.250596,-1.385277,-1.469053,-1.530588,-0.784960,-0.663515,-1.232061,-1.011161,-1.517332,-1.254864,-1.764378,-1.443052,-0.850225,-0.390399,-1.040310,-0.640968,-0.712028,-0.571046,-0.473927,-0.456546,-0.846961,-0.077057,-0.950226,-0.340746,-0.686784,-0.347517,-0.481408,-0.268584
H,Right,legacy_asl_H_238,0.000000,0.000000,0.041306,-0.383887,-0.194210,-0.764601,-0.553383,-0.831442,-0.816762,-0.753475,-0.570354,-0.873436,-0.906609,-1.190627,-1.144805,-1.384918,-1.348837,-1.533852,-0.727199,-0.671143,-1.142670,-1.024288,-1.406842,-1.270666,-1.636574,-1.462042,-0.801431,-0.411178,-0.973758,-0.660167,-0.660926,-0.579141,-0.436707,-0.459019,-0.811436,-0.109647,-0.899703,-0.367613,-0.646021,-0.363075,-0.451787,-0.278537
H,Right,legacy_asl_H_239,-0.003108,0.014134,0.016738,-0.402900,-0.231254,-0.740688,-0.569109,-0.773217,-0.830090,-0.744351,-0.621833,-0.849637,-0.943463,-1.166976,-1.191898,-1.295144,-1.407903,-1.451136,-0.742051,-0.626111,-1.177797,-0.964590,-1.450483,-1.211538,-1.692109,-1.369487,-0.807644,-0.380475,-0.979362,-0.582903,-0.693677,-0.537809,-0.457952,-0.430210,-0.823770,-0.080339,-0.892463,-0.317945,-0.688476,-0.329819,-0.478541,-0.258590
H,Right,legacy_asl_H_240,0.000000,0.000000,0.023536,-0.369527,-0.218019,-0.724448,-0.564935,-0.773481,-0.814019,-0.687777,-0.582949,-0.813007,-0.918367,-1.102857,-1.154701,-1.279054,-1.356406,-1.413223,-0.724770,-0.612636,-1.137587,-0.933625,-1.400983,-1.158641,-1.629086,-1.332399,-0.785030,-0.360463,-0.960539,-0.591819,-0.657430,-0.527258,-0.437587,-0.421538,-0.782016,-0.071149,-0.877363,-0.314617,-0.634122,-0.320869,-0.444494,-0.247989
H,Right,legacy_asl_H_241,0.000000,0.000000,0.029406,-0.384982,-0.217779,-0.758224,-0.578849,-0.813918,-0.839688,-0.727838,-0.597111,-0.855367,-0.943021,-1.162000,-1.187116,-1.348826,-1.395660,-1.491375,-0.747621,-0.648317,-1.173822,-0.988436,-1.445491,-1.226520,-1.681036,-1.410694,-0.813772,-0.386179,-0.993722,-0.629716,-0.678533,-0.558410,-0.450703,-0.445284,-0.814440,-0.084483,-0.910648,-0.339594,-0.656948,-0.342909,-0.460190,-0.264422
H,Right,legacy_asl_H_242,0.022773,0.012312,0.025595,-0.379214,-0.205426,-0.734660,-0.583210,-0.793846,-0.835620,-0.708300,-0.588444,-0.847886,-0.984298,-1.135677,-1.185013,-1.308383,-1.406784,-1.469174,-0.748604,-0.661184,-1.178777,-0.970039,-1.464834,-1.191175,-1.683154,-1.376008,-0.808637,-0.372712,-1.022295,-0.639470,-0.666706,-0.538441,-0.448556,-0.427572,-0.815918,-0.070736,-0.898798,-0.325721,-0.679811,-0.339658,-0.454056,-0.278452
H,Right,legacy_asl_H_243,0.000000,0.000000,0.025998,-0.408178,-0.240822,-0.800221,-0.624024,-0.854383,-0.899162,-0.759715,-0.643922,-0.898043,-1.014424,-1.218210,-1.275476,-1.412837,-1.498279,-1.561039,-0.800577,-0.676715,-1.256573,-1.031278,-1.547519,-1.279829,-1.799480,-1.471761,-0.867140,-0.398165,-1.061007,-0.653720,-0.726194,-0.582407,-0.483356,-0.465629,-0.863811,-0.078590,-0.969130,-0.347525,-0.700448,-0.354430,-0.490986,-0.273928
H,Right,legacy_asl_H_244,0.000000,0.000000,0.042298,-0.383779,-0.192233,-0.765100,-0.551233,-0.832869,-0.814812,-0.755583,-0.568095,-0.874907,-0.903529,-1.192966,-1.141223,-1.387871,-1.344869,-1.537333,-0.725462,-0.673020,-1.140019,-1.027238,-1.403553,-1.274297,-1.632791,-1.466266,-0.800366,-0.413247,-0.972049,-0.662681,-0.659428,-0.580847,-0.435519,-0.460146,-0.811150,-0.111743,-0.898750,-0.369936,-0.645081,-0.364743,-0.451065,-0.279704
H,Right,legacy_asl_H_245,0.017098,0.003478,0.154850,-0.307320,-0.004095,-0.675887,-0.372865,-0.792168,-0.669999,-0.745128,-0.400383,-0.958952,-0.759081,-1.269173,-0.997658,-1.428878,-1.216558,-1.618309,-0.585598,-0.746345,-1.014582,-1.082199,-1.222162,-1.321161,-1.447665,-1.473375,-0.664790,-0.516381,-0.732938,-0.657726,-0.481850,-0.543529,-0.314563,-0.437036,-0.758174,-0.256903,-0.673864,-0.391349,-0.384563,-0.282261,-0.197368,-0.176429
H,Right,legacy_asl_H_246,0.000000,0.000000,0.148118,-0.299029,-0.009018,-0.674644,-0.363855,-0.759868,-0.678657,-0.742894,-0.398749,-0.940973,-0.727660,-1.236593,-0.960240,-1.411946,-1.173869,-1.549333,-0.590519,-0.757199,-0.979410,-1.075556,-1.213248,-1.285358,-1.424604,-1.450969,-0.688221,-0.516349,-0.754706,-0.663942,-0.458990,-0.520705,-0.281832,-0.421860,-0.731965,-0.246108,-0.655951,-0.364809,-0.374649,-0.257672,-0.210947,-0.180866
H,Right,legacy_asl_H_247,0.000000,0.000000,0.148434,-0.307957,-0.016677,-0.691004,-0.381111,-0.774394,-0.703405,-0.753535,-0.418853,-0.959532,-0.759047,-1.258738,-0.999236,-1.435804,-1.219591,-1.574188,-0.613275,-0.769160,-1.015164,-1.090996,-1.257020,-1.303338,-1.475359,-1.470659,-0.710705,-0.521357,-0.780439,-0.671818,-0.475930,-0.528348,-0.293359,-0.429044,-0.752536,-0.244041,-0.675976,-0.366476,-0.386630,-0.259827,-0.218087,-0.182952
H,Right,legacy_asl_H_248,0.008797,0.003863,0.156490,-0.333480,-0.028618,-0.690513,-0.373980,-0.786012,-0.690550,-0.751317,-0.412730,-0.964184,-0.729755,-1.275322,-0.987147,-1.441757,-1.217009,-1.562496,-0.615924,-0.755313,-1.001596,-1.104875,-1.206234,-1.321794,-1.476198,-1.506957,-0.693068,-0.528082,-0.773132,-0.691022,-0.461873,-0.538160,-0.300370,-0.408628,-0.734188,-0.227228,-0.681772,-0.356587,-0.376584,-0.233311,-0.212967,-0.179481
H,Right,legacy_asl_H_249,0.000000,0.000000,0.151263,-0.305379,-0.009209,-0.688970,-0.371582,-0.776004,-0.693068,-0.758670,-0.407217,-0.960954,-0.743112,-1.262852,-0.980631,-1.441929,-1.198796,-1.582234,-0.603059,-0.773278,-1.000208,-1.098395,-1.239011,-1.312652,-1.454856,-1.481780,-0.702836,-0.527314,-0.770732,-0.678041,-0.468737,-0.531763,-0.287817,-0.430818,-0.747508,-0.251335,-0.669880,-0.372556,-0.382604,-0.263144,-0.215426,-0.184706
H,Right,legacy_asl_H_250,0.000000,0.000000,0.176396,-0.292839,0.047576,-0.689566,-0.307537,-0.806445,-0.630376,-0.815611,-0.327920,-0.994288,-0.638854,-1.323797,-0.861558,-1.522407,-1.068107,-1.680660,-0.539184,-0.822797,-0.909443,-1.180569,-1.130531,-1.414457,-1.332385,-1.601334,-0.659209,-0.585114,-0.714667,-0.741402,-0.424799,-0.570269,-0.252241,-0.454437,-0.726616,-0.312883,-0.639016,-0.427677,-0.360826,-0.294614,-0.200152,-0.202417
H,Right,legacy_asl_H_251,0.030147,-0.007787,0.162073,-0.300925,-0.029499,-0.702299,-0.385675,-0.764078,-0.707810,-0.749677,-0.394402,-0.960949,-0.756753,-1.260307,-0.978586,-1.444919,-1.236413,-1.566115,-0.617126,-0.774373,-0.985882,-1.087218,-1.226530,-1.306013,-1.437993,-1.481957,-0.697832,-0.537427,-0.775409,-0.711529,-0.477113,-0.527748,-0.284574,-0.447499,-0.742120,-0.255403,-0.673500,-0.376608,-0.383058,-0.270370,-0.216722,-0.180369
H,Right,legacy_asl_H_252,0.000000,0.000000,0.156168,-0.315280,-0.009508,-0.711308,-0.383629,-0.801164,-0.715539,-0.783268,-0.420419,-0.992111,-0.767205,-1.303797,-1.012426,-1.488680,-1.237664,-1.633533,-0.622611,-0.798349,-1.032637,-1.134008,-1.279183,-1.355212,-1.502026,-1.529823,-0.725624,-0.544410,-0.795721,-0.700025,-0.483935,-0.549004,-0.297148,-0.444786,-0.771744,-0.259483,-0.691599,-0.384635,-0.395009,-0.271675,-0.222411,-0.190695
H,Right,legacy_asl_H_253,0.000000,0.000000,0.176413,-0.292829,0.047618,-0.689563,-0.307489,-0.806463,-0.630327,-0.815648,-0.327861,-0.994307,-0.638775,-1.323835,-0.861467,-1.522459,-1.068007,-1.680723,-0.539135,-0.822829,-0.909373,-1.180623,-1.130447,-1.414524,-1.332290,-1.601413,-0.659174,-0.585154,-0.714622,-0.741444,-0.424765,-0.570294,-0.252214,-0.454452,-0.726598,-0.312926,-0.638990,-0.427715,-0.360808,-0.294636,-0.200140,-0.202429
H,Right,legacy_asl_H_254,0.012380,-0.010611,0.148968,-0.341411,-0.053105,-0.773839,-0.444200,-0.873570,-0.798638,-0.826365,-0.518244,-0.971571,-0.889327,-1.220658,-1.215344,-1.345975,-1.417295,-1.478627,-0.668922,-0.724283,-1.087159,-1.002110,-1.398567,-1.242484,-1.683770,-1.363259,-0.695194,-0.468009,-0.891944,-0.654859,-0.593059,-0.583420,-0.365145,-0.462017,-0.708511,-0.180921,-0.728021,-0.368441,-0.446290,-0.282538,-0.256064,-0.204200
H,Right,legacy_asl_H_255,0.000000,0.000000,0.115688,-0.355342,-0.065663,-0.767598,-0.469789,-0.869969,-0.778457,-0.808618,-0.474865,-0.924405,-0.879463,-1.188126,-1.155641,-1.325830,-1.395870,-1.426989,-0.633950,-0.715389,-1.094310,-0.996316,-1.375511,-1.175593,-1.630479,-1.323044,-0.688263,-0.459889,-0.858753,-0.636618,-0.552136,-0.551753,-0.345919,-0.479373,-0.674121,-0.182189,-0.698283,-0.341691,-0.435159,-0.283046,-0.263439,-0.210009
H,Right,legacy_asl_H_256,0.000000,0.000000,0.090525,-0.372523,-0.127236,-0.780016,-0.548616,-0.853102,-0.859543,-0.766193,-0.558069,-0.908386,-0.992559,-1.146476,-1.285831,-1.265717,-1.539471,-1.350390,-0.704435,-0.682139,-1.197309,-0.933465,-1.498972,-1.094837,-1.771312,-1.225706,-0.739995,-0.416545,-0.928216,-0.583974,-0.607944,-0.521164,-0.391346,-0.463267,-0.703798,-0.133601,-0.740994,-0.294860,-0.467263,-0.255465,-0.285900,-0.194196
H,Right,legacy_asl_H_257,0.000320,0.008655,0.098722,-0.376995,-0.047734,-0.769651,-0.482679,-0.912350,-0.783372,-0.851181,-0.489083,-0.944038,-0.885668,-1.273279,-1.182239,-1.354510,-1.402844,-1.465671,-0.664403,-0.727360,-1.128029,-1.029662,-1.415526,-1.216566,-1.671335,-1.359966,-0.728542,-0.479671,-0.880912,-0.678777,-0.565208,-0.557118,-0.348078,-0.481569,-0.705413,-0.201184,-0.707018,-0.357538,-0.448458,-0.294647,-0.283827,-0.205670
H,Right,legacy_asl_H_258,0.000000,0.000000,0.120143,-0.369025,-0.068192,-0.797157,-0.487880,-0.903471,-0.808435,-0.839757,-0.493152,-0.960003,-0.913330,-1.233879,-1.200144,-1.376887,-1.449623,-1.481941,-0.658363,-0.742937,-1.136450,-1.034683,-1.428480,-1.220864,-1.693267,-1.373993,-0.714767,-0.477599,-0.891823,-0.661133,-0.573398,-0.573000,-0.359240,-0.497833,-0.700081,-0.189205,-0.725173,-0.354849,-0.451917,-0.293946,-0.273584,-0.218096
H,Right,legacy_asl_H_259,0.000000,0.000000,0.143293,-0.355577,-0.013437,-0.790211,-0.419876,-0.923292,-0.740086,-0.882122,-0.421259,-0.979361,-0.816879,-1.277611,-1.089893,-1.437892,-1.328674,-1.558252,-0.598718,-0.776582,-1.050203,-1.096348,-1.325446,-1.299530,-1.576070,-1.468300,-0.672201,-0.518891,-0.834314,-0.711709,-0.526445,-0.603376,-0.320459,-0.514853,-0.677180,-0.233684,-0.690736,-0.398621,-0.425545,-0.320169,-0.254912,-0.233390
H,Right,legacy_asl_H_260,-0.019141,-0.013598,0.140038,-0.365636,-0.079281,-0.783976,-0.462231,-0.902363,-0.800232,-0.822499,-0.484432,-0.967174,-0.890976,-1.187528,-1.199561,-1.359535,-1.414644,-1.461606,-0.640975,-0.737944,-1.116206,-1.014599,-1.409379,-1.192168,-1.681740,-1.340337,-0.693599,-0.467613,-0.871742,-0.657901,-0.542477,-0.589035,-0.356547,-0.472710,-0.667264,-0.191423,-0.733532,-0.364068,-0.445427,-0.322409,-0.263747,-0.203640
H,Right,legacy_asl_H_261,0.000000,0.000000,0.111071,-0.341162,-0.063043,-0.736968,-0.451043,-0.835254,-0.747394,-0.776352,-0.455917,-0.887518,-0.844370,-1.140716,-1.109527,-1.272925,-1.340170,-1.370048,-0.608653,-0.686842,-1.050643,-0.956560,-1.320624,-1.128684,-1.565418,-1.270250,-0.660799,-0.441538,-0.824487,-0.611214,-0.530104,-0.529736,-0.332116,-0.460245,-0.647222,-0.174919,-0.670419,-0.328056,-0.417795,-0.271751,-0.252927,-0.201629
H,Right,legacy_asl_H_262,0.000000,0.000000,0.146049,-0.354454,-0.007302,-0.790292,-0.412695,-0.926524,-0.733215,-0.887841,-0.413643,-0.982601,-0.806936,-1.283914,-1.078697,-1.446310,-1.316536,-1.568520,-0.592671,-0.781207,-1.041660,-1.104469,-1.315317,-1.309781,-1.564623,-1.480492,-0.668153,-0.524094,-0.828764,-0.718165,-0.521745,-0.607445,-0.316452,-0.517326,-0.675345,-0.238934,-0.687620,-0.403972,-0.423047,-0.323463,-0.253092,-0.235362
H,Right,legacy_asl_H_263,-0.015689,-0.023256,0.068467,-0.328291,-0.244975,-0.680663,-0.649206,-0.628295,-0.935975,-0.465657,-0.630340,-0.839787,-1.087924,-1.114475,-1.422978,-1.242714,-1.696791,-1.376182,-0.765757,-0.587617,-1.293487,-0.867048,-1.650642,-1.095086,-1.908628,-1.218018,-0.785244,-0.287406,-1.034448,-0.474281,-0.698099,-0.439710,-0.435660,-0.404400,-0.749579,0.001729,-0.897003,-0.187430,-0.617012,-0.150579,-0.407063,-0.082358
H,Right,legacy_asl_H_264,0.000000,0.000000,0.060720,-0.346228,-0.262911,-0.684900,-0.660797,-0.643103,-0.960944,-0.485663,-0.651813,-0.888280,-1.136186,-1.145625,-1.469926,-1.292481,-1.745862,-1.391951,-0.787400,-0.628144,-1.331718,-0.904734,-1.682306,-1.101428,-1.971047,-1.253161,-0.808181,-0.329953,-1.050847,-0.487770,-0.711667,-0.452740,-0.466507,-0.404840,-0.750136,-0.004128,-0.920307,-0.189346,-0.627782,-0.165095,-0.405299,-0.096212
H,Right,legacy_asl_H_265,0.000000,0.000000,0.050681,-0.337746,-0.271777,-0.658943,-0.657242,-0.608812,-0.945003,-0.448698,-0.654391,-0.847167,-1.131029,-1.085520,-1.458710,-1.220163,-1.729110,-1.310166,-0.779854,-0.591248,-1.315177,-0.846856,-1.660416,-1.029504,-1.944506,-1.169964,-0.792893,-0.301117,-1.032376,-0.448590,-0.702091,-0.422693,-0.462819,-0.382043,-0.728706,0.013966,-0.898431,-0.161858,-0.613720,-0.145314,-0.395972,-0.083739
H,Right,legacy_asl_H_266,-0.001537,0.017201,0.036021,-0.343783,-0.248924,-0.663721,-0.638400,-0.632637,-0.938173,-0.484066,-0.628844,-0.870723,-1.103449,-1.140233,-1.423954,-1.251514,-1.690635,-1.343879,-0.766871,-0.616587,-1.281153,-0.887610,-1.642800,-1.064979,-1.883933,-1.211196,-0.802957,-0.307448,-1.030738,-0.463993,-0.697686,-0.427949,-0.455822,-0.378187,-0.732531,0.004276,-0.894377,-0.172346,-0.598971,-0.130607,-0.416618,-0.106145
H,Right,legacy_asl_H_267,0.000000,0.000000,0.059254,-0.337865,-0.256561,-0.668358,-0.644838,-0.627571,-0.937736,-0.473934,-0.636071,-0.866827,-1.108745,-1.117956,-1.434425,-1.261265,-1.703696,-1.358332,-0.768383,-0.612973,-1.299554,-0.882883,-1.641675,-1.074826,-1.923442,-1.222895,-0.788662,-0.321984,-1.025468,-0.475990,-0.694479,-0.441806,-0.455240,-0.395063,-0.732019,-0.004028,-0.898079,-0.184772,-0.612620,-0.161108,-0.395510,-0.093888
H,Right,legacy_asl_H_268,0.000000,0.000000,0.025635,-0.340564,-0.319633,-0.637105,-0.700352,-0.558683,-0.975520,-0.377784,-0.715087,-0.796600,-1.208004,-0.999152,-1.544723,-1.109263,-1.821024,-1.179079,-0.821334,-0.532125,-1.374050,-0.747558,-1.731819,-0.904248,-2.025494,-1.023373,-0.812940,-0.241823,-1.062648,-0.371233,-0.731352,-0.369764,-0.489734,-0.346870,-0.725692,0.067669,-0.907921,-0.095160,-0.622766,-0.099657,-0.401070,-0.054308
H,Right,legacy_asl_H_269,0.000513,-0.006961,0.063230,-0.332689,-0.266782,-0.680129,-0.634956,-0.625601,-0.947995,-0.462433,-0.638251,-0.868410,-1.093496,-1.129012,-1.428310,-1.265458,-1.690250,-1.353984,-0.763319,-0.608101,-1.295832,-0.889239,-1.624667,-1.061503,-1.907349,-1.219236,-0.782450,-0.330080,-1.040195,-0.452759,-0.689958,-0.433760,-0.442152,-0.411022,-0.727231,-0.029729,-0.875430,-0.179366,-0.589897,-0.161905,-0.384190,-0.079958
H,Right,legacy_asl_H_270,0.000000,0.000000,0.057242,-0.326393,-0.247850,-0.645664,-0.622943,-0.606262,-0.905895,-0.457841,-0.614473,-0.837394,-1.071098,-1.079997,-1.385720,-1.218440,-1.645848,-1.312211,-0.742293,-0.592160,-1.255429,-0.852905,-1.585933,-1.038331,-1.858133,-1.181372,-0.761884,-0.311051,-0.990648,-0.459828,-0.670898,-0.426805,-0.439783,-0.381649,-0.707164,-0.003891,-0.867586,-0.178499,-0.591818,-0.155638,-0.382081,-0.090700
H,Right,legacy_asl_H_271,0.000000,0.000000,0.036520,-0.339569,-0.299081,-0.647008,-0.682114,-0.580809,-0.962931,-0.408809,-0.689228,-0.819076,-1.175411,-1.037299,-1.508433,-1.158129,-1.782359,-1.236751,-0.803884,-0.558137,-1.349423,-0.791147,-1.701994,-0.959206,-1.991707,-1.087669,-0.804785,-0.267715,-1.050223,-0.405049,-0.719144,-0.392979,-0.478383,-0.362365,-0.727486,0.044411,-0.904411,-0.124166,-0.619258,-0.119536,-0.399126,-0.067116
H,Right,legacy_asl_H_272,0.000935,-0.011085,0.190276,-0.332343,-0.103403,-0.746225,-0.522030,-0.856022,-0.877295,-0.847043,-0.494091,-0.973736,-0.913329,-1.202520,-1.206619,-1.376634,-1.427296,-1.481106,-0.638233,-0.722847,-1.158145,-1.025235,-1.438493,-1.240085,-1.737446,-1.363441,-0.690851,-0.492422,-0.932438,-0.672252,-0.598725,-0.543232,-0.352276,-0.483547,-0.702544,-0.196597,-0.788684,-0.334334,-0.441353,-0.296664,-0.222690,-0.238460
H,Right,legacy_asl_H_273,0.000000,0.000000,0.174069,-0.351456,-0.101722,-0.774715,-0.552056,-0.903143,-0.917735,-0.856978,-0.520117,-0.976239,-0.951328,-1.265689,-1.241966,-1.417258,-1.490585,-1.528050,-0.685827,-0.764754,-1.216406,-1.051284,-1.524726,-1.253227,-1.791372,-1.398689,-0.733789,-0.499178,-0.975019,-0.666185,-0.606297,-0.575317,-0.354677,-0.487616,-0.716556,-0.196778,-0.795952,-0.361189,-0.464229,-0.300956,-0.231681,-0.227998
H,Right,legacy_asl_H_274,0.000000,0.000000,0.163657,-0.341742,-0.108180,-0.747091,-0.544858,-0.865393,-0.897521,-0.816115,-0.514940,-0.936414,-0.935204,-1.210510,-1.217907,-1.353210,-1.459496,-1.457055,-0.672312,-0.729993,-1.188532,-0.999998,-1.488961,-1.191133,-1.748408,-1.328241,-0.715246,-0.472826,-0.950417,-0.631072,-0.593061,-0.548010,-0.348867,-0.466509,-0.694728,-0.180921,-0.773531,-0.338731,-0.452308,-0.284790,-0.226728,-0.217287
H,Right,legacy_asl_H_275,0.019338,0.014540,0.186682,-0.348800,-0.098831,-0.746342,-0.505459,-0.852061,-0.897408,-0.831439,-0.484292,-0.964359,-0.897666,-1.188488,-1.198601,-1.366599,-1.448596,-1.462006,-0.657568,-0.743746,-1.202189,-1.007200,-1.465146,-1.241266,-1.716862,-1.371094,-0.719949,-0.470678,-0.958832,-0.646666,-0.603487,-0.561235,-0.343205,-0.452395,-0.689722,-0.173186,-0.766656,-0.331865,-0.443962,-0.287902,-0.204822,-0.222450
H,Right,legacy_asl_H_276,0.000000,0.000000,0.157238,-0.317473,-0.091886,-0.699806,-0.498677,-0.815817,-0.828997,-0.774115,-0.469826,-0.881845,-0.859342,-1.143307,-1.121878,-1.280221,-1.346457,-1.380300,-0.619513,-0.690808,-1.098790,-0.949634,-1.377298,-1.132050,-1.618161,-1.263448,-0.662837,-0.450911,-0.880742,-0.601771,-0.547673,-0.519688,-0.320383,-0.440467,-0.647271,-0.177751,-0.718990,-0.326265,-0.419342,-0.271856,-0.209280,-0.205953
H,Right,legacy_asl_H_277,0.000000,0.000000,0.155144,-0.345691,-0.126649,-0.744183,-0.566122,-0.851634,-0.917457,-0.793638,-0.537972,-0.923374,-0.964895,-1.186978,-1.251045,-1.322633,-1.495133,-1.420464,-0.690185,-0.713119,-1.212932,-0.970257,-1.518003,-1.153894,-1.780766,-1.284534,-0.726736,-0.454968,-0.965754,-0.607341,-0.606450,-0.533155,-0.360313,-0.457726,-0.698996,-0.163661,-0.781683,-0.319470,-0.459222,-0.273501,-0.232039,-0.211605
H,Right,legacy_asl_H_278,0.013160,0.011419,0.197769,-0.353257,-0.106406,-0.756708,-0.503176,-0.871017,-0.865143,-0.823693,-0.513513,-0.926793,-0.905161,-1.210317,-1.202996,-1.382711,-1.430791,-1.474247,-0.655297,-0.730645,-1.175031,-1.017054,-1.480565,-1.194020,-1.733868,-1.365080,-0.723600,-0.440777,-0.971058,-0.644099,-0.595481,-0.551519,-0.355826,-0.482287,-0.689356,-0.197153,-0.781409,-0.375193,-0.448685,-0.276073,-0.210671,-0.224414
H,Right,legacy_asl_H_279,0.000000,0.000000,0.167834,-0.338867,-0.098078,-0.746965,-0.532282,-0.870794,-0.884862,-0.826281,-0.501487,-0.941271,-0.917252,-1.220353,-1.197479,-1.366493,-1.437193,-1.473316,-0.661261,-0.737361,-1.172835,-1.013628,-1.470112,-1.208338,-1.727206,-1.348589,-0.707505,-0.481297,-0.940094,-0.642323,-0.584580,-0.554709,-0.341973,-0.470150,-0.690889,-0.189729,-0.767442,-0.348252,-0.447601,-0.290176,-0.223383,-0.219832
H,Right,legacy_asl_H_280,0.000000,0.000000,0.165339,-0.340932,-0.104499,-0.747615,-0.540588,-0.868066,-0.893490,-0.820527,-0.510321,-0.938939,-0.929229,-1.215102,-1.211226,-1.359193,-1.452301,-1.464227,-0.668708,-0.733296,-1.183591,-1.005840,-1.483075,-1.198454,-1.741844,-1.336837,-0.712908,-0.476344,-0.947297,-0.635746,-0.590354,-0.550925,-0.346565,-0.468222,-0.693829,-0.184341,-0.771853,-0.342537,-0.450899,-0.287014,-0.225654,-0.218401
H,Right,legacy_asl_H_281,-0.006340,0.026341,0.207650,-0.292560,0.030932,-0.717471,-0.361304,-0.865166,-0.679303,-0.857240,-0.369322,-0.988844,-0.743229,-1.335735,-0.954571,-1.520600,-1.187607,-1.687815,-0.590111,-0.806290,-0.981748,-1.139865,-1.239850,-1.443367,-1.472636,-1.601489,-0.656307,-0.529378,-0.786733,-0.737751,-0.497049,-0.603005,-0.282910,-0.480883,-0.714869,-0.190433,-0.668177,-0.395790,-0.377099,-0.291167,-0.199466,-0.159650
H,Right,legacy_asl_H_282,0.000000,0.000000,0.192260,-0.298612,0.023816,-0.707106,-0.339376,-0.839801,-0.666445,-0.817683,-0.373696,-0.964997,-0.714662,-1.300196,-0.953033,-1.497521,-1.165098,-1.655286,-0.558631,-0.777532,-0.973199,-1.140474,-1.220592,-1.381150,-1.437318,-1.578547,-0.650332,-0.516564,-0.775042,-0.723934,-0.477425,-0.585607,-0.285536,-0.469202,-0.692973,-0.211486,-0.673914,-0.377434,-0.369323,-0.276843,-0.174062,-0.180283
H,Right,legacy_asl_H_283,0.000000,0.000000,0.209805,-0.297569,0.054890,-0.723243,-0.311394,-0.874823,-0.647356,-0.866274,-0.341147,-1.004538,-0.675934,-1.362579,-0.911580,-1.574974,-1.121988,-1.745715,-0.538657,-0.820499,-0.947635,-1.210131,-1.190653,-1.467318,-1.404126,-1.678854,-0.643839,-0.557151,-0.762632,-0.774934,-0.463757,-0.620413,-0.272231,-0.492906,-0.700673,-0.246507,-0.673995,-0.415661,-0.366348,-0.299491,-0.170512,-0.192167
H,Right,legacy_asl_H_284,-0.023161,-0.010221,0.203448,-0.312619,0.019661,-0.739115,-0.353468,-0.862531,-0.682144,-0.826488,-0.385148,-0.996552,-0.727643,-1.357464,-0.988553,-1.519401,-1.194083,-1.697497,-0.571569,-0.799779,-1.015884,-1.154944,-1.232815,-1.421168,-1.485536,-1.616420,-0.666785,-0.535719,-0.803344,-0.738519,-0.462593,-0.612652,-0.325292,-0.498608,-0.730156,-0.204571,-0.677390,-0.416351,-0.359704,-0.279342,-0.172718,-0.179429
H,Right,legacy_asl_H_285,0.000000,0.000000,0.184283,-0.286223,0.022827,-0.677768,-0.325295,-0.804957,-0.638794,-0.783757,-0.358191,-0.924959,-0.685011,-1.246251,-0.913491,-1.435389,-1.116758,-1.586608,-0.535453,-0.745272,-0.932821,-1.093156,-1.169949,-1.323846,-1.377683,-1.513053,-0.623349,-0.495132,-0.742885,-0.693898,-0.457617,-0.561310,-0.273689,-0.449735,-0.664221,-0.202712,-0.645954,-0.361774,-0.354000,-0.265356,-0.166841,-0.172803
H,Right,legacy_asl_H_286,0.000000,0.000000,0.191756,-0.309508,0.011825,-0.725227,-0.362818,-0.854777,-0.697679,-0.826284,-0.400225,-0.982496,-0.755692,-1.320014,-1.003540,-1.518035,-1.223721,-1.675973,-0.586452,-0.787048,-1.017856,-1.151693,-1.275724,-1.393989,-1.501387,-1.592468,-0.675802,-0.517916,-0.807325,-0.728256,-0.499797,-0.591765,-0.301034,-0.475862,-0.714080,-0.204444,-0.697499,-0.374884,-0.383494,-0.277197,-0.181628,-0.181697
H,Right,legacy_asl_H_287,-0.031544,-0.002741,0.189732,-0.318427,-0.004684,-0.733929,-0.344595,-0.839636,-0.692824,-0.843162,-0.370632,-0.985465,-0.720482,-1.335536,-0.971748,-1.550632,-1.174458,-1.711122,-0.547922,-0.789223,-0.979184,-1.185618,-1.250937,-1.426620,-1.485529,-1.622885,-0.681727,-0.516223,-0.805904,-0.721795,-0.473202,-0.598285,-0.280950,-0.485733,-0.702800,-0.227834,-0.710528,-0.373865,-0.385854,-0.291268,-0.180646,-0.180526
H,Right,legacy_asl_H_288,0.000000,0.000000,0.189654,-0.294566,0.023493,-0.697524,-0.334777,-0.828421,-0.657414,-0.806603,-0.368632,-0.951920,-0.704978,-1.282577,-0.940118,-1.477228,-1.149309,-1.632855,-0.551061,-0.766996,-0.960011,-1.125019,-1.204051,-1.362433,-1.417840,-1.557156,-0.641519,-0.509564,-0.764539,-0.714124,-0.470955,-0.577671,-0.281666,-0.462844,-0.683582,-0.208621,-0.664782,-0.372320,-0.364318,-0.273091,-0.171704,-0.177840
H,Right,legacy_asl_H_289,0.000000,0.000000,0.180723,-0.316077,-0.013756,-0.725193,-0.392734,-0.841452,-0.726382,-0.801168,-0.434622,-0.967772,-0.801769,-1.292545,-1.056446,-1.481703,-1.282059,-1.631779,-0.613841,-0.765878,-1.057835,-1.115084,-1.324087,-1.348136,-1.556609,-1.538535,-0.693645,-0.493763,-0.832503,-0.699335,-0.520354,-0.573772,-0.317627,-0.464951,-0.720845,-0.179137,-0.710284,-0.350055,-0.393030,-0.263502,-0.187922,-0.175179
H,Right,legacy_asl_H_290,0.022914,0.009605,0.110390,-0.309357,-0.050620,-0.686223,-0.409234,-0.764417,-0.770469,-0.764210,-0.478287,-0.969050,-0.684295,-1.298823,-0.832783,-1.434200,-0.943412,-1.541662,-0.630179,-0.768319,-0.816600,-0.963142,-0.559146,-0.909886,-0.388605,-0.848789,-0.770482,-0.483606,-0.861678,-0.615061,-0.503041,-0.459636,-0.290636,-0.333695,-0.865723,-0.209299,-0.873476,-0.313324,-0.526147,-0.227981,-0.355389,-0.105821
H,Right,legacy_asl_H_291,0.000000,0.000000,0.115301,-0.295114,-0.050511,-0.654057,-0.391993,-0.721173,-0.716812,-0.729865,-0.430241,-0.921541,-0.651261,-1.229392,-0.786105,-1.376532,-0.882534,-1.471368,-0.621344,-0.707578,-0.776599,-0.901846,-0.563320,-0.865131,-0.372433,-0.827458,-0.742252,-0.465064,-0.827582,-0.586187,-0.502217,-0.461050,-0.276164,-0.345386,-0.798447,-0.206233,-0.806118,-0.290857,-0.512845,-0.192727,-0.317410,-0.100410
H,Right,legacy_asl_H_292,0.000000,0.000000,0.097306,-0.318994,-0.105553,-0.682397,-0.469341,-0.725407,-0.810948,-0.708437,-0.525579,-0.932628,-0.782277,-1.237974,-0.935620,-1.381571,-1.044443,-1.473358,-0.708961,-0.692715,-0.887512,-0.884135,-0.660719,-0.862734,-0.457350,-0.838528,-0.816377,-0.428476,-0.915664,-0.548745,-0.564130,-0.443546,-0.317588,-0.340310,-0.854564,-0.152310,-0.869413,-0.240510,-0.553730,-0.161077,-0.341198,-0.079886
H,Right,legacy_asl_H_293,0.022803,-0.003692,0.121111,-0.314785,-0.013884,-0.691521,-0.429271,-0.772794,-0.737038,-0.767232,-0.460367,-0.955206,-0.714994,-1.260432,-0.801756,-1.440629,-0.929233,-1.564107,-0.641505,-0.745250,-0.800949,-0.922618,-0.593251,-0.910595,-0.377479,-0.880683,-0.762931,-0.494287,-0.841093,-0.623937,-0.521817,-0.476669,-0.274941,-0.354888,-0.843316,-0.192568,-0.817303,-0.303485,-0.532919,-0.186192,-0.365549,-0.110956
H,Right,legacy_asl_H_294,0.000000,0.000000,0.124357,-0.318293,-0.054478,-0.705429,-0.422781,-0.777816,-0.773113,-0.787191,-0.464034,-0.993923,-0.702413,-1.325954,-0.847849,-1.484651,-0.951852,-1.586935,-0.670147,-0.763154,-0.837596,-0.972680,-0.607566,-0.933082,-0.401685,-0.892450,-0.800551,-0.501592,-0.892584,-0.632229,-0.541663,-0.497263,-0.297855,-0.372514,-0.861160,-0.222431,-0.869434,-0.313702,-0.553126,-0.207864,-0.342340,-0.108296
H,Right,legacy_asl_H_295,0.000000,0.000000,0.117612,-0.312079,-0.061466,-0.687771,-0.421737,-0.754078,-0.763729,-0.759104,-0.464537,-0.964486,-0.701074,-1.285703,-0.844869,-1.438860,-0.947567,-1.537453,-0.662963,-0.736859,-0.828839,-0.939360,-0.603891,-0.903424,-0.402499,-0.866195,-0.787143,-0.480071,-0.878493,-0.606474,-0.534449,-0.478894,-0.295054,-0.360023,-0.843005,-0.206931,-0.852153,-0.295903,-0.542230,-0.196341,-0.335357,-0.101655
H,Right,legacy_asl_H_296,-0.026360,0.001945,0.117012,-0.291525,-0.055225,-0.705393,-0.398328,-0.760867,-0.755560,-0.761313,-0.453343,-0.949038,-0.680260,-1.305623,-0.841162,-1.457153,-0.895444,-1.568003,-0.663734,-0.778039,-0.797546,-0.962177,-0.579308,-0.926263,-0.386717,-0.865037,-0.787898,-0.487082,-0.866587,-0.639712,-0.539049,-0.496625,-0.266941,-0.360886,-0.851559,-0.196429,-0.849614,-0.303795,-0.509071,-0.189257,-0.356731,-0.115857
H,Right,legacy_asl_H_297,0.000000,0.000000,0.114919,-0.294136,-0.050344,-0.651888,-0.390693,-0.718782,-0.714436,-0.727445,-0.428814,-0.918486,-0.649102,-1.225317,-0.783499,-1.371969,-0.879608,-1.466490,-0.619284,-0.705232,-0.774024,-0.898856,-0.561453,-0.862263,-0.371198,-0.824715,-0.739791,-0.463522,-0.824838,-0.584244,-0.500552,-0.459522,-0.275248,-0.344241,-0.795800,-0.205549,-0.803446,-0.289893,-0.511145,-0.192088,-0.316358,-0.100077
H,Right,legacy_asl_H_298,0.000000,0.000000,0.125208,-0.309110,-0.044630,-0.689069,-0.403171,-0.764166,-0.744938,-0.777553,-0.440814,-0.975557,-0.669425,-1.302462,-0.809432,-1.459089,-0.909688,-1.560164,-0.644746,-0.752850,-0.805620,-0.959347,-0.581619,-0.917921,-0.381197,-0.875778,-0.775169,-0.499176,-0.863400,-0.627775,-0.522579,-0.491819,-0.286162,-0.367130,-0.837693,-0.227483,-0.844663,-0.316653,-0.537266,-0.209541,-0.332771,-0.109825
H,Right,legacy_asl_H_299,0.011271,0.000573,0.181654,-0.331563,-0.008648,-0.760160,-0.378966,-0.887928,-0.681111,-0.967176,-0.339592,-1.024405,-0.693624,-1.428280,-0.932216,-1.639173,-1.195844,-1.785598,-0.533288,-0.841726,-0.952077,-1.225293,-1.236309,-1.508326,-1.435809,-1.670516,-0.672773,-0.562149,-0.841441,-0.737982,-0.475061,-0.543439,-0.277664,-0.347413,-0.716785,-0.231604,-0.836761,-0.433714,-0.533769,-0.227652,-0.341650,-0.116141
