label,handedness,timestamp,x0,y0,x1,y1,x2,y2,x3,y3,x4,y4,x5,y5,x6,y6,x7,y7,x8,y8,x9,y9,x10,y10,x11,y11,x12,y12,x13,y13,x14,y14,x15,y15,x16,y16,x17,y17,x18,y18,x19,y19,x20,y20
I,Right,legacy_asl_I_0,0.000000,0.000000,0.374831,-0.255565,0.557677,-0.693556,0.351145,-1.071219,0.021687,-1.095751,0.511185,-0.926201,0.440569,-1.278640,0.345519,-1.010474,0.357070,-0.830638,0.257291,-0.963734,0.133137,-1.262020,0.088100,-0.945896,0.119430,-0.767475,0.026243,-0.966788,-0.104066,-1.233785,-0.102272,-0.920375,-0.058866,-0.680374,-0.206945,-0.955835,-0.216351,-1.307055,-0.218458,-1.536397,-0.204785,-1.736140
I,Right,legacy_asl_I_1,0.000000,0.000000,0.422919,-0.165710,0.689432,-0.564984,0.512089,-0.946842,0.213485,-1.066335,0.582821,-0.871794,0.624289,-1.234464,0.535822,-1.005882,0.483953,-0.799122,0.324977,-0.945492,0.327814,-1.316136,0.268755,-1.033924,0.239660,-0.791325,0.074773,-0.976953,0.057357,-1.333754,0.071183,-1.076116,0.083521,-0.807583,-0.177254,-0.974610,-0.178350,-1.341120,-0.177256,-1.587547,-0.173508,-1.784873
I,Right,legacy_asl_I_2,0.000000,0.000000,0.301075,-0.249929,0.442560,-0.590422,0.192697,-0.772277,-0.084065,-0.742901,0.174686,-1.029010,0.185147,-1.298303,0.222678,-0.999115,0.219644,-0.830640,-0.059339,-0.993979,-0.062965,-1.248856,0.029169,-0.893060,0.052273,-0.745474,-0.279216,-0.922894,-0.296676,-1.125483,-0.133491,-0.808891,-0.060849,-0.609636,-0.495463,-0.834437,-0.669918,-1.184561,-0.748436,-1.391008,-0.839364,-1.624795
I,Right,legacy_asl_I_3,0.000000,0.000000,0.398517,-0.236029,0.655427,-0.615701,0.549196,-0.979677,0.278449,-1.108074,0.466050,-0.936158,0.499120,-1.236523,0.415345,-1.040606,0.376194,-0.849448,0.232990,-0.970785,0.231074,-1.287930,0.200617,-1.012515,0.201432,-0.787675,0.018998,-0.969630,0.010509,-1.251722,0.033956,-0.956524,0.062767,-0.697862,-0.202878,-0.948595,-0.177680,-1.299777,-0.152156,-1.533630,-0.122233,-1.754727
I,Right,legacy_asl_I_4,0.000000,0.000000,0.310615,-0.223763,0.446986,-0.582940,0.156122,-0.767087,-0.136945,-0.784146,0.202116,-1.009774,0.185301,-1.382585,0.204352,-1.182588,0.208969,-0.984441,-0.072732,-0.988573,-0.126800,-1.352403,-0.033025,-1.081488,0.012670,-0.919578,-0.318145,-0.914340,-0.395721,-1.183918,-0.233471,-0.914540,-0.146568,-0.705170,-0.551097,-0.812014,-0.807829,-1.144956,-0.969473,-1.357575,-1.139576,-1.577117
I,Right,legacy_asl_I_5,0.000000,0.000000,0.309678,-0.245019,0.460022,-0.688210,0.241391,-1.052279,-0.054317,-1.103700,0.493825,-0.941874,0.426223,-1.293952,0.338919,-1.039352,0.344981,-0.875808,0.251569,-0.966244,0.138626,-1.248664,0.109097,-0.934557,0.154263,-0.782185,0.034436,-0.954322,-0.093362,-1.158728,-0.078605,-0.863825,-0.027345,-0.646104,-0.189783,-0.934715,-0.206674,-1.299433,-0.217690,-1.529331,-0.212412,-1.733581
I,Right,legacy_asl_I_6,0.000000,0.000000,0.406793,-0.208437,0.683582,-0.656339,0.528058,-1.051835,0.195765,-1.174615,0.344989,-0.960156,0.372583,-1.216648,0.374077,-0.985712,0.359390,-0.764608,0.096328,-0.993386,0.101704,-1.262415,0.163595,-0.919211,0.197100,-0.643465,-0.141981,-0.996153,-0.121987,-1.305370,-0.015083,-0.961476,0.048729,-0.651180,-0.412295,-0.957701,-0.388898,-1.382701,-0.368530,-1.665462,-0.352458,-1.928218
I,Right,legacy_asl_I_7,0.000000,0.000000,0.398719,-0.173607,0.635865,-0.587084,0.475788,-0.991491,0.171541,-1.102743,0.533179,-0.891676,0.539506,-1.216726,0.455583,-0.950980,0.439051,-0.773394,0.292833,-0.955846,0.244241,-1.258590,0.189294,-0.941343,0.187941,-0.728210,0.064350,-0.984737,-0.021850,-1.241202,-0.025558,-0.918507,-0.002853,-0.660696,-0.172926,-1.002703,-0.147877,-1.347380,-0.144446,-1.567661,-0.141050,-1.773590
I,Right,legacy_asl_I_8,0.000000,0.000000,0.253469,-0.223423,0.330929,-0.567025,0.043851,-0.766447,-0.241156,-0.763982,0.148041,-1.016485,0.037632,-1.255589,0.098848,-0.969757,0.162865,-0.845431,-0.097818,-0.990178,-0.201760,-1.233410,-0.122930,-0.892683,-0.057514,-0.805001,-0.325893,-0.908736,-0.435363,-1.109912,-0.318080,-0.801914,-0.222650,-0.617720,-0.535975,-0.796997,-0.710227,-1.130287,-0.826076,-1.316819,-0.925115,-1.508956
I,Right,legacy_asl_I_9,0.000000,0.000000,0.326321,-0.197828,0.515014,-0.566656,0.288728,-0.854639,0.003802,-0.931407,0.392064,-0.957122,0.394582,-1.279593,0.354576,-1.011789,0.338005,-0.826483,0.131011,-0.989470,0.105416,-1.312226,0.116565,-0.983571,0.147260,-0.826748,-0.105704,-0.961608,-0.143784,-1.227079,-0.062862,-0.951009,-0.010229,-0.761178,-0.334204,-0.902612,-0.408996,-1.266527,-0.447329,-1.485040,-0.487056,-1.707533
I,Right,legacy_asl_I_10,0.000000,0.000000,0.386083,-0.243952,0.590718,-0.662054,0.428845,-1.026881,0.121284,-1.093196,0.367595,-0.965968,0.377078,-1.295792,0.340803,-1.050293,0.337836,-0.864637,0.141625,-0.989327,0.105823,-1.295930,0.103872,-0.998275,0.124462,-0.778206,-0.080763,-0.981762,-0.140913,-1.266761,-0.086004,-0.965578,-0.026095,-0.709953,-0.317230,-0.957155,-0.291006,-1.311011,-0.287395,-1.551069,-0.287388,-1.776408
I,Right,legacy_asl_I_11,0.000000,0.000000,0.419365,-0.242329,0.652110,-0.646399,0.447020,-1.024132,0.140085,-1.118071,0.469082,-0.957929,0.459782,-1.304779,0.406939,-1.042004,0.409688,-0.832542,0.202569,-0.976451,0.152773,-1.296712,0.145057,-0.966046,0.161848,-0.737063,-0.041338,-0.974076,-0.099995,-1.283005,-0.047828,-0.960963,-0.005182,-0.683166,-0.293477,-0.958053,-0.306561,-1.324474,-0.292158,-1.563984,-0.271216,-1.783927
I,Right,legacy_asl_I_12,0.000000,0.000000,0.377324,0.000958,0.598294,-0.346878,0.334015,-0.786166,-0.020435,-0.973277,0.788384,-0.718731,0.781557,-1.148730,0.669129,-1.004150,0.650181,-0.875902,0.461114,-0.862833,0.349627,-1.142913,0.230580,-0.828527,0.234722,-0.616047,0.152615,-0.936688,0.013157,-1.149056,-0.071140,-0.821066,-0.080706,-0.556984,-0.131040,-0.978141,-0.112870,-1.424088,-0.125173,-1.716273,-0.112537,-1.968469
I,Right,legacy_asl_I_13,0.000000,0.000000,0.347947,-0.202906,0.494766,-0.605257,0.191055,-0.811911,-0.103907,-0.797841,0.355008,-0.967091,0.380770,-1.274883,0.316508,-0.958698,0.271011,-0.789938,0.095808,-0.994967,0.103646,-1.274066,0.060955,-0.897719,0.067456,-0.766811,-0.136568,-0.965383,-0.151216,-1.175887,-0.157092,-0.823899,-0.153024,-0.624161,-0.369524,-0.918325,-0.423406,-1.328390,-0.469179,-1.556609,-0.501705,-1.789125
I,Right,legacy_asl_I_14,0.000000,0.000000,0.398819,-0.254498,0.613592,-0.679960,0.394277,-1.063438,0.056195,-1.112497,0.517429,-0.935312,0.488558,-1.284828,0.395362,-1.017019,0.398792,-0.839264,0.256865,-0.965046,0.170682,-1.281592,0.128607,-0.964347,0.148248,-0.766804,0.018384,-0.970647,-0.089085,-1.245601,-0.070176,-0.932168,-0.033880,-0.683636,-0.224885,-0.968480,-0.244796,-1.331388,-0.237961,-1.565191,-0.226039,-1.782687
I,Right,legacy_asl_I_15,0.000000,0.000000,0.428156,-0.219204,0.679283,-0.648040,0.522410,-1.019938,0.203430,-1.101405,0.379178,-0.971466,0.408996,-1.283331,0.398376,-1.054073,0.380580,-0.845118,0.128130,-0.991549,0.120032,-1.313001,0.156947,-1.007064,0.165339,-0.754725,-0.097391,-0.977220,-0.099633,-1.283690,-0.023819,-0.960060,0.013226,-0.674603,-0.327690,-0.939325,-0.295324,-1.328068,-0.256823,-1.592602,-0.235239,-1.840638
I,Right,legacy_asl_I_16,0.000000,0.000000,0.335083,-0.261050,0.527714,-0.634644,0.261753,-0.923221,-0.066213,-1.033010,0.259137,-1.051550,0.252928,-1.351789,0.248052,-1.059440,0.266935,-0.839370,-0.020111,-0.997779,-0.033630,-1.250812,0.023285,-0.891572,0.075668,-0.675738,-0.261004,-0.917716,-0.292450,-1.084573,-0.169573,-0.729379,-0.076892,-0.484590,-0.500989,-0.833624,-0.575356,-1.212322,-0.632539,-1.444706,-0.686165,-1.678024
I,Right,legacy_asl_I_17,0.000000,0.000000,0.330070,-0.194884,0.517079,-0.543323,0.313451,-0.832070,0.035204,-0.918063,0.366130,-0.956641,0.414986,-1.276153,0.374499,-0.986594,0.345177,-0.806264,0.132651,-0.986315,0.150125,-1.286655,0.157160,-0.939268,0.172912,-0.816700,-0.090317,-0.969772,-0.098220,-1.241323,-0.014917,-0.922177,0.022779,-0.710598,-0.317424,-0.925963,-0.395934,-1.288959,-0.419621,-1.505463,-0.448881,-1.746073
I,Right,legacy_asl_I_18,0.000000,0.000000,0.341960,-0.207233,0.534122,-0.575300,0.320914,-0.852571,0.045743,-0.953522,0.381342,-0.952426,0.410488,-1.288569,0.385806,-1.001326,0.378382,-0.826610,0.136161,-0.988382,0.138083,-1.291376,0.154803,-0.956644,0.184941,-0.835724,-0.100143,-0.973567,-0.112912,-1.259045,-0.037005,-0.926612,0.005888,-0.691124,-0.333212,-0.936452,-0.421526,-1.320833,-0.460745,-1.553325,-0.499945,-1.788648
I,Right,legacy_asl_I_19,0.000000,0.000000,0.379217,-0.215609,0.564666,-0.631719,0.329158,-1.000786,0.007390,-1.093689,0.576181,-0.886371,0.467052,-1.222504,0.363088,-0.971476,0.380687,-0.805103,0.311428,-0.946737,0.157251,-1.240165,0.095050,-0.931201,0.114631,-0.724207,0.065107,-0.967288,-0.090755,-1.231565,-0.108997,-0.918526,-0.081265,-0.666997,-0.173840,-0.976585,-0.165818,-1.327926,-0.165709,-1.545273,-0.160248,-1.736631
I,Right,legacy_asl_I_20,0.000000,0.000000,0.434404,-0.249586,0.667969,-0.668557,0.468302,-1.063724,0.140192,-1.167425,0.404738,-0.961344,0.412791,-1.288163,0.380229,-1.058684,0.362729,-0.871386,0.158220,-0.983887,0.126743,-1.295109,0.148353,-0.989389,0.161639,-0.750608,-0.072330,-0.980599,-0.112892,-1.306277,-0.037723,-1.005289,0.007402,-0.724889,-0.325218,-0.956674,-0.323736,-1.336617,-0.304897,-1.605593,-0.296351,-1.859449
I,Right,legacy_asl_I_21,0.000000,0.000000,0.394845,-0.258102,0.630760,-0.629279,0.505198,-0.990827,0.213612,-1.111370,0.407328,-0.956142,0.437001,-1.293099,0.385514,-1.055460,0.368263,-0.856381,0.173502,-0.984802,0.157623,-1.295794,0.150114,-0.996454,0.162227,-0.784195,-0.053798,-0.979521,-0.076673,-1.281929,-0.033158,-0.972376,0.009236,-0.715879,-0.292300,-0.955857,-0.264223,-1.310507,-0.246924,-1.548774,-0.231538,-1.783113
I,Right,legacy_asl_I_22,0.000000,0.000000,0.281806,-0.218196,0.384990,-0.607190,0.141983,-0.823484,-0.144899,-0.835307,0.167056,-1.004017,0.112837,-1.306578,0.155271,-1.045732,0.171632,-0.881585,-0.075135,-0.992517,-0.145096,-1.267702,-0.050133,-0.926307,-0.009812,-0.895378,-0.294524,-0.911433,-0.349249,-1.154116,-0.237036,-0.862040,-0.159473,-0.667029,-0.497276,-0.781230,-0.703872,-1.166998,-0.810230,-1.366211,-0.887529,-1.551648
I,Right,legacy_asl_I_23,0.000000,0.000000,0.408568,-0.222209,0.618755,-0.679329,0.384960,-1.059208,0.064913,-1.105707,0.519628,-0.929908,0.464472,-1.273275,0.385461,-1.026078,0.397802,-0.844404,0.258548,-0.964231,0.152067,-1.274759,0.109282,-0.981602,0.137023,-0.776520,0.018096,-0.971309,-0.110694,-1.242870,-0.111298,-0.942347,-0.066546,-0.693481,-0.229661,-0.972027,-0.228884,-1.343983,-0.228046,-1.590915,-0.215544,-1.809666
I,Right,legacy_asl_I_24,0.000000,0.000000,0.311837,-0.220266,0.516970,-0.575302,0.353635,-0.960386,0.067195,-1.117957,0.627958,-0.865537,0.468461,-1.186731,0.313697,-0.943842,0.321207,-0.794540,0.375172,-0.926948,0.212050,-1.255027,0.091554,-0.942338,0.086224,-0.720161,0.141592,-0.959100,-0.024744,-1.244517,-0.088606,-0.954222,-0.074522,-0.724705,-0.091807,-0.978664,-0.065889,-1.318633,-0.063218,-1.533329,-0.052552,-1.735007
I,Right,legacy_asl_I_25,0.000000,0.000000,0.346729,-0.210599,0.559941,-0.597705,0.347300,-0.923113,0.064674,-1.024523,0.368149,-0.952950,0.380909,-1.270588,0.373477,-1.036739,0.370617,-0.835191,0.125793,-0.992030,0.097213,-1.284158,0.138206,-0.965274,0.171949,-0.839019,-0.094003,-0.974323,-0.123482,-1.259978,-0.035431,-0.955316,0.004367,-0.721515,-0.329422,-0.920675,-0.397169,-1.309335,-0.402381,-1.562991,-0.404678,-1.798332
I,Right,legacy_asl_I_26,0.000000,0.000000,0.343227,-0.207858,0.546603,-0.628938,0.338037,-0.954706,0.043052,-1.031470,0.377937,-0.950520,0.420224,-1.308344,0.390669,-1.036276,0.380573,-0.846750,0.137873,-0.989159,0.150608,-1.326615,0.172461,-1.005624,0.196227,-0.859541,-0.092861,-0.966396,-0.100961,-1.258906,-0.008490,-0.941803,0.035980,-0.710108,-0.329792,-0.913137,-0.426193,-1.280923,-0.459829,-1.511674,-0.496383,-1.741429
I,Right,legacy_asl_I_27,0.000000,0.000000,0.413166,-0.272354,0.605569,-0.710051,0.438199,-1.073784,0.128487,-1.121023,0.353672,-0.999617,0.339641,-1.321321,0.295803,-1.083189,0.290123,-0.872959,0.102200,-0.994755,0.044164,-1.328089,0.037917,-1.017866,0.064406,-0.754358,-0.136252,-0.960093,-0.196765,-1.268634,-0.149502,-0.968029,-0.085608,-0.696599,-0.381023,-0.914609,-0.403341,-1.285798,-0.414702,-1.529884,-0.415124,-1.757504
I,Right,legacy_asl_I_28,0.000000,0.000000,0.369978,-0.256435,0.618000,-0.694845,0.514146,-1.080331,0.209258,-1.220782,0.194938,-0.975140,0.263302,-1.246282,0.318008,-1.010738,0.327411,-0.785725,-0.012944,-0.998972,0.044380,-1.315471,0.147114,-0.976491,0.195579,-0.676362,-0.225114,-1.005396,-0.145702,-1.352608,0.008897,-1.048239,0.089561,-0.746380,-0.471560,-0.974788,-0.444734,-1.436502,-0.396632,-1.739075,-0.358069,-1.999208
I,Right,legacy_asl_I_29,0.000000,0.000000,0.369565,-0.261401,0.584696,-0.599972,0.399880,-0.942309,0.125484,-1.077961,0.360445,-0.977392,0.399423,-1.297527,0.410816,-1.056817,0.412383,-0.854819,0.125815,-0.991200,0.127177,-1.313287,0.195447,-1.000249,0.217926,-0.800989,-0.091695,-0.973677,-0.097380,-1.270305,0.033513,-0.959910,0.089159,-0.717590,-0.319667,-0.937834,-0.353415,-1.302765,-0.328858,-1.542066,-0.318058,-1.787470
I,Right,legacy_asl_I_30,0.000000,0.000000,0.338982,-0.247509,0.515220,-0.704812,0.286425,-1.082993,-0.019106,-1.141723,0.573741,-0.918231,0.499856,-1.312083,0.393359,-1.069092,0.418354,-0.905362,0.336143,-0.940913,0.200371,-1.275927,0.135201,-0.980355,0.166058,-0.813939,0.114194,-0.933926,-0.060266,-1.200136,-0.063259,-0.912716,-0.018361,-0.700913,-0.106684,-0.915601,-0.142879,-1.286308,-0.156858,-1.517016,-0.167145,-1.727576
I,Right,legacy_asl_I_31,0.000000,0.000000,0.425607,-0.260722,0.685448,-0.668606,0.485832,-1.069021,0.156311,-1.190827,0.390892,-0.966483,0.396385,-1.283084,0.386940,-1.042883,0.380166,-0.839234,0.142128,-0.987731,0.124570,-1.315123,0.170215,-0.989099,0.194563,-0.731292,-0.085467,-0.988540,-0.102547,-1.320365,-0.019683,-1.010247,0.022366,-0.725210,-0.337031,-0.957645,-0.341391,-1.356230,-0.320051,-1.624246,-0.312428,-1.870796
I,Right,legacy_asl_I_32,0.000000,0.000000,0.438933,-0.236895,0.737072,-0.586470,0.648292,-0.936057,0.380240,-1.057418,0.483677,-0.935599,0.504573,-1.237388,0.425850,-1.073505,0.384123,-0.855313,0.234528,-0.967151,0.243698,-1.285311,0.217524,-1.021749,0.213414,-0.747321,0.024978,-0.966554,0.045162,-1.250565,0.078153,-0.972724,0.116354,-0.696610,-0.180744,-0.939444,-0.136883,-1.302930,-0.100544,-1.546429,-0.058958,-1.763043
I,Right,legacy_asl_I_33,0.000000,0.000000,0.227400,-0.232369,0.265158,-0.595646,-0.031772,-0.768762,-0.306992,-0.788773,0.136710,-1.021726,0.010856,-1.249078,0.022801,-0.965846,0.081494,-0.834868,-0.111622,-0.992620,-0.240028,-1.210446,-0.189010,-0.871472,-0.106153,-0.774242,-0.326019,-0.903698,-0.455817,-1.082435,-0.377834,-0.793974,-0.286568,-0.642626,-0.526550,-0.792448,-0.688032,-1.098881,-0.820775,-1.244345,-0.930565,-1.408592
I,Right,legacy_asl_I_34,0.000000,0.000000,0.289887,-0.238345,0.424834,-0.572475,0.164961,-0.746645,-0.121018,-0.749517,0.158418,-1.026737,0.139579,-1.309101,0.178133,-1.031609,0.184213,-0.854575,-0.085825,-0.991401,-0.115645,-1.251708,-0.014405,-0.912726,0.019202,-0.751321,-0.308254,-0.912027,-0.345891,-1.134378,-0.180817,-0.854297,-0.097823,-0.655902,-0.527257,-0.804278,-0.719896,-1.155504,-0.815791,-1.365653,-0.915486,-1.581519
I,Right,legacy_asl_I_35,0.000000,0.000000,0.339550,-0.193266,0.578543,-0.566830,0.403366,-0.902396,0.105504,-1.037284,0.446230,-0.935948,0.478679,-1.308439,0.456829,-1.099288,0.446719,-0.875809,0.155468,-0.984819,0.160502,-1.359353,0.161161,-1.069750,0.162339,-0.833075,-0.113245,-0.973224,-0.110079,-1.330722,-0.062833,-1.061717,-0.032828,-0.810962,-0.381331,-0.915651,-0.440499,-1.304462,-0.461351,-1.559812,-0.465165,-1.777896
I,Right,legacy_asl_I_36,0.000000,0.000000,0.326068,-0.256063,0.484756,-0.641997,0.248379,-0.927338,-0.042864,-1.030741,0.334041,-0.982396,0.327804,-1.334758,0.307847,-1.063167,0.319997,-0.878855,0.093671,-0.994268,0.060835,-1.301209,0.093160,-0.981084,0.141560,-0.845491,-0.132618,-0.964036,-0.190328,-1.269516,-0.105726,-0.954270,-0.041630,-0.731218,-0.363518,-0.918391,-0.451333,-1.299024,-0.498847,-1.531643,-0.538086,-1.767836
I,Right,legacy_asl_I_37,0.000000,0.000000,0.346983,-0.219113,0.548867,-0.609887,0.365164,-0.935104,0.089541,-1.027416,0.390203,-0.944818,0.427403,-1.297098,0.403851,-1.038522,0.387422,-0.848438,0.152187,-0.987343,0.154526,-1.308260,0.180085,-0.996567,0.208529,-0.868552,-0.075339,-0.967885,-0.081189,-1.249298,-0.003240,-0.937174,0.030780,-0.703239,-0.315643,-0.913497,-0.410187,-1.285837,-0.440312,-1.513512,-0.467361,-1.729353
I,Right,legacy_asl_I_38,0.000000,0.000000,0.372132,-0.251379,0.606698,-0.679035,0.402882,-1.039942,0.095299,-1.154553,0.407906,-0.962459,0.410880,-1.271229,0.358207,-1.036842,0.336047,-0.860198,0.148346,-0.988360,0.113362,-1.271182,0.117355,-0.973780,0.147073,-0.786812,-0.094161,-0.975170,-0.136611,-1.270842,-0.080765,-0.951216,-0.024902,-0.694403,-0.350961,-0.936897,-0.327997,-1.311780,-0.320403,-1.559248,-0.313613,-1.808092
I,Right,legacy_asl_I_39,0.000000,0.000000,0.325866,-0.177088,0.525493,-0.561202,0.310526,-0.913765,0.012599,-1.044243,0.640253,-0.848846,0.681380,-1.160110,0.557532,-0.913891,0.528901,-0.783325,0.394178,-0.919031,0.371982,-1.210849,0.275776,-0.887743,0.285581,-0.731070,0.167085,-0.944025,0.089381,-1.141073,0.038707,-0.835470,0.047736,-0.645021,-0.074783,-0.958763,-0.000353,-1.328077,0.006975,-1.557061,0.022603,-1.775840
I,Right,legacy_asl_I_40,0.000000,0.000000,0.377236,-0.171404,0.668114,-0.580466,0.499621,-0.988757,0.205715,-1.142725,0.609472,-0.859750,0.598949,-1.187250,0.475367,-0.970190,0.428475,-0.800892,0.367671,-0.929955,0.297078,-1.244997,0.208115,-0.977802,0.182285,-0.774323,0.147484,-0.971544,0.050578,-1.277703,0.002423,-0.994698,-0.003117,-0.748763,-0.090165,-0.999133,-0.054170,-1.355937,-0.029397,-1.588762,-0.001810,-1.807454
I,Right,legacy_asl_I_41,0.000000,0.000000,0.306879,-0.244651,0.464585,-0.589296,0.226264,-0.808409,-0.070410,-0.798572,0.203787,-1.013595,0.202194,-1.285925,0.245004,-0.992224,0.255600,-0.814581,-0.030580,-0.990683,-0.052491,-1.264087,0.053978,-0.912315,0.091196,-0.752752,-0.253428,-0.917986,-0.282870,-1.127876,-0.099576,-0.827185,-0.010397,-0.624268,-0.466229,-0.813465,-0.666048,-1.158417,-0.746250,-1.376618,-0.834097,-1.600402
I,Right,legacy_asl_I_42,0.000000,0.000000,0.342635,-0.285841,0.560618,-0.676016,0.401510,-1.023650,0.116110,-1.142082,0.398845,-0.978219,0.386756,-1.344391,0.325146,-1.086584,0.327243,-0.888166,0.157293,-0.987521,0.087721,-1.302754,0.088519,-1.008926,0.130085,-0.827030,-0.057114,-0.964781,-0.145955,-1.254578,-0.088300,-0.962383,-0.023353,-0.735776,-0.269950,-0.932576,-0.292449,-1.287170,-0.292230,-1.524997,-0.291782,-1.766095
I,Right,legacy_asl_I_43,0.000000,0.000000,0.327514,-0.234583,0.492901,-0.593074,0.282702,-0.863858,-0.002814,-0.958680,0.400168,-0.969685,0.362762,-1.235403,0.320520,-0.995953,0.338964,-0.822898,0.146981,-0.988694,0.108231,-1.256511,0.100543,-0.976304,0.118916,-0.786818,-0.085781,-0.961189,-0.159856,-1.205636,-0.109035,-0.907640,-0.055306,-0.676826,-0.312399,-0.904392,-0.383514,-1.227950,-0.409584,-1.430139,-0.417872,-1.631357
I,Right,legacy_asl_I_44,0.000000,0.000000,0.431827,-0.230619,0.636913,-0.672276,0.410990,-1.070095,0.061465,-1.131665,0.534091,-0.920546,0.481185,-1.265324,0.414019,-1.006519,0.425516,-0.814855,0.262052,-0.960103,0.163561,-1.281957,0.144715,-0.966017,0.174909,-0.765495,0.015658,-0.968854,-0.086477,-1.255380,-0.051402,-0.938307,-0.007820,-0.674761,-0.232786,-0.964060,-0.240808,-1.337695,-0.231219,-1.580649,-0.213211,-1.798749
I,Right,legacy_asl_I_45,0.000000,0.000000,0.288841,-0.236439,0.443062,-0.611089,0.238410,-0.898218,-0.036287,-1.005458,0.310913,-0.973420,0.316913,-1.299022,0.285400,-1.013319,0.283236,-0.834254,0.070954,-0.992774,0.055665,-1.282041,0.067963,-0.928700,0.111825,-0.905295,-0.153546,-0.958209,-0.198069,-1.212204,-0.120633,-0.878475,-0.065455,-0.669399,-0.377369,-0.894338,-0.479817,-1.248246,-0.528635,-1.451003,-0.577464,-1.670867
I,Right,legacy_asl_I_46,0.000000,0.000000,0.415538,-0.237846,0.674934,-0.633308,0.560520,-1.015829,0.267266,-1.118253,0.436610,-0.950063,0.477893,-1.285827,0.418364,-1.093394,0.374887,-0.911531,0.196606,-0.980092,0.184862,-1.309394,0.182092,-1.029752,0.190189,-0.810187,-0.025582,-0.976367,-0.028236,-1.271101,0.021209,-0.968998,0.053915,-0.714863,-0.257348,-0.954502,-0.235514,-1.321317,-0.205373,-1.559909,-0.177671,-1.793213
I,Right,legacy_asl_I_47,0.000000,0.000000,0.384898,-0.263547,0.583916,-0.709160,0.409496,-1.067462,0.098170,-1.099570,0.340721,-1.005812,0.317290,-1.320465,0.246178,-1.091378,0.239631,-0.879563,0.088720,-0.995923,0.009250,-1.318588,-0.036671,-1.011893,-0.012243,-0.729389,-0.134451,-0.963359,-0.229020,-1.253469,-0.226554,-0.999891,-0.172555,-0.752179,-0.350633,-0.920531,-0.408722,-1.287179,-0.441437,-1.518712,-0.444756,-1.721016
I,Right,legacy_asl_I_48,0.000000,0.000000,0.398826,-0.262961,0.634653,-0.632400,0.496029,-0.997030,0.203516,-1.129338,0.420670,-0.952101,0.451002,-1.280842,0.395161,-1.045046,0.375866,-0.860883,0.183920,-0.982637,0.167022,-1.296137,0.158742,-0.995497,0.175665,-0.789555,-0.043333,-0.979321,-0.070431,-1.280906,-0.029408,-0.974594,0.015347,-0.719216,-0.283221,-0.956514,-0.247187,-1.318741,-0.227844,-1.561373,-0.208322,-1.790393
I,Right,legacy_asl_I_49,0.000000,0.000000,0.411738,-0.127313,0.628594,-0.613751,0.389690,-1.048801,0.027821,-1.142106,0.518293,-0.912692,0.446795,-1.208635,0.340462,-0.950842,0.301277,-0.772976,0.242898,-0.970033,0.168834,-1.280031,0.114446,-0.951897,0.090702,-0.705063,-0.002080,-0.987339,-0.100440,-1.343969,-0.092399,-1.080510,-0.080038,-0.824845,-0.245517,-0.981419,-0.274496,-1.354241,-0.289837,-1.575945,-0.299471,-1.763526
I,Right,legacy_asl_I_50,0.000000,0.000000,-0.317481,-0.317477,-0.396730,-0.825081,-0.385210,-1.240276,-0.506134,-1.484427,-0.193471,-0.994073,-0.191654,-1.326313,-0.188403,-1.153081,-0.167050,-0.925902,0.068568,-0.996570,0.037463,-1.375970,-0.003480,-1.118043,0.016191,-0.841355,0.315665,-0.938221,0.345086,-1.383873,0.243938,-1.156830,0.206576,-0.877069,0.522209,-0.807711,0.528676,-1.106123,0.379893,-1.055168,0.272385,-0.938224
I,Right,legacy_asl_I_51,0.000000,0.000000,0.354578,-0.089733,0.524179,-0.450695,0.280646,-0.698156,-0.043446,-0.712069,0.402724,-0.887762,0.484086,-1.247099,0.412348,-0.912630,0.338376,-0.713134,0.136019,-0.956294,0.214257,-1.293114,0.148136,-0.905254,0.096404,-0.770886,-0.111675,-0.954144,-0.063628,-1.314299,-0.101996,-0.969936,-0.159253,-0.763958,-0.357115,-0.905007,-0.345344,-1.327661,-0.334910,-1.552203,-0.328862,-1.782131
I,Right,legacy_asl_I_52,0.000000,0.000000,0.322965,-0.152041,0.484155,-0.557770,0.241713,-0.828237,-0.055072,-0.880395,0.334296,-0.963708,0.314798,-1.288141,0.299433,-0.980969,0.305482,-0.825891,0.089436,-0.992806,0.064550,-1.270164,0.073270,-0.912118,0.110258,-0.843675,-0.127921,-0.949526,-0.164789,-1.205510,-0.128232,-0.868129,-0.077829,-0.665801,-0.340009,-0.868211,-0.379495,-1.240711,-0.406413,-1.440811,-0.419517,-1.641490
I,Right,legacy_asl_I_53,0.000000,0.000000,0.387090,-0.195333,0.652978,-0.609503,0.484973,-1.012282,0.184071,-1.144014,0.593573,-0.869670,0.598058,-1.216174,0.468604,-0.997968,0.420783,-0.815744,0.350221,-0.936255,0.283441,-1.272670,0.186349,-1.026745,0.157714,-0.815032,0.130317,-0.972157,0.030884,-1.272315,-0.017990,-1.007520,-0.022648,-0.757198,-0.096462,-0.994042,-0.072112,-1.346317,-0.060165,-1.578836,-0.045365,-1.785108
I,Right,legacy_asl_I_54,0.000000,0.000000,0.363999,-0.111242,0.599549,-0.481181,0.438875,-0.789429,0.181685,-0.916583,0.462606,-0.940175,0.480741,-1.291335,0.468676,-1.163008,0.459922,-0.954795,0.165642,-0.983178,0.172104,-1.367351,0.173866,-1.113429,0.176579,-0.843263,-0.112999,-0.961480,-0.115178,-1.274374,-0.054342,-1.011641,-0.001925,-0.748261,-0.393117,-0.891793,-0.474226,-1.304488,-0.518667,-1.574533,-0.540189,-1.810725
I,Right,legacy_asl_I_55,0.000000,0.000000,0.422655,-0.202169,0.680337,-0.621834,0.531549,-0.996714,0.229876,-1.102816,0.550391,-0.904549,0.537461,-1.205077,0.437109,-1.011932,0.391866,-0.841922,0.294051,-0.954796,0.234194,-1.266940,0.182902,-1.023256,0.180053,-0.816625,0.059313,-0.967418,-0.010454,-1.252458,-0.024236,-0.958456,-0.003972,-0.691378,-0.177823,-0.968187,-0.146278,-1.341122,-0.120185,-1.598398,-0.087881,-1.830760
I,Right,legacy_asl_I_56,0.000000,0.000000,0.294588,-0.227322,0.423240,-0.578186,0.171787,-0.773790,-0.114605,-0.779313,0.179414,-1.014308,0.137706,-1.313230,0.183912,-1.024925,0.196775,-0.861245,-0.067532,-0.992185,-0.128617,-1.290131,-0.037240,-0.945224,-0.001752,-0.822202,-0.298662,-0.912835,-0.354611,-1.145487,-0.206184,-0.837929,-0.130190,-0.638481,-0.520873,-0.800709,-0.728320,-1.150620,-0.831530,-1.359026,-0.935188,-1.578881
I,Right,legacy_asl_I_57,0.000000,0.000000,0.403394,-0.197736,0.634877,-0.572407,0.416891,-0.931207,0.104049,-1.020031,0.537655,-0.900756,0.559063,-1.253180,0.502156,-0.994888,0.487608,-0.812238,0.271487,-0.961649,0.253782,-1.305140,0.237784,-1.006423,0.261118,-0.833125,0.019957,-0.971527,0.000932,-1.316649,0.025444,-1.050638,0.044332,-0.821357,-0.229204,-0.944493,-0.250847,-1.324771,-0.249683,-1.562646,-0.248616,-1.769140
I,Right,legacy_asl_I_58,0.000000,0.000000,-0.081091,-0.306989,-0.059549,-0.770207,-0.052890,-1.233632,-0.035175,-1.640486,0.375034,-0.266239,0.594802,-0.606364,0.595564,-0.827490,0.560822,-1.024366,0.512628,-0.086603,0.596637,-0.566234,0.521547,-0.770377,0.426599,-0.901415,0.497920,0.020212,0.585070,-0.573158,0.533502,-0.774622,0.492960,-0.890183,0.432221,0.100592,0.449891,-0.353749,0.399065,-0.651049,0.390026,-0.887234
I,Right,legacy_asl_I_59,0.000000,0.000000,0.283380,-0.262494,0.374224,-0.632189,0.093635,-0.768731,-0.185456,-0.709616,0.042055,-1.034048,-0.007410,-1.319229,0.079723,-1.047459,0.118869,-0.892281,-0.195334,-0.974844,-0.252637,-1.240541,-0.103632,-0.912446,-0.049612,-0.772283,-0.408355,-0.871478,-0.462282,-1.075687,-0.264988,-0.771295,-0.176939,-0.580168,-0.612508,-0.750125,-0.860754,-1.075997,-0.979898,-1.278643,-1.120535,-1.516827
I,Right,legacy_asl_I_60,0.000000,0.000000,0.345806,-0.213696,0.579175,-0.600873,0.374164,-0.972086,0.091649,-1.137349,0.444023,-0.939322,0.514933,-1.273535,0.450320,-1.093746,0.396255,-0.889302,0.168841,-0.985564,0.193049,-1.346318,0.182729,-1.074913,0.168422,-0.833874,-0.084275,-0.973730,-0.073125,-1.295469,-0.022183,-1.002175,0.001517,-0.731510,-0.358921,-0.914104,-0.391229,-1.268761,-0.373243,-1.499053,-0.346653,-1.703557
I,Right,legacy_asl_I_61,0.000000,0.000000,0.380547,-0.236613,0.646018,-0.625764,0.495403,-0.998803,0.215108,-1.106522,0.459812,-0.940772,0.507971,-1.234256,0.456809,-1.018972,0.426462,-0.841930,0.216128,-0.975570,0.238382,-1.266999,0.239290,-0.981359,0.248966,-0.815537,-0.003231,-0.967675,0.008372,-1.238607,0.053047,-0.922642,0.070834,-0.679441,-0.238325,-0.937025,-0.217841,-1.312256,-0.173210,-1.551253,-0.127336,-1.782553
I,Right,legacy_asl_I_62,0.000000,0.000000,0.405653,-0.257709,0.574184,-0.727082,0.346558,-1.089353,0.012465,-1.090107,0.322936,-0.999136,0.308201,-1.314892,0.277855,-1.057975,0.295346,-0.876249,0.064380,-0.997830,0.005938,-1.321222,0.006568,-1.003953,0.042393,-0.760472,-0.164554,-0.971778,-0.239928,-1.265494,-0.189471,-0.982976,-0.126463,-0.736621,-0.385384,-0.932067,-0.428848,-1.290409,-0.453455,-1.526173,-0.465256,-1.736955
I,Right,legacy_asl_I_63,0.000000,0.000000,0.304113,-0.233135,0.471602,-0.580712,0.249529,-0.854195,-0.014369,-0.979793,0.314736,-0.992459,0.291158,-1.279999,0.251506,-1.015485,0.264113,-0.829358,0.061081,-0.996660,0.030118,-1.285743,0.045524,-0.959450,0.095466,-0.800552,-0.170911,-0.954499,-0.222011,-1.200904,-0.135836,-0.907103,-0.057482,-0.704815,-0.394895,-0.890024,-0.484589,-1.234601,-0.533268,-1.435367,-0.572296,-1.653302
I,Right,legacy_asl_I_64,0.000000,0.000000,0.368170,-0.286415,0.559940,-0.709657,0.287758,-0.944771,-0.032327,-0.945149,0.219621,-1.032210,0.205776,-1.301610,0.239099,-1.003854,0.263304,-0.838082,-0.032775,-0.999174,-0.060959,-1.252297,0.037573,-0.908507,0.098168,-0.739845,-0.258700,-0.932841,-0.312397,-1.154629,-0.168275,-0.839035,-0.083713,-0.630654,-0.495225,-0.855597,-0.606303,-1.227570,-0.659715,-1.454268,-0.719910,-1.689739
I,Right,legacy_asl_I_65,0.000000,0.000000,0.409122,-0.145785,0.661806,-0.561220,0.471577,-0.906729,0.172297,-0.993350,0.550452,-0.900543,0.585501,-1.220206,0.522765,-0.959418,0.501181,-0.787774,0.298242,-0.954475,0.307432,-1.271172,0.277537,-0.956895,0.274813,-0.761597,0.053612,-0.957132,0.031731,-1.265950,0.066356,-0.956258,0.094266,-0.705679,-0.199862,-0.940617,-0.221670,-1.309700,-0.226210,-1.554742,-0.221562,-1.783422
I,Right,legacy_asl_I_66,0.000000,0.000000,0.411558,-0.203512,0.649236,-0.601079,0.514570,-0.993528,0.221930,-1.104284,0.491617,-0.917671,0.587136,-1.243500,0.516463,-0.997391,0.477340,-0.799967,0.266522,-0.962421,0.300256,-1.289188,0.270130,-0.974565,0.259291,-0.752531,0.042912,-0.976613,0.045842,-1.269151,0.077319,-0.942576,0.089566,-0.675552,-0.197514,-0.979656,-0.154760,-1.331545,-0.113146,-1.568332,-0.081029,-1.797542
I,Right,legacy_asl_I_67,0.000000,0.000000,0.337132,-0.258502,0.517803,-0.664239,0.269956,-0.990150,-0.017448,-1.113617,0.496601,-0.921508,0.553263,-1.307802,0.432748,-1.128468,0.369813,-0.938836,0.239285,-0.970235,0.242783,-1.370837,0.164062,-1.128133,0.148032,-0.901949,-0.016090,-0.982790,-0.055873,-1.346506,-0.071970,-1.099115,-0.056993,-0.836190,-0.295003,-0.959742,-0.328730,-1.331036,-0.349325,-1.580011,-0.342911,-1.784566
I,Right,legacy_asl_I_68,0.000000,0.000000,0.422668,-0.213188,0.677879,-0.623877,0.523088,-1.028860,0.218865,-1.128810,0.488085,-0.941634,0.484123,-1.272414,0.412884,-1.009409,0.397539,-0.807946,0.231925,-0.971395,0.188647,-1.290845,0.178646,-0.950336,0.179948,-0.715903,-0.000502,-0.967789,-0.057639,-1.273885,0.016977,-0.967194,0.065378,-0.700946,-0.239281,-0.945951,-0.235703,-1.331149,-0.202078,-1.573387,-0.178214,-1.795170
I,Right,legacy_asl_I_69,0.000000,0.000000,0.321582,-0.186511,0.481909,-0.599009,0.235521,-0.853817,-0.049524,-0.900455,0.328554,-0.966888,0.311200,-1.301497,0.276980,-0.992147,0.275980,-0.826725,0.086228,-0.992837,0.059830,-1.285692,0.051701,-0.919126,0.084984,-0.833207,-0.133865,-0.949373,-0.162651,-1.217648,-0.143247,-0.879199,-0.100423,-0.656383,-0.342164,-0.863694,-0.391798,-1.242939,-0.412519,-1.446964,-0.411724,-1.639147
I,Right,legacy_asl_I_70,0.012604,-0.021699,0.384579,-0.242172,0.546173,-0.700397,0.342355,-1.080617,0.009985,-1.127358,0.506593,-0.896151,0.440331,-1.282786,0.344649,-1.003308,0.347019,-0.822195,0.252568,-0.959707,0.155496,-1.260682,0.104921,-0.932533,0.116560,-0.769338,0.007540,-0.975174,-0.126938,-1.233857,-0.097319,-0.932927,-0.051616,-0.690763,-0.209156,-0.952011,-0.213478,-1.289902,-0.243989,-1.531992,-0.191006,-1.726368
I,Right,legacy_asl_I_71,0.000000,0.000000,0.363409,-0.247778,0.540684,-0.672422,0.340445,-1.038578,0.021026,-1.062362,0.495609,-0.897979,0.427144,-1.239678,0.334991,-0.979684,0.346190,-0.805327,0.249451,-0.934367,0.129080,-1.223564,0.085415,-0.917073,0.115790,-0.744089,0.025443,-0.937329,-0.100895,-1.196190,-0.099156,-0.892330,-0.057072,-0.659642,-0.200639,-0.926709,-0.209759,-1.267228,-0.211801,-1.489581,-0.198545,-1.683238
I,Right,legacy_asl_I_72,0.000000,0.000000,0.374325,-0.256305,0.556305,-0.694657,0.349027,-1.071912,0.019520,-1.095792,0.509353,-0.927210,0.438040,-1.279508,0.343521,-1.011155,0.355427,-0.831342,0.255386,-0.964240,0.130642,-1.262281,0.086230,-0.946068,0.117912,-0.767710,0.024332,-0.966838,-0.106505,-1.233577,-0.104091,-0.920171,-0.060211,-0.680256,-0.208834,-0.955424,-0.218935,-1.306625,-0.221495,-1.535962,-0.208217,-1.735732
I,Right,legacy_asl_I_73,0.024982,0.008854,0.367077,-0.287852,0.555489,-0.724939,0.359963,-1.061607,0.023783,-1.087608,0.527758,-0.904738,0.431525,-1.266136,0.338562,-1.019656,0.379130,-0.849978,0.254828,-0.961458,0.113607,-1.253686,0.111252,-0.952111,0.130766,-0.769210,0.025902,-0.964247,-0.090393,-1.232212,-0.126830,-0.936199,-0.043400,-0.685927,-0.208045,-0.935962,-0.214877,-1.317280,-0.222051,-1.554141,-0.194947,-1.733735
I,Right,legacy_asl_I_74,0.000000,0.000000,0.387112,-0.263938,0.575948,-0.716279,0.362650,-1.106316,0.022397,-1.131651,0.527933,-0.956546,0.455003,-1.320532,0.356839,-1.043580,0.368769,-0.857852,0.265721,-0.995308,0.137499,-1.303367,0.090986,-0.976886,0.123342,-0.792620,0.027103,-0.998463,-0.107475,-1.274207,-0.105623,-0.950529,-0.060794,-0.702665,-0.213725,-0.987151,-0.223440,-1.349878,-0.225615,-1.586734,-0.211495,-1.793021
I,Right,legacy_asl_I_75,0.000000,0.000000,0.385168,-0.239702,0.586131,-0.669682,0.395537,-1.055635,0.067389,-1.093892,0.549386,-0.904065,0.493538,-1.259143,0.387381,-0.995177,0.391418,-0.815015,0.297280,-0.952159,0.185680,-1.255365,0.127491,-0.941396,0.151349,-0.761823,0.066560,-0.964851,-0.052494,-1.237052,-0.063780,-0.923841,-0.030425,-0.682238,-0.166882,-0.963637,-0.161625,-1.314945,-0.154160,-1.544174,-0.132165,-1.743173
I,Right,legacy_asl_I_76,0.010621,-0.017988,0.344843,-0.261307,0.538278,-0.711270,0.348989,-1.077826,0.029112,-1.110558,0.536617,-0.939951,0.435902,-1.272315,0.362722,-0.995675,0.358702,-0.850450,0.250054,-0.971223,0.156405,-1.246508,0.077852,-0.953427,0.148624,-0.766131,0.027611,-0.987872,-0.108848,-1.230876,-0.116463,-0.905256,-0.057389,-0.672246,-0.207311,-0.960975,-0.210032,-1.322579,-0.234471,-1.538524,-0.213925,-1.753448
I,Right,legacy_asl_I_77,0.000000,0.000000,0.367321,-0.250444,0.546503,-0.679660,0.344110,-1.049757,0.021252,-1.073797,0.500943,-0.907644,0.431742,-1.253021,0.338596,-0.990228,0.349916,-0.813995,0.252136,-0.944424,0.130470,-1.236734,0.086335,-0.926944,0.117037,-0.752098,0.025717,-0.947418,-0.101981,-1.209065,-0.100223,-0.901935,-0.057686,-0.666742,-0.202798,-0.936684,-0.212016,-1.280867,-0.214081,-1.505614,-0.200682,-1.701355
I,Right,legacy_asl_I_78,0.000000,0.000000,0.350432,-0.288113,0.493310,-0.740722,0.253779,-1.098367,-0.076552,-1.093289,0.426166,-0.968267,0.324264,-1.312964,0.253617,-1.037362,0.281230,-0.859283,0.169931,-0.982906,0.019557,-1.268872,0.003017,-0.949985,0.050203,-0.775088,-0.060463,-0.965252,-0.214163,-1.219503,-0.184304,-0.907514,-0.119574,-0.672366,-0.291732,-0.933455,-0.332561,-1.282422,-0.355202,-1.510653,-0.359477,-1.710817
I,Right,legacy_asl_I_79,-0.014226,0.001242,0.386084,-0.266004,0.560144,-0.698238,0.356068,-1.050170,0.011648,-1.125449,0.513413,-0.929436,0.432233,-1.268110,0.310725,-1.010296,0.356884,-0.820397,0.263761,-0.967088,0.124147,-1.263403,0.100974,-0.951405,0.121285,-0.770236,0.004041,-0.949297,-0.120412,-1.232692,-0.114609,-0.911640,-0.080443,-0.726267,-0.195440,-0.948792,-0.207889,-1.332720,-0.225111,-1.535089,-0.196196,-1.757041
I,Right,legacy_asl_I_80,0.000000,0.000000,0.372789,-0.254173,0.554639,-0.689777,0.349232,-1.065383,0.021569,-1.089781,0.508400,-0.921155,0.438169,-1.271674,0.343637,-1.004969,0.355125,-0.826112,0.255890,-0.958483,0.132412,-1.255144,0.087620,-0.940742,0.118779,-0.763294,0.026100,-0.961521,-0.103499,-1.227063,-0.101715,-0.915361,-0.058545,-0.676667,-0.205817,-0.950627,-0.215173,-1.299935,-0.217267,-1.528027,-0.203670,-1.726682
I,Right,legacy_asl_I_81,0.000000,0.000000,0.347799,-0.291287,0.486556,-0.745176,0.243784,-1.100629,-0.086487,-1.092548,0.417346,-0.972101,0.312315,-1.315857,0.244177,-1.039625,0.273408,-0.861804,0.160989,-0.984411,0.008021,-1.268998,-0.005619,-0.949973,0.043155,-0.775512,-0.069234,-0.964663,-0.225240,-1.217506,-0.192545,-0.905802,-0.125681,-0.671251,-0.300205,-0.930765,-0.344205,-1.279346,-0.368920,-1.507361,-0.375014,-1.707479
I,Right,legacy_asl_I_82,0.001969,0.002862,0.408237,-0.162389,0.720751,-0.570618,0.489838,-0.952756,0.213153,-1.087708,0.562968,-0.884920,0.592668,-1.230273,0.530969,-1.022019,0.460207,-0.811638,0.328302,-0.925530,0.320502,-1.307828,0.261739,-1.025476,0.218066,-0.781727,0.077262,-0.982267,0.033845,-1.344285,0.071094,-1.070064,0.087619,-0.812908,-0.176734,-1.004968,-0.177182,-1.334667,-0.185759,-1.603187,-0.162846,-1.781745
I,Right,legacy_asl_I_83,0.000000,0.000000,0.410202,-0.160727,0.668701,-0.547995,0.496691,-0.918371,0.207066,-1.034271,0.565296,-0.845580,0.605516,-1.197344,0.519710,-0.975635,0.469401,-0.775093,0.315205,-0.917061,0.317957,-1.276561,0.260674,-1.002835,0.232453,-0.767530,0.072524,-0.947576,0.055633,-1.293649,0.069042,-1.043758,0.081010,-0.783299,-0.171924,-0.945304,-0.172987,-1.300793,-0.171926,-1.539810,-0.168291,-1.731203
I,Right,legacy_asl_I_84,0.000000,0.000000,0.423787,-0.163477,0.692402,-0.561341,0.517075,-0.944129,0.219105,-1.065195,0.587410,-0.868709,0.630789,-1.231155,0.541119,-1.003042,0.488161,-0.796559,0.329959,-0.943765,0.334750,-1.314389,0.274203,-1.032493,0.243829,-0.790050,0.079923,-0.976545,0.064390,-1.333433,0.076856,-1.075726,0.087779,-0.807131,-0.172112,-0.975531,-0.171275,-1.342042,-0.168882,-1.588460,-0.164093,-1.785764
I,Right,legacy_asl_I_85,-0.023791,0.003314,0.435553,-0.182667,0.696192,-0.538751,0.499496,-0.945884,0.197681,-1.055108,0.608271,-0.871851,0.625391,-1.232375,0.532277,-1.001692,0.456387,-0.769458,0.349073,-0.944279,0.300820,-1.302719,0.235785,-1.036325,0.233742,-0.775459,0.060119,-0.964936,0.048958,-1.331692,0.105329,-1.064437,0.077643,-0.813183,-0.181676,-0.970174,-0.201195,-1.377739,-0.173352,-1.591599,-0.163105,-1.775339
I,Right,legacy_asl_I_86,0.000000,0.000000,0.410355,-0.160787,0.668952,-0.548200,0.496877,-0.918715,0.207143,-1.034658,0.565507,-0.845896,0.605743,-1.197792,0.519905,-0.976001,0.469577,-0.775383,0.315323,-0.917405,0.318076,-1.277039,0.260771,-1.003210,0.232540,-0.767818,0.072551,-0.947931,0.055654,-1.294133,0.069068,-1.044149,0.081040,-0.783592,-0.171988,-0.945657,-0.173052,-1.301280,-0.171990,-1.540386,-0.168354,-1.731851
I,Right,legacy_asl_I_87,0.000000,0.000000,0.426347,-0.156679,0.701291,-0.550196,0.532108,-0.935739,0.236112,-1.061554,0.601228,-0.859204,0.650398,-1.220909,0.557091,-0.994260,0.500837,-0.788651,0.345010,-0.938368,0.355728,-1.308868,0.290680,-1.027976,0.256433,-0.786050,0.095530,-0.975142,0.085706,-1.332233,0.094050,-1.074359,0.100675,-0.805624,-0.156489,-0.978159,-0.149791,-1.344610,-0.143457,-1.590957,-0.135514,-1.788159
I,Right,legacy_asl_I_88,-0.011367,0.009094,0.414962,-0.181396,0.690550,-0.572768,0.498776,-0.948192,0.229921,-1.081807,0.574231,-0.880195,0.619915,-1.228737,0.532680,-1.023572,0.474193,-0.765170,0.324229,-0.941216,0.334994,-1.314029,0.288731,-1.016996,0.257940,-0.784165,0.059131,-0.979740,0.057462,-1.319892,0.066825,-1.078026,0.073990,-0.784886,-0.136989,-0.961477,-0.176750,-1.324357,-0.180780,-1.563775,-0.158839,-1.774301
I,Right,legacy_asl_I_89,0.000000,0.000000,0.442370,-0.173331,0.721141,-0.590969,0.535641,-0.990390,0.223304,-1.115379,0.609626,-0.911890,0.653001,-1.291240,0.560466,-1.052145,0.506212,-0.835876,0.339924,-0.988978,0.342892,-1.376669,0.281116,-1.081477,0.250682,-0.827720,0.078212,-1.021885,0.059995,-1.395097,0.074456,-1.125610,0.087363,-0.844725,-0.185406,-1.019435,-0.186553,-1.402802,-0.185409,-1.660562,-0.181488,-1.866964
I,Right,legacy_asl_I_90,0.000000,0.000000,0.408900,-0.197789,0.643872,-0.616403,0.437647,-0.983469,0.130727,-1.079610,0.513948,-0.914091,0.527361,-1.278877,0.456762,-1.044161,0.420971,-0.834021,0.251195,-0.967712,0.225478,-1.337474,0.188329,-1.051552,0.178003,-0.807432,-0.000690,-0.979810,-0.045533,-1.334210,-0.011907,-1.078402,0.021077,-0.811616,-0.251787,-0.958064,-0.281107,-1.323401,-0.298995,-1.569180,-0.310455,-1.766209
I,Right,legacy_asl_I_91,0.002225,0.003531,0.443480,-0.174225,0.715979,-0.592659,0.509606,-0.951372,0.210461,-1.083231,0.563610,-0.859195,0.616478,-1.245444,0.524626,-1.022328,0.476890,-0.812712,0.331469,-0.933754,0.301321,-1.317379,0.267074,-1.016174,0.234571,-0.779194,0.074085,-0.944651,0.054368,-1.329884,0.042929,-1.060772,0.101720,-0.806660,-0.196140,-0.963522,-0.167065,-1.315797,-0.174345,-1.565162,-0.142443,-1.790302
I,Right,legacy_asl_I_92,0.000000,0.000000,0.435682,-0.170711,0.710239,-0.582035,0.527544,-0.975418,0.219928,-1.098517,0.600410,-0.898105,0.643129,-1.271720,0.551993,-1.036239,0.498559,-0.823240,0.334785,-0.974027,0.337708,-1.355857,0.276866,-1.065128,0.246892,-0.815207,0.077029,-1.006437,0.059088,-1.374007,0.073331,-1.108593,0.086042,-0.831955,-0.182603,-1.004023,-0.183732,-1.381595,-0.182606,-1.635459,-0.178744,-1.838740
I,Right,legacy_asl_I_93,0.000000,0.000000,0.429994,-0.146373,0.714328,-0.533160,0.554472,-0.922662,0.261590,-1.055565,0.621730,-0.844486,0.679591,-1.204904,0.580856,-0.980566,0.519671,-0.776370,0.367491,-0.929793,0.387122,-1.299928,0.315334,-1.020683,0.275275,-0.779651,0.118969,-0.972560,0.117742,-1.329785,0.119877,-1.071785,0.120034,-0.802968,-0.132904,-0.981641,-0.117390,-1.347825,-0.105129,-1.593949,-0.092443,-1.790903
I,Right,legacy_asl_I_94,-0.011199,-0.024302,0.318270,-0.241410,0.441609,-0.600388,0.193311,-0.762114,-0.070161,-0.772993,0.143814,-1.051082,0.196208,-1.297930,0.211065,-0.981813,0.204557,-0.829738,-0.047992,-0.976123,-0.068276,-1.242527,0.003843,-0.901024,0.068402,-0.739575,-0.274870,-0.891129,-0.299870,-1.139510,-0.157176,-0.792332,-0.067902,-0.618509,-0.515862,-0.851375,-0.677685,-1.195881,-0.745700,-1.403439,-0.846420,-1.621618
I,Right,legacy_asl_I_95,0.000000,0.000000,0.297462,-0.246930,0.437250,-0.583337,0.190385,-0.763009,-0.083056,-0.733986,0.172590,-1.016662,0.182925,-1.282723,0.220006,-0.987125,0.217008,-0.820672,-0.058627,-0.982051,-0.062209,-1.233869,0.028819,-0.882343,0.051645,-0.736528,-0.275865,-0.911819,-0.293116,-1.111977,-0.131890,-0.799184,-0.060118,-0.602320,-0.489518,-0.824424,-0.661878,-1.170346,-0.739454,-1.374315,-0.829291,-1.605297
I,Right,legacy_asl_I_96,0.000000,0.000000,0.287060,-0.265908,0.409849,-0.613581,0.150481,-0.781601,-0.124278,-0.737241,0.118556,-1.036977,0.114380,-1.306440,0.168101,-1.009732,0.174218,-0.841341,-0.113222,-0.989291,-0.130681,-1.243594,-0.019365,-0.893326,0.011718,-0.747212,-0.328914,-0.906372,-0.357349,-1.107714,-0.177215,-0.800449,-0.093860,-0.605432,-0.540040,-0.806304,-0.733248,-1.146439,-0.822859,-1.348318,-0.926348,-1.576823
I,Right,legacy_asl_I_97,-0.001899,0.004400,0.283604,-0.245427,0.437329,-0.600634,0.171636,-0.776691,-0.060182,-0.733769,0.151310,-1.031309,0.183709,-1.298344,0.239813,-1.007768,0.187308,-0.827042,-0.040503,-0.996348,-0.081879,-1.231300,0.035840,-0.893936,0.055763,-0.717650,-0.289352,-0.906952,-0.282258,-1.137302,-0.118610,-0.795557,-0.041539,-0.618027,-0.475077,-0.851310,-0.670035,-1.181132,-0.713940,-1.404734,-0.828802,-1.633418
I,Right,legacy_asl_I_98,0.000000,0.000000,0.291859,-0.242278,0.429014,-0.572349,0.186799,-0.748638,-0.081491,-0.720161,0.169339,-0.997512,0.179480,-1.258562,0.215862,-0.968532,0.212920,-0.805214,-0.057523,-0.963554,-0.061037,-1.210628,0.028276,-0.865723,0.050673,-0.722655,-0.270669,-0.894644,-0.287595,-1.091032,-0.129405,-0.784131,-0.058986,-0.590975,-0.480297,-0.808895,-0.649411,-1.148301,-0.725526,-1.348429,-0.813671,-1.575060
I,Right,legacy_asl_I_99,0.000000,0.000000,0.306724,-0.242962,0.455977,-0.580123,0.210348,-0.767657,-0.067014,-0.744633,0.198226,-1.024736,0.214857,-1.293718,0.245521,-0.993748,0.238625,-0.825387,-0.036541,-0.995078,-0.034323,-1.249971,0.049631,-0.892157,0.069346,-0.744080,-0.257989,-0.929051,-0.270801,-1.131987,-0.114916,-0.811738,-0.046859,-0.610870,-0.476207,-0.845575,-0.642590,-1.199605,-0.716356,-1.407797,-0.801902,-1.643607
I,Right,legacy_asl_I_100,0.014892,0.021985,0.302768,-0.269613,0.423647,-0.612812,0.195698,-0.785521,-0.064481,-0.742365,0.154296,-1.036185,0.186983,-1.285749,0.240292,-0.987811,0.220351,-0.825623,-0.059880,-0.987999,-0.059478,-1.271285,0.023204,-0.887750,0.042901,-0.717681,-0.273980,-0.920261,-0.282495,-1.109980,-0.152242,-0.819021,-0.055962,-0.608519,-0.502355,-0.859485,-0.707519,-1.189596,-0.742023,-1.411135,-0.810036,-1.637691
I,Right,legacy_asl_I_101,0.000000,0.000000,0.282438,-0.234458,0.415166,-0.553875,0.180769,-0.724473,-0.078861,-0.696915,0.163873,-0.965314,0.173687,-1.217938,0.208895,-0.937269,0.206048,-0.779223,-0.055666,-0.932452,-0.059067,-1.171551,0.027363,-0.837779,0.049037,-0.699329,-0.261932,-0.865766,-0.278312,-1.055815,-0.125228,-0.758820,-0.057082,-0.571899,-0.464794,-0.782785,-0.628450,-1.111236,-0.702107,-1.304904,-0.787407,-1.524220
I,Right,legacy_asl_I_102,0.000000,0.000000,0.315854,-0.230969,0.477981,-0.562132,0.239756,-0.758987,-0.038287,-0.746661,0.237544,-1.016341,0.264521,-1.284483,0.283610,-0.983556,0.270235,-0.815585,0.001809,-0.995747,0.013842,-1.250365,0.083953,-0.889583,0.097951,-0.740857,-0.222018,-0.938298,-0.227005,-1.141577,-0.083569,-0.815561,-0.023299,-0.612222,-0.443289,-0.863287,-0.595914,-1.223462,-0.661607,-1.434341,-0.738008,-1.673271
I,Right,legacy_asl_I_103,0.013041,0.003901,0.286503,-0.222554,0.442144,-0.594918,0.188684,-0.780310,-0.075282,-0.747410,0.174559,-1.045017,0.182984,-1.303190,0.244144,-1.021664,0.216255,-0.832213,-0.040567,-0.981971,-0.093812,-1.233441,0.026400,-0.898483,0.048701,-0.767264,-0.261999,-0.924020,-0.312330,-1.140238,-0.106467,-0.813019,-0.054905,-0.622867,-0.498691,-0.847671,-0.658825,-1.187399,-0.732817,-1.385862,-0.840645,-1.630076
I,Right,legacy_asl_I_104,0.000000,0.000000,0.287645,-0.238781,0.422820,-0.564086,0.184102,-0.737830,-0.080315,-0.709764,0.166894,-0.983111,0.176889,-1.240392,0.212746,-0.954550,0.209846,-0.793590,-0.056693,-0.949643,-0.060156,-1.193151,0.027868,-0.853225,0.049941,-0.712222,-0.266762,-0.881728,-0.283443,-1.075281,-0.127537,-0.772810,-0.058135,-0.582443,-0.473363,-0.797217,-0.640036,-1.131724,-0.715052,-1.328962,-0.801925,-1.552321
I,Right,legacy_asl_I_105,0.000000,0.000000,0.303867,-0.246526,0.449174,-0.585406,0.201372,-0.770061,-0.075703,-0.743800,0.186250,-1.026980,0.199739,-1.296138,0.233903,-0.996547,0.228973,-0.828117,-0.048155,-0.994584,-0.048913,-1.249485,0.039212,-0.892675,0.060655,-0.744839,-0.268817,-0.925976,-0.283997,-1.128749,-0.124384,-0.810341,-0.053987,-0.610282,-0.486046,-0.839958,-0.656551,-1.192021,-0.732742,-1.399338,-0.821035,-1.634134
I,Right,legacy_asl_I_106,-0.011681,-0.008098,0.388887,-0.236228,0.666514,-0.620762,0.540691,-0.989631,0.275118,-1.108388,0.462944,-0.935933,0.472074,-1.260629,0.403595,-1.031155,0.387371,-0.825093,0.220821,-0.977463,0.213951,-1.300328,0.202010,-1.029020,0.185706,-0.785785,0.019547,-0.935451,0.022734,-1.258550,0.041358,-0.975479,0.059443,-0.704294,-0.193356,-0.933129,-0.180671,-1.284479,-0.160307,-1.539123,-0.138074,-1.751425
I,Right,legacy_asl_I_107,0.000000,0.000000,0.379793,-0.224939,0.624633,-0.586773,0.523392,-0.933648,0.265366,-1.056012,0.444154,-0.892174,0.475669,-1.178427,0.395830,-0.991714,0.358519,-0.809538,0.222043,-0.925174,0.220217,-1.227418,0.191191,-0.964943,0.191968,-0.750667,0.018106,-0.924073,0.010016,-1.192911,0.032360,-0.911583,0.059818,-0.665074,-0.193346,-0.904026,-0.169332,-1.238708,-0.145007,-1.461574,-0.116490,-1.672283
I,Right,legacy_asl_I_108,0.000000,0.000000,0.404834,-0.225022,0.672050,-0.597513,0.575830,-0.964262,0.308703,-1.100029,0.491524,-0.923038,0.532810,-1.222384,0.443699,-1.028835,0.399326,-0.838823,0.259499,-0.964037,0.266273,-1.281116,0.228282,-1.006638,0.222937,-0.781860,0.045557,-0.968746,0.044800,-1.250964,0.060149,-0.955235,0.081863,-0.695880,-0.176813,-0.953797,-0.142002,-1.304157,-0.110080,-1.537223,-0.074111,-1.757417
I,Right,legacy_asl_I_109,-0.014450,-0.038129,0.382580,-0.237962,0.670638,-0.608096,0.541284,-0.996580,0.262448,-1.107670,0.496568,-0.957685,0.509933,-1.257474,0.420801,-1.043548,0.385893,-0.844535,0.227112,-0.959270,0.218451,-1.303150,0.181319,-1.029463,0.183041,-0.783330,0.010912,-0.970260,0.005506,-1.243469,0.022893,-0.964971,0.048888,-0.706281,-0.198093,-0.929685,-0.169800,-1.289440,-0.153076,-1.541719,-0.114880,-1.759026
I,Right,legacy_asl_I_110,0.000000,0.000000,0.404691,-0.239686,0.665583,-0.625241,0.557705,-0.994856,0.282763,-1.125243,0.473272,-0.950664,0.506853,-1.255683,0.421781,-1.056729,0.382023,-0.862610,0.236600,-0.985827,0.234654,-1.307886,0.203725,-1.028204,0.204553,-0.799879,0.019293,-0.984655,0.010672,-1.271117,0.034482,-0.971345,0.063739,-0.708675,-0.206022,-0.963293,-0.180433,-1.319916,-0.154513,-1.557393,-0.124127,-1.781915
I,Right,legacy_asl_I_111,0.000000,0.000000,0.376923,-0.269173,0.600499,-0.669383,0.463596,-1.022966,0.182881,-1.127793,0.384468,-0.972512,0.391786,-1.274603,0.325035,-1.072252,0.302338,-0.878451,0.149302,-0.987126,0.120332,-1.302950,0.113487,-1.025941,0.133485,-0.801990,-0.063810,-0.967715,-0.096339,-1.248053,-0.047789,-0.955933,0.002989,-0.700673,-0.283082,-0.927823,-0.287942,-1.279875,-0.282466,-1.515053,-0.271518,-1.737896
I,Right,legacy_asl_I_112,0.023575,0.033952,0.388393,-0.225022,0.646296,-0.608647,0.564687,-0.984845,0.280287,-1.078824,0.450612,-0.936444,0.492237,-1.240422,0.417159,-1.069919,0.405111,-0.854684,0.245140,-0.981560,0.219886,-1.306941,0.211556,-1.016339,0.201668,-0.773414,-0.003955,-0.968175,-0.025019,-1.253620,0.066336,-0.954068,0.088801,-0.709007,-0.207562,-0.951380,-0.182400,-1.302876,-0.154268,-1.549123,-0.093407,-1.772471
I,Right,legacy_asl_I_113,0.000000,0.000000,0.406518,-0.240768,0.668587,-0.628064,0.560223,-0.999347,0.284040,-1.130323,0.475408,-0.954955,0.509141,-1.261351,0.423685,-1.061500,0.383748,-0.866504,0.237668,-0.990277,0.235713,-1.313790,0.204645,-1.032845,0.205477,-0.803490,0.019380,-0.989099,0.010720,-1.276855,0.034637,-0.975730,0.064027,-0.711874,-0.206952,-0.967641,-0.181247,-1.325874,-0.155211,-1.564423,-0.124687,-1.789959
I,Right,legacy_asl_I_114,0.000000,0.000000,0.378225,-0.267341,0.603741,-0.666461,0.468557,-1.020704,0.188353,-1.126892,0.389184,-0.970634,0.397969,-1.272687,0.330236,-1.070661,0.306599,-0.876973,0.154092,-0.986389,0.126655,-1.302351,0.118466,-1.025378,0.137377,-0.801333,-0.059111,-0.968013,-0.090279,-1.248506,-0.043148,-0.956153,0.006390,-0.700650,-0.278575,-0.929187,-0.281726,-1.281257,-0.275108,-1.516406,-0.263079,-1.739194
I,Right,legacy_asl_I_115,-0.022411,0.002259,0.422493,-0.250227,0.666117,-0.613951,0.528998,-1.004782,0.273892,-1.131020,0.482307,-0.948571,0.499717,-1.226604,0.411073,-1.057819,0.374510,-0.859540,0.236367,-0.982004,0.240016,-1.281874,0.199803,-0.990574,0.195972,-0.750883,-0.004679,-0.952840,-0.004834,-1.244688,0.028375,-0.983824,0.050866,-0.670175,-0.201838,-0.949703,-0.154816,-1.313049,-0.152954,-1.539442,-0.139789,-1.727757
I,Right,legacy_asl_I_116,0.000000,0.000000,0.412150,-0.244103,0.677849,-0.636764,0.567983,-1.013191,0.287974,-1.145981,0.481994,-0.968184,0.516194,-1.278824,0.429554,-1.076205,0.389064,-0.878508,0.240960,-1.003996,0.238979,-1.331990,0.207480,-1.047153,0.208323,-0.814621,0.019648,-1.002801,0.010869,-1.294543,0.035117,-0.989246,0.064914,-0.721736,-0.209818,-0.981046,-0.183758,-1.344242,-0.157361,-1.586095,-0.126414,-1.814755
I,Right,legacy_asl_I_117,0.000000,0.000000,0.381500,-0.262646,0.611931,-0.658949,0.481134,-1.014836,0.202265,-1.124478,0.401149,-0.965751,0.413666,-1.267671,0.343442,-1.066499,0.317413,-0.873117,0.166270,-0.984410,0.142739,-1.300686,0.131128,-1.023836,0.147269,-0.799574,-0.047145,-0.968670,-0.074844,-1.249527,-0.031329,-0.956614,0.015048,-0.700517,-0.267071,-0.932558,-0.265871,-1.284641,-0.256348,-1.519690,-0.241567,-1.742312
I,Right,legacy_asl_I_118,0.016177,-0.007033,0.264901,-0.219012,0.477360,-0.608538,0.139685,-0.782892,-0.127122,-0.773355,0.187475,-0.992174,0.186499,-1.384032,0.211381,-1.186998,0.203549,-0.993356,-0.080056,-0.978108,-0.124504,-1.356458,-0.039135,-1.077355,0.004270,-0.945299,-0.331441,-0.920674,-0.396176,-1.185947,-0.231422,-0.925483,-0.128232,-0.731871,-0.553218,-0.796233,-0.789912,-1.152378,-0.963221,-1.335084,-1.142497,-1.576390
I,Right,legacy_asl_I_119,0.000000,0.000000,0.302593,-0.217984,0.435441,-0.567883,0.152089,-0.747274,-0.133408,-0.763892,0.196896,-0.983693,0.180515,-1.346874,0.199074,-1.152043,0.203571,-0.959014,-0.070853,-0.963039,-0.123525,-1.317472,-0.032172,-1.053554,0.012342,-0.895827,-0.309927,-0.890724,-0.385500,-1.153338,-0.227441,-0.890919,-0.142782,-0.686956,-0.536863,-0.791041,-0.786964,-1.115383,-0.944433,-1.322510,-1.110143,-1.536382
I,Right,legacy_asl_I_120,0.000000,0.000000,0.327682,-0.197930,0.492632,-0.544912,0.217599,-0.751962,-0.073131,-0.792648,0.283055,-0.990139,0.296421,-1.363089,0.299249,-1.162207,0.287838,-0.964335,0.007393,-0.991217,-0.017098,-1.358227,0.054478,-1.080620,0.086939,-0.915547,-0.243216,-0.937059,-0.298755,-1.212024,-0.158804,-0.930416,-0.089104,-0.714708,-0.483676,-0.853893,-0.712664,-1.206492,-0.856597,-1.431478,-1.008403,-1.664048
I,Right,legacy_asl_I_121,-0.013151,0.006068,0.310430,-0.208402,0.435890,-0.602120,0.137464,-0.761519,-0.151423,-0.780719,0.231817,-1.009827,0.190360,-1.379841,0.198663,-1.169002,0.205896,-1.007777,-0.082249,-0.971037,-0.138773,-1.346166,-0.006519,-1.073681,0.001872,-0.905025,-0.322200,-0.918396,-0.384063,-1.199385,-0.270509,-0.919683,-0.167017,-0.718062,-0.550968,-0.811337,-0.810952,-1.133554,-0.954286,-1.374733,-1.113385,-1.567091
I,Right,legacy_asl_I_122,0.000000,0.000000,0.298382,-0.214950,0.429381,-0.559980,0.149973,-0.736875,-0.131551,-0.753261,0.194156,-0.970004,0.178003,-1.328131,0.196304,-1.136011,0.200738,-0.945668,-0.069867,-0.949637,-0.121806,-1.299137,-0.031724,-1.038893,0.012171,-0.883360,-0.305614,-0.878328,-0.380135,-1.137288,-0.224276,-0.878520,-0.140795,-0.677396,-0.529391,-0.780032,-0.776012,-1.099861,-0.931290,-1.304105,-1.094693,-1.515001
I,Right,legacy_asl_I_123,0.000000,0.000000,0.331148,-0.192075,0.502239,-0.536070,0.230931,-0.747976,-0.059030,-0.793822,0.300610,-0.984951,0.320603,-1.357605,0.319859,-1.156704,0.304933,-0.959066,0.025010,-0.990929,0.007047,-1.358316,0.073677,-1.079481,0.103199,-0.913857,-0.226522,-0.941234,-0.277164,-1.217143,-0.142241,-0.933092,-0.076386,-0.716178,-0.468422,-0.862355,-0.691106,-1.218968,-0.831018,-1.446477,-0.978666,-1.681709
I,Right,legacy_asl_I_124,-0.000377,0.031983,0.287804,-0.193161,0.444442,-0.590117,0.152824,-0.753727,-0.129778,-0.771920,0.198147,-1.008160,0.186140,-1.370374,0.192094,-1.188618,0.194906,-0.982727,-0.038803,-0.987085,-0.128901,-1.348972,-0.056951,-1.081047,0.034047,-0.926701,-0.311322,-0.940897,-0.400797,-1.199027,-0.235705,-0.903545,-0.120317,-0.711322,-0.558572,-0.796165,-0.847538,-1.152521,-0.974625,-1.360464,-1.167385,-1.565412
I,Right,legacy_asl_I_125,0.000000,0.000000,0.291622,-0.210081,0.419654,-0.547295,0.146575,-0.720183,-0.128571,-0.736198,0.189758,-0.948030,0.173970,-1.298045,0.191857,-1.110277,0.196191,-0.924246,-0.068284,-0.928125,-0.119047,-1.269708,-0.031005,-1.015359,0.011895,-0.863350,-0.298691,-0.858431,-0.371524,-1.111525,-0.219196,-0.858619,-0.137606,-0.662051,-0.517399,-0.762362,-0.758433,-1.074946,-0.910194,-1.274564,-1.069895,-1.480682
I,Right,legacy_asl_I_126,0.000000,0.000000,0.311415,-0.222649,0.449071,-0.581335,0.158868,-0.766523,-0.134135,-0.784631,0.205732,-1.009044,0.190252,-1.381912,0.208587,-1.181849,0.212494,-0.983686,-0.069190,-0.988827,-0.121955,-1.352848,-0.029151,-1.081599,0.015963,-0.919527,-0.314867,-0.915474,-0.391478,-1.185328,-0.230194,-0.915371,-0.144041,-0.705690,-0.548184,-0.813983,-0.803723,-1.147842,-0.964604,-1.361039,-1.133920,-1.581189
I,Right,legacy_asl_I_127,-0.004378,0.013243,0.332943,-0.250367,0.486164,-0.581910,0.166136,-0.762130,-0.143819,-0.778956,0.214505,-0.989657,0.207343,-1.403585,0.185841,-1.208027,0.199117,-0.978930,-0.060604,-1.000484,-0.139209,-1.354063,-0.024488,-1.088473,0.012419,-0.919858,-0.328612,-0.898469,-0.379997,-1.168649,-0.253383,-0.908595,-0.153203,-0.707344,-0.544064,-0.820943,-0.789554,-1.136269,-0.975754,-1.378908,-1.126080,-1.565255
I,Right,legacy_asl_I_128,0.000000,0.000000,0.321092,-0.231310,0.462062,-0.602601,0.161387,-0.792959,-0.141564,-0.810593,0.208933,-1.043831,0.191550,-1.429216,0.211244,-1.222474,0.216017,-1.017644,-0.075185,-1.021915,-0.131077,-1.398016,-0.034139,-1.117964,0.013097,-0.950593,-0.328875,-0.945178,-0.409068,-1.223848,-0.241346,-0.945385,-0.151511,-0.728953,-0.569684,-0.839401,-0.835075,-1.183572,-1.002171,-1.403362,-1.178011,-1.630309
I,Right,legacy_asl_I_129,0.000000,0.000000,0.311076,-0.223122,0.448188,-0.582016,0.157704,-0.766764,-0.135327,-0.784427,0.204199,-1.009355,0.188153,-1.382200,0.206791,-1.182164,0.210999,-0.984008,-0.070692,-0.988721,-0.124010,-1.352662,-0.030794,-1.081554,0.014567,-0.919550,-0.316258,-0.914994,-0.393278,-1.184731,-0.231584,-0.915020,-0.145113,-0.705471,-0.549420,-0.813149,-0.805466,-1.146620,-0.966671,-1.359572,-1.136321,-1.579464
I,Right,legacy_asl_I_130,0.022543,0.007074,0.284839,-0.262999,0.422896,-0.683490,0.224961,-1.063569,-0.079451,-1.106769,0.493125,-0.915763,0.445058,-1.295369,0.354351,-1.033160,0.347457,-0.871003,0.237897,-0.966840,0.117224,-1.241742,0.120268,-0.945283,0.149464,-0.767104,0.027473,-0.960969,-0.082821,-1.168386,-0.095331,-0.875571,-0.013538,-0.631240,-0.181573,-0.932145,-0.217214,-1.309581,-0.207584,-1.510860,-0.215370,-1.748210
I,Right,legacy_asl_I_131,0.000000,0.000000,0.313609,-0.248130,0.465863,-0.696948,0.244456,-1.065640,-0.055006,-1.117713,0.500094,-0.953832,0.431634,-1.310381,0.343222,-1.052548,0.349361,-0.886928,0.254763,-0.978512,0.140386,-1.264518,0.110482,-0.946423,0.156221,-0.792116,0.034874,-0.966438,-0.094547,-1.173440,-0.079603,-0.874793,-0.027693,-0.654307,-0.192193,-0.946583,-0.209298,-1.315931,-0.220454,-1.548748,-0.215109,-1.755591
I,Right,legacy_asl_I_132,0.000000,0.000000,0.296658,-0.260631,0.423996,-0.710972,0.186919,-1.063307,-0.111043,-1.099442,0.444700,-0.966039,0.359069,-1.314172,0.284983,-1.055417,0.299453,-0.892401,0.201511,-0.977910,0.074184,-1.254144,0.060858,-0.938933,0.113806,-0.789087,-0.014720,-0.954829,-0.152868,-1.152389,-0.122954,-0.858636,-0.060559,-0.643840,-0.237634,-0.923710,-0.273271,-1.287076,-0.296103,-1.516102,-0.301343,-1.720353
I,Right,legacy_asl_I_133,0.018668,0.020574,0.314580,-0.243048,0.433737,-0.692880,0.264224,-1.081817,-0.028477,-1.092019,0.490321,-0.931391,0.431822,-1.291259,0.337250,-1.064930,0.330310,-0.880327,0.254773,-0.977943,0.151944,-1.237784,0.113690,-0.937426,0.149635,-0.771670,0.023743,-0.942566,-0.102305,-1.146926,-0.082091,-0.873196,-0.015257,-0.623262,-0.197694,-0.941052,-0.192557,-1.295605,-0.186649,-1.524814,-0.237011,-1.747067
I,Right,legacy_asl_I_134,0.000000,0.000000,0.317127,-0.250914,0.471089,-0.704767,0.247198,-1.077594,-0.055624,-1.130252,0.505704,-0.964533,0.436476,-1.325081,0.347072,-1.064356,0.353280,-0.896877,0.257621,-0.989489,0.141961,-1.278703,0.111721,-0.957040,0.157974,-0.801001,0.035265,-0.977279,-0.095608,-1.186604,-0.080496,-0.884606,-0.028003,-0.661647,-0.194349,-0.957201,-0.211646,-1.330693,-0.222927,-1.566122,-0.217522,-1.775286
I,Right,legacy_asl_I_135,0.000000,0.000000,0.306383,-0.249127,0.450805,-0.694283,0.227339,-1.055404,-0.069028,-1.102878,0.481222,-0.948375,0.408932,-1.299520,0.325031,-1.043779,0.333272,-0.880330,0.238663,-0.969512,0.121964,-1.250402,0.096626,-0.935929,0.143820,-0.784172,0.021709,-0.954696,-0.108804,-1.157381,-0.090116,-0.862701,-0.035958,-0.645682,-0.202229,-0.932101,-0.223981,-1.296562,-0.238062,-1.526292,-0.235508,-1.730595
I,Right,legacy_asl_I_136,0.016167,0.011605,0.300820,-0.240104,0.477666,-0.694012,0.257899,-1.037658,-0.048544,-1.098730,0.498839,-0.929790,0.436250,-1.276492,0.352747,-1.054210,0.324826,-0.842329,0.258796,-0.978467,0.151030,-1.233467,0.098499,-0.944130,0.164399,-0.786440,0.049924,-0.945408,-0.109329,-1.196047,-0.093586,-0.856634,-0.032544,-0.647493,-0.169312,-0.928459,-0.214737,-1.325578,-0.212369,-1.521347,-0.221919,-1.716166
I,Right,legacy_asl_I_137,0.000000,0.000000,0.296811,-0.234839,0.440909,-0.659617,0.231362,-1.008559,-0.052060,-1.057844,0.473307,-0.902741,0.408514,-1.240192,0.324838,-0.996170,0.330648,-0.839420,0.241117,-0.926099,0.132866,-1.196785,0.104564,-0.895728,0.147853,-0.749687,0.033006,-0.914672,-0.089483,-1.110586,-0.075339,-0.827935,-0.026209,-0.619260,-0.181898,-0.895880,-0.198087,-1.245445,-0.208646,-1.465790,-0.203587,-1.661555
I,Right,legacy_asl_I_138,0.000000,0.000000,0.315944,-0.236884,0.477762,-0.676015,0.268672,-1.045647,-0.025598,-1.104739,0.518149,-0.928714,0.459726,-1.282432,0.365831,-1.030188,0.367638,-0.866541,0.276610,-0.959375,0.171048,-1.244637,0.133362,-0.931404,0.174550,-0.777909,0.059240,-0.953103,-0.063200,-1.160764,-0.056116,-0.865577,-0.010535,-0.646596,-0.165413,-0.939334,-0.172814,-1.304368,-0.177849,-1.534474,-0.167261,-1.738518
I,Right,legacy_asl_I_139,-0.022637,-0.003782,0.326680,-0.219001,0.464096,-0.709747,0.222845,-1.070196,-0.042262,-1.102222,0.496762,-0.917950,0.430308,-1.304618,0.325563,-1.060268,0.361358,-0.896391,0.261858,-0.965356,0.158088,-1.235475,0.121424,-0.967423,0.126865,-0.794754,0.046676,-0.962299,-0.103014,-1.176730,-0.053031,-0.866210,-0.022253,-0.627386,-0.204762,-0.947474,-0.214144,-1.306945,-0.201360,-1.528738,-0.230617,-1.745913
I,Right,legacy_asl_I_140,0.000000,0.000000,0.295975,-0.234177,0.439667,-0.657758,0.230710,-1.005717,-0.051913,-1.054862,0.471973,-0.900197,0.407363,-1.236696,0.323922,-0.993362,0.329716,-0.837054,0.240437,-0.923488,0.132492,-1.193412,0.104269,-0.893204,0.147437,-0.747574,0.032913,-0.912094,-0.089231,-1.107456,-0.075127,-0.825602,-0.026135,-0.617514,-0.181386,-0.893355,-0.197529,-1.241934,-0.208057,-1.461659,-0.203013,-1.656872
I,Right,legacy_asl_I_141,0.000000,0.000000,0.287200,-0.271018,0.398439,-0.725603,0.148980,-1.069283,-0.150080,-1.094797,0.410057,-0.981246,0.312097,-1.326112,0.247262,-1.064885,0.267521,-0.902488,0.166600,-0.984459,0.029527,-1.255989,0.027422,-0.940504,0.085666,-0.792635,-0.048674,-0.953701,-0.193762,-1.146222,-0.153418,-0.853719,-0.083421,-0.641279,-0.270339,-0.914673,-0.318879,-1.276541,-0.349843,-1.504610,-0.362345,-1.708546
I,Right,legacy_asl_I_142,-0.013364,-0.021838,0.393774,-0.175045,0.651005,-0.623377,0.538134,-1.055946,0.177833,-1.184378,0.321433,-0.971670,0.352385,-1.201824,0.422609,-0.994039,0.353756,-0.748149,0.100286,-1.005670,0.108409,-1.241664,0.142961,-0.903252,0.189567,-0.620289,-0.139709,-0.993026,-0.074433,-1.319578,-0.009699,-0.959051,0.030942,-0.650132,-0.397240,-0.976031,-0.366856,-1.404911,-0.365889,-1.658559,-0.369294,-1.944229
I,Right,legacy_asl_I_143,0.000000,0.000000,0.401345,-0.205646,0.674428,-0.647550,0.520988,-1.037750,0.193144,-1.158886,0.340370,-0.947299,0.367594,-1.200356,0.369068,-0.972513,0.354578,-0.754369,0.095038,-0.980084,0.100342,-1.245510,0.161405,-0.906902,0.194461,-0.634848,-0.140079,-0.982814,-0.120353,-1.287891,-0.014881,-0.948601,0.048077,-0.642460,-0.406775,-0.944877,-0.383691,-1.364186,-0.363595,-1.643161,-0.347738,-1.902398
I,Right,legacy_asl_I_144,0.000000,0.000000,0.407822,-0.206416,0.686830,-0.652939,0.533270,-1.049202,0.201590,-1.173629,0.349749,-0.958432,0.378615,-1.214784,0.378963,-0.983844,0.363179,-0.762815,0.101255,-0.992896,0.107966,-1.261895,0.168154,-0.918388,0.200290,-0.642479,-0.137037,-0.996845,-0.115509,-1.305960,-0.010313,-0.961539,0.051959,-0.650930,-0.407539,-0.959734,-0.382034,-1.384613,-0.360263,-1.667270,-0.342887,-1.929943
I,Right,legacy_asl_I_145,0.008925,0.013006,0.383249,-0.223897,0.706308,-0.653165,0.501660,-1.044613,0.181530,-1.190939,0.337335,-0.961464,0.372491,-1.197662,0.355657,-0.964796,0.346296,-0.744794,0.114414,-1.006259,0.107262,-1.293421,0.184158,-0.894878,0.175909,-0.617199,-0.142053,-0.996337,-0.121184,-1.305058,-0.031780,-0.987379,0.064373,-0.627331,-0.401254,-0.971563,-0.372290,-1.403537,-0.390111,-1.672115,-0.338621,-1.919473
I,Right,legacy_asl_I_146,0.000000,0.000000,0.420894,-0.215663,0.707279,-0.679091,0.546364,-1.088298,0.202552,-1.215334,0.356949,-0.993440,0.385499,-1.258824,0.387045,-1.019883,0.371849,-0.791113,0.099667,-1.027823,0.105230,-1.306177,0.169267,-0.951076,0.203933,-0.665771,-0.146902,-1.030686,-0.126215,-1.350622,-0.015606,-0.994806,0.050418,-0.673753,-0.426588,-0.990900,-0.402380,-1.430634,-0.381305,-1.723197,-0.364676,-1.995061
I,Right,legacy_asl_I_147,0.000000,0.000000,0.416375,-0.188569,0.714451,-0.622595,0.578190,-1.025134,0.252207,-1.163802,0.390911,-0.942393,0.430847,-1.197256,0.421198,-0.966517,0.395860,-0.746378,0.144142,-0.987582,0.162491,-1.256038,0.207753,-0.910248,0.227915,-0.633206,-0.093755,-1.001843,-0.058866,-1.309736,0.031321,-0.961084,0.080089,-0.648070,-0.365611,-0.976477,-0.321736,-1.399853,-0.287750,-1.681303,-0.259020,-1.942977
I,Right,legacy_asl_I_148,-0.004625,0.019456,0.403503,-0.220971,0.712535,-0.647819,0.567169,-1.038487,0.163002,-1.160305,0.337399,-0.970631,0.329691,-1.240258,0.379095,-0.992558,0.355137,-0.778233,0.110588,-0.997217,0.096725,-1.280824,0.175870,-0.925706,0.185136,-0.633367,-0.164967,-0.978044,-0.115007,-1.263873,-0.023498,-0.974883,0.036838,-0.650309,-0.413851,-0.959660,-0.405406,-1.383572,-0.342567,-1.676083,-0.351525,-1.909855
I,Right,legacy_asl_I_149,0.000000,0.000000,0.390667,-0.200175,0.656484,-0.630321,0.507126,-1.010139,0.188005,-1.128052,0.331314,-0.922094,0.357814,-1.168419,0.359249,-0.946638,0.345144,-0.734298,0.092509,-0.954007,0.097672,-1.212372,0.157110,-0.882773,0.189287,-0.617957,-0.136352,-0.956665,-0.117151,-1.253625,-0.014485,-0.923362,0.046797,-0.625366,-0.395952,-0.919737,-0.373482,-1.327890,-0.353921,-1.599442,-0.338486,-1.851782
I,Right,legacy_asl_I_150,0.000000,0.000000,0.417150,-0.186849,0.717014,-0.619641,0.582415,-1.022739,0.257008,-1.162751,0.394796,-0.940772,0.435784,-1.195467,0.425183,-0.964771,0.398937,-0.744738,0.148216,-0.986979,0.167673,-1.255357,0.211507,-0.909383,0.230526,-0.632260,-0.089620,-1.002221,-0.053461,-1.309967,0.035287,-0.960946,0.082762,-0.647734,-0.361578,-0.977977,-0.315957,-1.401169,-0.280809,-1.682476,-0.251000,-1.944029
I,Right,legacy_asl_I_151,0.014560,-0.000153,0.423488,-0.196903,0.683332,-0.653372,0.520228,-1.043899,0.233253,-1.175164,0.338640,-0.932595,0.400814,-1.229488,0.386233,-1.016062,0.352128,-0.789410,0.111735,-0.975679,0.103021,-1.260331,0.159398,-0.891832,0.163413,-0.633523,-0.116779,-0.990857,-0.144592,-1.305840,-0.018941,-0.953529,0.056087,-0.658703,-0.378590,-0.960763,-0.389407,-1.363903,-0.381852,-1.670877,-0.352566,-1.929971
I,Right,legacy_asl_I_152,0.000000,0.000000,0.432813,-0.221770,0.727307,-0.698321,0.561835,-1.119115,0.208287,-1.249748,0.367056,-1.021571,0.396415,-1.294470,0.398005,-1.048763,0.382378,-0.813515,0.102490,-1.056927,0.108209,-1.343164,0.174060,-0.978008,0.209708,-0.684623,-0.151062,-1.059871,-0.129789,-1.388867,-0.016048,-1.022976,0.051846,-0.692832,-0.438667,-1.018959,-0.413774,-1.471144,-0.392102,-1.771992,-0.375003,-2.051555
I,Right,legacy_asl_I_153,0.000000,0.000000,0.422439,-0.174561,0.734841,-0.598392,0.612097,-1.005256,0.290926,-1.154732,0.422160,-0.928815,0.470583,-1.182202,0.453235,-0.951914,0.420561,-0.732744,0.177037,-0.982218,0.204340,-1.249912,0.238030,-0.902803,0.248931,-0.625243,-0.060251,-1.004415,-0.015101,-1.310971,0.063395,-0.959502,0.101683,-0.645035,-0.332802,-0.988140,-0.274816,-1.409816,-0.231450,-1.689973,-0.193999,-1.950542
I,Right,legacy_asl_I_154,-0.006648,-0.013045,0.425447,-0.173611,0.623251,-0.580760,0.475012,-0.994924,0.169855,-1.100800,0.520866,-0.877519,0.543258,-1.214994,0.426093,-0.983458,0.465957,-0.768737,0.301402,-0.941831,0.238880,-1.260380,0.184746,-0.968412,0.187295,-0.702558,0.048237,-1.001905,-0.028809,-1.253072,-0.010954,-0.897232,-0.009714,-0.662732,-0.157441,-1.011195,-0.151546,-1.337184,-0.167789,-1.567484,-0.148117,-1.791546
I,Right,legacy_asl_I_155,0.000000,0.000000,0.387529,-0.168734,0.618018,-0.570607,0.462434,-0.963663,0.166727,-1.071792,0.518214,-0.866649,0.524363,-1.182576,0.442796,-0.924289,0.426728,-0.751687,0.284614,-0.929018,0.237385,-1.223265,0.183981,-0.914922,0.182666,-0.707771,0.062544,-0.957098,-0.021237,-1.206365,-0.024841,-0.892727,-0.002773,-0.642152,-0.168073,-0.974560,-0.143727,-1.309563,-0.140391,-1.523661,-0.137091,-1.723810
I,Right,legacy_asl_I_156,0.000000,0.000000,0.397770,-0.175771,0.632665,-0.590531,0.470393,-0.994062,0.165546,-1.103659,0.528325,-0.894561,0.532886,-1.219640,0.450409,-0.953442,0.434841,-0.775768,0.287634,-0.957423,0.237397,-1.259899,0.184175,-0.942357,0.183981,-0.729220,0.058998,-0.985072,-0.028595,-1.241064,-0.030549,-0.918355,-0.006444,-0.660671,-0.178373,-1.001748,-0.155197,-1.346556,-0.152963,-1.566853,-0.150686,-1.772797
I,Right,legacy_asl_I_157,0.010151,-0.017443,0.418413,-0.177796,0.636717,-0.572945,0.477758,-0.997569,0.164122,-1.097329,0.520866,-0.893198,0.555310,-1.221051,0.470943,-0.959160,0.422844,-0.776969,0.300482,-0.977051,0.260885,-1.236065,0.196861,-0.970996,0.183580,-0.728457,0.077959,-0.938805,-0.027045,-1.229233,-0.026240,-0.909514,-0.028281,-0.662229,-0.147663,-0.995409,-0.138744,-1.340662,-0.140437,-1.580739,-0.140905,-1.752617
I,Right,legacy_asl_I_158,0.000000,0.000000,0.413023,-0.179835,0.658676,-0.608146,0.492857,-1.027060,0.177695,-1.142303,0.552306,-0.923665,0.558860,-1.260375,0.471927,-0.985096,0.454801,-0.801139,0.303338,-0.990136,0.253003,-1.303741,0.196084,-0.975113,0.194683,-0.754334,0.066658,-1.020064,-0.022634,-1.285729,-0.026475,-0.951458,-0.002956,-0.684398,-0.179130,-1.038674,-0.153182,-1.395716,-0.149628,-1.623900,-0.146110,-1.837216
I,Right,legacy_asl_I_159,0.000000,0.000000,0.394701,-0.182559,0.622456,-0.601283,0.453294,-1.001975,0.146615,-1.106333,0.512923,-0.903480,0.511914,-1.228590,0.434009,-0.961018,0.421487,-0.783104,0.271190,-0.962211,0.215779,-1.263781,0.168004,-0.945374,0.171461,-0.732265,0.042113,-0.985938,-0.049852,-1.240392,-0.046277,-0.917696,-0.017761,-0.660463,-0.195508,-0.998545,-0.178243,-1.343700,-0.179783,-1.564002,-0.181035,-1.769956
I,Right,legacy_asl_I_160,-0.005236,-0.024368,0.393962,-0.183338,0.619884,-0.594949,0.474789,-1.000598,0.155600,-1.097680,0.518873,-0.886340,0.536676,-1.210877,0.468977,-0.944957,0.446524,-0.760871,0.305575,-0.916685,0.251414,-1.252132,0.203637,-0.938673,0.169185,-0.721208,0.063888,-0.989095,0.000776,-1.231161,-0.043349,-0.913201,-0.007501,-0.666998,-0.164290,-1.011350,-0.126450,-1.342130,-0.151111,-1.578104,-0.120719,-1.780406
I,Right,legacy_asl_I_161,0.000000,0.000000,0.398482,-0.173503,0.635486,-0.586734,0.475504,-0.990900,0.171439,-1.102086,0.532861,-0.891145,0.539184,-1.216001,0.455312,-0.950413,0.438789,-0.772933,0.292658,-0.955276,0.244095,-1.257840,0.189181,-0.940781,0.187829,-0.727775,0.064312,-0.984150,-0.021837,-1.240462,-0.025543,-0.917959,-0.002852,-0.660302,-0.172823,-1.002105,-0.147789,-1.346576,-0.144360,-1.566726,-0.140966,-1.772533
I,Right,legacy_asl_I_162,0.000000,0.000000,0.405867,-0.156168,0.660705,-0.558982,0.518301,-0.969945,0.219160,-1.094275,0.571313,-0.867737,0.591718,-1.192208,0.496360,-0.930348,0.472148,-0.753644,0.333973,-0.942261,0.298544,-1.246826,0.229903,-0.932257,0.219316,-0.719383,0.106957,-0.981024,0.031949,-1.240983,0.014263,-0.918752,0.025776,-0.660199,-0.129318,-1.009254,-0.089359,-1.352522,-0.076386,-1.572447,-0.064071,-1.778036
I,Right,legacy_asl_I_163,0.021406,0.025580,0.386726,-0.156611,0.615291,-0.609285,0.457382,-0.989701,0.163837,-1.119630,0.553175,-0.910011,0.529128,-1.186998,0.455667,-0.946210,0.452020,-0.782369,0.300673,-0.939774,0.249717,-1.255030,0.206218,-0.968028,0.187162,-0.740997,0.056209,-0.993956,-0.020885,-1.235648,-0.002270,-0.905945,-0.021795,-0.665942,-0.148781,-1.024123,-0.157293,-1.363088,-0.130742,-1.581838,-0.136827,-1.788805
I,Right,legacy_asl_I_164,0.000000,0.000000,0.395163,-0.172058,0.630193,-0.581847,0.471544,-0.982647,0.170011,-1.092906,0.528423,-0.883722,0.534693,-1.205873,0.451519,-0.942497,0.435134,-0.766495,0.290221,-0.947320,0.242062,-1.247363,0.187605,-0.932946,0.186264,-0.721714,0.063776,-0.975953,-0.021655,-1.230130,-0.025330,-0.910314,-0.002828,-0.654803,-0.171384,-0.993758,-0.146558,-1.335361,-0.143157,-1.553677,-0.139792,-1.757769
I,Right,legacy_asl_I_165,0.000000,0.000000,0.410750,-0.142833,0.678605,-0.537111,0.549694,-0.952505,0.254773,-1.086535,0.599341,-0.848620,0.630329,-1.172252,0.526472,-0.913645,0.496504,-0.737826,0.364561,-0.930854,0.339095,-1.236413,0.260219,-0.924253,0.242688,-0.711838,0.138931,-0.977009,0.072452,-1.239278,0.044254,-0.917796,0.047319,-0.659006,-0.096296,-1.012938,-0.045150,-1.354718,-0.025003,-1.574103,-0.005982,-1.779180
I,Right,legacy_asl_I_166,0.009583,-0.012075,0.252311,-0.205534,0.334440,-0.545956,0.052229,-0.785705,-0.258165,-0.774019,0.132613,-1.030685,0.030318,-1.234944,0.093987,-0.950195,0.157960,-0.846295,-0.083629,-1.007698,-0.192989,-1.226946,-0.129995,-0.894557,-0.049651,-0.790233,-0.309142,-0.891867,-0.429847,-1.114451,-0.318272,-0.813083,-0.214698,-0.617659,-0.516577,-0.791860,-0.721965,-1.133855,-0.813022,-1.316967,-0.931143,-1.508532
I,Right,legacy_asl_I_167,0.000000,0.000000,0.249280,-0.219731,0.325460,-0.557654,0.043126,-0.753781,-0.237171,-0.751356,0.145595,-0.999686,0.037010,-1.234839,0.097214,-0.953731,0.160174,-0.831459,-0.096202,-0.973814,-0.198426,-1.213027,-0.120899,-0.877930,-0.056564,-0.791698,-0.320507,-0.893718,-0.428168,-1.091570,-0.312823,-0.788662,-0.218971,-0.607512,-0.527117,-0.783826,-0.698490,-1.111608,-0.812424,-1.295058,-0.909826,-1.484019
I,Right,legacy_asl_I_168,0.000000,0.000000,0.253448,-0.223447,0.330875,-0.567056,0.043778,-0.766451,-0.241229,-0.763959,0.147945,-1.016499,0.037512,-1.255592,0.098755,-0.969766,0.162785,-0.845446,-0.097913,-0.990169,-0.201877,-1.233391,-0.123016,-0.892671,-0.057591,-0.804996,-0.325980,-0.908705,-0.435468,-1.109870,-0.318156,-0.801884,-0.222709,-0.617699,-0.536051,-0.796946,-0.710335,-1.130220,-0.826201,-1.316741,-0.925259,-1.508867
I,Right,legacy_asl_I_169,-0.008567,0.010890,0.274058,-0.202756,0.336217,-0.568141,0.017656,-0.786340,-0.217016,-0.754713,0.132818,-1.009082,0.004339,-1.280054,0.078934,-0.983182,0.165214,-0.831914,-0.080797,-0.990658,-0.200744,-1.263167,-0.107899,-0.883369,-0.040488,-0.788900,-0.336415,-0.915785,-0.460969,-1.110769,-0.313446,-0.793779,-0.235044,-0.597623,-0.547143,-0.803555,-0.707301,-1.121079,-0.826434,-1.311334,-0.924403,-1.511805
I,Right,legacy_asl_I_170,0.000000,0.000000,0.266231,-0.234672,0.347591,-0.595574,0.046059,-0.805037,-0.253298,-0.802448,0.155495,-1.067664,0.039526,-1.318807,0.103825,-1.018583,0.171065,-0.887998,-0.102743,-1.040033,-0.211918,-1.295512,-0.129120,-0.937628,-0.060410,-0.845532,-0.342302,-0.954490,-0.457283,-1.165795,-0.334095,-0.842290,-0.233861,-0.648822,-0.562961,-0.837125,-0.745986,-1.187197,-0.867668,-1.383120,-0.971694,-1.584930
I,Right,legacy_asl_I_171,0.000000,0.000000,0.268102,-0.205635,0.368791,-0.543161,0.095966,-0.761679,-0.188546,-0.778637,0.216949,-1.004037,0.123086,-1.250108,0.164687,-0.960769,0.220085,-0.832371,-0.030131,-0.994541,-0.117260,-1.244290,-0.061827,-0.898984,-0.002537,-0.807049,-0.263225,-0.928827,-0.358734,-1.136994,-0.262707,-0.821721,-0.180049,-0.631454,-0.480431,-0.831661,-0.631572,-1.176048,-0.734443,-1.370039,-0.820162,-1.568477
I,Right,legacy_asl_I_172,0.009929,-0.001119,0.262096,-0.216486,0.331994,-0.588133,0.037431,-0.761608,-0.240559,-0.755148,0.161264,-1.031034,0.045562,-1.258311,0.095894,-0.966683,0.173711,-0.843565,-0.091229,-0.995037,-0.185145,-1.241834,-0.111564,-0.909906,-0.044426,-0.809772,-0.344745,-0.905858,-0.433130,-1.115024,-0.309056,-0.819619,-0.212867,-0.636118,-0.530839,-0.775446,-0.716053,-1.126424,-0.822735,-1.296853,-0.914362,-1.507475
I,Right,legacy_asl_I_173,0.000000,0.000000,0.257007,-0.226541,0.335548,-0.574939,0.044463,-0.777144,-0.244522,-0.774645,0.150108,-1.030672,0.038157,-1.273113,0.100227,-0.983292,0.165138,-0.857230,-0.099184,-1.003998,-0.204576,-1.250625,-0.124646,-0.905142,-0.058317,-0.816236,-0.330442,-0.921419,-0.441439,-1.125403,-0.322519,-0.813106,-0.225758,-0.626342,-0.543455,-0.808121,-0.720140,-1.146063,-0.837605,-1.335198,-0.938027,-1.530016
I,Right,legacy_asl_I_174,0.000000,0.000000,0.243444,-0.234306,0.305787,-0.580969,0.010253,-0.767632,-0.274373,-0.752691,0.103397,-1.021992,-0.017375,-1.256032,0.056296,-0.973155,0.125695,-0.851750,-0.141076,-0.984946,-0.255566,-1.223394,-0.161895,-0.886445,-0.092703,-0.801711,-0.365366,-0.893597,-0.483538,-1.089787,-0.352884,-0.787219,-0.249481,-0.607380,-0.570354,-0.772767,-0.759031,-1.098109,-0.882935,-1.279390,-0.990291,-1.467006
I,Right,legacy_asl_I_175,0.002225,-0.018186,0.249886,-0.222505,0.350718,-0.523756,0.038773,-0.758198,-0.243507,-0.764479,0.123860,-1.040354,0.066174,-1.255933,0.092733,-0.973279,0.186463,-0.851844,-0.103680,-0.995469,-0.223081,-1.222199,-0.143878,-0.899407,-0.058166,-0.785063,-0.298089,-0.878047,-0.435810,-1.146412,-0.270749,-0.797711,-0.223699,-0.596399,-0.521472,-0.769163,-0.699380,-1.135755,-0.817059,-1.300065,-0.913113,-1.523061
I,Right,legacy_asl_I_176,0.000000,0.000000,0.263434,-0.232207,0.343939,-0.589317,0.045575,-0.796579,-0.250637,-0.794017,0.153862,-1.056446,0.039111,-1.304950,0.102734,-1.007881,0.169268,-0.878668,-0.101664,-1.029105,-0.209692,-1.281900,-0.127763,-0.927777,-0.059776,-0.836649,-0.338705,-0.944462,-0.452478,-1.153546,-0.330585,-0.833440,-0.231404,-0.642005,-0.557046,-0.828330,-0.738149,-1.174723,-0.858552,-1.368588,-0.961484,-1.568278
I,Right,legacy_asl_I_177,0.000000,0.000000,0.260298,-0.215428,0.348412,-0.556453,0.067678,-0.764711,-0.217268,-0.771116,0.179597,-1.011386,0.076681,-1.253810,0.128974,-0.966212,0.189092,-0.839954,-0.066962,-0.992742,-0.163285,-1.239091,-0.095095,-0.896075,-0.032439,-0.806401,-0.297460,-0.918436,-0.400617,-1.122921,-0.292975,-0.811423,-0.203322,-0.624349,-0.510917,-0.813288,-0.674715,-1.151839,-0.784703,-1.341885,-0.877716,-1.537010
I,Right,legacy_asl_I_178,0.016464,-0.001922,0.336152,-0.193903,0.504513,-0.562959,0.285231,-0.858780,0.051959,-0.933528,0.387318,-0.950927,0.398130,-1.282602,0.355938,-1.001616,0.377957,-0.827015,0.118951,-0.988694,0.110613,-1.319791,0.145073,-0.970841,0.160986,-0.826809,-0.103034,-0.949121,-0.130917,-1.234489,-0.054071,-0.934372,0.003496,-0.752512,-0.352949,-0.894981,-0.381699,-1.260272,-0.445462,-1.490901,-0.485925,-1.725042
I,Right,legacy_asl_I_179,0.000000,0.000000,0.312557,-0.189483,0.493290,-0.542754,0.276549,-0.818590,0.003641,-0.892120,0.375526,-0.916750,0.377938,-1.225618,0.339620,-0.969111,0.323748,-0.791621,0.125484,-0.947734,0.100969,-1.256876,0.111648,-0.942083,0.141048,-0.791875,-0.101245,-0.921046,-0.137719,-1.175320,-0.060211,-0.910895,-0.009797,-0.729071,-0.320108,-0.864539,-0.391744,-1.213104,-0.428460,-1.422400,-0.466512,-1.635508
I,Right,legacy_asl_I_180,0.000000,0.000000,0.326970,-0.196754,0.516873,-0.564960,0.291535,-0.853686,0.006862,-0.931390,0.395207,-0.955829,0.398785,-1.278289,0.357899,-1.010619,0.340719,-0.825367,0.134261,-0.989035,0.109727,-1.311873,0.119797,-0.983182,0.149976,-0.826260,-0.102543,-0.961950,-0.139751,-1.227545,-0.059737,-0.951211,-0.007727,-0.761207,-0.331237,-0.903705,-0.404832,-1.267864,-0.442446,-1.486502,-0.481442,-1.709124
I,Right,legacy_asl_I_181,0.002238,-0.001990,0.339611,-0.192892,0.515096,-0.576211,0.303629,-0.829060,0.016454,-0.898454,0.382228,-0.945252,0.391213,-1.292879,0.337120,-0.981148,0.344995,-0.814065,0.129508,-0.996409,0.112978,-1.323954,0.116434,-0.998835,0.170445,-0.852345,-0.119226,-0.981309,-0.154857,-1.248931,-0.074252,-0.924654,-0.009661,-0.758057,-0.331219,-0.912396,-0.398910,-1.234797,-0.487132,-1.485610,-0.492421,-1.699968
I,Right,legacy_asl_I_182,0.000000,0.000000,0.334288,-0.202658,0.527588,-0.580490,0.295777,-0.875505,0.003894,-0.954147,0.401636,-0.980490,0.404215,-1.310833,0.363233,-1.036491,0.346257,-0.846661,0.134209,-1.013628,0.107989,-1.344264,0.119411,-1.007584,0.150855,-0.846933,-0.108284,-0.985085,-0.147295,-1.257038,-0.064397,-0.974228,-0.010479,-0.779762,-0.342364,-0.924649,-0.418982,-1.297448,-0.458250,-1.521296,-0.498947,-1.749222
I,Right,legacy_asl_I_183,0.000000,0.000000,0.305130,-0.229166,0.456377,-0.614865,0.202688,-0.879028,-0.088439,-0.927207,0.295369,-0.991239,0.265946,-1.312374,0.252653,-1.041925,0.254511,-0.855888,0.032396,-0.997580,-0.025030,-1.316216,0.018606,-0.990279,0.064677,-0.837266,-0.200396,-0.946416,-0.264575,-1.206813,-0.156716,-0.940112,-0.085545,-0.756425,-0.421933,-0.865086,-0.532390,-1.219807,-0.592170,-1.433451,-0.653732,-1.650917
I,Right,legacy_asl_I_184,0.027706,-0.011488,0.317104,-0.184594,0.514850,-0.560476,0.309605,-0.850045,0.030256,-0.925136,0.401891,-0.934932,0.388642,-1.292067,0.344867,-1.020365,0.338717,-0.852215,0.104446,-0.965080,0.095346,-1.325795,0.095180,-0.969364,0.136196,-0.826522,-0.094036,-0.969363,-0.159788,-1.217044,-0.095989,-0.958873,-0.014263,-0.757488,-0.340463,-0.883556,-0.420634,-1.282162,-0.457886,-1.481924,-0.476229,-1.714926
I,Right,legacy_asl_I_185,0.000000,0.000000,0.347241,-0.210510,0.548031,-0.602983,0.307238,-0.909429,0.004045,-0.991118,0.417199,-1.018482,0.419878,-1.361625,0.377307,-1.076653,0.359674,-0.879467,0.139409,-1.052904,0.112174,-1.396351,0.124038,-1.046626,0.156700,-0.879750,-0.112480,-1.023255,-0.153002,-1.305745,-0.066892,-1.011977,-0.010885,-0.809976,-0.355630,-0.960477,-0.435216,-1.347722,-0.476006,-1.580243,-0.518281,-1.817000
I,Right,legacy_asl_I_186,0.000000,0.000000,0.343364,-0.166501,0.565663,-0.516104,0.367249,-0.823954,0.090733,-0.926985,0.479701,-0.916343,0.512310,-1.237170,0.447479,-0.974271,0.413682,-0.791320,0.222807,-0.972920,0.227453,-1.296655,0.207874,-0.968394,0.223795,-0.809391,-0.015475,-0.967276,-0.028607,-1.235143,0.026190,-0.952725,0.060873,-0.758809,-0.248485,-0.929869,-0.288978,-1.299177,-0.306745,-1.520314,-0.325529,-1.745544
I,Right,legacy_asl_I_187,-0.030367,0.009102,0.328570,-0.202275,0.531754,-0.567318,0.285237,-0.837648,0.017796,-0.933880,0.398687,-0.922891,0.374164,-1.292909,0.346901,-0.996124,0.349495,-0.802326,0.102738,-0.959931,0.137126,-1.303650,0.097111,-0.953823,0.122223,-0.819531,-0.109636,-0.962494,-0.141264,-1.219475,-0.063106,-0.959265,0.007127,-0.744549,-0.318204,-0.919544,-0.443142,-1.264621,-0.419273,-1.496545,-0.479021,-1.685965
I,Right,legacy_asl_I_188,0.000000,0.000000,0.334169,-0.202585,0.527400,-0.580283,0.295671,-0.875192,0.003893,-0.953806,0.401493,-0.980140,0.404071,-1.310365,0.363103,-1.036121,0.346134,-0.846358,0.134161,-1.013266,0.107951,-1.343784,0.119369,-1.007224,0.150801,-0.846630,-0.108246,-0.984733,-0.147242,-1.256589,-0.064374,-0.973880,-0.010475,-0.779483,-0.342242,-0.924319,-0.418832,-1.296985,-0.458087,-1.520753,-0.498769,-1.748597
I,Right,legacy_asl_I_189,0.000000,0.000000,0.331310,-0.189354,0.529443,-0.553198,0.310652,-0.846916,0.027798,-0.931000,0.416594,-0.946703,0.427420,-1.269001,0.380527,-1.002318,0.359188,-0.817499,0.156461,-0.985766,0.139191,-1.309075,0.141869,-0.980241,0.168512,-0.822679,-0.080893,-0.964012,-0.112121,-1.230377,-0.038338,-0.952313,0.009387,-0.761189,-0.310837,-0.910923,-0.376228,-1.276644,-0.408918,-1.496072,-0.442899,-1.719515
I,Right,legacy_asl_I_190,-0.008758,-0.018781,0.365922,-0.267364,0.606068,-0.661553,0.440529,-1.039285,0.118086,-1.085391,0.365576,-0.931188,0.391376,-1.318906,0.331295,-1.039523,0.372953,-0.880843,0.134463,-0.976815,0.115038,-1.280850,0.099594,-0.995140,0.125761,-0.745420,-0.070227,-0.966270,-0.137416,-1.242129,-0.063788,-0.969652,-0.021571,-0.723446,-0.291438,-0.969729,-0.313885,-1.336990,-0.313269,-1.551238,-0.267662,-1.773396
I,Right,legacy_asl_I_191,0.000000,0.000000,0.363861,-0.229910,0.556717,-0.623947,0.404161,-0.967774,0.114303,-1.030272,0.346437,-0.910367,0.355373,-1.221207,0.321186,-0.989839,0.318390,-0.814870,0.133473,-0.932383,0.099732,-1.221337,0.097893,-0.940815,0.117298,-0.733413,-0.076114,-0.925252,-0.132802,-1.193847,-0.081053,-0.910000,-0.024593,-0.669089,-0.298970,-0.902062,-0.274256,-1.235550,-0.270853,-1.461790,-0.270846,-1.674160
I,Right,legacy_asl_I_192,0.000000,0.000000,0.372894,-0.263671,0.555541,-0.691836,0.374941,-1.047765,0.064351,-1.098019,0.316937,-0.983753,0.309279,-1.313625,0.285802,-1.066574,0.292480,-0.881014,0.090059,-0.995347,0.038384,-1.299676,0.051893,-1.002322,0.083883,-0.783619,-0.131636,-0.976243,-0.206505,-1.257734,-0.136029,-0.959810,-0.062927,-0.707640,-0.366506,-0.939390,-0.358693,-1.294130,-0.367553,-1.534052,-0.379248,-1.759088
I,Right,legacy_asl_I_193,0.010868,-0.013813,0.384023,-0.227374,0.577415,-0.691500,0.412754,-1.031937,0.126476,-1.088630,0.362250,-0.975726,0.376405,-1.286460,0.360647,-1.054611,0.379040,-0.887717,0.113691,-0.980757,0.087884,-1.294779,0.100766,-1.004000,0.135285,-0.802843,-0.084890,-0.974191,-0.157715,-1.286144,-0.084466,-0.969791,-0.026205,-0.707438,-0.325259,-0.948900,-0.262560,-1.319316,-0.306020,-1.540245,-0.265989,-1.786211
I,Right,legacy_asl_I_194,0.000000,0.000000,0.374344,-0.236534,0.572757,-0.641923,0.415805,-0.995657,0.117596,-1.059956,0.356418,-0.936596,0.365612,-1.256391,0.330440,-1.018358,0.327564,-0.838347,0.137319,-0.959245,0.102605,-1.256525,0.100714,-0.967921,0.120678,-0.754543,-0.078307,-0.951910,-0.136628,-1.228243,-0.083388,-0.936219,-0.025302,-0.688366,-0.307584,-0.928051,-0.282157,-1.271148,-0.278656,-1.503906,-0.278649,-1.722394
I,Right,legacy_asl_I_195,0.000000,0.000000,0.398002,-0.223980,0.623657,-0.631123,0.480566,-1.003717,0.176780,-1.085604,0.416295,-0.946001,0.442556,-1.274915,0.393830,-1.031582,0.381416,-0.846317,0.191807,-0.980835,0.171660,-1.288862,0.154559,-0.991692,0.163918,-0.770861,-0.030678,-0.984600,-0.076241,-1.272292,-0.036736,-0.968705,0.010082,-0.710361,-0.268091,-0.972064,-0.223886,-1.324126,-0.208059,-1.563688,-0.196581,-1.788736
I,Right,legacy_asl_I_196,-0.019566,0.010682,0.390468,-0.227893,0.593291,-0.653176,0.439854,-1.039313,0.109600,-1.119938,0.380655,-0.968834,0.365837,-1.296558,0.333371,-1.069897,0.341571,-0.886904,0.138218,-0.975411,0.089436,-1.286013,0.098160,-1.017125,0.122151,-0.780028,-0.090553,-1.011296,-0.150339,-1.268171,-0.068320,-0.963522,-0.051339,-0.709999,-0.311223,-0.957486,-0.316075,-1.318809,-0.286399,-1.554450,-0.277324,-1.780981
I,Right,legacy_asl_I_197,0.000000,0.000000,0.401470,-0.253674,0.614260,-0.688439,0.445936,-1.067805,0.126117,-1.136763,0.382245,-1.004465,0.392105,-1.347433,0.354385,-1.092151,0.351300,-0.899096,0.147270,-1.028755,0.110040,-1.347576,0.108012,-1.038059,0.129422,-0.809220,-0.083982,-1.020888,-0.146529,-1.317245,-0.089431,-1.004060,-0.027135,-0.738247,-0.329872,-0.995301,-0.302603,-1.363259,-0.298849,-1.612884,-0.298841,-1.847204
I,Right,legacy_asl_I_198,0.000000,0.000000,0.403040,-0.214781,0.637985,-0.616635,0.503489,-0.992417,0.201663,-1.081258,0.437909,-0.936192,0.471716,-1.264416,0.417415,-1.022266,0.400750,-0.837335,0.214280,-0.976171,0.201212,-1.284580,0.177291,-0.987881,0.181577,-0.766893,-0.008060,-0.985045,-0.047004,-1.273707,-0.014481,-0.969293,0.026392,-0.709942,-0.245697,-0.977964,-0.193420,-1.328918,-0.172096,-1.568054,-0.155452,-1.792778
I,Right,legacy_asl_I_199,-0.008696,0.015748,0.388398,-0.270904,0.563504,-0.662630,0.418948,-1.011168,0.130015,-1.083967,0.367149,-0.955962,0.362400,-1.312562,0.346474,-1.084342,0.337909,-0.882445,0.172018,-0.983273,0.138466,-1.280588,0.128033,-1.020840,0.097405,-0.772137,-0.079033,-0.998045,-0.135322,-1.264149,-0.084285,-0.965923,-0.020167,-0.694741,-0.289995,-0.964810,-0.297633,-1.318466,-0.295773,-1.547696,-0.251865,-1.763636
I,Right,legacy_asl_I_200,0.000000,0.000000,0.412076,-0.260375,0.630488,-0.706626,0.457717,-1.096014,0.129449,-1.166794,0.392343,-1.031000,0.402464,-1.383029,0.363747,-1.121003,0.360580,-0.922848,0.151160,-1.055933,0.112947,-1.383176,0.110865,-1.065482,0.132841,-0.830597,-0.086200,-1.047857,-0.150400,-1.352044,-0.091794,-1.030585,-0.027852,-0.757750,-0.338587,-1.021594,-0.310597,-1.399273,-0.306743,-1.655492,-0.306736,-1.896003
I,Right,legacy_asl_I_201,0.000000,0.000000,0.394842,-0.229504,0.614802,-0.639752,0.466534,-1.010316,0.161636,-1.087962,0.403073,-0.951710,0.424748,-1.280958,0.379417,-1.036969,0.369586,-0.851550,0.178121,-0.983412,0.153684,-1.291129,0.140725,-0.993750,0.153161,-0.773070,-0.044395,-0.984077,-0.093962,-1.271106,-0.050230,-0.968099,0.000182,-0.710432,-0.281610,-0.968234,-0.242315,-1.320877,-0.229828,-1.560637,-0.221486,-1.785823
I,Right,legacy_asl_I_202,0.000643,0.003636,0.399816,-0.268393,0.640490,-0.642788,0.445570,-1.046432,0.146911,-1.117617,0.472832,-0.962018,0.467240,-1.277642,0.403074,-1.050706,0.403049,-0.850021,0.233250,-0.970496,0.165227,-1.278212,0.123400,-0.961380,0.146442,-0.721137,-0.051112,-0.980382,-0.094316,-1.293798,-0.038451,-0.971176,-0.005230,-0.656687,-0.293628,-0.965285,-0.312379,-1.329618,-0.302893,-1.570800,-0.280491,-1.783244
I,Right,legacy_asl_I_203,0.000000,0.000000,0.391479,-0.226215,0.608747,-0.603416,0.417295,-0.956031,0.130770,-1.043724,0.437890,-0.894231,0.429208,-1.218017,0.379880,-0.972715,0.382445,-0.777181,0.189099,-0.911521,0.142614,-1.210486,0.135412,-0.901808,0.151086,-0.688051,-0.038589,-0.909304,-0.093345,-1.197691,-0.044648,-0.897063,-0.004838,-0.637738,-0.273962,-0.894346,-0.286176,-1.236402,-0.272731,-1.459985,-0.253181,-1.665303
I,Right,legacy_asl_I_204,0.000000,0.000000,0.439034,-0.204545,0.706382,-0.586603,0.535274,-0.980895,0.237780,-1.101439,0.551434,-0.913010,0.572645,-1.259336,0.496919,-1.002219,0.481253,-0.793326,0.287580,-0.954876,0.266115,-1.278274,0.229376,-0.949565,0.225982,-0.719992,0.044407,-0.973941,0.013120,-1.286829,0.036789,-0.961449,0.054863,-0.680979,-0.208165,-0.980133,-0.189004,-1.346287,-0.153613,-1.583605,-0.113427,-1.800858
I,Right,legacy_asl_I_205,0.010376,0.000993,0.420565,-0.259098,0.648689,-0.647276,0.483874,-1.036352,0.126322,-1.088441,0.454897,-0.955519,0.462280,-1.304977,0.410178,-1.041007,0.400219,-0.829931,0.206149,-0.981713,0.167236,-1.306463,0.157437,-0.945937,0.161705,-0.739178,-0.029095,-0.960358,-0.100357,-1.283432,-0.039288,-0.960154,0.007089,-0.690601,-0.315512,-0.968883,-0.315097,-1.316705,-0.298039,-1.558378,-0.253953,-1.781915
I,Right,legacy_asl_I_206,0.000000,0.000000,0.393897,-0.227612,0.612508,-0.607144,0.419873,-0.961938,0.131578,-1.050172,0.440595,-0.899755,0.431860,-1.225542,0.382227,-0.978724,0.384808,-0.781983,0.190268,-0.917152,0.143495,-1.217965,0.136248,-0.907380,0.152019,-0.692302,-0.038827,-0.914922,-0.093922,-1.205090,-0.044924,-0.902605,-0.004867,-0.641678,-0.275654,-0.899871,-0.287944,-1.244041,-0.274416,-1.469005,-0.254746,-1.675592
I,Right,legacy_asl_I_207,0.000000,0.000000,0.416520,-0.247187,0.644552,-0.653935,0.435085,-1.029259,0.127080,-1.119624,0.457915,-0.963317,0.444584,-1.310036,0.394800,-1.046663,0.399983,-0.837248,0.191206,-0.978739,0.137690,-1.298400,0.133818,-0.967667,0.153270,-0.738894,-0.052657,-0.973530,-0.114901,-1.281756,-0.058995,-0.960342,-0.013123,-0.683060,-0.304593,-0.954577,-0.321936,-1.320821,-0.310318,-1.560482,-0.291934,-1.780654
I,Right,legacy_asl_I_208,0.006023,-0.014486,0.426256,-0.245532,0.668099,-0.619259,0.439089,-1.036389,0.127538,-1.121302,0.486994,-0.956946,0.445234,-1.303180,0.403796,-1.040887,0.410471,-0.841350,0.193795,-0.975229,0.141991,-1.273025,0.161833,-0.959197,0.168241,-0.700439,-0.058139,-0.967770,-0.112300,-1.261082,-0.015745,-0.948773,-0.002954,-0.675357,-0.275654,-0.957145,-0.304600,-1.321396,-0.304235,-1.585788,-0.276818,-1.778459
I,Right,legacy_asl_I_209,0.000000,0.000000,0.429717,-0.248311,0.668208,-0.662356,0.458055,-1.049414,0.143544,-1.145672,0.480662,-0.981577,0.471132,-1.336990,0.416985,-1.067727,0.419802,-0.853095,0.207570,-1.000556,0.156544,-1.328724,0.148638,-0.989895,0.165843,-0.755258,-0.042358,-0.998123,-0.102463,-1.314678,-0.049009,-0.984686,-0.005310,-0.700031,-0.300722,-0.981704,-0.314129,-1.357171,-0.299371,-1.602593,-0.277912,-1.827966
I,Right,legacy_asl_I_210,0.000000,0.000000,0.417615,-0.245331,0.647455,-0.651061,0.439660,-1.027313,0.132059,-1.119047,0.462196,-0.961270,0.450408,-1.308045,0.399452,-1.044897,0.403704,-0.835460,0.195558,-0.977879,0.143465,-1.297775,0.138122,-0.967062,0.156555,-0.738205,-0.048326,-0.973755,-0.109198,-1.282255,-0.054722,-0.960595,-0.010084,-0.683111,-0.300344,-0.955922,-0.316057,-1.322240,-0.303373,-1.561847,-0.284009,-1.781935
I,Right,legacy_asl_I_211,0.004875,-0.003617,0.414942,-0.217248,0.626017,-0.640683,0.455173,-1.038302,0.151624,-1.115588,0.469363,-0.943239,0.455641,-1.302419,0.424747,-1.051254,0.429842,-0.810112,0.202170,-0.984467,0.148932,-1.286106,0.147778,-0.938605,0.161213,-0.725312,-0.047907,-0.957692,-0.090992,-1.303366,-0.030723,-0.929945,0.004960,-0.671136,-0.307950,-0.962310,-0.294137,-1.306982,-0.272776,-1.530522,-0.250873,-1.790375
I,Right,legacy_asl_I_212,0.000000,0.000000,0.413888,-0.239164,0.643593,-0.637957,0.441182,-1.010757,0.138256,-1.103469,0.462955,-0.945419,0.453777,-1.287739,0.401625,-1.028395,0.404337,-0.821669,0.199924,-0.963699,0.150778,-1.279778,0.143163,-0.953430,0.159734,-0.727437,-0.040798,-0.961355,-0.098689,-1.266250,-0.047204,-0.948413,-0.005114,-0.674244,-0.289644,-0.945541,-0.302557,-1.307177,-0.288343,-1.543558,-0.267674,-1.760629
I,Right,legacy_asl_I_213,0.000000,0.000000,0.424430,-0.233343,0.665728,-0.632365,0.468729,-1.014380,0.163865,-1.114834,0.489376,-0.947722,0.487465,-1.294692,0.429038,-1.033101,0.427325,-0.823628,0.223319,-0.971915,0.180354,-1.293165,0.165598,-0.962738,0.177508,-0.733449,-0.020584,-0.974736,-0.072648,-1.284844,-0.027352,-0.961763,0.009368,-0.683121,-0.273007,-0.964085,-0.278285,-1.330702,-0.258784,-1.569851,-0.233163,-1.789298
I,Right,legacy_asl_I_214,0.001034,0.005355,0.364693,-0.018983,0.616486,-0.355787,0.333910,-0.773220,-0.014114,-0.963848,0.793002,-0.737399,0.785308,-1.153356,0.665964,-0.973546,0.664578,-0.878154,0.446535,-0.855604,0.305565,-1.133096,0.231853,-0.819234,0.235078,-0.617955,0.127107,-0.944959,0.009928,-1.162345,-0.073221,-0.799774,-0.097664,-0.551919,-0.140648,-0.974616,-0.118907,-1.410903,-0.131833,-1.731704,-0.122744,-1.968612
I,Right,legacy_asl_I_215,0.000000,0.000000,0.355109,0.000901,0.563069,-0.326455,0.314349,-0.739880,-0.019232,-0.915974,0.741967,-0.676415,0.735542,-1.081097,0.629733,-0.945030,0.611901,-0.824332,0.433965,-0.812033,0.329043,-1.075623,0.217005,-0.779746,0.220903,-0.579777,0.143629,-0.881539,0.012382,-1.081404,-0.066951,-0.772725,-0.075955,-0.524191,-0.123324,-0.920552,-0.106225,-1.340243,-0.117803,-1.615225,-0.105912,-1.852573
I,Right,legacy_asl_I_216,0.000000,0.000000,0.376461,-0.025534,0.572467,-0.388024,0.278000,-0.807675,-0.088711,-0.969441,0.735982,-0.772305,0.698985,-1.200763,0.596984,-1.048648,0.587087,-0.919385,0.399403,-0.893076,0.268529,-1.164638,0.171847,-0.842670,0.190895,-0.631006,0.086480,-0.945091,-0.067542,-1.147145,-0.128605,-0.814046,-0.119609,-0.549944,-0.199384,-0.966528,-0.212566,-1.412650,-0.245351,-1.703251,-0.250452,-1.955712
I,Right,legacy_asl_I_217,0.010734,-0.002790,0.403327,-0.007011,0.573025,-0.346876,0.346596,-0.784515,-0.021631,-0.953834,0.814429,-0.740300,0.786626,-1.152355,0.663739,-1.023849,0.637174,-0.868055,0.444177,-0.851776,0.346699,-1.136796,0.237926,-0.824433,0.221310,-0.613121,0.164213,-0.928417,0.011201,-1.148812,-0.070843,-0.840872,-0.075941,-0.551640,-0.104477,-0.956572,-0.106359,-1.422371,-0.089199,-1.741789,-0.105323,-1.960946
I,Right,legacy_asl_I_218,0.000000,0.000000,0.354543,0.000900,0.562173,-0.325935,0.313849,-0.738702,-0.019201,-0.914516,0.740786,-0.675338,0.734371,-1.079376,0.628731,-0.943525,0.610927,-0.823020,0.433274,-0.810740,0.328519,-1.073910,0.216659,-0.778505,0.220551,-0.578854,0.143401,-0.880136,0.012363,-1.079682,-0.066844,-0.771495,-0.075834,-0.523356,-0.123128,-0.919086,-0.106056,-1.338109,-0.117616,-1.612653,-0.105743,-1.849624
I,Right,legacy_asl_I_219,0.000000,0.000000,0.377196,-0.009900,0.588066,-0.363950,0.311255,-0.795452,-0.048431,-0.972286,0.767377,-0.741119,0.748180,-1.170743,0.639958,-1.022988,0.624709,-0.894248,0.436096,-0.875744,0.316596,-1.152500,0.206645,-0.834819,0.216899,-0.622546,0.125599,-0.940692,-0.019911,-1.148959,-0.094736,-0.818679,-0.096700,-0.554431,-0.159130,-0.973965,-0.153800,-1.420250,-0.174505,-1.711960,-0.169132,-1.964416
I,Right,legacy_asl_I_220,-0.024745,0.025356,0.392721,-0.004770,0.565419,-0.354474,0.343364,-0.802053,-0.002136,-0.979510,0.784131,-0.719052,0.756583,-1.153157,0.682968,-0.996914,0.648177,-0.881852,0.479383,-0.857203,0.367069,-1.132013,0.228894,-0.831129,0.230878,-0.598705,0.152382,-0.961964,0.003068,-1.155854,-0.060580,-0.802236,-0.080087,-0.552150,-0.127648,-0.976859,-0.127217,-1.412097,-0.129500,-1.710945,-0.098410,-1.987238
I,Right,legacy_asl_I_221,0.000000,0.000000,0.358062,0.000909,0.567752,-0.329170,0.316964,-0.746034,-0.019392,-0.923593,0.748138,-0.682041,0.741660,-1.090089,0.634971,-0.952890,0.616991,-0.831189,0.437575,-0.818787,0.331779,-1.084569,0.218810,-0.786232,0.222740,-0.584599,0.144824,-0.888871,0.012485,-1.090398,-0.067508,-0.779152,-0.076586,-0.528550,-0.124350,-0.928208,-0.107108,-1.351390,-0.118783,-1.628659,-0.106792,-1.867982
I,Right,legacy_asl_I_222,0.000000,0.000000,0.375604,-0.036000,0.561447,-0.403805,0.255416,-0.815099,-0.115655,-0.966597,0.714205,-0.792487,0.665299,-1.219750,0.567571,-1.064855,0.561274,-0.935367,0.374396,-0.903845,0.236015,-1.171660,0.148330,-0.847126,0.173261,-0.636074,0.060146,-0.947132,-0.099439,-1.144821,-0.151209,-0.810152,-0.134867,-0.546402,-0.226204,-0.960605,-0.251796,-1.406188,-0.292655,-1.695763,-0.304779,-1.947985
I,Right,legacy_asl_I_223,0.011596,0.001268,0.357396,0.005705,0.605034,-0.373054,0.330233,-0.802550,-0.006978,-0.963920,0.783287,-0.721082,0.782704,-1.158301,0.671506,-1.002311,0.642662,-0.862229,0.449335,-0.851513,0.362139,-1.140920,0.187109,-0.813500,0.204156,-0.629165,0.176259,-0.950311,0.029623,-1.147454,-0.082642,-0.832533,-0.073337,-0.567761,-0.120176,-1.020115,-0.129544,-1.415195,-0.111100,-1.694202,-0.113555,-1.974416
I,Right,legacy_asl_I_224,0.000000,0.000000,0.355780,0.000903,0.564133,-0.327072,0.314943,-0.741278,-0.019268,-0.917705,0.743369,-0.677693,0.736932,-1.083139,0.630923,-0.946815,0.613057,-0.825890,0.434785,-0.813567,0.329664,-1.077655,0.217415,-0.781220,0.221320,-0.580872,0.143901,-0.883205,0.012406,-1.083447,-0.067078,-0.774185,-0.076098,-0.525181,-0.123557,-0.922291,-0.106425,-1.342775,-0.118026,-1.618276,-0.106112,-1.856073
I,Right,legacy_asl_I_225,0.000000,0.000000,0.377234,0.008325,0.604954,-0.335129,0.349303,-0.779494,-0.001426,-0.973491,0.802268,-0.703200,0.803839,-1.133250,0.688609,-0.990893,0.667161,-0.863039,0.477874,-0.853665,0.371878,-1.135868,0.246715,-0.823867,0.246707,-0.611347,0.170876,-0.933529,0.035592,-1.148580,-0.055093,-0.822299,-0.069815,-0.558453,-0.111915,-0.980513,-0.085041,-1.426020,-0.091636,-1.718390,-0.074078,-1.970291
I,Right,legacy_asl_I_226,0.005751,-0.003752,0.345307,-0.212070,0.498020,-0.593856,0.171682,-0.833530,-0.123083,-0.805008,0.348704,-0.983616,0.386395,-1.231909,0.300219,-0.942493,0.309960,-0.808123,0.066382,-1.004199,0.099618,-1.267240,0.066501,-0.923108,0.072492,-0.768932,-0.145336,-0.945228,-0.158944,-1.173201,-0.138078,-0.821188,-0.186886,-0.632617,-0.358050,-0.932645,-0.442424,-1.325191,-0.453712,-1.575051,-0.506165,-1.780314
I,Right,legacy_asl_I_227,0.000000,0.000000,0.350388,-0.204329,0.498237,-0.609503,0.192395,-0.817607,-0.104635,-0.803438,0.357498,-0.973876,0.383441,-1.283827,0.318728,-0.965423,0.272912,-0.795480,0.096480,-1.001947,0.104373,-1.283004,0.061383,-0.904017,0.067929,-0.772190,-0.137526,-0.972155,-0.152277,-1.184136,-0.158194,-0.829678,-0.154097,-0.628539,-0.372116,-0.924767,-0.426376,-1.337709,-0.472470,-1.567529,-0.505225,-1.801676
I,Right,legacy_asl_I_228,0.000000,0.000000,0.349959,-0.199416,0.500795,-0.600279,0.199166,-0.809960,-0.095921,-0.798840,0.364663,-0.963492,0.393502,-1.271011,0.326081,-0.955484,0.278898,-0.787188,0.105755,-0.993959,0.116384,-1.272966,0.069931,-0.897065,0.075122,-0.766098,-0.126906,-0.966701,-0.139448,-1.177340,-0.148843,-0.825429,-0.146773,-0.625660,-0.360320,-0.921975,-0.410098,-1.332559,-0.453587,-1.561224,-0.483785,-1.794054
I,Right,legacy_asl_I_229,0.004513,0.003080,0.362404,-0.219093,0.479055,-0.621868,0.189255,-0.804617,-0.115357,-0.808808,0.355126,-0.983638,0.381344,-1.273938,0.313135,-0.963223,0.253095,-0.806795,0.102352,-0.988365,0.119503,-1.296166,0.037748,-0.893433,0.057112,-0.783605,-0.123441,-0.958701,-0.143705,-1.177306,-0.172196,-0.811090,-0.166502,-0.600532,-0.363186,-0.909856,-0.409358,-1.297503,-0.450194,-1.575644,-0.500903,-1.815668
I,Right,legacy_asl_I_230,0.000000,0.000000,0.340864,-0.198775,0.484693,-0.592935,0.187165,-0.795382,-0.101791,-0.781598,0.347780,-0.947403,0.373018,-1.248929,0.310064,-0.939180,0.265493,-0.773856,0.093857,-0.974711,0.101536,-1.248128,0.059714,-0.879443,0.066082,-0.751200,-0.133788,-0.945729,-0.148138,-1.151947,-0.153894,-0.807125,-0.149908,-0.611454,-0.362001,-0.899630,-0.414786,-1.301346,-0.459627,-1.524919,-0.491491,-1.752702
I,Right,legacy_asl_I_231,0.000000,0.000000,0.351311,-0.197025,0.504876,-0.596850,0.204684,-0.808583,-0.090473,-0.799476,0.371223,-0.960983,0.402159,-1.268299,0.332588,-0.953239,0.284259,-0.785268,0.112529,-0.993214,0.125061,-1.272142,0.076046,-0.896567,0.080343,-0.765568,-0.120312,-0.967544,-0.131417,-1.178264,-0.143212,-0.826424,-0.142504,-0.626646,-0.354026,-0.924410,-0.401003,-1.335324,-0.442931,-1.564281,-0.471542,-1.797311
I,Right,legacy_asl_I_232,0.010308,0.026385,0.342718,-0.215879,0.487765,-0.611175,0.175392,-0.800328,-0.130849,-0.784550,0.367825,-0.973196,0.372355,-1.284266,0.307040,-0.950617,0.271324,-0.762247,0.111873,-0.999358,0.098618,-1.280337,0.057331,-0.909862,0.039249,-0.770479,-0.135400,-0.965309,-0.113890,-1.201860,-0.174506,-0.802898,-0.159474,-0.598636,-0.374599,-0.894917,-0.409985,-1.313522,-0.469924,-1.552369,-0.515232,-1.807597
I,Right,legacy_asl_I_233,0.000000,0.000000,0.355009,-0.207024,0.504806,-0.617540,0.194932,-0.828388,-0.106015,-0.814032,0.362212,-0.986717,0.388497,-1.300755,0.322931,-0.978153,0.276510,-0.805969,0.097752,-1.015158,0.105750,-1.299921,0.062192,-0.915937,0.068825,-0.782373,-0.139340,-0.984974,-0.154285,-1.199750,-0.160280,-0.840619,-0.156129,-0.636827,-0.377023,-0.936961,-0.431998,-1.355348,-0.478700,-1.588199,-0.511886,-1.825433
I,Right,legacy_asl_I_234,0.000000,0.000000,0.357777,-0.185024,0.524784,-0.579424,0.231929,-0.801194,-0.063367,-0.802079,0.403530,-0.947871,0.444847,-1.253963,0.364654,-0.941438,0.310669,-0.775199,0.146074,-0.988838,0.168038,-1.267182,0.106342,-0.893480,0.106204,-0.762411,-0.087502,-0.971061,-0.091470,-1.182036,-0.115164,-0.830797,-0.121217,-0.631109,-0.322541,-0.935861,-0.355587,-1.348129,-0.389743,-1.578373,-0.410452,-1.812238
I,Right,legacy_asl_I_235,0.012093,0.001924,0.373799,-0.225779,0.526238,-0.611132,0.169663,-0.811989,-0.102677,-0.792801,0.367966,-0.967781,0.393236,-1.288967,0.328628,-0.936134,0.260973,-0.802147,0.081549,-1.003986,0.097857,-1.268167,0.076729,-0.884562,0.067256,-0.778499,-0.135938,-0.994778,-0.154604,-1.180092,-0.149119,-0.826438,-0.167658,-0.620642,-0.400992,-0.947201,-0.426862,-1.320989,-0.484607,-1.558409,-0.526150,-1.789779
I,Right,legacy_asl_I_236,0.000000,0.000000,0.360237,-0.210073,0.512241,-0.626636,0.197803,-0.840589,-0.107577,-0.826021,0.367547,-1.001250,0.394219,-1.319913,0.327687,-0.992560,0.280583,-0.817839,0.099192,-1.030110,0.107307,-1.319067,0.063108,-0.929427,0.069838,-0.793895,-0.141392,-0.999481,-0.156558,-1.217420,-0.162640,-0.852999,-0.158428,-0.646206,-0.382576,-0.950761,-0.438361,-1.375310,-0.485751,-1.611590,-0.519426,-1.852319
I,Right,legacy_asl_I_237,0.000000,0.000000,0.362956,-0.174647,0.541248,-0.564075,0.254899,-0.794184,-0.040249,-0.803571,0.430652,-0.935860,0.480765,-1.240636,0.391607,-0.930549,0.332858,-0.765934,0.174483,-0.984222,0.204451,-1.261819,0.132021,-0.890048,0.128110,-0.759037,-0.059508,-0.973177,-0.057401,-1.184179,-0.091198,-0.833768,-0.102997,-0.634338,-0.295464,-0.944759,-0.316627,-1.357807,-0.344140,-1.588940,-0.358107,-1.823304
I,Right,legacy_asl_I_238,0.004846,0.007806,0.419723,-0.238011,0.619020,-0.690160,0.371615,-1.081881,0.035797,-1.102722,0.514899,-0.941027,0.514646,-1.283743,0.385684,-1.015147,0.393966,-0.819107,0.275309,-0.962180,0.168507,-1.298838,0.149678,-0.969347,0.135568,-0.735230,0.034817,-0.982427,-0.112121,-1.245786,-0.070781,-0.947306,-0.028521,-0.666598,-0.209360,-0.978371,-0.257978,-1.330795,-0.213002,-1.564990,-0.205261,-1.789492
I,Right,legacy_asl_I_239,0.000000,0.000000,0.380587,-0.242863,0.585541,-0.648875,0.376253,-1.014821,0.053626,-1.061638,0.493774,-0.892553,0.466223,-1.226091,0.377287,-0.970525,0.380560,-0.800896,0.245122,-0.920928,0.162879,-1.223002,0.122728,-0.920260,0.141470,-0.731749,0.017544,-0.926273,-0.085012,-1.188657,-0.066968,-0.889553,-0.032331,-0.652382,-0.214604,-0.924205,-0.233604,-1.270522,-0.227083,-1.493636,-0.215706,-1.701189
I,Right,legacy_asl_I_240,0.000000,0.000000,0.406443,-0.242137,0.634174,-0.660806,0.426733,-1.050835,0.090315,-1.110248,0.545894,-0.918989,0.527764,-1.269227,0.426392,-1.004405,0.424364,-0.826628,0.286365,-0.956708,0.209939,-1.275749,0.158146,-0.959945,0.171714,-0.761893,0.048169,-0.969626,-0.050811,-1.247749,-0.041531,-0.933883,-0.012881,-0.684353,-0.195053,-0.974926,-0.203815,-1.338274,-0.189807,-1.571757,-0.171215,-1.788785
I,Right,legacy_asl_I_241,-0.003143,0.013307,0.402002,-0.254608,0.619544,-0.699601,0.415343,-1.071968,0.080092,-1.107389,0.502374,-0.937186,0.487382,-1.260124,0.407371,-1.033276,0.421315,-0.833321,0.262492,-0.974331,0.187539,-1.286958,0.097165,-0.975348,0.151955,-0.748027,0.032335,-0.965548,-0.089809,-1.270801,-0.107351,-0.920299,-0.053421,-0.680439,-0.221212,-0.975262,-0.220045,-1.330866,-0.228608,-1.572379,-0.219584,-1.794360
I,Right,legacy_asl_I_242,0.000000,0.000000,0.393539,-0.251129,0.605468,-0.670957,0.389057,-1.049358,0.055451,-1.097768,0.510578,-0.922928,0.482089,-1.267817,0.390127,-1.003554,0.393512,-0.828153,0.253464,-0.952269,0.168422,-1.264623,0.126904,-0.951579,0.146285,-0.756652,0.018141,-0.957796,-0.087906,-1.229109,-0.069247,-0.919826,-0.033432,-0.674584,-0.221908,-0.955658,-0.241555,-1.313760,-0.234811,-1.544467,-0.223047,-1.759084
I,Right,legacy_asl_I_243,0.000000,0.000000,0.389957,-0.267879,0.590176,-0.700381,0.357980,-1.076199,0.018428,-1.113763,0.485407,-0.952324,0.444697,-1.300660,0.360638,-1.029844,0.370095,-0.852308,0.223984,-0.973204,0.127114,-1.286644,0.095824,-0.968154,0.122153,-0.771392,-0.014549,-0.970712,-0.131283,-1.241863,-0.101753,-0.929252,-0.057049,-0.682093,-0.257605,-0.960295,-0.289814,-1.322319,-0.290914,-1.556219,-0.286376,-1.773994
I,Right,legacy_asl_I_244,-0.018325,0.007074,0.387237,-0.242011,0.598206,-0.697632,0.386005,-1.051255,0.052026,-1.093443,0.523593,-0.950162,0.496094,-1.308905,0.411109,-0.995912,0.393576,-0.828951,0.281158,-0.959025,0.180355,-1.277852,0.123816,-0.975505,0.139441,-0.776674,0.025528,-0.977041,-0.076228,-1.203324,-0.074214,-0.962767,-0.032018,-0.704591,-0.201390,-0.966356,-0.225790,-1.329140,-0.229341,-1.575179,-0.230122,-1.781852
I,Right,legacy_asl_I_245,0.000000,0.000000,0.380210,-0.242623,0.584962,-0.648233,0.375881,-1.013818,0.053573,-1.060588,0.493286,-0.891670,0.465762,-1.224878,0.376914,-0.969565,0.380184,-0.800105,0.244880,-0.920018,0.162718,-1.221793,0.122606,-0.919350,0.141330,-0.731026,0.017526,-0.925357,-0.084928,-1.187482,-0.066902,-0.888674,-0.032299,-0.651737,-0.214392,-0.923291,-0.233374,-1.269266,-0.226858,-1.492159,-0.215493,-1.699507
I,Right,legacy_asl_I_246,0.000000,0.000000,0.388869,-0.269456,0.587334,-0.702765,0.353619,-1.077640,0.013917,-1.113829,0.481546,-0.954282,0.439426,-1.302450,0.356465,-1.031296,0.366641,-0.853800,0.220041,-0.974103,0.121902,-1.287148,0.091902,-0.968534,0.119028,-0.771880,-0.018480,-0.970646,-0.136311,-1.241321,-0.105516,-0.928832,-0.059811,-0.681856,-0.261492,-0.959244,-0.295166,-1.321134,-0.297214,-1.555028,-0.293558,-1.772820
I,Right,legacy_asl_I_247,-0.006430,0.018294,0.402769,-0.259839,0.639164,-0.665733,0.372290,-1.054228,0.065293,-1.094772,0.502435,-0.927338,0.482249,-1.300159,0.384124,-1.025707,0.368990,-0.861997,0.259055,-0.962585,0.173340,-1.298749,0.141040,-0.958008,0.122567,-0.783932,0.013396,-0.973303,-0.105581,-1.223732,-0.078775,-0.932408,-0.031795,-0.674347,-0.237960,-0.960020,-0.248424,-1.338034,-0.255634,-1.553272,-0.227816,-1.790769
I,Right,legacy_asl_I_248,0.000000,0.000000,0.384172,-0.245151,0.591057,-0.654987,0.379797,-1.024381,0.054131,-1.071639,0.498426,-0.900961,0.470615,-1.237641,0.380841,-0.979668,0.384145,-0.808441,0.247431,-0.929604,0.164414,-1.234523,0.123884,-0.928930,0.142803,-0.738642,0.017709,-0.934999,-0.085813,-1.199855,-0.067599,-0.897933,-0.032636,-0.658528,-0.216626,-0.932911,-0.235805,-1.282491,-0.229222,-1.507707,-0.217738,-1.717215
I,Right,legacy_asl_I_249,0.000000,0.000000,0.413089,-0.230616,0.652499,-0.642717,0.456104,-1.038423,0.121490,-1.107270,0.571512,-0.903280,0.563235,-1.253889,0.454458,-0.992021,0.447434,-0.814372,0.313146,-0.948279,0.245719,-1.269343,0.185069,-0.955120,0.193064,-0.756765,0.075407,-0.967888,-0.015715,-1.248684,-0.015262,-0.934682,0.006362,-0.684445,-0.167569,-0.980024,-0.166114,-1.343475,-0.145549,-1.576472,-0.120863,-1.792891
I,Right,legacy_asl_I_250,0.022250,0.002126,0.405400,-0.236691,0.696810,-0.659837,0.484687,-1.029544,0.201996,-1.118709,0.376082,-0.952300,0.406395,-1.283736,0.409492,-1.074155,0.391166,-0.854477,0.096042,-0.999630,0.106326,-1.313273,0.146923,-1.002486,0.182390,-0.780563,-0.078000,-1.002403,-0.085395,-1.265111,-0.025077,-0.957661,-0.002269,-0.670703,-0.325690,-0.927337,-0.293599,-1.337899,-0.244518,-1.592219,-0.239741,-1.862455
I,Right,legacy_asl_I_251,0.000000,0.000000,0.413455,-0.211677,0.655958,-0.625788,0.504472,-0.984916,0.196445,-1.063586,0.366158,-0.938109,0.394952,-1.239265,0.384697,-1.017879,0.367512,-0.816099,0.123730,-0.957502,0.115910,-1.267916,0.151558,-0.972484,0.159662,-0.728810,-0.094047,-0.943665,-0.096212,-1.239612,-0.023002,-0.927094,0.012772,-0.651439,-0.316438,-0.907071,-0.285184,-1.282466,-0.248004,-1.537916,-0.227162,-1.777436
I,Right,legacy_asl_I_252,0.000000,0.000000,0.422151,-0.230558,0.661738,-0.665946,0.494991,-1.033523,0.173950,-1.106444,0.353105,-0.981244,0.374584,-1.293793,0.370090,-1.064334,0.357879,-0.854978,0.101610,-0.994616,0.084932,-1.315737,0.130002,-1.010896,0.145129,-0.758870,-0.123448,-0.974271,-0.133872,-1.280572,-0.049445,-0.959081,-0.004791,-0.674715,-0.352654,-0.930241,-0.330679,-1.319710,-0.299254,-1.585177,-0.284301,-1.833701
I,Right,legacy_asl_I_253,-0.034190,-0.004872,0.427583,-0.197493,0.673201,-0.650571,0.530428,-1.026198,0.209755,-1.085874,0.411707,-0.966321,0.391348,-1.298403,0.407031,-1.035098,0.386678,-0.841949,0.140722,-0.978246,0.094075,-1.334880,0.167228,-0.996681,0.153273,-0.777010,-0.109162,-1.024356,-0.088855,-1.268836,-0.004266,-0.970579,0.010088,-0.679638,-0.336196,-0.973827,-0.293755,-1.346282,-0.272701,-1.614096,-0.240565,-1.859291
I,Right,legacy_asl_I_254,0.000000,0.000000,0.425647,-0.217919,0.675302,-0.644242,0.519349,-1.013960,0.202238,-1.094950,0.376956,-0.965772,0.406599,-1.275809,0.396042,-1.047895,0.378349,-0.840165,0.127379,-0.985737,0.119328,-1.305305,0.156027,-1.001162,0.164370,-0.750302,-0.096820,-0.971492,-0.099049,-1.276166,-0.023680,-0.954433,0.013148,-0.670649,-0.325770,-0.933820,-0.293593,-1.320285,-0.255318,-1.583268,-0.233861,-1.829850
I,Right,legacy_asl_I_255,0.000000,0.000000,0.418708,-0.236753,0.651853,-0.675625,0.479708,-1.040704,0.157627,-1.108887,0.338607,-0.986340,0.355479,-1.299172,0.354367,-1.069672,0.345242,-0.860158,0.086943,-0.996005,0.065535,-1.316846,0.115092,-1.012701,0.133931,-0.760927,-0.137791,-0.972346,-0.152727,-1.278460,-0.063572,-0.958249,-0.014733,-0.674571,-0.366323,-0.924943,-0.350089,-1.314694,-0.322580,-1.580595,-0.311290,-1.829312
I,Right,legacy_asl_I_256,-0.013531,0.010004,0.406860,-0.249939,0.670752,-0.638043,0.545437,-1.000528,0.212443,-1.107641,0.370682,-0.984605,0.394347,-1.273290,0.432864,-1.066646,0.381128,-0.864055,0.094309,-0.971265,0.121958,-1.286516,0.175796,-1.018276,0.137925,-0.766113,-0.106872,-0.972970,-0.089257,-1.268771,-0.026886,-0.958626,0.018736,-0.656692,-0.344125,-0.951025,-0.297478,-1.323036,-0.259142,-1.591614,-0.235630,-1.840199
I,Right,legacy_asl_I_257,0.000000,0.000000,0.417094,-0.213541,0.661732,-0.631297,0.508913,-0.993586,0.198174,-1.072948,0.369381,-0.946366,0.398428,-1.250173,0.388084,-1.026839,0.370747,-0.823282,0.124820,-0.965930,0.116931,-1.279077,0.152892,-0.981045,0.161067,-0.735225,-0.094875,-0.951971,-0.097059,-1.250523,-0.023204,-0.935255,0.012884,-0.657173,-0.319224,-0.915056,-0.287694,-1.293755,-0.250187,-1.551454,-0.229162,-1.793082
I,Right,legacy_asl_I_258,0.000000,0.000000,0.431391,-0.212767,0.688912,-0.637794,0.537627,-1.012000,0.219903,-1.098235,0.393685,-0.965678,0.428170,-1.277061,0.414118,-1.047989,0.393194,-0.839323,0.142966,-0.989518,0.139683,-1.311056,0.172011,-1.004601,0.176624,-0.752164,-0.082745,-0.978569,-0.080396,-1.285038,-0.009438,-0.960309,0.023328,-0.674329,-0.313586,-0.944127,-0.275401,-1.332342,-0.232942,-1.596269,-0.207647,-1.843954
I,Right,legacy_asl_I_259,-0.018757,0.009770,0.418875,-0.238735,0.657028,-0.671307,0.502406,-1.051185,0.201472,-1.088288,0.382355,-0.959721,0.437197,-1.317084,0.412913,-1.080645,0.386012,-0.837638,0.108494,-1.001921,0.144676,-1.334175,0.132642,-1.017936,0.167180,-0.759773,-0.113126,-0.973942,-0.132029,-1.298463,-0.042685,-0.971082,0.009876,-0.675778,-0.337682,-0.958334,-0.278047,-1.319237,-0.259080,-1.570897,-0.209133,-1.856511
I,Right,legacy_asl_I_260,0.000000,0.000000,0.424975,-0.217575,0.674236,-0.643225,0.518529,-1.012360,0.201919,-1.093221,0.376361,-0.964248,0.405957,-1.273795,0.395416,-1.046241,0.377752,-0.838838,0.127178,-0.984181,0.119140,-1.303245,0.155781,-0.999581,0.164110,-0.749117,-0.096667,-0.969959,-0.098892,-1.274152,-0.023642,-0.952926,0.013128,-0.669590,-0.325255,-0.932346,-0.293130,-1.318201,-0.254914,-1.580768,-0.233491,-1.826962
I,Right,legacy_asl_I_261,0.000000,0.000000,0.440087,-0.194143,0.715531,-0.607780,0.580370,-0.988107,0.266620,-1.087837,0.434581,-0.947978,0.482337,-1.257603,0.458512,-1.029340,0.428693,-0.821759,0.185109,-0.982507,0.195566,-1.303891,0.214773,-0.996335,0.208596,-0.743932,-0.040863,-0.981210,-0.025424,-1.287299,0.031596,-0.959835,0.052115,-0.672717,-0.272964,-0.956662,-0.218230,-1.342892,-0.164534,-1.604764,-0.128680,-1.851142
I,Right,legacy_asl_I_262,0.006090,-0.006948,0.302339,-0.265526,0.525721,-0.662070,0.268431,-0.907425,-0.071587,-1.019723,0.267883,-1.068910,0.265270,-1.350344,0.262836,-1.087317,0.260515,-0.841518,-0.042465,-0.987587,-0.021151,-1.234813,0.025058,-0.905698,0.073273,-0.670072,-0.276937,-0.920210,-0.277601,-1.101867,-0.182295,-0.714877,-0.085548,-0.487607,-0.516941,-0.845313,-0.559885,-1.165765,-0.619194,-1.440536,-0.697742,-1.674270
I,Right,legacy_asl_I_263,0.000000,0.000000,0.314367,-0.244912,0.495089,-0.595409,0.245571,-0.866145,-0.062120,-0.969147,0.243116,-0.986541,0.237291,-1.268217,0.232717,-0.993942,0.250432,-0.787478,-0.018868,-0.936094,-0.031551,-1.173483,0.021846,-0.836453,0.070990,-0.633962,-0.244868,-0.860980,-0.274370,-1.017522,-0.159089,-0.684287,-0.072138,-0.454631,-0.470017,-0.782087,-0.539786,-1.137373,-0.593434,-1.355391,-0.643745,-1.574285
I,Right,legacy_asl_I_264,0.000000,0.000000,0.352222,-0.237418,0.570060,-0.596898,0.324548,-0.903062,0.004898,-1.035119,0.330753,-1.031267,0.345181,-1.331223,0.320236,-1.039900,0.323958,-0.819052,0.048471,-0.996804,0.052364,-1.250168,0.084470,-0.887867,0.121903,-0.668944,-0.197352,-0.933476,-0.217263,-1.102099,-0.119073,-0.739304,-0.043425,-0.488727,-0.442547,-0.866066,-0.490726,-1.248978,-0.531813,-1.484741,-0.569286,-1.721192
I,Right,legacy_asl_I_265,0.007866,-0.012997,0.359895,-0.279238,0.509091,-0.629279,0.258812,-0.911044,-0.038163,-1.056420,0.250207,-1.040125,0.256854,-1.347699,0.261306,-1.046701,0.270057,-0.844164,-0.012798,-0.974252,-0.030427,-1.242810,0.020490,-0.897434,0.080531,-0.684046,-0.252143,-0.908894,-0.298627,-1.060714,-0.181529,-0.724675,-0.095116,-0.503688,-0.484110,-0.852682,-0.568217,-1.186526,-0.633513,-1.425007,-0.681148,-1.679961
I,Right,legacy_asl_I_266,0.000000,0.000000,0.322789,-0.251473,0.508353,-0.611360,0.252150,-0.889350,-0.063784,-0.995111,0.249630,-1.012971,0.243648,-1.302194,0.238951,-1.020571,0.257142,-0.808575,-0.019373,-0.961172,-0.032396,-1.204922,0.022431,-0.858862,0.072891,-0.650946,-0.251428,-0.884046,-0.281721,-1.044782,-0.163352,-0.702619,-0.074071,-0.466811,-0.482609,-0.803039,-0.554247,-1.167844,-0.609333,-1.391702,-0.660991,-1.616461
I,Right,legacy_asl_I_267,0.000000,0.000000,0.320648,-0.278591,0.493031,-0.661948,0.212023,-0.935894,-0.121343,-1.027993,0.202551,-1.063900,0.180300,-1.363377,0.191060,-1.071186,0.221681,-0.852440,-0.073423,-0.995277,-0.100450,-1.247225,-0.024411,-0.891542,0.039435,-0.678816,-0.309691,-0.902450,-0.350013,-1.067388,-0.208323,-0.719270,-0.102688,-0.479786,-0.544838,-0.805649,-0.639344,-1.179830,-0.708869,-1.408825,-0.774891,-1.638943
I,Right,legacy_asl_I_268,-0.005349,0.013458,0.349718,-0.270802,0.490110,-0.648312,0.270495,-0.908392,-0.072438,-1.030674,0.268661,-1.057640,0.236818,-1.335617,0.232561,-1.052235,0.274197,-0.832977,-0.039131,-1.002949,-0.057366,-1.249745,0.028220,-0.897963,0.051418,-0.701541,-0.266900,-0.903280,-0.314897,-1.092303,-0.182056,-0.740429,-0.081334,-0.483855,-0.503279,-0.828496,-0.578947,-1.225905,-0.638601,-1.451204,-0.675997,-1.664456
I,Right,legacy_asl_I_269,0.000000,0.000000,0.339056,-0.264146,0.533972,-0.642170,0.264857,-0.934169,-0.066998,-1.045260,0.262210,-1.064020,0.255927,-1.367818,0.250993,-1.072003,0.270100,-0.849323,-0.020350,-1.009611,-0.034029,-1.265644,0.023561,-0.902144,0.076565,-0.683751,-0.264099,-0.928598,-0.295918,-1.097434,-0.171584,-0.738028,-0.077803,-0.490336,-0.506930,-0.843509,-0.582179,-1.226698,-0.640040,-1.461838,-0.694302,-1.697923
I,Right,legacy_asl_I_270,0.000000,0.000000,0.314313,-0.285718,0.478048,-0.672849,0.190961,-0.940418,-0.144389,-1.025010,0.178617,-1.068179,0.149649,-1.367081,0.166966,-1.075205,0.202489,-0.857201,-0.095747,-0.993378,-0.128422,-1.244656,-0.044418,-0.890769,0.024187,-0.679531,-0.329871,-0.895271,-0.373885,-1.059262,-0.224416,-0.714413,-0.113432,-0.477360,-0.562786,-0.793215,-0.665667,-1.165181,-0.740315,-1.392557,-0.811486,-1.621135
I,Right,legacy_asl_I_271,0.019290,-0.005008,0.328234,-0.277582,0.510554,-0.624909,0.242574,-0.934610,-0.077945,-1.034177,0.254393,-1.039259,0.244817,-1.380414,0.211025,-1.059551,0.254505,-0.855090,0.006260,-1.000457,-0.041077,-1.249041,0.029412,-0.920199,0.098542,-0.658747,-0.259289,-0.902336,-0.310123,-1.081727,-0.171065,-0.717256,-0.077724,-0.519166,-0.529259,-0.863463,-0.593212,-1.192876,-0.632609,-1.410315,-0.698721,-1.675830
I,Right,legacy_asl_I_272,0.000000,0.000000,0.334198,-0.260361,0.526321,-0.632968,0.261062,-0.920784,-0.066038,-1.030283,0.258453,-1.048774,0.252260,-1.348219,0.247397,-1.056642,0.266230,-0.837153,-0.020058,-0.995144,-0.033541,-1.247509,0.023224,-0.889218,0.075468,-0.673953,-0.260315,-0.915292,-0.291678,-1.081709,-0.169125,-0.727453,-0.076689,-0.483310,-0.499666,-0.831422,-0.573837,-1.209121,-0.630869,-1.440891,-0.684353,-1.673594
I,Right,legacy_asl_I_273,0.000000,0.000000,0.350740,-0.239603,0.566339,-0.600430,0.318929,-0.905062,-0.001536,-1.035129,0.324337,-1.033303,0.336901,-1.333343,0.313767,-1.041870,0.318862,-0.821050,0.042275,-0.997086,0.044593,-1.250469,0.078950,-0.888375,0.117743,-0.669689,-0.203150,-0.932231,-0.224109,-1.100727,-0.123666,-0.738549,-0.046462,-0.488448,-0.447921,-0.863299,-0.498479,-1.245904,-0.541030,-1.481407,-0.579972,-1.717621
I,Right,legacy_asl_I_274,-0.015659,-0.004663,0.321118,-0.197795,0.524031,-0.540748,0.319415,-0.829656,0.031175,-0.902378,0.369451,-0.967821,0.402029,-1.248225,0.381864,-0.999300,0.366648,-0.792886,0.120388,-0.949725,0.170730,-1.276325,0.138525,-0.945805,0.176503,-0.807577,-0.081297,-0.973760,-0.100883,-1.252686,-0.023322,-0.903874,0.030421,-0.715194,-0.324963,-0.905166,-0.383413,-1.272745,-0.398355,-1.508332,-0.459313,-1.743323
I,Right,legacy_asl_I_275,0.000000,0.000000,0.342330,-0.202122,0.536286,-0.563504,0.325094,-0.862977,0.036511,-0.952164,0.379729,-0.992175,0.430401,-1.323556,0.388410,-1.023241,0.357998,-0.836212,0.137579,-1.022952,0.155701,-1.334448,0.162997,-0.974157,0.179335,-0.847037,-0.093671,-1.005794,-0.101868,-1.287431,-0.015471,-0.956431,0.023626,-0.736993,-0.329215,-0.960358,-0.410641,-1.336838,-0.435207,-1.561383,-0.465554,-1.810930
I,Right,legacy_asl_I_276,0.000000,0.000000,0.342401,-0.172300,0.552366,-0.507407,0.368569,-0.809165,0.096718,-0.913633,0.429487,-0.929921,0.499670,-1.245436,0.439847,-0.959246,0.398492,-0.781289,0.198526,-0.975193,0.236110,-1.273684,0.219822,-0.926608,0.227316,-0.803259,-0.025050,-0.973647,-0.014717,-1.245115,0.046986,-0.921100,0.070403,-0.707468,-0.254585,-0.945173,-0.308564,-1.312619,-0.317672,-1.530224,-0.330723,-1.772254
I,Right,legacy_asl_I_277,0.005896,0.029508,0.326630,-0.190159,0.515770,-0.540905,0.316794,-0.824366,0.042163,-0.916606,0.348931,-0.948902,0.409496,-1.279645,0.368307,-0.999071,0.348663,-0.807620,0.122318,-0.973890,0.140614,-1.255169,0.147563,-0.957371,0.149662,-0.805048,-0.076930,-0.967194,-0.095757,-1.253805,-0.021579,-0.921100,0.025428,-0.697657,-0.319155,-0.926152,-0.386320,-1.286454,-0.423237,-1.544999,-0.421602,-1.732229
I,Right,legacy_asl_I_278,0.000000,0.000000,0.341181,-0.201444,0.534485,-0.561611,0.324002,-0.860078,0.036389,-0.948966,0.378454,-0.988842,0.428955,-1.319110,0.387105,-1.019804,0.356796,-0.833404,0.137116,-1.019516,0.155178,-1.329966,0.162450,-0.970885,0.178733,-0.844192,-0.093357,-1.002416,-0.101526,-1.283107,-0.015419,-0.953219,0.023546,-0.734517,-0.328109,-0.957132,-0.409261,-1.332347,-0.433746,-1.556139,-0.463991,-1.804848
I,Right,legacy_asl_I_279,0.000000,0.000000,0.330813,-0.193619,0.519154,-0.541340,0.316632,-0.830865,0.038716,-0.917922,0.369787,-0.955233,0.419865,-1.274556,0.378271,-0.985154,0.348259,-0.804937,0.136424,-0.985800,0.155046,-1.286072,0.160752,-0.938660,0.176036,-0.816033,-0.086606,-0.970111,-0.093470,-1.241689,-0.011389,-0.922227,0.025498,-0.710505,-0.313879,-0.927171,-0.390999,-1.290465,-0.413858,-1.507057,-0.442197,-1.747777
I,Right,legacy_asl_I_280,-0.008361,-0.018643,0.326318,-0.196627,0.527600,-0.546864,0.324349,-0.809575,0.044961,-0.888298,0.378693,-0.982002,0.418016,-1.281012,0.371964,-0.985940,0.341694,-0.789658,0.122354,-0.988696,0.115976,-1.266112,0.144787,-0.940120,0.181381,-0.810585,-0.094602,-0.973627,-0.073094,-1.239577,0.002768,-0.945049,0.069904,-0.680445,-0.335543,-0.929724,-0.388602,-1.292482,-0.410559,-1.507970,-0.429180,-1.747228
I,Right,legacy_asl_I_281,0.000000,0.000000,0.314910,-0.185933,0.493330,-0.518368,0.299054,-0.793853,0.033587,-0.875896,0.349313,-0.912702,0.395926,-1.217539,0.357298,-0.941280,0.329323,-0.769232,0.126559,-0.941014,0.143229,-1.227559,0.149941,-0.896128,0.164970,-0.779189,-0.086168,-0.925231,-0.093709,-1.184309,-0.014232,-0.879821,0.021733,-0.677960,-0.302845,-0.883433,-0.377748,-1.229757,-0.400348,-1.436317,-0.428264,-1.665875
I,Right,legacy_asl_I_282,0.000000,0.000000,0.339520,-0.177911,0.543941,-0.516428,0.355204,-0.815121,0.081670,-0.915100,0.414126,-0.936863,0.479107,-1.253490,0.424002,-0.966354,0.385581,-0.787741,0.182451,-0.978328,0.215118,-1.277397,0.204544,-0.930100,0.214067,-0.806891,-0.041069,-0.973103,-0.035205,-1.244705,0.031822,-0.921748,0.058751,-0.708531,-0.270104,-0.940855,-0.330123,-1.307363,-0.342811,-1.524789,-0.359843,-1.766572
I,Right,legacy_asl_I_283,-0.012502,-0.008063,0.325075,-0.200748,0.516744,-0.504917,0.308523,-0.831669,0.022305,-0.942302,0.384925,-0.957187,0.393758,-1.271121,0.367739,-0.983780,0.372529,-0.796999,0.133146,-0.990503,0.152506,-1.304919,0.177177,-0.937754,0.175851,-0.851528,-0.111331,-0.986254,-0.101898,-1.249647,-0.000597,-0.924514,0.034508,-0.716018,-0.311524,-0.945967,-0.388579,-1.304335,-0.407773,-1.483667,-0.428865,-1.758811
I,Right,legacy_asl_I_284,0.000000,0.000000,0.333566,-0.196947,0.522555,-0.549076,0.316770,-0.840882,0.035576,-0.927785,0.370007,-0.966771,0.419381,-1.289668,0.378465,-0.997042,0.348832,-0.814802,0.134056,-0.996760,0.151714,-1.300281,0.158824,-0.949215,0.174743,-0.825349,-0.091273,-0.980042,-0.099260,-1.254468,-0.015075,-0.931943,0.023021,-0.718123,-0.320786,-0.935769,-0.400127,-1.302610,-0.424065,-1.521406,-0.453634,-1.764564
I,Right,legacy_asl_I_285,0.000000,0.000000,0.342294,-0.172513,0.552050,-0.507751,0.368064,-0.809395,0.096148,-0.913693,0.428906,-0.930189,0.498892,-1.245748,0.439248,-0.959520,0.398005,-0.781537,0.197917,-0.975317,0.235315,-1.273831,0.219244,-0.926745,0.226815,-0.803401,-0.025658,-0.973631,-0.015494,-1.245106,0.046412,-0.921129,0.069961,-0.707512,-0.255175,-0.945014,-0.309383,-1.312426,-0.318627,-1.530025,-0.331829,-1.772048
I,Right,legacy_asl_I_286,-0.012087,0.026803,0.334010,-0.199068,0.549976,-0.558562,0.297175,-0.836753,0.036395,-0.952688,0.385806,-0.952787,0.384142,-1.272388,0.381469,-1.003396,0.370966,-0.812045,0.104941,-1.009467,0.130710,-1.273275,0.170436,-0.969231,0.183129,-0.820011,-0.082940,-0.980867,-0.103983,-1.287792,-0.027028,-0.937382,0.004519,-0.670242,-0.345670,-0.929042,-0.437001,-1.339470,-0.447833,-1.541554,-0.503577,-1.790874
I,Right,legacy_asl_I_287,0.000000,0.000000,0.324341,-0.196556,0.506603,-0.545660,0.304380,-0.808645,0.043386,-0.904395,0.361694,-0.903356,0.389339,-1.222180,0.365929,-0.949736,0.358887,-0.784022,0.129145,-0.937459,0.130969,-1.224843,0.146827,-0.907356,0.175412,-0.792666,-0.094984,-0.923407,-0.107095,-1.194177,-0.035098,-0.878872,0.005584,-0.655516,-0.316044,-0.888205,-0.399808,-1.252782,-0.437007,-1.473296,-0.474187,-1.696494
I,Right,legacy_asl_I_288,0.000000,0.000000,0.353168,-0.187495,0.565906,-0.544065,0.368775,-0.832987,0.099775,-0.949390,0.434771,-0.929253,0.482944,-1.263200,0.442003,-0.977820,0.424677,-0.803807,0.192025,-0.979063,0.211138,-1.281460,0.208837,-0.946319,0.232065,-0.823883,-0.044738,-0.977680,-0.041287,-1.263423,0.015634,-0.927219,0.045095,-0.689676,-0.279537,-0.953851,-0.345898,-1.342624,-0.371862,-1.576967,-0.397645,-1.814135
I,Right,legacy_asl_I_289,-0.006781,0.003651,0.341475,-0.203812,0.541649,-0.570657,0.351337,-0.842476,0.029916,-0.956867,0.364073,-0.962027,0.399131,-1.279455,0.349957,-1.016388,0.371164,-0.828180,0.114308,-0.969950,0.160079,-1.273097,0.156423,-0.936480,0.152356,-0.833908,-0.112032,-0.976475,-0.135645,-1.252114,-0.043236,-0.919955,-0.004013,-0.688066,-0.354945,-0.933700,-0.411438,-1.321403,-0.459189,-1.576332,-0.495632,-1.784841
I,Right,legacy_asl_I_290,0.000000,0.000000,0.355924,-0.215696,0.555934,-0.598793,0.334019,-0.887387,0.047610,-0.992460,0.396914,-0.991320,0.427251,-1.341189,0.401561,-1.042216,0.393833,-0.860366,0.141721,-1.028744,0.143722,-1.344111,0.161124,-0.995710,0.192493,-0.869852,-0.104233,-1.013323,-0.117523,-1.310459,-0.038516,-0.964452,0.006128,-0.719347,-0.346819,-0.974693,-0.438739,-1.374771,-0.479560,-1.616757,-0.520361,-1.861689
I,Right,legacy_asl_I_291,0.000000,0.000000,0.347915,-0.197071,0.550836,-0.559318,0.345888,-0.842748,0.073809,-0.951761,0.409230,-0.940781,0.448265,-1.275919,0.415133,-0.989527,0.402565,-0.815106,0.165214,-0.983943,0.176061,-1.286749,0.182914,-0.951669,0.209477,-0.829914,-0.071423,-0.976094,-0.075778,-1.261824,-0.009695,-0.927300,0.026242,-0.690651,-0.305484,-0.945861,-0.382437,-1.332676,-0.414792,-1.566223,-0.447044,-1.802598
I,Right,legacy_asl_I_292,0.011008,-0.010149,0.355532,-0.217905,0.548095,-0.589695,0.326154,-0.836201,0.038234,-0.968393,0.378982,-0.948047,0.410490,-1.284751,0.399122,-1.008333,0.373988,-0.836382,0.137763,-0.975961,0.137830,-1.287929,0.127733,-0.982042,0.185268,-0.836490,-0.108997,-0.954497,-0.128827,-1.266443,-0.028487,-0.919357,0.019880,-0.669530,-0.314287,-0.942663,-0.427734,-1.311106,-0.463282,-1.565747,-0.504154,-1.786693
I,Right,legacy_asl_I_293,0.000000,0.000000,0.349485,-0.211794,0.545876,-0.587960,0.327976,-0.871332,0.046749,-0.974504,0.389733,-0.973385,0.419521,-1.316924,0.394296,-1.023360,0.386708,-0.844800,0.139157,-1.010132,0.141122,-1.319794,0.158209,-0.977695,0.189010,-0.854114,-0.102347,-0.994990,-0.115397,-1.286750,-0.037819,-0.947003,0.006017,-0.706333,-0.340544,-0.957059,-0.430801,-1.349899,-0.470884,-1.587507,-0.510947,-1.828008
I,Right,legacy_asl_I_294,0.000000,0.000000,0.337237,-0.214833,0.521115,-0.587108,0.301757,-0.859538,0.024395,-0.954307,0.359934,-0.960721,0.381552,-1.297431,0.363304,-1.009708,0.359790,-0.834870,0.114010,-0.991181,0.109152,-1.294143,0.133358,-0.959869,0.166194,-0.839653,-0.121903,-0.971082,-0.141056,-1.256203,-0.057730,-0.925552,-0.009578,-0.691083,-0.354083,-0.928762,-0.450975,-1.311070,-0.495387,-1.542627,-0.539843,-1.777013
I,Right,legacy_asl_I_295,0.003373,-0.005142,0.357212,-0.227809,0.540421,-0.585329,0.301577,-0.830218,0.044843,-0.952232,0.372938,-0.944286,0.413723,-1.288276,0.376831,-0.990782,0.386390,-0.836684,0.164453,-0.959885,0.128971,-1.309251,0.143858,-0.964871,0.184883,-0.837595,-0.102887,-1.003973,-0.094694,-1.266389,-0.048757,-0.898843,0.007110,-0.699892,-0.300944,-0.929563,-0.414065,-1.310204,-0.477045,-1.513061,-0.492538,-1.794197
I,Right,legacy_asl_I_296,0.000000,0.000000,0.318998,-0.193318,0.498258,-0.536671,0.299366,-0.795324,0.042671,-0.889497,0.355736,-0.888475,0.382925,-1.202047,0.359901,-0.934091,0.352975,-0.771107,0.127018,-0.922016,0.128811,-1.204666,0.144408,-0.892410,0.172523,-0.779609,-0.093419,-0.908196,-0.105330,-1.174505,-0.034520,-0.864394,0.005493,-0.644718,-0.310838,-0.873573,-0.393222,-1.232145,-0.429808,-1.449026,-0.466376,-1.668548
I,Right,legacy_asl_I_297,0.000000,0.000000,0.338928,-0.212155,0.525749,-0.582961,0.308556,-0.857121,0.031953,-0.954083,0.367533,-0.957840,0.391817,-1.294368,0.371290,-1.006798,0.366392,-0.831994,0.121858,-0.990247,0.119400,-1.293238,0.140957,-0.958782,0.172840,-0.838310,-0.114207,-0.972017,-0.131101,-1.257281,-0.050397,-0.925980,-0.004104,-0.691137,-0.346715,-0.931537,-0.440576,-1.314602,-0.483152,-1.546502,-0.525750,-1.781234
I,Right,legacy_asl_I_298,-0.010229,0.016957,0.403353,-0.205835,0.568722,-0.615195,0.342667,-1.006056,0.009998,-1.091914,0.559801,-0.866284,0.465612,-1.225385,0.392868,-0.969516,0.390763,-0.824077,0.311266,-0.921380,0.172905,-1.249839,0.099917,-0.924469,0.106025,-0.726398,0.073648,-0.986723,-0.072380,-1.209599,-0.098243,-0.893995,-0.067184,-0.672211,-0.182641,-0.979894,-0.149723,-1.346776,-0.175295,-1.545040,-0.156415,-1.738103
I,Right,legacy_asl_I_299,0.000000,0.000000,0.403824,-0.229599,0.601305,-0.672709,0.350516,-1.065723,0.007869,-1.164655,0.613568,-0.943885,0.497357,-1.301828,0.386647,-1.034512,0.405389,-0.857343,0.331635,-1.008167,0.167455,-1.320636,0.101217,-0.991623,0.122069,-0.771198,0.069332,-1.030052,-0.096643,-1.311477,-0.116070,-0.978127,-0.086538,-0.710277,-0.185120,-1.039952,-0.176578,-1.414091,-0.176461,-1.645541,-0.170646,-1.849315
