label,handedness,timestamp,x0,y0,x1,y1,x2,y2,x3,y3,x4,y4,x5,y5,x6,y6,x7,y7,x8,y8,x9,y9,x10,y10,x11,y11,x12,y12,x13,y13,x14,y14,x15,y15,x16,y16,x17,y17,x18,y18,x19,y19,x20,y20
K,Right,legacy_asl_K_0,0.000000,0.000000,0.282321,-0.211224,0.387974,-0.630450,0.189366,-0.996299,0.003097,-1.266627,0.480211,-0.964324,0.638608,-1.442818,0.703587,-1.749103,0.753867,-2.012485,0.179071,-0.974841,0.114563,-1.510582,0.053827,-1.836356,0.000500,-2.109011,-0.084545,-0.856937,-0.181662,-1.141418,-0.102167,-0.783067,-0.047127,-0.539726,-0.313201,-0.660368,-0.359313,-0.863740,-0.281023,-0.584343,-0.227735,-0.383934
K,Right,legacy_asl_K_1,0.000000,0.000000,0.266110,-0.296231,0.303961,-0.723303,0.045128,-1.041083,-0.205458,-1.263618,0.223418,-1.042529,0.333094,-1.490758,0.372101,-1.780266,0.396382,-2.028120,-0.049453,-0.994909,-0.186329,-1.514420,-0.273621,-1.838983,-0.354788,-2.100583,-0.274869,-0.834882,-0.315931,-1.089199,-0.153989,-0.787751,-0.069425,-0.565815,-0.478276,-0.615925,-0.454172,-0.855139,-0.313057,-0.613015,-0.255354,-0.417090
K,Right,legacy_asl_K_2,0.000000,0.000000,0.247910,-0.305386,0.234951,-0.740878,-0.073450,-1.029607,-0.352558,-1.221824,0.124422,-1.052510,0.186306,-1.524191,0.189120,-1.816425,0.183827,-2.072302,-0.134975,-0.985203,-0.309168,-1.495559,-0.416672,-1.810899,-0.515446,-2.080135,-0.336797,-0.802290,-0.419975,-1.057845,-0.212538,-0.785838,-0.094914,-0.578013,-0.507618,-0.559036,-0.514837,-0.779394,-0.325743,-0.566714,-0.228296,-0.386085
K,Right,legacy_asl_K_3,0.000000,0.000000,0.293250,-0.225073,0.358947,-0.651980,0.078939,-0.993046,-0.162696,-1.244519,0.333353,-1.018544,0.442761,-1.473234,0.478502,-1.759405,0.514355,-2.008477,0.038584,-0.992160,-0.056532,-1.502761,-0.106341,-1.822324,-0.142481,-2.094137,-0.199283,-0.844349,-0.253710,-1.053686,-0.123253,-0.731079,-0.048026,-0.513254,-0.404198,-0.634199,-0.408310,-0.848354,-0.294123,-0.574147,-0.236759,-0.371694
K,Right,legacy_asl_K_4,0.000000,0.000000,0.281686,-0.246008,0.327433,-0.705529,0.012149,-1.041177,-0.275585,-1.243140,0.350270,-1.027972,0.408992,-1.505489,0.422036,-1.814898,0.434749,-2.082055,0.045195,-0.996234,-0.073543,-1.489923,-0.150651,-1.811036,-0.210896,-2.077447,-0.199899,-0.854716,-0.318885,-1.096224,-0.186018,-0.764674,-0.099388,-0.537718,-0.413677,-0.651324,-0.463657,-0.866282,-0.347330,-0.603029,-0.273427,-0.408799
K,Right,legacy_asl_K_5,0.000000,0.000000,0.377346,-0.168622,0.604323,-0.652616,0.464290,-1.053114,0.203461,-1.241001,0.523090,-0.962904,0.700866,-1.411872,0.800182,-1.718245,0.899588,-1.988747,0.196479,-0.967380,0.127585,-1.493352,0.064155,-1.828770,0.031400,-2.103335,-0.114499,-0.868336,-0.149430,-1.154713,-0.049122,-0.778190,0.019608,-0.497665,-0.412033,-0.695166,-0.403096,-0.908692,-0.298168,-0.589251,-0.237006,-0.347013
K,Right,legacy_asl_K_6,0.000000,0.000000,0.310215,-0.310562,0.327517,-0.779125,-0.001518,-1.105556,-0.309612,-1.275314,0.289454,-1.051743,0.334803,-1.545679,0.338966,-1.857698,0.335758,-2.122335,-0.017161,-0.998356,-0.167915,-1.512251,-0.268987,-1.832249,-0.369247,-2.090754,-0.252539,-0.845040,-0.376046,-1.102634,-0.200864,-0.807788,-0.099082,-0.582055,-0.463685,-0.621086,-0.502811,-0.867698,-0.353591,-0.618552,-0.268240,-0.399120
K,Right,legacy_asl_K_7,0.000000,0.000000,0.286562,-0.298857,0.288355,-0.730071,0.032750,-1.040465,-0.223082,-1.269906,0.167137,-1.045724,0.243668,-1.519725,0.258661,-1.814575,0.272252,-2.070764,-0.099355,-0.986946,-0.228954,-1.521120,-0.304982,-1.857329,-0.367865,-2.127727,-0.324969,-0.812152,-0.330620,-1.079851,-0.137831,-0.781069,-0.031407,-0.554780,-0.522274,-0.582273,-0.457743,-0.806739,-0.266980,-0.583358,-0.173753,-0.396486
K,Right,legacy_asl_K_8,0.000000,0.000000,0.251480,-0.376228,0.239518,-0.838688,-0.080885,-1.134620,-0.389466,-1.293634,0.029410,-1.049576,0.010544,-1.524965,-0.027499,-1.804311,-0.051993,-2.044074,-0.221127,-0.971512,-0.427214,-1.482161,-0.536957,-1.789837,-0.621946,-2.015966,-0.414708,-0.800155,-0.497321,-1.091861,-0.267180,-0.846213,-0.128789,-0.629635,-0.575452,-0.573820,-0.575293,-0.846181,-0.373912,-0.678314,-0.261713,-0.502266
K,Right,legacy_asl_K_9,0.000000,0.000000,0.202250,-0.361038,0.231191,-0.745165,-0.032307,-0.965787,-0.257335,-1.122295,0.154424,-1.063339,0.173756,-1.493224,0.153455,-1.766046,0.137571,-2.007489,-0.109813,-0.993549,-0.280952,-1.433850,-0.386187,-1.705083,-0.462279,-1.949193,-0.307725,-0.824916,-0.471236,-1.014668,-0.334563,-0.764597,-0.228617,-0.593398,-0.465339,-0.601427,-0.581833,-0.745870,-0.455150,-0.591837,-0.347427,-0.483275
K,Right,legacy_asl_K_10,0.000000,0.000000,0.202148,-0.373050,0.211955,-0.793216,-0.070481,-1.088965,-0.347095,-1.239128,0.074819,-1.045591,0.117068,-1.482891,0.120998,-1.754306,0.120718,-1.991691,-0.160250,-0.985653,-0.303272,-1.453479,-0.405969,-1.743201,-0.502142,-1.973559,-0.355524,-0.828995,-0.395709,-1.066595,-0.216565,-0.841960,-0.117939,-0.638054,-0.529526,-0.612044,-0.514607,-0.852339,-0.340056,-0.688132,-0.235887,-0.500631
K,Right,legacy_asl_K_11,0.000000,0.000000,0.275145,-0.253831,0.329914,-0.706346,0.017309,-1.027531,-0.269220,-1.231521,0.367222,-1.030907,0.432526,-1.500284,0.444465,-1.809642,0.450320,-2.074356,0.058708,-0.995858,-0.058177,-1.493460,-0.131693,-1.804102,-0.196073,-2.067195,-0.189482,-0.849363,-0.309801,-1.069317,-0.171486,-0.742424,-0.086825,-0.535531,-0.405540,-0.645235,-0.461676,-0.857433,-0.347885,-0.595225,-0.280402,-0.410145
K,Right,legacy_asl_K_12,0.000000,0.000000,0.236503,-0.324854,0.238617,-0.759823,-0.041592,-1.056786,-0.307321,-1.243605,0.114880,-1.052117,0.177491,-1.528314,0.186480,-1.818149,0.190569,-2.064356,-0.135662,-0.985895,-0.300244,-1.501579,-0.398651,-1.822880,-0.480142,-2.078681,-0.339884,-0.809529,-0.389196,-1.055440,-0.201605,-0.803958,-0.094748,-0.598470,-0.517778,-0.578129,-0.497497,-0.794524,-0.326045,-0.595235,-0.243680,-0.413442
K,Right,legacy_asl_K_13,0.000000,0.000000,0.283021,-0.243070,0.373709,-0.702707,0.206104,-1.093823,-0.017778,-1.338396,0.360684,-1.001921,0.461088,-1.414135,0.511863,-1.692428,0.574630,-1.944181,0.063389,-0.993593,-0.090740,-1.483483,-0.178826,-1.798551,-0.228625,-2.071877,-0.194855,-0.866343,-0.306719,-1.163302,-0.180574,-0.802980,-0.083634,-0.552317,-0.401138,-0.674463,-0.472647,-0.885502,-0.354344,-0.617489,-0.278657,-0.417152
K,Right,legacy_asl_K_14,0.000000,0.000000,0.292453,-0.278165,0.375692,-0.708754,0.165932,-1.043645,-0.049809,-1.257248,0.423836,-0.985309,0.507525,-1.444744,0.532306,-1.741944,0.548317,-2.003602,0.144471,-0.987481,0.095040,-1.498523,0.057593,-1.819899,0.025807,-2.095716,-0.102340,-0.874073,-0.173562,-1.165794,-0.070691,-0.841944,-0.008146,-0.614333,-0.326944,-0.677007,-0.326868,-0.892005,-0.235940,-0.647627,-0.192562,-0.463120
K,Right,legacy_asl_K_15,0.000000,0.000000,0.242852,-0.330273,0.290142,-0.738081,0.052616,-1.069012,-0.174403,-1.275326,0.310062,-1.024598,0.345261,-1.458980,0.323664,-1.744335,0.306606,-1.997659,0.039629,-0.997687,-0.107948,-1.468859,-0.213837,-1.762179,-0.297224,-2.016619,-0.187305,-0.853037,-0.333785,-1.099304,-0.201159,-0.810681,-0.108477,-0.596773,-0.374753,-0.630053,-0.437951,-0.814795,-0.327626,-0.594751,-0.252766,-0.415489
K,Right,legacy_asl_K_16,0.000000,0.000000,0.267926,-0.311922,0.305268,-0.749213,-0.021021,-1.061100,-0.308173,-1.234645,0.369362,-1.036023,0.438938,-1.515475,0.444046,-1.809948,0.449799,-2.065317,0.053444,-0.997466,-0.064119,-1.500235,-0.163963,-1.805609,-0.234698,-2.068273,-0.189684,-0.856323,-0.329334,-1.099219,-0.207177,-0.830865,-0.113212,-0.625891,-0.394259,-0.648233,-0.474287,-0.890453,-0.362338,-0.672361,-0.282550,-0.477458
K,Right,legacy_asl_K_17,0.000000,0.000000,0.277568,-0.216235,0.382536,-0.656326,0.167253,-1.015221,-0.049128,-1.253577,0.303500,-1.000103,0.429053,-1.493885,0.483330,-1.826355,0.521558,-2.109582,0.006263,-0.984048,-0.095173,-1.540760,-0.158801,-1.914703,-0.216063,-2.225976,-0.256446,-0.842103,-0.243617,-1.112701,-0.108140,-0.790160,-0.046949,-0.558158,-0.487997,-0.625371,-0.434522,-0.870473,-0.302815,-0.616179,-0.264577,-0.409702
K,Right,legacy_asl_K_18,0.000000,0.000000,0.178376,-0.347599,0.203756,-0.736855,-0.022384,-1.013018,-0.209940,-1.202773,0.210110,-1.046238,0.227802,-1.482619,0.211846,-1.751070,0.205879,-1.984129,-0.041746,-0.998650,-0.200892,-1.444116,-0.310925,-1.710153,-0.394035,-1.943024,-0.242062,-0.850743,-0.380736,-1.081117,-0.252890,-0.821876,-0.167155,-0.644320,-0.400314,-0.644733,-0.490424,-0.826164,-0.381283,-0.641204,-0.312942,-0.504858
K,Right,legacy_asl_K_19,0.000000,0.000000,0.253843,-0.385139,0.280598,-0.807985,0.048252,-1.135815,-0.175886,-1.336601,0.220732,-0.998770,0.339086,-1.404852,0.385380,-1.678899,0.415779,-1.919608,-0.025052,-0.998308,-0.078088,-1.479648,-0.125759,-1.793229,-0.182272,-2.051713,-0.258519,-0.895158,-0.254417,-1.167958,-0.109049,-0.911439,-0.045420,-0.684739,-0.485027,-0.721489,-0.414447,-0.981538,-0.264649,-0.818460,-0.198420,-0.636629
K,Right,legacy_asl_K_20,0.000000,0.000000,0.215380,-0.396499,0.202344,-0.837624,-0.106240,-1.129719,-0.392417,-1.290315,0.061031,-1.038501,0.096724,-1.494342,0.090700,-1.786498,0.084426,-2.039887,-0.190219,-0.978332,-0.332978,-1.474106,-0.430987,-1.795942,-0.522826,-2.064144,-0.401023,-0.825719,-0.430465,-1.114017,-0.233052,-0.882394,-0.130038,-0.670240,-0.589891,-0.608671,-0.548505,-0.885847,-0.353739,-0.733762,-0.245252,-0.551776
K,Right,legacy_asl_K_21,0.000000,0.000000,0.242517,-0.362195,0.237789,-0.808979,-0.034343,-1.111271,-0.291755,-1.277566,0.136775,-1.031953,0.149322,-1.500608,0.115961,-1.789557,0.087675,-2.056754,-0.125692,-0.987415,-0.285566,-1.494841,-0.391549,-1.810706,-0.482005,-2.088454,-0.341138,-0.834294,-0.428914,-1.146638,-0.249622,-0.858220,-0.145474,-0.627393,-0.517611,-0.608212,-0.528647,-0.839995,-0.377778,-0.641589,-0.305056,-0.458505
K,Right,legacy_asl_K_22,0.000000,0.000000,0.299524,-0.197598,0.374478,-0.651909,0.159971,-0.988267,-0.051019,-1.232205,0.270961,-1.030479,0.281408,-1.553863,0.253728,-1.876656,0.234541,-2.156942,-0.028679,-0.972999,-0.167502,-1.542727,-0.251981,-1.916502,-0.301990,-2.235726,-0.276695,-0.802067,-0.276096,-1.117763,-0.101526,-0.764132,0.012186,-0.510449,-0.471961,-0.559468,-0.408691,-0.784277,-0.221389,-0.520329,-0.122889,-0.324186
K,Right,legacy_asl_K_23,0.000000,0.000000,0.250723,-0.345656,0.301647,-0.777376,0.034528,-1.110288,-0.206091,-1.330082,0.278370,-1.046732,0.269362,-1.503986,0.220233,-1.788917,0.179006,-2.044009,0.001283,-0.997315,-0.160373,-1.519120,-0.266869,-1.836941,-0.350477,-2.119808,-0.227442,-0.833746,-0.349328,-1.128496,-0.182873,-0.818353,-0.076498,-0.603415,-0.422565,-0.602906,-0.461070,-0.829601,-0.323235,-0.595244,-0.245284,-0.421509
K,Right,legacy_asl_K_24,0.000000,0.000000,0.284721,-0.277811,0.290097,-0.725413,-0.007258,-1.040432,-0.280925,-1.254730,0.157704,-1.052951,0.235837,-1.546356,0.242118,-1.862291,0.239898,-2.130939,-0.126448,-0.982181,-0.289194,-1.520840,-0.384146,-1.865936,-0.470527,-2.149944,-0.348313,-0.790540,-0.410260,-1.064750,-0.189251,-0.780851,-0.061861,-0.563933,-0.538146,-0.524626,-0.527734,-0.772438,-0.321406,-0.551389,-0.209734,-0.354017
K,Right,legacy_asl_K_25,0.000000,0.000000,0.285981,-0.296829,0.352958,-0.748641,0.120620,-1.109707,-0.091804,-1.336467,0.425482,-1.010889,0.488126,-1.488986,0.474001,-1.794755,0.448794,-2.061557,0.131289,-0.988690,0.009954,-1.480466,-0.092205,-1.781763,-0.181759,-2.040695,-0.123726,-0.859469,-0.227588,-1.180892,-0.114897,-0.852611,-0.045100,-0.622625,-0.344396,-0.662773,-0.372924,-0.887998,-0.276389,-0.643229,-0.214678,-0.459508
K,Right,legacy_asl_K_26,0.000000,0.000000,0.222218,-0.224262,0.309910,-0.639093,0.148059,-1.006674,-0.029900,-1.279631,0.371567,-0.999871,0.453730,-1.484241,0.478864,-1.793016,0.500702,-2.055973,0.089086,-0.987151,0.000339,-1.512832,-0.056947,-1.843811,-0.097508,-2.114119,-0.151393,-0.851166,-0.249687,-1.116186,-0.144721,-0.780058,-0.062815,-0.548123,-0.344668,-0.640654,-0.393010,-0.845036,-0.304899,-0.580334,-0.238002,-0.386497
K,Right,legacy_asl_K_27,0.000000,0.000000,0.242672,-0.349683,0.294066,-0.760596,0.019821,-1.055929,-0.235558,-1.222320,0.176216,-1.030029,0.294739,-1.436297,0.346729,-1.700360,0.387331,-1.929268,-0.074568,-0.995482,-0.183403,-1.458507,-0.271064,-1.752110,-0.354170,-1.999905,-0.280950,-0.857182,-0.299212,-1.068636,-0.148510,-0.829103,-0.075418,-0.633139,-0.463458,-0.650374,-0.442727,-0.866040,-0.288820,-0.695762,-0.198844,-0.519036
K,Right,legacy_asl_K_28,0.000000,0.000000,0.292140,-0.297464,0.298985,-0.718883,0.034384,-1.023469,-0.221409,-1.246438,0.191921,-1.045460,0.282592,-1.523357,0.297085,-1.820158,0.307711,-2.078813,-0.075317,-0.991713,-0.209244,-1.520012,-0.302031,-1.860500,-0.378182,-2.134487,-0.301635,-0.815441,-0.333120,-1.082709,-0.147968,-0.778161,-0.040546,-0.549698,-0.502188,-0.582815,-0.463259,-0.804981,-0.280582,-0.568424,-0.188850,-0.380701
K,Right,legacy_asl_K_29,0.000000,0.000000,0.280452,-0.295203,0.283730,-0.735136,0.029105,-1.060266,-0.228824,-1.284478,0.170877,-1.039261,0.247135,-1.526421,0.265351,-1.821805,0.279690,-2.075628,-0.093548,-0.987003,-0.225603,-1.528709,-0.293648,-1.863027,-0.351244,-2.132629,-0.319319,-0.819303,-0.329973,-1.090330,-0.143183,-0.793467,-0.042604,-0.570107,-0.520987,-0.594437,-0.460340,-0.814260,-0.276593,-0.597253,-0.188713,-0.416660
K,Right,legacy_asl_K_30,0.000000,0.000000,0.288262,-0.246198,0.333731,-0.702884,0.026707,-1.036158,-0.255236,-1.233795,0.387945,-1.023197,0.461717,-1.510301,0.477648,-1.824502,0.491368,-2.093373,0.075457,-0.995568,-0.039582,-1.494399,-0.113378,-1.823337,-0.169744,-2.093494,-0.175202,-0.856204,-0.283801,-1.087311,-0.169305,-0.769348,-0.095781,-0.552743,-0.398317,-0.658778,-0.441433,-0.859913,-0.345026,-0.598386,-0.282338,-0.407132
K,Right,legacy_asl_K_31,0.000000,0.000000,0.230118,-0.332796,0.298747,-0.771202,0.071068,-1.091537,-0.160882,-1.296227,0.294359,-1.044645,0.297714,-1.503802,0.248750,-1.796680,0.215544,-2.056985,0.020668,-0.997185,-0.135180,-1.503798,-0.240737,-1.836678,-0.318114,-2.128086,-0.201582,-0.846457,-0.357657,-1.088087,-0.196810,-0.787895,-0.079964,-0.573136,-0.382324,-0.627761,-0.463204,-0.833150,-0.336725,-0.608469,-0.249168,-0.433727
K,Right,legacy_asl_K_32,0.000000,0.000000,0.267354,-0.346392,0.316366,-0.764467,0.035018,-1.079743,-0.208097,-1.284448,0.234339,-1.045581,0.331696,-1.492022,0.366787,-1.768120,0.401171,-2.006823,-0.024939,-0.998249,-0.149267,-1.504797,-0.228079,-1.811193,-0.297594,-2.060346,-0.235963,-0.848625,-0.294748,-1.106503,-0.133342,-0.847099,-0.040588,-0.637215,-0.422598,-0.637363,-0.410914,-0.856455,-0.266329,-0.652018,-0.193173,-0.467683
K,Right,legacy_asl_K_33,0.000000,0.000000,0.217794,-0.313169,0.289901,-0.712419,0.097850,-1.032302,-0.075929,-1.255806,0.351866,-1.025586,0.429984,-1.486533,0.457749,-1.772336,0.491284,-2.013618,0.085176,-0.994823,-0.027645,-1.481369,-0.105501,-1.776639,-0.159814,-2.031350,-0.137353,-0.864580,-0.242536,-1.127251,-0.136332,-0.844941,-0.061251,-0.648521,-0.315057,-0.676100,-0.367714,-0.872521,-0.282684,-0.666642,-0.231414,-0.514450
K,Right,legacy_asl_K_34,0.000000,0.000000,0.237454,-0.398652,0.274894,-0.812460,-0.011668,-1.118772,-0.278466,-1.279420,0.218172,-1.040694,0.295262,-1.482889,0.303409,-1.763241,0.311674,-2.011627,-0.037513,-0.998504,-0.147119,-1.476208,-0.235248,-1.783627,-0.307055,-2.040615,-0.258182,-0.864907,-0.313366,-1.117664,-0.180102,-0.871774,-0.102939,-0.656864,-0.461062,-0.664786,-0.456623,-0.893613,-0.316878,-0.700575,-0.236872,-0.503395
K,Right,legacy_asl_K_35,0.000000,0.000000,0.235420,-0.238616,0.244388,-0.639211,-0.026256,-0.898068,-0.276419,-1.085840,0.138716,-1.055257,0.170328,-1.528582,0.164842,-1.823554,0.159579,-2.081216,-0.132623,-0.974431,-0.298192,-1.444965,-0.406584,-1.746701,-0.500947,-2.014108,-0.334326,-0.782124,-0.446073,-0.994902,-0.240527,-0.678817,-0.105138,-0.467310,-0.481136,-0.526409,-0.536488,-0.702576,-0.354668,-0.450209,-0.240545,-0.271964
K,Right,legacy_asl_K_36,0.000000,0.000000,0.325297,-0.285710,0.369484,-0.746845,0.064429,-1.093323,-0.217782,-1.300093,0.343160,-1.039043,0.414593,-1.509680,0.431569,-1.821544,0.444327,-2.081761,0.044898,-0.998333,-0.090642,-1.510031,-0.164548,-1.834828,-0.230787,-2.088302,-0.196180,-0.851807,-0.281382,-1.115467,-0.126714,-0.810472,-0.042962,-0.583947,-0.414037,-0.648753,-0.413010,-0.890337,-0.284290,-0.633055,-0.224935,-0.423117
K,Right,legacy_asl_K_37,0.000000,0.000000,0.269391,-0.291743,0.331991,-0.719594,0.087176,-1.051817,-0.130249,-1.262070,0.364358,-1.010844,0.429073,-1.473193,0.436043,-1.770091,0.445480,-2.028721,0.077252,-0.993690,-0.037749,-1.475076,-0.128328,-1.788538,-0.196535,-2.062135,-0.159743,-0.856311,-0.289051,-1.120943,-0.170635,-0.825836,-0.091138,-0.615385,-0.353438,-0.641147,-0.414594,-0.845530,-0.311145,-0.624115,-0.243803,-0.451808
K,Right,legacy_asl_K_38,0.000000,0.000000,0.314522,-0.294146,0.392488,-0.686243,0.188568,-1.005939,0.034171,-1.270055,0.331544,-1.018403,0.471233,-1.470137,0.504566,-1.763455,0.527161,-2.020609,0.038221,-0.995246,-0.029541,-1.531181,-0.076133,-1.860960,-0.112110,-2.134331,-0.222232,-0.857549,-0.257913,-1.146932,-0.139774,-0.826091,-0.078830,-0.592038,-0.446949,-0.654063,-0.428767,-0.897418,-0.322413,-0.660344,-0.290747,-0.475975
K,Right,legacy_asl_K_39,0.000000,0.000000,0.286078,-0.328065,0.296975,-0.751557,0.091639,-1.056371,-0.137093,-1.190758,0.251083,-1.022932,0.341080,-1.477370,0.360588,-1.777294,0.380011,-2.036571,-0.024381,-0.993695,-0.157911,-1.507334,-0.239107,-1.835208,-0.290944,-2.108059,-0.256664,-0.843551,-0.308463,-1.089202,-0.166563,-0.856385,-0.076876,-0.658963,-0.452421,-0.620592,-0.445384,-0.815753,-0.305759,-0.652823,-0.222493,-0.499583
K,Right,legacy_asl_K_40,0.000000,0.000000,0.262208,-0.276071,0.290309,-0.705125,0.036962,-1.011645,-0.173109,-1.269038,0.181761,-1.048238,0.217399,-1.520130,0.191208,-1.816997,0.172400,-2.063422,-0.111769,-0.989530,-0.288348,-1.480141,-0.384312,-1.785807,-0.442374,-2.030995,-0.331958,-0.808029,-0.469595,-1.069072,-0.335252,-0.817884,-0.239813,-0.631544,-0.496899,-0.568834,-0.580985,-0.752559,-0.453355,-0.571675,-0.377841,-0.435709
K,Right,legacy_asl_K_41,0.000000,0.000000,0.217445,-0.316394,0.282904,-0.716718,0.052611,-0.992998,-0.134024,-1.199927,0.290248,-1.050382,0.333483,-1.483534,0.335311,-1.743245,0.340075,-1.962263,0.018428,-0.998608,-0.115729,-1.446062,-0.217576,-1.713162,-0.294905,-1.949349,-0.197148,-0.837710,-0.288409,-1.056011,-0.178256,-0.792414,-0.119653,-0.623462,-0.366133,-0.621878,-0.417243,-0.803441,-0.323059,-0.617857,-0.285631,-0.494423
K,Right,legacy_asl_K_42,0.000000,0.000000,0.270016,-0.320880,0.266716,-0.757749,-0.015660,-1.060368,-0.289314,-1.254337,0.122303,-1.054372,0.185424,-1.536965,0.193021,-1.832341,0.195445,-2.084721,-0.131338,-0.984276,-0.281762,-1.509724,-0.374898,-1.838558,-0.459266,-2.096078,-0.341014,-0.803083,-0.374888,-1.054521,-0.171454,-0.792864,-0.058690,-0.581683,-0.530250,-0.564869,-0.484383,-0.789570,-0.296171,-0.577006,-0.207559,-0.385135
K,Right,legacy_asl_K_43,0.000000,0.000000,0.292501,-0.337310,0.347451,-0.786667,0.055703,-1.109450,-0.217222,-1.299400,0.316685,-1.033555,0.406503,-1.476738,0.436459,-1.770895,0.456368,-2.029514,0.037135,-0.996125,-0.059350,-1.494505,-0.130747,-1.813823,-0.211628,-2.092040,-0.198619,-0.859020,-0.284111,-1.125209,-0.120391,-0.839035,-0.038453,-0.619069,-0.416683,-0.644974,-0.421524,-0.906080,-0.277408,-0.684162,-0.211284,-0.478354
K,Right,legacy_asl_K_44,0.000000,0.000000,0.294217,-0.247174,0.427604,-0.645867,0.204514,-0.981478,-0.000629,-1.224965,0.385970,-1.005937,0.496556,-1.477692,0.518978,-1.792363,0.541009,-2.056999,0.084648,-0.988224,-0.008759,-1.514243,-0.067697,-1.845700,-0.109319,-2.116516,-0.165016,-0.840234,-0.265833,-1.100396,-0.160143,-0.794593,-0.080948,-0.586604,-0.380693,-0.622999,-0.447004,-0.809231,-0.353804,-0.609375,-0.290315,-0.469408
K,Right,legacy_asl_K_45,0.000000,0.000000,0.379962,-0.233546,0.393043,-0.718265,0.049178,-1.040371,-0.217863,-1.271466,0.214501,-1.065763,0.200475,-1.640982,0.139607,-2.004601,0.091320,-2.313926,-0.156293,-0.950172,-0.398227,-1.548733,-0.551638,-1.892422,-0.678951,-2.192084,-0.425984,-0.729436,-0.553483,-1.053904,-0.352600,-0.751451,-0.223708,-0.543848,-0.618442,-0.443276,-0.695216,-0.712736,-0.513391,-0.474684,-0.408580,-0.299364
K,Right,legacy_asl_K_46,0.000000,0.000000,0.366248,-0.185715,0.422987,-0.626182,0.117818,-0.968616,-0.120659,-1.245197,0.271056,-1.063313,0.311301,-1.611026,0.295493,-1.964595,0.281361,-2.259876,-0.086984,-0.960631,-0.282693,-1.523125,-0.407375,-1.782792,-0.494168,-2.013455,-0.353286,-0.752776,-0.490377,-1.106201,-0.314013,-0.796997,-0.185119,-0.573923,-0.545514,-0.466868,-0.645938,-0.732801,-0.474466,-0.504844,-0.361462,-0.324978
K,Right,legacy_asl_K_47,0.000000,0.000000,0.204204,-0.300642,0.253463,-0.701554,0.080284,-1.014580,-0.109227,-1.212595,0.300725,-1.031830,0.357231,-1.499397,0.360807,-1.788040,0.366515,-2.038737,0.028738,-0.994038,-0.100706,-1.499741,-0.188684,-1.811208,-0.251429,-2.087716,-0.197698,-0.849727,-0.284899,-1.100376,-0.163537,-0.808479,-0.082393,-0.604703,-0.374608,-0.647349,-0.410788,-0.838929,-0.312775,-0.619486,-0.256916,-0.450250
K,Right,legacy_asl_K_48,0.000000,0.000000,0.325543,-0.135450,0.419720,-0.597708,0.197938,-0.962299,0.038180,-1.256864,0.395426,-1.003940,0.511623,-1.535596,0.548892,-1.871107,0.570444,-2.163058,0.070941,-0.975706,-0.048809,-1.541757,-0.132465,-1.905779,-0.197775,-2.231275,-0.189713,-0.821520,-0.239477,-1.129095,-0.088870,-0.747372,0.010706,-0.501284,-0.398614,-0.585862,-0.395215,-0.794821,-0.251427,-0.496348,-0.162423,-0.303439
K,Right,legacy_asl_K_49,0.000000,0.000000,0.216280,-0.329379,0.185994,-0.764481,-0.068580,-1.051115,-0.287021,-1.277015,0.086091,-1.059751,0.081054,-1.546194,0.039377,-1.837248,0.002327,-2.085832,-0.186480,-0.974772,-0.393081,-1.481601,-0.517733,-1.790552,-0.621224,-2.046595,-0.406038,-0.782881,-0.581255,-1.083862,-0.423058,-0.828987,-0.316355,-0.625024,-0.575413,-0.533849,-0.672134,-0.760766,-0.533486,-0.584645,-0.453964,-0.428597
K,Right,legacy_asl_K_50,0.000000,0.000000,0.325043,-0.308004,0.401854,-0.772630,0.187743,-1.139197,0.009688,-1.367832,0.403623,-1.015752,0.448482,-1.529115,0.429729,-1.858777,0.413792,-2.138946,0.092543,-0.991627,-0.049734,-1.539142,-0.158596,-1.885697,-0.240220,-2.181121,-0.166946,-0.859815,-0.315454,-1.170630,-0.184626,-0.841578,-0.085629,-0.597254,-0.387395,-0.654194,-0.437547,-0.874643,-0.322610,-0.630668,-0.241504,-0.436621
K,Right,legacy_asl_K_51,0.000000,0.000000,0.233464,-0.344428,0.204983,-0.788185,-0.023353,-1.079056,-0.240456,-1.251277,0.087189,-1.028834,0.151033,-1.498416,0.159944,-1.810472,0.159133,-2.077669,-0.187215,-0.970066,-0.343826,-1.502835,-0.451321,-1.858828,-0.555009,-2.157321,-0.430412,-0.799632,-0.466538,-1.106074,-0.259322,-0.857431,-0.142547,-0.628354,-0.644360,-0.553688,-0.597495,-0.810577,-0.412029,-0.640495,-0.318894,-0.450396
K,Right,legacy_asl_K_52,0.000000,0.000000,0.338533,-0.197498,0.429581,-0.607411,0.225239,-0.944829,0.038592,-1.234054,0.303912,-1.013440,0.438497,-1.506541,0.471860,-1.823474,0.488353,-2.097257,-0.011723,-0.983158,-0.085327,-1.538178,-0.138755,-1.875607,-0.185073,-2.163832,-0.274985,-0.823608,-0.253949,-1.099902,-0.112112,-0.778965,-0.039306,-0.572651,-0.486526,-0.597987,-0.424219,-0.782059,-0.288436,-0.528897,-0.247585,-0.368511
K,Right,legacy_asl_K_53,0.000000,0.000000,0.302226,-0.161571,0.341466,-0.611779,0.091108,-0.951352,-0.064257,-1.235358,0.237750,-1.024963,0.304315,-1.550200,0.304116,-1.872867,0.296792,-2.152258,-0.072691,-0.963663,-0.189136,-1.524593,-0.261437,-1.884971,-0.318366,-2.207226,-0.325599,-0.781356,-0.324722,-1.038181,-0.134109,-0.667647,-0.013962,-0.416329,-0.525072,-0.527864,-0.475413,-0.705714,-0.297281,-0.423302,-0.197125,-0.222645
K,Right,legacy_asl_K_54,0.000000,0.000000,0.184766,-0.292023,0.248628,-0.684652,0.069371,-0.985587,-0.079302,-1.227494,0.336520,-1.028870,0.411908,-1.464334,0.430737,-1.739149,0.451858,-1.969365,0.063977,-0.996339,-0.067061,-1.475915,-0.146786,-1.754995,-0.203761,-1.996811,-0.161607,-0.847720,-0.301686,-1.074625,-0.187162,-0.765226,-0.092366,-0.583485,-0.341429,-0.641336,-0.446953,-0.796205,-0.359840,-0.585070,-0.276117,-0.469576
K,Right,legacy_asl_K_55,0.000000,0.000000,0.243521,-0.358993,0.285420,-0.765001,0.021777,-1.081564,-0.249677,-1.254433,0.158215,-1.035507,0.238201,-1.474395,0.259148,-1.739596,0.265745,-1.974546,-0.093430,-0.993450,-0.203870,-1.489332,-0.283192,-1.781598,-0.366924,-2.006907,-0.310704,-0.850268,-0.317217,-1.112964,-0.148930,-0.867285,-0.071896,-0.656798,-0.499868,-0.644490,-0.445339,-0.888104,-0.280034,-0.706510,-0.199872,-0.515135
K,Right,legacy_asl_K_56,0.000000,0.000000,0.228191,-0.351104,0.244021,-0.780867,-0.009847,-1.093351,-0.244857,-1.273523,0.238206,-1.045880,0.259540,-1.506476,0.236904,-1.801097,0.219764,-2.050415,-0.029349,-0.998020,-0.172937,-1.492942,-0.276028,-1.808023,-0.356022,-2.072178,-0.254166,-0.842046,-0.357519,-1.101888,-0.215408,-0.840998,-0.126990,-0.639436,-0.446890,-0.618006,-0.471943,-0.822922,-0.347858,-0.621326,-0.279372,-0.447482
K,Right,legacy_asl_K_57,0.000000,0.000000,0.276056,-0.221941,0.312973,-0.671272,0.036212,-0.968020,-0.192666,-1.182879,0.223394,-1.056016,0.292910,-1.494155,0.319959,-1.771562,0.339207,-2.004888,-0.049793,-0.994809,-0.142573,-1.467475,-0.195008,-1.755955,-0.248397,-1.985649,-0.265100,-0.814745,-0.334914,-1.045284,-0.160282,-0.731281,-0.047043,-0.510105,-0.448364,-0.563408,-0.461425,-0.759030,-0.310745,-0.500527,-0.212550,-0.307596
K,Right,legacy_asl_K_58,0.000000,0.000000,0.201533,-0.283603,0.291380,-0.673092,0.143702,-0.993327,-0.003713,-1.228318,0.372917,-1.015168,0.471812,-1.428939,0.497779,-1.696850,0.525018,-1.925094,0.124680,-0.991276,0.026605,-1.442519,-0.046458,-1.717940,-0.091381,-1.960995,-0.079996,-0.866808,-0.196335,-1.089886,-0.109565,-0.807367,-0.032381,-0.618570,-0.243251,-0.686995,-0.327032,-0.858276,-0.257374,-0.646857,-0.190777,-0.499811
K,Right,legacy_asl_K_59,0.000000,0.000000,0.280173,-0.264668,0.376898,-0.678656,0.190567,-1.039908,0.019436,-1.294862,0.390754,-1.010123,0.516682,-1.502937,0.580965,-1.807358,0.637504,-2.068567,0.099584,-0.983254,-0.002066,-1.517790,-0.078063,-1.855018,-0.143483,-2.154519,-0.151141,-0.839479,-0.222804,-1.101271,-0.091901,-0.771607,-0.011528,-0.543198,-0.358104,-0.626130,-0.363251,-0.831605,-0.249502,-0.584591,-0.201984,-0.400848
K,Right,legacy_asl_K_60,0.000000,0.000000,0.251793,-0.367734,0.248278,-0.813018,0.013863,-1.108499,-0.228725,-1.240045,0.157519,-1.043609,0.178426,-1.464982,0.160201,-1.728972,0.139065,-1.959324,-0.091622,-0.993797,-0.270336,-1.496594,-0.366263,-1.787539,-0.439171,-2.033022,-0.294281,-0.844212,-0.365991,-1.097197,-0.212246,-0.853344,-0.123060,-0.670110,-0.466662,-0.633989,-0.474502,-0.837577,-0.333763,-0.674448,-0.258920,-0.540103
K,Right,legacy_asl_K_61,0.000000,0.000000,0.310461,-0.248804,0.340081,-0.663416,0.071522,-0.981429,-0.153421,-1.225018,0.307339,-1.026750,0.426119,-1.452047,0.471998,-1.721100,0.513067,-1.957376,0.022380,-0.998806,-0.090286,-1.470903,-0.170119,-1.783200,-0.236690,-2.035504,-0.212722,-0.847858,-0.273634,-1.050140,-0.127683,-0.729900,-0.042573,-0.504912,-0.417274,-0.639628,-0.415559,-0.839278,-0.294236,-0.569900,-0.228197,-0.368574
K,Right,legacy_asl_K_62,0.000000,0.000000,0.323702,-0.278391,0.425642,-0.736172,0.228137,-1.105674,0.033788,-1.350177,0.389892,-0.996952,0.502282,-1.462172,0.538576,-1.755450,0.570117,-2.014978,0.098384,-0.988284,0.005788,-1.494569,-0.053870,-1.820046,-0.104670,-2.117103,-0.159641,-0.868450,-0.199046,-1.185235,-0.069494,-0.864793,-0.009391,-0.632574,-0.384738,-0.672035,-0.341542,-0.918268,-0.227447,-0.682991,-0.186206,-0.495226
K,Right,legacy_asl_K_63,0.000000,0.000000,0.202755,-0.387272,0.209103,-0.796823,-0.057356,-1.091253,-0.318938,-1.251770,0.132803,-1.036932,0.189014,-1.470296,0.201577,-1.739981,0.207394,-1.981155,-0.109637,-0.993254,-0.242946,-1.459887,-0.335846,-1.746428,-0.415411,-1.975724,-0.319715,-0.853745,-0.356621,-1.085095,-0.206325,-0.856923,-0.125296,-0.656115,-0.506091,-0.653263,-0.485576,-0.864046,-0.340526,-0.690890,-0.263941,-0.512253
K,Right,legacy_asl_K_64,0.000000,0.000000,0.220663,-0.283591,0.303328,-0.671856,0.104110,-0.990822,-0.097568,-1.199070,0.346814,-1.012946,0.432196,-1.447284,0.463254,-1.724396,0.501528,-1.964635,0.083986,-0.994367,-0.010387,-1.446048,-0.075397,-1.730855,-0.117015,-1.975029,-0.136312,-0.863010,-0.267633,-1.080920,-0.161823,-0.801069,-0.077061,-0.607699,-0.312960,-0.662957,-0.388584,-0.831900,-0.296946,-0.618461,-0.224423,-0.459407
K,Right,legacy_asl_K_65,0.000000,0.000000,0.344606,-0.174765,0.543014,-0.673591,0.359187,-1.084715,0.137505,-1.318248,0.541643,-0.956990,0.734298,-1.409256,0.821569,-1.728088,0.891875,-2.003045,0.205921,-0.970341,0.141819,-1.529180,0.091657,-1.876256,0.041380,-2.182500,-0.094001,-0.861208,-0.111571,-1.155492,-0.013267,-0.780810,0.020086,-0.524714,-0.381411,-0.676619,-0.343048,-0.881517,-0.253986,-0.586923,-0.235912,-0.376007
K,Right,legacy_asl_K_66,0.000000,0.000000,0.302191,-0.332544,0.348664,-0.786111,0.056656,-1.111010,-0.221120,-1.313626,0.305346,-1.024207,0.402564,-1.473848,0.430128,-1.776595,0.444671,-2.043343,0.020629,-0.994616,-0.082142,-1.501131,-0.158574,-1.835619,-0.245148,-2.129866,-0.223542,-0.854549,-0.300168,-1.132547,-0.125466,-0.839390,-0.042718,-0.609766,-0.452777,-0.633626,-0.447716,-0.909274,-0.282471,-0.697041,-0.206591,-0.493726
K,Right,legacy_asl_K_67,0.000000,0.000000,0.291676,-0.358077,0.349982,-0.780168,0.047920,-1.101253,-0.229659,-1.282604,0.308360,-1.043760,0.376860,-1.490972,0.385957,-1.773029,0.399365,-2.021538,0.035260,-0.998612,-0.078172,-1.477890,-0.154044,-1.773495,-0.218955,-2.023749,-0.187840,-0.862128,-0.282165,-1.134469,-0.134978,-0.860928,-0.050991,-0.642481,-0.390378,-0.659738,-0.411850,-0.904315,-0.277921,-0.699124,-0.204707,-0.508559
K,Right,legacy_asl_K_68,0.000000,0.000000,0.307243,-0.399176,0.326552,-0.863572,-0.001900,-1.194206,-0.286134,-1.401725,0.235249,-1.038582,0.294766,-1.516094,0.290708,-1.811098,0.292217,-2.071596,-0.040359,-0.997323,-0.182165,-1.523908,-0.263148,-1.846982,-0.332945,-2.106175,-0.268195,-0.860924,-0.362254,-1.184187,-0.180063,-0.918340,-0.082072,-0.688748,-0.482305,-0.660489,-0.484543,-0.949371,-0.322575,-0.759783,-0.238348,-0.569230
K,Right,legacy_asl_K_69,0.000000,0.000000,0.307201,-0.209139,0.375013,-0.655523,0.112215,-1.008100,-0.111096,-1.278640,0.342659,-1.013830,0.431941,-1.470955,0.458898,-1.774289,0.479089,-2.034792,0.056580,-0.995365,-0.001499,-1.509980,-0.021663,-1.838092,-0.043700,-2.106446,-0.180232,-0.853414,-0.247750,-1.116715,-0.124905,-0.789687,-0.053348,-0.568811,-0.396343,-0.642910,-0.410030,-0.879899,-0.296885,-0.605967,-0.242006,-0.401833
K,Right,legacy_asl_K_70,0.000000,0.000000,0.231014,-0.355552,0.282783,-0.779780,0.027282,-1.094664,-0.226578,-1.275882,0.202604,-1.031410,0.284643,-1.455249,0.301369,-1.720807,0.312581,-1.957488,-0.047349,-0.996121,-0.131031,-1.468292,-0.200921,-1.754709,-0.263092,-1.994533,-0.260319,-0.874621,-0.292276,-1.102595,-0.154482,-0.859850,-0.075815,-0.656271,-0.452768,-0.690342,-0.436400,-0.905182,-0.290914,-0.720935,-0.202072,-0.537511
K,Right,legacy_asl_K_71,0.000000,0.000000,0.304716,-0.359428,0.306251,-0.819823,0.052773,-1.130142,-0.226155,-1.251495,0.311763,-1.026639,0.365550,-1.472437,0.361481,-1.783051,0.352349,-2.044416,0.023137,-0.997394,-0.150491,-1.527019,-0.243357,-1.845985,-0.315430,-2.110559,-0.231308,-0.853118,-0.347275,-1.159647,-0.205247,-0.885604,-0.117254,-0.682070,-0.452276,-0.636882,-0.485704,-0.869836,-0.364203,-0.667830,-0.300411,-0.505136
K,Right,legacy_asl_K_72,0.000000,0.000000,0.238478,-0.289303,0.239221,-0.718454,-0.004890,-1.015886,-0.242624,-1.257495,0.096258,-1.055242,0.092300,-1.531933,0.047399,-1.834909,0.019321,-2.091817,-0.194408,-0.975688,-0.410759,-1.445528,-0.555165,-1.732421,-0.652318,-1.965489,-0.406595,-0.790997,-0.620786,-1.049834,-0.442315,-0.790510,-0.291643,-0.590284,-0.550044,-0.540468,-0.684074,-0.711743,-0.519715,-0.544851,-0.396927,-0.415176
K,Right,legacy_asl_K_73,0.000000,0.000000,0.231235,-0.287194,0.334715,-0.682517,0.165868,-1.019969,0.030830,-1.256223,0.433575,-1.009134,0.513849,-1.464927,0.530458,-1.752473,0.555836,-1.992931,0.160939,-0.986139,0.071202,-1.466408,-0.009247,-1.771358,-0.056529,-2.042602,-0.067862,-0.863192,-0.207811,-1.109655,-0.129808,-0.803866,-0.049898,-0.593962,-0.260276,-0.672567,-0.353114,-0.852151,-0.276717,-0.625530,-0.202779,-0.466864
K,Right,legacy_asl_K_74,0.000000,0.000000,0.239522,-0.294866,0.298623,-0.690171,0.093300,-1.015295,-0.097409,-1.242476,0.354572,-1.010514,0.441534,-1.448908,0.468579,-1.734246,0.492773,-1.980944,0.081870,-0.994614,-0.012009,-1.468039,-0.080821,-1.773430,-0.133594,-2.036330,-0.148470,-0.856279,-0.266537,-1.106993,-0.157040,-0.821651,-0.079892,-0.629405,-0.334846,-0.643391,-0.389296,-0.842606,-0.295398,-0.622837,-0.229139,-0.463986
K,Right,legacy_asl_K_75,0.000000,0.000000,0.224837,-0.219613,0.346946,-0.674336,0.200222,-1.041739,0.005673,-1.293511,0.363339,-0.999109,0.398378,-1.521783,0.392686,-1.866428,0.374688,-2.147627,0.079648,-0.982677,-0.023981,-1.528788,-0.084196,-1.862743,-0.145958,-2.149128,-0.156152,-0.856936,-0.294452,-1.064519,-0.166717,-0.741276,-0.064807,-0.530124,-0.347857,-0.666250,-0.425162,-0.839776,-0.315747,-0.602596,-0.232959,-0.435522
K,Right,legacy_asl_K_76,0.000000,0.000000,0.259314,-0.333657,0.353683,-0.726411,0.212984,-1.058806,0.008145,-1.239530,0.291286,-1.003979,0.391682,-1.428676,0.424805,-1.691888,0.449375,-1.921589,0.061687,-0.997590,-0.016450,-1.489555,-0.058861,-1.792112,-0.088439,-2.038329,-0.141628,-0.894567,-0.154565,-1.162016,-0.039699,-0.938144,0.027612,-0.738248,-0.321452,-0.732646,-0.289838,-0.923854,-0.182678,-0.774873,-0.129589,-0.623513
K,Right,legacy_asl_K_77,0.000000,0.000000,0.269736,-0.249286,0.356629,-0.658679,0.146510,-1.003256,-0.058237,-1.253433,0.349015,-1.008764,0.450497,-1.471608,0.477111,-1.753598,0.489771,-2.005111,0.071347,-0.990620,-0.018166,-1.509807,-0.067215,-1.821902,-0.114914,-2.093527,-0.161351,-0.847430,-0.216733,-1.117315,-0.083757,-0.802202,-0.012563,-0.588897,-0.351915,-0.631985,-0.344994,-0.821949,-0.232126,-0.575281,-0.181936,-0.396794
K,Right,legacy_asl_K_78,0.000000,0.000000,0.242322,-0.328672,0.288091,-0.756353,0.040493,-1.062908,-0.194557,-1.259758,0.276888,-1.040164,0.310494,-1.489181,0.291120,-1.773269,0.280422,-2.025068,0.008214,-0.995872,-0.130276,-1.476511,-0.227998,-1.767310,-0.307321,-2.025196,-0.213724,-0.836879,-0.329032,-1.090136,-0.186945,-0.777882,-0.101796,-0.571636,-0.398691,-0.600718,-0.452293,-0.800738,-0.330154,-0.563578,-0.265292,-0.391329
K,Right,legacy_asl_K_79,0.000000,0.000000,0.268478,-0.255136,0.303321,-0.711597,-0.009285,-1.026493,-0.301552,-1.220922,0.333613,-1.034932,0.395183,-1.512074,0.399596,-1.819524,0.398614,-2.082566,0.024653,-0.996411,-0.103353,-1.491810,-0.182959,-1.805861,-0.253426,-2.066798,-0.223341,-0.847910,-0.338916,-1.067128,-0.193233,-0.744328,-0.107538,-0.532013,-0.433796,-0.642360,-0.487172,-0.856202,-0.368125,-0.601115,-0.298933,-0.415178
K,Right,legacy_asl_K_80,0.000000,0.000000,0.254866,-0.321942,0.291341,-0.767474,0.083285,-1.098605,-0.126313,-1.292983,0.237625,-1.042409,0.285899,-1.511517,0.282038,-1.803452,0.277838,-2.062634,-0.030962,-0.990320,-0.172847,-1.477309,-0.273888,-1.790979,-0.357487,-2.073311,-0.264151,-0.832700,-0.325191,-1.100266,-0.172651,-0.801842,-0.081658,-0.575764,-0.463288,-0.611184,-0.459133,-0.830746,-0.334972,-0.625131,-0.275847,-0.445110
K,Right,legacy_asl_K_81,0.000000,0.000000,0.273642,-0.326075,0.335853,-0.737661,0.079868,-1.068316,-0.181748,-1.265976,0.251697,-1.034276,0.344726,-1.488125,0.381392,-1.761379,0.416364,-2.002279,-0.006143,-0.998166,-0.130349,-1.508188,-0.213077,-1.817561,-0.279777,-2.062316,-0.218238,-0.854189,-0.272425,-1.112957,-0.119513,-0.841274,-0.027614,-0.619081,-0.407106,-0.647962,-0.394294,-0.866292,-0.258327,-0.652064,-0.191120,-0.459259
K,Right,legacy_asl_K_82,0.000000,0.000000,0.244925,-0.280369,0.260263,-0.696043,0.063612,-0.994662,-0.150103,-1.178357,0.214095,-1.021543,0.325839,-1.496300,0.365735,-1.787499,0.392246,-2.050683,-0.051701,-0.984737,-0.151886,-1.500568,-0.214507,-1.820905,-0.273325,-2.109267,-0.284338,-0.824643,-0.311315,-1.106240,-0.150066,-0.819908,-0.066247,-0.603225,-0.473330,-0.591260,-0.444197,-0.791039,-0.294040,-0.598684,-0.226132,-0.437065
K,Right,legacy_asl_K_83,0.000000,0.000000,0.288730,-0.380641,0.322631,-0.819041,0.030982,-1.151308,-0.226060,-1.374976,0.232545,-1.031961,0.302127,-1.502478,0.318213,-1.797215,0.333700,-2.055392,-0.022185,-0.996330,-0.148311,-1.528753,-0.214224,-1.856155,-0.273055,-2.122991,-0.249792,-0.865702,-0.299545,-1.173332,-0.130601,-0.926234,-0.046845,-0.714272,-0.466123,-0.674260,-0.410068,-0.939033,-0.246531,-0.752206,-0.182993,-0.565832
K,Right,legacy_asl_K_84,0.000000,0.000000,0.325545,-0.229099,0.402536,-0.665896,0.133544,-1.011784,-0.093109,-1.274396,0.379656,-1.010617,0.460033,-1.478036,0.478786,-1.788150,0.495302,-2.056801,0.086343,-0.993028,0.031694,-1.521664,0.008313,-1.861652,-0.011685,-2.140689,-0.160019,-0.851888,-0.231377,-1.116609,-0.112799,-0.763412,-0.039569,-0.529758,-0.387797,-0.638934,-0.412322,-0.878010,-0.303926,-0.597870,-0.246531,-0.397015
K,Right,legacy_asl_K_85,0.000000,0.000000,0.301744,-0.240923,0.464210,-0.710135,0.303621,-1.089661,0.105076,-1.317694,0.489249,-0.963047,0.671578,-1.385150,0.737298,-1.672368,0.789386,-1.918023,0.183422,-0.979988,0.146265,-1.498320,0.098807,-1.837183,0.060710,-2.127621,-0.099177,-0.886415,-0.138606,-1.121526,-0.039648,-0.790306,0.007389,-0.558556,-0.364217,-0.722729,-0.353272,-0.901751,-0.256604,-0.635561,-0.224751,-0.443368
K,Right,legacy_asl_K_86,0.000000,0.000000,0.270366,-0.302928,0.283732,-0.722035,0.017317,-1.045790,-0.226305,-1.265658,0.214058,-1.043887,0.319377,-1.501402,0.348077,-1.785182,0.371525,-2.027744,-0.050719,-0.995970,-0.190994,-1.503258,-0.293975,-1.823843,-0.380263,-2.080901,-0.267529,-0.830199,-0.320346,-1.087048,-0.158281,-0.800305,-0.067316,-0.579593,-0.459001,-0.608128,-0.453799,-0.838638,-0.307924,-0.608406,-0.237934,-0.416006
K,Right,legacy_asl_K_87,0.000000,0.000000,0.180722,-0.346309,0.220114,-0.738033,0.012779,-1.023614,-0.162446,-1.228832,0.270872,-1.046849,0.301586,-1.463781,0.299552,-1.712382,0.305084,-1.928185,0.010518,-0.999859,-0.130399,-1.434339,-0.226401,-1.688964,-0.292893,-1.917741,-0.201929,-0.854890,-0.309015,-1.076440,-0.199067,-0.805955,-0.131144,-0.624985,-0.364197,-0.659838,-0.435646,-0.834493,-0.343271,-0.644458,-0.297259,-0.507045
K,Right,legacy_asl_K_88,0.000000,0.000000,0.298313,-0.388193,0.313433,-0.856567,-0.025923,-1.178962,-0.324566,-1.376713,0.183508,-1.049487,0.216630,-1.536071,0.197270,-1.834384,0.187053,-2.094336,-0.090511,-0.993294,-0.260035,-1.531598,-0.356386,-1.858868,-0.434046,-2.111718,-0.311289,-0.840303,-0.413684,-1.156953,-0.205247,-0.886782,-0.080451,-0.655963,-0.510097,-0.626728,-0.513676,-0.901835,-0.329502,-0.709162,-0.228460,-0.523838
K,Right,legacy_asl_K_89,0.000000,0.000000,0.328715,-0.275644,0.404849,-0.704643,0.215250,-1.041868,0.012438,-1.243886,0.445027,-0.982308,0.601008,-1.436738,0.654830,-1.735260,0.691595,-1.995397,0.149412,-0.981970,0.107470,-1.508135,0.066443,-1.845711,0.035188,-2.126141,-0.110418,-0.860412,-0.122918,-1.120422,-0.006150,-0.844015,0.055215,-0.615662,-0.329026,-0.668236,-0.285121,-0.875408,-0.169694,-0.646585,-0.115742,-0.441543
K,Right,legacy_asl_K_90,0.020842,0.004543,0.314321,-0.220894,0.395866,-0.617840,0.204425,-1.011183,0.021649,-1.287917,0.460429,-0.976399,0.665046,-1.441108,0.724898,-1.768763,0.766614,-2.007409,0.179986,-0.969973,0.117980,-1.513420,0.046394,-1.842558,0.007165,-2.109120,-0.087073,-0.861547,-0.173611,-1.168745,-0.120952,-0.778729,-0.041964,-0.544373,-0.302542,-0.665834,-0.338714,-0.855438,-0.301201,-0.565400,-0.217568,-0.416283
K,Right,legacy_asl_K_91,0.000000,0.000000,0.293214,-0.219374,0.402943,-0.654774,0.196672,-1.034739,0.003216,-1.315496,0.498739,-1.001530,0.663247,-1.498485,0.730734,-1.816588,0.782953,-2.090132,0.185980,-1.012453,0.118983,-1.568864,0.055903,-1.907207,0.000519,-2.190381,-0.087807,-0.889999,-0.188671,-1.185457,-0.106109,-0.813280,-0.048946,-0.560550,-0.325285,-0.685847,-0.373177,-0.897065,-0.291865,-0.606888,-0.236522,-0.398747
K,Right,legacy_asl_K_92,0.000000,0.000000,0.277982,-0.216903,0.375116,-0.638184,0.169134,-0.999933,-0.022576,-1.266429,0.460568,-0.973859,0.609233,-1.455465,0.667992,-1.763004,0.712923,-2.027351,0.159276,-0.978270,0.083923,-1.512594,0.016596,-1.837070,-0.042246,-2.108587,-0.101896,-0.855047,-0.204759,-1.137502,-0.118018,-0.780835,-0.058057,-0.538660,-0.326521,-0.653884,-0.376746,-0.856280,-0.292809,-0.578527,-0.235470,-0.379239
K,Right,legacy_asl_K_93,0.005546,-0.000225,0.300123,-0.224305,0.381123,-0.623730,0.203236,-0.999744,-0.000890,-1.267125,0.481195,-0.971368,0.606556,-1.447738,0.701538,-1.767148,0.748501,-2.020137,0.178918,-0.981700,0.080737,-1.527728,0.059446,-1.834442,0.026151,-2.141980,-0.072526,-0.857170,-0.186133,-1.147524,-0.104429,-0.788947,-0.030190,-0.538279,-0.314260,-0.613979,-0.374685,-0.848150,-0.282093,-0.559439,-0.199767,-0.401793
K,Right,legacy_asl_K_94,0.000000,0.000000,0.283254,-0.211922,0.389255,-0.632533,0.189991,-0.999591,0.003107,-1.270811,0.481798,-0.967510,0.640717,-1.447585,0.705912,-1.754882,0.756358,-2.019134,0.179663,-0.978062,0.114941,-1.515573,0.054004,-1.842423,0.000501,-2.115978,-0.084824,-0.859768,-0.182262,-1.145189,-0.102505,-0.785654,-0.047283,-0.541510,-0.314236,-0.662550,-0.360501,-0.866593,-0.281951,-0.586273,-0.228488,-0.385202
K,Right,legacy_asl_K_95,0.000000,0.000000,0.274686,-0.221062,0.365469,-0.643757,0.154067,-1.002365,-0.041632,-1.265946,0.445860,-0.980680,0.587261,-1.464468,0.641385,-1.772857,0.682333,-2.037851,0.144536,-0.980556,0.061150,-1.513686,-0.011052,-1.837112,-0.073973,-2.107713,-0.114752,-0.853417,-0.221854,-1.134292,-0.129755,-0.778971,-0.066157,-0.537726,-0.336325,-0.648896,-0.389589,-0.850513,-0.301482,-0.574055,-0.241151,-0.375653
K,Right,legacy_asl_K_96,0.020637,-0.017261,0.287451,-0.202406,0.404455,-0.619232,0.197524,-0.997871,0.008765,-1.281531,0.493678,-0.917951,0.619665,-1.432961,0.673611,-1.747332,0.777426,-2.012927,0.171589,-0.980093,0.118567,-1.524792,0.056322,-1.848998,0.007408,-2.113654,-0.104871,-0.862570,-0.205388,-1.137286,-0.099151,-0.782191,-0.043308,-0.515160,-0.309517,-0.643741,-0.357605,-0.835329,-0.288068,-0.578506,-0.243169,-0.372728
K,Right,legacy_asl_K_97,0.000000,0.000000,0.268995,-0.201254,0.369661,-0.600693,0.180428,-0.949274,0.002950,-1.206842,0.457546,-0.918808,0.608465,-1.374717,0.670378,-1.666545,0.718285,-1.917496,0.170619,-0.928829,0.109155,-1.439283,0.051286,-1.749680,0.000476,-2.009465,-0.080554,-0.816489,-0.173088,-1.087544,-0.097345,-0.746106,-0.044903,-0.514251,-0.298418,-0.629199,-0.342354,-0.822971,-0.267759,-0.556762,-0.216986,-0.365812
K,Right,legacy_asl_K_98,0.000000,0.000000,0.266294,-0.231103,0.341329,-0.656876,0.116764,-1.007391,-0.088581,-1.263529,0.409161,-0.996550,0.532512,-1.485252,0.575155,-1.795437,0.606241,-2.061767,0.108049,-0.985245,0.004937,-1.514912,-0.079217,-1.835436,-0.152137,-2.103516,-0.146342,-0.848571,-0.263793,-1.125278,-0.158572,-0.773619,-0.086065,-0.534900,-0.360173,-0.635969,-0.420882,-0.835470,-0.322576,-0.562472,-0.254925,-0.366445
K,Right,legacy_asl_K_99,-0.006999,0.006058,0.276069,-0.322645,0.303758,-0.726265,0.043491,-1.040885,-0.223689,-1.269961,0.234315,-1.072579,0.320700,-1.520990,0.372524,-1.758998,0.395295,-2.046896,-0.052099,-0.983970,-0.190843,-1.495177,-0.294740,-1.835119,-0.316471,-2.092590,-0.285990,-0.842487,-0.297596,-1.109335,-0.162944,-0.793032,-0.078512,-0.612884,-0.481586,-0.587613,-0.452253,-0.847527,-0.316489,-0.617965,-0.264373,-0.436059
K,Right,legacy_asl_K_100,0.000000,0.000000,0.259548,-0.288926,0.296465,-0.705465,0.044015,-1.015409,-0.200392,-1.232456,0.217908,-1.016820,0.324879,-1.453994,0.362924,-1.736363,0.386607,-1.978105,-0.048233,-0.970374,-0.181734,-1.477073,-0.266874,-1.793632,-0.346038,-2.048781,-0.268090,-0.814293,-0.308140,-1.062339,-0.150192,-0.768325,-0.067712,-0.551861,-0.466482,-0.600736,-0.442972,-0.834050,-0.305337,-0.597898,-0.249056,-0.406804
K,Right,legacy_asl_K_101,0.000000,0.000000,0.293910,-0.268671,0.373511,-0.689962,0.147131,-1.031621,-0.080394,-1.277686,0.324702,-1.015555,0.477858,-1.450849,0.545103,-1.735128,0.593603,-1.979400,0.048474,-0.994957,-0.036732,-1.525397,-0.091734,-1.856963,-0.146822,-2.125268,-0.191566,-0.857837,-0.207459,-1.114957,-0.075898,-0.799065,-0.013533,-0.569897,-0.415489,-0.659910,-0.368014,-0.895601,-0.251354,-0.640792,-0.213167,-0.440147
K,Right,legacy_asl_K_102,-0.026681,-0.021038,0.238780,-0.308541,0.319081,-0.735311,0.035671,-1.028014,-0.197224,-1.233480,0.217372,-1.034232,0.317584,-1.485467,0.343273,-1.808196,0.397870,-2.008527,-0.066268,-1.003561,-0.191061,-1.509374,-0.279438,-1.834990,-0.366203,-2.098227,-0.256220,-0.840671,-0.328929,-1.090185,-0.153924,-0.793557,-0.082691,-0.592295,-0.473913,-0.577801,-0.461783,-0.837106,-0.287612,-0.614437,-0.269464,-0.427408
K,Right,legacy_asl_K_103,0.000000,0.000000,0.274578,-0.305658,0.313633,-0.746319,0.046564,-1.074212,-0.211996,-1.303828,0.230528,-1.075704,0.343693,-1.538196,0.383941,-1.836917,0.408995,-2.092658,-0.051027,-1.026569,-0.192259,-1.562611,-0.282328,-1.897502,-0.366077,-2.167427,-0.283616,-0.861449,-0.325985,-1.123859,-0.158889,-0.812819,-0.071634,-0.583820,-0.493496,-0.635525,-0.468625,-0.882351,-0.323019,-0.632522,-0.263479,-0.430362
K,Right,legacy_asl_K_104,0.000000,0.000000,0.235956,-0.320768,0.231982,-0.749495,-0.056605,-1.040522,-0.327696,-1.237562,0.120695,-1.059347,0.186141,-1.516134,0.196732,-1.808066,0.196729,-2.057106,-0.146232,-0.985346,-0.333114,-1.489033,-0.451639,-1.803538,-0.557927,-2.055977,-0.354969,-0.804101,-0.420635,-1.053202,-0.230070,-0.768982,-0.124267,-0.556349,-0.536057,-0.566353,-0.535394,-0.806777,-0.371341,-0.579567,-0.294808,-0.390202
K,Right,legacy_asl_K_105,-0.008634,-0.006567,0.288722,-0.298260,0.320588,-0.742199,0.041293,-1.054807,-0.198576,-1.275444,0.206214,-1.053293,0.353368,-1.489734,0.358852,-1.741453,0.405872,-2.023158,-0.062955,-0.988298,-0.177576,-1.512692,-0.280861,-1.835109,-0.355188,-2.094674,-0.285798,-0.847758,-0.291259,-1.078107,-0.192298,-0.812143,-0.064187,-0.603692,-0.457842,-0.625043,-0.439375,-0.855859,-0.302212,-0.609761,-0.225267,-0.438342
K,Right,legacy_asl_K_106,0.000000,0.000000,0.280576,-0.312334,0.320484,-0.762622,0.047581,-1.097677,-0.216627,-1.332309,0.235563,-1.099202,0.351201,-1.571796,0.392328,-1.877043,0.417930,-2.138370,-0.052141,-1.048993,-0.196458,-1.596745,-0.288496,-1.938952,-0.374074,-2.214772,-0.289811,-0.880267,-0.333105,-1.148409,-0.162360,-0.830574,-0.073199,-0.596573,-0.504276,-0.649407,-0.478862,-0.901625,-0.330075,-0.646339,-0.269235,-0.439763
K,Right,legacy_asl_K_107,0.000000,0.000000,0.250038,-0.309917,0.265202,-0.738394,-0.010108,-1.042012,-0.272135,-1.250954,0.167856,-1.052904,0.253624,-1.506315,0.277233,-1.797484,0.288346,-2.046276,-0.102108,-0.990890,-0.266324,-1.502417,-0.370693,-1.821899,-0.465609,-2.078829,-0.318727,-0.819142,-0.373209,-1.070926,-0.195519,-0.778484,-0.099312,-0.561341,-0.510245,-0.589713,-0.498852,-0.829869,-0.345104,-0.595564,-0.277098,-0.402971
K,Right,legacy_asl_K_108,-0.012628,-0.023896,0.241733,-0.272362,0.231700,-0.732244,-0.068731,-1.039359,-0.353552,-1.226535,0.134313,-1.053847,0.197504,-1.478765,0.204223,-1.820126,0.193882,-2.066241,-0.150387,-0.974593,-0.305775,-1.485415,-0.424014,-1.830657,-0.522185,-2.080255,-0.345257,-0.822735,-0.408569,-1.080529,-0.185935,-0.762180,-0.092375,-0.546186,-0.497487,-0.558963,-0.534980,-0.751862,-0.320228,-0.584790,-0.243980,-0.394680
K,Right,legacy_asl_K_109,0.000000,0.000000,0.244620,-0.301334,0.231834,-0.731048,-0.072476,-1.015946,-0.347880,-1.205613,0.122771,-1.038545,0.183834,-1.503967,0.186610,-1.792324,0.181388,-2.044806,-0.133184,-0.972131,-0.305066,-1.475715,-0.411144,-1.786871,-0.508607,-2.052536,-0.332328,-0.791645,-0.414403,-1.043809,-0.209718,-0.775411,-0.093654,-0.570344,-0.500882,-0.551618,-0.508006,-0.769053,-0.321421,-0.559194,-0.225267,-0.380962
K,Right,legacy_asl_K_110,0.000000,0.000000,0.217841,-0.327514,0.163655,-0.759816,-0.170730,-1.018006,-0.466804,-1.182897,0.024079,-1.059565,0.040967,-1.534988,0.016063,-1.826173,-0.013463,-2.080396,-0.227769,-0.967969,-0.449560,-1.459512,-0.586476,-1.763240,-0.710330,-2.021900,-0.411340,-0.766747,-0.518372,-1.013265,-0.286081,-0.762149,-0.149284,-0.566412,-0.558330,-0.508394,-0.586408,-0.727075,-0.378003,-0.533279,-0.263870,-0.362703
K,Right,legacy_asl_K_111,0.017553,-0.007894,0.257318,-0.288578,0.247399,-0.759976,-0.073992,-1.030928,-0.364141,-1.221363,0.122459,-1.064940,0.196465,-1.514802,0.192836,-1.812343,0.183625,-2.050155,-0.130354,-0.975089,-0.260232,-1.484551,-0.418897,-1.819514,-0.519604,-2.073767,-0.344131,-0.796791,-0.433389,-1.064280,-0.177092,-0.775151,-0.078690,-0.559832,-0.509409,-0.556119,-0.519037,-0.766706,-0.313927,-0.579317,-0.229072,-0.390652
K,Right,legacy_asl_K_112,0.000000,0.000000,0.264189,-0.325440,0.250380,-0.789529,-0.078273,-1.097218,-0.375709,-1.302058,0.132592,-1.121625,0.198540,-1.624280,0.201539,-1.935704,0.195899,-2.208384,-0.143839,-1.049898,-0.329470,-1.593768,-0.444034,-1.929815,-0.549294,-2.216732,-0.358913,-0.854974,-0.447554,-1.127310,-0.226494,-0.837442,-0.101146,-0.615970,-0.540951,-0.595746,-0.548645,-0.830575,-0.347134,-0.603928,-0.243287,-0.411438
K,Right,legacy_asl_K_113,0.000000,0.000000,0.270928,-0.285164,0.291905,-0.720343,0.006913,-1.032200,-0.256386,-1.245559,0.205968,-1.039632,0.304378,-1.505065,0.329929,-1.796194,0.344569,-2.051706,-0.057882,-0.992720,-0.191822,-1.515086,-0.274455,-1.837837,-0.351973,-2.113945,-0.273328,-0.826071,-0.336363,-1.087325,-0.150726,-0.799997,-0.049636,-0.583647,-0.462565,-0.596851,-0.452610,-0.817102,-0.280645,-0.590349,-0.197552,-0.402683
K,Right,legacy_asl_K_114,-0.038175,0.003763,0.231252,-0.299689,0.251384,-0.738186,-0.079050,-1.002548,-0.369782,-1.218252,0.134144,-1.055659,0.215723,-1.537334,0.200840,-1.802351,0.175034,-2.079568,-0.125809,-0.991375,-0.327621,-1.499536,-0.434422,-1.798795,-0.512597,-2.081728,-0.334759,-0.796004,-0.405190,-1.041020,-0.227698,-0.811256,-0.089778,-0.570498,-0.509984,-0.544802,-0.508155,-0.759594,-0.316348,-0.543440,-0.234157,-0.404973
K,Right,legacy_asl_K_115,0.000000,0.000000,0.262260,-0.323064,0.248552,-0.783764,-0.077702,-1.089206,-0.372966,-1.292550,0.131624,-1.113435,0.197090,-1.612419,0.200067,-1.921570,0.194468,-2.192258,-0.142788,-1.042232,-0.327064,-1.582130,-0.440792,-1.915723,-0.545283,-2.200545,-0.356292,-0.848731,-0.444286,-1.119079,-0.224840,-0.831327,-0.100408,-0.611472,-0.537001,-0.591396,-0.544639,-0.824510,-0.344599,-0.599518,-0.241511,-0.408434
K,Right,legacy_asl_K_116,0.000000,0.000000,0.242792,-0.309471,0.222586,-0.744687,-0.090580,-1.028241,-0.372848,-1.215786,0.106884,-1.054435,0.160907,-1.527081,0.158856,-1.819322,0.149305,-2.075075,-0.151357,-0.982819,-0.334021,-1.490205,-0.446760,-1.803712,-0.550002,-2.071267,-0.350105,-0.796573,-0.437527,-1.050707,-0.225590,-0.782191,-0.104523,-0.576353,-0.516853,-0.550508,-0.527740,-0.770716,-0.335132,-0.561213,-0.234691,-0.382231
K,Right,legacy_asl_K_117,-0.018542,-0.009487,0.306768,-0.223197,0.360801,-0.644968,0.069820,-0.985686,-0.178287,-1.264940,0.337223,-0.983283,0.423776,-1.470859,0.466653,-1.751402,0.493289,-1.987906,0.048873,-0.980430,-0.064205,-1.491832,-0.080422,-1.835720,-0.124347,-2.098933,-0.208271,-0.855205,-0.278033,-1.079586,-0.135581,-0.728436,-0.029161,-0.511132,-0.407478,-0.657218,-0.398039,-0.859755,-0.292446,-0.583880,-0.262194,-0.367729
K,Right,legacy_asl_K_118,0.000000,0.000000,0.305905,-0.234786,0.374436,-0.680114,0.082345,-1.035898,-0.169717,-1.298222,0.347738,-1.062496,0.461867,-1.536806,0.499150,-1.835325,0.536550,-2.095146,0.040249,-1.034974,-0.058971,-1.567608,-0.110930,-1.900960,-0.148630,-2.184502,-0.207883,-0.880784,-0.264658,-1.099154,-0.128572,-0.762626,-0.050098,-0.535402,-0.421640,-0.661566,-0.425929,-0.884962,-0.306815,-0.598922,-0.246976,-0.387733
K,Right,legacy_asl_K_119,0.000000,0.000000,0.281169,-0.239995,0.324613,-0.669737,0.027275,-0.995805,-0.227090,-1.234394,0.280022,-1.034478,0.365676,-1.494234,0.386512,-1.781875,0.409384,-2.032473,-0.012980,-0.992826,-0.134476,-1.497800,-0.200810,-1.814345,-0.251014,-2.083915,-0.242852,-0.832864,-0.308074,-1.039093,-0.161044,-0.723694,-0.074608,-0.510068,-0.436580,-0.612358,-0.451805,-0.826011,-0.323535,-0.558102,-0.255738,-0.358901
K,Right,legacy_asl_K_120,0.024426,-0.014750,0.280463,-0.229923,0.378282,-0.660220,0.083555,-1.018118,-0.164025,-1.233572,0.352412,-0.998868,0.425618,-1.455966,0.477361,-1.762648,0.515359,-1.996548,0.063947,-0.985980,-0.063838,-1.500462,-0.126676,-1.796447,-0.140111,-2.095328,-0.199495,-0.823270,-0.229669,-1.075076,-0.140158,-0.723271,-0.036045,-0.523411,-0.398366,-0.632421,-0.415767,-0.864496,-0.291133,-0.586234,-0.238256,-0.370042
K,Right,legacy_asl_K_121,0.000000,0.000000,0.295656,-0.226919,0.361891,-0.657328,0.079586,-1.001191,-0.164031,-1.254726,0.336087,-1.026898,0.446393,-1.485317,0.482427,-1.773835,0.518573,-2.024951,0.038900,-1.000298,-0.056995,-1.515087,-0.107213,-1.837271,-0.143650,-2.111313,-0.200918,-0.851274,-0.255791,-1.062328,-0.124264,-0.737075,-0.048420,-0.517464,-0.407513,-0.639401,-0.411659,-0.855312,-0.296536,-0.578856,-0.238701,-0.374743
K,Right,legacy_asl_K_122,0.000000,0.000000,0.305691,-0.207863,0.395793,-0.630293,0.135832,-0.986875,-0.090964,-1.251808,0.391291,-0.997722,0.526628,-1.445378,0.578743,-1.729024,0.628839,-1.975627,0.095493,-0.988308,0.029855,-1.503528,-0.001523,-1.825423,-0.021995,-2.098863,-0.150469,-0.854399,-0.192786,-1.066516,-0.081069,-0.736950,-0.018474,-0.515165,-0.367114,-0.656363,-0.358921,-0.870401,-0.260669,-0.590089,-0.215025,-0.384676
K,Right,legacy_asl_K_123,-0.005825,-0.009535,0.287902,-0.228906,0.341086,-0.665305,0.074136,-0.993030,-0.180704,-1.228193,0.314627,-0.994362,0.441170,-1.484745,0.470712,-1.759125,0.532997,-2.020313,0.037479,-0.988750,-0.069139,-1.485047,-0.114082,-1.834352,-0.111914,-2.092202,-0.204560,-0.832655,-0.264274,-1.071044,-0.115048,-0.732661,-0.029806,-0.493354,-0.403922,-0.622078,-0.390649,-0.853172,-0.305295,-0.584231,-0.241444,-0.359878
K,Right,legacy_asl_K_124,0.000000,0.000000,0.305795,-0.234702,0.374302,-0.679871,0.082316,-1.035527,-0.169656,-1.297758,0.347614,-1.062116,0.461702,-1.536257,0.498972,-1.834670,0.536358,-2.094397,0.040234,-1.034604,-0.058950,-1.567048,-0.110890,-1.900281,-0.148577,-2.183722,-0.207808,-0.880469,-0.264564,-1.098761,-0.128526,-0.762354,-0.050080,-0.535210,-0.421489,-0.661329,-0.425777,-0.884646,-0.306706,-0.598708,-0.246887,-0.387595
K,Right,legacy_asl_K_125,0.000000,0.000000,0.300774,-0.214916,0.381027,-0.639327,0.112843,-0.989767,-0.120053,-1.249354,0.367981,-1.006552,0.492870,-1.457235,0.538374,-1.742017,0.582721,-1.989718,0.072482,-0.990261,-0.005121,-1.503815,-0.043976,-1.824894,-0.070803,-2.097784,-0.170300,-0.850668,-0.217538,-1.061744,-0.098187,-0.734866,-0.030450,-0.514596,-0.382280,-0.647647,-0.379067,-0.861818,-0.274322,-0.583867,-0.223913,-0.379571
K,Right,legacy_asl_K_126,0.009615,-0.030104,0.282899,-0.276080,0.319154,-0.697056,0.034628,-1.055828,-0.276824,-1.214398,0.334503,-1.069191,0.420620,-1.494556,0.423285,-1.821780,0.427205,-2.078153,0.045361,-0.996194,-0.098074,-1.480766,-0.148100,-1.805271,-0.193339,-2.102014,-0.201995,-0.850537,-0.316971,-1.093347,-0.179068,-0.788944,-0.089684,-0.528520,-0.404636,-0.656451,-0.483682,-0.869988,-0.331774,-0.600294,-0.261724,-0.425812
K,Right,legacy_asl_K_127,0.000000,0.000000,0.267276,-0.233424,0.310683,-0.669437,0.011528,-0.987916,-0.261488,-1.179548,0.332352,-0.975387,0.388070,-1.428476,0.400447,-1.722057,0.412509,-1.975548,0.042884,-0.945272,-0.069781,-1.413707,-0.142945,-1.718393,-0.200108,-1.971176,-0.189673,-0.810993,-0.302573,-1.040147,-0.176502,-0.725557,-0.094303,-0.510211,-0.392515,-0.618006,-0.439939,-0.821968,-0.329562,-0.572181,-0.259440,-0.387887
K,Right,legacy_asl_K_128,0.000000,0.000000,0.266325,-0.262560,0.284255,-0.724004,-0.050711,-1.040012,-0.350110,-1.224242,0.287590,-1.047238,0.317385,-1.527428,0.311732,-1.837060,0.308298,-2.104498,-0.015013,-0.997146,-0.163330,-1.482769,-0.259678,-1.798642,-0.335892,-2.060932,-0.251119,-0.841093,-0.384464,-1.074980,-0.231829,-0.752054,-0.131659,-0.530739,-0.452232,-0.625170,-0.515094,-0.836720,-0.383091,-0.580967,-0.297601,-0.391552
K,Right,legacy_asl_K_129,-0.004882,-0.000104,0.304177,-0.241607,0.340015,-0.698069,0.001201,-1.052044,-0.253253,-1.244305,0.331404,-1.021914,0.412117,-1.499550,0.438617,-1.822165,0.430834,-2.079768,0.060034,-1.011720,-0.070065,-1.491213,-0.144959,-1.800051,-0.178989,-2.098904,-0.240843,-0.878322,-0.344468,-1.109835,-0.203714,-0.788525,-0.076973,-0.532539,-0.410937,-0.657962,-0.452125,-0.851429,-0.343537,-0.623704,-0.269971,-0.405511
K,Right,legacy_asl_K_130,0.000000,0.000000,0.292066,-0.255074,0.339499,-0.731528,0.012597,-1.079545,-0.285741,-1.288951,0.363178,-1.065854,0.424063,-1.560967,0.437589,-1.881778,0.450769,-2.158781,0.046861,-1.032946,-0.076253,-1.544828,-0.156203,-1.877774,-0.218668,-2.154003,-0.207265,-0.886213,-0.330636,-1.136621,-0.192873,-0.792853,-0.103050,-0.557533,-0.428921,-0.675326,-0.480743,-0.898205,-0.360129,-0.625251,-0.283503,-0.423864
K,Right,legacy_asl_K_131,0.000000,0.000000,0.271848,-0.256837,0.299588,-0.717795,-0.028582,-1.040855,-0.323996,-1.231410,0.309796,-1.040885,0.349797,-1.520333,0.350730,-1.830015,0.352984,-2.097466,0.006197,-0.997240,-0.131760,-1.485907,-0.221368,-1.803758,-0.291987,-2.067609,-0.233175,-0.846244,-0.361516,-1.082913,-0.215783,-0.756814,-0.120343,-0.533419,-0.438835,-0.634646,-0.497184,-0.847485,-0.370649,-0.588983,-0.289207,-0.397792
K,Right,legacy_asl_K_132,-0.001019,-0.012428,0.279761,-0.238774,0.343153,-0.716377,0.042965,-1.029823,-0.275079,-1.245717,0.341013,-1.054840,0.401660,-1.494839,0.466597,-1.812558,0.446837,-2.094423,0.030680,-1.006556,-0.073313,-1.508484,-0.179229,-1.800233,-0.216522,-2.092994,-0.200884,-0.895182,-0.326980,-1.122726,-0.189384,-0.727905,-0.151089,-0.536730,-0.426615,-0.676518,-0.464489,-0.893864,-0.360374,-0.606475,-0.261507,-0.389996
K,Right,legacy_asl_K_133,0.000000,0.000000,0.297288,-0.259634,0.345568,-0.744606,0.012822,-1.098845,-0.290849,-1.311995,0.369671,-1.084909,0.431645,-1.588874,0.445412,-1.915420,0.458828,-2.197375,0.047699,-1.051413,-0.077616,-1.572447,-0.158995,-1.911345,-0.222577,-2.192512,-0.210971,-0.902057,-0.336548,-1.156941,-0.196321,-0.807028,-0.104892,-0.567500,-0.436589,-0.687399,-0.489338,-0.914263,-0.366567,-0.636429,-0.288572,-0.431442
K,Right,legacy_asl_K_134,0.000000,0.000000,0.296242,-0.228271,0.370083,-0.684121,0.075977,-1.038472,-0.198831,-1.257701,0.412651,-1.004557,0.500546,-1.477574,0.532540,-1.785600,0.561612,-2.051476,0.106204,-0.991587,0.017965,-1.491629,-0.039306,-1.816866,-0.083100,-2.086470,-0.147107,-0.865366,-0.251059,-1.113716,-0.138774,-0.774642,-0.066225,-0.542800,-0.372956,-0.675467,-0.409660,-0.893085,-0.309695,-0.623194,-0.247843,-0.424798
K,Right,legacy_asl_K_135,0.011833,-0.016668,0.371988,-0.163568,0.589126,-0.638474,0.460492,-1.036595,0.204326,-1.259923,0.528807,-0.952197,0.705539,-1.418428,0.824033,-1.720943,0.877720,-1.986257,0.190484,-0.968804,0.143325,-1.476801,0.069986,-1.831961,0.002220,-2.117131,-0.096887,-0.873284,-0.151745,-1.148861,-0.055391,-0.768057,0.027482,-0.497149,-0.414337,-0.707579,-0.402757,-0.921645,-0.312535,-0.606301,-0.264345,-0.338969
K,Right,legacy_asl_K_136,0.000000,0.000000,0.386478,-0.172703,0.618947,-0.668409,0.475526,-1.078600,0.208385,-1.271033,0.535749,-0.986206,0.717827,-1.446039,0.819547,-1.759827,0.921358,-2.036875,0.201234,-0.990791,0.130672,-1.529491,0.065708,-1.873027,0.032160,-2.154237,-0.117270,-0.889350,-0.153046,-1.182657,-0.050311,-0.797022,0.020083,-0.509708,-0.422004,-0.711989,-0.412851,-0.930682,-0.305384,-0.603511,-0.242742,-0.355411
K,Right,legacy_asl_K_137,0.000000,0.000000,0.382491,-0.156601,0.624665,-0.633172,0.497371,-1.037900,0.242616,-1.233943,0.553288,-0.945875,0.745178,-1.388994,0.854135,-1.692073,0.962049,-1.959294,0.226982,-0.960681,0.174761,-1.488568,0.121973,-1.825826,0.097920,-2.101289,-0.086974,-0.871524,-0.112828,-1.158862,-0.024481,-0.779354,0.035341,-0.496795,-0.389836,-0.707852,-0.374150,-0.920988,-0.279379,-0.598389,-0.225910,-0.354337
K,Right,legacy_asl_K_138,0.005014,-0.027044,0.376714,-0.185746,0.578386,-0.661337,0.471634,-1.060743,0.181024,-1.229044,0.569265,-0.942938,0.691245,-1.423370,0.794504,-1.696166,0.880314,-1.980935,0.197705,-0.962337,0.130344,-1.487235,0.071789,-1.824214,0.041124,-2.126439,-0.118885,-0.860731,-0.140686,-1.155664,-0.051859,-0.789956,0.004099,-0.489392,-0.382770,-0.679906,-0.354460,-0.897602,-0.286451,-0.593550,-0.218423,-0.355478
K,Right,legacy_asl_K_139,0.000000,0.000000,0.399990,-0.178741,0.640587,-0.691778,0.492151,-1.116309,0.215671,-1.315471,0.554479,-1.020685,0.742924,-1.496595,0.848199,-1.821354,0.953571,-2.108087,0.208269,-1.025431,0.135241,-1.582965,0.068005,-1.938511,0.033284,-2.229552,-0.121370,-0.920443,-0.158397,-1.224005,-0.052070,-0.824888,0.020785,-0.527528,-0.436758,-0.736881,-0.427285,-0.963221,-0.316061,-0.624611,-0.251228,-0.367837
K,Right,legacy_asl_K_140,0.000000,0.000000,0.368835,-0.186505,0.572366,-0.680816,0.413308,-1.074146,0.143778,-1.249323,0.476362,-0.986856,0.632427,-1.443825,0.716952,-1.754605,0.803286,-2.029558,0.149912,-0.975682,0.055900,-1.497749,-0.023524,-1.829744,-0.069395,-2.102425,-0.155965,-0.861854,-0.204574,-1.146229,-0.086345,-0.774943,-0.004254,-0.498033,-0.444861,-0.674629,-0.446164,-0.888339,-0.326054,-0.574291,-0.253357,-0.335261
K,Right,legacy_asl_K_141,0.015619,0.026861,0.413136,-0.181130,0.602309,-0.630108,0.475971,-1.055177,0.222981,-1.235942,0.527692,-0.956617,0.677976,-1.415285,0.821335,-1.725872,0.896333,-2.006290,0.203902,-0.959812,0.129164,-1.499972,0.049735,-1.849883,0.039894,-2.126281,-0.123304,-0.875395,-0.185949,-1.128930,-0.060751,-0.778465,0.008736,-0.484398,-0.430520,-0.695905,-0.385972,-0.906563,-0.301492,-0.616551,-0.206155,-0.356388
K,Right,legacy_asl_K_142,0.000000,0.000000,0.375321,-0.167717,0.601079,-0.649112,0.461798,-1.047461,0.202369,-1.234339,0.520282,-0.957735,0.697104,-1.404293,0.795887,-1.709022,0.894759,-1.978071,0.195424,-0.962188,0.126900,-1.485336,0.063811,-1.818954,0.031231,-2.092045,-0.113885,-0.863675,-0.148628,-1.148515,-0.048859,-0.774013,0.019503,-0.494993,-0.409821,-0.691434,-0.400933,-0.903814,-0.296568,-0.586088,-0.235734,-0.345151
K,Right,legacy_asl_K_143,0.000000,0.000000,0.388630,-0.140677,0.650272,-0.606844,0.539796,-1.016482,0.293352,-1.222875,0.591865,-0.922226,0.801886,-1.357046,0.923262,-1.655368,1.042116,-1.917907,0.266449,-0.950491,0.236066,-1.480085,0.197246,-1.819233,0.184586,-2.095455,-0.050919,-0.874371,-0.064889,-1.162532,0.007715,-0.779701,0.055821,-0.494913,-0.360281,-0.723342,-0.335809,-0.935650,-0.254437,-0.609412,-0.211089,-0.363361
K,Right,legacy_asl_K_144,-0.009624,-0.017118,0.302526,-0.299794,0.329961,-0.768534,-0.015934,-1.091941,-0.306698,-1.267769,0.303765,-1.047227,0.346603,-1.565765,0.316828,-1.884964,0.331141,-2.115122,-0.028032,-1.013509,-0.158333,-1.504869,-0.260407,-1.830710,-0.398714,-2.056289,-0.268428,-0.843970,-0.381808,-1.121973,-0.194997,-0.777187,-0.091477,-0.588726,-0.476754,-0.614563,-0.528924,-0.872903,-0.341509,-0.642375,-0.259882,-0.399065
K,Right,legacy_asl_K_145,0.000000,0.000000,0.296089,-0.296420,0.312603,-0.743647,-0.001448,-1.055214,-0.295514,-1.217241,0.276273,-1.003850,0.319558,-1.475295,0.323531,-1.773106,0.320468,-2.025693,-0.016379,-0.952895,-0.160269,-1.443389,-0.256738,-1.748816,-0.352433,-1.995549,-0.241040,-0.806560,-0.358922,-1.052425,-0.191718,-0.771004,-0.094570,-0.555551,-0.442570,-0.592804,-0.479915,-0.828187,-0.337490,-0.590385,-0.256025,-0.380945
K,Right,legacy_asl_K_146,0.000000,0.000000,0.281236,-0.337029,0.256617,-0.805265,-0.100259,-1.101002,-0.422285,-1.242562,0.194356,-1.073393,0.195406,-1.569406,0.171683,-1.880549,0.144850,-2.143842,-0.106265,-0.992832,-0.302317,-1.491208,-0.431567,-1.800900,-0.554516,-2.049416,-0.327008,-0.819106,-0.473030,-1.064639,-0.272213,-0.786618,-0.150675,-0.570879,-0.517306,-0.577187,-0.578303,-0.819319,-0.407426,-0.584497,-0.302817,-0.373565
K,Right,legacy_asl_K_147,-0.014227,-0.009475,0.316029,-0.278758,0.324897,-0.788104,0.013934,-1.101186,-0.299970,-1.257684,0.276084,-1.054356,0.328106,-1.555084,0.351650,-1.850846,0.364416,-2.111807,-0.020194,-1.026515,-0.193801,-1.509403,-0.280028,-1.848249,-0.363579,-2.080286,-0.257678,-0.878325,-0.382646,-1.114889,-0.217069,-0.824434,-0.110575,-0.603359,-0.478905,-0.627139,-0.499050,-0.867630,-0.352143,-0.610765,-0.268602,-0.414374
K,Right,legacy_asl_K_148,0.000000,0.000000,0.318702,-0.319059,0.336478,-0.800441,-0.001559,-1.135802,-0.318082,-1.310204,0.297373,-1.080517,0.343963,-1.587967,0.348239,-1.908522,0.344943,-2.180399,-0.017630,-1.025669,-0.172509,-1.553624,-0.276346,-1.882377,-0.379349,-2.147953,-0.259448,-0.868159,-0.386334,-1.132801,-0.206360,-0.829888,-0.101792,-0.597979,-0.476370,-0.638078,-0.516567,-0.891437,-0.363264,-0.635474,-0.275578,-0.410039
K,Right,legacy_asl_K_149,0.000000,0.000000,0.308540,-0.312226,0.323323,-0.780876,-0.007463,-1.105532,-0.316466,-1.273630,0.283793,-1.053284,0.326486,-1.547457,0.328971,-1.859494,0.324339,-2.124110,-0.022529,-0.998249,-0.176045,-1.511326,-0.278836,-1.830776,-0.380486,-2.088738,-0.257080,-0.843670,-0.381970,-1.100596,-0.205205,-0.806696,-0.102210,-0.581514,-0.467018,-0.618583,-0.507470,-0.864982,-0.356912,-0.616641,-0.270382,-0.397671
K,Right,legacy_asl_K_150,0.026030,0.016111,0.317823,-0.299281,0.316698,-0.782888,-0.006804,-1.075453,-0.283530,-1.252108,0.290516,-1.070651,0.315592,-1.539820,0.341183,-1.869388,0.329831,-2.118389,-0.037560,-0.981555,-0.172303,-1.499296,-0.257960,-1.827767,-0.361310,-2.087516,-0.240346,-0.848143,-0.367232,-1.110265,-0.177365,-0.800821,-0.116297,-0.590066,-0.451027,-0.624490,-0.512378,-0.862753,-0.375062,-0.586997,-0.260614,-0.398402
K,Right,legacy_asl_K_151,0.000000,0.000000,0.301088,-0.301425,0.317882,-0.756203,-0.001473,-1.073030,-0.300503,-1.237794,0.280938,-1.020800,0.324953,-1.500205,0.328993,-1.803044,0.325879,-2.059895,-0.016656,-0.968984,-0.162975,-1.467760,-0.261073,-1.778344,-0.358384,-2.029243,-0.245110,-0.820179,-0.364983,-1.070194,-0.194955,-0.784022,-0.096167,-0.564931,-0.450043,-0.602813,-0.488018,-0.842170,-0.343188,-0.600354,-0.260348,-0.387377
K,Right,legacy_asl_K_152,0.000000,0.000000,0.293243,-0.326635,0.285579,-0.795455,-0.060366,-1.103908,-0.377061,-1.257024,0.233057,-1.065660,0.252049,-1.561310,0.239596,-1.873108,0.222305,-2.137199,-0.070281,-0.996027,-0.248177,-1.501168,-0.366140,-1.815333,-0.480019,-2.068134,-0.297164,-0.830399,-0.434208,-1.081053,-0.243580,-0.795950,-0.129925,-0.575956,-0.496089,-0.595522,-0.548287,-0.839702,-0.386016,-0.598852,-0.289105,-0.384275
K,Right,legacy_asl_K_153,-0.001010,-0.003123,0.263073,-0.296677,0.310107,-0.719730,0.020334,-1.030850,-0.208074,-1.255813,0.163443,-1.032833,0.248927,-1.531019,0.246929,-1.831297,0.274632,-2.044608,-0.068775,-0.980114,-0.221886,-1.510296,-0.332273,-1.866413,-0.356179,-2.126699,-0.347416,-0.809615,-0.331554,-1.077187,-0.119472,-0.797317,-0.027712,-0.545603,-0.509596,-0.591880,-0.451401,-0.808031,-0.263533,-0.579271,-0.204099,-0.401956
K,Right,legacy_asl_K_154,0.000000,0.000000,0.291346,-0.303846,0.293168,-0.742258,0.033296,-1.057834,-0.226806,-1.291105,0.169927,-1.063181,0.247736,-1.545095,0.262979,-1.844867,0.276797,-2.105332,-0.101014,-1.003421,-0.232776,-1.546512,-0.310073,-1.888335,-0.374006,-2.163246,-0.330394,-0.825709,-0.336140,-1.097878,-0.140132,-0.794108,-0.031931,-0.564041,-0.530993,-0.591993,-0.465384,-0.820206,-0.271437,-0.593096,-0.176653,-0.403104
K,Right,legacy_asl_K_155,0.000000,0.000000,0.296665,-0.288831,0.313278,-0.719728,0.068493,-1.038725,-0.179301,-1.276823,0.202982,-1.039361,0.295760,-1.510452,0.320879,-1.804613,0.343267,-2.060182,-0.065373,-0.989778,-0.176535,-1.528090,-0.240962,-1.866715,-0.294514,-2.139114,-0.296862,-0.822841,-0.293309,-1.090577,-0.110902,-0.785345,-0.012320,-0.555531,-0.501951,-0.599881,-0.429743,-0.821996,-0.246771,-0.592190,-0.160022,-0.402224
K,Right,legacy_asl_K_156,-0.018516,-0.006363,0.248631,-0.284901,0.288130,-0.718402,0.012560,-1.029006,-0.244303,-1.269024,0.171955,-1.038037,0.247663,-1.517285,0.266285,-1.810774,0.294584,-2.070376,-0.097014,-0.987918,-0.219850,-1.532810,-0.300953,-1.844229,-0.371450,-2.140172,-0.330429,-0.819913,-0.307884,-1.055819,-0.129408,-0.793658,-0.024492,-0.563114,-0.509948,-0.572209,-0.460853,-0.785808,-0.273892,-0.573735,-0.175120,-0.387722
K,Right,legacy_asl_K_157,0.000000,0.000000,0.303014,-0.316015,0.304910,-0.771985,0.034630,-1.100200,-0.235890,-1.342813,0.176733,-1.105761,0.257658,-1.606975,0.273511,-1.918752,0.287882,-2.189649,-0.105059,-1.043607,-0.242099,-1.608449,-0.322491,-1.963961,-0.388985,-2.249882,-0.343626,-0.858778,-0.349602,-1.141847,-0.145744,-0.825911,-0.033210,-0.586630,-0.552258,-0.615702,-0.484023,-0.853055,-0.282308,-0.616849,-0.183728,-0.419248
K,Right,legacy_asl_K_158,0.000000,0.000000,0.259110,-0.322949,0.222893,-0.752642,-0.059073,-1.039303,-0.334129,-1.245305,0.074328,-1.056385,0.108789,-1.535287,0.097739,-1.830311,0.088699,-2.086700,-0.185947,-0.974350,-0.362118,-1.495024,-0.467480,-1.823225,-0.553948,-2.087029,-0.395279,-0.780352,-0.424500,-1.046512,-0.206129,-0.765883,-0.080177,-0.549853,-0.571557,-0.533980,-0.527059,-0.763260,-0.317352,-0.557559,-0.208018,-0.379630
K,Right,legacy_asl_K_159,0.030114,-0.005016,0.299511,-0.266411,0.261350,-0.715767,0.046611,-1.024891,-0.218503,-1.274741,0.164565,-1.018775,0.243663,-1.527663,0.255994,-1.820283,0.284736,-2.049199,-0.085854,-0.950739,-0.244013,-1.515211,-0.272546,-1.848962,-0.404886,-2.163640,-0.303841,-0.800980,-0.351643,-1.091170,-0.136579,-0.804207,-0.056196,-0.601154,-0.526414,-0.591118,-0.465713,-0.796811,-0.265920,-0.583621,-0.166144,-0.367709
K,Right,legacy_asl_K_160,0.000000,0.000000,0.278385,-0.290329,0.280126,-0.709238,0.031815,-1.010775,-0.216716,-1.233668,0.162368,-1.015884,0.236715,-1.476359,0.251280,-1.762795,0.264483,-2.011673,-0.096520,-0.958782,-0.222421,-1.477713,-0.296279,-1.804329,-0.357368,-2.067011,-0.315696,-0.788976,-0.321186,-1.049037,-0.133898,-0.758780,-0.030511,-0.538949,-0.507370,-0.565657,-0.444681,-0.783718,-0.259362,-0.566711,-0.168794,-0.385172
K,Right,legacy_asl_K_161,0.000000,0.000000,0.266944,-0.316504,0.241266,-0.746955,-0.033592,-1.040439,-0.303518,-1.253117,0.100188,-1.054247,0.146372,-1.532160,0.142553,-1.827366,0.139798,-2.083900,-0.162019,-0.978613,-0.325380,-1.503447,-0.422669,-1.834131,-0.502648,-2.099974,-0.376041,-0.789803,-0.398732,-1.056599,-0.187303,-0.770703,-0.066681,-0.551652,-0.558302,-0.547823,-0.508200,-0.775944,-0.303596,-0.565167,-0.198655,-0.384613
K,Right,legacy_asl_K_162,-0.018929,-0.023793,0.249706,-0.387976,0.236896,-0.876149,-0.063007,-1.130994,-0.413406,-1.307853,0.027332,-1.055123,0.018805,-1.521314,-0.023493,-1.800922,-0.092391,-2.010387,-0.212709,-0.966171,-0.438689,-1.507102,-0.546658,-1.802616,-0.644026,-2.040094,-0.434326,-0.774092,-0.500314,-1.071518,-0.243450,-0.872892,-0.131499,-0.620184,-0.578961,-0.566073,-0.573529,-0.857428,-0.382119,-0.708035,-0.281571,-0.499858
K,Right,legacy_asl_K_163,0.000000,0.000000,0.266800,-0.399146,0.254109,-0.889778,-0.085813,-1.203737,-0.413191,-1.372438,0.031202,-1.113513,0.011186,-1.617862,-0.029175,-1.914224,-0.055160,-2.168593,-0.234597,-1.030693,-0.453238,-1.572450,-0.569666,-1.898869,-0.659834,-2.138772,-0.439971,-0.848898,-0.527617,-1.158374,-0.283456,-0.897762,-0.136635,-0.667990,-0.610507,-0.608775,-0.610338,-0.897727,-0.396690,-0.719635,-0.277656,-0.532863
K,Right,legacy_asl_K_164,0.000000,0.000000,0.257996,-0.371790,0.254091,-0.834388,-0.061109,-1.135857,-0.366872,-1.300222,0.047689,-1.048904,0.037106,-1.524550,0.003935,-1.804516,-0.016378,-2.044670,-0.204170,-0.975217,-0.401330,-1.489378,-0.505697,-1.798919,-0.586735,-2.026494,-0.400707,-0.807258,-0.478226,-1.100358,-0.252399,-0.850739,-0.117802,-0.631783,-0.565369,-0.583757,-0.560466,-0.856074,-0.362040,-0.684725,-0.252924,-0.506749
K,Right,legacy_asl_K_165,0.006499,0.006437,0.259731,-0.369334,0.188856,-0.884988,-0.086509,-1.111160,-0.377858,-1.319696,0.034547,-1.074380,0.042107,-1.531103,-0.021572,-1.828132,-0.070089,-2.049891,-0.225454,-0.979827,-0.454605,-1.480419,-0.517794,-1.800351,-0.641269,-2.017980,-0.446478,-0.792207,-0.497728,-1.084677,-0.270907,-0.844184,-0.106769,-0.625916,-0.553423,-0.568685,-0.564922,-0.822010,-0.375248,-0.696570,-0.285777,-0.502410
K,Right,legacy_asl_K_166,0.000000,0.000000,0.251066,-0.375608,0.239124,-0.837307,-0.080752,-1.132752,-0.388824,-1.291504,0.029362,-1.047848,0.010526,-1.522455,-0.027454,-1.801341,-0.051907,-2.040709,-0.220763,-0.969913,-0.426510,-1.479721,-0.536073,-1.786891,-0.620923,-2.012647,-0.414026,-0.798838,-0.496503,-1.090064,-0.266740,-0.844820,-0.128577,-0.628598,-0.574505,-0.572875,-0.574346,-0.844788,-0.373297,-0.677198,-0.261282,-0.501439
K,Right,legacy_asl_K_167,0.000000,0.000000,0.248261,-0.378360,0.232353,-0.840701,-0.090565,-1.133888,-0.400490,-1.290263,0.020453,-1.049788,-0.002469,-1.525000,-0.042895,-1.804011,-0.069433,-2.043556,-0.229409,-0.969590,-0.439846,-1.478462,-0.552210,-1.785190,-0.639127,-2.010585,-0.421521,-0.796587,-0.506620,-1.087578,-0.274391,-0.843902,-0.134158,-0.628513,-0.580328,-0.568888,-0.582493,-0.841241,-0.379687,-0.675099,-0.265989,-0.500015
K,Right,legacy_asl_K_168,-0.000666,-0.004555,0.266367,-0.400021,0.230216,-0.872789,-0.076551,-1.120236,-0.391478,-1.287151,0.021800,-1.032282,-0.014495,-1.524936,-0.016701,-1.792681,-0.058647,-2.050696,-0.193009,-0.971737,-0.424229,-1.472518,-0.543030,-1.759572,-0.622341,-2.026752,-0.437899,-0.785146,-0.496608,-1.082770,-0.254158,-0.832390,-0.132587,-0.655206,-0.560935,-0.543943,-0.590472,-0.878002,-0.381685,-0.653845,-0.253421,-0.499567
K,Right,legacy_asl_K_169,0.000000,0.000000,0.263708,-0.394521,0.251165,-0.879468,-0.084818,-1.189790,-0.408403,-1.356535,0.030840,-1.100610,0.011057,-1.599115,-0.028836,-1.892044,-0.054521,-2.143465,-0.231879,-1.018751,-0.447986,-1.554230,-0.563065,-1.876866,-0.652188,-2.113990,-0.434873,-0.839062,-0.521503,-1.144952,-0.280171,-0.887359,-0.135052,-0.660250,-0.603433,-0.601721,-0.603266,-0.887325,-0.392093,-0.711297,-0.274439,-0.526688
K,Right,legacy_asl_K_170,0.000000,0.000000,0.282097,-0.353851,0.308896,-0.815689,0.014395,-1.137408,-0.279789,-1.321700,0.117183,-1.043428,0.138185,-1.518728,0.123663,-1.800278,0.119330,-2.041250,-0.139011,-0.986615,-0.301619,-1.512726,-0.385217,-1.828510,-0.450976,-2.060960,-0.346259,-0.832067,-0.404159,-1.129666,-0.195393,-0.865611,-0.075621,-0.638207,-0.525388,-0.619985,-0.502427,-0.891376,-0.315807,-0.707239,-0.218742,-0.522415
K,Right,legacy_asl_K_171,-0.004119,-0.011208,0.210277,-0.370427,0.246795,-0.740648,-0.048994,-0.970215,-0.254948,-1.114452,0.156373,-1.089362,0.177134,-1.481517,0.160940,-1.762664,0.110615,-2.041546,-0.121294,-1.028255,-0.282472,-1.442929,-0.399050,-1.700217,-0.446557,-1.962456,-0.287732,-0.816130,-0.486831,-0.982701,-0.343989,-0.761190,-0.223344,-0.602580,-0.454490,-0.592928,-0.588191,-0.736274,-0.459338,-0.596044,-0.343436,-0.479406
K,Right,legacy_asl_K_172,0.000000,0.000000,0.213377,-0.380900,0.243909,-0.786158,-0.034085,-1.018917,-0.271492,-1.184035,0.162919,-1.121836,0.183315,-1.575370,0.161897,-1.863201,0.145139,-2.117927,-0.115855,-1.048207,-0.296407,-1.512729,-0.407432,-1.798884,-0.487710,-2.056423,-0.324653,-0.870297,-0.497160,-1.070487,-0.352969,-0.806659,-0.241194,-0.626042,-0.490938,-0.634513,-0.613841,-0.786902,-0.480189,-0.624395,-0.366540,-0.509861
K,Right,legacy_asl_K_173,0.000000,0.000000,0.175979,-0.374546,0.177443,-0.759759,-0.101122,-0.961021,-0.336742,-1.101077,0.078174,-1.071646,0.066790,-1.501815,0.027078,-1.772494,-0.005990,-2.012189,-0.180412,-0.983184,-0.382524,-1.410154,-0.506840,-1.673189,-0.600153,-1.911248,-0.365788,-0.800862,-0.542419,-0.978465,-0.388256,-0.738781,-0.270367,-0.575577,-0.507058,-0.566698,-0.633559,-0.702463,-0.496210,-0.557859,-0.381018,-0.457259
K,Right,legacy_asl_K_174,-0.016254,-0.022057,0.222155,-0.377882,0.245273,-0.730130,-0.025590,-0.946448,-0.246940,-1.148839,0.147682,-1.059029,0.168822,-1.499964,0.148805,-1.770336,0.167988,-1.989265,-0.106458,-0.988915,-0.271407,-1.426204,-0.383179,-1.696505,-0.481553,-1.947050,-0.320068,-0.842992,-0.471583,-1.020510,-0.314796,-0.768238,-0.240997,-0.593446,-0.497512,-0.581346,-0.557901,-0.750922,-0.453825,-0.586714,-0.346454,-0.496305
K,Right,legacy_asl_K_175,0.000000,0.000000,0.213096,-0.380399,0.243589,-0.785125,-0.034040,-1.017578,-0.271135,-1.182479,0.162705,-1.120362,0.183074,-1.573300,0.161684,-1.860753,0.144949,-2.115144,-0.115702,-1.046829,-0.296018,-1.510742,-0.406897,-1.796520,-0.487069,-2.053721,-0.324227,-0.869154,-0.496506,-1.069081,-0.352505,-0.805599,-0.240877,-0.625219,-0.490293,-0.633679,-0.613034,-0.785868,-0.479558,-0.623575,-0.366058,-0.509191
K,Right,legacy_asl_K_176,0.000000,0.000000,0.183166,-0.371085,0.192055,-0.756197,-0.082580,-0.962792,-0.315456,-1.107364,0.098815,-1.069940,0.095725,-1.500248,0.061238,-1.771643,0.032797,-2.011930,-0.161427,-0.986478,-0.355272,-1.417265,-0.474495,-1.682647,-0.563201,-1.922461,-0.350284,-0.807764,-0.523459,-0.988739,-0.373944,-0.746128,-0.259222,-0.580681,-0.496040,-0.576366,-0.619901,-0.714544,-0.485365,-0.567320,-0.372133,-0.464518
K,Right,legacy_asl_K_177,-0.006987,0.007635,0.181043,-0.363461,0.260593,-0.775895,-0.030407,-0.961518,-0.268919,-1.116534,0.152440,-1.078235,0.155129,-1.490310,0.149933,-1.774920,0.171621,-2.015681,-0.078810,-0.994983,-0.283334,-1.431180,-0.404645,-1.711890,-0.458573,-1.949101,-0.301630,-0.836443,-0.463963,-1.001857,-0.334320,-0.750668,-0.206945,-0.623909,-0.451340,-0.583723,-0.592089,-0.757180,-0.468781,-0.581447,-0.354302,-0.486925
K,Right,legacy_asl_K_178,0.000000,0.000000,0.189473,-0.338229,0.216585,-0.698087,-0.030266,-0.904771,-0.241078,-1.051391,0.144668,-0.996160,0.162779,-1.398885,0.143760,-1.654472,0.128880,-1.880661,-0.102876,-0.930779,-0.263202,-1.343262,-0.361789,-1.597360,-0.433073,-1.826047,-0.288283,-0.772800,-0.441464,-0.950563,-0.313427,-0.716291,-0.214174,-0.555908,-0.435940,-0.563430,-0.545074,-0.698748,-0.426394,-0.554446,-0.325477,-0.452743
K,Right,legacy_asl_K_179,0.000000,0.000000,0.223023,-0.348589,0.274384,-0.730365,0.024243,-0.966023,-0.191245,-1.135426,0.216361,-1.052485,0.260807,-1.480503,0.256499,-1.754045,0.254766,-1.996004,-0.051507,-0.998271,-0.196596,-1.447829,-0.285785,-1.724754,-0.347467,-1.972896,-0.258943,-0.841505,-0.411074,-1.040496,-0.289265,-0.782858,-0.193514,-0.605755,-0.429361,-0.627617,-0.537206,-0.778628,-0.419750,-0.617448,-0.318562,-0.502770
K,Right,legacy_asl_K_180,-0.021807,-0.012562,0.209027,-0.373226,0.201284,-0.783558,-0.069697,-1.137889,-0.337772,-1.242479,0.069025,-1.040958,0.110329,-1.503119,0.106648,-1.736710,0.111090,-1.997898,-0.147846,-0.985433,-0.305098,-1.440944,-0.415038,-1.757876,-0.480080,-1.988661,-0.354218,-0.807797,-0.400764,-1.062199,-0.223611,-0.837821,-0.111092,-0.646261,-0.529538,-0.622066,-0.494463,-0.854796,-0.342249,-0.696152,-0.233388,-0.483649
K,Right,legacy_asl_K_181,0.000000,0.000000,0.201272,-0.371432,0.211036,-0.789776,-0.070176,-1.084242,-0.345590,-1.233754,0.074495,-1.041057,0.116561,-1.476461,0.120473,-1.746699,0.120195,-1.983054,-0.159555,-0.981379,-0.301957,-1.447176,-0.404209,-1.735641,-0.499965,-1.965000,-0.353982,-0.825400,-0.393993,-1.061970,-0.215626,-0.838309,-0.117427,-0.635288,-0.527230,-0.609390,-0.512375,-0.848643,-0.338582,-0.685148,-0.234864,-0.498460
K,Right,legacy_asl_K_182,0.000000,0.000000,0.228522,-0.357502,0.268602,-0.775867,0.008227,-1.091212,-0.256839,-1.260931,0.150022,-1.037474,0.223694,-1.470589,0.247185,-1.741014,0.264024,-1.977801,-0.088758,-0.994643,-0.197672,-1.471564,-0.279211,-1.767937,-0.358522,-2.004630,-0.294820,-0.852474,-0.317767,-1.092353,-0.155288,-0.855385,-0.071622,-0.644898,-0.484013,-0.648635,-0.451805,-0.887228,-0.289550,-0.710862,-0.199173,-0.516338
K,Right,legacy_asl_K_183,-0.019189,0.007108,0.215483,-0.370057,0.203897,-0.806987,-0.049395,-1.109379,-0.337789,-1.256825,0.087413,-1.061886,0.090486,-1.485325,0.098804,-1.784569,0.109924,-2.002803,-0.167394,-0.980075,-0.293518,-1.443627,-0.414773,-1.770627,-0.501339,-1.976114,-0.335623,-0.814003,-0.385859,-1.055776,-0.212895,-0.837058,-0.113246,-0.642402,-0.554816,-0.634552,-0.501973,-0.868296,-0.309985,-0.695444,-0.266085,-0.494155
K,Right,legacy_asl_K_184,0.000000,0.000000,0.197115,-0.363763,0.206678,-0.773468,-0.068727,-1.061854,-0.338454,-1.208278,0.072957,-1.019560,0.114154,-1.445973,0.117985,-1.710631,0.117713,-1.942106,-0.156261,-0.961115,-0.295722,-1.417294,-0.395862,-1.699802,-0.489641,-1.924425,-0.346673,-0.808356,-0.385857,-1.040041,-0.211174,-0.820999,-0.115003,-0.622169,-0.516343,-0.596807,-0.501795,-0.831119,-0.331590,-0.671000,-0.230015,-0.488168
K,Right,legacy_asl_K_185,0.000000,0.000000,0.179149,-0.384624,0.163454,-0.804611,-0.136400,-1.082685,-0.421613,-1.215794,0.011263,-1.048204,0.026911,-1.487262,0.014371,-1.758415,-0.000306,-1.995346,-0.219738,-0.974119,-0.390871,-1.432409,-0.510952,-1.715368,-0.620920,-1.939469,-0.405150,-0.805905,-0.459672,-1.040631,-0.267234,-0.827275,-0.156422,-0.629726,-0.565674,-0.578800,-0.565356,-0.819557,-0.381167,-0.666240,-0.265818,-0.485402
K,Right,legacy_asl_K_186,0.005643,0.014272,0.205497,-0.368842,0.232288,-0.781808,-0.064885,-1.091055,-0.350727,-1.243172,0.063850,-1.039584,0.134351,-1.495691,0.110659,-1.755229,0.130476,-2.004571,-0.163456,-0.982772,-0.296017,-1.456468,-0.393611,-1.753431,-0.526670,-1.967423,-0.350472,-0.841403,-0.417993,-1.067562,-0.200939,-0.826289,-0.117247,-0.617609,-0.541882,-0.622400,-0.519425,-0.856605,-0.354888,-0.688145,-0.230077,-0.474601
K,Right,legacy_asl_K_187,0.000000,0.000000,0.195028,-0.359910,0.204490,-0.765276,-0.067999,-1.050608,-0.334870,-1.195482,0.072184,-1.008762,0.112945,-1.430660,0.116736,-1.692515,0.116466,-1.921538,-0.154606,-0.950936,-0.292590,-1.402284,-0.391670,-1.681800,-0.484456,-1.904044,-0.343001,-0.799795,-0.381771,-1.029027,-0.208937,-0.812304,-0.113785,-0.615580,-0.510875,-0.590486,-0.496481,-0.822317,-0.328078,-0.663894,-0.227579,-0.482998
K,Right,legacy_asl_K_188,0.000000,0.000000,0.212167,-0.367445,0.233338,-0.787191,-0.040994,-1.090473,-0.313444,-1.248065,0.103080,-1.043184,0.157144,-1.479181,0.168415,-1.750391,0.174558,-1.987696,-0.133525,-0.989628,-0.263838,-1.461152,-0.358659,-1.753546,-0.448565,-1.986422,-0.332966,-0.838310,-0.366707,-1.076911,-0.193707,-0.847511,-0.100633,-0.641012,-0.512774,-0.626146,-0.491359,-0.865949,-0.321315,-0.697080,-0.222257,-0.506830
K,Right,legacy_asl_K_189,-0.002430,-0.001332,0.289529,-0.250456,0.319178,-0.699629,0.027925,-1.016864,-0.278542,-1.217711,0.376077,-1.022863,0.431587,-1.482485,0.437154,-1.825163,0.435552,-2.088196,0.058396,-0.989964,-0.043941,-1.472776,-0.135652,-1.788110,-0.170128,-2.061598,-0.206393,-0.854990,-0.289907,-1.052701,-0.183402,-0.753499,-0.097566,-0.529830,-0.391486,-0.626671,-0.452062,-0.862342,-0.346808,-0.594187,-0.280691,-0.427784
K,Right,legacy_asl_K_190,0.000000,0.000000,0.269743,-0.248847,0.323437,-0.692478,0.016969,-1.007357,-0.263934,-1.207341,0.360012,-1.010666,0.424034,-1.470828,0.435739,-1.774112,0.441479,-2.033629,0.057555,-0.976306,-0.057035,-1.464138,-0.129108,-1.768681,-0.192223,-2.026608,-0.185762,-0.832687,-0.303718,-1.048323,-0.168119,-0.727847,-0.085120,-0.525016,-0.397578,-0.632566,-0.452611,-0.840598,-0.341055,-0.583539,-0.274897,-0.402093
K,Right,legacy_asl_K_191,0.000000,0.000000,0.268215,-0.261143,0.310788,-0.714968,-0.010347,-1.027625,-0.302262,-1.223830,0.339348,-1.040415,0.391998,-1.511380,0.395608,-1.820947,0.394338,-2.085723,0.031889,-0.997077,-0.098344,-1.491354,-0.180193,-1.799905,-0.251628,-2.061170,-0.212269,-0.843957,-0.338463,-1.060594,-0.191402,-0.737541,-0.101204,-0.533000,-0.422756,-0.634088,-0.484582,-0.844699,-0.363776,-0.585649,-0.291337,-0.402451
K,Right,legacy_asl_K_192,-0.012407,0.011250,0.292947,-0.229468,0.317829,-0.689380,0.015008,-1.010933,-0.272785,-1.208984,0.364458,-1.032228,0.432490,-1.483411,0.418370,-1.833219,0.458985,-2.073085,0.053992,-0.967704,-0.069056,-1.487316,-0.140558,-1.837307,-0.182674,-2.075014,-0.178789,-0.847431,-0.322089,-1.081158,-0.163593,-0.756166,-0.091609,-0.503439,-0.388159,-0.645771,-0.466179,-0.845382,-0.353475,-0.588840,-0.253717,-0.391181
K,Right,legacy_asl_K_193,0.000000,0.000000,0.271416,-0.250391,0.325444,-0.696775,0.017074,-1.013607,-0.265572,-1.214832,0.362246,-1.016937,0.426665,-1.479953,0.438442,-1.785119,0.444218,-2.046246,0.057912,-0.982363,-0.057389,-1.473222,-0.129909,-1.779655,-0.193416,-2.039182,-0.186915,-0.837853,-0.305602,-1.054827,-0.169162,-0.732363,-0.085648,-0.528273,-0.400045,-0.636491,-0.455420,-0.845814,-0.343171,-0.587159,-0.276602,-0.404587
K,Right,legacy_asl_K_194,0.000000,0.000000,0.277555,-0.251194,0.336640,-0.703166,0.027114,-1.027319,-0.257455,-1.234034,0.377044,-1.027355,0.446825,-1.496088,0.461715,-1.805317,0.470096,-2.069964,0.068209,-0.995252,-0.043922,-1.493947,-0.114470,-1.805277,-0.176335,-2.068972,-0.181368,-0.851133,-0.299582,-1.072225,-0.164393,-0.744027,-0.081710,-0.536335,-0.399364,-0.649075,-0.453472,-0.861800,-0.342189,-0.598518,-0.276475,-0.412803
K,Right,legacy_asl_K_195,-0.032801,0.009129,0.285523,-0.256732,0.357300,-0.708106,0.031477,-1.015059,-0.267030,-1.221941,0.377247,-1.035785,0.435149,-1.481263,0.433396,-1.808202,0.456524,-2.055328,0.079090,-1.009752,-0.064923,-1.454354,-0.128636,-1.812729,-0.164869,-2.064347,-0.182069,-0.853378,-0.301274,-1.049131,-0.152840,-0.749995,-0.073786,-0.532260,-0.400664,-0.643529,-0.465824,-0.847439,-0.334417,-0.594518,-0.295736,-0.412107
K,Right,legacy_asl_K_196,0.000000,0.000000,0.268328,-0.247542,0.321741,-0.688846,0.016880,-1.002074,-0.262550,-1.201009,0.358124,-1.005366,0.421810,-1.463114,0.433453,-1.764807,0.439163,-2.022963,0.057253,-0.971185,-0.056736,-1.456459,-0.128431,-1.759405,-0.191215,-2.015979,-0.184788,-0.828320,-0.302125,-1.042824,-0.167238,-0.724030,-0.084674,-0.522263,-0.395493,-0.629249,-0.450238,-0.836189,-0.339266,-0.580478,-0.273455,-0.399984
K,Right,legacy_asl_K_197,0.000000,0.000000,0.268247,-0.261110,0.310875,-0.714930,-0.010221,-1.027626,-0.302112,-1.223867,0.339476,-1.040373,0.392184,-1.511331,0.395832,-1.820898,0.394594,-2.085674,0.032011,-0.997073,-0.098161,-1.491366,-0.179972,-1.799927,-0.251375,-2.061201,-0.212166,-0.843983,-0.338333,-1.060635,-0.191312,-0.737564,-0.101139,-0.533013,-0.422678,-0.634140,-0.484478,-0.844758,-0.363704,-0.585693,-0.291288,-0.402487
K,Right,legacy_asl_K_198,-0.015353,-0.007802,0.244661,-0.331627,0.266744,-0.760444,-0.024007,-1.045133,-0.295260,-1.214997,0.116680,-1.040458,0.192495,-1.538818,0.176933,-1.816461,0.202145,-2.071517,-0.111777,-0.940183,-0.295464,-1.494477,-0.373640,-1.827457,-0.472858,-2.090945,-0.350958,-0.824905,-0.382827,-1.056798,-0.211608,-0.797689,-0.069829,-0.585089,-0.493705,-0.569171,-0.492216,-0.799891,-0.341627,-0.593254,-0.240157,-0.416125
K,Right,legacy_asl_K_199,0.000000,0.000000,0.232156,-0.318884,0.234232,-0.745860,-0.040827,-1.037365,-0.301673,-1.220751,0.112769,-1.032781,0.174229,-1.500227,0.183052,-1.784736,0.187067,-2.026417,-0.133169,-0.967776,-0.294726,-1.473983,-0.391325,-1.789379,-0.471318,-2.040479,-0.333637,-0.794652,-0.382043,-1.036043,-0.197900,-0.789184,-0.093007,-0.587471,-0.508262,-0.567505,-0.488355,-0.779922,-0.320053,-0.584296,-0.239202,-0.405844
K,Right,legacy_asl_K_200,0.000000,0.000000,0.252329,-0.312720,0.276021,-0.747049,0.010891,-1.057548,-0.245242,-1.257321,0.166938,-1.045121,0.253098,-1.517626,0.276456,-1.806658,0.292756,-2.052358,-0.086580,-0.991411,-0.225374,-1.514626,-0.307719,-1.840414,-0.376419,-2.099943,-0.299301,-0.825395,-0.336351,-1.073450,-0.161469,-0.812971,-0.064939,-0.602433,-0.488457,-0.603106,-0.457465,-0.818228,-0.296112,-0.610678,-0.222868,-0.425023
K,Right,legacy_asl_K_201,-0.015303,0.015318,0.254061,-0.345620,0.230087,-0.781191,-0.049365,-1.049139,-0.284546,-1.232532,0.119813,-1.041627,0.178915,-1.516572,0.211647,-1.793211,0.212611,-2.063190,-0.143214,-0.996615,-0.297415,-1.519576,-0.389536,-1.831567,-0.493131,-2.082301,-0.339064,-0.800597,-0.412473,-1.059347,-0.227742,-0.802199,-0.073366,-0.593705,-0.509934,-0.598315,-0.514896,-0.799252,-0.324596,-0.604526,-0.252926,-0.419939
K,Right,legacy_asl_K_202,0.000000,0.000000,0.248731,-0.341650,0.250955,-0.799110,-0.043742,-1.111428,-0.323211,-1.307906,0.120820,-1.106516,0.186668,-1.607336,0.196121,-1.912157,0.200423,-2.171093,-0.142676,-1.036871,-0.315768,-1.579218,-0.419263,-1.917132,-0.504968,-2.186159,-0.357457,-0.851386,-0.409319,-1.110012,-0.212029,-0.845527,-0.099647,-0.629414,-0.544550,-0.608022,-0.523221,-0.835605,-0.342904,-0.626011,-0.256280,-0.434820
K,Right,legacy_asl_K_203,0.000000,0.000000,0.267657,-0.299705,0.313048,-0.732305,0.063783,-1.055679,-0.182036,-1.268016,0.219013,-1.035461,0.328703,-1.503064,0.366491,-1.790566,0.395062,-2.035143,-0.036875,-0.994501,-0.149320,-1.524004,-0.215264,-1.853503,-0.270894,-2.116144,-0.257634,-0.839335,-0.282229,-1.088932,-0.120597,-0.820031,-0.034720,-0.604928,-0.457674,-0.626787,-0.415959,-0.840089,-0.265191,-0.624727,-0.201326,-0.435640
K,Right,legacy_asl_K_204,-0.006301,0.004433,0.259575,-0.281778,0.259132,-0.769419,-0.047852,-1.042109,-0.295259,-1.274367,0.094172,-1.089475,0.173197,-1.548714,0.181863,-1.806237,0.198937,-2.071241,-0.144087,-1.004509,-0.288805,-1.497018,-0.419827,-1.826035,-0.492801,-2.087598,-0.340062,-0.797810,-0.384801,-1.055340,-0.204698,-0.814071,-0.094587,-0.610415,-0.529047,-0.593064,-0.460276,-0.816718,-0.329187,-0.606427,-0.245336,-0.404468
K,Right,legacy_asl_K_205,0.000000,0.000000,0.223192,-0.306570,0.225187,-0.717059,-0.039251,-0.997308,-0.290025,-1.173613,0.108414,-0.992901,0.167501,-1.442297,0.175984,-1.715820,0.179844,-1.948169,-0.128026,-0.930406,-0.283345,-1.417066,-0.376214,-1.720284,-0.453119,-1.961688,-0.320754,-0.763967,-0.367291,-0.996037,-0.190258,-0.758710,-0.089415,-0.564786,-0.488636,-0.545591,-0.469497,-0.749806,-0.307695,-0.561733,-0.229966,-0.390173
K,Right,legacy_asl_K_206,0.000000,0.000000,0.262444,-0.304280,0.300361,-0.737599,0.045551,-1.056623,-0.203896,-1.264685,0.201107,-1.039087,0.302709,-1.508514,0.335529,-1.796625,0.359874,-2.041659,-0.054036,-0.993717,-0.175604,-1.521199,-0.247226,-1.849511,-0.307381,-2.111153,-0.272084,-0.834763,-0.300983,-1.083898,-0.134733,-0.817827,-0.045156,-0.604238,-0.468425,-0.618794,-0.430398,-0.832784,-0.275935,-0.620056,-0.208816,-0.432100
K,Right,legacy_asl_K_207,-0.019905,-0.019229,0.290747,-0.260924,0.385723,-0.700219,0.214335,-1.105346,-0.008317,-1.354015,0.371284,-1.004234,0.451190,-1.383940,0.541875,-1.681779,0.577244,-1.937999,0.079708,-0.994102,-0.086033,-1.492614,-0.184254,-1.804569,-0.225034,-2.080058,-0.171155,-0.853002,-0.308799,-1.152852,-0.188291,-0.808100,-0.059040,-0.556004,-0.391723,-0.677919,-0.476021,-0.906004,-0.350130,-0.601610,-0.300097,-0.412519
K,Right,legacy_asl_K_208,0.000000,0.000000,0.285875,-0.245521,0.377477,-0.709793,0.208182,-1.104853,-0.017958,-1.351893,0.364322,-1.012025,0.465738,-1.428396,0.517024,-1.709495,0.580425,-1.963787,0.064028,-1.003613,-0.091655,-1.498444,-0.180629,-1.816689,-0.230931,-2.092770,-0.196820,-0.875080,-0.309812,-1.175033,-0.182395,-0.811078,-0.084477,-0.557887,-0.405184,-0.681265,-0.477414,-0.894431,-0.357917,-0.623716,-0.281468,-0.421359
K,Right,legacy_asl_K_209,0.000000,0.000000,0.259053,-0.268469,0.306365,-0.734572,0.102924,-1.108302,-0.142846,-1.330870,0.265421,-1.031257,0.326841,-1.451054,0.351371,-1.732874,0.390324,-1.989393,-0.029794,-0.995167,-0.229054,-1.468500,-0.346214,-1.773951,-0.421353,-2.041422,-0.275008,-0.844328,-0.414149,-1.129526,-0.254865,-0.782578,-0.134911,-0.542077,-0.462446,-0.634000,-0.553375,-0.837428,-0.410529,-0.581651,-0.316442,-0.389269
K,Right,legacy_asl_K_210,-0.002462,0.004584,0.326220,-0.236519,0.390361,-0.716348,0.216655,-1.123929,-0.018730,-1.327700,0.344367,-0.994609,0.462928,-1.422016,0.500804,-1.673333,0.594113,-1.961533,0.068593,-0.998545,-0.092086,-1.491800,-0.191897,-1.764020,-0.202168,-2.073914,-0.178563,-0.861043,-0.310725,-1.187578,-0.183204,-0.804655,-0.080366,-0.579367,-0.395365,-0.646612,-0.479862,-0.861489,-0.329994,-0.579157,-0.273084,-0.409511
K,Right,legacy_asl_K_211,0.000000,0.000000,0.301283,-0.258754,0.397822,-0.748049,0.219403,-1.164402,-0.018926,-1.424757,0.383958,-1.066570,0.490840,-1.505383,0.544891,-1.801632,0.611708,-2.069630,0.067479,-1.057705,-0.096595,-1.579206,-0.190365,-1.914604,-0.243378,-2.205565,-0.207428,-0.922244,-0.326511,-1.238365,-0.192226,-0.854793,-0.089030,-0.587955,-0.427022,-0.717983,-0.503145,-0.942639,-0.377208,-0.657332,-0.296638,-0.444069
K,Right,legacy_asl_K_212,0.000000,0.000000,0.281716,-0.244581,0.369944,-0.704696,0.200249,-1.094910,-0.024939,-1.338282,0.355319,-1.003836,0.453515,-1.416582,0.502800,-1.695142,0.564220,-1.947227,0.058072,-0.993918,-0.098675,-1.482977,-0.188446,-1.797569,-0.239707,-2.070624,-0.199487,-0.865288,-0.312939,-1.161644,-0.184868,-0.802003,-0.086588,-0.551861,-0.404741,-0.672307,-0.477378,-0.882960,-0.357642,-0.615584,-0.280885,-0.415655
K,Right,legacy_asl_K_213,-0.006771,-0.005108,0.286540,-0.239192,0.369300,-0.675901,0.193606,-1.104778,-0.021937,-1.334105,0.350613,-1.007202,0.463955,-1.408839,0.483131,-1.682242,0.567413,-1.972767,0.076618,-1.002601,-0.098564,-1.476311,-0.191152,-1.776264,-0.226901,-2.081203,-0.222547,-0.878636,-0.304007,-1.172148,-0.173588,-0.798451,-0.084113,-0.541455,-0.440239,-0.678943,-0.475656,-0.873844,-0.339913,-0.616232,-0.260401,-0.426045
K,Right,legacy_asl_K_214,0.000000,0.000000,0.272620,-0.234137,0.359975,-0.676883,0.198530,-1.053626,-0.017125,-1.289211,0.347430,-0.965101,0.444143,-1.362167,0.493052,-1.630232,0.553513,-1.872734,0.061059,-0.957079,-0.087405,-1.428967,-0.172254,-1.732456,-0.220224,-1.995737,-0.187694,-0.834506,-0.295448,-1.120551,-0.173938,-0.773471,-0.080560,-0.532020,-0.386397,-0.649677,-0.455278,-0.852960,-0.341322,-0.594796,-0.268417,-0.401822
K,Right,legacy_asl_K_215,0.000000,0.000000,0.294949,-0.228449,0.408760,-0.682913,0.261145,-1.082003,0.049914,-1.337583,0.410881,-0.982403,0.531998,-1.389014,0.596778,-1.664383,0.672194,-1.912641,0.113544,-0.989118,-0.015618,-1.486174,-0.087662,-1.805292,-0.123578,-2.080786,-0.150803,-0.875087,-0.247510,-1.177322,-0.139744,-0.811083,-0.055601,-0.555839,-0.366524,-0.693882,-0.427272,-0.908266,-0.322670,-0.634615,-0.257210,-0.430708
K,Right,legacy_asl_K_216,0.005124,-0.001866,0.280469,-0.267495,0.390856,-0.717639,0.154496,-1.045525,-0.048608,-1.257451,0.432696,-1.017718,0.527293,-1.424629,0.557605,-1.747414,0.547960,-2.028621,0.124848,-0.989778,0.083459,-1.502214,0.032224,-1.821326,0.002583,-2.085916,-0.108851,-0.894763,-0.175700,-1.171494,-0.079493,-0.836411,-0.029511,-0.609291,-0.312855,-0.668390,-0.344524,-0.888690,-0.247550,-0.663716,-0.227005,-0.470567
K,Right,legacy_asl_K_217,0.000000,0.000000,0.282189,-0.268403,0.362507,-0.683881,0.160108,-1.007019,-0.048061,-1.213126,0.408962,-0.950731,0.489714,-1.394042,0.513625,-1.680812,0.529074,-1.933287,0.139401,-0.952826,0.091704,-1.445934,0.055572,-1.756031,0.024901,-2.022169,-0.098749,-0.843399,-0.167471,-1.124882,-0.068210,-0.812397,-0.007861,-0.592773,-0.315470,-0.653248,-0.315397,-0.860701,-0.227660,-0.624899,-0.185804,-0.446867
K,Right,legacy_asl_K_218,0.000000,0.000000,0.265015,-0.304420,0.307417,-0.740926,0.067111,-1.054620,-0.167750,-1.247002,0.329357,-1.020782,0.369496,-1.486048,0.366234,-1.784262,0.357583,-2.046266,0.051024,-0.996688,-0.046218,-1.500822,-0.113704,-1.817256,-0.171272,-2.088865,-0.184036,-0.860586,-0.282360,-1.144322,-0.149507,-0.831574,-0.065848,-0.610848,-0.389124,-0.643282,-0.409255,-0.857337,-0.295763,-0.622586,-0.235235,-0.442972
K,Right,legacy_asl_K_219,-0.007973,0.021266,0.312097,-0.301307,0.388312,-0.718732,0.157728,-1.035973,-0.065309,-1.233711,0.414044,-0.976577,0.487657,-1.455409,0.533107,-1.737235,0.540182,-1.989518,0.145775,-0.975064,0.080066,-1.511196,0.039258,-1.832244,0.050687,-2.087996,-0.087276,-0.881965,-0.129753,-1.163036,-0.061291,-0.858099,0.002343,-0.610831,-0.347637,-0.661942,-0.335157,-0.881306,-0.223188,-0.608484,-0.197570,-0.456842
K,Right,legacy_asl_K_220,0.000000,0.000000,0.305751,-0.290814,0.392775,-0.740983,0.173477,-1.091102,-0.052074,-1.314418,0.443109,-1.030114,0.530604,-1.510440,0.556511,-1.821155,0.573250,-2.094710,0.151040,-1.032384,0.099361,-1.566665,0.060212,-1.902654,0.026980,-2.191013,-0.106994,-0.913820,-0.181454,-1.218806,-0.073905,-0.880230,-0.008517,-0.642268,-0.341810,-0.707792,-0.341731,-0.932567,-0.246669,-0.677076,-0.201318,-0.484179
K,Right,legacy_asl_K_221,0.000000,0.000000,0.290470,-0.280235,0.370650,-0.711403,0.158518,-1.044796,-0.058734,-1.256863,0.416830,-0.988293,0.497255,-1.448311,0.519925,-1.745679,0.534078,-2.007444,0.137456,-0.988482,0.084398,-1.499160,0.044671,-1.820262,0.010927,-2.095846,-0.108543,-0.873325,-0.181834,-1.164532,-0.076667,-0.841421,-0.012508,-0.614260,-0.331742,-0.674668,-0.333193,-0.889662,-0.240532,-0.645936,-0.195845,-0.461741
K,Right,legacy_asl_K_222,0.034846,0.008199,0.303455,-0.291816,0.382690,-0.676885,0.168229,-1.026735,-0.053333,-1.242969,0.427525,-0.991699,0.518748,-1.455504,0.538547,-1.753837,0.531222,-1.992690,0.158973,-1.004447,0.107509,-1.486506,0.047166,-1.852491,0.028108,-2.101057,-0.128941,-0.871250,-0.188304,-1.174596,-0.065353,-0.843017,-0.030370,-0.594137,-0.333874,-0.671235,-0.315529,-0.895524,-0.220696,-0.654150,-0.201234,-0.468750
K,Right,legacy_asl_K_223,0.000000,0.000000,0.282686,-0.268876,0.363145,-0.685084,0.160390,-1.008791,-0.048146,-1.215261,0.409682,-0.952404,0.490576,-1.396495,0.514529,-1.683770,0.530005,-1.936689,0.139646,-0.954503,0.091866,-1.448478,0.055670,-1.759121,0.024945,-2.025727,-0.098922,-0.844883,-0.167766,-1.126861,-0.068330,-0.813827,-0.007874,-0.593817,-0.316025,-0.654397,-0.315952,-0.862216,-0.228061,-0.625999,-0.186131,-0.447654
K,Right,legacy_asl_K_224,0.000000,0.000000,0.306917,-0.262120,0.413074,-0.687638,0.221532,-1.033272,0.017529,-1.258112,0.475946,-0.961221,0.584097,-1.415520,0.624743,-1.710969,0.654731,-1.971395,0.197097,-0.978337,0.175079,-1.491292,0.154881,-1.814211,0.137897,-2.091333,-0.055428,-0.878297,-0.110940,-1.173410,-0.025543,-0.844520,0.024734,-0.613889,-0.290253,-0.693529,-0.278675,-0.908216,-0.200952,-0.659323,-0.167507,-0.472759
K,Right,legacy_asl_K_225,0.016604,-0.005028,0.240840,-0.313835,0.288525,-0.743523,0.055140,-1.051864,-0.177728,-1.274430,0.307300,-1.037586,0.340595,-1.442811,0.328567,-1.733591,0.322697,-2.001274,0.053791,-1.005970,-0.117068,-1.483517,-0.229539,-1.741414,-0.308070,-2.011579,-0.195561,-0.853018,-0.347116,-1.111986,-0.200565,-0.782352,-0.108869,-0.605690,-0.397056,-0.632922,-0.423460,-0.786551,-0.334841,-0.572278,-0.241956,-0.414077
K,Right,legacy_asl_K_226,0.000000,0.000000,0.235547,-0.320338,0.281414,-0.715879,0.051033,-1.036855,-0.169157,-1.236963,0.300735,-0.993777,0.334876,-1.415093,0.313928,-1.691863,0.297383,-1.937567,0.038437,-0.967675,-0.104701,-1.424674,-0.207404,-1.709171,-0.288283,-1.955957,-0.181670,-0.827377,-0.323744,-1.066236,-0.195108,-0.786295,-0.105214,-0.578822,-0.363480,-0.611100,-0.424777,-0.790286,-0.317771,-0.576860,-0.245163,-0.402990
K,Right,legacy_asl_K_227,0.000000,0.000000,0.244947,-0.328722,0.294828,-0.736222,0.059411,-1.068656,-0.166292,-1.276409,0.316569,-1.022606,0.354529,-1.456756,0.334747,-1.742242,0.319299,-1.995669,0.045971,-0.997415,-0.098608,-1.469516,-0.202630,-1.763503,-0.284398,-2.018468,-0.181878,-0.854210,-0.326790,-1.101404,-0.196002,-0.811944,-0.104681,-0.597451,-0.370740,-0.632422,-0.432763,-0.817563,-0.323838,-0.596821,-0.250120,-0.417087
K,Right,legacy_asl_K_228,0.008775,0.014982,0.267814,-0.340249,0.301239,-0.729085,0.058815,-1.059716,-0.194579,-1.301591,0.318135,-1.016403,0.352997,-1.473944,0.327354,-1.760263,0.317213,-1.991959,0.046812,-0.999842,-0.121707,-1.488034,-0.228482,-1.768362,-0.309730,-1.991819,-0.184798,-0.826016,-0.328973,-1.101965,-0.203371,-0.796075,-0.110548,-0.596187,-0.379675,-0.642813,-0.440183,-0.823674,-0.325932,-0.596738,-0.254242,-0.419661
K,Right,legacy_asl_K_229,0.000000,0.000000,0.231800,-0.315242,0.276937,-0.704491,0.050222,-1.020361,-0.166466,-1.217286,0.295951,-0.977969,0.329548,-1.392582,0.308934,-1.664950,0.292652,-1.906745,0.037826,-0.952282,-0.103035,-1.402011,-0.204105,-1.681982,-0.283698,-1.924842,-0.178780,-0.814215,-0.318594,-1.049275,-0.192005,-0.773787,-0.103541,-0.569614,-0.357698,-0.601379,-0.418020,-0.777714,-0.312716,-0.567684,-0.241263,-0.396580
K,Right,legacy_asl_K_230,0.000000,0.000000,0.259700,-0.317196,0.328134,-0.721993,0.108140,-1.064829,-0.107843,-1.282670,0.362928,-1.007087,0.420670,-1.439050,0.413942,-1.725142,0.410081,-1.979010,0.091461,-0.994276,-0.031412,-1.472485,-0.121904,-1.770915,-0.191946,-2.029347,-0.142688,-0.861623,-0.276163,-1.115175,-0.158727,-0.820046,-0.077295,-0.601607,-0.341479,-0.648690,-0.394984,-0.836469,-0.296252,-0.610984,-0.230817,-0.428072
K,Right,legacy_asl_K_231,0.002230,0.005887,0.229810,-0.329406,0.307241,-0.741543,0.086516,-1.062769,-0.167265,-1.294361,0.287306,-1.024273,0.336676,-1.458577,0.323153,-1.723248,0.300794,-2.010053,0.010105,-0.996171,-0.112043,-1.476607,-0.206523,-1.749103,-0.305046,-2.013718,-0.198775,-0.837240,-0.343159,-1.094867,-0.215351,-0.821652,-0.112327,-0.580182,-0.364187,-0.623453,-0.439722,-0.825105,-0.339795,-0.596190,-0.245289,-0.421322
K,Right,legacy_asl_K_232,0.000000,0.000000,0.226697,-0.308302,0.270841,-0.688982,0.049116,-0.997899,-0.162801,-1.190489,0.289436,-0.956440,0.322294,-1.361926,0.302133,-1.628298,0.286210,-1.864770,0.036993,-0.931318,-0.100767,-1.371147,-0.199612,-1.644955,-0.277452,-1.882469,-0.174845,-0.796291,-0.311581,-1.026176,-0.187778,-0.756753,-0.101261,-0.557075,-0.349824,-0.588140,-0.408818,-0.760593,-0.305832,-0.555187,-0.235952,-0.387849
K,Right,legacy_asl_K_233,0.000000,0.000000,0.253079,-0.322504,0.313119,-0.728630,0.086077,-1.066839,-0.134368,-1.280163,0.342005,-1.014383,0.390794,-1.447449,0.378146,-1.733340,0.369031,-1.987074,0.070862,-0.995956,-0.061884,-1.471520,-0.158532,-1.768013,-0.233909,-2.024940,-0.160492,-0.858485,-0.299186,-1.109220,-0.175667,-0.816585,-0.089730,-0.599879,-0.354833,-0.641483,-0.412213,-0.828114,-0.308835,-0.604722,-0.239627,-0.423203
K,Right,legacy_asl_K_234,-0.005943,-0.014477,0.283334,-0.308965,0.307286,-0.734518,-0.012030,-1.066286,-0.308246,-1.243784,0.355975,-1.019584,0.450070,-1.523022,0.462870,-1.822996,0.447310,-2.051102,0.053145,-0.993426,-0.064471,-1.483186,-0.182657,-1.822513,-0.232053,-2.067690,-0.209088,-0.836719,-0.342242,-1.115046,-0.200966,-0.827027,-0.122948,-0.621530,-0.408365,-0.641541,-0.493075,-0.899460,-0.359926,-0.678716,-0.237540,-0.450409
K,Right,legacy_asl_K_235,0.000000,0.000000,0.278290,-0.323988,0.317076,-0.778194,-0.021834,-1.102144,-0.320094,-1.282402,0.383650,-1.076097,0.455916,-1.574096,0.461222,-1.879959,0.467198,-2.145205,0.055511,-1.036049,-0.066599,-1.558266,-0.170305,-1.875452,-0.243777,-2.148276,-0.197021,-0.889447,-0.342073,-1.141738,-0.215191,-0.863004,-0.117591,-0.650101,-0.409509,-0.673307,-0.492632,-0.924897,-0.376354,-0.698369,-0.293479,-0.495927
K,Right,legacy_asl_K_236,0.000000,0.000000,0.265958,-0.313602,0.300547,-0.751119,-0.027697,-1.060947,-0.315936,-1.232681,0.362836,-1.038327,0.429393,-1.518207,0.432648,-1.812706,0.436794,-2.068106,0.047167,-0.997782,-0.073557,-1.499802,-0.175321,-1.804541,-0.247708,-2.066755,-0.195069,-0.855113,-0.336244,-1.097125,-0.212402,-0.829545,-0.117148,-0.625166,-0.398330,-0.645739,-0.479880,-0.887451,-0.366562,-0.670068,-0.285549,-0.475671
K,Right,legacy_asl_K_237,0.006733,0.010604,0.280088,-0.313520,0.315496,-0.731727,-0.035141,-1.056030,-0.316384,-1.242852,0.363039,-1.064315,0.437662,-1.512713,0.436114,-1.819882,0.449954,-2.077681,0.061555,-1.020817,-0.097186,-1.492975,-0.177230,-1.805474,-0.211677,-2.092065,-0.165174,-0.850889,-0.351408,-1.096430,-0.235224,-0.786519,-0.115299,-0.635945,-0.385409,-0.659713,-0.475621,-0.892154,-0.348063,-0.655317,-0.255311,-0.472087
K,Right,legacy_asl_K_238,0.000000,0.000000,0.268598,-0.312705,0.306033,-0.751093,-0.021073,-1.063762,-0.308947,-1.237743,0.370289,-1.038622,0.440039,-1.519278,0.445160,-1.814489,0.450928,-2.070499,0.053578,-0.999968,-0.064279,-1.503999,-0.164374,-1.810139,-0.235287,-2.073462,-0.190160,-0.858472,-0.330160,-1.101977,-0.207697,-0.832950,-0.113496,-0.627461,-0.395248,-0.649860,-0.475477,-0.892687,-0.363247,-0.674048,-0.283259,-0.478656
K,Right,legacy_asl_K_239,0.000000,0.000000,0.245204,-0.330083,0.251536,-0.768920,-0.095985,-1.056959,-0.394688,-1.209768,0.295194,-1.059544,0.330699,-1.542715,0.314976,-1.836812,0.302661,-2.091948,-0.017208,-0.998748,-0.170021,-1.491948,-0.291204,-1.789499,-0.380333,-2.046505,-0.249749,-0.840770,-0.406222,-1.073185,-0.265399,-0.814139,-0.157177,-0.616321,-0.439101,-0.618738,-0.536053,-0.854694,-0.408966,-0.645062,-0.315598,-0.456288
K,Right,legacy_asl_K_240,0.020991,0.007367,0.267655,-0.300177,0.301362,-0.780244,-0.012780,-1.039732,-0.314836,-1.242454,0.340243,-1.034806,0.426373,-1.524848,0.456649,-1.808141,0.446421,-2.102037,0.061027,-0.989593,-0.048397,-1.500375,-0.123289,-1.765913,-0.234629,-2.064597,-0.177507,-0.848474,-0.353951,-1.091353,-0.206579,-0.823391,-0.091481,-0.637180,-0.406681,-0.637232,-0.448458,-0.901290,-0.354722,-0.692922,-0.305394,-0.468353
K,Right,legacy_asl_K_241,0.000000,0.000000,0.252734,-0.294236,0.287958,-0.706731,-0.019829,-1.000933,-0.290699,-1.164638,0.348419,-0.977278,0.414049,-1.429545,0.418868,-1.707320,0.424294,-1.948209,0.050414,-0.940907,-0.060483,-1.415169,-0.154666,-1.703227,-0.221390,-1.950997,-0.178929,-0.807768,-0.310660,-1.036891,-0.195430,-0.783754,-0.106792,-0.590401,-0.371904,-0.611477,-0.447393,-0.839963,-0.341793,-0.634237,-0.266529,-0.450385
K,Right,legacy_asl_K_242,0.000000,0.000000,0.279621,-0.301483,0.333603,-0.737033,0.019439,-1.061130,-0.260890,-1.245494,0.408583,-1.021192,0.496382,-1.497644,0.512711,-1.791707,0.528193,-2.046671,0.091424,-0.994704,-0.006889,-1.501589,-0.095021,-1.810546,-0.155694,-2.075715,-0.156907,-0.862931,-0.287197,-1.110973,-0.175358,-0.838158,-0.089273,-0.629751,-0.369264,-0.662790,-0.440002,-0.907884,-0.336447,-0.685683,-0.264146,-0.487881
K,Right,legacy_asl_K_243,-0.009521,-0.036225,0.292407,-0.218818,0.405918,-0.667181,0.164497,-1.018159,-0.057466,-1.232044,0.295173,-1.005976,0.450276,-1.497544,0.486270,-1.823236,0.545746,-2.112264,0.005669,-0.985117,-0.083216,-1.538142,-0.140774,-1.910879,-0.208743,-2.240655,-0.275723,-0.835662,-0.257642,-1.117646,-0.107240,-0.787105,-0.036416,-0.548658,-0.480895,-0.630887,-0.460514,-0.865008,-0.306038,-0.616569,-0.287735,-0.415443
K,Right,legacy_asl_K_244,0.000000,0.000000,0.285769,-0.222623,0.393839,-0.675717,0.172194,-1.045217,-0.050579,-1.290614,0.312467,-1.029652,0.441729,-1.538023,0.497610,-1.880316,0.536967,-2.171911,0.006448,-1.013122,-0.097985,-1.586283,-0.163493,-1.971274,-0.222447,-2.291744,-0.264023,-0.866983,-0.250815,-1.145577,-0.111335,-0.813506,-0.048337,-0.574649,-0.502415,-0.643848,-0.447360,-0.896192,-0.311762,-0.634384,-0.272394,-0.421807
K,Right,legacy_asl_K_245,0.000000,0.000000,0.287644,-0.202638,0.413652,-0.637173,0.215874,-1.006005,0.011205,-1.254489,0.351237,-0.984353,0.500387,-1.471527,0.570588,-1.801002,0.622390,-2.082063,0.053572,-0.982608,-0.020978,-1.543554,-0.066553,-1.920124,-0.108781,-2.233790,-0.215659,-0.853460,-0.189833,-1.123128,-0.070021,-0.794446,-0.020057,-0.559769,-0.457363,-0.648112,-0.392164,-0.890359,-0.272837,-0.630026,-0.244571,-0.421950
K,Right,legacy_asl_K_246,-0.017426,-0.004668,0.283620,-0.202278,0.375069,-0.622020,0.170099,-1.002161,-0.042815,-1.249579,0.303158,-0.989483,0.413576,-1.502264,0.480918,-1.843445,0.526404,-2.111058,-0.007246,-0.967293,-0.083090,-1.548862,-0.170184,-1.919815,-0.230365,-2.222154,-0.277914,-0.822073,-0.256849,-1.107686,-0.086459,-0.777693,-0.060003,-0.511955,-0.496713,-0.645247,-0.439526,-0.859385,-0.303894,-0.618623,-0.265552,-0.417428
K,Right,legacy_asl_K_247,0.000000,0.000000,0.287718,-0.224142,0.396525,-0.680325,0.173369,-1.052344,-0.050924,-1.299416,0.314598,-1.036674,0.444742,-1.548511,0.501004,-1.893138,0.540629,-2.186722,0.006492,-1.020031,-0.098653,-1.597100,-0.164608,-1.984717,-0.223964,-2.307372,-0.265824,-0.872896,-0.252525,-1.153389,-0.112094,-0.819054,-0.048666,-0.578567,-0.505842,-0.648239,-0.450411,-0.902303,-0.313888,-0.638710,-0.274252,-0.424683
K,Right,legacy_asl_K_248,0.000000,0.000000,0.286312,-0.204516,0.409474,-0.639866,0.209286,-1.007396,0.002995,-1.254535,0.344788,-0.986631,0.490746,-1.474770,0.558790,-1.804698,0.608751,-2.086092,0.047140,-0.982938,-0.031079,-1.543384,-0.079117,-1.919647,-0.123398,-2.233030,-0.221239,-0.852030,-0.197179,-1.121862,-0.075219,-0.793971,-0.023720,-0.559626,-0.461595,-0.645105,-0.397982,-0.887774,-0.276954,-0.628227,-0.247327,-0.420340
K,Right,legacy_asl_K_249,-0.001320,-0.021946,0.276027,-0.253404,0.391926,-0.667241,0.196307,-0.999893,-0.022010,-1.239507,0.290680,-1.002810,0.429597,-1.502771,0.506609,-1.827930,0.526503,-2.107885,0.013385,-0.988423,-0.087302,-1.551188,-0.140791,-1.912479,-0.212770,-2.250177,-0.254478,-0.834145,-0.270130,-1.113938,-0.111264,-0.760685,-0.033816,-0.529821,-0.474783,-0.624905,-0.464927,-0.872557,-0.294664,-0.600866,-0.242069,-0.422844
K,Right,legacy_asl_K_250,0.000000,0.000000,0.265732,-0.207014,0.366225,-0.628339,0.160121,-0.971931,-0.047033,-1.200122,0.290558,-0.957457,0.410757,-1.430184,0.462720,-1.748476,0.499318,-2.019626,0.005996,-0.942086,-0.091115,-1.475060,-0.152030,-1.833057,-0.206850,-2.131057,-0.245511,-0.806194,-0.233228,-1.065254,-0.103528,-0.756467,-0.044947,-0.534357,-0.467188,-0.598705,-0.415993,-0.833355,-0.289902,-0.589904,-0.253295,-0.392232
K,Right,legacy_asl_K_251,0.000000,0.000000,0.276740,-0.217294,0.380026,-0.657783,0.163372,-1.015853,-0.053918,-1.253380,0.299676,-1.001256,0.423341,-1.495514,0.476347,-1.828189,0.513492,-2.111559,0.002502,-0.984064,-0.101061,-1.540385,-0.166117,-1.914082,-0.224568,-2.225134,-0.259663,-0.841117,-0.247867,-1.111762,-0.111159,-0.789741,-0.049082,-0.557974,-0.490384,-0.623502,-0.437845,-0.868806,-0.305167,-0.615017,-0.266141,-0.408688
K,Right,legacy_asl_K_252,-0.002759,0.002072,0.171118,-0.346888,0.219168,-0.726015,-0.030299,-1.017531,-0.207617,-1.191738,0.175775,-1.049997,0.234489,-1.481347,0.225113,-1.761004,0.223271,-1.960814,-0.058138,-1.026313,-0.193021,-1.452916,-0.331836,-1.722996,-0.378357,-1.940597,-0.247080,-0.858334,-0.383949,-1.119905,-0.212461,-0.838063,-0.202629,-0.628669,-0.405818,-0.641292,-0.502853,-0.825076,-0.368225,-0.648333,-0.301759,-0.492199
K,Right,legacy_asl_K_253,0.000000,0.000000,0.186401,-0.363237,0.212923,-0.770005,-0.023391,-1.058592,-0.219385,-1.256884,0.219562,-1.093307,0.238051,-1.549321,0.221377,-1.829849,0.215141,-2.073393,-0.043624,-1.043578,-0.209930,-1.509085,-0.324913,-1.787090,-0.411762,-2.030438,-0.252952,-0.889016,-0.397865,-1.129756,-0.264267,-0.858851,-0.174675,-0.673307,-0.418324,-0.673739,-0.512488,-0.863332,-0.398436,-0.670051,-0.327021,-0.527571
K,Right,legacy_asl_K_254,0.000000,0.000000,0.147533,-0.361770,0.139033,-0.751759,-0.110224,-1.007252,-0.313541,-1.180013,0.118510,-1.060526,0.098260,-1.496796,0.059065,-1.762849,0.032892,-1.994511,-0.128265,-0.991258,-0.325474,-1.421230,-0.458182,-1.676713,-0.561191,-1.901492,-0.314988,-0.826523,-0.473133,-1.043992,-0.323269,-0.796825,-0.222447,-0.627380,-0.454762,-0.607555,-0.560279,-0.780481,-0.435497,-0.605692,-0.355580,-0.475791
K,Right,legacy_asl_K_255,0.002409,-0.007086,0.192232,-0.337206,0.221551,-0.736375,-0.015800,-1.013054,-0.205558,-1.192915,0.202598,-1.040269,0.239266,-1.474157,0.202247,-1.783708,0.199351,-1.967663,-0.042067,-0.974679,-0.169578,-1.450965,-0.311416,-1.716956,-0.397982,-1.947810,-0.247482,-0.866726,-0.386182,-1.087353,-0.261514,-0.802704,-0.162287,-0.640062,-0.411615,-0.673999,-0.517739,-0.842055,-0.394925,-0.636536,-0.333783,-0.500540
K,Right,legacy_asl_K_256,0.000000,0.000000,0.175028,-0.341075,0.199932,-0.723023,-0.021964,-0.994003,-0.205999,-1.180196,0.206166,-1.026599,0.223526,-1.454789,0.207870,-1.718201,0.202015,-1.946885,-0.040963,-0.979905,-0.197121,-1.417008,-0.305088,-1.678051,-0.386639,-1.906552,-0.237518,-0.834773,-0.373589,-1.060824,-0.248143,-0.806448,-0.164018,-0.632225,-0.392800,-0.632631,-0.481219,-0.810656,-0.374126,-0.629168,-0.307068,-0.495381
K,Right,legacy_asl_K_257,0.000000,0.000000,0.210438,-0.329179,0.272504,-0.714292,0.073483,-1.010597,-0.095294,-1.217233,0.308077,-1.021689,0.366944,-1.454444,0.376438,-1.723200,0.392530,-1.955780,0.052850,-0.998124,-0.063470,-1.456640,-0.147860,-1.731887,-0.208583,-1.971573,-0.160551,-0.869816,-0.276825,-1.112269,-0.174060,-0.842102,-0.105495,-0.657236,-0.337570,-0.679690,-0.410125,-0.868827,-0.318958,-0.674378,-0.263813,-0.532181
K,Right,legacy_asl_K_258,-0.017498,-0.002769,0.157867,-0.324292,0.194032,-0.765604,-0.040089,-1.038322,-0.206121,-1.209672,0.207988,-1.023689,0.215376,-1.480887,0.217878,-1.770650,0.194943,-2.001034,-0.039410,-0.984890,-0.213722,-1.454002,-0.298723,-1.716830,-0.406948,-1.968731,-0.250459,-0.855720,-0.382151,-1.081010,-0.251506,-0.834601,-0.157551,-0.666073,-0.431987,-0.643423,-0.469126,-0.826767,-0.373129,-0.635020,-0.325310,-0.501488
K,Right,legacy_asl_K_259,0.000000,0.000000,0.178182,-0.347222,0.203535,-0.736055,-0.022360,-1.011918,-0.209712,-1.201468,0.209882,-1.045102,0.227555,-1.481010,0.211616,-1.749169,0.205656,-1.981976,-0.041701,-0.997566,-0.200674,-1.442548,-0.310587,-1.708296,-0.393608,-1.940915,-0.241799,-0.849819,-0.380323,-1.079944,-0.252616,-0.820984,-0.166974,-0.643620,-0.399880,-0.644033,-0.489892,-0.825268,-0.380869,-0.640509,-0.312602,-0.504310
K,Right,legacy_asl_K_260,0.000000,0.000000,0.180303,-0.346603,0.207845,-0.735712,-0.016759,-1.013127,-0.203258,-1.203920,0.215916,-1.045055,0.236031,-1.481332,0.221567,-1.749867,0.216894,-1.982955,-0.036200,-0.998867,-0.192870,-1.445209,-0.301424,-1.711853,-0.383240,-1.945182,-0.237334,-0.852074,-0.374727,-1.083215,-0.248322,-0.823267,-0.163575,-0.645238,-0.396728,-0.646946,-0.485829,-0.828875,-0.377717,-0.643312,-0.310134,-0.506588
K,Right,legacy_asl_K_261,-0.001984,-0.007549,0.245334,-0.375850,0.274291,-0.814439,0.049289,-1.135451,-0.190943,-1.330230,0.200069,-1.027478,0.353860,-1.397485,0.352609,-1.660081,0.422246,-1.909472,-0.022272,-0.989508,-0.103608,-1.479705,-0.134131,-1.781751,-0.195275,-2.038687,-0.279027,-0.874232,-0.251740,-1.159179,-0.122272,-0.926607,-0.017169,-0.692835,-0.498608,-0.727159,-0.409536,-0.995200,-0.263320,-0.813316,-0.199664,-0.635109
K,Right,legacy_asl_K_262,0.000000,0.000000,0.258060,-0.391536,0.285259,-0.821406,0.049054,-1.154681,-0.178808,-1.358802,0.224398,-1.015360,0.344718,-1.428187,0.391782,-1.706787,0.422685,-1.951493,-0.025469,-1.014890,-0.079385,-1.504226,-0.127848,-1.823015,-0.185300,-2.085792,-0.262813,-0.910026,-0.258643,-1.187358,-0.110860,-0.926578,-0.046175,-0.696113,-0.493084,-0.733473,-0.421331,-0.997842,-0.269045,-0.832055,-0.201716,-0.647204
K,Right,legacy_asl_K_263,0.000000,0.000000,0.267339,-0.375896,0.309070,-0.797528,0.088494,-1.133390,-0.128385,-1.341996,0.256006,-0.990316,0.388684,-1.391946,0.444666,-1.664180,0.483580,-1.903659,0.010360,-0.998568,-0.025576,-1.481487,-0.062099,-1.796560,-0.109412,-2.056885,-0.226618,-0.903761,-0.212846,-1.176245,-0.076664,-0.914732,-0.021113,-0.685919,-0.459141,-0.738232,-0.379384,-0.995615,-0.235463,-0.827329,-0.175723,-0.643264
K,Right,legacy_asl_K_264,-0.000892,0.008753,0.264384,-0.389157,0.259830,-0.800014,0.025703,-1.125699,-0.183818,-1.343201,0.214188,-0.991047,0.334107,-1.407060,0.401106,-1.684827,0.409957,-1.913591,-0.019445,-1.000703,-0.079867,-1.489375,-0.118181,-1.811526,-0.196957,-2.053921,-0.250007,-0.867027,-0.273786,-1.164183,-0.098375,-0.916961,-0.030074,-0.697340,-0.485616,-0.689295,-0.412025,-0.976927,-0.231460,-0.816685,-0.195297,-0.632811
K,Right,legacy_asl_K_265,0.000000,0.000000,0.254493,-0.386125,0.281317,-0.810053,0.048376,-1.138723,-0.176337,-1.340023,0.221297,-1.001327,0.339954,-1.408449,0.386367,-1.683198,0.416843,-1.924523,-0.025117,-1.000863,-0.078288,-1.483437,-0.126081,-1.797820,-0.182739,-2.056966,-0.259181,-0.897449,-0.255068,-1.170949,-0.109328,-0.913772,-0.045537,-0.686493,-0.486269,-0.723336,-0.415508,-0.984051,-0.265326,-0.820556,-0.198928,-0.638259
K,Right,legacy_asl_K_266,0.000000,0.000000,0.241864,-0.392772,0.255587,-0.816241,0.013257,-1.136762,-0.216958,-1.330551,0.189874,-1.005093,0.295669,-1.414627,0.333503,-1.689970,0.356475,-1.931500,-0.055779,-0.997063,-0.123610,-1.476542,-0.180915,-1.788506,-0.245360,-2.045128,-0.285959,-0.886773,-0.290259,-1.159571,-0.137061,-0.907649,-0.066482,-0.683016,-0.507013,-0.706212,-0.444472,-0.968311,-0.289724,-0.809923,-0.217928,-0.630218
K,Right,legacy_asl_K_267,0.004100,0.012020,0.256531,-0.392173,0.302209,-0.820207,0.029910,-1.127449,-0.149446,-1.364523,0.219625,-0.974247,0.342642,-1.387323,0.392725,-1.682892,0.443094,-1.945489,0.006070,-0.962024,-0.073876,-1.501694,-0.124066,-1.778428,-0.188071,-2.031136,-0.274743,-0.886578,-0.272777,-1.176600,-0.125202,-0.905540,-0.033046,-0.662959,-0.474437,-0.705938,-0.428557,-0.952720,-0.303243,-0.825291,-0.192541,-0.624270
K,Right,legacy_asl_K_268,0.000000,0.000000,0.244104,-0.370362,0.269833,-0.776985,0.046401,-1.092238,-0.169138,-1.285320,0.212263,-0.960451,0.326077,-1.350953,0.370595,-1.614486,0.399827,-1.845959,-0.024091,-0.960006,-0.075092,-1.422879,-0.120934,-1.724429,-0.175279,-1.972995,-0.248601,-0.860813,-0.244656,-1.123148,-0.104865,-0.876470,-0.043678,-0.658468,-0.466419,-0.693808,-0.398546,-0.943880,-0.254495,-0.787059,-0.190808,-0.612204
K,Right,legacy_asl_K_269,0.000000,0.000000,0.235888,-0.396390,0.243195,-0.820019,-0.003962,-1.136832,-0.237085,-1.327112,0.174629,-1.007854,0.274209,-1.418943,0.307869,-1.694827,0.327180,-1.936678,-0.070874,-0.996104,-0.145959,-1.474501,-0.207982,-1.785561,-0.276307,-2.041177,-0.299357,-0.882340,-0.307788,-1.155042,-0.150792,-0.905469,-0.076820,-0.681931,-0.517651,-0.698452,-0.459087,-0.961468,-0.301958,-0.805442,-0.227449,-0.626845
K,Right,legacy_asl_K_270,0.042784,-0.033615,0.214127,-0.404193,0.179648,-0.845141,-0.124665,-1.114621,-0.383791,-1.297052,0.045304,-1.024787,0.094142,-1.524743,0.053801,-1.784048,0.085934,-2.068121,-0.147800,-0.936181,-0.331903,-1.454454,-0.479985,-1.809390,-0.536644,-2.065736,-0.422606,-0.829517,-0.465092,-1.096691,-0.234546,-0.874095,-0.129284,-0.666181,-0.568064,-0.599825,-0.529259,-0.881235,-0.344753,-0.719839,-0.233621,-0.551558
K,Right,legacy_asl_K_271,0.000000,0.000000,0.230421,-0.424188,0.216475,-0.896118,-0.113660,-1.208612,-0.419821,-1.380423,0.065293,-1.111024,0.103478,-1.598698,0.097034,-1.911257,0.090321,-2.182341,-0.203503,-1.046653,-0.356232,-1.577049,-0.461084,-1.921361,-0.559337,-2.208292,-0.429028,-0.883382,-0.460526,-1.191814,-0.249327,-0.944016,-0.139119,-0.717046,-0.631085,-0.651177,-0.586809,-0.947709,-0.378442,-0.785004,-0.262379,-0.590309
K,Right,legacy_asl_K_272,0.000000,0.000000,0.191263,-0.408679,0.151849,-0.848232,-0.173664,-1.121335,-0.468940,-1.264515,-0.001234,-1.040292,0.007113,-1.497452,-0.016386,-1.788724,-0.037814,-2.041283,-0.248432,-0.965193,-0.420608,-1.451535,-0.537702,-1.766928,-0.645429,-2.029153,-0.449723,-0.800237,-0.496368,-1.086257,-0.285446,-0.866864,-0.169919,-0.661256,-0.625262,-0.572275,-0.600540,-0.851430,-0.397021,-0.711275,-0.277837,-0.536109
K,Right,legacy_asl_K_273,-0.002619,-0.010327,0.204861,-0.390679,0.184436,-0.815609,-0.086126,-1.141503,-0.399311,-1.269901,0.064350,-1.044421,0.105407,-1.517718,0.087666,-1.772072,0.084293,-2.044962,-0.169891,-0.955966,-0.299897,-1.478177,-0.443343,-1.784111,-0.511202,-2.054843,-0.388563,-0.815883,-0.442734,-1.090771,-0.221267,-0.870550,-0.110298,-0.660160,-0.606642,-0.585587,-0.574679,-0.874756,-0.364340,-0.731932,-0.250145,-0.545761
K,Right,legacy_asl_K_274,0.000000,0.000000,0.201117,-0.370243,0.188945,-0.782156,-0.099205,-1.054909,-0.366432,-1.204870,0.056989,-0.969732,0.090319,-1.395387,0.084694,-1.668196,0.078835,-1.904806,-0.177623,-0.913547,-0.310929,-1.376491,-0.402447,-1.677015,-0.488205,-1.927457,-0.374467,-0.771040,-0.401960,-1.040247,-0.217620,-0.823962,-0.121427,-0.625857,-0.550828,-0.568365,-0.512183,-0.827186,-0.330315,-0.685173,-0.229012,-0.515238
K,Right,legacy_asl_K_275,0.000000,0.000000,0.248620,-0.376548,0.273498,-0.817163,-0.008874,-1.134669,-0.280210,-1.319237,0.149949,-1.029429,0.224640,-1.480524,0.243716,-1.772118,0.259216,-2.025111,-0.105538,-0.991049,-0.205213,-1.497248,-0.275234,-1.826309,-0.343712,-2.101405,-0.328664,-0.857095,-0.333250,-1.146856,-0.156448,-0.899142,-0.072025,-0.678929,-0.535466,-0.657060,-0.470440,-0.929660,-0.289448,-0.761418,-0.196983,-0.570792
K,Right,legacy_asl_K_276,-0.007526,-0.007375,0.213131,-0.391082,0.219808,-0.842448,-0.127427,-1.119576,-0.381867,-1.266508,0.055832,-1.032949,0.102215,-1.511038,0.096544,-1.771859,0.080021,-2.024716,-0.185839,-1.005139,-0.328493,-1.470998,-0.423390,-1.803802,-0.520418,-2.073685,-0.387854,-0.812675,-0.418513,-1.099254,-0.215836,-0.898109,-0.146293,-0.680000,-0.574395,-0.613661,-0.543245,-0.897992,-0.352458,-0.737342,-0.258088,-0.544201
K,Right,legacy_asl_K_277,0.000000,0.000000,0.215070,-0.395929,0.202053,-0.836419,-0.106088,-1.128094,-0.391853,-1.288458,0.060943,-1.037007,0.096585,-1.492192,0.090569,-1.783928,0.084304,-2.036952,-0.189946,-0.976924,-0.332499,-1.471986,-0.430367,-1.793359,-0.522074,-2.061175,-0.400446,-0.824531,-0.429846,-1.112415,-0.232717,-0.881125,-0.129851,-0.669276,-0.589042,-0.607796,-0.547715,-0.884573,-0.353230,-0.732707,-0.244899,-0.550982
K,Right,legacy_asl_K_278,0.000000,0.000000,0.237865,-0.383432,0.250265,-0.824575,-0.040979,-1.133963,-0.317428,-1.310779,0.120759,-1.033260,0.182655,-1.486288,0.193472,-1.778305,0.201807,-2.031635,-0.133540,-0.987666,-0.247500,-1.490841,-0.326804,-1.817789,-0.403039,-2.090837,-0.352785,-0.847451,-0.365569,-1.136967,-0.181829,-0.894355,-0.091208,-0.676619,-0.553844,-0.641645,-0.496558,-0.915976,-0.310878,-0.752923,-0.213056,-0.564989
K,Right,legacy_asl_K_279,-0.005146,0.017273,0.247896,-0.385040,0.236044,-0.816840,-0.029426,-1.125538,-0.321275,-1.258997,0.153694,-1.033674,0.138546,-1.513657,0.100548,-1.779610,0.100041,-2.056297,-0.126820,-0.995852,-0.271628,-1.475414,-0.375159,-1.799619,-0.482125,-2.069538,-0.324812,-0.826642,-0.413443,-1.167228,-0.245320,-0.843242,-0.157728,-0.636081,-0.500966,-0.600217,-0.525482,-0.871354,-0.369963,-0.642300,-0.301201,-0.489646
K,Right,legacy_asl_K_280,0.000000,0.000000,0.253949,-0.379268,0.248997,-0.847112,-0.035962,-1.163653,-0.305507,-1.337787,0.143222,-1.080597,0.156361,-1.571343,0.121427,-1.873912,0.091808,-2.153703,-0.131617,-1.033959,-0.299027,-1.565303,-0.410005,-1.896057,-0.504725,-2.186898,-0.357219,-0.873620,-0.449132,-1.200687,-0.261388,-0.898674,-0.152331,-0.656967,-0.542009,-0.636881,-0.553566,-0.879590,-0.395585,-0.671832,-0.319436,-0.480117
K,Right,legacy_asl_K_281,0.000000,0.000000,0.237955,-0.365209,0.227623,-0.811898,-0.048279,-1.110753,-0.307757,-1.273806,0.123820,-1.033588,0.130488,-1.502363,0.093505,-1.790871,0.061870,-2.057692,-0.138067,-0.985761,-0.304294,-1.491141,-0.414230,-1.805652,-0.508163,-2.082244,-0.351576,-0.829949,-0.443263,-1.141168,-0.260367,-0.855022,-0.153332,-0.625519,-0.525199,-0.601672,-0.539142,-0.833298,-0.385796,-0.636800,-0.310784,-0.454642
K,Right,legacy_asl_K_282,-0.002589,0.009368,0.238055,-0.354494,0.237038,-0.815190,-0.028289,-1.109267,-0.298052,-1.302709,0.106346,-1.008516,0.163491,-1.485360,0.116460,-1.784171,0.119956,-2.054127,-0.123510,-0.990244,-0.278709,-1.517306,-0.383272,-1.821465,-0.484027,-2.061184,-0.327540,-0.843897,-0.439756,-1.145874,-0.284672,-0.872374,-0.157969,-0.631432,-0.495895,-0.622277,-0.542310,-0.836509,-0.403707,-0.627837,-0.325062,-0.480584
K,Right,legacy_asl_K_283,0.000000,0.000000,0.228712,-0.341577,0.224252,-0.762927,-0.032388,-1.048011,-0.275146,-1.204840,0.128989,-0.973209,0.140822,-1.415185,0.109360,-1.687685,0.082684,-1.939671,-0.118537,-0.931206,-0.269310,-1.409745,-0.369260,-1.707630,-0.454566,-1.969567,-0.321719,-0.786801,-0.404498,-1.081364,-0.235412,-0.809365,-0.137192,-0.591678,-0.488145,-0.573589,-0.498554,-0.792178,-0.356273,-0.605066,-0.287691,-0.432404
K,Right,legacy_asl_K_284,0.000000,0.000000,0.251322,-0.356142,0.257545,-0.802908,-0.007095,-1.111779,-0.260354,-1.284334,0.162027,-1.028291,0.186057,-1.496498,0.159788,-1.786178,0.138060,-2.053987,-0.101453,-0.990199,-0.248842,-1.501391,-0.347051,-1.819758,-0.430672,-2.099641,-0.320587,-0.842404,-0.400681,-1.156806,-0.228512,-0.864081,-0.130053,-0.630770,-0.502548,-0.620716,-0.507900,-0.852700,-0.361939,-0.650656,-0.293727,-0.465844
K,Right,legacy_asl_K_285,-0.005199,-0.006032,0.241646,-0.373612,0.216458,-0.825375,-0.059562,-1.107769,-0.292708,-1.263165,0.129788,-0.977300,0.169707,-1.530329,0.127288,-1.779497,0.086583,-2.051485,-0.128494,-0.996695,-0.293025,-1.477882,-0.417394,-1.832033,-0.463735,-2.086476,-0.368207,-0.820275,-0.454276,-1.146282,-0.242049,-0.852377,-0.147689,-0.652228,-0.482012,-0.633677,-0.524091,-0.837507,-0.398259,-0.644131,-0.288179,-0.466023
K,Right,legacy_asl_K_286,0.000000,0.000000,0.240789,-0.359615,0.236095,-0.803216,-0.034098,-1.103354,-0.289676,-1.268465,0.135800,-1.024602,0.148258,-1.489918,0.115135,-1.776809,0.087051,-2.042102,-0.124797,-0.980381,-0.283532,-1.484192,-0.388760,-1.797807,-0.478571,-2.073577,-0.338708,-0.828350,-0.425858,-1.138469,-0.247843,-0.852107,-0.144437,-0.622924,-0.513923,-0.603879,-0.524881,-0.834011,-0.375087,-0.637019,-0.302883,-0.455239
K,Right,legacy_asl_K_287,0.000000,0.000000,0.238079,-0.365128,0.227899,-0.811821,-0.047901,-1.110769,-0.307323,-1.273911,0.124172,-1.033546,0.130999,-1.502319,0.094115,-1.790839,0.062571,-2.057671,-0.137732,-0.985808,-0.303786,-1.491245,-0.413615,-1.805793,-0.507454,-2.082417,-0.351294,-0.830069,-0.442874,-1.141318,-0.260076,-0.855110,-0.153119,-0.625571,-0.524994,-0.601850,-0.538858,-0.833482,-0.385579,-0.636931,-0.310629,-0.454748
K,Right,legacy_asl_K_288,-0.017216,0.008727,0.290212,-0.171772,0.386179,-0.648885,0.142243,-1.014551,-0.035504,-1.217983,0.265479,-1.040653,0.288003,-1.556462,0.288278,-1.874582,0.255976,-2.168739,-0.029791,-0.953797,-0.147174,-1.550315,-0.225915,-1.943489,-0.317727,-2.227548,-0.276556,-0.807370,-0.312375,-1.113141,-0.085970,-0.750768,0.009477,-0.507208,-0.463613,-0.551973,-0.385710,-0.766575,-0.226216,-0.513484,-0.154309,-0.325818
K,Right,legacy_asl_K_289,0.000000,0.000000,0.290495,-0.191641,0.363190,-0.632259,0.155149,-0.958477,-0.049481,-1.195063,0.262794,-0.999417,0.272925,-1.507024,0.246080,-1.820088,0.227471,-2.091924,-0.027814,-0.943670,-0.162453,-1.496224,-0.244386,-1.858732,-0.292887,-2.168334,-0.268355,-0.777890,-0.267774,-1.084069,-0.098466,-0.741098,0.011819,-0.495062,-0.457734,-0.542604,-0.396371,-0.760636,-0.214716,-0.504645,-0.119184,-0.314414
K,Right,legacy_asl_K_290,0.000000,0.000000,0.303343,-0.191683,0.387197,-0.644436,0.179330,-0.984938,-0.026833,-1.232969,0.291127,-1.024964,0.311841,-1.548042,0.290499,-1.871317,0.276815,-2.151925,-0.009583,-0.973375,-0.137201,-1.545716,-0.214331,-1.921077,-0.258067,-2.241221,-0.260906,-0.807341,-0.254112,-1.122964,-0.086515,-0.765977,0.022199,-0.510112,-0.460893,-0.568620,-0.393224,-0.792145,-0.211137,-0.524573,-0.116504,-0.326535
K,Right,legacy_asl_K_291,-0.002472,-0.002403,0.286824,-0.196967,0.357112,-0.635834,0.139998,-1.013741,-0.059000,-1.243114,0.292382,-1.038351,0.290611,-1.554027,0.247995,-1.894319,0.252126,-2.149394,-0.023018,-0.984646,-0.169371,-1.539818,-0.237392,-1.922005,-0.314744,-2.235634,-0.274131,-0.798309,-0.283109,-1.109612,-0.123719,-0.766973,0.001621,-0.514140,-0.490850,-0.559527,-0.453923,-0.781199,-0.214096,-0.527711,-0.110580,-0.326944
K,Right,legacy_asl_K_292,0.000000,0.000000,0.287912,-0.189937,0.359960,-0.626636,0.153769,-0.949953,-0.049041,-1.184434,0.260456,-0.990529,0.270498,-1.493622,0.243891,-1.803901,0.225448,-2.073320,-0.027567,-0.935277,-0.161008,-1.482917,-0.242212,-1.842201,-0.290282,-2.149050,-0.265968,-0.770971,-0.265392,-1.074428,-0.097590,-0.734507,0.011714,-0.490660,-0.453663,-0.537778,-0.392846,-0.753872,-0.212806,-0.500157,-0.118124,-0.311618
K,Right,legacy_asl_K_293,0.000000,0.000000,0.279548,-0.224971,0.311312,-0.684328,0.066031,-0.998951,-0.167029,-1.221898,0.172545,-1.051444,0.133573,-1.573480,0.075566,-1.892223,0.030025,-2.169448,-0.120337,-0.965955,-0.312284,-1.520046,-0.431647,-1.884185,-0.511546,-2.197269,-0.351123,-0.772388,-0.380307,-1.086733,-0.173156,-0.751147,-0.036020,-0.509322,-0.522632,-0.512452,-0.480851,-0.742227,-0.269486,-0.497125,-0.152922,-0.311148
K,Right,legacy_asl_K_294,-0.021013,0.009702,0.309340,-0.203198,0.339013,-0.682842,0.152433,-0.994652,-0.060939,-1.242287,0.242619,-1.002473,0.274666,-1.522581,0.242636,-1.877815,0.245311,-2.171056,-0.024713,-0.986358,-0.175962,-1.568197,-0.246538,-1.902005,-0.285870,-2.217182,-0.255400,-0.804983,-0.290672,-1.135211,-0.089304,-0.744200,0.002760,-0.515753,-0.443973,-0.560190,-0.402105,-0.757525,-0.239880,-0.515706,-0.113674,-0.322585
K,Right,legacy_asl_K_295,0.000000,0.000000,0.306020,-0.201883,0.382600,-0.666048,0.163440,-1.009700,-0.052126,-1.258929,0.276838,-1.052827,0.287511,-1.587562,0.259231,-1.917356,0.239628,-2.203720,-0.029301,-0.994101,-0.171134,-1.576184,-0.257446,-1.958066,-0.308539,-2.284214,-0.282696,-0.819461,-0.282084,-1.142004,-0.103728,-0.780704,0.012451,-0.521519,-0.482196,-0.571601,-0.417554,-0.801286,-0.226190,-0.531614,-0.125554,-0.331217
K,Right,legacy_asl_K_296,0.000000,0.000000,0.297740,-0.200275,0.368618,-0.655241,0.151102,-0.989662,-0.062066,-1.231698,0.261710,-1.032867,0.267463,-1.556324,0.236890,-1.878856,0.215190,-2.158958,-0.037402,-0.972703,-0.181329,-1.541163,-0.269157,-1.914165,-0.322026,-2.232929,-0.283876,-0.799553,-0.286108,-1.115242,-0.108374,-0.763191,0.007609,-0.510538,-0.476958,-0.555214,-0.415707,-0.780581,-0.226046,-0.518323,-0.125791,-0.323071
K,Right,legacy_asl_K_297,0.014296,-0.018445,0.269451,-0.357716,0.289463,-0.758729,0.009923,-1.083606,-0.178600,-1.335851,0.311109,-1.073124,0.286138,-1.551922,0.222035,-1.793511,0.175727,-2.044473,-0.009897,-1.003023,-0.154292,-1.534087,-0.267888,-1.806342,-0.334928,-2.118690,-0.230230,-0.820063,-0.333454,-1.120260,-0.178744,-0.870309,-0.066332,-0.585477,-0.422019,-0.609146,-0.462425,-0.828613,-0.306545,-0.614063,-0.257857,-0.449445
K,Right,legacy_asl_K_298,0.000000,0.000000,0.261059,-0.359906,0.314082,-0.809423,0.035952,-1.156059,-0.214587,-1.384913,0.289845,-1.089883,0.280466,-1.565987,0.229312,-1.862664,0.186385,-2.128272,0.001336,-1.038429,-0.166985,-1.581745,-0.277871,-1.912667,-0.364925,-2.207195,-0.236818,-0.868116,-0.363729,-1.175018,-0.190412,-0.852089,-0.079651,-0.628290,-0.439985,-0.627760,-0.480078,-0.863800,-0.336561,-0.619783,-0.255395,-0.438885
K,Right,legacy_asl_K_299,0.000000,0.000000,0.262031,-0.337165,0.327222,-0.766962,0.071274,-1.108536,-0.161936,-1.336176,0.312877,-1.036941,0.319015,-1.494242,0.279348,-1.780644,0.246590,-2.036961,0.034306,-0.996726,-0.109984,-1.523597,-0.205898,-1.844770,-0.280093,-2.130250,-0.199710,-0.840819,-0.311770,-1.139445,-0.155675,-0.823959,-0.056475,-0.605617,-0.402370,-0.616567,-0.433348,-0.844413,-0.303348,-0.605621,-0.231192,-0.429400
