label,handedness,timestamp,x0,y0,x1,y1,x2,y2,x3,y3,x4,y4,x5,y5,x6,y6,x7,y7,x8,y8,x9,y9,x10,y10,x11,y11,x12,y12,x13,y13,x14,y14,x15,y15,x16,y16,x17,y17,x18,y18,x19,y19,x20,y20
M,Right,legacy_asl_M_0,0.000000,0.000000,0.250640,-0.052925,0.456365,-0.132001,0.506645,-0.173817,0.514145,-0.142014,0.218846,-0.920300,0.232697,-0.464768,0.222965,-0.139885,0.222223,0.048364,-0.101823,-0.914839,-0.070309,-0.529338,-0.039493,-0.156662,-0.004830,0.083037,-0.369210,-0.791305,-0.335059,-0.459897,-0.265751,-0.130525,-0.201744,0.075001,-0.565126,-0.610129,-0.552088,-0.360347,-0.446965,-0.129699,-0.364259,-0.011220
M,Right,legacy_asl_M_1,0.000000,0.000000,0.268177,-0.210428,0.387769,-0.448119,0.361986,-0.633775,0.314675,-0.706557,0.167723,-0.990866,0.296219,-0.699070,0.327751,-0.381813,0.326289,-0.195309,-0.082649,-0.974328,0.059478,-0.657356,0.128654,-0.311160,0.176609,-0.060593,-0.303347,-0.869583,-0.177077,-0.573378,-0.065492,-0.268527,0.020777,-0.043635,-0.492079,-0.713091,-0.419069,-0.497848,-0.310954,-0.289759,-0.231975,-0.151477
M,Right,legacy_asl_M_2,0.000000,0.000000,0.220783,-0.164796,0.312048,-0.353724,0.215492,-0.491996,0.051783,-0.545514,0.178479,-0.960105,0.241623,-1.014714,0.224061,-0.833513,0.210168,-0.621370,-0.103264,-0.977804,-0.063526,-0.819179,-0.014691,-0.483059,0.038791,-0.215869,-0.348875,-0.861984,-0.303748,-0.643942,-0.214557,-0.386953,-0.146190,-0.196503,-0.541924,-0.676681,-0.535141,-0.501329,-0.444545,-0.324120,-0.378215,-0.212995
M,Right,legacy_asl_M_3,0.000000,0.000000,-0.302522,0.335742,-0.520341,0.748107,-0.552939,1.164836,-0.449142,1.404660,-0.395136,0.117629,-0.338604,0.881444,-0.310749,1.378649,-0.315653,1.767382,-0.087079,-0.060953,-0.092760,0.773785,-0.125242,1.366601,-0.164613,1.822328,0.173202,-0.068144,0.131343,0.753726,0.032688,1.309584,-0.058009,1.718721,0.387430,0.045331,0.367122,0.772393,0.302623,1.234006,0.238719,1.589703
M,Right,legacy_asl_M_4,0.000000,0.000000,0.304103,-0.258335,0.493894,-0.481515,0.586285,-0.629878,0.521274,-0.710109,0.309581,-0.992071,0.318439,-0.908800,0.277521,-0.711935,0.274512,-0.565184,0.069053,-0.996686,0.113481,-0.785318,0.114047,-0.560337,0.129720,-0.384210,-0.145599,-0.910670,-0.088787,-0.717824,-0.053692,-0.520913,-0.019311,-0.352270,-0.309411,-0.786247,-0.280006,-0.672482,-0.244282,-0.522398,-0.202473,-0.393809
M,Right,legacy_asl_M_5,0.000000,0.000000,0.433115,0.231972,0.780052,0.534434,0.820899,0.866215,0.707173,1.162612,0.590860,-0.442959,0.528041,0.472374,0.425046,1.081547,0.344787,1.469075,0.115653,-0.497105,0.041627,0.497895,-0.000581,1.139804,-0.035813,1.513312,-0.312778,-0.381337,-0.342928,0.519100,-0.310005,1.074533,-0.297396,1.365507,-0.642744,-0.187875,-0.642846,0.477120,-0.574293,0.941669,-0.540443,1.211156
M,Right,legacy_asl_M_6,0.000000,0.000000,0.370965,0.124597,0.592879,0.375725,0.581072,0.664076,0.441776,0.886783,0.489587,-0.267597,0.420446,0.436777,0.399434,0.919101,0.357931,1.281386,0.132314,-0.287265,0.152861,0.490479,0.180259,1.004675,0.172803,1.374514,-0.191121,-0.150151,-0.093382,0.555127,-0.027776,1.022152,0.016051,1.353696,-0.460525,0.074039,-0.306912,0.598141,-0.181691,0.885826,-0.090448,1.083279
M,Right,legacy_asl_M_7,0.000000,0.000000,0.281618,-0.089105,0.483690,-0.146332,0.482884,-0.190987,0.330943,-0.170009,0.262578,-0.916852,0.209305,-0.368348,0.150418,0.022768,0.105988,0.309821,-0.056782,-0.926698,-0.054949,-0.348788,-0.067303,0.048806,-0.071205,0.365623,-0.323015,-0.815847,-0.286450,-0.258982,-0.242966,0.067096,-0.197470,0.328483,-0.522130,-0.632992,-0.477630,-0.270202,-0.394742,-0.002753,-0.327551,0.184524
M,Right,legacy_asl_M_8,0.000000,0.000000,0.251315,-0.073610,0.407438,-0.117183,0.450270,-0.062534,0.452370,0.065227,0.246689,-0.919231,0.318201,-0.464265,0.331026,-0.064133,0.345061,0.237366,-0.093540,-0.892723,-0.017254,-0.468862,0.061612,-0.048644,0.134996,0.273516,-0.379366,-0.734617,-0.309241,-0.365818,-0.177293,0.016838,-0.063327,0.286403,-0.590849,-0.511404,-0.541035,-0.189531,-0.393153,0.054723,-0.275647,0.192314
M,Right,legacy_asl_M_9,0.000000,0.000000,0.248692,0.028294,0.348766,-0.001863,0.322573,0.017649,0.208534,0.096114,0.236952,-0.548167,0.192582,-0.377218,0.169140,-0.124271,0.133928,0.066177,-0.011505,-0.626059,-0.051338,-0.329701,-0.057451,-0.026028,-0.062639,0.184999,-0.200505,-0.547853,-0.244164,-0.282418,-0.220878,0.018581,-0.189935,0.218313,-0.334597,-0.402880,-0.357436,-0.213532,-0.307024,0.004841,-0.239824,0.153323
M,Right,legacy_asl_M_10,0.000000,0.000000,0.300011,-0.000742,0.501783,-0.016319,0.403718,0.110861,0.230499,0.318399,0.193507,-0.831979,0.127168,-0.167078,0.025593,0.312964,-0.046410,0.675349,-0.181922,-0.832123,-0.210982,-0.155303,-0.230410,0.353884,-0.225178,0.756958,-0.489090,-0.705589,-0.448613,-0.091826,-0.412288,0.357351,-0.380269,0.726759,-0.725910,-0.509597,-0.726844,-0.102962,-0.625294,0.265520,-0.556913,0.555353
M,Right,legacy_asl_M_11,0.000000,0.000000,0.180135,0.205591,0.249847,0.286962,0.268615,0.319369,0.179673,0.270861,-0.068598,-0.498130,-0.012442,-0.458063,0.023197,-0.119212,0.036421,0.152913,-0.235362,-0.593223,-0.130639,-0.570463,-0.091922,-0.128894,-0.049542,0.190154,-0.324630,-0.553625,-0.223614,-0.508190,-0.199559,-0.045734,-0.181292,0.295856,-0.392079,-0.419458,-0.311284,-0.296842,-0.264019,0.028329,-0.205308,0.285079
M,Right,legacy_asl_M_12,0.000000,0.000000,0.342527,-0.121135,0.620143,-0.248642,0.741352,-0.353503,0.641521,-0.401660,0.267521,-0.970814,0.380254,-0.421174,0.409967,-0.027853,0.423640,0.268634,-0.106475,-0.911576,0.070773,-0.296171,0.172953,0.109748,0.259079,0.444211,-0.405848,-0.756161,-0.178542,-0.151055,-0.059029,0.186495,0.037119,0.455127,-0.631026,-0.546864,-0.423998,-0.121541,-0.262746,0.143210,-0.141973,0.332342
M,Right,legacy_asl_M_13,0.000000,0.000000,0.246302,-0.120062,0.382132,-0.281275,0.369430,-0.450914,0.254096,-0.564214,0.370121,-0.874902,0.408421,-0.886404,0.348971,-0.604410,0.270151,-0.354770,0.125126,-0.926779,0.158695,-0.907393,0.143219,-0.552678,0.124947,-0.272878,-0.116152,-0.892632,-0.095029,-0.863399,-0.065046,-0.514144,-0.050291,-0.240329,-0.350691,-0.800704,-0.329710,-0.721963,-0.268462,-0.467059,-0.223957,-0.292502
M,Right,legacy_asl_M_14,0.000000,0.000000,0.275798,0.081679,0.424534,0.171902,0.447259,0.285717,0.353567,0.434494,0.307947,-0.428546,0.320364,-0.042384,0.342665,0.269198,0.334946,0.509805,0.044075,-0.482322,0.076229,-0.006950,0.133490,0.346212,0.162146,0.598371,-0.191764,-0.363329,-0.116200,0.045267,-0.052296,0.381513,0.003591,0.618047,-0.369104,-0.164381,-0.271354,0.118318,-0.176795,0.330685,-0.089064,0.477146
M,Right,legacy_asl_M_15,0.000000,0.000000,-0.224078,-0.039389,-0.395178,-0.193041,-0.428153,-0.352098,-0.328657,-0.496703,-0.279462,-0.915279,-0.029516,-0.765585,0.020730,-0.456323,-0.003894,-0.226169,-0.068146,-0.971435,0.174137,-0.808849,0.172200,-0.456011,0.116586,-0.220825,0.133290,-0.924842,0.331288,-0.760846,0.292688,-0.453384,0.234791,-0.250433,0.315622,-0.812893,0.447075,-0.723530,0.395961,-0.472073,0.333972,-0.311025
M,Right,legacy_asl_M_16,0.000000,0.000000,-0.358429,0.220592,-0.555647,0.394695,-0.450539,0.658867,-0.302198,0.856572,-0.372509,-0.236310,-0.317924,0.393923,-0.266467,0.867802,-0.239206,1.212211,-0.018692,-0.407308,0.029579,0.322834,0.036934,0.890005,0.022673,1.216859,0.295784,-0.384115,0.410640,0.298922,0.338059,0.800102,0.233641,1.061718,0.563920,-0.239416,0.694465,0.333094,0.614688,0.623327,0.490228,0.720016
M,Right,legacy_asl_M_17,0.000000,0.000000,0.448272,0.187790,0.651790,0.438251,0.655185,0.763817,0.572175,1.033589,0.520726,-0.175780,0.653132,0.671155,0.600491,1.233183,0.478124,1.604747,0.098749,-0.234306,0.147739,0.733507,0.143406,1.386742,0.114017,1.810320,-0.338728,-0.145859,-0.271033,0.782652,-0.153197,1.331624,-0.100762,1.698652,-0.720870,0.019772,-0.622801,0.709366,-0.434784,1.133799,-0.337976,1.431918
M,Right,legacy_asl_M_18,0.000000,0.000000,0.354477,-0.182913,0.554740,-0.547134,0.555121,-0.923774,0.454527,-1.210302,0.375158,-0.934531,0.281412,-1.118761,0.253877,-1.132986,0.253242,-1.112337,0.037207,-0.969260,-0.039991,-1.093774,-0.041426,-0.999650,-0.030906,-0.898477,-0.264897,-0.919394,-0.320679,-1.039157,-0.295574,-0.964905,-0.269444,-0.896266,-0.511663,-0.814635,-0.552568,-0.915577,-0.513231,-0.855128,-0.497539,-0.819512
M,Right,legacy_asl_M_19,0.000000,0.000000,-0.112566,-0.139960,-0.159949,-0.362155,-0.130283,-0.508664,-0.052944,-0.585857,-0.150357,-0.924573,-0.089955,-0.837133,-0.094915,-0.539438,-0.113606,-0.286092,-0.051401,-0.991220,-0.030143,-0.880163,-0.051413,-0.553817,-0.070028,-0.267526,0.055302,-0.964400,0.019714,-0.848133,-0.005282,-0.545002,-0.011924,-0.292860,0.160931,-0.880205,0.099292,-0.783210,0.047776,-0.547297,0.027711,-0.364980
M,Right,legacy_asl_M_20,0.000000,0.000000,0.329219,0.004284,0.604521,0.025066,0.713799,0.123835,0.629788,0.322420,0.426407,-0.829903,0.488692,-0.153106,0.437738,0.336366,0.407788,0.678234,0.009849,-0.828047,0.118272,-0.124911,0.151344,0.382498,0.176570,0.769462,-0.350432,-0.691329,-0.198830,-0.045713,-0.120261,0.388265,-0.071482,0.713536,-0.630831,-0.487992,-0.495816,-0.088904,-0.385627,0.217654,-0.334079,0.447208
M,Right,legacy_asl_M_21,0.000000,0.000000,0.228853,-0.072456,0.396028,-0.165430,0.405515,-0.219722,0.392429,-0.213385,0.198271,-0.927229,0.201439,-0.514218,0.212110,-0.210019,0.220673,-0.051011,-0.112142,-0.915395,-0.094744,-0.573748,-0.046737,-0.215818,-0.004342,0.001729,-0.368858,-0.787466,-0.349617,-0.488665,-0.264004,-0.174954,-0.193794,0.012655,-0.554672,-0.605994,-0.551229,-0.373910,-0.436445,-0.160474,-0.349350,-0.060595
M,Right,legacy_asl_M_22,0.000000,0.000000,-0.270865,-0.160773,-0.447636,-0.399048,-0.459978,-0.598316,-0.359459,-0.742056,-0.378742,-0.891787,-0.251204,-0.890328,-0.183951,-0.575170,-0.176190,-0.290265,-0.136877,-0.974360,-0.041086,-0.931991,-0.001786,-0.558552,-0.004549,-0.236503,0.105256,-0.983885,0.133794,-0.921067,0.134285,-0.568820,0.119643,-0.269045,0.329047,-0.941320,0.338509,-0.911139,0.287252,-0.652078,0.244431,-0.431772
M,Right,legacy_asl_M_23,0.000000,0.000000,0.174491,-0.200739,0.270845,-0.456035,0.240216,-0.679103,0.169328,-0.807080,0.067150,-0.934320,0.208996,-0.958182,0.258118,-0.697822,0.262938,-0.496638,-0.038111,-0.982305,0.129442,-0.942284,0.180852,-0.664665,0.196431,-0.440852,-0.114220,-0.948326,0.047859,-0.879967,0.116310,-0.629548,0.136641,-0.415333,-0.167603,-0.864107,-0.010607,-0.806294,0.039374,-0.604797,0.053198,-0.433806
M,Right,legacy_asl_M_24,0.000000,0.000000,0.221918,-0.115046,0.346228,-0.283249,0.319777,-0.434853,0.261562,-0.483826,0.353066,-0.938694,0.285022,-0.664517,0.212600,-0.360515,0.163642,-0.161705,0.092844,-0.975484,0.051794,-0.743376,0.011086,-0.427422,-0.009298,-0.188169,-0.163900,-0.907624,-0.191211,-0.703579,-0.176473,-0.413568,-0.154896,-0.201786,-0.385294,-0.771630,-0.393424,-0.632485,-0.346862,-0.427721,-0.309276,-0.297366
M,Right,legacy_asl_M_25,0.000000,0.000000,-0.328933,0.244539,-0.548985,0.471331,-0.493565,0.813282,-0.406252,1.155321,-0.520426,-0.302347,-0.554876,0.376823,-0.552424,0.920355,-0.525660,1.349821,-0.063524,-0.455354,-0.145896,0.348659,-0.197120,0.935232,-0.266236,1.355660,0.348297,-0.412320,0.390033,0.345679,0.342734,0.834641,0.240891,1.159966,0.702955,-0.257050,0.822466,0.265674,0.768745,0.537273,0.648700,0.702788
M,Right,legacy_asl_M_26,0.000000,0.000000,0.442202,0.047333,0.883765,0.183301,1.156763,0.356584,1.369163,0.546270,0.457531,-0.631999,0.448227,0.280167,0.392078,0.896812,0.341692,1.358769,-0.114731,-0.580226,-0.131151,0.353530,-0.172715,1.017531,-0.173233,1.550998,-0.575878,-0.439947,-0.559418,0.423543,-0.553114,1.027770,-0.522774,1.499142,-0.922476,-0.249400,-0.936659,0.304395,-0.881375,0.803941,-0.831360,1.218455
M,Right,legacy_asl_M_27,0.000000,0.000000,-0.005076,0.143477,-0.034496,0.320191,-0.052529,0.585509,-0.091653,0.784062,-0.048463,-0.487531,-0.127085,0.064957,-0.142577,0.522022,-0.132792,0.860125,0.013372,-0.605528,0.042353,-0.024298,0.074731,0.502889,0.106866,0.848115,0.097167,-0.536906,0.227866,0.011170,0.229969,0.518487,0.225452,0.838006,0.202983,-0.337318,0.323353,0.121626,0.328902,0.491932,0.329531,0.747179
M,Right,legacy_asl_M_28,0.000000,0.000000,-0.312313,0.169817,-0.489031,0.274723,-0.376175,0.454962,-0.240848,0.605640,-0.376898,-0.326207,-0.381870,0.250622,-0.340611,0.724029,-0.298915,1.098918,-0.013615,-0.453479,0.009482,0.202536,0.052639,0.750471,0.060321,1.148224,0.297850,-0.430054,0.370722,0.140587,0.340313,0.637681,0.284525,0.990103,0.558350,-0.309692,0.679303,0.017262,0.679440,0.301413,0.653643,0.496566
M,Right,legacy_asl_M_29,0.000000,0.000000,0.357778,-0.063239,0.658356,-0.150657,0.815834,-0.210843,0.704547,-0.198117,0.357470,-0.905278,0.460539,-0.397539,0.497305,0.012473,0.520340,0.295900,-0.066413,-0.854809,0.078625,-0.226735,0.215578,0.231649,0.317163,0.564282,-0.420689,-0.677286,-0.252147,-0.059730,-0.079991,0.371908,0.049906,0.681957,-0.683363,-0.438186,-0.517385,-0.012088,-0.322945,0.313951,-0.181446,0.547335
M,Right,legacy_asl_M_30,0.000000,0.000000,0.091230,0.141782,0.152278,0.255974,0.204417,0.487494,0.232777,0.720167,0.083742,-0.547439,0.117585,0.088683,0.134052,0.532732,0.125492,0.855955,0.007939,-0.606722,0.037768,0.148589,0.057755,0.657133,0.057692,0.973354,-0.036971,-0.472682,0.055426,0.229624,0.093781,0.689265,0.121808,0.960041,-0.043364,-0.236264,0.068970,0.261198,0.135534,0.606045,0.210110,0.827303
M,Right,legacy_asl_M_31,0.000000,0.000000,0.293522,0.291957,0.476585,0.569331,0.554623,0.865529,0.599122,1.100067,0.597543,-0.051595,0.611047,0.507958,0.529306,0.888436,0.427558,1.154261,0.383011,-0.183363,0.334309,0.459864,0.310988,0.895231,0.272435,1.196722,0.114247,-0.203099,0.054050,0.419283,0.046788,0.878320,0.039261,1.210224,-0.147328,-0.152705,-0.183927,0.379086,-0.170428,0.744583,-0.163833,1.032968
M,Right,legacy_asl_M_32,0.000000,0.000000,-0.593441,0.293034,-0.912882,0.591509,-0.891064,1.031169,-0.655254,1.260449,-0.682835,-0.220624,-0.551076,0.749428,-0.440959,1.463932,-0.381380,1.988534,0.002926,-0.428665,0.046337,0.695408,0.054495,1.547218,0.050077,2.126842,0.578327,-0.406563,0.651491,0.716532,0.598020,1.477612,0.539372,1.962911,1.054226,-0.223385,1.099261,0.682526,1.050473,1.224006,1.009874,1.575409
M,Right,legacy_asl_M_33,0.000000,0.000000,0.324797,-0.081949,0.596856,-0.149751,0.788425,-0.145518,0.941207,-0.070653,0.292909,-0.938143,0.511191,-0.384731,0.576254,0.077228,0.632402,0.424831,-0.080256,-0.841231,0.180832,-0.301618,0.341075,0.174553,0.453327,0.521810,-0.381880,-0.623589,-0.159066,-0.201388,0.049354,0.241593,0.197458,0.556868,-0.604934,-0.352026,-0.495609,-0.113977,-0.314314,0.120625,-0.173627,0.293077
M,Right,legacy_asl_M_34,0.000000,0.000000,0.232576,-0.056846,0.404606,-0.129372,0.411047,-0.160149,0.360484,-0.109270,0.169494,-0.881326,0.180865,-0.402259,0.182775,-0.100358,0.178357,0.086490,-0.144099,-0.877524,-0.132703,-0.435979,-0.096721,-0.077238,-0.066499,0.162026,-0.394241,-0.755934,-0.364308,-0.367329,-0.285485,-0.048495,-0.217840,0.163935,-0.563859,-0.581982,-0.546994,-0.306520,-0.439976,-0.080546,-0.357972,0.049590
M,Right,legacy_asl_M_35,0.000000,0.000000,-0.109351,-0.121076,-0.163510,-0.337193,-0.172536,-0.513043,-0.152391,-0.628818,-0.204033,-0.879828,-0.077255,-0.813411,-0.024314,-0.501056,-0.017509,-0.237276,-0.096653,-0.975018,0.001150,-0.864655,0.036725,-0.502033,0.051176,-0.200480,0.025462,-0.985208,0.072609,-0.867117,0.092262,-0.519287,0.105257,-0.232064,0.144646,-0.931095,0.179013,-0.818606,0.155381,-0.544022,0.144910,-0.321580
M,Right,legacy_asl_M_36,0.000000,0.000000,-0.425371,0.245384,-0.676177,0.457967,-0.667985,0.728239,-0.517367,0.955576,-0.805328,-0.375904,-0.731874,0.182165,-0.611011,0.628517,-0.543728,0.977661,-0.418977,-0.585895,-0.316144,0.150427,-0.266226,0.705964,-0.225612,1.141289,-0.035322,-0.638112,0.081578,0.110505,0.084117,0.603499,0.080834,0.975398,0.288064,-0.562788,0.360273,0.016178,0.342320,0.395336,0.301100,0.704024
M,Right,legacy_asl_M_37,0.000000,0.000000,0.589924,0.024480,0.948010,0.102900,1.036252,0.331950,0.971465,0.573179,0.980216,-0.353944,1.001527,0.336878,0.941596,0.812624,0.882740,1.168859,0.530942,-0.433433,0.589956,0.389644,0.616405,0.952988,0.642450,1.350311,0.112558,-0.387387,0.192926,0.398259,0.292894,0.925854,0.391223,1.276559,-0.222411,-0.260593,-0.146197,0.235939,-0.020338,0.482047,0.105964,0.627281
M,Right,legacy_asl_M_38,0.000000,0.000000,0.354562,0.128637,0.607989,0.256977,0.661914,0.418725,0.553147,0.579505,0.458000,-0.413981,0.459217,0.155904,0.437212,0.572013,0.379282,0.848293,0.118590,-0.481928,0.122224,0.194830,0.137443,0.668468,0.135746,0.958923,-0.198463,-0.372409,-0.113462,0.237197,-0.067470,0.666199,-0.030843,0.943882,-0.457800,-0.183047,-0.307969,0.243091,-0.197751,0.486988,-0.104760,0.627497
M,Right,legacy_asl_M_39,0.000000,0.000000,0.246617,-0.135413,0.407622,-0.369009,0.389960,-0.588330,0.322143,-0.764369,0.298860,-0.952029,0.319382,-1.054459,0.347133,-1.002661,0.366086,-0.855694,0.042989,-0.995168,0.106596,-0.943942,0.139871,-0.665843,0.151114,-0.427017,-0.197901,-0.920519,-0.127868,-0.756316,-0.068670,-0.500769,-0.029412,-0.317580,-0.401739,-0.770261,-0.349458,-0.601807,-0.271739,-0.409992,-0.222022,-0.290696
M,Right,legacy_asl_M_40,0.000000,0.000000,0.248466,-0.217095,0.343674,-0.484064,0.248448,-0.697065,0.114991,-0.805660,0.241127,-0.946908,0.210085,-0.671392,0.155364,-0.354718,0.105877,-0.125245,-0.018725,-0.977570,-0.036850,-0.693238,-0.040937,-0.374508,-0.032929,-0.115023,-0.256655,-0.909307,-0.265955,-0.653592,-0.226589,-0.370009,-0.183457,-0.136250,-0.470921,-0.777964,-0.462602,-0.605252,-0.391459,-0.396119,-0.336167,-0.236696
M,Right,legacy_asl_M_41,0.000000,0.000000,0.307577,0.043346,0.387858,0.174145,0.285318,0.457299,0.113685,0.715310,0.271765,-0.504883,0.373036,0.053970,0.358966,0.545503,0.314899,0.924705,-0.099820,-0.517622,-0.031822,0.157136,0.002662,0.730330,0.039365,1.125901,-0.437537,-0.384671,-0.378875,0.253863,-0.261768,0.742431,-0.173396,1.081746,-0.705665,-0.156811,-0.611196,0.324165,-0.457494,0.627010,-0.352888,0.831065
M,Right,legacy_asl_M_42,0.000000,0.000000,-0.084533,0.376256,-0.225489,0.750315,-0.294495,1.114350,-0.383432,1.357792,-0.352675,-0.131083,-0.268833,0.569622,-0.236530,1.080522,-0.193300,1.421185,-0.317105,-0.310556,-0.225386,0.508827,-0.134564,1.140751,-0.047555,1.560928,-0.259375,-0.312312,-0.206186,0.478043,-0.104488,1.134176,-0.039315,1.561152,-0.182914,-0.171439,-0.141017,0.529458,-0.054638,1.049802,-0.029889,1.416698
M,Right,legacy_asl_M_43,0.000000,0.000000,0.261347,-0.162428,0.436752,-0.319994,0.458514,-0.444500,0.446183,-0.558499,0.217829,-0.991932,0.208213,-1.032854,0.200825,-0.895628,0.208746,-0.706787,-0.054374,-0.979015,-0.045123,-1.001543,0.008723,-0.715553,0.054446,-0.466532,-0.286116,-0.869680,-0.277898,-0.835208,-0.188263,-0.570319,-0.120923,-0.362602,-0.480506,-0.704418,-0.474360,-0.645942,-0.377900,-0.475693,-0.309689,-0.364994
M,Right,legacy_asl_M_44,0.000000,0.000000,0.268503,0.024023,0.446928,0.009028,0.434197,0.034543,0.334891,0.095015,0.270908,-0.699293,0.174865,-0.187706,0.121170,0.167066,0.090124,0.406478,-0.071592,-0.723495,-0.147830,-0.251583,-0.131714,0.148081,-0.093672,0.425681,-0.351802,-0.635741,-0.383424,-0.198774,-0.312815,0.172382,-0.244104,0.426626,-0.557620,-0.481586,-0.543941,-0.125279,-0.443849,0.171328,-0.364548,0.350340
M,Right,legacy_asl_M_45,0.000000,0.000000,0.261026,-0.166269,0.387558,-0.376685,0.369012,-0.522196,0.313542,-0.559982,0.156346,-0.967755,0.278184,-0.679245,0.318816,-0.350668,0.326183,-0.135059,-0.088436,-0.970402,0.035382,-0.656416,0.134541,-0.300017,0.203426,-0.037077,-0.309380,-0.858917,-0.207515,-0.575719,-0.065904,-0.264080,0.038122,-0.032233,-0.491464,-0.678199,-0.428083,-0.454286,-0.299669,-0.242495,-0.205082,-0.103170
M,Right,legacy_asl_M_46,0.000000,0.000000,0.352182,0.114037,0.552464,0.258353,0.572056,0.472266,0.538651,0.674807,0.449596,-0.459637,0.499683,0.104208,0.492790,0.504471,0.436700,0.812653,0.099360,-0.544520,0.169026,0.102359,0.215954,0.552515,0.214319,0.852867,-0.207624,-0.440322,-0.133084,0.128997,-0.061761,0.545022,-0.006093,0.824890,-0.454570,-0.238327,-0.315113,0.175329,-0.190259,0.417484,-0.079971,0.573700
M,Right,legacy_asl_M_47,0.000000,0.000000,-0.411007,0.200979,-0.745425,0.510265,-0.791817,0.911280,-0.600401,1.246362,-0.570964,-0.056700,-0.440597,0.669327,-0.303176,1.284857,-0.149424,1.775069,-0.130358,-0.213542,0.014374,0.619473,0.113018,1.322353,0.196052,1.866083,0.281629,-0.232371,0.404434,0.549884,0.486219,1.229677,0.552803,1.736684,0.652509,-0.140698,0.710548,0.460928,0.733686,0.939638,0.756445,1.324433
M,Right,legacy_asl_M_48,0.000000,0.000000,-0.386853,0.170330,-0.694316,0.354325,-0.818930,0.571879,-0.822539,0.749484,-0.769441,-0.525957,-0.755662,0.131453,-0.678241,0.704745,-0.683042,1.072462,-0.311412,-0.670426,-0.334001,0.241640,-0.374912,0.879821,-0.423897,1.287133,0.124919,-0.652165,0.050693,0.276327,-0.013442,0.847112,-0.072972,1.216449,0.480403,-0.524669,0.408165,0.177430,0.300506,0.631316,0.184137,0.939391
M,Right,legacy_asl_M_49,0.000000,0.000000,0.277598,0.178578,0.417823,0.317707,0.407210,0.532644,0.314254,0.739822,0.382976,-0.385915,0.352181,0.279997,0.357600,0.747205,0.331527,1.066970,0.131028,-0.473568,0.200039,0.279337,0.251059,0.788796,0.278155,1.106019,-0.117679,-0.371107,0.066601,0.334974,0.165214,0.769754,0.224670,1.042257,-0.350059,-0.178274,-0.164547,0.332216,-0.059156,0.622064,-0.003088,0.800367
M,Right,legacy_asl_M_50,0.000000,0.000000,0.289968,0.050316,0.461482,0.109431,0.501273,0.201104,0.418250,0.344914,0.321940,-0.456617,0.329742,-0.066589,0.356555,0.245202,0.353715,0.480399,0.044580,-0.491678,0.075277,-0.033132,0.141097,0.312297,0.170655,0.561927,-0.191418,-0.362745,-0.116143,0.029742,-0.047062,0.362808,0.008432,0.598598,-0.361327,-0.163362,-0.259280,0.119288,-0.155616,0.338836,-0.062274,0.491164
M,Right,legacy_asl_M_51,0.000000,0.000000,0.094592,-0.221522,0.089279,-0.445707,-0.042313,-0.564769,-0.191107,-0.570175,0.148706,-0.922101,0.003580,-0.610686,-0.055330,-0.382513,-0.109622,-0.241622,-0.025352,-0.994767,-0.171248,-0.633184,-0.223049,-0.353643,-0.262251,-0.183248,-0.205703,-0.979006,-0.334518,-0.646011,-0.339550,-0.395269,-0.352799,-0.235858,-0.380318,-0.890547,-0.473857,-0.675977,-0.447949,-0.503079,-0.450244,-0.393864
M,Right,legacy_asl_M_52,0.000000,0.000000,0.492353,0.071536,0.952949,0.174084,1.074604,0.257903,0.928398,0.359826,0.530536,-0.728288,0.497139,0.110821,0.398111,0.677654,0.320335,1.085412,-0.013471,-0.733611,0.032369,0.267663,-0.039828,0.947939,-0.102578,1.492861,-0.455774,-0.598707,-0.358764,0.372678,-0.368957,1.031332,-0.357264,1.564144,-0.804535,-0.369795,-0.748696,0.337969,-0.680868,0.907609,-0.621683,1.372852
M,Right,legacy_asl_M_53,0.000000,0.000000,0.058957,0.166721,0.184628,0.328416,0.313130,0.483761,0.346110,0.702047,-0.251270,-0.573725,-0.326665,0.323648,-0.353899,0.962396,-0.366455,1.381172,-0.308619,-0.630612,-0.355916,0.325128,-0.365199,0.985094,-0.359488,1.477125,-0.312666,-0.577352,-0.309803,0.348718,-0.313066,0.921702,-0.324439,1.357910,-0.296927,-0.417181,-0.306425,0.270224,-0.296708,0.762906,-0.304499,1.146147
M,Right,legacy_asl_M_54,-0.020799,0.000143,0.250132,-0.057358,0.447723,-0.146176,0.488438,-0.205249,0.515174,-0.141867,0.221576,-0.952315,0.223581,-0.457671,0.230506,-0.128143,0.218415,0.060272,-0.109009,-0.916849,-0.053902,-0.507361,-0.037810,-0.159462,-0.007693,0.067437,-0.380511,-0.787009,-0.346784,-0.466304,-0.275985,-0.122520,-0.222114,0.086229,-0.559622,-0.584618,-0.529136,-0.368742,-0.437831,-0.129742,-0.363971,-0.008140
M,Right,legacy_asl_M_55,0.000000,0.000000,0.235198,-0.049664,0.428249,-0.123868,0.475432,-0.163108,0.482469,-0.133265,0.205363,-0.863602,0.218361,-0.436135,0.209228,-0.131267,0.208532,0.045384,-0.095550,-0.858477,-0.065977,-0.496726,-0.037060,-0.147010,-0.004532,0.077921,-0.346464,-0.742554,-0.314417,-0.431563,-0.249379,-0.122484,-0.189315,0.070380,-0.530310,-0.572540,-0.518074,-0.338147,-0.419428,-0.121709,-0.341818,-0.010529
M,Right,legacy_asl_M_56,0.000000,0.000000,0.246790,-0.068673,0.447101,-0.160603,0.494636,-0.205516,0.504133,-0.174251,0.160195,-0.932300,0.202832,-0.478556,0.213670,-0.153709,0.224837,0.034210,-0.159487,-0.906566,-0.103651,-0.523831,-0.049323,-0.153850,0.000432,0.083176,-0.418524,-0.766366,-0.363478,-0.437782,-0.273475,-0.113454,-0.196596,0.087612,-0.602587,-0.573161,-0.573775,-0.324704,-0.454274,-0.101167,-0.364239,0.011843
M,Right,legacy_asl_M_57,-0.022035,0.012250,0.262660,-0.031643,0.439357,-0.148888,0.509815,-0.156827,0.502132,-0.106791,0.213985,-0.903851,0.239395,-0.450118,0.240598,-0.146943,0.214090,0.057999,-0.077125,-0.915799,-0.073564,-0.533132,-0.040409,-0.180870,-0.015081,0.081709,-0.369186,-0.771960,-0.327286,-0.424805,-0.269720,-0.122589,-0.193904,0.070382,-0.566797,-0.652365,-0.551735,-0.374286,-0.455998,-0.141474,-0.335132,-0.023559
M,Right,legacy_asl_M_58,0.000000,0.000000,0.254764,-0.053795,0.463873,-0.134172,0.514981,-0.176677,0.522604,-0.144351,0.222447,-0.935442,0.236525,-0.472415,0.226633,-0.142187,0.225879,0.049159,-0.103499,-0.929890,-0.071466,-0.538047,-0.040143,-0.159239,-0.004909,0.084403,-0.375285,-0.804324,-0.340572,-0.467463,-0.270124,-0.132673,-0.205063,0.076235,-0.574424,-0.620168,-0.561171,-0.366276,-0.454318,-0.131833,-0.370252,-0.011405
M,Right,legacy_asl_M_59,0.000000,0.000000,0.251599,-0.048160,0.458787,-0.123319,0.509851,-0.164174,0.516747,-0.132235,0.236265,-0.915983,0.241472,-0.460270,0.225578,-0.135631,0.221265,0.052571,-0.084450,-0.916606,-0.060255,-0.530576,-0.036514,-0.157383,-0.006404,0.082930,-0.354133,-0.798167,-0.326274,-0.466170,-0.263227,-0.135543,-0.203130,0.071160,-0.553450,-0.620740,-0.545152,-0.370756,-0.444424,-0.138155,-0.363981,-0.018128
M,Right,legacy_asl_M_60,0.007150,-0.011064,0.274752,-0.036201,0.454738,-0.142738,0.505129,-0.160982,0.501029,-0.118780,0.252480,-0.920686,0.234878,-0.466875,0.215673,-0.118883,0.237696,0.050708,-0.094989,-0.888061,-0.074770,-0.522835,-0.036806,-0.158450,-0.008247,0.074091,-0.381020,-0.781939,-0.353365,-0.448287,-0.278776,-0.122120,-0.183179,0.074044,-0.579402,-0.628265,-0.534677,-0.346631,-0.455473,-0.096426,-0.359498,-0.024826
M,Right,legacy_asl_M_61,0.000000,0.000000,0.247970,-0.052361,0.451503,-0.130594,0.501248,-0.171965,0.508668,-0.140501,0.216515,-0.910496,0.230218,-0.459817,0.220589,-0.138395,0.219855,0.047848,-0.100739,-0.905092,-0.069560,-0.523699,-0.039072,-0.154993,-0.004778,0.082152,-0.365277,-0.782875,-0.331490,-0.454997,-0.262920,-0.129135,-0.199595,0.074202,-0.559105,-0.603629,-0.546206,-0.356508,-0.442203,-0.128318,-0.360378,-0.011100
M,Right,legacy_asl_M_62,0.000000,0.000000,0.254004,-0.033217,0.465269,-0.096008,0.518658,-0.133775,0.523654,-0.101485,0.289952,-0.900430,0.268234,-0.445205,0.233195,-0.122071,0.217774,0.065547,-0.030167,-0.919993,-0.028813,-0.533209,-0.027155,-0.159264,-0.011291,0.082407,-0.306374,-0.817689,-0.298172,-0.484627,-0.254762,-0.150853,-0.206979,0.059039,-0.515822,-0.652344,-0.522303,-0.402306,-0.435488,-0.164162,-0.362275,-0.039594
M,Right,legacy_asl_M_63,0.020149,0.003540,0.237997,-0.044717,0.448982,-0.136277,0.501699,-0.147089,0.514748,-0.137618,0.225224,-0.908722,0.245240,-0.444594,0.233215,-0.146413,0.233759,0.038040,-0.072606,-0.894151,-0.094656,-0.551119,-0.066786,-0.175060,0.003378,0.090165,-0.348964,-0.787629,-0.315250,-0.455954,-0.266245,-0.124647,-0.196559,0.084795,-0.567197,-0.614230,-0.568864,-0.361547,-0.449925,-0.138531,-0.353786,-0.003793
M,Right,legacy_asl_M_64,0.000000,0.000000,0.257251,-0.054321,0.468402,-0.135482,0.520009,-0.178401,0.527707,-0.145760,0.224619,-0.944575,0.238834,-0.477027,0.228846,-0.143575,0.228084,0.049639,-0.104509,-0.938969,-0.072163,-0.543300,-0.040534,-0.160794,-0.004957,0.085227,-0.378949,-0.812177,-0.343897,-0.472027,-0.272761,-0.133968,-0.207065,0.076979,-0.580032,-0.626222,-0.566650,-0.369852,-0.458754,-0.133120,-0.373867,-0.011516
M,Right,legacy_asl_M_65,0.000000,0.000000,0.254074,-0.032677,0.465472,-0.095019,0.518941,-0.132673,0.523869,-0.100372,0.291864,-0.899812,0.269179,-0.444634,0.233454,-0.121575,0.217635,0.066010,-0.028213,-0.920055,-0.027680,-0.533269,-0.026816,-0.159322,-0.011466,0.082383,-0.304636,-0.818338,-0.297142,-0.485259,-0.254441,-0.151394,-0.207103,0.058599,-0.514435,-0.653438,-0.521448,-0.403414,-0.435139,-0.165087,-0.362190,-0.040363
M,Right,legacy_asl_M_66,-0.010423,0.007108,0.249605,-0.055587,0.431463,-0.139893,0.485856,-0.148894,0.484731,-0.150540,0.213936,-0.918426,0.231878,-0.472306,0.234273,-0.147425,0.253702,0.038231,-0.092399,-0.899682,-0.097783,-0.523981,-0.032602,-0.157180,0.024527,0.104326,-0.368667,-0.772175,-0.335021,-0.463829,-0.263628,-0.110535,-0.169474,0.093748,-0.576302,-0.593474,-0.528308,-0.356180,-0.454677,-0.141319,-0.345172,-0.021619
M,Right,legacy_asl_M_67,0.000000,0.000000,0.248295,-0.052430,0.452096,-0.130766,0.501906,-0.172191,0.509336,-0.140686,0.216799,-0.911692,0.230520,-0.460421,0.220879,-0.138577,0.220144,0.047911,-0.100871,-0.906282,-0.069651,-0.524387,-0.039123,-0.155196,-0.004785,0.082260,-0.365757,-0.783904,-0.331925,-0.455595,-0.263266,-0.129304,-0.199857,0.074299,-0.559840,-0.604422,-0.546924,-0.356977,-0.442784,-0.128486,-0.360852,-0.011115
M,Right,legacy_asl_M_68,0.000000,0.000000,0.248678,-0.061484,0.451572,-0.147565,0.500390,-0.191080,0.508975,-0.159554,0.187173,-0.927261,0.216630,-0.472471,0.218039,-0.147446,0.223750,0.040718,-0.133121,-0.910811,-0.088411,-0.526617,-0.044839,-0.155216,-0.001981,0.083153,-0.396116,-0.778185,-0.350626,-0.448142,-0.270069,-0.121340,-0.199055,0.081872,-0.585707,-0.590400,-0.564114,-0.341212,-0.451148,-0.114303,-0.364430,0.001272
M,Right,legacy_asl_M_69,0.001330,-0.005645,0.288208,-0.223554,0.368992,-0.440239,0.354510,-0.646412,0.326871,-0.703971,0.175231,-0.976167,0.262409,-0.712071,0.336589,-0.375219,0.351289,-0.222516,-0.072396,-0.956199,0.065376,-0.682855,0.120327,-0.331538,0.180064,-0.065848,-0.325290,-0.871743,-0.155277,-0.568317,-0.086860,-0.271183,0.030538,-0.062040,-0.480549,-0.729872,-0.424539,-0.503818,-0.286750,-0.285363,-0.255584,-0.134950
M,Right,legacy_asl_M_70,0.000000,0.000000,0.271010,-0.212650,0.391864,-0.452851,0.365808,-0.640468,0.317998,-0.714019,0.169494,-1.001330,0.299347,-0.706453,0.331212,-0.385845,0.329735,-0.197372,-0.083522,-0.984618,0.060106,-0.664299,0.130013,-0.314446,0.178474,-0.061233,-0.306550,-0.878767,-0.178947,-0.579433,-0.066184,-0.271363,0.020996,-0.044095,-0.497276,-0.720622,-0.423494,-0.503106,-0.314238,-0.292819,-0.234425,-0.153077
M,Right,legacy_asl_M_71,0.000000,0.000000,0.251078,-0.230562,0.351905,-0.476800,0.311823,-0.659902,0.259019,-0.728802,0.090493,-1.000878,0.241198,-0.719908,0.297202,-0.406046,0.310186,-0.219989,-0.157847,-0.965003,0.008398,-0.659988,0.104173,-0.320188,0.171386,-0.074087,-0.369771,-0.843483,-0.220944,-0.557945,-0.086089,-0.262650,0.017336,-0.045112,-0.545819,-0.672846,-0.456361,-0.463903,-0.332457,-0.264810,-0.243008,-0.133060
M,Right,legacy_asl_M_72,-0.020450,-0.002715,0.275731,-0.201522,0.385881,-0.445811,0.371100,-0.616701,0.280471,-0.719204,0.170657,-0.983794,0.294805,-0.685592,0.327943,-0.369182,0.342229,-0.193803,-0.080732,-0.980534,0.059481,-0.659560,0.129831,-0.322346,0.193466,-0.058566,-0.309603,-0.854117,-0.165384,-0.586947,-0.073567,-0.268956,0.015645,-0.044842,-0.495122,-0.733682,-0.431597,-0.517184,-0.317460,-0.278905,-0.249979,-0.166502
M,Right,legacy_asl_M_73,0.000000,0.000000,0.250868,-0.196846,0.362741,-0.419196,0.338622,-0.592869,0.294365,-0.660953,0.156897,-0.926912,0.277100,-0.653950,0.306597,-0.357170,0.305230,-0.182704,-0.077314,-0.911442,0.055639,-0.614929,0.120350,-0.291077,0.165210,-0.056682,-0.283768,-0.813458,-0.165648,-0.536370,-0.061265,-0.251196,0.019436,-0.040818,-0.460319,-0.667066,-0.392021,-0.465716,-0.290884,-0.271057,-0.217003,-0.141700
M,Right,legacy_asl_M_74,0.000000,0.000000,0.247219,-0.234695,0.343948,-0.482571,0.300834,-0.664984,0.246894,-0.732998,0.073878,-1.002241,0.229223,-0.723810,0.290425,-0.410920,0.306494,-0.225104,-0.173832,-0.962252,-0.002551,-0.660037,0.098848,-0.321872,0.170134,-0.076919,-0.383711,-0.837233,-0.230169,-0.554203,-0.090434,-0.261186,0.016585,-0.045394,-0.556905,-0.663700,-0.463993,-0.456270,-0.336804,-0.259259,-0.245182,-0.129010
M,Right,legacy_asl_M_75,0.021975,-0.003547,0.278907,-0.193166,0.389424,-0.433562,0.381304,-0.637004,0.321199,-0.698459,0.165489,-1.002737,0.292189,-0.699526,0.350490,-0.379976,0.336562,-0.198254,-0.102490,-0.989928,0.030171,-0.654014,0.146949,-0.285479,0.169557,-0.083388,-0.309485,-0.884459,-0.177235,-0.570009,-0.093013,-0.301466,0.029672,-0.052127,-0.505806,-0.714674,-0.392647,-0.503333,-0.316091,-0.300650,-0.273280,-0.148786
M,Right,legacy_asl_M_76,0.000000,0.000000,0.274625,-0.215487,0.397092,-0.458892,0.370688,-0.649012,0.322240,-0.723543,0.171755,-1.014687,0.303340,-0.715876,0.335630,-0.390992,0.334134,-0.200005,-0.084636,-0.997753,0.060908,-0.673160,0.131747,-0.318641,0.180854,-0.062050,-0.310639,-0.890489,-0.181334,-0.587163,-0.067067,-0.274983,0.021276,-0.044684,-0.503909,-0.730234,-0.429143,-0.509817,-0.318430,-0.296725,-0.237552,-0.155119
M,Right,legacy_asl_M_77,0.000000,0.000000,0.253255,-0.228169,0.356414,-0.473439,0.318071,-0.656913,0.265923,-0.726311,0.099986,-0.999974,0.248018,-0.717587,0.301041,-0.403207,0.312260,-0.217036,-0.148682,-0.966458,0.014660,-0.659879,0.107207,-0.319185,0.172082,-0.072457,-0.361750,-0.846954,-0.215640,-0.560016,-0.083593,-0.263455,0.017763,-0.044946,-0.539409,-0.677995,-0.451938,-0.468213,-0.329930,-0.267953,-0.241735,-0.135360
M,Right,legacy_asl_M_78,0.023666,0.006998,0.250828,-0.199187,0.386592,-0.435801,0.366843,-0.624771,0.319644,-0.722171,0.166722,-0.991470,0.290201,-0.686933,0.343540,-0.401215,0.337374,-0.203630,-0.085379,-0.965318,0.059806,-0.652874,0.126054,-0.322272,0.192055,-0.065177,-0.297771,-0.849205,-0.173596,-0.566433,-0.069269,-0.244059,-0.000061,-0.025476,-0.508558,-0.714155,-0.427399,-0.472319,-0.303450,-0.293604,-0.235725,-0.164149
M,Right,legacy_asl_M_79,0.000000,0.000000,0.275470,-0.216150,0.398314,-0.460304,0.371829,-0.651009,0.323232,-0.725770,0.172284,-1.017810,0.304274,-0.718079,0.336663,-0.392196,0.335162,-0.200620,-0.084896,-1.000823,0.061096,-0.675232,0.132152,-0.319621,0.181411,-0.062241,-0.311595,-0.893230,-0.181893,-0.588970,-0.067273,-0.275829,0.021342,-0.044821,-0.505460,-0.732482,-0.430464,-0.511386,-0.319410,-0.297638,-0.238283,-0.155596
M,Right,legacy_asl_M_80,0.000000,0.000000,0.273050,-0.204065,0.398196,-0.438880,0.376784,-0.625091,0.331197,-0.698964,0.190969,-0.986649,0.312570,-0.691913,0.336636,-0.374003,0.330790,-0.187585,-0.059722,-0.976002,0.074915,-0.655777,0.135933,-0.308050,0.177984,-0.056425,-0.282821,-0.876474,-0.163550,-0.577382,-0.059162,-0.269993,0.021797,-0.043134,-0.475180,-0.724461,-0.407250,-0.507562,-0.304057,-0.296988,-0.228350,-0.156888
M,Right,legacy_asl_M_81,0.006222,-0.020137,0.276412,-0.203714,0.382935,-0.413091,0.367022,-0.647544,0.339727,-0.700064,0.155498,-0.999972,0.301071,-0.723890,0.315994,-0.374613,0.327610,-0.200169,-0.062432,-0.946153,0.033909,-0.648697,0.133878,-0.295269,0.189461,-0.084110,-0.292935,-0.869476,-0.162608,-0.582380,-0.069524,-0.273743,0.020930,-0.035095,-0.496643,-0.714424,-0.421982,-0.491790,-0.276479,-0.286486,-0.232279,-0.166028
M,Right,legacy_asl_M_82,0.000000,0.000000,0.270167,-0.211989,0.390646,-0.451443,0.364671,-0.638477,0.317009,-0.711799,0.168967,-0.998217,0.298416,-0.704256,0.330182,-0.384646,0.328710,-0.196758,-0.083262,-0.981557,0.059920,-0.662233,0.129608,-0.313468,0.177919,-0.061043,-0.305597,-0.876035,-0.178391,-0.577632,-0.065978,-0.270520,0.020931,-0.043958,-0.495730,-0.718381,-0.422178,-0.501542,-0.313261,-0.291909,-0.233696,-0.152601
M,Right,legacy_asl_M_83,0.000000,0.000000,0.267398,-0.211418,0.386110,-0.449549,0.359641,-0.635109,0.312061,-0.707715,0.164059,-0.991479,0.293633,-0.700160,0.326337,-0.383022,0.325565,-0.196514,-0.086249,-0.974016,0.057048,-0.657572,0.127503,-0.311633,0.176383,-0.061245,-0.306558,-0.868456,-0.179195,-0.572720,-0.066484,-0.268284,0.020615,-0.043711,-0.494711,-0.711267,-0.420906,-0.496296,-0.312023,-0.288608,-0.232533,-0.150619
M,Right,legacy_asl_M_84,0.000210,-0.039330,0.239735,-0.192323,0.308233,-0.368602,0.228974,-0.480884,0.040101,-0.538228,0.193201,-0.963611,0.254874,-1.010860,0.232312,-0.823409,0.216344,-0.636918,-0.100093,-0.981137,-0.033165,-0.790934,0.004082,-0.479693,0.027956,-0.200410,-0.335770,-0.858271,-0.285879,-0.642723,-0.224945,-0.421142,-0.141393,-0.199085,-0.535003,-0.651612,-0.528738,-0.522268,-0.451362,-0.339700,-0.392102,-0.209548
M,Right,legacy_asl_M_85,0.000000,0.000000,0.232681,-0.173677,0.328864,-0.372786,0.227105,-0.518510,0.054573,-0.574912,0.188098,-1.011846,0.254644,-1.069398,0.236136,-0.878432,0.221495,-0.654856,-0.108829,-1.030499,-0.066949,-0.863325,-0.015483,-0.509091,0.040882,-0.227502,-0.367676,-0.908437,-0.320117,-0.678645,-0.226120,-0.407806,-0.154068,-0.207092,-0.571129,-0.713148,-0.563981,-0.528346,-0.468502,-0.341587,-0.398597,-0.224473
M,Right,legacy_asl_M_86,0.000000,0.000000,0.233819,-0.145710,0.340599,-0.326322,0.255974,-0.472202,0.097326,-0.539253,0.258329,-0.941766,0.325828,-0.990890,0.293139,-0.811798,0.261513,-0.601566,-0.020939,-0.983019,0.005363,-0.821621,0.025851,-0.482590,0.056749,-0.211857,-0.275394,-0.888194,-0.248702,-0.667137,-0.181367,-0.403576,-0.129204,-0.208065,-0.483296,-0.719725,-0.491236,-0.544421,-0.415812,-0.360242,-0.359030,-0.243948
M,Right,legacy_asl_M_87,0.010895,0.005924,0.217662,-0.133215,0.310661,-0.353772,0.217084,-0.478998,0.059335,-0.560269,0.191824,-0.963672,0.224149,-1.010498,0.250121,-0.805436,0.214115,-0.637285,-0.107247,-0.985229,-0.073153,-0.823926,-0.017356,-0.481432,0.049447,-0.246943,-0.359694,-0.846472,-0.329174,-0.635677,-0.203930,-0.374719,-0.130549,-0.184195,-0.574479,-0.684391,-0.507971,-0.494366,-0.458837,-0.316851,-0.386850,-0.225597
M,Right,legacy_asl_M_88,0.000000,0.000000,0.231910,-0.173102,0.327774,-0.371551,0.226352,-0.516792,0.054392,-0.573007,0.187474,-1.008492,0.253800,-1.065854,0.235354,-0.875521,0.220760,-0.652686,-0.108469,-1.027084,-0.066727,-0.860464,-0.015432,-0.507404,0.040746,-0.226748,-0.366458,-0.905427,-0.319056,-0.676396,-0.225371,-0.406455,-0.153557,-0.206406,-0.569236,-0.710785,-0.562112,-0.526595,-0.466949,-0.340455,-0.397276,-0.223729
M,Right,legacy_asl_M_89,0.000000,0.000000,0.230008,-0.151654,0.332124,-0.334944,0.243788,-0.478607,0.083474,-0.541571,0.234108,-0.948077,0.300326,-0.998914,0.272238,-0.819044,0.246010,-0.608071,-0.046125,-0.982159,-0.015695,-0.821488,0.013475,-0.483094,0.051301,-0.213242,-0.298066,-0.880845,-0.265718,-0.660544,-0.191650,-0.398795,-0.134494,-0.204685,-0.501583,-0.707103,-0.505027,-0.531653,-0.424908,-0.349467,-0.365164,-0.234667
M,Right,legacy_asl_M_90,0.012075,0.013202,0.217216,-0.187490,0.293830,-0.361222,0.207577,-0.488724,0.032947,-0.549078,0.192986,-0.949516,0.225347,-1.002138,0.223724,-0.822005,0.178564,-0.623904,-0.093707,-0.968367,-0.074145,-0.804502,-0.014948,-0.487842,0.051191,-0.203960,-0.378118,-0.888298,-0.319131,-0.645436,-0.197094,-0.387509,-0.125126,-0.160964,-0.556274,-0.646174,-0.519310,-0.480119,-0.449264,-0.311488,-0.361114,-0.196384
M,Right,legacy_asl_M_91,0.000000,0.000000,0.228941,-0.170886,0.323578,-0.366794,0.223454,-0.510176,0.053696,-0.565671,0.185074,-0.995581,0.250551,-1.052208,0.232340,-0.864312,0.217934,-0.644330,-0.107080,-1.013935,-0.065873,-0.849448,-0.015234,-0.500908,0.040225,-0.223845,-0.361766,-0.893835,-0.314972,-0.667736,-0.222485,-0.401251,-0.151591,-0.203764,-0.561949,-0.701685,-0.554915,-0.519853,-0.460971,-0.336096,-0.392190,-0.220865
M,Right,legacy_asl_M_92,0.000000,0.000000,0.204598,-0.184506,0.278001,-0.381064,0.169073,-0.509815,0.001116,-0.547965,0.088932,-0.972495,0.146755,-1.032710,0.146025,-0.850661,0.151809,-0.638142,-0.193241,-0.964066,-0.139005,-0.809794,-0.059298,-0.479631,0.018663,-0.218531,-0.427090,-0.826030,-0.361993,-0.613095,-0.249420,-0.365454,-0.163734,-0.182142,-0.602176,-0.623669,-0.579207,-0.449695,-0.472612,-0.281623,-0.396290,-0.177108
M,Right,legacy_asl_M_93,0.016190,0.002079,0.208786,-0.154318,0.315720,-0.331267,0.214584,-0.486358,0.045785,-0.550118,0.162479,-0.948974,0.241531,-1.007800,0.234134,-0.828786,0.224010,-0.602435,-0.098378,-0.959249,-0.084512,-0.822743,-0.021828,-0.480611,0.045936,-0.207781,-0.365397,-0.885381,-0.301270,-0.649623,-0.162000,-0.369239,-0.121118,-0.191885,-0.556476,-0.683566,-0.548510,-0.491722,-0.435558,-0.331133,-0.372908,-0.211814
M,Right,legacy_asl_M_94,0.000000,0.000000,0.232196,-0.173315,0.328179,-0.372009,0.226631,-0.517429,0.054459,-0.573713,0.187705,-1.009737,0.254113,-1.067169,0.235644,-0.876601,0.221033,-0.653491,-0.108603,-1.028351,-0.066810,-0.861525,-0.015451,-0.508030,0.040796,-0.227028,-0.366910,-0.906544,-0.319450,-0.677230,-0.225649,-0.406956,-0.153747,-0.206661,-0.569939,-0.711662,-0.562805,-0.527245,-0.467525,-0.340875,-0.397766,-0.224005
M,Right,legacy_asl_M_95,0.000000,0.000000,0.220769,-0.164815,0.312019,-0.353749,0.215451,-0.492014,0.051738,-0.545518,0.178400,-0.960120,0.241539,-1.014734,0.223993,-0.833531,0.210117,-0.621387,-0.103345,-0.977796,-0.063593,-0.819174,-0.014731,-0.483058,0.038773,-0.215872,-0.348946,-0.861955,-0.303801,-0.643917,-0.214589,-0.386935,-0.146206,-0.196491,-0.541980,-0.676637,-0.535183,-0.501285,-0.444572,-0.324083,-0.378232,-0.212964
M,Right,legacy_asl_M_96,-0.011369,-0.020799,0.212772,-0.174983,0.338022,-0.356018,0.199654,-0.479259,0.076573,-0.545594,0.195439,-0.968190,0.279795,-0.997953,0.233475,-0.849027,0.215157,-0.625629,-0.117599,-0.948002,-0.069817,-0.821606,0.002275,-0.495940,0.048853,-0.203322,-0.342922,-0.835648,-0.309786,-0.619130,-0.195398,-0.372946,-0.163135,-0.207521,-0.557784,-0.638937,-0.545327,-0.510050,-0.445589,-0.336929,-0.359751,-0.221872
M,Right,legacy_asl_M_97,0.000000,0.000000,0.234673,-0.175165,0.331680,-0.375978,0.229050,-0.522950,0.055040,-0.579835,0.189708,-1.020510,0.256825,-1.078555,0.238158,-0.885954,0.223391,-0.660464,-0.109761,-1.039323,-0.067523,-0.870718,-0.015616,-0.513451,0.041232,-0.229450,-0.370825,-0.916216,-0.322858,-0.684456,-0.228056,-0.411298,-0.155387,-0.208866,-0.576020,-0.719255,-0.568810,-0.532870,-0.472514,-0.344512,-0.402010,-0.226396
M,Right,legacy_asl_M_98,0.000000,0.000000,0.215782,-0.171292,0.301386,-0.362850,0.200759,-0.498189,0.035530,-0.546813,0.149837,-0.964990,0.211328,-1.021453,0.199165,-0.839810,0.191589,-0.627347,-0.132309,-0.974299,-0.087869,-0.816926,-0.029056,-0.482408,0.032352,-0.216927,-0.374365,-0.851224,-0.322771,-0.634621,-0.225974,-0.380398,-0.151971,-0.192066,-0.561816,-0.660259,-0.549819,-0.485186,-0.453991,-0.310751,-0.384384,-0.201649
M,Right,legacy_asl_M_99,0.004398,-0.003302,-0.304706,0.317092,-0.552031,0.744485,-0.575518,1.191620,-0.456690,1.406336,-0.404411,0.124318,-0.342936,0.863496,-0.301790,1.367397,-0.319747,1.748549,-0.082089,-0.069941,-0.117446,0.765364,-0.126975,1.355491,-0.170410,1.813609,0.177021,-0.061721,0.127667,0.742984,0.046370,1.310033,-0.066733,1.736462,0.379916,0.030653,0.372581,0.793278,0.289233,1.237253,0.233653,1.562810
M,Right,legacy_asl_M_100,0.000000,0.000000,-0.307226,0.340963,-0.528431,0.759739,-0.561536,1.182948,-0.456126,1.426501,-0.401280,0.119458,-0.343869,0.895149,-0.315581,1.400085,-0.320561,1.794863,-0.088433,-0.061901,-0.094202,0.785816,-0.127189,1.387850,-0.167173,1.850663,0.175895,-0.069204,0.133386,0.765446,0.033196,1.329947,-0.058911,1.745445,0.393454,0.046036,0.372830,0.784402,0.307329,1.253193,0.242431,1.614421
M,Right,legacy_asl_M_101,0.000000,0.000000,-0.272396,0.360614,-0.453789,0.790249,-0.450277,1.208236,-0.326157,1.438200,-0.383501,0.151314,-0.261216,0.907393,-0.190527,1.400335,-0.161841,1.788039,-0.092017,-0.053206,-0.025588,0.778905,-0.006753,1.372311,-0.006621,1.829736,0.166670,-0.082847,0.195945,0.739568,0.145662,1.301869,0.090638,1.717309,0.389897,0.011703,0.432454,0.737802,0.408062,1.203261,0.375115,1.563148
M,Right,legacy_asl_M_102,-0.041483,-0.010889,-0.303353,0.336100,-0.506328,0.755776,-0.527832,1.154984,-0.441050,1.417690,-0.401479,0.100700,-0.357986,0.866308,-0.309346,1.379493,-0.356274,1.742999,-0.091575,-0.039421,-0.106002,0.782867,-0.087126,1.356027,-0.163313,1.824280,0.178677,-0.079766,0.145278,0.753992,0.047682,1.301018,-0.039171,1.733248,0.384170,0.054122,0.354465,0.752113,0.312432,1.243440,0.225184,1.577310
M,Right,legacy_asl_M_103,0.000000,0.000000,-0.286105,0.317523,-0.492103,0.707509,-0.522933,1.101624,-0.424769,1.328434,-0.373693,0.111246,-0.320229,0.833611,-0.293885,1.303834,-0.298524,1.671472,-0.082353,-0.057646,-0.087726,0.731794,-0.118445,1.292440,-0.155680,1.723436,0.163803,-0.064446,0.124216,0.712824,0.030914,1.238517,-0.054861,1.625452,0.366405,0.042871,0.347199,0.730477,0.286201,1.167040,0.225765,1.503435
M,Right,legacy_asl_M_104,0.000000,0.000000,-0.324707,0.314337,-0.570131,0.710893,-0.631063,1.124430,-0.543858,1.370772,-0.402236,0.090418,-0.397907,0.856309,-0.404013,1.354257,-0.435408,1.741751,-0.082721,-0.066748,-0.145296,0.765661,-0.218117,1.354883,-0.288465,1.806866,0.177445,-0.056178,0.079653,0.760927,-0.056667,1.308766,-0.175046,1.710768,0.383438,0.071638,0.313611,0.795624,0.217793,1.251766,0.129788,1.602279
M,Right,legacy_asl_M_105,0.028068,-0.020028,-0.280519,0.348116,-0.543819,0.761002,-0.546004,1.169645,-0.425024,1.416091,-0.422888,0.112049,-0.340828,0.907017,-0.335908,1.400670,-0.281296,1.771551,-0.063161,-0.050877,-0.087421,0.772768,-0.149249,1.353034,-0.154840,1.825860,0.183006,-0.055096,0.138554,0.732386,0.037795,1.344451,-0.044189,1.725657,0.377211,0.038809,0.363881,0.746163,0.319970,1.232084,0.216961,1.578310
M,Right,legacy_asl_M_106,0.000000,0.000000,-0.307888,0.341697,-0.529570,0.761376,-0.562747,1.185497,-0.457109,1.429575,-0.402144,0.119716,-0.344610,0.897079,-0.316261,1.403103,-0.321252,1.798731,-0.088623,-0.062035,-0.094405,0.787510,-0.127463,1.390841,-0.167533,1.854651,0.176274,-0.069353,0.133673,0.767096,0.033268,1.332813,-0.059038,1.749207,0.394302,0.046136,0.373634,0.786093,0.307991,1.255894,0.242954,1.617901
M,Right,legacy_asl_M_107,0.000000,0.000000,-0.304737,0.333733,-0.525280,0.744646,-0.560636,1.161151,-0.458429,1.401657,-0.395905,0.115012,-0.344430,0.879184,-0.319866,1.376562,-0.327343,1.765254,-0.086673,-0.061528,-0.097879,0.773154,-0.134284,1.365742,-0.176670,1.821198,0.173649,-0.066996,0.126352,0.754579,0.024020,1.309772,-0.069383,1.718299,0.387121,0.047895,0.362002,0.774805,0.294450,1.235982,0.228193,1.591248
M,Right,legacy_asl_M_108,-0.008447,-0.002958,-0.304700,0.339674,-0.517342,0.721824,-0.577601,1.167549,-0.445445,1.407543,-0.415682,0.096997,-0.335813,0.901452,-0.332181,1.372914,-0.324974,1.788920,-0.118337,-0.059804,-0.088721,0.756003,-0.119381,1.373073,-0.172800,1.843865,0.182255,-0.047454,0.102912,0.774270,0.028489,1.292158,-0.031678,1.701013,0.415187,0.036240,0.342951,0.761443,0.313014,1.248957,0.254316,1.554022
M,Right,legacy_asl_M_109,0.000000,0.000000,-0.312487,0.346802,-0.537482,0.772751,-0.571154,1.203208,-0.463938,1.450932,-0.408152,0.121504,-0.349758,0.910481,-0.320985,1.424065,-0.326051,1.825604,-0.089947,-0.062961,-0.095815,0.799275,-0.129367,1.411619,-0.170036,1.882359,0.178908,-0.070389,0.135670,0.778556,0.033765,1.352725,-0.059920,1.775339,0.400192,0.046825,0.379215,0.797837,0.312592,1.274656,0.246583,1.642071
M,Right,legacy_asl_M_110,0.000000,0.000000,-0.298416,0.339397,-0.511203,0.754380,-0.538730,1.171475,-0.432024,1.410019,-0.393676,0.122427,-0.327857,0.885497,-0.293957,1.382327,-0.294133,1.771091,-0.087813,-0.059890,-0.083341,0.774856,-0.108610,1.368023,-0.142436,1.824195,0.172360,-0.070246,0.140501,0.752073,0.048614,1.309090,-0.037099,1.719299,0.387952,0.040616,0.376489,0.767870,0.317610,1.230234,0.258038,1.586682
M,Right,legacy_asl_M_111,0.012032,0.004463,-0.312062,0.328333,-0.504342,0.757843,-0.582273,1.150435,-0.429490,1.398981,-0.360028,0.097417,-0.341613,0.883522,-0.315327,1.362243,-0.331534,1.785820,-0.076034,-0.068726,-0.112020,0.786521,-0.117830,1.368965,-0.168130,1.814204,0.175974,-0.092922,0.119801,0.754487,0.051543,1.311502,-0.044790,1.731293,0.390620,0.037468,0.394374,0.759946,0.291539,1.239381,0.251563,1.569448
M,Right,legacy_asl_M_112,0.000000,0.000000,-0.293668,0.325916,-0.505112,0.726212,-0.536756,1.130744,-0.435997,1.363549,-0.383571,0.114187,-0.328694,0.855647,-0.301654,1.338300,-0.306415,1.715656,-0.084530,-0.059169,-0.090045,0.751138,-0.121576,1.326604,-0.159795,1.768993,0.168133,-0.066150,0.127499,0.731667,0.031731,1.271256,-0.056311,1.668419,0.376091,0.044005,0.356377,0.749787,0.293766,1.197890,0.231733,1.543177
M,Right,legacy_asl_M_113,0.000000,0.000000,-0.332825,0.305729,-0.588547,0.695723,-0.660285,1.107523,-0.579558,1.356064,-0.404465,0.079856,-0.420189,0.845599,-0.439329,1.343216,-0.480857,1.729755,-0.080945,-0.068891,-0.165291,0.761595,-0.253512,1.348708,-0.335669,1.798695,0.178854,-0.051513,0.059705,0.762752,-0.090911,1.306834,-0.219773,1.705599,0.381431,0.081652,0.292674,0.803561,0.184947,1.257038,0.087796,1.605128
M,Right,legacy_asl_M_114,-0.000688,0.016793,0.281570,-0.234954,0.499310,-0.487164,0.590183,-0.636048,0.523435,-0.698344,0.283148,-0.982203,0.315973,-0.902009,0.269153,-0.723095,0.287209,-0.583679,0.075790,-1.004675,0.086556,-0.789120,0.126444,-0.541611,0.139781,-0.399104,-0.141672,-0.914646,-0.103563,-0.717264,-0.059955,-0.548057,-0.015615,-0.345364,-0.299326,-0.781401,-0.308803,-0.685476,-0.213970,-0.543026,-0.195938,-0.417814
M,Right,legacy_asl_M_115,0.000000,0.000000,0.298230,-0.253347,0.484356,-0.472217,0.574963,-0.617714,0.511208,-0.696397,0.303603,-0.972914,0.312290,-0.891251,0.272162,-0.698187,0.269211,-0.554270,0.067719,-0.977440,0.111289,-0.770153,0.111844,-0.549517,0.127215,-0.376791,-0.142788,-0.893085,-0.087073,-0.703963,-0.052655,-0.510854,-0.018938,-0.345468,-0.303436,-0.771064,-0.274599,-0.659496,-0.239565,-0.512311,-0.198563,-0.386204
M,Right,legacy_asl_M_116,0.000000,0.000000,0.291264,-0.272729,0.470049,-0.504819,0.555163,-0.657472,0.486351,-0.734469,0.261281,-1.005872,0.274151,-0.923126,0.242795,-0.724513,0.246880,-0.577789,0.020810,-0.998859,0.075400,-0.789884,0.086837,-0.565193,0.111003,-0.390029,-0.189435,-0.902571,-0.123370,-0.712695,-0.078801,-0.517710,-0.036311,-0.350925,-0.347043,-0.770377,-0.312174,-0.658165,-0.269240,-0.509984,-0.221266,-0.383565
M,Right,legacy_asl_M_117,-0.004089,0.019079,0.326001,-0.254847,0.491950,-0.466856,0.601213,-0.646025,0.513936,-0.725508,0.306172,-1.002807,0.341689,-0.902241,0.286707,-0.728009,0.293098,-0.546479,0.074453,-1.012223,0.117155,-0.778362,0.128913,-0.560857,0.126209,-0.387045,-0.171542,-0.930556,-0.056751,-0.732714,-0.073718,-0.526049,-0.046962,-0.364158,-0.270456,-0.777787,-0.290571,-0.676178,-0.253684,-0.518602,-0.234368,-0.389652
M,Right,legacy_asl_M_118,0.000000,0.000000,0.316622,-0.268970,0.514226,-0.501338,0.610420,-0.655808,0.542733,-0.739342,0.322326,-1.032912,0.331548,-0.946213,0.288946,-0.741243,0.285813,-0.588451,0.071895,-1.037717,0.118152,-0.817647,0.118742,-0.583405,0.135060,-0.400027,-0.151593,-0.948160,-0.092442,-0.747375,-0.055902,-0.542358,-0.020106,-0.366772,-0.322149,-0.818614,-0.291533,-0.700166,-0.254339,-0.543904,-0.210808,-0.410021
M,Right,legacy_asl_M_119,0.000000,0.000000,0.279133,-0.285132,0.447660,-0.524774,0.526058,-0.680984,0.453964,-0.754916,0.217309,-1.016279,0.233764,-0.934171,0.211071,-0.734383,0.221531,-0.587975,-0.022630,-0.998819,0.040993,-0.792415,0.062186,-0.568434,0.093943,-0.394486,-0.228490,-0.893483,-0.154234,-0.706659,-0.101231,-0.513795,-0.051531,-0.349015,-0.380203,-0.754563,-0.340490,-0.643973,-0.291155,-0.497798,-0.237731,-0.373584
M,Right,legacy_asl_M_120,0.013007,-0.022282,0.317729,-0.254788,0.459752,-0.514394,0.602559,-0.635095,0.518713,-0.670559,0.314055,-0.984723,0.340505,-0.900530,0.275895,-0.724924,0.276733,-0.572528,0.091233,-1.002455,0.115277,-0.812568,0.125086,-0.564264,0.123746,-0.389053,-0.143708,-0.893831,-0.064307,-0.715279,-0.042456,-0.536674,0.000909,-0.359453,-0.312009,-0.794689,-0.303412,-0.685161,-0.238448,-0.535762,-0.211478,-0.419237
M,Right,legacy_asl_M_121,0.000000,0.000000,0.293693,-0.249493,0.476988,-0.465033,0.566216,-0.608317,0.503431,-0.685802,0.298984,-0.958113,0.307539,-0.877692,0.268021,-0.687565,0.265116,-0.545838,0.066689,-0.962570,0.109596,-0.758437,0.110143,-0.541157,0.125280,-0.371058,-0.140616,-0.879498,-0.085748,-0.693253,-0.051854,-0.503082,-0.018650,-0.340212,-0.298820,-0.759334,-0.270421,-0.649463,-0.235921,-0.504517,-0.195542,-0.380329
M,Right,legacy_asl_M_122,0.000000,0.000000,0.296674,-0.266834,0.480075,-0.495293,0.568233,-0.646210,0.500978,-0.724570,0.281395,-1.000432,0.292604,-0.917444,0.257271,-0.719500,0.258415,-0.572723,0.040832,-0.998241,0.091221,-0.788214,0.098151,-0.563339,0.118800,-0.387726,-0.171301,-0.906187,-0.109057,-0.715026,-0.068406,-0.519186,-0.029268,-0.351583,-0.331528,-0.777180,-0.298916,-0.664292,-0.258962,-0.515279,-0.213532,-0.387924
M,Right,legacy_asl_M_123,0.001145,-0.014769,0.312820,-0.235298,0.466278,-0.480829,0.597981,-0.633574,0.473911,-0.707296,0.286402,-0.966251,0.335657,-0.919641,0.226939,-0.718145,0.291857,-0.555626,0.055623,-0.996936,0.133505,-0.783741,0.120851,-0.560551,0.136708,-0.393875,-0.145126,-0.904762,-0.090461,-0.722762,-0.043391,-0.510889,-0.030428,-0.339232,-0.323392,-0.798915,-0.269708,-0.658653,-0.261035,-0.533063,-0.188024,-0.391561
M,Right,legacy_asl_M_124,0.000000,0.000000,0.308783,-0.262311,0.501495,-0.488926,0.595308,-0.639572,0.529297,-0.721038,0.314346,-1.007340,0.323340,-0.922788,0.281792,-0.722892,0.278737,-0.573883,0.070115,-1.012026,0.115227,-0.797405,0.115802,-0.568961,0.131716,-0.390123,-0.147840,-0.924686,-0.090154,-0.728872,-0.054518,-0.528930,-0.019608,-0.357692,-0.314173,-0.798348,-0.284315,-0.682832,-0.248042,-0.530438,-0.205589,-0.399870
M,Right,legacy_asl_M_125,0.000000,0.000000,0.299332,-0.263849,0.485013,-0.490459,0.574677,-0.640485,0.508211,-0.719515,0.291402,-0.997563,0.301780,-0.914467,0.264466,-0.716887,0.264139,-0.570106,0.050829,-0.997782,0.099112,-0.787260,0.103789,-0.562327,0.122678,-0.386516,-0.162215,-0.907858,-0.101889,-0.716082,-0.063201,-0.519845,-0.025745,-0.351858,-0.323726,-0.780462,-0.292247,-0.667253,-0.253787,-0.517847,-0.209635,-0.390043
M,Right,legacy_asl_M_126,0.008881,0.000097,0.298578,-0.260232,0.489292,-0.485820,0.599731,-0.640853,0.525294,-0.728579,0.308451,-1.009692,0.347417,-0.908677,0.270209,-0.719056,0.300146,-0.578552,0.058176,-1.001775,0.146499,-0.782424,0.110843,-0.581078,0.098126,-0.378739,-0.154703,-0.880706,-0.092993,-0.718226,-0.051796,-0.509611,-0.046850,-0.356179,-0.301211,-0.797295,-0.274100,-0.706457,-0.219807,-0.520218,-0.185913,-0.386487
M,Right,legacy_asl_M_127,0.000000,0.000000,0.283878,-0.241155,0.461047,-0.449491,0.547293,-0.587987,0.486606,-0.662882,0.288992,-0.926093,0.297261,-0.848360,0.259064,-0.664587,0.256255,-0.527596,0.064460,-0.930400,0.105934,-0.733089,0.106462,-0.523071,0.121093,-0.358658,-0.135916,-0.850105,-0.082882,-0.670085,-0.050121,-0.486269,-0.018027,-0.328842,-0.288833,-0.733957,-0.261384,-0.627757,-0.228036,-0.487656,-0.189007,-0.367618
M,Right,legacy_asl_M_128,0.000000,0.000000,0.298691,-0.264574,0.483822,-0.491634,0.573122,-0.641877,0.506465,-0.720746,0.288982,-0.998266,0.299561,-0.915197,0.262726,-0.717526,0.262755,-0.570745,0.048409,-0.997902,0.097202,-0.787498,0.102425,-0.562577,0.121740,-0.386812,-0.164417,-0.907462,-0.103625,-0.715833,-0.064462,-0.519690,-0.026598,-0.351795,-0.325618,-0.779674,-0.293864,-0.666542,-0.255042,-0.517230,-0.210581,-0.389534
M,Right,legacy_asl_M_129,0.000750,0.021816,0.424812,0.230350,0.777760,0.530390,0.837139,0.844343,0.693171,1.162588,0.596936,-0.454500,0.517741,0.473171,0.416273,1.088649,0.333493,1.480460,0.099243,-0.505044,0.027857,0.505226,0.009319,1.118569,-0.033477,1.515977,-0.302979,-0.380542,-0.333790,0.511876,-0.326635,1.083668,-0.307383,1.385420,-0.649334,-0.172254,-0.648186,0.474683,-0.579182,0.931120,-0.521897,1.188078
M,Right,legacy_asl_M_130,0.000000,0.000000,0.448702,0.240320,0.808125,0.553667,0.850442,0.897388,0.732623,1.204452,0.612124,-0.458900,0.547044,0.489374,0.440343,1.120470,0.357195,1.521944,0.119816,-0.514995,0.043125,0.515814,-0.000602,1.180824,-0.037102,1.567774,-0.324034,-0.395060,-0.355269,0.537782,-0.321162,1.113204,-0.308099,1.414650,-0.665875,-0.194637,-0.665981,0.494291,-0.594961,0.975558,-0.559893,1.254744
M,Right,legacy_asl_M_131,0.000000,0.000000,0.444825,0.208639,0.807338,0.492247,0.865750,0.821389,0.767927,1.123409,0.566498,-0.473717,0.552386,0.443660,0.481893,1.057444,0.422331,1.448687,0.089086,-0.502546,0.068014,0.494981,0.059961,1.138226,0.044617,1.513078,-0.332591,-0.364185,-0.314872,0.536582,-0.252493,1.089483,-0.224447,1.379376,-0.651815,-0.153470,-0.616596,0.510592,-0.523465,0.970843,-0.475349,1.238153
M,Right,legacy_asl_M_132,-0.000850,0.002717,0.400999,0.209425,0.785469,0.546128,0.824477,0.870844,0.699088,1.176900,0.597796,-0.438667,0.504791,0.452472,0.446976,1.060803,0.351513,1.470427,0.092981,-0.467727,0.043798,0.536203,-0.002443,1.136143,-0.069695,1.506251,-0.301229,-0.378817,-0.338988,0.529158,-0.335095,1.065322,-0.274041,1.365771,-0.661272,-0.199088,-0.640557,0.498731,-0.554826,0.949104,-0.536166,1.206452
M,Right,legacy_asl_M_133,0.000000,0.000000,0.451168,0.241641,0.812567,0.556710,0.855116,0.902320,0.736649,1.211072,0.615488,-0.461422,0.550050,0.492064,0.442763,1.126628,0.359158,1.530308,0.120474,-0.517825,0.043362,0.518649,-0.000605,1.187313,-0.037306,1.576390,-0.325815,-0.397231,-0.357222,0.540737,-0.322927,1.119322,-0.309792,1.422424,-0.669534,-0.195706,-0.669641,0.497008,-0.598230,0.980919,-0.562970,1.261640
M,Right,legacy_asl_M_134,0.000000,0.000000,0.442985,0.212516,0.803008,0.499279,0.858542,0.828920,0.758085,1.130073,0.570614,-0.468751,0.548489,0.448468,0.472638,1.061612,0.409662,1.452321,0.093472,-0.501749,0.063688,0.495557,0.050017,1.138706,0.031400,1.513410,-0.329398,-0.367076,-0.319546,0.533812,-0.261999,1.087236,-0.236486,1.377363,-0.650450,-0.159158,-0.621032,0.505187,-0.531925,0.966234,-0.486146,1.233954
M,Right,legacy_asl_M_135,0.001851,-0.000487,0.444283,0.236885,0.788675,0.523794,0.845202,0.877617,0.704223,1.156101,0.582934,-0.453815,0.579884,0.467001,0.444206,1.072984,0.340961,1.460831,0.117034,-0.496163,0.048388,0.501810,-0.013694,1.145272,-0.043299,1.525366,-0.312053,-0.371487,-0.373381,0.514555,-0.302161,1.069401,-0.291909,1.370221,-0.639080,-0.180298,-0.622122,0.467552,-0.553433,0.941574,-0.524555,1.218968
M,Right,legacy_asl_M_136,0.000000,0.000000,0.450905,0.241500,0.812093,0.556385,0.854617,0.901794,0.736219,1.210365,0.615129,-0.461153,0.549730,0.491777,0.442505,1.125971,0.358949,1.529416,0.120404,-0.517523,0.043337,0.518346,-0.000605,1.186621,-0.037284,1.575471,-0.325625,-0.397000,-0.357013,0.540422,-0.322738,1.118669,-0.309611,1.421595,-0.669144,-0.195592,-0.669251,0.496718,-0.597882,0.980348,-0.562642,1.260904
M,Right,legacy_asl_M_137,0.000000,0.000000,0.424266,0.247785,0.759814,0.562836,0.788398,0.895897,0.663819,1.187899,0.606792,-0.420869,0.510262,0.491525,0.384874,1.096485,0.290379,1.480790,0.133906,-0.492502,0.023238,0.499092,-0.042612,1.139007,-0.091594,1.510962,-0.298503,-0.392611,-0.361837,0.506101,-0.349419,1.062371,-0.347548,1.353612,-0.635378,-0.211449,-0.660003,0.453090,-0.608627,0.919851,-0.584738,1.190403
M,Right,legacy_asl_M_138,-0.002885,-0.018415,0.452525,0.236222,0.773517,0.541737,0.846192,0.866236,0.701338,1.149871,0.577563,-0.443036,0.492495,0.468527,0.454604,1.072184,0.375876,1.485054,0.114451,-0.499875,0.038830,0.480022,0.007919,1.135393,-0.021679,1.490496,-0.308333,-0.370488,-0.342202,0.543505,-0.312186,1.059946,-0.265887,1.376479,-0.665247,-0.205330,-0.644732,0.455498,-0.561838,0.962767,-0.566082,1.206299
M,Right,legacy_asl_M_139,0.000000,0.000000,0.451997,0.242085,0.814061,0.557734,0.856688,0.903979,0.738003,1.213298,0.616619,-0.462270,0.551062,0.492968,0.443577,1.128699,0.359819,1.533122,0.120696,-0.518777,0.043442,0.519602,-0.000607,1.189496,-0.037375,1.579288,-0.326414,-0.397962,-0.357878,0.541731,-0.323520,1.121380,-0.310362,1.425039,-0.670765,-0.196066,-0.670872,0.497921,-0.599330,0.982723,-0.564005,1.263959
M,Right,legacy_asl_M_140,0.000000,0.000000,0.436545,0.225450,0.787980,0.522674,0.833798,0.853805,0.724530,1.151875,0.584150,-0.451771,0.535066,0.464402,0.441219,1.075050,0.366782,1.463738,0.108185,-0.498784,0.049090,0.497215,0.016514,1.139684,-0.013112,1.513679,-0.318462,-0.376603,-0.335104,0.524185,-0.293854,1.079062,-0.276883,1.369814,-0.645489,-0.178214,-0.635618,0.486708,-0.560105,0.950176,-0.522217,1.219126
M,Right,legacy_asl_M_141,0.011919,-0.011130,0.425371,0.229693,0.775126,0.552384,0.804227,0.876240,0.723435,1.147764,0.580175,-0.444042,0.542581,0.480734,0.426926,1.064491,0.355261,1.447668,0.135787,-0.520089,0.024338,0.501075,-0.002844,1.124282,-0.013627,1.515295,-0.295624,-0.395212,-0.316260,0.560975,-0.330498,1.051324,-0.283460,1.373829,-0.633616,-0.174147,-0.642502,0.479053,-0.580270,0.925027,-0.556780,1.195375
M,Right,legacy_asl_M_142,0.000000,0.000000,0.412107,0.220720,0.742217,0.508511,0.781082,0.824199,0.672872,1.106220,0.562200,-0.421473,0.502428,0.449462,0.404429,1.029087,0.328063,1.397818,0.110044,-0.472993,0.039608,0.473745,-0.000553,1.084518,-0.034076,1.439910,-0.297607,-0.362840,-0.326294,0.493922,-0.294968,1.022414,-0.282971,1.299274,-0.611568,-0.178762,-0.611665,0.453978,-0.546437,0.895994,-0.514229,1.152410
M,Right,legacy_asl_M_143,0.000000,0.000000,0.410001,0.270737,0.727720,0.603760,0.737948,0.937889,0.597503,1.222599,0.629014,-0.386870,0.482466,0.518836,0.324006,1.115987,0.208524,1.494515,0.160782,-0.484395,-0.004237,0.499614,-0.105172,1.134942,-0.174530,1.503641,-0.276465,-0.408429,-0.389116,0.485442,-0.407300,1.041552,-0.421445,1.332456,-0.622792,-0.246063,-0.683916,0.416117,-0.658281,0.884996,-0.649303,1.156453
M,Right,legacy_asl_M_144,0.011992,-0.012679,0.370286,0.096841,0.586392,0.402874,0.568139,0.661360,0.437788,0.885583,0.482697,-0.257223,0.400128,0.436759,0.393089,0.944604,0.361676,1.271770,0.150844,-0.279151,0.145760,0.478259,0.199932,1.003788,0.182751,1.375709,-0.200089,-0.139731,-0.095618,0.568918,-0.034238,1.023390,-0.001118,1.372559,-0.464193,0.073227,-0.300454,0.575266,-0.202268,0.884889,-0.101021,1.057726
M,Right,legacy_asl_M_145,0.000000,0.000000,0.382519,0.128478,0.611345,0.387428,0.599171,0.684760,0.455535,0.914403,0.504836,-0.275932,0.433542,0.450381,0.411875,0.947728,0.369079,1.321297,0.136435,-0.296212,0.157623,0.505755,0.185873,1.035968,0.178185,1.417325,-0.197074,-0.154828,-0.096291,0.572417,-0.028641,1.053988,0.016551,1.395859,-0.474869,0.076345,-0.316471,0.616771,-0.187350,0.913416,-0.093265,1.117020
M,Right,legacy_asl_M_146,0.000000,0.000000,0.378650,0.098811,0.617296,0.334096,0.625333,0.622576,0.501669,0.854329,0.470041,-0.300608,0.449467,0.406853,0.461648,0.889481,0.445139,1.253761,0.112261,-0.295678,0.186205,0.478815,0.248872,0.989913,0.266848,1.359390,-0.200988,-0.136663,-0.055014,0.560231,0.042530,1.021644,0.109036,1.349393,-0.454349,0.105510,-0.265083,0.617817,-0.120390,0.896217,-0.015794,1.086934
M,Right,legacy_asl_M_147,-0.000284,0.027535,0.388151,0.110529,0.595081,0.392435,0.582274,0.642281,0.437536,0.897366,0.519567,-0.268592,0.414867,0.421250,0.392108,0.935934,0.368928,1.287157,0.138335,-0.303491,0.139536,0.480835,0.196794,0.990966,0.148483,1.372079,-0.189996,-0.144226,-0.108391,0.590167,-0.024066,1.020715,0.028269,1.369562,-0.480502,0.099497,-0.311501,0.596053,-0.190807,0.880453,-0.108785,1.085751
M,Right,legacy_asl_M_148,0.000000,0.000000,0.359488,0.120743,0.574537,0.364101,0.563096,0.643532,0.428109,0.859348,0.474441,-0.259319,0.407439,0.423265,0.387076,0.890667,0.346858,1.241744,0.128220,-0.278378,0.148132,0.475305,0.174682,0.973594,0.167457,1.331991,-0.185209,-0.145506,-0.090493,0.537953,-0.026917,0.990530,0.015555,1.311817,-0.446278,0.071749,-0.297417,0.579636,-0.176070,0.858421,-0.087650,1.049766
M,Right,legacy_asl_M_149,0.000000,0.000000,0.380950,0.089534,0.625272,0.318920,0.640351,0.607118,0.522385,0.841821,0.462559,-0.311998,0.459269,0.395754,0.483234,0.877940,0.475627,1.242515,0.105006,-0.298332,0.197843,0.474124,0.272974,0.983540,0.299969,1.352467,-0.204265,-0.131713,-0.041315,0.561408,0.067469,1.020301,0.141960,1.346328,-0.451636,0.116576,-0.249915,0.624107,-0.098466,0.898890,0.010757,1.086995
M,Right,legacy_asl_M_150,0.015318,0.020090,0.368472,0.139645,0.621193,0.360163,0.593206,0.684094,0.444975,0.911919,0.497626,-0.274935,0.414421,0.432595,0.391250,0.938829,0.369485,1.279158,0.159220,-0.297514,0.157994,0.500593,0.180045,1.016536,0.121494,1.412889,-0.194607,-0.162762,-0.054546,0.545567,-0.031752,1.032559,0.002947,1.332582,-0.481706,0.065457,-0.292856,0.609306,-0.189859,0.900925,-0.098764,1.082045
M,Right,legacy_asl_M_151,0.000000,0.000000,0.346638,0.116427,0.554000,0.351086,0.542968,0.620528,0.412806,0.828631,0.457482,-0.250049,0.392875,0.408135,0.373240,0.858830,0.334459,1.197358,0.123637,-0.268427,0.142837,0.458315,0.168438,0.938792,0.161471,1.284378,-0.178588,-0.140305,-0.087259,0.518723,-0.025954,0.955123,0.014999,1.264926,-0.430326,0.069184,-0.286786,0.558917,-0.169777,0.827736,-0.084517,1.012242
M,Right,legacy_asl_M_152,0.000000,0.000000,0.359248,0.155179,0.559387,0.423982,0.523511,0.710337,0.366081,0.920616,0.510247,-0.225724,0.382453,0.470403,0.321185,0.949281,0.249536,1.306827,0.155870,-0.275196,0.111315,0.501543,0.095622,1.016229,0.057269,1.384149,-0.177897,-0.165606,-0.139472,0.545375,-0.113145,1.016250,-0.097193,1.350298,-0.465103,0.035274,-0.355850,0.570384,-0.255123,0.867532,-0.180709,1.071923
M,Right,legacy_asl_M_153,-0.031004,-0.001421,0.359170,0.125877,0.580182,0.380438,0.584390,0.677332,0.446746,0.918810,0.481566,-0.290154,0.422267,0.416358,0.405562,0.900583,0.374755,1.287501,0.126945,-0.288509,0.156985,0.487706,0.197575,1.008278,0.164035,1.381493,-0.156680,-0.130956,-0.111852,0.553761,-0.054627,1.021504,-0.027649,1.349423,-0.439255,0.074347,-0.306474,0.610595,-0.174550,0.897238,-0.081662,1.107098
M,Right,legacy_asl_M_154,0.000000,0.000000,0.359821,0.120855,0.575069,0.364438,0.563617,0.644127,0.428505,0.860144,0.474880,-0.259558,0.407816,0.423657,0.387435,0.891491,0.347179,1.242893,0.128339,-0.278635,0.148269,0.475745,0.174844,0.974495,0.167612,1.333223,-0.185380,-0.145641,-0.090577,0.538451,-0.026942,0.991446,0.015569,1.313031,-0.446691,0.071815,-0.297692,0.580172,-0.176233,0.859215,-0.087731,1.050737
M,Right,legacy_asl_M_155,0.000000,0.000000,0.361053,0.150931,0.564348,0.417356,0.531853,0.704113,0.376913,0.916235,0.507550,-0.231726,0.387974,0.465860,0.332358,0.945427,0.264930,1.303793,0.152613,-0.277015,0.117222,0.500195,0.107601,1.015031,0.073589,1.383378,-0.179838,-0.163496,-0.133030,0.546982,-0.101152,1.017513,-0.081261,1.351350,-0.464655,0.040756,-0.349098,0.574541,-0.244874,0.870480,-0.168055,1.073980
M,Right,legacy_asl_M_156,-0.005807,-0.007802,0.377817,0.122765,0.585918,0.359672,0.595945,0.666603,0.450977,0.907224,0.513553,-0.250083,0.404299,0.434843,0.381600,0.931389,0.358996,1.290904,0.118127,-0.290422,0.151587,0.498036,0.188705,1.023828,0.158203,1.387346,-0.158936,-0.137967,-0.094611,0.570608,-0.026651,1.026137,0.014148,1.328913,-0.460931,0.075920,-0.334572,0.601092,-0.203092,0.871431,-0.102790,1.069216
M,Right,legacy_asl_M_157,0.000000,0.000000,0.360649,0.121133,0.576392,0.365277,0.564914,0.645609,0.429491,0.862123,0.475972,-0.260156,0.408755,0.424631,0.388326,0.893543,0.347978,1.245753,0.128634,-0.279276,0.148611,0.476839,0.175246,0.976737,0.167998,1.336291,-0.185807,-0.145976,-0.090785,0.539689,-0.027003,0.993727,0.015605,1.316052,-0.447719,0.071980,-0.298377,0.581507,-0.176639,0.861192,-0.087933,1.053155
M,Right,legacy_asl_M_158,0.000000,0.000000,0.379438,0.095739,0.619984,0.329082,0.630358,0.617488,0.508577,0.850235,0.467589,-0.304407,0.452750,0.403197,0.468842,0.885710,0.455286,1.250112,0.109860,-0.296578,0.190079,0.477290,0.256887,0.987864,0.277857,1.357183,-0.202089,-0.135029,-0.050472,0.560659,0.050808,1.021266,0.119969,1.348465,-0.453479,0.109189,-0.260067,0.619945,-0.113122,0.897163,-0.006984,1.087026
M,Right,legacy_asl_M_159,0.004058,0.006173,0.273021,-0.059887,0.498366,-0.156001,0.473206,-0.197216,0.322038,-0.175460,0.277103,-0.910823,0.181175,-0.359413,0.153564,0.049154,0.102328,0.271034,-0.043448,-0.921481,-0.046522,-0.366029,-0.066503,0.039650,-0.089709,0.361254,-0.321529,-0.803854,-0.310956,-0.252183,-0.242318,0.051269,-0.192733,0.327790,-0.525125,-0.661698,-0.448750,-0.287999,-0.395262,-0.016629,-0.335663,0.157536
M,Right,legacy_asl_M_160,0.000000,0.000000,0.266415,-0.084295,0.457578,-0.138432,0.456815,-0.180676,0.313077,-0.160831,0.248402,-0.867355,0.198005,-0.348462,0.142297,0.021539,0.100266,0.293095,-0.053717,-0.876669,-0.051982,-0.329958,-0.063669,0.046171,-0.067361,0.345885,-0.305577,-0.771803,-0.270986,-0.245001,-0.229849,0.063473,-0.186809,0.310749,-0.493942,-0.598819,-0.451845,-0.255615,-0.373432,-0.002604,-0.309867,0.174563
M,Right,legacy_asl_M_161,0.000000,0.000000,0.278324,-0.098914,0.478268,-0.163184,0.475898,-0.207783,0.324785,-0.181497,0.230304,-0.925486,0.196275,-0.375453,0.151123,0.017485,0.116775,0.305918,-0.089205,-0.924141,-0.067132,-0.346649,-0.065552,0.051134,-0.058355,0.367893,-0.351392,-0.804033,-0.295345,-0.248790,-0.240467,0.075564,-0.185844,0.335198,-0.543981,-0.614316,-0.486801,-0.253307,-0.394597,0.011075,-0.320886,0.195884
M,Right,legacy_asl_M_162,-0.010148,0.029493,0.283957,-0.094182,0.472533,-0.127312,0.450855,-0.202218,0.326684,-0.172327,0.245347,-0.915103,0.187658,-0.346886,0.180821,0.041084,0.108979,0.347857,-0.090698,-0.928439,-0.033864,-0.342532,-0.029882,0.059490,-0.077654,0.362671,-0.339404,-0.805474,-0.294424,-0.263299,-0.220984,0.041735,-0.220588,0.344499,-0.510418,-0.634661,-0.503392,-0.291139,-0.397182,-0.005567,-0.315402,0.182935
M,Right,legacy_asl_M_163,0.000000,0.000000,0.289797,-0.091693,0.497738,-0.150582,0.496908,-0.196534,0.340555,-0.174947,0.270204,-0.943480,0.215384,-0.379046,0.154786,0.023429,0.109066,0.318819,-0.058431,-0.953612,-0.056545,-0.358918,-0.069257,0.050224,-0.073273,0.376242,-0.332397,-0.839542,-0.294769,-0.266504,-0.250022,0.069044,-0.203205,0.338023,-0.537294,-0.651376,-0.491502,-0.278050,-0.406207,-0.002833,-0.337064,0.189884
M,Right,legacy_asl_M_164,0.000000,0.000000,0.283275,-0.083688,0.486408,-0.137029,0.486457,-0.181692,0.334142,-0.163632,0.280112,-0.911648,0.216330,-0.364266,0.149953,0.025648,0.100027,0.311796,-0.039000,-0.927617,-0.048250,-0.349778,-0.068226,0.047507,-0.078203,0.364190,-0.307310,-0.821892,-0.281431,-0.264428,-0.244208,0.062424,-0.203733,0.324636,-0.509895,-0.642888,-0.472361,-0.279312,-0.394617,-0.010322,-0.331029,0.178209
M,Right,legacy_asl_M_165,0.013718,-0.008917,0.289261,-0.086177,0.483276,-0.166361,0.479491,-0.204146,0.337083,-0.184907,0.284842,-0.932746,0.196300,-0.387176,0.179387,0.031556,0.124177,0.347396,-0.044067,-0.914627,-0.070043,-0.357213,-0.048942,0.044343,-0.054808,0.381698,-0.319461,-0.816051,-0.301399,-0.267603,-0.246214,0.061090,-0.190420,0.326459,-0.541918,-0.624712,-0.473658,-0.273607,-0.377559,0.003407,-0.330851,0.195367
M,Right,legacy_asl_M_166,0.000000,0.000000,0.267171,-0.084534,0.458877,-0.138825,0.458111,-0.181189,0.313965,-0.161288,0.249107,-0.869817,0.198567,-0.349451,0.142701,0.021600,0.100551,0.293927,-0.053869,-0.879158,-0.052130,-0.330895,-0.063850,0.046302,-0.067552,0.346866,-0.306444,-0.773994,-0.271755,-0.245696,-0.230501,0.063654,-0.187340,0.311631,-0.495344,-0.600519,-0.453128,-0.256341,-0.374492,-0.002611,-0.310747,0.175058
M,Right,legacy_asl_M_167,0.000000,0.000000,0.281584,-0.089212,0.483634,-0.146516,0.482811,-0.191171,0.330878,-0.170136,0.262228,-0.916952,0.209164,-0.368428,0.150426,0.022710,0.106106,0.309780,-0.057136,-0.926676,-0.055082,-0.348767,-0.067284,0.048832,-0.071065,0.365650,-0.323326,-0.815724,-0.286549,-0.258873,-0.242940,0.067188,-0.197345,0.328558,-0.522372,-0.632793,-0.477733,-0.270020,-0.394743,-0.002602,-0.327480,0.184649
M,Right,legacy_asl_M_168,0.021688,0.023524,0.279746,-0.082762,0.483668,-0.142270,0.467225,-0.192936,0.336193,-0.159022,0.271531,-0.898344,0.189788,-0.369770,0.134809,0.040498,0.092916,0.316430,-0.050087,-0.936590,-0.070757,-0.365414,-0.059085,0.038757,-0.067494,0.405539,-0.338569,-0.803078,-0.293685,-0.240102,-0.232523,0.043563,-0.196973,0.334386,-0.542646,-0.626613,-0.502797,-0.257042,-0.379800,0.029948,-0.333052,0.175117
M,Right,legacy_asl_M_169,0.000000,0.000000,0.282155,-0.089275,0.484613,-0.146611,0.483805,-0.191351,0.331574,-0.170334,0.263079,-0.918600,0.209704,-0.369050,0.150705,0.022811,0.106190,0.310412,-0.056891,-0.928465,-0.055054,-0.349453,-0.067431,0.048899,-0.071340,0.366320,-0.323631,-0.817403,-0.286996,-0.259476,-0.243429,0.067224,-0.197847,0.329109,-0.523126,-0.634199,-0.478541,-0.270718,-0.395495,-0.002758,-0.328175,0.184876
M,Right,legacy_asl_M_170,0.000000,0.000000,0.275231,-0.107221,0.473156,-0.177461,0.469449,-0.221969,0.319193,-0.191160,0.202429,-0.931980,0.184921,-0.381173,0.151579,0.012943,0.125901,0.302277,-0.116895,-0.921048,-0.077503,-0.344479,-0.063988,0.053078,-0.047289,0.369478,-0.375360,-0.793127,-0.302678,-0.239816,-0.238091,0.082746,-0.175702,0.340623,-0.562169,-0.597716,-0.494183,-0.238586,-0.394087,0.022910,-0.314864,0.205424
M,Right,legacy_asl_M_171,-0.035490,-0.020177,0.277620,-0.072884,0.491048,-0.176635,0.479166,-0.171154,0.317801,-0.148942,0.239276,-0.924793,0.195571,-0.386982,0.146601,0.008556,0.106866,0.307729,-0.057488,-0.910614,-0.075937,-0.369418,-0.066810,0.034637,-0.088926,0.361428,-0.340704,-0.807239,-0.305645,-0.250756,-0.270734,0.077027,-0.225965,0.336483,-0.525811,-0.649212,-0.470149,-0.271043,-0.407883,-0.017635,-0.340238,0.202148
M,Right,legacy_asl_M_172,0.000000,0.000000,0.293570,-0.092887,0.504218,-0.152542,0.503377,-0.199092,0.344988,-0.177225,0.273721,-0.955763,0.218188,-0.383980,0.156801,0.023734,0.110486,0.322969,-0.059192,-0.966027,-0.057281,-0.363590,-0.070159,0.050878,-0.074226,0.381140,-0.336724,-0.850471,-0.298607,-0.269973,-0.253277,0.069943,-0.205851,0.342424,-0.544289,-0.659856,-0.497901,-0.281670,-0.411495,-0.002870,-0.341452,0.192356
M,Right,legacy_asl_M_173,0.000000,0.000000,0.287060,-0.069605,0.492578,-0.112855,0.494832,-0.157460,0.341811,-0.146940,0.324766,-0.896711,0.234045,-0.353145,0.148505,0.033018,0.084516,0.316353,0.006831,-0.928411,-0.030928,-0.351733,-0.070488,0.044081,-0.096083,0.359887,-0.266370,-0.836058,-0.268037,-0.277996,-0.246991,0.050295,-0.219508,0.314184,-0.477543,-0.667271,-0.457999,-0.302286,-0.393627,-0.029786,-0.339421,0.161654
M,Right,legacy_asl_M_174,0.007817,0.017126,0.258040,-0.084117,0.404098,-0.141532,0.467780,-0.085401,0.476269,0.037690,0.256450,-0.925265,0.315690,-0.450178,0.322081,-0.073393,0.334222,0.227301,-0.079495,-0.895516,0.001525,-0.434018,0.066693,-0.031828,0.123071,0.261279,-0.402509,-0.732232,-0.302035,-0.393826,-0.187822,0.001196,-0.073968,0.289790,-0.586119,-0.544011,-0.511642,-0.185129,-0.396149,0.058045,-0.270974,0.171868
M,Right,legacy_asl_M_175,0.000000,0.000000,0.241812,-0.070827,0.392030,-0.112752,0.433242,-0.060169,0.435264,0.062761,0.237360,-0.884470,0.306168,-0.446708,0.318508,-0.061708,0.332013,0.228390,-0.090003,-0.858964,-0.016602,-0.451132,0.059282,-0.046805,0.129891,0.263173,-0.365020,-0.706837,-0.297547,-0.351985,-0.170589,0.016202,-0.060933,0.275573,-0.568505,-0.492065,-0.520575,-0.182364,-0.378286,0.052654,-0.265223,0.185041
M,Right,legacy_asl_M_176,0.000000,0.000000,0.249970,-0.078057,0.405294,-0.124393,0.449089,-0.070512,0.453456,0.057191,0.230342,-0.923463,0.309915,-0.469837,0.329836,-0.069996,0.349218,0.231207,-0.109363,-0.890923,-0.025570,-0.468482,0.060739,-0.049730,0.139827,0.271078,-0.392339,-0.727771,-0.315683,-0.360275,-0.176967,0.019981,-0.058236,0.287482,-0.599829,-0.500841,-0.544312,-0.179903,-0.392120,0.061689,-0.272192,0.197174
M,Right,legacy_asl_M_177,0.012474,0.005647,0.261982,-0.096176,0.412514,-0.134625,0.461364,-0.055586,0.436743,0.097993,0.251407,-0.905355,0.319831,-0.485521,0.339507,-0.100129,0.364657,0.259060,-0.101982,-0.890654,0.000725,-0.485682,0.075088,-0.065926,0.127397,0.278629,-0.373332,-0.748806,-0.297720,-0.392748,-0.201616,0.037634,-0.071254,0.307154,-0.582904,-0.517415,-0.547834,-0.198001,-0.394287,0.045679,-0.276276,0.163657
M,Right,legacy_asl_M_178,0.000000,0.000000,0.258151,-0.075612,0.418520,-0.120371,0.462517,-0.064235,0.464675,0.067001,0.253399,-0.944234,0.326856,-0.476893,0.340030,-0.065878,0.354447,0.243822,-0.096084,-0.917005,-0.017724,-0.481615,0.063288,-0.049968,0.138668,0.280956,-0.389685,-0.754599,-0.317653,-0.375769,-0.182116,0.017296,-0.065050,0.294194,-0.606920,-0.525314,-0.555751,-0.194687,-0.403847,0.056211,-0.283145,0.197545
M,Right,legacy_asl_M_179,0.000000,0.000000,0.256890,-0.050846,0.416283,-0.080286,0.454057,-0.022026,0.444727,0.105411,0.327886,-0.893494,0.358435,-0.433956,0.335434,-0.034281,0.322457,0.267266,-0.013350,-0.897511,0.024734,-0.468527,0.065714,-0.042941,0.110001,0.284491,-0.312167,-0.765593,-0.275296,-0.392002,-0.178089,0.000920,-0.088680,0.279595,-0.542760,-0.562181,-0.521923,-0.237144,-0.396471,0.019353,-0.291737,0.166899
M,Right,legacy_asl_M_180,0.003024,-0.001849,0.250742,-0.093047,0.419386,-0.117039,0.458268,-0.065889,0.458604,0.084025,0.237391,-0.906866,0.306424,-0.458712,0.328712,-0.080414,0.338789,0.265322,-0.089138,-0.868983,-0.003179,-0.469777,0.069347,-0.067163,0.125213,0.288389,-0.377546,-0.715204,-0.288940,-0.391885,-0.178816,0.016349,-0.063796,0.287510,-0.575595,-0.518295,-0.573011,-0.206242,-0.379506,0.066252,-0.252450,0.177948
M,Right,legacy_asl_M_181,0.000000,0.000000,0.258745,-0.075787,0.419483,-0.120648,0.463582,-0.064383,0.465745,0.067156,0.253982,-0.946408,0.327609,-0.477991,0.340813,-0.066029,0.355263,0.244384,-0.096305,-0.919116,-0.017764,-0.482724,0.063433,-0.050083,0.138987,0.281603,-0.390582,-0.756336,-0.318384,-0.376634,-0.182535,0.017336,-0.065200,0.294871,-0.608317,-0.526523,-0.557030,-0.195135,-0.404776,0.056341,-0.283797,0.198000
M,Right,legacy_asl_M_182,0.000000,0.000000,0.256724,-0.051679,0.416020,-0.081636,0.453983,-0.023499,0.445066,0.103968,0.324987,-0.894553,0.357026,-0.435116,0.335321,-0.035368,0.323322,0.266219,-0.016260,-0.897463,0.023215,-0.468605,0.065575,-0.043154,0.110923,0.284132,-0.314648,-0.764577,-0.276566,-0.391107,-0.178085,0.001497,-0.087773,0.279881,-0.544580,-0.560418,-0.522689,-0.235451,-0.396406,0.020639,-0.291195,0.167844
M,Right,legacy_asl_M_183,-0.011212,-0.012807,0.255834,-0.106155,0.409835,-0.125120,0.455479,-0.052629,0.457431,0.043653,0.226615,-0.905061,0.292516,-0.465905,0.327897,-0.060498,0.332607,0.245452,-0.081903,-0.896284,-0.003478,-0.464002,0.059827,-0.059738,0.137657,0.259051,-0.393193,-0.738516,-0.295231,-0.377876,-0.183444,0.002605,-0.084571,0.305495,-0.579013,-0.508376,-0.545556,-0.206362,-0.391381,0.030474,-0.275696,0.194131
M,Right,legacy_asl_M_184,0.000000,0.000000,0.243280,-0.071257,0.394410,-0.113436,0.435872,-0.060534,0.437906,0.063142,0.238801,-0.889839,0.308027,-0.449420,0.320441,-0.062083,0.334028,0.229776,-0.090549,-0.864179,-0.016703,-0.453871,0.059642,-0.047089,0.130680,0.264771,-0.367236,-0.711128,-0.299353,-0.354121,-0.171624,0.016300,-0.061303,0.277246,-0.571957,-0.495052,-0.523735,-0.183471,-0.380582,0.052973,-0.266833,0.186165
M,Right,legacy_asl_M_185,0.000000,0.000000,0.253458,-0.065854,0.410846,-0.104609,0.451978,-0.048670,0.450153,0.079096,0.274816,-0.911218,0.332316,-0.454269,0.332840,-0.053932,0.337605,0.247856,-0.066067,-0.895176,-0.002840,-0.469171,0.063077,-0.046728,0.126529,0.277535,-0.356616,-0.745926,-0.297855,-0.375147,-0.177727,0.011383,-0.072097,0.284322,-0.574857,-0.529316,-0.534956,-0.206065,-0.394649,0.042617,-0.281426,0.183754
M,Right,legacy_asl_M_186,-0.001297,0.029119,0.254657,-0.103881,0.435287,-0.119187,0.460356,-0.080805,0.445079,0.070278,0.249726,-0.923301,0.300268,-0.440525,0.337165,-0.080260,0.363757,0.208961,-0.092811,-0.905115,-0.016516,-0.472173,0.051074,-0.062727,0.125602,0.282745,-0.389933,-0.750864,-0.292039,-0.356891,-0.173940,0.000160,-0.066193,0.296411,-0.594636,-0.526952,-0.551318,-0.153635,-0.409837,0.080416,-0.240944,0.185664
M,Right,legacy_asl_M_187,0.000000,0.000000,0.259421,-0.075984,0.420578,-0.120963,0.464792,-0.064551,0.466960,0.067331,0.254645,-0.948878,0.328464,-0.479238,0.341702,-0.066202,0.356190,0.245022,-0.096557,-0.921515,-0.017811,-0.483984,0.063599,-0.050213,0.139350,0.282338,-0.391601,-0.758310,-0.319215,-0.377617,-0.183011,0.017381,-0.065370,0.295640,-0.609905,-0.527897,-0.558484,-0.195644,-0.405833,0.056488,-0.284537,0.198516
M,Right,legacy_asl_M_188,0.000000,0.000000,0.251073,-0.074432,0.407052,-0.118516,0.450063,-0.064007,0.452581,0.063747,0.243680,-0.920033,0.316680,-0.465304,0.330814,-0.065216,0.345836,0.236236,-0.096461,-0.892412,-0.018788,-0.468803,0.061452,-0.048846,0.135890,0.273073,-0.381768,-0.733372,-0.310437,-0.364805,-0.177237,0.017418,-0.062390,0.286609,-0.592519,-0.509468,-0.541652,-0.187760,-0.392972,0.056009,-0.275016,0.193215
M,Right,legacy_asl_M_189,0.004905,0.021666,0.253707,0.037298,0.381946,0.023960,0.303028,0.028469,0.217892,0.082444,0.232045,-0.548489,0.191644,-0.407210,0.162808,-0.085784,0.132047,0.061216,-0.032265,-0.610492,-0.047864,-0.333467,-0.047058,-0.012107,-0.052625,0.180199,-0.215150,-0.552138,-0.264924,-0.291841,-0.216122,0.018053,-0.201510,0.238733,-0.317393,-0.386333,-0.356408,-0.216037,-0.320546,0.013994,-0.232602,0.145106
M,Right,legacy_asl_M_190,0.000000,0.000000,0.258343,0.029392,0.362302,-0.001935,0.335092,0.018334,0.216627,0.099844,0.246148,-0.569441,0.200056,-0.391858,0.175705,-0.129094,0.139125,0.068745,-0.011952,-0.650357,-0.053330,-0.342496,-0.059681,-0.027038,-0.065070,0.192179,-0.208287,-0.569115,-0.253640,-0.293378,-0.229451,0.019302,-0.197306,0.226785,-0.347582,-0.418516,-0.371308,-0.221819,-0.318940,0.005029,-0.249132,0.159273
M,Right,legacy_asl_M_191,0.000000,0.000000,0.250188,0.007363,0.347384,-0.031070,0.322918,-0.009433,0.215852,0.078308,0.190202,-0.566088,0.160307,-0.392024,0.158137,-0.138002,0.139000,0.054726,-0.063907,-0.622895,-0.078775,-0.324242,-0.059429,-0.021124,-0.046923,0.189596,-0.245691,-0.529132,-0.266962,-0.260973,-0.218546,0.037018,-0.170981,0.233455,-0.367168,-0.373437,-0.374066,-0.182841,-0.305540,0.030542,-0.226138,0.172873
M,Right,legacy_asl_M_192,0.017772,0.006842,0.260955,0.031546,0.357626,-0.005021,0.324606,0.012522,0.187883,0.097499,0.208162,-0.523698,0.174737,-0.363207,0.181038,-0.141341,0.124863,0.057708,-0.024789,-0.631967,0.002707,-0.308421,-0.050454,0.001324,-0.055447,0.204372,-0.212880,-0.542450,-0.241696,-0.276826,-0.220100,0.014975,-0.198163,0.215031,-0.335678,-0.404539,-0.336805,-0.231102,-0.310722,0.014568,-0.243259,0.138432
M,Right,legacy_asl_M_193,0.000000,0.000000,0.247280,0.028133,0.346786,-0.001852,0.320741,0.017549,0.207350,0.095568,0.235606,-0.545054,0.191488,-0.375076,0.168180,-0.123565,0.133167,0.065801,-0.011440,-0.622505,-0.051046,-0.327829,-0.057125,-0.025880,-0.062284,0.183949,-0.199367,-0.544742,-0.242777,-0.280814,-0.219624,0.018476,-0.188857,0.217073,-0.332697,-0.400593,-0.355406,-0.212319,-0.305281,0.004814,-0.238462,0.152452
M,Right,legacy_asl_M_194,0.000000,0.000000,0.247820,0.035122,0.348685,0.007730,0.321966,0.026514,0.205812,0.101812,0.251937,-0.541443,0.202883,-0.371779,0.172494,-0.119572,0.132057,0.069835,0.005716,-0.626139,-0.042251,-0.330988,-0.056713,-0.027598,-0.067703,0.183207,-0.185363,-0.553160,-0.236305,-0.289026,-0.221306,0.012500,-0.195867,0.213006,-0.323390,-0.411930,-0.351428,-0.223281,-0.307041,-0.003604,-0.243950,0.146669
M,Right,legacy_asl_M_195,0.012377,0.020837,0.220183,0.033331,0.364459,0.014699,0.322245,0.007178,0.218041,0.087027,0.265854,-0.547568,0.199534,-0.372339,0.180825,-0.119476,0.127985,0.073352,0.006278,-0.635169,-0.061367,-0.315327,-0.064910,-0.042109,-0.057399,0.162360,-0.205319,-0.547870,-0.244735,-0.300356,-0.247797,0.012221,-0.198769,0.202334,-0.313792,-0.416844,-0.384459,-0.220704,-0.312963,0.001202,-0.232998,0.154478
M,Right,legacy_asl_M_196,0.000000,0.000000,0.232860,0.026492,0.326564,-0.001744,0.302038,0.016525,0.195259,0.089995,0.221867,-0.513270,0.180322,-0.353204,0.158373,-0.116360,0.125402,0.061964,-0.010773,-0.586204,-0.048070,-0.308712,-0.053794,-0.024371,-0.058652,0.173222,-0.187741,-0.512976,-0.228620,-0.264439,-0.206817,0.017398,-0.177844,0.204415,-0.313296,-0.377233,-0.334681,-0.199938,-0.287479,0.004533,-0.224557,0.143562
M,Right,legacy_asl_M_197,0.000000,0.000000,0.249028,0.025166,0.348715,-0.006245,0.322769,0.013594,0.209725,0.093486,0.230045,-0.551101,0.187826,-0.379608,0.167565,-0.126387,0.134749,0.064489,-0.019371,-0.625865,-0.055477,-0.329029,-0.057773,-0.025304,-0.060310,0.185772,-0.207374,-0.545290,-0.247693,-0.279327,-0.220627,0.021355,-0.187177,0.220682,-0.339633,-0.398644,-0.360091,-0.209023,-0.306939,0.008699,-0.237879,0.156324
M,Right,legacy_asl_M_198,-0.013347,-0.017309,0.260360,0.036508,0.342893,0.009406,0.315922,0.025403,0.218956,0.099889,0.230722,-0.545499,0.207980,-0.386456,0.158681,-0.127089,0.129984,0.054869,0.009388,-0.634677,-0.064748,-0.338529,-0.047454,-0.027749,-0.050756,0.178282,-0.155383,-0.530539,-0.240663,-0.302505,-0.226760,0.033027,-0.200988,0.212053,-0.348707,-0.412441,-0.350773,-0.192672,-0.323412,-0.017089,-0.258235,0.150640
M,Right,legacy_asl_M_199,0.000000,0.000000,0.234277,0.026654,0.328551,-0.001755,0.303876,0.016626,0.196447,0.090543,0.223218,-0.516394,0.181419,-0.355354,0.159337,-0.117068,0.126165,0.062341,-0.010839,-0.589772,-0.048362,-0.310591,-0.054121,-0.024519,-0.059009,0.174276,-0.188884,-0.516098,-0.230012,-0.266048,-0.208076,0.017504,-0.178926,0.205659,-0.315203,-0.379529,-0.336718,-0.201155,-0.289228,0.004561,-0.225923,0.144436
M,Right,legacy_asl_M_200,0.000000,0.000000,0.246261,0.044763,0.348118,0.021326,0.320686,0.039053,0.201684,0.109763,0.272867,-0.531203,0.217231,-0.363582,0.177027,-0.112753,0.129232,0.074933,0.030137,-0.625439,-0.029308,-0.332384,-0.055594,-0.029789,-0.074799,0.180426,-0.163644,-0.559969,-0.224850,-0.298023,-0.221625,0.003857,-0.204027,0.205204,-0.307075,-0.424231,-0.342451,-0.236820,-0.306667,-0.015579,-0.249486,0.137041
M,Right,legacy_asl_M_201,0.024393,0.018985,0.253520,0.055670,0.329650,0.003207,0.323573,0.014249,0.211528,0.094877,0.246214,-0.536011,0.179411,-0.401059,0.165795,-0.113310,0.137816,0.060151,-0.003453,-0.629184,-0.062742,-0.327977,-0.066089,-0.019404,-0.043467,0.170225,-0.187172,-0.554063,-0.230710,-0.281328,-0.236451,0.019001,-0.197263,0.223164,-0.317594,-0.387734,-0.350852,-0.199858,-0.318372,-0.007620,-0.237855,0.162098
M,Right,legacy_asl_M_202,0.000000,0.000000,0.256291,0.029158,0.359423,-0.001919,0.332429,0.018188,0.214906,0.099050,0.244192,-0.564916,0.198466,-0.388744,0.174308,-0.128068,0.138020,0.068199,-0.011857,-0.645189,-0.052906,-0.339775,-0.059206,-0.026823,-0.064553,0.190652,-0.206632,-0.564592,-0.251624,-0.291047,-0.227627,0.019149,-0.195739,0.224983,-0.344820,-0.415190,-0.368357,-0.220056,-0.316405,0.004989,-0.247152,0.158007
M,Right,legacy_asl_M_203,0.000000,0.000000,0.249900,0.014072,0.348093,-0.021740,0.323054,-0.000767,0.213674,0.084071,0.205320,-0.560782,0.170766,-0.387582,0.161782,-0.133710,0.137482,0.058435,-0.047173,-0.624386,-0.070048,-0.326238,-0.058841,-0.022711,-0.051992,0.188269,-0.231408,-0.535533,-0.259865,-0.268041,-0.219460,0.031141,-0.177182,0.228784,-0.357017,-0.383153,-0.369026,-0.192810,-0.306249,0.022334,-0.230694,0.166744
M,Right,legacy_asl_M_204,-0.011000,-0.007498,0.319477,0.004293,0.475033,-0.009813,0.394969,0.108921,0.256345,0.333495,0.180131,-0.832507,0.144328,-0.190784,0.001522,0.283331,-0.021117,0.684118,-0.169503,-0.839415,-0.243604,-0.143327,-0.264683,0.379075,-0.262548,0.732619,-0.497479,-0.679085,-0.424327,-0.113274,-0.400142,0.373671,-0.374937,0.723125,-0.722174,-0.506343,-0.733351,-0.117545,-0.609633,0.266174,-0.529886,0.564444
M,Right,legacy_asl_M_205,0.000000,0.000000,0.309790,-0.000766,0.518138,-0.016850,0.416876,0.114474,0.238012,0.328777,0.199814,-0.859095,0.131313,-0.172524,0.026427,0.323165,-0.047922,0.697361,-0.187851,-0.859244,-0.217858,-0.160365,-0.237920,0.365418,-0.232517,0.781629,-0.505031,-0.728587,-0.463235,-0.094819,-0.425726,0.368999,-0.392663,0.750447,-0.749569,-0.526206,-0.750534,-0.106318,-0.645674,0.274174,-0.575064,0.573454
M,Right,legacy_asl_M_206,0.000000,0.000000,0.299222,0.021765,0.501593,0.021368,0.394264,0.140833,0.205965,0.334793,0.255372,-0.815119,0.139343,-0.157068,0.002044,0.314002,-0.096940,0.669965,-0.118988,-0.843425,-0.198737,-0.170692,-0.256308,0.335603,-0.281326,0.737933,-0.434783,-0.740290,-0.440461,-0.125220,-0.437933,0.325417,-0.433715,0.696186,-0.685637,-0.562614,-0.717072,-0.157196,-0.643450,0.217866,-0.597003,0.512012
M,Right,legacy_asl_M_207,-0.002142,0.023448,0.285849,0.019256,0.495752,-0.031174,0.397368,0.113119,0.230738,0.329475,0.175825,-0.830970,0.117761,-0.167711,0.018048,0.297400,-0.051663,0.682425,-0.178976,-0.833908,-0.219281,-0.148526,-0.244183,0.336030,-0.235075,0.755051,-0.528053,-0.733413,-0.444324,-0.093652,-0.399839,0.355699,-0.365348,0.708510,-0.717429,-0.490427,-0.735607,-0.101549,-0.643397,0.274443,-0.567784,0.555016
M,Right,legacy_asl_M_208,0.000000,0.000000,0.286397,-0.000708,0.479013,-0.015578,0.385398,0.105830,0.220039,0.303950,0.184726,-0.794225,0.121397,-0.159496,0.024432,0.298762,-0.044304,0.644702,-0.173667,-0.794362,-0.201407,-0.148256,-0.219955,0.337825,-0.214960,0.722608,-0.466896,-0.673571,-0.428255,-0.087659,-0.393579,0.341135,-0.363013,0.693780,-0.692969,-0.486472,-0.693861,-0.098290,-0.596919,0.253471,-0.531641,0.530152
M,Right,legacy_asl_M_209,0.000000,0.000000,0.298966,0.025038,0.501330,0.026855,0.392700,0.145138,0.202290,0.337026,0.264275,-0.812276,0.141053,-0.155534,-0.001391,0.314006,-0.104264,0.668864,-0.109754,-0.844676,-0.196858,-0.172857,-0.259964,0.332779,-0.289383,0.734811,-0.426658,-0.745002,-0.439064,-0.130031,-0.441467,0.320606,-0.441305,0.691399,-0.679441,-0.570082,-0.715310,-0.165032,-0.645795,0.210813,-0.602569,0.505450
M,Right,legacy_asl_M_210,0.002606,-0.002506,0.300564,0.005330,0.510427,-0.015428,0.391860,0.113746,0.216515,0.313000,0.219152,-0.843178,0.123090,-0.169575,0.052760,0.290221,-0.031800,0.679628,-0.194866,-0.824083,-0.213698,-0.130321,-0.220121,0.359135,-0.232254,0.762658,-0.493532,-0.712284,-0.462499,-0.092845,-0.426618,0.379495,-0.400515,0.722833,-0.716912,-0.529259,-0.708259,-0.108674,-0.605458,0.229285,-0.546161,0.551078
M,Right,legacy_asl_M_211,0.000000,0.000000,0.313753,-0.000776,0.524767,-0.017066,0.422210,0.115939,0.241057,0.332983,0.202371,-0.870087,0.132993,-0.174731,0.026766,0.327299,-0.048536,0.706283,-0.190255,-0.870237,-0.220645,-0.162417,-0.240964,0.370094,-0.235492,0.791629,-0.511493,-0.737908,-0.469161,-0.096032,-0.431173,0.373719,-0.397687,0.760048,-0.759159,-0.532938,-0.760136,-0.107678,-0.653935,0.277682,-0.582421,0.580791
M,Right,legacy_asl_M_212,0.000000,0.000000,0.299651,0.014719,0.501957,0.009560,0.397469,0.131517,0.213786,0.329853,0.236122,-0.820902,0.135608,-0.160303,0.009432,0.313867,-0.081148,0.672060,-0.138801,-0.840392,-0.202699,-0.165969,-0.248340,0.341541,-0.263884,0.744349,-0.452082,-0.729854,-0.443285,-0.114821,-0.430155,0.335632,-0.417213,0.706199,-0.698686,-0.546325,-0.720573,-0.140279,-0.638145,0.232946,-0.584790,0.525918
M,Right,legacy_asl_M_213,0.002102,-0.015417,0.282440,-0.002507,0.512916,-0.020368,0.417174,0.111654,0.221211,0.307758,0.203377,-0.827283,0.132553,-0.169236,0.017483,0.301399,-0.051976,0.686803,-0.191970,-0.858172,-0.197515,-0.162161,-0.245000,0.333842,-0.241506,0.755246,-0.484578,-0.706160,-0.463862,-0.081178,-0.422304,0.365498,-0.379633,0.713825,-0.712285,-0.522303,-0.722872,-0.095206,-0.638534,0.297616,-0.530089,0.550325
M,Right,legacy_asl_M_214,0.000000,0.000000,0.312555,-0.000773,0.522763,-0.017001,0.420598,0.115496,0.240136,0.331712,0.201598,-0.866764,0.132485,-0.174064,0.026663,0.326050,-0.048350,0.703586,-0.189528,-0.866915,-0.219803,-0.161797,-0.240044,0.368680,-0.234593,0.788607,-0.509540,-0.735091,-0.467370,-0.095665,-0.429526,0.372293,-0.396168,0.757146,-0.756261,-0.530903,-0.757234,-0.107267,-0.651438,0.276622,-0.580198,0.578573
M,Right,legacy_asl_M_215,0.000000,0.000000,0.299551,0.016630,0.501886,0.012761,0.396622,0.134049,0.211677,0.331210,0.241353,-0.819379,0.136628,-0.159435,0.007430,0.313921,-0.085434,0.671529,-0.133438,-0.841260,-0.201636,-0.167258,-0.250513,0.339950,-0.268627,0.742650,-0.447417,-0.732723,-0.442544,-0.117646,-0.432287,0.332881,-0.421709,0.703523,-0.695187,-0.550771,-0.719663,-0.144873,-0.639618,0.228871,-0.588133,0.522177
M,Right,legacy_asl_M_216,-0.005099,-0.004847,0.287003,-0.019351,0.507804,-0.003837,0.412512,0.095096,0.223929,0.320753,0.202670,-0.820926,0.139782,-0.151162,0.010319,0.298477,-0.062984,0.693796,-0.192298,-0.841724,-0.214354,-0.159499,-0.236009,0.345202,-0.222035,0.787813,-0.495214,-0.697868,-0.457195,-0.109114,-0.409202,0.382347,-0.382546,0.728239,-0.747341,-0.523470,-0.745730,-0.116671,-0.628136,0.269924,-0.561843,0.544102
M,Right,legacy_asl_M_217,0.000000,0.000000,0.281836,-0.000697,0.471384,-0.015330,0.379259,0.104144,0.216535,0.299109,0.181784,-0.781575,0.119463,-0.156956,0.024043,0.294004,-0.043598,0.634434,-0.170900,-0.781710,-0.198200,-0.145895,-0.216451,0.332445,-0.211536,0.711099,-0.459460,-0.662842,-0.421435,-0.086263,-0.387311,0.335702,-0.357231,0.682730,-0.681932,-0.478724,-0.682809,-0.096724,-0.587412,0.249434,-0.523173,0.521708
M,Right,legacy_asl_M_218,0.000000,0.000000,0.298678,-0.028260,0.498170,-0.062280,0.412185,0.073359,0.258735,0.295912,0.116371,-0.846222,0.111305,-0.178039,0.054195,0.309297,0.015738,0.676759,-0.257488,-0.811926,-0.224338,-0.135295,-0.196976,0.373528,-0.154790,0.774422,-0.551754,-0.657748,-0.455145,-0.050286,-0.377769,0.393665,-0.311997,0.758578,-0.769596,-0.440858,-0.733224,-0.035852,-0.598300,0.321761,-0.503620,0.604099
M,Right,legacy_asl_M_219,-0.006461,0.009563,0.221802,0.184939,0.258344,0.288362,0.260199,0.291847,0.178338,0.281572,-0.062760,-0.490094,-0.025753,-0.448656,0.013262,-0.129871,0.037639,0.161946,-0.222852,-0.620668,-0.136328,-0.583902,-0.081104,-0.145258,-0.044483,0.200105,-0.318308,-0.541790,-0.222230,-0.508582,-0.177825,-0.040151,-0.175532,0.316438,-0.435700,-0.413004,-0.303418,-0.288985,-0.269562,0.043119,-0.196269,0.304540
M,Right,legacy_asl_M_220,0.000000,0.000000,0.176727,0.201701,0.245120,0.281532,0.263533,0.313327,0.176274,0.265736,-0.067300,-0.488706,-0.012206,-0.449397,0.022758,-0.116957,0.035732,0.150019,-0.230909,-0.581999,-0.128167,-0.559670,-0.090183,-0.126456,-0.048605,0.186556,-0.318488,-0.543151,-0.219383,-0.498575,-0.195784,-0.044869,-0.177862,0.290259,-0.384661,-0.411522,-0.305395,-0.291226,-0.259024,0.027793,-0.201424,0.279686
M,Right,legacy_asl_M_221,0.000000,0.000000,0.159925,0.221675,0.221645,0.309263,0.237271,0.343298,0.153304,0.286610,-0.021274,-0.502381,0.030850,-0.457192,0.034346,-0.116490,0.021825,0.155668,-0.178318,-0.612790,-0.076210,-0.580247,-0.079345,-0.136995,-0.067269,0.184629,-0.270925,-0.581795,-0.174648,-0.527028,-0.194351,-0.064366,-0.208408,0.277423,-0.350736,-0.454594,-0.281876,-0.324899,-0.265514,0.003282,-0.231300,0.264428
M,Right,legacy_asl_M_222,0.035509,0.007710,0.157865,0.190937,0.234250,0.281736,0.294918,0.330415,0.176568,0.272800,-0.096080,-0.499095,-0.023359,-0.471821,0.039248,-0.135888,0.046657,0.173168,-0.261540,-0.581264,-0.156239,-0.548548,-0.104674,-0.116375,-0.063139,0.186735,-0.312434,-0.563582,-0.210585,-0.494707,-0.198026,-0.042006,-0.174125,0.298466,-0.396901,-0.437738,-0.335812,-0.302320,-0.256952,0.040726,-0.207288,0.274646
M,Right,legacy_asl_M_223,0.000000,0.000000,0.181434,0.207073,0.251649,0.289031,0.270552,0.321672,0.180969,0.272814,-0.069093,-0.501722,-0.012531,-0.461366,0.023364,-0.120072,0.036683,0.154015,-0.237060,-0.597500,-0.131581,-0.574577,-0.092585,-0.129824,-0.049899,0.191525,-0.326971,-0.557617,-0.225227,-0.511855,-0.200998,-0.046064,-0.182599,0.297990,-0.394907,-0.422483,-0.313529,-0.298983,-0.265923,0.028533,-0.206789,0.287135
M,Right,legacy_asl_M_224,0.000000,0.000000,0.172570,0.211981,0.239288,0.295823,0.256870,0.328890,0.169744,0.277191,-0.050509,-0.500288,0.004159,-0.458213,0.027500,-0.118293,0.030858,0.154131,-0.213720,-0.601359,-0.109889,-0.574821,-0.087193,-0.132139,-0.056398,0.188235,-0.304363,-0.565021,-0.205059,-0.515957,-0.197772,-0.052933,-0.191890,0.289095,-0.376628,-0.433385,-0.300327,-0.307923,-0.264872,0.018746,-0.215500,0.277455
M,Right,legacy_asl_M_225,0.025155,-0.007057,0.182704,0.203696,0.254845,0.274357,0.292635,0.319292,0.155672,0.295943,-0.064565,-0.494324,-0.011374,-0.447855,0.026068,-0.101467,0.032510,0.140279,-0.226167,-0.598742,-0.136004,-0.558223,-0.075948,-0.118626,-0.031217,0.211004,-0.316534,-0.538013,-0.216666,-0.520296,-0.229814,-0.050970,-0.170325,0.295627,-0.422301,-0.394237,-0.308124,-0.323684,-0.270326,0.021910,-0.217324,0.310455
M,Right,legacy_asl_M_226,0.000000,0.000000,0.172461,0.196832,0.239203,0.274736,0.257171,0.305763,0.172018,0.259321,-0.065675,-0.476908,-0.011912,-0.438548,0.022209,-0.114133,0.034869,0.146398,-0.225335,-0.567950,-0.125073,-0.546160,-0.088006,-0.123403,-0.047431,0.182053,-0.310800,-0.530039,-0.214087,-0.486540,-0.191057,-0.043786,-0.173568,0.283252,-0.375375,-0.401588,-0.298022,-0.284196,-0.252771,0.027122,-0.196561,0.272934
M,Right,legacy_asl_M_227,0.000000,0.000000,0.178237,0.207238,0.247197,0.289247,0.265666,0.321826,0.177174,0.272501,-0.064014,-0.498740,-0.008229,-0.458158,0.024292,-0.118994,0.035013,0.153241,-0.229897,-0.595362,-0.125387,-0.571640,-0.090733,-0.129734,-0.051289,0.189690,-0.319525,-0.556587,-0.218931,-0.510225,-0.199130,-0.047568,-0.184005,0.294176,-0.388205,-0.423046,-0.308541,-0.299692,-0.264268,0.025899,-0.207921,0.283179
M,Right,legacy_asl_M_228,-0.005875,-0.010756,0.195882,0.227617,0.268235,0.284563,0.252936,0.331871,0.180277,0.292820,-0.065441,-0.500854,-0.015563,-0.459103,0.026397,-0.140665,0.031895,0.147169,-0.226014,-0.604814,-0.132875,-0.576864,-0.091517,-0.149254,-0.027925,0.196268,-0.309672,-0.541605,-0.245078,-0.513083,-0.161635,-0.056338,-0.178114,0.302364,-0.404970,-0.431540,-0.313233,-0.278123,-0.278227,0.014403,-0.197623,0.280670
M,Right,legacy_asl_M_229,0.000000,0.000000,0.188085,0.214664,0.260874,0.299626,0.280470,0.333464,0.187603,0.282815,-0.071625,-0.520114,-0.012991,-0.478279,0.024221,-0.124473,0.038028,0.159661,-0.245750,-0.619404,-0.136404,-0.595640,-0.095979,-0.134583,-0.051729,0.198546,-0.338957,-0.578059,-0.233483,-0.530619,-0.208366,-0.047753,-0.189293,0.308913,-0.409383,-0.437971,-0.325022,-0.309943,-0.275671,0.029579,-0.214369,0.297661
M,Right,legacy_asl_M_230,0.000000,0.000000,0.188923,0.197545,0.262115,0.275801,0.282277,0.307360,0.191306,0.262774,-0.090240,-0.494668,-0.032391,-0.457086,0.017980,-0.120110,0.043050,0.151180,-0.260990,-0.582403,-0.155374,-0.564228,-0.097452,-0.124766,-0.041209,0.192132,-0.348448,-0.538953,-0.245547,-0.497963,-0.201363,-0.036995,-0.168227,0.303475,-0.409986,-0.401974,-0.323924,-0.282995,-0.262534,0.039807,-0.192690,0.293756
M,Right,legacy_asl_M_231,-0.021189,-0.020462,0.148928,0.230843,0.258050,0.305511,0.273601,0.306784,0.166812,0.277153,-0.076772,-0.493651,0.012527,-0.444539,0.019646,-0.109456,0.033977,0.151082,-0.215351,-0.592099,-0.165884,-0.585972,-0.098617,-0.114940,-0.061996,0.160965,-0.344298,-0.545007,-0.225182,-0.509332,-0.186636,-0.052557,-0.194236,0.287679,-0.395402,-0.398237,-0.324725,-0.296306,-0.261522,0.022084,-0.202427,0.305532
M,Right,legacy_asl_M_232,0.000000,0.000000,0.176659,0.201624,0.245026,0.281424,0.263432,0.313207,0.176206,0.265634,-0.067274,-0.488518,-0.012202,-0.449225,0.022749,-0.116912,0.035718,0.149962,-0.230821,-0.581776,-0.128118,-0.559456,-0.090148,-0.126407,-0.048586,0.186485,-0.318366,-0.542943,-0.219299,-0.498384,-0.195709,-0.044852,-0.177794,0.290147,-0.384514,-0.411365,-0.305278,-0.291115,-0.258925,0.027782,-0.201347,0.279579
M,Right,legacy_asl_M_233,0.000000,0.000000,0.180089,0.205631,0.249783,0.287018,0.268543,0.319429,0.179612,0.270901,-0.068486,-0.498145,-0.012339,-0.458066,0.023224,-0.119207,0.036386,0.152921,-0.235229,-0.593276,-0.130511,-0.570492,-0.091893,-0.128915,-0.049585,0.190143,-0.324506,-0.553698,-0.223500,-0.508240,-0.199549,-0.045779,-0.181358,0.295815,-0.391985,-0.419546,-0.311217,-0.296912,-0.264025,0.028269,-0.205372,0.285033
M,Right,legacy_asl_M_234,0.002929,0.014859,0.364380,-0.111423,0.632671,-0.251659,0.740040,-0.371671,0.652028,-0.413894,0.264102,-0.955683,0.342295,-0.420198,0.416701,-0.034878,0.420000,0.260481,-0.101758,-0.905496,0.090930,-0.326374,0.171212,0.113370,0.282734,0.448234,-0.420603,-0.765070,-0.197333,-0.142353,-0.067346,0.171334,0.050565,0.454466,-0.616939,-0.534175,-0.409674,-0.124142,-0.257895,0.146001,-0.139746,0.315624
M,Right,legacy_asl_M_235,0.000000,0.000000,0.339087,-0.119918,0.613916,-0.246146,0.733908,-0.349954,0.635080,-0.397627,0.264835,-0.961067,0.376436,-0.416945,0.405851,-0.027573,0.419386,0.265936,-0.105406,-0.902424,0.070063,-0.293197,0.171217,0.108646,0.256478,0.439751,-0.401773,-0.748568,-0.176750,-0.149539,-0.058437,0.184622,0.036746,0.450557,-0.624690,-0.541374,-0.419741,-0.120320,-0.260108,0.141773,-0.140547,0.329005
M,Right,legacy_asl_M_236,0.000000,0.000000,0.352712,-0.087133,0.641446,-0.186942,0.772309,-0.279475,0.677653,-0.337143,0.360976,-0.940076,0.419537,-0.382059,0.410729,0.012285,0.395405,0.308690,-0.017015,-0.917616,0.099336,-0.287851,0.161419,0.126101,0.214497,0.467372,-0.330125,-0.792154,-0.162950,-0.167757,-0.076946,0.179844,-0.007469,0.456577,-0.574651,-0.605830,-0.410114,-0.162334,-0.275467,0.116888,-0.173725,0.316902
M,Right,legacy_asl_M_237,-0.023222,-0.006562,0.339858,-0.125936,0.633716,-0.231789,0.738768,-0.362937,0.665807,-0.397088,0.236702,-0.983037,0.396103,-0.407174,0.429821,-0.021348,0.417498,0.288232,-0.100550,-0.938725,0.075605,-0.299207,0.184059,0.125648,0.289705,0.462532,-0.394364,-0.750301,-0.160174,-0.151204,-0.060834,0.197905,0.039460,0.448157,-0.647930,-0.532186,-0.415626,-0.140942,-0.239262,0.173797,-0.160794,0.341082
M,Right,legacy_asl_M_238,0.000000,0.000000,0.333131,-0.117812,0.603132,-0.241822,0.721017,-0.343807,0.623924,-0.390642,0.260183,-0.944185,0.369824,-0.409621,0.398722,-0.027089,0.412020,0.261265,-0.103554,-0.886572,0.068832,-0.288047,0.168209,0.106738,0.251973,0.432026,-0.394715,-0.735419,-0.173645,-0.146912,-0.057410,0.181379,0.036101,0.442643,-0.613717,-0.531864,-0.412368,-0.118207,-0.255539,0.139282,-0.138078,0.323226
M,Right,legacy_asl_M_239,0.000000,0.000000,0.350953,-0.093968,0.637693,-0.199366,0.766734,-0.294424,0.670977,-0.350243,0.342648,-0.946911,0.412037,-0.390136,0.410890,0.004304,0.401326,0.300952,-0.034836,-0.917112,0.093726,-0.289727,0.163838,0.122942,0.223534,0.463117,-0.345449,-0.785593,-0.166178,-0.164560,-0.073438,0.181305,0.001401,0.456636,-0.586311,-0.594554,-0.413190,-0.154338,-0.273144,0.122217,-0.167537,0.320216
M,Right,legacy_asl_M_240,-0.002361,-0.015205,0.316285,-0.133276,0.609115,-0.282272,0.748696,-0.342853,0.641030,-0.403687,0.267610,-0.973400,0.385208,-0.407195,0.417703,-0.022164,0.421521,0.249525,-0.088910,-0.901802,0.058644,-0.299153,0.133933,0.126112,0.244846,0.444936,-0.381603,-0.762363,-0.162113,-0.161422,-0.059225,0.191325,0.064922,0.413283,-0.601562,-0.581387,-0.437542,-0.129806,-0.284597,0.143258,-0.147602,0.334831
M,Right,legacy_asl_M_241,0.000000,0.000000,0.324148,-0.114635,0.586868,-0.235301,0.701573,-0.334535,0.607099,-0.380108,0.253167,-0.918724,0.359851,-0.398575,0.387970,-0.026358,0.400909,0.254220,-0.100762,-0.862664,0.066976,-0.280279,0.163673,0.103860,0.245178,0.420376,-0.384071,-0.715588,-0.168962,-0.142950,-0.055862,0.176488,0.035127,0.430707,-0.597167,-0.517522,-0.401248,-0.115019,-0.248648,0.135526,-0.134355,0.314509
M,Right,legacy_asl_M_242,0.000000,0.000000,0.347294,-0.106699,0.630002,-0.222481,0.755492,-0.322179,0.657763,-0.374470,0.307901,-0.958772,0.397541,-0.404897,0.410773,-0.010677,0.412031,0.286121,-0.068246,-0.915233,0.083102,-0.292951,0.168211,0.116888,0.240268,0.454660,-0.373858,-0.772477,-0.172067,-0.158393,-0.066780,0.183862,0.018046,0.456281,-0.607595,-0.572785,-0.418542,-0.139172,-0.268507,0.132093,-0.155752,0.326111
M,Right,legacy_asl_M_243,-0.004526,-0.010755,0.343814,-0.118504,0.641482,-0.248750,0.750897,-0.332568,0.630281,-0.382393,0.254184,-0.984808,0.370557,-0.425720,0.442097,-0.028962,0.412260,0.284030,-0.117208,-0.915600,0.068441,-0.270939,0.192436,0.114855,0.261240,0.445495,-0.390377,-0.773292,-0.197639,-0.172453,-0.058191,0.182190,0.028738,0.454393,-0.648899,-0.571522,-0.415737,-0.112367,-0.246704,0.108556,-0.137950,0.325822
M,Right,legacy_asl_M_244,0.000000,0.000000,0.347474,-0.122884,0.629099,-0.252233,0.752059,-0.358609,0.650786,-0.407461,0.271385,-0.984836,0.385746,-0.427257,0.415888,-0.028255,0.429758,0.272513,-0.108013,-0.924742,0.071796,-0.300448,0.175451,0.111333,0.262821,0.450626,-0.411709,-0.767082,-0.181121,-0.153237,-0.059882,0.189188,0.037655,0.461700,-0.640140,-0.554763,-0.430122,-0.123296,-0.266541,0.145279,-0.144023,0.337142
M,Right,legacy_asl_M_245,0.000000,0.000000,0.330155,-0.151644,0.595089,-0.303758,0.706308,-0.419160,0.602528,-0.458083,0.178542,-0.991045,0.340567,-0.453866,0.405763,-0.064849,0.446218,0.229182,-0.188556,-0.898196,0.043673,-0.301362,0.182178,0.093642,0.298226,0.418934,-0.472631,-0.716318,-0.191483,-0.134273,-0.041905,0.191072,0.078166,0.449898,-0.677938,-0.487497,-0.433259,-0.082661,-0.248704,0.166407,-0.111306,0.343829
M,Right,legacy_asl_M_246,-0.000816,-0.010279,0.360659,-0.121096,0.622504,-0.263506,0.773563,-0.369966,0.616394,-0.386063,0.238388,-0.992346,0.361866,-0.419917,0.393080,-0.041746,0.432518,0.258721,-0.122749,-0.884507,0.070370,-0.298836,0.124944,0.121640,0.218357,0.412028,-0.392448,-0.768561,-0.190268,-0.167981,-0.041712,0.173512,0.041614,0.473992,-0.614026,-0.532467,-0.416056,-0.108003,-0.247522,0.129945,-0.134163,0.350974
M,Right,legacy_asl_M_247,0.000000,0.000000,0.323220,-0.114307,0.585188,-0.234627,0.699565,-0.333577,0.605361,-0.379020,0.252442,-0.916093,0.358821,-0.397434,0.386859,-0.026283,0.399761,0.253492,-0.100473,-0.860194,0.066784,-0.279477,0.163205,0.103562,0.244476,0.419172,-0.382972,-0.713539,-0.168479,-0.142541,-0.055702,0.175983,0.035027,0.429473,-0.595457,-0.516040,-0.400099,-0.114690,-0.247936,0.135138,-0.133970,0.313609
M,Right,legacy_asl_M_248,0.000000,0.000000,0.338545,-0.131853,0.612011,-0.268033,0.729861,-0.376656,0.628564,-0.421648,0.236840,-0.978751,0.366812,-0.432931,0.408888,-0.040739,0.431883,0.255170,-0.135107,-0.907774,0.061419,-0.298251,0.176321,0.104252,0.272929,0.435838,-0.429441,-0.743015,-0.183207,-0.145362,-0.053132,0.188260,0.051422,0.453734,-0.647921,-0.526737,-0.427612,-0.108139,-0.258109,0.151407,-0.131444,0.336644
M,Right,legacy_asl_M_249,0.003459,0.011183,0.252082,-0.124509,0.400794,-0.262881,0.354107,-0.429849,0.250213,-0.559112,0.370824,-0.900238,0.409710,-0.870289,0.338108,-0.585283,0.283177,-0.344308,0.116273,-0.907278,0.157767,-0.906333,0.132975,-0.565136,0.116961,-0.272741,-0.113964,-0.917281,-0.115609,-0.868080,-0.066022,-0.508601,-0.031173,-0.236310,-0.324868,-0.791539,-0.325985,-0.707037,-0.276735,-0.477075,-0.231774,-0.273170
M,Right,legacy_asl_M_250,0.000000,0.000000,0.252374,-0.123022,0.391553,-0.288209,0.378537,-0.462030,0.260360,-0.578123,0.379246,-0.896471,0.418490,-0.908256,0.357574,-0.619310,0.276810,-0.363516,0.128211,-0.949626,0.162607,-0.929763,0.146749,-0.566303,0.128028,-0.279605,-0.119016,-0.914638,-0.097372,-0.884684,-0.066650,-0.526819,-0.051530,-0.246254,-0.359337,-0.820444,-0.337838,-0.739761,-0.275080,-0.478573,-0.229478,-0.299713
M,Right,legacy_asl_M_251,0.000000,0.000000,0.246689,-0.119265,0.383040,-0.280038,0.370886,-0.449716,0.255919,-0.563389,0.372949,-0.873700,0.411286,-0.885079,0.350924,-0.603278,0.271297,-0.353894,0.128123,-0.926369,0.161629,-0.906875,0.145005,-0.552212,0.125829,-0.272472,-0.113264,-0.893003,-0.092236,-0.863702,-0.063383,-0.514352,-0.049513,-0.240491,-0.348100,-0.801834,-0.327373,-0.723025,-0.266950,-0.467925,-0.223010,-0.293225
M,Right,legacy_asl_M_252,-0.015433,0.007531,0.255008,-0.104985,0.397843,-0.283457,0.373607,-0.427966,0.269030,-0.557446,0.368632,-0.862454,0.383119,-0.885752,0.373228,-0.581827,0.292375,-0.343566,0.126523,-0.912269,0.152382,-0.910140,0.138371,-0.534157,0.129072,-0.281107,-0.113196,-0.902064,-0.098124,-0.856578,-0.059156,-0.525008,-0.022293,-0.232436,-0.393465,-0.832762,-0.310354,-0.745869,-0.269243,-0.461583,-0.232904,-0.302120
M,Right,legacy_asl_M_253,0.000000,0.000000,0.237549,-0.115795,0.368552,-0.271279,0.356301,-0.434889,0.245066,-0.544163,0.356968,-0.843810,0.393907,-0.854903,0.336569,-0.582931,0.260550,-0.342162,0.120680,-0.893843,0.153055,-0.875146,0.138129,-0.533037,0.120507,-0.263180,-0.112024,-0.860910,-0.091652,-0.832716,-0.062735,-0.495873,-0.048503,-0.231789,-0.338228,-0.772249,-0.317993,-0.696305,-0.258921,-0.450460,-0.215998,-0.282107
M,Right,legacy_asl_M_254,0.000000,0.000000,0.251420,-0.108939,0.394316,-0.263924,0.389204,-0.433960,0.279047,-0.552299,0.408836,-0.857494,0.447611,-0.867274,0.375623,-0.588217,0.285729,-0.342347,0.166403,-0.920264,0.199072,-0.899398,0.167765,-0.545728,0.137013,-0.267023,-0.076160,-0.896930,-0.056364,-0.866782,-0.042013,-0.516537,-0.039504,-0.242336,-0.314572,-0.815571,-0.297129,-0.735971,-0.247329,-0.478585,-0.210667,-0.302215
M,Right,legacy_asl_M_255,0.001500,0.022876,0.269234,-0.100196,0.378753,-0.276750,0.386375,-0.425948,0.260273,-0.568956,0.338065,-0.868189,0.398220,-0.851982,0.336815,-0.609612,0.259772,-0.344526,0.114626,-0.918086,0.148880,-0.912747,0.121557,-0.531679,0.130800,-0.308574,-0.129199,-0.885477,-0.101532,-0.841074,-0.045466,-0.526696,-0.040418,-0.236807,-0.344496,-0.808349,-0.323467,-0.728785,-0.272942,-0.473367,-0.224043,-0.268379
M,Right,legacy_asl_M_256,0.000000,0.000000,0.247665,-0.120727,0.384246,-0.282832,0.371474,-0.453409,0.255502,-0.567336,0.372169,-0.879743,0.410681,-0.891309,0.350902,-0.607754,0.271645,-0.356733,0.125819,-0.931907,0.159573,-0.912414,0.144011,-0.555736,0.125639,-0.274388,-0.116795,-0.897572,-0.095555,-0.868177,-0.065406,-0.516989,-0.050569,-0.241659,-0.352632,-0.805135,-0.331534,-0.725957,-0.269947,-0.469643,-0.225196,-0.294121
M,Right,legacy_asl_M_257,0.000000,0.000000,0.249945,-0.112281,0.390762,-0.269157,0.383384,-0.439110,0.271659,-0.555970,0.397368,-0.862868,0.436010,-0.873164,0.367748,-0.593172,0.281140,-0.346126,0.154120,-0.922401,0.187064,-0.901972,0.160475,-0.547916,0.133441,-0.268826,-0.088110,-0.895835,-0.067914,-0.865954,-0.048896,-0.515931,-0.042731,-0.241788,-0.325416,-0.811305,-0.306914,-0.731944,-0.253687,-0.475246,-0.214677,-0.299380
M,Right,legacy_asl_M_258,-0.010502,0.007609,0.253527,-0.115859,0.391757,-0.314003,0.372212,-0.426381,0.256169,-0.536501,0.376944,-0.891969,0.429378,-0.872228,0.357746,-0.592063,0.249804,-0.369491,0.143587,-0.943706,0.159603,-0.901546,0.129824,-0.530641,0.129138,-0.263790,-0.127398,-0.893662,-0.087845,-0.860355,-0.040851,-0.529250,-0.049101,-0.258049,-0.371643,-0.804587,-0.361217,-0.735189,-0.254875,-0.473740,-0.214992,-0.314550
M,Right,legacy_asl_M_259,0.000000,0.000000,0.229221,-0.111736,0.355631,-0.261769,0.343810,-0.419643,0.236474,-0.525086,0.344453,-0.814228,0.380098,-0.824933,0.324770,-0.562495,0.251416,-0.330167,0.116449,-0.862508,0.147689,-0.844466,0.133287,-0.514350,0.116282,-0.253954,-0.108097,-0.830729,-0.088439,-0.803523,-0.060535,-0.478489,-0.046803,-0.223663,-0.326371,-0.745176,-0.306845,-0.671895,-0.249844,-0.434669,-0.208426,-0.272217
M,Right,legacy_asl_M_260,0.000000,0.000000,0.250403,-0.111256,0.391862,-0.267554,0.385180,-0.437536,0.273935,-0.554853,0.400900,-0.861233,0.439584,-0.871371,0.370175,-0.591661,0.282556,-0.344971,0.157898,-0.921761,0.190758,-0.901198,0.162719,-0.547254,0.134541,-0.268277,-0.084439,-0.896189,-0.064366,-0.866225,-0.046781,-0.516127,-0.041740,-0.241961,-0.322089,-0.812631,-0.303912,-0.733196,-0.251738,-0.476281,-0.213448,-0.300257
M,Right,legacy_asl_M_261,-0.018392,-0.007409,0.233338,-0.094230,0.378122,-0.293667,0.398478,-0.446374,0.238873,-0.556473,0.371466,-0.876128,0.424656,-0.867373,0.366892,-0.611956,0.307593,-0.358723,0.110737,-0.950266,0.157057,-0.897021,0.151819,-0.562983,0.122515,-0.278196,-0.146666,-0.869744,-0.101439,-0.863859,-0.039033,-0.503262,-0.058844,-0.249305,-0.367067,-0.830355,-0.322039,-0.717944,-0.276901,-0.453235,-0.243522,-0.312395
M,Right,legacy_asl_M_262,0.000000,0.000000,0.236821,-0.115440,0.367422,-0.270447,0.355208,-0.433555,0.244314,-0.542494,0.355873,-0.841222,0.392699,-0.852282,0.335537,-0.581143,0.259751,-0.341113,0.120310,-0.891102,0.152586,-0.872462,0.137705,-0.531402,0.120137,-0.262373,-0.111681,-0.858270,-0.091371,-0.830162,-0.062542,-0.494352,-0.048355,-0.231078,-0.337191,-0.769880,-0.317017,-0.694170,-0.258127,-0.449079,-0.215336,-0.281242
M,Right,legacy_asl_M_263,0.000000,0.000000,0.245859,-0.120968,0.381095,-0.282679,0.367768,-0.452270,0.252018,-0.565145,0.366900,-0.876258,0.405157,-0.887901,0.346745,-0.605690,0.268843,-0.355761,0.121716,-0.927233,0.155355,-0.907971,0.141184,-0.553201,0.123942,-0.273335,-0.119436,-0.892199,-0.098205,-0.863044,-0.066938,-0.513901,-0.051174,-0.240143,-0.353635,-0.799408,-0.332364,-0.720745,-0.270179,-0.466068,-0.225032,-0.291676
M,Right,legacy_asl_M_264,0.009277,0.015638,0.273592,0.070337,0.436007,0.176535,0.448568,0.278841,0.359738,0.453381,0.318582,-0.419324,0.313937,-0.048297,0.318856,0.284653,0.304728,0.490488,0.027121,-0.486564,0.088674,0.012291,0.088187,0.362653,0.168120,0.590984,-0.182331,-0.333771,-0.097889,0.032436,-0.077760,0.375596,-0.017900,0.640332,-0.357484,-0.178354,-0.276574,0.104859,-0.155114,0.335427,-0.083199,0.463973
M,Right,legacy_asl_M_265,0.000000,0.000000,0.292470,0.086616,0.450196,0.182293,0.474294,0.302988,0.374938,0.460757,0.326562,-0.454450,0.339729,-0.044946,0.363378,0.285470,0.355192,0.540621,0.046739,-0.511476,0.080837,-0.007370,0.141559,0.367140,0.171947,0.634540,-0.203355,-0.385291,-0.123224,0.048004,-0.055457,0.404574,0.003808,0.655406,-0.391415,-0.174317,-0.287757,0.125470,-0.187482,0.350674,-0.094448,0.505988
M,Right,legacy_asl_M_266,0.000000,0.000000,0.275125,0.083920,0.423121,0.175351,0.444919,0.289347,0.350019,0.437356,0.311424,-0.426026,0.320698,-0.039775,0.340463,0.271977,0.330786,0.512514,0.047998,-0.481947,0.076283,-0.006330,0.130669,0.347287,0.157272,0.599670,-0.188801,-0.364877,-0.116564,0.044320,-0.055398,0.381075,-0.001438,0.618056,-0.367754,-0.167379,-0.272308,0.116106,-0.179480,0.329235,-0.092944,0.476405
M,Right,legacy_asl_M_267,0.015362,-0.000534,0.290671,0.100118,0.406400,0.161298,0.428585,0.297211,0.334513,0.445078,0.295699,-0.423798,0.308492,-0.035395,0.330649,0.279842,0.319575,0.520884,0.050000,-0.484458,0.083001,0.003089,0.150626,0.369745,0.148790,0.602577,-0.192641,-0.353417,-0.108662,0.062590,-0.047383,0.383390,-0.001815,0.621976,-0.367531,-0.162001,-0.297186,0.133959,-0.163417,0.341984,-0.096803,0.475052
M,Right,legacy_asl_M_268,0.000000,0.000000,0.281047,0.083233,0.432613,0.175174,0.455771,0.291155,0.360295,0.442762,0.313808,-0.436701,0.326461,-0.043190,0.349186,0.274320,0.341320,0.519507,0.044914,-0.491500,0.077680,-0.007083,0.136031,0.352801,0.165232,0.609758,-0.195413,-0.370243,-0.118411,0.046129,-0.053291,0.388774,0.003659,0.629809,-0.376128,-0.167509,-0.276518,0.120570,-0.180159,0.336978,-0.090759,0.486226
M,Right,legacy_asl_M_269,0.000000,0.000000,0.270964,0.096512,0.414589,0.194668,0.431110,0.309547,0.329488,0.453025,0.330730,-0.411219,0.322191,-0.024951,0.327565,0.287381,0.306812,0.527216,0.070162,-0.479222,0.076494,-0.002807,0.114522,0.352941,0.129464,0.606282,-0.171782,-0.373192,-0.118483,0.038900,-0.072904,0.378117,-0.029925,0.617333,-0.359648,-0.184152,-0.277370,0.103431,-0.194465,0.320613,-0.114804,0.471615
M,Right,legacy_asl_M_270,-0.001706,0.012816,0.274415,0.077790,0.436243,0.163383,0.434011,0.287145,0.339946,0.466901,0.297650,-0.427281,0.349165,-0.040685,0.340153,0.245634,0.329735,0.492012,0.055694,-0.464134,0.068969,0.000309,0.133705,0.316238,0.189771,0.606282,-0.177052,-0.355133,-0.111625,0.043869,-0.042754,0.376577,-0.027044,0.599021,-0.378334,-0.183326,-0.240347,0.138152,-0.183327,0.322717,-0.112346,0.472371
M,Right,legacy_asl_M_271,0.000000,0.000000,0.262975,0.077881,0.404794,0.163909,0.426463,0.272432,0.337127,0.414291,0.293628,-0.408619,0.305468,-0.040413,0.326732,0.256680,0.319372,0.486100,0.042026,-0.459895,0.072685,-0.006627,0.127283,0.330114,0.154607,0.570548,-0.182847,-0.346435,-0.110797,0.043163,-0.049864,0.363774,0.003424,0.589310,-0.351941,-0.156738,-0.258737,0.112817,-0.168575,0.315309,-0.084923,0.454960
M,Right,legacy_asl_M_272,0.000000,0.000000,0.270295,0.098372,0.413241,0.197512,0.428972,0.312503,0.326367,0.455279,0.333548,-0.408936,0.322355,-0.022736,0.325582,0.289625,0.303181,0.529312,0.073453,-0.478729,0.076511,-0.002281,0.112094,0.353720,0.125294,0.607157,-0.169214,-0.374363,-0.118748,0.038085,-0.075501,0.377607,-0.034166,0.617113,-0.358374,-0.186619,-0.278075,0.101523,-0.196663,0.319269,-0.118042,0.470815
M,Right,legacy_asl_M_273,0.020719,-0.000827,0.293558,0.071852,0.425339,0.166772,0.425986,0.307799,0.359062,0.415786,0.292897,-0.434562,0.308415,-0.037827,0.337323,0.287289,0.348297,0.492988,0.051690,-0.442186,0.070277,-0.021583,0.139974,0.349194,0.123641,0.608857,-0.177896,-0.352935,-0.121790,0.046834,-0.049479,0.369900,0.009430,0.608625,-0.348920,-0.168487,-0.285592,0.138575,-0.168324,0.335494,-0.132891,0.470291
M,Right,legacy_asl_M_274,0.000000,0.000000,0.261913,0.077566,0.403160,0.163248,0.424741,0.271333,0.335766,0.412619,0.292443,-0.406970,0.304235,-0.040250,0.325413,0.255645,0.318083,0.484138,0.041856,-0.458039,0.072391,-0.006600,0.126770,0.328782,0.153983,0.568245,-0.182109,-0.345036,-0.110349,0.042988,-0.049663,0.362306,0.003410,0.586931,-0.350521,-0.156105,-0.257693,0.112361,-0.167894,0.314036,-0.084580,0.453123
M,Right,legacy_asl_M_275,0.000000,0.000000,0.274863,0.084773,0.422575,0.176662,0.444020,0.290725,0.348662,0.438440,0.312744,-0.425058,0.320820,-0.038781,0.339618,0.273031,0.329196,0.513537,0.049492,-0.481796,0.076302,-0.006093,0.129591,0.347691,0.155412,0.600155,-0.187669,-0.365461,-0.116701,0.043959,-0.056580,0.380902,-0.003355,0.618049,-0.367233,-0.168519,-0.272667,0.115261,-0.180500,0.328677,-0.094420,0.476115
M,Right,legacy_asl_M_276,0.012494,-0.022222,0.263211,0.069317,0.425361,0.174550,0.440682,0.305446,0.345229,0.438484,0.282366,-0.425836,0.329435,-0.057548,0.352415,0.262652,0.342323,0.509787,0.037226,-0.462678,0.039246,0.002421,0.115383,0.333270,0.163295,0.578444,-0.169385,-0.345150,-0.103710,0.052126,-0.037677,0.384640,0.008491,0.608089,-0.390422,-0.161622,-0.272910,0.108029,-0.180432,0.345087,-0.070184,0.478251
M,Right,legacy_asl_M_277,0.000000,0.000000,0.267180,0.079126,0.411267,0.166530,0.433282,0.276788,0.342517,0.420916,0.298324,-0.415153,0.310353,-0.041059,0.331956,0.260785,0.324479,0.493873,0.042698,-0.467249,0.073847,-0.006733,0.129319,0.335393,0.157079,0.579671,-0.185771,-0.351974,-0.112568,0.043853,-0.050661,0.369591,0.003479,0.598733,-0.357569,-0.159244,-0.262874,0.114621,-0.171270,0.320351,-0.086281,0.462235
M,Right,legacy_asl_M_278,0.000000,0.000000,0.269789,0.099751,0.412227,0.199620,0.427370,0.314690,0.324037,0.456940,0.335633,-0.407227,0.322467,-0.021090,0.324099,0.291284,0.300474,0.530853,0.075898,-0.478347,0.076522,-0.001890,0.110286,0.354288,0.122191,0.607789,-0.167299,-0.375223,-0.118941,0.037478,-0.077429,0.377216,-0.037318,0.616930,-0.357416,-0.188447,-0.278589,0.100101,-0.198292,0.318260,-0.120446,0.470206
M,Right,legacy_asl_M_279,0.001627,0.015044,-0.203242,-0.035919,-0.426430,-0.207888,-0.430763,-0.355479,-0.311850,-0.480020,-0.285157,-0.936198,-0.035335,-0.732295,0.012226,-0.465036,0.039468,-0.233483,-0.068411,-0.973622,0.182646,-0.820144,0.186437,-0.441737,0.096296,-0.221362,0.132762,-0.933009,0.325021,-0.760733,0.276551,-0.459988,0.227923,-0.235209,0.297109,-0.813371,0.434899,-0.752246,0.406531,-0.471958,0.334821,-0.313303
M,Right,legacy_asl_M_280,0.000000,0.000000,-0.224434,-0.039452,-0.395807,-0.193348,-0.428834,-0.352658,-0.329180,-0.497493,-0.279907,-0.916735,-0.029563,-0.766802,0.020763,-0.457049,-0.003900,-0.226528,-0.068255,-0.972980,0.174414,-0.810136,0.172474,-0.456736,0.116771,-0.221176,0.133502,-0.926313,0.331815,-0.762056,0.293153,-0.454105,0.235164,-0.250832,0.316124,-0.814186,0.447786,-0.724681,0.396591,-0.472824,0.334503,-0.311520
M,Right,legacy_asl_M_281,0.000000,0.000000,-0.219217,-0.060879,-0.374653,-0.230360,-0.392088,-0.391862,-0.279071,-0.526164,-0.189619,-0.938019,0.044675,-0.764850,0.064772,-0.452178,0.018001,-0.225485,0.026138,-0.973471,0.251559,-0.788213,0.215501,-0.437216,0.137399,-0.208512,0.222122,-0.907612,0.403329,-0.725234,0.335170,-0.422947,0.257914,-0.226548,0.392771,-0.778552,0.514964,-0.676893,0.439767,-0.431559,0.362490,-0.277262
M,Right,legacy_asl_M_282,0.011508,0.023629,-0.227882,-0.048104,-0.391603,-0.208961,-0.425558,-0.362821,-0.336928,-0.487003,-0.304286,-0.890744,-0.043973,-0.768678,0.051651,-0.462614,-0.014676,-0.233411,-0.087407,-0.969727,0.203682,-0.814368,0.179095,-0.465718,0.104539,-0.209450,0.146972,-0.936175,0.323435,-0.757961,0.291128,-0.443060,0.214012,-0.243269,0.312008,-0.806198,0.468801,-0.730355,0.393024,-0.483035,0.321430,-0.315747
M,Right,legacy_asl_M_283,0.000000,0.000000,-0.225901,-0.039710,-0.398394,-0.194611,-0.431637,-0.354963,-0.331331,-0.500744,-0.281736,-0.922726,-0.029757,-0.771814,0.020899,-0.460036,-0.003926,-0.228009,-0.068701,-0.979339,0.175554,-0.815430,0.173601,-0.459721,0.117534,-0.222622,0.134374,-0.932367,0.333983,-0.767036,0.295069,-0.457073,0.236701,-0.252471,0.318190,-0.819507,0.450713,-0.729417,0.399183,-0.475914,0.336689,-0.313555
M,Right,legacy_asl_M_284,0.000000,0.000000,-0.223333,-0.043413,-0.391643,-0.200116,-0.421753,-0.359741,-0.319672,-0.502532,-0.262958,-0.920156,-0.015744,-0.765992,0.028932,-0.455876,0.000174,-0.226202,-0.050666,-0.972503,0.188654,-0.805587,0.180372,-0.452840,0.120538,-0.218693,0.149899,-0.922295,0.344916,-0.754765,0.300794,-0.448047,0.239256,-0.246171,0.330189,-0.807086,0.460014,-0.715374,0.404386,-0.464876,0.339511,-0.304969
M,Right,legacy_asl_M_285,-0.017187,0.004567,-0.249034,-0.041857,-0.385479,-0.197432,-0.451443,-0.349220,-0.320645,-0.497771,-0.272365,-0.895580,-0.034295,-0.759458,0.003284,-0.472320,-0.016918,-0.249750,-0.067933,-0.966653,0.170111,-0.803437,0.150138,-0.467197,0.128028,-0.226141,0.122318,-0.919924,0.320486,-0.759546,0.300503,-0.437148,0.242688,-0.248640,0.316405,-0.819395,0.444076,-0.717648,0.406998,-0.474726,0.313686,-0.312405
M,Right,legacy_asl_M_286,0.000000,0.000000,-0.229952,-0.040422,-0.405539,-0.198102,-0.439379,-0.361330,-0.337274,-0.509725,-0.286789,-0.939275,-0.030290,-0.785657,0.021273,-0.468287,-0.003996,-0.232098,-0.069933,-0.996904,0.178703,-0.830056,0.176714,-0.467966,0.119642,-0.226615,0.136784,-0.949089,0.339973,-0.780794,0.300361,-0.465271,0.240947,-0.256999,0.323897,-0.834205,0.458796,-0.742500,0.406342,-0.484450,0.342727,-0.319179
M,Right,legacy_asl_M_287,0.000000,0.000000,-0.224396,-0.037535,-0.396761,-0.189766,-0.431050,-0.348546,-0.332753,-0.493968,-0.287022,-0.912937,-0.035846,-0.765314,0.016956,-0.456479,-0.005764,-0.226129,-0.076177,-0.970838,0.167443,-0.810262,0.168423,-0.457419,0.114756,-0.221781,0.125637,-0.925912,0.324985,-0.763559,0.288929,-0.455789,0.232712,-0.252366,0.308889,-0.815475,0.441077,-0.727203,0.392044,-0.475331,0.331388,-0.313776
M,Right,legacy_asl_M_288,0.031139,-0.005182,-0.235726,-0.032160,-0.372527,-0.158831,-0.409540,-0.356600,-0.346943,-0.490526,-0.294243,-0.892310,-0.012864,-0.773056,0.032042,-0.456692,-0.004733,-0.238650,-0.085506,-0.982025,0.145615,-0.828409,0.165816,-0.454893,0.111704,-0.222846,0.146430,-0.945149,0.328905,-0.736954,0.274329,-0.431702,0.227077,-0.241288,0.306275,-0.809033,0.449466,-0.728939,0.386162,-0.463087,0.339438,-0.321638
M,Right,legacy_asl_M_289,0.000000,0.000000,-0.226718,-0.039854,-0.399835,-0.195315,-0.433198,-0.356247,-0.332530,-0.502555,-0.282755,-0.926064,-0.029864,-0.774606,0.020974,-0.461700,-0.003940,-0.228834,-0.068949,-0.982882,0.176189,-0.818380,0.174229,-0.461384,0.117959,-0.223427,0.134860,-0.935739,0.335191,-0.769811,0.296137,-0.458726,0.237558,-0.253384,0.319341,-0.822471,0.452343,-0.732056,0.400627,-0.477636,0.337907,-0.314690
M,Right,legacy_asl_M_290,0.000000,0.000000,-0.225418,-0.030807,-0.402259,-0.177815,-0.441282,-0.335498,-0.347378,-0.483795,-0.314198,-0.903944,-0.058720,-0.763900,0.003296,-0.456782,-0.012525,-0.225855,-0.105179,-0.968126,0.143134,-0.814907,0.154667,-0.462252,0.108071,-0.225114,0.097889,-0.929256,0.302002,-0.772938,0.275167,-0.464226,0.225060,-0.259213,0.284361,-0.824348,0.419130,-0.740069,0.377652,-0.486844,0.321855,-0.323547
M,Right,legacy_asl_M_291,0.000946,-0.021095,-0.237937,-0.049285,-0.406716,-0.214556,-0.434112,-0.354044,-0.334872,-0.503423,-0.283995,-0.918835,-0.023711,-0.764879,0.003466,-0.468541,0.001073,-0.220985,-0.072081,-0.966700,0.171708,-0.805026,0.157562,-0.448478,0.135515,-0.206035,0.136768,-0.916582,0.346273,-0.776470,0.290808,-0.447704,0.240816,-0.245643,0.358350,-0.811323,0.438294,-0.723373,0.387354,-0.471923,0.341500,-0.316247
M,Right,legacy_asl_M_292,0.000000,0.000000,-0.221346,-0.038909,-0.390361,-0.190687,-0.422934,-0.347806,-0.324650,-0.490647,-0.276056,-0.904121,-0.029157,-0.756252,0.020477,-0.450760,-0.003846,-0.223412,-0.067316,-0.959593,0.172014,-0.798989,0.170100,-0.450452,0.115164,-0.218133,0.131665,-0.913567,0.327249,-0.751571,0.289120,-0.447857,0.231929,-0.247380,0.311774,-0.802983,0.441625,-0.714710,0.391134,-0.466318,0.329900,-0.307233
M,Right,legacy_asl_M_293,0.000000,0.000000,-0.225553,-0.029799,-0.403050,-0.176015,-0.442777,-0.333522,-0.349537,-0.482237,-0.318236,-0.902530,-0.062134,-0.763630,0.001254,-0.456792,-0.013534,-0.225797,-0.109506,-0.967646,0.139490,-0.815539,0.152599,-0.462938,0.107064,-0.225595,0.093733,-0.929684,0.298544,-0.774280,0.273089,-0.465452,0.223899,-0.260217,0.280673,-0.825611,0.415817,-0.741936,0.375472,-0.488528,0.320406,-0.324982
M,Right,legacy_asl_M_294,-0.013986,0.025405,-0.367116,0.231101,-0.576230,0.386126,-0.434636,0.663982,-0.298837,0.868588,-0.364253,-0.237357,-0.317092,0.403832,-0.279557,0.848998,-0.243368,1.222444,-0.034431,-0.405655,0.032765,0.335501,0.035291,0.914780,0.038931,1.231889,0.298846,-0.383387,0.381410,0.311449,0.319809,0.802255,0.256264,1.057980,0.550055,-0.235280,0.710091,0.329550,0.590572,0.655445,0.488857,0.727189
M,Right,legacy_asl_M_295,0.000000,0.000000,-0.369302,0.227283,-0.572503,0.406668,-0.464206,0.678853,-0.311365,0.882556,-0.383809,-0.243478,-0.327568,0.405872,-0.274550,0.894126,-0.246462,1.248983,-0.019260,-0.419663,0.030477,0.332627,0.038055,0.917003,0.023361,1.253772,0.304757,-0.395767,0.423097,0.307990,0.348314,0.824372,0.240728,1.093924,0.581026,-0.246678,0.715531,0.343199,0.633334,0.642236,0.505098,0.741857
M,Right,legacy_asl_M_296,0.000000,0.000000,-0.363479,0.212168,-0.564705,0.381623,-0.465789,0.648176,-0.322102,0.849288,-0.366894,-0.244937,-0.327029,0.386397,-0.286642,0.861348,-0.267424,1.206300,-0.009184,-0.407633,0.022039,0.323437,0.016158,0.890625,-0.005725,1.217057,0.304666,-0.377109,0.403554,0.308422,0.319299,0.807771,0.208805,1.066880,0.569353,-0.226193,0.686504,0.349207,0.599977,0.637500,0.473295,0.731258
M,Right,legacy_asl_M_297,-0.007683,0.004505,-0.361155,0.224728,-0.555672,0.378369,-0.454674,0.660724,-0.300169,0.861412,-0.370958,-0.217894,-0.335301,0.384592,-0.266995,0.880358,-0.244172,1.206055,-0.011182,-0.408334,0.011984,0.325068,0.021409,0.875987,0.022996,1.216769,0.298850,-0.364242,0.396509,0.315919,0.348053,0.778231,0.226790,1.058252,0.543288,-0.255488,0.700822,0.324645,0.612358,0.622105,0.475441,0.719398
M,Right,legacy_asl_M_298,0.000000,0.000000,-0.339171,0.208739,-0.525793,0.373489,-0.426332,0.623467,-0.285961,0.810549,-0.352495,-0.223613,-0.300842,0.372758,-0.252150,0.821176,-0.226353,1.147080,-0.017688,-0.385424,0.027990,0.305489,0.034950,0.842186,0.021455,1.151479,0.279892,-0.363477,0.388577,0.282861,0.319895,0.757113,0.221087,1.004673,0.533621,-0.226552,0.657152,0.315198,0.581662,0.589837,0.463888,0.681330
M,Right,legacy_asl_M_299,0.000000,0.000000,-0.341984,0.245314,-0.526436,0.432889,-0.402964,0.688993,-0.241053,0.875747,-0.388243,-0.209458,-0.289359,0.415358,-0.204619,0.884430,-0.153143,1.226060,-0.047363,-0.404976,0.052267,0.319946,0.099592,0.885186,0.108412,1.212233,0.267966,-0.404014,0.430694,0.269226,0.393629,0.774275,0.307916,1.042602,0.545637,-0.278579,0.716222,0.283302,0.657106,0.578437,0.539773,0.683661
