label,handedness,timestamp,x0,y0,x1,y1,x2,y2,x3,y3,x4,y4,x5,y5,x6,y6,x7,y7,x8,y8,x9,y9,x10,y10,x11,y11,x12,y12,x13,y13,x14,y14,x15,y15,x16,y16,x17,y17,x18,y18,x19,y19,x20,y20
N,Right,legacy_asl_N_0,0.000000,0.000000,-0.246301,0.192955,-0.367199,0.613962,-0.286758,1.051361,-0.138990,1.379730,-0.310200,-0.123821,-0.181511,0.866186,-0.094197,1.414630,-0.053086,1.775099,-0.007407,-0.158363,0.120662,0.899395,0.125396,1.504741,0.065103,1.877941,0.267530,-0.058770,0.334942,0.966210,0.290719,1.494922,0.185882,1.796115,0.481160,0.122802,0.492424,0.912837,0.388403,1.297673,0.255484,1.502276
N,Right,legacy_asl_N_1,0.000000,0.000000,0.251758,-0.239265,0.458158,-0.505134,0.574427,-0.672583,0.591574,-0.771446,0.364330,-0.974520,0.421469,-0.657914,0.369734,-0.410688,0.311860,-0.252418,0.115826,-0.986183,0.164674,-0.521836,0.147498,-0.211412,0.134219,-0.009593,-0.096290,-0.904052,-0.046162,-0.555786,-0.052804,-0.347753,-0.074895,-0.195812,-0.262240,-0.776304,-0.209735,-0.594652,-0.207625,-0.478014,-0.235858,-0.407407
N,Right,legacy_asl_N_2,0.000000,0.000000,0.391760,-0.054016,0.694262,-0.156843,0.782037,-0.196631,0.626144,-0.144502,0.253063,-0.894625,0.310243,-0.148212,0.288496,0.348679,0.276591,0.699112,-0.212683,-0.852965,-0.088911,-0.007810,-0.023030,0.405135,0.033886,0.657075,-0.570149,-0.678934,-0.398880,0.091214,-0.282102,0.301465,-0.211604,0.342113,-0.831006,-0.436643,-0.668859,0.077476,-0.518613,0.221537,-0.430815,0.224247
N,Right,legacy_asl_N_3,0.000000,0.000000,0.378570,0.016665,0.711569,0.059993,0.873770,0.143673,0.772651,0.230108,0.395390,-0.625498,0.346211,0.093282,0.280908,0.588728,0.205399,0.903655,-0.081173,-0.633968,-0.093174,0.313632,0.039288,0.743104,0.125895,0.958794,-0.469983,-0.513324,-0.445569,0.370934,-0.315545,0.521507,-0.254810,0.466023,-0.768809,-0.317147,-0.728643,0.315011,-0.585183,0.431704,-0.488120,0.368130
N,Right,legacy_asl_N_4,0.000000,0.000000,0.383887,-0.005378,0.624501,0.022080,0.608929,0.152071,0.401673,0.371714,0.137704,-0.637278,0.176186,0.099195,0.163976,0.663558,0.151609,1.085107,-0.316369,-0.580703,-0.229932,0.299590,-0.175036,0.705217,-0.104019,0.983446,-0.647924,-0.394030,-0.458713,0.372121,-0.295524,0.412597,-0.186873,0.349101,-0.865947,-0.144272,-0.695012,0.365981,-0.534604,0.386099,-0.438850,0.290819
N,Right,legacy_asl_N_5,0.000000,0.000000,0.335406,-0.108664,0.604971,-0.249857,0.698875,-0.312807,0.550702,-0.257600,0.310001,-0.950016,0.429408,-0.433135,0.465203,-0.080598,0.500174,0.129348,-0.055549,-0.943325,0.098920,-0.381959,0.206287,-0.061471,0.301967,0.122086,-0.371406,-0.812755,-0.194727,-0.259877,-0.111447,-0.049985,-0.046907,0.004999,-0.625057,-0.623097,-0.487092,-0.195830,-0.365492,-0.031786,-0.280698,-0.008446
N,Right,legacy_asl_N_6,0.000000,0.000000,0.444479,0.001547,0.825286,0.027261,1.022267,0.127296,0.974943,0.293436,0.528912,-0.689327,0.497305,0.206570,0.421824,0.734768,0.353224,1.090339,0.026626,-0.672147,0.109631,0.282284,0.214317,0.769479,0.279772,1.088226,-0.388304,-0.514863,-0.261531,0.386465,-0.089613,0.635071,0.020392,0.709913,-0.722415,-0.276343,-0.634155,0.333394,-0.477088,0.476914,-0.369788,0.478011
N,Right,legacy_asl_N_7,0.000000,0.000000,0.446618,0.058628,0.854805,0.325210,0.992699,0.608710,0.887315,0.876390,0.542100,0.023381,0.580383,0.956980,0.583554,1.422756,0.620379,1.778937,0.062253,0.097759,0.185828,1.043512,0.259120,1.525392,0.345567,1.896174,-0.300419,0.224810,-0.068279,1.137901,0.091898,1.526633,0.243873,1.777538,-0.530053,0.394096,-0.308204,1.096168,-0.109228,1.355800,0.059062,1.485997
N,Right,legacy_asl_N_8,0.000000,0.000000,0.415953,-0.003539,0.748186,-0.008689,0.811623,0.074529,0.649860,0.215336,0.424372,-0.724258,0.349626,0.077831,0.313431,0.546083,0.314577,0.809151,-0.040401,-0.697991,-0.018723,0.267638,0.073555,0.664353,0.131553,0.853299,-0.421693,-0.543276,-0.332698,0.360341,-0.175256,0.584457,-0.085605,0.608218,-0.712938,-0.316806,-0.625574,0.253226,-0.482432,0.375346,-0.392485,0.321268
N,Right,legacy_asl_N_9,0.000000,0.000000,0.457602,0.119756,0.818752,0.298579,0.822142,0.487002,0.629741,0.600788,0.499209,-0.151096,0.472413,0.745266,0.400840,1.304260,0.290083,1.767222,-0.005337,-0.255529,0.019011,0.799218,0.061798,1.415742,0.039654,1.873560,-0.454171,-0.162526,-0.357091,0.860679,-0.181536,1.019926,-0.087469,0.941070,-0.756508,0.018336,-0.632399,0.854862,-0.422787,1.015247,-0.302930,0.971458
N,Right,legacy_asl_N_10,0.000000,0.000000,0.389383,-0.000781,0.737195,-0.060814,0.835796,-0.101225,0.602606,-0.037484,0.354221,-0.779759,0.380652,-0.065830,0.309765,0.416367,0.227037,0.724951,-0.077546,-0.769457,0.026491,-0.012286,0.089350,0.409386,0.141869,0.697698,-0.433132,-0.629168,-0.311603,0.030168,-0.201771,0.319632,-0.125099,0.478745,-0.715731,-0.417006,-0.632306,0.020202,-0.498900,0.201498,-0.400948,0.279414
N,Right,legacy_asl_N_11,0.000000,0.000000,0.428119,0.001583,0.764567,-0.018651,0.835692,0.034965,0.643174,0.128465,0.547265,-0.786918,0.423728,-0.029914,0.283376,0.418794,0.213863,0.761139,0.081738,-0.857696,0.003813,0.085004,-0.052935,0.520069,-0.094668,0.833113,-0.304031,-0.763544,-0.274587,0.147490,-0.175369,0.409638,-0.100633,0.525114,-0.597110,-0.568357,-0.513369,0.036422,-0.387254,0.234278,-0.300000,0.285180
N,Right,legacy_asl_N_12,0.000000,0.000000,0.325614,-0.138286,0.566659,-0.330945,0.555149,-0.395767,0.379761,-0.345604,0.247947,-0.964244,0.352534,-0.463723,0.367013,-0.208570,0.366887,-0.199866,-0.070636,-0.953787,0.071372,-0.422696,0.128496,-0.179493,0.147411,-0.166065,-0.344979,-0.834937,-0.182412,-0.326610,-0.106067,-0.136793,-0.079896,-0.176184,-0.576339,-0.663675,-0.455799,-0.259449,-0.354751,-0.098887,-0.311078,-0.135757
N,Right,legacy_asl_N_13,0.000000,0.000000,0.392018,-0.100164,0.739309,-0.155375,0.877149,-0.143707,0.791371,-0.104597,0.476093,-0.977264,0.470064,-0.283035,0.501404,0.213891,0.564684,0.561728,0.052258,-0.942881,0.133409,-0.119697,0.206001,0.360554,0.263630,0.689485,-0.314271,-0.797621,-0.164264,-0.017924,-0.013366,0.347734,0.097306,0.588210,-0.597160,-0.590059,-0.477268,-0.098561,-0.348576,0.140297,-0.254334,0.270073
N,Right,legacy_asl_N_14,0.000000,0.000000,0.355126,-0.065711,0.678005,-0.200685,0.841868,-0.337380,0.846820,-0.389552,0.358776,-0.940438,0.400554,-0.344899,0.346520,0.105155,0.318364,0.420130,-0.018669,-0.912588,0.118494,-0.282787,0.164295,0.131550,0.196605,0.434028,-0.329095,-0.756036,-0.170124,-0.196049,-0.083801,0.116230,-0.022628,0.344096,-0.583732,-0.542230,-0.486327,-0.200126,-0.366280,-0.016439,-0.276793,0.106841
N,Right,legacy_asl_N_15,0.000000,0.000000,0.460013,0.162393,0.632719,0.401660,0.468876,0.694559,0.186002,0.879561,0.440233,-0.422023,0.189883,0.246698,0.110169,0.644301,0.074173,0.936552,0.022022,-0.567302,-0.186653,0.277147,-0.235356,0.772476,-0.245851,1.092302,-0.338561,-0.512370,-0.376770,0.347672,-0.207354,0.509061,-0.073739,0.476384,-0.623811,-0.332708,-0.608163,0.277249,-0.425360,0.366611,-0.295034,0.294982
N,Right,legacy_asl_N_16,0.000000,0.000000,0.494574,0.123340,0.972774,0.419089,1.191735,0.683461,1.148471,0.894619,0.576074,0.198401,0.719905,1.119199,0.754037,1.648428,0.735579,2.050423,0.103353,0.283774,0.312859,1.289970,0.435170,1.825249,0.501656,2.212680,-0.255270,0.420812,0.061060,1.403025,0.243689,1.852602,0.365947,2.151682,-0.500214,0.601437,-0.204553,1.335047,0.026963,1.640740,0.186630,1.849313
N,Right,legacy_asl_N_17,0.000000,0.000000,0.343760,0.251376,0.494118,0.459762,0.413344,0.771099,0.293821,0.992446,0.604408,-0.382870,0.623685,0.328513,0.572961,0.903586,0.512571,1.338839,0.306368,-0.539088,0.316905,0.341768,0.262459,1.083136,0.218957,1.641272,-0.030188,-0.500802,-0.010973,0.343626,0.006595,1.002025,0.024543,1.469890,-0.382094,-0.330166,-0.404427,0.322119,-0.380130,0.756807,-0.352882,1.039995
N,Right,legacy_asl_N_18,0.000000,0.000000,0.506107,0.099861,0.886090,0.239637,1.030134,0.432974,0.869126,0.676200,0.504785,-0.287898,0.472429,0.637023,0.418991,1.202744,0.361130,1.568282,-0.033167,-0.305656,0.028505,0.809480,0.100175,1.257105,0.150773,1.525282,-0.456662,-0.183595,-0.312082,0.774766,-0.140399,0.760448,-0.042606,0.600249,-0.770400,0.021739,-0.605498,0.706965,-0.413703,0.711406,-0.299606,0.563892
N,Right,legacy_asl_N_19,0.000000,0.000000,0.331545,-0.091497,0.555011,-0.131299,0.519872,0.050895,0.326630,0.325833,0.285812,-0.919634,0.196197,-0.397615,0.111542,-0.072331,0.026296,0.105513,-0.099358,-0.909140,-0.126305,-0.431643,-0.047525,-0.109424,0.004507,0.090921,-0.411444,-0.789450,-0.423258,-0.369713,-0.308882,-0.114309,-0.207600,0.017521,-0.630877,-0.602438,-0.638658,-0.306991,-0.519680,-0.109826,-0.413824,-0.023330
N,Right,legacy_asl_N_20,0.000000,0.000000,0.382662,-0.163876,0.709617,-0.338601,0.896208,-0.405820,0.927009,-0.436610,0.550363,-0.894205,0.495802,-0.156694,0.407538,0.290392,0.343422,0.603760,0.190022,-0.914131,0.157017,-0.048092,0.142395,0.426110,0.119561,0.791262,-0.112666,-0.839869,-0.079918,-0.099373,-0.033964,0.262923,-0.012072,0.541835,-0.360552,-0.715950,-0.323005,-0.252595,-0.255734,-0.074235,-0.213759,0.027008
N,Right,legacy_asl_N_21,0.000000,0.000000,0.231627,-0.236722,0.405451,-0.543349,0.492047,-0.797788,0.508857,-0.966224,0.322424,-0.985316,0.304053,-0.728809,0.254203,-0.410412,0.239809,-0.193508,0.079997,-0.992952,0.066763,-0.672462,0.058944,-0.355834,0.085039,-0.118653,-0.130590,-0.939841,-0.132568,-0.689185,-0.105357,-0.442062,-0.067804,-0.241144,-0.305652,-0.852686,-0.324004,-0.748228,-0.301587,-0.619005,-0.272304,-0.524804
N,Right,legacy_asl_N_22,0.000000,0.000000,0.442505,0.276995,0.660753,0.655789,0.565713,0.923163,0.356675,0.991164,0.477685,-0.065025,0.338978,0.427797,0.272067,0.851945,0.211987,1.193011,0.062167,-0.168032,-0.062603,0.435259,-0.083270,0.888579,-0.087442,1.182274,-0.312376,-0.131074,-0.366476,0.533167,-0.307077,0.930666,-0.227974,1.167913,-0.612206,-0.008124,-0.616349,0.596870,-0.504188,0.874885,-0.401230,1.025639
N,Right,legacy_asl_N_23,0.000000,0.000000,0.310173,-0.075867,0.612412,-0.221026,0.597934,-0.299524,0.437970,-0.300792,0.211828,-0.949440,0.265508,-0.465550,0.318534,-0.222957,0.336260,-0.237085,-0.140433,-0.914721,-0.044472,-0.379090,0.046888,-0.163771,0.064726,-0.191821,-0.418918,-0.763634,-0.318614,-0.260922,-0.214635,-0.090415,-0.197006,-0.146550,-0.649222,-0.572223,-0.562513,-0.184143,-0.428780,-0.037420,-0.367209,-0.077626
N,Right,legacy_asl_N_24,0.000000,0.000000,0.394962,-0.018716,0.737818,-0.025923,0.918952,0.052306,0.829721,0.157237,0.427719,-0.740767,0.414157,0.163115,0.367433,0.661745,0.340074,0.992029,-0.043113,-0.733081,-0.019050,0.281070,0.071482,0.761278,0.139411,1.056280,-0.434455,-0.588422,-0.348542,0.371196,-0.215186,0.590662,-0.137226,0.612275,-0.743817,-0.359912,-0.667224,0.294377,-0.517671,0.432079,-0.417571,0.399432
N,Right,legacy_asl_N_25,0.000000,0.000000,0.395231,-0.005033,0.746203,-0.036507,0.869526,-0.042929,0.663939,0.024512,0.345705,-0.781140,0.404696,-0.076944,0.313163,0.454102,0.202292,0.835360,-0.103416,-0.746718,0.006082,0.079329,0.081148,0.518629,0.123904,0.803968,-0.459640,-0.578270,-0.320120,0.174916,-0.181037,0.422271,-0.103204,0.513209,-0.729807,-0.334851,-0.643730,0.161833,-0.494780,0.300796,-0.400013,0.312385
N,Right,legacy_asl_N_26,0.000000,0.000000,0.373481,-0.002720,0.624870,-0.003807,0.601909,0.070022,0.409458,0.161631,0.249054,-0.827869,0.255754,-0.105487,0.150628,0.382411,0.052320,0.690511,-0.159721,-0.832217,-0.131366,-0.004973,-0.104848,0.425610,-0.082803,0.653958,-0.492220,-0.682700,-0.399968,0.063311,-0.287717,0.266542,-0.227853,0.287463,-0.736673,-0.450850,-0.640444,0.052637,-0.494516,0.189057,-0.413112,0.182909
N,Right,legacy_asl_N_27,0.000000,0.000000,0.071696,-0.054744,-0.030668,0.036709,-0.271841,0.280972,-0.561386,0.456686,-0.129401,-0.810592,-0.155374,-0.271313,-0.198663,0.061604,-0.183306,0.309232,-0.266347,-0.867904,-0.190566,0.066951,-0.109957,0.624056,-0.029282,1.027020,-0.394933,-0.756046,-0.338880,0.196234,-0.225851,0.631962,-0.141344,0.933851,-0.529354,-0.551679,-0.494793,0.177904,-0.335314,0.483891,-0.205328,0.670030
N,Right,legacy_asl_N_28,0.000000,0.000000,0.405559,0.127301,0.735699,0.303311,0.754481,0.466745,0.535574,0.542658,0.559916,-0.341454,0.380009,0.280424,0.270476,0.677679,0.167997,1.003170,0.205151,-0.456061,0.013309,0.346364,-0.033267,0.774225,-0.088053,1.074487,-0.129532,-0.409921,-0.213045,0.359838,-0.078819,0.436464,0.011996,0.341264,-0.410625,-0.262211,-0.395749,0.302731,-0.258537,0.392897,-0.173365,0.344357
N,Right,legacy_asl_N_29,0.000000,0.000000,0.360872,-0.046978,0.638405,-0.119551,0.679854,-0.132369,0.550572,-0.103742,0.210803,-0.864866,0.325670,-0.280076,0.297251,0.054099,0.244666,0.225538,-0.186669,-0.832405,-0.072610,-0.108577,-0.029625,0.275517,-0.016835,0.422991,-0.472710,-0.657547,-0.284728,0.055571,-0.144162,0.283829,-0.081597,0.298207,-0.669886,-0.413920,-0.546667,0.068413,-0.373321,0.195670,-0.268342,0.164384
N,Right,legacy_asl_N_30,0.000000,0.000000,0.501629,-0.037431,0.820847,0.091556,1.002171,0.408833,1.062377,0.781663,0.747333,-0.778440,1.004150,0.100613,1.076652,0.659570,1.122848,1.037792,0.235851,-0.692167,0.538943,0.279710,0.673668,0.781440,0.766185,1.066359,-0.211510,-0.446355,0.097310,0.381099,0.106960,0.400920,0.059887,0.262137,-0.553011,-0.140069,-0.289953,0.442810,-0.235117,0.423353,-0.271748,0.272755
N,Right,legacy_asl_N_31,0.000000,0.000000,0.342067,0.029074,0.642391,0.173872,0.673802,0.271983,0.540697,0.367869,0.365935,-0.153296,0.378761,0.493529,0.382317,0.865474,0.360147,1.162910,-0.009891,-0.223935,0.076492,0.596012,0.095614,0.999912,0.078206,1.306433,-0.316373,-0.182797,-0.229013,0.609148,-0.118599,0.504766,-0.082466,0.294478,-0.538074,-0.067717,-0.432419,0.503224,-0.320466,0.444591,-0.304937,0.268349
N,Right,legacy_asl_N_32,0.000000,0.000000,0.336558,-0.085826,0.629965,-0.224083,0.652480,-0.300783,0.486236,-0.305171,0.226127,-0.964053,0.313209,-0.404458,0.372661,-0.117877,0.396465,-0.093701,-0.150688,-0.913221,-0.001243,-0.316217,0.082127,-0.051660,0.110110,-0.001944,-0.447998,-0.741169,-0.293946,-0.208723,-0.184956,-0.011293,-0.148968,-0.006470,-0.683131,-0.522936,-0.552456,-0.151246,-0.408022,0.001288,-0.334009,-0.002464
N,Right,legacy_asl_N_33,0.000000,0.000000,0.378002,0.019042,0.730591,0.051472,0.799725,0.154015,0.701106,0.308930,0.485578,-0.651068,0.392341,0.021266,0.329754,0.495680,0.305591,0.795254,0.052834,-0.684457,0.064327,0.170803,0.069390,0.619146,0.043108,0.859625,-0.317950,-0.575237,-0.243499,0.217057,-0.143837,0.548709,-0.105816,0.690411,-0.610565,-0.390477,-0.554662,0.138461,-0.455364,0.384790,-0.400447,0.471449
N,Right,legacy_asl_N_34,0.000000,0.000000,0.376116,-0.064389,0.676746,-0.188322,0.661506,-0.191727,0.433238,-0.061135,0.168606,-0.909984,0.340818,-0.292713,0.351280,0.067829,0.284076,0.188562,-0.225806,-0.864374,-0.064200,-0.157669,0.009830,0.187215,0.011491,0.263668,-0.514495,-0.681990,-0.289857,0.003755,-0.151770,0.233185,-0.127036,0.228319,-0.717819,-0.443161,-0.555559,0.013737,-0.386980,0.173722,-0.319256,0.165215
N,Right,legacy_asl_N_35,0.000000,0.000000,0.410638,-0.031651,0.712428,-0.100831,0.717809,-0.097349,0.458090,-0.026778,0.308030,-0.832785,0.242197,-0.200066,0.095794,0.258474,-0.033662,0.617250,-0.104604,-0.853118,-0.162039,-0.002764,-0.187269,0.433874,-0.215324,0.773557,-0.420833,-0.735158,-0.424674,0.006752,-0.287909,0.114526,-0.184666,0.134067,-0.657335,-0.548962,-0.600992,-0.082598,-0.466564,0.011765,-0.363326,0.009515
N,Right,legacy_asl_N_36,0.000000,0.000000,0.530527,0.176911,0.761803,0.447303,0.518091,0.778590,0.106263,0.950328,0.554383,-0.375893,0.250966,0.304777,0.105116,0.734436,-0.021159,1.047840,0.068162,-0.475659,-0.093530,0.502279,-0.053034,0.904786,-0.040504,1.089538,-0.320960,-0.390450,-0.373121,0.571842,-0.219141,0.604064,-0.143123,0.406506,-0.605285,-0.186509,-0.570003,0.500597,-0.407127,0.533668,-0.329957,0.374883
N,Right,legacy_asl_N_37,0.000000,0.000000,0.450110,-0.025756,0.824368,-0.027978,0.900007,0.027532,0.698710,0.161688,0.456252,-0.790719,0.362973,0.030386,0.341943,0.535893,0.368775,0.826382,-0.014528,-0.756964,-0.007294,0.239410,0.081162,0.665568,0.133915,0.863139,-0.403811,-0.586974,-0.320914,0.348374,-0.182200,0.587257,-0.104651,0.617179,-0.700940,-0.346208,-0.613416,0.240094,-0.493080,0.389871,-0.414550,0.374044
N,Right,legacy_asl_N_38,0.000000,0.000000,0.355386,0.068390,0.605283,0.179274,0.590109,0.295238,0.295661,0.299157,0.175965,-0.430703,0.034583,0.161972,0.000255,0.559949,-0.047288,0.871229,-0.221627,-0.481187,-0.240269,0.247213,-0.239234,0.662452,-0.242761,0.969024,-0.491947,-0.394806,-0.443927,0.337044,-0.296136,0.471308,-0.212537,0.422025,-0.654635,-0.228061,-0.600969,0.320326,-0.434210,0.424416,-0.320541,0.374654
N,Right,legacy_asl_N_39,0.024232,0.016466,-0.249503,0.200932,-0.368012,0.598278,-0.292548,1.045557,-0.137651,1.395516,-0.315230,-0.135772,-0.185103,0.862571,-0.100799,1.409634,-0.062734,1.787927,-0.005375,-0.160595,0.136058,0.890917,0.124669,1.521883,0.068768,1.861374,0.241796,-0.065556,0.343928,0.961814,0.280392,1.485524,0.196176,1.819608,0.495248,0.112631,0.480002,0.923483,0.386429,1.318401,0.280156,1.490403
N,Right,legacy_asl_N_40,0.000000,0.000000,-0.233882,0.183226,-0.348683,0.583004,-0.272298,0.998348,-0.131982,1.310159,-0.294559,-0.117577,-0.172359,0.822510,-0.089447,1.343300,-0.050410,1.685593,-0.007033,-0.150378,0.114577,0.854045,0.119073,1.428867,0.061820,1.783249,0.254041,-0.055806,0.318053,0.917491,0.276060,1.419543,0.176509,1.705549,0.456899,0.116610,0.467594,0.866809,0.368818,1.232240,0.242602,1.426527
N,Right,legacy_asl_N_41,0.000000,0.000000,-0.263096,0.169341,-0.422425,0.577358,-0.382794,1.020322,-0.266040,1.360954,-0.297414,-0.151988,-0.260868,0.845679,-0.224668,1.399849,-0.217082,1.762575,0.007276,-0.158369,0.036936,0.906701,-0.014353,1.509888,-0.108914,1.875910,0.271820,-0.033767,0.244117,0.993054,0.151169,1.515406,0.018917,1.805609,0.467736,0.166790,0.405861,0.954479,0.266683,1.328040,0.115405,1.519470
N,Right,legacy_asl_N_42,-0.011652,0.018160,-0.266183,0.191229,-0.367324,0.618170,-0.288802,1.045506,-0.115874,1.401657,-0.310441,-0.126104,-0.169625,0.882820,-0.074195,1.393871,-0.058758,1.758055,0.006312,-0.196040,0.135713,0.905934,0.144188,1.492357,0.077233,1.854811,0.251827,-0.037083,0.328988,0.956814,0.276979,1.500205,0.191756,1.775720,0.498094,0.125792,0.467959,0.914960,0.378537,1.280535,0.266429,1.494267
N,Right,legacy_asl_N_43,0.000000,0.000000,-0.237525,0.186080,-0.354115,0.592087,-0.276540,1.013901,-0.134038,1.330570,-0.299147,-0.119409,-0.175044,0.835324,-0.090841,1.364227,-0.051195,1.711852,-0.007143,-0.152721,0.116362,0.867350,0.120928,1.451127,0.062783,1.811029,0.257998,-0.056676,0.323008,0.931784,0.280361,1.441657,0.179259,1.732119,0.464017,0.118427,0.474879,0.880313,0.374564,1.251436,0.246381,1.448750
N,Right,legacy_asl_N_44,0.000000,0.000000,-0.261622,0.171609,-0.417417,0.580988,-0.373959,1.023594,-0.254264,1.363203,-0.298717,-0.149411,-0.253547,0.847902,-0.212557,1.401739,-0.201836,1.764386,0.005906,-0.158426,0.044774,0.906348,-0.001299,1.509956,-0.092692,1.876781,0.271518,-0.036116,0.252693,0.990906,0.164265,1.514043,0.034526,1.805378,0.469160,0.162740,0.414097,0.950934,0.278154,1.325685,0.128537,1.518415
N,Right,legacy_asl_N_45,-0.001713,-0.015936,-0.217907,0.180083,-0.359301,0.609615,-0.246880,1.069525,-0.140116,1.378354,-0.285491,-0.134736,-0.188363,0.834468,-0.075816,1.421860,-0.065393,1.765918,-0.001540,-0.163087,0.110963,0.890499,0.131188,1.494399,0.074180,1.875153,0.277112,-0.067474,0.333242,0.983510,0.293203,1.511318,0.178614,1.816439,0.480612,0.092637,0.467908,0.894091,0.414647,1.308179,0.250269,1.502218
N,Right,legacy_asl_N_46,0.000000,0.000000,-0.258662,0.202639,-0.385628,0.644776,-0.301149,1.104126,-0.145966,1.448975,-0.325768,-0.130035,-0.190621,0.909658,-0.098924,1.485628,-0.055751,1.864188,-0.007779,-0.166311,0.126717,0.944534,0.131689,1.580261,0.068370,1.972191,0.280957,-0.061719,0.351752,1.014702,0.305310,1.569949,0.195211,1.886258,0.505309,0.128965,0.517137,0.958650,0.407896,1.362800,0.268306,1.577672
N,Right,legacy_asl_N_47,0.000000,0.000000,-0.246155,0.193141,-0.366734,0.614240,-0.285962,1.051577,-0.137947,1.379834,-0.310293,-0.123586,-0.180856,0.866323,-0.093127,1.414701,-0.051744,1.775139,-0.007527,-0.158357,0.121342,0.899304,0.126534,1.504646,0.066523,1.877891,0.267486,-0.058972,0.335673,0.965957,0.291850,1.494701,0.187240,1.795974,0.481253,0.122438,0.493114,0.912464,0.389384,1.297379,0.256620,1.502083
N,Right,legacy_asl_N_48,-0.007740,0.004907,-0.263635,0.201488,-0.369917,0.604055,-0.261113,1.067971,-0.155564,1.375274,-0.289888,-0.133943,-0.173364,0.876030,-0.098175,1.435929,-0.060408,1.777936,0.002726,-0.169670,0.099862,0.902288,0.141323,1.498636,0.074107,1.900723,0.235565,-0.061877,0.325600,0.952622,0.301407,1.503812,0.194878,1.828572,0.474377,0.091518,0.515895,0.924227,0.379115,1.284780,0.252855,1.498720
N,Right,legacy_asl_N_49,0.000000,0.000000,-0.250907,0.196564,-0.374066,0.625444,-0.292120,1.071023,-0.141589,1.405533,-0.316001,-0.126137,-0.184905,0.882385,-0.095958,1.441086,-0.054079,1.808296,-0.007545,-0.161325,0.122918,0.916216,0.127741,1.532882,0.066321,1.913061,0.272533,-0.059869,0.341206,0.984280,0.296156,1.522879,0.189358,1.829705,0.490159,0.125099,0.501633,0.929909,0.395667,1.321941,0.260262,1.530371
N,Right,legacy_asl_N_50,0.000000,0.000000,-0.240711,0.199886,-0.349579,0.624163,-0.256724,1.059095,-0.099672,1.383126,-0.313598,-0.114944,-0.156789,0.871000,-0.053904,1.416738,-0.002553,1.775891,-0.011910,-0.158088,0.146206,0.895598,0.168164,1.500563,0.118516,1.875328,0.265750,-0.066359,0.362301,0.956288,0.333141,1.486043,0.236917,1.790098,0.484460,0.109060,0.518200,0.898455,0.425172,1.286095,0.298130,1.494398
N,Right,legacy_asl_N_51,0.001581,-0.008283,-0.245606,0.195887,-0.350470,0.598151,-0.297106,1.050160,-0.135512,1.382394,-0.322540,-0.137693,-0.163283,0.874754,-0.105345,1.445416,-0.084740,1.788152,-0.006411,-0.132452,0.127372,0.918468,0.116684,1.493583,0.069419,1.899206,0.287060,-0.053634,0.291974,0.969554,0.293524,1.466221,0.196649,1.800413,0.465227,0.101734,0.479291,0.908702,0.389036,1.274577,0.226433,1.499454
N,Right,legacy_asl_N_52,0.000000,0.000000,-0.245944,0.192675,-0.366666,0.613071,-0.286341,1.049835,-0.138788,1.377727,-0.309750,-0.123641,-0.181247,0.864929,-0.094060,1.412577,-0.053009,1.772523,-0.007396,-0.158133,0.120486,0.898090,0.125214,1.502557,0.065009,1.875215,0.267142,-0.058684,0.334456,0.964808,0.290297,1.492752,0.185612,1.793508,0.480462,0.122624,0.491709,0.911512,0.387839,1.295789,0.255113,1.500096
N,Right,legacy_asl_N_53,0.000000,0.000000,-0.252086,0.185333,-0.385801,0.602447,-0.318772,1.042101,-0.181115,1.374834,-0.306269,-0.133248,-0.207912,0.860231,-0.137410,1.411088,-0.107341,1.772646,-0.002561,-0.158516,0.093103,0.902664,0.079325,1.507872,0.007648,1.879053,0.269202,-0.050562,0.305241,0.976000,0.244871,1.503112,0.130873,1.800959,0.477180,0.137458,0.464280,0.927468,0.348541,1.308943,0.209428,1.509386
N,Right,legacy_asl_N_54,0.013737,-0.020687,-0.255293,0.192963,-0.367931,0.631947,-0.279991,1.042699,-0.145275,1.417980,-0.303644,-0.110980,-0.180804,0.862439,-0.089935,1.407765,-0.049548,1.792708,0.003992,-0.168974,0.113574,0.891178,0.122690,1.498669,0.044888,1.889706,0.260540,-0.058526,0.336929,0.980084,0.297275,1.477678,0.193287,1.805805,0.482043,0.119960,0.485543,0.937270,0.385198,1.302211,0.270926,1.500481
N,Right,legacy_asl_N_55,0.000000,0.000000,-0.240157,0.188141,-0.358038,0.598645,-0.279604,1.025132,-0.135523,1.345309,-0.302461,-0.120732,-0.176983,0.844577,-0.091847,1.379339,-0.051762,1.730815,-0.007222,-0.154412,0.117651,0.876958,0.122268,1.467201,0.063479,1.831090,0.260856,-0.057303,0.326586,0.942105,0.283466,1.457627,0.181245,1.751306,0.469157,0.119738,0.480139,0.890064,0.378713,1.265299,0.249110,1.464798
N,Right,legacy_asl_N_56,0.000000,0.000000,-0.235141,0.206409,-0.332337,0.633511,-0.227594,1.065735,-0.061718,1.385339,-0.316631,-0.106304,-0.132853,0.874971,-0.015045,1.417683,0.046132,1.775294,-0.016240,-0.157702,0.170703,0.891253,0.209237,1.495389,0.169881,1.871374,0.263831,-0.073619,0.388381,0.945996,0.373754,1.476352,0.285901,1.782930,0.487268,0.095738,0.542635,0.883912,0.460269,1.273956,0.338985,1.485663
N,Right,legacy_asl_N_57,-0.013043,-0.011328,-0.240785,0.185938,-0.374781,0.620237,-0.279698,1.065323,-0.152935,1.377171,-0.303304,-0.099493,-0.179205,0.862576,-0.097108,1.411496,-0.066074,1.781656,0.001831,-0.158630,0.131143,0.923464,0.141945,1.509470,0.066139,1.852792,0.268517,-0.075553,0.316594,0.975964,0.293818,1.518235,0.189914,1.802887,0.483536,0.123286,0.482474,0.922305,0.368683,1.297394,0.261565,1.479253
N,Right,legacy_asl_N_58,0.000000,0.000000,-0.234390,0.183624,-0.349441,0.584272,-0.272890,1.000518,-0.132269,1.313008,-0.295199,-0.117833,-0.172733,0.824298,-0.089642,1.346221,-0.050519,1.689258,-0.007049,-0.150705,0.114827,0.855902,0.119332,1.431973,0.061955,1.787126,0.254593,-0.055928,0.318745,0.919485,0.276660,1.422629,0.176893,1.709257,0.457892,0.116863,0.468611,0.868693,0.369620,1.234919,0.243129,1.429628
N,Right,legacy_asl_N_59,0.000000,0.000000,-0.230214,0.211890,-0.317324,0.641163,-0.202429,1.070800,-0.029072,1.386408,-0.319047,-0.098816,-0.112208,0.877858,0.018349,1.417644,0.087933,1.773714,-0.019950,-0.157276,0.191647,0.886985,0.244400,1.490046,0.213910,1.866853,0.262023,-0.079813,0.410554,0.936586,0.408423,1.467140,0.327815,1.775702,0.489388,0.084235,0.563304,0.870886,0.490147,1.262762,0.373883,1.477267
N,Right,legacy_asl_N_60,-0.007722,0.004552,0.267764,-0.248971,0.429374,-0.486857,0.577555,-0.646429,0.565443,-0.766386,0.382877,-0.993146,0.425158,-0.646987,0.343954,-0.427088,0.308675,-0.265813,0.089104,-0.978299,0.169163,-0.504133,0.165678,-0.222691,0.117154,0.008943,-0.093338,-0.892235,-0.059867,-0.536611,-0.038429,-0.338204,-0.068224,-0.170819,-0.281094,-0.793284,-0.208410,-0.579868,-0.209353,-0.464317,-0.241681,-0.427278
N,Right,legacy_asl_N_61,0.000000,0.000000,0.258960,-0.246109,0.471263,-0.519583,0.590858,-0.691822,0.608496,-0.793513,0.374752,-1.002396,0.433526,-0.676734,0.380310,-0.422436,0.320780,-0.259639,0.119139,-1.014393,0.169385,-0.536763,0.151717,-0.217459,0.138058,-0.009868,-0.099044,-0.929912,-0.047482,-0.571684,-0.054314,-0.357701,-0.077037,-0.201414,-0.269741,-0.798510,-0.215734,-0.611662,-0.213564,-0.491688,-0.242605,-0.419061
N,Right,legacy_asl_N_62,0.000000,0.000000,0.259516,-0.230827,0.474577,-0.489740,0.596308,-0.653261,0.616708,-0.751505,0.396290,-0.961967,0.442950,-0.643648,0.383085,-0.398264,0.320019,-0.241990,0.148305,-0.981824,0.181805,-0.516118,0.154394,-0.206429,0.134463,-0.005159,-0.066405,-0.906737,-0.027797,-0.557006,-0.041300,-0.349306,-0.068392,-0.198177,-0.236480,-0.784535,-0.189998,-0.601249,-0.191738,-0.484605,-0.222286,-0.414968
N,Right,legacy_asl_N_63,-0.018185,-0.016130,0.234484,-0.233946,0.442976,-0.500314,0.568958,-0.676655,0.605900,-0.758567,0.364176,-1.003834,0.411045,-0.651126,0.376368,-0.385740,0.315402,-0.273845,0.123317,-1.016151,0.167860,-0.518126,0.160520,-0.203335,0.125381,-0.026649,-0.078830,-0.900970,-0.064871,-0.543474,-0.041002,-0.353818,-0.032982,-0.207925,-0.281005,-0.776730,-0.214730,-0.626103,-0.179824,-0.470675,-0.248357,-0.431026
N,Right,legacy_asl_N_64,0.000000,0.000000,0.251749,-0.239256,0.458141,-0.505116,0.574406,-0.672559,0.591552,-0.771418,0.364317,-0.974485,0.421454,-0.657890,0.369721,-0.410673,0.311848,-0.252409,0.115822,-0.986148,0.164668,-0.521818,0.147493,-0.211404,0.134214,-0.009593,-0.096286,-0.904019,-0.046160,-0.555766,-0.052802,-0.347741,-0.074892,-0.195805,-0.262230,-0.776276,-0.209727,-0.594630,-0.207617,-0.477997,-0.235850,-0.407392
N,Right,legacy_asl_N_65,0.000000,0.000000,0.267194,-0.221895,0.490910,-0.473367,0.618116,-0.632666,0.641835,-0.730161,0.428680,-0.947976,0.464520,-0.628258,0.396369,-0.385045,0.328041,-0.230999,0.181511,-0.976231,0.199200,-0.509657,0.161305,-0.201075,0.134560,-0.000597,-0.035621,-0.908467,-0.008894,-0.557628,-0.029432,-0.350506,-0.061633,-0.200382,-0.209742,-0.792102,-0.169502,-0.607346,-0.175196,-0.490828,-0.208087,-0.422267
N,Right,legacy_asl_N_66,-0.009230,-0.014186,0.253083,-0.234735,0.458928,-0.537654,0.557211,-0.707416,0.587403,-0.772505,0.345364,-0.971451,0.424426,-0.672851,0.365232,-0.421485,0.285359,-0.251353,0.145157,-0.977993,0.162680,-0.531399,0.134382,-0.193722,0.156633,0.004624,-0.111451,-0.892803,-0.031836,-0.583310,-0.083589,-0.345878,-0.078214,-0.211097,-0.263348,-0.778821,-0.179463,-0.614504,-0.205196,-0.481537,-0.214373,-0.400652
N,Right,legacy_asl_N_67,0.000000,0.000000,0.235745,-0.224047,0.429017,-0.473005,0.537891,-0.629804,0.553947,-0.722379,0.341158,-0.912537,0.394662,-0.616068,0.346218,-0.384567,0.292024,-0.236363,0.108459,-0.923459,0.154201,-0.488646,0.138117,-0.197965,0.125682,-0.008983,-0.090165,-0.846551,-0.043226,-0.520436,-0.049445,-0.325635,-0.070131,-0.183358,-0.245560,-0.726928,-0.196395,-0.556830,-0.194419,-0.447611,-0.220857,-0.381495
N,Right,legacy_asl_N_68,0.000000,0.000000,0.272203,-0.215721,0.501616,-0.462006,0.632435,-0.618352,0.658380,-0.715279,0.450266,-0.937916,0.478779,-0.617461,0.405078,-0.375872,0.333242,-0.223430,0.203809,-0.971820,0.210814,-0.504964,0.165865,-0.197331,0.134539,0.002484,-0.014818,-0.909044,0.003872,-0.557686,-0.021401,-0.351088,-0.057030,-0.201740,-0.191556,-0.796696,-0.155556,-0.611066,-0.163915,-0.494709,-0.198367,-0.426919
N,Right,legacy_asl_N_69,-0.008264,0.001052,0.215731,-0.237803,0.443013,-0.522069,0.558441,-0.666382,0.603428,-0.763162,0.371769,-0.985251,0.432272,-0.677036,0.359642,-0.426104,0.298457,-0.248366,0.126417,-0.981192,0.188009,-0.508584,0.122519,-0.215877,0.146374,-0.018501,-0.099413,-0.936431,-0.068876,-0.553274,-0.058926,-0.356416,-0.085047,-0.182746,-0.257120,-0.769577,-0.201579,-0.580630,-0.204282,-0.499065,-0.236642,-0.414210
N,Right,legacy_asl_N_70,0.000000,0.000000,0.253569,-0.240987,0.461454,-0.508768,0.578560,-0.677423,0.595830,-0.776997,0.366952,-0.981532,0.424502,-0.662648,0.372395,-0.413643,0.314104,-0.254234,0.116659,-0.993279,0.165859,-0.525591,0.148560,-0.212933,0.135185,-0.009662,-0.096983,-0.910557,-0.046494,-0.559785,-0.053184,-0.350256,-0.075433,-0.197221,-0.264127,-0.781890,-0.211244,-0.598931,-0.209119,-0.481453,-0.237555,-0.410339
N,Right,legacy_asl_N_71,0.000000,0.000000,0.236838,-0.254042,0.426793,-0.531899,0.532730,-0.706068,0.543871,-0.805787,0.304771,-0.994756,0.380939,-0.682182,0.344239,-0.432282,0.296035,-0.270804,0.056015,-0.991380,0.132837,-0.530834,0.134452,-0.219939,0.133394,-0.017687,-0.150749,-0.896580,-0.079666,-0.551980,-0.073724,-0.343927,-0.086591,-0.190928,-0.308675,-0.759037,-0.245288,-0.580890,-0.236133,-0.464593,-0.260048,-0.392409
N,Right,legacy_asl_N_72,0.037880,0.003925,0.253070,-0.245693,0.442981,-0.508731,0.588373,-0.676033,0.576559,-0.788277,0.339969,-0.984831,0.422382,-0.657563,0.386387,-0.404973,0.304043,-0.217959,0.115914,-0.963597,0.166778,-0.521007,0.146343,-0.241431,0.122389,-0.001188,-0.099754,-0.905748,-0.048153,-0.548574,-0.051788,-0.334417,-0.065595,-0.210304,-0.261878,-0.755258,-0.232873,-0.612354,-0.187232,-0.478892,-0.277702,-0.392702
N,Right,legacy_asl_N_73,0.000000,0.000000,0.261731,-0.248743,0.476306,-0.525143,0.597181,-0.699226,0.615007,-0.802005,0.378763,-1.013123,0.438165,-0.683976,0.384380,-0.426957,0.324213,-0.262417,0.120414,-1.025248,0.171198,-0.542507,0.153341,-0.219786,0.139536,-0.009973,-0.100104,-0.939863,-0.047990,-0.577802,-0.054896,-0.361529,-0.077861,-0.203569,-0.272628,-0.807055,-0.218043,-0.618207,-0.215849,-0.496949,-0.245201,-0.423545
N,Right,legacy_asl_N_74,0.000000,0.000000,0.266547,-0.222671,0.489531,-0.474792,0.616273,-0.634461,0.639709,-0.732025,0.425921,-0.949219,0.462691,-0.629607,0.395247,-0.386197,0.327367,-0.231952,0.178671,-0.976755,0.197717,-0.510234,0.160719,-0.201544,0.134558,-0.000988,-0.038263,-0.908359,-0.010516,-0.557600,-0.030451,-0.350419,-0.062216,-0.200202,-0.212045,-0.791489,-0.171267,-0.606850,-0.176622,-0.490316,-0.209315,-0.421660
N,Right,legacy_asl_N_75,-0.016055,-0.014563,0.260757,-0.229509,0.446696,-0.517583,0.560154,-0.691709,0.595107,-0.764949,0.342798,-0.967967,0.406587,-0.649841,0.366866,-0.404788,0.314375,-0.247610,0.124765,-0.980148,0.173085,-0.506763,0.132740,-0.215756,0.137524,-0.012724,-0.077601,-0.897531,-0.029227,-0.549568,-0.063538,-0.358994,-0.072958,-0.206763,-0.251440,-0.777778,-0.195424,-0.585590,-0.189416,-0.486365,-0.247329,-0.416217
N,Right,legacy_asl_N_76,0.000000,0.000000,0.253256,-0.240689,0.460884,-0.508139,0.577845,-0.676585,0.595093,-0.776036,0.366498,-0.980318,0.423977,-0.661829,0.371934,-0.413132,0.313715,-0.253920,0.116515,-0.992051,0.165654,-0.524941,0.148376,-0.212670,0.135018,-0.009650,-0.096863,-0.909431,-0.046437,-0.559093,-0.053118,-0.349823,-0.075340,-0.196977,-0.263800,-0.780923,-0.210983,-0.598190,-0.208860,-0.480858,-0.237262,-0.409831
N,Right,legacy_asl_N_77,0.000000,0.000000,0.230332,-0.259955,0.413194,-0.542531,0.514688,-0.719326,0.523301,-0.819295,0.279495,-1.002152,0.363550,-0.691606,0.333187,-0.440857,0.289086,-0.278210,0.030905,-0.992481,0.119358,-0.534026,0.128842,-0.223272,0.132904,-0.021058,-0.173394,-0.892477,-0.093611,-0.549787,-0.082405,-0.341950,-0.091396,-0.188675,-0.327788,-0.750981,-0.259913,-0.574495,-0.247817,-0.458467,-0.269897,-0.385701
N,Right,legacy_asl_N_78,0.041875,-0.018994,0.233036,-0.216255,0.486037,-0.534266,0.574543,-0.651464,0.600677,-0.765842,0.364549,-0.951785,0.427527,-0.650278,0.373808,-0.411875,0.315363,-0.236991,0.098932,-0.986444,0.134779,-0.530434,0.153530,-0.246527,0.133434,-0.021447,-0.105189,-0.885272,-0.037647,-0.572288,-0.064937,-0.384755,-0.080385,-0.224171,-0.284149,-0.761879,-0.196596,-0.605168,-0.196374,-0.487793,-0.229033,-0.375609
N,Right,legacy_asl_N_79,0.000000,0.000000,0.259005,-0.246152,0.471346,-0.519674,0.590962,-0.691943,0.608602,-0.793652,0.374818,-1.002571,0.433601,-0.676852,0.380377,-0.422510,0.320836,-0.259684,0.119160,-1.014570,0.169415,-0.536857,0.151744,-0.217497,0.138083,-0.009869,-0.099061,-0.930075,-0.047491,-0.571784,-0.054324,-0.357763,-0.077050,-0.201449,-0.269788,-0.798650,-0.215772,-0.611769,-0.213601,-0.491773,-0.242647,-0.419134
N,Right,legacy_asl_N_80,0.000000,0.000000,0.232971,-0.257593,0.418704,-0.538289,0.521996,-0.714041,0.531628,-0.813916,0.289699,-0.999250,0.370583,-0.687863,0.337665,-0.437436,0.291908,-0.275248,0.041023,-0.992114,0.124797,-0.532782,0.131112,-0.221946,0.133111,-0.019701,-0.164285,-0.894199,-0.088000,-0.550713,-0.078914,-0.342773,-0.089468,-0.189597,-0.320114,-0.754284,-0.254041,-0.577116,-0.243129,-0.460970,-0.265950,-0.388433
N,Right,legacy_asl_N_81,0.006809,0.000476,0.410608,-0.058502,0.703124,-0.176998,0.781551,-0.197241,0.624632,-0.123682,0.269226,-0.916380,0.316406,-0.149522,0.304195,0.326079,0.292579,0.706144,-0.223266,-0.852386,-0.097852,-0.014352,-0.006077,0.386418,-0.005131,0.644721,-0.589023,-0.670234,-0.376467,0.110265,-0.260504,0.300994,-0.204583,0.329089,-0.851584,-0.440897,-0.652201,0.050381,-0.528653,0.232151,-0.445879,0.239879
N,Right,legacy_asl_N_82,0.000000,0.000000,0.378926,-0.052247,0.671518,-0.151704,0.756417,-0.190189,0.605631,-0.139768,0.244773,-0.865317,0.300080,-0.143357,0.279044,0.337256,0.267529,0.676209,-0.205715,-0.825021,-0.085999,-0.007554,-0.022276,0.391863,0.032776,0.635549,-0.551471,-0.656691,-0.385812,0.088226,-0.272860,0.291589,-0.204671,0.330905,-0.803782,-0.422338,-0.646947,0.074938,-0.501623,0.214279,-0.416701,0.216900
N,Right,legacy_asl_N_83,0.000000,0.000000,0.391258,-0.057541,0.692822,-0.163087,0.780235,-0.203664,0.624817,-0.150134,0.244998,-0.896867,0.308896,-0.150999,0.291623,0.346067,0.282874,0.696594,-0.220354,-0.851015,-0.088978,-0.007009,-0.019382,0.405326,0.039800,0.656743,-0.576239,-0.673773,-0.398042,0.094802,-0.279376,0.303993,-0.208515,0.344005,-0.834903,-0.429143,-0.668134,0.083494,-0.516598,0.226197,-0.428778,0.228116
N,Right,legacy_asl_N_84,-0.000404,0.007690,0.429580,-0.048084,0.703233,-0.158501,0.770944,-0.218281,0.653226,-0.160553,0.225848,-0.892265,0.301350,-0.130499,0.297745,0.341968,0.258726,0.697666,-0.211385,-0.855880,-0.070842,-0.021481,0.003517,0.377630,0.027408,0.647188,-0.566877,-0.687739,-0.396786,0.084234,-0.291489,0.294050,-0.201060,0.329449,-0.861475,-0.420251,-0.667765,0.081841,-0.490475,0.221378,-0.434837,0.217132
N,Right,legacy_asl_N_85,0.000000,0.000000,0.365643,-0.050415,0.647978,-0.146386,0.729901,-0.183522,0.584401,-0.134869,0.236192,-0.834983,0.289560,-0.138331,0.269262,0.325433,0.258151,0.652505,-0.198504,-0.796100,-0.082984,-0.007289,-0.021495,0.378126,0.031627,0.613270,-0.532139,-0.633671,-0.372288,0.085133,-0.263295,0.281367,-0.197497,0.319306,-0.775605,-0.407533,-0.624268,0.072311,-0.484039,0.206767,-0.402094,0.209297
N,Right,legacy_asl_N_86,0.000000,0.000000,0.385413,-0.088602,0.677585,-0.217893,0.761479,-0.265321,0.610833,-0.199550,0.172594,-0.913568,0.295852,-0.175185,0.318328,0.321674,0.337598,0.671779,-0.287610,-0.830701,-0.089254,0.000119,0.013048,0.405579,0.092119,0.651467,-0.628204,-0.625604,-0.389200,0.126286,-0.254208,0.325332,-0.180378,0.359557,-0.866507,-0.361100,-0.659333,0.136583,-0.496884,0.266729,-0.409192,0.261629
N,Right,legacy_asl_N_87,0.036274,-0.016947,0.406962,-0.057226,0.689121,-0.128134,0.784681,-0.202159,0.631298,-0.152869,0.232336,-0.886743,0.313544,-0.168771,0.289276,0.345286,0.293659,0.707534,-0.227083,-0.848883,-0.076241,0.023679,-0.055318,0.383972,0.052295,0.675426,-0.590483,-0.649567,-0.417024,0.092586,-0.259948,0.288622,-0.191203,0.355002,-0.810299,-0.436801,-0.697321,0.065954,-0.531049,0.219569,-0.420976,0.234168
N,Right,legacy_asl_N_88,0.000000,0.000000,0.382681,-0.052765,0.678173,-0.153208,0.763913,-0.192074,0.611633,-0.141153,0.247198,-0.873892,0.303054,-0.144777,0.281810,0.340598,0.270181,0.682910,-0.207754,-0.833197,-0.086851,-0.007629,-0.022497,0.395746,0.033101,0.641847,-0.556936,-0.663199,-0.389636,0.089100,-0.275564,0.294479,-0.206700,0.334185,-0.811747,-0.426524,-0.653358,0.075680,-0.506594,0.216402,-0.420831,0.219050
N,Right,legacy_asl_N_89,0.000000,0.000000,0.394966,-0.019898,0.705234,-0.096149,0.796124,-0.128189,0.636303,-0.089752,0.329564,-0.869358,0.321910,-0.120797,0.257226,0.372346,0.215027,0.720433,-0.138040,-0.868175,-0.087901,-0.015478,-0.058018,0.401620,-0.023127,0.657541,-0.509231,-0.725744,-0.405279,0.056339,-0.307142,0.275911,-0.240427,0.322510,-0.790084,-0.506947,-0.673055,0.019279,-0.535845,0.175807,-0.448611,0.186108
N,Right,legacy_asl_N_90,0.040245,0.016652,0.403044,-0.069222,0.671397,-0.131774,0.783425,-0.180826,0.643335,-0.128138,0.241726,-0.900027,0.311510,-0.148093,0.282572,0.338588,0.282540,0.665403,-0.194111,-0.822637,-0.067211,-0.009198,-0.000199,0.405359,0.012615,0.669874,-0.582107,-0.672618,-0.398422,0.100188,-0.314961,0.293378,-0.183880,0.335431,-0.790357,-0.428193,-0.670531,0.070704,-0.515977,0.219450,-0.436572,0.207158
N,Right,legacy_asl_N_91,0.000000,0.000000,0.386246,-0.053256,0.684490,-0.154635,0.771029,-0.193863,0.617330,-0.142468,0.249501,-0.882032,0.305876,-0.146126,0.284435,0.343771,0.272697,0.689271,-0.209689,-0.840958,-0.087660,-0.007700,-0.022706,0.399432,0.033409,0.647826,-0.562124,-0.669377,-0.393265,0.089930,-0.278131,0.297222,-0.208625,0.337298,-0.819309,-0.430497,-0.659444,0.076385,-0.511313,0.218418,-0.424751,0.221090
N,Right,legacy_asl_N_92,0.000000,0.000000,0.394411,-0.028873,0.702865,-0.112159,0.793003,-0.146258,0.634098,-0.104197,0.309712,-0.876627,0.319080,-0.128085,0.265626,0.366401,0.231353,0.715357,-0.157744,-0.864812,-0.088231,-0.013475,-0.048871,0.402835,-0.008170,0.657897,-0.525601,-0.713978,-0.403893,0.065540,-0.300789,0.282823,-0.233032,0.327893,-0.801407,-0.488851,-0.672443,0.034578,-0.531709,0.187945,-0.444264,0.196260
N,Right,legacy_asl_N_93,0.012009,-0.000534,0.387837,-0.051660,0.687377,-0.161648,0.778516,-0.203800,0.639612,-0.148468,0.254599,-0.875131,0.349316,-0.145999,0.305337,0.339052,0.260733,0.724098,-0.225527,-0.853111,-0.087911,-0.013952,-0.046904,0.443030,0.030921,0.669767,-0.558163,-0.679047,-0.420540,0.061182,-0.294927,0.307809,-0.205990,0.335535,-0.837570,-0.452410,-0.674128,0.099699,-0.533829,0.225451,-0.429126,0.226665
N,Right,legacy_asl_N_94,0.000000,0.000000,0.387425,-0.053419,0.686578,-0.155107,0.773382,-0.194455,0.619214,-0.142903,0.250262,-0.884724,0.306810,-0.146572,0.285303,0.344820,0.273529,0.691375,-0.210329,-0.843525,-0.087927,-0.007723,-0.022776,0.400651,0.033511,0.649803,-0.563839,-0.671420,-0.394465,0.090205,-0.278980,0.298129,-0.209262,0.338327,-0.821809,-0.431810,-0.661456,0.076618,-0.512874,0.219085,-0.426047,0.221765
N,Right,legacy_asl_N_95,0.000000,0.000000,0.394463,-0.028162,0.703066,-0.110892,0.793266,-0.144827,0.634285,-0.103053,0.311292,-0.876067,0.319310,-0.127509,0.264965,0.366879,0.230062,0.715773,-0.156185,-0.865095,-0.088206,-0.013634,-0.049597,0.402747,-0.009356,0.657882,-0.524312,-0.714925,-0.404011,0.064811,-0.301298,0.282280,-0.233623,0.327472,-0.800524,-0.490295,-0.672504,0.033365,-0.532047,0.186986,-0.444617,0.195458
N,Right,legacy_asl_N_96,-0.010313,-0.008363,0.388201,-0.066184,0.695363,-0.145860,0.787031,-0.219500,0.636744,-0.148976,0.231981,-0.884610,0.305555,-0.136721,0.283914,0.343797,0.266822,0.693501,-0.233528,-0.865802,-0.093900,-0.015606,-0.035573,0.413713,0.056010,0.681370,-0.581952,-0.663559,-0.411410,0.091288,-0.278513,0.290585,-0.200364,0.343937,-0.844814,-0.414525,-0.671690,0.080389,-0.520835,0.226426,-0.438907,0.214545
N,Right,legacy_asl_N_97,0.000000,0.000000,0.408216,-0.056285,0.723424,-0.163431,0.814886,-0.204890,0.652445,-0.150572,0.263693,-0.932204,0.323275,-0.154438,0.300614,0.363325,0.288209,0.728478,-0.221616,-0.888793,-0.092646,-0.008138,-0.023998,0.422153,0.035309,0.684675,-0.594098,-0.707452,-0.415635,0.095046,-0.293951,0.314128,-0.220492,0.356484,-0.865912,-0.454984,-0.696954,0.080730,-0.540397,0.230842,-0.448911,0.233666
N,Right,legacy_asl_N_98,0.000000,0.000000,0.395121,-0.016538,0.706026,-0.090147,0.797185,-0.121413,0.637043,-0.084337,0.336946,-0.866523,0.322926,-0.118055,0.254050,0.374520,0.208892,0.722236,-0.130651,-0.869318,-0.087767,-0.016225,-0.061432,0.401112,-0.028718,0.657321,-0.503040,-0.730049,-0.405743,0.052890,-0.309477,0.273288,-0.243161,0.320453,-0.785744,-0.513648,-0.673195,0.013554,-0.537321,0.171243,-0.450178,0.182285
N,Right,legacy_asl_N_99,0.014368,-0.002832,0.414227,-0.041460,0.694934,-0.166022,0.771680,-0.199205,0.628751,-0.134926,0.248986,-0.915737,0.315683,-0.143702,0.305086,0.343994,0.282654,0.696062,-0.227438,-0.853512,-0.047806,-0.004060,-0.017131,0.423744,0.018516,0.647335,-0.554830,-0.679151,-0.395879,0.066229,-0.292241,0.305470,-0.242919,0.348446,-0.841395,-0.423188,-0.661376,0.068978,-0.494780,0.237875,-0.423992,0.249853
N,Right,legacy_asl_N_100,0.000000,0.000000,0.417831,-0.057611,0.740464,-0.167280,0.834080,-0.209716,0.667813,-0.154119,0.269904,-0.954161,0.330890,-0.158075,0.307694,0.371883,0.294997,0.745637,-0.226836,-0.909728,-0.094828,-0.008329,-0.024563,0.432096,0.036141,0.700802,-0.608092,-0.724115,-0.425424,0.097284,-0.300875,0.321527,-0.225685,0.364880,-0.886308,-0.465701,-0.713370,0.082632,-0.553126,0.236279,-0.459485,0.239170
N,Right,legacy_asl_N_101,0.000000,0.000000,0.394682,-0.024901,0.703959,-0.105078,0.794435,-0.138267,0.635115,-0.097808,0.318521,-0.873464,0.320353,-0.124866,0.261924,0.369056,0.224140,0.717650,-0.149031,-0.866356,-0.088091,-0.014362,-0.052924,0.402323,-0.014792,0.657782,-0.518387,-0.719233,-0.404532,0.061471,-0.303620,0.279781,-0.236321,0.325530,-0.796445,-0.496894,-0.672757,0.027807,-0.533574,0.182583,-0.446217,0.191778
N,Right,legacy_asl_N_102,-0.003655,0.001840,0.356913,0.023357,0.679508,0.052400,0.881515,0.150147,0.761571,0.229581,0.367196,-0.616678,0.357838,0.070888,0.264593,0.599317,0.194903,0.904515,-0.070102,-0.635799,-0.106058,0.323103,0.048678,0.754658,0.129191,0.964243,-0.473113,-0.527264,-0.446454,0.344996,-0.298133,0.538444,-0.269247,0.454634,-0.783686,-0.325480,-0.726462,0.297466,-0.575890,0.430069,-0.504180,0.367774
N,Right,legacy_asl_N_103,0.000000,0.000000,0.381325,0.016787,0.716748,0.060430,0.880131,0.144719,0.778275,0.231783,0.398268,-0.630051,0.348731,0.093961,0.282952,0.593013,0.206894,0.910233,-0.081764,-0.638582,-0.093853,0.315915,0.039574,0.748513,0.126811,0.965773,-0.473404,-0.517061,-0.448813,0.373634,-0.317842,0.525303,-0.256665,0.469416,-0.774405,-0.319456,-0.733947,0.317304,-0.589443,0.434847,-0.491674,0.370810
N,Right,legacy_asl_N_104,0.000000,0.000000,0.378402,-0.020110,0.714033,-0.009266,0.883582,0.058298,0.791318,0.154127,0.332895,-0.660880,0.353623,0.059283,0.336653,0.558726,0.292027,0.879489,-0.142245,-0.623113,-0.062333,0.321186,0.111136,0.735796,0.218243,0.942075,-0.517529,-0.465349,-0.407514,0.412378,-0.263506,0.549639,-0.208436,0.488529,-0.795931,-0.241129,-0.694676,0.384159,-0.540580,0.486396,-0.450137,0.413712
N,Right,legacy_asl_N_105,0.002424,-0.003420,0.350354,0.036931,0.703767,0.069230,0.858704,0.150329,0.745332,0.242323,0.378484,-0.613833,0.349816,0.115342,0.286786,0.607006,0.216848,0.888235,-0.074299,-0.648408,-0.127656,0.339935,0.033283,0.758162,0.141154,0.985622,-0.465971,-0.512863,-0.453354,0.380245,-0.336777,0.513959,-0.256170,0.467879,-0.777138,-0.311418,-0.709809,0.318196,-0.584323,0.431375,-0.492386,0.366411
N,Right,legacy_asl_N_106,0.000000,0.000000,0.390309,0.017182,0.733634,0.061853,0.900865,0.148129,0.796610,0.237244,0.407650,-0.644894,0.356947,0.096175,0.289618,0.606984,0.211768,0.931677,-0.083691,-0.653626,-0.096063,0.323357,0.040506,0.766146,0.129799,0.988525,-0.484557,-0.529242,-0.459386,0.382436,-0.325329,0.537678,-0.262712,0.480474,-0.792649,-0.326981,-0.751238,0.324779,-0.603329,0.445091,-0.503256,0.379545
N,Right,legacy_asl_N_107,0.000000,0.000000,0.378921,0.003383,0.713234,0.035009,0.878270,0.112951,0.780243,0.202878,0.373217,-0.638976,0.349269,0.081087,0.301375,0.578518,0.236954,0.895899,-0.103350,-0.630732,-0.082121,0.316705,0.065316,0.741269,0.159432,0.953791,-0.487691,-0.496531,-0.432291,0.386327,-0.297067,0.532249,-0.238315,0.474670,-0.779455,-0.289998,-0.717151,0.340363,-0.569688,0.451955,-0.474914,0.385017
N,Right,legacy_asl_N_108,-0.016846,-0.006450,0.367905,0.004013,0.702906,0.058920,0.851166,0.120719,0.783382,0.224639,0.395812,-0.635848,0.334713,0.101530,0.284023,0.599651,0.201164,0.893434,-0.095398,-0.604771,-0.101742,0.301786,0.057592,0.749325,0.096368,0.978998,-0.450318,-0.510063,-0.447352,0.358359,-0.305699,0.521122,-0.254575,0.454832,-0.771699,-0.338187,-0.693495,0.360745,-0.598755,0.416801,-0.493340,0.378191
N,Right,legacy_asl_N_109,0.000000,0.000000,0.392245,0.017267,0.737274,0.062160,0.905335,0.148864,0.800563,0.238421,0.409673,-0.648094,0.358718,0.096652,0.291055,0.609996,0.212819,0.936300,-0.084106,-0.656870,-0.096540,0.324962,0.040707,0.769948,0.130443,0.993430,-0.486961,-0.531868,-0.461665,0.384333,-0.326944,0.540347,-0.264015,0.482858,-0.796582,-0.328604,-0.754966,0.326391,-0.606323,0.447300,-0.505754,0.381429
N,Right,legacy_asl_N_110,0.000000,0.000000,0.375584,0.050288,0.703407,0.123078,0.857518,0.220860,0.749108,0.297953,0.449484,-0.587831,0.336536,0.123721,0.227402,0.611390,0.124167,0.918348,-0.024435,-0.638676,-0.120715,0.304096,-0.026997,0.743652,0.040072,0.966193,-0.422438,-0.553112,-0.476811,0.329811,-0.360702,0.491358,-0.295271,0.441499,-0.737536,-0.384305,-0.753785,0.248919,-0.621279,0.377916,-0.518944,0.323231
N,Right,legacy_asl_N_111,-0.006508,-0.018637,0.383851,-0.011230,0.738887,0.078171,0.858117,0.149124,0.771837,0.237661,0.408502,-0.616840,0.354796,0.084913,0.258518,0.622677,0.213294,0.898527,-0.077836,-0.652762,-0.109524,0.304960,0.045017,0.748179,0.152329,0.955063,-0.474868,-0.512650,-0.416329,0.383973,-0.309051,0.513563,-0.222151,0.478323,-0.763461,-0.308396,-0.732697,0.309857,-0.591954,0.426027,-0.479859,0.368099
N,Right,legacy_asl_N_112,0.000000,0.000000,0.365589,0.016094,0.687171,0.057936,0.843811,0.138747,0.746159,0.222218,0.381833,-0.604051,0.334340,0.090084,0.271276,0.568542,0.198356,0.872671,-0.078390,-0.612230,-0.089980,0.302878,0.037941,0.717624,0.121578,0.925919,-0.453869,-0.495724,-0.430292,0.358215,-0.304726,0.503626,-0.246073,0.450045,-0.742448,-0.306273,-0.703660,0.304210,-0.565118,0.416902,-0.471384,0.355508
N,Right,legacy_asl_N_113,0.000000,0.000000,0.376867,0.039549,0.706633,0.102952,0.863472,0.196297,0.757306,0.276453,0.432525,-0.600419,0.339930,0.114066,0.244759,0.604651,0.150326,0.914431,-0.042652,-0.637718,-0.111987,0.307417,-0.005762,0.744119,0.067631,0.964656,-0.438051,-0.540830,-0.467204,0.343284,-0.346532,0.501452,-0.282550,0.449746,-0.748203,-0.363099,-0.746374,0.270331,-0.610240,0.395493,-0.509507,0.337910
N,Right,legacy_asl_N_114,-0.007206,-0.006975,0.385196,0.025702,0.699006,0.065564,0.898962,0.147012,0.779463,0.238652,0.392535,-0.642264,0.330923,0.076440,0.265210,0.577684,0.200846,0.901014,-0.077027,-0.618851,-0.081196,0.315271,0.052484,0.749583,0.132650,0.941971,-0.471593,-0.515052,-0.441198,0.374954,-0.301815,0.525420,-0.233463,0.491831,-0.762875,-0.297546,-0.726879,0.316370,-0.585042,0.419504,-0.487155,0.330310
N,Right,legacy_asl_N_115,0.000000,0.000000,0.385364,0.016965,0.724340,0.061070,0.889454,0.146252,0.786519,0.234238,0.402487,-0.636725,0.352425,0.094956,0.285950,0.599295,0.209085,0.919875,-0.082630,-0.645347,-0.094847,0.319261,0.039993,0.756442,0.128155,0.976003,-0.478419,-0.522538,-0.453567,0.377591,-0.321208,0.530868,-0.259384,0.474388,-0.782608,-0.322840,-0.741722,0.320665,-0.595686,0.439453,-0.496882,0.374737
N,Right,legacy_asl_N_116,0.000000,0.000000,0.378760,0.011569,0.712312,0.050410,0.875625,0.131900,0.775678,0.219688,0.386935,-0.630763,0.347435,0.088614,0.288806,0.584894,0.217542,0.900809,-0.089699,-0.632818,-0.088945,0.314857,0.049286,0.742508,0.138788,0.957013,-0.476850,-0.506952,-0.440536,0.376897,-0.308497,0.525707,-0.248515,0.469411,-0.773008,-0.306771,-0.724338,0.324789,-0.579319,0.439541,-0.483121,0.374666
N,Right,legacy_asl_N_117,-0.004946,0.016479,0.386240,0.024912,0.713360,0.055145,0.874007,0.155838,0.755723,0.225494,0.427081,-0.606331,0.346373,0.069064,0.297038,0.594974,0.222302,0.887700,-0.083230,-0.628191,-0.087205,0.319836,0.053270,0.741298,0.093604,0.937578,-0.493236,-0.509982,-0.448065,0.385548,-0.335916,0.525203,-0.238595,0.470286,-0.765443,-0.343429,-0.727551,0.326909,-0.599003,0.411010,-0.487278,0.367085
N,Right,legacy_asl_N_118,0.000000,0.000000,0.387658,0.017065,0.728651,0.061433,0.894747,0.147123,0.791200,0.235632,0.404882,-0.640514,0.354522,0.095522,0.287651,0.602861,0.210329,0.925349,-0.083122,-0.649187,-0.095411,0.321161,0.040231,0.760943,0.128917,0.981812,-0.481266,-0.525648,-0.456266,0.379838,-0.323120,0.534027,-0.260927,0.477211,-0.787266,-0.324761,-0.746136,0.322573,-0.599231,0.442068,-0.499839,0.376967
N,Right,legacy_asl_N_119,0.000000,0.000000,0.378920,-0.003478,0.713751,0.022090,0.880171,0.097032,0.783788,0.188718,0.361587,-0.645628,0.350679,0.074750,0.311800,0.572966,0.253135,0.891462,-0.114753,-0.628757,-0.076374,0.318140,0.078726,0.739965,0.176675,0.950748,-0.496601,-0.487620,-0.425225,0.394090,-0.287382,0.537540,-0.229682,0.478907,-0.784578,-0.275839,-0.710872,0.353291,-0.561412,0.462195,-0.467865,0.393552
N,Right,legacy_asl_N_120,0.023442,-0.016854,0.400550,0.009022,0.720781,0.059840,0.877430,0.143334,0.787573,0.250632,0.355580,-0.619374,0.348366,0.076489,0.254423,0.588616,0.208451,0.906531,-0.050893,-0.643268,-0.085493,0.305670,0.020960,0.735261,0.121067,0.953265,-0.462688,-0.528191,-0.430373,0.379530,-0.321921,0.522145,-0.246656,0.500629,-0.761876,-0.307401,-0.743877,0.343331,-0.590103,0.418423,-0.468009,0.392655
N,Right,legacy_asl_N_121,0.000000,0.000000,0.369364,0.016260,0.694266,0.058534,0.852523,0.140180,0.753863,0.224513,0.385775,-0.610288,0.337792,0.091014,0.274077,0.574412,0.200404,0.881682,-0.079200,-0.618552,-0.090909,0.306005,0.038332,0.725034,0.122834,0.935480,-0.458555,-0.500842,-0.434735,0.361914,-0.307872,0.508826,-0.248614,0.454691,-0.750114,-0.309435,-0.710925,0.307351,-0.570953,0.421207,-0.476251,0.359178
N,Right,legacy_asl_N_122,0.000000,0.000000,0.376030,0.046840,0.704506,0.116619,0.859508,0.212983,0.751810,0.291068,0.444072,-0.591930,0.337657,0.120628,0.233002,0.609278,0.132588,0.917171,-0.030294,-0.638425,-0.117919,0.305190,-0.020173,0.743868,0.048936,0.965785,-0.427495,-0.549212,-0.473765,0.334172,-0.356178,0.494647,-0.291207,0.444189,-0.741031,-0.377522,-0.751470,0.255825,-0.617785,0.383601,-0.515956,0.327979
N,Right,legacy_asl_N_123,-0.002125,0.004954,0.379326,0.016791,0.625104,0.008432,0.614075,0.155811,0.370697,0.393020,0.133371,-0.632516,0.183511,0.110224,0.132278,0.664749,0.190002,1.090626,-0.326550,-0.568923,-0.235252,0.309211,-0.183609,0.708898,-0.108271,1.001044,-0.649456,-0.377548,-0.440610,0.395406,-0.290359,0.428753,-0.165725,0.352341,-0.876357,-0.158744,-0.669181,0.372178,-0.533211,0.387539,-0.460385,0.273244
N,Right,legacy_asl_N_124,0.000000,0.000000,0.405595,-0.005683,0.659816,0.023329,0.643362,0.160670,0.424386,0.392734,0.145491,-0.673315,0.186149,0.104805,0.173249,0.701081,0.160183,1.146468,-0.334259,-0.613541,-0.242935,0.316531,-0.184934,0.745096,-0.109901,1.039058,-0.684563,-0.416311,-0.484652,0.393164,-0.312235,0.435928,-0.197440,0.368842,-0.914914,-0.152431,-0.734313,0.386676,-0.564835,0.407933,-0.463666,0.307264
N,Right,legacy_asl_N_125,0.000000,0.000000,0.382182,-0.036533,0.624232,-0.028703,0.619266,0.102123,0.430530,0.337870,0.085501,-0.646355,0.183659,0.084561,0.217317,0.648052,0.239221,1.069212,-0.362479,-0.553096,-0.204846,0.317271,-0.117193,0.717102,-0.023818,0.988645,-0.677780,-0.340116,-0.426981,0.408141,-0.261045,0.435231,-0.157908,0.363122,-0.874802,-0.073480,-0.662998,0.421209,-0.501486,0.428235,-0.413786,0.325494
N,Right,legacy_asl_N_126,-0.000941,0.023060,0.374221,-0.011594,0.632795,0.024089,0.615755,0.155382,0.417740,0.369021,0.126376,-0.634863,0.179912,0.094018,0.183160,0.660685,0.160290,1.087523,-0.298952,-0.582002,-0.227926,0.285503,-0.181046,0.714977,-0.088047,0.993092,-0.627812,-0.396782,-0.474945,0.389550,-0.314384,0.405904,-0.188642,0.346449,-0.861879,-0.142904,-0.691881,0.366313,-0.541385,0.385771,-0.420182,0.300455
N,Right,legacy_asl_N_127,0.000000,0.000000,0.369367,-0.005175,0.600880,0.021245,0.585896,0.146319,0.386480,0.357654,0.132495,-0.613173,0.169522,0.095443,0.157774,0.638460,0.145875,1.044063,-0.304403,-0.558738,-0.221235,0.288258,-0.168415,0.678543,-0.100085,0.946247,-0.623417,-0.379126,-0.441363,0.358046,-0.284346,0.396991,-0.179805,0.335896,-0.833193,-0.138815,-0.668723,0.352138,-0.514383,0.371495,-0.422251,0.279819
N,Right,legacy_asl_N_128,0.000000,0.000000,0.383737,-0.011996,0.624789,0.011310,0.611460,0.141550,0.408022,0.364733,0.126696,-0.639557,0.177870,0.096143,0.175393,0.660633,0.170295,1.082332,-0.326334,-0.575162,-0.224733,0.303510,-0.162851,0.708130,-0.087048,0.985093,-0.654621,-0.382800,-0.452229,0.379975,-0.288366,0.417631,-0.180826,0.352271,-0.868305,-0.129321,-0.688598,0.377909,-0.527867,0.395259,-0.433771,0.298342
N,Right,legacy_asl_N_129,-0.029616,-0.009696,0.393926,0.006363,0.591003,0.025815,0.612370,0.161418,0.418893,0.372644,0.130919,-0.622960,0.197141,0.104730,0.161598,0.678418,0.136501,1.095515,-0.337498,-0.595539,-0.242671,0.301963,-0.177839,0.678581,-0.139740,0.987117,-0.628249,-0.387012,-0.437256,0.373018,-0.291800,0.414832,-0.205504,0.341173,-0.842722,-0.152689,-0.693706,0.339438,-0.544354,0.394922,-0.455677,0.295952
N,Right,legacy_asl_N_130,0.000000,0.000000,0.387688,-0.005432,0.630685,0.022299,0.614958,0.153577,0.405650,0.375394,0.139067,-0.643588,0.177930,0.100178,0.165600,0.670128,0.153111,1.095851,-0.319502,-0.586453,-0.232209,0.302556,-0.176769,0.712200,-0.105049,0.993183,-0.654339,-0.397931,-0.463255,0.375806,-0.298450,0.416682,-0.188723,0.352557,-0.874521,-0.145701,-0.701893,0.369605,-0.539897,0.389922,-0.443195,0.293698
N,Right,legacy_asl_N_131,0.000000,0.000000,0.383648,-0.014568,0.624851,0.007121,0.612395,0.137448,0.410457,0.361990,0.122406,-0.640392,0.178510,0.094949,0.179817,0.659442,0.177547,1.081166,-0.330182,-0.572962,-0.222693,0.305009,-0.158101,0.709206,-0.080443,0.985654,-0.657173,-0.378403,-0.449672,0.382998,-0.285560,0.419554,-0.178461,0.353475,-0.869153,-0.123498,-0.686050,0.382517,-0.525206,0.398789,-0.431761,0.301243
N,Right,legacy_asl_N_132,-0.012431,-0.011030,0.366850,-0.005191,0.644525,0.042574,0.609819,0.163724,0.386769,0.377509,0.129996,-0.609839,0.145660,0.092587,0.171565,0.630335,0.182649,1.088673,-0.317404,-0.580433,-0.246669,0.314007,-0.156999,0.714429,-0.105913,1.010345,-0.668122,-0.394156,-0.466386,0.362956,-0.286949,0.421496,-0.172001,0.321079,-0.898993,-0.152093,-0.700751,0.349699,-0.541226,0.343761,-0.441976,0.310846
N,Right,legacy_asl_N_133,0.000000,0.000000,0.407141,-0.005704,0.662331,0.023418,0.645815,0.161283,0.426004,0.394231,0.146045,-0.675881,0.186859,0.105204,0.173909,0.703754,0.160793,1.150838,-0.335534,-0.615880,-0.243861,0.317738,-0.185639,0.747936,-0.110320,1.043019,-0.687173,-0.417898,-0.486500,0.394663,-0.313426,0.437590,-0.198193,0.370248,-0.918402,-0.153012,-0.737113,0.388151,-0.566988,0.409488,-0.465434,0.308435
N,Right,legacy_asl_N_134,0.000000,0.000000,0.381808,-0.040260,0.623922,-0.034792,0.620233,0.096076,0.433806,0.333654,0.079191,-0.647158,0.184475,0.082765,0.223629,0.645901,0.249641,1.066828,-0.367857,-0.549533,-0.201741,0.319255,-0.110191,0.718211,-0.014172,0.988830,-0.681066,-0.333487,-0.422979,0.412287,-0.256786,0.437757,-0.154358,0.364645,-0.875477,-0.064942,-0.658857,0.427657,-0.497285,0.433107,-0.410591,0.329515
N,Right,legacy_asl_N_135,-0.014517,-0.007951,0.384147,-0.001037,0.615405,0.033203,0.599937,0.112502,0.399071,0.374260,0.121210,-0.633448,0.167579,0.111998,0.178957,0.665185,0.178787,1.093527,-0.314826,-0.565708,-0.237801,0.297627,-0.202204,0.710323,-0.103009,0.971048,-0.665272,-0.397836,-0.478619,0.397063,-0.293076,0.421755,-0.174150,0.342565,-0.870016,-0.126531,-0.693239,0.382894,-0.508844,0.388633,-0.447592,0.295509
N,Right,legacy_asl_N_136,0.000000,0.000000,0.404962,-0.005674,0.658785,0.023292,0.642358,0.160420,0.423724,0.392121,0.145264,-0.672263,0.185858,0.104641,0.172978,0.699987,0.159933,1.144678,-0.333738,-0.612583,-0.242555,0.316037,-0.184645,0.743933,-0.109730,1.037435,-0.683494,-0.415661,-0.483896,0.392550,-0.311748,0.435248,-0.197132,0.368266,-0.913486,-0.152193,-0.733167,0.386073,-0.563953,0.407296,-0.462942,0.306784
N,Right,legacy_asl_N_137,0.000000,0.000000,0.383492,0.018211,0.621966,0.060397,0.598438,0.189186,0.378083,0.395684,0.176587,-0.627616,0.169760,0.109830,0.122909,0.672377,0.084673,1.092370,-0.280104,-0.599039,-0.247900,0.284901,-0.218022,0.693134,-0.164229,0.975200,-0.622498,-0.433083,-0.480704,0.343243,-0.320309,0.393666,-0.207963,0.336963,-0.855450,-0.197189,-0.716179,0.322600,-0.557310,0.352534,-0.455885,0.263314
N,Right,legacy_asl_N_138,0.021522,0.013863,0.388467,-0.031767,0.611812,0.072907,0.582117,0.154910,0.416127,0.363692,0.118740,-0.617097,0.176121,0.103273,0.173143,0.645993,0.160076,1.083509,-0.315978,-0.564670,-0.253829,0.306374,-0.168857,0.727995,-0.103848,0.980625,-0.650948,-0.398118,-0.467125,0.346829,-0.293941,0.431509,-0.199144,0.355148,-0.876232,-0.131652,-0.712822,0.387025,-0.522491,0.378997,-0.446390,0.304098
N,Right,legacy_asl_N_139,0.000000,0.000000,0.407838,-0.005714,0.663465,0.023458,0.646921,0.161559,0.426734,0.394906,0.146296,-0.677039,0.187179,0.105384,0.174207,0.704959,0.161069,1.152809,-0.336108,-0.616934,-0.244278,0.318282,-0.185957,0.749217,-0.110509,1.044805,-0.688349,-0.418614,-0.487333,0.395339,-0.313962,0.438340,-0.198532,0.370882,-0.919975,-0.153274,-0.738375,0.388815,-0.567959,0.410189,-0.466231,0.308964
N,Right,legacy_asl_N_140,0.000000,0.000000,0.383278,0.022271,0.621291,0.066980,0.596401,0.195513,0.373871,0.399666,0.183224,-0.625711,0.168588,0.111622,0.115782,0.673641,0.073100,1.093206,-0.273744,-0.601972,-0.250903,0.282260,-0.225350,0.690787,-0.174547,0.973406,-0.617877,-0.439651,-0.484312,0.338133,-0.324460,0.390252,-0.211520,0.334742,-0.853314,-0.206237,-0.719555,0.314998,-0.561012,0.346612,-0.458648,0.258471
N,Right,legacy_asl_N_141,0.010364,0.019359,0.387720,0.019897,0.588898,0.026039,0.574811,0.165889,0.399020,0.354646,0.101429,-0.607746,0.154201,0.098031,0.171176,0.661107,0.139459,1.080008,-0.319756,-0.609873,-0.219442,0.315891,-0.161891,0.706261,-0.100541,0.984709,-0.654928,-0.397056,-0.463816,0.389134,-0.300832,0.392493,-0.168933,0.347349,-0.861939,-0.166255,-0.740345,0.369677,-0.525132,0.358377,-0.436528,0.283180
N,Right,legacy_asl_N_142,0.000000,0.000000,0.402954,-0.005646,0.655520,0.023177,0.639174,0.159624,0.421623,0.390177,0.144544,-0.668931,0.184937,0.104122,0.172121,0.696517,0.159140,1.139003,-0.332083,-0.609546,-0.241353,0.314470,-0.183730,0.740245,-0.109186,1.032293,-0.680106,-0.413601,-0.481497,0.390604,-0.310202,0.433090,-0.196155,0.366440,-0.908958,-0.151438,-0.729532,0.384159,-0.561157,0.405277,-0.460648,0.305263
N,Right,legacy_asl_N_143,0.000000,0.000000,0.383595,0.015895,0.622319,0.056639,0.599570,0.185568,0.380465,0.393393,0.172793,-0.628671,0.170421,0.108803,0.126968,0.671623,0.091269,1.091839,-0.283716,-0.597336,-0.246175,0.286393,-0.213831,0.694439,-0.158336,0.976174,-0.625103,-0.429315,-0.478622,0.346140,-0.317925,0.395593,-0.205924,0.338213,-0.856625,-0.192019,-0.714217,0.326920,-0.555170,0.355893,-0.454286,0.266063
N,Right,legacy_asl_N_144,-0.014205,0.018145,0.343753,-0.109835,0.622642,-0.254615,0.710280,-0.316822,0.533886,-0.273051,0.326003,-0.961547,0.414175,-0.439871,0.458860,-0.105557,0.504678,0.138758,-0.065266,-0.944866,0.096031,-0.361685,0.215065,-0.057895,0.296278,0.144413,-0.367530,-0.805629,-0.204732,-0.261326,-0.131481,-0.056083,-0.061738,0.002711,-0.605187,-0.625632,-0.478556,-0.174913,-0.335478,-0.049522,-0.284667,-0.012701
N,Right,legacy_asl_N_145,0.000000,0.000000,0.339180,-0.109887,0.611779,-0.252669,0.706740,-0.316327,0.556899,-0.260499,0.313490,-0.960707,0.434240,-0.438009,0.470438,-0.081505,0.505803,0.130804,-0.056174,-0.953941,0.100033,-0.386258,0.208608,-0.062163,0.305365,0.123460,-0.375586,-0.821902,-0.196918,-0.262802,-0.112701,-0.050548,-0.047435,0.005055,-0.632091,-0.630109,-0.492574,-0.198034,-0.369605,-0.032143,-0.283857,-0.008541
N,Right,legacy_asl_N_146,0.000000,0.000000,0.340292,-0.092228,0.616403,-0.220149,0.713256,-0.278459,0.562575,-0.230522,0.355822,-0.933821,0.449958,-0.411746,0.468571,-0.057885,0.493294,0.153513,-0.009620,-0.944910,0.117373,-0.376698,0.209032,-0.051369,0.295674,0.136623,-0.331452,-0.829851,-0.181862,-0.269037,-0.108885,-0.055345,-0.047095,0.002712,-0.594024,-0.652749,-0.476995,-0.219280,-0.363514,-0.049517,-0.279955,-0.022083
N,Right,legacy_asl_N_147,-0.023605,-0.014639,0.310280,-0.111684,0.587521,-0.261241,0.703934,-0.316201,0.557879,-0.256190,0.296054,-0.948424,0.444143,-0.448743,0.464314,-0.071707,0.496301,0.103133,-0.051146,-0.946648,0.092887,-0.378195,0.216077,-0.043575,0.283987,0.120026,-0.380746,-0.800487,-0.194548,-0.275440,-0.113163,-0.041328,-0.074497,0.031253,-0.607565,-0.628070,-0.480911,-0.183489,-0.360848,-0.016550,-0.297402,-0.022595
N,Right,legacy_asl_N_148,0.000000,0.000000,0.340847,-0.110426,0.614784,-0.253910,0.710212,-0.317881,0.559635,-0.261779,0.315030,-0.965427,0.436374,-0.440161,0.472749,-0.081905,0.508288,0.131446,-0.056450,-0.958628,0.100524,-0.388156,0.209633,-0.062469,0.306865,0.124067,-0.377431,-0.825940,-0.197885,-0.264093,-0.113255,-0.050796,-0.047668,0.005080,-0.635197,-0.633204,-0.494994,-0.199007,-0.371421,-0.032301,-0.285252,-0.008583
N,Right,legacy_asl_N_149,0.000000,0.000000,0.323417,-0.140380,0.578172,-0.306814,0.665595,-0.378494,0.523410,-0.309309,0.217309,-0.975401,0.385815,-0.472380,0.455309,-0.124912,0.510286,0.080703,-0.145907,-0.933627,0.061771,-0.389695,0.199428,-0.081003,0.312298,0.092515,-0.447762,-0.773320,-0.218790,-0.239970,-0.115733,-0.039049,-0.046210,0.009482,-0.682021,-0.560172,-0.503651,-0.148135,-0.366855,0.003470,-0.280211,0.018557
N,Right,legacy_asl_N_150,0.015875,0.019888,0.317262,-0.121871,0.590492,-0.243929,0.690505,-0.290330,0.562037,-0.267305,0.276441,-0.956015,0.421447,-0.434796,0.462900,-0.087159,0.480142,0.125303,-0.062201,-0.962461,0.086615,-0.379998,0.201172,-0.074119,0.300850,0.112932,-0.376695,-0.842930,-0.218836,-0.260341,-0.131149,-0.060542,-0.054175,0.012504,-0.618414,-0.626485,-0.498365,-0.186755,-0.347953,-0.052736,-0.292898,-0.020657
N,Right,legacy_asl_N_151,0.000000,0.000000,0.346784,-0.112350,0.625494,-0.258333,0.722584,-0.323419,0.569384,-0.266340,0.320518,-0.982245,0.443975,-0.447829,0.480985,-0.083332,0.517143,0.133736,-0.057433,-0.975327,0.102276,-0.394917,0.213285,-0.063557,0.312211,0.126228,-0.384006,-0.840328,-0.201333,-0.268693,-0.115227,-0.051681,-0.048498,0.005168,-0.646262,-0.644235,-0.503617,-0.202474,-0.377891,-0.032864,-0.290221,-0.008732
N,Right,legacy_asl_N_152,0.000000,0.000000,0.324366,-0.138172,0.580250,-0.302866,0.668159,-0.373948,0.525506,-0.305734,0.223953,-0.973897,0.389026,-0.469740,0.456150,-0.121806,0.509724,0.084180,-0.139540,-0.934600,0.064426,-0.389265,0.199976,-0.079642,0.311660,0.094641,-0.442480,-0.776354,-0.217149,-0.241456,-0.115464,-0.039837,-0.046273,0.009166,-0.678186,-0.564808,-0.502629,-0.151565,-0.366870,0.000970,-0.280331,0.016647
N,Right,legacy_asl_N_153,0.024303,0.015506,0.345505,-0.094405,0.605085,-0.242395,0.701727,-0.304705,0.554283,-0.274328,0.308263,-0.937393,0.406284,-0.455388,0.475827,-0.074764,0.513319,0.140916,-0.060192,-0.934828,0.046028,-0.366108,0.199368,-0.056447,0.299922,0.102725,-0.375616,-0.832167,-0.213763,-0.282406,-0.092293,-0.046040,-0.043945,0.006744,-0.640443,-0.614947,-0.484245,-0.193958,-0.375993,-0.041385,-0.291374,0.003795
N,Right,legacy_asl_N_154,0.000000,0.000000,0.351074,-0.113740,0.633232,-0.261529,0.731523,-0.327420,0.576428,-0.269634,0.324483,-0.994396,0.449468,-0.453369,0.486935,-0.084363,0.523540,0.135391,-0.058144,-0.987393,0.103541,-0.399803,0.215924,-0.064343,0.316073,0.127789,-0.388757,-0.850724,-0.203823,-0.272017,-0.116653,-0.052320,-0.049098,0.005232,-0.654257,-0.652205,-0.509847,-0.204979,-0.382566,-0.033270,-0.293811,-0.008840
N,Right,legacy_asl_N_155,0.000000,0.000000,0.329157,-0.126335,0.590837,-0.281655,0.681263,-0.349507,0.536233,-0.286504,0.259074,-0.965148,0.405782,-0.455344,0.460262,-0.105207,0.506342,0.102583,-0.105604,-0.939040,0.078481,-0.386677,0.202728,-0.072348,0.308028,0.105865,-0.414076,-0.791868,-0.208263,-0.249161,-0.113946,-0.043992,-0.046575,0.007485,-0.657288,-0.588997,-0.496811,-0.169667,-0.366664,-0.012316,-0.280750,0.006484
N,Right,legacy_asl_N_156,-0.012732,-0.016920,0.343462,-0.110636,0.592052,-0.254125,0.682390,-0.297670,0.550574,-0.238373,0.335663,-0.934063,0.425856,-0.425915,0.464005,-0.087124,0.499405,0.109380,-0.054402,-0.938879,0.085443,-0.384556,0.220299,-0.053410,0.311569,0.122296,-0.379649,-0.816662,-0.189651,-0.261875,-0.093471,-0.052332,-0.061064,-0.015515,-0.617735,-0.590631,-0.509797,-0.190085,-0.342756,-0.036289,-0.279824,0.001172
N,Right,legacy_asl_N_157,0.000000,0.000000,0.313374,-0.101526,0.565233,-0.233445,0.652969,-0.292260,0.514529,-0.240680,0.289638,-0.887613,0.401202,-0.404684,0.434646,-0.075304,0.467320,0.120852,-0.051900,-0.881362,0.092422,-0.356870,0.192737,-0.057434,0.282132,0.114067,-0.347010,-0.759369,-0.181936,-0.242807,-0.104126,-0.046702,-0.043826,0.004670,-0.584000,-0.582168,-0.455097,-0.182967,-0.341484,-0.029698,-0.262260,-0.007891
N,Right,legacy_asl_N_158,0.000000,0.000000,0.333110,-0.115510,0.599727,-0.262194,0.692321,-0.327055,0.545310,-0.268825,0.290479,-0.956165,0.420447,-0.441838,0.463454,-0.090109,0.502718,0.119077,-0.074857,-0.941990,0.091076,-0.383905,0.204985,-0.065683,0.304404,0.115876,-0.387974,-0.804978,-0.200008,-0.255834,-0.112447,-0.047692,-0.046795,0.005958,-0.637687,-0.610164,-0.491001,-0.185813,-0.366066,-0.024293,-0.280812,-0.002695
N,Right,legacy_asl_N_159,-0.019227,-0.009520,0.370274,-0.079022,0.624196,-0.278626,0.681460,-0.339378,0.530057,-0.247129,0.307544,-0.947316,0.428191,-0.441769,0.456932,-0.066141,0.507898,0.127037,-0.039869,-0.977789,0.076001,-0.410379,0.216042,-0.086319,0.314946,0.081403,-0.376064,-0.817275,-0.197162,-0.264893,-0.121844,-0.033762,-0.027095,0.014357,-0.650486,-0.609714,-0.480629,-0.185407,-0.381913,-0.039589,-0.258756,-0.029588
N,Right,legacy_asl_N_160,0.000000,0.000000,0.358494,-0.116144,0.646615,-0.267056,0.746983,-0.334340,0.588610,-0.275333,0.331340,-1.015412,0.458967,-0.462950,0.497226,-0.086146,0.534605,0.138252,-0.059373,-1.008261,0.105729,-0.408252,0.220487,-0.065703,0.322753,0.130490,-0.396973,-0.868703,-0.208131,-0.277766,-0.119118,-0.053426,-0.050136,0.005343,-0.668084,-0.665989,-0.520622,-0.209311,-0.390651,-0.033974,-0.300020,-0.009027
N,Right,legacy_asl_N_161,0.000000,0.000000,0.342578,-0.083337,0.621926,-0.204025,0.720264,-0.259794,0.568386,-0.215796,0.380015,-0.924240,0.460526,-0.399891,0.469919,-0.045666,0.489130,0.166304,0.014985,-0.944841,0.127141,-0.373515,0.210298,-0.045909,0.292016,0.144275,-0.309734,-0.838200,-0.174795,-0.273681,-0.107407,-0.058161,-0.047149,0.001485,-0.576827,-0.667994,-0.471124,-0.231625,-0.362101,-0.058965,-0.279286,-0.029364
N,Right,legacy_asl_N_162,-0.017757,-0.002967,0.343543,-0.115384,0.590005,-0.244136,0.690695,-0.294591,0.556578,-0.242853,0.266684,-0.939116,0.423887,-0.433348,0.459124,-0.070896,0.501862,0.130956,-0.049689,-0.963304,0.090602,-0.378781,0.198820,-0.061595,0.285045,0.093991,-0.396027,-0.818093,-0.212631,-0.273947,-0.119409,-0.059886,-0.071218,0.022514,-0.609686,-0.622062,-0.495175,-0.188166,-0.362594,-0.029220,-0.304382,-0.000614
N,Right,legacy_asl_N_163,0.000000,0.000000,0.345500,-0.111934,0.623177,-0.257376,0.719907,-0.322221,0.567275,-0.265353,0.319330,-0.978606,0.442331,-0.446170,0.479203,-0.083023,0.515226,0.133241,-0.057220,-0.971714,0.101897,-0.393454,0.212495,-0.063321,0.311054,0.125760,-0.382583,-0.837214,-0.200587,-0.267698,-0.114801,-0.051490,-0.048319,0.005149,-0.643867,-0.641848,-0.501751,-0.201724,-0.376491,-0.032742,-0.289145,-0.008700
N,Right,legacy_asl_N_164,0.000000,0.000000,0.325578,-0.135292,0.582912,-0.297711,0.671448,-0.368011,0.528196,-0.301064,0.232577,-0.971874,0.393175,-0.466273,0.457212,-0.117758,0.508958,0.088695,-0.131250,-0.935800,0.067874,-0.388679,0.200674,-0.077866,0.310809,0.097400,-0.435581,-0.780246,-0.215000,-0.243371,-0.115106,-0.040859,-0.046353,0.008756,-0.673153,-0.570798,-0.501266,-0.156014,-0.366864,-0.002282,-0.280468,0.014161
N,Right,legacy_asl_N_165,-0.008515,0.004413,0.442973,0.021055,0.814919,0.005463,1.023739,0.127557,0.952186,0.286218,0.528942,-0.676691,0.494586,0.189149,0.430153,0.744845,0.337202,1.088398,0.038959,-0.648992,0.112199,0.298861,0.205712,0.789411,0.290380,1.063879,-0.393414,-0.534751,-0.287324,0.382274,-0.049521,0.624162,0.045222,0.710516,-0.715380,-0.272022,-0.627424,0.306131,-0.471791,0.466025,-0.370616,0.454560
N,Right,legacy_asl_N_166,0.000000,0.000000,0.434926,0.001514,0.807547,0.026675,1.000293,0.124560,0.953987,0.287129,0.517543,-0.674510,0.486616,0.202130,0.412757,0.718974,0.345631,1.066903,0.026054,-0.657700,0.107274,0.276216,0.209711,0.752939,0.273759,1.064835,-0.379957,-0.503796,-0.255909,0.378158,-0.087686,0.621420,0.019954,0.694654,-0.706887,-0.270403,-0.620524,0.326228,-0.466833,0.466663,-0.361839,0.467736
N,Right,legacy_asl_N_167,0.000000,0.000000,0.443306,0.032317,0.821418,0.084336,1.011000,0.197768,0.952287,0.360233,0.575369,-0.651053,0.481810,0.240506,0.369939,0.762210,0.276885,1.112179,0.073099,-0.668691,0.089823,0.289197,0.160527,0.782471,0.203756,1.104985,-0.351725,-0.540512,-0.287661,0.367430,-0.133367,0.627343,-0.028809,0.709622,-0.701548,-0.325697,-0.655716,0.288688,-0.508962,0.442738,-0.401996,0.451261
N,Right,legacy_asl_N_168,0.000631,-0.007183,0.432058,0.009547,0.844623,0.048009,1.003669,0.136893,0.973097,0.291583,0.519659,-0.689558,0.509464,0.186547,0.420721,0.736276,0.374893,1.085401,0.051061,-0.651049,0.094605,0.289683,0.207191,0.790156,0.271380,1.085830,-0.396792,-0.517957,-0.268056,0.382912,-0.084891,0.625643,0.040474,0.711465,-0.753723,-0.275401,-0.605492,0.313240,-0.484574,0.482929,-0.372120,0.484218
N,Right,legacy_asl_N_169,0.000000,0.000000,0.417264,0.001452,0.774753,0.025592,0.959672,0.119501,0.915246,0.275469,0.496526,-0.647119,0.466855,0.193922,0.395995,0.689777,0.331596,1.023577,0.024996,-0.630991,0.102918,0.264999,0.201195,0.722363,0.262642,1.021593,-0.364527,-0.483337,-0.245517,0.362801,-0.084126,0.596185,0.019143,0.666445,-0.678181,-0.259422,-0.595325,0.312980,-0.447875,0.447712,-0.347145,0.448742
N,Right,legacy_asl_N_170,0.000000,0.000000,0.442363,0.043350,0.819062,0.104771,1.005760,0.222891,0.943018,0.383844,0.591409,-0.636518,0.475669,0.252433,0.350837,0.771189,0.249094,1.118731,0.089734,-0.666662,0.082591,0.291345,0.140986,0.786227,0.176167,1.109718,-0.338151,-0.549106,-0.296724,0.360150,-0.148953,0.623826,-0.046477,0.708684,-0.693217,-0.343072,-0.662704,0.272264,-0.519833,0.429922,-0.413112,0.441107
N,Right,legacy_asl_N_171,0.012301,0.008311,0.434833,-0.011655,0.815619,0.037151,1.009713,0.148835,0.992187,0.289676,0.522863,-0.705281,0.497893,0.239442,0.392930,0.745617,0.370820,1.080778,0.033139,-0.671186,0.121994,0.286795,0.216146,0.774098,0.262408,1.083684,-0.363594,-0.507133,-0.242385,0.412741,-0.095775,0.628300,0.040800,0.728901,-0.722124,-0.291175,-0.624228,0.338812,-0.464760,0.474284,-0.378094,0.488408
N,Right,legacy_asl_N_172,0.000000,0.000000,0.451839,0.001572,0.838951,0.027713,1.039194,0.129404,0.991087,0.298295,0.537670,-0.700741,0.505540,0.209991,0.428809,0.746934,0.359073,1.108394,0.027067,-0.683277,0.111446,0.286958,0.217866,0.782220,0.284405,1.106246,-0.394733,-0.523388,-0.265861,0.392864,-0.091096,0.645587,0.020730,0.721669,-0.734377,-0.280919,-0.644655,0.338915,-0.484987,0.484811,-0.375911,0.485926
N,Right,legacy_asl_N_173,0.000000,0.000000,0.444481,-0.001202,0.825438,0.022157,1.023034,0.120972,0.976739,0.287402,0.524639,-0.692584,0.498573,0.203491,0.426359,0.732145,0.359959,1.088134,0.022469,-0.672299,0.111374,0.281601,0.219072,0.768139,0.286496,1.086475,-0.391480,-0.512452,-0.259136,0.388075,-0.085684,0.635613,0.024782,0.709774,-0.724110,-0.271870,-0.632081,0.337309,-0.474129,0.479855,-0.366825,0.480288
N,Right,legacy_asl_N_174,0.004340,-0.010414,0.456764,-0.005419,0.836064,0.045661,1.045980,0.133412,0.975603,0.314989,0.507495,-0.690777,0.488625,0.192392,0.410996,0.720638,0.355500,1.080096,0.024873,-0.671910,0.122020,0.294699,0.209681,0.758090,0.284748,1.078047,-0.398029,-0.505873,-0.268061,0.404917,-0.087126,0.636231,0.004514,0.703928,-0.740921,-0.266793,-0.622405,0.350099,-0.482629,0.502774,-0.356638,0.476713
N,Right,legacy_asl_N_175,0.000000,0.000000,0.447812,0.001558,0.831473,0.027466,1.029931,0.128250,0.982253,0.295636,0.532878,-0.694495,0.501034,0.208119,0.424986,0.740277,0.355872,1.098514,0.026826,-0.677187,0.110453,0.284400,0.215924,0.775248,0.281870,1.096385,-0.391215,-0.518723,-0.263492,0.389362,-0.090284,0.639832,0.020545,0.715236,-0.727831,-0.278415,-0.638909,0.335894,-0.480664,0.480489,-0.372560,0.481595
N,Right,legacy_asl_N_176,0.000000,0.000000,0.444219,-0.015289,0.825726,-0.004016,1.026354,0.088486,0.985357,0.256300,0.502424,-0.708865,0.504772,0.187586,0.449350,0.718264,0.394267,1.076179,0.001149,-0.672673,0.120243,0.277929,0.243308,0.760809,0.320788,1.076849,-0.407525,-0.499787,-0.246706,0.396093,-0.065495,0.638009,0.047265,0.708632,-0.732363,-0.248783,-0.621072,0.357174,-0.458682,0.494641,-0.351418,0.491673
N,Right,legacy_asl_N_177,-0.008081,0.010589,0.466399,0.004328,0.828586,0.019245,1.007254,0.167351,0.966871,0.305131,0.507220,-0.659455,0.514830,0.213949,0.450760,0.755542,0.348259,1.088179,0.047433,-0.674947,0.109471,0.295831,0.225270,0.790063,0.270635,1.086507,-0.388692,-0.518941,-0.282448,0.379775,-0.104716,0.636582,0.019776,0.723408,-0.715658,-0.276035,-0.625685,0.321940,-0.492383,0.466672,-0.353477,0.479426
N,Right,legacy_asl_N_178,0.000000,0.000000,0.417177,0.001452,0.774592,0.025587,0.959473,0.119477,0.915056,0.275412,0.496423,-0.646984,0.466758,0.193881,0.395913,0.689634,0.331527,1.023364,0.024990,-0.630860,0.102896,0.264944,0.201153,0.722213,0.262587,1.021381,-0.364452,-0.483237,-0.245466,0.362726,-0.084108,0.596061,0.019139,0.666306,-0.678040,-0.259368,-0.595201,0.312915,-0.447782,0.447619,-0.347073,0.448648
N,Right,legacy_asl_N_179,0.000000,0.000000,0.443946,-0.021830,0.825577,-0.016177,1.027546,0.073360,0.989025,0.241759,0.491929,-0.716188,0.507481,0.180131,0.459881,0.711568,0.410075,1.070255,-0.008758,-0.672617,0.124324,0.276128,0.254487,0.757143,0.336614,1.072008,-0.414842,-0.493730,-0.240845,0.399684,-0.056091,0.638905,0.057697,0.707859,-0.735948,-0.237970,-0.615744,0.366282,-0.451347,0.501343,-0.344138,0.496796
N,Right,legacy_asl_N_180,-0.012128,0.043673,0.459688,0.011634,0.821871,0.043799,1.034966,0.148286,0.989117,0.296510,0.528444,-0.703066,0.486147,0.219647,0.413540,0.712595,0.330238,1.093347,0.029185,-0.657244,0.110920,0.267106,0.200162,0.774162,0.291016,1.097159,-0.367812,-0.503780,-0.264207,0.394388,-0.098482,0.620333,0.037689,0.727700,-0.725301,-0.268062,-0.641599,0.320004,-0.467491,0.489906,-0.366004,0.468724
N,Right,legacy_asl_N_181,0.000000,0.000000,0.471909,0.001642,0.876216,0.028944,1.085353,0.135152,1.035109,0.311545,0.561553,-0.731867,0.527995,0.219318,0.447856,0.780112,0.375022,1.157627,0.028269,-0.713627,0.116396,0.299704,0.227544,0.816965,0.297038,1.155384,-0.412267,-0.546637,-0.277671,0.410315,-0.095143,0.674263,0.021650,0.753724,-0.766997,-0.293397,-0.673290,0.353969,-0.506530,0.506345,-0.392608,0.507510
N,Right,legacy_asl_N_182,0.000000,0.000000,0.443544,-0.028863,0.825217,-0.029259,1.028580,0.057066,0.992733,0.226054,0.480517,-0.723894,0.510272,0.172066,0.471100,0.704190,0.426985,1.063622,-0.019417,-0.672394,0.128684,0.274123,0.266454,0.753015,0.353561,1.066538,-0.422615,-0.487094,-0.234481,0.403451,-0.045958,0.639713,0.068908,0.706855,-0.739627,-0.226276,-0.609862,0.375995,-0.443345,0.508434,-0.336221,0.502188
N,Right,legacy_asl_N_183,0.001522,-0.003348,0.452888,0.013063,0.815135,0.018705,1.018792,0.158140,0.977137,0.296714,0.503393,-0.713477,0.516612,0.211738,0.417090,0.718602,0.352297,1.079350,0.031693,-0.687996,0.110386,0.271847,0.238762,0.770276,0.311691,1.072141,-0.396894,-0.510709,-0.267853,0.387549,-0.074030,0.675629,0.032827,0.716922,-0.711303,-0.295263,-0.620703,0.293221,-0.475260,0.472118,-0.360145,0.500107
N,Right,legacy_asl_N_184,0.000000,0.000000,0.450301,0.001567,0.836095,0.027618,1.035656,0.128963,0.987713,0.297280,0.535840,-0.698355,0.503819,0.209276,0.427349,0.744392,0.357850,1.104620,0.026975,-0.680951,0.111067,0.285981,0.217125,0.779557,0.283437,1.102480,-0.393390,-0.521607,-0.264956,0.391527,-0.090786,0.643389,0.020659,0.719212,-0.731877,-0.279963,-0.642461,0.337761,-0.483336,0.483160,-0.374631,0.484272
N,Right,legacy_asl_N_185,0.000000,0.000000,0.443238,0.033236,0.821241,0.086038,1.010588,0.199864,0.951538,0.362207,0.576718,-0.649858,0.481310,0.241504,0.368358,0.762975,0.274579,1.112750,0.074485,-0.668538,0.089223,0.289383,0.158905,0.782802,0.201465,1.105405,-0.350603,-0.541240,-0.288422,0.366833,-0.134668,0.627065,-0.030280,0.709560,-0.700872,-0.327151,-0.656313,0.287328,-0.509879,0.441681,-0.402931,0.450427
N,Right,legacy_asl_N_186,0.016534,-0.025120,0.458261,0.042995,0.841501,0.321157,0.986932,0.583191,0.865693,0.856607,0.532541,0.005588,0.580377,0.937734,0.601219,1.411779,0.626128,1.785108,0.069046,0.109771,0.205211,1.047867,0.265271,1.515260,0.359702,1.906463,-0.295227,0.223148,-0.056058,1.116267,0.071935,1.540447,0.243094,1.727990,-0.553726,0.412923,-0.323916,1.092879,-0.102431,1.338461,0.056448,1.509989
N,Right,legacy_asl_N_187,0.000000,0.000000,0.439401,0.057681,0.840993,0.319956,0.976659,0.598874,0.872978,0.862229,0.533341,0.023004,0.571005,0.941517,0.574125,1.399767,0.610355,1.750193,0.061247,0.096179,0.182825,1.026651,0.254933,1.500745,0.339984,1.865536,-0.295565,0.221178,-0.067176,1.119515,0.090414,1.501966,0.239933,1.748816,-0.521488,0.387729,-0.303224,1.078456,-0.107463,1.333893,0.058108,1.461986
N,Right,legacy_asl_N_188,0.000000,0.000000,0.445968,0.063379,0.851295,0.334292,0.986163,0.619243,0.877936,0.885785,0.541821,0.029151,0.570163,0.963104,0.568376,1.428887,0.601407,1.785440,0.061209,0.098416,0.174709,1.045431,0.242867,1.528064,0.325363,1.899745,-0.302795,0.221600,-0.080388,1.137109,0.075642,1.527525,0.224937,1.780033,-0.534218,0.388432,-0.319856,1.092825,-0.123654,1.354561,0.043240,1.486541
N,Right,legacy_asl_N_189,0.015328,-0.005031,0.463027,0.065821,0.866751,0.296906,0.984117,0.599686,0.883358,0.852526,0.530406,0.032445,0.590171,0.976412,0.584430,1.434184,0.613791,1.766420,0.076437,0.088065,0.178478,1.054304,0.256380,1.528032,0.327173,1.923306,-0.287698,0.219466,-0.090382,1.152412,0.091393,1.530149,0.242658,1.751292,-0.519341,0.381860,-0.315816,1.074778,-0.097540,1.329657,0.059729,1.507948
N,Right,legacy_asl_N_190,0.000000,0.000000,0.476690,0.062576,0.912362,0.347108,1.059541,0.649697,0.947061,0.935400,0.578602,0.024956,0.619463,1.021418,0.622847,1.518556,0.662152,1.898719,0.066445,0.104341,0.198340,1.113776,0.276567,1.628103,0.368836,2.023851,-0.320647,0.239948,-0.072876,1.214520,0.098086,1.629428,0.260294,1.897226,-0.565743,0.420632,-0.328957,1.169977,-0.116583,1.447092,0.063039,1.586055
N,Right,legacy_asl_N_191,0.000000,0.000000,0.444563,0.072582,0.844204,0.351813,0.973155,0.639491,0.859442,0.903740,0.541102,0.040342,0.550138,0.974682,0.538725,1.440328,0.564380,1.797487,0.059162,0.099660,0.153067,1.048818,0.211236,1.532757,0.286033,1.906064,-0.307310,0.215295,-0.103871,1.135205,0.044058,1.528762,0.188103,1.784301,-0.542131,0.377308,-0.342372,1.085981,-0.151622,1.351716,0.012510,1.487118
N,Right,legacy_asl_N_192,-0.003627,-0.008427,0.442648,0.051630,0.888188,0.333459,0.975300,0.604791,0.878351,0.866401,0.552859,0.014923,0.547821,0.949122,0.584874,1.420191,0.598988,1.779930,0.075845,0.106413,0.175888,1.044444,0.240875,1.539675,0.367158,1.906535,-0.273848,0.239175,-0.068147,1.156416,0.112541,1.520562,0.255527,1.778324,-0.511814,0.370094,-0.297936,1.091202,-0.078105,1.364382,0.077174,1.504642
N,Right,legacy_asl_N_193,0.000000,0.000000,0.448525,0.058878,0.858455,0.326599,0.996938,0.611309,0.891104,0.880132,0.544415,0.023481,0.582861,0.961066,0.586046,1.428831,0.623028,1.786532,0.062519,0.098176,0.186621,1.047967,0.260226,1.531905,0.347043,1.904270,-0.301702,0.225770,-0.068570,1.142759,0.092291,1.533152,0.244914,1.785127,-0.532316,0.395779,-0.309520,1.100848,-0.109694,1.361589,0.059314,1.492342
N,Right,legacy_asl_N_194,0.000000,0.000000,0.443202,0.080475,0.837815,0.366768,0.961631,0.656693,0.843238,0.918878,0.540300,0.049956,0.532721,0.984309,0.513030,1.449679,0.532331,1.807238,0.057380,0.100696,0.134394,1.051374,0.183950,1.536270,0.252097,1.910848,-0.311089,0.209797,-0.124038,1.133179,0.016869,1.529304,0.156348,1.787364,-0.548754,0.367610,-0.361627,1.079722,-0.175632,1.348806,-0.013934,1.487105
N,Right,legacy_asl_N_195,-0.013107,-0.009780,0.456931,0.065892,0.845723,0.323800,1.006247,0.604675,0.887451,0.876890,0.529538,0.030513,0.600308,0.950108,0.586082,1.402356,0.626849,1.783580,0.064777,0.114301,0.174471,1.037860,0.243152,1.514202,0.310328,1.889024,-0.289120,0.223515,-0.113116,1.135636,0.110577,1.540132,0.257459,1.799052,-0.536962,0.387808,-0.315040,1.082256,-0.096666,1.349338,0.061567,1.479830
N,Right,legacy_asl_N_196,0.000000,0.000000,0.457300,0.060030,0.875251,0.332989,1.016443,0.623270,0.908539,0.897352,0.555067,0.023941,0.594265,0.979870,0.597512,1.456787,0.635218,1.821487,0.063742,0.100097,0.190273,1.068472,0.265318,1.561878,0.353833,1.941529,-0.307605,0.230188,-0.069912,1.165118,0.094097,1.563149,0.249706,1.820055,-0.542731,0.403523,-0.315576,1.122387,-0.111841,1.388230,0.060475,1.521541
N,Right,legacy_asl_N_197,0.000000,0.000000,0.449821,0.023785,0.877469,0.257880,1.036952,0.529820,0.952663,0.804872,0.542280,-0.018767,0.652913,0.909044,0.692228,1.373168,0.756588,1.725416,0.069653,0.092632,0.266264,1.025940,0.376738,1.500677,0.491705,1.863631,-0.282063,0.247450,0.020251,1.139768,0.210118,1.514894,0.381109,1.753246,-0.497864,0.434050,-0.222190,1.116783,-0.003662,1.360188,0.174227,1.476929
N,Right,legacy_asl_N_198,0.002540,0.029792,0.449323,0.085853,0.852983,0.307407,1.001133,0.606113,0.859545,0.889264,0.525124,0.029819,0.592497,0.975522,0.568820,1.433224,0.624134,1.793556,0.065041,0.101726,0.163033,1.047517,0.248289,1.529774,0.342628,1.888833,-0.311792,0.221163,-0.065673,1.119078,0.085620,1.517102,0.256203,1.761750,-0.544127,0.397932,-0.315835,1.103657,-0.078028,1.355490,0.050043,1.495328
N,Right,legacy_asl_N_199,0.000000,0.000000,0.420940,0.055257,0.805659,0.306513,0.935626,0.573713,0.836300,0.826003,0.510933,0.022037,0.547015,0.901960,0.550004,1.340957,0.584712,1.676660,0.058674,0.092138,0.175144,0.983517,0.244222,1.437693,0.325699,1.787157,-0.283147,0.211885,-0.064353,1.072479,0.086615,1.438862,0.229852,1.675341,-0.499578,0.371439,-0.290485,1.033146,-0.102948,1.277851,0.055666,1.400562
N,Right,legacy_asl_N_200,0.000000,0.000000,0.448696,0.039710,0.867779,0.288812,1.017526,0.566234,0.923543,0.838126,0.542604,0.000462,0.620289,0.931610,0.643132,1.396836,0.694970,1.751143,0.066327,0.095042,0.229741,1.034731,0.323323,1.513085,0.425355,1.879885,-0.290654,0.237300,-0.020152,1.139769,0.156303,1.521389,0.318741,1.765650,-0.512933,0.416135,-0.261626,1.108208,-0.051860,1.359204,0.121779,1.482176
N,Right,legacy_asl_N_201,0.014274,0.000876,0.463105,0.056925,0.853298,0.332003,0.971200,0.610439,0.884674,0.897607,0.554631,0.041386,0.570788,0.954964,0.559342,1.423376,0.610193,1.771252,0.075111,0.093152,0.165270,1.049000,0.249205,1.531393,0.374021,1.904099,-0.310598,0.222014,-0.050730,1.132840,0.092788,1.549285,0.222258,1.771675,-0.521085,0.402731,-0.296511,1.077947,-0.115591,1.354893,0.066894,1.472417
N,Right,legacy_asl_N_202,0.000000,0.000000,0.459880,0.060369,0.880188,0.334867,1.022177,0.626785,0.913663,0.902413,0.558197,0.024076,0.597617,0.985397,0.600883,1.465004,0.638801,1.831761,0.064101,0.100662,0.191346,1.074498,0.266814,1.570688,0.355829,1.952480,-0.309340,0.231486,-0.070306,1.171690,0.094627,1.571966,0.251115,1.830321,-0.545792,0.405799,-0.317356,1.128718,-0.112471,1.396060,0.060816,1.530123
N,Right,legacy_asl_N_203,0.000000,0.000000,0.442726,0.083054,0.835665,0.371640,0.957791,0.662281,0.837872,0.923773,0.539999,0.053102,0.526980,0.987395,0.504580,1.452642,0.521798,1.810307,0.056793,0.101028,0.128269,1.052139,0.175001,1.537316,0.240966,1.912284,-0.312306,0.207981,-0.130635,1.132437,0.007963,1.529376,0.145937,1.788244,-0.550886,0.364408,-0.367908,1.077598,-0.183483,1.347761,-0.022593,1.486999
N,Right,legacy_asl_N_204,0.011937,0.002045,0.463631,0.064475,0.864971,0.323560,1.027367,0.611572,0.882387,0.888921,0.561417,0.037411,0.543295,0.943992,0.598955,1.443070,0.601422,1.753955,0.038742,0.082456,0.205000,1.039540,0.269904,1.519147,0.345082,1.899355,-0.298169,0.213371,-0.062041,1.123854,0.109709,1.487743,0.215827,1.765894,-0.544487,0.412746,-0.315419,1.109562,-0.095628,1.356106,0.055900,1.493888
N,Right,legacy_asl_N_205,0.000000,0.000000,0.468124,0.061451,0.895967,0.340871,1.040502,0.638022,0.930043,0.918591,0.568205,0.024507,0.608331,1.003063,0.611655,1.491268,0.650253,1.864600,0.065251,0.102466,0.194776,1.093761,0.271597,1.598846,0.362208,1.987483,-0.314885,0.235636,-0.071567,1.192695,0.096324,1.600147,0.255617,1.863134,-0.555577,0.413074,-0.323046,1.148953,-0.114488,1.421088,0.061906,1.557554
N,Right,legacy_asl_N_206,0.000000,0.000000,0.449444,0.030078,0.873774,0.270135,1.029436,0.544281,0.941306,0.818126,0.542489,-0.011176,0.640127,0.918093,0.672942,1.382722,0.732366,1.735835,0.068350,0.093597,0.251880,1.029566,0.355699,1.505803,0.465575,1.870330,-0.285498,0.243479,0.004297,1.139939,0.188896,1.517687,0.356535,1.758408,-0.503890,0.427040,-0.237798,1.113564,-0.022697,1.360004,0.153540,1.479223
N,Right,legacy_asl_N_207,0.015688,0.002179,0.433763,0.009515,0.760595,-0.021025,0.823721,0.077628,0.668209,0.222222,0.425308,-0.754247,0.355011,0.095003,0.308265,0.554059,0.316825,0.805296,-0.035279,-0.713895,0.013977,0.271107,0.072076,0.682979,0.135453,0.850913,-0.450234,-0.520480,-0.327801,0.367939,-0.166555,0.578487,-0.086589,0.595416,-0.721634,-0.315853,-0.634292,0.290177,-0.470635,0.410401,-0.395705,0.342609
N,Right,legacy_asl_N_208,0.000000,0.000000,0.426020,-0.003625,0.766294,-0.008900,0.831267,0.076333,0.665589,0.220548,0.434643,-0.741788,0.358088,0.079715,0.321017,0.559300,0.322191,0.828735,-0.041379,-0.714884,-0.019176,0.274116,0.075336,0.680432,0.134737,0.873952,-0.431900,-0.556425,-0.340751,0.369063,-0.179498,0.598603,-0.087677,0.622939,-0.730193,-0.324474,-0.640714,0.259355,-0.494109,0.384431,-0.401984,0.329044
N,Right,legacy_asl_N_209,0.000000,0.000000,0.415968,-0.000249,0.748231,-0.002770,0.811008,0.080948,0.648136,0.220471,0.430089,-0.720878,0.349000,0.080594,0.309101,0.548545,0.308166,0.811615,-0.034878,-0.698289,-0.020840,0.267482,0.068297,0.664914,0.124798,0.854313,-0.417382,-0.546595,-0.335539,0.357698,-0.179875,0.583052,-0.090415,0.607522,-0.710409,-0.322437,-0.627557,0.248269,-0.485387,0.371517,-0.395014,0.318153
N,Right,legacy_asl_N_210,0.013596,0.001993,0.420004,-0.009729,0.737689,-0.007805,0.806547,0.048960,0.661576,0.212651,0.439395,-0.707928,0.360688,0.078054,0.281407,0.557020,0.308681,0.779098,-0.046591,-0.677646,-0.017463,0.267479,0.086688,0.668179,0.150077,0.863251,-0.438033,-0.541667,-0.345227,0.367969,-0.175519,0.583146,-0.103560,0.623642,-0.690245,-0.304203,-0.609200,0.273781,-0.498490,0.364124,-0.396747,0.342421
N,Right,legacy_asl_N_211,0.000000,0.000000,0.391474,-0.003331,0.704155,-0.008178,0.763859,0.070143,0.611616,0.202664,0.399398,-0.681636,0.329051,0.073250,0.294986,0.513946,0.296065,0.761533,-0.038023,-0.656914,-0.017621,0.251888,0.069227,0.625256,0.123811,0.803083,-0.396877,-0.511304,-0.313119,0.339135,-0.164942,0.550062,-0.080567,0.572425,-0.670982,-0.298162,-0.588759,0.238324,-0.454041,0.353257,-0.369387,0.302362
N,Right,legacy_asl_N_212,0.000000,0.000000,0.415235,-0.024670,0.746778,-0.046695,0.814361,0.033193,0.659962,0.182038,0.387023,-0.744886,0.353129,0.059965,0.340774,0.529451,0.355285,0.792122,-0.075815,-0.695036,-0.005100,0.268244,0.107217,0.659757,0.174741,0.845512,-0.448753,-0.521147,-0.313959,0.376781,-0.145332,0.592607,-0.054590,0.611782,-0.728115,-0.280171,-0.611899,0.284686,-0.462737,0.399374,-0.375654,0.340796
N,Right,legacy_asl_N_213,-0.019326,0.020790,0.404827,0.000733,0.732808,0.002234,0.822821,0.066642,0.630037,0.211529,0.423419,-0.721531,0.348663,0.074158,0.344035,0.543096,0.305913,0.832526,-0.013719,-0.669170,-0.003257,0.269015,0.079472,0.667236,0.144327,0.852739,-0.429968,-0.521969,-0.342813,0.384413,-0.146313,0.594751,-0.077855,0.593454,-0.705344,-0.308308,-0.619217,0.249295,-0.475126,0.355957,-0.392656,0.352315
N,Right,legacy_asl_N_214,0.000000,0.000000,0.391960,-0.003335,0.705029,-0.008188,0.764807,0.070230,0.612375,0.202915,0.399893,-0.682482,0.329459,0.073341,0.295352,0.514583,0.296432,0.762478,-0.038071,-0.657729,-0.017643,0.252200,0.069312,0.626031,0.123965,0.804079,-0.397369,-0.511939,-0.313508,0.339556,-0.165147,0.550744,-0.080667,0.573135,-0.671814,-0.298532,-0.589489,0.238620,-0.454605,0.353695,-0.369845,0.302737
N,Right,legacy_asl_N_215,0.000000,0.000000,0.415027,0.027961,0.746696,0.047979,0.803651,0.135761,0.631692,0.263918,0.477986,-0.690052,0.342730,0.104077,0.271189,0.568244,0.252416,0.830645,0.012558,-0.699046,-0.038931,0.265452,0.023048,0.668015,0.066574,0.860810,-0.379353,-0.573642,-0.359024,0.334119,-0.219001,0.569511,-0.131406,0.599992,-0.686907,-0.369872,-0.642949,0.205139,-0.509464,0.337745,-0.415681,0.290632
N,Right,legacy_asl_N_216,-0.016019,0.008563,0.433270,0.011999,0.721279,0.001656,0.808310,0.069237,0.677575,0.177245,0.402325,-0.739016,0.337019,0.085055,0.334278,0.560584,0.312223,0.804871,-0.025523,-0.696233,-0.005895,0.267942,0.055524,0.688541,0.142431,0.871381,-0.423377,-0.554586,-0.330947,0.378615,-0.174394,0.584720,-0.074013,0.569727,-0.682803,-0.332388,-0.635242,0.240904,-0.452691,0.350054,-0.413963,0.334828
N,Right,legacy_asl_N_217,0.000000,0.000000,0.407374,-0.003466,0.732755,-0.008510,0.794883,0.072992,0.636457,0.210895,0.415619,-0.709321,0.342415,0.076226,0.306967,0.534820,0.308089,0.792463,-0.039568,-0.683595,-0.018337,0.262118,0.072038,0.650650,0.128840,0.835700,-0.412996,-0.532071,-0.325836,0.352909,-0.171641,0.572403,-0.083840,0.595674,-0.698234,-0.310272,-0.612671,0.248003,-0.472482,0.367605,-0.384390,0.314642
N,Right,legacy_asl_N_218,0.000000,0.000000,0.415650,-0.016256,0.747570,-0.031561,0.813522,0.049678,0.656140,0.195366,0.402029,-0.736895,0.351842,0.067104,0.329981,0.536244,0.339170,0.799155,-0.061724,-0.696429,-0.010531,0.268085,0.093834,0.661793,0.157581,0.848878,-0.438107,-0.530128,-0.321525,0.370345,-0.157304,0.589542,-0.066969,0.610551,-0.722291,-0.294860,-0.617539,0.272235,-0.470730,0.389921,-0.382478,0.333118
N,Right,legacy_asl_N_219,-0.021613,0.005192,0.423128,0.008084,0.752225,-0.010357,0.799795,0.069839,0.688617,0.192989,0.422746,-0.722872,0.369363,0.089873,0.314959,0.566879,0.318210,0.820031,-0.026935,-0.682975,-0.027769,0.258086,0.072803,0.666990,0.145672,0.850926,-0.408806,-0.533478,-0.305092,0.357435,-0.160832,0.583146,-0.113917,0.606381,-0.736695,-0.346096,-0.647192,0.236040,-0.483507,0.366931,-0.393593,0.311190
N,Right,legacy_asl_N_220,0.000000,0.000000,0.432364,-0.003679,0.777706,-0.009032,0.843646,0.077470,0.675500,0.223832,0.441115,-0.752834,0.363421,0.080902,0.325798,0.567628,0.326989,0.841076,-0.041995,-0.725530,-0.019462,0.278198,0.076457,0.690565,0.136743,0.886966,-0.438331,-0.564711,-0.345825,0.374558,-0.182171,0.607517,-0.088983,0.632215,-0.741067,-0.329306,-0.650256,0.263217,-0.501467,0.390155,-0.407970,0.333944
N,Right,legacy_asl_N_221,0.000000,0.000000,0.414827,0.030780,0.746353,0.053051,0.802710,0.141218,0.629885,0.268203,0.482663,-0.686788,0.342015,0.106403,0.267322,0.570074,0.246767,0.832341,0.017307,-0.698945,-0.040734,0.265182,0.018509,0.668156,0.060725,0.861242,-0.375447,-0.576206,-0.361286,0.331672,-0.222865,0.568010,-0.135479,0.599085,-0.684379,-0.374530,-0.644328,0.200766,-0.511747,0.334276,-0.417646,0.287801
N,Right,legacy_asl_N_222,0.017757,-0.005657,0.404436,-0.012708,0.759196,-0.001218,0.807774,0.067945,0.643844,0.190852,0.449482,-0.712132,0.310897,0.093628,0.319327,0.557023,0.333329,0.801895,-0.047336,-0.704058,-0.035491,0.257809,0.103893,0.653803,0.138542,0.849847,-0.425334,-0.544679,-0.331155,0.357904,-0.189467,0.581364,-0.081608,0.631204,-0.705305,-0.285457,-0.623130,0.246165,-0.491015,0.354333,-0.392183,0.311807
N,Right,legacy_asl_N_223,0.000000,0.000000,0.419935,-0.003573,0.755350,-0.008772,0.819394,0.075243,0.656082,0.217398,0.428435,-0.731193,0.352974,0.078576,0.316432,0.551311,0.317589,0.816899,-0.040788,-0.704674,-0.018902,0.270201,0.074260,0.670714,0.132813,0.861469,-0.425731,-0.548478,-0.335884,0.363791,-0.176934,0.590053,-0.086425,0.614042,-0.719764,-0.319839,-0.631563,0.255651,-0.487052,0.378940,-0.396243,0.324344
N,Right,legacy_asl_N_224,0.000000,0.000000,0.415465,-0.020440,0.747215,-0.039087,0.813981,0.041485,0.658074,0.188749,0.394589,-0.740906,0.352500,0.063558,0.335364,0.532894,0.347200,0.795699,-0.068732,-0.695772,-0.007831,0.268178,0.100492,0.660815,0.166120,0.847248,-0.443422,-0.525690,-0.317780,0.373564,-0.151360,0.591096,-0.060818,0.611194,-0.725223,-0.287572,-0.614766,0.278439,-0.466781,0.394641,-0.379105,0.336953
N,Right,legacy_asl_N_225,0.019660,0.010744,0.422330,-0.029933,0.758450,-0.026949,0.814021,0.069519,0.656710,0.227410,0.433553,-0.727960,0.326353,0.111156,0.296866,0.521691,0.326756,0.819910,-0.059220,-0.724530,-0.047852,0.275324,0.058692,0.671290,0.126371,0.833460,-0.422739,-0.548928,-0.311794,0.353452,-0.158483,0.571572,-0.102023,0.603177,-0.718064,-0.312533,-0.607625,0.253347,-0.466474,0.389575,-0.398878,0.298697
N,Right,legacy_asl_N_226,0.000000,0.000000,0.421272,-0.003585,0.757754,-0.008800,0.822002,0.075482,0.658170,0.218090,0.429799,-0.733520,0.354097,0.078826,0.317439,0.553066,0.318600,0.819499,-0.040918,-0.706917,-0.018962,0.271061,0.074496,0.672848,0.133235,0.864211,-0.427086,-0.550223,-0.336953,0.364949,-0.177497,0.591931,-0.086700,0.615996,-0.722055,-0.320857,-0.633573,0.256464,-0.488602,0.380146,-0.397504,0.325377
N,Right,legacy_asl_N_227,0.000000,0.000000,0.415684,-0.015347,0.747638,-0.029926,0.813412,0.051457,0.655711,0.196800,0.403639,-0.736014,0.351695,0.067874,0.328808,0.536964,0.337422,0.799894,-0.060200,-0.696562,-0.011117,0.268062,0.092386,0.661997,0.155725,0.849220,-0.436947,-0.531085,-0.322334,0.369641,-0.158593,0.589197,-0.068304,0.610403,-0.721645,-0.296438,-0.618132,0.270884,-0.471582,0.388891,-0.383206,0.332281
N,Right,legacy_asl_N_228,0.028789,-0.006376,0.447642,0.132512,0.808206,0.286181,0.821190,0.495677,0.639811,0.611529,0.496726,-0.163747,0.495262,0.702159,0.390418,1.319022,0.281684,1.767490,-0.030253,-0.268224,0.006440,0.808049,0.075199,1.415575,0.058125,1.879695,-0.434267,-0.153963,-0.386243,0.877996,-0.191689,1.034278,-0.093016,0.939785,-0.742689,0.022907,-0.631148,0.871187,-0.437999,1.025409,-0.304570,0.970647
N,Right,legacy_asl_N_229,0.000000,0.000000,0.460760,0.120582,0.824403,0.300639,0.827816,0.490363,0.634088,0.604934,0.502655,-0.152139,0.475673,0.750410,0.403607,1.313262,0.292085,1.779419,-0.005374,-0.257293,0.019143,0.804735,0.062225,1.425514,0.039928,1.886491,-0.457305,-0.163648,-0.359556,0.866620,-0.182789,1.026965,-0.088072,0.947566,-0.761730,0.018463,-0.636764,0.860762,-0.425705,1.022254,-0.305021,0.978162
N,Right,legacy_asl_N_230,0.000000,0.000000,0.454569,0.130796,0.811286,0.318307,0.810114,0.506758,0.615016,0.615853,0.502720,-0.138969,0.454237,0.756481,0.369156,1.313579,0.247226,1.773725,0.000849,-0.255583,-0.000338,0.799445,0.027515,1.416823,-0.005703,1.873971,-0.450104,-0.173471,-0.377817,0.851785,-0.206168,1.015233,-0.110220,0.938678,-0.756730,0.000021,-0.652904,0.839306,-0.447235,1.004717,-0.326353,0.963841
N,Right,legacy_asl_N_231,0.019336,0.003631,0.460241,0.153185,0.804361,0.307483,0.820520,0.483487,0.607181,0.585877,0.473862,-0.134405,0.485868,0.717414,0.389859,1.316785,0.287700,1.764044,-0.008368,-0.228754,0.026482,0.802529,0.063239,1.415066,0.062101,1.864214,-0.465136,-0.171168,-0.342003,0.880179,-0.178715,1.008170,-0.094593,0.969940,-0.750551,0.036311,-0.624674,0.860738,-0.430544,1.020376,-0.283167,0.986077
N,Right,legacy_asl_N_232,0.000000,0.000000,0.426996,0.111746,0.763993,0.278609,0.767155,0.454430,0.587623,0.560606,0.465821,-0.140990,0.440817,0.695421,0.374031,1.217028,0.270681,1.649026,-0.004980,-0.238439,0.017740,0.745765,0.057665,1.321054,0.037002,1.748252,-0.423795,-0.151656,-0.333208,0.803115,-0.169394,0.951711,-0.081618,0.878130,-0.705911,0.017110,-0.590103,0.797687,-0.394510,0.947345,-0.282669,0.906484
N,Right,legacy_asl_N_233,0.000000,0.000000,0.466364,0.079026,0.841849,0.225378,0.861805,0.412772,0.680163,0.543046,0.483978,-0.194436,0.536157,0.700807,0.514049,1.263931,0.444457,1.734842,-0.027800,-0.254068,0.089262,0.794446,0.186131,1.404813,0.204357,1.862804,-0.466710,-0.121933,-0.279974,0.888762,-0.091087,1.031943,-0.004323,0.945117,-0.751960,0.084831,-0.554726,0.907192,-0.331815,1.048511,-0.216275,0.994345
N,Right,legacy_asl_N_234,-0.025513,0.000870,0.444631,0.119547,0.829619,0.298728,0.833514,0.487957,0.632425,0.604467,0.492247,-0.147231,0.478092,0.751900,0.370834,1.315529,0.286411,1.779283,-0.008576,-0.275620,0.009634,0.785732,0.058695,1.383257,0.057177,1.857563,-0.440387,-0.180175,-0.341751,0.857618,-0.184843,1.018099,-0.090939,0.943166,-0.755787,0.035700,-0.632444,0.879900,-0.411041,1.019359,-0.311834,0.956707
N,Right,legacy_asl_N_235,0.000000,0.000000,0.454218,0.118870,0.812698,0.296371,0.816063,0.483401,0.625085,0.596345,0.495518,-0.149979,0.468920,0.739755,0.397876,1.294616,0.287938,1.754155,-0.005297,-0.253640,0.018871,0.793309,0.061342,1.405274,0.039361,1.859707,-0.450812,-0.161325,-0.354451,0.854315,-0.180193,1.012384,-0.086822,0.934112,-0.750914,0.018201,-0.627723,0.848541,-0.419661,1.007740,-0.300690,0.964274
N,Right,legacy_asl_N_236,0.000000,0.000000,0.465686,0.082932,0.839930,0.232426,0.858315,0.419981,0.675587,0.548728,0.485591,-0.190372,0.530264,0.705276,0.503437,1.268195,0.429900,1.738507,-0.025670,-0.254293,0.082600,0.795166,0.174350,1.406324,0.188736,1.864451,-0.465672,-0.125841,-0.287413,0.886384,-0.099733,1.031143,-0.012245,0.945047,-0.752645,0.078525,-0.562311,0.902510,-0.340591,1.045692,-0.224602,0.992497
N,Right,legacy_asl_N_237,-0.014186,-0.000063,0.476281,0.107805,0.804034,0.321284,0.796009,0.466810,0.631200,0.594543,0.511789,-0.141917,0.480801,0.764276,0.399110,1.292955,0.308512,1.758601,-0.010854,-0.275255,0.024727,0.809113,0.077078,1.407464,0.035599,1.874639,-0.464252,-0.175380,-0.373382,0.849929,-0.178082,0.995176,-0.092524,0.959198,-0.766690,0.023323,-0.628302,0.848174,-0.440155,1.023803,-0.309819,0.965300
N,Right,legacy_asl_N_238,0.000000,0.000000,0.425952,0.111473,0.762124,0.277928,0.765279,0.453319,0.586186,0.559235,0.464682,-0.140646,0.439739,0.693720,0.373116,1.214052,0.270019,1.644993,-0.004968,-0.237856,0.017696,0.743941,0.057524,1.317823,0.036911,1.743976,-0.422758,-0.151285,-0.332393,0.801151,-0.168980,0.949383,-0.081419,0.875982,-0.704185,0.017068,-0.588660,0.795736,-0.393545,0.945028,-0.281978,0.904267
N,Right,legacy_asl_N_239,0.000000,0.000000,0.448746,0.149558,0.797370,0.351719,0.788374,0.539958,0.588914,0.640859,0.508057,-0.117976,0.422434,0.774690,0.314295,1.327775,0.173363,1.782460,0.011461,-0.255328,-0.033532,0.798741,-0.031338,1.416744,-0.083510,1.872118,-0.442513,-0.192011,-0.412860,0.835362,-0.248145,1.005797,-0.149101,0.933292,-0.756079,-0.031400,-0.687191,0.811472,-0.488568,0.985280,-0.366093,0.949459
N,Right,legacy_asl_N_240,-0.006700,-0.020294,0.439543,0.113652,0.825924,0.269077,0.805449,0.478683,0.643243,0.615223,0.481603,-0.165779,0.477774,0.745683,0.406518,1.272839,0.275550,1.778297,-0.040423,-0.295469,0.005819,0.810778,0.067368,1.438612,0.043984,1.879720,-0.467002,-0.181356,-0.365184,0.860947,-0.149749,1.012537,-0.077862,0.955859,-0.759273,0.046505,-0.639593,0.875406,-0.443947,1.021603,-0.302362,0.968570
N,Right,legacy_asl_N_241,0.000000,0.000000,0.459109,0.120150,0.821449,0.299562,0.824849,0.488606,0.631815,0.602766,0.500853,-0.151594,0.473969,0.747720,0.402160,1.308555,0.291038,1.773042,-0.005354,-0.256371,0.019074,0.801851,0.062002,1.420405,0.039785,1.879730,-0.455666,-0.163062,-0.358267,0.863514,-0.182133,1.023285,-0.087757,0.944170,-0.759000,0.018397,-0.634482,0.857677,-0.424180,1.018590,-0.303928,0.974657
N,Right,legacy_asl_N_242,0.000000,0.000000,0.450422,0.144433,0.801327,0.342607,0.794478,0.530937,0.596181,0.634104,0.506679,-0.123759,0.431238,0.769824,0.329410,1.324106,0.193670,1.780368,0.008550,-0.255442,-0.024425,0.799071,-0.015187,1.417009,-0.062164,1.872948,-0.444673,-0.186954,-0.403310,0.840014,-0.236663,1.008560,-0.138452,0.934931,-0.756387,-0.022779,-0.677896,0.819252,-0.477305,0.990785,-0.355246,0.953570
N,Right,legacy_asl_N_243,0.021531,-0.005143,0.465450,0.128657,0.791282,0.299023,0.822040,0.493712,0.612710,0.617737,0.504314,-0.133664,0.456166,0.740225,0.400514,1.311784,0.276576,1.782442,0.000695,-0.256851,0.001920,0.802401,0.060345,1.420830,0.045364,1.881637,-0.470504,-0.195211,-0.325332,0.841238,-0.184221,1.049397,-0.091169,0.918287,-0.748948,0.027634,-0.619444,0.854314,-0.415505,1.028202,-0.302854,0.948868
N,Right,legacy_asl_N_244,0.000000,0.000000,0.487587,0.127603,0.872403,0.318144,0.876015,0.518914,0.671007,0.640156,0.531921,-0.160997,0.503369,0.794101,0.427106,1.389725,0.309091,1.883023,-0.005686,-0.272273,0.020257,0.851589,0.065848,1.508512,0.042253,1.996330,-0.483931,-0.173176,-0.380490,0.917078,-0.193431,1.086759,-0.093200,1.002736,-0.806080,0.019538,-0.673839,0.910879,-0.450491,1.081773,-0.322780,1.035115
N,Right,legacy_asl_N_245,0.000000,0.000000,0.465691,0.082904,0.839945,0.232375,0.858340,0.419929,0.675620,0.548686,0.485579,-0.190402,0.530307,0.705244,0.503514,1.268164,0.430006,1.738481,-0.025685,-0.254291,0.082648,0.795161,0.174436,1.406313,0.188850,1.864440,-0.465679,-0.125812,-0.287359,0.886401,-0.099671,1.031149,-0.012187,0.945048,-0.752640,0.078571,-0.562256,0.902544,-0.340528,1.045713,-0.224542,0.992511
N,Right,legacy_asl_N_246,0.011954,-0.001488,0.459346,0.100941,0.820412,0.299844,0.815198,0.458124,0.647620,0.596234,0.490552,-0.163086,0.487443,0.737157,0.407803,1.317699,0.293594,1.772847,-0.002549,-0.217823,0.018162,0.783040,0.034407,1.393044,0.053112,1.854151,-0.427651,-0.159928,-0.341673,0.871849,-0.185603,1.035748,-0.120796,0.955420,-0.773492,0.016116,-0.634414,0.858109,-0.414369,0.998047,-0.277336,0.992221
N,Right,legacy_asl_N_247,0.000000,0.000000,0.429578,0.112422,0.768612,0.280294,0.771794,0.457178,0.591176,0.563995,0.468637,-0.141843,0.443482,0.699626,0.376293,1.224387,0.272318,1.658996,-0.005010,-0.239880,0.017847,0.750274,0.058014,1.329042,0.037226,1.758823,-0.426357,-0.152573,-0.335223,0.807971,-0.170418,0.957465,-0.082112,0.883439,-0.710179,0.017213,-0.593671,0.802510,-0.396896,0.953073,-0.284378,0.911965
N,Right,legacy_asl_N_248,0.000000,0.000000,0.462488,0.099223,0.831257,0.261758,0.843048,0.449843,0.655915,0.572098,0.491972,-0.173215,0.505188,0.723450,0.458622,1.285081,0.368627,1.752522,-0.016730,-0.255037,0.054645,0.797575,0.124891,1.411576,0.123192,1.869926,-0.460969,-0.142105,-0.318342,0.875752,-0.135857,1.027008,-0.045402,0.944035,-0.754937,0.052065,-0.593636,0.882221,-0.377078,1.033096,-0.259293,0.984004
N,Right,legacy_asl_N_249,0.006511,-0.018652,0.380843,-0.002376,0.769349,-0.063317,0.841827,-0.077067,0.594358,-0.042683,0.357531,-0.807470,0.366083,-0.032301,0.306342,0.419247,0.222153,0.752465,-0.057391,-0.756675,0.048459,-0.003314,0.092784,0.405872,0.130526,0.689406,-0.422292,-0.617066,-0.290230,0.050277,-0.211604,0.290519,-0.105115,0.475969,-0.711449,-0.414491,-0.630646,0.013813,-0.491213,0.206303,-0.418683,0.292090
N,Right,legacy_asl_N_250,0.000000,0.000000,0.381499,-0.000766,0.722268,-0.059583,0.818872,-0.099175,0.590404,-0.036725,0.347048,-0.763970,0.372944,-0.064497,0.303493,0.407936,0.222440,0.710272,-0.075975,-0.753876,0.025954,-0.012037,0.087541,0.401096,0.138996,0.683570,-0.424361,-0.616428,-0.305293,0.029557,-0.197686,0.313160,-0.122565,0.469051,-0.701238,-0.408562,-0.619503,0.019793,-0.488798,0.197417,-0.392829,0.273756
N,Right,legacy_asl_N_251,0.000000,0.000000,0.388077,-0.031878,0.729983,-0.119499,0.825042,-0.167655,0.597687,-0.085493,0.290811,-0.805559,0.374178,-0.096022,0.342030,0.390296,0.284212,0.704502,-0.138753,-0.760805,0.025425,-0.014362,0.121762,0.400942,0.197140,0.684138,-0.481999,-0.592565,-0.308198,0.054959,-0.175598,0.334727,-0.086462,0.487207,-0.746750,-0.358509,-0.628673,0.070639,-0.481213,0.240700,-0.377351,0.310545
N,Right,legacy_asl_N_252,0.000259,-0.000726,0.379229,-0.012761,0.739115,-0.031982,0.833790,-0.107731,0.580830,-0.056720,0.352782,-0.804440,0.381917,-0.100385,0.294708,0.433996,0.212307,0.705240,-0.084883,-0.780454,0.012355,-0.033497,0.084458,0.414111,0.114732,0.733391,-0.443771,-0.620316,-0.299628,0.043688,-0.181393,0.295662,-0.133222,0.465021,-0.714867,-0.404407,-0.651544,0.024978,-0.491719,0.189647,-0.409689,0.261204
N,Right,legacy_asl_N_253,0.000000,0.000000,0.364365,-0.000731,0.689829,-0.056907,0.782095,-0.094721,0.563887,-0.035075,0.331462,-0.729658,0.356194,-0.061600,0.289862,0.389615,0.212449,0.678372,-0.072563,-0.720018,0.024789,-0.011496,0.083609,0.383082,0.132753,0.652869,-0.405302,-0.588743,-0.291582,0.028230,-0.188807,0.299095,-0.117061,0.447985,-0.669744,-0.390212,-0.591679,0.018904,-0.466845,0.188551,-0.375187,0.261461
N,Right,legacy_asl_N_254,0.000000,0.000000,0.389364,0.003927,0.737877,-0.051896,0.836959,-0.091111,0.603015,-0.030194,0.363624,-0.775419,0.381420,-0.061222,0.304708,0.420082,0.218254,0.727644,-0.068236,-0.770338,0.026637,-0.011964,0.084394,0.410437,0.133422,0.699362,-0.425493,-0.634360,-0.311945,0.026398,-0.205622,0.317169,-0.130878,0.477198,-0.710636,-0.425630,-0.632504,0.012555,-0.501300,0.195450,-0.404298,0.274546
N,Right,legacy_asl_N_255,0.014463,0.003418,0.377193,0.002447,0.753357,-0.052805,0.832923,-0.123214,0.602370,-0.041189,0.342437,-0.774426,0.377524,-0.085036,0.335331,0.386818,0.218151,0.730337,-0.090574,-0.780724,0.044426,-0.028246,0.097451,0.407833,0.153019,0.694897,-0.454693,-0.616958,-0.317814,0.037956,-0.197897,0.277761,-0.116678,0.463869,-0.712489,-0.420399,-0.619889,0.021209,-0.492472,0.205149,-0.419709,0.280869
N,Right,legacy_asl_N_256,0.000000,0.000000,0.364705,-0.000732,0.690474,-0.056960,0.782826,-0.094809,0.564414,-0.035108,0.331772,-0.730340,0.356527,-0.061658,0.290133,0.389979,0.212648,0.679006,-0.072631,-0.720691,0.024812,-0.011507,0.083687,0.383440,0.132877,0.653479,-0.405681,-0.589293,-0.291855,0.028256,-0.188984,0.299375,-0.117170,0.448404,-0.670370,-0.390577,-0.592232,0.018922,-0.467281,0.188727,-0.375537,0.261706
N,Right,legacy_asl_N_257,0.000000,0.000000,0.388510,0.026083,0.739634,-0.009813,0.840788,-0.043325,0.603756,0.004177,0.407170,-0.753465,0.384286,-0.039413,0.280303,0.436745,0.176484,0.738887,-0.024279,-0.772973,0.027275,-0.010429,0.060895,0.414575,0.093399,0.705822,-0.388696,-0.657550,-0.312942,0.008600,-0.223341,0.304951,-0.157828,0.468974,-0.685258,-0.465388,-0.632193,-0.023466,-0.511612,0.166600,-0.419269,0.251089
N,Right,legacy_asl_N_258,0.003620,0.005131,0.388132,0.015127,0.724448,-0.050218,0.827834,-0.103365,0.590544,-0.053518,0.332166,-0.789454,0.379367,-0.084956,0.306960,0.405703,0.217808,0.728081,-0.063207,-0.774073,0.021100,-0.045131,0.088522,0.398924,0.133137,0.702079,-0.462734,-0.646283,-0.327072,0.010653,-0.176392,0.324413,-0.164886,0.484035,-0.724088,-0.447051,-0.629070,0.020666,-0.523221,0.177069,-0.387404,0.295382
N,Right,legacy_asl_N_259,0.000000,0.000000,0.410260,-0.000823,0.776719,-0.064075,0.880607,-0.106652,0.634914,-0.039493,0.373212,-0.821565,0.401060,-0.069359,0.326373,0.438690,0.239209,0.763819,-0.081703,-0.810710,0.027911,-0.012944,0.094141,0.431335,0.149475,0.735104,-0.456354,-0.662900,-0.328309,0.031786,-0.212589,0.336769,-0.131806,0.504412,-0.754104,-0.439363,-0.666206,0.021286,-0.525648,0.212301,-0.422445,0.294395
N,Right,legacy_asl_N_260,0.000000,0.000000,0.387889,-0.034094,0.729289,-0.123665,0.824071,-0.172364,0.597189,-0.088905,0.286206,-0.807207,0.373624,-0.098157,0.344254,0.388337,0.288231,0.702868,-0.143096,-0.760001,0.025342,-0.014507,0.124050,0.400240,0.201043,0.683001,-0.485375,-0.589802,-0.307879,0.056718,-0.173684,0.335724,-0.083679,0.487693,-0.748785,-0.354239,-0.628259,0.074228,-0.479831,0.243445,-0.375571,0.312695
N,Right,legacy_asl_N_261,-0.007157,-0.016268,0.394725,0.023955,0.744146,-0.051304,0.807369,-0.100084,0.598431,-0.044977,0.348689,-0.774537,0.366070,-0.071034,0.302233,0.423887,0.228811,0.721714,-0.090633,-0.774369,0.039868,-0.012305,0.086099,0.429298,0.157588,0.669886,-0.416776,-0.610265,-0.325460,0.037771,-0.201700,0.291545,-0.102923,0.471671,-0.744812,-0.392544,-0.625550,0.015884,-0.511546,0.221335,-0.402398,0.293192
N,Right,legacy_asl_N_262,0.000000,0.000000,0.403873,-0.000810,0.764628,-0.063077,0.866899,-0.104991,0.625031,-0.038879,0.367403,-0.808776,0.394817,-0.068280,0.321292,0.431861,0.235486,0.751929,-0.080431,-0.798091,0.027476,-0.012743,0.092675,0.424620,0.147148,0.723661,-0.449250,-0.652581,-0.323199,0.031291,-0.209280,0.331527,-0.129754,0.496561,-0.742365,-0.432524,-0.655836,0.020954,-0.517466,0.208996,-0.415869,0.289812
N,Right,legacy_asl_N_263,0.000000,0.000000,0.389368,0.003521,0.737822,-0.052665,0.836864,-0.091984,0.602983,-0.030823,0.362815,-0.775798,0.381356,-0.061620,0.305146,0.419764,0.219013,0.727416,-0.069039,-0.770267,0.026625,-0.011992,0.084821,0.410348,0.134151,0.699223,-0.426154,-0.633916,-0.311917,0.026723,-0.205291,0.317383,-0.130381,0.477334,-0.711080,-0.424889,-0.632491,0.013215,-0.501096,0.195973,-0.404011,0.274967
N,Right,legacy_asl_N_264,-0.008208,0.004962,0.410036,-0.008548,0.717041,-0.057684,0.841846,-0.106981,0.606280,-0.019408,0.356836,-0.792866,0.388329,-0.089716,0.337378,0.435034,0.210130,0.705893,-0.080650,-0.794398,0.026867,-0.001678,0.066709,0.391930,0.137913,0.709447,-0.427958,-0.649568,-0.303587,0.025460,-0.209403,0.317780,-0.114938,0.460763,-0.722286,-0.411632,-0.659827,0.032527,-0.502924,0.201456,-0.403139,0.285423
N,Right,legacy_asl_N_265,0.000000,0.000000,0.406035,-0.000815,0.768722,-0.063415,0.871539,-0.105554,0.628377,-0.039087,0.369369,-0.813106,0.396931,-0.068645,0.323012,0.434173,0.236746,0.755954,-0.080862,-0.802363,0.027623,-0.012811,0.093171,0.426894,0.147936,0.727535,-0.451655,-0.656075,-0.324929,0.031458,-0.210400,0.333302,-0.130448,0.499219,-0.746339,-0.434839,-0.659347,0.021066,-0.520236,0.210115,-0.418095,0.291364
N,Right,legacy_asl_N_266,0.000000,0.000000,0.389326,0.006745,0.738233,-0.046553,0.837597,-0.085050,0.603218,-0.025829,0.369227,-0.772766,0.381853,-0.058460,0.301659,0.422277,0.212981,0.729205,-0.062658,-0.770812,0.026723,-0.011771,0.081420,0.411037,0.128356,0.700310,-0.420889,-0.637423,-0.312128,0.024139,-0.207912,0.315673,-0.134329,0.476238,-0.707537,-0.430763,-0.632579,0.007976,-0.502702,0.191816,-0.406274,0.271612
N,Right,legacy_asl_N_267,-0.023592,0.032019,0.378845,0.003812,0.722877,-0.082585,0.825242,-0.092354,0.622249,-0.052245,0.349105,-0.772064,0.411513,-0.076907,0.287913,0.383635,0.211823,0.701579,-0.073930,-0.790073,0.038717,-0.006196,0.097915,0.384436,0.146899,0.717644,-0.469394,-0.626298,-0.287497,0.036460,-0.214432,0.339602,-0.136280,0.486969,-0.688468,-0.401916,-0.627432,0.035758,-0.515705,0.171969,-0.371587,0.263392
N,Right,legacy_asl_N_268,0.000000,0.000000,0.389309,-0.000781,0.737055,-0.060803,0.835638,-0.101205,0.602491,-0.037477,0.354154,-0.779611,0.380580,-0.065817,0.309706,0.416288,0.226994,0.724814,-0.077531,-0.769311,0.026486,-0.012283,0.089333,0.409308,0.141842,0.697565,-0.433050,-0.629049,-0.311544,0.030162,-0.201733,0.319572,-0.125075,0.478654,-0.715595,-0.416927,-0.632186,0.020199,-0.498805,0.201459,-0.400872,0.279361
N,Right,legacy_asl_N_269,0.000000,0.000000,0.389132,-0.014018,0.734702,-0.085841,0.831872,-0.129580,0.600983,-0.057948,0.327508,-0.791350,0.378194,-0.078732,0.323741,0.405596,0.251551,0.716814,-0.103659,-0.766376,0.026058,-0.013179,0.103216,0.406112,0.165506,0.692471,-0.454271,-0.614080,-0.310397,0.040744,-0.190789,0.326307,-0.108751,0.482721,-0.729494,-0.392433,-0.631254,0.041687,-0.491762,0.218342,-0.391218,0.292884
N,Right,legacy_asl_N_270,0.000915,0.015938,0.444089,-0.024838,0.778999,-0.033309,0.847947,0.039876,0.650922,0.138506,0.524150,-0.786064,0.412411,-0.018288,0.284169,0.421838,0.239637,0.761836,0.073305,-0.846650,0.035632,0.088120,-0.024200,0.508692,-0.084643,0.851052,-0.312238,-0.772392,-0.259684,0.140483,-0.190471,0.411337,-0.072707,0.522865,-0.621338,-0.578618,-0.491035,0.023589,-0.383579,0.206100,-0.312336,0.297821
N,Right,legacy_asl_N_271,0.000000,0.000000,0.408808,0.001512,0.730081,-0.017810,0.797998,0.033388,0.614163,0.122671,0.522581,-0.751424,0.404615,-0.028565,0.270594,0.399904,0.204217,0.726807,0.078051,-0.819010,0.003641,0.081170,-0.050548,0.496611,-0.090398,0.795536,-0.290317,-0.729104,-0.262201,0.140837,-0.167459,0.391161,-0.096094,0.501428,-0.570177,-0.542721,-0.490213,0.034779,-0.369787,0.223710,-0.286469,0.272317
N,Right,legacy_asl_N_272,0.000000,0.000000,0.427021,-0.030680,0.760988,-0.076209,0.835951,-0.028106,0.651025,0.079636,0.486414,-0.825918,0.420269,-0.061758,0.314127,0.396250,0.270608,0.742860,0.016876,-0.861417,0.010207,0.084475,-0.013597,0.522579,-0.031623,0.837878,-0.360701,-0.738464,-0.262692,0.167761,-0.144004,0.421687,-0.060779,0.531204,-0.638239,-0.521748,-0.509165,0.075001,-0.368500,0.262792,-0.277659,0.306975
N,Right,legacy_asl_N_273,-0.046313,-0.003762,0.418909,-0.012801,0.729874,0.005672,0.851110,0.048533,0.633478,0.134315,0.546008,-0.779643,0.421931,-0.020987,0.255028,0.426630,0.195791,0.762579,0.053786,-0.831622,-0.011282,0.050879,-0.085099,0.516541,-0.110726,0.824826,-0.315596,-0.787503,-0.273413,0.129922,-0.157103,0.413304,-0.095349,0.522033,-0.604786,-0.570360,-0.495805,0.032748,-0.395038,0.223171,-0.320167,0.313580
N,Right,legacy_asl_N_274,0.000000,0.000000,0.438857,0.001623,0.783744,-0.019119,0.856654,0.035842,0.659306,0.131687,0.560992,-0.806656,0.434356,-0.030664,0.290484,0.429298,0.219228,0.780230,0.083788,-0.879210,0.003908,0.087137,-0.054263,0.533113,-0.097043,0.854010,-0.311656,-0.782695,-0.281474,0.151189,-0.179768,0.419912,-0.103157,0.538285,-0.612087,-0.582613,-0.526245,0.037335,-0.396967,0.240154,-0.307525,0.292333
N,Right,legacy_asl_N_275,0.000000,0.000000,0.428089,-0.005307,0.764168,-0.030954,0.836147,0.021510,0.645158,0.118097,0.534530,-0.795624,0.423191,-0.036730,0.290080,0.414179,0.226086,0.757598,0.067923,-0.858901,0.005180,0.084932,-0.044558,0.520853,-0.081248,0.834529,-0.316280,-0.758552,-0.272177,0.151890,-0.168753,0.412407,-0.092169,0.526665,-0.606180,-0.558673,-0.512716,0.044679,-0.383434,0.240480,-0.295372,0.289971
N,Right,legacy_asl_N_276,-0.003040,0.016121,0.439627,-0.008229,0.770652,-0.005030,0.849733,0.047835,0.637131,0.146823,0.553055,-0.783166,0.425061,-0.056813,0.268163,0.425393,0.184442,0.744303,0.072160,-0.867217,-0.004224,0.091892,-0.026449,0.528281,-0.091322,0.836744,-0.283103,-0.768220,-0.254340,0.130907,-0.201300,0.414725,-0.116591,0.509082,-0.577025,-0.553485,-0.506573,0.025011,-0.378356,0.204889,-0.296280,0.279199
N,Right,legacy_asl_N_277,0.000000,0.000000,0.417294,0.001543,0.745236,-0.018179,0.814563,0.034081,0.626912,0.125217,0.533429,-0.767022,0.413015,-0.029158,0.276211,0.408205,0.208456,0.741894,0.079671,-0.836011,0.003716,0.082855,-0.051597,0.506919,-0.092275,0.812049,-0.296344,-0.744239,-0.267644,0.143761,-0.170935,0.399280,-0.098089,0.511837,-0.582013,-0.553987,-0.500389,0.035501,-0.377463,0.228354,-0.292415,0.277970
N,Right,legacy_asl_N_278,0.000000,0.000000,0.426501,-0.037213,0.759733,-0.087848,0.835423,-0.040898,0.652168,0.069661,0.473715,-0.833266,0.419275,-0.068183,0.320156,0.391396,0.281947,0.738631,0.003689,-0.861575,0.011499,0.084309,-0.005596,0.522726,-0.018794,0.838264,-0.371962,-0.732856,-0.260094,0.171762,-0.137532,0.423842,-0.052641,0.532072,-0.646150,-0.511918,-0.507957,0.082786,-0.364435,0.268401,-0.272927,0.311189
N,Right,legacy_asl_N_279,0.012272,0.008743,0.423057,0.015133,0.773303,-0.007266,0.843481,0.012210,0.628903,0.128283,0.548953,-0.772530,0.414911,-0.046923,0.277655,0.428047,0.219299,0.758992,0.081129,-0.864415,0.006191,0.105252,-0.043117,0.499608,-0.095508,0.798673,-0.304403,-0.779786,-0.288374,0.128345,-0.162976,0.383493,-0.090460,0.505569,-0.605173,-0.577973,-0.519637,0.035312,-0.375062,0.245185,-0.281454,0.281482
N,Right,legacy_asl_N_280,0.000000,0.000000,0.423368,0.001566,0.756083,-0.018444,0.826418,0.034577,0.636036,0.127039,0.541192,-0.778185,0.419026,-0.029582,0.280231,0.414146,0.211490,0.752692,0.080831,-0.848178,0.003770,0.084061,-0.052348,0.514297,-0.093618,0.823868,-0.300657,-0.755071,-0.271539,0.145853,-0.173423,0.405092,-0.099516,0.519286,-0.590483,-0.562050,-0.507672,0.036017,-0.382957,0.231678,-0.296671,0.282015
N,Right,legacy_asl_N_281,0.000000,0.000000,0.426712,-0.034712,0.760235,-0.083393,0.835649,-0.036000,0.651748,0.073483,0.478592,-0.830475,0.419667,-0.065724,0.317856,0.393266,0.277612,0.740271,0.008740,-0.861538,0.011004,0.084375,-0.008660,0.522684,-0.023708,0.838140,-0.367659,-0.735024,-0.261096,0.170235,-0.140014,0.423029,-0.055759,0.531754,-0.643138,-0.515697,-0.508434,0.079807,-0.366002,0.266260,-0.274747,0.309583
N,Right,legacy_asl_N_282,0.007126,0.027571,0.425002,-0.026285,0.744434,-0.022849,0.851034,0.041513,0.644558,0.130331,0.553034,-0.775463,0.412627,-0.041153,0.285827,0.419987,0.230909,0.762514,0.079546,-0.873498,0.025879,0.080767,-0.049632,0.545639,-0.079237,0.818131,-0.307244,-0.782884,-0.272736,0.126103,-0.193297,0.397229,-0.110002,0.524176,-0.618767,-0.557492,-0.494433,0.056049,-0.403893,0.218116,-0.297186,0.289351
N,Right,legacy_asl_N_283,0.000000,0.000000,0.424190,0.001569,0.757552,-0.018480,0.828025,0.034644,0.637272,0.127286,0.542244,-0.779698,0.419840,-0.029640,0.280776,0.414951,0.211901,0.754155,0.080988,-0.849827,0.003778,0.084224,-0.052449,0.515297,-0.093800,0.825469,-0.301241,-0.756538,-0.272067,0.146137,-0.173760,0.405879,-0.099710,0.520296,-0.591631,-0.563142,-0.508658,0.036087,-0.383701,0.232128,-0.297248,0.282563
N,Right,legacy_asl_N_284,0.000000,0.000000,0.427457,0.023843,0.764503,0.021131,0.832744,0.078373,0.635623,0.161736,0.587444,-0.757396,0.424710,-0.007840,0.261216,0.432963,0.173995,0.771230,0.126227,-0.852286,-0.000613,0.085088,-0.079907,0.516612,-0.137862,0.827064,-0.263915,-0.778320,-0.281884,0.133012,-0.196433,0.399964,-0.127803,0.519170,-0.566747,-0.598638,-0.514568,0.009677,-0.398913,0.213824,-0.314424,0.269194
N,Right,legacy_asl_N_285,0.017174,0.000657,0.435195,0.007929,0.771366,-0.029481,0.820389,0.028799,0.612241,0.124387,0.529251,-0.794830,0.408284,-0.036722,0.270706,0.435104,0.215225,0.753413,0.079382,-0.859300,0.019370,0.096161,-0.066084,0.530645,-0.084405,0.825898,-0.312571,-0.759957,-0.275833,0.140175,-0.167241,0.403200,-0.092226,0.520513,-0.576618,-0.548078,-0.523163,0.047936,-0.363935,0.244728,-0.270588,0.296419
N,Right,legacy_asl_N_286,0.000000,0.000000,0.403388,0.001492,0.720402,-0.017574,0.787418,0.032945,0.606021,0.121044,0.515652,-0.741461,0.399251,-0.028186,0.267007,0.394602,0.201509,0.717171,0.077016,-0.808151,0.003592,0.080094,-0.049877,0.490027,-0.089200,0.784988,-0.286468,-0.719438,-0.258725,0.138970,-0.165239,0.385975,-0.094820,0.494780,-0.562617,-0.535526,-0.483714,0.034318,-0.364884,0.220744,-0.282671,0.268706
N,Right,legacy_asl_N_287,0.000000,0.000000,0.426363,0.038764,0.763298,0.047829,0.829497,0.107420,0.629585,0.183845,0.613548,-0.736409,0.424725,0.007004,0.245929,0.441825,0.146943,0.776838,0.155928,-0.847355,-0.003585,0.085014,-0.097908,0.513505,-0.166674,0.821742,-0.236561,-0.787066,-0.286360,0.123082,-0.210287,0.392857,-0.145864,0.514388,-0.545486,-0.618074,-0.514592,-0.008307,-0.406140,0.199756,-0.323637,0.258044
N,Right,legacy_asl_N_288,-0.015271,-0.002327,0.435885,0.004299,0.780279,-0.020051,0.830115,0.052124,0.659979,0.145861,0.552398,-0.798112,0.423690,-0.041203,0.286531,0.421605,0.189356,0.726253,0.080634,-0.861622,0.004980,0.082883,-0.053020,0.523573,-0.072715,0.818798,-0.288444,-0.775519,-0.291600,0.105842,-0.157057,0.423939,-0.104141,0.533922,-0.623332,-0.585344,-0.511364,0.032280,-0.397815,0.247470,-0.312537,0.283556
N,Right,legacy_asl_N_289,0.000000,0.000000,0.455950,0.001686,0.814271,-0.019863,0.890020,0.037238,0.684986,0.136816,0.582842,-0.838074,0.451274,-0.031859,0.301798,0.446019,0.227766,0.810619,0.087051,-0.913454,0.004061,0.090530,-0.056376,0.553878,-0.100822,0.887273,-0.323795,-0.813181,-0.292437,0.157078,-0.186769,0.436268,-0.107175,0.559251,-0.635927,-0.605305,-0.546742,0.038789,-0.412429,0.249508,-0.319503,0.303719
N,Right,legacy_asl_N_290,0.000000,0.000000,0.427268,-0.027017,0.761614,-0.069680,0.836162,-0.020935,0.650318,0.085216,0.493479,-0.821716,0.420783,-0.058151,0.310717,0.398930,0.264228,0.745153,0.024263,-0.861241,0.009482,0.084560,-0.018078,0.522443,-0.038807,0.837576,-0.354354,-0.741530,-0.264121,0.165502,-0.147615,0.420437,-0.065332,0.530663,-0.633741,-0.527202,-0.509789,0.070632,-0.370740,0.259622,-0.280281,0.304582
N,Right,legacy_asl_N_291,-0.021825,0.026410,0.312118,-0.123260,0.555321,-0.339291,0.532991,-0.410239,0.365236,-0.362806,0.244820,-0.967410,0.360009,-0.453478,0.367696,-0.224283,0.368554,-0.199830,-0.091779,-0.921431,0.072553,-0.429369,0.097890,-0.149927,0.166470,-0.158174,-0.333689,-0.823442,-0.163028,-0.336928,-0.103663,-0.136408,-0.062922,-0.184312,-0.585756,-0.668769,-0.474269,-0.256877,-0.374377,-0.073549,-0.295081,-0.128291
N,Right,legacy_asl_N_292,0.000000,0.000000,0.317626,-0.134894,0.552758,-0.322826,0.541531,-0.386059,0.370445,-0.337126,0.241865,-0.940590,0.343886,-0.452347,0.358009,-0.203454,0.357887,-0.194963,-0.068904,-0.930389,0.069622,-0.412327,0.125344,-0.175090,0.143795,-0.161992,-0.336516,-0.814455,-0.177938,-0.318598,-0.103465,-0.133437,-0.077936,-0.171862,-0.562201,-0.647394,-0.444617,-0.253084,-0.346049,-0.096461,-0.303446,-0.132426
N,Right,legacy_asl_N_293,0.000000,0.000000,0.322374,-0.145679,0.558961,-0.343788,0.545975,-0.408331,0.371777,-0.354179,0.225882,-0.969650,0.341862,-0.471646,0.362158,-0.216890,0.362231,-0.208184,-0.092380,-0.951927,0.061710,-0.424215,0.124367,-0.182378,0.143584,-0.169385,-0.363939,-0.826849,-0.189817,-0.322363,-0.109160,-0.134337,-0.083895,-0.174315,-0.591332,-0.650352,-0.461600,-0.248982,-0.356915,-0.090767,-0.314094,-0.128624
N,Right,legacy_asl_N_294,-0.017847,0.004424,0.296440,-0.149038,0.625176,-0.332365,0.572669,-0.381604,0.355254,-0.354548,0.242278,-0.942158,0.335643,-0.452719,0.363010,-0.178903,0.374842,-0.181859,-0.072281,-0.952541,0.052976,-0.409746,0.146460,-0.207015,0.164421,-0.155218,-0.346972,-0.830242,-0.168349,-0.363601,-0.105215,-0.112544,-0.074523,-0.192063,-0.598400,-0.653678,-0.457062,-0.266669,-0.361300,-0.109167,-0.299327,-0.135257
N,Right,legacy_asl_N_295,0.000000,0.000000,0.307849,-0.130741,0.535744,-0.312889,0.524862,-0.374175,0.359042,-0.326749,0.234420,-0.911638,0.333301,-0.438423,0.346989,-0.197191,0.346871,-0.188961,-0.066783,-0.901751,0.067479,-0.399635,0.121486,-0.169700,0.139369,-0.157005,-0.326158,-0.789385,-0.172460,-0.308791,-0.100280,-0.129330,-0.075537,-0.166571,-0.544896,-0.627466,-0.430932,-0.245294,-0.335397,-0.093492,-0.294106,-0.128350
N,Right,legacy_asl_N_296,0.000000,0.000000,0.335928,-0.110904,0.592070,-0.282983,0.585957,-0.348535,0.407023,-0.313038,0.326786,-0.940455,0.389651,-0.433003,0.382994,-0.177526,0.382149,-0.168862,0.008428,-0.956361,0.106061,-0.415352,0.142890,-0.168260,0.160631,-0.153315,-0.274798,-0.860591,-0.154797,-0.340567,-0.094399,-0.145091,-0.065062,-0.182184,-0.519521,-0.709034,-0.432798,-0.296229,-0.345365,-0.127866,-0.298794,-0.161000
N,Right,legacy_asl_N_297,-0.011245,0.016875,0.296703,-0.126848,0.559379,-0.325855,0.540590,-0.390618,0.346260,-0.316792,0.248246,-0.957491,0.373833,-0.457672,0.366510,-0.206557,0.372127,-0.181328,-0.077228,-0.926682,0.064459,-0.419452,0.132186,-0.176558,0.155971,-0.184463,-0.360577,-0.827228,-0.183589,-0.331311,-0.119183,-0.125328,-0.079919,-0.168420,-0.533374,-0.664578,-0.479344,-0.246391,-0.360005,-0.121121,-0.315112,-0.123202
N,Right,legacy_asl_N_298,0.000000,0.000000,0.316571,-0.134446,0.550923,-0.321754,0.539733,-0.384777,0.369215,-0.336007,0.241062,-0.937467,0.342744,-0.450845,0.356820,-0.202778,0.356698,-0.194315,-0.068675,-0.927300,0.069390,-0.410958,0.124928,-0.174508,0.143317,-0.161454,-0.335399,-0.811751,-0.177347,-0.317540,-0.103121,-0.132994,-0.077677,-0.171291,-0.560334,-0.645244,-0.443141,-0.252244,-0.344899,-0.096140,-0.302439,-0.131987
N,Right,legacy_asl_N_299,0.000000,0.000000,0.330487,-0.126196,0.578466,-0.309844,0.569352,-0.375047,0.392235,-0.331380,0.283301,-0.954455,0.369378,-0.450421,0.374447,-0.194908,0.374001,-0.186214,-0.035451,-0.955741,0.086896,-0.419780,0.135021,-0.174637,0.153429,-0.160522,-0.313986,-0.847079,-0.170256,-0.333108,-0.100956,-0.140608,-0.073351,-0.179007,-0.551498,-0.684456,-0.445931,-0.276064,-0.350867,-0.111888,-0.305865,-0.147124
