label,handedness,timestamp,x0,y0,x1,y1,x2,y2,x3,y3,x4,y4,x5,y5,x6,y6,x7,y7,x8,y8,x9,y9,x10,y10,x11,y11,x12,y12,x13,y13,x14,y14,x15,y15,x16,y16,x17,y17,x18,y18,x19,y19,x20,y20
O,Right,legacy_asl_O_0,0.000000,0.000000,0.398553,-0.141768,0.712873,-0.374506,0.892289,-0.674066,0.958664,-0.993516,0.300977,-0.922796,0.501260,-1.271040,0.737543,-1.253945,0.911815,-1.154416,0.158958,-0.984075,0.363994,-1.423991,0.657072,-1.361608,0.847365,-1.165832,0.008630,-1.011385,0.168280,-1.483111,0.485305,-1.420211,0.705780,-1.216910,-0.155850,-0.990637,-0.013993,-1.375439,0.251478,-1.371783,0.475177,-1.226826
O,Right,legacy_asl_O_1,0.000000,0.000000,0.326096,-0.210299,0.511909,-0.560061,0.613416,-0.909379,0.595783,-1.229788,-0.340567,-0.848157,-0.150668,-1.377424,0.171012,-1.419731,0.385760,-1.360081,-0.444770,-0.884190,-0.215734,-1.436809,0.136800,-1.462914,0.369210,-1.357081,-0.432496,-0.911449,-0.223229,-1.398283,0.103774,-1.419860,0.316993,-1.315939,-0.351742,-0.925402,-0.180256,-1.304898,0.063211,-1.351741,0.245548,-1.298880
O,Right,legacy_asl_O_2,0.000000,0.000000,0.399164,-0.157804,0.701197,-0.431285,0.884083,-0.715220,0.941541,-1.033652,0.216570,-0.893656,0.445873,-1.178617,0.717013,-1.205323,0.898525,-1.151965,0.106000,-0.968713,0.370519,-1.345129,0.675100,-1.334379,0.875866,-1.183455,-0.024149,-1.034963,0.223157,-1.451228,0.544237,-1.431112,0.750444,-1.274906,-0.169540,-1.053182,0.034765,-1.450682,0.311911,-1.480683,0.531299,-1.356508
O,Right,legacy_asl_O_3,0.000000,0.000000,0.312018,-0.315802,0.392993,-0.615626,0.515651,-0.853899,0.518769,-1.086231,-0.384184,-0.875546,-0.067311,-1.244240,0.243299,-1.263901,0.436187,-1.147935,-0.450163,-0.890870,-0.109729,-1.331596,0.231446,-1.314038,0.432203,-1.159007,-0.409603,-0.906508,-0.093137,-1.358162,0.240662,-1.350387,0.430902,-1.202286,-0.266192,-0.929145,-0.084547,-1.350110,0.155652,-1.391244,0.339353,-1.295222
O,Right,legacy_asl_O_4,0.000000,0.000000,0.319896,-0.359152,0.451610,-0.601120,0.576343,-0.807435,0.627597,-1.049068,-0.134028,-0.852845,0.065690,-1.147038,0.316838,-1.173659,0.485033,-1.135452,-0.212944,-0.880078,0.026532,-1.264869,0.313020,-1.272730,0.509185,-1.128629,-0.250098,-0.903845,-0.032596,-1.264915,0.267001,-1.270435,0.457107,-1.160589,-0.234348,-0.907981,-0.093528,-1.272546,0.125468,-1.349252,0.303700,-1.321506
O,Right,legacy_asl_O_5,0.000000,0.000000,0.386334,-0.133666,0.767287,-0.366487,0.874210,-0.687040,0.812021,-0.995063,0.412246,-0.900244,0.568135,-1.251755,0.725910,-1.247220,0.834926,-1.126082,0.251101,-0.964944,0.403458,-1.393213,0.597766,-1.353783,0.724446,-1.163870,0.084673,-0.994781,0.190033,-1.446262,0.401757,-1.420497,0.552526,-1.254431,-0.104907,-0.973222,0.025112,-1.290116,0.209852,-1.336437,0.366888,-1.263575
O,Right,legacy_asl_O_6,0.000000,0.000000,0.277425,-0.389953,0.414658,-0.685049,0.538132,-0.948635,0.513023,-1.229119,-0.297431,-0.910586,-0.111777,-1.290866,0.164227,-1.332784,0.354523,-1.252640,-0.404158,-0.907309,-0.225668,-1.408151,0.084911,-1.466263,0.311086,-1.349250,-0.454036,-0.890269,-0.326674,-1.405892,-0.014810,-1.482164,0.216822,-1.389069,-0.436777,-0.872843,-0.365569,-1.308590,-0.169094,-1.448551,0.014246,-1.453152
O,Right,legacy_asl_O_7,0.000000,0.000000,0.349082,-0.259512,0.573296,-0.611075,0.646473,-0.963644,0.581724,-1.291897,-0.180576,-0.890900,-0.106167,-1.303297,0.181690,-1.415979,0.430712,-1.398907,-0.333156,-0.935992,-0.237818,-1.433985,0.105209,-1.513510,0.373446,-1.436767,-0.416058,-0.961690,-0.331070,-1.470352,0.022515,-1.538517,0.289087,-1.448756,-0.456824,-0.958576,-0.350941,-1.366562,-0.074196,-1.476134,0.160393,-1.453408
O,Right,legacy_asl_O_8,0.000000,0.000000,0.262537,-0.328385,0.353158,-0.595466,0.481930,-0.816091,0.531553,-1.029561,-0.427468,-0.869416,-0.121169,-1.236905,0.191000,-1.258110,0.424030,-1.156434,-0.482633,-0.868304,-0.139689,-1.307556,0.200023,-1.314195,0.431518,-1.181424,-0.433299,-0.858811,-0.124364,-1.317530,0.201700,-1.335180,0.412274,-1.203837,-0.291746,-0.851965,-0.089442,-1.266398,0.145788,-1.327990,0.330105,-1.263022
O,Right,legacy_asl_O_9,0.000000,0.000000,0.391281,-0.106855,0.781558,-0.385176,0.897730,-0.729692,0.906636,-1.016792,0.434188,-0.879262,0.615658,-1.177949,0.794380,-1.184196,0.934317,-1.106171,0.276030,-0.950557,0.457624,-1.286131,0.649625,-1.287372,0.809793,-1.177641,0.113248,-1.002737,0.255961,-1.352136,0.451829,-1.368197,0.617636,-1.255888,-0.078977,-1.023790,0.039919,-1.332290,0.218833,-1.387477,0.393756,-1.316787
O,Right,legacy_asl_O_10,0.000000,0.000000,0.312781,-0.370402,0.470456,-0.741525,0.455359,-1.056484,0.357160,-1.345149,-0.055307,-0.951227,-0.045473,-1.281031,0.119304,-1.418545,0.266491,-1.452817,-0.198459,-0.955612,-0.209337,-1.366898,-0.014481,-1.489220,0.175935,-1.455467,-0.360365,-0.940325,-0.397419,-1.370091,-0.188811,-1.482937,0.015248,-1.424789,-0.529037,-0.895856,-0.572672,-1.272898,-0.397139,-1.399591,-0.195337,-1.373212
O,Right,legacy_asl_O_11,0.000000,0.000000,0.412121,-0.136431,0.715332,-0.337176,0.885517,-0.576747,0.969239,-0.859458,0.352421,-0.830537,0.536188,-1.106645,0.752041,-1.092135,0.896070,-0.996915,0.290364,-0.905447,0.491981,-1.250718,0.733375,-1.235792,0.898172,-1.088180,0.213278,-0.975016,0.422395,-1.319427,0.682603,-1.289872,0.840192,-1.130031,0.134703,-1.024477,0.321656,-1.345709,0.553881,-1.357464,0.729842,-1.240310
O,Right,legacy_asl_O_12,0.000000,0.000000,0.388456,-0.399325,0.645251,-0.649340,0.788144,-0.910303,0.767856,-1.215298,0.091291,-0.993791,0.216136,-1.382161,0.456686,-1.390844,0.628931,-1.285853,-0.030282,-0.998646,0.093168,-1.509346,0.379532,-1.527565,0.580827,-1.372972,-0.144940,-0.976306,-0.074031,-1.490930,0.204277,-1.537125,0.418452,-1.424488,-0.244032,-0.912999,-0.227449,-1.295249,-0.053545,-1.439272,0.112919,-1.473728
O,Right,legacy_asl_O_13,0.000000,0.000000,0.224031,-0.260887,0.301069,-0.599486,0.430966,-0.908966,0.480099,-1.196444,-0.525295,-0.804843,-0.271250,-1.299214,0.046374,-1.406241,0.256653,-1.365292,-0.591796,-0.804943,-0.272431,-1.330041,0.098721,-1.399529,0.333357,-1.305897,-0.544630,-0.823090,-0.251939,-1.338253,0.088948,-1.405039,0.288266,-1.303943,-0.428613,-0.867260,-0.260695,-1.331186,-0.031139,-1.447451,0.136288,-1.414147
O,Right,legacy_asl_O_14,0.000000,0.000000,0.395183,-0.215128,0.681949,-0.563692,0.776360,-0.936999,0.774170,-1.286991,0.033438,-0.904329,0.204648,-1.348878,0.480965,-1.449151,0.685931,-1.426355,-0.094355,-0.980392,0.078014,-1.492487,0.396498,-1.582535,0.637812,-1.501486,-0.157792,-1.032777,-0.033827,-1.517795,0.282470,-1.604682,0.518094,-1.529856,-0.194481,-1.057917,-0.111163,-1.478925,0.130517,-1.599717,0.345981,-1.577110
O,Right,legacy_asl_O_15,0.000000,0.000000,0.420898,-0.129149,0.752844,-0.299303,0.938972,-0.568387,0.990431,-0.889949,0.356230,-0.773521,0.577788,-0.996896,0.786911,-1.022570,0.933503,-1.007873,0.270149,-0.882172,0.500169,-1.137321,0.717090,-1.167106,0.888862,-1.097524,0.183001,-0.978111,0.398734,-1.252539,0.618227,-1.260784,0.774494,-1.161525,0.099911,-1.049569,0.283183,-1.319114,0.467548,-1.348270,0.617449,-1.278703
O,Right,legacy_asl_O_16,0.000000,0.000000,0.398603,-0.179193,0.652211,-0.443683,0.779779,-0.722734,0.741216,-1.017557,-0.022757,-0.907992,0.135197,-1.288780,0.436632,-1.306493,0.648732,-1.152703,-0.126425,-0.958900,0.106755,-1.426740,0.454364,-1.401430,0.672085,-1.238278,-0.211652,-0.986983,0.081302,-1.473446,0.451582,-1.398434,0.655877,-1.183182,-0.261625,-0.963104,0.101284,-1.317074,0.422422,-1.278559,0.611527,-1.112925
O,Right,legacy_asl_O_17,0.000000,0.000000,0.344261,-0.301710,0.547192,-0.581892,0.688521,-0.823354,0.747705,-1.092573,-0.147317,-0.935950,0.109782,-1.276458,0.414906,-1.304722,0.637218,-1.220234,-0.241986,-0.953114,0.060493,-1.388742,0.407769,-1.394258,0.643057,-1.258814,-0.262164,-0.959625,0.028461,-1.414997,0.379271,-1.416193,0.603738,-1.273309,-0.205607,-0.952253,0.011034,-1.357959,0.274691,-1.404542,0.474848,-1.316083
O,Right,legacy_asl_O_18,0.000000,0.000000,0.419183,-0.132494,0.753940,-0.387154,0.878650,-0.708403,0.907977,-1.014234,0.365206,-0.843261,0.530102,-1.106655,0.734859,-1.161271,0.888073,-1.147857,0.231626,-0.927810,0.398176,-1.250803,0.605904,-1.291591,0.775665,-1.235563,0.079121,-1.010692,0.238683,-1.367826,0.451902,-1.387278,0.607058,-1.291617,-0.101356,-1.078190,0.037189,-1.413033,0.223370,-1.439327,0.368360,-1.355953
O,Right,legacy_asl_O_19,0.000000,0.000000,0.432746,-0.127359,0.734574,-0.333659,0.886881,-0.580125,0.976173,-0.861588,0.318712,-0.799915,0.505629,-1.065904,0.726722,-1.062964,0.878116,-0.979680,0.256710,-0.887249,0.473619,-1.216956,0.723785,-1.214965,0.906024,-1.081712,0.184070,-0.973920,0.416360,-1.303516,0.685517,-1.283130,0.850477,-1.130130,0.104346,-1.044565,0.293695,-1.372423,0.529187,-1.387623,0.712637,-1.271278
O,Right,legacy_asl_O_20,0.000000,0.000000,0.380898,-0.200444,0.608270,-0.406892,0.753317,-0.617885,0.757376,-0.880995,0.075326,-0.908054,0.302114,-1.220866,0.565294,-1.175877,0.710968,-1.011280,-0.012303,-0.961251,0.298735,-1.327661,0.602227,-1.225982,0.743501,-1.021308,-0.073464,-0.990801,0.274584,-1.365774,0.587631,-1.212081,0.714353,-0.972748,-0.091745,-0.962325,0.262796,-1.253046,0.535080,-1.157121,0.671277,-0.967247
O,Right,legacy_asl_O_21,0.000000,0.000000,0.199624,-0.323801,0.247132,-0.606030,0.335902,-0.837815,0.414362,-1.056554,-0.563836,-0.794748,-0.280685,-1.260389,0.023576,-1.294702,0.249530,-1.199990,-0.563159,-0.826172,-0.224495,-1.352157,0.094884,-1.321881,0.305626,-1.189700,-0.455174,-0.844751,-0.094798,-1.341945,0.222675,-1.286030,0.409752,-1.133609,-0.272334,-0.861223,0.050607,-1.207152,0.307055,-1.194277,0.476593,-1.097017
O,Right,legacy_asl_O_22,0.000000,0.000000,0.446057,-0.178240,0.761599,-0.427955,0.922247,-0.728691,0.971016,-1.080877,0.228830,-0.861893,0.478640,-1.145013,0.738728,-1.182501,0.910953,-1.155627,0.126165,-0.949947,0.393346,-1.304718,0.688003,-1.309762,0.905706,-1.196800,-0.004529,-1.041743,0.262859,-1.435352,0.595573,-1.424606,0.828525,-1.284959,-0.143178,-1.114613,0.061969,-1.512337,0.356200,-1.540676,0.605304,-1.415800
O,Right,legacy_asl_O_23,0.000000,0.000000,0.333681,-0.323932,0.502137,-0.654011,0.595890,-0.943637,0.533280,-1.232600,-0.105437,-0.981865,-0.070087,-1.381282,0.219573,-1.410968,0.432350,-1.326307,-0.218397,-0.967384,-0.173329,-1.443832,0.176047,-1.472458,0.409367,-1.335397,-0.328220,-0.939162,-0.276520,-1.430587,0.093134,-1.466305,0.332551,-1.342637,-0.413366,-0.879872,-0.308455,-1.291476,-0.033267,-1.352364,0.172418,-1.272402
O,Right,legacy_asl_O_24,0.000000,0.000000,0.392527,-0.175840,0.711673,-0.439729,0.778309,-0.772701,0.698427,-1.021438,0.521179,-0.874168,0.625101,-1.204196,0.685461,-1.177089,0.725073,-1.051775,0.343450,-0.931568,0.437432,-1.269378,0.535535,-1.227193,0.604091,-1.072937,0.166774,-0.953323,0.236325,-1.285647,0.368694,-1.267209,0.471691,-1.123955,-0.030639,-0.938655,0.038955,-1.220079,0.171174,-1.250497,0.291450,-1.169060
O,Right,legacy_asl_O_25,0.000000,0.000000,0.308877,-0.316735,0.474646,-0.638621,0.571330,-0.919915,0.594400,-1.213323,-0.307486,-0.859804,-0.066867,-1.261961,0.241138,-1.359505,0.482543,-1.325529,-0.420000,-0.891130,-0.150407,-1.403746,0.205121,-1.484787,0.475375,-1.405824,-0.455970,-0.930235,-0.199768,-1.462501,0.148498,-1.553806,0.403018,-1.462826,-0.426515,-0.976956,-0.279502,-1.449712,-0.015518,-1.575740,0.217558,-1.545282
O,Right,legacy_asl_O_26,0.000000,0.000000,0.207259,-0.373160,0.246346,-0.723753,0.296670,-1.014514,0.239863,-1.262018,-0.584276,-0.775529,-0.479241,-1.268962,-0.164219,-1.373881,0.064269,-1.343536,-0.671117,-0.741050,-0.514639,-1.299403,-0.164528,-1.391430,0.080263,-1.335601,-0.661835,-0.736117,-0.506972,-1.274371,-0.181985,-1.373466,0.045888,-1.312709,-0.575722,-0.754158,-0.473410,-1.206393,-0.245603,-1.322411,-0.062006,-1.305746
O,Right,legacy_asl_O_27,0.000000,0.000000,0.419559,-0.206037,0.693218,-0.465931,0.846150,-0.728805,0.826729,-1.058904,0.143435,-0.948894,0.260798,-1.367735,0.546864,-1.338782,0.735290,-1.203482,0.018539,-0.976728,0.142060,-1.477732,0.493511,-1.419412,0.700394,-1.237523,-0.127359,-0.995181,0.008553,-1.507239,0.382777,-1.431378,0.579315,-1.229843,-0.264539,-0.965867,-0.089091,-1.386822,0.215279,-1.368325,0.409829,-1.205678
O,Right,legacy_asl_O_28,0.000000,0.000000,0.223556,-0.243428,0.314585,-0.595985,0.466330,-0.916102,0.531752,-1.216750,-0.518376,-0.790786,-0.302400,-1.287343,-0.010711,-1.421945,0.216425,-1.434026,-0.596994,-0.801743,-0.253623,-1.315677,0.134978,-1.383177,0.408514,-1.294819,-0.554041,-0.827299,-0.231286,-1.332688,0.126605,-1.393698,0.359578,-1.295242,-0.446201,-0.883651,-0.269052,-1.357928,-0.038215,-1.489335,0.138909,-1.478921
O,Right,legacy_asl_O_29,0.000000,0.000000,0.381570,-0.256191,0.629373,-0.600423,0.725330,-0.963343,0.728291,-1.308568,0.026867,-0.936037,0.135461,-1.420997,0.409975,-1.509262,0.615482,-1.445200,-0.087933,-0.990194,0.019785,-1.527238,0.345435,-1.613949,0.584403,-1.512323,-0.150808,-1.025319,-0.065748,-1.537137,0.252550,-1.621728,0.477626,-1.527028,-0.189653,-1.038067,-0.113356,-1.471127,0.142593,-1.577878,0.356477,-1.519881
O,Right,legacy_asl_O_30,0.000000,0.000000,0.282019,-0.345440,0.349585,-0.613841,0.489547,-0.821865,0.540255,-1.014791,-0.415451,-0.877434,-0.078541,-1.205977,0.224543,-1.238090,0.435855,-1.152356,-0.443902,-0.884697,-0.097268,-1.287958,0.227345,-1.299024,0.451537,-1.179112,-0.368624,-0.888790,-0.070412,-1.310506,0.245920,-1.323017,0.451401,-1.192894,-0.201693,-0.898302,-0.037927,-1.295435,0.173279,-1.346263,0.348268,-1.272271
O,Right,legacy_asl_O_31,0.000000,0.000000,0.235596,-0.361121,0.297111,-0.614833,0.379933,-0.844254,0.413182,-1.085266,-0.459424,-0.777781,-0.211770,-1.155035,0.062761,-1.213582,0.253826,-1.169989,-0.522555,-0.789671,-0.211861,-1.255060,0.106829,-1.290125,0.330668,-1.174657,-0.483160,-0.805344,-0.204815,-1.268964,0.100454,-1.293114,0.286826,-1.178170,-0.363588,-0.833187,-0.224195,-1.252073,-0.030933,-1.342318,0.121126,-1.318027
O,Right,legacy_asl_O_32,0.000000,0.000000,0.328470,-0.326835,0.491517,-0.588010,0.633108,-0.831644,0.660981,-1.111615,-0.150847,-0.872156,0.041367,-1.194718,0.317489,-1.227298,0.510021,-1.174630,-0.216533,-0.904486,0.014125,-1.287611,0.328958,-1.317725,0.550445,-1.190831,-0.245077,-0.939098,-0.022267,-1.310036,0.287549,-1.340368,0.481367,-1.245208,-0.243009,-0.956428,-0.081819,-1.309222,0.160116,-1.385618,0.347982,-1.358059
O,Right,legacy_asl_O_33,0.000000,0.000000,0.332012,-0.323579,0.444682,-0.629012,0.587035,-0.848301,0.615857,-1.085574,-0.308767,-0.888018,0.020376,-1.209355,0.321661,-1.252718,0.528804,-1.167616,-0.370220,-0.913213,-0.022984,-1.301341,0.320489,-1.311343,0.547856,-1.173896,-0.342820,-0.941282,-0.046707,-1.359099,0.298799,-1.377602,0.520517,-1.251241,-0.221236,-0.980702,-0.076726,-1.398462,0.167372,-1.487128,0.373721,-1.433481
O,Right,legacy_asl_O_34,0.000000,0.000000,0.339994,-0.265162,0.551552,-0.510433,0.717835,-0.697372,0.791742,-0.940623,-0.109973,-0.940447,0.224369,-1.183717,0.510886,-1.136624,0.696790,-1.005021,-0.204964,-0.966540,0.192165,-1.281904,0.503448,-1.223103,0.700390,-1.056065,-0.212402,-0.965765,0.166940,-1.319091,0.494096,-1.262248,0.692070,-1.093073,-0.127627,-0.943740,0.142382,-1.303940,0.401211,-1.317526,0.589253,-1.218243
O,Right,legacy_asl_O_35,0.000000,0.000000,0.300602,-0.290606,0.399845,-0.573578,0.537915,-0.785921,0.591281,-1.024222,-0.355190,-0.873512,-0.019402,-1.198377,0.291538,-1.228664,0.499765,-1.116265,-0.416486,-0.902600,-0.074101,-1.300998,0.268242,-1.303298,0.495890,-1.166864,-0.379500,-0.928016,-0.087345,-1.344700,0.247811,-1.363071,0.466014,-1.235262,-0.244760,-0.956352,-0.092114,-1.360104,0.141024,-1.440823,0.339493,-1.390563
O,Right,legacy_asl_O_36,0.000000,0.000000,0.361333,-0.187566,0.608231,-0.551053,0.705262,-0.898540,0.723294,-1.220980,0.073502,-0.967279,0.136858,-1.447272,0.401037,-1.505314,0.606610,-1.401542,-0.048808,-0.998491,0.023516,-1.499158,0.327156,-1.566004,0.551611,-1.439302,-0.115548,-1.006120,-0.054611,-1.456621,0.239224,-1.536626,0.446206,-1.446146,-0.152857,-0.980854,-0.073413,-1.354853,0.144065,-1.444553,0.317569,-1.385687
O,Right,legacy_asl_O_37,0.000000,0.000000,0.334864,-0.160413,0.549269,-0.423620,0.718019,-0.665155,0.725086,-0.919492,-0.283770,-0.880990,0.100450,-1.214002,0.423965,-1.189619,0.620771,-1.064065,-0.368321,-0.919620,0.055346,-1.355006,0.440798,-1.299875,0.680198,-1.128332,-0.365162,-0.940568,0.010563,-1.413961,0.408645,-1.364749,0.635374,-1.188400,-0.284195,-0.942877,-0.013338,-1.394557,0.284570,-1.418186,0.488030,-1.312920
O,Right,legacy_asl_O_38,0.000000,0.000000,0.401010,-0.161959,0.715924,-0.353432,0.878161,-0.630042,0.933742,-0.913440,0.349013,-0.867949,0.574389,-1.136149,0.768719,-1.112880,0.894824,-1.018363,0.251095,-0.944058,0.480922,-1.299045,0.691409,-1.263066,0.818929,-1.108469,0.158374,-1.000716,0.355258,-1.354730,0.568399,-1.324448,0.699563,-1.171036,0.062003,-1.028515,0.216135,-1.317896,0.405137,-1.346309,0.557523,-1.271604
O,Right,legacy_asl_O_39,0.000000,0.000000,0.415531,-0.094081,0.729757,-0.277851,0.907295,-0.510148,1.017078,-0.775444,0.381386,-0.795877,0.600748,-1.013399,0.822375,-0.975407,0.961946,-0.876901,0.325500,-0.879480,0.579563,-1.155885,0.814502,-1.116242,0.966341,-0.976517,0.258109,-0.968627,0.510655,-1.248492,0.761170,-1.196639,0.901914,-1.038839,0.184470,-1.038767,0.401150,-1.319126,0.626669,-1.302619,0.787632,-1.171768
O,Right,legacy_asl_O_40,0.000000,0.000000,0.368964,-0.256962,0.593015,-0.596874,0.675322,-0.921895,0.662989,-1.230748,0.026497,-0.947078,0.111991,-1.379859,0.373116,-1.441630,0.574354,-1.356147,-0.079519,-0.985206,0.010066,-1.466163,0.310580,-1.533329,0.537409,-1.416643,-0.147786,-1.004882,-0.061992,-1.455680,0.237703,-1.523899,0.447545,-1.415516,-0.184966,-0.996018,-0.096279,-1.378343,0.137887,-1.460067,0.330277,-1.385873
O,Right,legacy_asl_O_41,0.000000,0.000000,0.405290,-0.210505,0.667056,-0.453537,0.787015,-0.726159,0.836388,-1.032013,0.137778,-0.861217,0.336889,-1.146254,0.580501,-1.186515,0.766272,-1.134699,0.038878,-0.937380,0.260956,-1.331474,0.545765,-1.346336,0.768435,-1.225345,-0.054040,-0.997218,0.180812,-1.414542,0.485946,-1.410920,0.697680,-1.264526,-0.130279,-1.034825,0.067598,-1.432337,0.333477,-1.483154,0.555227,-1.385394
O,Right,legacy_asl_O_42,0.000000,0.000000,0.395454,-0.218597,0.676287,-0.560681,0.766100,-0.919161,0.774343,-1.258705,0.058604,-0.904940,0.228449,-1.336188,0.507372,-1.425765,0.713948,-1.397923,-0.074792,-0.984422,0.087998,-1.475026,0.403026,-1.558455,0.638633,-1.471530,-0.134049,-1.036159,-0.011711,-1.498596,0.284929,-1.580159,0.501867,-1.504574,-0.159114,-1.059738,-0.082832,-1.453837,0.140766,-1.565466,0.338528,-1.540329
O,Right,legacy_asl_O_43,0.000000,0.000000,0.463145,-0.164877,0.776638,-0.363477,0.871813,-0.639901,0.816044,-0.933554,0.234125,-0.861200,0.421952,-1.212103,0.658118,-1.205706,0.793590,-1.077104,0.119160,-0.942170,0.350618,-1.377505,0.616305,-1.345201,0.776694,-1.170429,-0.012338,-1.022252,0.248010,-1.438478,0.541799,-1.395443,0.698585,-1.207398,-0.151942,-1.076851,0.038088,-1.476859,0.292229,-1.506508,0.479705,-1.375204
O,Right,legacy_asl_O_44,0.000000,0.000000,0.252913,-0.379406,0.369731,-0.676958,0.444416,-0.928575,0.444754,-1.197917,-0.406867,-0.823147,-0.218970,-1.205181,0.083568,-1.275694,0.327403,-1.236914,-0.515371,-0.827274,-0.274421,-1.309247,0.063902,-1.356354,0.317922,-1.274815,-0.544573,-0.841016,-0.312061,-1.365127,0.052058,-1.396828,0.307168,-1.286974,-0.489905,-0.869692,-0.352334,-1.341472,-0.067973,-1.421179,0.176743,-1.358683
O,Right,legacy_asl_O_45,0.000000,0.000000,0.347215,-0.253784,0.572869,-0.470888,0.669884,-0.714591,0.632169,-0.989157,-0.027076,-0.910400,0.124799,-1.262915,0.376132,-1.266908,0.556852,-1.145099,-0.125563,-0.958174,0.046134,-1.398402,0.346250,-1.391385,0.556700,-1.230223,-0.209580,-0.982366,0.031757,-1.414441,0.356165,-1.387050,0.554551,-1.212348,-0.262800,-0.970384,0.004462,-1.303417,0.285180,-1.321108,0.484162,-1.213079
O,Right,legacy_asl_O_46,0.000000,0.000000,0.373179,-0.279482,0.598124,-0.551865,0.721849,-0.832006,0.783923,-1.164425,0.036262,-0.871646,0.224378,-1.146891,0.470306,-1.227198,0.654649,-1.243542,-0.049852,-0.936435,0.157335,-1.291503,0.428217,-1.347332,0.658390,-1.281568,-0.157368,-0.996523,0.067702,-1.385587,0.376992,-1.413979,0.617439,-1.305698,-0.251031,-1.035869,-0.067198,-1.416559,0.190941,-1.479393,0.418186,-1.394366
O,Right,legacy_asl_O_47,0.000000,0.000000,0.332940,-0.334674,0.513713,-0.615648,0.654058,-0.838785,0.708092,-1.092192,-0.192683,-0.961459,0.082155,-1.320734,0.395968,-1.315363,0.616353,-1.217029,-0.286399,-0.954617,0.049937,-1.392164,0.405037,-1.370794,0.639875,-1.232135,-0.289687,-0.927832,0.041280,-1.384062,0.397390,-1.362050,0.619186,-1.212498,-0.199451,-0.885202,0.056404,-1.278623,0.326784,-1.317830,0.523634,-1.236656
O,Right,legacy_asl_O_48,0.000000,0.000000,0.403528,-0.219954,0.680324,-0.552636,0.816164,-0.901270,0.770895,-1.257891,-0.037008,-0.879640,0.170715,-1.234367,0.433288,-1.309288,0.621515,-1.235498,-0.162233,-0.960724,0.092614,-1.393320,0.387801,-1.453650,0.633378,-1.366479,-0.307665,-1.044631,-0.053531,-1.523241,0.263186,-1.591751,0.489195,-1.498230,-0.467050,-1.101661,-0.308098,-1.574045,-0.015372,-1.714251,0.266256,-1.693192
O,Right,legacy_asl_O_49,0.000000,0.000000,0.133553,0.062988,0.369736,-0.032242,0.591998,-0.156441,0.803491,-0.196339,0.227473,-0.600899,0.742113,-0.434476,1.038820,-0.255043,1.252311,-0.090425,0.310729,-0.781081,0.892575,-0.566855,1.194446,-0.308883,1.389268,-0.080311,0.424634,-0.828522,0.957461,-0.579461,1.188389,-0.333880,1.344026,-0.133170,0.536341,-0.784979,0.933249,-0.574131,1.117959,-0.365235,1.254128,-0.204500
O,Right,legacy_asl_O_50,0.000000,0.000000,0.405483,-0.132137,0.743187,-0.406029,0.920458,-0.707952,0.966728,-1.050358,0.265557,-0.902462,0.466613,-1.215453,0.721381,-1.254451,0.892529,-1.195696,0.131377,-0.975044,0.357024,-1.400942,0.649378,-1.383350,0.834773,-1.216313,-0.016591,-1.029637,0.173928,-1.502152,0.490169,-1.464185,0.687600,-1.277402,-0.173602,-1.029973,0.021526,-1.432881,0.291582,-1.456644,0.491352,-1.326263
O,Right,legacy_asl_O_51,0.000000,0.000000,0.368907,-0.239309,0.572948,-0.572694,0.700432,-0.856286,0.752265,-1.183285,-0.087491,-0.895010,0.068605,-1.259584,0.356012,-1.325375,0.579380,-1.261563,-0.185441,-0.936349,-0.003921,-1.411855,0.347075,-1.441837,0.600372,-1.321441,-0.282276,-0.963222,-0.116304,-1.473906,0.272702,-1.495411,0.535367,-1.359663,-0.353574,-0.953727,-0.195484,-1.433960,0.124398,-1.513202,0.378951,-1.431230
O,Right,legacy_asl_O_52,0.000000,0.000000,0.300838,-0.318198,0.433956,-0.654883,0.514219,-0.933286,0.465196,-1.213951,-0.195913,-0.934499,-0.122444,-1.312016,0.148095,-1.364281,0.349700,-1.299231,-0.317173,-0.928399,-0.221574,-1.387371,0.097409,-1.440613,0.341877,-1.327995,-0.421318,-0.910724,-0.304856,-1.371376,0.040157,-1.426713,0.297289,-1.322045,-0.480545,-0.869276,-0.326518,-1.266796,-0.054976,-1.364944,0.175609,-1.326315
O,Right,legacy_asl_O_53,0.000000,0.000000,0.354013,-0.286906,0.587188,-0.576718,0.722495,-0.846039,0.676038,-1.115906,-0.124107,-0.897246,0.069185,-1.294784,0.331174,-1.312430,0.509557,-1.183090,-0.249631,-0.933978,-0.033787,-1.387047,0.261510,-1.425131,0.488273,-1.283426,-0.304684,-0.972139,-0.098434,-1.426256,0.189506,-1.459845,0.390714,-1.325413,-0.287167,-1.015719,-0.135995,-1.389767,0.067481,-1.452957,0.235493,-1.376376
O,Right,legacy_asl_O_54,0.000000,0.000000,0.391844,-0.172537,0.676707,-0.411692,0.880720,-0.639351,0.934345,-0.932190,0.151657,-0.968372,0.391214,-1.347267,0.700820,-1.254530,0.880371,-1.086019,0.033014,-0.993745,0.344563,-1.443113,0.717888,-1.328967,0.912149,-1.107993,-0.062254,-1.003056,0.280622,-1.415045,0.663701,-1.302504,0.853097,-1.096112,-0.124146,-0.975887,0.204115,-1.286043,0.500753,-1.245469,0.666642,-1.118701
O,Right,legacy_asl_O_55,0.000000,0.000000,0.452860,-0.069619,0.825950,-0.314390,0.974619,-0.624136,0.931033,-0.938151,0.430571,-0.906033,0.597161,-1.310815,0.826260,-1.289651,0.951988,-1.141127,0.251567,-0.967218,0.421484,-1.447981,0.696200,-1.365400,0.817968,-1.131614,0.056036,-0.999107,0.188134,-1.490201,0.481828,-1.406471,0.615363,-1.167027,-0.180798,-0.969376,-0.044003,-1.358317,0.220015,-1.369562,0.395818,-1.211066
O,Right,legacy_asl_O_56,0.000000,0.000000,0.429575,-0.188819,0.692431,-0.486349,0.780348,-0.795035,0.751869,-1.101762,0.146611,-0.881820,0.253682,-1.254154,0.499028,-1.304152,0.675669,-1.222508,0.020492,-0.938689,0.103244,-1.395340,0.418775,-1.430873,0.639243,-1.301037,-0.099466,-0.969609,-0.010566,-1.465646,0.339765,-1.481815,0.560455,-1.335040,-0.188145,-0.957730,-0.068597,-1.389590,0.206289,-1.444201,0.412108,-1.345876
O,Right,legacy_asl_O_57,0.000000,0.000000,0.244629,-0.358692,0.369266,-0.672168,0.446349,-0.932490,0.439962,-1.215874,-0.328349,-0.829206,-0.161039,-1.198822,0.112897,-1.287150,0.320546,-1.264223,-0.414175,-0.857652,-0.230578,-1.324480,0.091888,-1.403262,0.340089,-1.310930,-0.461591,-0.887547,-0.282912,-1.381478,0.038180,-1.445491,0.259932,-1.324481,-0.466174,-0.915235,-0.376067,-1.369765,-0.142632,-1.467867,0.052225,-1.398513
O,Right,legacy_asl_O_58,0.000000,0.000000,0.366104,-0.256689,0.605706,-0.526702,0.761486,-0.784698,0.732154,-1.075386,0.075523,-0.957594,0.196204,-1.332897,0.456121,-1.328743,0.631511,-1.234047,-0.018415,-0.974307,0.128241,-1.415430,0.438967,-1.386895,0.625832,-1.219808,-0.127687,-0.989010,0.045224,-1.424777,0.384587,-1.381385,0.569143,-1.204485,-0.221404,-0.972330,-0.032067,-1.345049,0.225488,-1.336180,0.384184,-1.197347
O,Right,legacy_asl_O_59,0.000000,0.000000,0.336361,-0.108663,0.634112,-0.422444,0.847059,-0.729253,0.911222,-0.991032,0.195525,-0.906332,0.346450,-1.301211,0.606979,-1.380463,0.846347,-1.294131,0.030809,-0.999495,0.259623,-1.391961,0.550825,-1.435879,0.777278,-1.341289,-0.129840,-1.083385,0.114351,-1.462075,0.413454,-1.519921,0.633402,-1.425831,-0.301848,-1.129397,-0.108102,-1.499141,0.153962,-1.574378,0.377693,-1.503530
O,Right,legacy_asl_O_60,0.000000,0.000000,0.351097,-0.199993,0.542407,-0.416174,0.664183,-0.651712,0.666141,-0.936221,-0.130211,-0.869148,0.035714,-1.234824,0.312194,-1.236165,0.509216,-1.081326,-0.226017,-0.925667,0.040635,-1.350204,0.360435,-1.316835,0.552469,-1.147097,-0.282846,-0.958518,0.063016,-1.390897,0.401090,-1.297128,0.579097,-1.075886,-0.274672,-0.954337,0.081054,-1.281533,0.358271,-1.233511,0.514741,-1.064520
O,Right,legacy_asl_O_61,0.000000,0.000000,0.392003,-0.247672,0.642658,-0.508275,0.775962,-0.806372,0.797490,-1.124515,0.032802,-0.905473,0.216420,-1.247271,0.496646,-1.285701,0.697508,-1.231015,-0.065313,-0.973178,0.099072,-1.441970,0.422940,-1.455429,0.655233,-1.313855,-0.166316,-1.022916,-0.034897,-1.507365,0.299847,-1.530074,0.531004,-1.387708,-0.254689,-1.039595,-0.175019,-1.470646,0.088061,-1.568022,0.320966,-1.501976
O,Right,legacy_asl_O_62,0.000000,0.000000,0.239502,-0.364268,0.358276,-0.675744,0.426366,-0.933552,0.430067,-1.213874,-0.344322,-0.875964,-0.187241,-1.241858,0.088722,-1.306510,0.303447,-1.265935,-0.442819,-0.877914,-0.281207,-1.354483,0.038671,-1.419494,0.293326,-1.328328,-0.504101,-0.876462,-0.319630,-1.379184,-0.002824,-1.446845,0.231670,-1.342845,-0.518267,-0.866673,-0.393142,-1.294096,-0.155710,-1.418302,0.050027,-1.397473
O,Right,legacy_asl_O_63,0.000000,0.000000,0.393204,-0.243354,0.653905,-0.547954,0.732441,-0.866362,0.723426,-1.181662,0.105603,-0.932023,0.235535,-1.322342,0.482191,-1.359036,0.658229,-1.281438,-0.009096,-0.975971,0.119467,-1.437853,0.405190,-1.470335,0.604565,-1.338926,-0.102743,-0.997670,-0.005491,-1.463102,0.295801,-1.496741,0.499251,-1.367385,-0.172402,-0.989212,-0.083412,-1.398856,0.155441,-1.468640,0.350175,-1.383920
O,Right,legacy_asl_O_64,0.000000,0.000000,0.411461,-0.214801,0.724294,-0.467450,0.861728,-0.760083,0.882963,-1.074719,0.301269,-0.878372,0.492867,-1.139817,0.696326,-1.169585,0.849067,-1.144852,0.190940,-0.949710,0.389710,-1.295459,0.600387,-1.322656,0.767779,-1.240374,0.051001,-1.019203,0.247963,-1.381395,0.483897,-1.394288,0.657995,-1.278773,-0.106123,-1.073508,0.045274,-1.423366,0.265575,-1.455934,0.453904,-1.345949
O,Right,legacy_asl_O_65,0.000000,0.000000,0.502452,-0.078236,0.932182,-0.225113,1.031368,-0.560989,0.885452,-0.805905,0.572565,-0.784708,0.746236,-1.122478,0.895277,-1.148409,0.968136,-1.045446,0.387491,-0.897479,0.582925,-1.290044,0.736482,-1.268384,0.794112,-1.080899,0.195116,-0.986385,0.365697,-1.372565,0.531674,-1.367772,0.604615,-1.187529,-0.041779,-1.039050,0.104748,-1.373256,0.269598,-1.425776,0.388038,-1.334874
O,Right,legacy_asl_O_66,0.000000,0.000000,0.437620,-0.140052,0.801509,-0.336859,0.940502,-0.648668,0.958370,-0.973404,0.400522,-0.855965,0.609318,-1.168616,0.805193,-1.163578,0.928217,-1.073222,0.266471,-0.944742,0.490358,-1.344694,0.702198,-1.331183,0.830440,-1.173320,0.138511,-1.002766,0.340505,-1.390561,0.562851,-1.377579,0.694508,-1.229080,0.008078,-1.025641,0.191004,-1.350518,0.397450,-1.387833,0.551192,-1.301514
O,Right,legacy_asl_O_67,0.000000,0.000000,0.370302,-0.276262,0.592566,-0.590112,0.678234,-0.916754,0.713217,-1.230112,-0.036598,-0.925271,0.168554,-1.283639,0.438042,-1.343243,0.634044,-1.318325,-0.141517,-0.975515,0.020546,-1.411977,0.323316,-1.479283,0.554272,-1.420382,-0.178405,-0.994924,-0.050833,-1.413602,0.240645,-1.478593,0.453932,-1.423055,-0.172510,-0.989981,-0.105163,-1.343531,0.076552,-1.457301,0.233804,-1.481471
O,Right,legacy_asl_O_68,0.000000,0.000000,0.422251,-0.212462,0.716140,-0.507953,0.791387,-0.834858,0.752697,-1.161526,0.186453,-0.923301,0.297354,-1.326570,0.547240,-1.367060,0.732108,-1.291903,0.044481,-0.967823,0.147668,-1.461270,0.464735,-1.481011,0.685500,-1.336621,-0.103382,-0.992153,-0.001461,-1.509289,0.339318,-1.513789,0.563438,-1.357456,-0.241187,-0.975047,-0.136100,-1.395526,0.126322,-1.458561,0.336220,-1.365970
O,Right,legacy_asl_O_69,0.000000,0.000000,0.357120,-0.192266,0.607249,-0.534088,0.719509,-0.873353,0.738820,-1.194352,0.132893,-0.942824,0.219586,-1.410089,0.479898,-1.455281,0.678422,-1.338428,0.014511,-0.995617,0.105042,-1.477667,0.395483,-1.532694,0.608633,-1.401721,-0.059038,-1.022027,0.028869,-1.460846,0.307719,-1.522288,0.499877,-1.410734,-0.108950,-1.012779,-0.018255,-1.384646,0.203135,-1.466396,0.382518,-1.389344
O,Right,legacy_asl_O_70,0.000000,0.000000,0.381009,-0.173065,0.661825,-0.412736,0.847845,-0.633870,0.891809,-0.924677,0.178622,-0.967229,0.374588,-1.324491,0.660893,-1.247350,0.830339,-1.089906,0.067429,-0.989440,0.323100,-1.393776,0.660976,-1.295078,0.840717,-1.091907,-0.030125,-0.998381,0.246449,-1.387913,0.611256,-1.298118,0.806731,-1.107458,-0.103585,-0.965138,0.181667,-1.268175,0.462457,-1.232186,0.632639,-1.098680
O,Right,legacy_asl_O_71,0.000000,0.000000,0.458701,-0.120734,0.818478,-0.312084,0.993571,-0.627656,1.032763,-0.958022,0.403049,-0.820008,0.623305,-1.092027,0.830449,-1.122159,0.975157,-1.080320,0.275561,-0.922024,0.514589,-1.274273,0.734243,-1.283533,0.885573,-1.156838,0.158246,-1.000333,0.369204,-1.384534,0.601041,-1.400736,0.760876,-1.268047,0.038831,-1.039080,0.209967,-1.356443,0.428766,-1.413263,0.615255,-1.336525
O,Right,legacy_asl_O_72,0.000000,0.000000,0.241216,-0.276555,0.308798,-0.614294,0.419538,-0.917528,0.460099,-1.205351,-0.500512,-0.820604,-0.247899,-1.289123,0.073488,-1.385964,0.288942,-1.333135,-0.576426,-0.816975,-0.259801,-1.329001,0.122645,-1.396397,0.364130,-1.300888,-0.531375,-0.828840,-0.253714,-1.335389,0.098233,-1.394963,0.308289,-1.287320,-0.416427,-0.858056,-0.255172,-1.309621,-0.021517,-1.409169,0.150588,-1.355023
O,Right,legacy_asl_O_73,0.000000,0.000000,0.338628,-0.299271,0.553189,-0.594444,0.667138,-0.849113,0.698331,-1.136540,-0.018514,-0.965375,0.117010,-1.325544,0.397313,-1.339935,0.602230,-1.261357,-0.124253,-0.975746,0.020814,-1.414887,0.354782,-1.426880,0.601315,-1.312561,-0.211006,-0.976665,-0.050705,-1.433765,0.298893,-1.452587,0.548168,-1.330740,-0.247674,-0.954925,-0.091020,-1.368375,0.188873,-1.421886,0.416363,-1.337301
O,Right,legacy_asl_O_74,0.000000,0.000000,0.435230,-0.113289,0.786947,-0.321073,0.954838,-0.624172,0.977681,-0.963161,0.356595,-0.805980,0.544444,-1.074849,0.747661,-1.112202,0.882902,-1.066093,0.251303,-0.910899,0.464782,-1.270465,0.697323,-1.283184,0.859136,-1.134172,0.126930,-0.999646,0.309431,-1.391636,0.556864,-1.398536,0.728477,-1.250345,-0.007404,-1.043805,0.194961,-1.362874,0.424326,-1.408137,0.610231,-1.320442
O,Right,legacy_asl_O_75,0.000000,0.000000,0.399783,-0.218388,0.677880,-0.416646,0.845515,-0.657089,0.950510,-0.934228,0.191886,-0.892150,0.454715,-1.177377,0.718579,-1.137548,0.885465,-1.026621,0.128432,-0.955740,0.431996,-1.327159,0.716762,-1.269071,0.890642,-1.089584,0.082540,-1.003106,0.362284,-1.364861,0.644662,-1.312933,0.803609,-1.142750,0.058609,-1.025488,0.267589,-1.368947,0.500862,-1.377012,0.664495,-1.260693
O,Right,legacy_asl_O_76,0.000000,0.000000,0.298111,-0.103582,0.595474,-0.400389,0.796128,-0.714953,0.798273,-1.051569,-0.198853,-0.885070,0.062676,-1.379052,0.414138,-1.350428,0.632343,-1.220173,-0.274797,-0.949568,0.035535,-1.471950,0.429809,-1.419707,0.657730,-1.250169,-0.269673,-0.973378,0.050860,-1.438363,0.422360,-1.390571,0.635674,-1.232840,-0.221102,-0.960890,0.059146,-1.308026,0.350802,-1.321617,0.541734,-1.238613
O,Right,legacy_asl_O_77,0.000000,0.000000,0.424383,-0.185635,0.769206,-0.420443,0.923200,-0.728373,0.944166,-1.052662,0.277545,-0.907435,0.488229,-1.264587,0.714114,-1.249851,0.855809,-1.145546,0.147242,-0.978096,0.375428,-1.424098,0.630166,-1.394398,0.779725,-1.223102,0.021671,-1.022994,0.227791,-1.446980,0.493663,-1.420978,0.645254,-1.262947,-0.101395,-1.036789,0.076849,-1.417367,0.310018,-1.455680,0.479152,-1.361398
O,Right,legacy_asl_O_78,0.000000,0.000000,0.286776,-0.332079,0.369367,-0.609805,0.490233,-0.817063,0.526464,-1.045506,-0.382142,-0.906915,-0.075455,-1.271040,0.232696,-1.279361,0.432867,-1.170340,-0.425565,-0.902000,-0.066165,-1.323913,0.264990,-1.311194,0.470244,-1.171664,-0.358991,-0.893133,-0.035532,-1.315895,0.287314,-1.315337,0.476335,-1.176623,-0.198075,-0.877035,0.008129,-1.268331,0.230703,-1.325151,0.389358,-1.257190
O,Right,legacy_asl_O_79,0.000000,0.000000,0.451962,-0.193721,0.793068,-0.434131,0.991863,-0.740976,1.049393,-1.091497,0.296799,-0.856295,0.572903,-1.138104,0.829174,-1.178878,1.003842,-1.162269,0.186259,-0.950209,0.468622,-1.319287,0.744211,-1.333324,0.953660,-1.215679,0.047407,-1.039154,0.307569,-1.459691,0.589810,-1.458566,0.792472,-1.309463,-0.101053,-1.106193,0.127381,-1.505370,0.392943,-1.533389,0.603224,-1.403308
O,Right,legacy_asl_O_80,0.000000,0.000000,0.413521,-0.193334,0.701760,-0.579439,0.846450,-0.940016,0.869246,-1.305680,-0.160291,-0.855461,-0.042603,-1.340689,0.251122,-1.524868,0.521511,-1.542258,-0.350624,-0.870273,-0.112577,-1.430554,0.257369,-1.612343,0.579442,-1.557834,-0.396524,-0.887118,-0.121804,-1.415864,0.227084,-1.593160,0.523483,-1.568066,-0.358698,-0.887295,-0.125351,-1.335342,0.128332,-1.526920,0.349644,-1.541491
O,Right,legacy_asl_O_81,0.011751,0.037875,0.391847,-0.127794,0.717256,-0.354569,0.883532,-0.651665,0.969696,-1.010997,0.302639,-0.943322,0.501857,-1.275212,0.738516,-1.268418,0.943002,-1.171208,0.155365,-0.988074,0.364632,-1.414340,0.648649,-1.370860,0.845652,-1.168613,0.013371,-1.024386,0.198137,-1.477051,0.493255,-1.390980,0.692058,-1.212589,-0.154167,-0.994931,-0.012281,-1.379188,0.258869,-1.380551,0.468515,-1.236184
O,Right,legacy_asl_O_82,0.000000,0.000000,0.413238,-0.146991,0.739140,-0.388305,0.925167,-0.698903,0.993988,-1.030123,0.312067,-0.956798,0.519730,-1.317874,0.764719,-1.300149,0.945412,-1.196953,0.164815,-1.020335,0.377406,-1.476461,0.681283,-1.411779,0.878588,-1.208789,0.008948,-1.048652,0.174480,-1.537758,0.503187,-1.472541,0.731785,-1.261749,-0.161593,-1.027138,-0.014509,-1.426119,0.260744,-1.422328,0.492685,-1.272031
O,Right,legacy_asl_O_83,0.000000,0.000000,0.384825,-0.175649,0.677877,-0.434656,0.830759,-0.748588,0.869306,-1.072575,0.220180,-0.945336,0.389649,-1.309572,0.626525,-1.312941,0.808739,-1.228830,0.073401,-0.994124,0.239690,-1.450101,0.537059,-1.413254,0.743545,-1.234639,-0.078723,-1.008354,0.039602,-1.492101,0.360874,-1.456808,0.598078,-1.273302,-0.240798,-0.973482,-0.132694,-1.369094,0.132101,-1.388372,0.367480,-1.263271
O,Right,legacy_asl_O_84,0.007432,-0.000587,0.398767,-0.134313,0.722511,-0.380303,0.891366,-0.675196,0.956351,-0.985534,0.296359,-0.926682,0.508501,-1.278376,0.714122,-1.272072,0.900301,-1.158494,0.165774,-0.981533,0.363059,-1.436281,0.661421,-1.399754,0.843453,-1.168060,0.007938,-1.007509,0.156342,-1.497245,0.499287,-1.435150,0.712507,-1.210109,-0.135948,-1.004844,0.012538,-1.385381,0.249176,-1.378911,0.491389,-1.219292
O,Right,legacy_asl_O_85,0.000000,0.000000,0.405092,-0.144094,0.724569,-0.380650,0.906928,-0.685125,0.974393,-1.009816,0.305915,-0.937936,0.509484,-1.291893,0.749644,-1.274518,0.926775,-1.173357,0.161566,-1.000220,0.369966,-1.447355,0.667852,-1.383948,0.861268,-1.184959,0.008772,-1.027979,0.171041,-1.507444,0.493267,-1.443512,0.717359,-1.236875,-0.158407,-1.006890,-0.014223,-1.398005,0.255604,-1.394289,0.482973,-1.246955
O,Right,legacy_asl_O_86,0.000000,0.000000,0.387699,-0.169210,0.685028,-0.423296,0.843122,-0.734635,0.887064,-1.057935,0.235908,-0.941534,0.411425,-1.302894,0.648324,-1.302314,0.829111,-1.215178,0.089963,-0.992762,0.263829,-1.445904,0.560543,-1.404105,0.764022,-1.222073,-0.061904,-1.009526,0.064469,-1.491234,0.385108,-1.450590,0.619220,-1.263155,-0.224537,-0.977360,-0.109854,-1.371116,0.155226,-1.385977,0.388487,-1.256970
O,Right,legacy_asl_O_87,-0.002148,0.013403,0.383196,-0.144912,0.708413,-0.369823,0.878498,-0.689278,0.943214,-1.004221,0.298948,-0.908601,0.511456,-1.264632,0.715541,-1.236014,0.934186,-1.131816,0.168643,-1.008447,0.350019,-1.413552,0.666170,-1.360042,0.845370,-1.170904,0.028872,-1.052812,0.171161,-1.499725,0.471505,-1.406416,0.684720,-1.194129,-0.161939,-0.992800,0.009353,-1.365350,0.285308,-1.390873,0.470473,-1.230341
O,Right,legacy_asl_O_88,0.000000,0.000000,0.389684,-0.138613,0.697010,-0.366172,0.872433,-0.659066,0.937331,-0.971407,0.294279,-0.902261,0.490106,-1.242755,0.721131,-1.226041,0.891524,-1.128727,0.155421,-0.962176,0.355894,-1.392303,0.642450,-1.331308,0.828509,-1.139889,0.008438,-0.988879,0.164535,-1.450107,0.474505,-1.388607,0.690074,-1.189830,-0.152382,-0.968592,-0.013682,-1.344831,0.245882,-1.341256,0.464603,-1.199526
O,Right,legacy_asl_O_89,0.000000,0.000000,0.400117,-0.137291,0.717027,-0.366490,0.899790,-0.664020,0.969742,-0.982705,0.311303,-0.919363,0.515479,-1.265340,0.751555,-1.245597,0.924700,-1.144121,0.169981,-0.982231,0.379936,-1.419821,0.672296,-1.354156,0.860382,-1.156258,0.019969,-1.011225,0.184897,-1.481131,0.501197,-1.414680,0.719379,-1.208921,-0.144734,-0.992322,0.001428,-1.375509,0.266841,-1.368877,0.488901,-1.221422
O,Right,legacy_asl_O_90,0.024525,-0.015308,0.308195,-0.203405,0.525984,-0.554795,0.627033,-0.907787,0.589591,-1.199620,-0.366081,-0.817060,-0.123939,-1.371812,0.171679,-1.432175,0.396642,-1.360034,-0.449558,-0.887180,-0.199148,-1.421425,0.165687,-1.468950,0.379173,-1.348161,-0.396853,-0.896039,-0.206503,-1.389489,0.102705,-1.430318,0.313895,-1.316044,-0.350922,-0.943030,-0.138957,-1.305009,0.098194,-1.336882,0.238743,-1.313147
O,Right,legacy_asl_O_91,0.000000,0.000000,0.320407,-0.206630,0.502978,-0.550290,0.602714,-0.893513,0.585389,-1.208332,-0.334625,-0.833360,-0.148040,-1.353393,0.168028,-1.394961,0.379030,-1.336353,-0.437010,-0.868763,-0.211971,-1.411741,0.134414,-1.437391,0.362769,-1.333404,-0.424951,-0.895547,-0.219335,-1.373888,0.101963,-1.395088,0.311462,-1.292980,-0.345606,-0.909257,-0.177112,-1.282132,0.062108,-1.328158,0.241264,-1.276219
O,Right,legacy_asl_O_92,0.000000,0.000000,0.317462,-0.223119,0.489197,-0.580005,0.576711,-0.933088,0.546331,-1.252540,-0.374076,-0.833920,-0.205408,-1.370331,0.114332,-1.425416,0.331285,-1.374366,-0.479632,-0.865774,-0.272788,-1.427077,0.078428,-1.467202,0.314868,-1.370709,-0.468454,-0.893500,-0.278742,-1.388283,0.047142,-1.422867,0.264331,-1.327520,-0.388320,-0.910658,-0.232084,-1.296684,0.009324,-1.353186,0.193622,-1.307629
O,Right,legacy_asl_O_93,-0.017061,0.004520,0.342709,-0.206875,0.507813,-0.564981,0.633692,-0.942442,0.583767,-1.210228,-0.340690,-0.837821,-0.153488,-1.362042,0.179269,-1.415573,0.368130,-1.367982,-0.442102,-0.853304,-0.210146,-1.440816,0.146331,-1.459844,0.360956,-1.352635,-0.422607,-0.900701,-0.214820,-1.363208,0.122574,-1.445238,0.316616,-1.347539,-0.365081,-0.933852,-0.166016,-1.310096,0.054775,-1.334992,0.256943,-1.313495
O,Right,legacy_asl_O_94,0.000000,0.000000,0.318780,-0.205580,0.500424,-0.547495,0.599653,-0.888976,0.582416,-1.202196,-0.332926,-0.829128,-0.147288,-1.346520,0.167175,-1.387878,0.377105,-1.329566,-0.434791,-0.864352,-0.210894,-1.404572,0.133731,-1.430092,0.360926,-1.326633,-0.422793,-0.890999,-0.218221,-1.366911,0.101445,-1.388004,0.309881,-1.286414,-0.343850,-0.904639,-0.176212,-1.275621,0.061792,-1.321413,0.240039,-1.269738
O,Right,legacy_asl_O_95,0.000000,0.000000,0.321870,-0.216712,0.500724,-0.570083,0.595297,-0.921342,0.571326,-1.241339,-0.357287,-0.841250,-0.177901,-1.374172,0.142878,-1.422838,0.358765,-1.367450,-0.462183,-0.875213,-0.244130,-1.432257,0.107819,-1.465335,0.342278,-1.364123,-0.450451,-0.902710,-0.250861,-1.393591,0.075651,-1.421636,0.290885,-1.321955,-0.369989,-0.918259,-0.206048,-1.301075,0.036444,-1.352727,0.219792,-1.303485
O,Right,legacy_asl_O_96,-0.004137,-0.034104,0.331936,-0.204460,0.508065,-0.574015,0.604501,-0.913881,0.609220,-1.212820,-0.343987,-0.844084,-0.135105,-1.374683,0.175030,-1.407998,0.392044,-1.367594,-0.466782,-0.878395,-0.197023,-1.435361,0.145409,-1.473194,0.355979,-1.364133,-0.436959,-0.876913,-0.238710,-1.398922,0.092458,-1.417102,0.307642,-1.318347,-0.362377,-0.920892,-0.189745,-1.296868,0.064210,-1.367698,0.250336,-1.297818
O,Right,legacy_asl_O_97,0.000000,0.000000,0.311844,-0.201107,0.489536,-0.535583,0.586606,-0.869634,0.569744,-1.176038,-0.325682,-0.811087,-0.144083,-1.317222,0.163537,-1.357680,0.368900,-1.300638,-0.425330,-0.845545,-0.206306,-1.374011,0.130821,-1.398976,0.353073,-1.297768,-0.413594,-0.871613,-0.213473,-1.337170,0.099238,-1.357803,0.303138,-1.258425,-0.336369,-0.884956,-0.172378,-1.247866,0.060448,-1.292662,0.234816,-1.242111
O,Right,legacy_asl_O_98,0.000000,0.000000,0.320768,-0.218340,0.497829,-0.572613,0.590622,-0.924346,0.565030,-1.244217,-0.361544,-0.839429,-0.184861,-1.373254,0.135668,-1.423543,0.351833,-1.369250,-0.466611,-0.872861,-0.251383,-1.431002,0.100394,-1.465862,0.335363,-1.365839,-0.455019,-0.900417,-0.257918,-1.392302,0.068448,-1.422001,0.284184,-1.323412,-0.374637,-0.916372,-0.212637,-1.300015,0.029590,-1.352895,0.213186,-1.304582
O,Right,legacy_asl_O_99,-0.010629,0.001697,0.403210,-0.160070,0.692929,-0.454337,0.887662,-0.687489,0.930618,-1.050534,0.193781,-0.905417,0.463348,-1.146247,0.732021,-1.196586,0.903246,-1.148541,0.094049,-0.968096,0.393647,-1.373757,0.634728,-1.345779,0.857650,-1.191064,-0.014703,-1.031125,0.228215,-1.438532,0.512965,-1.424978,0.732881,-1.257660,-0.156702,-1.056747,0.020437,-1.482233,0.342105,-1.476572,0.505892,-1.353719
O,Right,legacy_asl_O_100,0.000000,0.000000,0.420241,-0.166136,0.738222,-0.454058,0.930765,-0.752986,0.991257,-1.088232,0.228005,-0.940843,0.469416,-1.240851,0.754873,-1.268967,0.945970,-1.212792,0.111597,-1.019864,0.390083,-1.416156,0.710748,-1.404838,0.922114,-1.245944,-0.025425,-1.089612,0.234941,-1.527856,0.572974,-1.506678,0.790069,-1.342224,-0.178493,-1.108793,0.036601,-1.527282,0.328381,-1.558867,0.559353,-1.428135
O,Right,legacy_asl_O_101,0.000000,0.000000,0.403200,-0.147187,0.712363,-0.412580,0.902698,-0.691577,0.968562,-1.008377,0.240140,-0.887613,0.476903,-1.166407,0.748655,-1.185929,0.928692,-1.127787,0.131595,-0.965569,0.405981,-1.334854,0.710172,-1.316049,0.906873,-1.159865,0.003244,-1.035240,0.261478,-1.444815,0.581913,-1.416210,0.783915,-1.254603,-0.141614,-1.057300,0.073138,-1.449255,0.350981,-1.471911,0.567006,-1.341975
O,Right,legacy_asl_O_102,0.013531,-0.007405,0.376833,-0.165291,0.694183,-0.434987,0.878850,-0.721886,0.924192,-1.028565,0.194793,-0.891473,0.460485,-1.176756,0.733043,-1.207590,0.918104,-1.187162,0.105249,-0.975029,0.342013,-1.340931,0.678508,-1.331871,0.890443,-1.186229,-0.024982,-1.030592,0.219505,-1.472937,0.527334,-1.426564,0.751264,-1.290737,-0.192822,-1.026234,0.041732,-1.474904,0.331216,-1.462817,0.528351,-1.380343
O,Right,legacy_asl_O_103,0.000000,0.000000,0.425095,-0.168055,0.746750,-0.459303,0.941517,-0.761684,1.002708,-1.100803,0.230639,-0.951712,0.474839,-1.255185,0.763594,-1.283627,0.956898,-1.226802,0.112886,-1.031646,0.394589,-1.432515,0.718958,-1.421067,0.932766,-1.260337,-0.025718,-1.102199,0.237655,-1.545506,0.579593,-1.524083,0.799196,-1.357730,-0.180555,-1.121602,0.037024,-1.544926,0.332174,-1.576875,0.565814,-1.444633
O,Right,legacy_asl_O_104,0.000000,0.000000,0.389041,-0.181330,0.674225,-0.472339,0.839851,-0.766676,0.878215,-1.087969,0.162884,-0.904982,0.374783,-1.203112,0.643847,-1.245942,0.828219,-1.203505,0.048034,-0.973311,0.289631,-1.364834,0.594312,-1.372269,0.803722,-1.233587,-0.085835,-1.031680,0.136204,-1.461954,0.457912,-1.461024,0.673068,-1.317395,-0.232054,-1.041195,-0.051820,-1.450173,0.223043,-1.496650,0.449447,-1.385781
O,Right,legacy_asl_O_105,-0.002032,-0.007664,0.422929,-0.157246,0.723298,-0.442625,0.863615,-0.737899,0.920163,-1.030309,0.227292,-0.890025,0.464940,-1.187877,0.704547,-1.205596,0.915497,-1.168508,0.071453,-0.969781,0.361285,-1.344868,0.668637,-1.325265,0.889311,-1.160743,-0.020421,-1.039396,0.199561,-1.425880,0.526803,-1.429016,0.770779,-1.267014,-0.163873,-1.045362,0.023850,-1.449679,0.333901,-1.456898,0.523620,-1.370350
O,Right,legacy_asl_O_106,0.000000,0.000000,0.409192,-0.161768,0.718812,-0.442120,0.906293,-0.733188,0.965195,-1.059620,0.222010,-0.916107,0.457074,-1.208227,0.735026,-1.235604,0.921099,-1.180905,0.108663,-0.993050,0.379827,-1.378922,0.692061,-1.367902,0.897870,-1.213186,-0.024756,-1.060964,0.228764,-1.487686,0.557909,-1.467064,0.769297,-1.306934,-0.173800,-1.079641,0.035639,-1.487127,0.319747,-1.517881,0.544646,-1.390587
O,Right,legacy_asl_O_107,0.000000,0.000000,0.381880,-0.195962,0.655816,-0.497583,0.810154,-0.797993,0.836298,-1.120510,0.128426,-0.910511,0.328859,-1.216467,0.596105,-1.269476,0.781954,-1.234066,0.011067,-0.974433,0.237633,-1.374841,0.541812,-1.393832,0.756333,-1.263197,-0.124921,-1.027680,0.080631,-1.466069,0.402142,-1.477347,0.622594,-1.341986,-0.271396,-1.031640,-0.106811,-1.447163,0.166091,-1.504036,0.396538,-1.401838
O,Right,legacy_asl_O_108,0.005703,-0.031028,0.314302,-0.307941,0.397736,-0.615947,0.534028,-0.863272,0.535429,-1.094237,-0.373325,-0.900417,-0.066504,-1.234966,0.232785,-1.258484,0.418422,-1.133664,-0.437341,-0.876255,-0.076952,-1.322984,0.247738,-1.333607,0.421738,-1.137700,-0.408045,-0.922647,-0.113321,-1.346234,0.260407,-1.349632,0.434659,-1.202629,-0.250436,-0.906932,-0.101493,-1.353351,0.156229,-1.391611,0.324917,-1.312267
O,Right,legacy_asl_O_109,0.000000,0.000000,0.299473,-0.303105,0.377192,-0.590874,0.494918,-0.819567,0.497911,-1.042558,-0.368738,-0.840344,-0.064604,-1.194214,0.233517,-1.213084,0.418650,-1.101781,-0.432064,-0.855051,-0.105317,-1.278058,0.222141,-1.261206,0.414826,-1.112408,-0.393134,-0.870061,-0.089392,-1.303556,0.230986,-1.296094,0.413577,-1.153947,-0.255490,-0.891788,-0.081148,-1.295827,0.149394,-1.335308,0.325709,-1.243146
O,Right,legacy_asl_O_110,0.000000,0.000000,0.313995,-0.313836,0.396850,-0.613146,0.521002,-0.850645,0.525579,-1.082952,-0.378680,-0.877941,-0.059497,-1.244638,0.251230,-1.262348,0.443386,-1.145173,-0.444561,-0.893678,-0.101366,-1.332258,0.239692,-1.312559,0.439472,-1.156271,-0.403903,-0.909061,-0.084607,-1.358720,0.249136,-1.348850,0.438442,-1.199557,-0.260353,-0.930798,-0.076069,-1.350614,0.164384,-1.390239,0.347479,-1.293066
O,Right,legacy_asl_O_111,-0.003407,-0.013963,0.302072,-0.309470,0.406014,-0.639035,0.504076,-0.827571,0.510608,-1.076889,-0.379587,-0.863304,-0.075128,-1.257227,0.243145,-1.232024,0.426374,-1.125364,-0.456788,-0.891248,-0.123316,-1.310718,0.205730,-1.332028,0.412676,-1.162607,-0.427163,-0.937971,-0.099666,-1.382035,0.233383,-1.349373,0.429255,-1.218033,-0.249175,-0.908515,-0.076773,-1.346463,0.162137,-1.393747,0.321076,-1.286215
O,Right,legacy_asl_O_112,0.000000,0.000000,0.305590,-0.309295,0.384896,-0.602942,0.505027,-0.836307,0.508081,-1.063852,-0.376269,-0.857508,-0.065924,-1.218605,0.238287,-1.237861,0.427200,-1.124284,-0.440889,-0.872515,-0.107468,-1.304161,0.226678,-1.286966,0.423299,-1.135129,-0.401164,-0.887831,-0.091218,-1.330180,0.235704,-1.322566,0.422024,-1.177516,-0.260708,-0.910003,-0.082805,-1.322294,0.152446,-1.362581,0.332362,-1.268537
O,Right,legacy_asl_O_113,0.000000,0.000000,0.326561,-0.300739,0.421582,-0.596412,0.555338,-0.828637,0.569408,-1.060563,-0.342475,-0.892687,-0.008570,-1.246030,0.302622,-1.251024,0.489827,-1.126092,-0.407658,-0.911104,-0.046822,-1.335288,0.293146,-1.301664,0.486370,-1.137340,-0.366405,-0.924812,-0.028996,-1.361043,0.304065,-1.337538,0.487111,-1.180632,-0.222087,-0.940663,-0.020795,-1.352595,0.221077,-1.382358,0.400046,-1.277781
O,Right,legacy_asl_O_114,0.005880,0.016450,0.276564,-0.331840,0.373970,-0.616372,0.529184,-0.867065,0.532596,-1.099227,-0.384149,-0.883583,-0.070335,-1.256043,0.236244,-1.276828,0.445846,-1.149876,-0.417144,-0.888979,-0.122415,-1.319739,0.234120,-1.307672,0.404943,-1.155843,-0.403368,-0.913469,-0.088145,-1.368057,0.223923,-1.340010,0.412304,-1.185465,-0.266924,-0.890066,-0.093521,-1.371355,0.143132,-1.384515,0.349804,-1.282582
O,Right,legacy_asl_O_115,0.000000,0.000000,0.316752,-0.320593,0.398955,-0.624966,0.523474,-0.866855,0.526640,-1.102711,-0.390013,-0.888830,-0.068332,-1.263118,0.246991,-1.283077,0.442805,-1.165351,-0.456993,-0.904386,-0.111394,-1.351799,0.234958,-1.333975,0.438761,-1.176592,-0.415817,-0.920261,-0.094550,-1.378768,0.244314,-1.370876,0.437440,-1.220528,-0.270231,-0.943243,-0.085830,-1.370594,0.158014,-1.412352,0.344502,-1.314873
O,Right,legacy_asl_O_116,0.000000,0.000000,0.322996,-0.304564,0.414528,-0.601336,0.545540,-0.835120,0.556876,-1.067196,-0.352966,-0.888591,-0.023246,-1.245842,0.287865,-1.254501,0.476529,-1.131783,-0.418361,-0.906239,-0.062547,-1.334644,0.277794,-1.305027,0.472940,-1.142990,-0.377273,-0.920432,-0.045025,-1.360607,0.288290,-1.341027,0.473171,-1.186288,-0.233151,-0.937982,-0.036726,-1.352256,0.204779,-1.384866,0.384968,-1.282404
O,Right,legacy_asl_O_117,-0.007298,0.027324,0.320170,-0.360071,0.460530,-0.605778,0.580582,-0.793625,0.656396,-1.038050,-0.113144,-0.835634,0.066755,-1.146716,0.299422,-1.154103,0.474784,-1.161925,-0.241655,-0.879549,0.022549,-1.269248,0.315601,-1.274720,0.519502,-1.159396,-0.252739,-0.896785,-0.051619,-1.297965,0.292874,-1.271834,0.448902,-1.182221,-0.244049,-0.915826,-0.096205,-1.275604,0.134794,-1.340101,0.316192,-1.312405
O,Right,legacy_asl_O_118,0.000000,0.000000,0.317521,-0.356487,0.448259,-0.596658,0.572065,-0.801442,0.622939,-1.041282,-0.133033,-0.846516,0.065203,-1.138525,0.314487,-1.164949,0.481434,-1.127025,-0.211363,-0.873547,0.026335,-1.255482,0.310697,-1.263284,0.505406,-1.120253,-0.248242,-0.897137,-0.032354,-1.255528,0.265019,-1.261006,0.453715,-1.151975,-0.232608,-0.901242,-0.092834,-1.263102,0.124537,-1.339238,0.301446,-1.311698
O,Right,legacy_asl_O_119,0.000000,0.000000,0.330888,-0.349051,0.470048,-0.586814,0.601123,-0.789159,0.659852,-1.029085,-0.107495,-0.856594,0.101257,-1.144447,0.353110,-1.163261,0.520038,-1.119852,-0.185528,-0.886263,0.065774,-1.263437,0.352368,-1.262403,0.543967,-1.112283,-0.221927,-0.911172,0.006676,-1.265318,0.306300,-1.261536,0.492906,-1.145844,-0.206056,-0.914817,-0.053990,-1.274836,0.167282,-1.344708,0.344566,-1.311444
O,Right,legacy_asl_O_120,0.009718,0.003059,0.328691,-0.358160,0.463662,-0.610742,0.581799,-0.795266,0.627884,-1.044620,-0.125173,-0.847853,0.083733,-1.147214,0.323998,-1.193645,0.477709,-1.135939,-0.212857,-0.866922,0.030593,-1.275633,0.320712,-1.256039,0.513711,-1.132570,-0.238751,-0.871823,-0.044154,-1.244851,0.271739,-1.265083,0.442653,-1.143552,-0.223824,-0.901004,-0.110815,-1.273743,0.147017,-1.337730,0.315306,-1.358280
O,Right,legacy_asl_O_121,0.000000,0.000000,0.333709,-0.374661,0.471112,-0.627077,0.601230,-0.842301,0.654697,-1.094369,-0.139815,-0.889673,0.068527,-1.196569,0.330520,-1.224340,0.505978,-1.184483,-0.222139,-0.918082,0.027678,-1.319489,0.326537,-1.327689,0.531173,-1.177365,-0.260898,-0.942875,-0.034004,-1.319537,0.278530,-1.325294,0.476846,-1.210705,-0.244467,-0.947189,-0.097567,-1.327497,0.130886,-1.407515,0.316814,-1.378571
O,Right,legacy_asl_O_122,0.000000,0.000000,0.346318,-0.333747,0.496077,-0.564982,0.636159,-0.761199,0.705666,-0.998227,-0.068690,-0.860575,0.152852,-1.138704,0.405298,-1.146122,0.570095,-1.095217,-0.145303,-0.893739,0.122781,-1.259176,0.409035,-1.245196,0.593657,-1.086574,-0.180540,-0.920267,0.063828,-1.263724,0.362975,-1.246412,0.544164,-1.122407,-0.164520,-0.923191,0.003654,-1.275973,0.227856,-1.335779,0.403457,-1.294540
O,Right,legacy_asl_O_123,-0.004154,0.018241,0.311414,-0.319599,0.451064,-0.588068,0.609588,-0.796571,0.630955,-1.065240,-0.141558,-0.855874,0.083599,-1.146320,0.327459,-1.170625,0.490295,-1.124953,-0.212136,-0.891120,0.041616,-1.246360,0.293141,-1.286632,0.495682,-1.125493,-0.217511,-0.940288,-0.038579,-1.274048,0.254662,-1.273526,0.457604,-1.131429,-0.221984,-0.905421,-0.100848,-1.246956,0.141310,-1.328959,0.296633,-1.329665
O,Right,legacy_asl_O_124,0.000000,0.000000,0.339870,-0.381578,0.479809,-0.638654,0.612330,-0.857852,0.666784,-1.114573,-0.142397,-0.906098,0.069792,-1.218660,0.336622,-1.246944,0.515319,-1.206351,-0.226240,-0.935032,0.028189,-1.343849,0.332565,-1.352201,0.540979,-1.199102,-0.265715,-0.960283,-0.034632,-1.343898,0.283673,-1.349762,0.485650,-1.233057,-0.248981,-0.964676,-0.099368,-1.352006,0.133303,-1.433501,0.322663,-1.404022
O,Right,legacy_asl_O_125,0.000000,0.000000,0.351191,-0.328615,0.504337,-0.557621,0.647291,-0.751755,0.720278,-0.987735,-0.056020,-0.861493,0.169591,-1.136332,0.422119,-1.140034,0.586149,-1.086710,-0.132136,-0.895781,0.141296,-1.257233,0.427314,-1.239042,0.609581,-1.077721,-0.166979,-0.922824,0.082416,-1.262648,0.381276,-1.240936,0.560621,-1.114279,-0.150918,-0.925512,0.022429,-1.275782,0.247487,-1.332281,0.422462,-1.288463
O,Right,legacy_asl_O_126,-0.024074,-0.010554,0.383187,-0.160589,0.769204,-0.363943,0.868619,-0.698864,0.821337,-0.974531,0.417892,-0.885354,0.552366,-1.221463,0.745332,-1.236590,0.818604,-1.120199,0.257319,-0.965320,0.391401,-1.395212,0.589753,-1.372616,0.710437,-1.149738,0.080238,-0.981054,0.186684,-1.463915,0.432281,-1.406402,0.560602,-1.269569,-0.103448,-0.949843,0.021350,-1.312414,0.214378,-1.349886,0.362207,-1.258511
O,Right,legacy_asl_O_127,0.000000,0.000000,0.402888,-0.139393,0.800164,-0.382190,0.911668,-0.716478,0.846814,-1.037699,0.429910,-0.938818,0.592478,-1.305390,0.757014,-1.300660,0.870701,-1.174332,0.261860,-1.006290,0.420746,-1.452910,0.623379,-1.411790,0.755488,-1.213740,0.088301,-1.037406,0.198176,-1.508231,0.418971,-1.481363,0.576201,-1.308181,-0.109402,-1.014922,0.026188,-1.345395,0.218843,-1.393701,0.382609,-1.317717
O,Right,legacy_asl_O_128,0.000000,0.000000,0.372578,-0.168244,0.730781,-0.434743,0.808111,-0.763690,0.718169,-1.064782,0.328673,-0.934002,0.451951,-1.298232,0.609485,-1.308063,0.729066,-1.197341,0.162312,-0.983780,0.275093,-1.424130,0.472181,-1.402533,0.615607,-1.224926,-0.006139,-0.998359,0.057729,-1.457550,0.270918,-1.451146,0.436164,-1.299478,-0.192974,-0.959649,-0.092310,-1.287054,0.087452,-1.349983,0.250464,-1.291703
O,Right,legacy_asl_O_129,0.023822,0.002166,0.388544,-0.161451,0.748520,-0.383632,0.878235,-0.706626,0.807019,-0.986138,0.396894,-0.945808,0.580934,-1.246531,0.719087,-1.261503,0.841491,-1.138591,0.208070,-0.982592,0.396227,-1.410901,0.621632,-1.350547,0.722732,-1.167687,0.076106,-0.982522,0.205054,-1.427652,0.381948,-1.419176,0.541803,-1.261797,-0.131349,-0.970894,0.027608,-1.295411,0.229634,-1.312145,0.349330,-1.242014
O,Right,legacy_asl_O_130,0.000000,0.000000,0.387924,-0.134216,0.770444,-0.367995,0.877807,-0.689867,0.815362,-0.999157,0.413942,-0.903949,0.570473,-1.256905,0.728897,-1.252352,0.838362,-1.130715,0.252134,-0.968915,0.405118,-1.398946,0.600226,-1.359354,0.727427,-1.168659,0.085021,-0.998875,0.190815,-1.452213,0.403410,-1.426342,0.554799,-1.259592,-0.105339,-0.977226,0.025215,-1.295425,0.210715,-1.341936,0.368398,-1.268775
O,Right,legacy_asl_O_131,0.000000,0.000000,0.376447,-0.159398,0.740844,-0.417364,0.825920,-0.744394,0.743113,-1.047526,0.350638,-0.925980,0.482482,-1.287198,0.640205,-1.293306,0.757137,-1.179791,0.185498,-0.979673,0.308647,-1.417236,0.505170,-1.390991,0.644361,-1.210047,0.017438,-0.998226,0.092132,-1.455780,0.305110,-1.444344,0.466728,-1.288816,-0.170258,-0.963939,-0.061892,-1.288875,0.119307,-1.347541,0.280897,-1.285429
O,Right,legacy_asl_O_132,-0.007714,0.014701,0.376221,-0.135932,0.749956,-0.380708,0.881649,-0.661828,0.809840,-1.011470,0.420247,-0.924153,0.550652,-1.249124,0.725823,-1.253346,0.829615,-1.126862,0.231469,-0.967018,0.433121,-1.373911,0.592048,-1.341901,0.724205,-1.153358,0.092662,-0.972814,0.169566,-1.443957,0.415740,-1.419128,0.537976,-1.252199,-0.097510,-0.961405,0.033788,-1.293496,0.180631,-1.358215,0.378296,-1.259112
O,Right,legacy_asl_O_133,0.000000,0.000000,0.379273,-0.131223,0.753263,-0.359789,0.858231,-0.674482,0.797179,-0.976876,0.404711,-0.883790,0.557751,-1.228876,0.712643,-1.224424,0.819666,-1.105500,0.246511,-0.947307,0.396084,-1.367749,0.586840,-1.329040,0.711205,-1.142598,0.083125,-0.976599,0.186560,-1.419828,0.394414,-1.394534,0.542427,-1.231503,-0.102990,-0.955434,0.024653,-1.266536,0.206016,-1.312010,0.360183,-1.240481
O,Right,legacy_asl_O_134,0.000000,0.000000,0.376828,-0.158496,0.741842,-0.415588,0.827701,-0.742413,0.745621,-1.045742,0.352856,-0.925138,0.485565,-1.286038,0.643302,-1.291768,0.759962,-1.177973,0.187845,-0.979226,0.312042,-1.416493,0.508502,-1.389777,0.647259,-1.208500,0.019830,-0.998181,0.095620,-1.455556,0.308570,-1.443608,0.469815,-1.287694,-0.167948,-0.964344,-0.058803,-1.289020,0.122535,-1.347251,0.283976,-1.284752
O,Right,legacy_asl_O_135,-0.012223,-0.041964,0.302222,-0.393040,0.395187,-0.696391,0.502633,-0.960623,0.469622,-1.239247,-0.332277,-0.903612,-0.099025,-1.307239,0.159817,-1.319945,0.333713,-1.246139,-0.418303,-0.907517,-0.216578,-1.395941,0.086434,-1.491965,0.319597,-1.326261,-0.452114,-0.883425,-0.295314,-1.405872,0.001105,-1.478351,0.225419,-1.368660,-0.432678,-0.874094,-0.356686,-1.295954,-0.166412,-1.428922,-0.009925,-1.445724
O,Right,legacy_asl_O_136,0.000000,0.000000,0.272202,-0.382612,0.406852,-0.672153,0.528001,-0.930776,0.503364,-1.205980,-0.291832,-0.893443,-0.109672,-1.266564,0.161135,-1.307693,0.347848,-1.229058,-0.396550,-0.890228,-0.221420,-1.381641,0.083313,-1.438659,0.305229,-1.323849,-0.445488,-0.873509,-0.320524,-1.379425,-0.014531,-1.454261,0.212740,-1.362918,-0.428554,-0.856411,-0.358686,-1.283954,-0.165911,-1.421281,0.013977,-1.425795
O,Right,legacy_asl_O_137,0.000000,0.000000,0.249884,-0.408150,0.366448,-0.712004,0.471458,-0.983475,0.427073,-1.261560,-0.359494,-0.887916,-0.200496,-1.280090,0.071961,-1.340934,0.267329,-1.274099,-0.465742,-0.877290,-0.322202,-1.389245,-0.016367,-1.468628,0.217336,-1.367485,-0.514326,-0.856852,-0.422811,-1.380029,-0.116947,-1.477618,0.120551,-1.400711,-0.495907,-0.840658,-0.454906,-1.280276,-0.268547,-1.433449,-0.085961,-1.450677
O,Right,legacy_asl_O_138,0.004922,-0.001777,0.281357,-0.395650,0.425272,-0.699463,0.519996,-0.922031,0.504723,-1.229276,-0.297201,-0.917986,-0.112264,-1.303025,0.178032,-1.315204,0.334339,-1.231196,-0.396904,-0.914047,-0.233319,-1.415511,0.086873,-1.466945,0.301076,-1.357001,-0.465025,-0.897683,-0.333323,-1.401305,-0.034591,-1.455397,0.209190,-1.385193,-0.439237,-0.895935,-0.364239,-1.323680,-0.166901,-1.447595,0.004671,-1.427646
O,Right,legacy_asl_O_139,0.000000,0.000000,0.273574,-0.384540,0.408902,-0.675540,0.530662,-0.935467,0.505901,-1.212057,-0.293302,-0.897945,-0.110225,-1.272947,0.161947,-1.314283,0.349601,-1.235251,-0.398548,-0.894714,-0.222536,-1.388603,0.083733,-1.445909,0.306767,-1.330520,-0.447733,-0.877910,-0.322139,-1.386376,-0.014604,-1.461590,0.213812,-1.369786,-0.430714,-0.860727,-0.360494,-1.290424,-0.166747,-1.428443,0.014048,-1.432980
O,Right,legacy_asl_O_140,0.000000,0.000000,0.282225,-0.386494,0.423096,-0.679871,0.549818,-0.941910,0.528179,-1.222683,-0.286151,-0.914193,-0.095810,-1.292149,0.180691,-1.330652,0.369981,-1.248161,-0.392911,-0.912236,-0.208243,-1.410833,0.103032,-1.465101,0.327742,-1.345301,-0.442995,-0.895814,-0.309268,-1.409823,0.003515,-1.482234,0.233978,-1.386282,-0.425953,-0.878177,-0.349363,-1.313009,-0.151173,-1.450531,0.032209,-1.452865
O,Right,legacy_asl_O_141,0.004149,-0.026656,0.269263,-0.382387,0.403657,-0.675296,0.539234,-0.955253,0.522603,-1.229737,-0.317911,-0.906847,-0.112583,-1.285688,0.157433,-1.355729,0.359831,-1.255163,-0.392016,-0.879781,-0.234967,-1.409859,0.091180,-1.467157,0.312540,-1.362491,-0.435570,-0.879382,-0.325772,-1.414899,-0.013620,-1.441695,0.215014,-1.350428,-0.480731,-0.843790,-0.353569,-1.281760,-0.167330,-1.415140,0.019617,-1.466453
O,Right,legacy_asl_O_142,0.000000,0.000000,0.288033,-0.404864,0.430514,-0.711244,0.558708,-0.984909,0.532639,-1.276117,-0.308804,-0.945404,-0.116051,-1.340225,0.170506,-1.383746,0.368079,-1.300537,-0.419612,-0.942002,-0.234297,-1.461995,0.088158,-1.522329,0.322981,-1.400842,-0.471397,-0.924310,-0.339165,-1.459650,-0.015376,-1.538838,0.225113,-1.442183,-0.453478,-0.906219,-0.379547,-1.358626,-0.175560,-1.503940,0.014790,-1.508716
O,Right,legacy_asl_O_143,0.000000,0.000000,0.290633,-0.380211,0.437904,-0.670429,0.570342,-0.929626,0.554865,-1.210806,-0.266034,-0.920249,-0.067449,-1.293940,0.209829,-1.326369,0.397265,-1.239747,-0.372811,-0.920633,-0.177253,-1.415061,0.135137,-1.462489,0.357166,-1.337790,-0.423243,-0.905313,-0.278276,-1.416267,0.036020,-1.481801,0.264323,-1.380817,-0.406592,-0.887307,-0.320484,-1.320355,-0.119326,-1.453497,0.064063,-1.451809
O,Right,legacy_asl_O_144,-0.025458,0.003962,0.343197,-0.262305,0.575051,-0.603985,0.673001,-0.993906,0.571827,-1.287241,-0.175375,-0.900897,-0.123120,-1.310896,0.186713,-1.423168,0.434401,-1.393702,-0.320909,-0.935861,-0.244840,-1.441767,0.125881,-1.536784,0.367119,-1.412658,-0.411156,-0.975648,-0.322031,-1.477732,0.018157,-1.538054,0.275812,-1.452407,-0.457772,-0.978811,-0.351554,-1.359968,-0.053515,-1.451065,0.190346,-1.453995
O,Right,legacy_asl_O_145,0.000000,0.000000,0.357123,-0.265490,0.586503,-0.625152,0.661365,-0.985843,0.595124,-1.321658,-0.184736,-0.911423,-0.108612,-1.333320,0.185875,-1.448597,0.440634,-1.431132,-0.340830,-0.957553,-0.243297,-1.467018,0.107633,-1.548375,0.382049,-1.469865,-0.425642,-0.983843,-0.338697,-1.504223,0.023034,-1.573959,0.295746,-1.482130,-0.467347,-0.980658,-0.359025,-1.398043,-0.075905,-1.510139,0.164088,-1.486889
O,Right,legacy_asl_O_146,0.000000,0.000000,0.343268,-0.267155,0.559667,-0.623582,0.625043,-0.977681,0.553062,-1.304425,-0.200199,-0.886696,-0.134912,-1.300635,0.150387,-1.419645,0.399726,-1.408074,-0.353737,-0.928409,-0.269416,-1.428386,0.071772,-1.515464,0.341638,-1.444661,-0.437186,-0.952271,-0.363448,-1.462685,-0.011454,-1.538639,0.257034,-1.454785,-0.477874,-0.948257,-0.381023,-1.358482,-0.106764,-1.474137,0.128269,-1.456595
O,Right,legacy_asl_O_147,0.015126,-0.004483,0.336859,-0.248566,0.566283,-0.594333,0.621672,-0.972173,0.577797,-1.296693,-0.179070,-0.883934,-0.132421,-1.285605,0.190747,-1.413589,0.437700,-1.405768,-0.296545,-0.923765,-0.228954,-1.450193,0.115082,-1.531321,0.371631,-1.401649,-0.398655,-0.961352,-0.340557,-1.466967,0.001734,-1.518218,0.279175,-1.452706,-0.451118,-0.981362,-0.355092,-1.365976,-0.103073,-1.484992,0.161842,-1.452836
O,Right,legacy_asl_O_148,0.000000,0.000000,0.348079,-0.258766,0.571649,-0.609319,0.644616,-0.960875,0.580052,-1.288185,-0.180057,-0.888340,-0.105861,-1.299552,0.181167,-1.411910,0.429475,-1.394887,-0.332198,-0.933302,-0.237135,-1.429864,0.104907,-1.509161,0.372373,-1.432639,-0.414862,-0.958926,-0.330119,-1.466127,0.022450,-1.534096,0.288256,-1.444593,-0.455511,-0.955821,-0.349933,-1.362636,-0.073982,-1.471892,0.159932,-1.449232
O,Right,legacy_asl_O_149,0.000000,0.000000,0.353436,-0.253550,0.583585,-0.601257,0.662735,-0.952534,0.603565,-1.281839,-0.165430,-0.893836,-0.084032,-1.304911,0.205695,-1.412691,0.454392,-1.391396,-0.317222,-0.941511,-0.213447,-1.437815,0.130881,-1.511506,0.397777,-1.430222,-0.399677,-0.968613,-0.306068,-1.475759,0.048623,-1.537913,0.313633,-1.443641,-0.440489,-0.966191,-0.327698,-1.372322,-0.049132,-1.477181,0.185037,-1.450477
O,Right,legacy_asl_O_150,-0.027243,-0.004769,0.324362,-0.238725,0.590933,-0.605570,0.658460,-0.975491,0.573509,-1.283786,-0.180479,-0.889638,-0.110719,-1.324406,0.205395,-1.409861,0.410717,-1.388937,-0.318905,-0.951542,-0.250413,-1.430996,0.121906,-1.496573,0.380222,-1.447846,-0.431866,-0.966733,-0.333611,-1.467364,0.026280,-1.567641,0.282058,-1.467059,-0.466968,-0.963215,-0.384727,-1.381332,-0.059089,-1.481529,0.117399,-1.463546
O,Right,legacy_asl_O_151,0.000000,0.000000,0.347417,-0.258274,0.570561,-0.608160,0.643389,-0.959047,0.578949,-1.285735,-0.179715,-0.886650,-0.105660,-1.297080,0.180823,-1.409224,0.428658,-1.392234,-0.331566,-0.931527,-0.236684,-1.427144,0.104707,-1.506290,0.371665,-1.429913,-0.414073,-0.957102,-0.329491,-1.463338,0.022408,-1.531178,0.287708,-1.441845,-0.454645,-0.954003,-0.349267,-1.360043,-0.073842,-1.469092,0.159628,-1.446475
O,Right,legacy_asl_O_152,0.000000,0.000000,0.352518,-0.254825,0.581410,-0.603361,0.659291,-0.954921,0.598933,-1.284010,-0.168657,-0.893233,-0.088744,-1.304599,0.200592,-1.413425,0.449365,-1.393028,-0.320620,-0.940359,-0.218638,-1.437034,0.125422,-1.511969,0.392610,-1.431650,-0.403172,-0.967163,-0.311395,-1.474644,0.043069,-1.538079,0.308418,-1.444764,-0.443976,-0.964594,-0.332651,-1.371129,-0.054466,-1.476994,0.179797,-1.451135
O,Right,legacy_asl_O_153,-0.003808,0.010510,0.247385,-0.325909,0.343589,-0.582314,0.487985,-0.796457,0.533951,-1.061807,-0.394545,-0.843913,-0.128666,-1.226413,0.188314,-1.250712,0.437633,-1.146684,-0.483827,-0.868929,-0.148004,-1.319172,0.226231,-1.313708,0.447116,-1.219459,-0.421124,-0.833826,-0.106942,-1.318571,0.219008,-1.331446,0.417939,-1.181478,-0.282503,-0.831256,-0.097832,-1.271000,0.149311,-1.329857,0.316545,-1.254910
O,Right,legacy_asl_O_154,0.000000,0.000000,0.273481,-0.342075,0.367880,-0.620289,0.502019,-0.850111,0.553712,-1.072480,-0.445287,-0.905658,-0.126220,-1.288467,0.198962,-1.310556,0.441706,-1.204641,-0.502752,-0.904500,-0.145512,-1.362063,0.208361,-1.368978,0.449506,-1.230673,-0.451361,-0.894611,-0.129549,-1.372452,0.210108,-1.390839,0.429460,-1.254020,-0.303908,-0.887481,-0.093170,-1.319189,0.151865,-1.383349,0.343866,-1.315673
O,Right,legacy_asl_O_155,0.000000,0.000000,0.231131,-0.351200,0.296732,-0.625500,0.404606,-0.857062,0.434329,-1.074199,-0.505834,-0.826284,-0.234734,-1.220457,0.074149,-1.270364,0.315563,-1.190614,-0.560660,-0.820089,-0.259692,-1.289099,0.077960,-1.327041,0.320714,-1.216188,-0.510661,-0.815186,-0.245352,-1.300443,0.077694,-1.348092,0.299484,-1.236731,-0.369081,-0.821426,-0.205863,-1.252751,0.022684,-1.335776,0.212208,-1.288085
O,Right,legacy_asl_O_156,0.000693,0.016029,0.247920,-0.325420,0.346902,-0.616812,0.509812,-0.811585,0.530282,-1.004662,-0.421161,-0.844314,-0.137645,-1.243035,0.196042,-1.249497,0.435968,-1.161830,-0.500030,-0.882034,-0.141458,-1.319435,0.209890,-1.300093,0.424286,-1.168738,-0.440689,-0.849914,-0.121208,-1.303864,0.197966,-1.328529,0.433280,-1.223869,-0.285692,-0.880795,-0.090798,-1.246539,0.119823,-1.321988,0.354737,-1.280122
O,Right,legacy_asl_O_157,0.000000,0.000000,0.267301,-0.334345,0.359567,-0.606272,0.490675,-0.830901,0.541199,-1.048244,-0.435225,-0.885193,-0.123368,-1.259351,0.194466,-1.280941,0.431725,-1.177419,-0.491391,-0.884060,-0.142224,-1.331284,0.203653,-1.338043,0.439349,-1.202863,-0.441162,-0.874395,-0.126621,-1.341438,0.205360,-1.359409,0.419755,-1.225683,-0.297041,-0.867426,-0.091065,-1.289379,0.148434,-1.352089,0.336096,-1.285942
O,Right,legacy_asl_O_158,0.000000,0.000000,0.244721,-0.341869,0.321026,-0.613386,0.437895,-0.840541,0.476108,-1.056346,-0.473051,-0.845479,-0.186707,-1.228721,0.123895,-1.266480,0.361997,-1.177327,-0.528079,-0.841438,-0.208954,-1.298289,0.129925,-1.322965,0.368147,-1.202679,-0.478310,-0.834580,-0.194181,-1.309062,0.130485,-1.344010,0.347739,-1.224039,-0.336594,-0.835264,-0.156591,-1.259858,0.075034,-1.333860,0.262543,-1.278775
O,Right,legacy_asl_O_159,0.009319,-0.000408,0.259721,-0.318568,0.340429,-0.580772,0.493411,-0.793350,0.535574,-1.023536,-0.414750,-0.853748,-0.127485,-1.234627,0.202430,-1.259492,0.436522,-1.133034,-0.493980,-0.862122,-0.142219,-1.310363,0.193202,-1.335578,0.404277,-1.170391,-0.447240,-0.864415,-0.121671,-1.312116,0.219871,-1.348144,0.409593,-1.238849,-0.286925,-0.840544,-0.079492,-1.288737,0.126523,-1.333151,0.345691,-1.281715
O,Right,legacy_asl_O_160,0.000000,0.000000,0.269306,-0.336851,0.362263,-0.610817,0.494354,-0.837130,0.545257,-1.056104,-0.438488,-0.891830,-0.124293,-1.268793,0.195924,-1.290545,0.434962,-1.186247,-0.495075,-0.890689,-0.143290,-1.341265,0.205180,-1.348075,0.442643,-1.211881,-0.444469,-0.880951,-0.127571,-1.351496,0.206900,-1.369602,0.422902,-1.234873,-0.299268,-0.873929,-0.091748,-1.299046,0.149547,-1.362226,0.338616,-1.295583
O,Right,legacy_asl_O_161,0.000000,0.000000,0.271569,-0.320957,0.369583,-0.585413,0.504441,-0.802372,0.559982,-1.014379,-0.403122,-0.880968,-0.086721,-1.239796,0.225918,-1.252311,0.456029,-1.144193,-0.458296,-0.881391,-0.103268,-1.310935,0.236497,-1.308123,0.464210,-1.168965,-0.409245,-0.870530,-0.087672,-1.320479,0.238757,-1.329054,0.445596,-1.191905,-0.267938,-0.859750,-0.054185,-1.268396,0.182667,-1.323422,0.365105,-1.253352
O,Right,legacy_asl_O_162,0.016234,-0.004077,0.413440,-0.111127,0.780424,-0.403749,0.885733,-0.769015,0.910802,-1.003458,0.441274,-0.889299,0.588534,-1.164652,0.800992,-1.183678,0.913958,-1.087605,0.267766,-0.967702,0.458554,-1.280873,0.645548,-1.279628,0.809655,-1.122747,0.122819,-1.015294,0.255548,-1.340208,0.463633,-1.402278,0.628930,-1.261503,-0.066510,-1.005697,0.034818,-1.307670,0.212192,-1.397607,0.416631,-1.300955
O,Right,legacy_asl_O_163,0.000000,0.000000,0.365732,-0.099878,0.730526,-0.360026,0.839113,-0.682047,0.847437,-0.950401,0.405838,-0.821851,0.575458,-1.101034,0.742511,-1.106874,0.873311,-1.033944,0.258006,-0.888491,0.427744,-1.202153,0.607208,-1.203313,0.756918,-1.100747,0.105853,-0.937263,0.239248,-1.263848,0.422327,-1.278861,0.577307,-1.173885,-0.073821,-0.956942,0.037313,-1.245298,0.204545,-1.296881,0.368045,-1.230807
O,Right,legacy_asl_O_164,0.000000,0.000000,0.395468,-0.090131,0.797219,-0.351617,0.927927,-0.690886,0.949024,-0.977348,0.471159,-0.860018,0.665157,-1.150723,0.843983,-1.149370,0.980478,-1.065470,0.316173,-0.937969,0.511863,-1.265524,0.703744,-1.258605,0.859104,-1.142167,0.155755,-0.997019,0.313186,-1.340038,0.509560,-1.347762,0.670445,-1.228509,-0.035402,-1.026222,0.096497,-1.329390,0.277594,-1.376924,0.449355,-1.298865
O,Right,legacy_asl_O_165,-0.007734,0.002231,0.370936,-0.116361,0.759939,-0.378487,0.876637,-0.737891,0.918381,-1.002472,0.436549,-0.860636,0.608053,-1.214658,0.768448,-1.188562,0.940708,-1.114358,0.269502,-0.939748,0.459957,-1.288089,0.651891,-1.296770,0.786213,-1.165146,0.128227,-0.998315,0.247816,-1.364944,0.413077,-1.375909,0.623750,-1.264463,-0.079414,-1.018188,0.045062,-1.335368,0.182882,-1.363198,0.401451,-1.327051
O,Right,legacy_asl_O_166,0.000000,0.000000,0.393652,-0.107502,0.786294,-0.387510,0.903170,-0.734114,0.912130,-1.022954,0.436819,-0.884590,0.619388,-1.185087,0.799194,-1.191372,0.939978,-1.112874,0.277702,-0.956318,0.460397,-1.293925,0.653562,-1.295173,0.814700,-1.184777,0.113934,-1.008813,0.257512,-1.360330,0.454567,-1.376488,0.621378,-1.263499,-0.079456,-1.029994,0.040161,-1.340363,0.220159,-1.395884,0.396142,-1.324766
O,Right,legacy_asl_O_167,0.000000,0.000000,0.391259,-0.106936,0.781478,-0.385339,0.897578,-0.729879,0.906424,-1.016981,0.434005,-0.879353,0.615412,-1.178077,0.794133,-1.184361,0.934086,-1.106366,0.275832,-0.950615,0.457356,-1.286227,0.649357,-1.287508,0.809548,-1.177810,0.113039,-1.002760,0.255679,-1.352190,0.451544,-1.368292,0.617374,-1.256017,-0.079191,-1.023774,0.039642,-1.332298,0.218544,-1.387522,0.393481,-1.316869
O,Right,legacy_asl_O_168,-0.010797,0.002416,0.402576,-0.137607,0.797852,-0.393072,0.902357,-0.741695,0.924186,-1.022652,0.439133,-0.853717,0.595495,-1.186119,0.799572,-1.176318,0.954264,-1.108324,0.268765,-0.931770,0.457493,-1.308815,0.636439,-1.296899,0.818732,-1.159845,0.138849,-0.991976,0.242184,-1.337595,0.434050,-1.349087,0.621698,-1.247737,-0.072899,-1.016315,0.050843,-1.287408,0.225873,-1.386665,0.377653,-1.337924
O,Right,legacy_asl_O_169,0.000000,0.000000,0.399615,-0.109131,0.798204,-0.393380,0.916851,-0.745234,0.925946,-1.038449,0.443436,-0.897990,0.628770,-1.203038,0.811299,-1.209418,0.954217,-1.129731,0.281909,-0.970803,0.467371,-1.313525,0.663462,-1.314792,0.827041,-1.202724,0.115660,-1.024094,0.261412,-1.380936,0.461453,-1.397339,0.630791,-1.282638,-0.080659,-1.045596,0.040769,-1.360666,0.223494,-1.417029,0.402142,-1.344833
O,Right,legacy_asl_O_170,0.000000,0.000000,0.398224,-0.077050,0.808374,-0.325153,0.950191,-0.659930,0.980718,-0.945541,0.499245,-0.844023,0.702718,-1.128177,0.881403,-1.120932,1.015059,-1.032578,0.346913,-0.927040,0.553291,-1.247967,0.744840,-1.234729,0.896278,-1.113234,0.188528,-0.991344,0.357178,-1.328989,0.553700,-1.330237,0.710567,-1.205746,-0.001562,-1.026831,0.140255,-1.325488,0.322821,-1.367028,0.491916,-1.283351
O,Right,legacy_asl_O_171,0.005340,-0.016762,0.315122,-0.386827,0.443150,-0.740524,0.452366,-1.032987,0.354841,-1.337783,-0.073861,-0.967886,-0.058715,-1.292719,0.110609,-1.421938,0.261504,-1.453877,-0.179949,-0.982390,-0.184653,-1.372450,0.007712,-1.465477,0.180076,-1.448528,-0.367197,-0.963963,-0.396978,-1.360499,-0.191470,-1.492388,-0.002536,-1.415843,-0.519947,-0.908009,-0.576975,-1.229532,-0.377063,-1.417922,-0.180518,-1.360226
O,Right,legacy_asl_O_172,0.000000,0.000000,0.331101,-0.392097,0.498011,-0.784957,0.482030,-1.118363,0.378079,-1.423936,-0.058546,-1.006941,-0.048136,-1.356063,0.126292,-1.501630,0.282100,-1.537910,-0.210083,-1.011583,-0.221598,-1.446959,-0.015329,-1.576445,0.186240,-1.540715,-0.381472,-0.995401,-0.420696,-1.450338,-0.199870,-1.569794,0.016141,-1.508241,-0.560023,-0.948327,-0.606214,-1.347453,-0.420400,-1.481566,-0.206778,-1.453643
O,Right,legacy_asl_O_173,0.000000,0.000000,0.332743,-0.352578,0.510657,-0.714436,0.512962,-1.029747,0.430841,-1.323392,-0.002734,-0.952830,0.025284,-1.281589,0.197397,-1.409801,0.346252,-1.435898,-0.145426,-0.965107,-0.133593,-1.376367,0.067716,-1.487750,0.255980,-1.443541,-0.307929,-0.958778,-0.321212,-1.389933,-0.106695,-1.491096,0.093845,-1.421777,-0.478797,-0.923683,-0.501561,-1.302559,-0.319304,-1.419372,-0.119266,-1.381899
O,Right,legacy_asl_O_174,0.003786,0.001098,0.314709,-0.380490,0.456107,-0.749219,0.456721,-1.041815,0.370470,-1.332967,-0.041506,-0.972408,-0.015748,-1.287462,0.093053,-1.432371,0.264223,-1.449975,-0.215450,-0.952874,-0.210271,-1.357158,-0.019052,-1.479971,0.161583,-1.436690,-0.364098,-0.964626,-0.381429,-1.363324,-0.188904,-1.494761,0.037182,-1.441140,-0.511979,-0.918062,-0.567343,-1.270675,-0.377668,-1.382585,-0.168814,-1.371696
O,Right,legacy_asl_O_175,0.000000,0.000000,0.302984,-0.358800,0.455720,-0.718299,0.441096,-1.023391,0.345972,-1.303015,-0.053574,-0.921432,-0.044048,-1.240906,0.115567,-1.374112,0.258144,-1.407310,-0.192243,-0.925679,-0.202780,-1.324083,-0.014027,-1.442573,0.170424,-1.409877,-0.349078,-0.910872,-0.384970,-1.327175,-0.182897,-1.436487,0.014770,-1.380161,-0.512466,-0.867795,-0.554735,-1.233027,-0.384699,-1.355751,-0.189219,-1.330199
O,Right,legacy_asl_O_176,0.000000,0.000000,0.331560,-0.353691,0.508260,-0.716143,0.509509,-1.031460,0.426404,-1.324828,-0.005926,-0.952815,0.020990,-1.281666,0.192673,-1.410454,0.341439,-1.437051,-0.148659,-0.964614,-0.138204,-1.375912,0.062731,-1.487968,0.251142,-1.444391,-0.311140,-0.957741,-0.325867,-1.388849,-0.111690,-1.490731,0.089080,-1.422084,-0.481889,-0.922073,-0.505923,-1.300871,-0.324058,-1.418294,-0.123895,-1.381492
O,Right,legacy_asl_O_177,-0.011705,-0.018915,0.339783,-0.354958,0.476198,-0.767188,0.446358,-1.052501,0.351116,-1.343802,-0.066158,-0.957921,-0.039114,-1.275202,0.124013,-1.411774,0.286027,-1.449321,-0.168654,-0.949655,-0.230424,-1.335639,-0.019424,-1.505553,0.169259,-1.436961,-0.385105,-0.940374,-0.421142,-1.366551,-0.188708,-1.505770,0.022874,-1.420273,-0.549000,-0.875610,-0.555316,-1.258141,-0.380126,-1.397902,-0.183236,-1.360459
O,Right,legacy_asl_O_178,0.000000,0.000000,0.295803,-0.350297,0.444920,-0.701276,0.430642,-0.999138,0.337773,-1.272135,-0.052305,-0.899595,-0.043004,-1.211497,0.112828,-1.341547,0.252026,-1.373959,-0.187687,-0.903741,-0.197974,-1.292704,-0.013695,-1.408385,0.166386,-1.376465,-0.340805,-0.889285,-0.375847,-1.295723,-0.178562,-1.402444,0.014420,-1.347452,-0.500321,-0.847229,-0.541588,-1.203806,-0.375582,-1.323621,-0.184734,-1.298675
O,Right,legacy_asl_O_179,0.000000,0.000000,0.299427,-0.381278,0.443820,-0.757768,0.417545,-1.071992,0.309154,-1.356987,-0.089060,-0.948662,-0.090947,-1.278608,0.068841,-1.421888,0.214719,-1.461366,-0.232278,-0.947959,-0.257758,-1.358600,-0.067369,-1.487766,0.124126,-1.460798,-0.393539,-0.926932,-0.445834,-1.355110,-0.241366,-1.475295,-0.035371,-1.424432,-0.560524,-0.876499,-0.617525,-1.251753,-0.446602,-1.384601,-0.243991,-1.365407
O,Right,legacy_asl_O_180,-0.005555,0.008417,0.410509,-0.132551,0.720422,-0.331457,0.861107,-0.580994,0.970511,-0.843737,0.360193,-0.820850,0.560267,-1.099455,0.718836,-1.087354,0.893924,-1.010879,0.287988,-0.902676,0.493966,-1.242870,0.754366,-1.247988,0.907271,-1.095061,0.228617,-0.963791,0.420326,-1.353794,0.676797,-1.297823,0.849752,-1.125818,0.141737,-1.030099,0.303531,-1.349229,0.571106,-1.328657,0.726583,-1.237589
O,Right,legacy_asl_O_181,0.000000,0.000000,0.414332,-0.137163,0.719170,-0.338985,0.890267,-0.579841,0.974438,-0.864068,0.354312,-0.834992,0.539064,-1.112581,0.756075,-1.097993,0.900877,-1.002263,0.291922,-0.910304,0.494620,-1.257428,0.737309,-1.242422,0.902991,-1.094017,0.214422,-0.980246,0.424661,-1.326505,0.686264,-1.296792,0.844699,-1.136093,0.135425,-1.029972,0.323381,-1.352928,0.556852,-1.364746,0.733757,-1.246963
O,Right,legacy_asl_O_182,0.000000,0.000000,0.422923,-0.097945,0.743314,-0.269948,0.934814,-0.492850,1.044185,-0.766661,0.427323,-0.794599,0.635707,-1.052633,0.849311,-1.018330,0.983971,-0.910265,0.372419,-0.874900,0.604940,-1.200162,0.843938,-1.163095,0.994459,-1.000950,0.302059,-0.951264,0.541970,-1.274980,0.798355,-1.221616,0.940574,-1.047957,0.228366,-1.007743,0.444075,-1.310417,0.676397,-1.300761,0.840835,-1.167918
O,Right,legacy_asl_O_183,0.006489,-0.002128,0.421521,-0.145552,0.704651,-0.340612,0.908058,-0.584317,0.956069,-0.849512,0.332063,-0.815044,0.541936,-1.104649,0.744241,-1.104909,0.897989,-0.983913,0.295261,-0.906909,0.498285,-1.252820,0.702202,-1.237375,0.862056,-1.098368,0.213615,-0.963778,0.426987,-1.313768,0.641214,-1.288254,0.837300,-1.145741,0.120274,-1.044111,0.334284,-1.353669,0.540819,-1.363078,0.719179,-1.247041
O,Right,legacy_asl_O_184,0.000000,0.000000,0.429397,-0.142151,0.745319,-0.351310,0.922638,-0.600925,1.009869,-0.895487,0.367195,-0.865353,0.558665,-1.153036,0.783566,-1.137917,0.933634,-1.038706,0.302536,-0.943404,0.512604,-1.303149,0.764118,-1.287597,0.935824,-1.133797,0.222219,-1.015889,0.440102,-1.374737,0.711217,-1.343944,0.875413,-1.177402,0.140350,-1.067423,0.335139,-1.402121,0.577100,-1.414369,0.760437,-1.292304
O,Right,legacy_asl_O_185,0.000000,0.000000,0.421499,-0.103903,0.739431,-0.280409,0.927766,-0.505991,1.033264,-0.781318,0.416068,-0.800549,0.620791,-1.061498,0.834857,-1.030212,0.971029,-0.924058,0.360037,-0.880068,0.587945,-1.208578,0.827443,-1.174887,0.980237,-1.014882,0.288607,-0.955432,0.523926,-1.282500,0.781039,-1.232759,0.925693,-1.061124,0.214124,-1.010865,0.425540,-1.316552,0.657976,-1.310176,0.824272,-1.179666
O,Right,legacy_asl_O_186,-0.011271,-0.002145,0.410160,-0.145353,0.714006,-0.348907,0.881537,-0.590119,0.955327,-0.869481,0.378867,-0.825313,0.520751,-1.102787,0.723104,-1.109318,0.917438,-0.991264,0.300522,-0.898567,0.508446,-1.234358,0.725709,-1.246883,0.894265,-1.085273,0.206477,-0.963514,0.377799,-1.308308,0.696822,-1.305421,0.849311,-1.126808,0.128428,-1.033730,0.321528,-1.349985,0.556519,-1.349273,0.737990,-1.259927
O,Right,legacy_asl_O_187,0.000000,0.000000,0.401225,-0.132825,0.696421,-0.328262,0.862105,-0.561499,0.943614,-0.836736,0.343104,-0.808579,0.522012,-1.077388,0.732158,-1.063261,0.872380,-0.970559,0.282688,-0.881509,0.478974,-1.217652,0.713986,-1.203121,0.874427,-1.059411,0.207640,-0.949239,0.411228,-1.284544,0.664556,-1.255771,0.817979,-1.100156,0.131142,-0.997392,0.313152,-1.310131,0.539238,-1.321575,0.710546,-1.207519
O,Right,legacy_asl_O_188,0.000000,0.000000,0.413997,-0.130629,0.719998,-0.327095,0.893531,-0.564252,0.981215,-0.845759,0.364053,-0.825504,0.551679,-1.099004,0.767307,-1.081463,0.909985,-0.984230,0.303054,-0.901279,0.509500,-1.243684,0.750661,-1.225369,0.913369,-1.075456,0.226953,-0.971924,0.440887,-1.313363,0.700654,-1.280157,0.855982,-1.118118,0.149080,-1.022483,0.340527,-1.341058,0.572894,-1.349550,0.747192,-1.229936
O,Right,legacy_asl_O_189,-0.015701,0.027595,0.370436,-0.400407,0.644843,-0.640963,0.799750,-0.882652,0.782653,-1.197179,0.088621,-0.996444,0.189511,-1.383814,0.424800,-1.391581,0.622958,-1.278136,-0.026292,-0.999276,0.095284,-1.481476,0.366353,-1.542577,0.590404,-1.374230,-0.160067,-0.988603,-0.077815,-1.494580,0.212428,-1.514968,0.443739,-1.454424,-0.220898,-0.899259,-0.227831,-1.298785,-0.058434,-1.414912,0.110560,-1.460017
O,Right,legacy_asl_O_190,0.000000,0.000000,0.394310,-0.405342,0.654975,-0.659125,0.800021,-0.924021,0.779428,-1.233612,0.092667,-1.008766,0.219393,-1.402989,0.463568,-1.411803,0.638409,-1.305230,-0.030739,-1.013695,0.094572,-1.532091,0.385251,-1.550584,0.589579,-1.393662,-0.147124,-0.991018,-0.075147,-1.513397,0.207355,-1.560288,0.424758,-1.445954,-0.247709,-0.926757,-0.230876,-1.314767,-0.054352,-1.460961,0.114621,-1.495936
O,Right,legacy_asl_O_191,0.000000,0.000000,0.360841,-0.424443,0.600317,-0.691094,0.725413,-0.961041,0.684745,-1.263992,0.024533,-0.997673,0.123088,-1.393532,0.362517,-1.418306,0.541406,-1.325085,-0.097093,-0.994376,-0.008121,-1.512197,0.276379,-1.549552,0.487576,-1.408787,-0.209997,-0.964407,-0.173712,-1.482625,0.100878,-1.547354,0.322116,-1.449314,-0.304627,-0.894606,-0.313680,-1.277109,-0.149812,-1.432455,0.013971,-1.477982
O,Right,legacy_asl_O_192,0.022208,0.012125,0.377093,-0.398411,0.653039,-0.654212,0.779653,-0.912453,0.758724,-1.229877,0.081383,-0.995060,0.200758,-1.411859,0.445127,-1.382645,0.646824,-1.295662,-0.021390,-0.983828,0.088007,-1.518757,0.377533,-1.534732,0.584278,-1.356425,-0.133991,-0.986408,-0.088238,-1.477377,0.226430,-1.569267,0.411395,-1.416838,-0.244825,-0.895661,-0.238157,-1.279017,-0.049386,-1.453115,0.111426,-1.500291
O,Right,legacy_asl_O_193,0.000000,0.000000,0.379667,-0.390290,0.630653,-0.634649,0.770313,-0.889708,0.750484,-1.187802,0.089226,-0.971307,0.211246,-1.350890,0.446354,-1.359377,0.614702,-1.256761,-0.029597,-0.976053,0.091060,-1.475198,0.370945,-1.493005,0.567686,-1.341910,-0.141661,-0.954217,-0.072356,-1.457199,0.199655,-1.502348,0.408985,-1.392260,-0.238511,-0.892343,-0.222303,-1.265945,-0.052333,-1.406710,0.110364,-1.440386
O,Right,legacy_asl_O_194,0.000000,0.000000,0.393192,-0.394663,0.652951,-0.641597,0.798947,-0.900837,0.782298,-1.206052,0.103139,-0.992631,0.232607,-1.379484,0.473244,-1.385298,0.644224,-1.278259,-0.018368,-0.998936,0.111165,-1.508127,0.397726,-1.522929,0.597162,-1.365946,-0.133284,-0.977965,-0.056242,-1.491707,0.222598,-1.534579,0.435414,-1.419395,-0.233124,-0.915845,-0.211983,-1.297870,-0.036373,-1.439809,0.130490,-1.472276
O,Right,legacy_asl_O_195,0.010513,0.005232,0.394797,-0.415556,0.648754,-0.630974,0.769635,-0.894098,0.752700,-1.221920,0.048685,-1.011362,0.238911,-1.365589,0.463474,-1.392231,0.608195,-1.303064,-0.051002,-1.011892,0.083878,-1.524363,0.367340,-1.530514,0.563154,-1.375588,-0.146130,-0.940704,-0.072321,-1.502206,0.218353,-1.535693,0.419695,-1.455421,-0.228479,-0.896681,-0.217527,-1.293131,-0.043789,-1.444398,0.137495,-1.455954
O,Right,legacy_asl_O_196,0.000000,0.000000,0.390369,-0.401292,0.648429,-0.652538,0.792026,-0.914787,0.771639,-1.221284,0.091741,-0.998686,0.217201,-1.388969,0.458936,-1.397695,0.632029,-1.292186,-0.030431,-1.003565,0.093627,-1.516780,0.381401,-1.535089,0.583688,-1.379735,-0.145654,-0.981114,-0.074396,-1.498274,0.205283,-1.544696,0.420513,-1.431504,-0.245234,-0.917496,-0.228569,-1.301628,-0.053808,-1.446361,0.113475,-1.480987
O,Right,legacy_asl_O_197,0.000000,0.000000,0.384601,-0.403039,0.638982,-0.655510,0.779361,-0.917835,0.756143,-1.222620,0.081738,-0.994622,0.202845,-1.384174,0.443301,-1.395168,0.616546,-1.291837,-0.039877,-0.998309,0.078661,-1.510171,0.364836,-1.531141,0.567607,-1.378490,-0.154315,-0.974868,-0.088354,-1.490150,0.189497,-1.539016,0.404745,-1.428443,-0.252793,-0.910612,-0.239884,-1.293003,-0.067372,-1.438691,0.098753,-1.474745
O,Right,legacy_asl_O_198,-0.008144,0.013234,0.229849,-0.291450,0.319021,-0.602907,0.470649,-0.906523,0.489812,-1.186908,-0.523532,-0.793498,-0.251261,-1.291013,0.069567,-1.404361,0.303641,-1.364240,-0.603586,-0.795309,-0.255062,-1.332790,0.090039,-1.378721,0.333273,-1.306826,-0.552427,-0.837548,-0.252958,-1.354972,0.091933,-1.449683,0.298532,-1.308545,-0.412914,-0.878270,-0.286972,-1.325603,-0.038674,-1.435548,0.126183,-1.421358
O,Right,legacy_asl_O_199,0.000000,0.000000,0.220434,-0.256699,0.296235,-0.589862,0.424047,-0.894373,0.472392,-1.177236,-0.516862,-0.791922,-0.266895,-1.278357,0.045630,-1.383665,0.252532,-1.343373,-0.582295,-0.792021,-0.268057,-1.308689,0.097137,-1.377061,0.328005,-1.284933,-0.535887,-0.809876,-0.247895,-1.316769,0.087520,-1.382482,0.283638,-1.283010,-0.421732,-0.853337,-0.256509,-1.309816,-0.030639,-1.424214,0.134100,-1.391444
O,Right,legacy_asl_O_200,0.000000,0.000000,0.239934,-0.246340,0.338033,-0.579448,0.487063,-0.880182,0.554109,-1.164017,-0.473843,-0.836170,-0.189326,-1.313655,0.134379,-1.400573,0.341679,-1.346532,-0.540207,-0.840436,-0.188573,-1.344495,0.186203,-1.390595,0.414511,-1.282449,-0.491997,-0.855592,-0.167608,-1.351407,0.176794,-1.396707,0.369387,-1.283323,-0.373441,-0.892407,-0.176789,-1.344903,0.059600,-1.446559,0.224612,-1.402831
O,Right,legacy_asl_O_201,-0.018274,-0.007661,0.191741,-0.268924,0.280618,-0.622130,0.407968,-0.911563,0.503327,-1.189169,-0.528978,-0.771645,-0.275497,-1.277615,0.043818,-1.420823,0.265940,-1.376366,-0.601630,-0.811551,-0.284523,-1.326067,0.116978,-1.414325,0.315951,-1.334449,-0.554177,-0.815792,-0.254489,-1.345421,0.081152,-1.444767,0.288851,-1.339360,-0.407466,-0.867389,-0.282330,-1.317562,-0.039123,-1.460376,0.146286,-1.422716
O,Right,legacy_asl_O_202,0.000000,0.000000,0.228540,-0.266138,0.307128,-0.611552,0.439640,-0.927260,0.489762,-1.220524,-0.535867,-0.821042,-0.276709,-1.325363,0.047308,-1.434544,0.261818,-1.392771,-0.603707,-0.821144,-0.277914,-1.356810,0.100708,-1.427697,0.340066,-1.332181,-0.555592,-0.839656,-0.257010,-1.365187,0.090738,-1.433318,0.294068,-1.330187,-0.437240,-0.884715,-0.265942,-1.357979,-0.031765,-1.476583,0.139031,-1.442609
O,Right,legacy_asl_O_203,0.000000,0.000000,0.248300,-0.237906,0.357845,-0.567427,0.517173,-0.862834,0.593983,-1.144184,-0.444679,-0.852037,-0.143840,-1.319411,0.182674,-1.395096,0.387983,-1.333927,-0.510856,-0.858593,-0.142023,-1.350206,0.234122,-1.383334,0.458559,-1.267367,-0.462152,-0.872075,-0.120831,-1.356390,0.224929,-1.389767,0.413492,-1.269799,-0.342395,-0.904773,-0.130231,-1.350207,0.109528,-1.443637,0.272930,-1.394236
O,Right,legacy_asl_O_204,0.001830,-0.012030,0.189483,-0.283666,0.293423,-0.614526,0.444084,-0.914417,0.462795,-1.183320,-0.537198,-0.789445,-0.240839,-1.308293,0.050134,-1.389102,0.241619,-1.363379,-0.606350,-0.796585,-0.270132,-1.321868,0.113262,-1.435290,0.339104,-1.300378,-0.539568,-0.828703,-0.280458,-1.332673,0.091467,-1.402721,0.305980,-1.289776,-0.430519,-0.871981,-0.236528,-1.342779,-0.025042,-1.424665,0.126828,-1.417510
O,Right,legacy_asl_O_205,0.000000,0.000000,0.233849,-0.272320,0.314263,-0.625758,0.449852,-0.948800,0.501139,-1.248876,-0.548315,-0.840114,-0.283137,-1.356150,0.048407,-1.467867,0.267900,-1.425123,-0.617730,-0.840219,-0.284369,-1.388328,0.103048,-1.460861,0.347965,-1.363126,-0.568498,-0.859160,-0.262980,-1.396900,0.092846,-1.466612,0.300899,-1.361086,-0.447396,-0.905266,-0.272119,-1.389523,-0.032503,-1.510883,0.142261,-1.476119
O,Right,legacy_asl_O_206,0.000000,0.000000,0.247452,-0.238788,0.355824,-0.568697,0.514100,-0.864669,0.589908,-1.146290,-0.447708,-0.850450,-0.148534,-1.318891,0.177709,-1.395738,0.383235,-1.335299,-0.513908,-0.856770,-0.146826,-1.349692,0.229199,-1.384159,0.454047,-1.268990,-0.465252,-0.870425,-0.125657,-1.355952,0.219983,-1.390559,0.408971,-1.271262,-0.345612,-0.903549,-0.135034,-1.349735,0.104390,-1.444017,0.267968,-1.395198
O,Right,legacy_asl_O_207,-0.014224,0.001267,0.379862,-0.203545,0.705500,-0.541264,0.780263,-0.940227,0.778243,-1.300347,0.060895,-0.894888,0.199540,-1.377158,0.493485,-1.449889,0.684242,-1.402422,-0.093601,-0.981810,0.074427,-1.494195,0.381970,-1.599573,0.623076,-1.511049,-0.148585,-1.027011,-0.043172,-1.511555,0.307425,-1.617244,0.515048,-1.535349,-0.183672,-1.045040,-0.097837,-1.475353,0.137192,-1.577948,0.365044,-1.598209
O,Right,legacy_asl_O_208,0.000000,0.000000,0.420407,-0.228860,0.725477,-0.599671,0.825913,-0.996806,0.823584,-1.369137,0.035573,-0.962051,0.217710,-1.434974,0.511664,-1.541648,0.729712,-1.517397,-0.100378,-1.042968,0.082993,-1.587750,0.421805,-1.683545,0.678522,-1.597323,-0.167863,-1.098698,-0.035986,-1.614673,0.300500,-1.707106,0.551163,-1.627504,-0.206894,-1.125442,-0.118258,-1.573322,0.138848,-1.701824,0.368064,-1.677774
O,Right,legacy_asl_O_209,0.000000,0.000000,0.402984,-0.200134,0.702639,-0.537682,0.811003,-0.907180,0.821960,-1.257007,0.067379,-0.902436,0.255164,-1.340240,0.535052,-1.430065,0.739017,-1.399587,-0.057468,-0.983244,0.134013,-1.488504,0.455654,-1.566527,0.693754,-1.476472,-0.118892,-1.037975,0.023201,-1.517995,0.342538,-1.592941,0.575186,-1.509318,-0.154611,-1.064475,-0.055540,-1.482057,0.190506,-1.593687,0.404969,-1.563003
O,Right,legacy_asl_O_210,-0.017361,0.005654,0.396144,-0.210151,0.689599,-0.561515,0.754521,-0.926138,0.760462,-1.302053,0.026027,-0.916075,0.180605,-1.341136,0.436434,-1.455390,0.735959,-1.436201,-0.100748,-0.954517,0.064474,-1.497849,0.390646,-1.578056,0.615563,-1.484251,-0.155560,-1.004640,-0.017997,-1.533451,0.257799,-1.590824,0.523248,-1.536164,-0.203304,-1.085218,-0.097150,-1.492796,0.122505,-1.619463,0.348138,-1.564090
O,Right,legacy_asl_O_211,0.000000,0.000000,0.412059,-0.224315,0.711071,-0.587764,0.809513,-0.977012,0.807230,-1.341950,0.034866,-0.942948,0.213387,-1.406480,0.501504,-1.511035,0.715222,-1.487266,-0.098384,-1.022258,0.081345,-1.556222,0.413430,-1.650115,0.665048,-1.565605,-0.164530,-1.076881,-0.035271,-1.582611,0.294533,-1.673208,0.540219,-1.595186,-0.202786,-1.103094,-0.115910,-1.542081,0.136091,-1.668031,0.360756,-1.644458
O,Right,legacy_asl_O_212,0.000000,0.000000,0.388814,-0.226436,0.665408,-0.583126,0.749012,-0.959000,0.736730,-1.308784,0.007342,-0.904918,0.165659,-1.354219,0.438970,-1.462420,0.644507,-1.445545,-0.122592,-0.977262,0.034936,-1.494117,0.350690,-1.593312,0.594241,-1.519257,-0.187513,-1.027797,-0.077588,-1.516188,0.236071,-1.612162,0.473755,-1.544162,-0.224912,-1.051868,-0.153771,-1.475104,0.084324,-1.602816,0.300351,-1.586433
O,Right,legacy_asl_O_213,-0.002152,0.018813,0.437746,-0.191429,0.659606,-0.543400,0.783424,-0.934998,0.779035,-1.308853,0.032856,-0.878822,0.194743,-1.346830,0.475653,-1.439475,0.701436,-1.421182,-0.105332,-0.977259,0.080359,-1.494865,0.383400,-1.604972,0.635933,-1.520913,-0.142864,-1.057053,-0.019111,-1.493446,0.328162,-1.582047,0.502985,-1.545750,-0.198964,-1.034044,-0.098232,-1.499733,0.131024,-1.617937,0.360443,-1.587064
O,Right,legacy_asl_O_214,0.000000,0.000000,0.392890,-0.213880,0.677993,-0.560422,0.771856,-0.931563,0.769679,-1.279524,0.033244,-0.899083,0.203461,-1.341052,0.478175,-1.440744,0.681951,-1.418080,-0.093808,-0.974704,0.077561,-1.483829,0.394197,-1.573354,0.634111,-1.492775,-0.156876,-1.026786,-0.033631,-1.508990,0.280831,-1.595373,0.515088,-1.520980,-0.193352,-1.051780,-0.110518,-1.470345,0.129760,-1.590437,0.343974,-1.567961
O,Right,legacy_asl_O_215,0.000000,0.000000,0.414607,-0.174786,0.734597,-0.493123,0.865643,-0.855198,0.898250,-1.203675,0.123153,-0.896528,0.337698,-1.321859,0.622613,-1.394173,0.824298,-1.351119,0.003552,-0.984915,0.225964,-1.477344,0.551821,-1.535292,0.783884,-1.430660,-0.054364,-1.043346,0.117193,-1.513642,0.440559,-1.568663,0.667579,-1.470788,-0.088373,-1.072008,0.036376,-1.482651,0.288865,-1.578825,0.501015,-1.534915
O,Right,legacy_asl_O_216,-0.026279,0.025062,0.435364,-0.143885,0.769699,-0.306259,0.917925,-0.597202,0.972277,-0.872093,0.367300,-0.790053,0.573682,-1.000344,0.807857,-1.046706,0.939647,-0.990366,0.260908,-0.888019,0.498633,-1.152282,0.715361,-1.148113,0.889778,-1.102723,0.203772,-0.967795,0.403752,-1.209716,0.614560,-1.289922,0.789133,-1.146826,0.088612,-1.047065,0.289045,-1.300382,0.467700,-1.346029,0.615252,-1.277213
O,Right,legacy_asl_O_217,0.000000,0.000000,0.396217,-0.121575,0.708698,-0.281753,0.883912,-0.535057,0.932354,-0.837764,0.335341,-0.728163,0.543908,-0.938439,0.740768,-0.962608,0.878764,-0.948773,0.254308,-0.830442,0.470840,-1.070630,0.675041,-1.098668,0.836740,-1.033167,0.172270,-0.920756,0.375353,-1.179091,0.581975,-1.186853,0.729079,-1.093415,0.094053,-0.988024,0.266577,-1.241763,0.440131,-1.269209,0.581242,-1.203722
O,Right,legacy_asl_O_218,0.000000,0.000000,0.408801,-0.163452,0.725568,-0.360427,0.888849,-0.643956,0.913588,-0.968669,0.291162,-0.800287,0.493526,-1.041188,0.699815,-1.084038,0.847120,-1.081492,0.196407,-0.901461,0.404580,-1.174727,0.618302,-1.222317,0.795231,-1.167151,0.101636,-0.989879,0.293980,-1.281178,0.512043,-1.307514,0.675970,-1.221494,0.012931,-1.054235,0.173327,-1.337988,0.354656,-1.382263,0.509788,-1.325308
O,Right,legacy_asl_O_219,0.007941,-0.005386,0.397152,-0.144185,0.752924,-0.306845,0.942667,-0.568185,0.982618,-0.906907,0.338107,-0.760198,0.579316,-0.977912,0.782108,-1.005871,0.945632,-0.993828,0.265997,-0.888694,0.489907,-1.098956,0.724383,-1.159884,0.869635,-1.098875,0.199816,-0.959344,0.404180,-1.264147,0.635752,-1.263470,0.759783,-1.157461,0.083633,-1.050855,0.285135,-1.306199,0.465176,-1.329689,0.598006,-1.283346
O,Right,legacy_asl_O_220,0.000000,0.000000,0.427853,-0.131283,0.765284,-0.304249,0.954488,-0.577779,1.006797,-0.904655,0.362116,-0.786302,0.587336,-1.013368,0.799914,-1.039467,0.948928,-1.024527,0.274613,-0.896749,0.508434,-1.156114,0.728939,-1.186391,0.903549,-1.115659,0.186025,-0.994273,0.405323,-1.273235,0.628442,-1.281617,0.787291,-1.180718,0.101562,-1.066912,0.287862,-1.340910,0.475273,-1.370548,0.627651,-1.299832
O,Right,legacy_asl_O_221,0.000000,0.000000,0.425672,-0.112420,0.764080,-0.269328,0.960694,-0.530849,1.024816,-0.850127,0.386510,-0.758844,0.616720,-0.973292,0.826694,-0.990685,0.972591,-0.970208,0.304789,-0.870811,0.544709,-1.116674,0.762637,-1.137866,0.931526,-1.061552,0.221499,-0.970118,0.447905,-1.235809,0.667552,-1.235377,0.819776,-1.130022,0.141297,-1.044803,0.335074,-1.306897,0.520446,-1.328747,0.667482,-1.253313
O,Right,legacy_asl_O_222,-0.000743,0.006900,0.415297,-0.137749,0.746186,-0.296153,0.935805,-0.584697,0.992541,-0.900636,0.372851,-0.774257,0.614117,-0.996863,0.770316,-1.015071,0.923950,-0.996038,0.265671,-0.874130,0.501548,-1.127176,0.728337,-1.167050,0.889775,-1.097293,0.209614,-1.022582,0.391040,-1.240958,0.626516,-1.260361,0.757782,-1.175475,0.092067,-1.050058,0.284693,-1.328694,0.443011,-1.342284,0.612127,-1.257362
O,Right,legacy_asl_O_223,0.000000,0.000000,0.411284,-0.126199,0.735647,-0.292467,0.917524,-0.555404,0.967808,-0.869621,0.348093,-0.755852,0.564590,-0.974125,0.768936,-0.999213,0.912180,-0.984851,0.263978,-0.862021,0.488744,-1.111342,0.700710,-1.140447,0.868558,-1.072454,0.178821,-0.955769,0.389626,-1.223928,0.604105,-1.231985,0.756803,-1.134994,0.097629,-1.025595,0.276714,-1.288982,0.456868,-1.317472,0.603345,-1.249495
O,Right,legacy_asl_O_224,0.000000,0.000000,0.425666,-0.112441,0.764067,-0.269365,0.960668,-0.530895,1.024775,-0.850177,0.386473,-0.758863,0.616673,-0.973322,0.826646,-0.990725,0.972544,-0.970255,0.304747,-0.870826,0.544655,-1.116700,0.762582,-1.137903,0.931475,-1.061597,0.221452,-0.970128,0.447845,-1.235830,0.667492,-1.235409,0.819721,-1.130062,0.141247,-1.044810,0.335011,-1.306913,0.520382,-1.328772,0.667422,-1.253345
O,Right,legacy_asl_O_225,-0.025296,-0.035975,0.414247,-0.209308,0.666712,-0.442286,0.787238,-0.716211,0.750538,-1.018742,-0.026688,-0.880041,0.161094,-1.267947,0.455974,-1.310248,0.632150,-1.151449,-0.134776,-0.948170,0.116044,-1.451130,0.459369,-1.420220,0.649877,-1.249381,-0.232818,-0.980692,0.069891,-1.478478,0.444220,-1.414751,0.659469,-1.169941,-0.282675,-0.963334,0.118193,-1.294358,0.427273,-1.277260,0.590733,-1.088506
O,Right,legacy_asl_O_226,0.000000,0.000000,0.420138,-0.188874,0.687449,-0.467654,0.821909,-0.761782,0.781262,-1.072533,-0.023986,-0.957048,0.142501,-1.358410,0.460222,-1.377080,0.683781,-1.214980,-0.133256,-1.010707,0.112523,-1.503823,0.478912,-1.477146,0.708396,-1.305179,-0.223087,-1.040308,0.085695,-1.553053,0.475980,-1.473988,0.691312,-1.247106,-0.275760,-1.015138,0.106757,-1.388233,0.445245,-1.347636,0.644566,-1.173054
O,Right,legacy_asl_O_227,0.000000,0.000000,0.397206,-0.182269,0.648761,-0.448713,0.774168,-0.728741,0.733327,-1.023257,-0.029776,-0.907789,0.125228,-1.289787,0.426518,-1.309830,0.639801,-1.157684,-0.133835,-0.957894,0.095721,-1.427523,0.443515,-1.404901,0.662491,-1.243437,-0.219276,-0.985318,0.069908,-1.474030,0.440757,-1.401884,0.646710,-1.188217,-0.269063,-0.961053,0.091098,-1.317818,0.412524,-1.281787,0.602904,-1.117620
O,Right,legacy_asl_O_228,-0.007224,-0.013247,0.365352,-0.182626,0.642852,-0.446058,0.774971,-0.719835,0.737999,-1.033243,-0.001386,-0.906284,0.095705,-1.310732,0.424855,-1.302764,0.660254,-1.158713,-0.101229,-0.949009,0.118787,-1.426803,0.448232,-1.393038,0.658058,-1.219148,-0.209892,-0.980276,0.109924,-1.466836,0.443570,-1.391488,0.679015,-1.176095,-0.250708,-0.946174,0.102418,-1.310650,0.403054,-1.302632,0.621535,-1.108029
O,Right,legacy_asl_O_229,0.000000,0.000000,0.386270,-0.173649,0.632032,-0.429956,0.755653,-0.700373,0.718283,-0.986074,-0.022052,-0.879899,0.131014,-1.248906,0.423123,-1.266071,0.628661,-1.117038,-0.122514,-0.929232,0.103452,-1.382597,0.440306,-1.358071,0.651291,-1.199966,-0.205103,-0.956447,0.078787,-1.427858,0.437610,-1.355167,0.635584,-1.146575,-0.253530,-0.933306,0.098151,-1.276324,0.409353,-1.239001,0.592606,-1.078492
O,Right,legacy_asl_O_230,0.000000,0.000000,0.402273,-0.170794,0.661373,-0.429908,0.794765,-0.706222,0.762393,-1.001789,-0.003709,-0.908269,0.162195,-1.285662,0.463936,-1.297049,0.672764,-1.138844,-0.106288,-0.961341,0.136653,-1.424187,0.483654,-1.391593,0.697906,-1.223910,-0.190906,-0.991205,0.112185,-1.471417,0.480810,-1.388656,0.680546,-1.169167,-0.241369,-0.968379,0.128884,-1.314660,0.449143,-1.269419,0.634732,-1.099856
O,Right,legacy_asl_O_231,0.011768,-0.001574,0.403421,-0.202897,0.631854,-0.417584,0.779340,-0.697864,0.726233,-1.031675,-0.022531,-0.913667,0.107231,-1.276599,0.413687,-1.320555,0.625435,-1.149005,-0.121814,-0.978983,0.104391,-1.408418,0.437807,-1.373066,0.685769,-1.242849,-0.225286,-0.984565,0.082504,-1.465745,0.461969,-1.395688,0.656666,-1.180716,-0.269050,-0.938670,0.103243,-1.310408,0.419526,-1.292721,0.608657,-1.094106
O,Right,legacy_asl_O_232,0.000000,0.000000,0.420590,-0.189077,0.688188,-0.468157,0.822792,-0.762601,0.782102,-1.073686,-0.024012,-0.958077,0.142654,-1.359871,0.460717,-1.378560,0.684517,-1.216287,-0.133399,-1.011794,0.112644,-1.505440,0.479427,-1.478734,0.709157,-1.306582,-0.223327,-1.041426,0.085787,-1.554723,0.476492,-1.475573,0.692056,-1.248447,-0.276056,-1.016230,0.106871,-1.389725,0.445724,-1.349085,0.645259,-1.174315
O,Right,legacy_asl_O_233,0.000000,0.000000,0.406114,-0.161448,0.671135,-0.414503,0.810879,-0.687660,0.785349,-0.983896,0.017289,-0.908112,0.191874,-1.281568,0.493797,-1.285977,0.698912,-1.122986,-0.084035,-0.963541,0.169541,-1.420647,0.515696,-1.380040,0.726014,-1.207449,-0.167940,-0.995354,0.146172,-1.468430,0.512785,-1.377169,0.707393,-1.153121,-0.218917,-0.973700,0.159242,-1.311330,0.478370,-1.258696,0.659989,-1.084888
O,Right,legacy_asl_O_234,-0.028162,-0.004200,0.323361,-0.350517,0.543075,-0.585908,0.677818,-0.806743,0.750417,-1.117075,-0.168409,-0.936421,0.106311,-1.271160,0.391726,-1.301193,0.646217,-1.210451,-0.238500,-0.971517,0.051597,-1.391804,0.427762,-1.388751,0.633880,-1.221700,-0.277048,-0.943137,0.042966,-1.397572,0.395705,-1.389974,0.590405,-1.283192,-0.208492,-0.950689,-0.017920,-1.337695,0.289438,-1.407150,0.465130,-1.285301
O,Right,legacy_asl_O_235,0.000000,0.000000,0.323046,-0.283118,0.513472,-0.546034,0.646092,-0.772616,0.701629,-1.025245,-0.138239,-0.878274,0.103017,-1.197798,0.389338,-1.224320,0.597950,-1.145039,-0.227074,-0.894380,0.056765,-1.303163,0.382641,-1.308339,0.603429,-1.181241,-0.246009,-0.900489,0.026707,-1.327800,0.355899,-1.328922,0.566533,-1.194843,-0.192937,-0.893571,0.010354,-1.274277,0.257763,-1.317989,0.445586,-1.234981
O,Right,legacy_asl_O_236,0.000000,0.000000,0.369619,-0.270049,0.596557,-0.531165,0.758708,-0.759168,0.841493,-1.022090,-0.063880,-0.945317,0.222354,-1.261727,0.528782,-1.262868,0.742741,-1.159031,-0.156658,-0.970795,0.183198,-1.377934,0.529599,-1.352685,0.751972,-1.196942,-0.176181,-0.979066,0.153617,-1.406922,0.503155,-1.377056,0.714091,-1.214862,-0.120499,-0.966716,0.131209,-1.351651,0.397954,-1.374709,0.589494,-1.268878
O,Right,legacy_asl_O_237,-0.003180,0.029412,0.347546,-0.317745,0.573320,-0.597517,0.705588,-0.846616,0.763219,-1.093400,-0.099458,-0.937685,0.086852,-1.296672,0.435900,-1.281153,0.641668,-1.221449,-0.260073,-0.938786,0.055936,-1.388107,0.409269,-1.374208,0.639257,-1.269795,-0.243815,-0.978026,0.039200,-1.410673,0.370443,-1.420478,0.578949,-1.267541,-0.191614,-0.958668,0.008689,-1.334796,0.287066,-1.426256,0.450553,-1.328270
O,Right,legacy_asl_O_238,0.000000,0.000000,0.338029,-0.296249,0.537287,-0.571359,0.676058,-0.808451,0.734170,-1.072796,-0.144650,-0.919008,0.107795,-1.253352,0.407396,-1.281105,0.625683,-1.198146,-0.237606,-0.935862,0.059398,-1.363604,0.400388,-1.369020,0.631417,-1.236028,-0.257419,-0.942254,0.027946,-1.389384,0.372406,-1.390558,0.592809,-1.250261,-0.201885,-0.935016,0.010835,-1.333379,0.269719,-1.379118,0.466253,-1.292260
O,Right,legacy_asl_O_239,0.000000,0.000000,0.351149,-0.293664,0.560508,-0.569076,0.707387,-0.807204,0.772783,-1.074981,-0.125622,-0.939108,0.139286,-1.273576,0.444982,-1.294773,0.665280,-1.205164,-0.219869,-0.958458,0.092608,-1.386971,0.439919,-1.384450,0.672010,-1.243598,-0.239891,-0.965434,0.061192,-1.413960,0.411936,-1.407039,0.633037,-1.259000,-0.183520,-0.956755,0.042450,-1.357341,0.307114,-1.397810,0.505171,-1.304744
O,Right,legacy_asl_O_240,-0.003980,0.000220,0.339159,-0.303762,0.554630,-0.592281,0.696665,-0.851331,0.740814,-1.096575,-0.136077,-0.942276,0.113605,-1.277997,0.436555,-1.308897,0.623773,-1.245657,-0.236950,-0.972296,0.035214,-1.404562,0.412495,-1.380324,0.621962,-1.266636,-0.282392,-0.956410,0.018520,-1.437960,0.372452,-1.413997,0.592253,-1.256383,-0.211532,-0.943588,0.032456,-1.372153,0.301525,-1.412483,0.470261,-1.297204
O,Right,legacy_asl_O_241,0.000000,0.000000,0.320539,-0.280921,0.509487,-0.541796,0.641078,-0.766621,0.696184,-1.017289,-0.137166,-0.871458,0.102218,-1.188503,0.386317,-1.214820,0.593310,-1.136153,-0.225312,-0.887440,0.056324,-1.293051,0.379671,-1.298186,0.598747,-1.172075,-0.244100,-0.893502,0.026500,-1.317496,0.353138,-1.318610,0.562137,-1.185572,-0.191440,-0.886637,0.010274,-1.264389,0.255763,-1.307762,0.442128,-1.225398
O,Right,legacy_asl_O_242,0.000000,0.000000,0.327086,-0.320249,0.514245,-0.611202,0.642034,-0.860096,0.686271,-1.132171,-0.198744,-0.926394,0.039172,-1.280571,0.342272,-1.325631,0.568907,-1.253540,-0.294216,-0.938308,-0.016239,-1.389964,0.330204,-1.414636,0.572608,-1.292383,-0.314723,-0.943695,-0.049670,-1.414411,0.300539,-1.434965,0.532549,-1.304687,-0.257845,-0.939455,-0.063923,-1.356499,0.196761,-1.417561,0.401495,-1.340282
O,Right,legacy_asl_O_243,0.017445,0.019922,0.421569,-0.134114,0.744955,-0.398003,0.884535,-0.695849,0.910168,-1.009104,0.358595,-0.835351,0.540582,-1.084949,0.739430,-1.164246,0.894165,-1.136852,0.213326,-0.938805,0.385989,-1.213433,0.614134,-1.274131,0.765766,-1.227949,0.110354,-1.018559,0.230592,-1.364991,0.456373,-1.368697,0.600517,-1.295114,-0.066913,-1.117606,0.032689,-1.400114,0.221499,-1.455126,0.370367,-1.355531
O,Right,legacy_asl_O_244,0.000000,0.000000,0.403702,-0.127601,0.726095,-0.372856,0.846200,-0.682240,0.874444,-0.976776,0.351718,-0.812118,0.510524,-1.065783,0.707719,-1.118383,0.855274,-1.105464,0.223072,-0.893544,0.383470,-1.204608,0.583527,-1.243890,0.747018,-1.189931,0.076199,-0.973365,0.229868,-1.317309,0.435212,-1.336042,0.584638,-1.243914,-0.097612,-1.038369,0.035815,-1.360847,0.215121,-1.386169,0.354756,-1.305874
O,Right,legacy_asl_O_245,0.000000,0.000000,0.430244,-0.090330,0.788575,-0.310585,0.944487,-0.617904,1.003957,-0.919327,0.446922,-0.802948,0.637093,-1.048716,0.846252,-1.082786,0.997384,-1.054265,0.322372,-0.900310,0.520090,-1.205222,0.730837,-1.225237,0.894215,-1.152672,0.178825,-0.997888,0.372971,-1.337464,0.587068,-1.335704,0.731988,-1.225148,0.005920,-1.082927,0.176944,-1.402404,0.364815,-1.410130,0.500835,-1.312807
O,Right,legacy_asl_O_246,-0.022000,0.015889,0.422938,-0.142143,0.749264,-0.401458,0.865293,-0.705407,0.929262,-1.047441,0.379966,-0.856416,0.541549,-1.126565,0.694313,-1.172136,0.859315,-1.160248,0.225406,-0.925237,0.386625,-1.266116,0.634475,-1.270164,0.772841,-1.245083,0.077022,-1.009089,0.235121,-1.368298,0.461183,-1.399887,0.600795,-1.288858,-0.115086,-1.061024,0.037184,-1.439818,0.239033,-1.420682,0.362949,-1.347032
O,Right,legacy_asl_O_247,0.000000,0.000000,0.431973,-0.136537,0.776944,-0.398967,0.905460,-0.730017,0.935681,-1.045180,0.376349,-0.868991,0.546277,-1.140421,0.757281,-1.196704,0.915169,-1.182881,0.238694,-0.956119,0.410325,-1.288968,0.624391,-1.331000,0.799332,-1.273263,0.081536,-1.041531,0.245966,-1.409561,0.465690,-1.429606,0.625581,-1.331027,-0.104448,-1.111087,0.038323,-1.456148,0.230186,-1.483244,0.379600,-1.397326
O,Right,legacy_asl_O_248,0.000000,0.000000,0.424745,-0.113408,0.770672,-0.352673,0.909779,-0.667955,0.952902,-0.972147,0.402956,-0.825888,0.579592,-1.081558,0.786608,-1.126861,0.939059,-1.106534,0.273335,-0.916390,0.454317,-1.231523,0.663677,-1.262878,0.830732,-1.199232,0.124734,-1.006082,0.300278,-1.355637,0.514158,-1.365429,0.664831,-1.262851,-0.052507,-1.081669,0.101033,-1.409907,0.288213,-1.427757,0.429286,-1.337913
O,Right,legacy_asl_O_249,-0.008068,-0.004861,0.418609,-0.126156,0.751273,-0.395750,0.892151,-0.719912,0.884237,-0.990352,0.378577,-0.855406,0.530129,-1.062218,0.752659,-1.138473,0.892241,-1.150234,0.244020,-0.922187,0.372358,-1.264739,0.599206,-1.287739,0.778357,-1.256912,0.098625,-1.002973,0.237303,-1.374978,0.460623,-1.392251,0.607749,-1.284014,-0.088213,-1.069793,0.015822,-1.423307,0.205820,-1.451234,0.366750,-1.352921
O,Right,legacy_asl_O_250,0.000000,0.000000,0.400091,-0.126460,0.719601,-0.369521,0.838631,-0.676138,0.866622,-0.968039,0.348572,-0.804854,0.505958,-1.056251,0.701389,-1.108380,0.847624,-1.095577,0.221077,-0.885552,0.380040,-1.193834,0.578307,-1.232764,0.740337,-1.179288,0.075518,-0.964659,0.227812,-1.305527,0.431320,-1.324092,0.579409,-1.232789,-0.096739,-1.029082,0.035495,-1.348675,0.213197,-1.373771,0.351583,-1.294195
O,Right,legacy_asl_O_251,0.000000,0.000000,0.415812,-0.142724,0.744229,-0.405508,0.861032,-0.729715,0.882858,-1.036173,0.344438,-0.851955,0.502833,-1.119309,0.706190,-1.178925,0.859686,-1.169269,0.208827,-0.933206,0.367414,-1.260182,0.574081,-1.306047,0.745164,-1.254194,0.054338,-1.012327,0.205103,-1.373263,0.417781,-1.397932,0.575234,-1.306101,-0.127738,-1.075383,0.002561,-1.413520,0.188043,-1.444367,0.335032,-1.364570
O,Right,legacy_asl_O_252,-0.012369,-0.014641,0.441209,-0.116308,0.711906,-0.340575,0.907818,-0.534915,0.962763,-0.859119,0.312205,-0.801672,0.525384,-1.051146,0.736945,-1.030325,0.875213,-0.955508,0.278874,-0.871927,0.442162,-1.203241,0.723260,-1.211114,0.919676,-1.087628,0.195727,-0.963739,0.402787,-1.284647,0.683780,-1.278080,0.829542,-1.133240,0.088279,-1.053074,0.279219,-1.389197,0.529941,-1.385362,0.703606,-1.265870
O,Right,legacy_asl_O_253,0.000000,0.000000,0.413449,-0.121680,0.701817,-0.318781,0.847333,-0.554256,0.932644,-0.823168,0.304500,-0.764245,0.483082,-1.018373,0.694315,-1.015564,0.838959,-0.935993,0.245263,-0.847685,0.452499,-1.162690,0.691510,-1.160787,0.865623,-1.033477,0.175862,-0.930490,0.397794,-1.245389,0.654949,-1.225913,0.812552,-1.079735,0.099693,-0.997986,0.280599,-1.311224,0.505589,-1.325746,0.680859,-1.214589
O,Right,legacy_asl_O_254,0.000000,0.000000,0.419519,-0.165811,0.701542,-0.398454,0.831035,-0.657635,0.894618,-0.945994,0.245382,-0.825366,0.407587,-1.107107,0.628046,-1.124088,0.786325,-1.054776,0.175768,-0.906762,0.362104,-1.254663,0.611433,-1.275207,0.804932,-1.158908,0.095618,-0.986539,0.297283,-1.335714,0.567182,-1.339650,0.745250,-1.202126,0.009856,-1.049718,0.168911,-1.393295,0.402077,-1.429640,0.595259,-1.330288
O,Right,legacy_asl_O_255,0.025091,-0.005389,0.423637,-0.128309,0.738675,-0.332010,0.889423,-0.592741,0.936200,-0.873472,0.328000,-0.813818,0.486982,-1.072227,0.729318,-1.077260,0.850100,-0.987519,0.267172,-0.886902,0.472863,-1.221971,0.723793,-1.230118,0.914014,-1.079176,0.184827,-0.982591,0.371373,-1.293315,0.731405,-1.296561,0.877156,-1.121626,0.088590,-1.048939,0.282865,-1.379564,0.526738,-1.390789,0.721700,-1.246770
O,Right,legacy_asl_O_256,0.000000,0.000000,0.461481,-0.135816,0.783351,-0.355815,0.945771,-0.618647,1.040993,-0.918799,0.339875,-0.853031,0.539204,-1.136682,0.774977,-1.133546,0.936424,-1.044732,0.273756,-0.946164,0.505068,-1.297764,0.771846,-1.295641,0.966186,-1.153540,0.196293,-1.038590,0.444007,-1.390072,0.731037,-1.368332,0.906950,-1.205172,0.111275,-1.113926,0.313197,-1.463554,0.564326,-1.479764,0.759957,-1.355694
O,Right,legacy_asl_O_257,0.000000,0.000000,0.434315,-0.121903,0.738714,-0.324389,0.894110,-0.568919,0.986938,-0.849236,0.328752,-0.795841,0.519002,-1.059457,0.740040,-1.053735,0.890374,-0.968552,0.267854,-0.883949,0.488895,-1.210900,0.739016,-1.205761,0.919564,-1.070226,0.196311,-0.971526,0.432730,-1.298174,0.701609,-1.274402,0.864630,-1.119338,0.117482,-1.043169,0.310942,-1.368619,0.546606,-1.380854,0.728577,-1.262210
O,Right,legacy_asl_O_258,-0.006619,-0.001492,0.426623,-0.116802,0.743151,-0.320592,0.874178,-0.574493,0.987705,-0.842415,0.341491,-0.794029,0.538233,-1.045299,0.707873,-1.061022,0.861615,-0.984015,0.251822,-0.880658,0.477369,-1.235408,0.720911,-1.246463,0.895962,-1.091674,0.149504,-0.989962,0.381963,-1.310946,0.664641,-1.277983,0.838138,-1.157733,0.131877,-1.061868,0.289182,-1.366941,0.509377,-1.401925,0.698698,-1.276463
O,Right,legacy_asl_O_259,0.000000,0.000000,0.463034,-0.136273,0.785987,-0.357012,0.948954,-0.620729,1.044496,-0.921891,0.341019,-0.855901,0.541018,-1.140507,0.777585,-1.137361,0.939575,-1.048248,0.274677,-0.949348,0.506767,-1.302131,0.774443,-1.300001,0.969437,-1.157422,0.196953,-1.042084,0.445501,-1.394749,0.733497,-1.372937,0.910002,-1.209228,0.111649,-1.117675,0.314251,-1.468479,0.566225,-1.484743,0.762514,-1.360255
O,Right,legacy_asl_O_260,0.000000,0.000000,0.440609,-0.096711,0.756155,-0.281347,0.925364,-0.516531,1.034167,-0.791042,0.374000,-0.775606,0.579102,-1.027839,0.799444,-1.009408,0.944628,-0.915717,0.318272,-0.867072,0.557759,-1.180764,0.807170,-1.161241,0.979620,-1.015542,0.251886,-0.958621,0.506708,-1.271124,0.773774,-1.231921,0.927603,-1.067734,0.177310,-1.034681,0.389175,-1.348460,0.625153,-1.347116,0.799996,-1.218198
O,Right,legacy_asl_O_261,0.006792,-0.001242,0.377555,-0.204242,0.609750,-0.408776,0.746283,-0.598084,0.739619,-0.871497,0.095328,-0.885795,0.299610,-1.213419,0.574860,-1.168280,0.707823,-1.013392,-0.002453,-0.977772,0.303249,-1.341254,0.591991,-1.216730,0.736727,-1.017971,-0.063405,-0.998093,0.245439,-1.352189,0.585250,-1.198964,0.732375,-0.956491,-0.082617,-0.963749,0.275246,-1.240070,0.541394,-1.156763,0.663287,-0.965038
O,Right,legacy_asl_O_262,0.000000,0.000000,0.390328,-0.205406,0.623328,-0.416964,0.771966,-0.633181,0.776125,-0.902805,0.077191,-0.930533,0.309593,-1.251089,0.579289,-1.204987,0.728568,-1.036315,-0.012608,-0.985047,0.306130,-1.360528,0.617136,-1.256332,0.761907,-1.046591,-0.075283,-1.015329,0.281382,-1.399585,0.602179,-1.242087,0.732037,-0.996829,-0.094017,-0.986148,0.269301,-1.284066,0.548326,-1.185766,0.687895,-0.991192
O,Right,legacy_asl_O_263,0.000000,0.000000,0.385677,-0.191088,0.618020,-0.391925,0.768173,-0.599315,0.778651,-0.862248,0.097465,-0.905945,0.331820,-1.213129,0.593824,-1.161731,0.735437,-0.993627,0.011160,-0.961265,0.331049,-1.319975,0.631969,-1.210919,0.768205,-1.002858,-0.049261,-0.992299,0.307835,-1.358666,0.617038,-1.197379,0.737881,-0.955024,-0.068232,-0.964278,0.293299,-1.246259,0.563161,-1.143717,0.694684,-0.950576
O,Right,legacy_asl_O_264,0.011419,0.011260,0.384149,-0.174452,0.608619,-0.433774,0.734011,-0.632329,0.777468,-0.879004,0.079485,-0.902856,0.302028,-1.228933,0.592898,-1.191694,0.706757,-0.989967,-0.025926,-0.963403,0.294317,-1.344555,0.615018,-1.231203,0.763719,-1.007368,-0.058591,-0.997894,0.271306,-1.363169,0.576762,-1.197022,0.721223,-0.990127,-0.094005,-0.968835,0.272025,-1.239785,0.550723,-1.182610,0.646765,-0.936000
O,Right,legacy_asl_O_265,0.000000,0.000000,0.402126,-0.211615,0.642169,-0.429568,0.795300,-0.652320,0.799584,-0.930093,0.079524,-0.958660,0.318951,-1.288905,0.596798,-1.241409,0.750590,-1.067639,-0.012989,-1.014822,0.315384,-1.401652,0.635790,-1.294306,0.784936,-1.078226,-0.077558,-1.046018,0.289887,-1.441889,0.620380,-1.279631,0.754164,-1.026959,-0.096858,-1.015956,0.277441,-1.322879,0.564900,-1.221608,0.708688,-1.021152
O,Right,legacy_asl_O_266,0.000000,0.000000,0.375961,-0.209559,0.598295,-0.421422,0.738219,-0.635847,0.735940,-0.898979,0.053436,-0.909604,0.272626,-1.227787,0.536813,-1.189150,0.686408,-1.028109,-0.035449,-0.960676,0.266676,-1.334470,0.572529,-1.240129,0.718690,-1.038917,-0.097303,-0.988744,0.241614,-1.371991,0.558272,-1.225881,0.690720,-0.989669,-0.114893,-0.959837,0.232544,-1.259011,0.507059,-1.169671,0.647789,-0.983132
O,Right,legacy_asl_O_267,-0.017035,-0.020012,0.422598,-0.218028,0.605946,-0.418250,0.756711,-0.606497,0.779516,-0.847873,0.067029,-0.914552,0.331809,-1.203659,0.554821,-1.220868,0.735344,-1.039733,-0.045093,-0.967151,0.282508,-1.345855,0.578323,-1.221408,0.737722,-1.020876,-0.080908,-1.000786,0.295482,-1.353668,0.590752,-1.204973,0.693447,-0.961134,-0.085767,-0.965192,0.257400,-1.244874,0.516978,-1.158816,0.700373,-0.970206
O,Right,legacy_asl_O_268,0.000000,0.000000,0.371161,-0.195320,0.592721,-0.396490,0.734060,-0.602089,0.738014,-0.858474,0.073400,-0.884841,0.294391,-1.189656,0.550843,-1.145818,0.692793,-0.985428,-0.011989,-0.936678,0.291098,-1.293721,0.586832,-1.194641,0.724494,-0.995200,-0.071586,-0.965472,0.267565,-1.330860,0.572609,-1.181096,0.696092,-0.947881,-0.089400,-0.937725,0.256078,-1.221014,0.521401,-1.127541,0.654117,-0.942521
O,Right,legacy_asl_O_269,0.000000,0.000000,0.361428,-0.233734,0.569408,-0.459704,0.694987,-0.682834,0.675478,-0.945251,-0.006256,-0.911151,0.191622,-1.243008,0.457773,-1.221757,0.617594,-1.070860,-0.098295,-0.956291,0.178697,-1.349072,0.490073,-1.274966,0.649099,-1.083759,-0.161856,-0.980248,0.151232,-1.384870,0.476779,-1.259815,0.624415,-1.032785,-0.177515,-0.950250,0.149581,-1.271539,0.429358,-1.200371,0.582005,-1.023450
O,Right,legacy_asl_O_270,0.017560,0.008637,0.204441,-0.310240,0.229328,-0.609048,0.322368,-0.857941,0.409712,-1.077760,-0.571120,-0.814493,-0.286177,-1.250421,0.017147,-1.301575,0.258102,-1.214423,-0.563908,-0.834755,-0.210667,-1.326016,0.092370,-1.329225,0.283498,-1.217640,-0.436947,-0.816389,-0.085982,-1.334063,0.201271,-1.277018,0.416664,-1.161676,-0.296928,-0.837983,0.068105,-1.194691,0.349495,-1.209610,0.486002,-1.085630
O,Right,legacy_asl_O_271,0.000000,0.000000,0.209319,-0.339527,0.259134,-0.635463,0.352215,-0.878505,0.434486,-1.107867,-0.591220,-0.833346,-0.294317,-1.321602,0.024721,-1.357581,0.261649,-1.258269,-0.590509,-0.866296,-0.235398,-1.417826,0.099492,-1.386080,0.320469,-1.247479,-0.477280,-0.885778,-0.099402,-1.407118,0.233490,-1.348488,0.429652,-1.188664,-0.285560,-0.903049,0.053065,-1.265778,0.321967,-1.252279,0.499739,-1.150295
O,Right,legacy_asl_O_272,0.000000,0.000000,0.215751,-0.313286,0.277478,-0.592750,0.377860,-0.819747,0.467287,-1.034236,-0.522904,-0.822257,-0.216556,-1.272976,0.089051,-1.291851,0.309924,-1.185828,-0.520637,-0.853607,-0.155795,-1.361783,0.161642,-1.315388,0.365427,-1.172713,-0.411851,-0.866699,-0.026781,-1.345022,0.287456,-1.273117,0.466582,-1.111426,-0.228412,-0.873898,0.111618,-1.203045,0.367086,-1.177212,0.531486,-1.071499
O,Right,legacy_asl_O_273,0.006595,-0.002461,0.186009,-0.350855,0.275387,-0.619962,0.320381,-0.828519,0.426300,-1.059176,-0.564885,-0.756694,-0.280786,-1.262797,0.046393,-1.290634,0.280120,-1.203508,-0.582602,-0.836363,-0.250024,-1.341239,0.096358,-1.322453,0.295073,-1.188202,-0.472533,-0.843945,-0.098921,-1.332515,0.216442,-1.276577,0.425249,-1.157427,-0.279316,-0.888422,0.050256,-1.213213,0.264165,-1.190513,0.487832,-1.125430
O,Right,legacy_asl_O_274,0.000000,0.000000,0.208913,-0.338868,0.258631,-0.634229,0.351531,-0.876799,0.433642,-1.105716,-0.590072,-0.831728,-0.293745,-1.319036,0.024673,-1.354945,0.261141,-1.255826,-0.589363,-0.864614,-0.234941,-1.415073,0.099299,-1.383389,0.319847,-1.245057,-0.476353,-0.884058,-0.099209,-1.404386,0.233036,-1.345869,0.428818,-1.186357,-0.285006,-0.901296,0.052962,-1.263321,0.321342,-1.249847,0.498769,-1.148062
O,Right,legacy_asl_O_275,0.000000,0.000000,0.184849,-0.332457,0.219608,-0.616538,0.297856,-0.852083,0.366392,-1.074131,-0.599032,-0.768568,-0.337124,-1.246480,-0.034715,-1.294451,0.195273,-1.210004,-0.599770,-0.799991,-0.285121,-1.340684,0.035297,-1.324812,0.251774,-1.202249,-0.492730,-0.823410,-0.155096,-1.336319,0.164572,-1.294748,0.358320,-1.150901,-0.310817,-0.848094,-0.003771,-1.208206,0.252996,-1.206886,0.426739,-1.117354
O,Right,legacy_asl_O_276,-0.012734,-0.014224,0.198368,-0.351101,0.259358,-0.619401,0.323195,-0.834378,0.420504,-1.055835,-0.567119,-0.813139,-0.279009,-1.249992,0.014061,-1.265062,0.224762,-1.184341,-0.597492,-0.836966,-0.206444,-1.341599,0.097091,-1.311190,0.324552,-1.192855,-0.450646,-0.820415,-0.074923,-1.342001,0.216067,-1.295655,0.409254,-1.132166,-0.268671,-0.867050,0.026844,-1.174873,0.308919,-1.207122,0.489753,-1.071279
O,Right,legacy_asl_O_277,0.000000,0.000000,0.200230,-0.324785,0.247883,-0.607871,0.336922,-0.840361,0.415621,-1.059764,-0.565549,-0.797163,-0.281538,-1.264218,0.023648,-1.298635,0.250288,-1.203636,-0.564870,-0.828682,-0.225177,-1.356265,0.095172,-1.325897,0.306554,-1.193314,-0.456557,-0.847318,-0.095086,-1.346021,0.223352,-1.289937,0.410997,-1.137053,-0.273161,-0.863839,0.050761,-1.210819,0.307988,-1.197905,0.478041,-1.100350
O,Right,legacy_asl_O_278,0.000000,0.000000,0.179107,-0.335585,0.208977,-0.620222,0.283165,-0.857078,0.347874,-1.080271,-0.612155,-0.758157,-0.358500,-1.240501,-0.056961,-1.293663,0.174444,-1.213182,-0.613432,-0.789563,-0.308124,-1.335584,0.012519,-1.325223,0.231071,-1.206399,-0.506811,-0.814819,-0.178043,-1.333455,0.142292,-1.297386,0.338483,-1.156891,-0.325349,-0.842626,-0.024539,-1.207963,0.232213,-1.211056,0.407469,-1.124525
O,Right,legacy_asl_O_279,0.007201,0.018624,0.458722,-0.178110,0.759467,-0.427550,0.914329,-0.746576,0.991957,-1.107405,0.200826,-0.871349,0.497342,-1.165266,0.746111,-1.170973,0.905058,-1.166152,0.132523,-0.920035,0.402869,-1.311991,0.689138,-1.324859,0.902367,-1.208935,-0.021696,-1.025599,0.240963,-1.436892,0.599935,-1.426646,0.826534,-1.312185,-0.143990,-1.111467,0.076809,-1.525617,0.373425,-1.524505,0.597959,-1.421208
O,Right,legacy_asl_O_280,0.000000,0.000000,0.468415,-0.187174,0.799773,-0.449406,0.968474,-0.765216,1.019687,-1.135054,0.240300,-0.905094,0.502631,-1.202406,0.775756,-1.241773,0.956613,-1.213551,0.132489,-0.997561,0.413062,-1.370116,0.722489,-1.375412,0.951104,-1.256788,-0.004756,-1.093959,0.276035,-1.507297,0.625425,-1.496012,0.870054,-1.349366,-0.150355,-1.170481,0.065075,-1.588141,0.374054,-1.617900,0.635644,-1.486765
O,Right,legacy_asl_O_281,0.000000,0.000000,0.441575,-0.189071,0.750929,-0.446412,0.904191,-0.750979,0.944352,-1.104250,0.207730,-0.867220,0.450557,-1.156352,0.709652,-1.200176,0.882482,-1.177512,0.102947,-0.952742,0.361390,-1.313928,0.655837,-1.326161,0.876232,-1.218544,-0.029949,-1.041322,0.227755,-1.441339,0.560632,-1.438715,0.796922,-1.304794,-0.170334,-1.110787,0.025046,-1.513398,0.318498,-1.548909,0.570575,-1.430149
O,Right,legacy_asl_O_282,0.008195,-0.007453,0.462595,-0.130673,0.760041,-0.415585,0.914697,-0.705605,0.994787,-1.094330,0.234931,-0.856768,0.475315,-1.136436,0.766517,-1.176384,0.894994,-1.165635,0.133238,-0.946494,0.373881,-1.303397,0.677680,-1.304545,0.925980,-1.203614,0.026662,-1.025446,0.276685,-1.422012,0.608682,-1.454335,0.844628,-1.297697,-0.134678,-1.100684,0.058695,-1.490890,0.358063,-1.556872,0.603851,-1.411750
O,Right,legacy_asl_O_283,0.000000,0.000000,0.418120,-0.167076,0.713898,-0.401151,0.864485,-0.683051,0.910199,-1.013179,0.214498,-0.807910,0.448662,-1.073298,0.692459,-1.108438,0.853898,-1.083247,0.118263,-0.890449,0.368709,-1.223001,0.644912,-1.227728,0.848980,-1.121841,-0.004246,-0.976496,0.246396,-1.345452,0.558270,-1.335379,0.776632,-1.204478,-0.134210,-1.044802,0.058088,-1.417615,0.333890,-1.444179,0.567393,-1.327125
O,Right,legacy_asl_O_284,0.000000,0.000000,0.437203,-0.198972,0.740680,-0.463218,0.887041,-0.771160,0.919232,-1.125247,0.188138,-0.871680,0.424388,-1.166210,0.682431,-1.215860,0.855727,-1.197096,0.081454,-0.954820,0.331695,-1.321737,0.625791,-1.340601,0.848555,-1.237978,-0.053403,-1.040383,0.195222,-1.446104,0.528074,-1.450981,0.767322,-1.322418,-0.195318,-1.106667,-0.009059,-1.513579,0.283519,-1.555692,0.538208,-1.442642
O,Right,legacy_asl_O_285,-0.003380,0.008320,0.464390,-0.171995,0.770817,-0.425973,0.949423,-0.740639,0.967980,-1.061878,0.231127,-0.887089,0.455509,-1.129784,0.745649,-1.175063,0.930915,-1.126613,0.139905,-0.952912,0.404416,-1.293662,0.674166,-1.302915,0.895721,-1.169063,-0.015275,-1.063771,0.226325,-1.427628,0.582613,-1.424903,0.810849,-1.277896,-0.148759,-1.136218,0.053278,-1.521251,0.347950,-1.525527,0.598410,-1.413554
O,Right,legacy_asl_O_286,0.000000,0.000000,0.475447,-0.189983,0.811780,-0.456152,0.983013,-0.776703,1.034995,-1.152094,0.243908,-0.918682,0.510177,-1.220457,0.787401,-1.260415,0.970974,-1.231770,0.134478,-1.012537,0.419263,-1.390684,0.733335,-1.396060,0.965382,-1.275655,-0.004828,-1.110382,0.280179,-1.529925,0.634814,-1.518471,0.883115,-1.369623,-0.152612,-1.188053,0.066052,-1.611982,0.379669,-1.642188,0.645187,-1.509085
O,Right,legacy_asl_O_287,0.000000,0.000000,0.456270,-0.150179,0.786718,-0.379806,0.965742,-0.669979,1.036300,-1.018454,0.281942,-0.846009,0.548860,-1.113061,0.810775,-1.134316,0.980997,-1.096792,0.184946,-0.940272,0.473654,-1.277757,0.768056,-1.264482,0.978319,-1.138211,0.060208,-1.040012,0.351536,-1.416246,0.682939,-1.384847,0.906765,-1.230996,-0.073645,-1.121355,0.155818,-1.505564,0.451241,-1.515566,0.692105,-1.375454
O,Right,legacy_asl_O_288,0.011237,0.010708,0.348440,-0.305133,0.489557,-0.636006,0.582365,-0.939867,0.542180,-1.235274,-0.108034,-0.977197,-0.096857,-1.395783,0.217369,-1.403140,0.439161,-1.363169,-0.250080,-0.978585,-0.185965,-1.431794,0.190903,-1.492060,0.410741,-1.340377,-0.322651,-0.967811,-0.265210,-1.424852,0.095125,-1.475137,0.315727,-1.330894,-0.399813,-0.903981,-0.332050,-1.301236,-0.020866,-1.361884,0.152127,-1.262171
O,Right,legacy_asl_O_289,0.000000,0.000000,0.339447,-0.329529,0.510814,-0.665312,0.606187,-0.959943,0.542495,-1.253899,-0.107259,-0.998831,-0.071299,-1.405150,0.223367,-1.435349,0.439820,-1.349226,-0.222171,-0.984100,-0.176325,-1.468781,0.179089,-1.497902,0.416441,-1.358473,-0.333892,-0.955390,-0.281298,-1.455307,0.094744,-1.491643,0.338297,-1.365838,-0.420509,-0.895077,-0.313785,-1.313793,-0.033842,-1.375733,0.175398,-1.294389
O,Right,legacy_asl_O_290,0.000000,0.000000,0.309224,-0.347355,0.453213,-0.688818,0.525641,-0.984499,0.442168,-1.268139,-0.176609,-0.971588,-0.170420,-1.372519,0.116313,-1.423206,0.334686,-1.354253,-0.288216,-0.948926,-0.277940,-1.427390,0.068427,-1.481365,0.311103,-1.361647,-0.395694,-0.912787,-0.379893,-1.406671,-0.013818,-1.469195,0.233964,-1.363278,-0.476300,-0.847458,-0.401620,-1.265605,-0.131593,-1.346358,0.079367,-1.281576
O,Right,legacy_asl_O_291,-0.011391,0.002448,0.315059,-0.330660,0.501644,-0.639990,0.608899,-0.964695,0.539044,-1.212373,-0.114662,-0.997660,-0.066554,-1.395246,0.202846,-1.415318,0.432998,-1.287255,-0.233258,-0.983195,-0.190921,-1.457493,0.201012,-1.463974,0.408299,-1.316425,-0.332871,-0.938856,-0.270683,-1.450779,0.100287,-1.444569,0.336585,-1.331562,-0.431908,-0.874960,-0.313946,-1.281915,-0.050578,-1.339070,0.199806,-1.260529
O,Right,legacy_asl_O_292,0.000000,0.000000,0.318902,-0.309584,0.479897,-0.625044,0.569498,-0.901842,0.509661,-1.178006,-0.100767,-0.938377,-0.066983,-1.320104,0.209848,-1.348475,0.413200,-1.267564,-0.208724,-0.924538,-0.165653,-1.379883,0.168249,-1.407242,0.391236,-1.276251,-0.313683,-0.897565,-0.264273,-1.367225,0.089009,-1.401361,0.317822,-1.283170,-0.395058,-0.840902,-0.294794,-1.234275,-0.031794,-1.292467,0.164782,-1.216047
O,Right,legacy_asl_O_293,0.000000,0.000000,0.302503,-0.353223,0.439915,-0.697386,0.506657,-0.994402,0.417759,-1.276388,-0.195216,-0.968022,-0.196719,-1.368997,0.088989,-1.425175,0.308644,-1.360425,-0.306367,-0.943222,-0.305272,-1.421796,0.039996,-1.482406,0.284924,-1.367365,-0.413132,-0.905028,-0.406808,-1.399125,-0.042000,-1.468660,0.207767,-1.367515,-0.492470,-0.838165,-0.425826,-1.257668,-0.157397,-1.343586,0.054766,-1.282863
O,Right,legacy_asl_O_294,0.001472,-0.016110,0.334302,-0.328769,0.491326,-0.639123,0.619489,-0.929968,0.537172,-1.236809,-0.111166,-0.986196,-0.042129,-1.365832,0.218041,-1.401385,0.433133,-1.316736,-0.214533,-0.966247,-0.157317,-1.457066,0.168420,-1.465855,0.415004,-1.335290,-0.296945,-0.939600,-0.286616,-1.437420,0.094838,-1.466007,0.326099,-1.341824,-0.409587,-0.867060,-0.330739,-1.283009,-0.043775,-1.316031,0.185285,-1.286202
O,Right,legacy_asl_O_295,0.000000,0.000000,0.338306,-0.328421,0.509096,-0.663074,0.604149,-0.956714,0.540671,-1.249681,-0.106898,-0.995472,-0.071059,-1.400424,0.222616,-1.430522,0.438341,-1.344688,-0.221423,-0.980791,-0.175732,-1.463841,0.178486,-1.492864,0.415041,-1.353904,-0.332769,-0.952177,-0.280352,-1.450413,0.094425,-1.486626,0.337160,-1.361244,-0.419094,-0.892066,-0.312730,-1.309374,-0.033728,-1.371106,0.174808,-1.290036
O,Right,legacy_asl_O_296,0.000000,0.000000,0.303087,-0.352722,0.441068,-0.696657,0.508302,-0.993562,0.419871,-1.275695,-0.193614,-0.968343,-0.194453,-1.369321,0.091347,-1.425026,0.310895,-1.359912,-0.304805,-0.943728,-0.302918,-1.422299,0.042449,-1.482337,0.287187,-1.366891,-0.411634,-0.905710,-0.404492,-1.399796,-0.039569,-1.468727,0.210030,-1.367169,-0.491082,-0.838979,-0.423744,-1.258371,-0.155173,-1.343844,0.056889,-1.282770
O,Right,legacy_asl_O_297,0.011064,-0.013002,0.416199,-0.189657,0.705521,-0.438718,0.777571,-0.782811,0.702263,-1.023280,0.503660,-0.903826,0.609423,-1.202486,0.678869,-1.173786,0.726145,-1.050732,0.322419,-0.903226,0.452730,-1.262467,0.557702,-1.226216,0.601276,-1.088065,0.194138,-0.956673,0.256199,-1.289475,0.374238,-1.259374,0.497436,-1.125237,-0.007245,-0.950812,0.045227,-1.200115,0.156371,-1.255727,0.295734,-1.163924
O,Right,legacy_asl_O_298,0.000000,0.000000,0.398122,-0.178346,0.721817,-0.445997,0.789403,-0.783715,0.708383,-1.035998,0.528607,-0.886628,0.634012,-1.221361,0.695232,-1.193867,0.735408,-1.066767,0.348346,-0.944846,0.443668,-1.287472,0.543168,-1.244685,0.612702,-1.088230,0.169151,-0.966912,0.239694,-1.303973,0.373950,-1.285272,0.478415,-1.139976,-0.031076,-0.952035,0.039510,-1.237470,0.173614,-1.268322,0.295604,-1.185724
O,Right,legacy_asl_O_299,0.000000,0.000000,0.388032,-0.185549,0.700515,-0.457295,0.758848,-0.791821,0.672804,-1.038495,0.499274,-0.886861,0.594955,-1.219372,0.655971,-1.193775,0.698687,-1.069485,0.320173,-0.939822,0.405723,-1.279866,0.504844,-1.240133,0.577217,-1.087631,0.143010,-0.957176,0.204273,-1.291128,0.337060,-1.275987,0.443588,-1.135340,-0.053977,-0.937603,0.008595,-1.220670,0.140017,-1.254368,0.262281,-1.175947
