label,handedness,timestamp,x0,y0,x1,y1,x2,y2,x3,y3,x4,y4,x5,y5,x6,y6,x7,y7,x8,y8,x9,y9,x10,y10,x11,y11,x12,y12,x13,y13,x14,y14,x15,y15,x16,y16,x17,y17,x18,y18,x19,y19,x20,y20
T,Right,legacy_asl_T_0,0.000000,0.000000,0.413926,-0.039464,0.866609,-0.308778,1.040641,-0.711198,1.059868,-1.039276,0.655036,-0.922453,0.624339,-1.259383,0.532040,-1.376599,0.447366,-1.383601,0.341409,-0.939163,0.292422,-1.215891,0.285538,-0.805561,0.351507,-0.682763,0.070938,-0.918039,-0.003703,-1.114945,0.025790,-0.718042,0.086381,-0.599988,-0.209551,-0.857685,-0.254123,-1.025081,-0.219073,-0.708150,-0.176331,-0.576560
T,Right,legacy_asl_T_1,0.000000,0.000000,0.439165,-0.209387,0.796888,-0.547000,0.924257,-0.904168,0.994947,-1.216078,0.420037,-0.994949,0.437468,-1.298155,0.426857,-1.300109,0.392598,-1.194120,0.133933,-0.990458,0.179824,-1.224856,0.196646,-0.853256,0.202757,-0.570965,-0.139561,-0.917919,-0.095145,-1.134172,-0.045524,-0.757554,-0.026906,-0.504699,-0.430333,-0.793072,-0.368659,-0.993450,-0.281281,-0.726721,-0.247989,-0.531099
T,Right,legacy_asl_T_2,0.000000,0.000000,0.493195,-0.118748,0.910974,-0.434239,1.029198,-0.779352,1.111969,-1.066187,0.611509,-0.911171,0.578448,-1.207486,0.471970,-1.268246,0.364187,-1.228542,0.301749,-0.953300,0.247778,-1.164354,0.179241,-0.816877,0.158525,-0.493598,0.021992,-0.927948,-0.040931,-1.093825,-0.065407,-0.737666,-0.051263,-0.450871,-0.251144,-0.848310,-0.287095,-1.018513,-0.276968,-0.740579,-0.241150,-0.509547
T,Right,legacy_asl_T_3,0.000000,0.000000,0.462785,0.009040,0.953496,-0.116706,1.255142,-0.449766,1.335102,-0.798839,0.798403,-0.754414,0.869776,-1.092050,0.843112,-1.219369,0.836472,-1.310834,0.515384,-0.856815,0.573827,-1.147004,0.472125,-0.755948,0.502759,-0.642076,0.238507,-0.902171,0.274025,-1.147429,0.191837,-0.743296,0.207180,-0.618558,-0.068019,-0.910346,-0.024896,-1.111019,-0.065127,-0.793838,-0.062287,-0.641967
T,Right,legacy_asl_T_4,0.000000,0.000000,0.479279,-0.164365,0.898973,-0.309082,1.131576,-0.643713,1.178081,-0.973598,0.653419,-0.868064,0.665671,-1.195503,0.640170,-1.324146,0.605511,-1.356517,0.381320,-0.918346,0.401827,-1.192683,0.365994,-0.821530,0.389470,-0.687387,0.121116,-0.905674,0.121201,-1.152145,0.110612,-0.781999,0.125068,-0.647004,-0.170617,-0.837161,-0.149283,-1.070908,-0.115824,-0.787166,-0.092110,-0.631027
T,Right,legacy_asl_T_5,0.000000,0.000000,0.415079,0.081282,0.922478,-0.100220,1.216639,-0.472245,1.312567,-0.799572,0.816038,-0.782441,0.857983,-1.105018,0.786349,-1.237879,0.721711,-1.281483,0.510902,-0.858508,0.544895,-1.142385,0.437328,-0.719732,0.483064,-0.600732,0.239672,-0.891103,0.237779,-1.116331,0.162037,-0.700336,0.201290,-0.569325,-0.044440,-0.889050,-0.055367,-1.037757,-0.091234,-0.716170,-0.060561,-0.587858
T,Right,legacy_asl_T_6,0.000000,0.000000,-0.129725,-0.040899,-0.313197,-0.475183,-0.319644,-1.149748,-0.217130,-1.725381,-0.644452,-0.112338,-0.580489,-1.031734,-0.352106,-1.255576,-0.303836,-1.416947,-0.964904,-0.245306,-0.767729,-1.323361,-0.499430,-1.393021,-0.531896,-1.433781,-1.267273,-0.452510,-1.025658,-1.498697,-0.756125,-1.449705,-0.802550,-1.364101,-1.564802,-0.735764,-1.397878,-1.510532,-1.144705,-1.426464,-1.133551,-1.260964
T,Right,legacy_asl_T_7,0.000000,0.000000,0.441468,-0.143363,0.842312,-0.448202,1.002428,-0.815976,1.070444,-1.148919,0.533933,-0.944191,0.532991,-1.301760,0.461745,-1.402269,0.361268,-1.388819,0.249291,-0.967263,0.266911,-1.258394,0.248682,-0.866788,0.235640,-0.569292,-0.020790,-0.916949,-0.003257,-1.175602,0.012149,-0.779441,0.014965,-0.516535,-0.312920,-0.809449,-0.262335,-1.042808,-0.210775,-0.762359,-0.193915,-0.556003
T,Right,legacy_asl_T_8,0.000000,0.000000,0.425442,-0.108122,0.854686,-0.292940,1.093532,-0.643529,1.172769,-0.967362,0.695434,-0.892228,0.695632,-1.239370,0.600619,-1.398114,0.471059,-1.476892,0.392457,-0.919747,0.357882,-1.213354,0.317692,-0.801743,0.375808,-0.656894,0.121803,-0.910850,0.071489,-1.161667,0.074491,-0.775846,0.123777,-0.638789,-0.156366,-0.862774,-0.197340,-1.081321,-0.165544,-0.784256,-0.123064,-0.640599
T,Right,legacy_asl_T_9,0.000000,0.000000,0.474612,-0.101186,0.915244,-0.285990,1.119023,-0.639779,1.179349,-0.975472,0.609633,-0.901501,0.650299,-1.265205,0.663647,-1.383277,0.661267,-1.383710,0.327363,-0.944858,0.427795,-1.209101,0.388117,-0.803128,0.384081,-0.660075,0.077347,-0.933446,0.150724,-1.152016,0.142755,-0.750962,0.127126,-0.610313,-0.205910,-0.878806,-0.125813,-1.080212,-0.089863,-0.776934,-0.104230,-0.637889
T,Right,legacy_asl_T_10,0.000000,0.000000,0.443100,-0.048794,0.878988,-0.325655,1.125515,-0.647986,1.356291,-0.900390,0.662403,-0.856202,0.742998,-1.211074,0.699539,-1.249527,0.622754,-1.123676,0.366441,-0.924506,0.409466,-1.159751,0.333574,-0.785096,0.293981,-0.447225,0.080282,-0.925396,0.120260,-1.094194,0.074193,-0.698669,0.060678,-0.400686,-0.215071,-0.877331,-0.150247,-1.069337,-0.139280,-0.776067,-0.126954,-0.538503
T,Right,legacy_asl_T_11,0.000000,0.000000,0.468136,-0.035176,0.958917,-0.163265,1.225536,-0.522022,1.274336,-0.854564,0.817489,-0.770219,0.843201,-1.104697,0.777268,-1.190400,0.737453,-1.243060,0.522466,-0.852400,0.552917,-1.157559,0.464795,-0.774099,0.502131,-0.631632,0.260407,-0.884696,0.254078,-1.143852,0.191628,-0.750111,0.210086,-0.595380,-0.036072,-0.876031,-0.019961,-1.090139,-0.052408,-0.781675,-0.044379,-0.622525
T,Right,legacy_asl_T_12,0.000000,0.000000,-0.401074,-0.419806,-0.909512,-0.686714,-1.239542,-0.902842,-1.324679,-1.111903,-1.079894,-0.049401,-0.986688,-0.275000,-0.749894,-0.367919,-0.575956,-0.423180,-0.915400,0.334582,-0.786539,0.204576,-0.594511,0.154671,-0.449459,0.134318,-0.687357,0.628840,-0.629144,0.571999,-0.470778,0.511507,-0.324862,0.481677,-0.460050,0.848985,-0.412015,0.821109,-0.276637,0.744063,-0.162906,0.674454
T,Right,legacy_asl_T_13,0.000000,0.000000,0.408704,0.015096,0.899654,-0.223636,1.149753,-0.620480,1.199845,-0.932040,0.720983,-0.896895,0.672314,-1.246433,0.545278,-1.397812,0.417909,-1.483617,0.389394,-0.918285,0.309787,-1.225946,0.268130,-0.770540,0.362602,-0.623402,0.106588,-0.912706,0.008338,-1.160451,0.015986,-0.749151,0.093757,-0.606340,-0.173987,-0.863449,-0.254788,-1.060980,-0.226582,-0.742215,-0.164140,-0.598284
T,Right,legacy_asl_T_14,0.000000,0.000000,0.413469,-0.161896,0.790390,-0.538839,0.910549,-0.915966,1.005879,-1.233794,0.403817,-0.978046,0.443582,-1.255306,0.474123,-1.365420,0.495890,-1.367357,0.132456,-0.991091,0.230578,-1.255295,0.223171,-0.903427,0.197233,-0.615739,-0.135244,-0.946197,-0.039023,-1.189902,-0.015420,-0.825362,-0.030942,-0.556406,-0.434989,-0.852690,-0.307976,-1.082218,-0.237758,-0.820124,-0.236940,-0.594389
T,Right,legacy_asl_T_15,0.000000,0.000000,0.476243,-0.107929,0.914157,-0.406849,1.052576,-0.759145,1.144968,-1.062967,0.616478,-0.903390,0.621441,-1.198586,0.553910,-1.246926,0.482588,-1.208422,0.299478,-0.954026,0.331682,-1.185961,0.272500,-0.808123,0.243264,-0.489688,-0.001616,-0.929069,0.015161,-1.134047,-0.001902,-0.734535,-0.003165,-0.436808,-0.325545,-0.853512,-0.282589,-1.023407,-0.247076,-0.709904,-0.219211,-0.472389
T,Right,legacy_asl_T_16,0.000000,0.000000,0.422557,-0.076468,0.817163,-0.399729,0.939013,-0.748306,0.998724,-1.053533,0.579521,-0.926139,0.519401,-1.200713,0.381566,-1.247839,0.261155,-1.199075,0.276362,-0.959334,0.222902,-1.153314,0.152739,-0.783835,0.142822,-0.495719,-0.006600,-0.925851,-0.084389,-1.109986,-0.101017,-0.744168,-0.075989,-0.489758,-0.287771,-0.832540,-0.331204,-0.983881,-0.299903,-0.715192,-0.248259,-0.528970
T,Right,legacy_asl_T_17,0.000000,0.000000,0.498091,-0.095261,0.960874,-0.322658,1.285751,-0.610813,1.519607,-0.881671,0.644798,-0.898575,0.682153,-1.285266,0.607396,-1.395291,0.522456,-1.363446,0.334292,-0.940922,0.334525,-1.229347,0.261569,-0.858919,0.268406,-0.562696,0.035434,-0.917893,0.018519,-1.143589,-0.020790,-0.743006,-0.000774,-0.466281,-0.272367,-0.854082,-0.283542,-1.062308,-0.255795,-0.755569,-0.204329,-0.527235
T,Right,legacy_asl_T_18,0.000000,0.000000,0.501083,-0.079096,0.976269,-0.322151,1.286025,-0.607299,1.530427,-0.871156,0.640711,-0.886130,0.683770,-1.241288,0.630326,-1.374134,0.570423,-1.379165,0.335458,-0.941232,0.372181,-1.209919,0.299530,-0.863247,0.282032,-0.565837,0.026948,-0.925062,0.041831,-1.156808,0.003756,-0.769042,0.016930,-0.483398,-0.286494,-0.860672,-0.257530,-1.082880,-0.228893,-0.791511,-0.190312,-0.551677
T,Right,legacy_asl_T_19,0.000000,0.000000,0.406148,-0.102230,0.803754,-0.428632,0.982566,-0.790443,1.093775,-1.112163,0.469766,-0.961834,0.526801,-1.310743,0.598925,-1.351577,0.614933,-1.200332,0.185028,-0.977453,0.348830,-1.210056,0.307434,-0.815222,0.248876,-0.576897,-0.088620,-0.932856,0.080390,-1.146189,0.083832,-0.769173,0.024545,-0.563143,-0.401850,-0.843115,-0.226295,-0.998047,-0.157810,-0.717050,-0.179694,-0.555475
T,Right,legacy_asl_T_20,0.000000,0.000000,0.483643,-0.033951,0.941939,-0.280481,1.195470,-0.599956,1.263752,-0.901857,0.730790,-0.823530,0.705189,-1.152291,0.685401,-1.287362,0.657017,-1.425873,0.442558,-0.896370,0.459360,-1.263414,0.404352,-1.028229,0.369384,-0.853149,0.169548,-0.875173,0.182526,-1.211677,0.165489,-0.973677,0.138117,-0.789034,-0.095563,-0.795683,-0.079803,-1.093930,-0.081737,-0.914771,-0.081644,-0.756747
T,Right,legacy_asl_T_21,0.000000,0.000000,0.424133,0.016696,0.945214,-0.244185,1.237236,-0.542924,1.423372,-0.830044,0.680413,-0.799873,0.776864,-1.097909,0.823418,-1.281535,0.829096,-1.348198,0.373927,-0.919898,0.528724,-1.239565,0.427049,-0.883924,0.315894,-0.581782,0.048769,-0.946656,0.176510,-1.268358,0.109558,-0.895297,0.030598,-0.612439,-0.298066,-0.904408,-0.194893,-1.127578,-0.176966,-0.851197,-0.206261,-0.626660
T,Right,legacy_asl_T_22,0.000000,0.000000,0.457588,-0.115302,0.871817,-0.433207,1.022986,-0.787999,1.075106,-1.110754,0.541995,-0.954025,0.506675,-1.234159,0.411652,-1.379593,0.306598,-1.465764,0.236632,-0.970529,0.197743,-1.221488,0.176318,-0.864003,0.173733,-0.564349,-0.051817,-0.912511,-0.101352,-1.155235,-0.073324,-0.777109,-0.044288,-0.494238,-0.337186,-0.791160,-0.365705,-1.010678,-0.300185,-0.734691,-0.243163,-0.513704
T,Right,legacy_asl_T_23,0.000000,0.000000,0.500402,-0.023330,0.928974,-0.243363,1.187266,-0.573816,1.300906,-0.876657,0.631691,-0.905116,0.690322,-1.320816,0.633107,-1.376516,0.597182,-1.313180,0.305999,-0.945307,0.378024,-1.254780,0.330415,-0.831809,0.282313,-0.697175,0.014462,-0.928763,0.096918,-1.153930,0.058388,-0.753247,0.007610,-0.649815,-0.286573,-0.857651,-0.195982,-1.040774,-0.181859,-0.750920,-0.196054,-0.635134
T,Right,legacy_asl_T_24,0.000000,0.000000,0.416544,-0.082745,0.835955,-0.352137,1.067000,-0.661867,1.226783,-0.935606,0.597683,-0.884734,0.667076,-1.230914,0.657043,-1.313875,0.615336,-1.285474,0.321026,-0.941634,0.408552,-1.223967,0.340869,-0.864012,0.283270,-0.619264,0.043841,-0.921083,0.093456,-1.148386,0.081734,-0.791673,0.057452,-0.598048,-0.255116,-0.844693,-0.193429,-1.023763,-0.146740,-0.755225,-0.141012,-0.603364
T,Right,legacy_asl_T_25,0.000000,0.000000,0.469663,-0.048594,0.938182,-0.220745,1.191015,-0.565604,1.240806,-0.890417,0.677737,-0.840597,0.741223,-1.196242,0.764519,-1.336113,0.763432,-1.359307,0.402815,-0.915266,0.501130,-1.178807,0.431237,-0.786631,0.420029,-0.632209,0.144202,-0.920778,0.212553,-1.148903,0.180953,-0.761659,0.153040,-0.608536,-0.155429,-0.887504,-0.071012,-1.096444,-0.058805,-0.793333,-0.085885,-0.647328
T,Right,legacy_asl_T_26,0.000000,0.000000,0.441758,-0.006839,0.893953,-0.220664,1.179096,-0.533413,1.342036,-0.820724,0.668222,-0.865495,0.700687,-1.199916,0.658605,-1.322843,0.657874,-1.381700,0.376833,-0.926102,0.411923,-1.237244,0.336680,-0.822704,0.353010,-0.715496,0.084494,-0.933523,0.121969,-1.169859,0.070822,-0.772265,0.077997,-0.683329,-0.223794,-0.898544,-0.173897,-1.089144,-0.178721,-0.796899,-0.170039,-0.683734
T,Right,legacy_asl_T_27,0.000000,0.000000,0.457342,-0.179620,0.837208,-0.518941,1.056496,-0.870112,1.221931,-1.164250,0.448693,-0.998126,0.436227,-1.402246,0.409517,-1.415712,0.387258,-1.280189,0.153554,-0.987041,0.157347,-1.273936,0.176671,-0.891103,0.221797,-0.575853,-0.127415,-0.916790,-0.110144,-1.162210,-0.060063,-0.765571,-0.009131,-0.476831,-0.414882,-0.801917,-0.388149,-1.033113,-0.304994,-0.747407,-0.239938,-0.517155
T,Right,legacy_asl_T_28,0.000000,0.000000,0.420240,-0.130323,0.843746,-0.422006,1.041636,-0.740627,1.129147,-1.050844,0.484504,-0.944647,0.532237,-1.248063,0.584705,-1.316752,0.599296,-1.230417,0.192956,-0.980514,0.334858,-1.279272,0.293621,-0.893692,0.216094,-0.648876,-0.100076,-0.938420,0.020459,-1.197800,0.017006,-0.821448,-0.040897,-0.625208,-0.424729,-0.829446,-0.307822,-1.046204,-0.240981,-0.765303,-0.256690,-0.600472
T,Right,legacy_asl_T_29,0.000000,0.000000,0.448372,0.038972,0.939136,-0.131371,1.247751,-0.491796,1.356574,-0.793428,0.768026,-0.793857,0.822621,-1.108835,0.815692,-1.236929,0.781885,-1.286413,0.478613,-0.878022,0.544659,-1.138677,0.449420,-0.716606,0.469999,-0.594206,0.206036,-0.897559,0.254859,-1.113345,0.210116,-0.719954,0.208812,-0.599578,-0.078065,-0.874170,-0.036016,-1.060918,-0.037946,-0.759618,-0.047276,-0.651143
T,Right,legacy_asl_T_30,0.000000,0.000000,0.462713,-0.128677,0.883515,-0.413382,1.094633,-0.779032,1.218677,-1.096509,0.580638,-0.917995,0.584025,-1.286942,0.520309,-1.406532,0.426910,-1.407789,0.284045,-0.958627,0.307488,-1.241161,0.259990,-0.843164,0.249425,-0.537998,0.008136,-0.926737,0.030243,-1.186787,0.014598,-0.782155,0.020463,-0.501097,-0.281767,-0.841417,-0.237086,-1.060164,-0.211342,-0.758210,-0.186459,-0.530318
T,Right,legacy_asl_T_31,0.000000,0.000000,0.443128,-0.015373,0.900133,-0.222248,1.197006,-0.544480,1.341457,-0.849859,0.653997,-0.870422,0.688173,-1.230944,0.654320,-1.337964,0.633352,-1.357261,0.365271,-0.929682,0.421718,-1.240396,0.344196,-0.840574,0.359257,-0.730995,0.083549,-0.927656,0.121247,-1.175603,0.069390,-0.781519,0.072629,-0.668454,-0.218927,-0.882745,-0.173567,-1.071211,-0.172959,-0.777805,-0.173796,-0.653516
T,Right,legacy_asl_T_32,0.000000,0.000000,0.499841,-0.059990,0.990306,-0.280309,1.233918,-0.616274,1.328389,-0.957709,0.662002,-0.880718,0.726522,-1.276775,0.702392,-1.390092,0.661229,-1.361583,0.362181,-0.931642,0.393231,-1.229631,0.333883,-0.882488,0.324977,-0.568211,0.071115,-0.920603,0.106696,-1.185008,0.088507,-0.807528,0.093056,-0.494682,-0.237493,-0.861040,-0.189548,-1.083498,-0.149305,-0.815938,-0.113381,-0.563014
T,Right,legacy_asl_T_33,0.000000,0.000000,0.456373,0.001405,0.952022,-0.141941,1.239290,-0.501057,1.319986,-0.836087,0.812582,-0.787124,0.843210,-1.146596,0.799276,-1.245477,0.748133,-1.290558,0.506150,-0.862337,0.561566,-1.151817,0.473088,-0.733254,0.495952,-0.641734,0.229431,-0.895789,0.243072,-1.143248,0.190120,-0.726936,0.205480,-0.619078,-0.070847,-0.885135,-0.054735,-1.090950,-0.071405,-0.775416,-0.072913,-0.645187
T,Right,legacy_asl_T_34,0.000000,0.000000,0.529206,-0.093739,0.976770,-0.501357,1.273583,-0.863621,1.455244,-1.178141,0.634194,-0.947780,0.675166,-1.319606,0.679681,-1.367952,0.662365,-1.335320,0.179054,-0.948101,0.348805,-1.145501,0.400659,-0.517645,0.334725,-0.144989,-0.246328,-0.843876,-0.072735,-1.074364,-0.007401,-0.458342,-0.068319,-0.147618,-0.635256,-0.648517,-0.491946,-0.816602,-0.397466,-0.384537,-0.432477,-0.154864
T,Right,legacy_asl_T_35,0.000000,0.000000,0.491123,-0.127819,0.905618,-0.211602,1.211526,-0.496154,1.332785,-0.828644,0.821097,-0.790564,0.830743,-1.153428,0.782593,-1.310661,0.723608,-1.431141,0.542390,-0.836528,0.549841,-1.132482,0.474093,-0.766441,0.523990,-0.653564,0.277382,-0.851168,0.270349,-1.126825,0.221535,-0.763386,0.276332,-0.651972,0.018316,-0.816769,0.016538,-1.072299,0.014269,-0.795224,0.047319,-0.644216
T,Right,legacy_asl_T_36,0.000000,0.000000,0.447036,-0.043971,0.887411,-0.245872,1.169146,-0.540419,1.318776,-0.834334,0.658638,-0.875662,0.702452,-1.225113,0.651689,-1.331178,0.615136,-1.330456,0.364969,-0.930664,0.405471,-1.242896,0.340944,-0.851729,0.346387,-0.725460,0.076852,-0.930342,0.126992,-1.175518,0.073423,-0.804186,0.066075,-0.699852,-0.227890,-0.889972,-0.165604,-1.092868,-0.168943,-0.818150,-0.167100,-0.697750
T,Right,legacy_asl_T_37,0.000000,0.000000,0.446111,-0.195189,0.809998,-0.520525,0.959814,-0.872830,1.055822,-1.166874,0.468021,-0.960783,0.528256,-1.299460,0.536378,-1.322918,0.509893,-1.224781,0.210976,-0.977472,0.293246,-1.246409,0.271823,-0.893203,0.244977,-0.599783,-0.044028,-0.932295,0.034036,-1.180226,0.040127,-0.820059,0.031571,-0.546820,-0.328120,-0.839483,-0.223516,-1.048689,-0.167744,-0.795781,-0.155422,-0.579549
T,Right,legacy_asl_T_38,0.000000,0.000000,0.420613,-0.063639,0.908569,-0.340641,1.168446,-0.659160,1.357540,-0.935660,0.612457,-0.859202,0.678963,-1.154510,0.693515,-1.272488,0.678726,-1.262190,0.313547,-0.946339,0.450663,-1.265602,0.361971,-0.903956,0.283835,-0.629690,0.009752,-0.945891,0.125782,-1.276182,0.081498,-0.882572,0.020530,-0.618951,-0.325578,-0.883571,-0.214740,-1.145535,-0.179540,-0.858130,-0.199662,-0.646277
T,Right,legacy_asl_T_39,0.000000,0.000000,0.487089,-0.105293,0.921976,-0.242081,1.203148,-0.545960,1.349104,-0.843775,0.696509,-0.847252,0.748948,-1.196113,0.760489,-1.312002,0.779656,-1.380211,0.436868,-0.899223,0.531988,-1.170421,0.470161,-0.781549,0.493770,-0.669970,0.184090,-0.902832,0.258711,-1.154807,0.223580,-0.768190,0.228496,-0.661616,-0.089528,-0.855472,-0.028556,-1.098902,0.000943,-0.805651,-0.013816,-0.671644
T,Right,legacy_asl_T_40,0.000000,0.000000,0.454372,-0.177292,0.862329,-0.535512,0.994098,-0.902223,1.057719,-1.215448,0.529388,-0.965132,0.469703,-1.302882,0.393012,-1.363444,0.334410,-1.301800,0.245758,-0.969276,0.193095,-1.237413,0.139111,-0.895863,0.132160,-0.578168,-0.022636,-0.917286,-0.086135,-1.164096,-0.083947,-0.803307,-0.052402,-0.515460,-0.300524,-0.812235,-0.337570,-1.035666,-0.295721,-0.759631,-0.244859,-0.530482
T,Right,legacy_asl_T_41,0.000000,0.000000,0.448323,-0.070675,0.875339,-0.245508,1.169496,-0.563812,1.269746,-0.885826,0.644743,-0.892342,0.676379,-1.287573,0.649459,-1.362887,0.607390,-1.304038,0.359792,-0.933033,0.406550,-1.215742,0.354487,-0.828270,0.380426,-0.728620,0.088346,-0.908049,0.117253,-1.117820,0.095318,-0.762174,0.119411,-0.688073,-0.202281,-0.832951,-0.169947,-1.006865,-0.138057,-0.747332,-0.108270,-0.646455
T,Right,legacy_asl_T_42,0.000000,0.000000,0.411678,-0.110333,0.823234,-0.339899,1.051699,-0.626929,1.183771,-0.893030,0.556373,-0.902888,0.644673,-1.273901,0.664787,-1.325836,0.623764,-1.275609,0.299894,-0.948493,0.389686,-1.199458,0.332759,-0.828957,0.268179,-0.606083,0.032710,-0.918692,0.095775,-1.171860,0.079809,-0.801252,0.035085,-0.599402,-0.267980,-0.844425,-0.212018,-1.031896,-0.165475,-0.742994,-0.172529,-0.565098
T,Right,legacy_asl_T_43,0.000000,0.000000,0.371336,-0.215757,0.702061,-0.577921,0.803532,-0.927618,0.880977,-1.226291,0.318694,-1.020128,0.361190,-1.320565,0.363790,-1.285271,0.355013,-1.156607,0.058512,-0.997955,0.141720,-1.227335,0.154433,-0.885825,0.151257,-0.614716,-0.197008,-0.920329,-0.123389,-1.146841,-0.075092,-0.811401,-0.063641,-0.562143,-0.477239,-0.800522,-0.370345,-1.010665,-0.280959,-0.778073,-0.262311,-0.584326
T,Right,legacy_asl_T_44,0.000000,0.000000,0.473637,-0.103907,0.923859,-0.406592,1.173610,-0.756574,1.316168,-1.071057,0.624264,-0.897701,0.633970,-1.246091,0.547777,-1.305251,0.435236,-1.241410,0.327535,-0.940422,0.322705,-1.197441,0.259483,-0.815331,0.229843,-0.499493,0.047407,-0.915743,0.024017,-1.158353,0.009387,-0.762644,0.021186,-0.479357,-0.243716,-0.837308,-0.244826,-1.047547,-0.213288,-0.763587,-0.173349,-0.545165
T,Right,legacy_asl_T_45,0.000000,0.000000,0.465626,-0.009805,0.824000,-0.367740,0.977458,-0.773213,1.060478,-1.132576,0.613275,-0.904528,0.592468,-1.313539,0.417935,-1.400612,0.231929,-1.375028,0.271694,-0.958228,0.190267,-1.186628,0.108938,-0.736905,0.101912,-0.384295,-0.053892,-0.922325,-0.123971,-1.182383,-0.163570,-0.712695,-0.142404,-0.366484,-0.354545,-0.818685,-0.417476,-1.039596,-0.416029,-0.708632,-0.367972,-0.438293
T,Right,legacy_asl_T_46,0.000000,0.000000,0.521029,-0.042631,1.031641,-0.245607,1.314895,-0.559412,1.446602,-0.892187,0.750709,-0.837434,0.783454,-1.241617,0.712378,-1.290136,0.628182,-1.176470,0.444608,-0.894446,0.440064,-1.179776,0.355784,-0.832542,0.367336,-0.544226,0.151688,-0.893860,0.145654,-1.161329,0.091097,-0.804298,0.112721,-0.531996,-0.151757,-0.841910,-0.158483,-1.038473,-0.145647,-0.774080,-0.090556,-0.557294
T,Right,legacy_asl_T_47,0.000000,0.000000,0.466270,-0.091910,0.908892,-0.329474,1.149549,-0.663867,1.295246,-0.975875,0.668863,-0.881373,0.681646,-1.277634,0.590426,-1.325982,0.487886,-1.240002,0.359668,-0.929119,0.330623,-1.204222,0.253001,-0.830528,0.257507,-0.561967,0.067716,-0.919930,0.026824,-1.170701,-0.014239,-0.779853,0.004373,-0.535918,-0.233036,-0.865884,-0.244792,-1.093527,-0.245108,-0.795607,-0.216177,-0.594449
T,Right,legacy_asl_T_48,0.000000,0.000000,0.444909,-0.119168,0.871212,-0.299366,1.108243,-0.635855,1.178063,-0.972505,0.725789,-0.862338,0.728065,-1.193897,0.661887,-1.337281,0.577529,-1.382140,0.424056,-0.905528,0.397751,-1.186528,0.355540,-0.802538,0.402093,-0.674222,0.144345,-0.900008,0.106737,-1.143654,0.094819,-0.759339,0.129736,-0.641217,-0.149381,-0.846416,-0.154998,-1.070129,-0.140922,-0.771569,-0.118667,-0.626714
T,Right,legacy_asl_T_49,0.000000,0.000000,0.458829,-0.013415,0.941308,-0.151979,1.214768,-0.511378,1.308403,-0.856039,0.811318,-0.791614,0.854819,-1.144792,0.807230,-1.289996,0.722102,-1.326908,0.500070,-0.865833,0.520068,-1.167082,0.429939,-0.762763,0.469780,-0.626192,0.225573,-0.896342,0.214452,-1.142621,0.164903,-0.744522,0.188206,-0.613470,-0.070866,-0.888730,-0.058657,-1.104737,-0.087149,-0.797299,-0.086526,-0.659232
T,Right,legacy_asl_T_50,0.000000,0.000000,0.460994,-0.081303,0.915820,-0.372952,1.140797,-0.711314,1.241690,-1.036112,0.612219,-0.886586,0.617851,-1.191683,0.576226,-1.335465,0.536713,-1.371420,0.325827,-0.945183,0.394584,-1.270976,0.305858,-0.932789,0.243334,-0.645472,0.038667,-0.929122,0.071804,-1.239738,0.022235,-0.868485,-0.003198,-0.604072,-0.258831,-0.847187,-0.228453,-1.101677,-0.218622,-0.818847,-0.215366,-0.593594
T,Right,legacy_asl_T_51,0.000000,0.000000,0.433894,-0.085307,0.878691,-0.332151,1.125042,-0.650388,1.263332,-0.949027,0.674788,-0.848981,0.721188,-1.144820,0.655773,-1.257889,0.579211,-1.295645,0.392758,-0.917731,0.410395,-1.212574,0.318252,-0.876210,0.301442,-0.655170,0.114211,-0.914611,0.104560,-1.175077,0.056375,-0.809522,0.061273,-0.605364,-0.179594,-0.855440,-0.171851,-1.081185,-0.166079,-0.805061,-0.148651,-0.628087
T,Right,legacy_asl_T_52,0.000000,0.000000,0.465106,-0.068315,0.879704,-0.442986,1.093643,-0.835235,1.230355,-1.186794,0.575123,-0.941449,0.593597,-1.330166,0.563791,-1.439519,0.542740,-1.385047,0.227104,-0.946542,0.326850,-1.217456,0.338502,-0.753347,0.341851,-0.372075,-0.106679,-0.867694,0.016500,-1.070486,0.062700,-0.605972,0.085709,-0.272614,-0.438085,-0.724688,-0.322052,-0.876636,-0.233733,-0.535526,-0.193103,-0.279181
T,Right,legacy_asl_T_53,0.000000,0.000000,0.452522,-0.095591,0.880670,-0.223417,1.134700,-0.537753,1.222855,-0.854482,0.777256,-0.798752,0.818464,-1.105610,0.783076,-1.220109,0.734425,-1.279980,0.501351,-0.864045,0.538755,-1.128976,0.465716,-0.760477,0.513056,-0.662825,0.238834,-0.881800,0.251039,-1.105734,0.205795,-0.740010,0.245816,-0.651852,-0.044385,-0.848796,-0.019694,-1.058573,-0.015156,-0.779701,0.000913,-0.645140
T,Right,legacy_asl_T_54,0.000000,0.000000,0.432243,-0.043876,0.902724,-0.192946,1.168353,-0.525794,1.255131,-0.843238,0.778383,-0.798585,0.820355,-1.115599,0.776831,-1.251024,0.720253,-1.313069,0.487553,-0.873042,0.535650,-1.150918,0.453050,-0.759806,0.483762,-0.655100,0.218870,-0.902716,0.228082,-1.124080,0.176659,-0.735112,0.200117,-0.634056,-0.073440,-0.888620,-0.048775,-1.080844,-0.064888,-0.780534,-0.062734,-0.653330
T,Right,legacy_asl_T_55,0.000000,0.000000,0.443747,-0.054092,0.898910,-0.256151,1.206795,-0.527532,1.350945,-0.793526,0.630218,-0.867678,0.656191,-1.162760,0.715937,-1.296592,0.761197,-1.354723,0.385292,-0.921822,0.524844,-1.220426,0.453600,-0.869508,0.422327,-0.767089,0.139356,-0.918649,0.263312,-1.152933,0.228238,-0.818322,0.172193,-0.751997,-0.152608,-0.874401,-0.016823,-1.053625,-0.003227,-0.809794,-0.055789,-0.742782
T,Right,legacy_asl_T_56,0.000000,0.000000,0.434054,-0.109555,0.868865,-0.298111,1.116923,-0.636524,1.201115,-0.963680,0.687849,-0.896531,0.664121,-1.223600,0.569293,-1.375434,0.486812,-1.482422,0.388649,-0.921353,0.338635,-1.217039,0.312387,-0.814865,0.393866,-0.718015,0.117959,-0.912498,0.050705,-1.156401,0.053145,-0.760375,0.123072,-0.674116,-0.161289,-0.861997,-0.219103,-1.055695,-0.196281,-0.750624,-0.146840,-0.625270
T,Right,legacy_asl_T_57,0.000000,0.000000,0.428030,-0.098189,0.862514,-0.286568,1.085313,-0.628320,1.146581,-0.958967,0.716498,-0.856992,0.725053,-1.159938,0.657441,-1.305652,0.573753,-1.354829,0.418915,-0.907783,0.406653,-1.188775,0.362388,-0.803989,0.392352,-0.659348,0.143733,-0.904877,0.104364,-1.125756,0.097957,-0.742496,0.127636,-0.613702,-0.147218,-0.852337,-0.156560,-1.057758,-0.132617,-0.754225,-0.104887,-0.606669
T,Right,legacy_asl_T_58,0.000000,0.000000,0.469689,-0.028536,0.824731,-0.391482,0.952597,-0.816911,0.991001,-1.188056,0.569057,-0.932139,0.538536,-1.328403,0.385399,-1.386803,0.219057,-1.338047,0.216742,-0.966596,0.149923,-1.191675,0.111129,-0.737322,0.120929,-0.394081,-0.113805,-0.907461,-0.184801,-1.154651,-0.180323,-0.686996,-0.140804,-0.358383,-0.414955,-0.783577,-0.478255,-0.984547,-0.435778,-0.661547,-0.368693,-0.412342
T,Right,legacy_asl_T_59,0.000000,0.000000,0.484792,-0.082577,0.901658,-0.352959,1.100843,-0.754333,1.092284,-1.076432,0.506279,-0.968202,0.512937,-1.360291,0.519688,-1.454587,0.543727,-1.462540,0.227255,-0.973835,0.283700,-1.295480,0.280123,-0.871782,0.290035,-0.743910,-0.024642,-0.932570,0.018291,-1.166538,0.043449,-0.771329,0.039457,-0.656701,-0.306805,-0.861865,-0.234211,-1.047255,-0.194793,-0.752406,-0.212114,-0.632939
T,Right,legacy_asl_T_60,0.000000,0.000000,0.428342,0.005060,0.863076,-0.120418,1.184675,-0.356642,1.376258,-0.604731,0.764737,-0.802825,0.835272,-1.142131,0.774952,-1.205999,0.698825,-1.172357,0.484737,-0.872782,0.546811,-1.122289,0.439759,-0.739052,0.452430,-0.685387,0.206311,-0.893430,0.262732,-1.089968,0.188850,-0.731605,0.188364,-0.694026,-0.090504,-0.871624,-0.018618,-1.020645,-0.033299,-0.755961,-0.043632,-0.683607
T,Right,legacy_asl_T_61,0.000000,0.000000,0.424093,-0.066508,0.825893,-0.351531,0.976557,-0.682058,1.068234,-0.984099,0.588598,-0.919989,0.605217,-1.216348,0.504103,-1.043073,0.412924,-0.802089,0.296023,-0.949222,0.302488,-1.099942,0.232542,-0.703007,0.201281,-0.414811,0.014878,-0.908812,0.001947,-1.068458,-0.013334,-0.686685,-0.007688,-0.428700,-0.267239,-0.817132,-0.265864,-0.950949,-0.233249,-0.671823,-0.197787,-0.484456
T,Right,legacy_asl_T_62,0.000000,0.000000,0.419268,-0.144590,0.791025,-0.464471,0.959952,-0.809303,1.091916,-1.092272,0.491803,-0.964191,0.531552,-1.333029,0.566560,-1.344559,0.559217,-1.184273,0.207382,-0.976728,0.309444,-1.245309,0.286610,-0.852362,0.253488,-0.622861,-0.065216,-0.921193,0.047554,-1.166234,0.056961,-0.793830,0.017397,-0.609226,-0.371870,-0.808677,-0.243615,-1.008275,-0.177913,-0.738103,-0.185337,-0.590842
T,Right,legacy_asl_T_63,0.000000,0.000000,0.448104,-0.084852,0.930757,-0.269264,1.222387,-0.631361,1.314129,-0.955959,0.752089,-0.856581,0.763451,-1.215224,0.684354,-1.389095,0.598458,-1.517361,0.434602,-0.900597,0.432693,-1.214090,0.367573,-0.793457,0.424268,-0.672715,0.155976,-0.911862,0.139836,-1.200693,0.112536,-0.788298,0.139583,-0.655080,-0.136405,-0.885662,-0.141989,-1.117187,-0.142347,-0.812750,-0.133047,-0.673499
T,Right,legacy_asl_T_64,0.000000,0.000000,0.452226,-0.005809,0.927183,-0.142276,1.209271,-0.464968,1.343896,-0.762634,0.783148,-0.792075,0.837450,-1.107074,0.832577,-1.250961,0.793488,-1.298787,0.500091,-0.865769,0.574520,-1.124601,0.481503,-0.720968,0.502756,-0.587678,0.230865,-0.888707,0.284928,-1.102316,0.221451,-0.719653,0.233894,-0.595548,-0.046445,-0.857576,-0.001413,-1.062152,-0.014866,-0.761963,-0.016429,-0.633526
T,Right,legacy_asl_T_65,0.000000,0.000000,0.426400,-0.108447,0.781133,-0.462852,0.915461,-0.841118,0.954017,-1.183919,0.487278,-0.972717,0.466533,-1.315845,0.395798,-1.421212,0.323031,-1.373682,0.190485,-0.980203,0.198595,-1.248481,0.189300,-0.847004,0.186427,-0.517746,-0.089568,-0.911899,-0.088055,-1.129367,-0.056912,-0.712685,-0.030808,-0.426725,-0.373209,-0.784987,-0.351750,-0.993875,-0.280971,-0.707840,-0.233337,-0.490405
T,Right,legacy_asl_T_66,0.000000,0.000000,0.452277,-0.112924,0.841015,-0.509246,0.929972,-0.931928,0.974167,-1.286065,0.468669,-0.970216,0.487636,-1.296597,0.490756,-1.463984,0.502035,-1.458130,0.177208,-0.983784,0.280012,-1.310110,0.276927,-0.933497,0.271127,-0.588039,-0.093818,-0.936261,0.011653,-1.210856,0.035018,-0.804797,0.036613,-0.484442,-0.398550,-0.828207,-0.246544,-1.050788,-0.178432,-0.761518,-0.164938,-0.500184
T,Right,legacy_asl_T_67,0.000000,0.000000,0.484374,-0.074646,0.964450,-0.326772,1.222564,-0.662950,1.358612,-0.992600,0.629797,-0.904454,0.680543,-1.253248,0.609579,-1.379070,0.534883,-1.404290,0.325708,-0.944953,0.328783,-1.218091,0.273205,-0.875419,0.282997,-0.591032,0.035447,-0.920100,0.030499,-1.177796,0.030787,-0.806858,0.066115,-0.524738,-0.260564,-0.849529,-0.245964,-1.072690,-0.191929,-0.809781,-0.132694,-0.590576
T,Right,legacy_asl_T_68,0.000000,0.000000,0.486653,-0.076811,0.926871,-0.196463,1.207733,-0.495110,1.329669,-0.802907,0.734406,-0.811237,0.791479,-1.149666,0.788484,-1.268223,0.788856,-1.310807,0.474055,-0.880473,0.567956,-1.145770,0.487343,-0.757605,0.509169,-0.629586,0.213066,-0.891814,0.283303,-1.121221,0.237455,-0.740500,0.254260,-0.625966,-0.056948,-0.841886,-0.005315,-1.066537,0.019054,-0.770602,0.019135,-0.641424
T,Right,legacy_asl_T_69,0.000000,0.000000,0.454180,-0.027537,0.918021,-0.170538,1.217927,-0.464148,1.345829,-0.770821,0.822771,-0.749121,0.856721,-1.045741,0.784334,-1.257844,0.698560,-1.415294,0.536399,-0.843965,0.523779,-1.108775,0.430372,-0.718958,0.464679,-0.563807,0.256535,-0.878715,0.223853,-1.115557,0.163544,-0.726345,0.191613,-0.571839,-0.037729,-0.861967,-0.043900,-1.069509,-0.071874,-0.760410,-0.054970,-0.589161
T,Right,legacy_asl_T_70,0.000000,0.000000,0.442355,-0.146215,0.818210,-0.329362,1.034467,-0.654999,1.134231,-0.938553,0.592885,-0.879569,0.602826,-1.183169,0.567177,-1.341350,0.516066,-1.428353,0.332683,-0.935444,0.359022,-1.230470,0.318122,-0.914506,0.339552,-0.757672,0.088620,-0.938254,0.103602,-1.231450,0.095164,-0.931400,0.117097,-0.768078,-0.158045,-0.885956,-0.150151,-1.141150,-0.113295,-0.917170,-0.073359,-0.763370
T,Right,legacy_asl_T_71,0.000000,0.000000,0.426722,-0.088617,0.828423,-0.412173,1.017983,-0.767605,1.145439,-1.069214,0.530015,-0.947473,0.571283,-1.315011,0.582847,-1.353512,0.573726,-1.211280,0.231668,-0.970820,0.324797,-1.247950,0.303177,-0.852762,0.276269,-0.586460,-0.056864,-0.923912,0.041635,-1.159168,0.047739,-0.775027,0.018996,-0.572489,-0.365613,-0.821252,-0.246510,-1.010520,-0.196122,-0.726971,-0.204169,-0.572847
T,Right,legacy_asl_T_72,0.000000,0.000000,0.423442,-0.078322,0.826360,-0.470613,1.025418,-0.854848,1.173572,-1.173458,0.565045,-0.911148,0.610281,-1.225095,0.612395,-1.341457,0.602540,-1.308105,0.218360,-0.956059,0.353847,-1.209748,0.316175,-0.750646,0.273373,-0.367410,-0.114905,-0.913410,0.010874,-1.133588,0.003663,-0.649884,-0.008558,-0.306872,-0.450966,-0.802376,-0.340045,-0.940044,-0.296946,-0.582760,-0.281793,-0.329361
T,Right,legacy_asl_T_73,0.000000,0.000000,0.446841,-0.009086,0.874224,-0.176916,1.170538,-0.466059,1.356465,-0.737173,0.702716,-0.864779,0.713508,-1.198382,0.642466,-1.312448,0.559805,-1.297356,0.403020,-0.915148,0.418020,-1.184666,0.326917,-0.803827,0.377304,-0.707196,0.113881,-0.908479,0.118679,-1.118799,0.067489,-0.780210,0.106728,-0.717614,-0.186806,-0.859486,-0.163265,-1.047378,-0.164371,-0.792493,-0.140586,-0.701859
T,Right,legacy_asl_T_74,0.000000,0.000000,0.638107,-0.075657,1.121207,-0.370546,1.391927,-0.724046,1.503135,-1.024786,0.916006,-0.729038,0.976382,-1.186180,1.009887,-1.229062,0.983450,-1.199348,0.619479,-0.783537,0.686504,-1.157084,0.672083,-0.853197,0.641270,-0.606784,0.322139,-0.777701,0.391911,-1.109340,0.398528,-0.768696,0.383592,-0.528116,0.016124,-0.740676,0.048733,-0.945703,0.084126,-0.703909,0.099199,-0.510429
T,Right,legacy_asl_T_75,0.005331,-0.004121,0.414476,-0.034547,0.863609,-0.328448,1.042017,-0.705674,1.059290,-1.070612,0.667214,-0.929266,0.606125,-1.278378,0.511681,-1.402081,0.441582,-1.379386,0.353460,-0.955173,0.310538,-1.226066,0.283230,-0.779820,0.336998,-0.683980,0.078751,-0.918241,-0.005542,-1.115809,0.047144,-0.714537,0.080084,-0.584621,-0.203517,-0.848018,-0.239899,-1.006687,-0.230412,-0.710357,-0.193195,-0.560320
T,Right,legacy_asl_T_76,0.000000,0.000000,0.401622,-0.038291,0.840848,-0.299599,1.009706,-0.690057,1.028362,-1.008383,0.635564,-0.895032,0.605780,-1.221946,0.516224,-1.335678,0.434067,-1.342471,0.331260,-0.911245,0.283729,-1.179747,0.277050,-0.781615,0.341058,-0.662467,0.068829,-0.890749,-0.003593,-1.081802,0.025024,-0.696697,0.083814,-0.582153,-0.203322,-0.832189,-0.246569,-0.994609,-0.212561,-0.687100,-0.171089,-0.559421
T,Right,legacy_asl_T_77,0.000000,0.000000,0.415178,-0.022797,0.878319,-0.273700,1.068383,-0.668800,1.100781,-0.995841,0.691580,-0.895382,0.674449,-1.233273,0.586936,-1.354104,0.502611,-1.364503,0.378878,-0.924683,0.341052,-1.203156,0.317683,-0.793435,0.378663,-0.668084,0.107776,-0.914447,0.041110,-1.114193,0.054628,-0.716426,0.110425,-0.596032,-0.174911,-0.865414,-0.212720,-1.034466,-0.190435,-0.716383,-0.153017,-0.583181
T,Right,legacy_asl_T_78,0.005262,-0.023777,0.422242,-0.054609,0.877213,-0.305457,1.038535,-0.718250,1.044745,-1.044959,0.657556,-0.939162,0.620855,-1.262268,0.566979,-1.373124,0.427866,-1.365331,0.358207,-0.915889,0.291837,-1.232068,0.278670,-0.807436,0.343186,-0.690925,0.072483,-0.913398,-0.015182,-1.112684,0.044109,-0.741681,0.095593,-0.599918,-0.201611,-0.856517,-0.251488,-1.040668,-0.223080,-0.700849,-0.190680,-0.568235
T,Right,legacy_asl_T_79,0.000000,0.000000,0.387353,-0.036931,0.810975,-0.288955,0.973834,-0.665541,0.991827,-0.972558,0.612984,-0.863234,0.584258,-1.178534,0.497884,-1.288225,0.418646,-1.294777,0.319491,-0.878871,0.273649,-1.137834,0.267207,-0.753846,0.328941,-0.638931,0.066384,-0.859104,-0.003465,-1.043368,0.024135,-0.671946,0.080836,-0.561471,-0.196098,-0.802624,-0.237809,-0.959273,-0.205009,-0.662689,-0.165011,-0.539546
T,Right,legacy_asl_T_80,0.000000,0.000000,0.415748,-0.006780,0.888214,-0.239649,1.093363,-0.627132,1.138339,-0.952680,0.725571,-0.868065,0.721475,-1.206366,0.638683,-1.330479,0.554822,-1.344120,0.414231,-0.909395,0.387165,-1.189120,0.348023,-0.780603,0.404128,-0.652995,0.142936,-0.909614,0.084016,-1.111781,0.082196,-0.713788,0.133312,-0.591334,-0.141431,-0.871512,-0.172697,-1.041895,-0.162687,-0.723189,-0.130429,-0.588645
T,Right,legacy_asl_T_81,0.017159,0.016253,0.457076,-0.035605,0.856626,-0.307755,1.022439,-0.692852,1.078466,-1.029803,0.647113,-0.927341,0.607765,-1.238188,0.492079,-1.386696,0.459768,-1.375754,0.361215,-0.942351,0.279238,-1.208634,0.274293,-0.811488,0.327355,-0.673648,0.090988,-0.918969,-0.019861,-1.113084,0.028596,-0.698320,0.098232,-0.585207,-0.206608,-0.872072,-0.269481,-1.010514,-0.212410,-0.690980,-0.156239,-0.590787
T,Right,legacy_asl_T_82,0.000000,0.000000,0.396666,-0.037819,0.830472,-0.295902,0.997246,-0.681541,1.015672,-0.995939,0.627721,-0.883987,0.598304,-1.206867,0.509854,-1.319195,0.428711,-1.325905,0.327172,-0.900000,0.280228,-1.165189,0.273631,-0.771969,0.336849,-0.654292,0.067980,-0.879757,-0.003549,-1.068452,0.024715,-0.688100,0.082779,-0.574969,-0.200813,-0.821920,-0.243526,-0.982335,-0.209937,-0.678621,-0.168978,-0.552518
T,Right,legacy_asl_T_83,0.000000,0.000000,0.414501,-0.032878,0.871410,-0.294959,1.051818,-0.694561,1.076260,-1.022292,0.669621,-0.911920,0.644286,-1.249296,0.553862,-1.367965,0.469310,-1.376312,0.356299,-0.933615,0.311719,-1.211088,0.298311,-0.800919,0.362319,-0.677087,0.085526,-0.916795,0.014026,-1.114863,0.037205,-0.717541,0.095911,-0.598539,-0.195887,-0.860909,-0.237791,-1.028992,-0.207785,-0.711544,-0.167141,-0.579291
T,Right,legacy_asl_T_84,0.003962,-0.020513,0.390939,-0.036655,0.838562,-0.293087,1.032171,-0.707515,1.061697,-1.018265,0.634356,-0.920101,0.591775,-1.259805,0.545163,-1.373368,0.448994,-1.378171,0.353700,-0.932071,0.309353,-1.217070,0.290531,-0.807198,0.348905,-0.697215,0.056912,-0.906477,-0.010159,-1.130023,0.036738,-0.704258,0.089346,-0.621213,-0.193663,-0.828146,-0.242189,-1.015166,-0.226003,-0.731837,-0.180320,-0.587821
T,Right,legacy_asl_T_85,0.000000,0.000000,0.413417,-0.039416,0.865542,-0.308398,1.039359,-0.710323,1.058563,-1.037997,0.654229,-0.921317,0.623570,-1.257832,0.531385,-1.374904,0.446815,-1.381897,0.340988,-0.938006,0.292062,-1.214394,0.285186,-0.804569,0.351074,-0.681922,0.070850,-0.916909,-0.003698,-1.113572,0.025759,-0.717158,0.086275,-0.599249,-0.209293,-0.856629,-0.253810,-1.023818,-0.218803,-0.707278,-0.176114,-0.575850
T,Right,legacy_asl_T_86,0.000000,0.000000,0.414743,-0.029673,0.873664,-0.288215,1.057155,-0.686410,1.084130,-1.013942,0.676650,-0.906717,0.653923,-1.244279,0.564419,-1.363643,0.479935,-1.372643,0.363505,-0.930833,0.321071,-1.208642,0.304493,-0.798589,0.367542,-0.674266,0.092610,-0.916107,0.022643,-1.114721,0.042750,-0.717232,0.100535,-0.597780,-0.189226,-0.862397,-0.229830,-1.030799,-0.202279,-0.713129,-0.162658,-0.580566
T,Right,legacy_asl_T_87,0.004373,-0.018113,0.429199,-0.206711,0.786456,-0.552584,0.933584,-0.905747,0.981609,-1.213133,0.438525,-0.977809,0.433309,-1.300540,0.396529,-1.294523,0.379545,-1.179288,0.157989,-1.001301,0.179747,-1.211308,0.218169,-0.874205,0.193769,-0.576617,-0.112462,-0.931598,-0.091199,-1.099948,-0.048573,-0.778265,-0.034469,-0.488658,-0.437487,-0.792110,-0.394889,-1.007653,-0.301916,-0.724857,-0.247856,-0.535577
T,Right,legacy_asl_T_88,0.000000,0.000000,0.465669,-0.222023,0.844980,-0.580012,0.980036,-0.958735,1.054993,-1.289469,0.445386,-1.054995,0.463869,-1.376499,0.452618,-1.378571,0.416291,-1.266186,0.142016,-1.050232,0.190676,-1.298777,0.208514,-0.904750,0.214994,-0.605424,-0.147984,-0.973316,-0.100887,-1.202620,-0.048272,-0.803272,-0.028530,-0.535158,-0.456303,-0.840935,-0.390908,-1.053405,-0.298256,-0.770579,-0.262956,-0.563151
T,Right,legacy_asl_T_89,0.000000,0.000000,0.442366,-0.202536,0.805292,-0.534550,0.938197,-0.889695,1.013726,-1.200468,0.435449,-0.988301,0.457590,-1.291199,0.447010,-1.293318,0.411108,-1.187874,0.149310,-0.988257,0.198837,-1.221914,0.209883,-0.850096,0.211606,-0.567745,-0.125279,-0.919977,-0.077507,-1.135513,-0.033746,-0.758170,-0.019059,-0.505057,-0.417955,-0.799664,-0.353176,-0.999059,-0.269953,-0.731005,-0.239705,-0.534889
T,Right,legacy_asl_T_90,0.007726,-0.029770,0.421293,-0.209180,0.800874,-0.528516,0.914612,-0.890524,1.016323,-1.204817,0.432614,-0.987609,0.456829,-1.301197,0.393946,-1.318862,0.398692,-1.221123,0.152144,-0.990951,0.199260,-1.179594,0.187947,-0.872306,0.188883,-0.571067,-0.150586,-0.907751,-0.098384,-1.111825,-0.040589,-0.715091,-0.036245,-0.490343,-0.435944,-0.807238,-0.361159,-0.999346,-0.278875,-0.736582,-0.275259,-0.539454
T,Right,legacy_asl_T_91,0.000000,0.000000,0.451636,-0.215333,0.819517,-0.562534,0.950503,-0.929844,1.023201,-1.250611,0.431965,-1.023203,0.449891,-1.335019,0.438978,-1.337029,0.403746,-1.228030,0.137736,-1.018584,0.184930,-1.259639,0.202230,-0.877486,0.208515,-0.587179,-0.143525,-0.943985,-0.097847,-1.166379,-0.046817,-0.779066,-0.027670,-0.519032,-0.442553,-0.815594,-0.379128,-1.021661,-0.289268,-0.747358,-0.255032,-0.546181
T,Right,legacy_asl_T_92,0.000000,0.000000,0.450389,-0.184007,0.826778,-0.500677,0.974304,-0.850001,1.062663,-1.157373,0.476080,-0.969382,0.510769,-1.271101,0.500287,-1.273657,0.460041,-1.169794,0.190185,-0.981210,0.249365,-1.212611,0.244974,-0.840656,0.234980,-0.558477,-0.087000,-0.924383,-0.030326,-1.137752,-0.002259,-0.758917,0.001913,-0.505412,-0.384416,-0.816317,-0.311419,-1.012852,-0.239390,-0.741576,-0.217306,-0.544374
T,Right,legacy_asl_T_93,-0.016036,-0.008311,0.434408,-0.189908,0.791710,-0.528528,0.926219,-0.902825,1.019233,-1.216347,0.411380,-0.988985,0.440915,-1.285729,0.396710,-1.288299,0.380094,-1.216812,0.143677,-0.982365,0.184225,-1.218519,0.183559,-0.864541,0.197413,-0.567460,-0.121551,-0.919214,-0.091202,-1.132966,-0.058299,-0.774646,-0.005569,-0.497459,-0.407728,-0.786414,-0.367139,-0.969507,-0.265462,-0.717497,-0.222561,-0.548306
T,Right,legacy_asl_T_94,0.000000,0.000000,0.427539,-0.203844,0.775792,-0.532520,0.899789,-0.880232,0.968608,-1.183884,0.408917,-0.968609,0.425887,-1.263789,0.415557,-1.265691,0.382204,-1.162508,0.130387,-0.964237,0.175063,-1.192430,0.191440,-0.830667,0.197389,-0.555850,-0.135867,-0.893619,-0.092626,-1.104147,-0.044319,-0.737499,-0.026194,-0.491338,-0.418940,-0.772077,-0.358900,-0.967150,-0.273834,-0.707483,-0.241424,-0.517039
T,Right,legacy_asl_T_95,0.000000,0.000000,0.448778,-0.187902,0.822410,-0.507819,0.966904,-0.858409,1.052598,-1.166535,0.467665,-0.973470,0.499740,-1.275478,0.489236,-1.277943,0.449891,-1.173735,0.181679,-0.982821,0.238852,-1.214726,0.237683,-0.842746,0.230134,-0.560491,-0.095004,-0.923594,-0.040180,-1.137446,-0.008833,-0.758869,-0.002465,-0.505410,-0.391473,-0.812957,-0.320181,-1.010117,-0.245804,-0.739475,-0.222013,-0.542471
T,Right,legacy_asl_T_96,0.006183,-0.005355,0.442298,-0.198346,0.783205,-0.560442,0.916790,-0.886742,1.006199,-1.210404,0.443349,-0.999406,0.449886,-1.324042,0.414489,-1.326605,0.400016,-1.197468,0.146510,-0.992583,0.187857,-1.225822,0.190463,-0.880202,0.202064,-0.578839,-0.141392,-0.940772,-0.129199,-1.122722,-0.041273,-0.762776,-0.008818,-0.506744,-0.428856,-0.815002,-0.366310,-0.997537,-0.257557,-0.713290,-0.244288,-0.524496
T,Right,legacy_asl_T_97,0.000000,0.000000,0.469216,-0.223714,0.851416,-0.584430,0.987500,-0.966037,1.063028,-1.299289,0.448779,-1.063030,0.467402,-1.386983,0.456065,-1.389071,0.419462,-1.275829,0.143098,-1.058231,0.192128,-1.308669,0.210102,-0.911641,0.216631,-0.610035,-0.149111,-0.980729,-0.101655,-1.211779,-0.048639,-0.809390,-0.028747,-0.539234,-0.459779,-0.847339,-0.393885,-1.061428,-0.300528,-0.776448,-0.264958,-0.567440
T,Right,legacy_asl_T_98,0.000000,0.000000,0.452535,-0.178665,0.832645,-0.490858,0.984294,-0.838412,1.076285,-1.144717,0.487518,-0.963681,0.525776,-1.264968,0.515324,-1.267648,0.473852,-1.164268,0.201784,-0.978891,0.263698,-1.209575,0.254905,-0.837698,0.241573,-0.555657,-0.076055,-0.925348,-0.016860,-1.138031,0.006722,-0.758890,0.007894,-0.505354,-0.374729,-0.820809,-0.299411,-1.016467,-0.230597,-0.744357,-0.210848,-0.546908
T,Right,legacy_asl_T_99,0.010235,-0.001530,0.475207,-0.097550,0.901997,-0.429635,1.007865,-0.780539,1.120659,-1.067730,0.627946,-0.927011,0.580103,-1.230058,0.482798,-1.284701,0.331812,-1.224661,0.330251,-0.976247,0.262887,-1.167968,0.176137,-0.803134,0.177494,-0.493098,0.007627,-0.918927,-0.040513,-1.095240,-0.075878,-0.696987,-0.049947,-0.412819,-0.238277,-0.857598,-0.268695,-1.012096,-0.280691,-0.735150,-0.243499,-0.489192
T,Right,legacy_asl_T_100,0.000000,0.000000,0.463705,-0.111648,0.856504,-0.408275,0.967659,-0.732752,1.045480,-1.002436,0.574944,-0.856689,0.543861,-1.135287,0.443749,-1.192414,0.342411,-1.155084,0.283706,-0.896300,0.232963,-1.094734,0.168523,-0.768033,0.149047,-0.464084,0.020677,-0.872463,-0.038483,-1.028421,-0.061496,-0.693559,-0.048198,-0.423912,-0.236127,-0.797586,-0.269928,-0.957613,-0.260407,-0.696297,-0.226731,-0.479079
T,Right,legacy_asl_T_101,0.000000,0.000000,0.493543,-0.117295,0.912249,-0.431554,1.031489,-0.776318,1.115104,-1.062907,0.614189,-0.909366,0.582002,-1.205777,0.475703,-1.266851,0.367804,-1.227464,0.304555,-0.952408,0.251206,-1.163619,0.181646,-0.816346,0.159978,-0.493129,0.024725,-0.927879,-0.037709,-1.093940,-0.063234,-0.737856,-0.049935,-0.451020,-0.248645,-0.849046,-0.284094,-1.019354,-0.274786,-0.741391,-0.239648,-0.510255
T,Right,legacy_asl_T_102,-0.018379,0.020188,0.487006,-0.108802,0.907406,-0.447536,1.022224,-0.801834,1.119426,-1.055234,0.603598,-0.932129,0.579433,-1.220347,0.475072,-1.259440,0.356675,-1.253613,0.317022,-0.930394,0.240595,-1.171726,0.174072,-0.848620,0.152058,-0.485773,0.035354,-0.950887,-0.051295,-1.083129,-0.062507,-0.740776,-0.037230,-0.449867,-0.248861,-0.825037,-0.296580,-1.030540,-0.281071,-0.761333,-0.228382,-0.501613
T,Right,legacy_asl_T_103,0.000000,0.000000,0.503555,-0.121242,0.930111,-0.443361,1.050818,-0.795724,1.135327,-1.088584,0.624354,-0.930311,0.590599,-1.232851,0.481884,-1.294888,0.371838,-1.254350,0.308088,-0.973326,0.252983,-1.188813,0.183006,-0.834037,0.161855,-0.503967,0.022454,-0.947441,-0.041790,-1.116802,-0.066781,-0.753162,-0.052340,-0.460342,-0.256420,-0.866130,-0.293125,-1.039908,-0.282786,-0.756136,-0.246216,-0.520251
T,Right,legacy_asl_T_104,0.000000,0.000000,0.489081,-0.134694,0.896399,-0.463580,1.003359,-0.812349,1.076775,-1.101719,0.581610,-0.930540,0.538949,-1.225626,0.430555,-1.282898,0.324118,-1.239716,0.270646,-0.962593,0.209854,-1.171783,0.152631,-0.822265,0.142420,-0.498484,-0.008140,-0.928173,-0.076414,-1.091920,-0.089317,-0.735155,-0.065871,-0.448969,-0.278547,-0.839711,-0.320003,-1.008657,-0.300861,-0.731198,-0.257562,-0.501451
T,Right,legacy_asl_T_105,-0.006213,0.005502,0.498615,-0.126151,0.909053,-0.426930,1.023724,-0.773259,1.123013,-1.063394,0.617994,-0.919076,0.586454,-1.201636,0.465461,-1.230565,0.330597,-1.233588,0.308034,-0.946195,0.254686,-1.149956,0.200784,-0.820619,0.146902,-0.530995,0.009051,-0.929184,-0.054979,-1.111037,-0.074774,-0.754430,-0.028708,-0.423897,-0.247488,-0.836885,-0.272532,-1.012214,-0.267625,-0.733064,-0.243186,-0.496489
T,Right,legacy_asl_T_106,0.000000,0.000000,0.468281,-0.112749,0.864957,-0.412304,0.977209,-0.739984,1.055798,-1.012329,0.580618,-0.865143,0.549228,-1.146490,0.448129,-1.204181,0.345790,-1.166483,0.286506,-0.905145,0.235262,-1.105537,0.170186,-0.775613,0.150517,-0.468664,0.020881,-0.881073,-0.038863,-1.038570,-0.062103,-0.700403,-0.048673,-0.428095,-0.238458,-0.805457,-0.272592,-0.967063,-0.262977,-0.703169,-0.228968,-0.483807
T,Right,legacy_asl_T_107,0.000000,0.000000,0.502556,-0.069133,0.949629,-0.341531,1.101574,-0.673182,1.212447,-0.950368,0.699056,-0.845869,0.695615,-1.144003,0.595705,-1.215047,0.484509,-1.186254,0.395019,-0.918583,0.362296,-1.133956,0.259556,-0.795013,0.206807,-0.475395,0.114127,-0.921165,0.068006,-1.092476,0.008246,-0.740515,-0.006189,-0.453733,-0.165572,-0.869073,-0.184425,-1.042007,-0.201977,-0.764443,-0.189303,-0.530995
T,Right,legacy_asl_T_108,0.000477,-0.010746,0.484218,-0.124272,0.926417,-0.458821,1.034215,-0.786292,1.100025,-1.069805,0.618688,-0.924704,0.597950,-1.172192,0.460220,-1.266257,0.376251,-1.233618,0.292804,-0.978469,0.222206,-1.154991,0.150242,-0.827875,0.160464,-0.477621,0.039304,-0.939471,-0.036452,-1.130153,-0.087033,-0.728259,-0.033925,-0.471601,-0.235448,-0.877038,-0.273190,-1.017408,-0.250271,-0.743077,-0.247088,-0.518832
T,Right,legacy_asl_T_109,0.000000,0.000000,0.471744,-0.113583,0.871353,-0.415352,0.984435,-0.745455,1.063605,-1.019814,0.584912,-0.871541,0.553289,-1.154968,0.451442,-1.213086,0.348347,-1.175108,0.288625,-0.911838,0.237001,-1.113712,0.171445,-0.781348,0.151630,-0.472130,0.021035,-0.887588,-0.039150,-1.046250,-0.062562,-0.705583,-0.049033,-0.431261,-0.240221,-0.811413,-0.274608,-0.974214,-0.264922,-0.708368,-0.230661,-0.487385
T,Right,legacy_asl_T_110,0.000000,0.000000,0.479034,-0.166939,0.863566,-0.522199,0.947082,-0.877311,1.001081,-1.170925,0.518404,-0.967178,0.456202,-1.258771,0.344237,-1.308704,0.240909,-1.258535,0.205996,-0.978468,0.131418,-1.183150,0.097579,-0.830598,0.108935,-0.506856,-0.069883,-0.925574,-0.148900,-1.084415,-0.138036,-0.727582,-0.095599,-0.443591,-0.333804,-0.819315,-0.386410,-0.985129,-0.348847,-0.709559,-0.290358,-0.483201
T,Right,legacy_asl_T_111,-0.023510,-0.010955,0.470688,-0.002959,0.975566,-0.099193,1.236578,-0.432429,1.340288,-0.782741,0.823723,-0.744504,0.859109,-1.089466,0.835908,-1.225872,0.817067,-1.295073,0.523749,-0.848883,0.579496,-1.153757,0.439568,-0.765252,0.497128,-0.662784,0.240021,-0.909131,0.230523,-1.146675,0.173048,-0.721132,0.197006,-0.618399,-0.079930,-0.891205,-0.030533,-1.106073,-0.069005,-0.808304,-0.043617,-0.647953
T,Right,legacy_asl_T_112,0.000000,0.000000,0.436858,0.008533,0.900078,-0.110168,1.184825,-0.424568,1.260305,-0.754085,0.753673,-0.712149,0.821048,-1.030869,0.795878,-1.151055,0.789610,-1.237396,0.486510,-0.808813,0.541679,-1.082745,0.445674,-0.713597,0.474592,-0.606104,0.225145,-0.851628,0.258673,-1.083146,0.181090,-0.701654,0.195573,-0.583904,-0.064209,-0.859345,-0.023501,-1.048776,-0.061479,-0.749364,-0.058798,-0.606002
T,Right,legacy_asl_T_113,0.000000,0.000000,0.462381,0.021352,0.956265,-0.091290,1.266667,-0.416204,1.355888,-0.763025,0.818197,-0.732899,0.898531,-1.068516,0.875264,-1.196499,0.871060,-1.288109,0.538003,-0.842796,0.604148,-1.131327,0.492075,-0.743116,0.519668,-0.628469,0.262432,-0.895504,0.304463,-1.139730,0.211550,-0.737927,0.223567,-0.612825,-0.043769,-0.911834,0.004680,-1.111289,-0.043978,-0.795290,-0.045181,-0.643398
T,Right,legacy_asl_T_114,-0.010126,0.009592,0.478424,-0.007063,0.943591,-0.139545,1.212504,-0.463866,1.341919,-0.805170,0.771505,-0.783104,0.892789,-1.070400,0.859914,-1.232274,0.838904,-1.302647,0.494558,-0.850112,0.571697,-1.155767,0.465728,-0.787290,0.489225,-0.623632,0.244561,-0.902280,0.279169,-1.118765,0.197957,-0.727246,0.222092,-0.615351,-0.082655,-0.913994,-0.036997,-1.081521,-0.066409,-0.780193,-0.078458,-0.662323
T,Right,legacy_asl_T_115,0.000000,0.000000,0.466095,0.009104,0.960316,-0.117541,1.264120,-0.452983,1.344651,-0.804552,0.804113,-0.759810,0.875997,-1.099861,0.849142,-1.228090,0.842455,-1.320209,0.519070,-0.862944,0.577931,-1.155208,0.475501,-0.761355,0.506355,-0.646668,0.240213,-0.908623,0.275984,-1.155636,0.193209,-0.748612,0.208661,-0.622982,-0.068506,-0.916858,-0.025074,-1.118966,-0.065593,-0.799516,-0.062733,-0.646559
T,Right,legacy_asl_T_116,0.000000,0.000000,0.462345,0.022117,0.956414,-0.089708,1.267354,-0.414109,1.357148,-0.760782,0.819407,-0.731546,0.900296,-1.067029,0.877241,-1.195051,0.873189,-1.286667,0.539396,-0.841906,0.606018,-1.130326,0.493303,-0.742301,0.520706,-0.627609,0.263912,-0.895069,0.306347,-1.139226,0.212770,-0.737577,0.224580,-0.612455,-0.042261,-0.911905,0.006517,-1.111279,-0.042663,-0.795362,-0.044117,-0.643471
T,Right,legacy_asl_T_117,0.016141,0.008743,0.483744,-0.030709,0.914316,-0.099175,1.253275,-0.458781,1.361428,-0.793945,0.821845,-0.757229,0.878082,-1.082762,0.838105,-1.224781,0.812707,-1.306079,0.496040,-0.847101,0.601436,-1.148797,0.469857,-0.766360,0.488907,-0.625646,0.254032,-0.911325,0.264014,-1.151389,0.194249,-0.718034,0.218649,-0.610702,-0.056456,-0.899394,-0.039829,-1.128608,-0.032524,-0.802790,-0.071287,-0.630372
T,Right,legacy_asl_T_118,0.000000,0.000000,0.434145,0.008480,0.894487,-0.109483,1.177465,-0.421931,1.252476,-0.749400,0.748991,-0.707725,0.815948,-1.024466,0.790934,-1.143905,0.784705,-1.229709,0.483488,-0.803789,0.538314,-1.076019,0.442906,-0.709164,0.471644,-0.602339,0.223746,-0.846338,0.257066,-1.076418,0.179965,-0.697295,0.194358,-0.580277,-0.063810,-0.854007,-0.023355,-1.042261,-0.061097,-0.744709,-0.058433,-0.602237
T,Right,legacy_asl_T_119,0.000000,0.000000,0.461642,-0.033750,0.938639,-0.204288,1.208228,-0.563789,1.255599,-0.918755,0.725299,-0.824942,0.765177,-1.167728,0.726866,-1.292039,0.711805,-1.382499,0.434030,-0.900761,0.465417,-1.195108,0.400274,-0.796329,0.441296,-0.685774,0.154148,-0.920346,0.166857,-1.167837,0.122354,-0.757839,0.149153,-0.635051,-0.151823,-0.900171,-0.127422,-1.103969,-0.138181,-0.784428,-0.121324,-0.633468
T,Right,legacy_asl_T_120,-0.010524,0.005180,0.482189,0.034899,0.924768,-0.126623,1.280829,-0.444970,1.331761,-0.829689,0.807018,-0.753703,0.901877,-1.084932,0.830101,-1.217345,0.838958,-1.311654,0.536615,-0.858399,0.584667,-1.124160,0.491093,-0.752651,0.511335,-0.643040,0.243199,-0.888446,0.274841,-1.152116,0.165276,-0.747951,0.183390,-0.608827,-0.068510,-0.892783,-0.004431,-1.102131,-0.063041,-0.787906,-0.068489,-0.644722
T,Right,legacy_asl_T_121,0.000000,0.000000,0.445712,0.008706,0.918319,-0.112400,1.208836,-0.433173,1.285846,-0.769367,0.768947,-0.726581,0.837688,-1.051761,0.812007,-1.174382,0.805612,-1.262473,0.496369,-0.825205,0.552656,-1.104687,0.454706,-0.728058,0.484211,-0.618388,0.229708,-0.868887,0.263915,-1.105097,0.184760,-0.715873,0.199536,-0.595737,-0.065510,-0.876761,-0.023978,-1.070030,-0.062724,-0.764551,-0.059989,-0.618283
T,Right,legacy_asl_T_122,0.000000,0.000000,0.462774,-0.009590,0.948028,-0.154979,1.236028,-0.499907,1.301877,-0.851914,0.767399,-0.785930,0.825129,-1.126164,0.793363,-1.252307,0.783048,-1.343431,0.480489,-0.876860,0.527208,-1.169165,0.441324,-0.774333,0.476515,-0.661786,0.202012,-0.911037,0.227631,-1.157526,0.161773,-0.750413,0.182122,-0.626393,-0.104595,-0.906872,-0.069582,-1.109118,-0.097018,-0.790575,-0.088069,-0.638941
T,Right,legacy_asl_T_123,0.016084,-0.014730,0.463462,-0.148717,0.881812,-0.328878,1.157888,-0.627498,1.180507,-0.954192,0.635565,-0.868679,0.674406,-1.221503,0.626574,-1.330096,0.614629,-1.361456,0.409013,-0.926192,0.402272,-1.213336,0.362519,-0.826543,0.406256,-0.683806,0.138478,-0.924000,0.111084,-1.165391,0.089606,-0.761764,0.145808,-0.632988,-0.192340,-0.854958,-0.157069,-1.084406,-0.109484,-0.808407,-0.070704,-0.632914
T,Right,legacy_asl_T_124,0.000000,0.000000,0.499898,-0.171436,0.937648,-0.322379,1.180257,-0.671406,1.228763,-1.015483,0.681530,-0.905409,0.694308,-1.246935,0.667710,-1.381111,0.631561,-1.414875,0.397725,-0.957854,0.419114,-1.243993,0.381739,-0.856872,0.406225,-0.716959,0.126327,-0.944636,0.126415,-1.201711,0.115370,-0.815641,0.130448,-0.674838,-0.177957,-0.873176,-0.155705,-1.116979,-0.120807,-0.821030,-0.096072,-0.658174
T,Right,legacy_asl_T_125,0.000000,0.000000,0.489767,-0.129816,0.918702,-0.244277,1.174545,-0.561494,1.244424,-0.887229,0.713579,-0.819327,0.749118,-1.145062,0.732843,-1.275194,0.700578,-1.309951,0.445752,-0.888858,0.485744,-1.161038,0.423570,-0.793380,0.437433,-0.657906,0.185306,-0.894749,0.202943,-1.140588,0.166021,-0.772136,0.170826,-0.636454,-0.110565,-0.847186,-0.072639,-1.078820,-0.059472,-0.793416,-0.046937,-0.635985
T,Right,legacy_asl_T_126,-0.014349,-0.003777,0.482445,-0.184195,0.901370,-0.320034,1.120925,-0.658681,1.174682,-0.962030,0.646528,-0.873852,0.656342,-1.192729,0.626462,-1.322857,0.616422,-1.366617,0.412321,-0.923119,0.377788,-1.206909,0.370672,-0.805170,0.403345,-0.687564,0.146039,-0.910632,0.115365,-1.140832,0.101680,-0.794722,0.129017,-0.626702,-0.189223,-0.816035,-0.155882,-1.076663,-0.115077,-0.807607,-0.074616,-0.657301
T,Right,legacy_asl_T_127,0.000000,0.000000,0.468981,-0.160834,0.879658,-0.302441,1.107262,-0.629882,1.152768,-0.952679,0.639379,-0.849413,0.651368,-1.169816,0.626415,-1.295695,0.592501,-1.327370,0.373127,-0.898614,0.393193,-1.167056,0.358130,-0.803878,0.381102,-0.672618,0.118514,-0.886214,0.118596,-1.127389,0.108235,-0.765196,0.122380,-0.633102,-0.166951,-0.819173,-0.146075,-1.047898,-0.113335,-0.770253,-0.090131,-0.617469
T,Right,legacy_asl_T_128,0.000000,0.000000,0.463772,-0.204057,0.869822,-0.383529,1.073483,-0.736522,1.092103,-1.069149,0.578165,-0.919901,0.562859,-1.247211,0.526638,-1.373256,0.489382,-1.402600,0.302803,-0.947140,0.300185,-1.222230,0.295666,-0.849379,0.330332,-0.717683,0.044584,-0.912648,0.023958,-1.158254,0.044509,-0.788528,0.070258,-0.655225,-0.240360,-0.819863,-0.238743,-1.054576,-0.181560,-0.774649,-0.144809,-0.621056
T,Right,legacy_asl_T_129,0.013232,-0.010131,0.471522,-0.166036,0.894461,-0.287757,1.162349,-0.647014,1.146170,-0.985958,0.664592,-0.865437,0.639952,-1.221811,0.666309,-1.340237,0.603736,-1.381457,0.371161,-0.903182,0.378208,-1.186515,0.379495,-0.811192,0.382478,-0.683789,0.121974,-0.870206,0.123670,-1.154208,0.132072,-0.811746,0.146138,-0.651306,-0.181033,-0.828869,-0.147106,-1.060722,-0.112836,-0.754045,-0.082651,-0.639580
T,Right,legacy_asl_T_130,0.000000,0.000000,0.468080,-0.160525,0.877969,-0.301860,1.105137,-0.628673,1.150555,-0.950851,0.638152,-0.847782,0.650117,-1.167571,0.625212,-1.293208,0.591364,-1.324822,0.372411,-0.896889,0.392438,-1.164816,0.357442,-0.802335,0.380370,-0.671327,0.118286,-0.884513,0.118369,-1.125225,0.108027,-0.763728,0.122146,-0.631887,-0.166630,-0.817601,-0.145795,-1.045886,-0.113118,-0.768774,-0.089958,-0.616283
T,Right,legacy_asl_T_131,0.000000,0.000000,0.461708,-0.208686,0.865942,-0.392210,1.066062,-0.747223,1.081354,-1.080019,0.568935,-0.925638,0.550355,-1.252779,0.512876,-1.378455,0.475329,-1.407425,0.293315,-0.950121,0.287945,-1.225171,0.287156,-0.852293,0.323137,-0.720951,0.035453,-0.913048,0.012371,-1.158436,0.036620,-0.788934,0.063701,-0.655895,-0.248548,-0.817418,-0.249279,-1.052135,-0.189299,-0.772795,-0.151014,-0.619576
T,Right,legacy_asl_T_132,0.003306,-0.016266,0.485889,-0.178467,0.907423,-0.324447,1.119402,-0.667892,1.191539,-0.960129,0.662952,-0.866970,0.689584,-1.185952,0.643227,-1.311108,0.601686,-1.354032,0.407820,-0.920343,0.396174,-1.193669,0.353267,-0.819468,0.398340,-0.708636,0.118256,-0.902290,0.131502,-1.172550,0.133588,-0.825606,0.125076,-0.628519,-0.183109,-0.852658,-0.121104,-1.080621,-0.099061,-0.813137,-0.102227,-0.642663
T,Right,legacy_asl_T_133,0.000000,0.000000,0.487828,-0.167297,0.915009,-0.314595,1.151761,-0.655195,1.199095,-0.990965,0.665075,-0.883549,0.677545,-1.216829,0.651589,-1.347766,0.616312,-1.380714,0.388122,-0.934727,0.408995,-1.213957,0.372522,-0.836184,0.396417,-0.699649,0.123277,-0.921829,0.123363,-1.172696,0.112585,-0.795948,0.127299,-0.658545,-0.173660,-0.852094,-0.151946,-1.090011,-0.117890,-0.801207,-0.093753,-0.642283
T,Right,legacy_asl_T_134,0.000000,0.000000,0.476513,-0.172220,0.893772,-0.323815,1.120843,-0.662224,1.161920,-0.992829,0.639064,-0.878686,0.645932,-1.206282,0.618321,-1.334488,0.583135,-1.366285,0.366176,-0.924489,0.382171,-1.199126,0.352442,-0.827434,0.378120,-0.693696,0.106215,-0.907542,0.102249,-1.153981,0.097744,-0.783711,0.114417,-0.648972,-0.184353,-0.834244,-0.166863,-1.068310,-0.128745,-0.785156,-0.102468,-0.629428
T,Right,legacy_asl_T_135,-0.011844,0.012179,0.419889,0.071367,0.932349,-0.102517,1.224135,-0.470014,1.300175,-0.807237,0.810887,-0.763153,0.842501,-1.116251,0.788262,-1.251979,0.690948,-1.289234,0.527272,-0.866377,0.550802,-1.127169,0.450397,-0.714573,0.472271,-0.599918,0.243640,-0.920796,0.255255,-1.136161,0.160771,-0.666933,0.213324,-0.559176,-0.035536,-0.887928,-0.048043,-1.049017,-0.074460,-0.734386,-0.047502,-0.617023
T,Right,legacy_asl_T_136,0.000000,0.000000,0.440055,0.086173,0.977986,-0.106251,1.289847,-0.500661,1.391548,-0.847685,0.865141,-0.829522,0.909611,-1.171509,0.833666,-1.312366,0.765138,-1.358593,0.541644,-0.910167,0.577683,-1.211126,0.463643,-0.763041,0.512132,-0.636880,0.254093,-0.944723,0.252087,-1.183504,0.171787,-0.742477,0.213403,-0.603583,-0.047115,-0.942547,-0.058699,-1.100202,-0.096724,-0.759264,-0.064205,-0.623231
T,Right,legacy_asl_T_137,0.000000,0.000000,0.410142,0.103349,0.926515,-0.050778,1.240138,-0.406550,1.353422,-0.728283,0.856687,-0.737712,0.915812,-1.057586,0.851380,-1.194086,0.789164,-1.241082,0.556052,-0.829977,0.605168,-1.111632,0.475167,-0.695332,0.514478,-0.574057,0.286952,-0.877021,0.297098,-1.102028,0.199233,-0.690676,0.231429,-0.557754,0.003136,-0.890155,0.000172,-1.039233,-0.052830,-0.720022,-0.029058,-0.590255
T,Right,legacy_asl_T_138,0.028859,-0.002674,0.401326,0.103917,0.916834,-0.122318,1.227863,-0.441321,1.285841,-0.793477,0.831472,-0.775016,0.858701,-1.102986,0.788762,-1.247410,0.729610,-1.290441,0.509978,-0.838223,0.560375,-1.149647,0.463154,-0.733999,0.484230,-0.619830,0.235460,-0.894858,0.232230,-1.097041,0.149737,-0.668770,0.197840,-0.572967,-0.040754,-0.874811,-0.022173,-1.043173,-0.090418,-0.701376,-0.064923,-0.595519
T,Right,legacy_asl_T_139,0.000000,0.000000,0.420945,0.082431,0.935516,-0.101637,1.233834,-0.478919,1.331119,-0.810873,0.827571,-0.793500,0.870110,-1.120636,0.797463,-1.255375,0.731911,-1.299595,0.518123,-0.870642,0.552596,-1.158531,0.443509,-0.729905,0.489892,-0.609222,0.243059,-0.903698,0.241139,-1.132109,0.164327,-0.710235,0.204135,-0.577371,-0.045069,-0.901616,-0.056150,-1.052424,-0.092524,-0.726292,-0.061417,-0.596167
T,Right,legacy_asl_T_140,0.000000,0.000000,0.420809,0.042620,0.909288,-0.184944,1.167853,-0.582534,1.233156,-0.917319,0.740328,-0.854427,0.752318,-1.179498,0.668726,-1.305180,0.600338,-1.342631,0.429474,-0.902003,0.437117,-1.187806,0.369024,-0.757028,0.425550,-0.642758,0.156393,-0.909422,0.133717,-1.133514,0.096699,-0.712304,0.147878,-0.585475,-0.126317,-0.881152,-0.150924,-1.028216,-0.156953,-0.704690,-0.114566,-0.579758
T,Right,legacy_asl_T_141,-0.010951,0.002272,0.432193,0.063854,0.904282,-0.101356,1.227990,-0.484536,1.296760,-0.807489,0.817372,-0.777928,0.845386,-1.096116,0.779175,-1.232428,0.718639,-1.270752,0.511925,-0.845206,0.532323,-1.171628,0.458706,-0.713727,0.468617,-0.604201,0.228259,-0.869513,0.225806,-1.128710,0.174496,-0.730003,0.210690,-0.558408,-0.054073,-0.901201,-0.067250,-1.017176,-0.080301,-0.712758,-0.051259,-0.605693
T,Right,legacy_asl_T_142,0.000000,0.000000,0.393250,0.077007,0.873965,-0.094950,1.152657,-0.447410,1.243540,-0.757523,0.773123,-0.741293,0.812863,-1.046906,0.744996,-1.172780,0.683757,-1.214091,0.484034,-0.813360,0.516239,-1.082308,0.414329,-0.681882,0.457660,-0.569140,0.227068,-0.844241,0.225274,-1.057624,0.153516,-0.663506,0.190705,-0.539385,-0.042103,-0.842296,-0.052455,-0.983182,-0.086436,-0.678507,-0.057376,-0.556943
T,Right,legacy_asl_T_143,0.000000,0.000000,0.421106,0.039581,0.907929,-0.191504,1.163617,-0.590950,1.226502,-0.926198,0.734140,-0.859749,0.743783,-1.184899,0.659285,-1.309974,0.590630,-1.346930,0.422951,-0.905080,0.428531,-1.190931,0.363549,-0.759673,0.420898,-0.645813,0.149823,-0.910527,0.125531,-1.134450,0.091554,-0.712983,0.143647,-0.586527,-0.132675,-0.880217,-0.158343,-1.027099,-0.162036,-0.703539,-0.118749,-0.578916
T,Right,legacy_asl_T_144,-0.014609,-0.011327,0.419215,0.089087,0.911986,-0.111011,1.233608,-0.449134,1.298129,-0.797454,0.815382,-0.777966,0.885899,-1.124082,0.783778,-1.216626,0.717217,-1.247278,0.515846,-0.863895,0.531986,-1.156785,0.414899,-0.723961,0.485050,-0.584971,0.240733,-0.871988,0.218413,-1.113220,0.152692,-0.712421,0.209924,-0.584054,-0.031599,-0.875569,-0.039323,-1.044617,-0.074987,-0.708734,-0.043182,-0.585880
T,Right,legacy_asl_T_145,0.000000,0.000000,0.415764,0.081416,0.924001,-0.100386,1.218649,-0.473025,1.314735,-0.800893,0.817386,-0.783733,0.859401,-1.106843,0.787648,-1.239924,0.722903,-1.283600,0.511746,-0.859926,0.545795,-1.144272,0.438050,-0.720921,0.483862,-0.601724,0.240068,-0.892575,0.238172,-1.118175,0.162305,-0.701493,0.201623,-0.570265,-0.044514,-0.890519,-0.055459,-1.039471,-0.091385,-0.717353,-0.060661,-0.588829
T,Right,legacy_asl_T_146,0.000000,0.000000,0.411784,0.096598,0.925556,-0.065989,1.233293,-0.426865,1.341277,-0.750415,0.844454,-0.751684,0.898317,-1.072486,0.831652,-1.207909,0.768673,-1.253877,0.542345,-0.838999,0.586827,-1.121423,0.463682,-0.703043,0.504980,-0.582430,0.272508,-0.881616,0.278957,-1.106760,0.187861,-0.693855,0.222236,-0.561480,-0.011486,-0.890086,-0.016898,-1.039096,-0.064650,-0.719057,-0.038749,-0.589698
T,Right,legacy_asl_T_147,0.006108,-0.016748,-0.119530,-0.049550,-0.324992,-0.468076,-0.299530,-1.142171,-0.218533,-1.756484,-0.675560,-0.097436,-0.579232,-1.016484,-0.339380,-1.242657,-0.281956,-1.434637,-0.973300,-0.237530,-0.770422,-1.303692,-0.508110,-1.410283,-0.545314,-1.413928,-1.283821,-0.460518,-1.066223,-1.495262,-0.743587,-1.457955,-0.832271,-1.360332,-1.586729,-0.733727,-1.405056,-1.532723,-1.156340,-1.441379,-1.144581,-1.292401
T,Right,legacy_asl_T_148,0.000000,0.000000,-0.134964,-0.042550,-0.325847,-0.494374,-0.332553,-1.196183,-0.225899,-1.795064,-0.670479,-0.116875,-0.603933,-1.073402,-0.366326,-1.306285,-0.316107,-1.474173,-1.003873,-0.255213,-0.798735,-1.376808,-0.519600,-1.449281,-0.553377,-1.491687,-1.318454,-0.470786,-1.067081,-1.559224,-0.786663,-1.508254,-0.834963,-1.419192,-1.628000,-0.765479,-1.454333,-1.571537,-1.190936,-1.484074,-1.179332,-1.311890
T,Right,legacy_asl_T_149,0.000000,0.000000,-0.129219,-0.042471,-0.307405,-0.478950,-0.305661,-1.153544,-0.196166,-1.727890,-0.643041,-0.120154,-0.567920,-1.038706,-0.336836,-1.259759,-0.286611,-1.420532,-0.961855,-0.257002,-0.751605,-1.332585,-0.482480,-1.398982,-0.514449,-1.440133,-1.261685,-0.467863,-1.007387,-1.511039,-0.738468,-1.458778,-0.785930,-1.373744,-1.555754,-0.754708,-1.379435,-1.527392,-1.127301,-1.440257,-1.118158,-1.274634
T,Right,legacy_asl_T_150,0.002075,-0.011740,-0.122363,-0.019077,-0.319501,-0.493629,-0.315911,-1.147426,-0.208608,-1.748355,-0.630045,-0.104177,-0.587850,-1.037217,-0.340797,-1.258784,-0.306788,-1.413818,-0.986845,-0.255421,-0.763032,-1.319005,-0.521094,-1.401372,-0.528958,-1.458406,-1.279181,-0.444508,-1.005701,-1.507404,-0.734433,-1.462016,-0.797541,-1.354819,-1.567495,-0.721534,-1.388428,-1.526292,-1.148186,-1.418261,-1.130687,-1.254126
T,Right,legacy_asl_T_151,0.000000,0.000000,-0.135615,-0.042756,-0.327419,-0.496760,-0.334158,-1.201956,-0.226989,-1.803727,-0.673715,-0.117439,-0.606848,-1.078583,-0.368094,-1.312590,-0.317633,-1.481288,-1.008718,-0.256444,-0.802590,-1.383453,-0.522108,-1.456276,-0.556048,-1.498886,-1.324817,-0.473058,-1.072231,-1.566750,-0.790459,-1.515533,-0.838993,-1.426042,-1.635857,-0.769174,-1.461353,-1.579122,-1.196683,-1.491237,-1.185023,-1.318222
T,Right,legacy_asl_T_152,0.000000,0.000000,-0.133023,-0.028393,-0.356914,-0.443287,-0.427400,-1.114191,-0.380023,-1.696959,-0.652208,-0.050621,-0.675858,-0.971936,-0.469767,-1.216458,-0.437043,-1.381684,-0.983841,-0.152551,-0.889949,-1.244461,-0.629479,-1.339289,-0.665670,-1.376781,-1.304523,-0.330101,-1.163366,-1.394506,-0.890398,-1.371335,-0.928483,-1.281709,-1.627610,-0.583815,-1.535026,-1.370935,-1.275013,-1.311293,-1.248191,-1.147600
T,Right,legacy_asl_T_153,-0.019606,0.001832,-0.130624,-0.015822,-0.312337,-0.490111,-0.336813,-1.141039,-0.208576,-1.736851,-0.642779,-0.117626,-0.592900,-1.036222,-0.366618,-1.290036,-0.310094,-1.385421,-0.951763,-0.240352,-0.753745,-1.320494,-0.497439,-1.396192,-0.530433,-1.416945,-1.258458,-0.466835,-1.020592,-1.478997,-0.763219,-1.471576,-0.789276,-1.357055,-1.543478,-0.758479,-1.398421,-1.493921,-1.123206,-1.438749,-1.118545,-1.281300
T,Right,legacy_asl_T_154,0.000000,0.000000,-0.127024,-0.040047,-0.306677,-0.465290,-0.312989,-1.125811,-0.212609,-1.689460,-0.631035,-0.109999,-0.568404,-1.010254,-0.344776,-1.229436,-0.297511,-1.387448,-0.944816,-0.240199,-0.751745,-1.295810,-0.489032,-1.364020,-0.520822,-1.403931,-1.240889,-0.443090,-1.004305,-1.467495,-0.740383,-1.419523,-0.785842,-1.335701,-1.532225,-0.720446,-1.368775,-1.479084,-1.120873,-1.396766,-1.109952,-1.234712
T,Right,legacy_asl_T_155,0.000000,0.000000,-0.131038,-0.036472,-0.329146,-0.464278,-0.358485,-1.138236,-0.275569,-1.717017,-0.647894,-0.090399,-0.615175,-1.011436,-0.394521,-1.242901,-0.351756,-1.405818,-0.972674,-0.212413,-0.812205,-1.296540,-0.546425,-1.375267,-0.580255,-1.414901,-1.281902,-0.409235,-1.075937,-1.463019,-0.804896,-1.423204,-0.848389,-1.336074,-1.588874,-0.682226,-1.448344,-1.462214,-1.192463,-1.386788,-1.175698,-1.221762
T,Right,legacy_asl_T_156,0.023790,0.011324,-0.154722,-0.051366,-0.322043,-0.468044,-0.311774,-1.142963,-0.192296,-1.714771,-0.631634,-0.105773,-0.596797,-1.052251,-0.360740,-1.261201,-0.297531,-1.421660,-0.967244,-0.248053,-0.754108,-1.318598,-0.515486,-1.403954,-0.547553,-1.431725,-1.282569,-0.455322,-1.026001,-1.473603,-0.766043,-1.440363,-0.794738,-1.364600,-1.555493,-0.746945,-1.396124,-1.524300,-1.138102,-1.430783,-1.150004,-1.256688
T,Right,legacy_asl_T_157,0.000000,0.000000,-0.135136,-0.042605,-0.326262,-0.495004,-0.332977,-1.197707,-0.226187,-1.797351,-0.671334,-0.117024,-0.604703,-1.074770,-0.366793,-1.307949,-0.316510,-1.476052,-1.005153,-0.255538,-0.799753,-1.378562,-0.520262,-1.451128,-0.554082,-1.493588,-1.320134,-0.471386,-1.068441,-1.561211,-0.787665,-1.510176,-0.836027,-1.421001,-1.630074,-0.766455,-1.456187,-1.573540,-1.192453,-1.485966,-1.180834,-1.313562
T,Right,legacy_asl_T_158,0.000000,0.000000,-0.129863,-0.040457,-0.314812,-0.474114,-0.323554,-1.148654,-0.222999,-1.724632,-0.644831,-0.110145,-0.583996,-1.029753,-0.356376,-1.254371,-0.308656,-1.415905,-0.965733,-0.242021,-0.772227,-1.320741,-0.504166,-1.391314,-0.536771,-1.431963,-1.268805,-0.448196,-1.030751,-1.495198,-0.761053,-1.447124,-0.807187,-1.361362,-1.567297,-0.730436,-1.403009,-1.505767,-1.149551,-1.422561,-1.137835,-1.257100
T,Right,legacy_asl_T_159,-0.034719,0.005318,0.444355,-0.140253,0.856348,-0.467967,0.979338,-0.846564,1.067045,-1.158815,0.511117,-0.941793,0.534922,-1.305304,0.484744,-1.411619,0.371022,-1.376253,0.254984,-0.955031,0.283282,-1.261538,0.243491,-0.883181,0.209168,-0.573890,-0.018099,-0.906081,0.004658,-1.165829,0.012260,-0.785410,0.025137,-0.498921,-0.312533,-0.799576,-0.301118,-1.018682,-0.210992,-0.768897,-0.159196,-0.554988
T,Right,legacy_asl_T_160,0.000000,0.000000,0.437107,-0.141947,0.833990,-0.443774,0.992524,-0.807914,1.059869,-1.137569,0.528658,-0.934863,0.527726,-1.288899,0.457183,-1.388415,0.357699,-1.375098,0.246828,-0.957706,0.264274,-1.245961,0.246225,-0.858225,0.233312,-0.563667,-0.020584,-0.907890,-0.003224,-1.163987,0.012029,-0.771740,0.014817,-0.511432,-0.309829,-0.801452,-0.259743,-1.032505,-0.208693,-0.754827,-0.191999,-0.550510
T,Right,legacy_asl_T_161,0.000000,0.000000,0.443108,-0.138212,0.847475,-0.438361,1.011864,-0.804245,1.083753,-1.136374,0.544894,-0.937908,0.548117,-1.295464,0.478046,-1.396796,0.377419,-1.384517,0.260540,-0.964293,0.281550,-1.255199,0.258760,-0.863833,0.242255,-0.566509,-0.010108,-0.917129,0.010436,-1.175560,0.021226,-0.779247,0.020980,-0.516326,-0.303471,-0.813039,-0.250172,-1.045792,-0.201882,-0.764763,-0.187426,-0.558224
T,Right,legacy_asl_T_162,-0.001570,0.004458,0.450781,-0.125999,0.857582,-0.442083,0.990723,-0.813960,1.072412,-1.157006,0.518660,-0.957226,0.547856,-1.320302,0.448419,-1.391991,0.381237,-1.384447,0.258591,-0.949231,0.280604,-1.262027,0.258536,-0.879541,0.252741,-0.589807,-0.032451,-0.902771,-0.005401,-1.175158,0.027801,-0.751299,0.007750,-0.501830,-0.286648,-0.800895,-0.246867,-1.031619,-0.233162,-0.748297,-0.191283,-0.566629
T,Right,legacy_asl_T_163,0.000000,0.000000,0.411296,-0.133565,0.784745,-0.417569,0.933917,-0.760208,0.997285,-1.070397,0.497441,-0.879661,0.496564,-1.212792,0.430187,-1.306432,0.336577,-1.293901,0.232254,-0.901155,0.248669,-1.172389,0.231686,-0.807548,0.219535,-0.530384,-0.019369,-0.854281,-0.003034,-1.095255,0.011318,-0.726170,0.013942,-0.481233,-0.291534,-0.754128,-0.244406,-0.971537,-0.196370,-0.710256,-0.180662,-0.518003
T,Right,legacy_asl_T_164,0.000000,0.000000,0.433187,-0.166722,0.817189,-0.492520,0.957447,-0.868316,1.007596,-1.204416,0.482776,-0.971343,0.462751,-1.328353,0.386242,-1.424916,0.286626,-1.406122,0.197309,-0.979189,0.199365,-1.270846,0.202063,-0.878826,0.204919,-0.581057,-0.069701,-0.914533,-0.065999,-1.173752,-0.029471,-0.778978,-0.012626,-0.516598,-0.355678,-0.791594,-0.317620,-1.027319,-0.251165,-0.750023,-0.223315,-0.544861
T,Right,legacy_asl_T_165,0.026760,0.002320,0.453406,-0.120033,0.851706,-0.456559,0.990286,-0.806684,1.068703,-1.135386,0.570183,-0.909733,0.529192,-1.319735,0.458277,-1.421468,0.327844,-1.385842,0.224526,-0.983863,0.274413,-1.277282,0.250169,-0.865168,0.235721,-0.555014,-0.037954,-0.921328,-0.015902,-1.195804,0.005147,-0.788429,0.004302,-0.517883,-0.314628,-0.808093,-0.264089,-1.056542,-0.245279,-0.759989,-0.201371,-0.546075
T,Right,legacy_asl_T_166,0.000000,0.000000,0.449840,-0.146082,0.858285,-0.456701,1.021437,-0.831449,1.090743,-1.170706,0.544057,-0.962096,0.543098,-1.326445,0.470501,-1.428860,0.368119,-1.415155,0.254019,-0.985605,0.271973,-1.282256,0.253397,-0.883225,0.240108,-0.580087,-0.021184,-0.934337,-0.003318,-1.197894,0.012379,-0.794221,0.015249,-0.526330,-0.318854,-0.824799,-0.267310,-1.062582,-0.214772,-0.776816,-0.197592,-0.566547
T,Right,legacy_asl_T_167,0.000000,0.000000,0.430742,-0.172940,0.810015,-0.504232,0.944849,-0.882008,0.990155,-1.218795,0.468744,-0.978192,0.443583,-1.334876,0.365692,-1.430328,0.266356,-1.410102,0.183194,-0.981928,0.181052,-1.273584,0.189392,-0.881644,0.196533,-0.583947,-0.082858,-0.913435,-0.082887,-1.172680,-0.040680,-0.778474,-0.020061,-0.516363,-0.367035,-0.786392,-0.332375,-1.022641,-0.261935,-0.746330,-0.231134,-0.541590
T,Right,legacy_asl_T_168,-0.001069,0.001974,0.461284,-0.164121,0.831521,-0.438365,0.998952,-0.807844,1.092296,-1.164371,0.533598,-0.943736,0.537028,-1.300338,0.462472,-1.399783,0.354227,-1.419959,0.247059,-0.973139,0.266116,-1.228289,0.236963,-0.873739,0.214154,-0.552041,-0.051311,-0.925893,-0.011793,-1.158689,0.037735,-0.790201,0.039293,-0.475368,-0.323449,-0.791145,-0.249712,-1.042483,-0.227441,-0.787767,-0.176226,-0.565175
T,Right,legacy_asl_T_169,0.000000,0.000000,0.439425,-0.142700,0.838415,-0.446128,0.997790,-0.812200,1.065491,-1.143603,0.531462,-0.939822,0.530525,-1.295737,0.459609,-1.395781,0.359596,-1.382393,0.248138,-0.962787,0.265676,-1.252571,0.247531,-0.862778,0.234550,-0.566658,-0.020694,-0.912706,-0.003241,-1.170162,0.012093,-0.775834,0.014896,-0.514145,-0.311472,-0.805704,-0.261121,-1.037982,-0.209800,-0.758832,-0.193018,-0.553431
T,Right,legacy_asl_T_170,0.000000,0.000000,0.444615,-0.133285,0.852289,-0.428927,1.020728,-0.792964,1.096299,-1.124275,0.555270,-0.931803,0.562462,-1.289300,0.493520,-1.391404,0.392763,-1.380243,0.271227,-0.961342,0.295464,-1.251997,0.268332,-0.860908,0.248527,-0.563785,0.000072,-0.917185,0.023483,-1.175372,0.029874,-0.778963,0.026710,-0.516061,-0.294428,-0.816357,-0.238549,-1.048505,-0.193381,-0.766956,-0.181218,-0.560270
T,Right,legacy_asl_T_171,-0.009399,0.005303,0.412752,-0.114838,0.846067,-0.288006,1.111107,-0.624647,1.153195,-0.970780,0.672890,-0.898918,0.699514,-1.230248,0.599555,-1.414731,0.462815,-1.484570,0.389499,-0.927185,0.347003,-1.222805,0.328825,-0.802288,0.355438,-0.649581,0.130564,-0.889764,0.090106,-1.146475,0.058727,-0.759109,0.122185,-0.649020,-0.152483,-0.885573,-0.185287,-1.052865,-0.162765,-0.782736,-0.106700,-0.657295
T,Right,legacy_asl_T_172,0.000000,0.000000,0.411060,-0.104467,0.825794,-0.283037,1.056566,-0.621775,1.133125,-0.934662,0.671925,-0.862067,0.672116,-1.197474,0.580315,-1.350852,0.455135,-1.426967,0.379190,-0.888656,0.345784,-1.172337,0.306953,-0.774641,0.363104,-0.634688,0.117685,-0.880059,0.069072,-1.122398,0.071972,-0.749619,0.119593,-0.617195,-0.151080,-0.833608,-0.190669,-1.044768,-0.159948,-0.757744,-0.118904,-0.618944
T,Right,legacy_asl_T_173,0.000000,0.000000,0.427410,-0.100057,0.860073,-0.276725,1.105505,-0.622736,1.190852,-0.945013,0.712181,-0.878918,0.718943,-1.225994,0.626949,-1.386506,0.498902,-1.467721,0.409779,-0.912162,0.380762,-1.206369,0.332796,-0.795592,0.388162,-0.649670,0.139005,-0.908384,0.093442,-1.160108,0.089148,-0.774299,0.135834,-0.636334,-0.140023,-0.865576,-0.176858,-1.084859,-0.150685,-0.787246,-0.110928,-0.642811
T,Right,legacy_asl_T_174,-0.003070,0.013950,0.425766,-0.132271,0.856239,-0.288920,1.092613,-0.658009,1.175360,-0.966624,0.677828,-0.919299,0.665448,-1.241907,0.609156,-1.385096,0.449050,-1.518927,0.406826,-0.927888,0.365088,-1.227260,0.296561,-0.816452,0.384601,-0.673740,0.083843,-0.913692,0.092531,-1.171893,0.073535,-0.787111,0.118167,-0.630906,-0.181656,-0.856813,-0.186080,-1.087689,-0.154972,-0.775231,-0.129085,-0.656977
T,Right,legacy_asl_T_175,0.000000,0.000000,0.408090,-0.103712,0.819828,-0.280992,1.048933,-0.617283,1.124938,-0.927909,0.667071,-0.855838,0.667260,-1.188822,0.576123,-1.341092,0.451847,-1.416658,0.376451,-0.882236,0.343286,-1.163868,0.304735,-0.769044,0.360480,-0.630102,0.116835,-0.873701,0.068573,-1.114289,0.071452,-0.744203,0.118729,-0.612736,-0.149989,-0.827586,-0.189292,-1.037219,-0.158792,-0.752270,-0.118045,-0.614472
T,Right,legacy_asl_T_176,0.000000,0.000000,0.419122,-0.130489,0.837982,-0.337769,1.057936,-0.700509,1.119921,-1.028083,0.647232,-0.927788,0.629054,-1.274453,0.525772,-1.427946,0.392224,-1.499756,0.343223,-0.939231,0.293155,-1.230596,0.274809,-0.817435,0.340510,-0.675865,0.073419,-0.916020,0.009899,-1.163823,0.033319,-0.778701,0.089791,-0.644445,-0.201815,-0.853288,-0.254300,-1.069359,-0.206824,-0.774394,-0.156799,-0.633187
T,Right,legacy_asl_T_177,0.018588,-0.006480,0.449156,-0.104800,0.844450,-0.298671,1.117529,-0.643493,1.156319,-0.992705,0.704755,-0.922946,0.693782,-1.225425,0.618546,-1.406974,0.431826,-1.490015,0.402139,-0.915424,0.375804,-1.230436,0.304389,-0.816775,0.361937,-0.657725,0.119686,-0.897869,0.088032,-1.166495,0.083199,-0.765548,0.124010,-0.637161,-0.158779,-0.852775,-0.199607,-1.065521,-0.175558,-0.776810,-0.127199,-0.630675
T,Right,legacy_asl_T_178,0.000000,0.000000,0.400065,-0.101672,0.803706,-0.275466,1.028305,-0.605143,1.102816,-0.909661,0.653952,-0.839008,0.654138,-1.165443,0.564793,-1.314719,0.442961,-1.388798,0.369048,-0.864886,0.336535,-1.140979,0.298742,-0.753921,0.353391,-0.617711,0.114537,-0.856519,0.067224,-1.092376,0.070047,-0.729568,0.116394,-0.600686,-0.147039,-0.811311,-0.185569,-1.016822,-0.155670,-0.737476,-0.115723,-0.602388
T,Right,legacy_asl_T_179,0.000000,0.000000,0.426929,-0.102094,0.858744,-0.280822,1.102524,-0.627998,1.186334,-0.950679,0.707983,-0.882303,0.713091,-1.229407,0.620333,-1.389479,0.491900,-1.470082,0.405426,-0.914105,0.375007,-1.208171,0.329000,-0.797170,0.385061,-0.651513,0.134673,-0.909036,0.087911,-1.160540,0.085456,-0.774715,0.132799,-0.636974,-0.144148,-0.864899,-0.182027,-1.084004,-0.154436,-0.786518,-0.113991,-0.642275
T,Right,legacy_asl_T_180,0.024706,-0.008042,0.412229,-0.103367,0.865983,-0.307082,1.087009,-0.641609,1.169882,-0.964239,0.698131,-0.885533,0.668697,-1.211506,0.611449,-1.441599,0.471713,-1.486241,0.398515,-0.906088,0.368122,-1.207521,0.300520,-0.797160,0.367309,-0.662193,0.107508,-0.925821,0.069760,-1.154409,0.080074,-0.748504,0.134207,-0.628002,-0.157276,-0.827226,-0.188651,-1.088732,-0.183885,-0.767628,-0.130119,-0.641018
T,Right,legacy_asl_T_181,0.000000,0.000000,0.451058,-0.114632,0.906149,-0.310578,1.159375,-0.682277,1.243383,-1.025609,0.737307,-0.945950,0.737517,-1.313994,0.636783,-1.482296,0.499422,-1.565819,0.416088,-0.975127,0.379430,-1.286412,0.336821,-0.850017,0.398436,-0.696446,0.129137,-0.965693,0.075793,-1.231613,0.078976,-0.822561,0.131230,-0.677251,-0.165781,-0.914723,-0.209223,-1.146429,-0.175512,-0.831477,-0.130474,-0.679170
T,Right,legacy_asl_T_182,0.000000,0.000000,0.427307,-0.100498,0.859787,-0.277611,1.104863,-0.623874,1.189878,-0.946239,0.711275,-0.879651,0.717680,-1.226734,0.625520,-1.387152,0.497390,-1.468234,0.408839,-0.912583,0.379519,-1.206761,0.331976,-0.795935,0.387492,-0.650069,0.138069,-0.908526,0.092247,-1.160203,0.088350,-0.774390,0.135178,-0.636474,-0.140915,-0.865432,-0.177975,-1.084676,-0.151496,-0.787090,-0.111591,-0.642697
T,Right,legacy_asl_T_183,-0.003836,-0.008631,0.461750,-0.102660,0.913251,-0.264013,1.123920,-0.621001,1.179704,-0.976447,0.622849,-0.874820,0.652689,-1.284347,0.695565,-1.367271,0.681840,-1.383722,0.316560,-0.937413,0.427138,-1.201689,0.368335,-0.822331,0.390567,-0.675266,0.073519,-0.944366,0.154155,-1.153091,0.146494,-0.742089,0.135316,-0.626678,-0.186924,-0.889426,-0.112572,-1.078840,-0.101045,-0.774097,-0.122526,-0.621176
T,Right,legacy_asl_T_184,0.000000,0.000000,0.485451,-0.103497,0.936146,-0.292521,1.144579,-0.654390,1.206283,-0.997750,0.623556,-0.922089,0.665150,-1.294099,0.678803,-1.414867,0.676369,-1.415311,0.334839,-0.966436,0.437565,-1.236714,0.396981,-0.821470,0.392852,-0.675150,0.079114,-0.954763,0.154166,-1.178326,0.146015,-0.768112,0.130030,-0.624252,-0.210612,-0.898876,-0.128686,-1.104882,-0.091915,-0.794678,-0.106610,-0.652457
T,Right,legacy_asl_T_185,0.000000,0.000000,0.477020,-0.089146,0.922187,-0.262743,1.134851,-0.611264,1.203650,-0.945323,0.632245,-0.885789,0.682100,-1.248348,0.698431,-1.366044,0.696063,-1.366537,0.351163,-0.936273,0.458248,-1.197891,0.408311,-0.793052,0.400657,-0.650147,0.100938,-0.931190,0.179821,-1.147834,0.161708,-0.747110,0.142526,-0.606902,-0.183611,-0.883734,-0.098444,-1.083050,-0.070178,-0.778959,-0.088058,-0.640321
T,Right,legacy_asl_T_186,0.015938,-0.013217,0.468211,-0.108184,0.930653,-0.281405,1.112705,-0.672495,1.186506,-0.998911,0.601420,-0.894178,0.666530,-1.257721,0.662450,-1.399116,0.657345,-1.384267,0.344522,-0.936555,0.422997,-1.211782,0.368310,-0.823193,0.370927,-0.673063,0.102087,-0.933538,0.161686,-1.155896,0.148285,-0.759297,0.114401,-0.599297,-0.198667,-0.884657,-0.115011,-1.093206,-0.082696,-0.772666,-0.090580,-0.636998
T,Right,legacy_asl_T_187,0.000000,0.000000,0.459852,-0.098039,0.886781,-0.277096,1.084223,-0.619883,1.142673,-0.945136,0.590674,-0.873465,0.630075,-1.225859,0.643009,-1.340258,0.640703,-1.340678,0.317182,-0.915474,0.414491,-1.171500,0.376047,-0.778152,0.372136,-0.639547,0.074942,-0.904416,0.146037,-1.116190,0.138315,-0.727608,0.123173,-0.591333,-0.199506,-0.851476,-0.121900,-1.046619,-0.087068,-0.752773,-0.100989,-0.618051
T,Right,legacy_asl_T_188,0.000000,0.000000,0.467049,-0.131760,0.894765,-0.344758,1.075165,-0.711021,1.113588,-1.049920,0.549870,-0.939148,0.566857,-1.304724,0.572518,-1.423413,0.570116,-1.423691,0.265382,-0.964103,0.348462,-1.234305,0.335202,-0.826613,0.340453,-0.683599,0.016633,-0.936497,0.075677,-1.159367,0.093740,-0.758640,0.087268,-0.617275,-0.262483,-0.863598,-0.195619,-1.069776,-0.140072,-0.769469,-0.145389,-0.629784
T,Right,legacy_asl_T_189,-0.008098,-0.013700,0.476750,-0.142185,0.921842,-0.276476,1.100051,-0.605358,1.163811,-0.965383,0.605308,-0.896420,0.632409,-1.269876,0.622602,-1.350549,0.654948,-1.362750,0.332548,-0.956263,0.446630,-1.212465,0.402004,-0.817950,0.411779,-0.656065,0.079221,-0.925315,0.168095,-1.152880,0.122119,-0.771978,0.106099,-0.621871,-0.214055,-0.892123,-0.133796,-1.065480,-0.096648,-0.754835,-0.085850,-0.655181
T,Right,legacy_asl_T_190,0.000000,0.000000,0.478127,-0.101935,0.922023,-0.288108,1.127311,-0.644518,1.188084,-0.982697,0.614148,-0.908177,0.655115,-1.274576,0.668562,-1.393522,0.666165,-1.393958,0.329788,-0.951856,0.430964,-1.218056,0.390991,-0.809077,0.386925,-0.664964,0.077920,-0.940359,0.151840,-1.160549,0.143812,-0.756524,0.128068,-0.614834,-0.207435,-0.885315,-0.126744,-1.088213,-0.090528,-0.782689,-0.105002,-0.642613
T,Right,legacy_asl_T_191,0.000000,0.000000,0.477552,-0.086254,0.923762,-0.257151,1.138534,-0.604377,1.209356,-0.938013,0.637600,-0.881942,0.689651,-1.244192,0.706694,-1.361787,0.704329,-1.362295,0.356829,-0.934128,0.465497,-1.195093,0.413109,-0.790564,0.404589,-0.647707,0.106578,-0.930561,0.186772,-1.146724,0.166232,-0.746116,0.146201,-0.606027,-0.178253,-0.884830,-0.091880,-1.083626,-0.065457,-0.779370,-0.084177,-0.640843
T,Right,legacy_asl_T_192,0.013421,-0.009228,0.462663,-0.106165,0.908384,-0.258096,1.115227,-0.632474,1.169492,-0.958054,0.634106,-0.877630,0.670274,-1.257186,0.673880,-1.384388,0.650149,-1.383312,0.334580,-0.930142,0.438611,-1.203635,0.380358,-0.812097,0.388197,-0.630575,0.076125,-0.920832,0.119221,-1.157851,0.131873,-0.757435,0.115052,-0.619475,-0.212737,-0.881503,-0.117077,-1.093390,-0.103137,-0.802000,-0.121065,-0.645242
T,Right,legacy_asl_T_193,0.000000,0.000000,0.495382,-0.105614,0.955296,-0.298505,1.167992,-0.667777,1.230958,-1.018159,0.636311,-0.940951,0.678757,-1.320571,0.692689,-1.443810,0.690205,-1.444262,0.341689,-0.986205,0.446516,-1.262012,0.405101,-0.838274,0.400888,-0.688960,0.080732,-0.974294,0.157320,-1.202429,0.149002,-0.783824,0.132689,-0.637021,-0.214921,-0.917263,-0.131318,-1.127483,-0.093795,-0.810934,-0.108791,-0.665803
T,Right,legacy_asl_T_194,0.000000,0.000000,0.473779,-0.105016,0.912904,-0.293373,1.113819,-0.648797,1.171431,-0.984966,0.602331,-0.906395,0.640058,-1.270417,0.652452,-1.388592,0.650069,-1.389006,0.319720,-0.947471,0.418015,-1.212517,0.381617,-0.806237,0.378736,-0.663156,0.069805,-0.934040,0.141414,-1.153196,0.136684,-0.752090,0.122192,-0.611320,-0.213002,-0.877114,-0.134534,-1.079161,-0.096136,-0.776183,-0.109379,-0.637026
T,Right,legacy_asl_T_195,-0.008400,-0.004962,0.424058,-0.059291,0.873514,-0.309742,1.137838,-0.653736,1.360379,-0.911732,0.669150,-0.850311,0.725568,-1.219426,0.715430,-1.233443,0.612468,-1.125009,0.348387,-0.923301,0.391704,-1.159236,0.339764,-0.774288,0.319217,-0.469977,0.080099,-0.909328,0.112819,-1.126231,0.083537,-0.686106,0.048540,-0.404277,-0.220690,-0.874811,-0.158557,-1.034772,-0.161148,-0.791708,-0.151863,-0.527547
T,Right,legacy_asl_T_196,0.000000,0.000000,0.474071,-0.052205,0.940426,-0.348418,1.204185,-0.693278,1.451090,-0.963324,0.708703,-0.916047,0.794931,-1.295723,0.748434,-1.336864,0.666283,-1.202216,0.392053,-0.989125,0.438086,-1.240813,0.356890,-0.839971,0.314530,-0.478485,0.085893,-0.990077,0.128665,-1.170674,0.079378,-0.747503,0.064919,-0.428692,-0.230104,-0.938653,-0.160749,-1.144079,-0.149015,-0.830311,-0.135827,-0.576143
T,Right,legacy_asl_T_197,0.000000,0.000000,0.443869,-0.041223,0.884420,-0.310603,1.136413,-0.628678,1.371463,-0.877106,0.676923,-0.844769,0.763564,-1.198214,0.720767,-1.237403,0.641845,-1.112881,0.382169,-0.918116,0.429203,-1.152592,0.346928,-0.779287,0.301573,-0.442142,0.096067,-0.923891,0.138921,-1.091982,0.086108,-0.697300,0.067509,-0.399592,-0.200064,-0.880874,-0.131971,-1.071746,-0.126012,-0.778332,-0.117743,-0.540592
T,Right,legacy_asl_T_198,-0.007663,-0.003894,0.428254,-0.072977,0.867398,-0.363906,1.123558,-0.623439,1.362186,-0.914067,0.647711,-0.867705,0.742630,-1.237294,0.687005,-1.249466,0.613459,-1.138072,0.369691,-0.925652,0.422339,-1.146921,0.326549,-0.791178,0.297751,-0.458584,0.108800,-0.935070,0.136570,-1.082106,0.060805,-0.679429,0.064455,-0.407274,-0.237829,-0.851774,-0.136439,-1.086086,-0.146437,-0.738491,-0.169199,-0.543225
T,Right,legacy_asl_T_199,0.000000,0.000000,0.421408,-0.046406,0.835957,-0.309713,1.070415,-0.616263,1.289892,-0.856310,0.629975,-0.814285,0.706624,-1.151784,0.665292,-1.188355,0.592267,-1.068665,0.348501,-0.879246,0.389420,-1.102974,0.317244,-0.746661,0.279589,-0.425331,0.076352,-0.880092,0.114372,-1.040627,0.070560,-0.664465,0.057707,-0.381070,-0.204542,-0.834380,-0.142892,-1.016986,-0.132461,-0.738074,-0.120739,-0.512140
T,Right,legacy_asl_T_200,0.000000,0.000000,0.444345,-0.035730,0.888194,-0.299640,1.144102,-0.614574,1.382208,-0.860075,0.687320,-0.836332,0.778326,-1.188678,0.736018,-1.228393,0.655562,-1.104857,0.393496,-0.913319,0.443427,-1.147195,0.356540,-0.774936,0.307019,-0.438378,0.107488,-0.922632,0.152417,-1.090180,0.094727,-0.696182,0.072446,-0.398726,-0.189152,-0.883281,-0.118704,-1.073296,-0.116375,-0.779831,-0.111047,-0.542007
T,Right,legacy_asl_T_201,0.002823,0.006016,0.448000,-0.050944,0.890844,-0.333240,1.120081,-0.656848,1.348059,-0.906236,0.642033,-0.869260,0.752400,-1.191293,0.685171,-1.213745,0.648622,-1.130509,0.376910,-0.912542,0.407766,-1.153164,0.321526,-0.783743,0.303284,-0.465142,0.088677,-0.920230,0.123152,-1.053774,0.073302,-0.718279,0.030980,-0.392260,-0.214340,-0.864804,-0.127958,-1.046439,-0.125208,-0.768411,-0.141668,-0.527687
T,Right,legacy_asl_T_202,0.000000,0.000000,0.437011,-0.048124,0.866908,-0.321180,1.110047,-0.639081,1.337651,-0.888016,0.653300,-0.844435,0.732787,-1.194430,0.689925,-1.232354,0.614196,-1.108233,0.361405,-0.911800,0.403838,-1.143812,0.328990,-0.774306,0.289941,-0.441079,0.079179,-0.912678,0.118607,-1.079157,0.073173,-0.689067,0.059844,-0.395179,-0.212116,-0.865273,-0.148182,-1.054641,-0.137366,-0.765401,-0.125209,-0.531103
T,Right,legacy_asl_T_203,0.000000,0.000000,0.438736,-0.078928,0.854708,-0.384898,1.078657,-0.723305,1.291664,-0.990873,0.602412,-0.899422,0.658595,-1.258968,0.612612,-1.294364,0.544597,-1.163565,0.302477,-0.947364,0.329343,-1.184996,0.279204,-0.806035,0.262767,-0.466250,0.016925,-0.928717,0.045287,-1.099851,0.026327,-0.702104,0.033184,-0.403893,-0.274458,-0.860603,-0.222892,-1.056586,-0.191931,-0.764749,-0.163417,-0.528581
T,Right,legacy_asl_T_204,-0.007452,0.015927,0.463423,-0.074377,0.865874,-0.304267,1.108196,-0.655917,1.371351,-0.920238,0.661793,-0.864698,0.716966,-1.177538,0.704504,-1.253860,0.626894,-1.147662,0.363328,-0.921634,0.397951,-1.139738,0.350790,-0.767947,0.304197,-0.459565,0.087691,-0.929822,0.088695,-1.126873,0.048721,-0.723941,0.035069,-0.397807,-0.214194,-0.871148,-0.132560,-1.066963,-0.125009,-0.811686,-0.141817,-0.518918
T,Right,legacy_asl_T_205,0.000000,0.000000,0.463928,-0.051088,0.920304,-0.340962,1.178418,-0.678443,1.420041,-0.942711,0.693538,-0.896446,0.777922,-1.267998,0.732419,-1.308259,0.652026,-1.176492,0.383665,-0.967961,0.428712,-1.214263,0.349253,-0.821998,0.307799,-0.468246,0.084055,-0.968892,0.125912,-1.145625,0.077680,-0.731508,0.063530,-0.419519,-0.225180,-0.918568,-0.157309,-1.119599,-0.145827,-0.812545,-0.132921,-0.563815
T,Right,legacy_asl_T_206,0.000000,0.000000,0.437352,-0.086266,0.848140,-0.399162,1.066389,-0.741273,1.274884,-1.012372,0.587260,-0.909387,0.637412,-1.269824,0.590842,-1.304445,0.525028,-1.172525,0.286564,-0.952298,0.309446,-1.190347,0.265662,-0.810599,0.254919,-0.470587,0.001365,-0.928871,0.026856,-1.100456,0.014561,-0.702446,0.026414,-0.404392,-0.288837,-0.855884,-0.240561,-1.052704,-0.204716,-0.761427,-0.172249,-0.525769
T,Right,legacy_asl_T_207,-0.009445,0.017277,0.467656,-0.056287,0.952159,-0.159419,1.222538,-0.524886,1.275157,-0.851482,0.823265,-0.769549,0.852577,-1.125590,0.758912,-1.215210,0.743896,-1.275452,0.540724,-0.867167,0.563835,-1.171436,0.456236,-0.775161,0.500756,-0.650376,0.239625,-0.897257,0.246068,-1.147728,0.187437,-0.765072,0.209605,-0.612560,-0.045911,-0.881195,0.001889,-1.107311,-0.066276,-0.781606,-0.044409,-0.643981
T,Right,legacy_asl_T_208,0.000000,0.000000,0.486966,-0.036590,0.997488,-0.169832,1.274831,-0.543019,1.325594,-0.888938,0.850371,-0.801200,0.877117,-1.149132,0.808533,-1.238283,0.767116,-1.293061,0.543482,-0.886687,0.575157,-1.204121,0.483491,-0.805237,0.522328,-0.657039,0.270881,-0.920282,0.264298,-1.189862,0.199336,-0.780283,0.218537,-0.619329,-0.037523,-0.911268,-0.020764,-1.133989,-0.054517,-0.813117,-0.046164,-0.647565
T,Right,legacy_asl_T_209,0.000000,0.000000,0.469398,0.007352,0.969760,-0.075777,1.267765,-0.408922,1.346471,-0.735681,0.883864,-0.693043,0.939753,-1.023820,0.881850,-1.115141,0.846966,-1.171189,0.597494,-0.801597,0.655447,-1.102746,0.532970,-0.728840,0.557254,-0.583577,0.339434,-0.857487,0.356595,-1.116152,0.258753,-0.729681,0.263127,-0.573915,0.043389,-0.875699,0.078818,-1.087470,0.018577,-0.783210,0.012165,-0.623986
T,Right,legacy_asl_T_210,0.000059,0.000563,0.465983,-0.034251,0.956061,-0.174330,1.248973,-0.536996,1.293262,-0.845965,0.793093,-0.757081,0.843064,-1.116218,0.769749,-1.198713,0.739946,-1.255724,0.525487,-0.834721,0.543420,-1.124209,0.489896,-0.773328,0.490571,-0.618852,0.246390,-0.898238,0.249120,-1.158125,0.205899,-0.762498,0.218976,-0.582497,-0.047792,-0.873472,-0.009425,-1.088978,-0.067673,-0.764626,-0.040915,-0.639306
T,Right,legacy_asl_T_211,0.000000,0.000000,0.482323,-0.036242,0.987977,-0.168212,1.262675,-0.537841,1.312954,-0.880461,0.842263,-0.793560,0.868754,-1.138175,0.800823,-1.226475,0.759801,-1.280731,0.538299,-0.878232,0.569673,-1.192639,0.478881,-0.797558,0.517348,-0.650774,0.268298,-0.911507,0.261778,-1.178517,0.197435,-0.772843,0.216453,-0.613423,-0.037165,-0.902579,-0.020566,-1.123176,-0.053997,-0.805364,-0.045724,-0.641390
T,Right,legacy_asl_T_212,0.000000,0.000000,0.467437,-0.043489,0.955864,-0.180280,1.216065,-0.543718,1.258948,-0.877076,0.803672,-0.784625,0.823436,-1.119507,0.755990,-1.204025,0.715245,-1.255970,0.507235,-0.861550,0.532258,-1.167203,0.450965,-0.782237,0.490826,-0.640456,0.244643,-0.889184,0.233711,-1.148187,0.178268,-0.753398,0.199473,-0.599020,-0.051634,-0.875252,-0.039331,-1.089613,-0.066292,-0.780620,-0.055435,-0.621638
T,Right,legacy_asl_T_213,0.017142,0.008518,0.459999,-0.040954,0.969981,-0.165074,1.221160,-0.505561,1.266323,-0.850202,0.805605,-0.775664,0.857747,-1.102540,0.792517,-1.196306,0.759208,-1.239128,0.504868,-0.840725,0.559486,-1.145096,0.462079,-0.785827,0.531577,-0.646745,0.283992,-0.874663,0.253716,-1.153345,0.178400,-0.742938,0.215238,-0.583817,-0.020394,-0.866792,-0.034360,-1.065739,-0.067701,-0.768715,-0.051564,-0.629140
T,Right,legacy_asl_T_214,0.000000,0.000000,0.492314,-0.036992,1.008444,-0.171697,1.288833,-0.548983,1.340153,-0.898701,0.859711,-0.809999,0.886751,-1.161753,0.817413,-1.251883,0.775541,-1.307262,0.549451,-0.896425,0.581474,-1.217345,0.488801,-0.814080,0.528065,-0.664255,0.273856,-0.930389,0.267201,-1.202931,0.201526,-0.788853,0.220937,-0.626131,-0.037935,-0.921277,-0.020992,-1.146443,-0.055115,-0.822047,-0.046671,-0.654677
T,Right,legacy_asl_T_215,0.000000,0.000000,0.468406,-0.031368,0.960213,-0.155463,1.229739,-0.512040,1.281242,-0.844175,0.823724,-0.763547,0.852154,-1.097805,0.786921,-1.184042,0.747535,-1.237024,0.529379,-0.848124,0.562310,-1.153026,0.471074,-0.770295,0.507249,-0.627529,0.267591,-0.882550,0.263370,-1.141749,0.197721,-0.748528,0.214920,-0.593653,-0.028948,-0.876295,-0.011097,-1.090266,-0.046051,-0.782075,-0.039316,-0.622865
T,Right,legacy_asl_T_216,-0.000777,-0.001328,0.473695,-0.051109,0.953365,-0.192646,1.214980,-0.530940,1.297793,-0.863658,0.811695,-0.773706,0.850607,-1.122365,0.787786,-1.162238,0.714387,-1.245698,0.500306,-0.856148,0.533944,-1.150432,0.440736,-0.801227,0.530815,-0.630494,0.272649,-0.876332,0.263630,-1.169607,0.191505,-0.771808,0.212189,-0.581388,-0.060548,-0.870777,-0.032851,-1.072028,-0.047402,-0.766200,-0.063788,-0.634956
T,Right,legacy_asl_T_217,0.000000,0.000000,0.439526,-0.033026,0.900314,-0.153287,1.150639,-0.490119,1.196457,-0.802339,0.767529,-0.723148,0.791670,-1.037185,0.729766,-1.117651,0.692384,-1.167093,0.490536,-0.800307,0.519126,-1.086817,0.436390,-0.726791,0.471444,-0.593031,0.244492,-0.830629,0.238551,-1.073948,0.179917,-0.704269,0.197247,-0.558994,-0.033867,-0.822494,-0.018741,-1.023517,-0.049206,-0.733904,-0.041667,-0.584480
T,Right,legacy_asl_T_218,0.000000,0.000000,0.469363,-0.009345,0.966452,-0.110215,1.252421,-0.453747,1.319458,-0.783097,0.858660,-0.724036,0.902750,-1.056591,0.841637,-1.145795,0.804782,-1.200567,0.568610,-0.822338,0.615818,-1.125357,0.506715,-0.747332,0.536149,-0.603024,0.308726,-0.869015,0.316678,-1.128126,0.232642,-0.738421,0.242552,-0.582909,0.012221,-0.876688,0.040097,-1.089585,-0.009287,-0.783375,-0.010033,-0.624024
T,Right,legacy_asl_T_219,-0.020260,-0.032819,-0.419944,-0.416521,-0.910937,-0.692942,-1.219011,-0.899402,-1.310586,-1.119850,-1.098534,-0.052689,-0.981503,-0.274523,-0.759023,-0.366466,-0.580774,-0.418560,-0.900997,0.326395,-0.767444,0.208851,-0.569292,0.155333,-0.460718,0.108715,-0.698623,0.620395,-0.624206,0.583574,-0.489835,0.526641,-0.320963,0.486672,-0.466721,0.870569,-0.399934,0.804166,-0.269661,0.740764,-0.162194,0.667518
T,Right,legacy_asl_T_220,0.000000,0.000000,-0.421645,-0.441338,-0.956161,-0.721936,-1.303118,-0.949149,-1.392621,-1.168932,-1.135281,-0.051934,-1.037294,-0.289105,-0.788355,-0.386789,-0.605496,-0.444884,-0.962350,0.351742,-0.826880,0.215068,-0.625003,0.162604,-0.472511,0.141207,-0.722612,0.661093,-0.661412,0.601337,-0.494924,0.537742,-0.341524,0.506382,-0.483646,0.892529,-0.433147,0.863224,-0.290826,0.782226,-0.171261,0.709047
T,Right,legacy_asl_T_221,0.000000,0.000000,-0.408733,-0.412353,-0.921998,-0.669857,-1.255950,-0.879874,-1.344921,-1.087332,-1.080620,-0.029515,-0.991582,-0.256793,-0.756539,-0.354053,-0.583647,-0.412507,-0.909086,0.351374,-0.782640,0.219018,-0.591563,0.165588,-0.446910,0.142568,-0.675666,0.641385,-0.618509,0.583482,-0.461283,0.520086,-0.315941,0.487575,-0.444345,0.857309,-0.396831,0.828554,-0.262895,0.749029,-0.150464,0.677339
T,Right,legacy_asl_T_222,0.000880,-0.002189,-0.397869,-0.403609,-0.931645,-0.675821,-1.240393,-0.891912,-1.310433,-1.113452,-1.062101,-0.068055,-0.973613,-0.275358,-0.759146,-0.394731,-0.563815,-0.411989,-0.914445,0.318305,-0.790917,0.209624,-0.603138,0.154353,-0.450787,0.162485,-0.694152,0.621279,-0.635036,0.571768,-0.473080,0.500800,-0.321049,0.487841,-0.489796,0.855523,-0.396083,0.817456,-0.269693,0.732535,-0.182518,0.678407
T,Right,legacy_asl_T_223,0.000000,0.000000,-0.399807,-0.418480,-0.906639,-0.684545,-1.235626,-0.899990,-1.320494,-1.108390,-1.076482,-0.049245,-0.983570,-0.274132,-0.747525,-0.366756,-0.574136,-0.421843,-0.912508,0.333525,-0.784054,0.203929,-0.592633,0.154182,-0.448039,0.133894,-0.685186,0.626853,-0.627156,0.570192,-0.469290,0.509892,-0.323836,0.480155,-0.458597,0.846303,-0.410713,0.818515,-0.275763,0.741713,-0.162391,0.672324
T,Right,legacy_asl_T_224,0.000000,0.000000,-0.380657,-0.438403,-0.875829,-0.729186,-1.195208,-0.960763,-1.270308,-1.173635,-1.076323,-0.100695,-0.972495,-0.321608,-0.731550,-0.403161,-0.555181,-0.450088,-0.930274,0.290674,-0.795377,0.166943,-0.601193,0.126226,-0.455337,0.112794,-0.716482,0.595444,-0.655632,0.541435,-0.494568,0.488543,-0.347399,0.465684,-0.499900,0.826149,-0.450594,0.800589,-0.311706,0.730067,-0.194793,0.665945
T,Right,legacy_asl_T_225,-0.028956,-0.017475,-0.371867,-0.409395,-0.905361,-0.689015,-1.260412,-0.890677,-1.304837,-1.105732,-1.067604,-0.062017,-0.985825,-0.277917,-0.741334,-0.362564,-0.570264,-0.428308,-0.926287,0.326359,-0.756710,0.188140,-0.578282,0.174887,-0.455525,0.129216,-0.691038,0.631700,-0.633371,0.583716,-0.478010,0.508650,-0.336991,0.499178,-0.446097,0.863405,-0.413983,0.828186,-0.259284,0.760461,-0.161453,0.654385
T,Right,legacy_asl_T_226,0.000000,0.000000,-0.373475,-0.390919,-0.846927,-0.639460,-1.154246,-0.840716,-1.233525,-1.035390,-1.005584,-0.046001,-0.918792,-0.256077,-0.698292,-0.342601,-0.536323,-0.394060,-0.852409,0.311558,-0.732415,0.190498,-0.553602,0.144028,-0.418530,0.125075,-0.640059,0.585568,-0.585851,0.532638,-0.438382,0.476310,-0.302508,0.448532,-0.428393,0.790565,-0.383663,0.764607,-0.257601,0.692863,-0.151696,0.628044
T,Right,legacy_asl_T_227,0.000000,0.000000,-0.378754,-0.440049,-0.872660,-0.732975,-1.191033,-0.965935,-1.265209,-1.179130,-1.075877,-0.105359,-0.971092,-0.325820,-0.729796,-0.406328,-0.553225,-0.452490,-0.931525,0.286640,-0.796093,0.163494,-0.601735,0.123619,-0.455822,0.110819,-0.719056,0.592333,-0.657972,0.538588,-0.496681,0.486394,-0.349414,0.464174,-0.503476,0.823974,-0.454059,0.798628,-0.314867,0.728709,-0.197677,0.665094
T,Right,legacy_asl_T_228,-0.006745,0.016045,-0.386592,-0.427678,-0.898917,-0.681230,-1.260084,-0.911444,-1.317415,-1.106339,-1.090732,-0.077421,-0.968557,-0.298532,-0.737739,-0.376292,-0.587760,-0.421594,-0.883302,0.335125,-0.786529,0.207432,-0.596729,0.192245,-0.486673,0.158399,-0.696704,0.643170,-0.611083,0.541506,-0.475463,0.507121,-0.318584,0.489244,-0.494929,0.842149,-0.425860,0.821721,-0.256908,0.746402,-0.161341,0.685023
T,Right,legacy_asl_T_229,0.000000,0.000000,-0.389203,-0.407381,-0.882592,-0.666389,-1.202854,-0.876120,-1.285471,-1.078992,-1.047931,-0.047938,-0.957483,-0.266861,-0.727698,-0.357029,-0.558908,-0.410654,-0.888306,0.324678,-0.763259,0.198521,-0.576915,0.150093,-0.436155,0.130342,-0.667013,0.610227,-0.610522,0.555069,-0.456843,0.496368,-0.315247,0.467420,-0.446433,0.823857,-0.399820,0.796806,-0.268449,0.722040,-0.158084,0.654492
T,Right,legacy_asl_T_230,0.000000,0.000000,-0.367792,-0.449251,-0.854328,-0.754263,-1.166861,-0.994999,-1.235760,-1.209958,-1.072953,-0.131847,-0.962765,-0.349658,-0.719558,-0.424194,-0.541904,-0.465990,-0.938308,0.263591,-0.799881,0.143821,-0.604599,0.108749,-0.458415,0.099550,-0.733438,0.574428,-0.671048,0.522206,-0.508519,0.474004,-0.360750,0.455420,-0.523634,0.811313,-0.473607,0.787193,-0.332734,0.720727,-0.214011,0.660020
T,Right,legacy_asl_T_231,0.014588,-0.004993,0.394631,0.007464,0.864160,-0.214668,1.151089,-0.634935,1.211516,-0.941576,0.748134,-0.896240,0.678592,-1.241329,0.583114,-1.409966,0.426206,-1.483041,0.358587,-0.894498,0.293275,-1.260984,0.267963,-0.747388,0.386607,-0.624033,0.116391,-0.906375,-0.007242,-1.144324,0.013890,-0.686919,0.067523,-0.653309,-0.183156,-0.824496,-0.253825,-1.084034,-0.219363,-0.758109,-0.174305,-0.583812
T,Right,legacy_asl_T_232,0.000000,0.000000,0.403841,0.014917,0.888948,-0.220975,1.136071,-0.613096,1.185567,-0.920949,0.712403,-0.886222,0.664314,-1.231600,0.538789,-1.381178,0.412936,-1.465963,0.384760,-0.907358,0.306101,-1.211358,0.264940,-0.761371,0.358287,-0.615984,0.105319,-0.901845,0.008239,-1.146642,0.015796,-0.740237,0.092641,-0.599125,-0.171916,-0.853174,-0.251757,-1.048355,-0.223886,-0.733383,-0.162187,-0.591165
T,Right,legacy_asl_T_233,0.000000,0.000000,0.405561,0.052793,0.916468,-0.139559,1.202162,-0.511598,1.280826,-0.817197,0.800765,-0.826446,0.784599,-1.178985,0.672092,-1.341453,0.553196,-1.438660,0.472571,-0.878381,0.421730,-1.192081,0.338175,-0.742471,0.418648,-0.587234,0.190459,-0.898954,0.115519,-1.154717,0.085133,-0.744470,0.149377,-0.595085,-0.093467,-0.875831,-0.155673,-1.079982,-0.157038,-0.759975,-0.108161,-0.610890
T,Right,legacy_asl_T_234,0.019817,-0.018679,0.421202,0.004303,0.902645,-0.219621,1.149432,-0.641785,1.189069,-0.925681,0.709213,-0.892165,0.688085,-1.240169,0.546440,-1.396022,0.429491,-1.486181,0.401930,-0.916293,0.344865,-1.257981,0.299828,-0.759982,0.340427,-0.632250,0.104321,-0.925142,0.020348,-1.133275,-0.008907,-0.753917,0.077891,-0.612449,-0.122704,-0.877918,-0.254586,-1.046196,-0.236561,-0.724654,-0.139058,-0.626698
T,Right,legacy_asl_T_235,0.000000,0.000000,0.421475,0.015568,0.927765,-0.230624,1.185678,-0.639868,1.237336,-0.961163,0.743511,-0.924920,0.693322,-1.285379,0.562316,-1.441488,0.430967,-1.529975,0.401561,-0.946979,0.319467,-1.264253,0.276508,-0.794617,0.373932,-0.642882,0.109918,-0.941224,0.008599,-1.196711,0.016486,-0.772560,0.096686,-0.625286,-0.179423,-0.890429,-0.262750,-1.094132,-0.233662,-0.765407,-0.169269,-0.616978
T,Right,legacy_asl_T_236,0.000000,0.000000,0.408606,-0.017555,0.878947,-0.294691,1.096591,-0.710221,1.121670,-1.024785,0.647137,-0.951551,0.570741,-1.296093,0.432033,-1.436855,0.298225,-1.512227,0.314899,-0.946422,0.211003,-1.246752,0.205808,-0.789474,0.311716,-0.650341,0.033439,-0.918300,-0.084261,-1.157418,-0.043827,-0.748039,0.045089,-0.611887,-0.242312,-0.846818,-0.338614,-1.037273,-0.285069,-0.721775,-0.211343,-0.583284
T,Right,legacy_asl_T_237,-0.014284,-0.011046,0.428280,0.033899,0.927421,-0.239268,1.154922,-0.619580,1.177191,-0.951455,0.707564,-0.899294,0.704211,-1.261923,0.521823,-1.415815,0.426581,-1.485540,0.390775,-0.933803,0.310086,-1.224188,0.261754,-0.763237,0.347324,-0.636120,0.118868,-0.909049,0.022325,-1.139172,-0.000216,-0.732881,0.075555,-0.603613,-0.177403,-0.863697,-0.253150,-1.084249,-0.222904,-0.729879,-0.159590,-0.591435
T,Right,legacy_asl_T_238,0.000000,0.000000,0.429091,0.015849,0.944529,-0.234791,1.207103,-0.651430,1.259694,-0.978531,0.756946,-0.941633,0.705850,-1.308605,0.572477,-1.467535,0.438755,-1.557621,0.408817,-0.964090,0.325240,-1.287097,0.281505,-0.808975,0.380689,-0.654498,0.111904,-0.958232,0.008754,-1.218335,0.016783,-0.786519,0.098433,-0.636585,-0.182665,-0.906519,-0.267497,-1.113902,-0.237884,-0.779237,-0.172327,-0.628127
T,Right,legacy_asl_T_239,0.000000,0.000000,0.407290,0.037176,0.910431,-0.174658,1.181624,-0.557396,1.248492,-0.865791,0.768430,-0.856593,0.738735,-1.208251,0.620071,-1.366279,0.497529,-1.458847,0.438483,-0.895884,0.375631,-1.207400,0.309407,-0.754913,0.395783,-0.602881,0.155789,-0.905606,0.071081,-1.158302,0.056475,-0.747191,0.126409,-0.600383,-0.127038,-0.871594,-0.197040,-1.073206,-0.186113,-0.753382,-0.131546,-0.606285
T,Right,legacy_asl_T_240,0.013025,-0.035326,0.409103,0.011074,0.891947,-0.217872,1.151776,-0.600896,1.182024,-0.948650,0.723847,-0.919560,0.663014,-1.244982,0.541024,-1.384522,0.442278,-1.502961,0.400721,-0.932432,0.318377,-1.237260,0.270493,-0.758312,0.363416,-0.602866,0.118421,-0.937594,0.026634,-1.150220,0.007623,-0.746902,0.070209,-0.596294,-0.184399,-0.856844,-0.262297,-1.064980,-0.237331,-0.743448,-0.173443,-0.587069
T,Right,legacy_asl_T_241,0.000000,0.000000,0.406137,0.015002,0.894002,-0.222231,1.142529,-0.616582,1.192307,-0.926185,0.716453,-0.891260,0.668091,-1.238602,0.541852,-1.389030,0.415284,-1.474296,0.386948,-0.912516,0.307841,-1.218244,0.266446,-0.765699,0.360324,-0.619486,0.105918,-0.906971,0.008286,-1.153161,0.015886,-0.744445,0.093168,-0.602531,-0.172893,-0.858024,-0.253188,-1.054314,-0.225159,-0.737552,-0.163109,-0.594525
T,Right,legacy_asl_T_242,0.000000,0.000000,0.405753,0.051301,0.915949,-0.142928,1.200273,-0.516015,1.277813,-0.821901,0.797721,-0.829384,0.780259,-1.181862,0.667156,-1.343916,0.547903,-1.440684,0.469338,-0.880112,0.417344,-1.193623,0.335443,-0.743710,0.416486,-0.588770,0.187152,-0.899648,0.111273,-1.155134,0.082395,-0.744778,0.147188,-0.595630,-0.096686,-0.875481,-0.159642,-1.079402,-0.159832,-0.759392,-0.110406,-0.610489
T,Right,legacy_asl_T_243,-0.001989,0.013751,0.426512,-0.162778,0.784268,-0.542665,0.927590,-0.936163,1.006948,-1.242844,0.385747,-0.982389,0.445421,-1.253261,0.490444,-1.341431,0.484857,-1.371059,0.129693,-0.989187,0.225257,-1.238348,0.213334,-0.900720,0.189859,-0.636220,-0.146004,-0.959504,-0.056921,-1.194185,-0.010161,-0.824804,-0.036754,-0.571695,-0.432523,-0.858301,-0.291769,-1.103219,-0.236583,-0.823425,-0.233435,-0.599044
T,Right,legacy_asl_T_244,0.000000,0.000000,0.426400,-0.166959,0.815108,-0.555690,0.939024,-0.944611,1.037336,-1.272379,0.416446,-1.008632,0.457455,-1.294563,0.488950,-1.408121,0.511398,-1.410118,0.136598,-1.022086,0.237789,-1.294552,0.230150,-0.931680,0.203401,-0.634995,-0.139473,-0.975787,-0.040243,-1.227114,-0.015902,-0.851174,-0.031910,-0.573807,-0.448592,-0.879356,-0.317608,-1.116063,-0.245193,-0.845772,-0.244350,-0.612977
T,Right,legacy_asl_T_245,0.000000,0.000000,0.421135,-0.140758,0.816654,-0.498137,0.955749,-0.868698,1.067047,-1.181292,0.452810,-0.956349,0.506560,-1.231242,0.542636,-1.339668,0.564473,-1.340501,0.182458,-0.983115,0.293828,-1.242013,0.268618,-0.890971,0.228150,-0.604965,-0.087172,-0.951830,0.021263,-1.190351,0.026381,-0.825085,-0.002736,-0.557259,-0.391266,-0.873617,-0.252797,-1.096421,-0.195936,-0.831108,-0.206547,-0.605621
T,Right,legacy_asl_T_246,-0.005424,-0.007072,0.420756,-0.196694,0.788984,-0.544037,0.882081,-0.946258,0.997419,-1.208498,0.393858,-0.981576,0.426289,-1.272024,0.490165,-1.386399,0.492094,-1.376386,0.128713,-1.017769,0.228741,-1.256519,0.209505,-0.899759,0.201922,-0.599116,-0.116912,-0.951142,-0.047054,-1.232210,-0.010277,-0.821118,-0.032529,-0.539329,-0.443354,-0.865261,-0.303285,-1.093662,-0.248408,-0.839719,-0.234304,-0.576909
T,Right,legacy_asl_T_247,0.000000,0.000000,0.395452,-0.154841,0.755947,-0.515358,0.870869,-0.876051,0.962046,-1.180029,0.386220,-0.935425,0.424252,-1.200604,0.453462,-1.305919,0.474281,-1.307772,0.126684,-0.947902,0.220530,-1.200593,0.213445,-0.864058,0.188638,-0.588907,-0.129350,-0.904964,-0.037322,-1.138049,-0.014748,-0.789395,-0.029594,-0.532160,-0.416033,-0.815532,-0.294556,-1.035059,-0.227397,-0.784385,-0.226615,-0.568487
T,Right,legacy_asl_T_248,0.000000,0.000000,0.421716,-0.139007,0.818716,-0.494739,0.959350,-0.864719,1.071946,-1.176849,0.456780,-0.954460,0.511671,-1.229126,0.548197,-1.337402,0.570038,-1.338144,0.186541,-0.982349,0.298986,-1.240781,0.272317,-0.889847,0.230662,-0.604012,-0.083216,-0.952184,0.026208,-1.190253,0.029809,-0.824968,-0.000421,-0.557266,-0.387633,-0.875235,-0.248240,-1.097462,-0.192482,-0.831915,-0.204029,-0.606474
T,Right,legacy_asl_T_249,0.014602,-0.010372,0.426912,-0.179892,0.781664,-0.555272,0.918045,-0.889602,1.046853,-1.249711,0.393581,-1.010369,0.441144,-1.272388,0.480194,-1.382731,0.508109,-1.382267,0.112452,-0.987361,0.212257,-1.278917,0.231972,-0.906429,0.198924,-0.609201,-0.128671,-0.940452,-0.018583,-1.202339,-0.029062,-0.828208,-0.040747,-0.531130,-0.437854,-0.860094,-0.280300,-1.112619,-0.248951,-0.850337,-0.224110,-0.597190
T,Right,legacy_asl_T_250,0.000000,0.000000,0.406805,-0.159287,0.777650,-0.530154,0.895872,-0.901202,0.989666,-1.213908,0.397308,-0.962281,0.436433,-1.235073,0.466481,-1.343412,0.487897,-1.345318,0.130321,-0.975117,0.226861,-1.235062,0.219573,-0.888865,0.194054,-0.605815,-0.133064,-0.930946,-0.038394,-1.170723,-0.015172,-0.812059,-0.030443,-0.547438,-0.427978,-0.838946,-0.303012,-1.064775,-0.233925,-0.806905,-0.233121,-0.584808
T,Right,legacy_asl_T_251,0.000000,0.000000,0.398086,-0.196710,0.741342,-0.604546,0.828763,-0.990578,0.896525,-1.315402,0.318577,-1.009034,0.334452,-1.288682,0.355450,-1.401007,0.376972,-1.404800,0.047095,-0.998794,0.122231,-1.270429,0.144984,-0.919220,0.143778,-0.630368,-0.215776,-0.931139,-0.140779,-1.182189,-0.086045,-0.821010,-0.078478,-0.551712,-0.506413,-0.812306,-0.399523,-1.051869,-0.307117,-0.796750,-0.286971,-0.571914
T,Right,legacy_asl_T_252,0.005051,-0.009128,0.422459,-0.158143,0.795415,-0.531971,0.944317,-0.924187,1.018116,-1.255547,0.430821,-0.972997,0.421943,-1.291155,0.467472,-1.362802,0.478150,-1.355790,0.111879,-0.986412,0.224027,-1.307005,0.227626,-0.900188,0.188256,-0.650988,-0.136404,-0.931982,-0.076778,-1.197241,-0.021869,-0.817545,-0.035393,-0.575030,-0.443066,-0.856167,-0.308546,-1.064970,-0.250234,-0.823684,-0.218456,-0.584907
T,Right,legacy_asl_T_253,0.000000,0.000000,0.392496,-0.153684,0.750297,-0.511506,0.864360,-0.869503,0.954855,-1.171209,0.383333,-0.928434,0.421081,-1.191630,0.450073,-1.296158,0.470736,-1.297997,0.125737,-0.940818,0.218882,-1.191619,0.211850,-0.857600,0.187228,-0.584506,-0.128383,-0.898200,-0.037043,-1.129543,-0.014638,-0.783495,-0.029373,-0.528182,-0.412924,-0.809436,-0.292354,-1.027322,-0.225697,-0.778523,-0.224921,-0.564238
T,Right,legacy_asl_T_254,0.000000,0.000000,0.419601,-0.145267,0.811264,-0.506867,0.946378,-0.878898,1.054316,-1.192669,0.442527,-0.961151,0.493326,-1.236604,0.528236,-1.345411,0.550064,-1.346478,0.171903,-0.985016,0.280491,-1.245093,0.259047,-0.893801,0.221649,-0.607378,-0.097375,-0.950840,0.008495,-1.190511,0.017531,-0.825320,-0.008712,-0.557198,-0.400613,-0.869370,-0.264542,-1.093647,-0.204839,-0.828959,-0.213030,-0.603371
T,Right,legacy_asl_T_255,0.002650,0.004167,0.464560,-0.096927,0.913821,-0.409710,1.050139,-0.755150,1.141734,-1.052340,0.623071,-0.922202,0.642037,-1.200404,0.545791,-1.246637,0.502576,-1.196278,0.309533,-0.961826,0.312609,-1.175011,0.251053,-0.800536,0.244545,-0.480095,0.027118,-0.916288,0.003564,-1.139061,-0.022919,-0.737726,0.021132,-0.466475,-0.317700,-0.849274,-0.293658,-1.009532,-0.259671,-0.721519,-0.228422,-0.492743
T,Right,legacy_asl_T_256,0.000000,0.000000,0.460955,-0.104464,0.884811,-0.393788,1.018787,-0.734775,1.108213,-1.028844,0.596688,-0.874390,0.601491,-1.160109,0.536128,-1.206897,0.467096,-1.169630,0.289865,-0.923400,0.321034,-1.147890,0.263752,-0.782181,0.235455,-0.473968,-0.001564,-0.899244,0.014674,-1.097642,-0.001841,-0.710956,-0.003063,-0.422786,-0.315094,-0.826113,-0.273518,-0.990554,-0.239145,-0.687115,-0.212174,-0.457224
T,Right,legacy_asl_T_257,0.000000,0.000000,0.476539,-0.106615,0.915275,-0.404327,1.054665,-0.756240,1.147895,-1.059806,0.618967,-0.901687,0.624743,-1.196868,0.557346,-1.245394,0.485918,-1.207087,0.302108,-0.953196,0.334951,-1.185042,0.274727,-0.807369,0.244613,-0.489015,0.000945,-0.929070,0.018287,-1.134001,0.000124,-0.734538,-0.001960,-0.436815,-0.323190,-0.854407,-0.279766,-1.024183,-0.245118,-0.710583,-0.217908,-0.472991
T,Right,legacy_asl_T_258,0.001522,0.025077,0.478998,-0.107639,0.903657,-0.398742,1.042977,-0.756593,1.158078,-1.049405,0.607762,-0.905100,0.609272,-1.170471,0.553690,-1.255741,0.455522,-1.218374,0.265924,-0.939276,0.356482,-1.166606,0.265774,-0.811183,0.240411,-0.477742,-0.014505,-0.931137,0.031536,-1.137313,-0.031470,-0.726750,-0.009035,-0.431857,-0.346526,-0.855125,-0.292235,-1.020847,-0.248902,-0.701136,-0.216831,-0.443672
T,Right,legacy_asl_T_259,0.000000,0.000000,0.455017,-0.103119,0.873412,-0.388715,1.005662,-0.725309,1.093936,-1.015590,0.589002,-0.863126,0.593743,-1.145164,0.529221,-1.191349,0.461078,-1.154562,0.286130,-0.911504,0.316898,-1.133102,0.260354,-0.772105,0.232421,-0.467862,-0.001544,-0.887659,0.014485,-1.083502,-0.001817,-0.701797,-0.003024,-0.417339,-0.311035,-0.815471,-0.269994,-0.977793,-0.236064,-0.678263,-0.209441,-0.451334
T,Right,legacy_asl_T_260,0.000000,0.000000,0.480917,-0.084704,0.932814,-0.362032,1.088157,-0.707200,1.195176,-1.006183,0.659569,-0.872427,0.678842,-1.167035,0.613735,-1.218593,0.540630,-1.183594,0.345398,-0.938378,0.388812,-1.168478,0.311374,-0.793956,0.266728,-0.477313,0.043447,-0.928054,0.070146,-1.131977,0.033727,-0.733763,0.018025,-0.436447,-0.283765,-0.868297,-0.232620,-1.035909,-0.212354,-0.721052,-0.196042,-0.482465
T,Right,legacy_asl_T_261,-0.000648,0.030240,0.469998,-0.114364,0.916502,-0.397239,1.046218,-0.765633,1.157987,-1.082303,0.608435,-0.939260,0.609600,-1.191818,0.556764,-1.239354,0.475752,-1.207537,0.305710,-0.946199,0.312489,-1.180825,0.268840,-0.799696,0.251567,-0.484084,0.001139,-0.921716,-0.017610,-1.117314,0.010140,-0.732993,-0.019260,-0.451883,-0.304458,-0.866767,-0.303649,-1.034225,-0.237305,-0.708025,-0.204877,-0.492692
T,Right,legacy_asl_T_262,0.000000,0.000000,0.473160,-0.107230,0.908240,-0.404215,1.045763,-0.754231,1.137557,-1.056087,0.612488,-0.897543,0.617418,-1.190828,0.550324,-1.238855,0.479464,-1.200600,0.297540,-0.947851,0.329535,-1.178284,0.270736,-0.802893,0.241689,-0.486518,-0.001606,-0.923055,0.015062,-1.126707,-0.001889,-0.729781,-0.003144,-0.433980,-0.323437,-0.847987,-0.280760,-1.016783,-0.245477,-0.705309,-0.217793,-0.469331
T,Right,legacy_asl_T_263,0.000000,0.000000,0.465939,-0.146139,0.878210,-0.479537,0.987647,-0.841885,1.055133,-1.152191,0.541301,-0.950344,0.522343,-1.244972,0.451119,-1.287684,0.383150,-1.243532,0.221242,-0.975143,0.234558,-1.208925,0.206166,-0.827536,0.202812,-0.507778,-0.076843,-0.925887,-0.076720,-1.131551,-0.061375,-0.731969,-0.038525,-0.435117,-0.393590,-0.824348,-0.364533,-0.997163,-0.303750,-0.687566,-0.256744,-0.453087
T,Right,legacy_asl_T_264,-0.011994,-0.010853,0.466707,-0.111274,0.910182,-0.418709,1.080418,-0.784482,1.136564,-1.045494,0.616984,-0.913737,0.623119,-1.214657,0.533034,-1.253428,0.486058,-1.224210,0.313700,-0.943006,0.330518,-1.178461,0.271047,-0.819508,0.256624,-0.489497,-0.002385,-0.957377,0.016572,-1.099941,-0.000508,-0.721233,0.003706,-0.430409,-0.307714,-0.848562,-0.289836,-1.016805,-0.250663,-0.711707,-0.236085,-0.449061
T,Right,legacy_asl_T_265,0.000000,0.000000,0.477159,-0.108137,0.915916,-0.407631,1.054601,-0.760605,1.147171,-1.065012,0.617665,-0.905129,0.622636,-1.200892,0.554975,-1.249325,0.483516,-1.210747,0.300055,-0.955861,0.332320,-1.188243,0.273024,-0.809678,0.243732,-0.490630,-0.001619,-0.930856,0.015190,-1.136229,-0.001905,-0.735949,-0.003171,-0.437648,-0.326171,-0.855154,-0.283133,-1.025376,-0.247551,-0.711270,-0.219633,-0.473298
T,Right,legacy_asl_T_266,0.000000,0.000000,0.480859,-0.085034,0.932565,-0.362672,1.087671,-0.707946,1.194486,-1.007003,0.658970,-0.872880,0.678041,-1.167500,0.612899,-1.219014,0.539818,-1.183964,0.344754,-0.938615,0.388010,-1.168745,0.310829,-0.794169,0.266401,-0.477496,0.042810,-0.928083,0.069369,-1.132025,0.033223,-0.733786,0.017725,-0.436460,-0.284361,-0.868102,-0.233331,-1.035749,-0.212849,-0.720906,-0.196373,-0.482330
T,Right,legacy_asl_T_267,0.026049,-0.002560,0.407927,-0.060735,0.819482,-0.412038,0.953135,-0.754685,1.010292,-1.081283,0.570164,-0.933870,0.505589,-1.196114,0.381732,-1.263566,0.260308,-1.207341,0.298388,-0.977543,0.219629,-1.155609,0.133754,-0.792562,0.136030,-0.491784,0.018207,-0.933647,-0.115455,-1.114921,-0.108116,-0.720640,-0.089735,-0.475977,-0.258763,-0.846170,-0.321387,-0.979344,-0.285877,-0.718554,-0.254043,-0.523350
T,Right,legacy_asl_T_268,0.000000,0.000000,0.415091,-0.075117,0.802725,-0.392666,0.922422,-0.735085,0.981077,-1.034919,0.569282,-0.909775,0.510224,-1.179498,0.374824,-1.225792,0.256541,-1.177889,0.271479,-0.942384,0.218964,-1.132936,0.150041,-0.769986,0.140298,-0.486961,-0.006483,-0.909493,-0.082898,-1.090374,-0.099232,-0.731020,-0.074646,-0.481104,-0.282687,-0.817830,-0.325352,-0.966497,-0.294604,-0.702556,-0.243872,-0.519623
T,Right,legacy_asl_T_269,0.000000,0.000000,0.419832,-0.090238,0.803662,-0.426223,0.914054,-0.778597,0.963756,-1.085613,0.548942,-0.944585,0.479879,-1.217048,0.340578,-1.259644,0.221825,-1.206970,0.244859,-0.967855,0.185088,-1.159983,0.127039,-0.788409,0.126543,-0.500123,-0.036857,-0.925141,-0.120623,-1.106635,-0.125285,-0.740469,-0.091955,-0.487012,-0.314828,-0.822690,-0.363184,-0.972530,-0.323118,-0.705008,-0.265415,-0.520573
T,Right,legacy_asl_T_270,0.007631,-0.008180,0.413779,-0.068339,0.811351,-0.373005,0.947489,-0.769262,0.982855,-1.062324,0.549042,-0.916920,0.514038,-1.208663,0.394792,-1.268055,0.259793,-1.226099,0.295840,-0.971398,0.218289,-1.153337,0.138168,-0.781148,0.152316,-0.481083,-0.002242,-0.938128,-0.053606,-1.088945,-0.085107,-0.740764,-0.071073,-0.498195,-0.308072,-0.852091,-0.332308,-0.985550,-0.295388,-0.715445,-0.237912,-0.519219
T,Right,legacy_asl_T_271,0.000000,0.000000,0.414946,-0.075091,0.802445,-0.392529,0.922100,-0.734828,0.980735,-1.034557,0.569083,-0.909457,0.510045,-1.179086,0.374693,-1.225363,0.256451,-1.177478,0.271384,-0.942055,0.218887,-1.132541,0.149988,-0.769717,0.140249,-0.486791,-0.006481,-0.909175,-0.082869,-1.089993,-0.099197,-0.730764,-0.074620,-0.480936,-0.282588,-0.817545,-0.325239,-0.966160,-0.294501,-0.702310,-0.243787,-0.519442
T,Right,legacy_asl_T_272,0.000000,0.000000,0.422129,-0.078795,0.814948,-0.404226,0.934875,-0.753469,0.992903,-1.059021,0.574409,-0.929318,0.512777,-1.203557,0.374684,-1.249923,0.254544,-1.200496,0.271072,-0.960843,0.216543,-1.154525,0.148418,-0.784665,0.140088,-0.496499,-0.011702,-0.925801,-0.090504,-1.109504,-0.105116,-0.743600,-0.078686,-0.489332,-0.292355,-0.830942,-0.336621,-0.982041,-0.303839,-0.713529,-0.251170,-0.527594
T,Right,legacy_asl_T_273,-0.010258,0.015041,0.433768,-0.039477,0.814322,-0.419390,0.937674,-0.751975,0.973058,-1.068786,0.601063,-0.951687,0.514056,-1.216032,0.401523,-1.257522,0.279610,-1.216953,0.259697,-0.975660,0.211813,-1.132220,0.154346,-0.755475,0.155738,-0.517112,0.002316,-0.910791,-0.053600,-1.096506,-0.108264,-0.765095,-0.062573,-0.479688,-0.310211,-0.849127,-0.322549,-0.990653,-0.296798,-0.711146,-0.227186,-0.533836
T,Right,legacy_asl_T_274,0.000000,0.000000,0.401030,-0.072572,0.775534,-0.379365,0.891176,-0.710184,0.947844,-0.999862,0.549998,-0.878957,0.492940,-1.139544,0.362128,-1.184269,0.247850,-1.137989,0.262283,-0.910462,0.211546,-1.094559,0.144958,-0.743903,0.135546,-0.470465,-0.006264,-0.878684,-0.080090,-1.053439,-0.095870,-0.706257,-0.072118,-0.464807,-0.273111,-0.790127,-0.314331,-0.933758,-0.284624,-0.678757,-0.235611,-0.502022
T,Right,legacy_asl_T_275,0.000000,0.000000,0.422720,-0.075560,0.818020,-0.397973,0.940618,-0.746288,1.000983,-1.051387,0.581508,-0.924892,0.521978,-1.199595,0.384245,-1.247017,0.263729,-1.198512,0.278421,-0.958739,0.225378,-1.152833,0.154422,-0.783506,0.143886,-0.495412,-0.004612,-0.925863,-0.082005,-1.110165,-0.099419,-0.744383,-0.074937,-0.489920,-0.285983,-0.833156,-0.329091,-0.984590,-0.298366,-0.715835,-0.247122,-0.529501
T,Right,legacy_asl_T_276,0.005083,-0.031897,0.446291,-0.060430,0.808254,-0.423841,0.939835,-0.773417,0.989043,-1.041624,0.580314,-0.934443,0.508646,-1.231045,0.366860,-1.242969,0.251597,-1.215160,0.299310,-0.971946,0.230456,-1.128973,0.148864,-0.765861,0.172060,-0.492471,-0.003894,-0.923626,-0.058704,-1.121949,-0.111124,-0.730119,-0.091611,-0.489964,-0.284670,-0.827793,-0.333946,-0.963969,-0.284581,-0.742244,-0.263005,-0.547203
T,Right,legacy_asl_T_277,0.000000,0.000000,0.417158,-0.075491,0.806723,-0.394622,0.927016,-0.738746,0.985964,-1.040073,0.572117,-0.914306,0.512765,-1.185373,0.376691,-1.231897,0.257818,-1.183756,0.272831,-0.947078,0.220054,-1.138579,0.150788,-0.773821,0.140997,-0.489386,-0.006516,-0.914022,-0.083311,-1.095805,-0.099726,-0.734660,-0.075018,-0.483501,-0.284095,-0.821904,-0.326973,-0.971311,-0.296071,-0.706055,-0.245087,-0.522211
T,Right,legacy_asl_T_278,0.000000,0.000000,0.415726,-0.107582,0.785283,-0.459205,0.880958,-0.815856,0.917878,-1.124670,0.509272,-0.966550,0.428963,-1.235913,0.288014,-1.272691,0.171549,-1.215135,0.204486,-0.977182,0.136794,-1.166664,0.094213,-0.793001,0.105681,-0.504943,-0.075215,-0.922815,-0.166440,-1.100676,-0.155904,-0.734632,-0.112085,-0.482777,-0.348696,-0.808917,-0.403228,-0.956622,-0.352094,-0.690993,-0.286788,-0.509111
T,Right,legacy_asl_T_279,-0.026694,-0.013683,0.514339,-0.087871,0.993102,-0.323160,1.304690,-0.596971,1.516170,-0.867866,0.659961,-0.893987,0.707071,-1.314357,0.626446,-1.420454,0.514456,-1.396952,0.341423,-0.937522,0.350707,-1.257883,0.287792,-0.846797,0.249073,-0.548887,0.036629,-0.901290,0.040554,-1.143536,-0.046501,-0.726045,0.031756,-0.448758,-0.255653,-0.871700,-0.283579,-1.056467,-0.265564,-0.755043,-0.215728,-0.509675
T,Right,legacy_asl_T_280,0.000000,0.000000,0.505301,-0.096640,0.974783,-0.327328,1.304362,-0.619654,1.541603,-0.894433,0.654132,-0.911582,0.692027,-1.303871,0.616188,-1.415488,0.530019,-1.383182,0.339131,-0.954542,0.339367,-1.247142,0.265355,-0.871352,0.272291,-0.570841,0.035947,-0.931180,0.018787,-1.160142,-0.021091,-0.753761,-0.000785,-0.473030,-0.276310,-0.866445,-0.287647,-1.077685,-0.259498,-0.766506,-0.207287,-0.534866
T,Right,legacy_asl_T_281,0.000000,0.000000,0.501653,-0.074256,0.973579,-0.282013,1.310273,-0.556267,1.555299,-0.817064,0.681972,-0.870698,0.735537,-1.255479,0.665467,-1.368546,0.579265,-1.340298,0.373519,-0.926050,0.385867,-1.214210,0.297415,-0.847175,0.291804,-0.550925,0.073957,-0.915595,0.066537,-1.141802,0.010437,-0.743223,0.018812,-0.465902,-0.236252,-0.864768,-0.238672,-1.073280,-0.223833,-0.765646,-0.182003,-0.535352
T,Right,legacy_asl_T_282,0.011135,0.000005,0.481630,-0.117390,0.966001,-0.307576,1.294492,-0.625523,1.519766,-0.886422,0.646633,-0.890255,0.678859,-1.289938,0.612985,-1.428977,0.511486,-1.365316,0.369575,-0.946877,0.332516,-1.213879,0.276420,-0.844034,0.304295,-0.573581,0.034163,-0.927377,0.001079,-1.174879,-0.021727,-0.780860,-0.016479,-0.462042,-0.243736,-0.873708,-0.271974,-1.070248,-0.242830,-0.760187,-0.219088,-0.510654
T,Right,legacy_asl_T_283,0.000000,0.000000,0.471120,-0.090103,0.908844,-0.305186,1.216129,-0.577738,1.437322,-0.833929,0.609883,-0.849918,0.645215,-1.215671,0.574506,-1.319737,0.494166,-1.289617,0.316191,-0.889972,0.316411,-1.162779,0.247405,-0.812410,0.253872,-0.532226,0.033515,-0.868190,0.017516,-1.081665,-0.019664,-0.702773,-0.000732,-0.441032,-0.257619,-0.807834,-0.268189,-1.004785,-0.241944,-0.714656,-0.193265,-0.498685
T,Right,legacy_asl_T_284,0.000000,0.000000,0.502997,-0.064526,0.978858,-0.263104,1.320800,-0.530786,1.570832,-0.786788,0.698708,-0.857326,0.759715,-1.240998,0.691848,-1.355401,0.605115,-1.328827,0.391385,-0.918642,0.409311,-1.206509,0.313768,-0.841255,0.302420,-0.545170,0.091677,-0.913991,0.088639,-1.140299,0.024830,-0.742882,0.027832,-0.465450,-0.219459,-0.869182,-0.217840,-1.077702,-0.208962,-0.769838,-0.171601,-0.538776
T,Right,legacy_asl_T_285,0.026285,-0.012498,0.499505,-0.100023,0.977984,-0.322307,1.294485,-0.638902,1.517038,-0.886260,0.643544,-0.896294,0.675406,-1.284998,0.613018,-1.390085,0.528431,-1.373532,0.361314,-0.921916,0.371388,-1.243217,0.264377,-0.852579,0.291679,-0.564427,0.005431,-0.915673,0.002123,-1.154889,-0.016907,-0.717464,-0.000383,-0.473986,-0.288589,-0.835691,-0.253013,-1.093039,-0.264990,-0.747233,-0.231141,-0.525734
T,Right,legacy_asl_T_286,0.000000,0.000000,0.492193,-0.094133,0.949496,-0.318837,1.270526,-0.603580,1.501613,-0.871231,0.637163,-0.887934,0.674076,-1.270047,0.600203,-1.378769,0.516270,-1.347301,0.330334,-0.929780,0.330564,-1.214790,0.258471,-0.848749,0.265228,-0.556033,0.035014,-0.907024,0.018299,-1.130047,-0.020544,-0.734208,-0.000765,-0.460760,-0.269142,-0.843968,-0.280185,-1.049729,-0.252766,-0.746622,-0.201910,-0.520991
T,Right,legacy_asl_T_287,0.000000,0.000000,0.493108,-0.118381,0.944786,-0.367106,1.255874,-0.670095,1.476848,-0.951562,0.602202,-0.927660,0.621487,-1.315673,0.541682,-1.422092,0.458319,-1.386322,0.290059,-0.955485,0.276844,-1.243607,0.221238,-0.870181,0.241879,-0.574598,-0.007400,-0.918547,-0.034820,-1.143209,-0.055409,-0.741228,-0.022513,-0.465738,-0.311891,-0.840454,-0.332763,-1.047933,-0.290744,-0.742821,-0.228689,-0.517135
T,Right,legacy_asl_T_288,-0.001969,-0.006140,0.528452,-0.125028,0.944494,-0.319246,1.294055,-0.577718,1.510777,-0.897143,0.640734,-0.899237,0.689584,-1.253139,0.614338,-1.382191,0.532727,-1.380185,0.365171,-0.953371,0.359027,-1.231493,0.276132,-0.857241,0.288029,-0.535393,0.048875,-0.915668,0.044596,-1.143270,-0.002133,-0.746845,-0.003358,-0.492237,-0.292760,-0.835393,-0.303576,-1.047419,-0.266360,-0.767634,-0.205726,-0.509729
T,Right,legacy_asl_T_289,0.000000,0.000000,0.516010,-0.098688,0.995442,-0.334266,1.332007,-0.632787,1.574276,-0.913390,0.667996,-0.930902,0.706694,-1.331505,0.629247,-1.445488,0.541252,-1.412497,0.346319,-0.974772,0.346560,-1.273574,0.270979,-0.889820,0.278062,-0.582939,0.036709,-0.950916,0.019185,-1.184731,-0.021538,-0.769736,-0.000801,-0.483056,-0.282166,-0.884808,-0.293743,-1.100526,-0.264998,-0.782751,-0.211680,-0.546202
T,Right,legacy_asl_T_290,0.000000,0.000000,0.489738,-0.131630,0.934546,-0.392442,1.237354,-0.703707,1.450659,-0.991028,0.576976,-0.943557,0.585794,-1.331949,0.503149,-1.436178,0.420781,-1.398174,0.264196,-0.962957,0.243219,-1.250618,0.197700,-0.875829,0.226302,-0.580909,-0.032159,-0.918014,-0.065625,-1.141855,-0.075371,-0.739465,-0.035060,-0.464962,-0.334435,-0.831741,-0.360892,-1.038582,-0.310663,-0.734713,-0.242546,-0.510782
T,Right,legacy_asl_T_291,0.004407,0.020281,0.497395,-0.089515,0.990078,-0.309966,1.299006,-0.601217,1.496390,-0.880680,0.634533,-0.862559,0.672501,-1.231483,0.659821,-1.354849,0.563859,-1.390918,0.315947,-0.958336,0.352023,-1.197836,0.316904,-0.850567,0.275197,-0.582583,0.017062,-0.929707,0.041363,-1.155541,-0.001041,-0.785693,0.026285,-0.488034,-0.287921,-0.876972,-0.254197,-1.084411,-0.224482,-0.801785,-0.172198,-0.549940
T,Right,legacy_asl_T_292,0.000000,0.000000,0.513609,-0.081073,1.000673,-0.330204,1.318173,-0.622480,1.568684,-0.892933,0.656727,-0.908281,0.700862,-1.272317,0.646082,-1.408484,0.584682,-1.413641,0.343843,-0.964761,0.381485,-1.240164,0.307017,-0.884826,0.289082,-0.579982,0.027622,-0.948187,0.042877,-1.185725,0.003850,-0.788266,0.017354,-0.495482,-0.293656,-0.882187,-0.263968,-1.109949,-0.234615,-0.811297,-0.195069,-0.565467
T,Right,legacy_asl_T_293,0.000000,0.000000,0.499695,-0.087437,0.970763,-0.338379,1.275724,-0.628651,1.515694,-0.896544,0.625851,-0.896686,0.662985,-1.252513,0.607334,-1.384449,0.547355,-1.388482,0.319722,-0.946693,0.351962,-1.215954,0.285099,-0.868120,0.272561,-0.570460,0.011525,-0.925383,0.022543,-1.157344,-0.009063,-0.768998,0.008871,-0.483613,-0.300801,-0.855777,-0.275544,-1.078437,-0.242055,-0.787586,-0.199481,-0.548428
T,Right,legacy_asl_T_294,-0.011770,-0.009196,0.514085,-0.079831,1.006132,-0.305665,1.266085,-0.624762,1.526757,-0.861601,0.605829,-0.869607,0.666417,-1.242628,0.617289,-1.360296,0.561168,-1.380139,0.350375,-0.920769,0.402191,-1.232991,0.284722,-0.849802,0.298924,-0.585154,-0.006415,-0.915017,0.029295,-1.169257,-0.003820,-0.773268,0.037880,-0.494878,-0.294761,-0.861133,-0.258259,-1.095610,-0.220381,-0.776904,-0.193960,-0.548935
T,Right,legacy_asl_T_295,0.000000,0.000000,0.501578,-0.079174,0.977233,-0.322469,1.287296,-0.607899,1.531939,-0.872016,0.641344,-0.887005,0.684445,-1.242514,0.630948,-1.375491,0.570986,-1.380528,0.335789,-0.942162,0.372549,-1.211114,0.299825,-0.864100,0.282310,-0.566396,0.026975,-0.925976,0.041873,-1.157951,0.003760,-0.769801,0.016947,-0.483875,-0.286777,-0.861522,-0.257785,-1.083950,-0.229119,-0.792293,-0.190500,-0.552222
T,Right,legacy_asl_T_296,0.000000,0.000000,0.497000,-0.101644,0.960725,-0.365909,1.257289,-0.664754,1.489526,-0.939378,0.600041,-0.914159,0.627018,-1.270900,0.567629,-1.401196,0.507560,-1.403518,0.292611,-0.955421,0.317164,-1.225491,0.260241,-0.875893,0.256192,-0.577996,-0.014853,-0.925336,-0.010451,-1.157517,-0.030976,-0.768427,-0.004916,-0.483669,-0.325069,-0.846857,-0.306168,-1.070146,-0.264403,-0.780367,-0.215030,-0.542520
T,Right,legacy_asl_T_297,-0.001172,0.003146,0.510284,-0.055230,0.968276,-0.290602,1.278359,-0.601312,1.515322,-0.856191,0.645883,-0.884132,0.685066,-1.246347,0.635348,-1.397100,0.588842,-1.373707,0.333767,-0.945772,0.383327,-1.202306,0.317498,-0.875361,0.308426,-0.582541,0.034847,-0.917100,0.038659,-1.162558,0.005603,-0.749728,-0.000376,-0.468303,-0.287412,-0.851749,-0.243585,-1.064953,-0.240461,-0.792690,-0.160963,-0.562291
T,Right,legacy_asl_T_298,0.000000,0.000000,0.486118,-0.076734,0.947111,-0.312529,1.247617,-0.589161,1.484719,-0.845138,0.621575,-0.859665,0.663348,-1.204215,0.611500,-1.333093,0.553386,-1.337975,0.325439,-0.913121,0.361065,-1.173783,0.290584,-0.837465,0.273609,-0.548938,0.026144,-0.897434,0.040582,-1.122258,0.003644,-0.746074,0.016425,-0.468960,-0.277938,-0.834967,-0.249839,-1.050539,-0.222057,-0.767872,-0.184628,-0.535200
T,Right,legacy_asl_T_299,0.000000,0.000000,0.496715,-0.103029,0.959701,-0.368586,1.255430,-0.668258,1.486900,-0.943529,0.597489,-0.915829,0.623471,-1.272643,0.563720,-1.402774,0.503644,-1.404928,0.289946,-0.956233,0.313745,-1.226371,0.257798,-0.876615,0.254579,-0.578708,-0.017434,-0.925291,-0.013679,-1.157483,-0.033119,-0.768338,-0.006265,-0.483654,-0.327429,-0.845947,-0.309152,-1.069288,-0.266578,-0.779627,-0.216542,-0.541918
