label,handedness,timestamp,x0,y0,x1,y1,x2,y2,x3,y3,x4,y4,x5,y5,x6,y6,x7,y7,x8,y8,x9,y9,x10,y10,x11,y11,x12,y12,x13,y13,x14,y14,x15,y15,x16,y16,x17,y17,x18,y18,x19,y19,x20,y20
W,Right,legacy_asl_W_0,0.000000,0.000000,0.220447,-0.203290,0.257808,-0.538352,0.010273,-0.744853,-0.251239,-0.844867,0.328779,-0.959388,0.401566,-1.374143,0.418883,-1.623013,0.414260,-1.849982,0.088978,-0.985867,0.086910,-1.429776,0.065216,-1.708303,0.047652,-1.930699,-0.120384,-0.908412,-0.229759,-1.319984,-0.302235,-1.581483,-0.365528,-1.804990,-0.271723,-0.754543,-0.294912,-0.919653,-0.245607,-0.767531,-0.211649,-0.608733
W,Right,legacy_asl_W_1,0.000000,0.000000,0.314831,-0.184623,0.421219,-0.552435,0.119439,-0.811223,-0.192037,-0.921465,0.346476,-0.956420,0.466015,-1.398801,0.508443,-1.673708,0.524718,-1.911569,0.060572,-0.982406,0.089181,-1.482506,0.097058,-1.801276,0.095225,-2.046105,-0.174489,-0.880362,-0.293531,-1.372327,-0.340478,-1.690753,-0.387127,-1.967856,-0.358421,-0.680379,-0.295717,-0.903640,-0.166952,-0.745834,-0.091867,-0.567324
W,Right,legacy_asl_W_2,0.000000,0.000000,0.227545,-0.181541,0.285131,-0.495781,0.094695,-0.692483,-0.153756,-0.786082,0.344642,-0.954775,0.440845,-1.353799,0.472772,-1.596087,0.481603,-1.816216,0.114600,-0.981314,0.125869,-1.426561,0.120987,-1.704784,0.116160,-1.932135,-0.088952,-0.900975,-0.188519,-1.307936,-0.252214,-1.574348,-0.304136,-1.803664,-0.242753,-0.741556,-0.258057,-0.900695,-0.195287,-0.743847,-0.145502,-0.576807
W,Right,legacy_asl_W_3,0.000000,0.000000,0.254601,-0.158940,0.358466,-0.479627,0.062082,-0.665848,-0.235275,-0.730834,0.316808,-0.951703,0.480811,-1.337277,0.560011,-1.574524,0.610772,-1.786850,0.064847,-0.984081,0.112006,-1.438094,0.126075,-1.721673,0.118206,-1.939638,-0.138956,-0.890163,-0.233566,-1.307908,-0.286651,-1.584119,-0.348106,-1.818680,-0.293536,-0.700145,-0.251781,-0.834502,-0.156440,-0.678942,-0.108397,-0.515072
W,Right,legacy_asl_W_4,0.000000,0.000000,0.261401,-0.243913,0.330366,-0.634039,0.040522,-0.875027,-0.239186,-0.922570,0.270967,-1.000414,0.323101,-1.404396,0.332961,-1.641898,0.329643,-1.863158,0.014017,-0.997541,-0.033941,-1.423586,-0.072262,-1.688986,-0.102846,-1.908587,-0.184316,-0.893261,-0.347835,-1.323918,-0.417866,-1.614531,-0.473911,-1.869411,-0.338564,-0.710916,-0.331036,-0.948380,-0.206424,-0.799763,-0.112019,-0.621163
W,Right,legacy_asl_W_5,0.000000,0.000000,0.245814,-0.124416,0.383042,-0.443339,0.180407,-0.718258,-0.049081,-0.892647,0.439639,-0.926515,0.628508,-1.324778,0.726323,-1.577487,0.793216,-1.806692,0.183701,-0.971709,0.234197,-1.457034,0.241225,-1.762060,0.251940,-2.017403,-0.043833,-0.883902,-0.095216,-1.313836,-0.117949,-1.598901,-0.131077,-1.849639,-0.247256,-0.702959,-0.203403,-0.850129,-0.133562,-0.667732,-0.085040,-0.489681
W,Right,legacy_asl_W_6,0.000000,0.000000,0.201070,-0.262315,0.223036,-0.613787,-0.051647,-0.781325,-0.328771,-0.821292,0.145040,-0.991724,0.239011,-1.404621,0.274084,-1.651297,0.283700,-1.856033,-0.123049,-0.985662,-0.183239,-1.458534,-0.226691,-1.735076,-0.263398,-1.937568,-0.333378,-0.868051,-0.548091,-1.291860,-0.654418,-1.568832,-0.742534,-1.788548,-0.494989,-0.669670,-0.527048,-0.909263,-0.406917,-0.783535,-0.305730,-0.614835
W,Right,legacy_asl_W_7,0.000000,0.000000,0.271493,-0.300925,0.266050,-0.752725,-0.119952,-0.994788,-0.450851,-1.044194,0.300890,-1.030026,0.352309,-1.506073,0.345536,-1.782902,0.330210,-2.032196,-0.016082,-0.994339,-0.085836,-1.518533,-0.125291,-1.786597,-0.143241,-2.011431,-0.269826,-0.851251,-0.489677,-1.314436,-0.537572,-1.498322,-0.585230,-1.696386,-0.447893,-0.616199,-0.528852,-0.917424,-0.387959,-0.770337,-0.283736,-0.590854
W,Right,legacy_asl_W_8,0.000000,0.000000,0.285002,-0.135938,0.436297,-0.458861,0.157244,-0.698670,-0.128278,-0.816621,0.504583,-0.877891,0.700007,-1.259237,0.796318,-1.499337,0.867311,-1.711931,0.263493,-0.952091,0.394318,-1.409473,0.452743,-1.689141,0.506460,-1.905178,0.040897,-0.901300,0.012797,-1.340754,-0.001019,-1.616411,0.005011,-1.854872,-0.159224,-0.746148,-0.134658,-0.899676,-0.102004,-0.708689,-0.079493,-0.521016
W,Right,legacy_asl_W_9,0.000000,0.000000,0.251954,-0.115242,0.374367,-0.424396,0.109980,-0.636447,-0.170770,-0.745201,0.352935,-0.912974,0.483466,-1.340501,0.549950,-1.621473,0.601479,-1.875118,0.082699,-0.973596,0.117869,-1.448514,0.132731,-1.759917,0.144279,-2.003785,-0.146747,-0.914813,-0.209445,-1.323899,-0.241709,-1.598159,-0.267783,-1.846362,-0.332623,-0.736730,-0.263050,-0.805397,-0.166320,-0.632517,-0.117517,-0.467445
W,Right,legacy_asl_W_10,0.000000,0.000000,0.279519,-0.146988,0.428313,-0.471988,0.173723,-0.718607,-0.088313,-0.856352,0.513902,-0.873696,0.716211,-1.255649,0.821283,-1.501125,0.898814,-1.718863,0.270018,-0.949261,0.404641,-1.412991,0.467811,-1.703371,0.521495,-1.938115,0.043798,-0.905437,0.028586,-1.344921,0.033976,-1.622456,0.054132,-1.864829,-0.165674,-0.757861,-0.133368,-0.903608,-0.096028,-0.712437,-0.065008,-0.525442
W,Right,legacy_asl_W_11,0.000000,0.000000,0.204948,-0.191915,0.248336,-0.515425,0.073110,-0.733612,-0.176148,-0.801366,0.363611,-0.959866,0.442245,-1.356196,0.464791,-1.597035,0.475902,-1.818911,0.137857,-0.983175,0.141566,-1.420650,0.128827,-1.693431,0.130701,-1.914685,-0.078701,-0.914482,-0.177897,-1.303191,-0.250456,-1.562181,-0.306432,-1.792827,-0.230666,-0.780657,-0.270239,-0.919887,-0.211680,-0.760768,-0.171965,-0.581365
W,Right,legacy_asl_W_12,0.000000,0.000000,-0.169442,-0.011466,-0.356763,-0.141544,-0.533445,-0.280923,-0.750562,-0.368855,-0.442190,-0.666434,-0.558657,-1.144008,-0.629840,-1.472685,-0.687534,-1.761093,-0.158075,-0.755019,-0.095782,-1.271743,-0.012901,-1.651998,0.032474,-1.969688,0.093537,-0.715540,0.279146,-1.152851,0.401887,-1.497634,0.473298,-1.762530,0.275089,-0.622155,0.353686,-0.941995,0.360620,-1.120569,0.364553,-1.231147
W,Right,legacy_asl_W_13,0.000000,0.000000,0.272702,-0.150748,0.408556,-0.499838,0.145274,-0.772947,-0.129863,-0.884498,0.450872,-0.943226,0.563922,-1.387960,0.599073,-1.642624,0.630253,-1.876138,0.182389,-0.977807,0.211012,-1.460516,0.201007,-1.752760,0.204638,-1.995537,-0.038367,-0.901006,-0.117028,-1.366960,-0.168726,-1.642104,-0.200561,-1.909608,-0.206523,-0.717108,-0.197076,-0.963295,-0.155048,-0.766937,-0.127257,-0.571762
W,Right,legacy_asl_W_14,0.000000,0.000000,0.256577,-0.172647,0.328403,-0.509168,0.055563,-0.745723,-0.222980,-0.855588,0.423891,-0.941597,0.578596,-1.378100,0.637598,-1.638867,0.679542,-1.882765,0.148665,-0.978553,0.196756,-1.453818,0.193572,-1.754276,0.198455,-2.002260,-0.087976,-0.895763,-0.217836,-1.371683,-0.299726,-1.647510,-0.354137,-1.912783,-0.269238,-0.709310,-0.296337,-0.941578,-0.229429,-0.761648,-0.179485,-0.574090
W,Right,legacy_asl_W_15,0.000000,0.000000,0.219323,-0.222521,0.306358,-0.599165,0.041352,-0.848277,-0.229798,-0.942899,0.430893,-0.925217,0.612767,-1.335819,0.695976,-1.573233,0.761558,-1.790287,0.202486,-0.974979,0.316937,-1.443286,0.363399,-1.713412,0.408005,-1.931598,-0.012150,-0.930285,-0.058708,-1.386923,-0.071871,-1.657495,-0.070113,-1.904272,-0.202670,-0.792834,-0.231263,-1.019180,-0.198579,-0.831877,-0.171765,-0.627387
W,Right,legacy_asl_W_16,0.000000,0.000000,0.253855,-0.130842,0.375696,-0.447035,0.107784,-0.679709,-0.160867,-0.781192,0.450444,-0.925374,0.588213,-1.346408,0.654085,-1.610697,0.696465,-1.841699,0.193551,-0.967839,0.256616,-1.437632,0.272826,-1.732910,0.294976,-1.973717,-0.027834,-0.892959,-0.087159,-1.324907,-0.126570,-1.591366,-0.137877,-1.828311,-0.217225,-0.716899,-0.230299,-0.856416,-0.185724,-0.665146,-0.132545,-0.484387
W,Right,legacy_asl_W_17,0.000000,0.000000,0.253840,-0.143068,0.367506,-0.473509,0.093348,-0.698840,-0.187664,-0.798402,0.379377,-0.937749,0.504394,-1.344896,0.559235,-1.591360,0.593897,-1.815605,0.113645,-0.983141,0.141398,-1.435046,0.135381,-1.716426,0.135618,-1.942984,-0.102451,-0.897175,-0.210373,-1.314279,-0.282272,-1.597235,-0.340856,-1.853414,-0.265805,-0.709634,-0.243923,-0.852106,-0.174351,-0.671925,-0.129419,-0.502753
W,Right,legacy_asl_W_18,0.000000,0.000000,0.280788,-0.381038,0.338836,-0.841006,0.036555,-1.133468,-0.225073,-1.226760,0.603632,-0.919988,0.782843,-1.378842,0.852038,-1.654491,0.921072,-1.873084,0.322649,-0.946397,0.444168,-1.420020,0.475562,-1.707810,0.539346,-1.907259,0.057345,-0.901214,-0.017239,-1.391155,-0.031503,-1.661448,-0.002023,-1.906573,-0.160143,-0.766496,-0.255054,-1.045124,-0.202627,-0.964986,-0.149667,-0.830525
W,Right,legacy_asl_W_19,0.000000,0.000000,0.242497,-0.177086,0.374074,-0.512661,0.143316,-0.719420,-0.138813,-0.778274,0.154002,-0.982794,0.253238,-1.413939,0.289878,-1.700747,0.294823,-1.948544,-0.090519,-0.973911,-0.123483,-1.467300,-0.171681,-1.792671,-0.217981,-2.063791,-0.287583,-0.845336,-0.410496,-1.255968,-0.487591,-1.577558,-0.559840,-1.846027,-0.462049,-0.627354,-0.384829,-0.821737,-0.211585,-0.693446,-0.072752,-0.522256
W,Right,legacy_asl_W_20,0.000000,0.000000,0.241358,-0.146183,0.345964,-0.479482,0.053780,-0.720662,-0.211274,-0.858729,0.451672,-0.902763,0.615898,-1.305843,0.693086,-1.562207,0.753008,-1.793266,0.208154,-0.965651,0.304942,-1.433610,0.343512,-1.728056,0.386954,-1.978751,-0.011766,-0.907618,-0.067342,-1.337070,-0.089662,-1.606300,-0.092819,-1.853325,-0.209980,-0.746944,-0.213502,-0.900156,-0.161053,-0.698368,-0.114217,-0.512343
W,Right,legacy_asl_W_21,0.000000,0.000000,0.235206,-0.090481,0.325177,-0.348544,0.040388,-0.519493,-0.241582,-0.656112,0.272811,-0.932372,0.388979,-1.348489,0.444183,-1.617733,0.486771,-1.864240,-0.026053,-0.956469,-0.041025,-1.451378,-0.065915,-1.764892,-0.086357,-2.034696,-0.255103,-0.838866,-0.423863,-1.230339,-0.527050,-1.500566,-0.602470,-1.745067,-0.422272,-0.615657,-0.442216,-0.706591,-0.363161,-0.560766,-0.298981,-0.413438
W,Right,legacy_asl_W_22,0.000000,0.000000,0.285625,-0.143663,0.426545,-0.468736,0.174608,-0.683683,-0.100258,-0.755249,0.505025,-0.898426,0.674810,-1.278638,0.759318,-1.520253,0.809026,-1.732377,0.260981,-0.955336,0.336602,-1.404831,0.374885,-1.688132,0.409624,-1.915236,0.040993,-0.891854,0.011780,-1.295869,0.002905,-1.578059,0.011222,-1.821603,-0.154427,-0.732603,-0.125281,-0.848585,-0.083733,-0.658766,-0.045216,-0.475898
W,Right,legacy_asl_W_23,0.000000,0.000000,0.239950,-0.134710,0.352580,-0.454523,0.104942,-0.697849,-0.166444,-0.825523,0.427304,-0.917072,0.562828,-1.309518,0.629260,-1.556666,0.675016,-1.784269,0.174336,-0.973974,0.229308,-1.421028,0.246641,-1.696507,0.270147,-1.930792,-0.048129,-0.907366,-0.120642,-1.317644,-0.159656,-1.581798,-0.177472,-1.831046,-0.239301,-0.738008,-0.238175,-0.878352,-0.181288,-0.699709,-0.135725,-0.532906
W,Right,legacy_asl_W_24,0.000000,0.000000,0.284213,-0.127240,0.441842,-0.406123,0.193455,-0.589635,-0.077056,-0.682945,0.348327,-0.938286,0.502690,-1.336336,0.581658,-1.593580,0.633624,-1.829617,0.074801,-0.976371,0.102148,-1.430059,0.091909,-1.741583,0.089740,-2.007675,-0.154979,-0.878895,-0.257908,-1.274323,-0.330778,-1.569488,-0.390088,-1.814557,-0.354808,-0.682932,-0.273517,-0.813423,-0.140022,-0.644454,-0.037471,-0.465517
W,Right,legacy_asl_W_25,0.000000,0.000000,0.248267,-0.154700,0.350766,-0.470836,0.052776,-0.689307,-0.211726,-0.823098,0.447104,-0.903745,0.619331,-1.294777,0.703084,-1.545621,0.760582,-1.766188,0.207395,-0.964599,0.325226,-1.421408,0.377786,-1.706068,0.420229,-1.945206,-0.012859,-0.909257,-0.060494,-1.324249,-0.080671,-1.597414,-0.086646,-1.852288,-0.214941,-0.757032,-0.214341,-0.881518,-0.166684,-0.679422,-0.123301,-0.500272
W,Right,legacy_asl_W_26,0.000000,0.000000,0.204334,-0.181231,0.277177,-0.518512,-0.010808,-0.741297,-0.290781,-0.846954,0.363269,-0.940971,0.499552,-1.356439,0.558754,-1.615975,0.595900,-1.836018,0.109499,-0.981398,0.155905,-1.461626,0.169229,-1.750323,0.188257,-1.977475,-0.110711,-0.902800,-0.216510,-1.356253,-0.274568,-1.629974,-0.310713,-1.866902,-0.300545,-0.730364,-0.318962,-0.893255,-0.265339,-0.723159,-0.214972,-0.555911
W,Right,legacy_asl_W_27,0.000000,0.000000,0.234198,-0.135256,0.335070,-0.455193,0.053455,-0.680115,-0.209264,-0.810370,0.437755,-0.905289,0.605099,-1.299748,0.691142,-1.545213,0.751864,-1.761930,0.196922,-0.967870,0.303816,-1.420425,0.351586,-1.702333,0.400541,-1.935507,-0.021677,-0.904944,-0.076214,-1.327187,-0.104140,-1.604417,-0.110801,-1.860346,-0.220419,-0.739988,-0.214575,-0.872703,-0.163315,-0.673105,-0.121293,-0.493425
W,Right,legacy_asl_W_28,0.000000,0.000000,0.215489,-0.137579,0.288246,-0.414402,0.012751,-0.576705,-0.253481,-0.697860,0.254574,-0.952464,0.364717,-1.339682,0.417035,-1.594959,0.443607,-1.816235,-0.023727,-0.978814,-0.026535,-1.442019,-0.042304,-1.737804,-0.070606,-1.963270,-0.241314,-0.865948,-0.401713,-1.258023,-0.507361,-1.505528,-0.602044,-1.704087,-0.408432,-0.654184,-0.411678,-0.760498,-0.326682,-0.624777,-0.262820,-0.486521
W,Right,legacy_asl_W_29,0.000000,0.000000,0.247585,-0.163934,0.346593,-0.487340,0.050232,-0.706216,-0.230436,-0.802106,0.393213,-0.931917,0.537605,-1.336924,0.597318,-1.585006,0.644751,-1.811037,0.145020,-0.978847,0.204111,-1.443628,0.220920,-1.723684,0.249458,-1.954626,-0.067293,-0.907996,-0.166386,-1.327517,-0.224276,-1.597254,-0.252450,-1.844096,-0.239482,-0.738167,-0.276699,-0.874295,-0.231822,-0.679358,-0.184650,-0.492123
W,Right,legacy_asl_W_30,0.000000,0.000000,-0.099035,-0.251366,-0.151057,-0.637627,-0.255962,-0.946132,-0.413179,-1.119133,0.407977,-0.915865,0.499031,-1.423245,0.554859,-1.798570,0.621133,-2.081162,0.360102,-0.922554,0.401906,-1.409445,0.373885,-1.767020,0.392628,-2.070946,0.256003,-0.860732,-0.021843,-1.142609,-0.221438,-1.002603,-0.281894,-0.834333,0.100235,-0.746172,-0.130399,-0.991697,-0.290149,-0.996501,-0.378335,-0.943632
W,Right,legacy_asl_W_31,0.000000,0.000000,0.218544,-0.218916,0.278648,-0.558144,-0.005661,-0.721288,-0.290362,-0.768762,0.258019,-0.987372,0.335309,-1.414439,0.365844,-1.668074,0.378449,-1.897991,-0.000121,-0.988027,-0.035204,-1.462974,-0.072147,-1.755010,-0.097655,-1.993895,-0.203637,-0.871324,-0.362507,-1.286364,-0.456599,-1.573171,-0.528466,-1.821199,-0.361422,-0.671597,-0.360689,-0.845770,-0.271916,-0.678494,-0.200933,-0.504557
W,Right,legacy_asl_W_32,0.000000,0.000000,0.246463,-0.083745,0.389662,-0.348508,0.145342,-0.580203,-0.123548,-0.722963,0.466770,-0.884288,0.654960,-1.284824,0.752300,-1.538556,0.817654,-1.767099,0.202191,-0.958121,0.303526,-1.426149,0.342997,-1.723232,0.376728,-1.964072,-0.030025,-0.899000,-0.089012,-1.315860,-0.119784,-1.593929,-0.130785,-1.840511,-0.226298,-0.729731,-0.221726,-0.841488,-0.173573,-0.650241,-0.132303,-0.472013
W,Right,legacy_asl_W_33,0.000000,0.000000,0.314521,-0.098726,0.412189,-0.458099,0.145527,-0.732409,-0.154357,-0.875284,0.431990,-0.921522,0.555759,-1.394087,0.594896,-1.677440,0.608833,-1.928165,0.153485,-0.959212,0.171581,-1.466520,0.160383,-1.791650,0.148838,-2.049845,-0.082569,-0.876777,-0.190596,-1.353341,-0.253655,-1.661167,-0.304278,-1.927215,-0.267023,-0.704474,-0.235332,-0.891958,-0.159748,-0.734277,-0.111575,-0.568881
W,Right,legacy_asl_W_34,0.000000,0.000000,0.246049,-0.155313,0.371538,-0.453293,0.136059,-0.633456,-0.127870,-0.719437,0.324669,-0.942047,0.470334,-1.333192,0.547213,-1.579113,0.592316,-1.791867,0.058936,-0.985980,0.080338,-1.439061,0.079664,-1.726648,0.073251,-1.951496,-0.159023,-0.901903,-0.266928,-1.278624,-0.322162,-1.554422,-0.373913,-1.771790,-0.335228,-0.726639,-0.280152,-0.829915,-0.174441,-0.677373,-0.104328,-0.513256
W,Right,legacy_asl_W_35,0.000000,0.000000,0.258244,-0.114265,0.358779,-0.438088,0.116228,-0.692345,-0.151078,-0.828768,0.493047,-0.906141,0.623999,-1.318914,0.689617,-1.574482,0.716961,-1.807917,0.231971,-0.965531,0.282166,-1.429501,0.296837,-1.709949,0.293726,-1.954213,0.003551,-0.910777,-0.057435,-1.282209,-0.101342,-1.489902,-0.151201,-1.676551,-0.187931,-0.771146,-0.168440,-0.953409,-0.126965,-0.808237,-0.112590,-0.664606
W,Right,legacy_asl_W_36,0.000000,0.000000,0.269218,-0.164616,0.338159,-0.484725,0.067062,-0.708068,-0.220397,-0.812249,0.348757,-0.933976,0.471532,-1.363844,0.525602,-1.621671,0.560821,-1.852600,0.063792,-0.979941,0.079930,-1.445336,0.067282,-1.736835,0.061384,-1.966419,-0.178119,-0.902057,-0.351073,-1.306313,-0.457514,-1.576728,-0.528430,-1.811881,-0.354384,-0.723249,-0.376384,-0.876146,-0.290590,-0.715769,-0.222278,-0.540407
W,Right,legacy_asl_W_37,0.000000,0.000000,0.259093,-0.157411,0.366132,-0.486830,0.103117,-0.727102,-0.177746,-0.820615,0.408179,-0.949673,0.550132,-1.368862,0.609628,-1.614861,0.651363,-1.841609,0.143290,-0.981244,0.179250,-1.448452,0.178900,-1.732797,0.186123,-1.962047,-0.073686,-0.887907,-0.178718,-1.339046,-0.244121,-1.611434,-0.289605,-1.864610,-0.236902,-0.691000,-0.247981,-0.908220,-0.189623,-0.731133,-0.143905,-0.552496
W,Right,legacy_asl_W_38,0.000000,0.000000,0.251491,-0.133477,0.374481,-0.432690,0.131392,-0.656405,-0.141718,-0.781358,0.383229,-0.927724,0.543752,-1.315729,0.624021,-1.560139,0.674856,-1.775569,0.110972,-0.982453,0.130629,-1.439100,0.131971,-1.708884,0.127001,-1.912821,-0.110225,-0.913106,-0.239725,-1.336020,-0.318730,-1.597498,-0.380994,-1.814929,-0.291431,-0.751755,-0.282991,-0.911070,-0.221792,-0.748553,-0.174227,-0.575446
W,Right,legacy_asl_W_39,0.000000,0.000000,0.235865,-0.185767,0.301284,-0.536438,0.012303,-0.749464,-0.276626,-0.848400,0.384261,-0.930911,0.498894,-1.392809,0.546457,-1.686250,0.568657,-1.942087,0.125003,-0.970800,0.179662,-1.478029,0.181964,-1.806147,0.195201,-2.069379,-0.106680,-0.903374,-0.209125,-1.356575,-0.267748,-1.643902,-0.291681,-1.892935,-0.298713,-0.734190,-0.343767,-0.914008,-0.273047,-0.740549,-0.202520,-0.554833
W,Right,legacy_asl_W_40,0.000000,0.000000,0.239231,-0.190449,0.299818,-0.531599,0.029232,-0.751891,-0.246841,-0.849707,0.321317,-0.962572,0.408642,-1.392813,0.444937,-1.640029,0.457271,-1.858737,0.043305,-0.993884,0.005458,-1.437736,-0.022543,-1.701470,-0.039922,-1.909463,-0.178570,-0.912816,-0.365075,-1.311628,-0.463911,-1.575285,-0.538393,-1.792223,-0.342111,-0.753897,-0.367226,-0.920576,-0.291593,-0.750807,-0.226094,-0.562049
W,Right,legacy_asl_W_41,0.000000,0.000000,0.261671,-0.081942,0.332304,-0.313962,0.125163,-0.531013,-0.135461,-0.690290,0.399220,-0.884643,0.501489,-1.321048,0.533613,-1.601004,0.531003,-1.847164,0.141355,-0.921846,0.178407,-1.384243,0.177041,-1.700035,0.168964,-1.958250,-0.087607,-0.834994,-0.195174,-1.238983,-0.275304,-1.503316,-0.325350,-1.718044,-0.267130,-0.666377,-0.334125,-0.822906,-0.307427,-0.754572,-0.267656,-0.662867
W,Right,legacy_asl_W_42,0.000000,0.000000,0.285191,-0.135334,0.395749,-0.485331,0.122231,-0.714454,-0.170017,-0.809174,0.448707,-0.912332,0.613340,-1.283553,0.705989,-1.514347,0.770986,-1.707245,0.188343,-0.969737,0.219433,-1.466020,0.233445,-1.764580,0.249525,-2.001631,-0.037375,-0.889524,-0.124965,-1.328665,-0.155607,-1.624974,-0.168015,-1.891363,-0.228583,-0.703236,-0.196751,-0.873789,-0.125885,-0.696751,-0.077427,-0.522513
W,Right,legacy_asl_W_43,0.000000,0.000000,0.219163,-0.272703,0.242984,-0.624182,0.017422,-0.853198,-0.245538,-0.960746,0.199301,-0.980781,0.291705,-1.387247,0.321441,-1.631351,0.332146,-1.842202,-0.049050,-0.990423,-0.080791,-1.432001,-0.096831,-1.703571,-0.106793,-1.917431,-0.255226,-0.902446,-0.376841,-1.286814,-0.419990,-1.543301,-0.448777,-1.748948,-0.403158,-0.752167,-0.412980,-0.916658,-0.324934,-0.815413,-0.245127,-0.679712
W,Right,legacy_asl_W_44,0.000000,0.000000,0.238895,-0.192856,0.351611,-0.514102,0.133684,-0.692752,-0.123064,-0.750267,0.077110,-0.990924,0.154852,-1.408878,0.168793,-1.684688,0.154742,-1.923624,-0.167984,-0.964863,-0.236949,-1.429513,-0.304267,-1.746305,-0.367225,-2.002607,-0.355242,-0.817590,-0.499551,-1.210195,-0.591131,-1.532393,-0.680742,-1.780769,-0.503681,-0.582344,-0.388578,-0.782663,-0.208284,-0.682083,-0.079040,-0.529951
W,Right,legacy_asl_W_45,0.000000,0.000000,0.237624,-0.111410,0.345072,-0.439356,0.115843,-0.754833,-0.104346,-0.959059,0.495140,-0.884157,0.608815,-1.295683,0.667284,-1.550248,0.701657,-1.775991,0.253486,-0.958750,0.294775,-1.411971,0.314764,-1.686462,0.332810,-1.918912,0.038671,-0.930424,0.010599,-1.351410,0.004381,-1.608375,-0.001361,-1.834361,-0.153512,-0.812019,-0.159313,-1.000053,-0.141020,-0.850525,-0.133603,-0.694513
W,Right,legacy_asl_W_46,0.000000,0.000000,0.262664,0.007119,0.413945,-0.179486,0.145804,-0.426015,-0.096231,-0.647980,0.562189,-0.801895,0.791261,-1.244363,0.911610,-1.526141,1.004980,-1.777292,0.258015,-0.899017,0.357684,-1.419039,0.396461,-1.760224,0.437495,-2.041508,-0.009995,-0.831626,-0.122894,-1.276609,-0.198860,-1.575119,-0.241556,-1.819327,-0.230922,-0.656055,-0.224713,-0.766525,-0.174403,-0.582429,-0.126555,-0.384245
W,Right,legacy_asl_W_47,0.000000,0.000000,0.246587,-0.146277,0.351099,-0.460054,0.104474,-0.694727,-0.157410,-0.808312,0.356811,-0.932001,0.488163,-1.342589,0.551553,-1.598401,0.585699,-1.822331,0.100065,-0.981941,0.132614,-1.454576,0.144313,-1.740491,0.150762,-1.968659,-0.118052,-0.919488,-0.221988,-1.348564,-0.246821,-1.617876,-0.267593,-1.833416,-0.308826,-0.771311,-0.266071,-1.012547,-0.177707,-0.895891,-0.122750,-0.735666
W,Right,legacy_asl_W_48,0.000000,0.000000,0.248881,-0.125728,0.360156,-0.404483,0.127345,-0.636409,-0.137266,-0.773814,0.372906,-0.918468,0.496788,-1.319458,0.556365,-1.579097,0.586794,-1.811110,0.112978,-0.979689,0.111376,-1.432994,0.095991,-1.707336,0.077829,-1.924721,-0.100253,-0.917246,-0.241325,-1.336680,-0.328491,-1.600598,-0.396404,-1.820874,-0.273614,-0.760352,-0.290447,-0.944347,-0.231490,-0.796133,-0.177962,-0.626952
W,Right,legacy_asl_W_49,0.000000,0.000000,0.238000,-0.133681,0.334901,-0.435902,0.104899,-0.659975,-0.159108,-0.796217,0.339332,-0.933496,0.463400,-1.332987,0.528267,-1.588751,0.566280,-1.803078,0.078800,-0.983505,0.088786,-1.450881,0.105640,-1.734970,0.123891,-1.954823,-0.139489,-0.913121,-0.257147,-1.346807,-0.286513,-1.625962,-0.306386,-1.849986,-0.318173,-0.748072,-0.286402,-0.961081,-0.185322,-0.830128,-0.113524,-0.665600
W,Right,legacy_asl_W_50,0.000000,0.000000,0.229196,-0.121140,0.341555,-0.404600,0.076412,-0.609819,-0.175082,-0.743098,0.356984,-0.933646,0.524251,-1.316848,0.614559,-1.572950,0.666630,-1.795721,0.090859,-0.982578,0.131194,-1.455690,0.143098,-1.753294,0.142249,-1.992737,-0.120962,-0.906414,-0.200831,-1.246415,-0.217649,-1.463560,-0.233556,-1.647126,-0.284451,-0.742297,-0.252019,-0.870036,-0.187266,-0.745934,-0.147434,-0.614910
W,Right,legacy_asl_W_51,0.000000,0.000000,0.233205,-0.134966,0.327742,-0.428220,0.092381,-0.655526,-0.166576,-0.786771,0.332034,-0.934993,0.470597,-1.318234,0.540200,-1.564720,0.576471,-1.780326,0.079455,-0.983016,0.120154,-1.448053,0.144416,-1.722682,0.159391,-1.943925,-0.132261,-0.907038,-0.246735,-1.311455,-0.268965,-1.571522,-0.284871,-1.784210,-0.311715,-0.738975,-0.281874,-0.968602,-0.189826,-0.869684,-0.124995,-0.733268
W,Right,legacy_asl_W_52,0.000000,0.000000,0.254402,-0.052660,0.405543,-0.316879,0.177816,-0.541628,-0.062426,-0.695590,0.485396,-0.833380,0.676155,-1.204874,0.790951,-1.455605,0.867566,-1.679342,0.246751,-0.948435,0.373269,-1.355610,0.440666,-1.634624,0.495262,-1.873551,0.022575,-0.916218,0.013989,-1.271862,-0.009039,-1.538096,-0.014814,-1.781001,-0.178171,-0.760696,-0.185882,-0.827171,-0.160259,-0.619006,-0.123477,-0.445204
W,Right,legacy_asl_W_53,0.000000,0.000000,0.270062,-0.141292,0.374549,-0.477701,0.100373,-0.728868,-0.185803,-0.839313,0.439051,-0.938664,0.574196,-1.365834,0.628106,-1.622198,0.666154,-1.858523,0.158898,-0.976400,0.201349,-1.453110,0.204999,-1.747300,0.213791,-1.989404,-0.075867,-0.891624,-0.188433,-1.345452,-0.249953,-1.612973,-0.292069,-1.866162,-0.252672,-0.703152,-0.239773,-0.917686,-0.171332,-0.725877,-0.129512,-0.539790
W,Right,legacy_asl_W_54,0.000000,0.000000,0.222949,-0.149353,0.308994,-0.454480,0.055985,-0.690129,-0.208375,-0.826735,0.338779,-0.945150,0.472668,-1.360985,0.542058,-1.610997,0.583310,-1.828587,0.084426,-0.984435,0.102551,-1.457945,0.107320,-1.738849,0.102814,-1.972345,-0.124314,-0.918533,-0.242097,-1.329209,-0.294770,-1.586752,-0.338573,-1.800490,-0.299597,-0.768518,-0.311722,-1.022932,-0.247004,-0.887953,-0.195754,-0.720705
W,Right,legacy_asl_W_55,0.000000,0.000000,0.238642,-0.096929,0.318869,-0.361847,0.041901,-0.543515,-0.232021,-0.683636,0.293278,-0.944707,0.410507,-1.370425,0.463992,-1.631359,0.490450,-1.867772,0.023332,-0.968911,0.020695,-1.455753,-0.007303,-1.759386,-0.038770,-2.015924,-0.192197,-0.866209,-0.355388,-1.263735,-0.473645,-1.542844,-0.567992,-1.787301,-0.358984,-0.668078,-0.369962,-0.804327,-0.295565,-0.633646,-0.233825,-0.462670
W,Right,legacy_asl_W_56,0.000000,0.000000,0.244696,-0.198793,0.335872,-0.542110,0.104652,-0.783494,-0.159462,-0.899399,0.391687,-0.946015,0.519198,-1.346909,0.577768,-1.581339,0.614177,-1.798198,0.148822,-0.984810,0.192451,-1.436895,0.212011,-1.712609,0.228755,-1.940850,-0.060456,-0.914861,-0.142149,-1.336757,-0.185912,-1.611700,-0.219648,-1.855625,-0.219687,-0.760774,-0.209744,-0.951568,-0.166094,-0.776367,-0.137881,-0.595686
W,Right,legacy_asl_W_57,0.000000,0.000000,0.229802,-0.186811,0.263277,-0.529096,-0.017659,-0.750886,-0.303232,-0.852046,0.295775,-0.960184,0.413796,-1.417666,0.475467,-1.689795,0.519562,-1.918219,0.010298,-0.981831,0.004470,-1.484187,-0.008645,-1.782414,-0.008487,-2.013294,-0.229420,-0.886575,-0.412618,-1.341342,-0.521428,-1.609886,-0.585678,-1.836838,-0.417705,-0.702941,-0.451630,-0.929315,-0.367387,-0.771669,-0.288392,-0.595715
W,Right,legacy_asl_W_58,0.000000,0.000000,0.255124,-0.095020,0.407773,-0.369779,0.163996,-0.602193,-0.098856,-0.740160,0.461940,-0.900428,0.648016,-1.292150,0.740064,-1.535376,0.801416,-1.759127,0.196430,-0.965470,0.294188,-1.424624,0.329748,-1.714360,0.358892,-1.957294,-0.033632,-0.903414,-0.092666,-1.310632,-0.116358,-1.587699,-0.121785,-1.839724,-0.224734,-0.734707,-0.217234,-0.838832,-0.171906,-0.639183,-0.131319,-0.459372
W,Right,legacy_asl_W_59,0.000000,0.000000,0.234883,-0.149370,0.317850,-0.493769,0.015956,-0.719746,-0.272802,-0.813536,0.376330,-0.941831,0.498045,-1.378806,0.543400,-1.643994,0.578818,-1.880614,0.107159,-0.977018,0.159599,-1.469691,0.158297,-1.763301,0.160973,-1.993469,-0.126323,-0.891742,-0.229633,-1.342750,-0.295119,-1.611708,-0.343366,-1.856937,-0.322570,-0.697830,-0.329754,-0.847729,-0.250228,-0.656916,-0.207381,-0.467433
W,Right,legacy_asl_W_60,0.000000,0.000000,0.262630,-0.263418,0.358681,-0.662743,0.070239,-0.914609,-0.232028,-0.985023,0.423722,-0.953640,0.604842,-1.349083,0.676701,-1.576641,0.726739,-1.786857,0.173525,-0.980195,0.261428,-1.434997,0.296242,-1.694041,0.321722,-1.910907,-0.046846,-0.912489,-0.092388,-1.353629,-0.089117,-1.631641,-0.087248,-1.871464,-0.233443,-0.774063,-0.235899,-1.009061,-0.187480,-0.857157,-0.157237,-0.669313
W,Right,legacy_asl_W_61,0.000000,0.000000,0.278739,-0.114130,0.407741,-0.444505,0.143909,-0.698490,-0.139170,-0.811864,0.505342,-0.878840,0.675898,-1.291867,0.748095,-1.546741,0.796324,-1.775526,0.234423,-0.957872,0.315819,-1.427498,0.349127,-1.710348,0.377742,-1.933494,-0.007920,-0.906885,-0.061439,-1.338505,-0.086378,-1.604718,-0.106306,-1.843987,-0.204255,-0.750018,-0.189486,-0.895392,-0.150485,-0.716651,-0.135492,-0.548620
W,Right,legacy_asl_W_62,0.000000,0.000000,0.240442,-0.172330,0.336333,-0.506847,0.085645,-0.705914,-0.155127,-0.833289,0.311904,-0.943909,0.456420,-1.313303,0.528935,-1.563726,0.568034,-1.775032,0.082185,-0.986010,0.113556,-1.420207,0.130754,-1.683335,0.130266,-1.914564,-0.115030,-0.922902,-0.164953,-1.282272,-0.214889,-1.546326,-0.268769,-1.795247,-0.278899,-0.773311,-0.211084,-0.876615,-0.100377,-0.686167,-0.008100,-0.524207
W,Right,legacy_asl_W_63,0.000000,0.000000,0.278135,-0.147734,0.348453,-0.475528,0.038044,-0.690550,-0.257449,-0.809843,0.357913,-0.930823,0.461404,-1.397647,0.507567,-1.700357,0.537490,-1.949135,0.051041,-0.971843,0.056467,-1.478119,0.034489,-1.798090,0.030614,-2.056785,-0.205552,-0.892921,-0.358349,-1.316329,-0.454214,-1.568749,-0.500041,-1.784450,-0.396964,-0.717594,-0.420702,-0.904745,-0.352003,-0.777080,-0.278895,-0.627529
W,Right,legacy_asl_W_64,0.000000,0.000000,0.258868,-0.043380,0.354075,-0.171487,0.141423,-0.328026,-0.159581,-0.429781,0.401206,-0.778907,0.647948,-1.233668,0.747300,-1.522617,0.809589,-1.763877,0.116812,-0.854862,0.252023,-1.333766,0.252679,-1.683037,0.254820,-1.960050,-0.132380,-0.755619,-0.222790,-1.162824,-0.319523,-1.457824,-0.379380,-1.702124,-0.361467,-0.544675,-0.469622,-0.651225,-0.497485,-0.636501,-0.482978,-0.607953
W,Right,legacy_asl_W_65,0.000000,0.000000,0.251886,-0.242696,0.310333,-0.638820,0.039463,-0.884188,-0.227997,-0.950821,0.323440,-0.987015,0.371197,-1.375637,0.383346,-1.581757,0.381136,-1.780653,0.070327,-0.997155,0.047037,-1.391532,0.008131,-1.628274,-0.022371,-1.825529,-0.138614,-0.908396,-0.294264,-1.318942,-0.373306,-1.589264,-0.441633,-1.837479,-0.304345,-0.735542,-0.322831,-0.985672,-0.216746,-0.815382,-0.139482,-0.618892
W,Right,legacy_asl_W_66,0.000000,0.000000,0.178387,-0.315888,0.166222,-0.700497,-0.102303,-0.925417,-0.361411,-1.030807,0.128439,-1.020977,0.200009,-1.477401,0.214801,-1.730648,0.209666,-1.950155,-0.119657,-0.989555,-0.187449,-1.479605,-0.224592,-1.766018,-0.254786,-1.981944,-0.311420,-0.877840,-0.503338,-1.310574,-0.579942,-1.603891,-0.642863,-1.848839,-0.433888,-0.706029,-0.484332,-0.997230,-0.364305,-0.894698,-0.246975,-0.733000
W,Right,legacy_asl_W_67,0.000000,0.000000,0.196616,-0.189529,0.202441,-0.528561,-0.095247,-0.756547,-0.366087,-0.870005,0.278330,-0.969393,0.352623,-1.433094,0.382215,-1.707022,0.391058,-1.944049,-0.000221,-0.988856,-0.027400,-1.461272,-0.073303,-1.743720,-0.094348,-1.968668,-0.224270,-0.895324,-0.414202,-1.319406,-0.533616,-1.577482,-0.611154,-1.808237,-0.393032,-0.715411,-0.455421,-0.915133,-0.378276,-0.754612,-0.296689,-0.586986
W,Right,legacy_asl_W_68,0.000000,0.000000,0.231693,-0.137761,0.319597,-0.464967,0.044036,-0.676832,-0.213381,-0.783083,0.333537,-0.941275,0.433910,-1.344269,0.487712,-1.604670,0.515356,-1.817690,0.057489,-0.987579,0.049258,-1.415671,0.039360,-1.685965,0.043423,-1.886870,-0.170415,-0.920441,-0.313215,-1.299019,-0.418069,-1.565411,-0.490562,-1.772000,-0.354279,-0.766902,-0.376131,-0.906513,-0.310825,-0.776351,-0.247821,-0.627132
W,Right,legacy_asl_W_69,0.000000,0.000000,0.242300,-0.132562,0.341743,-0.488951,0.012125,-0.734652,-0.292271,-0.856731,0.471556,-0.874458,0.637896,-1.312028,0.717716,-1.612652,0.785388,-1.873365,0.227157,-0.945809,0.373715,-1.444184,0.437474,-1.767936,0.512041,-2.044173,-0.008650,-0.899128,-0.092800,-1.363883,-0.107410,-1.633287,-0.076682,-1.884811,-0.222758,-0.731411,-0.274549,-0.913562,-0.224202,-0.740212,-0.166779,-0.557807
W,Right,legacy_asl_W_70,0.000000,0.000000,0.232926,-0.202340,0.339279,-0.568765,0.085366,-0.816708,-0.181276,-0.917668,0.468868,-0.913588,0.640798,-1.301280,0.726807,-1.530522,0.790526,-1.744668,0.220832,-0.971550,0.310356,-1.409109,0.356422,-1.667840,0.400444,-1.884373,-0.003828,-0.923486,-0.054760,-1.348999,-0.058925,-1.627211,-0.057866,-1.882483,-0.192857,-0.785269,-0.176903,-0.973305,-0.127739,-0.793621,-0.106653,-0.603503
W,Right,legacy_asl_W_71,0.000000,0.000000,0.233345,-0.115024,0.343779,-0.354040,0.089219,-0.520903,-0.193089,-0.633402,0.318187,-0.922882,0.452107,-1.304761,0.523309,-1.544390,0.569093,-1.765105,0.055426,-0.974344,0.067326,-1.431008,0.051024,-1.716052,0.020471,-1.941404,-0.153287,-0.890362,-0.283159,-1.280890,-0.375485,-1.537415,-0.464036,-1.757279,-0.326596,-0.703105,-0.315094,-0.828965,-0.252494,-0.673137,-0.211831,-0.514903
W,Right,legacy_asl_W_72,0.000000,0.000000,0.270646,-0.174544,0.403562,-0.487074,0.152784,-0.751822,-0.096775,-0.871421,0.514382,-0.881132,0.725949,-1.257044,0.825594,-1.479547,0.900918,-1.685612,0.272511,-0.955839,0.410265,-1.413395,0.472574,-1.679235,0.527581,-1.898290,0.049147,-0.918949,0.034617,-1.334687,0.057609,-1.597061,0.079119,-1.843690,-0.144200,-0.763989,-0.113398,-0.945479,-0.063427,-0.767242,-0.057619,-0.571621
W,Right,legacy_asl_W_73,0.000000,0.000000,0.231720,-0.162477,0.327583,-0.447694,0.096571,-0.643086,-0.151154,-0.759562,0.349142,-0.930542,0.494046,-1.327977,0.572815,-1.569585,0.618123,-1.780852,0.101768,-0.983174,0.139231,-1.434858,0.147958,-1.720949,0.146950,-1.943694,-0.104117,-0.920559,-0.193791,-1.304983,-0.253200,-1.567557,-0.303740,-1.770187,-0.264537,-0.770733,-0.246606,-0.909320,-0.187158,-0.778168,-0.146488,-0.626133
W,Right,legacy_asl_W_74,0.000000,0.000000,0.246380,-0.139677,0.284473,-0.436887,-0.032919,-0.637194,-0.311314,-0.754666,0.375135,-0.948099,0.510345,-1.400766,0.581407,-1.679153,0.629538,-1.922672,0.094317,-0.979246,0.099258,-1.467392,0.094672,-1.767960,0.108825,-2.007008,-0.131764,-0.884695,-0.294041,-1.309657,-0.397899,-1.597144,-0.466585,-1.861415,-0.295985,-0.692459,-0.341641,-0.876387,-0.269207,-0.698180,-0.202974,-0.518823
W,Right,legacy_asl_W_75,0.000000,0.000000,0.251270,-0.151142,0.363033,-0.487442,0.137621,-0.737652,-0.129991,-0.861341,0.458893,-0.901063,0.613497,-1.305622,0.682682,-1.551662,0.728439,-1.776990,0.205010,-0.969409,0.271960,-1.427083,0.304636,-1.707627,0.331210,-1.934889,-0.022162,-0.919102,-0.087758,-1.347098,-0.117514,-1.618643,-0.142657,-1.857199,-0.199456,-0.776457,-0.178836,-0.924208,-0.143007,-0.743794,-0.128143,-0.570857
W,Right,legacy_asl_W_76,0.000000,0.000000,0.249396,-0.046945,0.365382,-0.329253,0.094911,-0.590649,-0.179035,-0.779118,0.447097,-0.876516,0.592411,-1.321762,0.663958,-1.594384,0.716138,-1.839846,0.172609,-0.951355,0.226799,-1.440894,0.238476,-1.743692,0.245002,-2.000067,-0.057072,-0.903036,-0.154627,-1.325495,-0.225249,-1.573578,-0.280421,-1.790330,-0.248387,-0.757927,-0.225256,-0.933512,-0.179082,-0.775074,-0.160919,-0.616191
W,Right,legacy_asl_W_77,0.000000,0.000000,0.252006,-0.098079,0.336308,-0.375046,0.043182,-0.556509,-0.240928,-0.669977,0.323978,-0.925891,0.437401,-1.361012,0.489261,-1.632494,0.513880,-1.880411,0.048889,-0.967937,0.045696,-1.457413,0.011728,-1.772524,-0.017381,-2.037169,-0.173448,-0.874502,-0.314319,-1.274930,-0.416657,-1.565570,-0.495453,-1.812704,-0.343726,-0.677088,-0.353054,-0.795753,-0.280149,-0.629970,-0.217737,-0.455029
W,Right,legacy_asl_W_78,0.000000,0.000000,0.237184,-0.162441,0.323791,-0.521522,0.037571,-0.756903,-0.233280,-0.879885,0.401036,-0.939823,0.534450,-1.345321,0.589487,-1.604521,0.612276,-1.828246,0.141980,-0.979680,0.180051,-1.449955,0.194349,-1.735654,0.192367,-1.969114,-0.088354,-0.902165,-0.146623,-1.313505,-0.178734,-1.563565,-0.228658,-1.779310,-0.288294,-0.741971,-0.285140,-0.884632,-0.255982,-0.737796,-0.263827,-0.608694
W,Right,legacy_asl_W_79,0.000000,0.000000,0.246849,-0.285211,0.319256,-0.679236,0.044700,-0.967160,-0.199825,-1.097496,0.623388,-0.881751,0.786457,-1.364524,0.856814,-1.657341,0.917772,-1.905150,0.345175,-0.933185,0.464658,-1.426980,0.484874,-1.750827,0.526079,-1.995735,0.082651,-0.906079,0.025685,-1.395502,-0.011301,-1.698373,-0.026560,-1.973705,-0.130966,-0.787757,-0.187682,-1.049805,-0.172869,-0.961264,-0.176291,-0.839337
W,Right,legacy_asl_W_80,0.025319,0.030897,0.211795,-0.180776,0.270518,-0.533124,0.019406,-0.769278,-0.265331,-0.856440,0.334292,-0.970465,0.400484,-1.367230,0.412929,-1.616855,0.433998,-1.880916,0.103942,-1.001159,0.082897,-1.423827,0.076701,-1.718192,0.064082,-1.936084,-0.126012,-0.904149,-0.234932,-1.302626,-0.278356,-1.574255,-0.387035,-1.816040,-0.290972,-0.770071,-0.287071,-0.891435,-0.249677,-0.775330,-0.241972,-0.605989
W,Right,legacy_asl_W_81,0.000000,0.000000,0.218538,-0.201529,0.255576,-0.533690,0.010184,-0.738402,-0.249063,-0.837550,0.325931,-0.951079,0.398088,-1.362242,0.415256,-1.608957,0.410672,-1.833961,0.088208,-0.977329,0.086157,-1.417393,0.064651,-1.693508,0.047239,-1.913978,-0.119342,-0.900545,-0.227769,-1.308553,-0.299618,-1.567787,-0.362362,-1.789358,-0.269370,-0.748009,-0.292358,-0.911689,-0.243480,-0.760884,-0.209816,-0.603461
W,Right,legacy_asl_W_82,0.000000,0.000000,0.201812,-0.221800,0.209711,-0.558847,-0.054945,-0.742895,-0.324206,-0.819641,0.243565,-0.984478,0.279780,-1.404011,0.275253,-1.653442,0.250787,-1.879136,0.002368,-0.989871,-0.038537,-1.431896,-0.084521,-1.707456,-0.121478,-1.927462,-0.199414,-0.894394,-0.344383,-1.294816,-0.439465,-1.548970,-0.522073,-1.766080,-0.336707,-0.727872,-0.374255,-0.890319,-0.311829,-0.743095,-0.264104,-0.587877
W,Right,legacy_asl_W_83,0.012430,-0.001950,0.204768,-0.205722,0.226352,-0.535472,0.014106,-0.748129,-0.230622,-0.838749,0.344515,-0.938736,0.404654,-1.383984,0.426543,-1.609559,0.422210,-1.822554,0.107978,-0.963534,0.086138,-1.435005,0.056114,-1.709647,0.042261,-1.912492,-0.120096,-0.906860,-0.227642,-1.283721,-0.316973,-1.578076,-0.366294,-1.788625,-0.243282,-0.743814,-0.288818,-0.910721,-0.260776,-0.754541,-0.191726,-0.608006
W,Right,legacy_asl_W_84,0.000000,0.000000,0.212882,-0.196314,0.248962,-0.519879,0.009921,-0.719294,-0.242618,-0.815876,0.317497,-0.926467,0.387787,-1.326990,0.404510,-1.567321,0.400045,-1.786502,0.085925,-0.952037,0.083927,-1.380714,0.062978,-1.649684,0.046017,-1.864449,-0.116253,-0.877241,-0.221875,-1.274690,-0.291864,-1.527216,-0.352985,-1.743053,-0.262399,-0.728652,-0.284792,-0.888096,-0.237180,-0.741194,-0.204386,-0.587845
W,Right,legacy_asl_W_85,0.000000,0.000000,0.200517,-0.222972,0.206452,-0.560059,-0.059271,-0.742562,-0.328975,-0.817739,0.237827,-0.985880,0.271597,-1.405617,0.265618,-1.655018,0.239837,-1.880565,-0.003398,-0.989868,-0.046877,-1.431648,-0.094465,-1.706935,-0.132703,-1.926722,-0.204620,-0.893217,-0.351919,-1.292788,-0.448480,-1.546384,-0.532351,-1.763009,-0.340941,-0.725898,-0.379435,-0.888124,-0.316152,-0.741266,-0.267524,-0.586329
W,Right,legacy_asl_W_86,-0.026213,0.014630,0.207391,-0.197407,0.257001,-0.532215,-0.007077,-0.746504,-0.244612,-0.820312,0.314075,-0.920569,0.399944,-1.371653,0.392830,-1.615796,0.419739,-1.857785,0.085385,-0.981618,0.055079,-1.405251,0.063347,-1.704758,0.045529,-1.945284,-0.094291,-0.905502,-0.213347,-1.333089,-0.293249,-1.591297,-0.353015,-1.814087,-0.300320,-0.748270,-0.301598,-0.930887,-0.233388,-0.739578,-0.210934,-0.588148
W,Right,legacy_asl_W_87,0.000000,0.000000,0.228786,-0.210980,0.267561,-0.558717,0.010662,-0.773030,-0.260743,-0.876827,0.341216,-0.995680,0.416757,-1.426124,0.434729,-1.684409,0.429931,-1.919964,0.092344,-1.023160,0.090197,-1.483862,0.067683,-1.772925,0.049455,-2.003734,-0.124938,-0.942776,-0.238450,-1.369917,-0.313668,-1.641308,-0.379355,-1.873269,-0.282002,-0.783086,-0.306068,-0.954442,-0.254898,-0.796566,-0.219655,-0.631760
W,Right,legacy_asl_W_88,0.000000,0.000000,0.237526,-0.183043,0.304311,-0.513501,0.075964,-0.741041,-0.175702,-0.863742,0.412159,-0.926631,0.521264,-1.333345,0.560476,-1.579716,0.575900,-1.806207,0.175631,-0.974168,0.212745,-1.416528,0.215714,-1.695883,0.217845,-1.918961,-0.039749,-0.915492,-0.112377,-1.335110,-0.161494,-1.601985,-0.204816,-1.830205,-0.204076,-0.775578,-0.212604,-0.942090,-0.176916,-0.786211,-0.157104,-0.625035
W,Right,legacy_asl_W_89,0.009606,-0.011875,0.291001,-0.187885,0.405947,-0.559077,0.118813,-0.801015,-0.188576,-0.903585,0.349391,-0.957915,0.467634,-1.387279,0.515780,-1.664569,0.544465,-1.934259,0.042407,-0.985947,0.097411,-1.487890,0.119681,-1.793316,0.115163,-2.031982,-0.207419,-0.870228,-0.300967,-1.362507,-0.354742,-1.691741,-0.370217,-1.952941,-0.343278,-0.674283,-0.261713,-0.921384,-0.176668,-0.750187,-0.098781,-0.549143
W,Right,legacy_asl_W_90,0.000000,0.000000,0.307937,-0.180581,0.411996,-0.540339,0.116823,-0.793461,-0.187832,-0.901288,0.338890,-0.935478,0.455812,-1.368173,0.497310,-1.637061,0.513229,-1.869714,0.059245,-0.960895,0.087228,-1.450046,0.094933,-1.761836,0.093140,-2.001304,-0.170669,-0.861086,-0.287104,-1.342279,-0.333023,-1.653733,-0.378651,-1.924769,-0.350574,-0.665481,-0.289242,-0.883854,-0.163297,-0.729504,-0.089855,-0.554902
W,Right,legacy_asl_W_91,0.000000,0.000000,0.317625,-0.179772,0.429643,-0.545909,0.131868,-0.809296,-0.177880,-0.924302,0.361106,-0.950993,0.487417,-1.391488,0.534056,-1.665712,0.553978,-1.903295,0.075634,-0.981361,0.111910,-1.480964,0.124676,-1.799575,0.126599,-2.044403,-0.160965,-0.882935,-0.272446,-1.376668,-0.314504,-1.695776,-0.356897,-1.973563,-0.347943,-0.685797,-0.281821,-0.908070,-0.155492,-0.748307,-0.083154,-0.568666
W,Right,legacy_asl_W_92,0.004245,-0.006919,0.315989,-0.184808,0.434899,-0.510779,0.120091,-0.800221,-0.188555,-0.921521,0.348025,-0.957704,0.448888,-1.396237,0.531080,-1.673530,0.531261,-1.912114,0.042839,-0.973160,0.091423,-1.499668,0.114021,-1.821419,0.076715,-2.042019,-0.178517,-0.862971,-0.302344,-1.409678,-0.359905,-1.693695,-0.407187,-1.999704,-0.371264,-0.678599,-0.269722,-0.915402,-0.147711,-0.720412,-0.094881,-0.565336
W,Right,legacy_asl_W_93,0.000000,0.000000,0.328027,-0.192362,0.438875,-0.575591,0.124445,-0.845227,-0.200086,-0.960089,0.360999,-0.996510,0.485549,-1.457434,0.529755,-1.743864,0.546713,-1.991696,0.063111,-1.023585,0.092919,-1.544648,0.101127,-1.876779,0.099216,-2.131871,-0.181803,-0.917264,-0.305835,-1.429851,-0.354750,-1.761624,-0.403355,-2.050343,-0.373445,-0.708898,-0.308112,-0.941518,-0.173951,-0.777097,-0.095718,-0.591104
W,Right,legacy_asl_W_94,0.000000,0.000000,0.321758,-0.172267,0.442339,-0.535674,0.150828,-0.805978,-0.156135,-0.928222,0.383328,-0.942255,0.519944,-1.379664,0.573007,-1.652718,0.598500,-1.889768,0.098648,-0.979315,0.146641,-1.477929,0.166882,-1.796153,0.174551,-2.040869,-0.140196,-0.886470,-0.240057,-1.382684,-0.274613,-1.702691,-0.310475,-1.981396,-0.331750,-0.693775,-0.260429,-0.914434,-0.137885,-0.751751,-0.069783,-0.570461
W,Right,legacy_asl_W_95,-0.007350,-0.008244,0.345831,-0.180752,0.417013,-0.546890,0.101804,-0.832862,-0.190506,-0.930206,0.339454,-0.958257,0.435258,-1.388155,0.475869,-1.670336,0.507349,-1.909291,0.031735,-0.977845,0.077603,-1.464544,0.112321,-1.822310,0.120337,-2.047119,-0.180554,-0.887454,-0.284461,-1.374060,-0.324153,-1.688675,-0.373175,-1.998972,-0.372735,-0.634694,-0.304023,-0.899991,-0.143069,-0.737960,-0.115671,-0.577017
W,Right,legacy_asl_W_96,0.000000,0.000000,0.298339,-0.174952,0.399155,-0.523498,0.113182,-0.768730,-0.181978,-0.873197,0.328327,-0.906321,0.441605,-1.325530,0.481810,-1.586037,0.497232,-1.811438,0.057399,-0.930946,0.084509,-1.404850,0.091974,-1.706922,0.090237,-1.938927,-0.165349,-0.834247,-0.278155,-1.300443,-0.322643,-1.602188,-0.366849,-1.864777,-0.339647,-0.644740,-0.280226,-0.856306,-0.158207,-0.706766,-0.087055,-0.537607
W,Right,legacy_asl_W_97,0.000000,0.000000,0.312571,-0.188424,0.414495,-0.557498,0.109602,-0.812611,-0.203187,-0.919070,0.334863,-0.960547,0.449034,-1.404344,0.488128,-1.679745,0.501520,-1.917786,0.048665,-0.983067,0.071213,-1.483478,0.075228,-1.802320,0.070428,-2.047108,-0.185142,-0.878183,-0.310136,-1.368670,-0.360938,-1.686504,-0.410941,-1.963022,-0.366638,-0.675986,-0.306643,-0.899991,-0.175976,-0.743757,-0.098734,-0.566169
W,Right,legacy_asl_W_98,0.007384,-0.048605,0.215693,-0.189488,0.280221,-0.501817,0.108545,-0.703852,-0.137509,-0.811943,0.335727,-0.940076,0.450195,-1.353954,0.470938,-1.621281,0.468105,-1.797592,0.122320,-0.985178,0.126615,-1.439587,0.101925,-1.706192,0.135400,-1.929048,-0.082213,-0.903669,-0.182519,-1.319491,-0.244312,-1.594439,-0.270421,-1.787677,-0.241279,-0.721419,-0.247428,-0.898177,-0.176370,-0.755004,-0.137568,-0.564002
W,Right,legacy_asl_W_99,0.000000,0.000000,0.221933,-0.177064,0.278098,-0.483553,0.092360,-0.675404,-0.149963,-0.766694,0.336142,-0.931227,0.429972,-1.320409,0.461112,-1.556721,0.469725,-1.771421,0.111773,-0.957111,0.122764,-1.391377,0.118003,-1.662737,0.113296,-1.884481,-0.086758,-0.878754,-0.183869,-1.275677,-0.245993,-1.535518,-0.296635,-1.759179,-0.236766,-0.723266,-0.251692,-0.878480,-0.190471,-0.725501,-0.141913,-0.562581
W,Right,legacy_asl_W_100,0.000000,0.000000,0.241403,-0.162661,0.324063,-0.471255,0.150057,-0.682629,-0.090066,-0.795898,0.420280,-0.923980,0.548249,-1.313978,0.599550,-1.552916,0.626048,-1.771622,0.193116,-0.968925,0.240141,-1.411826,0.257641,-1.689540,0.271107,-1.916544,-0.016235,-0.905210,-0.082765,-1.318858,-0.124837,-1.589528,-0.158157,-1.822276,-0.182355,-0.758670,-0.184815,-0.918525,-0.134858,-0.757139,-0.098662,-0.586637
W,Right,legacy_asl_W_101,-0.003969,-0.000530,0.224875,-0.169455,0.298360,-0.478327,0.072473,-0.690262,-0.136987,-0.787200,0.342099,-0.936444,0.461495,-1.348504,0.461839,-1.604341,0.480248,-1.819916,0.124034,-0.966730,0.122149,-1.429311,0.107437,-1.706522,0.106377,-1.892053,-0.081670,-0.920817,-0.186612,-1.303797,-0.244847,-1.583669,-0.318003,-1.790005,-0.260241,-0.740356,-0.260812,-0.916136,-0.208731,-0.733895,-0.126058,-0.580513
W,Right,legacy_asl_W_102,0.000000,0.000000,0.235221,-0.187665,0.294749,-0.512505,0.097890,-0.715843,-0.158942,-0.812599,0.356268,-0.986983,0.455716,-1.399467,0.488721,-1.649928,0.497849,-1.877483,0.118466,-1.014417,0.130115,-1.474684,0.125068,-1.762292,0.120079,-1.997313,-0.091952,-0.931368,-0.194878,-1.352057,-0.260722,-1.627456,-0.314396,-1.864508,-0.250942,-0.766571,-0.266762,-0.931078,-0.201875,-0.768940,-0.150410,-0.596265
W,Right,legacy_asl_W_103,0.000000,0.000000,0.211384,-0.200127,0.242198,-0.518110,0.035816,-0.698009,-0.219658,-0.770270,0.262695,-0.980493,0.324821,-1.386220,0.336152,-1.630340,0.326342,-1.850428,0.031232,-0.987489,0.004821,-1.432095,-0.023563,-1.708909,-0.047592,-1.935039,-0.164799,-0.890230,-0.298413,-1.287318,-0.384401,-1.547391,-0.455523,-1.771497,-0.304573,-0.718380,-0.333275,-0.875656,-0.257471,-0.724676,-0.193742,-0.562442
W,Right,legacy_asl_W_104,0.005025,0.023175,0.231398,-0.187146,0.281174,-0.509547,0.112670,-0.696801,-0.166918,-0.783261,0.346889,-0.963132,0.452203,-1.356746,0.458423,-1.600588,0.467727,-1.807081,0.100566,-0.979123,0.135027,-1.426199,0.113426,-1.706565,0.153490,-1.917394,-0.072885,-0.884682,-0.175783,-1.288938,-0.261926,-1.587720,-0.306233,-1.829566,-0.242471,-0.722157,-0.267243,-0.899598,-0.192462,-0.749643,-0.122726,-0.574815
W,Right,legacy_asl_W_105,0.000000,0.000000,0.239438,-0.191029,0.300032,-0.521692,0.099644,-0.728674,-0.161791,-0.827165,0.362654,-1.004675,0.463885,-1.424552,0.497481,-1.679503,0.506773,-1.911137,0.120589,-1.032600,0.132447,-1.501117,0.127310,-1.793881,0.122231,-2.033114,-0.093600,-0.948063,-0.198371,-1.376293,-0.265395,-1.656628,-0.320031,-1.897929,-0.255440,-0.780312,-0.271543,-0.947768,-0.205493,-0.782723,-0.153106,-0.606953
W,Right,legacy_asl_W_106,0.000000,0.000000,0.234368,-0.172643,0.304013,-0.484432,0.121294,-0.688322,-0.123368,-0.791420,0.381156,-0.940794,0.492655,-1.335816,0.533890,-1.576696,0.551192,-1.796321,0.152307,-0.976172,0.180715,-1.420655,0.186551,-1.698860,0.190484,-1.926228,-0.054187,-0.903733,-0.138008,-1.314226,-0.191396,-1.582893,-0.234448,-1.814039,-0.214015,-0.750354,-0.223178,-0.909965,-0.166495,-0.750816,-0.123180,-0.581983
W,Right,legacy_asl_W_107,0.004697,-0.011110,0.264953,-0.125651,0.357497,-0.493747,0.051691,-0.687922,-0.236633,-0.708110,0.319306,-0.943449,0.471891,-1.354425,0.563853,-1.558513,0.582259,-1.778753,0.056080,-1.002116,0.111562,-1.429446,0.135514,-1.711658,0.105246,-1.925576,-0.142026,-0.883839,-0.223819,-1.294380,-0.294681,-1.594370,-0.363149,-1.841365,-0.299943,-0.697701,-0.272648,-0.843556,-0.166454,-0.651536,-0.092423,-0.523237
W,Right,legacy_asl_W_108,0.000000,0.000000,0.270994,-0.169173,0.381546,-0.510508,0.066079,-0.708718,-0.250423,-0.777888,0.337206,-1.012978,0.511768,-1.423376,0.596066,-1.675898,0.650096,-1.901894,0.069022,-1.047440,0.119217,-1.530685,0.134193,-1.832521,0.125817,-2.064519,-0.147903,-0.947476,-0.248604,-1.392116,-0.305106,-1.686111,-0.370519,-1.935775,-0.312435,-0.745224,-0.267991,-0.888231,-0.166512,-0.722655,-0.115376,-0.548234
W,Right,legacy_asl_W_109,0.000000,0.000000,0.265070,-0.140788,0.391057,-0.453447,0.108388,-0.659893,-0.183710,-0.745469,0.382439,-0.927279,0.572945,-1.300470,0.668505,-1.531613,0.733957,-1.739880,0.133351,-0.977158,0.212073,-1.426774,0.245894,-1.708680,0.253252,-1.926663,-0.076509,-0.897689,-0.141741,-1.321017,-0.175424,-1.600259,-0.220363,-1.838537,-0.243970,-0.718920,-0.192941,-0.850036,-0.108687,-0.688203,-0.072195,-0.521380
W,Right,legacy_asl_W_110,-0.019744,0.014384,0.268778,-0.141881,0.340821,-0.476826,0.060103,-0.674052,-0.230384,-0.717013,0.311868,-0.948453,0.470927,-1.357700,0.531382,-1.570226,0.627955,-1.787088,0.077318,-1.004793,0.134740,-1.404432,0.126086,-1.717019,0.109524,-1.936735,-0.105348,-0.889900,-0.241169,-1.298847,-0.288059,-1.579612,-0.344411,-1.842905,-0.268797,-0.696907,-0.274248,-0.846876,-0.178381,-0.669145,-0.085772,-0.515027
W,Right,legacy_asl_W_111,0.000000,0.000000,0.242356,-0.151295,0.341225,-0.456558,0.059096,-0.633822,-0.223959,-0.695683,0.301570,-0.905928,0.457685,-1.272957,0.533075,-1.498792,0.581396,-1.700906,0.061728,-0.936749,0.106619,-1.368925,0.120011,-1.638864,0.112521,-1.846345,-0.132273,-0.847349,-0.222332,-1.245000,-0.272863,-1.507926,-0.331363,-1.731206,-0.279418,-0.666470,-0.239670,-0.794364,-0.148915,-0.646286,-0.103183,-0.490298
W,Right,legacy_asl_W_112,0.000000,0.000000,0.245237,-0.173040,0.330858,-0.499072,0.024447,-0.668289,-0.276100,-0.716409,0.262654,-0.968049,0.404661,-1.362255,0.470360,-1.603589,0.509072,-1.818439,0.009269,-0.986172,0.030759,-1.442121,0.028820,-1.726042,0.008676,-1.943217,-0.188916,-0.880915,-0.306925,-1.292661,-0.375496,-1.565440,-0.450077,-1.796165,-0.332539,-0.682485,-0.298423,-0.818982,-0.194465,-0.669044,-0.137261,-0.508142
W,Right,legacy_asl_W_113,-0.030789,-0.011210,0.228366,-0.128433,0.342410,-0.479525,0.064970,-0.684474,-0.235157,-0.732287,0.346943,-0.935393,0.473256,-1.347685,0.547361,-1.570618,0.625515,-1.798765,0.084901,-0.990625,0.103107,-1.468264,0.095890,-1.702469,0.092726,-1.919780,-0.132951,-0.873279,-0.238703,-1.308806,-0.274964,-1.598810,-0.359705,-1.801805,-0.305048,-0.692450,-0.257305,-0.812643,-0.158601,-0.661621,-0.129038,-0.512785
W,Right,legacy_asl_W_114,0.000000,0.000000,0.255009,-0.159194,0.359040,-0.480395,0.062181,-0.666913,-0.235652,-0.732004,0.317315,-0.953226,0.481581,-1.339416,0.560907,-1.577043,0.611750,-1.789709,0.064951,-0.985656,0.112185,-1.440395,0.126277,-1.724428,0.118395,-1.942741,-0.139179,-0.891588,-0.233940,-1.310001,-0.287109,-1.586654,-0.348663,-1.821591,-0.294006,-0.701266,-0.252183,-0.835837,-0.156690,-0.680028,-0.108571,-0.515896
W,Right,legacy_asl_W_115,0.000000,0.000000,0.257893,-0.153542,0.368489,-0.471970,0.076093,-0.664392,-0.219829,-0.735628,0.336784,-0.944819,0.508873,-1.326852,0.593052,-1.562378,0.648275,-1.773588,0.085561,-0.982497,0.142273,-1.435416,0.162312,-1.718635,0.159036,-1.936717,-0.120175,-0.892893,-0.205965,-1.312537,-0.253220,-1.589805,-0.309721,-1.825609,-0.278723,-0.706173,-0.234147,-0.839620,-0.142104,-0.682087,-0.097524,-0.517241
W,Right,legacy_asl_W_116,0.025230,-0.000306,0.257330,-0.219616,0.341292,-0.646760,0.046128,-0.859140,-0.263031,-0.899917,0.268716,-1.014372,0.339578,-1.392467,0.326278,-1.635399,0.357903,-1.843215,0.024779,-1.001069,-0.011523,-1.420330,-0.077216,-1.696305,-0.112106,-1.894782,-0.197200,-0.927982,-0.334226,-1.343976,-0.415978,-1.600225,-0.500100,-1.873081,-0.329958,-0.726681,-0.318262,-0.934930,-0.204217,-0.817940,-0.077244,-0.622776
W,Right,legacy_asl_W_117,0.000000,0.000000,0.246197,-0.229726,0.311150,-0.597160,0.038165,-0.824131,-0.225273,-0.868909,0.255206,-0.942225,0.304308,-1.322710,0.313594,-1.546397,0.310469,-1.754787,0.013202,-0.939519,-0.031967,-1.340784,-0.068059,-1.590746,-0.096864,-1.797574,-0.173595,-0.841304,-0.327604,-1.246912,-0.393561,-1.520622,-0.446346,-1.760677,-0.318872,-0.669566,-0.311782,-0.893217,-0.194418,-0.753245,-0.105504,-0.585033
W,Right,legacy_asl_W_118,0.000000,0.000000,0.269944,-0.234423,0.352796,-0.621838,0.071742,-0.873021,-0.206089,-0.930523,0.306518,-0.990100,0.373044,-1.391963,0.391379,-1.628961,0.395964,-1.850198,0.049629,-0.996404,0.016915,-1.423891,-0.011905,-1.690489,-0.034627,-1.911042,-0.152301,-0.899273,-0.300338,-1.335494,-0.359947,-1.628423,-0.406854,-1.885142,-0.312962,-0.722552,-0.296960,-0.959596,-0.177734,-0.806624,-0.089767,-0.624767
W,Right,legacy_asl_W_119,0.010304,0.028384,0.251141,-0.265087,0.337404,-0.633028,0.055569,-0.892099,-0.213151,-0.912991,0.256624,-1.002309,0.345065,-1.392980,0.311553,-1.677065,0.324246,-1.851913,0.014605,-0.990792,-0.049316,-1.419843,-0.083531,-1.679636,-0.107877,-1.895074,-0.159659,-0.900449,-0.345999,-1.322257,-0.413586,-1.606360,-0.475235,-1.860263,-0.351123,-0.703927,-0.323493,-0.942859,-0.218336,-0.807381,-0.116961,-0.601307
W,Right,legacy_asl_W_120,0.000000,0.000000,0.271934,-0.253741,0.343678,-0.659587,0.042155,-0.910284,-0.248823,-0.959743,0.281885,-1.040724,0.336120,-1.460984,0.346377,-1.708055,0.342925,-1.938230,0.014582,-1.037735,-0.035308,-1.480947,-0.075174,-1.757040,-0.106990,-1.985490,-0.191742,-0.929253,-0.361851,-1.377262,-0.434703,-1.679586,-0.493006,-1.944736,-0.352206,-0.739561,-0.344375,-0.986593,-0.214742,-0.831988,-0.116533,-0.646191
W,Right,legacy_asl_W_121,0.000000,0.000000,0.266238,-0.238624,0.343009,-0.627290,0.058053,-0.874038,-0.220645,-0.927179,0.290966,-0.994782,0.351187,-1.397638,0.365805,-1.634894,0.366923,-1.856176,0.034010,-0.997059,-0.005399,-1.423981,-0.038393,-1.690095,-0.064568,-1.910265,-0.166373,-0.896776,-0.321228,-1.330624,-0.385419,-1.622583,-0.436344,-1.878535,-0.324246,-0.717560,-0.311960,-0.954825,-0.190352,-0.803740,-0.099546,-0.623283
W,Right,legacy_asl_W_122,-0.044371,0.007809,0.284736,-0.229711,0.306993,-0.625706,0.037287,-0.884878,-0.211754,-0.905178,0.291112,-1.037015,0.324913,-1.394684,0.329675,-1.643564,0.315961,-1.844044,0.015844,-1.016246,-0.034520,-1.431008,-0.095537,-1.699033,-0.105066,-1.875661,-0.228956,-0.905013,-0.353724,-1.313083,-0.403419,-1.609667,-0.459872,-1.886162,-0.336335,-0.710232,-0.300759,-0.950533,-0.187041,-0.800531,-0.113338,-0.609475
W,Right,legacy_asl_W_123,0.000000,0.000000,0.248504,-0.231879,0.314067,-0.602757,0.038523,-0.831854,-0.227385,-0.877052,0.257598,-0.951056,0.307160,-1.335106,0.316533,-1.560890,0.313379,-1.771233,0.013326,-0.948324,-0.032266,-1.353350,-0.068697,-1.605655,-0.097772,-1.814421,-0.175222,-0.849189,-0.330674,-1.258598,-0.397249,-1.534874,-0.450529,-1.777178,-0.321860,-0.675841,-0.314704,-0.901588,-0.196240,-0.760304,-0.106493,-0.590516
W,Right,legacy_asl_W_124,0.000000,0.000000,0.280367,-0.221851,0.380824,-0.605079,0.111534,-0.868835,-0.163382,-0.938963,0.351411,-0.975071,0.436219,-1.373476,0.465356,-1.609389,0.480040,-1.830187,0.095078,-0.993098,0.081919,-1.421633,0.065303,-1.689269,0.052676,-1.910630,-0.111077,-0.905289,-0.239040,-1.347816,-0.285210,-1.643161,-0.320346,-1.901754,-0.279641,-0.736090,-0.252830,-0.972155,-0.140715,-0.813899,-0.061144,-0.628214
W,Right,legacy_asl_W_125,-0.000661,0.034761,0.248126,-0.094924,0.354911,-0.436920,0.198107,-0.736618,-0.030577,-0.874194,0.454632,-0.913269,0.636594,-1.314668,0.744511,-1.553123,0.806079,-1.783295,0.174863,-0.977484,0.231899,-1.437936,0.227062,-1.748552,0.242262,-2.016114,-0.048660,-0.875290,-0.122304,-1.317745,-0.123581,-1.576578,-0.133576,-1.854705,-0.234915,-0.694114,-0.166912,-0.827685,-0.111259,-0.697391,-0.069194,-0.497433
W,Right,legacy_asl_W_126,0.000000,0.000000,0.228843,-0.115826,0.356597,-0.412731,0.167951,-0.668670,-0.045692,-0.831018,0.409286,-0.862549,0.585116,-1.233316,0.676177,-1.468578,0.738452,-1.681958,0.171019,-0.904623,0.218028,-1.356441,0.224571,-1.640407,0.234546,-1.878122,-0.040807,-0.822878,-0.088642,-1.223129,-0.109806,-1.488513,-0.122028,-1.721940,-0.230185,-0.654426,-0.189360,-0.791436,-0.124341,-0.621632,-0.079169,-0.455873
W,Right,legacy_asl_W_127,0.000000,0.000000,0.239693,-0.135836,0.361775,-0.460858,0.146437,-0.725946,-0.090996,-0.889352,0.395591,-0.946161,0.565527,-1.352863,0.651352,-1.609892,0.707394,-1.841988,0.137812,-0.979272,0.165434,-1.466434,0.158112,-1.771453,0.156811,-2.027017,-0.085343,-0.880864,-0.156882,-1.307906,-0.192993,-1.591587,-0.217896,-1.841431,-0.280033,-0.690556,-0.243148,-0.839626,-0.164809,-0.660714,-0.107969,-0.485141
W,Right,legacy_asl_W_128,-0.002903,-0.007686,0.262073,-0.128976,0.421334,-0.443207,0.177191,-0.710145,-0.053234,-0.882349,0.476102,-0.916770,0.644544,-1.327211,0.757786,-1.585168,0.759084,-1.796280,0.198856,-0.965473,0.226620,-1.454974,0.220033,-1.762555,0.252109,-2.030793,-0.047715,-0.872046,-0.120887,-1.335763,-0.101919,-1.575016,-0.137832,-1.829787,-0.256910,-0.696183,-0.231378,-0.837836,-0.121447,-0.673701,-0.056173,-0.482103
W,Right,legacy_asl_W_129,0.000000,0.000000,0.232722,-0.117790,0.362642,-0.419727,0.170798,-0.680004,-0.046467,-0.845105,0.416224,-0.877169,0.595034,-1.254221,0.687639,-1.493471,0.750969,-1.710468,0.173918,-0.919956,0.221724,-1.379433,0.228377,-1.668213,0.238522,-1.909957,-0.041499,-0.836826,-0.090144,-1.243862,-0.111667,-1.513744,-0.124096,-1.751128,-0.234087,-0.665519,-0.192570,-0.804852,-0.126449,-0.632169,-0.080511,-0.463601
W,Right,legacy_asl_W_130,0.000000,0.000000,0.254495,-0.105529,0.415377,-0.413198,0.234045,-0.702612,0.018359,-0.893806,0.508241,-0.890732,0.726599,-1.273622,0.843188,-1.518237,0.927171,-1.741746,0.256439,-0.955094,0.343382,-1.435231,0.373387,-1.738858,0.403323,-1.992666,0.022932,-0.884692,0.004110,-1.317275,0.002934,-1.603243,0.008747,-1.854257,-0.193553,-0.719599,-0.138730,-0.863045,-0.082839,-0.675901,-0.047879,-0.494699
W,Right,legacy_asl_W_131,0.015392,-0.012206,0.242265,-0.122422,0.414808,-0.433597,0.191743,-0.707894,-0.045497,-0.887117,0.442201,-0.919266,0.628131,-1.327666,0.746436,-1.587198,0.792163,-1.814332,0.204089,-0.973666,0.258637,-1.463732,0.248370,-1.748607,0.267173,-2.012423,-0.062715,-0.887829,-0.093482,-1.304045,-0.106944,-1.605751,-0.155662,-1.871933,-0.258446,-0.702252,-0.212284,-0.870134,-0.132282,-0.664286,-0.088504,-0.517535
W,Right,legacy_asl_W_132,0.000000,0.000000,0.262414,-0.132818,0.408909,-0.473277,0.192590,-0.766762,-0.052395,-0.952927,0.469328,-0.989083,0.670951,-1.414240,0.775371,-1.684015,0.846781,-1.928698,0.196107,-1.037329,0.250012,-1.555428,0.257515,-1.881052,0.268954,-2.153638,-0.046793,-0.943592,-0.101646,-1.402560,-0.125914,-1.706875,-0.139929,-1.974546,-0.263953,-0.750429,-0.217139,-0.907538,-0.142582,-0.712824,-0.090783,-0.522749
W,Right,legacy_asl_W_133,0.000000,0.000000,0.256165,-0.101407,0.421993,-0.406439,0.245356,-0.698743,0.032783,-0.893394,0.522553,-0.882412,0.747062,-1.261728,0.867584,-1.504429,0.955164,-1.726553,0.271822,-0.950830,0.366504,-1.429501,0.401405,-1.732604,0.435434,-1.985897,0.037209,-0.884206,0.025372,-1.317037,0.028812,-1.602987,0.038676,-1.853875,-0.181913,-0.722630,-0.124781,-0.865172,-0.071919,-0.677150,-0.039888,-0.495407
W,Right,legacy_asl_W_134,-0.012182,0.013106,0.191630,-0.267337,0.234408,-0.606963,-0.076074,-0.783709,-0.337573,-0.813258,0.141433,-0.985701,0.251238,-1.412732,0.273991,-1.627030,0.287980,-1.867654,-0.102314,-0.968773,-0.164681,-1.467299,-0.238010,-1.727079,-0.262687,-1.938249,-0.334255,-0.850148,-0.541844,-1.292235,-0.637730,-1.581712,-0.744455,-1.797575,-0.520652,-0.649521,-0.545670,-0.900082,-0.418259,-0.774057,-0.308773,-0.625984
W,Right,legacy_asl_W_135,0.000000,0.000000,0.204366,-0.266615,0.226692,-0.623848,-0.052493,-0.794132,-0.334160,-0.834754,0.147418,-1.007980,0.242928,-1.427644,0.278577,-1.678364,0.288350,-1.886456,-0.125066,-1.001818,-0.186243,-1.482442,-0.230407,-1.763516,-0.267716,-1.969328,-0.338843,-0.882280,-0.557075,-1.313035,-0.665145,-1.594547,-0.754705,-1.817865,-0.503102,-0.680647,-0.535688,-0.924167,-0.413587,-0.796378,-0.310741,-0.624913
W,Right,legacy_asl_W_136,0.000000,0.000000,0.217721,-0.248668,0.262523,-0.597964,-0.000669,-0.783030,-0.274604,-0.840954,0.209299,-0.980178,0.329951,-1.386080,0.381011,-1.629949,0.403935,-1.833625,-0.058616,-0.991582,-0.087892,-1.467370,-0.113248,-1.746153,-0.136694,-1.950606,-0.276157,-0.887914,-0.462821,-1.324802,-0.550890,-1.608109,-0.624515,-1.833096,-0.450340,-0.700475,-0.466733,-0.941647,-0.355041,-0.808365,-0.265052,-0.633435
W,Right,legacy_asl_W_137,0.038075,0.000401,0.197403,-0.261907,0.221866,-0.602926,-0.038864,-0.770428,-0.302792,-0.812627,0.144731,-0.996246,0.234485,-1.383555,0.260744,-1.636980,0.262788,-1.859363,-0.118264,-0.988797,-0.195486,-1.428232,-0.233797,-1.725754,-0.269203,-1.960940,-0.361283,-0.866731,-0.542563,-1.263339,-0.649617,-1.558812,-0.720958,-1.760671,-0.501298,-0.688250,-0.513615,-0.922758,-0.407437,-0.798643,-0.308250,-0.629296
W,Right,legacy_asl_W_138,0.000000,0.000000,0.188722,-0.246206,0.209339,-0.576094,-0.048475,-0.733343,-0.308581,-0.770855,0.136133,-0.930821,0.224333,-1.318361,0.257253,-1.549888,0.266278,-1.742051,-0.115492,-0.925131,-0.171986,-1.368964,-0.212769,-1.628523,-0.247222,-1.818580,-0.312905,-0.814743,-0.514432,-1.212525,-0.614229,-1.472487,-0.696934,-1.678711,-0.464591,-0.628545,-0.494682,-0.853424,-0.381927,-0.735417,-0.286955,-0.577077
W,Right,legacy_asl_W_139,0.000000,0.000000,0.181260,-0.276375,0.177350,-0.628512,-0.108896,-0.775421,-0.388208,-0.794925,0.071805,-0.999699,0.135195,-1.418382,0.152055,-1.666968,0.146607,-1.871857,-0.195114,-0.973961,-0.289875,-1.441136,-0.353521,-1.713739,-0.405002,-1.912988,-0.396237,-0.841220,-0.641498,-1.248112,-0.767882,-1.516526,-0.871898,-1.729177,-0.542840,-0.631504,-0.592411,-0.868095,-0.463369,-0.751530,-0.350064,-0.590718
W,Right,legacy_asl_W_140,-0.028824,0.030895,0.196452,-0.270809,0.207630,-0.610812,-0.045812,-0.791046,-0.296641,-0.812991,0.150069,-1.003355,0.250496,-1.387209,0.256099,-1.624679,0.311978,-1.826782,-0.105360,-0.986008,-0.185072,-1.477172,-0.225487,-1.746205,-0.270521,-1.924390,-0.336284,-0.866694,-0.531247,-1.306301,-0.655913,-1.538734,-0.773827,-1.800888,-0.508229,-0.683041,-0.501832,-0.902248,-0.401822,-0.779426,-0.312432,-0.622915
W,Right,legacy_asl_W_141,0.000000,0.000000,0.190958,-0.249123,0.211819,-0.582919,-0.049049,-0.742031,-0.312237,-0.779987,0.137746,-0.941849,0.226990,-1.333979,0.260300,-1.568250,0.269432,-1.762689,-0.116861,-0.936091,-0.174024,-1.385182,-0.215290,-1.647815,-0.250151,-1.840124,-0.316612,-0.824395,-0.520526,-1.226889,-0.621506,-1.489932,-0.705190,-1.698598,-0.470095,-0.635991,-0.500542,-0.863534,-0.386452,-0.744129,-0.290354,-0.583914
W,Right,legacy_asl_W_142,0.000000,0.000000,0.182349,-0.275658,0.179830,-0.627807,-0.105834,-0.775845,-0.385067,-0.796451,0.075751,-0.999408,0.140793,-1.417837,0.158635,-1.666355,0.153995,-1.871264,-0.191268,-0.974724,-0.284183,-1.442269,-0.346753,-1.715121,-0.397447,-1.914572,-0.392913,-0.842778,-0.636566,-1.250635,-0.761889,-1.519546,-0.865065,-1.732605,-0.540342,-0.633642,-0.588979,-0.870427,-0.460398,-0.753353,-0.347729,-0.592095
W,Right,legacy_asl_W_143,-0.006789,-0.008905,0.283386,-0.284162,0.255265,-0.756519,-0.114499,-0.998342,-0.457630,-1.009136,0.280908,-1.015293,0.337436,-1.505692,0.346053,-1.790831,0.326162,-2.040190,0.008275,-0.995412,-0.074799,-1.533073,-0.126412,-1.797089,-0.128839,-2.019450,-0.259571,-0.851526,-0.491805,-1.323491,-0.530541,-1.450683,-0.593557,-1.695025,-0.442385,-0.638288,-0.522322,-0.903009,-0.386296,-0.744209,-0.245962,-0.612079
W,Right,legacy_asl_W_144,0.000000,0.000000,0.260000,-0.288186,0.254788,-0.720861,-0.114874,-0.952677,-0.431766,-0.999991,0.288153,-0.986423,0.337395,-1.442318,0.330909,-1.707428,0.316231,-1.946170,-0.015401,-0.952246,-0.082202,-1.454251,-0.119987,-1.710967,-0.137177,-1.926283,-0.258404,-0.815216,-0.468948,-1.258794,-0.514816,-1.434895,-0.560456,-1.624575,-0.428933,-0.590115,-0.506465,-0.878588,-0.371536,-0.737727,-0.271725,-0.565842
W,Right,legacy_asl_W_145,0.000000,0.000000,0.244157,-0.323498,0.199254,-0.773095,-0.206425,-0.980500,-0.540375,-1.000800,0.209728,-1.052379,0.219350,-1.531098,0.188412,-1.806276,0.151359,-2.053278,-0.102912,-0.989129,-0.218207,-1.505223,-0.280937,-1.768814,-0.318465,-1.991219,-0.343182,-0.824415,-0.602668,-1.266617,-0.666449,-1.445614,-0.731233,-1.638755,-0.500027,-0.574702,-0.607000,-0.867700,-0.453792,-0.733487,-0.334283,-0.563799
W,Right,legacy_asl_W_146,-0.017597,0.013223,0.284316,-0.283493,0.268133,-0.756203,-0.098521,-0.978418,-0.450170,-1.053303,0.302735,-1.023377,0.362062,-1.504152,0.323982,-1.778984,0.333914,-2.012305,-0.004426,-0.987176,-0.109101,-1.498182,-0.143259,-1.775517,-0.146583,-1.992588,-0.272051,-0.873521,-0.486083,-1.284793,-0.540907,-1.482989,-0.598109,-1.681170,-0.463298,-0.630665,-0.541320,-0.923320,-0.405786,-0.755287,-0.271582,-0.566021
W,Right,legacy_asl_W_147,0.000000,0.000000,0.266669,-0.295578,0.261323,-0.739351,-0.117821,-0.977113,-0.442841,-1.025641,0.295544,-1.011725,0.346050,-1.479313,0.339397,-1.751224,0.324342,-1.996089,-0.015796,-0.976671,-0.084311,-1.491553,-0.123065,-1.754854,-0.140695,-1.975692,-0.265032,-0.836126,-0.480977,-1.291082,-0.528021,-1.471701,-0.574832,-1.666245,-0.439935,-0.605251,-0.519455,-0.901124,-0.381065,-0.756649,-0.278694,-0.580356
W,Right,legacy_asl_W_148,0.000000,0.000000,0.287268,-0.285904,0.306106,-0.737345,-0.066334,-0.999796,-0.394101,-1.066908,0.355794,-1.012373,0.432714,-1.484970,0.440824,-1.761763,0.438913,-2.011521,0.037363,-0.993766,-0.004128,-1.520952,-0.029125,-1.790748,-0.034969,-2.016221,-0.223703,-0.864518,-0.418352,-1.338846,-0.456298,-1.525039,-0.493247,-1.725377,-0.414141,-0.639373,-0.478799,-0.944512,-0.346012,-0.790067,-0.251582,-0.605245
W,Right,legacy_asl_W_149,0.016705,-0.006725,0.241840,-0.302656,0.272714,-0.709028,-0.095727,-0.992221,-0.463037,-1.026385,0.284151,-1.036407,0.359118,-1.509812,0.338551,-1.772796,0.304421,-2.041900,-0.014217,-0.968291,-0.092716,-1.531784,-0.125720,-1.775690,-0.150768,-2.001098,-0.263718,-0.850327,-0.481593,-1.329035,-0.559335,-1.477945,-0.596292,-1.665020,-0.448806,-0.594158,-0.526831,-0.883096,-0.398639,-0.762811,-0.303666,-0.593858
W,Right,legacy_asl_W_150,0.000000,0.000000,0.278785,-0.309008,0.273197,-0.772945,-0.123174,-1.021509,-0.462962,-1.072242,0.308973,-1.057694,0.361773,-1.546528,0.354818,-1.830793,0.339080,-2.086784,-0.016514,-1.021048,-0.088141,-1.559324,-0.128657,-1.834588,-0.147088,-2.065461,-0.277074,-0.874117,-0.502831,-1.349744,-0.552012,-1.538570,-0.600951,-1.741954,-0.459924,-0.632752,-0.543058,-0.942068,-0.398380,-0.791029,-0.291357,-0.606726
W,Right,legacy_asl_W_151,0.000000,0.000000,0.242160,-0.324996,0.194488,-0.774308,-0.212461,-0.979210,-0.546531,-0.997453,0.203241,-1.053651,0.209914,-1.532421,0.177281,-1.807403,0.138707,-2.054171,-0.109004,-0.988477,-0.227476,-1.503851,-0.291828,-1.767049,-0.330726,-1.989219,-0.348254,-0.822286,-0.610460,-1.262880,-0.675342,-1.441481,-0.741315,-1.634219,-0.503558,-0.571611,-0.612333,-0.863944,-0.458302,-0.730678,-0.337750,-0.561729
W,Right,legacy_asl_W_152,-0.001732,-0.011928,0.291074,-0.138361,0.462504,-0.455564,0.170882,-0.718120,-0.125480,-0.806252,0.483528,-0.868652,0.704205,-1.259707,0.798148,-1.512660,0.881674,-1.697473,0.242988,-0.969878,0.389855,-1.416295,0.442347,-1.699847,0.493384,-1.902262,0.043893,-0.905871,0.015593,-1.314946,-0.031687,-1.616439,0.005990,-1.883696,-0.145612,-0.734713,-0.115402,-0.865498,-0.128671,-0.705825,-0.055918,-0.522581
W,Right,legacy_asl_W_153,0.000000,0.000000,0.295660,-0.141022,0.452614,-0.476022,0.163124,-0.724799,-0.133076,-0.847161,0.523453,-0.910722,0.726186,-1.306330,0.826098,-1.555409,0.899746,-1.775954,0.273347,-0.987697,0.409064,-1.462184,0.469674,-1.752311,0.525400,-1.976428,0.042427,-0.935007,0.013276,-1.390896,-0.001058,-1.676861,0.005198,-1.924240,-0.165178,-0.774053,-0.139694,-0.933322,-0.105818,-0.735192,-0.082466,-0.540501
W,Right,legacy_asl_W_154,0.000000,0.000000,0.292034,-0.120090,0.460826,-0.434221,0.195357,-0.688986,-0.083261,-0.822431,0.552009,-0.848871,0.768071,-1.218916,0.877415,-1.453367,0.959970,-1.661744,0.315355,-0.936192,0.471089,-1.385704,0.544776,-1.661743,0.610271,-1.874507,0.090307,-0.897697,0.086372,-1.338031,0.087706,-1.614030,0.106817,-1.851801,-0.118028,-0.753763,-0.085072,-0.905711,-0.062950,-0.713219,-0.050774,-0.524594
W,Right,legacy_asl_W_155,-0.000526,-0.009255,0.294816,-0.121765,0.461796,-0.455852,0.155915,-0.734884,-0.129297,-0.786440,0.498501,-0.880714,0.724202,-1.258351,0.801321,-1.529703,0.852955,-1.705430,0.259318,-0.934738,0.393436,-1.417633,0.457272,-1.678428,0.507041,-1.942397,0.040943,-0.915339,0.023853,-1.337153,0.003957,-1.592166,-0.003219,-1.885895,-0.145989,-0.753251,-0.139771,-0.922562,-0.119451,-0.695512,-0.100352,-0.523414
W,Right,legacy_asl_W_156,0.000000,0.000000,0.284338,-0.135621,0.435280,-0.457792,0.156877,-0.697042,-0.127979,-0.814718,0.503407,-0.875845,0.698375,-1.256303,0.794462,-1.495843,0.865289,-1.707941,0.262878,-0.949872,0.393399,-1.406188,0.451688,-1.685204,0.505280,-1.900738,0.040802,-0.899200,0.012768,-1.337630,-0.001017,-1.612643,0.004999,-1.850549,-0.158853,-0.744409,-0.134344,-0.897579,-0.101766,-0.707037,-0.079307,-0.519802
W,Right,legacy_asl_W_157,0.000000,0.000000,0.293808,-0.115680,0.467310,-0.427236,0.205705,-0.685968,-0.070872,-0.823591,0.564724,-0.840466,0.786331,-1.207217,0.899192,-1.439996,0.984875,-1.647106,0.329411,-0.931340,0.491893,-1.378456,0.569728,-1.653355,0.638417,-1.865108,0.103810,-0.896236,0.106502,-1.336579,0.111991,-1.612527,0.134678,-1.849983,-0.106669,-0.755454,-0.071429,-0.906889,-0.052207,-0.714086,-0.042872,-0.525299
W,Right,legacy_asl_W_158,-0.007671,0.025323,0.261959,-0.155473,0.452854,-0.450197,0.139788,-0.711125,-0.125238,-0.800600,0.512482,-0.883924,0.668312,-1.272928,0.807614,-1.489733,0.848323,-1.695546,0.271541,-0.960240,0.404819,-1.416691,0.464220,-1.680970,0.506550,-1.917177,0.039925,-0.873123,0.012264,-1.367002,-0.001915,-1.615979,-0.002400,-1.848171,-0.171299,-0.732500,-0.144801,-0.928440,-0.097462,-0.717160,-0.089370,-0.499978
W,Right,legacy_asl_W_159,0.000000,0.000000,0.290413,-0.138519,0.444581,-0.467574,0.160229,-0.711936,-0.130714,-0.832126,0.514163,-0.894559,0.713298,-1.283146,0.811437,-1.527805,0.883778,-1.744435,0.268495,-0.970168,0.401805,-1.436234,0.461339,-1.721212,0.516076,-1.941352,0.041674,-0.918413,0.013040,-1.366211,-0.001039,-1.647101,0.005106,-1.890090,-0.162247,-0.760315,-0.137215,-0.916758,-0.103940,-0.722144,-0.081002,-0.530908
W,Right,legacy_asl_W_160,0.000000,0.000000,0.278285,-0.149207,0.414207,-0.478896,0.124172,-0.705300,-0.166587,-0.809675,0.462687,-0.900676,0.639939,-1.290801,0.724837,-1.535169,0.785741,-1.750870,0.218370,-0.963442,0.327515,-1.426476,0.372706,-1.708585,0.416192,-1.926912,-0.001587,-0.902226,-0.050347,-1.339870,-0.077128,-1.614570,-0.082332,-1.853051,-0.194180,-0.737824,-0.176870,-0.892338,-0.135259,-0.703100,-0.103937,-0.516695
W,Right,legacy_asl_W_161,0.014823,0.015816,0.255162,-0.118458,0.365341,-0.423140,0.111576,-0.644367,-0.191635,-0.730518,0.353725,-0.918440,0.466061,-1.336019,0.549553,-1.616031,0.605666,-1.858334,0.091323,-0.973423,0.119830,-1.441703,0.129009,-1.774593,0.167213,-2.031467,-0.150759,-0.914879,-0.199594,-1.320298,-0.240320,-1.618111,-0.276240,-1.835762,-0.322110,-0.760037,-0.237014,-0.847949,-0.154549,-0.655055,-0.107300,-0.436330
W,Right,legacy_asl_W_162,0.000000,0.000000,0.244712,-0.111929,0.363605,-0.412195,0.106818,-0.618151,-0.165861,-0.723779,0.342789,-0.886728,0.469568,-1.301965,0.534141,-1.574861,0.584189,-1.821214,0.080322,-0.945608,0.114481,-1.406874,0.128915,-1.709324,0.140132,-1.946182,-0.142529,-0.888515,-0.203424,-1.285841,-0.234761,-1.552217,-0.260085,-1.793284,-0.323062,-0.715552,-0.255488,-0.782245,-0.161539,-0.614334,-0.114139,-0.454008
W,Right,legacy_asl_W_163,0.000000,0.000000,0.246356,-0.126769,0.354343,-0.441252,0.080434,-0.640852,-0.205045,-0.736508,0.310343,-0.928316,0.420966,-1.361422,0.474388,-1.645168,0.514133,-1.900924,0.037593,-0.976379,0.050766,-1.452415,0.051213,-1.764172,0.051473,-2.008313,-0.188890,-0.907049,-0.270437,-1.312799,-0.315347,-1.585274,-0.352870,-1.832005,-0.366333,-0.720562,-0.300009,-0.792373,-0.195389,-0.624150,-0.139005,-0.461512
W,Right,legacy_asl_W_164,-0.019372,-0.018576,0.254263,-0.125319,0.385164,-0.419614,0.111728,-0.630103,-0.163388,-0.737064,0.364820,-0.892981,0.481336,-1.349756,0.559658,-1.611048,0.606123,-1.878968,0.081106,-0.953501,0.126386,-1.446548,0.126309,-1.760067,0.115511,-1.978154,-0.178708,-0.907262,-0.208010,-1.325591,-0.237347,-1.591394,-0.269237,-1.838945,-0.366014,-0.740619,-0.252173,-0.806589,-0.175303,-0.614482,-0.123743,-0.466828
W,Right,legacy_asl_W_165,0.000000,0.000000,0.258425,-0.118202,0.383982,-0.435295,0.112805,-0.652793,-0.175156,-0.764340,0.361999,-0.936421,0.495883,-1.374929,0.564075,-1.663117,0.616927,-1.923276,0.084823,-0.998601,0.120896,-1.485716,0.136140,-1.805116,0.147985,-2.055248,-0.150516,-0.938308,-0.214825,-1.357901,-0.247917,-1.639205,-0.274660,-1.893781,-0.341166,-0.755652,-0.269806,-0.826082,-0.170592,-0.648762,-0.120535,-0.479451
W,Right,legacy_asl_W_166,0.000000,0.000000,0.253763,-0.111204,0.381097,-0.418363,0.120129,-0.634610,-0.158849,-0.747833,0.367469,-0.907221,0.504810,-1.332610,0.575773,-1.612485,0.631345,-1.865274,0.098236,-0.972152,0.140985,-1.446447,0.160817,-1.757573,0.176258,-2.001226,-0.132121,-0.917040,-0.188278,-1.327075,-0.216158,-1.601815,-0.238265,-1.850402,-0.320817,-0.741948,-0.250156,-0.809495,-0.156198,-0.635092,-0.110038,-0.469262
W,Right,legacy_asl_W_167,-0.008567,0.008040,0.262866,-0.108526,0.363947,-0.441036,0.114908,-0.627441,-0.172981,-0.767954,0.352864,-0.923274,0.483043,-1.321826,0.521062,-1.634477,0.580349,-1.848868,0.073407,-0.950385,0.101489,-1.450053,0.128235,-1.732517,0.157556,-2.016867,-0.140590,-0.914697,-0.201849,-1.307543,-0.230665,-1.595892,-0.272562,-1.841591,-0.338788,-0.732867,-0.251444,-0.840361,-0.155284,-0.611654,-0.105627,-0.443741
W,Right,legacy_asl_W_168,0.000000,0.000000,0.241712,-0.110557,0.359149,-0.407144,0.105509,-0.610575,-0.163828,-0.714908,0.338588,-0.875860,0.463813,-1.286008,0.527595,-1.555559,0.577029,-1.798893,0.079338,-0.934019,0.113078,-1.389631,0.127335,-1.688375,0.138414,-1.922330,-0.140782,-0.877625,-0.200931,-1.270082,-0.231883,-1.533193,-0.256897,-1.771305,-0.319102,-0.706782,-0.252357,-0.772657,-0.159559,-0.606805,-0.112740,-0.448443
W,Right,legacy_asl_W_169,0.000000,0.000000,0.258054,-0.100845,0.397713,-0.402600,0.145709,-0.629229,-0.128459,-0.753648,0.403877,-0.891609,0.558319,-1.311092,0.640548,-1.587866,0.706304,-1.838200,0.137492,-0.967381,0.199398,-1.439558,0.231803,-1.749626,0.257090,-1.992455,-0.094906,-0.921635,-0.134426,-1.333607,-0.151166,-1.609250,-0.163196,-1.858528,-0.290532,-0.754322,-0.217196,-0.818954,-0.130372,-0.640892,-0.090960,-0.473330
W,Right,legacy_asl_W_170,-0.000946,0.006882,0.295859,-0.161591,0.450230,-0.468233,0.190181,-0.699908,-0.081554,-0.859825,0.499822,-0.863431,0.702624,-1.257207,0.824628,-1.494227,0.870590,-1.693157,0.301756,-0.907859,0.393348,-1.444473,0.456236,-1.694411,0.504563,-1.941662,0.057014,-0.899707,0.010871,-1.365275,0.021261,-1.640900,0.058478,-1.859335,-0.190913,-0.779348,-0.127324,-0.909214,-0.083396,-0.703070,-0.059903,-0.551386
W,Right,legacy_asl_W_171,0.000000,0.000000,0.289339,-0.152152,0.443361,-0.488571,0.179827,-0.743854,-0.091416,-0.886439,0.531958,-0.904392,0.741374,-1.299765,0.850137,-1.553865,0.930393,-1.779253,0.279505,-0.982612,0.418858,-1.462635,0.484247,-1.763216,0.539817,-2.006208,0.045337,-0.937248,0.029590,-1.392174,0.035170,-1.679459,0.056034,-1.930348,-0.171495,-0.784488,-0.138054,-0.935356,-0.099402,-0.737468,-0.067292,-0.543903
W,Right,legacy_asl_W_172,0.000000,0.000000,0.275748,-0.153946,0.416351,-0.482573,0.155662,-0.722734,-0.109744,-0.853870,0.491848,-0.886299,0.684522,-1.273202,0.783410,-1.521233,0.855461,-1.740845,0.246147,-0.955729,0.369108,-1.422687,0.424981,-1.714558,0.472766,-1.950574,0.021096,-0.906250,-0.005124,-1.345215,-0.006690,-1.622798,0.007386,-1.865600,-0.184613,-0.753472,-0.155968,-0.899983,-0.113850,-0.709807,-0.078154,-0.523648
W,Right,legacy_asl_W_173,-0.003633,0.000659,0.287333,-0.148667,0.407054,-0.480100,0.208838,-0.728914,-0.088583,-0.861132,0.521824,-0.857709,0.700876,-1.258675,0.829491,-1.503389,0.902944,-1.724111,0.245388,-0.984968,0.405707,-1.417449,0.447404,-1.687998,0.531851,-1.928771,0.035106,-0.898368,0.016817,-1.356533,0.017898,-1.608713,0.082283,-1.877148,-0.150676,-0.764673,-0.134564,-0.923038,-0.110514,-0.723462,-0.056928,-0.533191
W,Right,legacy_asl_W_174,0.000000,0.000000,0.297989,-0.156701,0.456616,-0.503178,0.185203,-0.766092,-0.094149,-0.912940,0.547861,-0.931430,0.763539,-1.338623,0.875553,-1.600320,0.958208,-1.832446,0.287861,-1.011988,0.431380,-1.506362,0.498724,-1.815930,0.555956,-2.066187,0.046692,-0.965268,0.030475,-1.433794,0.036222,-1.729669,0.057709,-1.988058,-0.176622,-0.807941,-0.142181,-0.963319,-0.102373,-0.759515,-0.069304,-0.560164
W,Right,legacy_asl_W_175,0.000000,0.000000,0.285847,-0.134267,0.449109,-0.452246,0.205869,-0.710065,-0.049706,-0.859457,0.552680,-0.849697,0.771964,-1.222164,0.887970,-1.462666,0.975217,-1.676696,0.312442,-0.936155,0.467786,-1.393361,0.543953,-1.680605,0.608141,-1.912698,0.084479,-0.902550,0.089049,-1.342275,0.106918,-1.619286,0.137954,-1.860507,-0.131419,-0.764546,-0.092590,-0.908693,-0.063886,-0.716035,-0.041309,-0.527835
W,Right,legacy_asl_W_176,-0.026170,0.018769,0.279497,-0.155594,0.427696,-0.459412,0.172383,-0.728324,-0.087452,-0.863972,0.526332,-0.864979,0.710680,-1.246229,0.815909,-1.516447,0.947572,-1.699626,0.292630,-0.967002,0.398590,-1.391857,0.470411,-1.706938,0.518135,-1.918789,0.019824,-0.911573,0.021036,-1.352083,0.039577,-1.637576,0.043329,-1.865122,-0.189017,-0.742464,-0.137682,-0.914442,-0.079348,-0.721326,-0.078674,-0.509893
W,Right,legacy_asl_W_177,0.000000,0.000000,0.295915,-0.155610,0.453438,-0.499676,0.183914,-0.760760,-0.093494,-0.906586,0.544048,-0.924948,0.758224,-1.329306,0.869459,-1.589182,0.951539,-1.819692,0.285858,-1.004945,0.428378,-1.495878,0.495253,-1.803291,0.552086,-2.051806,0.046367,-0.958550,0.030262,-1.423815,0.035970,-1.717630,0.057307,-1.974221,-0.175393,-0.802318,-0.141191,-0.956614,-0.101661,-0.754229,-0.068821,-0.556265
W,Right,legacy_asl_W_178,0.000000,0.000000,0.287809,-0.130008,0.455774,-0.445528,0.216389,-0.706931,-0.036941,-0.860101,0.565234,-0.841398,0.790024,-1.210568,0.909588,-1.449321,1.000003,-1.662032,0.326306,-0.931413,0.488421,-1.386262,0.568844,-1.672344,0.636471,-1.903458,0.097869,-0.901197,0.108968,-1.340805,0.130947,-1.617520,0.165562,-1.858254,-0.120054,-0.766413,-0.079088,-0.909967,-0.053248,-0.716905,-0.033467,-0.528390
W,Right,legacy_asl_W_179,0.016378,-0.022968,0.186841,-0.185524,0.241559,-0.531553,0.090962,-0.757325,-0.175423,-0.803855,0.363220,-0.945116,0.450762,-1.333884,0.457996,-1.584619,0.492671,-1.843324,0.116722,-0.977369,0.162667,-1.436258,0.148743,-1.668540,0.119765,-1.923946,-0.046032,-0.938952,-0.175448,-1.295355,-0.250668,-1.562184,-0.313756,-1.806589,-0.228294,-0.768376,-0.240535,-0.914908,-0.213154,-0.736176,-0.166059,-0.592027
W,Right,legacy_asl_W_180,0.000000,0.000000,0.204204,-0.191218,0.247434,-0.513553,0.072844,-0.730947,-0.175509,-0.798456,0.362290,-0.956379,0.440639,-1.351270,0.463103,-1.591234,0.474173,-1.812304,0.137356,-0.979604,0.141052,-1.415490,0.128359,-1.687281,0.130226,-1.907730,-0.078415,-0.911161,-0.177251,-1.298457,-0.249546,-1.556507,-0.305319,-1.786316,-0.229828,-0.777822,-0.269258,-0.916546,-0.210912,-0.758005,-0.171340,-0.579253
W,Right,legacy_asl_W_181,0.000000,0.000000,0.202472,-0.194526,0.241710,-0.518565,0.063702,-0.734488,-0.186404,-0.799043,0.351280,-0.964447,0.424828,-1.361752,0.444286,-1.602860,0.452552,-1.824860,0.125245,-0.984861,0.123348,-1.422348,0.107114,-1.694943,0.106152,-1.916203,-0.090414,-0.913398,-0.194583,-1.300804,-0.270456,-1.558843,-0.329383,-1.788753,-0.240652,-0.777637,-0.282006,-0.916348,-0.221413,-0.757993,-0.179401,-0.579113
W,Right,legacy_asl_W_182,0.021627,-0.007749,0.205486,-0.193307,0.243686,-0.501236,0.056012,-0.740801,-0.203677,-0.819062,0.355830,-0.945943,0.442911,-1.348816,0.461343,-1.604390,0.479028,-1.814898,0.130479,-0.986409,0.149181,-1.426205,0.119349,-1.690913,0.145242,-1.920668,-0.059609,-0.897898,-0.180764,-1.298316,-0.260986,-1.554406,-0.307726,-1.798772,-0.241753,-0.750209,-0.284368,-0.923497,-0.218052,-0.758506,-0.166520,-0.578628
W,Right,legacy_asl_W_183,0.000000,0.000000,0.206056,-0.192953,0.249679,-0.518211,0.073505,-0.737578,-0.177101,-0.805699,0.365577,-0.965055,0.444636,-1.363527,0.467304,-1.605669,0.478475,-1.828744,0.138602,-0.988491,0.142331,-1.428330,0.129523,-1.702586,0.131408,-1.925036,-0.079127,-0.919426,-0.178859,-1.310236,-0.251810,-1.570626,-0.308089,-1.802520,-0.231913,-0.784878,-0.271700,-0.924860,-0.212825,-0.764881,-0.172895,-0.584508
W,Right,legacy_asl_W_184,0.000000,0.000000,0.205570,-0.191249,0.250008,-0.514616,0.075491,-0.733370,-0.173546,-0.801934,0.366725,-0.958680,0.446646,-1.354753,0.469974,-1.595517,0.481805,-1.817356,0.141048,-0.982723,0.146178,-1.420183,0.134324,-1.693004,0.136917,-1.914250,-0.075732,-0.914733,-0.173665,-1.303761,-0.245383,-1.562986,-0.300609,-1.793813,-0.228130,-0.781402,-0.267251,-0.920759,-0.209209,-0.761451,-0.170077,-0.581920
W,Right,legacy_asl_W_185,0.020155,0.011824,0.214791,-0.173400,0.270290,-0.532038,0.072372,-0.726091,-0.186399,-0.770765,0.369981,-0.917197,0.441102,-1.346819,0.429710,-1.622159,0.464914,-1.809622,0.130799,-0.981464,0.139306,-1.411883,0.127445,-1.708145,0.146657,-1.914836,-0.089967,-0.935361,-0.181379,-1.288136,-0.249549,-1.571721,-0.321435,-1.799916,-0.222521,-0.747782,-0.249972,-0.905051,-0.220479,-0.767746,-0.166841,-0.585097
W,Right,legacy_asl_W_186,0.000000,0.000000,0.203833,-0.190871,0.246985,-0.512621,0.072712,-0.729620,-0.175190,-0.797007,0.361633,-0.954643,0.439839,-1.348817,0.462263,-1.588346,0.473313,-1.809015,0.137107,-0.977826,0.140796,-1.412921,0.128126,-1.684218,0.129990,-1.904268,-0.078273,-0.909507,-0.176929,-1.296101,-0.249094,-1.553682,-0.304765,-1.783073,-0.229411,-0.776410,-0.268769,-0.914882,-0.210529,-0.756629,-0.171029,-0.578202
W,Right,legacy_asl_W_187,0.000000,0.000000,0.216578,-0.178688,0.280164,-0.498841,0.118962,-0.727584,-0.125557,-0.810834,0.423077,-0.935179,0.526406,-1.325799,0.564008,-1.564751,0.589008,-1.785494,0.199229,-0.972598,0.230360,-1.408979,0.234749,-1.682022,0.250491,-1.902723,-0.021210,-0.917617,-0.095839,-1.311781,-0.152017,-1.574811,-0.193422,-1.808513,-0.181266,-0.793584,-0.212032,-0.935021,-0.163565,-0.772543,-0.135176,-0.591003
W,Right,legacy_asl_W_188,-0.010477,-0.024991,-0.181307,-0.022203,-0.374620,-0.135953,-0.531113,-0.295997,-0.738069,-0.370177,-0.475786,-0.654740,-0.569417,-1.142674,-0.625441,-1.466476,-0.700275,-1.783326,-0.136868,-0.728395,-0.083613,-1.263443,-0.034181,-1.656384,0.027956,-1.972282,0.077343,-0.724783,0.260201,-1.134543,0.395340,-1.507415,0.498898,-1.776225,0.280601,-0.617966,0.343058,-0.943330,0.345756,-1.112583,0.376226,-1.239657
W,Right,legacy_asl_W_189,0.000000,0.000000,-0.164508,-0.011132,-0.346374,-0.137422,-0.517912,-0.272742,-0.728706,-0.358114,-0.429314,-0.647028,-0.542389,-1.110695,-0.611499,-1.429800,-0.667513,-1.709810,-0.153472,-0.733033,-0.092993,-1.234710,-0.012526,-1.603892,0.031528,-1.912331,0.090813,-0.694704,0.271018,-1.119280,0.390184,-1.454023,0.459515,-1.711206,0.267079,-0.604038,0.343386,-0.914564,0.350118,-1.087938,0.353937,-1.195297
W,Right,legacy_asl_W_190,0.000000,0.000000,-0.169830,0.000104,-0.365577,-0.116910,-0.551344,-0.243929,-0.773947,-0.316866,-0.486564,-0.634762,-0.635295,-1.103291,-0.728704,-1.426355,-0.805911,-1.710163,-0.209144,-0.742496,-0.182198,-1.262264,-0.125414,-1.647281,-0.101787,-1.967324,0.044573,-0.720250,0.199960,-1.169190,0.298927,-1.521533,0.352125,-1.790679,0.232066,-0.639451,0.288690,-0.963901,0.283443,-1.142533,0.279834,-1.253122
W,Right,legacy_asl_W_191,-0.005484,-0.002009,-0.177140,-0.008405,-0.359528,-0.130360,-0.520929,-0.265634,-0.771955,-0.370135,-0.466235,-0.679944,-0.554146,-1.128376,-0.617602,-1.457704,-0.707125,-1.744878,-0.187744,-0.766705,-0.094025,-1.284418,-0.016392,-1.659785,0.040180,-1.959223,0.087664,-0.713865,0.269062,-1.142613,0.409989,-1.513192,0.460724,-1.763612,0.279072,-0.631535,0.367257,-0.947577,0.353424,-1.096616,0.355870,-1.210062
W,Right,legacy_asl_W_192,0.000000,0.000000,-0.164696,-0.011144,-0.346770,-0.137579,-0.518503,-0.273054,-0.729539,-0.358523,-0.429804,-0.647767,-0.543009,-1.111964,-0.612198,-1.431434,-0.668276,-1.711764,-0.153647,-0.733870,-0.093100,-1.236121,-0.012540,-1.605725,0.031564,-1.914516,0.090917,-0.695498,0.271327,-1.120559,0.390630,-1.455685,0.460040,-1.713161,0.267384,-0.604729,0.343779,-0.915609,0.350519,-1.089181,0.354342,-1.196662
W,Right,legacy_asl_W_193,0.000000,0.000000,-0.168641,-0.020062,-0.349109,-0.159491,-0.518480,-0.307668,-0.730848,-0.406521,-0.407752,-0.688045,-0.499799,-1.170920,-0.554187,-1.502789,-0.597150,-1.793756,-0.119502,-0.762076,-0.031031,-1.274968,0.071067,-1.650519,0.132528,-1.965492,0.129779,-0.709862,0.337372,-1.137176,0.477475,-1.475275,0.562255,-1.736201,0.306351,-0.607372,0.401099,-0.922804,0.417099,-1.100795,0.426647,-1.211031
W,Right,legacy_asl_W_194,-0.002729,-0.000480,-0.172978,-0.006520,-0.347526,-0.121231,-0.527455,-0.297283,-0.722039,-0.370896,-0.469000,-0.694470,-0.544904,-1.117744,-0.646407,-1.473901,-0.685589,-1.785614,-0.165485,-0.766532,-0.086193,-1.298190,-0.033016,-1.669777,0.037682,-1.957654,0.105179,-0.718262,0.268056,-1.161887,0.385710,-1.501879,0.479294,-1.786008,0.274288,-0.610684,0.355777,-0.918712,0.334621,-1.089540,0.362255,-1.229401
W,Right,legacy_asl_W_195,0.000000,0.000000,-0.177428,-0.012006,-0.373576,-0.148214,-0.558585,-0.294161,-0.785933,-0.386238,-0.463029,-0.697841,-0.584985,-1.197921,-0.659522,-1.542087,-0.719935,-1.844087,-0.165525,-0.790600,-0.100296,-1.331676,-0.013509,-1.729851,0.034004,-2.062512,0.097945,-0.749261,0.292302,-1.207181,0.420827,-1.568212,0.495602,-1.845592,0.288053,-0.651475,0.370353,-0.986387,0.377614,-1.173377,0.381733,-1.289167
W,Right,legacy_asl_W_196,0.000000,0.000000,-0.168565,-0.020688,-0.348514,-0.160787,-0.517334,-0.309592,-0.729333,-0.409233,-0.405193,-0.689555,-0.495445,-1.172768,-0.548600,-1.504838,-0.590482,-1.795962,-0.116670,-0.762515,-0.026294,-1.275074,0.077198,-1.650244,0.139829,-1.964986,0.132415,-0.709375,0.341594,-1.135914,0.482953,-1.473491,0.568701,-1.734100,0.308605,-0.606230,0.404525,-0.921307,0.421186,-1.099238,0.431143,-1.209437
W,Right,legacy_asl_W_197,-0.000827,-0.012610,0.281957,-0.167830,0.390373,-0.510300,0.156407,-0.781585,-0.124427,-0.877749,0.428981,-0.940436,0.550992,-1.401534,0.570681,-1.674292,0.626983,-1.865690,0.192015,-0.966610,0.221306,-1.463163,0.208395,-1.751332,0.198158,-2.015933,-0.036620,-0.878897,-0.125073,-1.365013,-0.146415,-1.655319,-0.204793,-1.878197,-0.217265,-0.719375,-0.221121,-0.948928,-0.137394,-0.769486,-0.124202,-0.574698
W,Right,legacy_asl_W_198,0.000000,0.000000,0.289384,-0.159970,0.433548,-0.530414,0.154160,-0.820231,-0.137808,-0.938606,0.478453,-1.000926,0.598419,-1.472866,0.635720,-1.743109,0.668808,-1.990908,0.193546,-1.037623,0.223921,-1.549861,0.213303,-1.859982,0.217156,-2.117611,-0.040715,-0.956124,-0.124187,-1.450581,-0.179048,-1.742557,-0.212830,-2.026425,-0.219157,-0.760976,-0.209132,-1.022223,-0.164533,-0.813853,-0.135042,-0.606739
W,Right,legacy_asl_W_199,0.000000,0.000000,0.281149,-0.134336,0.437436,-0.474768,0.190788,-0.762988,-0.077261,-0.890636,0.505933,-0.914873,0.645119,-1.352132,0.695288,-1.604268,0.740241,-1.835526,0.239968,-0.965291,0.297125,-1.445459,0.304442,-1.737782,0.322443,-1.979918,0.015052,-0.901697,-0.035879,-1.371491,-0.071194,-1.649214,-0.087133,-1.918133,-0.163698,-0.728078,-0.139690,-0.973274,-0.109363,-0.774772,-0.093178,-0.578294
W,Right,legacy_asl_W_200,-0.015531,-0.015999,0.288775,-0.157711,0.401149,-0.494002,0.155323,-0.780433,-0.133926,-0.882911,0.447097,-0.929672,0.533772,-1.381396,0.605251,-1.602165,0.616776,-1.869997,0.183354,-0.989578,0.203728,-1.454371,0.190447,-1.754394,0.210720,-1.993877,-0.031216,-0.892898,-0.111602,-1.372545,-0.161486,-1.660014,-0.199198,-1.877154,-0.243146,-0.728777,-0.205101,-0.958667,-0.137637,-0.767366,-0.119942,-0.588177
W,Right,legacy_asl_W_201,0.000000,0.000000,0.259986,-0.143719,0.389505,-0.476531,0.138500,-0.736905,-0.123808,-0.843254,0.429848,-0.899244,0.537627,-1.323240,0.571139,-1.566030,0.600865,-1.788655,0.173884,-0.932213,0.201173,-1.392414,0.191634,-1.671030,0.195096,-1.902487,-0.036578,-0.858993,-0.111571,-1.303220,-0.160859,-1.565534,-0.191209,-1.820564,-0.196893,-0.683669,-0.187887,-0.918377,-0.147818,-0.731175,-0.121323,-0.545101
W,Right,legacy_asl_W_202,0.000000,0.000000,0.283119,-0.130135,0.444458,-0.468202,0.202129,-0.760063,-0.063990,-0.891687,0.519501,-0.907237,0.665183,-1.342375,0.719101,-1.593736,0.767492,-1.824299,0.254316,-0.961611,0.318617,-1.440874,0.330286,-1.733056,0.351891,-1.974897,0.028478,-0.901373,-0.015452,-1.371873,-0.046628,-1.650091,-0.058560,-1.919218,-0.152838,-0.730435,-0.125181,-0.975246,-0.097813,-0.776315,-0.084556,-0.579618
W,Right,legacy_asl_W_203,0.006481,-0.012319,0.276892,-0.151978,0.392458,-0.494315,0.169431,-0.770456,-0.149281,-0.890583,0.462667,-0.942537,0.548639,-1.379887,0.617412,-1.627827,0.654640,-1.879441,0.184050,-0.987081,0.200569,-1.479314,0.193778,-1.748138,0.205326,-2.008899,-0.013787,-0.904600,-0.139050,-1.391432,-0.167401,-1.670641,-0.208421,-1.907505,-0.196362,-0.731187,-0.192427,-0.969456,-0.162962,-0.785163,-0.138726,-0.591500
W,Right,legacy_asl_W_204,0.000000,0.000000,0.290272,-0.160461,0.434880,-0.532043,0.154634,-0.822749,-0.138231,-0.941488,0.479923,-1.004000,0.600257,-1.477389,0.637673,-1.748461,0.670862,-1.997021,0.194140,-1.040809,0.224608,-1.554620,0.213958,-1.865694,0.217823,-2.124114,-0.040840,-0.959060,-0.124568,-1.455036,-0.179598,-1.747908,-0.213483,-2.032647,-0.219830,-0.763312,-0.209774,-1.025362,-0.165038,-0.816352,-0.135457,-0.608602
W,Right,legacy_asl_W_205,0.000000,0.000000,0.264753,-0.164308,0.382830,-0.519804,0.106111,-0.779289,-0.174301,-0.876824,0.402734,-0.964762,0.493214,-1.414631,0.515478,-1.670744,0.534843,-1.905533,0.132849,-0.985760,0.137094,-1.469299,0.112365,-1.760666,0.103749,-2.003318,-0.083754,-0.897925,-0.185811,-1.359319,-0.251318,-1.631507,-0.296602,-1.897064,-0.242422,-0.705781,-0.245401,-0.952131,-0.193525,-0.758143,-0.155928,-0.564617
W,Right,legacy_asl_W_206,0.013263,0.015877,0.261738,-0.179686,0.346964,-0.501529,0.043800,-0.745022,-0.249162,-0.846261,0.449548,-0.942205,0.611570,-1.396970,0.645304,-1.623394,0.674501,-1.869066,0.124633,-0.977194,0.220596,-1.458120,0.191904,-1.737551,0.204365,-2.006276,-0.088521,-0.892072,-0.237702,-1.368016,-0.290027,-1.663107,-0.351175,-1.904926,-0.259783,-0.696421,-0.299191,-0.956909,-0.227197,-0.804608,-0.162029,-0.609060
W,Right,legacy_asl_W_207,0.000000,0.000000,0.241501,-0.162502,0.309106,-0.479250,0.052298,-0.701905,-0.209878,-0.805315,0.398984,-0.886270,0.544599,-1.297125,0.600134,-1.542571,0.639614,-1.772137,0.139930,-0.921055,0.185195,-1.368395,0.182198,-1.651198,0.186794,-1.884611,-0.082806,-0.843130,-0.205037,-1.291086,-0.282115,-1.550705,-0.333329,-1.800391,-0.253418,-0.667632,-0.278925,-0.886253,-0.215948,-0.716895,-0.168939,-0.540357
W,Right,legacy_asl_W_208,0.000000,0.000000,0.245866,-0.187586,0.297571,-0.527780,0.011158,-0.747706,-0.273420,-0.840828,0.367198,-0.965119,0.495695,-1.410042,0.539100,-1.673854,0.566479,-1.919813,0.090263,-0.985657,0.110031,-1.462940,0.089002,-1.762678,0.079142,-2.010514,-0.141041,-0.888954,-0.298949,-1.356318,-0.397082,-1.626792,-0.467158,-1.888363,-0.310906,-0.692060,-0.351756,-0.922308,-0.274276,-0.746672,-0.213277,-0.562412
W,Right,legacy_asl_W_209,0.001081,-0.009645,0.247796,-0.173734,0.359519,-0.501285,0.018947,-0.738592,-0.212050,-0.839927,0.405472,-0.952284,0.571251,-1.389497,0.634833,-1.630226,0.667454,-1.916376,0.139035,-0.960764,0.185266,-1.452389,0.201851,-1.773669,0.193744,-2.006479,-0.091394,-0.894324,-0.220553,-1.390736,-0.272964,-1.652405,-0.335268,-1.907789,-0.265239,-0.708433,-0.306317,-0.957356,-0.247002,-0.781178,-0.157039,-0.556463
W,Right,legacy_asl_W_210,0.000000,0.000000,0.273863,-0.184279,0.350528,-0.543472,0.059306,-0.795964,-0.238003,-0.913232,0.452450,-1.005035,0.617578,-1.470947,0.680555,-1.749283,0.725325,-2.009613,0.158681,-1.044481,0.210012,-1.551767,0.206614,-1.872467,0.211825,-2.137159,-0.093903,-0.956114,-0.232513,-1.464098,-0.319920,-1.758508,-0.377997,-2.041653,-0.287378,-0.757098,-0.316302,-1.005015,-0.244886,-0.812963,-0.191577,-0.612768
W,Right,legacy_asl_W_211,0.000000,0.000000,0.266123,-0.157534,0.357272,-0.489344,0.098555,-0.741267,-0.173175,-0.867042,0.477584,-0.915533,0.657250,-1.342369,0.731219,-1.599292,0.787185,-1.840359,0.204953,-0.968329,0.280423,-1.440022,0.294603,-1.740162,0.313805,-1.987449,-0.036075,-0.899350,-0.138223,-1.381978,-0.204040,-1.662075,-0.243034,-1.930048,-0.227808,-0.723680,-0.241442,-0.957126,-0.185041,-0.773632,-0.146016,-0.583501
W,Right,legacy_asl_W_212,-0.011876,-0.038582,0.254809,-0.175069,0.318719,-0.518329,0.081210,-0.703927,-0.229157,-0.854088,0.431752,-0.937201,0.596424,-1.400904,0.627317,-1.627867,0.678153,-1.899399,0.180837,-0.987939,0.201564,-1.474689,0.181624,-1.753883,0.214440,-1.981582,-0.086500,-0.899483,-0.214419,-1.384734,-0.318915,-1.635235,-0.358300,-1.896054,-0.276560,-0.730274,-0.291920,-0.918278,-0.231157,-0.766642,-0.180777,-0.577089
W,Right,legacy_asl_W_213,0.000000,0.000000,0.246739,-0.166027,0.315811,-0.489646,0.053432,-0.717130,-0.214430,-0.822783,0.407638,-0.905494,0.556411,-1.325261,0.613151,-1.576030,0.653487,-1.810576,0.142965,-0.941033,0.189212,-1.398076,0.186150,-1.687014,0.190846,-1.925489,-0.084602,-0.861418,-0.209484,-1.319090,-0.288234,-1.584341,-0.340559,-1.839443,-0.258915,-0.682113,-0.284975,-0.905476,-0.220632,-0.732445,-0.172603,-0.552078
W,Right,legacy_asl_W_214,0.000000,0.000000,0.249451,-0.182791,0.307732,-0.521921,0.025630,-0.747350,-0.257092,-0.845964,0.385812,-0.957830,0.522898,-1.400183,0.571401,-1.663105,0.603536,-1.908488,0.109326,-0.983725,0.138330,-1.460536,0.123106,-1.760625,0.118046,-2.008605,-0.123807,-0.891517,-0.272638,-1.361850,-0.365517,-1.634173,-0.430516,-1.897052,-0.297451,-0.697949,-0.333837,-0.928945,-0.259771,-0.751841,-0.202350,-0.566435
W,Right,legacy_asl_W_215,0.027647,0.005138,0.203090,-0.223813,0.310745,-0.578132,0.026035,-0.821684,-0.211800,-0.939797,0.429894,-0.922784,0.604369,-1.341382,0.705259,-1.574833,0.779620,-1.773501,0.207373,-0.999488,0.328268,-1.436982,0.359718,-1.714103,0.430654,-1.926390,0.007924,-0.939658,-0.089642,-1.386032,-0.086848,-1.681009,-0.075746,-1.926061,-0.195509,-0.789650,-0.259470,-1.007377,-0.215207,-0.830775,-0.166352,-0.648251
W,Right,legacy_asl_W_216,0.000000,0.000000,0.233416,-0.236819,0.326044,-0.637666,0.044009,-0.902785,-0.244565,-1.003487,0.458581,-0.984669,0.652141,-1.421655,0.740697,-1.674325,0.810494,-1.905326,0.215497,-1.037629,0.337303,-1.536028,0.386750,-1.823512,0.434223,-2.055717,-0.012931,-0.990062,-0.062481,-1.476043,-0.076490,-1.764002,-0.074618,-2.026635,-0.215693,-0.843779,-0.246123,-1.084670,-0.211339,-0.885331,-0.182802,-0.667701
W,Right,legacy_asl_W_217,0.000000,0.000000,0.201217,-0.239019,0.258478,-0.621324,-0.025230,-0.848910,-0.302959,-0.921999,0.357087,-0.956130,0.506235,-1.379718,0.570590,-1.622921,0.618966,-1.844445,0.125484,-0.987846,0.202896,-1.463680,0.228053,-1.736615,0.255430,-1.957624,-0.084992,-0.926474,-0.167179,-1.378062,-0.201499,-1.646771,-0.219078,-1.892927,-0.264158,-0.774520,-0.310395,-0.997931,-0.263138,-0.813764,-0.220386,-0.612003
W,Right,legacy_asl_W_218,0.017981,-0.000780,0.214101,-0.202613,0.307219,-0.607349,0.068460,-0.829496,-0.220406,-0.945691,0.436146,-0.949564,0.612907,-1.347762,0.683411,-1.554400,0.741972,-1.787009,0.214067,-1.006602,0.322060,-1.422939,0.384266,-1.722276,0.415761,-1.920712,-0.008093,-0.932529,-0.063259,-1.385069,-0.089328,-1.654195,-0.069655,-1.892919,-0.208725,-0.803920,-0.240584,-1.024138,-0.167984,-0.824338,-0.183264,-0.618347
W,Right,legacy_asl_W_219,0.000000,0.000000,0.234207,-0.237622,0.327149,-0.639827,0.044158,-0.905844,-0.245393,-1.006887,0.460135,-0.988005,0.654351,-1.426473,0.743207,-1.679998,0.813240,-1.911782,0.216228,-1.041145,0.338446,-1.541233,0.388060,-1.829691,0.435694,-2.062683,-0.012975,-0.993417,-0.062692,-1.481045,-0.076749,-1.769979,-0.074871,-2.033503,-0.216424,-0.846638,-0.246957,-1.088345,-0.212055,-0.888331,-0.183421,-0.669964
W,Right,legacy_asl_W_220,0.000000,0.000000,0.227180,-0.214493,0.327699,-0.587765,0.071818,-0.846242,-0.195755,-0.950550,0.463873,-0.909130,0.660390,-1.312929,0.752079,-1.547198,0.825422,-1.761754,0.237403,-0.967070,0.368614,-1.430961,0.424756,-1.699242,0.477177,-1.915683,0.021299,-0.930120,-0.008814,-1.388137,-0.012242,-1.659008,-0.001614,-1.905562,-0.174039,-0.799607,-0.194476,-1.026835,-0.168546,-0.838478,-0.149101,-0.633156
W,Right,legacy_asl_W_221,0.003722,-0.024053,0.230355,-0.225240,0.335487,-0.589712,0.046967,-0.808617,-0.217520,-0.912028,0.438833,-0.916182,0.627499,-1.338577,0.696212,-1.560963,0.784779,-1.830017,0.177197,-1.006841,0.331126,-1.447186,0.353931,-1.703819,0.406556,-1.942996,-0.013437,-0.938731,-0.059526,-1.370692,-0.056274,-1.654894,-0.071119,-1.927407,-0.168061,-0.781281,-0.237947,-0.999568,-0.184388,-0.815292,-0.185651,-0.634772
W,Right,legacy_asl_W_222,0.000000,0.000000,0.218154,-0.221334,0.304725,-0.595971,0.041131,-0.843755,-0.228573,-0.937872,0.428596,-0.920284,0.609500,-1.328698,0.692265,-1.564846,0.757498,-1.780742,0.201407,-0.969781,0.315247,-1.435592,0.361461,-1.704278,0.405830,-1.921300,-0.012086,-0.925325,-0.058395,-1.379529,-0.071488,-1.648659,-0.069739,-1.894120,-0.201589,-0.788607,-0.230030,-1.013747,-0.197520,-0.827442,-0.170849,-0.624042
W,Right,legacy_asl_W_223,0.000000,0.000000,0.220043,-0.221809,0.308298,-0.598169,0.044100,-0.848139,-0.226742,-0.943638,0.433888,-0.923816,0.617091,-1.333827,0.701069,-1.570970,0.767354,-1.787810,0.205644,-0.974318,0.321612,-1.442252,0.368948,-1.712226,0.414262,-1.930266,-0.009136,-0.930319,-0.054214,-1.387106,-0.066501,-1.657720,-0.063943,-1.904489,-0.200100,-0.793486,-0.227959,-1.019924,-0.195882,-0.832516,-0.169731,-0.627940
W,Right,legacy_asl_W_224,0.000952,-0.005239,0.252943,-0.130086,0.367814,-0.428412,0.114016,-0.693041,-0.160057,-0.798510,0.470307,-0.920173,0.587202,-1.361670,0.651740,-1.635134,0.697653,-1.835538,0.176833,-0.936003,0.256760,-1.441349,0.281940,-1.733514,0.293774,-1.961546,-0.021868,-0.897847,-0.097985,-1.330089,-0.131855,-1.570456,-0.154150,-1.849000,-0.218651,-0.755190,-0.215514,-0.851118,-0.185830,-0.658560,-0.137797,-0.465128
W,Right,legacy_asl_W_225,0.000000,0.000000,0.268572,-0.138427,0.397477,-0.472952,0.114033,-0.719115,-0.170193,-0.826482,0.476559,-0.979023,0.622314,-1.424466,0.692005,-1.704077,0.736843,-1.948471,0.204772,-1.023950,0.271494,-1.520979,0.288643,-1.833375,0.312077,-2.088143,-0.029448,-0.944728,-0.092212,-1.401719,-0.133908,-1.683625,-0.145870,-1.934308,-0.229819,-0.758461,-0.243651,-0.906067,-0.196491,-0.703708,-0.140229,-0.512470
W,Right,legacy_asl_W_226,0.000000,0.000000,0.261407,-0.115013,0.402427,-0.423132,0.149302,-0.671811,-0.112614,-0.789594,0.506395,-0.895981,0.669747,-1.307764,0.751717,-1.567511,0.808197,-1.795476,0.252593,-0.954134,0.344376,-1.419170,0.378679,-1.712896,0.415568,-1.951889,0.027029,-0.892984,-0.005671,-1.327759,-0.028652,-1.596134,-0.025394,-1.833327,-0.172812,-0.728880,-0.177298,-0.868937,-0.144547,-0.675292,-0.102563,-0.491610
W,Right,legacy_asl_W_227,-0.020097,0.009271,0.240902,-0.140862,0.367337,-0.440706,0.106708,-0.659187,-0.186660,-0.800664,0.414366,-0.916063,0.611878,-1.348681,0.644666,-1.623266,0.686060,-1.845465,0.193685,-0.955249,0.243274,-1.457708,0.258535,-1.733715,0.291086,-1.952535,-0.065957,-0.894217,-0.103685,-1.321613,-0.109629,-1.596897,-0.129440,-1.841702,-0.237308,-0.703658,-0.245482,-0.901030,-0.192180,-0.645927,-0.148766,-0.494850
W,Right,legacy_asl_W_228,0.000000,0.000000,0.257088,-0.132508,0.380482,-0.452730,0.109157,-0.688367,-0.162916,-0.791144,0.456182,-0.937163,0.595706,-1.363560,0.662417,-1.631215,0.705337,-1.865160,0.196017,-0.980169,0.259885,-1.455946,0.276301,-1.754985,0.298734,-1.998860,-0.028189,-0.904334,-0.088269,-1.341785,-0.128182,-1.611638,-0.139633,-1.851602,-0.219992,-0.726031,-0.233233,-0.867326,-0.188090,-0.673619,-0.134234,-0.490558
W,Right,legacy_asl_W_229,0.000000,0.000000,0.249690,-0.138624,0.361701,-0.458433,0.086726,-0.682715,-0.184933,-0.775848,0.421630,-0.938853,0.546321,-1.363943,0.603994,-1.630142,0.639215,-1.862343,0.163548,-0.973359,0.212064,-1.444876,0.219140,-1.740514,0.233838,-1.981890,-0.055418,-0.891672,-0.128063,-1.321581,-0.175690,-1.586694,-0.194315,-1.823177,-0.239277,-0.709843,-0.256657,-0.848890,-0.206192,-0.659089,-0.147452,-0.480060
W,Right,legacy_asl_W_230,-0.011870,-0.010639,0.274176,-0.117324,0.376112,-0.460447,0.102406,-0.697554,-0.164649,-0.782695,0.450209,-0.953625,0.597927,-1.355761,0.667956,-1.581894,0.699717,-1.832576,0.220825,-0.978186,0.261966,-1.438012,0.278809,-1.751073,0.269821,-1.976059,-0.045841,-0.871539,-0.086896,-1.340108,-0.136228,-1.603809,-0.148254,-1.819789,-0.211688,-0.737171,-0.239333,-0.846374,-0.194708,-0.661387,-0.153634,-0.487782
W,Right,legacy_asl_W_231,0.000000,0.000000,0.237191,-0.122253,0.351034,-0.417690,0.100708,-0.635090,-0.150307,-0.729912,0.420875,-0.864630,0.549600,-1.258025,0.611148,-1.504965,0.650747,-1.720803,0.180846,-0.904307,0.239771,-1.343261,0.254916,-1.619156,0.275613,-1.844155,-0.026007,-0.834342,-0.081437,-1.237936,-0.118262,-1.486903,-0.128826,-1.708295,-0.202966,-0.669839,-0.215182,-0.800198,-0.173533,-0.621484,-0.123844,-0.452591
W,Right,legacy_asl_W_232,0.000000,0.000000,0.250696,-0.136796,0.365040,-0.455778,0.091712,-0.682063,-0.179259,-0.777178,0.428479,-0.935747,0.556272,-1.359915,0.615888,-1.625685,0.652805,-1.857623,0.170655,-0.972138,0.222615,-1.443288,0.231851,-1.738866,0.248312,-1.980129,-0.048901,-0.892053,-0.118404,-1.322481,-0.164093,-1.587935,-0.180989,-1.824548,-0.234084,-0.711572,-0.250448,-0.850742,-0.201371,-0.660578,-0.143940,-0.481124
W,Right,legacy_asl_W_233,-0.004239,0.022597,0.270856,-0.117131,0.340306,-0.493242,0.086225,-0.719285,-0.203505,-0.781497,0.399580,-0.959530,0.504042,-1.328154,0.565806,-1.596029,0.555800,-1.809228,0.124216,-1.008511,0.149095,-1.434877,0.161076,-1.729321,0.109115,-1.936965,-0.105363,-0.882763,-0.199770,-1.286030,-0.279578,-1.614403,-0.363057,-1.820578,-0.278837,-0.707048,-0.240451,-0.843140,-0.201972,-0.666653,-0.136645,-0.456089
W,Right,legacy_asl_W_234,0.000000,0.000000,0.263291,-0.148395,0.381189,-0.491139,0.096824,-0.724859,-0.194651,-0.828129,0.393502,-0.972663,0.523174,-1.394969,0.580056,-1.650610,0.616009,-1.883204,0.117876,-1.019745,0.146663,-1.488476,0.140422,-1.780333,0.140667,-2.015325,-0.106266,-0.930579,-0.218206,-1.363212,-0.292782,-1.656704,-0.353547,-1.922421,-0.275701,-0.736055,-0.253005,-0.883832,-0.180842,-0.696942,-0.134238,-0.521471
W,Right,legacy_asl_W_235,0.000000,0.000000,0.264340,-0.122587,0.403732,-0.443026,0.148214,-0.689292,-0.124064,-0.810723,0.452206,-0.904881,0.608968,-1.300890,0.683090,-1.542258,0.735343,-1.763067,0.190885,-0.971105,0.254219,-1.419409,0.270429,-1.700387,0.288547,-1.926219,-0.031321,-0.902462,-0.105986,-1.326783,-0.155328,-1.614531,-0.193510,-1.874535,-0.208967,-0.728399,-0.175909,-0.868700,-0.120774,-0.683590,-0.089336,-0.511399
W,Right,legacy_asl_W_236,-0.003530,-0.006472,0.260265,-0.147237,0.369414,-0.479631,0.090906,-0.723244,-0.193574,-0.805087,0.390430,-0.944400,0.512284,-1.324342,0.557086,-1.587052,0.576000,-1.833618,0.085572,-0.980404,0.145187,-1.416650,0.116539,-1.722969,0.145861,-1.953224,-0.097521,-0.904979,-0.208868,-1.324236,-0.277607,-1.574291,-0.349127,-1.857927,-0.249095,-0.704714,-0.250255,-0.821530,-0.176689,-0.674091,-0.125156,-0.485478
W,Right,legacy_asl_W_237,0.000000,0.000000,0.244267,-0.137673,0.353647,-0.455652,0.089828,-0.672485,-0.180586,-0.768293,0.365070,-0.902384,0.485373,-1.294177,0.538145,-1.531347,0.571500,-1.747135,0.109359,-0.946065,0.136066,-1.380928,0.130276,-1.651697,0.130504,-1.869710,-0.098588,-0.863341,-0.202439,-1.264715,-0.271627,-1.537000,-0.328002,-1.783518,-0.255781,-0.682872,-0.234725,-0.819971,-0.167776,-0.646585,-0.124539,-0.483793
W,Right,legacy_asl_W_238,0.000000,0.000000,0.240574,-0.164400,0.325356,-0.503403,0.032809,-0.704283,-0.255734,-0.779272,0.297197,-0.966940,0.386681,-1.383342,0.420090,-1.633614,0.435308,-1.860011,0.028542,-0.989276,0.017269,-1.441892,-0.012961,-1.721708,-0.032239,-1.947444,-0.179346,-0.885016,-0.322793,-1.291275,-0.418796,-1.566987,-0.499228,-1.817168,-0.325939,-0.684102,-0.316411,-0.827930,-0.231577,-0.654411,-0.172242,-0.489737
W,Right,legacy_asl_W_239,0.003411,0.028831,0.251370,-0.122854,0.366170,-0.472260,0.099602,-0.704845,-0.168559,-0.809895,0.354446,-0.907113,0.506180,-1.358991,0.570634,-1.570999,0.624379,-1.815221,0.118754,-0.972556,0.141796,-1.405263,0.131269,-1.716134,0.119365,-1.930400,-0.073318,-0.901488,-0.189845,-1.317362,-0.267502,-1.601346,-0.325087,-1.881651,-0.276737,-0.745181,-0.254855,-0.868569,-0.168375,-0.672696,-0.124484,-0.508379
W,Right,legacy_asl_W_240,0.000000,0.000000,0.239096,-0.134758,0.346159,-0.446005,0.087926,-0.658247,-0.176763,-0.752027,0.357341,-0.883279,0.475096,-1.266777,0.526751,-1.498925,0.559400,-1.710144,0.107044,-0.926035,0.133185,-1.351690,0.127518,-1.616727,0.127741,-1.830124,-0.096500,-0.845062,-0.198153,-1.237938,-0.265876,-1.504459,-0.321057,-1.745757,-0.250365,-0.668414,-0.229755,-0.802611,-0.164223,-0.632896,-0.121902,-0.473550
W,Right,legacy_asl_W_241,0.000000,0.000000,0.248386,-0.152341,0.349775,-0.486754,0.067486,-0.701809,-0.217011,-0.790930,0.344499,-0.951115,0.454401,-1.362600,0.500105,-1.610921,0.526465,-1.836292,0.077272,-0.986666,0.088324,-1.439288,0.071923,-1.720254,0.063796,-1.946666,-0.135503,-0.892781,-0.258749,-1.305617,-0.341045,-1.585726,-0.409047,-1.839567,-0.291821,-0.699337,-0.275215,-0.842520,-0.199037,-0.665030,-0.147891,-0.497632
W,Right,legacy_asl_W_242,-0.000421,0.013092,0.283885,-0.412594,0.339193,-0.850979,0.036243,-1.131391,-0.227630,-1.220100,0.609604,-0.903332,0.763678,-1.383027,0.858578,-1.657036,0.942099,-1.857228,0.342279,-0.972050,0.462280,-1.435096,0.472019,-1.719634,0.524397,-1.937831,0.038887,-0.901901,-0.005798,-1.362685,-0.023110,-1.632051,0.019618,-1.908596,-0.162246,-0.753478,-0.244268,-1.028507,-0.200271,-0.935727,-0.151267,-0.827168
W,Right,legacy_asl_W_243,0.000000,0.000000,0.272820,-0.370224,0.329220,-0.817139,0.035517,-1.101301,-0.218686,-1.191945,0.586501,-0.893879,0.760626,-1.339711,0.827858,-1.607538,0.894933,-1.819927,0.313492,-0.919539,0.431563,-1.379721,0.462065,-1.659343,0.524040,-1.853132,0.055718,-0.875638,-0.016750,-1.351675,-0.030609,-1.614297,-0.001966,-1.852466,-0.155598,-0.744743,-0.247816,-1.015464,-0.196877,-0.937600,-0.145419,-0.806956
W,Right,legacy_asl_W_244,0.000000,0.000000,0.244125,-0.405506,0.259133,-0.868879,-0.069044,-1.131953,-0.338215,-1.200503,0.515433,-0.972151,0.651183,-1.445686,0.694436,-1.726577,0.742836,-1.950644,0.233212,-0.972308,0.310146,-1.455181,0.314632,-1.744643,0.359586,-1.949161,-0.026738,-0.902641,-0.146575,-1.383519,-0.185922,-1.651313,-0.179372,-1.898118,-0.230751,-0.748275,-0.351170,-1.016866,-0.291515,-0.941952,-0.226277,-0.813001
W,Right,legacy_asl_W_245,-0.007887,0.006170,0.273151,-0.407932,0.357709,-0.826188,0.037884,-1.122986,-0.206901,-1.211646,0.629601,-0.962517,0.770960,-1.379465,0.862509,-1.667301,0.930298,-1.870497,0.344159,-0.950154,0.442711,-1.403038,0.476847,-1.716300,0.548954,-1.901205,0.052631,-0.886253,0.007699,-1.422515,-0.042654,-1.667090,0.015300,-1.895516,-0.160065,-0.745463,-0.256415,-1.035885,-0.197572,-0.949758,-0.159410,-0.820986
W,Right,legacy_asl_W_246,0.000000,0.000000,0.297949,-0.404325,0.359544,-0.892403,0.038789,-1.202739,-0.238828,-1.301733,0.640523,-0.976212,0.830686,-1.463109,0.904110,-1.755605,0.977363,-1.987556,0.342367,-1.004236,0.471313,-1.506804,0.504625,-1.812182,0.572308,-2.023820,0.060850,-0.956291,-0.018292,-1.476175,-0.033429,-1.762987,-0.002147,-2.023093,-0.169930,-0.813340,-0.270641,-1.108996,-0.215010,-1.023960,-0.158813,-0.881283
W,Right,legacy_asl_W_247,0.000000,0.000000,0.279689,-0.381845,0.336410,-0.841979,0.033287,-1.133568,-0.228608,-1.226106,0.600977,-0.921724,0.778865,-1.381093,0.847265,-1.656941,0.915669,-1.875731,0.319919,-0.947323,0.440073,-1.421295,0.470637,-1.709174,0.533846,-1.908805,0.054747,-0.901375,-0.021249,-1.391099,-0.036293,-1.661350,-0.007519,-1.906560,-0.162351,-0.766031,-0.258066,-1.044385,-0.205408,-0.964397,-0.152060,-0.830090
W,Right,legacy_asl_W_248,-0.013070,0.002988,0.267385,-0.405795,0.348664,-0.864455,0.019390,-1.172990,-0.231273,-1.218924,0.571129,-0.928912,0.784512,-1.390860,0.863365,-1.618484,0.905427,-1.873746,0.318243,-0.948861,0.442517,-1.426080,0.468809,-1.688861,0.552761,-1.912360,0.070071,-0.865805,-0.013513,-1.393674,-0.056922,-1.685384,-0.007908,-1.896906,-0.143693,-0.778771,-0.256114,-1.044782,-0.188183,-0.953819,-0.144355,-0.813873
W,Right,legacy_asl_W_249,0.000000,0.000000,0.282002,-0.382685,0.340301,-0.844642,0.036713,-1.138368,-0.226046,-1.232063,0.606242,-0.923965,0.786227,-1.384803,0.855722,-1.661644,0.925054,-1.881182,0.324044,-0.950489,0.446088,-1.426160,0.477618,-1.715193,0.541678,-1.915504,0.057593,-0.905110,-0.017313,-1.397169,-0.031640,-1.668631,-0.002032,-1.914816,-0.160835,-0.769810,-0.256157,-1.049643,-0.203503,-0.969158,-0.150314,-0.834116
W,Right,legacy_asl_W_250,0.000000,0.000000,0.316042,-0.352348,0.417941,-0.804628,0.145106,-1.124735,-0.106367,-1.242692,0.689092,-0.857847,0.911489,-1.297396,1.006805,-1.565137,1.096488,-1.776100,0.411938,-0.911086,0.578326,-1.370869,0.637179,-1.654321,0.719799,-1.846732,0.143524,-0.891558,0.116277,-1.386394,0.128005,-1.656809,0.180861,-1.897977,-0.085883,-0.778322,-0.153632,-1.064770,-0.109133,-0.979972,-0.069314,-0.841052
W,Right,legacy_asl_W_251,-0.010503,-0.012216,0.237036,-0.186511,0.384988,-0.499586,0.142842,-0.724957,-0.143493,-0.797233,0.149844,-0.997357,0.244234,-1.404624,0.269553,-1.718225,0.300290,-1.936560,-0.093924,-0.980787,-0.120291,-1.446728,-0.163365,-1.793954,-0.200928,-2.096682,-0.278904,-0.841934,-0.410415,-1.258379,-0.506468,-1.587122,-0.561615,-1.857649,-0.461327,-0.619466,-0.377141,-0.824212,-0.242050,-0.696129,-0.058208,-0.530273
W,Right,legacy_asl_W_252,0.000000,0.000000,0.242081,-0.176782,0.373433,-0.511782,0.143071,-0.718187,-0.138575,-0.776940,0.153738,-0.981110,0.252804,-1.411515,0.289382,-1.697833,0.294317,-1.945204,-0.090364,-0.972241,-0.123271,-1.464785,-0.171387,-1.789598,-0.217608,-2.060253,-0.287090,-0.843887,-0.409793,-1.253815,-0.486755,-1.574854,-0.558880,-1.842863,-0.461257,-0.626279,-0.384169,-0.820329,-0.211222,-0.692257,-0.072627,-0.521361
W,Right,legacy_asl_W_253,0.000000,0.000000,0.234554,-0.187479,0.351391,-0.528466,0.111847,-0.724979,-0.172577,-0.771490,0.111052,-0.988569,0.191417,-1.423626,0.215531,-1.711759,0.209678,-1.959535,-0.132850,-0.969044,-0.187271,-1.460530,-0.249594,-1.783493,-0.307658,-2.052339,-0.324127,-0.832008,-0.464808,-1.236898,-0.555835,-1.554825,-0.639708,-1.819893,-0.488934,-0.606635,-0.420253,-0.804197,-0.241585,-0.683573,-0.095428,-0.518592
W,Right,legacy_asl_W_254,0.000210,0.001098,0.265842,-0.183724,0.372972,-0.524664,0.156043,-0.731779,-0.152477,-0.786853,0.149661,-1.009309,0.243840,-1.422026,0.304504,-1.702051,0.287987,-1.954324,-0.093288,-0.953277,-0.150747,-1.466685,-0.151597,-1.793150,-0.212535,-2.038644,-0.249556,-0.827646,-0.410311,-1.279548,-0.489645,-1.590046,-0.576674,-1.841848,-0.476382,-0.616539,-0.394517,-0.813869,-0.203579,-0.688645,-0.092983,-0.511715
W,Right,legacy_asl_W_255,0.000000,0.000000,0.240281,-0.175468,0.370656,-0.507977,0.142007,-0.712847,-0.137544,-0.771163,0.152595,-0.973815,0.250924,-1.401020,0.287230,-1.685208,0.292129,-1.930740,-0.089692,-0.965012,-0.122355,-1.453894,-0.170113,-1.776292,-0.215990,-2.044934,-0.284955,-0.837612,-0.406746,-1.244493,-0.483136,-1.563144,-0.554725,-1.829160,-0.457828,-0.621622,-0.381313,-0.814229,-0.209651,-0.687110,-0.072087,-0.517484
W,Right,legacy_asl_W_256,0.000000,0.000000,0.246751,-0.171107,0.386490,-0.503367,0.160853,-0.715703,-0.119753,-0.781433,0.177971,-0.978738,0.287713,-1.407328,0.331351,-1.693156,0.342349,-1.940758,-0.066694,-0.975832,-0.087591,-1.469879,-0.127825,-1.796331,-0.167486,-2.068501,-0.266841,-0.852110,-0.379683,-1.265624,-0.448896,-1.589001,-0.514563,-1.859156,-0.446581,-0.638457,-0.364634,-0.830895,-0.194576,-0.698409,-0.059968,-0.523878
W,Right,legacy_asl_W_257,-0.000811,0.000304,0.247335,-0.181670,0.391077,-0.499495,0.136398,-0.716032,-0.139318,-0.771295,0.157386,-0.971053,0.283728,-1.406631,0.309499,-1.670373,0.267729,-1.959363,-0.089642,-0.973240,-0.127283,-1.450186,-0.197569,-1.835378,-0.234771,-2.036260,-0.289684,-0.850848,-0.445130,-1.257741,-0.472625,-1.577315,-0.570139,-1.831270,-0.456464,-0.626155,-0.372789,-0.810065,-0.215429,-0.698721,-0.066753,-0.525359
W,Right,legacy_asl_W_258,0.000000,0.000000,0.233902,-0.170810,0.360817,-0.494492,0.138237,-0.693924,-0.133893,-0.750692,0.148544,-0.947964,0.244263,-1.363829,0.279605,-1.640473,0.284374,-1.879488,-0.087311,-0.939395,-0.119107,-1.415299,-0.165597,-1.729139,-0.210256,-1.990650,-0.277391,-0.815377,-0.395948,-1.211457,-0.470311,-1.521649,-0.539999,-1.780604,-0.445674,-0.605121,-0.371191,-0.792615,-0.204086,-0.668870,-0.070173,-0.503747
W,Right,legacy_asl_W_259,0.000000,0.000000,0.253498,-0.160943,0.406618,-0.487252,0.189793,-0.708578,-0.087912,-0.785653,0.217582,-0.970700,0.344643,-1.394480,0.399855,-1.678299,0.420901,-1.925249,-0.027000,-0.977735,-0.027811,-1.472224,-0.054751,-1.800040,-0.083323,-2.073597,-0.232007,-0.862246,-0.327959,-1.280002,-0.383979,-1.605924,-0.438618,-1.878524,-0.420278,-0.656071,-0.330582,-0.845021,-0.166046,-0.705736,-0.038638,-0.525881
W,Right,legacy_asl_W_260,-0.007032,-0.016476,0.243919,-0.161074,0.337684,-0.518996,0.075227,-0.715387,-0.204649,-0.880217,0.454472,-0.912890,0.594265,-1.299530,0.666515,-1.579020,0.759315,-1.799560,0.236773,-0.974052,0.319407,-1.404543,0.383043,-1.738336,0.390756,-1.970684,-0.012552,-0.876008,-0.053089,-1.347751,-0.104949,-1.602803,-0.083155,-1.865640,-0.228434,-0.763249,-0.219313,-0.933257,-0.173071,-0.700169,-0.106363,-0.503740
W,Right,legacy_asl_W_261,0.000000,0.000000,0.254022,-0.153854,0.364117,-0.504641,0.056602,-0.758476,-0.222360,-0.903788,0.475372,-0.950133,0.648216,-1.374362,0.729454,-1.644179,0.792520,-1.887362,0.219076,-1.016320,0.320943,-1.508834,0.361536,-1.818730,0.407258,-2.082580,-0.012383,-0.955242,-0.070876,-1.407228,-0.094366,-1.690585,-0.097689,-1.950572,-0.220998,-0.786137,-0.224705,-0.947389,-0.169504,-0.735013,-0.120211,-0.539226
W,Right,legacy_asl_W_262,0.000000,0.000000,0.254352,-0.122180,0.390671,-0.443812,0.123157,-0.712094,-0.127318,-0.875124,0.536781,-0.854901,0.739183,-1.240227,0.840780,-1.487935,0.922745,-1.712123,0.300479,-0.941022,0.442027,-1.397441,0.508864,-1.686782,0.576325,-1.932108,0.075981,-0.904508,0.062157,-1.337321,0.065953,-1.607448,0.086678,-1.853622,-0.136830,-0.763737,-0.125533,-0.916573,-0.092825,-0.710662,-0.064182,-0.520981
W,Right,legacy_asl_W_263,-0.007893,0.013675,0.258709,-0.107915,0.343472,-0.474239,0.045910,-0.733447,-0.220085,-0.891409,0.435095,-0.914975,0.577226,-1.296890,0.699325,-1.572429,0.766422,-1.785986,0.209795,-0.936524,0.301821,-1.440175,0.363698,-1.747760,0.382338,-1.976550,-0.021868,-0.924330,-0.036353,-1.322727,-0.082781,-1.628955,-0.087200,-1.853176,-0.235288,-0.749865,-0.200819,-0.904812,-0.172397,-0.716160,-0.110919,-0.508495
W,Right,legacy_asl_W_264,0.000000,0.000000,0.225896,-0.136819,0.323801,-0.448766,0.050335,-0.674496,-0.197740,-0.803719,0.422738,-0.844932,0.576444,-1.222190,0.648687,-1.462132,0.704770,-1.678389,0.194820,-0.903791,0.285408,-1.341773,0.321506,-1.617356,0.362166,-1.851992,-0.011012,-0.849476,-0.063028,-1.251417,-0.083918,-1.503400,-0.086873,-1.734601,-0.196528,-0.699095,-0.199825,-0.842492,-0.150736,-0.653631,-0.106901,-0.479522
W,Right,legacy_asl_W_265,0.000000,0.000000,0.242639,-0.144046,0.350185,-0.476407,0.060143,-0.720159,-0.203682,-0.860562,0.459628,-0.898739,0.627408,-1.300352,0.706857,-1.556025,0.768817,-1.786545,0.216675,-0.963775,0.317592,-1.430861,0.358761,-1.724954,0.404416,-1.975256,-0.003749,-0.907686,-0.055530,-1.337613,-0.075471,-1.607029,-0.076446,-1.854072,-0.203374,-0.748769,-0.205544,-0.902007,-0.154878,-0.699764,-0.109688,-0.513331
W,Right,legacy_asl_W_266,-0.008463,-0.010086,0.243018,-0.134846,0.331571,-0.485454,0.051878,-0.720520,-0.215932,-0.832961,0.472226,-0.895812,0.600062,-1.292920,0.685961,-1.569731,0.752791,-1.801603,0.214394,-0.955761,0.297038,-1.447017,0.337824,-1.719164,0.390777,-2.014371,-0.024710,-0.932272,-0.065976,-1.344552,-0.094663,-1.621361,-0.085105,-1.844678,-0.204883,-0.747347,-0.204381,-0.894874,-0.175405,-0.659290,-0.098656,-0.508298
W,Right,legacy_asl_W_267,0.000000,0.000000,0.238083,-0.144200,0.341270,-0.472977,0.053050,-0.710886,-0.208408,-0.847080,0.445545,-0.890517,0.607544,-1.288128,0.683685,-1.541016,0.742793,-1.768940,0.205330,-0.952552,0.300806,-1.414163,0.338852,-1.704614,0.381705,-1.951909,-0.011606,-0.895306,-0.066429,-1.318932,-0.088445,-1.584510,-0.091560,-1.828184,-0.207131,-0.736811,-0.210606,-0.887945,-0.158868,-0.688895,-0.112668,-0.505393
W,Right,legacy_asl_W_268,0.000000,0.000000,0.243987,-0.141751,0.354663,-0.473083,0.066934,-0.719560,-0.195555,-0.862445,0.468085,-0.894363,0.639647,-1.294375,0.721504,-1.549288,0.785636,-1.779213,0.225757,-0.961688,0.331076,-1.427801,0.375017,-1.721493,0.423031,-1.971353,0.004814,-0.907681,-0.042909,-1.338077,-0.060308,-1.607669,-0.058953,-1.854711,-0.196302,-0.750655,-0.197026,-0.903905,-0.148270,-0.701194,-0.104841,-0.514343
W,Right,legacy_asl_W_269,0.002690,0.020101,0.235479,-0.108739,0.320915,-0.332417,0.066973,-0.522298,-0.258309,-0.670650,0.287980,-0.926254,0.383368,-1.364192,0.430248,-1.624905,0.483926,-1.864314,-0.024842,-0.975662,-0.046231,-1.451907,-0.074930,-1.745899,-0.085298,-2.039507,-0.244171,-0.838444,-0.421217,-1.217983,-0.492217,-1.509684,-0.594381,-1.760700,-0.445510,-0.626883,-0.438736,-0.685734,-0.364439,-0.551294,-0.309496,-0.396331
W,Right,legacy_asl_W_270,0.000000,0.000000,0.236688,-0.091050,0.327225,-0.350739,0.040642,-0.522765,-0.243103,-0.660244,0.274529,-0.938244,0.391429,-1.356981,0.446980,-1.627921,0.489837,-1.875980,-0.026217,-0.962492,-0.041284,-1.460518,-0.066330,-1.776007,-0.086901,-2.047509,-0.256710,-0.844149,-0.426532,-1.238087,-0.530369,-1.510016,-0.606264,-1.756057,-0.424931,-0.619534,-0.445001,-0.711041,-0.365448,-0.564297,-0.300864,-0.416042
W,Right,legacy_asl_W_271,0.000000,0.000000,0.242646,-0.068055,0.356389,-0.316558,0.088862,-0.513428,-0.179074,-0.675853,0.358930,-0.902725,0.513558,-1.306133,0.593735,-1.569025,0.659222,-1.810460,0.063637,-0.954705,0.095080,-1.448841,0.099661,-1.763309,0.104576,-2.033841,-0.175420,-0.859070,-0.306776,-1.264627,-0.384202,-1.543330,-0.436392,-1.793820,-0.362758,-0.652498,-0.374099,-0.744900,-0.309048,-0.592312,-0.258947,-0.439621
W,Right,legacy_asl_W_272,-0.011971,-0.012745,0.217930,-0.126394,0.333581,-0.378725,0.023479,-0.536252,-0.262634,-0.658344,0.272418,-0.913213,0.384989,-1.337651,0.436175,-1.598983,0.480269,-1.892211,-0.008139,-0.954610,-0.037455,-1.462541,-0.102050,-1.771888,-0.106403,-2.036135,-0.258769,-0.845023,-0.464301,-1.218338,-0.563287,-1.510622,-0.609860,-1.727365,-0.414006,-0.625742,-0.424995,-0.674215,-0.356608,-0.539146,-0.292630,-0.398096
W,Right,legacy_asl_W_273,0.000000,0.000000,0.242929,-0.093451,0.335853,-0.359987,0.041714,-0.536549,-0.249514,-0.677654,0.281768,-0.962984,0.401750,-1.392763,0.458766,-1.670847,0.502753,-1.925448,-0.026908,-0.987872,-0.042372,-1.499030,-0.068079,-1.822838,-0.089192,-2.101500,-0.263479,-0.866408,-0.437779,-1.270734,-0.544355,-1.549833,-0.622250,-1.802362,-0.436136,-0.635870,-0.456735,-0.729790,-0.375084,-0.579177,-0.308797,-0.427012
W,Right,legacy_asl_W_274,0.000000,0.000000,0.234938,-0.091175,0.324145,-0.349503,0.038852,-0.519610,-0.243520,-0.655395,0.270053,-0.933174,0.384991,-1.349633,0.439399,-1.619039,0.481259,-1.865671,-0.028880,-0.956388,-0.045315,-1.451250,-0.071132,-1.764690,-0.092371,-2.034432,-0.257582,-0.838108,-0.427498,-1.229081,-0.531484,-1.499001,-0.607626,-1.743279,-0.424090,-0.614406,-0.444303,-0.705280,-0.364817,-0.559690,-0.300202,-0.412553
W,Right,legacy_asl_W_275,0.007266,-0.014118,0.232537,-0.102773,0.328589,-0.361707,0.055412,-0.498645,-0.259014,-0.655892,0.273498,-0.924341,0.374013,-1.352192,0.449527,-1.619047,0.477056,-1.855704,-0.024815,-0.976365,-0.029133,-1.438261,-0.094651,-1.761008,-0.105983,-2.025886,-0.246641,-0.845589,-0.416006,-1.241062,-0.525577,-1.495272,-0.596158,-1.762047,-0.450315,-0.600094,-0.418137,-0.718315,-0.373286,-0.566832,-0.294871,-0.386891
W,Right,legacy_asl_W_276,0.000000,0.000000,0.220879,-0.084969,0.305369,-0.327313,0.037928,-0.487849,-0.226866,-0.616147,0.256193,-0.875579,0.365285,-1.266348,0.417126,-1.519193,0.457121,-1.750684,-0.024466,-0.898208,-0.038526,-1.362970,-0.061900,-1.657388,-0.081097,-1.910757,-0.239564,-0.787768,-0.398044,-1.155396,-0.494946,-1.409162,-0.565772,-1.638770,-0.396550,-0.578156,-0.415279,-0.663550,-0.341040,-0.526608,-0.280769,-0.388255
W,Right,legacy_asl_W_277,0.000000,0.000000,0.240356,-0.075747,0.346129,-0.327746,0.072469,-0.515997,-0.200503,-0.669809,0.330005,-0.913696,0.471710,-1.321823,0.543475,-1.587134,0.601242,-1.830532,0.033207,-0.956247,0.048899,-1.451134,0.043465,-1.765588,0.039764,-2.036139,-0.202685,-0.853049,-0.346887,-1.254218,-0.433148,-1.530314,-0.493288,-1.779016,-0.383350,-0.640616,-0.397627,-0.732610,-0.327751,-0.582171,-0.272814,-0.431153
W,Right,legacy_asl_W_278,0.020746,0.020572,0.292791,-0.148504,0.421152,-0.476139,0.162232,-0.700093,-0.078605,-0.754931,0.514850,-0.904819,0.681984,-1.260290,0.755766,-1.524851,0.817700,-1.741225,0.279713,-0.948957,0.330602,-1.403438,0.382267,-1.678736,0.373004,-1.924578,0.042381,-0.859956,0.002983,-1.271989,0.013106,-1.600312,-0.008793,-1.825172,-0.156460,-0.722210,-0.136015,-0.853293,-0.077854,-0.669600,-0.025770,-0.450320
W,Right,legacy_asl_W_279,0.000000,0.000000,0.293205,-0.147476,0.437865,-0.481176,0.179242,-0.701826,-0.102919,-0.775292,0.518427,-0.922268,0.692719,-1.312571,0.779469,-1.560598,0.830496,-1.778352,0.267907,-0.980689,0.345535,-1.442113,0.384834,-1.732932,0.420495,-1.966063,0.042081,-0.915523,0.012093,-1.330259,0.002982,-1.619938,0.011520,-1.869946,-0.158525,-0.752045,-0.128605,-0.871105,-0.085955,-0.676249,-0.046416,-0.488528
W,Right,legacy_asl_W_280,0.000000,0.000000,0.289076,-0.136587,0.437957,-0.458092,0.191389,-0.679176,-0.081632,-0.757489,0.526992,-0.885719,0.706088,-1.261635,0.796519,-1.501097,0.851435,-1.711932,0.284424,-0.948620,0.371090,-1.396117,0.416336,-1.678390,0.456656,-1.904570,0.062940,-0.890575,0.043684,-1.295186,0.041759,-1.577509,0.056070,-1.820775,-0.136342,-0.736183,-0.104349,-0.851412,-0.067487,-0.660628,-0.033485,-0.476867
W,Right,legacy_asl_W_281,0.014175,-0.013593,0.296618,-0.155453,0.422769,-0.483869,0.172628,-0.668672,-0.082104,-0.757975,0.517107,-0.877832,0.665021,-1.286395,0.786076,-1.511012,0.800125,-1.752625,0.267465,-0.958882,0.316590,-1.385350,0.378985,-1.685125,0.404011,-1.913920,0.048152,-0.887881,0.012675,-1.310387,0.000636,-1.582527,0.020981,-1.817699,-0.155625,-0.744764,-0.150698,-0.862609,-0.089935,-0.617928,-0.041631,-0.457478
W,Right,legacy_asl_W_282,0.000000,0.000000,0.268076,-0.134836,0.400337,-0.439936,0.163880,-0.641676,-0.094098,-0.708845,0.473995,-0.843224,0.633348,-1.200075,0.712663,-1.426846,0.759318,-1.625936,0.244946,-0.896638,0.315921,-1.318515,0.351851,-1.584410,0.384456,-1.797560,0.038474,-0.837057,0.011057,-1.216248,0.002727,-1.481099,0.010533,-1.709680,-0.144939,-0.687590,-0.117583,-0.796446,-0.078588,-0.618290,-0.042438,-0.446658
W,Right,legacy_asl_W_283,0.000000,0.000000,0.287267,-0.140351,0.431936,-0.463774,0.182501,-0.681618,-0.091520,-0.756358,0.515378,-0.892527,0.689547,-1.270751,0.776842,-1.511373,0.829000,-1.722908,0.272008,-0.952255,0.352821,-1.400845,0.394376,-1.683685,0.431739,-1.910372,0.051301,-0.891321,0.026761,-1.295646,0.021149,-1.577920,0.032281,-1.821352,-0.145947,-0.734339,-0.115462,-0.849976,-0.076111,-0.659690,-0.039711,-0.476389
W,Right,legacy_asl_W_284,-0.015469,0.013527,0.289208,-0.159605,0.416564,-0.467119,0.158633,-0.641128,-0.101362,-0.748353,0.502819,-0.871036,0.679118,-1.280830,0.759079,-1.515490,0.834335,-1.727651,0.247447,-0.956929,0.341673,-1.408305,0.387739,-1.679151,0.405298,-1.946168,0.077207,-0.867392,0.032229,-1.296243,0.034114,-1.588043,-0.023547,-1.834026,-0.157543,-0.741259,-0.118706,-0.852673,-0.095192,-0.681398,-0.050650,-0.473304
W,Right,legacy_asl_W_285,0.000000,0.000000,0.298406,-0.150092,0.445632,-0.489711,0.182422,-0.714276,-0.104744,-0.789045,0.527624,-0.938628,0.705007,-1.335854,0.793296,-1.588282,0.845229,-1.809898,0.272659,-0.998085,0.351665,-1.467694,0.391660,-1.763673,0.427954,-2.000939,0.042827,-0.931763,0.012308,-1.353856,0.003035,-1.648674,0.011724,-1.903117,-0.161337,-0.765386,-0.130887,-0.886557,-0.087480,-0.688245,-0.047239,-0.497194
W,Right,legacy_asl_W_286,0.000000,0.000000,0.285464,-0.143984,0.426019,-0.469215,0.173841,-0.683878,-0.101106,-0.755136,0.504016,-0.898992,0.673374,-1.279394,0.757610,-1.521105,0.807081,-1.733284,0.259908,-0.955628,0.335025,-1.405208,0.372989,-1.688552,0.407474,-1.915695,0.039992,-0.891900,0.010326,-1.295881,0.001134,-1.578061,0.009177,-1.821615,-0.155249,-0.732429,-0.126233,-0.848444,-0.084472,-0.658672,-0.045750,-0.475847
W,Right,legacy_asl_W_287,-0.008315,0.012251,0.228098,-0.144312,0.368316,-0.441658,0.122503,-0.706336,-0.185945,-0.823400,0.436481,-0.921312,0.554820,-1.302681,0.623343,-1.553565,0.662852,-1.779719,0.171521,-0.971309,0.220091,-1.421143,0.253392,-1.706429,0.257398,-1.927725,-0.065468,-0.906174,-0.124001,-1.296596,-0.186111,-1.603043,-0.179999,-1.810453,-0.228259,-0.732247,-0.277031,-0.889060,-0.182381,-0.717902,-0.132159,-0.528874
W,Right,legacy_asl_W_288,0.000000,0.000000,0.246659,-0.138476,0.362437,-0.467230,0.107876,-0.717359,-0.171097,-0.848603,0.439250,-0.942711,0.578563,-1.346128,0.646852,-1.600186,0.693887,-1.834152,0.179210,-1.001204,0.235718,-1.460756,0.253537,-1.743936,0.277700,-1.984772,-0.049475,-0.932734,-0.124014,-1.354482,-0.164120,-1.626021,-0.182434,-1.882238,-0.245991,-0.758641,-0.244834,-0.902908,-0.186357,-0.719271,-0.139520,-0.547804
W,Right,legacy_asl_W_289,0.000000,0.000000,0.242360,-0.130325,0.360786,-0.448037,0.117613,-0.695826,-0.151406,-0.828413,0.443907,-0.909151,0.586545,-1.299068,0.657459,-1.544967,0.707346,-1.771700,0.192016,-0.970643,0.255107,-1.416623,0.277447,-1.691742,0.305208,-1.925561,-0.031623,-0.908092,-0.096664,-1.319620,-0.130870,-1.584440,-0.144150,-1.833971,-0.225842,-0.742237,-0.222165,-0.882537,-0.168536,-0.702889,-0.126014,-0.535285
W,Right,legacy_asl_W_290,0.000398,-0.009821,0.255086,-0.125334,0.347914,-0.438238,0.095153,-0.691689,-0.178396,-0.792802,0.431754,-0.905586,0.549187,-1.332001,0.635157,-1.581681,0.686505,-1.787922,0.183122,-0.960571,0.238060,-1.442086,0.250802,-1.692337,0.245759,-1.933795,-0.043975,-0.949304,-0.114168,-1.341253,-0.185590,-1.584234,-0.185727,-1.846848,-0.236441,-0.744093,-0.244740,-0.848087,-0.169533,-0.699082,-0.149451,-0.535039
W,Right,legacy_asl_W_291,0.000000,0.000000,0.242124,-0.135930,0.355774,-0.458640,0.105892,-0.704171,-0.167952,-0.833002,0.431174,-0.925379,0.567926,-1.321381,0.634960,-1.570768,0.681131,-1.800432,0.175915,-0.982797,0.231385,-1.433901,0.248876,-1.711875,0.272594,-1.948283,-0.048565,-0.915586,-0.121735,-1.329581,-0.161103,-1.596128,-0.179080,-1.847634,-0.241468,-0.744694,-0.240333,-0.886309,-0.182930,-0.706047,-0.136955,-0.537733
W,Right,legacy_asl_W_292,0.000000,0.000000,0.243139,-0.128866,0.363472,-0.445860,0.121793,-0.695107,-0.146425,-0.829308,0.449363,-0.906467,0.594342,-1.295519,0.666733,-1.540988,0.717982,-1.767417,0.197846,-0.969472,0.263617,-1.415065,0.287609,-1.690044,0.316776,-1.923692,-0.026165,-0.908265,-0.088731,-1.320177,-0.121344,-1.585198,-0.133125,-1.834804,-0.221377,-0.743581,-0.216857,-0.883857,-0.164308,-0.703890,-0.122794,-0.536033
W,Right,legacy_asl_W_293,0.009536,-0.014010,0.247698,-0.110693,0.358006,-0.434474,0.090942,-0.693484,-0.163632,-0.835278,0.445956,-0.917869,0.561757,-1.305412,0.642808,-1.525641,0.689630,-1.757163,0.169928,-0.971227,0.259605,-1.426506,0.245129,-1.687972,0.279263,-1.932234,-0.066755,-0.906015,-0.123418,-1.333090,-0.173026,-1.558231,-0.181067,-1.858808,-0.263232,-0.730014,-0.223743,-0.879238,-0.178665,-0.706916,-0.127111,-0.508728
W,Right,legacy_asl_W_294,0.000000,0.000000,0.239556,-0.134489,0.352000,-0.453776,0.104769,-0.696702,-0.166170,-0.824166,0.426601,-0.915564,0.561903,-1.307365,0.628225,-1.554107,0.673906,-1.781335,0.174049,-0.972373,0.228931,-1.418692,0.246236,-1.693718,0.269703,-1.927618,-0.048050,-0.905875,-0.120443,-1.315478,-0.159394,-1.579198,-0.177180,-1.828036,-0.238907,-0.736795,-0.237784,-0.876908,-0.180990,-0.698558,-0.135502,-0.532030
W,Right,legacy_asl_W_295,0.000000,0.000000,0.226310,-0.156546,0.308557,-0.485485,0.039261,-0.704603,-0.242869,-0.806354,0.339724,-0.952994,0.437977,-1.356388,0.481019,-1.608663,0.505303,-1.839546,0.082545,-0.986005,0.095495,-1.436239,0.087006,-1.712132,0.088513,-1.947589,-0.132721,-0.898897,-0.243261,-1.300602,-0.306793,-1.559953,-0.347825,-1.806445,-0.307227,-0.712413,-0.319223,-0.852248,-0.245890,-0.679703,-0.184937,-0.517888
W,Right,legacy_asl_W_296,0.002851,0.027279,0.283056,-0.125398,0.456037,-0.411228,0.178352,-0.624433,-0.084968,-0.672683,0.319667,-0.930481,0.493278,-1.327695,0.565912,-1.587435,0.658271,-1.838205,0.050234,-0.976823,0.086595,-1.445619,0.102571,-1.747003,0.095612,-2.015261,-0.201645,-0.879915,-0.240890,-1.268203,-0.343130,-1.588452,-0.375614,-1.812274,-0.341911,-0.705326,-0.261643,-0.822748,-0.133564,-0.631942,-0.040831,-0.468246
W,Right,legacy_asl_W_297,0.000000,0.000000,0.300590,-0.134572,0.467302,-0.429524,0.204602,-0.623611,-0.081496,-0.722298,0.368399,-0.992352,0.531655,-1.413338,0.615174,-1.685405,0.670135,-1.935043,0.079111,-1.032631,0.108034,-1.512461,0.097205,-1.841936,0.094911,-2.123360,-0.163909,-0.929538,-0.272769,-1.347752,-0.349838,-1.659925,-0.412565,-1.919115,-0.375253,-0.722284,-0.289277,-0.860294,-0.148090,-0.681588,-0.039630,-0.492341
W,Right,legacy_asl_W_298,0.000000,0.000000,0.274014,-0.147930,0.410567,-0.437716,0.149276,-0.602338,-0.127399,-0.675368,0.277915,-0.961497,0.402388,-1.369881,0.462097,-1.632265,0.496448,-1.871502,0.002319,-0.979230,-0.003992,-1.433697,-0.037264,-1.743608,-0.059124,-2.008809,-0.219614,-0.865011,-0.351533,-1.251735,-0.446053,-1.540696,-0.523340,-1.780702,-0.404389,-0.654793,-0.332980,-0.790944,-0.187343,-0.632321,-0.071828,-0.461466
W,Right,legacy_asl_W_299,0.022987,-0.010004,0.271013,-0.137841,0.424559,-0.404641,0.172350,-0.576719,-0.088510,-0.706717,0.354296,-0.928558,0.507995,-1.347632,0.572003,-1.594518,0.666574,-1.836440,0.091834,-0.967084,0.132248,-1.434364,0.103782,-1.745561,0.106810,-2.029288,-0.141299,-0.869922,-0.281023,-1.280130,-0.338001,-1.593379,-0.388511,-1.813185,-0.379153,-0.685171,-0.281942,-0.804333,-0.155311,-0.633287,-0.035928,-0.463023
