label,handedness,timestamp,x0,y0,x1,y1,x2,y2,x3,y3,x4,y4,x5,y5,x6,y6,x7,y7,x8,y8,x9,y9,x10,y10,x11,y11,x12,y12,x13,y13,x14,y14,x15,y15,x16,y16,x17,y17,x18,y18,x19,y19,x20,y20
Y,Right,legacy_asl_Y_0,0.000000,0.000000,0.404085,-0.381093,0.761513,-0.656555,0.943251,-1.037602,0.991780,-1.308311,0.282829,-1.034505,0.199115,-1.316255,0.210237,-1.031124,0.244890,-0.821445,-0.012600,-0.996567,-0.079939,-1.297202,-0.009741,-0.923931,0.053465,-0.747747,-0.265581,-0.896370,-0.336085,-1.156553,-0.258669,-0.852438,-0.184803,-0.652920,-0.485300,-0.754797,-0.648691,-1.071677,-0.734092,-1.245980,-0.832886,-1.460352
Y,Right,legacy_asl_Y_1,0.000000,0.000000,0.360351,-0.297618,0.630226,-0.697436,0.719586,-1.054445,0.772051,-1.351876,0.033914,-1.059844,-0.030683,-1.262772,0.037974,-1.024065,0.114425,-0.762525,-0.229640,-0.973040,-0.296090,-1.175936,-0.189464,-0.870415,-0.103245,-0.607438,-0.461616,-0.842957,-0.547840,-1.038988,-0.425278,-0.773918,-0.310736,-0.541966,-0.664650,-0.682352,-0.879032,-0.963162,-1.000636,-1.130328,-1.099415,-1.289865
Y,Right,legacy_asl_Y_2,0.000000,0.000000,0.310748,-0.425304,0.605101,-0.800941,0.681049,-1.200880,0.676791,-1.488073,0.131025,-1.086908,-0.050269,-1.320752,0.002053,-1.026772,0.098171,-0.826625,-0.146385,-0.986517,-0.293847,-1.248202,-0.174433,-0.883783,-0.063887,-0.722505,-0.374349,-0.844976,-0.518850,-1.069423,-0.405263,-0.782727,-0.272003,-0.605507,-0.563141,-0.677488,-0.792078,-0.939724,-0.948510,-1.053571,-1.089310,-1.197173
Y,Right,legacy_asl_Y_3,0.000000,0.000000,0.387775,-0.286245,0.691591,-0.654228,0.786524,-1.042267,0.780893,-1.345628,0.195673,-1.034950,0.095768,-1.253393,0.101730,-0.939900,0.144043,-0.715156,-0.073924,-0.997167,-0.167236,-1.216759,-0.095848,-0.828823,-0.013443,-0.621908,-0.303467,-0.921400,-0.415744,-1.148284,-0.324566,-0.807155,-0.228578,-0.577847,-0.516963,-0.812641,-0.668526,-1.127124,-0.776975,-1.305368,-0.872184,-1.488846
Y,Right,legacy_asl_Y_4,0.000000,0.000000,0.300174,-0.449426,0.544609,-0.839769,0.619126,-1.262841,0.650661,-1.535938,-0.004810,-1.097802,-0.228828,-1.320946,-0.089926,-1.027872,0.029352,-0.853216,-0.294666,-0.954015,-0.474296,-1.184693,-0.246211,-0.833822,-0.115704,-0.711004,-0.511774,-0.782245,-0.674147,-0.990411,-0.443928,-0.701800,-0.277490,-0.549786,-0.688323,-0.583139,-0.971832,-0.837471,-1.121933,-0.966523,-1.295508,-1.157447
Y,Right,legacy_asl_Y_5,0.000000,0.000000,0.459697,-0.142666,0.941330,-0.393152,1.213818,-0.737846,1.308177,-1.025774,0.595553,-0.937192,0.469275,-1.286843,0.416254,-0.977624,0.437059,-0.681513,0.286501,-0.957136,0.194746,-1.303340,0.160382,-0.906525,0.204476,-0.633660,0.004724,-0.913354,-0.097508,-1.178066,-0.093446,-0.829054,-0.018019,-0.579845,-0.259401,-0.800797,-0.371184,-1.115689,-0.476123,-1.247416,-0.546385,-1.399975
Y,Right,legacy_asl_Y_6,0.000000,0.000000,0.269898,-0.453238,0.487389,-0.856857,0.552548,-1.258702,0.566543,-1.528710,-0.082024,-1.074075,-0.239124,-1.290979,-0.094481,-1.003939,0.019964,-0.819090,-0.341654,-0.939782,-0.468909,-1.171849,-0.237500,-0.820602,-0.117631,-0.700969,-0.537180,-0.764410,-0.669577,-0.982115,-0.439067,-0.710206,-0.272732,-0.556063,-0.684824,-0.565435,-0.953080,-0.838004,-1.100314,-0.978938,-1.278140,-1.164937
Y,Right,legacy_asl_Y_7,0.000000,0.000000,0.341979,-0.417011,0.643445,-0.759279,0.765229,-1.158858,0.805834,-1.426362,0.183694,-1.066655,0.005786,-1.322371,0.061780,-1.042809,0.143970,-0.856557,-0.098333,-0.995114,-0.245292,-1.259702,-0.117510,-0.878976,-0.020490,-0.830986,-0.324621,-0.876904,-0.458823,-1.114636,-0.341082,-0.814114,-0.225671,-0.650966,-0.508140,-0.724533,-0.748189,-1.003594,-0.891174,-1.156852,-1.032624,-1.351909
Y,Right,legacy_asl_Y_8,0.000000,0.000000,0.533100,-0.176139,1.026903,-0.493609,1.166220,-0.909032,1.036843,-1.248362,0.519478,-1.009232,0.422515,-1.318635,0.360399,-0.979845,0.341651,-0.647555,0.160899,-0.979773,0.094089,-1.291828,0.095387,-0.891758,0.124001,-0.533324,-0.149707,-0.907239,-0.245359,-1.182411,-0.200440,-0.798717,-0.123965,-0.479099,-0.447418,-0.804269,-0.608889,-1.131383,-0.738089,-1.315264,-0.838898,-1.503283
Y,Right,legacy_asl_Y_9,0.000000,0.000000,0.429733,-0.224439,0.777891,-0.671458,0.873052,-1.090185,0.978608,-1.406511,0.359499,-1.067206,0.109878,-1.236856,0.063661,-0.880059,0.133178,-0.616903,0.038750,-0.996005,-0.152392,-1.173857,-0.135874,-0.762118,-0.043633,-0.495263,-0.228606,-0.902842,-0.426721,-1.031886,-0.361928,-0.656874,-0.233465,-0.402293,-0.466210,-0.800973,-0.646499,-1.125446,-0.820930,-1.286948,-0.959867,-1.445203
Y,Right,legacy_asl_Y_10,0.000000,0.000000,0.498454,-0.197537,0.960557,-0.519825,1.073372,-0.921025,0.890109,-1.223815,0.481704,-1.010148,0.350733,-1.312241,0.316722,-0.986040,0.336840,-0.669883,0.134704,-0.981745,0.034921,-1.281549,0.054611,-0.894583,0.102485,-0.569293,-0.172444,-0.898421,-0.289000,-1.173219,-0.220971,-0.814941,-0.126160,-0.522697,-0.457754,-0.776471,-0.633726,-1.104610,-0.771123,-1.282421,-0.887640,-1.464169
Y,Right,legacy_asl_Y_11,0.000000,0.000000,0.456101,-0.251203,0.807273,-0.644750,0.943065,-1.035587,0.978488,-1.359835,0.226158,-1.055784,0.135542,-1.290802,0.160275,-0.946818,0.213173,-0.643321,-0.108596,-0.984476,-0.177323,-1.237362,-0.080346,-0.821147,0.015948,-0.506200,-0.395929,-0.874740,-0.489666,-1.072336,-0.338942,-0.726079,-0.195035,-0.461741,-0.651219,-0.736793,-0.876713,-1.043853,-1.029215,-1.222028,-1.164257,-1.419685
Y,Right,legacy_asl_Y_12,0.000000,0.000000,0.343491,-0.320038,0.583302,-0.769365,0.609090,-1.169118,0.627807,-1.474523,0.006266,-1.054257,-0.106243,-1.285919,-0.025335,-0.963668,0.051287,-0.713082,-0.262495,-0.961698,-0.365852,-1.174980,-0.215777,-0.812265,-0.108724,-0.594176,-0.489890,-0.829669,-0.603652,-1.031422,-0.416519,-0.697430,-0.273409,-0.470370,-0.693730,-0.665574,-0.885956,-0.968985,-0.996258,-1.149882,-1.110569,-1.347272
Y,Right,legacy_asl_Y_13,0.000000,0.000000,0.316083,-0.392554,0.607907,-0.793624,0.693270,-1.201324,0.729986,-1.491979,0.165018,-1.093094,-0.039666,-1.329761,0.005057,-1.018064,0.119118,-0.822341,-0.116180,-0.993040,-0.280708,-1.250317,-0.165733,-0.865923,-0.038187,-0.718766,-0.343724,-0.861244,-0.517267,-1.099510,-0.402449,-0.793635,-0.255229,-0.611328,-0.531020,-0.704699,-0.783660,-0.967124,-0.977341,-1.086239,-1.136657,-1.229079
Y,Right,legacy_asl_Y_14,0.000000,0.000000,0.378350,-0.235417,0.772171,-0.468003,0.965837,-0.813591,1.029534,-1.088482,0.575684,-0.937570,0.398485,-1.189410,0.295725,-0.878368,0.326495,-0.681118,0.295894,-0.955160,0.170388,-1.241121,0.110059,-0.836746,0.174461,-0.661426,0.046775,-0.913973,-0.080420,-1.147536,-0.106627,-0.823340,-0.026058,-0.621121,-0.169237,-0.845849,-0.333545,-1.108235,-0.516806,-1.211673,-0.640560,-1.333427
Y,Right,legacy_asl_Y_15,0.000000,0.000000,0.449328,-0.219008,0.910163,-0.481970,1.132532,-0.839650,1.229942,-1.142402,0.599389,-0.972074,0.462743,-1.261894,0.345056,-0.952741,0.367169,-0.724612,0.299695,-0.954029,0.189518,-1.272468,0.123906,-0.883096,0.193456,-0.690128,0.032157,-0.891914,-0.091386,-1.158107,-0.121027,-0.856214,-0.041338,-0.648345,-0.204724,-0.814096,-0.366795,-1.088564,-0.545027,-1.235512,-0.664950,-1.395669
Y,Right,legacy_asl_Y_16,0.000000,0.000000,0.319325,-0.292180,0.584134,-0.723245,0.667167,-1.082531,0.699171,-1.374987,0.042249,-1.045495,-0.019167,-1.259976,0.066695,-0.963232,0.141514,-0.721803,-0.213019,-0.976942,-0.251208,-1.188305,-0.136640,-0.835828,-0.060992,-0.594903,-0.440873,-0.867846,-0.494136,-1.088562,-0.355917,-0.757368,-0.241873,-0.509720,-0.653503,-0.724273,-0.800490,-1.071348,-0.867335,-1.293303,-0.912993,-1.500049
Y,Right,legacy_asl_Y_17,0.000000,0.000000,0.418197,-0.282801,0.757309,-0.622216,0.954860,-0.984660,1.075271,-1.260779,0.203451,-1.035346,0.202732,-1.275309,0.251009,-0.942426,0.267135,-0.689884,-0.092511,-0.990268,-0.086828,-1.266820,0.010249,-0.874876,0.053213,-0.623979,-0.351739,-0.896019,-0.375581,-1.173300,-0.255464,-0.833605,-0.186897,-0.585768,-0.590623,-0.761420,-0.791898,-1.077470,-0.890781,-1.276376,-0.982149,-1.505164
Y,Right,legacy_asl_Y_18,0.000000,0.000000,0.329620,-0.453894,0.557566,-0.831441,0.645422,-1.223920,0.726751,-1.459615,-0.030361,-1.059654,-0.143369,-1.320827,-0.008013,-1.014028,0.076760,-0.827317,-0.292257,-0.956337,-0.394871,-1.211444,-0.185615,-0.848265,-0.086996,-0.705651,-0.504001,-0.797465,-0.607037,-1.027930,-0.381572,-0.715184,-0.237213,-0.543085,-0.679247,-0.614063,-0.939956,-0.916143,-1.054408,-1.081114,-1.199621,-1.301792
Y,Right,legacy_asl_Y_19,0.000000,0.000000,0.438022,-0.244229,0.792124,-0.679292,0.913236,-1.090476,1.029380,-1.391198,0.389448,-1.062598,0.141435,-1.238370,0.094974,-0.906608,0.148834,-0.620884,0.075247,-0.993001,-0.121417,-1.175543,-0.110741,-0.770231,-0.027541,-0.476852,-0.190573,-0.891145,-0.382106,-1.048012,-0.331327,-0.689852,-0.219382,-0.424239,-0.422910,-0.763192,-0.623873,-1.013932,-0.815501,-1.110687,-0.976732,-1.215725
Y,Right,legacy_asl_Y_20,0.000000,0.000000,0.343793,-0.288057,0.606335,-0.721254,0.669502,-1.077240,0.710850,-1.363293,0.035526,-1.033473,-0.000841,-1.259749,0.055253,-0.966495,0.103696,-0.690165,-0.227144,-0.972495,-0.259901,-1.228627,-0.167052,-0.878100,-0.096078,-0.610258,-0.463862,-0.874429,-0.532125,-1.121962,-0.412274,-0.796826,-0.312458,-0.537006,-0.682441,-0.737608,-0.874925,-1.063879,-0.978688,-1.256697,-1.060729,-1.446154
Y,Right,legacy_asl_Y_21,0.000000,0.000000,0.503216,-0.154116,0.956393,-0.537610,1.104714,-0.923138,1.160684,-1.253379,0.434220,-1.024284,0.379498,-1.274114,0.361618,-0.921179,0.354352,-0.582708,0.083572,-0.990244,0.046797,-1.250205,0.050010,-0.799189,0.081508,-0.442300,-0.213265,-0.892505,-0.283788,-1.105993,-0.250881,-0.705210,-0.189307,-0.403849,-0.471932,-0.752596,-0.587609,-1.001902,-0.729771,-1.069908,-0.863719,-1.135414
Y,Right,legacy_asl_Y_22,0.000000,0.000000,0.431231,-0.269884,0.768881,-0.635036,0.966663,-0.968991,1.073860,-1.256549,0.126167,-1.074984,0.100553,-1.257109,0.170735,-1.021220,0.221682,-0.780032,-0.175820,-0.982198,-0.220464,-1.197528,-0.094257,-0.896790,0.002215,-0.656568,-0.452706,-0.833431,-0.503389,-1.046054,-0.357173,-0.768237,-0.232825,-0.541549,-0.698248,-0.645216,-0.908803,-0.940874,-1.002170,-1.136010,-1.061955,-1.335850
Y,Right,legacy_asl_Y_23,0.000000,0.000000,0.392877,-0.266457,0.727825,-0.661514,0.815281,-1.049201,0.857825,-1.368640,0.154763,-1.050902,0.049014,-1.268087,0.038490,-0.967792,0.092337,-0.702221,-0.135985,-0.990617,-0.242966,-1.219611,-0.194763,-0.844880,-0.098634,-0.576294,-0.382458,-0.889842,-0.509630,-1.071884,-0.432611,-0.760155,-0.308566,-0.527217,-0.609317,-0.761411,-0.800405,-1.069639,-0.931342,-1.248268,-1.020449,-1.421923
Y,Right,legacy_asl_Y_24,0.000000,0.000000,0.407670,-0.253992,0.786723,-0.531052,0.940188,-0.931441,1.015926,-1.237580,0.566822,-0.978761,0.307106,-1.291511,0.259079,-0.934861,0.336292,-0.730020,0.246983,-0.965952,0.023648,-1.251635,0.044656,-0.817542,0.166498,-0.659228,-0.024922,-0.904798,-0.209239,-1.148838,-0.161989,-0.790351,-0.037901,-0.594385,-0.255045,-0.817172,-0.452253,-1.111560,-0.642060,-1.232683,-0.786187,-1.383817
Y,Right,legacy_asl_Y_25,0.000000,0.000000,0.321004,-0.444986,0.589615,-0.804427,0.683850,-1.211489,0.718948,-1.489685,0.089576,-1.071958,-0.062617,-1.353547,0.001720,-1.062780,0.094807,-0.836343,-0.194417,-0.980013,-0.315776,-1.270704,-0.177658,-0.889306,-0.072613,-0.741684,-0.413409,-0.845652,-0.546763,-1.111484,-0.415104,-0.811350,-0.287501,-0.624540,-0.591278,-0.672345,-0.831610,-0.939322,-0.985542,-1.072472,-1.140283,-1.255317
Y,Right,legacy_asl_Y_26,0.000000,0.000000,0.313149,-0.428746,0.617335,-0.788871,0.727776,-1.185459,0.745905,-1.463520,0.126015,-1.079495,-0.033755,-1.308188,0.025811,-1.029871,0.117329,-0.834878,-0.147589,-0.987018,-0.277884,-1.254851,-0.146793,-0.906074,-0.043636,-0.765726,-0.371887,-0.849961,-0.507519,-1.086594,-0.385417,-0.813929,-0.268251,-0.642428,-0.555395,-0.689569,-0.791610,-0.963078,-0.941782,-1.106703,-1.096491,-1.278005
Y,Right,legacy_asl_Y_27,0.000000,0.000000,0.534286,-0.224269,0.969876,-0.582576,1.134662,-0.962416,1.241210,-1.259842,0.481671,-1.031501,0.395477,-1.285202,0.370485,-0.970559,0.388114,-0.719634,0.120120,-0.991366,0.047294,-1.277925,0.074482,-0.883071,0.143222,-0.601848,-0.192399,-0.903573,-0.267402,-1.105261,-0.197968,-0.744037,-0.099745,-0.487960,-0.477777,-0.785564,-0.595559,-1.111642,-0.674074,-1.307786,-0.734742,-1.526849
Y,Right,legacy_asl_Y_28,0.000000,0.000000,0.500203,-0.164186,0.996748,-0.453661,1.281685,-0.823571,1.382383,-1.156344,0.576576,-0.950028,0.492872,-1.266875,0.441371,-0.941003,0.447197,-0.672040,0.245912,-0.966823,0.204192,-1.282462,0.202006,-0.867503,0.225838,-0.591199,-0.050268,-0.927079,-0.107519,-1.170632,-0.063617,-0.784784,-0.001816,-0.513951,-0.317414,-0.842774,-0.452542,-1.204931,-0.547548,-1.396248,-0.621631,-1.608510
Y,Right,legacy_asl_Y_29,0.000000,0.000000,0.303650,-0.432138,0.563617,-0.840612,0.637977,-1.268003,0.671596,-1.544043,-0.003023,-1.108954,-0.225438,-1.310583,-0.078228,-1.013230,0.050701,-0.844865,-0.295490,-0.954998,-0.469344,-1.177763,-0.244543,-0.824110,-0.117231,-0.712217,-0.519833,-0.775413,-0.684697,-0.986555,-0.459311,-0.703809,-0.283325,-0.552582,-0.695123,-0.574573,-0.977849,-0.821750,-1.140071,-0.951304,-1.313367,-1.135530
Y,Right,legacy_asl_Y_30,0.000000,0.000000,0.546636,-0.235387,0.975887,-0.535092,1.136689,-0.860513,1.252627,-1.119071,0.487063,-1.019013,0.415852,-1.220141,0.402494,-0.906462,0.408432,-0.664362,0.115162,-0.990935,0.051739,-1.225763,0.087141,-0.846183,0.142046,-0.591480,-0.208326,-0.909647,-0.275840,-1.102822,-0.215265,-0.752633,-0.140951,-0.514842,-0.516606,-0.792809,-0.621988,-1.135705,-0.685557,-1.344447,-0.741325,-1.580135
Y,Right,legacy_asl_Y_31,0.000000,0.000000,0.342136,-0.338538,0.567391,-0.776727,0.607760,-1.158325,0.631511,-1.468130,-0.026977,-1.050919,-0.052257,-1.289509,0.036146,-0.989515,0.088954,-0.728244,-0.263956,-0.964461,-0.312257,-1.206740,-0.171538,-0.857157,-0.078854,-0.597081,-0.487928,-0.842952,-0.566875,-1.067542,-0.400300,-0.753654,-0.275576,-0.517236,-0.711380,-0.694491,-0.887776,-1.039477,-0.965412,-1.259258,-1.038431,-1.478033
Y,Right,legacy_asl_Y_32,0.000000,0.000000,0.371260,-0.260878,0.729402,-0.523141,0.885215,-0.896952,0.947217,-1.186597,0.511865,-0.979920,0.273937,-1.232890,0.234036,-0.905692,0.297165,-0.698532,0.224477,-0.973335,0.021204,-1.227116,0.040807,-0.815476,0.130256,-0.641807,-0.027952,-0.906191,-0.197088,-1.121414,-0.157645,-0.794780,-0.054936,-0.586621,-0.236924,-0.806797,-0.426992,-1.067838,-0.603963,-1.177678,-0.741759,-1.302394
Y,Right,legacy_asl_Y_33,0.000000,0.000000,0.346861,-0.304041,0.618027,-0.691015,0.718977,-1.062341,0.805773,-1.368123,0.028007,-1.037228,-0.016009,-1.243932,0.031327,-0.973584,0.090725,-0.716380,-0.255338,-0.965144,-0.310710,-1.206819,-0.209172,-0.876839,-0.123034,-0.624239,-0.496181,-0.843796,-0.566752,-1.058215,-0.439231,-0.762712,-0.326098,-0.533259,-0.715251,-0.692171,-0.938307,-1.002611,-1.049204,-1.203861,-1.138489,-1.412101
Y,Right,legacy_asl_Y_34,0.000000,0.000000,0.348874,-0.270211,0.632769,-0.658273,0.726093,-1.027314,0.762252,-1.329393,0.096547,-1.042723,0.009270,-1.234473,-0.018849,-0.966338,0.008460,-0.716556,-0.175970,-0.984045,-0.267314,-1.196649,-0.234174,-0.850227,-0.164044,-0.593312,-0.399955,-0.883996,-0.516146,-1.043007,-0.444685,-0.750010,-0.339969,-0.526155,-0.591516,-0.755107,-0.781465,-1.038077,-0.921638,-1.190502,-1.031633,-1.339362
Y,Right,legacy_asl_Y_35,0.000000,0.000000,0.514973,-0.233173,0.977368,-0.616415,1.234336,-1.005574,1.384094,-1.334384,0.335498,-1.062105,0.254997,-1.317035,0.250087,-1.002336,0.285571,-0.698015,-0.043169,-0.986158,-0.114534,-1.285366,-0.058034,-0.905400,0.030641,-0.591365,-0.371529,-0.855584,-0.468180,-1.055382,-0.375330,-0.722019,-0.251429,-0.454235,-0.657519,-0.698354,-0.873816,-1.013668,-1.048842,-1.198803,-1.202551,-1.400891
Y,Right,legacy_asl_Y_36,0.000000,0.000000,0.538106,-0.288470,0.996565,-0.681807,1.213427,-1.085840,1.264929,-1.440114,0.320411,-1.075548,0.218406,-1.374371,0.248036,-1.048906,0.302009,-0.740798,-0.057553,-0.995399,-0.135090,-1.298959,-0.034255,-0.916764,0.074701,-0.618414,-0.380108,-0.871367,-0.507883,-1.108787,-0.368627,-0.790488,-0.214442,-0.538000,-0.670290,-0.727234,-0.888749,-1.054339,-1.072689,-1.252405,-1.239296,-1.462912
Y,Right,legacy_asl_Y_37,0.000000,0.000000,0.363819,-0.411634,0.689666,-0.769527,0.803388,-1.177128,0.832564,-1.472377,0.196366,-1.072331,0.012635,-1.334442,0.079942,-1.054087,0.176916,-0.868706,-0.081104,-0.996595,-0.230400,-1.275167,-0.101179,-0.901134,0.008400,-0.803978,-0.308196,-0.877680,-0.449524,-1.132010,-0.334111,-0.838440,-0.215655,-0.667978,-0.499392,-0.729133,-0.751585,-1.017237,-0.913985,-1.176786,-1.065741,-1.364072
Y,Right,legacy_asl_Y_38,0.000000,0.000000,0.519739,-0.243501,0.988608,-0.597869,1.172083,-0.943084,1.265969,-1.233231,0.264409,-1.051954,0.218375,-1.283813,0.305925,-0.991654,0.372727,-0.735601,-0.082704,-0.995734,-0.122575,-1.202596,-0.000959,-0.845737,0.087849,-0.591500,-0.400062,-0.892060,-0.450626,-1.116314,-0.318837,-0.783755,-0.218398,-0.531285,-0.697110,-0.756103,-0.890993,-1.060085,-0.963137,-1.234935,-1.007362,-1.428626
Y,Right,legacy_asl_Y_39,0.000000,0.000000,0.468212,-0.272651,0.877844,-0.631589,1.071169,-1.032439,1.132684,-1.359255,0.356087,-1.061314,0.190884,-1.340160,0.212024,-0.982212,0.271711,-0.719060,0.024913,-0.995009,-0.085535,-1.253611,0.003842,-0.838093,0.091166,-0.597945,-0.251484,-0.886929,-0.367468,-1.135867,-0.244499,-0.755666,-0.126112,-0.507930,-0.495050,-0.752000,-0.676905,-1.050364,-0.808925,-1.193722,-0.940894,-1.371216
Y,Right,legacy_asl_Y_40,0.000000,0.000000,0.506089,-0.418835,0.862143,-0.726829,1.024728,-1.145468,1.070260,-1.430008,0.197936,-1.054225,0.111139,-1.364520,0.165711,-1.063635,0.211882,-0.807912,-0.140052,-0.978802,-0.217939,-1.305845,-0.096729,-0.916495,-0.011533,-0.678873,-0.429736,-0.866679,-0.515674,-1.216167,-0.381685,-0.861028,-0.267789,-0.605392,-0.689370,-0.711269,-0.896411,-1.056008,-1.006783,-1.252436,-1.114583,-1.498187
Y,Right,legacy_asl_Y_41,0.000000,0.000000,0.511552,-0.231044,0.968570,-0.616758,1.075910,-1.041013,1.044137,-1.399719,0.422392,-1.055956,0.261801,-1.318504,0.222411,-1.006061,0.246994,-0.670783,0.061905,-0.994483,-0.061069,-1.263298,-0.049048,-0.882679,0.013903,-0.542472,-0.237825,-0.885675,-0.381540,-1.102780,-0.330836,-0.754770,-0.227080,-0.452912,-0.497263,-0.739786,-0.709555,-1.039639,-0.899629,-1.205746,-1.056717,-1.370982
Y,Right,legacy_asl_Y_42,0.000000,0.000000,0.284064,-0.466549,0.533537,-0.824248,0.626345,-1.215682,0.613744,-1.465936,-0.060807,-1.067121,-0.198076,-1.253498,-0.068590,-0.984149,0.027887,-0.796984,-0.321449,-0.946373,-0.465308,-1.170984,-0.254551,-0.830193,-0.146629,-0.709223,-0.526156,-0.776075,-0.660460,-0.993197,-0.445691,-0.708007,-0.297927,-0.539916,-0.689539,-0.579811,-0.972928,-0.839327,-1.108515,-1.000295,-1.264880,-1.211856
Y,Right,legacy_asl_Y_43,0.000000,0.000000,0.458484,-0.289971,0.859937,-0.546616,1.047893,-0.890073,1.110518,-1.157607,0.337184,-1.035983,0.296540,-1.272852,0.295659,-0.969129,0.310594,-0.727937,0.019594,-0.999627,-0.011794,-1.286256,0.032431,-0.906560,0.072885,-0.657885,-0.249459,-0.907419,-0.291532,-1.182587,-0.214917,-0.861196,-0.151796,-0.631211,-0.493772,-0.765203,-0.633149,-1.062859,-0.703297,-1.258121,-0.759920,-1.483887
Y,Right,legacy_asl_Y_44,0.000000,0.000000,0.405318,-0.290159,0.819450,-0.520694,1.050523,-0.873528,1.132366,-1.137985,0.566805,-0.989645,0.375638,-1.251941,0.349407,-0.929493,0.416842,-0.762824,0.262451,-0.964760,0.118568,-1.264997,0.136251,-0.852276,0.241687,-0.746687,0.005993,-0.908390,-0.117348,-1.202571,-0.099574,-0.863036,0.009164,-0.671456,-0.222316,-0.835637,-0.373258,-1.093689,-0.539306,-1.201855,-0.644203,-1.347146
Y,Right,legacy_asl_Y_45,0.000000,0.000000,0.460472,-0.278950,0.796435,-0.677319,0.919522,-1.056878,0.943350,-1.376155,0.171301,-1.059984,0.111157,-1.285251,0.149497,-0.943502,0.195466,-0.657845,-0.151373,-0.980952,-0.206464,-1.203494,-0.085215,-0.806466,0.021110,-0.509804,-0.433918,-0.869868,-0.519265,-1.053430,-0.341529,-0.730177,-0.190098,-0.477879,-0.688982,-0.736935,-0.919279,-1.032933,-1.069199,-1.202800,-1.210279,-1.383317
Y,Right,legacy_asl_Y_46,0.000000,0.000000,0.453432,-0.225949,0.848026,-0.528027,1.010955,-0.921487,1.086460,-1.251356,0.532718,-1.012368,0.278746,-1.289883,0.243469,-0.955150,0.330444,-0.704020,0.191657,-0.978319,-0.021652,-1.261291,0.007697,-0.855561,0.120151,-0.618075,-0.099206,-0.903141,-0.296338,-1.140759,-0.227945,-0.791715,-0.093457,-0.566402,-0.353017,-0.790623,-0.551740,-1.085643,-0.721933,-1.230100,-0.857287,-1.398161
Y,Right,legacy_asl_Y_47,0.000000,0.000000,0.462792,-0.196693,0.889474,-0.584740,1.084339,-0.980632,1.270034,-1.252657,0.447495,-1.026265,0.328378,-1.300299,0.294231,-0.950983,0.327676,-0.659480,0.115216,-0.984375,0.038341,-1.255224,0.050320,-0.818833,0.113138,-0.521525,-0.164139,-0.897204,-0.252410,-1.092266,-0.200586,-0.693140,-0.111750,-0.418822,-0.409901,-0.784613,-0.540704,-1.109858,-0.648868,-1.288809,-0.741814,-1.482892
Y,Right,legacy_asl_Y_48,0.000000,0.000000,0.353116,-0.420131,0.653278,-0.759359,0.774561,-1.153569,0.829203,-1.419319,0.180798,-1.070498,0.001322,-1.322493,0.084724,-1.039914,0.177229,-0.850721,-0.100555,-0.994424,-0.239123,-1.268517,-0.097696,-0.885828,-0.001115,-0.806228,-0.324491,-0.871414,-0.454644,-1.127297,-0.327881,-0.828242,-0.213321,-0.654201,-0.506310,-0.710599,-0.754791,-0.998501,-0.897897,-1.154131,-1.043279,-1.353722
Y,Right,legacy_asl_Y_49,0.000000,0.000000,0.242382,-0.429223,0.443430,-0.822862,0.532764,-1.213030,0.565827,-1.458933,-0.058771,-1.070442,-0.221560,-1.300264,-0.088552,-1.012573,0.016458,-0.842984,-0.312517,-0.949900,-0.445777,-1.178794,-0.224865,-0.842335,-0.122942,-0.754374,-0.512961,-0.790492,-0.633567,-1.006763,-0.415260,-0.734719,-0.270230,-0.579299,-0.660596,-0.614761,-0.929342,-0.878327,-1.059741,-1.024578,-1.216308,-1.214982
Y,Right,legacy_asl_Y_50,0.000000,0.000000,0.374875,-0.247088,0.684480,-0.616513,0.774804,-0.978396,0.826629,-1.288697,0.187432,-1.043473,0.097280,-1.242317,0.113584,-0.959242,0.162441,-0.691865,-0.102307,-0.993901,-0.195410,-1.213836,-0.130510,-0.860811,-0.043764,-0.603660,-0.359867,-0.887595,-0.456617,-1.101957,-0.365955,-0.784121,-0.255944,-0.544321,-0.594399,-0.741693,-0.785314,-1.038904,-0.902444,-1.197659,-0.980624,-1.354463
Y,Right,legacy_asl_Y_51,0.000000,0.000000,0.393785,-0.193904,0.724225,-0.584285,0.877786,-0.945114,0.999514,-1.233743,0.337703,-1.036334,0.272528,-1.206621,0.257308,-0.882121,0.270852,-0.599756,0.042636,-0.996479,-0.002600,-1.190100,0.023848,-0.789521,0.070345,-0.501353,-0.216062,-0.895059,-0.279375,-1.050805,-0.215686,-0.693655,-0.133368,-0.434745,-0.436668,-0.750897,-0.565070,-1.003017,-0.683931,-1.122335,-0.792911,-1.262103
Y,Right,legacy_asl_Y_52,0.000000,0.000000,0.310676,-0.433715,0.609560,-0.818940,0.669399,-1.239040,0.670762,-1.527104,0.140944,-1.094312,-0.051306,-1.349123,-0.007256,-1.040311,0.087323,-0.846703,-0.143351,-0.986694,-0.303663,-1.274243,-0.185428,-0.889613,-0.072205,-0.746649,-0.371835,-0.848792,-0.531045,-1.097817,-0.415698,-0.802122,-0.272605,-0.625827,-0.561229,-0.685872,-0.794738,-0.958057,-0.965652,-1.076069,-1.115340,-1.231721
Y,Right,legacy_asl_Y_53,0.000000,0.000000,0.403762,-0.292235,0.725946,-0.633226,0.903317,-0.997079,1.026629,-1.272400,0.171746,-1.035224,0.161518,-1.245667,0.217767,-0.915536,0.234612,-0.674481,-0.128426,-0.984616,-0.127729,-1.248672,-0.022390,-0.859257,0.017928,-0.625651,-0.379451,-0.885205,-0.410966,-1.149284,-0.274759,-0.832756,-0.195277,-0.610488,-0.605303,-0.737527,-0.823030,-1.036069,-0.921530,-1.221669,-1.011869,-1.441764
Y,Right,legacy_asl_Y_54,0.000000,0.000000,0.545654,-0.151205,1.066416,-0.447602,1.348707,-0.774309,1.468593,-1.089269,0.504112,-1.000654,0.521771,-1.325868,0.503531,-1.037745,0.486899,-0.736983,0.141183,-0.987199,0.162752,-1.318993,0.191414,-0.935560,0.222477,-0.614565,-0.191653,-0.927702,-0.202589,-1.216639,-0.133232,-0.865950,-0.050409,-0.562542,-0.502879,-0.838898,-0.627120,-1.231142,-0.714638,-1.483803,-0.775397,-1.736624
Y,Right,legacy_asl_Y_55,0.000000,0.000000,0.346441,-0.444004,0.656539,-0.784593,0.766347,-1.183045,0.798421,-1.444905,0.123232,-1.091220,-0.059808,-1.333300,0.008212,-1.052447,0.103690,-0.865921,-0.167281,-0.981796,-0.328090,-1.234083,-0.186892,-0.884578,-0.062594,-0.770821,-0.393996,-0.843161,-0.553370,-1.069449,-0.414557,-0.791590,-0.269125,-0.636071,-0.583640,-0.689985,-0.817152,-0.977911,-0.982967,-1.125191,-1.138697,-1.311566
Y,Right,legacy_asl_Y_56,0.000000,0.000000,0.377718,-0.271371,0.698851,-0.645129,0.832386,-0.992565,0.876078,-1.269336,0.121340,-1.031007,0.086069,-1.244631,0.072546,-0.995243,0.097699,-0.723107,-0.166060,-0.985036,-0.220000,-1.238136,-0.186379,-0.902258,-0.114060,-0.609316,-0.417946,-0.890840,-0.487468,-1.075963,-0.417338,-0.775279,-0.320643,-0.528599,-0.637637,-0.763687,-0.809405,-1.079497,-0.919349,-1.257628,-0.998486,-1.424347
Y,Right,legacy_asl_Y_57,0.000000,0.000000,0.524883,-0.196592,0.971922,-0.516088,1.156289,-0.890584,1.198834,-1.213647,0.476910,-1.008149,0.391896,-1.273884,0.343625,-0.928643,0.335126,-0.631543,0.120313,-0.985584,0.059389,-1.275804,0.075051,-0.863775,0.113008,-0.545021,-0.187531,-0.908810,-0.276650,-1.159679,-0.207153,-0.778583,-0.123047,-0.489038,-0.463390,-0.792731,-0.617163,-1.101886,-0.730229,-1.270185,-0.831729,-1.467546
Y,Right,legacy_asl_Y_58,0.000000,0.000000,0.343691,-0.290241,0.623428,-0.653296,0.711596,-1.015377,0.763971,-1.315167,0.124932,-1.045478,0.037949,-1.269687,0.062402,-1.002989,0.112361,-0.752198,-0.146839,-0.988827,-0.247546,-1.220717,-0.171208,-0.875314,-0.084963,-0.642806,-0.387617,-0.883636,-0.491650,-1.101575,-0.392377,-0.797877,-0.281934,-0.570524,-0.613598,-0.739971,-0.790189,-1.042358,-0.908109,-1.209635,-1.000474,-1.379356
Y,Right,legacy_asl_Y_59,0.000000,0.000000,0.391275,-0.293045,0.726453,-0.671811,0.861742,-1.050646,0.905983,-1.365529,0.142596,-1.045680,0.099323,-1.308475,0.133725,-1.071853,0.181868,-0.783454,-0.146495,-0.989159,-0.207719,-1.279536,-0.131079,-0.970281,-0.050536,-0.680462,-0.415317,-0.887226,-0.493591,-1.163971,-0.396164,-0.866011,-0.289479,-0.594170,-0.674180,-0.747223,-0.894410,-1.081938,-1.023315,-1.301868,-1.118150,-1.518261
Y,Right,legacy_asl_Y_60,0.000000,0.000000,0.361268,-0.391415,0.701752,-0.718171,0.834749,-1.101154,0.887900,-1.382896,0.201745,-1.055605,0.065696,-1.318433,0.118260,-1.027521,0.196592,-0.831834,-0.076623,-0.996961,-0.175320,-1.284424,-0.064035,-0.909200,0.016667,-0.781318,-0.310956,-0.884762,-0.407579,-1.137182,-0.307372,-0.846316,-0.217016,-0.675538,-0.502034,-0.746454,-0.718268,-1.052173,-0.836549,-1.223531,-0.960907,-1.428542
Y,Right,legacy_asl_Y_61,0.000000,0.000000,0.406682,-0.298994,0.733145,-0.675442,0.882699,-1.067125,1.001910,-1.364494,0.117531,-1.043952,0.105155,-1.265024,0.182467,-0.941935,0.216776,-0.700179,-0.185926,-0.976077,-0.192251,-1.239109,-0.071508,-0.863667,-0.007708,-0.644616,-0.439886,-0.865954,-0.465870,-1.146404,-0.333493,-0.837074,-0.254371,-0.620037,-0.671985,-0.705501,-0.914362,-1.017108,-1.031349,-1.208465,-1.132819,-1.432287
Y,Right,legacy_asl_Y_62,0.000000,0.000000,0.454997,-0.272955,0.796858,-0.632232,0.915208,-0.991620,0.951955,-1.287904,0.183883,-1.038928,0.195090,-1.333453,0.218042,-1.026847,0.236676,-0.737944,-0.130804,-0.987453,-0.137218,-1.327137,-0.043648,-0.958749,0.028399,-0.634892,-0.420694,-0.900555,-0.472548,-1.189742,-0.306036,-0.874927,-0.166029,-0.592820,-0.695672,-0.784376,-0.898575,-1.137469,-0.989162,-1.362963,-1.060039,-1.589640
Y,Right,legacy_asl_Y_63,0.000000,0.000000,0.329194,-0.334364,0.568046,-0.747279,0.599975,-1.119836,0.607879,-1.410207,0.003325,-1.031467,-0.056721,-1.279769,-0.000309,-0.995388,0.049334,-0.759853,-0.247440,-0.968891,-0.307343,-1.231310,-0.201368,-0.882715,-0.123703,-0.643868,-0.462658,-0.872456,-0.546706,-1.136087,-0.415484,-0.822397,-0.315298,-0.587639,-0.671186,-0.740094,-0.850636,-1.079291,-0.945907,-1.280719,-1.034000,-1.480523
Y,Right,legacy_asl_Y_64,0.000000,0.000000,0.499752,-0.128913,0.987975,-0.409907,1.231551,-0.787101,1.353649,-1.130267,0.600861,-0.948306,0.472962,-1.304222,0.396709,-0.965330,0.416992,-0.651563,0.255558,-0.963039,0.162277,-1.331866,0.124459,-0.896193,0.175052,-0.597235,-0.053398,-0.927811,-0.171882,-1.236638,-0.153763,-0.865024,-0.058596,-0.595654,-0.325943,-0.846733,-0.508822,-1.166821,-0.676041,-1.328446,-0.801987,-1.515461
Y,Right,legacy_asl_Y_65,0.000000,0.000000,0.413741,-0.128815,0.762096,-0.500779,0.904237,-0.880166,1.048099,-1.174553,0.475501,-0.976224,0.246155,-1.134282,0.145971,-0.802849,0.143242,-0.525364,0.182145,-0.962410,-0.012730,-1.126427,-0.051099,-0.710076,-0.009031,-0.399753,-0.074223,-0.905733,-0.256117,-1.028707,-0.253885,-0.667705,-0.185712,-0.391835,-0.296969,-0.824480,-0.471608,-1.069620,-0.661224,-1.153638,-0.826049,-1.231628
Y,Right,legacy_asl_Y_66,0.000000,0.000000,0.418322,-0.115351,0.727684,-0.506522,0.848379,-0.909045,0.969856,-1.223522,0.410611,-0.974078,0.162500,-1.164587,0.072998,-0.824965,0.084610,-0.544848,0.110418,-0.972627,-0.113875,-1.138146,-0.136761,-0.701419,-0.067097,-0.398497,-0.149550,-0.908660,-0.360333,-1.045149,-0.340856,-0.649240,-0.243664,-0.371306,-0.368187,-0.807054,-0.570322,-1.061018,-0.782434,-1.126347,-0.955924,-1.197209
Y,Right,legacy_asl_Y_67,0.000000,0.000000,0.453623,-0.162189,0.880439,-0.507049,1.039986,-0.858393,1.113540,-1.155133,0.441254,-1.017203,0.349013,-1.218191,0.306597,-0.903641,0.307717,-0.597272,0.118623,-0.991028,0.049739,-1.208822,0.034669,-0.813896,0.071077,-0.497290,-0.163173,-0.906161,-0.268494,-1.084762,-0.245949,-0.738707,-0.167170,-0.463840,-0.416195,-0.774151,-0.566927,-1.033252,-0.721663,-1.157858,-0.840180,-1.281992
Y,Right,legacy_asl_Y_68,0.000000,0.000000,0.449378,-0.175325,0.823088,-0.520051,1.029500,-0.870465,1.213298,-1.146602,0.285088,-1.011723,0.315795,-1.200247,0.315652,-0.862374,0.314985,-0.604668,-0.026816,-0.988780,0.008400,-1.238970,0.055165,-0.840505,0.080311,-0.575044,-0.307192,-0.911436,-0.284193,-1.161039,-0.187374,-0.797938,-0.123462,-0.535190,-0.554747,-0.792272,-0.749744,-1.123731,-0.831139,-1.329511,-0.886387,-1.559828
Y,Right,legacy_asl_Y_69,0.000000,0.000000,0.316775,-0.391618,0.600172,-0.783494,0.695764,-1.184601,0.725691,-1.469695,0.175029,-1.089172,-0.023452,-1.314467,0.013095,-1.010939,0.118771,-0.815730,-0.104970,-0.993970,-0.266538,-1.248473,-0.168718,-0.869612,-0.045942,-0.727411,-0.326406,-0.859559,-0.491940,-1.080905,-0.391266,-0.784587,-0.252996,-0.615543,-0.511985,-0.699768,-0.745459,-0.969935,-0.939548,-1.085388,-1.101676,-1.220050
Y,Right,legacy_asl_Y_70,0.000000,0.000000,0.354941,-0.253049,0.640845,-0.647155,0.736497,-1.022180,0.775617,-1.324972,0.147815,-1.036722,0.074020,-1.228311,0.077957,-0.930042,0.111371,-0.679639,-0.116989,-0.992186,-0.181216,-1.182774,-0.119638,-0.814116,-0.062813,-0.566070,-0.352472,-0.905325,-0.441472,-1.095321,-0.341949,-0.764234,-0.249610,-0.522173,-0.567587,-0.777641,-0.732147,-1.074756,-0.833891,-1.242908,-0.922745,-1.423053
Y,Right,legacy_asl_Y_71,0.000000,0.000000,0.408667,-0.228305,0.638960,-0.708133,0.637375,-1.109739,0.632971,-1.424554,0.168269,-1.040385,0.132130,-1.281151,0.137294,-0.954280,0.143025,-0.672998,-0.147879,-0.972662,-0.172747,-1.206304,-0.152095,-0.803004,-0.118004,-0.493919,-0.420322,-0.846867,-0.472342,-1.058400,-0.410416,-0.708513,-0.359076,-0.442446,-0.638305,-0.692593,-0.762521,-1.017396,-0.833249,-1.196763,-0.886133,-1.376665
Y,Right,legacy_asl_Y_72,0.000000,0.000000,0.490665,-0.221033,0.925492,-0.617336,1.114186,-1.010521,1.291302,-1.278367,0.418622,-1.041067,0.324511,-1.342070,0.299144,-1.005757,0.333714,-0.702774,0.078926,-0.990196,0.005943,-1.290148,0.025640,-0.880570,0.099127,-0.571474,-0.212410,-0.895467,-0.310702,-1.113763,-0.251854,-0.730624,-0.147440,-0.446775,-0.471651,-0.777910,-0.617383,-1.111061,-0.725278,-1.312269,-0.805577,-1.520065
Y,Right,legacy_asl_Y_73,0.000000,0.000000,0.389613,-0.250994,0.764709,-0.465999,0.962499,-0.807341,1.053462,-1.079460,0.581004,-0.937600,0.402647,-1.186798,0.323457,-0.877630,0.366004,-0.698138,0.309093,-0.950409,0.175127,-1.210196,0.132479,-0.809805,0.201214,-0.663046,0.058388,-0.902255,-0.053831,-1.144025,-0.080887,-0.828182,-0.000674,-0.631818,-0.161191,-0.830324,-0.301949,-1.090265,-0.467117,-1.196696,-0.568828,-1.316419
Y,Right,legacy_asl_Y_74,0.000000,0.000000,0.349360,-0.421814,0.665276,-0.778053,0.768998,-1.171523,0.791436,-1.459346,0.140503,-1.083217,-0.025893,-1.331772,0.052858,-1.030492,0.151917,-0.830320,-0.142214,-0.989796,-0.274356,-1.260723,-0.126388,-0.887384,-0.018959,-0.738507,-0.376508,-0.852209,-0.509752,-1.094887,-0.367454,-0.805316,-0.236980,-0.626869,-0.568711,-0.692058,-0.797061,-0.979548,-0.930354,-1.126614,-1.073209,-1.311340
Y,Right,legacy_asl_Y_75,0.000000,0.000000,0.274395,-0.434257,0.507220,-0.835166,0.596516,-1.237110,0.608351,-1.506912,-0.062323,-1.074644,-0.211588,-1.298989,-0.070828,-1.020014,0.044164,-0.830415,-0.316400,-0.948598,-0.442079,-1.183779,-0.222853,-0.848705,-0.110915,-0.717974,-0.519317,-0.781245,-0.650797,-0.988671,-0.436886,-0.718802,-0.284386,-0.551853,-0.676867,-0.594190,-0.938991,-0.859947,-1.081376,-1.008756,-1.245853,-1.188117
Y,Right,legacy_asl_Y_76,0.000000,0.000000,0.459249,-0.164365,0.791386,-0.577606,0.874354,-0.979243,0.929654,-1.321352,0.129804,-1.041094,0.052325,-1.209007,0.061824,-0.831991,0.090547,-0.492401,-0.247692,-0.927567,-0.298510,-1.140462,-0.218182,-0.669026,-0.127785,-0.305133,-0.542568,-0.754045,-0.621819,-0.953409,-0.502485,-0.541274,-0.389887,-0.228422,-0.770331,-0.541369,-0.991330,-0.795818,-1.141676,-0.886422,-1.281001,-0.992157
Y,Right,legacy_asl_Y_77,0.000000,0.000000,0.327048,-0.292287,0.599545,-0.671836,0.695260,-1.040329,0.751161,-1.317573,0.054610,-1.032196,0.015741,-1.262419,0.064538,-0.986629,0.113295,-0.743269,-0.196939,-0.980246,-0.255618,-1.248923,-0.156810,-0.905472,-0.076938,-0.667216,-0.422100,-0.881135,-0.493582,-1.129220,-0.365766,-0.815123,-0.264278,-0.577143,-0.637817,-0.744296,-0.836797,-1.064303,-0.947242,-1.251224,-1.046379,-1.443843
Y,Right,legacy_asl_Y_78,0.000000,0.000000,0.392069,-0.220110,0.696567,-0.624894,0.824040,-0.998831,0.950941,-1.288236,0.286233,-1.056097,0.200999,-1.214921,0.175506,-0.885417,0.196990,-0.606595,-0.004450,-0.995699,-0.078422,-1.196165,-0.050920,-0.797984,0.011310,-0.516541,-0.255026,-0.879560,-0.346997,-1.038302,-0.270301,-0.684344,-0.163769,-0.439917,-0.473003,-0.728214,-0.627668,-0.970167,-0.762918,-1.067155,-0.876857,-1.187564
Y,Right,legacy_asl_Y_79,0.000000,0.000000,0.434504,-0.403244,0.821186,-0.714313,0.978506,-1.119844,1.026178,-1.415630,0.253129,-1.060686,0.148691,-1.362694,0.171466,-1.049898,0.229057,-0.819625,-0.053314,-0.997204,-0.134710,-1.309482,-0.050794,-0.915797,0.038138,-0.726560,-0.312942,-0.877687,-0.401038,-1.149116,-0.309611,-0.836781,-0.202011,-0.635943,-0.542778,-0.724837,-0.735196,-1.045435,-0.844500,-1.216553,-0.951815,-1.426594
Y,Right,legacy_asl_Y_80,0.000000,0.000000,0.481801,-0.205106,0.947533,-0.462593,1.178038,-0.835479,1.267663,-1.172097,0.592377,-0.977982,0.398767,-1.288590,0.337401,-0.942817,0.386659,-0.669405,0.238385,-0.967570,0.083719,-1.292439,0.082089,-0.858693,0.173932,-0.602625,-0.066168,-0.905792,-0.217961,-1.165732,-0.177580,-0.793020,-0.063601,-0.553941,-0.336944,-0.808172,-0.526783,-1.114062,-0.689320,-1.265779,-0.817127,-1.451290
Y,Right,legacy_asl_Y_81,0.005471,0.005089,0.409090,-0.380278,0.800015,-0.651250,0.931184,-1.038076,0.993622,-1.291054,0.276605,-1.048176,0.177722,-1.328524,0.222145,-1.035042,0.259503,-0.832743,-0.008584,-0.984696,-0.067462,-1.282796,0.003931,-0.917021,0.037274,-0.772605,-0.285517,-0.901714,-0.325703,-1.170055,-0.242922,-0.866421,-0.184484,-0.630763,-0.471039,-0.744242,-0.620408,-1.056675,-0.751300,-1.256653,-0.823161,-1.460827
Y,Right,legacy_asl_Y_82,0.000000,0.000000,0.410823,-0.387448,0.774211,-0.667503,0.958980,-1.054903,1.008318,-1.330127,0.287545,-1.051755,0.202435,-1.338203,0.213742,-1.048318,0.248973,-0.835143,-0.012810,-1.013184,-0.081272,-1.318832,-0.009903,-0.939338,0.054356,-0.760216,-0.270010,-0.911317,-0.341690,-1.175838,-0.262982,-0.866652,-0.187884,-0.663808,-0.493393,-0.767383,-0.659508,-1.089547,-0.746333,-1.266756,-0.846774,-1.484703
Y,Right,legacy_asl_Y_83,0.000000,0.000000,0.382115,-0.403118,0.723560,-0.698160,0.883680,-1.088783,0.916977,-1.361785,0.224467,-1.048717,0.125110,-1.325338,0.152178,-1.041277,0.198516,-0.833867,-0.068374,-0.994298,-0.152439,-1.290691,-0.061453,-0.921937,0.011517,-0.749568,-0.315349,-0.880095,-0.400309,-1.135923,-0.305988,-0.836619,-0.221068,-0.641550,-0.526797,-0.726443,-0.707673,-1.033678,-0.802698,-1.202926,-0.913339,-1.411431
Y,Right,legacy_asl_Y_84,-0.013451,0.023106,0.401950,-0.383671,0.744028,-0.658578,0.938717,-1.022316,0.970684,-1.326944,0.280463,-1.037871,0.194912,-1.322062,0.229606,-1.032574,0.246452,-0.829561,-0.017750,-1.000234,-0.079046,-1.325334,-0.067327,-0.901089,0.040220,-0.762623,-0.277456,-0.892791,-0.336379,-1.166237,-0.249625,-0.858618,-0.204253,-0.643356,-0.511722,-0.760738,-0.653513,-1.077780,-0.744916,-1.235597,-0.840613,-1.464594
Y,Right,legacy_asl_Y_85,0.000000,0.000000,0.396567,-0.374003,0.747346,-0.644341,0.925704,-1.018299,0.973330,-1.283973,0.277567,-1.015260,0.195411,-1.291769,0.206326,-1.011942,0.240334,-0.806164,-0.012366,-0.978027,-0.078452,-1.273070,-0.009560,-0.906743,0.052470,-0.733837,-0.260641,-0.879695,-0.329833,-1.135038,-0.253857,-0.836580,-0.181365,-0.640774,-0.476272,-0.740755,-0.636624,-1.051740,-0.720436,-1.222801,-0.817392,-1.433185
Y,Right,legacy_asl_Y_86,0.000000,0.000000,0.420380,-0.363038,0.789524,-0.622590,0.987769,-0.995315,1.048103,-1.263641,0.327845,-1.021132,0.256545,-1.306277,0.255174,-1.020932,0.280615,-0.809937,0.031038,-0.996163,-0.023075,-1.299457,0.030715,-0.923472,0.086147,-0.744690,-0.226087,-0.907137,-0.285133,-1.170157,-0.221104,-0.862945,-0.156043,-0.660384,-0.451793,-0.775318,-0.601155,-1.099047,-0.678844,-1.276921,-0.768159,-1.495413
Y,Right,legacy_asl_Y_87,-0.007155,0.001086,0.398669,-0.359989,0.725769,-0.664308,0.951725,-1.053667,0.989462,-1.322727,0.284254,-1.048722,0.228725,-1.321960,0.207273,-1.034734,0.234564,-0.820649,-0.001447,-0.992427,-0.082815,-1.293105,-0.012358,-0.928497,0.066604,-0.760226,-0.273646,-0.893095,-0.331088,-1.149952,-0.270545,-0.877066,-0.171295,-0.645458,-0.496040,-0.746656,-0.636471,-1.063289,-0.701290,-1.219081,-0.855649,-1.468921
Y,Right,legacy_asl_Y_88,0.000000,0.000000,0.388642,-0.366529,0.732410,-0.631464,0.907203,-0.997948,0.953877,-1.258312,0.272020,-0.994969,0.191505,-1.265952,0.202202,-0.991718,0.235531,-0.790052,-0.012119,-0.958481,-0.076884,-1.247627,-0.009369,-0.888622,0.051422,-0.719171,-0.255432,-0.862114,-0.323241,-1.112353,-0.248783,-0.819861,-0.177740,-0.627968,-0.466754,-0.725951,-0.623900,-1.030721,-0.706037,-1.198362,-0.801056,-1.404542
Y,Right,legacy_asl_Y_89,0.000000,0.000000,0.429185,-0.352585,0.804604,-0.602976,1.011959,-0.970710,1.078876,-1.237471,0.352869,-1.012756,0.288606,-1.299569,0.280216,-1.014345,0.300458,-0.802788,0.055538,-0.995098,0.008903,-1.299632,0.053427,-0.922437,0.104443,-0.742345,-0.203699,-0.912425,-0.256257,-1.176818,-0.199805,-0.868123,-0.139748,-0.664024,-0.432580,-0.786199,-0.573933,-1.113505,-0.647221,-1.293237,-0.731133,-1.513860
Y,Right,legacy_asl_Y_90,-0.002237,-0.018703,0.329966,-0.308254,0.607878,-0.656095,0.724376,-1.051014,0.742681,-1.358013,0.055057,-1.030325,-0.044017,-1.254160,0.038326,-1.009150,0.082299,-0.753846,-0.233402,-0.951212,-0.306051,-1.206416,-0.197987,-0.875895,-0.101478,-0.592838,-0.444485,-0.854270,-0.558117,-1.065682,-0.442601,-0.752824,-0.304644,-0.546394,-0.661492,-0.669372,-0.896689,-0.972588,-1.027375,-1.116481,-1.094746,-1.316944
Y,Right,legacy_asl_Y_91,0.000000,0.000000,0.374661,-0.309437,0.655253,-0.725131,0.748160,-1.096317,0.802709,-1.405559,0.035261,-1.101931,-0.031901,-1.312917,0.039482,-1.064730,0.118969,-0.792805,-0.238759,-1.011680,-0.307847,-1.222633,-0.196988,-0.904979,-0.107345,-0.631559,-0.479947,-0.876431,-0.569595,-1.080247,-0.442166,-0.804651,-0.323075,-0.563487,-0.691043,-0.709448,-0.913939,-1.001410,-1.040371,-1.175213,-1.143073,-1.341086
Y,Right,legacy_asl_Y_92,0.000000,0.000000,0.333531,-0.327393,0.568165,-0.748860,0.626613,-1.112211,0.653406,-1.413043,-0.057001,-1.058854,-0.138744,-1.255502,-0.049890,-1.023553,0.048684,-0.769524,-0.312150,-0.949792,-0.395736,-1.146250,-0.263331,-0.850985,-0.154900,-0.596360,-0.532130,-0.800315,-0.634830,-0.988239,-0.490012,-0.734643,-0.356020,-0.513355,-0.720660,-0.622907,-0.958309,-0.884321,-1.093786,-1.040455,-1.205868,-1.190944
Y,Right,legacy_asl_Y_93,0.002614,-0.025037,0.371748,-0.282219,0.630331,-0.683634,0.715226,-1.057444,0.771352,-1.354821,0.019269,-1.079622,-0.036062,-1.255641,0.056388,-1.037714,0.127123,-0.767911,-0.227200,-0.975525,-0.301235,-1.160567,-0.188605,-0.854280,-0.083201,-0.591899,-0.475536,-0.860963,-0.551799,-1.028924,-0.431047,-0.760975,-0.306795,-0.531394,-0.685309,-0.683988,-0.888924,-0.981355,-0.990767,-1.140236,-1.090201,-1.276011
Y,Right,legacy_asl_Y_94,0.000000,0.000000,0.368182,-0.304086,0.643922,-0.712592,0.735223,-1.077359,0.788828,-1.381254,0.034651,-1.082876,-0.031350,-1.290213,0.038800,-1.046319,0.116912,-0.779095,-0.234630,-0.994185,-0.302524,-1.201491,-0.193582,-0.889330,-0.105488,-0.620638,-0.471648,-0.861275,-0.559745,-1.061567,-0.434520,-0.790736,-0.317489,-0.553743,-0.679094,-0.697180,-0.898135,-0.984093,-1.022381,-1.154891,-1.123307,-1.317895
Y,Right,legacy_asl_Y_95,0.000000,0.000000,0.357807,-0.300672,0.624273,-0.702770,0.710593,-1.060525,0.760527,-1.358392,0.024901,-1.060095,-0.041419,-1.262465,0.029265,-1.024350,0.107937,-0.763470,-0.237905,-0.971052,-0.306078,-1.173376,-0.196859,-0.868772,-0.108406,-0.606538,-0.468767,-0.839001,-0.556655,-1.034292,-0.431844,-0.770274,-0.315333,-0.539304,-0.670428,-0.676675,-0.887191,-0.955653,-1.010211,-1.121778,-1.110343,-1.280470
Y,Right,legacy_asl_Y_96,0.023782,0.017267,0.363591,-0.288340,0.632328,-0.700734,0.696825,-1.079064,0.779434,-1.331244,0.048416,-1.061770,-0.045428,-1.269940,0.034987,-1.062044,0.119087,-0.787464,-0.246499,-0.987588,-0.290857,-1.182833,-0.186268,-0.857055,-0.102441,-0.583597,-0.467036,-0.849671,-0.555808,-1.048039,-0.435508,-0.732552,-0.305303,-0.549633,-0.681809,-0.686740,-0.889470,-0.967592,-0.987352,-1.116194,-1.090904,-1.295954
Y,Right,legacy_asl_Y_97,0.000000,0.000000,0.368319,-0.304199,0.644161,-0.712857,0.735496,-1.077759,0.789121,-1.381767,0.034664,-1.083278,-0.031361,-1.290693,0.038814,-1.046707,0.116955,-0.779385,-0.234717,-0.994555,-0.302636,-1.201937,-0.193654,-0.889660,-0.105528,-0.620868,-0.471823,-0.861595,-0.559953,-1.061961,-0.434682,-0.791030,-0.317607,-0.553949,-0.679346,-0.697439,-0.898469,-0.984459,-1.022761,-1.155320,-1.123724,-1.318385
Y,Right,legacy_asl_Y_98,0.000000,0.000000,0.335568,-0.325305,0.572828,-0.745299,0.633543,-1.108278,0.662213,-1.408937,-0.050390,-1.059189,-0.130904,-1.256343,-0.043500,-1.023845,0.053486,-0.769205,-0.306215,-0.951721,-0.388574,-1.148698,-0.258014,-0.852612,-0.151175,-0.597316,-0.527124,-0.803620,-0.628649,-0.992182,-0.485417,-0.737687,-0.352809,-0.515567,-0.716757,-0.627393,-0.952771,-0.890285,-1.087270,-1.047261,-1.198411,-1.198447
Y,Right,legacy_asl_Y_99,0.010923,0.012582,0.327365,-0.419672,0.600084,-0.799006,0.662168,-1.208735,0.664499,-1.498043,0.118161,-1.094266,-0.068056,-1.339831,0.002050,-1.003950,0.100154,-0.852834,-0.125259,-1.001221,-0.272016,-1.228741,-0.174076,-0.867766,-0.052050,-0.723169,-0.377521,-0.845642,-0.514627,-1.060473,-0.395253,-0.753630,-0.257495,-0.606050,-0.574463,-0.669938,-0.779079,-0.914741,-0.945211,-1.082169,-1.079927,-1.170764
Y,Right,legacy_asl_Y_100,0.000000,0.000000,0.330665,-0.452563,0.643883,-0.852276,0.724699,-1.277847,0.720168,-1.583447,0.139422,-1.156570,-0.053491,-1.405402,0.002185,-1.092580,0.104463,-0.879605,-0.155767,-1.049746,-0.312681,-1.328202,-0.185613,-0.940427,-0.067982,-0.768812,-0.398342,-0.899133,-0.552104,-1.137965,-0.431237,-0.832894,-0.289436,-0.644316,-0.599235,-0.720910,-0.842845,-0.999953,-1.009303,-1.121096,-1.159127,-1.273902
Y,Right,legacy_asl_Y_101,0.000000,0.000000,0.277061,-0.447979,0.541601,-0.845176,0.586513,-1.249777,0.560143,-1.535788,0.046903,-1.093771,-0.151866,-1.312954,-0.077052,-1.023878,0.034198,-0.831731,-0.221948,-0.972309,-0.389132,-1.221856,-0.241998,-0.867719,-0.119357,-0.715436,-0.438331,-0.813627,-0.599693,-1.026274,-0.464357,-0.749180,-0.317841,-0.582753,-0.613659,-0.632092,-0.862118,-0.875912,-1.026855,-0.977369,-1.178299,-1.109698
Y,Right,legacy_asl_Y_102,-0.015015,-0.016666,0.297162,-0.421844,0.605136,-0.802928,0.685146,-1.199693,0.648125,-1.495063,0.139761,-1.068102,-0.046458,-1.313546,-0.003658,-1.007885,0.106774,-0.826429,-0.151677,-0.986340,-0.303337,-1.217994,-0.185969,-0.887761,-0.070724,-0.716043,-0.371715,-0.844966,-0.508959,-1.077611,-0.405364,-0.781298,-0.274328,-0.589856,-0.601521,-0.697874,-0.783737,-0.942243,-0.958912,-1.035144,-1.090835,-1.205219
Y,Right,legacy_asl_Y_103,0.000000,0.000000,0.324163,-0.443664,0.631223,-0.835517,0.710449,-1.252720,0.706007,-1.552311,0.136681,-1.133828,-0.052439,-1.377767,0.002142,-1.071096,0.102409,-0.862309,-0.152704,-1.029104,-0.306532,-1.302086,-0.181963,-0.921935,-0.066645,-0.753695,-0.390509,-0.881453,-0.541248,-1.115588,-0.422757,-0.816516,-0.283745,-0.631646,-0.587452,-0.706735,-0.826272,-0.980291,-0.989457,-1.099052,-1.136334,-1.248853
Y,Right,legacy_asl_Y_104,0.000000,0.000000,0.311384,-0.424839,0.606298,-0.800036,0.682844,-1.199860,0.679015,-1.487059,0.132650,-1.086711,-0.048294,-1.320825,0.003589,-1.026767,0.099407,-0.826477,-0.144909,-0.986735,-0.291980,-1.248640,-0.173111,-0.884043,-0.062806,-0.722600,-0.373085,-0.845535,-0.517250,-1.070197,-0.404092,-0.783332,-0.271097,-0.605913,-0.562128,-0.678330,-0.790672,-0.940907,-0.946934,-1.054988,-1.087518,-1.198800
Y,Right,legacy_asl_Y_105,-0.012407,0.007271,0.301850,-0.416872,0.621249,-0.803384,0.684808,-1.190502,0.688770,-1.487966,0.135942,-1.097759,-0.072400,-1.323999,0.039456,-1.010354,0.111069,-0.838189,-0.139232,-1.002014,-0.261548,-1.254367,-0.184312,-0.900995,-0.053250,-0.723076,-0.363416,-0.845631,-0.494974,-1.069909,-0.408156,-0.807138,-0.287280,-0.594318,-0.567099,-0.689376,-0.808173,-0.941354,-0.946927,-1.039880,-1.084440,-1.201893
Y,Right,legacy_asl_Y_106,0.000000,0.000000,0.331061,-0.453105,0.644656,-0.853298,0.725568,-1.279379,0.721032,-1.585346,0.139589,-1.157957,-0.053555,-1.407087,0.002187,-1.093890,0.104588,-0.880660,-0.155954,-1.051005,-0.313055,-1.329795,-0.185835,-0.941555,-0.068063,-0.769734,-0.398820,-0.900211,-0.552766,-1.139329,-0.431754,-0.833892,-0.289783,-0.645088,-0.599953,-0.721775,-0.843855,-1.001152,-1.010513,-1.122441,-1.160517,-1.275430
Y,Right,legacy_asl_Y_107,0.000000,0.000000,0.292773,-0.437872,0.571233,-0.825438,0.630465,-1.228191,0.614254,-1.514958,0.085662,-1.091420,-0.105209,-1.317514,-0.040694,-1.025967,0.063672,-0.829995,-0.187327,-0.979568,-0.345556,-1.234887,-0.211074,-0.875755,-0.093910,-0.719219,-0.409202,-0.828659,-0.562921,-1.046895,-0.437497,-0.765177,-0.296975,-0.593658,-0.590858,-0.653457,-0.830513,-0.905934,-0.991549,-1.013170,-1.138205,-1.150786
Y,Right,legacy_asl_Y_108,-0.019433,-0.028903,0.385602,-0.302766,0.703554,-0.662878,0.793211,-1.041975,0.757692,-1.341733,0.188445,-1.032153,0.080803,-1.254772,0.095144,-0.921855,0.144813,-0.694767,-0.084928,-1.006204,-0.143864,-1.225348,-0.083670,-0.872698,0.002320,-0.624844,-0.317547,-0.929109,-0.423930,-1.164940,-0.309622,-0.808480,-0.241345,-0.552134,-0.535454,-0.804077,-0.682226,-1.102169,-0.791648,-1.316389,-0.849838,-1.502292
Y,Right,legacy_asl_Y_109,0.000000,0.000000,0.383210,-0.282875,0.683450,-0.646527,0.777265,-1.029998,0.771700,-1.329788,0.193369,-1.022767,0.094641,-1.238638,0.100533,-0.928836,0.142348,-0.706737,-0.073054,-0.985428,-0.165268,-1.202436,-0.094720,-0.819066,-0.013285,-0.614587,-0.299895,-0.910553,-0.410850,-1.134766,-0.320746,-0.797654,-0.225887,-0.571045,-0.510878,-0.803075,-0.660656,-1.113856,-0.767829,-1.290001,-0.861917,-1.471320
Y,Right,legacy_asl_Y_110,0.000000,0.000000,0.372671,-0.305650,0.657323,-0.688651,0.732340,-1.081027,0.711244,-1.383705,0.142631,-1.043583,0.031715,-1.256646,0.053659,-0.943865,0.107380,-0.721572,-0.124687,-0.992098,-0.229078,-1.206646,-0.137996,-0.822855,-0.045145,-0.620413,-0.350067,-0.904722,-0.473770,-1.125584,-0.365312,-0.789551,-0.257753,-0.565437,-0.557739,-0.785216,-0.725144,-1.091560,-0.842543,-1.264040,-0.946986,-1.442423
Y,Right,legacy_asl_Y_111,0.013588,-0.007620,0.370641,-0.291660,0.689554,-0.654678,0.786886,-1.018520,0.787935,-1.353505,0.200458,-1.036886,0.092634,-1.259689,0.090497,-0.928594,0.145177,-0.719910,-0.081243,-1.015238,-0.165165,-1.204458,-0.106154,-0.792741,-0.008454,-0.628279,-0.303913,-0.931998,-0.415483,-1.164539,-0.345844,-0.809162,-0.244191,-0.573574,-0.515329,-0.803632,-0.644933,-1.141512,-0.802630,-1.287740,-0.854830,-1.490104
Y,Right,legacy_asl_Y_112,0.000000,0.000000,0.377018,-0.278305,0.672407,-0.636080,0.764706,-1.013355,0.759231,-1.308301,0.190245,-1.006241,0.093112,-1.218624,0.098908,-0.913828,0.140048,-0.695318,-0.071873,-0.969505,-0.162597,-1.183007,-0.093189,-0.805831,-0.013070,-0.604656,-0.295049,-0.895840,-0.404212,-1.116431,-0.315563,-0.784765,-0.222237,-0.561818,-0.502623,-0.790099,-0.649981,-1.095858,-0.755422,-1.269157,-0.847990,-1.447546
Y,Right,legacy_asl_Y_113,0.000000,0.000000,0.388367,-0.285441,0.692945,-0.652794,0.788682,-1.040635,0.783680,-1.344007,0.197817,-1.034542,0.098366,-1.253192,0.103678,-0.939687,0.145525,-0.714856,-0.071857,-0.997318,-0.164714,-1.217103,-0.094130,-0.829020,-0.012154,-0.621934,-0.301557,-0.922027,-0.413364,-1.149143,-0.322893,-0.807826,-0.227380,-0.578320,-0.515278,-0.813711,-0.666189,-1.128507,-0.774268,-1.306975,-0.869097,-1.490651
Y,Right,legacy_asl_Y_114,0.007663,0.022913,0.404190,-0.293938,0.681495,-0.665252,0.790589,-1.042814,0.802043,-1.362684,0.197803,-1.045619,0.093395,-1.207712,0.098386,-0.927254,0.136181,-0.714304,-0.094085,-1.028499,-0.179045,-1.226212,-0.097934,-0.841306,-0.009631,-0.624619,-0.300187,-0.924137,-0.409471,-1.136789,-0.325500,-0.799604,-0.209828,-0.580736,-0.496620,-0.815439,-0.671839,-1.130541,-0.792728,-1.282215,-0.871546,-1.482416
Y,Right,legacy_asl_Y_115,0.000000,0.000000,0.388838,-0.287030,0.693488,-0.656022,0.788681,-1.045126,0.783034,-1.349318,0.196209,-1.037788,0.096031,-1.256830,0.102009,-0.942478,0.144438,-0.717117,-0.074127,-0.999901,-0.167695,-1.220096,-0.096111,-0.831096,-0.013480,-0.623613,-0.304299,-0.923926,-0.416885,-1.151433,-0.325457,-0.809369,-0.229205,-0.579432,-0.518381,-0.814870,-0.670360,-1.130215,-0.779106,-1.308948,-0.874576,-1.492929
Y,Right,legacy_asl_Y_116,0.000000,0.000000,0.409414,-0.254334,0.741671,-0.596855,0.867317,-0.976065,0.885952,-1.278905,0.277771,-1.015998,0.195647,-1.241728,0.176532,-0.928761,0.200746,-0.701354,0.006017,-0.999885,-0.069444,-1.226234,-0.029293,-0.833832,0.036310,-0.620992,-0.228848,-0.942708,-0.322631,-1.177841,-0.259011,-0.830516,-0.181659,-0.594269,-0.450354,-0.851363,-0.576295,-1.176954,-0.670149,-1.363296,-0.750388,-1.553797
Y,Right,legacy_asl_Y_117,-0.002404,0.001301,0.287287,-0.426888,0.525139,-0.846696,0.631196,-1.261676,0.650265,-1.537688,-0.007772,-1.125554,-0.230096,-1.307468,-0.101618,-1.048398,0.032874,-0.831417,-0.281468,-0.976609,-0.475908,-1.200550,-0.225809,-0.848149,-0.118655,-0.727997,-0.503269,-0.806495,-0.681210,-1.004284,-0.444164,-0.719618,-0.290180,-0.562468,-0.687628,-0.612323,-0.968109,-0.844357,-1.114420,-0.978428,-1.295982,-1.172463
Y,Right,legacy_asl_Y_118,0.000000,0.000000,0.294747,-0.441302,0.534763,-0.824588,0.607933,-1.240011,0.638898,-1.508171,-0.004723,-1.077956,-0.224692,-1.297066,-0.088300,-1.009291,0.028821,-0.837792,-0.289339,-0.936769,-0.465722,-1.163276,-0.241760,-0.818748,-0.113612,-0.698150,-0.502522,-0.768103,-0.661960,-0.972507,-0.435902,-0.689113,-0.272474,-0.539847,-0.675880,-0.572597,-0.954263,-0.822331,-1.101650,-0.949050,-1.272088,-1.136522
Y,Right,legacy_asl_Y_119,0.000000,0.000000,0.269329,-0.468562,0.487010,-0.874432,0.532960,-1.301552,0.546093,-1.576149,-0.078490,-1.095003,-0.316982,-1.302607,-0.158719,-1.019518,-0.027987,-0.853262,-0.358040,-0.932084,-0.552750,-1.150183,-0.301627,-0.815414,-0.163169,-0.701634,-0.563129,-0.746127,-0.739109,-0.942925,-0.490035,-0.670418,-0.313769,-0.529919,-0.725914,-0.535619,-1.025856,-0.770348,-1.184281,-0.889032,-1.370280,-1.067874
Y,Right,legacy_asl_Y_120,0.005889,-0.019732,0.289902,-0.461171,0.547660,-0.859334,0.634057,-1.247886,0.642520,-1.541241,0.002617,-1.091082,-0.235393,-1.329450,-0.086080,-1.009876,0.016405,-0.858430,-0.288401,-0.972661,-0.483085,-1.190799,-0.248342,-0.847516,-0.129312,-0.704937,-0.518799,-0.775004,-0.666194,-0.988219,-0.461834,-0.693330,-0.304178,-0.552543,-0.683701,-0.559951,-0.977626,-0.843860,-1.135794,-0.973011,-1.280031,-1.160472
Y,Right,legacy_asl_Y_121,0.000000,0.000000,0.287741,-0.430812,0.522052,-0.804987,0.593483,-1.210536,0.623712,-1.472322,-0.004611,-1.052333,-0.219351,-1.266235,-0.086201,-0.985300,0.028136,-0.817878,-0.282461,-0.914502,-0.454652,-1.135625,-0.236014,-0.799287,-0.110911,-0.681555,-0.490578,-0.749846,-0.646225,-0.949390,-0.425541,-0.672733,-0.265997,-0.527014,-0.659814,-0.558986,-0.931581,-0.802785,-1.075464,-0.926491,-1.241851,-1.109507
Y,Right,legacy_asl_Y_122,0.000000,0.000000,0.273701,-0.466021,0.495171,-0.869837,0.545115,-1.296508,0.560816,-1.570971,-0.068241,-1.095689,-0.304780,-1.305516,-0.149173,-1.020958,-0.020002,-0.853487,-0.349303,-0.935393,-0.541964,-1.155305,-0.293984,-0.818201,-0.156597,-0.703129,-0.556123,-0.751363,-0.730254,-0.949799,-0.483741,-0.674974,-0.308797,-0.532831,-0.720871,-0.542388,-1.018603,-0.779912,-1.175910,-0.900074,-1.360229,-1.080649
Y,Right,legacy_asl_Y_123,-0.004171,-0.030814,0.298815,-0.436086,0.546717,-0.884387,0.638905,-1.267232,0.682757,-1.545382,0.015407,-1.101096,-0.248465,-1.349416,-0.104389,-1.011388,0.015136,-0.848908,-0.338878,-0.951577,-0.471802,-1.182631,-0.225555,-0.862370,-0.093793,-0.690357,-0.502014,-0.769878,-0.683312,-1.005019,-0.443657,-0.695193,-0.279195,-0.563430,-0.699878,-0.587011,-0.966457,-0.869501,-1.113657,-0.990772,-1.288282,-1.141959
Y,Right,legacy_asl_Y_124,0.000000,0.000000,0.307407,-0.460256,0.557732,-0.860005,0.634044,-1.293271,0.666340,-1.572949,-0.004926,-1.124255,-0.234343,-1.352777,-0.092093,-1.052641,0.030059,-0.873776,-0.301766,-0.977004,-0.485725,-1.213240,-0.252144,-0.853914,-0.118492,-0.728137,-0.524106,-0.801094,-0.690392,-1.014277,-0.454625,-0.718711,-0.284177,-0.563034,-0.704910,-0.597190,-0.995250,-0.857652,-1.148968,-0.989813,-1.326726,-1.185337
Y,Right,legacy_asl_Y_125,0.000000,0.000000,0.286664,-0.458162,0.519371,-0.855607,0.581262,-1.280710,0.604655,-1.554624,-0.037484,-1.097172,-0.268045,-1.313550,-0.120481,-1.024740,0.003942,-0.853712,-0.322932,-0.944822,-0.509349,-1.170050,-0.270921,-0.826124,-0.136816,-0.707245,-0.534831,-0.766665,-0.703328,-0.969906,-0.464620,-0.688275,-0.293732,-0.541282,-0.705375,-0.562392,-0.996329,-0.808173,-1.150204,-0.932700,-1.329386,-1.118373
Y,Right,legacy_asl_Y_126,-0.017063,0.014192,0.466659,-0.174758,0.941213,-0.400762,1.199459,-0.725056,1.311502,-1.044228,0.612718,-0.931602,0.465320,-1.270417,0.419370,-0.984476,0.425671,-0.668941,0.305216,-0.931121,0.194282,-1.324633,0.159432,-0.918311,0.196998,-0.651289,0.011168,-0.931701,-0.077117,-1.213174,-0.079491,-0.819025,-0.021016,-0.585595,-0.263457,-0.802936,-0.379385,-1.122334,-0.478091,-1.237517,-0.540150,-1.391279
Y,Right,legacy_asl_Y_127,0.000000,0.000000,0.431493,-0.133913,0.883576,-0.369031,1.139347,-0.692577,1.227916,-0.962839,0.559014,-0.879692,0.440484,-1.207890,0.390716,-0.917644,0.410244,-0.639700,0.268923,-0.898412,0.182798,-1.223376,0.150542,-0.850907,0.191930,-0.594783,0.004434,-0.857316,-0.091526,-1.105787,-0.087712,-0.778189,-0.016913,-0.544270,-0.243486,-0.751665,-0.348411,-1.047237,-0.446911,-1.170883,-0.512863,-1.314082
Y,Right,legacy_asl_Y_128,0.000000,0.000000,0.468754,-0.109294,0.967128,-0.324554,1.263660,-0.648795,1.378447,-0.929205,0.661303,-0.892015,0.560454,-1.249830,0.485369,-0.945216,0.484861,-0.648375,0.354480,-0.934096,0.287818,-1.285994,0.225053,-0.892671,0.249442,-0.617344,0.070287,-0.910658,-0.012676,-1.182026,-0.033682,-0.833624,0.023658,-0.579642,-0.201238,-0.817354,-0.290125,-1.139459,-0.385335,-1.278381,-0.444463,-1.435591
Y,Right,legacy_asl_Y_129,0.005069,0.021656,0.458602,-0.134210,0.928497,-0.423436,1.232363,-0.746491,1.323222,-1.016950,0.604553,-0.930269,0.474755,-1.259005,0.441522,-0.993100,0.405778,-0.683122,0.284924,-0.948494,0.192513,-1.289925,0.177729,-0.903687,0.211795,-0.626299,-0.010483,-0.896925,-0.102097,-1.128254,-0.084667,-0.813752,-0.014379,-0.581624,-0.257437,-0.787373,-0.395311,-1.114142,-0.462512,-1.256061,-0.533216,-1.409228
Y,Right,legacy_asl_Y_130,0.000000,0.000000,0.427782,-0.132761,0.875977,-0.365857,1.129547,-0.686620,1.217354,-0.954557,0.554206,-0.872125,0.436695,-1.197501,0.387355,-0.909751,0.406716,-0.634197,0.266610,-0.890685,0.181226,-1.212853,0.149247,-0.843588,0.190279,-0.589667,0.004396,-0.849943,-0.090739,-1.096276,-0.086958,-0.771496,-0.016768,-0.539588,-0.241392,-0.745200,-0.345414,-1.038230,-0.443067,-1.160812,-0.508451,-1.302780
Y,Right,legacy_asl_Y_131,0.000000,0.000000,0.444521,-0.184597,0.900906,-0.478581,1.140324,-0.847014,1.207631,-1.142438,0.506264,-0.988286,0.348169,-1.324750,0.323992,-1.011952,0.372112,-0.719036,0.196692,-0.979543,0.073291,-1.315770,0.075798,-0.917477,0.144955,-0.649864,-0.079824,-0.909871,-0.206115,-1.163986,-0.169770,-0.816848,-0.071604,-0.575689,-0.332399,-0.773353,-0.472844,-1.076549,-0.589523,-1.197999,-0.673603,-1.343401
Y,Right,legacy_asl_Y_132,0.009041,0.016133,0.442148,-0.146700,0.912429,-0.401516,1.234758,-0.780237,1.300090,-1.048866,0.585186,-0.973452,0.489346,-1.277764,0.417746,-0.963568,0.453022,-0.676667,0.286656,-0.974715,0.186668,-1.324746,0.155741,-0.908506,0.212663,-0.637519,0.009124,-0.922767,-0.078460,-1.198536,-0.108580,-0.836594,-0.020117,-0.583524,-0.270324,-0.766915,-0.382459,-1.122922,-0.480934,-1.253804,-0.550620,-1.383975
Y,Right,legacy_asl_Y_133,0.000000,0.000000,0.471562,-0.146349,0.965626,-0.403299,1.245147,-0.756890,1.341941,-1.052249,0.610925,-0.961381,0.481387,-1.320056,0.426998,-1.002857,0.448340,-0.699103,0.293896,-0.981840,0.199773,-1.336979,0.164521,-0.929923,0.209753,-0.650015,0.004846,-0.936928,-0.100025,-1.208472,-0.095857,-0.850452,-0.018484,-0.594811,-0.266097,-0.821466,-0.380765,-1.144485,-0.488411,-1.279612,-0.560487,-1.436109
Y,Right,legacy_asl_Y_134,0.000000,0.000000,0.458868,-0.145311,0.939050,-0.398566,1.209549,-0.744824,1.302248,-1.033290,0.590146,-0.940606,0.461857,-1.289524,0.410617,-0.980005,0.433127,-0.684018,0.280984,-0.958770,0.187238,-1.304440,0.155159,-0.907434,0.200823,-0.634827,-0.000536,-0.913366,-0.104291,-1.177484,-0.098218,-0.828502,-0.021358,-0.579732,-0.264009,-0.799290,-0.377603,-1.113533,-0.483298,-1.244654,-0.554438,-1.396806
Y,Right,legacy_asl_Y_135,-0.012471,-0.005022,0.285361,-0.437743,0.451208,-0.868603,0.536161,-1.269261,0.573217,-1.532094,-0.103569,-1.035795,-0.225393,-1.277718,-0.112939,-0.988733,0.046261,-0.832195,-0.328424,-0.918365,-0.482351,-1.163624,-0.230671,-0.818877,-0.110955,-0.698825,-0.523486,-0.769737,-0.661188,-0.985998,-0.458026,-0.711115,-0.265384,-0.553527,-0.693555,-0.588217,-0.958984,-0.831724,-1.105595,-0.999341,-1.259672,-1.180471
Y,Right,legacy_asl_Y_136,0.000000,0.000000,0.256316,-0.430429,0.462861,-0.813736,0.524741,-1.195359,0.538032,-1.451778,-0.077896,-1.020022,-0.227090,-1.226011,-0.089726,-0.953416,0.018959,-0.777870,-0.324460,-0.892488,-0.445311,-1.112876,-0.225548,-0.779306,-0.111711,-0.665693,-0.510147,-0.725942,-0.635881,-0.932690,-0.416971,-0.674465,-0.259007,-0.528080,-0.650361,-0.536979,-0.905117,-0.795831,-1.044941,-0.929673,-1.213818,-1.106312
Y,Right,legacy_asl_Y_137,0.000000,0.000000,0.262611,-0.457499,0.473615,-0.864546,0.532336,-1.267383,0.542009,-1.537580,-0.099200,-1.072625,-0.259751,-1.286987,-0.110534,-1.002298,0.006855,-0.819305,-0.356648,-0.934195,-0.487600,-1.164196,-0.250600,-0.816697,-0.128832,-0.698997,-0.549343,-0.755717,-0.685207,-0.971275,-0.450375,-0.703090,-0.281595,-0.551628,-0.693784,-0.554404,-0.966367,-0.822646,-1.115837,-0.961206,-1.296617,-1.144336
Y,Right,legacy_asl_Y_138,-0.024409,0.005608,0.271507,-0.445709,0.502625,-0.866935,0.578347,-1.242904,0.575210,-1.503248,-0.061701,-1.078397,-0.242501,-1.301948,-0.102004,-0.981070,0.023622,-0.812297,-0.354466,-0.930179,-0.464192,-1.163006,-0.228565,-0.825129,-0.110749,-0.705789,-0.526453,-0.759544,-0.681725,-1.010373,-0.448108,-0.713928,-0.272135,-0.574818,-0.690188,-0.543814,-0.961169,-0.823211,-1.111459,-0.937396,-1.287362,-1.198207
Y,Right,legacy_asl_Y_139,0.000000,0.000000,0.263707,-0.442842,0.476209,-0.837203,0.539874,-1.229831,0.553548,-1.493646,-0.080143,-1.049438,-0.233639,-1.261367,-0.092314,-0.980911,0.019506,-0.800302,-0.333817,-0.918226,-0.458153,-1.144970,-0.232052,-0.801780,-0.114933,-0.684891,-0.524859,-0.746877,-0.654219,-0.959588,-0.428996,-0.693916,-0.266477,-0.543309,-0.669116,-0.552465,-0.931219,-0.818782,-1.075075,-0.956484,-1.248823,-1.138216
Y,Right,legacy_asl_Y_140,0.000000,0.000000,0.310065,-0.426766,0.563420,-0.808894,0.664916,-1.203133,0.703450,-1.470743,0.016163,-1.077081,-0.120524,-1.307395,-0.002631,-1.008371,0.094498,-0.813866,-0.254621,-0.966999,-0.360205,-1.209693,-0.161757,-0.838826,-0.053285,-0.708771,-0.465310,-0.810168,-0.577324,-1.039029,-0.372543,-0.747251,-0.220942,-0.578597,-0.630467,-0.625470,-0.872776,-0.921343,-1.006559,-1.075104,-1.166702,-1.276529
Y,Right,legacy_asl_Y_141,-0.019149,-0.001805,0.252087,-0.446216,0.456361,-0.842125,0.563939,-1.232341,0.567887,-1.532814,-0.098391,-1.070041,-0.252354,-1.294391,-0.094229,-0.995776,0.011299,-0.796215,-0.341223,-0.933620,-0.468570,-1.172052,-0.264743,-0.819709,-0.142276,-0.696659,-0.516294,-0.771379,-0.644978,-0.982560,-0.428060,-0.723027,-0.276500,-0.595530,-0.679413,-0.533754,-0.959079,-0.830523,-1.113852,-0.985826,-1.286714,-1.158221
Y,Right,legacy_asl_Y_142,0.000000,0.000000,0.263539,-0.442559,0.475905,-0.836668,0.539529,-1.229046,0.553194,-1.492692,-0.080092,-1.048768,-0.233490,-1.260562,-0.092255,-0.980285,0.019493,-0.799791,-0.333604,-0.917640,-0.457860,-1.144239,-0.231904,-0.801268,-0.114859,-0.684454,-0.524523,-0.746400,-0.653801,-0.958975,-0.428722,-0.693473,-0.266306,-0.542962,-0.668689,-0.552112,-0.930624,-0.818259,-1.074389,-0.955873,-1.248025,-1.137489
Y,Right,legacy_asl_Y_143,0.000000,0.000000,0.248129,-0.465512,0.446259,-0.878979,0.492312,-1.283460,0.493504,-1.553828,-0.132803,-1.068984,-0.299999,-1.278205,-0.141924,-0.998337,-0.018853,-0.819116,-0.385781,-0.922546,-0.523884,-1.148326,-0.276099,-0.808433,-0.150699,-0.694611,-0.572782,-0.738110,-0.715341,-0.949300,-0.472212,-0.688614,-0.298763,-0.542522,-0.710836,-0.532365,-0.991700,-0.791923,-1.145444,-0.925726,-1.331880,-1.103093
Y,Right,legacy_asl_Y_144,-0.000057,-0.000343,0.336285,-0.429454,0.649913,-0.741916,0.771091,-1.157237,0.796605,-1.415875,0.199886,-1.065473,0.013272,-1.336678,0.089164,-1.046248,0.159829,-0.831583,-0.107096,-1.006923,-0.225161,-1.264027,-0.123031,-0.849637,-0.022076,-0.837113,-0.315250,-0.907424,-0.451134,-1.136788,-0.345501,-0.796336,-0.243369,-0.657694,-0.503706,-0.695309,-0.756305,-1.024754,-0.907305,-1.152395,-1.047802,-1.339767
Y,Right,legacy_asl_Y_145,0.000000,0.000000,0.361235,-0.440491,0.679675,-0.802032,0.808317,-1.224110,0.851208,-1.506676,0.194037,-1.126715,0.006112,-1.396829,0.065258,-1.101527,0.152076,-0.904787,-0.103870,-1.051146,-0.259104,-1.330631,-0.124126,-0.928468,-0.021644,-0.877776,-0.342899,-0.926280,-0.484657,-1.177397,-0.360287,-0.859954,-0.238378,-0.687619,-0.536752,-0.765329,-0.790318,-1.060103,-0.941353,-1.221991,-1.090768,-1.428030
Y,Right,legacy_asl_Y_146,0.000000,0.000000,0.354088,-0.406780,0.665483,-0.740040,0.798959,-1.135867,0.847408,-1.402062,0.214964,-1.060795,0.044649,-1.321630,0.092402,-1.040543,0.169083,-0.851956,-0.069043,-0.997574,-0.208163,-1.266367,-0.091625,-0.882050,0.003942,-0.831230,-0.298708,-0.886066,-0.425864,-1.127640,-0.317007,-0.823787,-0.206441,-0.657317,-0.486626,-0.739155,-0.718370,-1.025150,-0.856788,-1.182545,-0.992445,-1.381674
Y,Right,legacy_asl_Y_147,0.018995,0.004161,0.341224,-0.412971,0.658597,-0.750772,0.777360,-1.176710,0.814847,-1.442564,0.172277,-1.054030,-0.001099,-1.330158,0.055589,-1.069608,0.161492,-0.886718,-0.100467,-0.974591,-0.233742,-1.260698,-0.123720,-0.883930,-0.008463,-0.824867,-0.324064,-0.884940,-0.464226,-1.145678,-0.317262,-0.813434,-0.192121,-0.656246,-0.494862,-0.745768,-0.754905,-1.019985,-0.902503,-1.162760,-1.025683,-1.340725
Y,Right,legacy_asl_Y_148,0.000000,0.000000,0.343789,-0.419218,0.646851,-0.763298,0.769279,-1.164992,0.810099,-1.433912,0.184666,-1.072301,0.005817,-1.329370,0.062107,-1.048329,0.144732,-0.861091,-0.098854,-1.000381,-0.246591,-1.266369,-0.118132,-0.883628,-0.020599,-0.835384,-0.326339,-0.881545,-0.461251,-1.120535,-0.342887,-0.818422,-0.226866,-0.654411,-0.510830,-0.728368,-0.752149,-1.008905,-0.895891,-1.162975,-1.038090,-1.359064
Y,Right,legacy_asl_Y_149,0.000000,0.000000,0.372182,-0.390292,0.698380,-0.709078,0.849681,-1.098440,0.910160,-1.362162,0.262882,-1.049948,0.104579,-1.318242,0.139527,-1.035278,0.207570,-0.843405,-0.023703,-0.999680,-0.150481,-1.274509,-0.051503,-0.885299,0.041659,-0.830194,-0.258190,-0.898709,-0.374253,-1.145804,-0.279297,-0.837324,-0.176400,-0.666008,-0.452582,-0.760476,-0.671109,-1.056693,-0.802242,-1.220207,-0.928722,-1.425288
Y,Right,legacy_asl_Y_150,-0.007885,0.012504,0.327108,-0.466839,0.651731,-0.776948,0.769494,-1.193974,0.809055,-1.454658,0.173643,-1.054838,-0.006177,-1.332449,0.046460,-1.069364,0.138492,-0.872011,-0.119020,-1.000250,-0.235945,-1.256823,-0.128024,-0.867478,-0.020968,-0.824151,-0.319993,-0.876432,-0.461847,-1.112122,-0.358586,-0.826409,-0.207588,-0.666974,-0.532394,-0.715099,-0.755933,-1.020905,-0.897607,-1.137710,-1.048155,-1.340467
Y,Right,legacy_asl_Y_151,0.000000,0.000000,0.325335,-0.396715,0.612129,-0.722326,0.727986,-1.102458,0.766615,-1.356943,0.174754,-1.014742,0.005505,-1.258012,0.058773,-0.992057,0.136963,-0.814870,-0.093547,-0.946683,-0.233354,-1.198393,-0.111791,-0.836197,-0.019493,-0.790543,-0.308822,-0.834226,-0.436492,-1.060388,-0.324481,-0.774491,-0.214688,-0.619284,-0.483410,-0.689271,-0.711776,-0.954750,-0.847801,-1.100549,-0.982368,-1.286113
Y,Right,legacy_asl_Y_152,0.000000,0.000000,0.367519,-0.394686,0.689907,-0.717325,0.836571,-1.108457,0.893913,-1.372879,0.250389,-1.052997,0.088910,-1.319391,0.127217,-1.036863,0.197535,-0.845812,-0.035578,-0.999328,-0.165612,-1.272631,-0.062017,-0.884624,0.031793,-0.830631,-0.268849,-0.895578,-0.387840,-1.141276,-0.289225,-0.833946,-0.184300,-0.663865,-0.461585,-0.755046,-0.683615,-1.048646,-0.816682,-1.210590,-0.945589,-1.414154
Y,Right,legacy_asl_Y_153,-0.033070,-0.009725,0.535855,-0.177803,1.008925,-0.494082,1.182756,-0.907327,1.062699,-1.260809,0.509171,-0.999364,0.415332,-1.308418,0.325127,-0.976089,0.336181,-0.635095,0.132369,-0.987607,0.091193,-1.266887,0.100531,-0.888194,0.120924,-0.539830,-0.133840,-0.924376,-0.264562,-1.176625,-0.213364,-0.791464,-0.138798,-0.487455,-0.418046,-0.799354,-0.595682,-1.145165,-0.714774,-1.290893,-0.841506,-1.532782
Y,Right,legacy_asl_Y_154,0.000000,0.000000,0.524887,-0.173425,1.011083,-0.486005,1.148253,-0.895028,1.020870,-1.229130,0.511475,-0.993684,0.416006,-1.298321,0.354847,-0.964749,0.336388,-0.637579,0.158420,-0.964679,0.092640,-1.271927,0.093917,-0.878020,0.122091,-0.525108,-0.147400,-0.893262,-0.241579,-1.164195,-0.197352,-0.786412,-0.122055,-0.471718,-0.440525,-0.791878,-0.599509,-1.113953,-0.726718,-1.295002,-0.825975,-1.480124
Y,Right,legacy_asl_Y_155,0.000000,0.000000,0.529235,-0.187431,1.016178,-0.515327,1.146632,-0.933618,1.010072,-1.270120,0.497907,-1.020046,0.394389,-1.327319,0.339489,-0.987284,0.327808,-0.654671,0.140035,-0.982972,0.066607,-1.293536,0.076409,-0.893584,0.112636,-0.535839,-0.168958,-0.903852,-0.270438,-1.176928,-0.217373,-0.794275,-0.134121,-0.476355,-0.464414,-0.794576,-0.632801,-1.118184,-0.765881,-1.299277,-0.870665,-1.485111
Y,Right,legacy_asl_Y_156,-0.011742,-0.002391,0.525381,-0.179325,1.037417,-0.495129,1.157507,-0.902816,1.037436,-1.274611,0.518663,-1.018188,0.433784,-1.313669,0.364044,-1.013320,0.337391,-0.655592,0.181841,-0.971490,0.072812,-1.306144,0.112471,-0.890599,0.128091,-0.536770,-0.144888,-0.882357,-0.276550,-1.199166,-0.184672,-0.799169,-0.120520,-0.487262,-0.411409,-0.792181,-0.606528,-1.106384,-0.721024,-1.311285,-0.858421,-1.496958
Y,Right,legacy_asl_Y_157,0.000000,0.000000,0.563822,-0.186289,1.086082,-0.522055,1.233427,-0.961419,1.096595,-1.320303,0.549415,-1.067392,0.446864,-1.394627,0.381168,-1.036312,0.361340,-0.684873,0.170171,-1.036236,0.099512,-1.366275,0.100884,-0.943149,0.131147,-0.564059,-0.158334,-0.959522,-0.259498,-1.250552,-0.211991,-0.844746,-0.131109,-0.506708,-0.473202,-0.850618,-0.643978,-1.196583,-0.780624,-1.391061,-0.887243,-1.589916
Y,Right,legacy_asl_Y_158,0.000000,0.000000,0.544257,-0.137856,1.059349,-0.419477,1.227799,-0.823965,1.122834,-1.171621,0.589801,-0.969815,0.515043,-1.285321,0.429037,-0.951793,0.386751,-0.621672,0.230035,-0.965882,0.185543,-1.281892,0.158441,-0.882739,0.161542,-0.523177,-0.084936,-0.915577,-0.160815,-1.196844,-0.143244,-0.810929,-0.089647,-0.486689,-0.389205,-0.833997,-0.527051,-1.171747,-0.642873,-1.364335,-0.730083,-1.559035
Y,Right,legacy_asl_Y_159,-0.012261,0.014181,0.524974,-0.193693,1.010417,-0.508116,1.174903,-0.909288,1.046579,-1.282322,0.548672,-1.004524,0.426853,-1.310879,0.354006,-0.968910,0.342177,-0.660688,0.155780,-1.013442,0.093533,-1.297115,0.078594,-0.880381,0.146055,-0.549021,-0.151932,-0.906132,-0.250612,-1.154136,-0.207984,-0.783281,-0.118064,-0.487324,-0.438785,-0.799415,-0.632052,-1.128321,-0.713691,-1.347981,-0.853178,-1.517987
Y,Right,legacy_asl_Y_160,0.000000,0.000000,0.515420,-0.170297,0.992846,-0.477239,1.127542,-0.878885,1.002457,-1.206960,0.502250,-0.975761,0.408502,-1.274903,0.348446,-0.947348,0.330320,-0.626079,0.155563,-0.947279,0.090969,-1.248985,0.092223,-0.862183,0.119889,-0.515636,-0.144742,-0.877151,-0.237221,-1.143197,-0.193793,-0.772228,-0.119853,-0.463210,-0.432580,-0.777595,-0.588695,-1.093861,-0.713610,-1.271644,-0.811077,-1.453428
Y,Right,legacy_asl_Y_161,0.000000,0.000000,0.537693,-0.161575,1.039948,-0.465498,1.190511,-0.876979,1.070411,-1.219701,0.546734,-0.994730,0.458221,-1.306657,0.386914,-0.969680,0.359136,-0.638024,0.187486,-0.975035,0.129188,-1.288791,0.119604,-0.888834,0.138460,-0.529754,-0.124977,-0.910975,-0.213110,-1.188647,-0.178643,-0.803873,-0.110889,-0.482293,-0.425379,-0.816139,-0.577894,-1.147524,-0.702045,-1.334851,-0.797703,-1.525543
Y,Right,legacy_asl_Y_162,-0.003825,0.011713,0.398641,-0.226001,0.760909,-0.684774,0.872191,-1.084145,0.992512,-1.414809,0.378456,-1.060019,0.104705,-1.241780,0.053969,-0.880086,0.177006,-0.603691,0.035604,-0.988444,-0.155039,-1.181366,-0.151495,-0.765568,-0.031595,-0.465801,-0.229926,-0.897130,-0.433084,-1.011838,-0.375371,-0.658328,-0.233618,-0.386776,-0.451857,-0.773687,-0.646101,-1.148298,-0.827896,-1.301344,-0.960624,-1.441284
Y,Right,legacy_asl_Y_163,0.000000,0.000000,0.453137,-0.236663,0.820256,-0.708026,0.920599,-1.149558,1.031904,-1.483111,0.379078,-1.125327,0.115862,-1.304216,0.067128,-0.927988,0.140431,-0.650500,0.040860,-1.050249,-0.160691,-1.237787,-0.143274,-0.803624,-0.046009,-0.522236,-0.241056,-0.952012,-0.449961,-1.088083,-0.381639,-0.692648,-0.246180,-0.424203,-0.491600,-0.844595,-0.681708,-1.186740,-0.865639,-1.357037,-1.012143,-1.523911
Y,Right,legacy_asl_Y_164,0.000000,0.000000,0.445170,-0.192008,0.825467,-0.612025,0.951367,-1.022558,1.080052,-1.330201,0.437522,-1.037662,0.201146,-1.225327,0.128640,-0.872931,0.178484,-0.605350,0.112382,-0.990403,-0.065068,-1.181918,-0.079079,-0.770086,-0.006847,-0.497135,-0.161137,-0.917289,-0.349155,-1.060646,-0.312304,-0.681866,-0.203041,-0.418474,-0.405631,-0.833291,-0.561403,-1.170221,-0.723399,-1.344193,-0.850239,-1.512300
Y,Right,legacy_asl_Y_165,0.004523,-0.026675,0.410667,-0.188732,0.789177,-0.670198,0.853523,-1.108656,0.956247,-1.425874,0.371550,-1.099350,0.109971,-1.230345,0.048351,-0.899257,0.123523,-0.605496,0.051403,-1.005992,-0.162318,-1.164059,-0.127412,-0.757754,-0.051115,-0.499937,-0.236823,-0.913927,-0.439665,-1.026260,-0.358389,-0.652710,-0.226912,-0.390390,-0.463407,-0.822449,-0.656373,-1.122973,-0.838728,-1.284455,-0.937577,-1.479199
Y,Right,legacy_asl_Y_166,0.000000,0.000000,0.451675,-0.235899,0.817610,-0.705742,0.917629,-1.145850,1.028576,-1.478327,0.377855,-1.121697,0.115488,-1.300009,0.066911,-0.924994,0.139978,-0.648402,0.040729,-1.046861,-0.160173,-1.233794,-0.142812,-0.801031,-0.045861,-0.520551,-0.240278,-0.948941,-0.448509,-1.084573,-0.380408,-0.690414,-0.245386,-0.422834,-0.490014,-0.841871,-0.679509,-1.182911,-0.862846,-1.352659,-1.008878,-1.518995
Y,Right,legacy_asl_Y_167,0.000000,0.000000,0.430662,-0.222651,0.780675,-0.668218,0.877576,-1.086547,0.984447,-1.402431,0.363932,-1.065702,0.115019,-1.236388,0.067319,-0.879787,0.135741,-0.616344,0.042890,-0.995836,-0.147511,-1.174481,-0.132705,-0.762676,-0.041574,-0.495440,-0.224851,-0.903785,-0.422427,-1.033651,-0.359194,-0.658373,-0.231791,-0.403260,-0.462876,-0.802904,-0.641814,-1.128124,-0.815573,-1.290350,-0.953851,-1.449181
Y,Right,legacy_asl_Y_168,-0.007922,-0.000651,0.432224,-0.227043,0.760218,-0.685871,0.875140,-1.080598,0.976167,-1.384423,0.417388,-1.074354,0.135655,-1.233726,0.051470,-0.896113,0.118113,-0.620974,0.042473,-0.977622,-0.169786,-1.145628,-0.156292,-0.764244,-0.034887,-0.487617,-0.231434,-0.907837,-0.418805,-1.028364,-0.372969,-0.646222,-0.232034,-0.386484,-0.460666,-0.799927,-0.651038,-1.128742,-0.812982,-1.274187,-0.945005,-1.464692
Y,Right,legacy_asl_Y_169,0.000000,0.000000,0.440313,-0.229965,0.797042,-0.687989,0.894545,-1.117025,1.002700,-1.441138,0.368350,-1.093479,0.112583,-1.267306,0.065228,-0.901725,0.136456,-0.632090,0.039704,-1.020526,-0.156143,-1.202757,-0.139219,-0.780880,-0.044707,-0.507456,-0.234234,-0.925069,-0.437226,-1.057290,-0.370838,-0.673045,-0.239213,-0.412197,-0.477687,-0.820692,-0.662415,-1.153154,-0.841140,-1.318631,-0.983498,-1.480783
Y,Right,legacy_asl_Y_170,0.000000,0.000000,0.425234,-0.232851,0.764528,-0.686634,0.851432,-1.107153,0.950744,-1.425494,0.338431,-1.074073,0.085520,-1.238778,0.046332,-0.881141,0.121013,-0.619404,0.019145,-0.996575,-0.175460,-1.170632,-0.150844,-0.759297,-0.053370,-0.494309,-0.246326,-0.898169,-0.446942,-1.023289,-0.374783,-0.649625,-0.241336,-0.397622,-0.481880,-0.791645,-0.668518,-1.112508,-0.846093,-1.270546,-0.988118,-1.426037
Y,Right,legacy_asl_Y_171,0.000182,-0.007392,0.494223,-0.200578,0.979444,-0.517530,1.083490,-0.933967,0.903478,-1.209388,0.500908,-0.998620,0.342669,-1.333107,0.296325,-0.992176,0.336420,-0.673684,0.119949,-0.974761,0.047598,-1.259438,0.067414,-0.895674,0.078228,-0.569061,-0.189867,-0.895048,-0.273188,-1.165180,-0.234148,-0.829005,-0.104566,-0.503938,-0.449456,-0.771273,-0.628713,-1.105939,-0.777825,-1.282738,-0.884245,-1.465926
Y,Right,legacy_asl_Y_172,0.000000,0.000000,0.501112,-0.198590,0.965679,-0.522596,1.079095,-0.925936,0.894855,-1.230340,0.484272,-1.015534,0.352603,-1.319238,0.318411,-0.991297,0.338636,-0.673454,0.135422,-0.986980,0.035107,-1.288382,0.054902,-0.899353,0.103032,-0.572328,-0.173364,-0.903211,-0.290541,-1.179474,-0.222149,-0.819287,-0.126833,-0.525484,-0.460195,-0.780611,-0.637105,-1.110500,-0.775234,-1.289259,-0.892373,-1.471976
Y,Right,legacy_asl_Y_173,0.000000,0.000000,0.486336,-0.225732,0.929243,-0.573930,1.018918,-0.980928,0.818632,-1.272737,0.423121,-1.036053,0.275081,-1.330158,0.259789,-1.002545,0.297962,-0.688057,0.078314,-0.987844,-0.038458,-1.281448,0.003339,-0.896242,0.069746,-0.574224,-0.223564,-0.887083,-0.355651,-1.154762,-0.267235,-0.800964,-0.155859,-0.514623,-0.501429,-0.749009,-0.695887,-1.066543,-0.843232,-1.236202,-0.969956,-1.410986
Y,Right,legacy_asl_Y_174,-0.008527,0.009605,0.483478,-0.218444,0.929578,-0.532542,1.062279,-0.918337,0.885106,-1.242447,0.476480,-0.994149,0.339683,-1.332829,0.344227,-0.956202,0.355336,-0.676411,0.125524,-0.977137,0.013102,-1.270555,0.061068,-0.874354,0.096357,-0.584795,-0.176617,-0.911152,-0.274509,-1.191071,-0.200604,-0.823742,-0.117553,-0.525770,-0.460504,-0.785332,-0.640768,-1.105673,-0.756816,-1.270169,-0.878040,-1.450199
Y,Right,legacy_asl_Y_175,0.000000,0.000000,0.467938,-0.185444,0.901751,-0.488000,1.007659,-0.864639,0.835615,-1.148892,0.452214,-0.948305,0.329261,-1.231904,0.297332,-0.925673,0.316218,-0.628872,0.126457,-0.921642,0.032783,-1.203091,0.051268,-0.839816,0.096211,-0.534440,-0.161887,-0.843418,-0.271307,-1.101393,-0.207443,-0.765050,-0.118436,-0.490697,-0.429730,-0.728935,-0.594929,-1.036985,-0.723914,-1.203910,-0.833298,-1.374531
Y,Right,legacy_asl_Y_176,0.000000,0.000000,0.489769,-0.218182,0.938010,-0.559487,1.033970,-0.965049,0.838222,-1.259921,0.439097,-1.029384,0.295624,-1.325744,0.275266,-0.998407,0.308570,-0.683366,0.093586,-0.986514,-0.018631,-1.281889,0.017203,-0.896084,0.078621,-0.573076,-0.209815,-0.890435,-0.337746,-1.160125,-0.254813,-0.805002,-0.147879,-0.516973,-0.489783,-0.756676,-0.679305,-1.077180,-0.824008,-1.249098,-0.948014,-1.425821
Y,Right,legacy_asl_Y_177,-0.003209,0.025508,0.472043,-0.212739,0.985610,-0.520643,1.073590,-0.925670,0.896714,-1.205049,0.464518,-1.006625,0.362375,-1.307888,0.308331,-0.974510,0.320481,-0.674927,0.132014,-0.975663,0.045795,-1.287411,0.065528,-0.896266,0.101856,-0.564441,-0.167955,-0.903179,-0.295494,-1.156018,-0.228633,-0.802950,-0.106665,-0.520933,-0.447251,-0.773746,-0.647794,-1.100039,-0.761627,-1.276519,-0.896096,-1.466408
Y,Right,legacy_asl_Y_178,0.000000,0.000000,0.526716,-0.208737,1.015021,-0.549299,1.134232,-0.973247,0.940578,-1.293205,0.509017,-1.067423,0.370620,-1.386645,0.334681,-1.041948,0.355939,-0.707865,0.142342,-1.037410,0.036901,-1.354212,0.057707,-0.945306,0.108296,-0.601572,-0.182222,-0.949361,-0.305387,-1.239740,-0.233500,-0.861148,-0.133313,-0.552334,-0.483709,-0.820497,-0.669658,-1.167241,-0.814845,-1.355134,-0.937969,-1.547187
Y,Right,legacy_asl_Y_179,0.000000,0.000000,0.509929,-0.165681,0.991453,-0.458158,1.129366,-0.851438,0.965580,-1.165192,0.544503,-0.977729,0.432862,-1.287486,0.378329,-0.964082,0.378451,-0.647286,0.196403,-0.971285,0.115742,-1.276789,0.110968,-0.889353,0.138215,-0.561689,-0.115393,-0.907514,-0.214371,-1.189121,-0.169092,-0.827264,-0.092916,-0.529618,-0.407831,-0.803816,-0.562740,-1.142408,-0.688640,-1.328537,-0.793453,-1.517277
Y,Right,legacy_asl_Y_180,0.007590,-0.003970,0.445608,-0.263005,0.829111,-0.641968,0.926450,-1.023904,0.970904,-1.357266,0.218597,-1.040737,0.100165,-1.280523,0.172074,-0.926593,0.252458,-0.624241,-0.089975,-0.969208,-0.202166,-1.232521,-0.092781,-0.830408,0.012494,-0.488085,-0.398675,-0.888218,-0.511001,-1.083395,-0.355178,-0.720084,-0.218599,-0.460642,-0.677928,-0.715109,-0.866640,-1.046279,-1.028589,-1.229114,-1.173667,-1.435903
Y,Right,legacy_asl_Y_181,0.000000,0.000000,0.479284,-0.263971,0.848306,-0.677522,0.991000,-1.088224,1.028223,-1.428954,0.237654,-1.109448,0.142431,-1.356412,0.168422,-0.994943,0.224009,-0.676020,-0.114116,-1.034516,-0.186336,-1.300256,-0.084430,-0.862885,0.016759,-0.531929,-0.416054,-0.919202,-0.514555,-1.126842,-0.356170,-0.762985,-0.204948,-0.485211,-0.684320,-0.774244,-0.921276,-1.096910,-1.081529,-1.284142,-1.223435,-1.491846
Y,Right,legacy_asl_Y_182,0.000000,0.000000,0.453019,-0.256720,0.799389,-0.654500,0.930427,-1.046956,0.961912,-1.371610,0.213328,-1.058451,0.119866,-1.292352,0.148772,-0.948693,0.205350,-0.645861,-0.120536,-0.983086,-0.192327,-1.235119,-0.090306,-0.820111,0.009803,-0.506356,-0.406516,-0.869871,-0.502644,-1.066315,-0.347729,-0.721912,-0.200624,-0.459340,-0.660113,-0.728836,-0.889317,-1.033136,-1.043970,-1.209447,-1.181401,-1.405451
Y,Right,legacy_asl_Y_183,-0.010514,-0.007555,0.416846,-0.286216,0.774934,-0.657179,0.949045,-1.033426,0.970152,-1.346301,0.204090,-1.046652,0.143972,-1.281223,0.157979,-0.953844,0.212299,-0.677675,-0.094817,-0.969522,-0.178222,-1.218094,-0.090323,-0.820264,0.009127,-0.509015,-0.378011,-0.879634,-0.488827,-1.072947,-0.339641,-0.737708,-0.176172,-0.460500,-0.632296,-0.726880,-0.876539,-1.036799,-1.039891,-1.218554,-1.178174,-1.436300
Y,Right,legacy_asl_Y_184,0.000000,0.000000,0.474153,-0.261145,0.839223,-0.670268,0.980390,-1.076573,1.017214,-1.413655,0.235109,-1.097570,0.140906,-1.341890,0.166619,-0.984291,0.221610,-0.668782,-0.112894,-1.023440,-0.184341,-1.286335,-0.083526,-0.853646,0.016579,-0.526234,-0.411599,-0.909361,-0.509046,-1.114777,-0.352357,-0.754816,-0.202754,-0.480016,-0.676993,-0.765954,-0.911412,-1.085166,-1.069949,-1.270394,-1.210336,-1.475874
Y,Right,legacy_asl_Y_185,0.000000,0.000000,0.475543,-0.212108,0.858452,-0.574850,1.026510,-0.952936,1.088974,-1.273077,0.313816,-1.033125,0.243208,-1.274908,0.239036,-0.930061,0.266321,-0.623200,-0.025735,-0.990113,-0.073034,-1.247868,-0.011268,-0.824991,0.058301,-0.503084,-0.321252,-0.904836,-0.398104,-1.109590,-0.276920,-0.751923,-0.155664,-0.476458,-0.587201,-0.788762,-0.786177,-1.113633,-0.923215,-1.303959,-1.041223,-1.512235
Y,Right,legacy_asl_Y_186,-0.005579,-0.002098,0.431762,-0.233336,0.798381,-0.630389,0.935599,-1.046735,0.982475,-1.349590,0.236988,-1.078972,0.128151,-1.300533,0.167969,-0.972360,0.201715,-0.605949,-0.086577,-0.965317,-0.160796,-1.250922,-0.051540,-0.814322,0.016718,-0.511761,-0.393082,-0.885630,-0.518981,-1.044538,-0.320805,-0.746292,-0.205899,-0.444442,-0.654040,-0.742392,-0.874063,-1.064395,-1.011392,-1.225956,-1.180874,-1.433227
Y,Right,legacy_asl_Y_187,0.000000,0.000000,0.434880,-0.239515,0.769713,-0.614752,0.899187,-0.987404,0.932961,-1.296565,0.215636,-1.006661,0.129235,-1.230745,0.152818,-0.902765,0.203255,-0.613389,-0.103543,-0.938671,-0.169072,-1.179791,-0.076608,-0.782941,0.015206,-0.482647,-0.377507,-0.834041,-0.466883,-1.022444,-0.323172,-0.692297,-0.185960,-0.440258,-0.620920,-0.702512,-0.835922,-0.995285,-0.981328,-1.165171,-1.110087,-1.353631
Y,Right,legacy_asl_Y_188,0.000000,0.000000,0.447248,-0.266647,0.784761,-0.671968,0.907114,-1.067218,0.931432,-1.392488,0.189936,-1.062898,0.091339,-1.294681,0.127816,-0.951743,0.191058,-0.650232,-0.142185,-0.980189,-0.219516,-1.230578,-0.108369,-0.817921,-0.001365,-0.506449,-0.425599,-0.860695,-0.526036,-1.054971,-0.363564,-0.714069,-0.210704,-0.454804,-0.676025,-0.714102,-0.911883,-1.013274,-1.070386,-1.186132,-1.212106,-1.379057
Y,Right,legacy_asl_Y_189,-0.009855,0.004427,0.360708,-0.308659,0.576011,-0.780356,0.608424,-1.200277,0.634265,-1.468904,0.018325,-1.050599,-0.112347,-1.306537,-0.038932,-0.975986,0.037124,-0.718347,-0.290131,-0.944700,-0.349733,-1.175500,-0.229145,-0.834085,-0.099740,-0.596105,-0.496479,-0.831555,-0.574502,-1.020633,-0.439895,-0.683977,-0.261950,-0.458815,-0.718231,-0.658777,-0.885197,-0.983476,-0.988011,-1.155606,-1.120780,-1.361597
Y,Right,legacy_asl_Y_190,0.000000,0.000000,0.328537,-0.306105,0.557906,-0.735869,0.582571,-1.118218,0.600474,-1.410326,0.005994,-1.008357,-0.101618,-1.229934,-0.024232,-0.921713,0.049054,-0.682036,-0.251067,-0.919828,-0.349924,-1.123824,-0.206383,-0.776901,-0.103990,-0.568307,-0.468561,-0.793548,-0.577371,-0.986517,-0.398385,-0.667065,-0.261505,-0.449892,-0.663527,-0.636597,-0.847384,-0.926798,-0.952884,-1.099820,-1.062218,-1.288616
Y,Right,legacy_asl_Y_191,0.000000,0.000000,0.360013,-0.301333,0.623362,-0.737281,0.670356,-1.135099,0.705276,-1.439078,0.062281,-1.052434,-0.037759,-1.289748,0.025910,-0.963653,0.089108,-0.709349,-0.211020,-0.974288,-0.302897,-1.192761,-0.172308,-0.822584,-0.076996,-0.599114,-0.445109,-0.854530,-0.547989,-1.062043,-0.378869,-0.718578,-0.248027,-0.484235,-0.657381,-0.701499,-0.833212,-1.014696,-0.933746,-1.201199,-1.037405,-1.404385
Y,Right,legacy_asl_Y_192,-0.001194,-0.000755,0.340033,-0.371093,0.580202,-0.778025,0.602351,-1.177468,0.631915,-1.472181,-0.003129,-1.029811,-0.114251,-1.289042,-0.051629,-0.952217,0.037819,-0.686252,-0.274035,-0.975407,-0.385321,-1.192629,-0.221773,-0.813195,-0.124954,-0.591029,-0.481934,-0.834633,-0.591713,-1.054295,-0.454028,-0.717213,-0.248150,-0.493638,-0.696599,-0.664590,-0.877149,-0.942652,-0.998792,-1.147717,-1.106352,-1.352687
Y,Right,legacy_asl_Y_193,0.000000,0.000000,0.327489,-0.305128,0.556127,-0.733521,0.580713,-1.114651,0.598558,-1.405827,0.005974,-1.005141,-0.101294,-1.226010,-0.024155,-0.918772,0.048898,-0.679861,-0.250266,-0.916894,-0.348808,-1.120239,-0.205725,-0.774423,-0.103659,-0.566494,-0.467067,-0.791016,-0.575529,-0.983370,-0.397114,-0.664937,-0.260671,-0.448456,-0.661410,-0.634566,-0.844681,-0.923842,-0.949844,-1.096311,-1.058829,-1.284505
Y,Right,legacy_asl_Y_194,0.000000,0.000000,0.350417,-0.312440,0.600010,-0.756407,0.634546,-1.155500,0.659946,-1.460421,0.029352,-1.053867,-0.078058,-1.287937,-0.004226,-0.963992,0.066890,-0.711788,-0.241373,-0.967216,-0.340034,-1.182710,-0.197938,-0.816795,-0.095686,-0.596414,-0.471604,-0.840198,-0.580921,-1.044394,-0.401146,-0.706383,-0.263043,-0.476245,-0.678989,-0.680606,-0.864524,-0.988154,-0.970839,-1.171423,-1.080799,-1.371269
Y,Right,legacy_asl_Y_195,-0.001142,-0.013569,0.330338,-0.331574,0.586224,-0.763793,0.590447,-1.181219,0.615418,-1.465979,-0.003359,-1.047414,-0.093019,-1.302338,0.001721,-0.954947,0.051259,-0.720030,-0.288143,-0.969112,-0.391213,-1.158088,-0.226621,-0.815627,-0.093982,-0.584143,-0.482878,-0.825219,-0.616251,-1.038557,-0.405655,-0.679328,-0.284047,-0.490982,-0.656755,-0.663560,-0.896731,-0.951507,-1.011919,-1.144024,-1.133104,-1.345809
Y,Right,legacy_asl_Y_196,0.000000,0.000000,0.367166,-0.342097,0.623505,-0.822392,0.651070,-1.249698,0.671077,-1.576152,0.006698,-1.126920,-0.113566,-1.374549,-0.027081,-1.030087,0.054822,-0.762230,-0.280588,-1.027982,-0.391068,-1.255963,-0.230649,-0.868249,-0.116217,-0.635128,-0.523655,-0.886853,-0.645258,-1.102512,-0.445227,-0.745499,-0.292253,-0.502790,-0.741544,-0.711448,-0.947019,-1.035771,-1.064924,-1.229136,-1.187113,-1.440131
Y,Right,legacy_asl_Y_197,0.000000,0.000000,0.333080,-0.330860,0.558397,-0.787627,0.571386,-1.188000,0.580326,-1.493848,-0.027455,-1.053918,-0.147316,-1.281863,-0.056143,-0.962365,0.028454,-0.714358,-0.293119,-0.952811,-0.403244,-1.162678,-0.241645,-0.804948,-0.127671,-0.590394,-0.516174,-0.813577,-0.636331,-1.011588,-0.438611,-0.683751,-0.288313,-0.461385,-0.714662,-0.643046,-0.916494,-0.940154,-1.032525,-1.117431,-1.153090,-1.311064
Y,Right,legacy_asl_Y_198,0.001776,-0.000365,0.319890,-0.418090,0.599979,-0.799465,0.683532,-1.226651,0.734007,-1.495595,0.144216,-1.113005,-0.052077,-1.320854,0.009749,-1.011676,0.115203,-0.852234,-0.140671,-0.993210,-0.304345,-1.255215,-0.177363,-0.829821,-0.055749,-0.698861,-0.345266,-0.857582,-0.502627,-1.106629,-0.402172,-0.793223,-0.252255,-0.609795,-0.556978,-0.715667,-0.797694,-0.973849,-0.931576,-1.100239,-1.155515,-1.237780
Y,Right,legacy_asl_Y_199,0.000000,0.000000,0.295897,-0.367483,0.569083,-0.742939,0.648994,-1.124601,0.683365,-1.396693,0.154480,-1.023283,-0.037133,-1.244835,0.004734,-0.953045,0.111510,-0.769822,-0.108760,-0.929619,-0.262780,-1.170465,-0.155148,-0.810621,-0.035748,-0.672862,-0.321772,-0.806240,-0.484232,-1.029289,-0.376746,-0.742949,-0.238929,-0.572285,-0.497107,-0.659694,-0.733612,-0.905358,-0.914923,-1.016866,-1.064064,-1.150584
Y,Right,legacy_asl_Y_200,0.000000,0.000000,0.332301,-0.378923,0.640723,-0.767376,0.743144,-1.171128,0.792042,-1.459983,0.210811,-1.085193,0.016253,-1.330253,0.047837,-1.016952,0.153572,-0.816608,-0.074344,-0.997045,-0.227914,-1.261010,-0.129195,-0.872123,-0.007947,-0.719736,-0.307226,-0.874928,-0.470603,-1.120277,-0.368740,-0.809847,-0.229313,-0.621514,-0.500936,-0.726393,-0.742324,-0.999203,-0.930828,-1.126352,-1.084000,-1.275762
Y,Right,legacy_asl_Y_201,0.005223,0.001089,0.297022,-0.389354,0.613269,-0.824423,0.692840,-1.197740,0.722501,-1.490891,0.160075,-1.098592,-0.022648,-1.336206,-0.002848,-1.001177,0.138666,-0.824209,-0.089196,-0.999372,-0.266936,-1.263095,-0.159961,-0.843379,-0.049681,-0.743694,-0.329848,-0.870508,-0.520985,-1.092654,-0.428463,-0.784459,-0.253488,-0.632343,-0.537555,-0.691574,-0.797463,-0.977475,-0.975306,-1.081055,-1.112363,-1.218091
Y,Right,legacy_asl_Y_202,0.000000,0.000000,0.314780,-0.390935,0.605400,-0.790351,0.690411,-1.196369,0.726975,-1.485826,0.164338,-1.088585,-0.039503,-1.324276,0.005036,-1.013865,0.118627,-0.818949,-0.115700,-0.988944,-0.279550,-1.245160,-0.165049,-0.862352,-0.038029,-0.715802,-0.342306,-0.857691,-0.515134,-1.094975,-0.400789,-0.790361,-0.254177,-0.608806,-0.528830,-0.701793,-0.780428,-0.963135,-0.973310,-1.081758,-1.131969,-1.224010
Y,Right,legacy_asl_Y_203,0.000000,0.000000,0.292382,-0.410512,0.560044,-0.828095,0.621213,-1.240120,0.640723,-1.532435,0.100264,-1.100923,-0.118023,-1.325107,-0.054994,-1.016590,0.070411,-0.827934,-0.174544,-0.984459,-0.353959,-1.231586,-0.216514,-0.854641,-0.080511,-0.715263,-0.393919,-0.839473,-0.581212,-1.067089,-0.448554,-0.768518,-0.290839,-0.595211,-0.571657,-0.672155,-0.839334,-0.919223,-1.039703,-1.026707,-1.207166,-1.159903
Y,Right,legacy_asl_Y_204,0.007163,0.001553,0.332262,-0.361339,0.602721,-0.814801,0.686938,-1.195616,0.733862,-1.535416,0.152653,-1.105393,-0.013093,-1.345977,-0.006480,-1.017753,0.123345,-0.820672,-0.129603,-0.983013,-0.273873,-1.255492,-0.172363,-0.841423,-0.043187,-0.695436,-0.363512,-0.864395,-0.520302,-1.106753,-0.403788,-0.806368,-0.236027,-0.636369,-0.515719,-0.715126,-0.777468,-0.953733,-0.944474,-1.107586,-1.129329,-1.225487
Y,Right,legacy_asl_Y_205,0.000000,0.000000,0.321172,-0.398874,0.617694,-0.806401,0.704431,-1.220665,0.741738,-1.516000,0.167675,-1.110692,-0.040305,-1.351169,0.005138,-1.034454,0.121036,-0.835580,-0.118050,-1.009027,-0.285227,-1.270447,-0.168401,-0.879864,-0.038802,-0.730338,-0.349258,-0.875109,-0.525595,-1.117212,-0.408928,-0.806412,-0.259339,-0.621170,-0.539570,-0.716045,-0.796277,-0.982695,-0.993076,-1.103727,-1.154957,-1.248867
Y,Right,legacy_asl_Y_206,0.000000,0.000000,0.322816,-0.387036,0.621523,-0.783007,0.713914,-1.189172,0.755644,-1.479150,0.183872,-1.090081,-0.016695,-1.330248,0.022638,-1.017824,0.133302,-0.820161,-0.099012,-0.994898,-0.259072,-1.254979,-0.150753,-0.868656,-0.025768,-0.719318,-0.328799,-0.867051,-0.498201,-1.108279,-0.388682,-0.800467,-0.244634,-0.615645,-0.518771,-0.713765,-0.766841,-0.980514,-0.958436,-1.102956,-1.115261,-1.248526
Y,Right,legacy_asl_Y_207,0.001372,0.005689,0.381422,-0.248423,0.765634,-0.486565,0.950113,-0.807223,1.011392,-1.072838,0.575444,-0.953641,0.399668,-1.181224,0.291108,-0.872351,0.342478,-0.656092,0.320464,-0.959105,0.176273,-1.234502,0.126753,-0.827366,0.190502,-0.650224,0.037890,-0.942765,-0.070305,-1.169117,-0.098632,-0.820798,-0.003258,-0.638498,-0.191761,-0.860449,-0.347531,-1.128709,-0.513700,-1.209344,-0.619465,-1.339360
Y,Right,legacy_asl_Y_208,0.000000,0.000000,0.358738,-0.223214,0.732144,-0.443743,0.915770,-0.771416,0.976165,-1.032058,0.545842,-0.888969,0.377828,-1.127754,0.280395,-0.832836,0.309570,-0.645811,0.280556,-0.905647,0.161556,-1.176784,0.104354,-0.793371,0.165418,-0.627140,0.044350,-0.866595,-0.076252,-1.088050,-0.101100,-0.780660,-0.024707,-0.588924,-0.160465,-0.802002,-0.316255,-1.050787,-0.490016,-1.148863,-0.607355,-1.264306
Y,Right,legacy_asl_Y_209,0.000000,0.000000,0.356737,-0.267038,0.729130,-0.532583,0.892403,-0.893525,0.932259,-1.172870,0.493045,-0.983543,0.294874,-1.219236,0.219204,-0.900518,0.266799,-0.706639,0.212778,-0.977041,0.063180,-1.251168,0.037799,-0.843106,0.117018,-0.673965,-0.031884,-0.914613,-0.178666,-1.136391,-0.176936,-0.811142,-0.079299,-0.616589,-0.241248,-0.828191,-0.427481,-1.075499,-0.618947,-1.162817,-0.752700,-1.273495
Y,Right,legacy_asl_Y_210,-0.014370,-0.019687,0.379750,-0.240809,0.805931,-0.467227,0.986716,-0.817449,1.031793,-1.080797,0.595747,-0.928012,0.390744,-1.197823,0.296861,-0.871140,0.317855,-0.685612,0.296957,-0.965359,0.167858,-1.226433,0.097507,-0.848975,0.157995,-0.629956,0.048965,-0.906976,-0.091729,-1.146729,-0.098387,-0.830352,-0.029510,-0.637968,-0.161468,-0.843560,-0.351959,-1.130226,-0.509991,-1.197499,-0.632510,-1.329575
Y,Right,legacy_asl_Y_211,0.000000,0.000000,0.354510,-0.220584,0.723517,-0.438514,0.904979,-0.762326,0.964662,-1.019896,0.539410,-0.878494,0.373376,-1.114465,0.277091,-0.823022,0.305922,-0.638200,0.277250,-0.894975,0.159652,-1.162918,0.103124,-0.784022,0.163468,-0.619750,0.043828,-0.856383,-0.075353,-1.075229,-0.099908,-0.771461,-0.024416,-0.581984,-0.158574,-0.792552,-0.312529,-1.038405,-0.484242,-1.135325,-0.600198,-1.249408
Y,Right,legacy_asl_Y_212,0.000000,0.000000,0.355398,-0.268817,0.726460,-0.536219,0.887928,-0.897973,0.926387,-1.177514,0.488125,-0.985994,0.288779,-1.220694,0.214702,-0.901602,0.263265,-0.707963,0.207894,-0.978092,0.056928,-1.251468,0.033586,-0.843285,0.113649,-0.674541,-0.036453,-0.914443,-0.184342,-1.135484,-0.180987,-0.810248,-0.082379,-0.616185,-0.245383,-0.826976,-0.432849,-1.073349,-0.624749,-1.159710,-0.759053,-1.269718
Y,Right,legacy_asl_Y_213,0.001397,0.000292,0.369192,-0.237654,0.769653,-0.454264,0.963685,-0.850748,1.009612,-1.081311,0.571382,-0.946426,0.408177,-1.198489,0.278930,-0.877524,0.308028,-0.702099,0.297642,-0.969797,0.182773,-1.244272,0.099950,-0.870134,0.176426,-0.667024,0.035587,-0.914876,-0.099968,-1.142691,-0.113372,-0.826431,-0.016517,-0.590149,-0.151693,-0.831570,-0.315525,-1.100532,-0.515056,-1.199515,-0.630581,-1.336348
Y,Right,legacy_asl_Y_214,0.000000,0.000000,0.400898,-0.249447,0.818189,-0.495893,1.023395,-0.862076,1.090888,-1.153349,0.609991,-0.993445,0.422232,-1.260293,0.313348,-0.930714,0.345952,-0.721709,0.313528,-1.012082,0.180543,-1.315085,0.116618,-0.886611,0.184858,-0.700844,0.049562,-0.968441,-0.085213,-1.215923,-0.112981,-0.872407,-0.027611,-0.658137,-0.179323,-0.896257,-0.353423,-1.174280,-0.547605,-1.283882,-0.678734,-1.412893
Y,Right,legacy_asl_Y_215,0.000000,0.000000,0.371425,-0.246199,0.758396,-0.490011,0.942045,-0.841024,0.997811,-1.117633,0.548488,-0.953735,0.364122,-1.200376,0.270347,-0.886508,0.306776,-0.690224,0.268309,-0.963273,0.134633,-1.245507,0.085955,-0.839564,0.155371,-0.666169,0.020477,-0.914940,-0.113381,-1.144749,-0.130256,-0.819934,-0.043906,-0.620115,-0.193488,-0.840633,-0.365272,-1.098187,-0.551431,-1.196313,-0.678635,-1.314459
Y,Right,legacy_asl_Y_216,-0.018385,-0.023632,0.461997,-0.227855,0.918227,-0.477474,1.154639,-0.850571,1.240810,-1.154991,0.571253,-0.976486,0.472979,-1.276813,0.352842,-0.966888,0.362386,-0.749764,0.288809,-0.968478,0.157091,-1.284156,0.103240,-0.881200,0.198994,-0.674811,0.031846,-0.897151,-0.123135,-1.156485,-0.112856,-0.857755,-0.036513,-0.658549,-0.215980,-0.832232,-0.363268,-1.086540,-0.554732,-1.249367,-0.665071,-1.379041
Y,Right,legacy_asl_Y_217,0.000000,0.000000,0.418922,-0.204188,0.848574,-0.449356,1.055896,-0.782832,1.146714,-1.065097,0.558830,-0.906295,0.431430,-1.176504,0.321706,-0.888270,0.342324,-0.675579,0.279415,-0.889472,0.176693,-1.186362,0.115522,-0.823338,0.180365,-0.643428,0.029981,-0.831560,-0.085202,-1.079740,-0.112837,-0.798275,-0.038541,-0.604472,-0.190871,-0.759007,-0.341974,-1.014902,-0.508146,-1.151907,-0.619954,-1.301226
Y,Right,legacy_asl_Y_218,0.000000,0.000000,0.467915,-0.175829,0.951415,-0.394337,1.206402,-0.729544,1.331822,-1.021807,0.688057,-0.911467,0.579241,-1.212843,0.433032,-0.916112,0.433617,-0.686915,0.387993,-0.921657,0.308218,-1.249037,0.206318,-0.867551,0.257432,-0.668902,0.115803,-0.884949,0.017813,-1.161570,-0.040057,-0.863797,0.019752,-0.649361,-0.127341,-0.829728,-0.262911,-1.118207,-0.426551,-1.281249,-0.530898,-1.451963
Y,Right,legacy_asl_Y_219,-0.023963,0.035720,0.431721,-0.242447,0.916154,-0.487640,1.137489,-0.848199,1.235709,-1.151087,0.609539,-0.961386,0.466270,-1.275611,0.341572,-0.931160,0.370103,-0.733415,0.306549,-0.957408,0.202262,-1.269880,0.153815,-0.871824,0.199328,-0.702289,0.013009,-0.898382,-0.099650,-1.159226,-0.134143,-0.842896,-0.033134,-0.637439,-0.206290,-0.837030,-0.349452,-1.066012,-0.554373,-1.232003,-0.664173,-1.395002
Y,Right,legacy_asl_Y_220,0.000000,0.000000,0.475397,-0.231715,0.962969,-0.509933,1.198240,-0.888364,1.301301,-1.208681,0.634165,-1.028471,0.489590,-1.335107,0.365075,-1.008017,0.388472,-0.766653,0.317082,-1.009380,0.200513,-1.346294,0.131095,-0.934331,0.204680,-0.730168,0.034023,-0.943661,-0.096688,-1.225298,-0.128049,-0.905889,-0.043736,-0.685960,-0.216602,-0.861328,-0.388075,-1.151720,-0.576648,-1.307194,-0.703529,-1.476642
Y,Right,legacy_asl_Y_221,0.000000,0.000000,0.454326,-0.208441,0.921185,-0.460554,1.151859,-0.812935,1.256322,-1.113326,0.621958,-0.957791,0.492127,-1.250728,0.367242,-0.944411,0.384014,-0.715828,0.321923,-0.946760,0.219223,-1.267688,0.144524,-0.879957,0.209542,-0.685415,0.053006,-0.890919,-0.064278,-1.159927,-0.100971,-0.858810,-0.026165,-0.649134,-0.185630,-0.818661,-0.341238,-1.096844,-0.515985,-1.247920,-0.632129,-1.410837
Y,Right,legacy_asl_Y_222,0.006703,-0.008855,0.451324,-0.224015,0.924237,-0.481066,1.126821,-0.847682,1.230597,-1.132856,0.608640,-0.968257,0.460502,-1.283926,0.317644,-0.944893,0.336925,-0.711472,0.280808,-0.952140,0.215938,-1.250186,0.112203,-0.882554,0.189740,-0.684012,0.040729,-0.926875,-0.084811,-1.164572,-0.119132,-0.842843,-0.041356,-0.665717,-0.243396,-0.788172,-0.350205,-1.066081,-0.551460,-1.245700,-0.641230,-1.379259
Y,Right,legacy_asl_Y_223,0.000000,0.000000,0.466887,-0.227567,0.945731,-0.500805,1.176791,-0.872462,1.278007,-1.187045,0.622813,-1.010061,0.480827,-1.311208,0.358540,-0.989973,0.381518,-0.752929,0.311407,-0.991312,0.196924,-1.322195,0.128748,-0.917606,0.201016,-0.717097,0.033414,-0.926769,-0.094957,-1.203364,-0.125757,-0.889673,-0.042953,-0.673682,-0.212725,-0.845910,-0.381129,-1.131103,-0.566326,-1.283795,-0.690935,-1.450210
Y,Right,legacy_asl_Y_224,0.000000,0.000000,0.454615,-0.207810,0.921823,-0.459276,1.152985,-0.811337,1.257864,-1.111583,0.623286,-0.956927,0.493861,-1.250044,0.368551,-0.943901,0.385007,-0.715294,0.323236,-0.946313,0.220981,-1.267383,0.145744,-0.879756,0.210493,-0.685124,0.054242,-0.890844,-0.062669,-1.160015,-0.099780,-0.858949,-0.025264,-0.649170,-0.184495,-0.818918,-0.339716,-1.097316,-0.514254,-1.248635,-0.630172,-1.411713
Y,Right,legacy_asl_Y_225,0.027399,0.027127,0.331278,-0.284177,0.564550,-0.704055,0.663906,-1.083406,0.701368,-1.396635,0.026930,-1.048274,-0.023876,-1.270404,0.064922,-0.932103,0.163983,-0.719635,-0.230717,-0.975637,-0.215369,-1.178144,-0.155468,-0.852119,-0.070973,-0.600325,-0.434394,-0.846785,-0.484854,-1.099343,-0.354784,-0.728542,-0.240106,-0.514420,-0.664087,-0.704884,-0.779432,-1.066880,-0.867079,-1.283578,-0.904677,-1.495770
Y,Right,legacy_asl_Y_226,0.000000,0.000000,0.330956,-0.302822,0.605409,-0.749586,0.691466,-1.121959,0.724636,-1.425067,0.043788,-1.083574,-0.019865,-1.305866,0.069125,-0.998314,0.146668,-0.748092,-0.220778,-1.012524,-0.260358,-1.231585,-0.141616,-0.866270,-0.063213,-0.616571,-0.456931,-0.899454,-0.512133,-1.128209,-0.368880,-0.784952,-0.250683,-0.528285,-0.677305,-0.750652,-0.829645,-1.110368,-0.898924,-1.340407,-0.946245,-1.554683
Y,Right,legacy_asl_Y_227,0.000000,0.000000,0.296180,-0.315619,0.527439,-0.765574,0.582907,-1.130135,0.592577,-1.424178,-0.037385,-1.045680,-0.114934,-1.254869,-0.006752,-0.965515,0.086211,-0.730475,-0.286700,-0.957913,-0.340853,-1.165759,-0.199809,-0.823016,-0.106058,-0.588542,-0.505597,-0.831803,-0.575491,-1.047830,-0.412485,-0.728106,-0.279938,-0.489849,-0.706692,-0.672476,-0.879648,-1.007367,-0.963180,-1.223596,-1.024429,-1.426271
Y,Right,legacy_asl_Y_228,-0.008146,-0.023816,0.311966,-0.289890,0.581173,-0.731162,0.632480,-1.102074,0.699845,-1.392405,0.023866,-1.025601,-0.021575,-1.242842,0.045719,-0.984665,0.145911,-0.717101,-0.206656,-0.940692,-0.250362,-1.166082,-0.104164,-0.830550,-0.075922,-0.578129,-0.457127,-0.862578,-0.514506,-1.104932,-0.348212,-0.760021,-0.256375,-0.516496,-0.646161,-0.699954,-0.784696,-1.079744,-0.860031,-1.287536,-0.933977,-1.493988
Y,Right,legacy_asl_Y_229,0.000000,0.000000,0.338518,-0.309741,0.619243,-0.766714,0.707266,-1.147596,0.741194,-1.457629,0.044788,-1.108333,-0.020319,-1.335705,0.070704,-1.021126,0.150020,-0.765186,-0.225822,-1.035660,-0.266307,-1.259726,-0.144852,-0.886064,-0.064658,-0.630659,-0.467372,-0.920006,-0.523835,-1.153988,-0.377309,-0.802888,-0.256411,-0.540356,-0.692781,-0.767804,-0.848602,-1.135740,-0.919465,-1.371035,-0.967867,-1.590207
Y,Right,legacy_asl_Y_230,0.000000,0.000000,0.303962,-0.308131,0.546375,-0.752177,0.610921,-1.115241,0.627924,-1.408951,-0.011285,-1.046288,-0.083590,-1.257346,0.017338,-0.965382,0.104408,-0.728097,-0.262712,-0.964767,-0.311662,-1.173900,-0.179214,-0.827744,-0.091342,-0.591005,-0.484687,-0.844159,-0.549170,-1.061861,-0.394191,-0.738171,-0.267629,-0.496681,-0.689695,-0.689898,-0.854242,-1.029000,-0.932353,-1.247245,-0.988526,-1.451385
Y,Right,legacy_asl_Y_231,0.003483,0.025958,0.333394,-0.286001,0.564661,-0.722199,0.654899,-1.082067,0.684181,-1.375042,0.030355,-1.029267,-0.012121,-1.251188,0.069981,-0.976639,0.166481,-0.705164,-0.210907,-0.976208,-0.255427,-1.218357,-0.154350,-0.817930,-0.070517,-0.598200,-0.438858,-0.878503,-0.492429,-1.082553,-0.345580,-0.748316,-0.248777,-0.523694,-0.631955,-0.726585,-0.803219,-1.065672,-0.863910,-1.287585,-0.936738,-1.503710
Y,Right,legacy_asl_Y_232,0.000000,0.000000,0.330454,-0.302363,0.604492,-0.748451,0.690419,-1.120259,0.723538,-1.422907,0.043721,-1.081932,-0.019835,-1.303888,0.069020,-0.996802,0.146446,-0.746959,-0.220443,-1.010990,-0.259963,-1.229719,-0.141402,-0.864957,-0.063117,-0.615637,-0.456238,-0.898091,-0.511357,-1.126499,-0.368321,-0.783763,-0.250303,-0.527485,-0.676279,-0.749515,-0.828388,-1.108686,-0.897562,-1.338376,-0.944812,-1.552328
Y,Right,legacy_asl_Y_233,0.000000,0.000000,0.302561,-0.309507,0.542956,-0.754648,0.605854,-1.118001,0.621524,-1.411786,-0.016032,-1.046226,-0.089295,-1.256954,0.012957,-0.965451,0.101103,-0.728563,-0.267087,-0.963565,-0.316986,-1.172474,-0.182968,-0.826923,-0.094023,-0.590584,-0.488513,-0.841950,-0.553982,-1.059358,-0.397537,-0.736374,-0.269880,-0.495461,-0.692818,-0.686761,-0.858903,-1.025113,-0.938003,-1.243001,-0.995102,-1.446884
Y,Right,legacy_asl_Y_234,0.023793,0.005541,0.444673,-0.291371,0.740667,-0.610705,0.938682,-0.977000,1.114340,-1.286402,0.210592,-1.005336,0.202013,-1.251209,0.238596,-0.968940,0.275198,-0.698403,-0.095945,-1.009105,-0.094666,-1.291706,0.016763,-0.877512,0.051715,-0.620259,-0.362540,-0.879819,-0.367515,-1.198688,-0.269349,-0.827153,-0.193081,-0.571366,-0.580473,-0.767399,-0.790527,-1.086121,-0.895410,-1.271996,-0.972761,-1.509184
Y,Right,legacy_asl_Y_235,0.000000,0.000000,0.427602,-0.289161,0.774341,-0.636209,0.976335,-1.006804,1.099454,-1.289133,0.208026,-1.058630,0.207292,-1.303991,0.256654,-0.963621,0.273143,-0.705399,-0.094592,-1.012539,-0.088781,-1.295311,0.010480,-0.894552,0.054410,-0.638012,-0.359650,-0.916170,-0.384028,-1.199687,-0.261210,-0.852353,-0.191101,-0.598942,-0.603906,-0.778544,-0.809707,-1.101702,-0.910815,-1.305081,-1.004238,-1.539015
Y,Right,legacy_asl_Y_236,0.000000,0.000000,0.423195,-0.275266,0.768331,-0.608554,0.972341,-0.967401,1.097678,-1.241320,0.221960,-1.031536,0.225539,-1.271474,0.267846,-0.937779,0.279447,-0.684989,-0.074762,-0.991766,-0.064127,-1.268172,0.025916,-0.874552,0.064379,-0.622926,-0.335636,-0.902175,-0.354509,-1.179838,-0.240495,-0.838046,-0.176377,-0.589021,-0.576892,-0.771875,-0.772475,-1.091479,-0.867780,-1.292124,-0.955036,-1.522512
Y,Right,legacy_asl_Y_237,0.016694,0.013885,0.425446,-0.288717,0.768094,-0.619362,0.963350,-1.000390,1.048912,-1.258071,0.190723,-1.028550,0.186698,-1.258746,0.242123,-0.928152,0.268146,-0.695010,-0.095696,-1.004273,-0.091096,-1.245992,0.025167,-0.844528,0.060764,-0.643324,-0.339254,-0.900311,-0.374600,-1.181556,-0.233127,-0.813628,-0.189625,-0.560655,-0.585009,-0.726282,-0.794267,-1.075508,-0.892382,-1.285621,-0.988670,-1.509013
Y,Right,legacy_asl_Y_238,0.000000,0.000000,0.423233,-0.286206,0.766428,-0.629708,0.966358,-0.996516,1.088219,-1.275960,0.205900,-1.047812,0.205173,-1.290665,0.254031,-0.953774,0.270352,-0.698191,-0.093625,-1.002192,-0.087874,-1.282074,0.010373,-0.885411,0.053854,-0.631493,-0.355974,-0.906808,-0.380104,-1.187428,-0.258540,-0.843643,-0.189148,-0.592822,-0.597735,-0.770588,-0.801433,-1.090444,-0.901507,-1.291745,-0.993975,-1.523288
Y,Right,legacy_asl_Y_239,0.000000,0.000000,0.394531,-0.314977,0.705749,-0.680138,0.874028,-1.057065,0.972234,-1.341839,0.120964,-1.048189,0.101277,-1.287345,0.175719,-0.959320,0.211760,-0.708844,-0.170508,-0.979855,-0.186706,-1.255991,-0.058947,-0.872948,0.003718,-0.626233,-0.421474,-0.865408,-0.467162,-1.139936,-0.320566,-0.810800,-0.232621,-0.569160,-0.648969,-0.712345,-0.874600,-1.011494,-0.988898,-1.201960,-1.098067,-1.422809
Y,Right,legacy_asl_Y_240,0.016218,0.011346,0.431053,-0.300400,0.743230,-0.632329,0.938819,-1.004269,1.077605,-1.215597,0.197097,-1.031889,0.230329,-1.297128,0.240282,-0.939977,0.286939,-0.688903,-0.093983,-0.980156,-0.090719,-1.258699,-0.000551,-0.872858,0.066769,-0.628277,-0.343422,-0.945238,-0.355735,-1.178838,-0.249409,-0.858002,-0.224080,-0.596719,-0.588831,-0.774077,-0.780591,-1.089733,-0.899200,-1.273365,-0.982067,-1.502469
Y,Right,legacy_asl_Y_241,0.000000,0.000000,0.392216,-0.265232,0.710261,-0.583560,0.895539,-0.923487,1.008469,-1.182452,0.190811,-0.971024,0.190137,-1.196080,0.235415,-0.883877,0.250539,-0.647025,-0.086764,-0.928747,-0.081434,-1.188118,0.009613,-0.820524,0.049907,-0.585214,-0.329887,-0.840353,-0.352248,-1.100408,-0.239593,-0.781817,-0.175286,-0.549377,-0.553930,-0.714116,-0.742701,-1.010532,-0.835441,-1.197080,-0.921132,-1.411655
Y,Right,legacy_asl_Y_242,0.000000,0.000000,0.438714,-0.249790,0.802933,-0.562111,1.027782,-0.908283,1.169078,-1.174320,0.282498,-1.016625,0.300243,-1.255933,0.322767,-0.920322,0.319417,-0.667288,-0.016054,-0.994450,0.010888,-1.269746,0.077525,-0.871495,0.101059,-0.618036,-0.281764,-0.920424,-0.284205,-1.198717,-0.190577,-0.850788,-0.141280,-0.598411,-0.530295,-0.804601,-0.706659,-1.135199,-0.789948,-1.341123,-0.863444,-1.576262
Y,Right,legacy_asl_Y_243,-0.017833,-0.006280,0.332156,-0.442396,0.546843,-0.851535,0.662096,-1.254943,0.725057,-1.466207,-0.018135,-1.075107,-0.132571,-1.341275,-0.031270,-1.010508,0.064467,-0.837402,-0.304780,-0.956620,-0.401265,-1.202874,-0.182129,-0.848592,-0.098550,-0.712016,-0.493744,-0.777213,-0.610463,-1.033131,-0.395065,-0.732697,-0.242937,-0.522815,-0.662235,-0.617073,-0.937108,-0.920795,-1.070315,-1.120735,-1.186298,-1.313706
Y,Right,legacy_asl_Y_244,0.000000,0.000000,0.333857,-0.459727,0.564732,-0.842127,0.653717,-1.239650,0.736091,-1.478374,-0.030751,-1.073273,-0.145212,-1.337802,-0.008116,-1.027061,0.077746,-0.837950,-0.296013,-0.968628,-0.399946,-1.227013,-0.188000,-0.859167,-0.088114,-0.714720,-0.510478,-0.807714,-0.614838,-1.041141,-0.386476,-0.724376,-0.240262,-0.550064,-0.687976,-0.621955,-0.952036,-0.927917,-1.067959,-1.095009,-1.215038,-1.318522
Y,Right,legacy_asl_Y_245,0.000000,0.000000,0.287614,-0.481609,0.480805,-0.878066,0.533132,-1.276840,0.593011,-1.518875,-0.125209,-1.052669,-0.261170,-1.302662,-0.098862,-1.009230,0.002304,-0.830867,-0.376791,-0.926295,-0.501856,-1.171179,-0.260893,-0.828216,-0.149889,-0.695015,-0.573444,-0.749086,-0.696721,-0.969388,-0.444134,-0.678108,-0.284932,-0.519639,-0.731548,-0.550715,-1.018281,-0.828214,-1.147058,-0.982264,-1.311464,-1.189039
Y,Right,legacy_asl_Y_246,-0.004692,0.004400,0.333249,-0.468132,0.527238,-0.832205,0.654234,-1.218515,0.706019,-1.498286,-0.045103,-1.012082,-0.162131,-1.335714,-0.017547,-1.024762,0.075191,-0.867535,-0.309549,-0.939786,-0.408555,-1.217812,-0.210027,-0.832019,-0.068281,-0.700658,-0.506670,-0.799523,-0.600683,-1.036976,-0.367498,-0.710419,-0.216234,-0.539778,-0.665683,-0.600266,-0.959990,-0.928604,-1.054088,-1.072190,-1.187648,-1.300413
Y,Right,legacy_asl_Y_247,0.000000,0.000000,0.315822,-0.434893,0.534226,-0.796636,0.618404,-1.172686,0.696329,-1.398514,-0.029090,-1.015296,-0.137368,-1.265536,-0.007678,-0.971580,0.073547,-0.792685,-0.280023,-0.916304,-0.378341,-1.160731,-0.177845,-0.812756,-0.083354,-0.676112,-0.482903,-0.764082,-0.581626,-0.984899,-0.365599,-0.685246,-0.227283,-0.520350,-0.650813,-0.588358,-0.900608,-0.877792,-1.010269,-1.035857,-1.149403,-1.247297
Y,Right,legacy_asl_Y_248,0.000000,0.000000,0.339322,-0.446688,0.575349,-0.819237,0.671639,-1.209732,0.758027,-1.443620,-0.007525,-1.060062,-0.114881,-1.323609,0.013834,-1.013966,0.094565,-0.825472,-0.271587,-0.962411,-0.368681,-1.219669,-0.167297,-0.852067,-0.071773,-0.707362,-0.486704,-0.808138,-0.584751,-1.040769,-0.366076,-0.723238,-0.225459,-0.548069,-0.665860,-0.628554,-0.920001,-0.936180,-1.030872,-1.103579,-1.171298,-1.327333
Y,Right,legacy_asl_Y_249,-0.009066,0.012260,0.320355,-0.484471,0.536876,-0.842309,0.663005,-1.229551,0.711364,-1.463055,-0.003566,-1.083804,-0.154785,-1.354837,-0.012749,-0.996071,0.054604,-0.820015,-0.283256,-0.931736,-0.418199,-1.229385,-0.161204,-0.858786,-0.072731,-0.709411,-0.480278,-0.786857,-0.599380,-1.053419,-0.376993,-0.724243,-0.226184,-0.536779,-0.659078,-0.633602,-0.930432,-0.917342,-1.065626,-1.090402,-1.198440,-1.278485
Y,Right,legacy_asl_Y_250,0.000000,0.000000,0.346467,-0.477093,0.586063,-0.873936,0.678410,-1.286475,0.763896,-1.534216,-0.031912,-1.113813,-0.150697,-1.388334,-0.008423,-1.065856,0.080683,-0.869602,-0.307194,-1.005216,-0.415053,-1.273361,-0.195102,-0.891620,-0.091442,-0.741717,-0.529761,-0.838224,-0.638062,-1.080467,-0.401074,-0.751737,-0.249337,-0.570842,-0.713963,-0.645448,-0.987997,-0.962967,-1.108298,-1.136370,-1.260933,-1.368326
Y,Right,legacy_asl_Y_251,0.000000,0.000000,0.364546,-0.426352,0.621687,-0.784652,0.740363,-1.168937,0.840110,-1.397447,0.053690,-1.058729,-0.038271,-1.328034,0.072352,-1.011476,0.142066,-0.818635,-0.215569,-0.976486,-0.297649,-1.238920,-0.117824,-0.860304,-0.030814,-0.710326,-0.439235,-0.834890,-0.523687,-1.072793,-0.323709,-0.743167,-0.193440,-0.560171,-0.628460,-0.665948,-0.864416,-0.987734,-0.965438,-1.161255,-1.092710,-1.392744
Y,Right,legacy_asl_Y_252,0.017091,-0.015242,0.450656,-0.233041,0.808153,-0.694884,0.937639,-1.088123,1.021014,-1.397694,0.410444,-1.096033,0.124241,-1.243200,0.082231,-0.894112,0.140537,-0.608957,0.068251,-1.006880,-0.127758,-1.185676,-0.109929,-0.753045,-0.025981,-0.483324,-0.167248,-0.908156,-0.354928,-1.067674,-0.318626,-0.676507,-0.202460,-0.427295,-0.427692,-0.767008,-0.653255,-0.996429,-0.820958,-1.121755,-0.982833,-1.213552
Y,Right,legacy_asl_Y_253,0.000000,0.000000,0.445798,-0.248565,0.806186,-0.691350,0.929447,-1.109834,1.047653,-1.415894,0.396361,-1.081461,0.143946,-1.260353,0.096660,-0.922702,0.151476,-0.631905,0.076582,-1.010629,-0.123573,-1.196411,-0.112707,-0.783904,-0.028030,-0.485317,-0.193956,-0.906964,-0.388889,-1.066616,-0.337209,-0.702098,-0.223276,-0.431770,-0.430417,-0.776740,-0.634948,-1.031931,-0.829977,-1.130404,-0.994070,-1.237306
Y,Right,legacy_asl_Y_254,0.000000,0.000000,0.428453,-0.260652,0.765813,-0.708821,0.871256,-1.124299,0.975921,-1.429207,0.348901,-1.076593,0.094406,-1.242840,0.060550,-0.909555,0.125199,-0.626078,0.037563,-0.995140,-0.165877,-1.170097,-0.139850,-0.765482,-0.045591,-0.475466,-0.224206,-0.883283,-0.421546,-1.032780,-0.357231,-0.676801,-0.235301,-0.415621,-0.451527,-0.746617,-0.661848,-0.989562,-0.857004,-1.078986,-1.022100,-1.177839
Y,Right,legacy_asl_Y_255,0.018157,0.001144,0.438702,-0.230940,0.785449,-0.671985,0.905685,-1.068529,1.029844,-1.373058,0.406312,-1.039518,0.136846,-1.240674,0.073142,-0.891544,0.113178,-0.646037,0.069193,-0.976479,-0.110537,-1.139235,-0.118487,-0.770740,-0.045000,-0.492453,-0.147810,-0.902157,-0.379270,-1.062571,-0.314338,-0.677116,-0.218433,-0.433907,-0.422492,-0.772339,-0.619086,-1.013356,-0.807382,-1.129268,-0.958488,-1.247754
Y,Right,legacy_asl_Y_256,0.000000,0.000000,0.448514,-0.250079,0.811097,-0.695562,0.935110,-1.116595,1.054036,-1.424521,0.398776,-1.088050,0.144823,-1.268032,0.097249,-0.928323,0.152399,-0.635755,0.077049,-1.016786,-0.124326,-1.203700,-0.113394,-0.788680,-0.028200,-0.488274,-0.195138,-0.912490,-0.391258,-1.073115,-0.339263,-0.706376,-0.224637,-0.434401,-0.433039,-0.781472,-0.638816,-1.038218,-0.835034,-1.137291,-1.000127,-1.244845
Y,Right,legacy_asl_Y_257,0.000000,0.000000,0.426488,-0.263855,0.760481,-0.714539,0.862808,-1.130796,0.965186,-1.436479,0.340825,-1.079177,0.085091,-1.243512,0.053734,-0.909984,0.120504,-0.626998,0.030106,-0.995393,-0.174639,-1.168822,-0.145581,-0.764412,-0.049152,-0.475111,-0.230818,-0.881578,-0.429272,-1.029592,-0.362292,-0.674105,-0.238408,-0.413846,-0.457108,-0.743213,-0.669243,-0.984576,-0.865064,-1.072535,-1.030896,-1.170148
Y,Right,legacy_asl_Y_258,0.034092,0.028151,0.427053,-0.272383,0.816181,-0.665831,0.903710,-1.086665,1.026978,-1.391707,0.397808,-1.042797,0.141840,-1.254407,0.088339,-0.912523,0.149553,-0.627206,0.081026,-0.997837,-0.109900,-1.186965,-0.096897,-0.768117,-0.024594,-0.463181,-0.221924,-0.897444,-0.409041,-1.016889,-0.342319,-0.679915,-0.209084,-0.425418,-0.449260,-0.779077,-0.636227,-1.006055,-0.821835,-1.114201,-0.976692,-1.237857
Y,Right,legacy_asl_Y_259,0.000000,0.000000,0.466140,-0.259907,0.842972,-0.722897,0.971858,-1.160476,1.095458,-1.480502,0.414448,-1.130808,0.150515,-1.317864,0.101071,-0.964805,0.158388,-0.660740,0.080077,-1.056745,-0.129211,-1.251004,-0.117850,-0.819674,-0.029309,-0.507462,-0.202806,-0.948349,-0.406634,-1.115287,-0.352596,-0.734135,-0.233464,-0.451472,-0.450057,-0.812183,-0.663921,-1.079019,-0.867850,-1.181985,-1.039430,-1.293765
Y,Right,legacy_asl_Y_260,0.000000,0.000000,0.457004,-0.206541,0.846427,-0.610295,1.001677,-1.009841,1.142691,-1.299735,0.477400,-1.026096,0.245042,-1.222096,0.170855,-0.895414,0.200503,-0.606174,0.158460,-0.983160,-0.022162,-1.181589,-0.045598,-0.776815,0.012645,-0.477479,-0.114982,-0.904011,-0.292649,-1.076425,-0.272160,-0.715264,-0.182940,-0.441180,-0.357252,-0.796043,-0.536425,-1.062791,-0.719240,-1.175313,-0.871070,-1.293533
Y,Right,legacy_asl_Y_261,0.012062,0.007291,0.329078,-0.309823,0.608795,-0.730463,0.673335,-1.071852,0.718937,-1.352164,0.077153,-1.042590,-0.010489,-1.238618,0.059217,-0.941062,0.096470,-0.726388,-0.236807,-0.951603,-0.282346,-1.230456,-0.165717,-0.872201,-0.088831,-0.593298,-0.460149,-0.879344,-0.540115,-1.127104,-0.408550,-0.802187,-0.305178,-0.580620,-0.670261,-0.731789,-0.890996,-1.070332,-0.978164,-1.276564,-1.043652,-1.436028
Y,Right,legacy_asl_Y_262,0.000000,0.000000,0.366531,-0.307109,0.646438,-0.768958,0.713783,-1.148488,0.757865,-1.453460,0.037875,-1.101827,-0.000896,-1.343069,0.058908,-1.030419,0.110555,-0.735812,-0.242168,-1.036816,-0.277090,-1.309887,-0.178101,-0.936178,-0.102432,-0.650620,-0.494541,-0.932264,-0.567319,-1.196168,-0.439542,-0.849528,-0.333124,-0.572523,-0.727577,-0.786393,-0.932792,-1.134243,-1.043418,-1.339815,-1.130885,-1.541802
Y,Right,legacy_asl_Y_263,0.000000,0.000000,0.341742,-0.290487,0.601206,-0.725535,0.661848,-1.081959,0.701166,-1.368298,0.028198,-1.033699,-0.009772,-1.259712,0.048400,-0.966862,0.098801,-0.690883,-0.234034,-0.970860,-0.268605,-1.226753,-0.173273,-0.876894,-0.100402,-0.609561,-0.470049,-0.871119,-0.540066,-1.118161,-0.417913,-0.793884,-0.316258,-0.534777,-0.687653,-0.732751,-0.882446,-1.057649,-0.987573,-1.249727,-1.070955,-1.438597
Y,Right,legacy_asl_Y_264,-0.013299,0.027298,0.349386,-0.272702,0.618423,-0.714834,0.695258,-1.087230,0.724564,-1.365252,0.053115,-1.041050,-0.006381,-1.252739,0.048551,-0.952900,0.109791,-0.680787,-0.230149,-0.963825,-0.274358,-1.225167,-0.165162,-0.852727,-0.078695,-0.612218,-0.472063,-0.868762,-0.519459,-1.128063,-0.410558,-0.802102,-0.309944,-0.544860,-0.680609,-0.749528,-0.895019,-1.064163,-0.939341,-1.256427,-1.021104,-1.438376
Y,Right,legacy_asl_Y_265,0.000000,0.000000,0.351282,-0.294332,0.619544,-0.736967,0.684087,-1.100707,0.726335,-1.392992,0.036300,-1.055987,-0.000859,-1.287193,0.056457,-0.987550,0.105955,-0.705200,-0.232093,-0.993681,-0.265563,-1.255392,-0.170691,-0.897230,-0.098171,-0.623552,-0.473967,-0.893479,-0.543717,-1.146404,-0.421255,-0.814185,-0.319265,-0.548704,-0.697308,-0.753677,-0.893985,-1.087055,-1.000008,-1.284075,-1.083837,-1.477658
Y,Right,legacy_asl_Y_266,0.000000,0.000000,0.366596,-0.258414,0.664315,-0.668232,0.756921,-1.017718,0.821956,-1.299332,0.121502,-1.026921,0.104113,-1.255440,0.135581,-0.958532,0.160834,-0.679127,-0.145335,-0.988038,-0.156639,-1.246008,-0.093316,-0.888965,-0.044902,-0.616141,-0.389399,-0.910034,-0.436803,-1.162394,-0.344456,-0.828403,-0.266634,-0.561170,-0.618617,-0.791899,-0.783251,-1.133071,-0.870589,-1.333864,-0.936561,-1.529497
Y,Right,legacy_asl_Y_267,0.002551,0.008811,0.360712,-0.295930,0.603037,-0.744599,0.664583,-1.059639,0.726672,-1.364596,0.036848,-1.043557,0.028008,-1.270642,0.042188,-0.991984,0.073119,-0.656882,-0.254671,-0.982545,-0.254425,-1.223243,-0.150605,-0.884430,-0.071050,-0.607089,-0.450218,-0.852677,-0.527996,-1.095754,-0.404606,-0.828842,-0.298430,-0.524833,-0.667595,-0.723438,-0.887631,-1.032813,-0.982477,-1.252611,-1.070375,-1.456454
Y,Right,legacy_asl_Y_268,0.000000,0.000000,0.341782,-0.286372,0.602789,-0.717037,0.665587,-1.070940,0.706693,-1.355321,0.035318,-1.027430,-0.000836,-1.252383,0.054930,-0.960843,0.103090,-0.686129,-0.225816,-0.966808,-0.258381,-1.221442,-0.166075,-0.872966,-0.095516,-0.606689,-0.461149,-0.869316,-0.529013,-1.115401,-0.409863,-0.792167,-0.310631,-0.533865,-0.678450,-0.733295,-0.869809,-1.057657,-0.972965,-1.249349,-1.054526,-1.437697
Y,Right,legacy_asl_Y_269,0.000000,0.000000,0.320870,-0.313389,0.549677,-0.765314,0.585565,-1.125075,0.605019,-1.413445,-0.043241,-1.033179,-0.096726,-1.256031,-0.018473,-0.967897,0.050863,-0.696056,-0.300508,-0.952385,-0.352665,-1.205280,-0.233405,-0.862838,-0.142249,-0.601174,-0.529074,-0.836585,-0.615981,-1.078204,-0.471729,-0.763134,-0.352427,-0.511665,-0.736605,-0.683523,-0.953365,-0.994196,-1.071504,-1.178558,-1.167728,-1.361220
Y,Right,legacy_asl_Y_270,-0.000242,0.011651,0.506862,-0.161344,0.935850,-0.517510,1.110069,-0.927053,1.172847,-1.262476,0.431953,-1.011686,0.367966,-1.251242,0.369529,-0.922697,0.341315,-0.611379,0.099517,-0.980045,0.077735,-1.242758,0.061791,-0.815289,0.098664,-0.443894,-0.224174,-0.900654,-0.298668,-1.122220,-0.241247,-0.692693,-0.190005,-0.398203,-0.485124,-0.748792,-0.578961,-1.029355,-0.757759,-1.072118,-0.850818,-1.121208
Y,Right,legacy_asl_Y_271,0.000000,0.000000,0.484045,-0.148244,0.919958,-0.517129,1.062628,-0.887969,1.116465,-1.205629,0.417677,-0.985262,0.365041,-1.225574,0.347841,-0.886085,0.340852,-0.560509,0.080388,-0.952519,0.045014,-1.202576,0.048104,-0.768743,0.078402,-0.425450,-0.205140,-0.858503,-0.272976,-1.063858,-0.241323,-0.678344,-0.182095,-0.388464,-0.453953,-0.723925,-0.565223,-0.963733,-0.701969,-1.029148,-0.830814,-1.092159
Y,Right,legacy_asl_Y_272,0.000000,0.000000,0.508830,-0.134422,0.976584,-0.499996,1.139791,-0.879461,1.208566,-1.207276,0.473739,-1.006616,0.428779,-1.258386,0.397181,-0.906413,0.376753,-0.568481,0.122033,-0.986244,0.095399,-1.247438,0.081063,-0.796639,0.098653,-0.438794,-0.178382,-0.900126,-0.240546,-1.116196,-0.223256,-0.714436,-0.173452,-0.410908,-0.442296,-0.770387,-0.548187,-1.024003,-0.687596,-1.097489,-0.818894,-1.168157
Y,Right,legacy_asl_Y_273,0.001551,-0.013037,0.524655,-0.144416,0.974262,-0.544324,1.104500,-0.912693,1.171104,-1.246499,0.437241,-1.012901,0.386821,-1.305331,0.373572,-0.917984,0.353419,-0.598768,0.124485,-1.003195,0.041810,-1.234260,0.056335,-0.793396,0.069071,-0.476021,-0.225123,-0.882588,-0.284643,-1.103603,-0.252664,-0.708239,-0.158427,-0.390157,-0.472901,-0.760107,-0.605545,-0.971986,-0.757708,-1.055333,-0.849240,-1.134617
Y,Right,legacy_asl_Y_274,0.000000,0.000000,0.498001,-0.152518,0.946481,-0.532038,1.093265,-0.913571,1.148655,-1.240390,0.429720,-1.013669,0.375565,-1.260909,0.357870,-0.911632,0.350680,-0.576669,0.082706,-0.979982,0.046312,-1.237249,0.049491,-0.790907,0.080663,-0.437716,-0.211055,-0.883255,-0.280847,-1.094531,-0.248281,-0.697902,-0.187345,-0.399664,-0.467041,-0.744797,-0.581519,-0.991518,-0.722208,-1.058820,-0.854768,-1.123647
Y,Right,legacy_asl_Y_275,0.000000,0.000000,0.509185,-0.133071,0.977908,-0.497402,1.142121,-0.876433,1.211766,-1.204064,0.476409,-1.005355,0.432117,-1.257243,0.399585,-0.905356,0.378261,-0.567479,0.124649,-0.985916,0.098709,-1.247181,0.083177,-0.796421,0.099817,-0.438531,-0.175993,-0.900596,-0.237583,-1.116830,-0.221359,-0.715026,-0.172361,-0.411367,-0.440250,-0.771558,-0.545467,-1.025455,-0.684681,-1.099310,-0.815791,-1.170326
Y,Right,legacy_asl_Y_276,0.007974,0.011330,0.493571,-0.174896,0.952401,-0.529520,1.083195,-0.922717,1.153102,-1.261616,0.420508,-0.991623,0.385054,-1.294776,0.369009,-0.897463,0.379873,-0.581905,0.087118,-0.969578,0.035881,-1.255800,0.046229,-0.808445,0.080529,-0.447991,-0.193462,-0.884644,-0.304829,-1.104657,-0.246483,-0.736986,-0.196343,-0.378005,-0.490037,-0.745539,-0.620542,-0.989352,-0.735802,-1.070357,-0.844782,-1.100524
Y,Right,legacy_asl_Y_277,0.000000,0.000000,0.529634,-0.162207,1.006603,-0.565834,1.162711,-0.971601,1.221618,-1.319180,0.457016,-1.078058,0.399422,-1.341004,0.380602,-0.969540,0.372955,-0.613299,0.087959,-1.042231,0.049254,-1.315840,0.052635,-0.841146,0.085787,-0.465520,-0.224461,-0.939361,-0.298686,-1.164056,-0.264052,-0.742233,-0.199245,-0.425051,-0.496708,-0.792107,-0.618458,-1.054501,-0.768084,-1.126077,-0.909064,-1.195022
Y,Right,legacy_asl_Y_278,0.000000,0.000000,0.511426,-0.124184,0.986421,-0.480297,1.157211,-0.856411,1.232550,-1.182779,0.493845,-0.996906,0.453946,-1.249527,0.415291,-0.898260,0.388086,-0.560806,0.141800,-0.983596,0.120414,-1.245273,0.097034,-0.794851,0.107439,-0.436726,-0.160282,-0.903525,-0.218097,-1.120799,-0.208873,-0.718773,-0.165171,-0.414306,-0.426747,-0.779107,-0.527526,-1.034798,-0.665433,-1.111067,-0.795286,-1.184355
Y,Right,legacy_asl_Y_279,0.007966,0.010429,0.451831,-0.263200,0.750289,-0.645509,1.004715,-0.947917,1.068152,-1.250647,0.152589,-1.100389,0.117777,-1.243544,0.212053,-1.020317,0.193738,-0.790379,-0.178477,-0.975644,-0.234979,-1.177943,-0.096180,-0.892133,-0.028667,-0.650844,-0.426953,-0.825041,-0.495432,-1.063001,-0.330663,-0.764548,-0.229317,-0.556250,-0.720230,-0.636150,-0.914755,-0.939377,-1.007742,-1.154396,-1.055938,-1.338964
Y,Right,legacy_asl_Y_280,0.000000,0.000000,0.459005,-0.287267,0.818403,-0.675937,1.028924,-1.031402,1.143026,-1.337481,0.134293,-1.144222,0.107030,-1.338077,0.181732,-1.086995,0.235960,-0.830272,-0.187144,-1.045460,-0.234663,-1.274659,-0.100327,-0.954551,0.002358,-0.698856,-0.481864,-0.887111,-0.535811,-1.113429,-0.380178,-0.817718,-0.247821,-0.576429,-0.743221,-0.686773,-0.967337,-1.001474,-1.066718,-1.209178,-1.130354,-1.421890
Y,Right,legacy_asl_Y_281,0.000000,0.000000,0.416758,-0.291736,0.735153,-0.673794,0.915472,-1.017493,1.007716,-1.310191,0.070632,-1.080056,0.035672,-1.260619,0.117910,-1.028659,0.181211,-0.790414,-0.226175,-0.971839,-0.281850,-1.184583,-0.140321,-0.890745,-0.031605,-0.655810,-0.495032,-0.809008,-0.556598,-1.018739,-0.396268,-0.748821,-0.260409,-0.528839,-0.730553,-0.608396,-0.956057,-0.892817,-1.059350,-1.082885,-1.129349,-1.279381
Y,Right,legacy_asl_Y_282,0.017923,-0.008655,0.434987,-0.269942,0.764371,-0.645265,0.986886,-0.948360,1.082763,-1.250558,0.104377,-1.099676,0.098050,-1.253854,0.168182,-1.004274,0.223072,-0.737630,-0.192772,-0.962683,-0.216321,-1.224733,-0.125173,-0.877728,0.008607,-0.657005,-0.443775,-0.812354,-0.477982,-1.051694,-0.344396,-0.750666,-0.247487,-0.535146,-0.686106,-0.649360,-0.922961,-0.912578,-1.004289,-1.146616,-1.075286,-1.325812
Y,Right,legacy_asl_Y_283,0.000000,0.000000,0.438181,-0.274234,0.781274,-0.645271,0.982244,-0.984609,1.091168,-1.276802,0.128200,-1.092310,0.102174,-1.277370,0.173487,-1.037680,0.225255,-0.792604,-0.178654,-0.998029,-0.224017,-1.216829,-0.095776,-0.911245,0.002251,-0.667150,-0.460003,-0.846864,-0.511502,-1.062914,-0.362930,-0.780619,-0.236577,-0.550278,-0.709502,-0.655615,-0.923451,-0.956038,-1.018322,-1.154319,-1.079071,-1.357381
Y,Right,legacy_asl_Y_284,0.000000,0.000000,0.416358,-0.292307,0.734229,-0.674801,0.914077,-1.018747,1.005919,-1.311571,0.069152,-1.080151,0.033944,-1.260667,0.116501,-1.028819,0.180128,-0.790662,-0.227507,-0.971528,-0.283473,-1.184196,-0.141542,-0.890552,-0.032504,-0.655766,-0.496140,-0.808329,-0.557994,-1.017975,-0.397293,-0.748277,-0.261133,-0.528481,-0.731386,-0.607394,-0.957279,-0.891506,-1.060833,-1.081432,-1.131101,-1.277832
Y,Right,legacy_asl_Y_285,-0.002831,-0.021900,0.430195,-0.263523,0.780323,-0.628959,0.969317,-0.961366,1.085117,-1.267371,0.118072,-1.099644,0.104469,-1.247093,0.201775,-1.011414,0.191283,-0.803868,-0.158749,-0.968612,-0.210842,-1.192213,-0.067454,-0.900248,0.027204,-0.661071,-0.449846,-0.824153,-0.506507,-1.051372,-0.351562,-0.753189,-0.226607,-0.529747,-0.707522,-0.627863,-0.922676,-0.939907,-1.006436,-1.136331,-1.087444,-1.327353
Y,Right,legacy_asl_Y_286,0.000000,0.000000,0.422400,-0.264357,0.753135,-0.622031,0.946867,-0.949147,1.051869,-1.230817,0.123583,-1.052970,0.098494,-1.231365,0.167239,-1.000307,0.217142,-0.764058,-0.172219,-0.962084,-0.215949,-1.173004,-0.092326,-0.878425,0.002170,-0.643122,-0.443435,-0.816363,-0.493080,-1.024632,-0.349859,-0.752505,-0.228057,-0.530459,-0.683948,-0.632002,-0.890192,-0.921606,-0.981646,-1.112745,-1.040207,-1.308494
Y,Right,legacy_asl_Y_287,0.000000,0.000000,0.441571,-0.252610,0.793405,-0.604116,1.004246,-0.929985,1.122737,-1.213076,0.168601,-1.069150,0.150214,-1.252146,0.211008,-1.013665,0.252371,-0.770650,-0.136820,-0.988386,-0.172909,-1.205313,-0.058700,-0.899818,0.028191,-0.655966,-0.419376,-0.850690,-0.461606,-1.065153,-0.326497,-0.781768,-0.211215,-0.550337,-0.672172,-0.672338,-0.870864,-0.976095,-0.956437,-1.174772,-1.008269,-1.376822
Y,Right,legacy_asl_Y_288,0.013793,-0.018356,0.405526,-0.293917,0.729691,-0.663374,0.825498,-1.040474,0.840434,-1.363959,0.136932,-1.042660,0.028178,-1.265933,0.032978,-0.949551,0.112545,-0.735749,-0.136682,-0.993245,-0.244530,-1.234856,-0.208650,-0.830291,-0.083430,-0.582745,-0.373145,-0.863718,-0.515423,-1.079787,-0.435781,-0.764143,-0.303311,-0.514654,-0.603490,-0.747392,-0.762750,-1.086817,-0.914526,-1.259092,-1.029150,-1.396925
Y,Right,legacy_asl_Y_289,0.000000,0.000000,0.397202,-0.269391,0.735837,-0.668797,0.824256,-1.060751,0.867269,-1.383707,0.156466,-1.062471,0.049553,-1.282047,0.038913,-0.978446,0.093353,-0.709952,-0.137482,-1.001523,-0.245640,-1.233037,-0.196908,-0.854181,-0.099720,-0.582638,-0.386669,-0.899638,-0.515240,-1.083684,-0.437373,-0.768523,-0.311963,-0.533021,-0.616025,-0.769794,-0.809217,-1.081415,-0.941595,-1.262010,-1.031683,-1.437577
Y,Right,legacy_asl_Y_290,0.000000,0.000000,0.388845,-0.272308,0.717841,-0.672334,0.799485,-1.061287,0.837242,-1.381327,0.139015,-1.053101,0.030027,-1.268678,0.023999,-0.968260,0.081815,-0.703525,-0.150797,-0.988471,-0.261194,-1.215837,-0.207388,-0.841870,-0.107250,-0.574753,-0.395735,-0.884017,-0.525617,-1.064136,-0.443941,-0.753594,-0.316423,-0.522539,-0.620646,-0.752205,-0.816327,-1.057539,-0.949922,-1.234187,-1.041619,-1.406489
Y,Right,legacy_asl_Y_291,0.004757,-0.030872,0.405146,-0.296113,0.756770,-0.653607,0.835826,-1.067248,0.844917,-1.374601,0.130676,-1.055498,0.048073,-1.239925,0.050797,-0.978640,0.106348,-0.710814,-0.116861,-0.987590,-0.271815,-1.238246,-0.195061,-0.823845,-0.087025,-0.588005,-0.400313,-0.911234,-0.507272,-1.077933,-0.429772,-0.732234,-0.303589,-0.535563,-0.610772,-0.733996,-0.800978,-1.086937,-0.931743,-1.230624,-1.011855,-1.411928
Y,Right,legacy_asl_Y_292,0.000000,0.000000,0.411170,-0.278864,0.761713,-0.692315,0.853242,-1.098053,0.897767,-1.432366,0.161969,-1.099833,0.051296,-1.327131,0.040282,-1.012854,0.096636,-0.734918,-0.142316,-1.036742,-0.254278,-1.276398,-0.203832,-0.884219,-0.103227,-0.603127,-0.400266,-0.931274,-0.533359,-1.121793,-0.452754,-0.795549,-0.322933,-0.551765,-0.637688,-0.796864,-0.837673,-1.119444,-0.974706,-1.306389,-1.067963,-1.488130
Y,Right,legacy_asl_Y_293,0.000000,0.000000,0.389702,-0.271079,0.719960,-0.670065,0.802831,-1.058758,0.841599,-1.378677,0.142339,-1.052657,0.034031,-1.268577,0.027055,-0.968179,0.084036,-0.703263,-0.147676,-0.988942,-0.257355,-1.216656,-0.204730,-0.842521,-0.105435,-0.575088,-0.392942,-0.885262,-0.522255,-1.065789,-0.441560,-0.754992,-0.314772,-0.523535,-0.618269,-0.754161,-0.812984,-1.060110,-0.946021,-1.237180,-1.037174,-1.409770
Y,Right,legacy_asl_Y_294,-0.003125,0.009516,0.383529,-0.284046,0.747637,-0.679720,0.831393,-1.073400,0.872848,-1.370695,0.129039,-1.068545,0.047895,-1.249844,0.053604,-0.951283,0.101612,-0.712795,-0.107708,-0.999147,-0.249187,-1.233621,-0.202409,-0.837557,-0.095552,-0.570131,-0.379057,-0.882242,-0.532193,-1.079047,-0.429630,-0.778834,-0.331748,-0.510188,-0.609709,-0.729088,-0.815788,-1.034400,-0.938030,-1.251095,-1.039814,-1.426312
Y,Right,legacy_asl_Y_295,0.000000,0.000000,0.419532,-0.284535,0.777203,-0.706394,0.870593,-1.120383,0.916024,-1.461494,0.165262,-1.122200,0.052339,-1.354119,0.041101,-1.033451,0.098601,-0.749863,-0.145210,-1.057825,-0.259449,-1.302355,-0.207977,-0.902201,-0.105326,-0.615392,-0.408406,-0.950212,-0.544205,-1.144605,-0.461961,-0.811727,-0.329500,-0.562986,-0.650656,-0.813069,-0.854708,-1.142208,-0.994528,-1.332956,-1.089681,-1.518392
Y,Right,legacy_asl_Y_296,0.000000,0.000000,0.367257,-0.300789,0.665228,-0.724432,0.717379,-1.118424,0.730954,-1.440398,0.059397,-1.060574,-0.065500,-1.267342,-0.048911,-0.967321,0.028658,-0.707686,-0.224732,-0.974325,-0.351921,-1.192743,-0.270134,-0.823883,-0.150184,-0.565056,-0.461118,-0.851741,-0.604182,-1.021578,-0.499375,-0.718061,-0.354836,-0.497254,-0.675475,-0.703383,-0.893571,-0.993130,-1.040077,-1.159228,-1.144476,-1.324143
Y,Right,legacy_asl_Y_297,-0.008235,0.000385,0.402405,-0.243845,0.776775,-0.533636,0.928568,-0.954074,1.029934,-1.239533,0.547544,-0.955427,0.340322,-1.305728,0.271222,-0.953038,0.348347,-0.739877,0.265466,-0.963743,0.010313,-1.231812,0.026851,-0.848134,0.167416,-0.660850,-0.018569,-0.918062,-0.197660,-1.142564,-0.150238,-0.794840,-0.057175,-0.617593,-0.250502,-0.800958,-0.464846,-1.115571,-0.627869,-1.232076,-0.781845,-1.366031
Y,Right,legacy_asl_Y_298,0.000000,0.000000,0.400099,-0.249274,0.772111,-0.521189,0.922726,-0.914141,0.997058,-1.214595,0.556295,-0.960582,0.301402,-1.267524,0.254268,-0.917498,0.330046,-0.716462,0.242396,-0.948011,0.023209,-1.228389,0.043826,-0.802358,0.163406,-0.646984,-0.024459,-0.887994,-0.205353,-1.127501,-0.158980,-0.775673,-0.037197,-0.583345,-0.250309,-0.801995,-0.443853,-1.090916,-0.630135,-1.209788,-0.771586,-1.358116
Y,Right,legacy_asl_Y_299,0.000000,0.000000,0.390171,-0.280131,0.750276,-0.581408,0.877204,-0.990983,0.932742,-1.301423,0.501542,-1.013763,0.221912,-1.308843,0.197333,-0.949814,0.287788,-0.750466,0.183227,-0.980046,-0.058328,-1.250498,-0.008952,-0.818711,0.122992,-0.668712,-0.084092,-0.901227,-0.283987,-1.132678,-0.213373,-0.778054,-0.076725,-0.590629,-0.307986,-0.798725,-0.524040,-1.079575,-0.721368,-1.188013,-0.875078,-1.329390
