label,handedness,timestamp,x0,y0,x1,y1,x2,y2,x3,y3,x4,y4,x5,y5,x6,y6,x7,y7,x8,y8,x9,y9,x10,y10,x11,y11,x12,y12,x13,y13,x14,y14,x15,y15,x16,y16,x17,y17,x18,y18,x19,y19,x20,y20
F,Right,legacy_bisindo_F_0,0.000000,0.000000,-0.028571,0.228571,-0.028571,0.457143,-0.028571,0.657143,-0.028571,0.800000,-0.085714,0.485714,-0.057143,0.742857,-0.028571,0.885714,0.028571,1.000000,-0.114286,0.485714,-0.085714,0.714286,-0.028571,0.857143,0.028571,0.971429,-0.171429,0.457143,-0.114286,0.685714,-0.085714,0.828571,-0.028571,0.942857,-0.200000,0.400000,-0.171429,0.600000,-0.142857,0.742857,-0.085714,0.828571
F,Right,legacy_bisindo_F_1,0.000000,0.000000,0.027027,0.216216,0.027027,0.432432,0.027027,0.621622,0.054054,0.756757,0.027027,0.486486,0.054054,0.729730,0.108108,0.864865,0.162162,0.972973,0.000000,0.513514,0.054054,0.729730,0.081081,0.891892,0.135135,1.000000,-0.054054,0.513514,0.000000,0.729730,0.054054,0.864865,0.081081,0.972973,-0.108108,0.486486,-0.081081,0.702703,-0.027027,0.810811,0.027027,0.918919
F,Right,legacy_bisindo_F_2,0.000000,0.000000,0.180328,0.065574,0.344262,0.213115,0.508197,0.344262,0.639344,0.459016,0.196721,0.409836,0.409836,0.622951,0.557377,0.655738,0.688525,0.672131,0.032787,0.459016,0.196721,0.754098,0.360656,0.852459,0.540984,0.885246,-0.131148,0.426230,-0.114754,0.754098,-0.032787,0.901639,0.098361,1.000000,-0.295082,0.327869,-0.475410,0.459016,-0.491803,0.590164,-0.426230,0.688525
F,Right,legacy_bisindo_F_3,0.000000,0.000000,0.215385,0.046154,0.400000,0.215385,0.523077,0.369231,0.600000,0.523077,0.169231,0.384615,0.353846,0.600000,0.507692,0.646154,0.615385,0.646154,0.000000,0.446154,0.123077,0.723077,0.246154,0.830769,0.400000,0.876923,-0.153846,0.430769,-0.184615,0.723077,-0.107692,0.892308,0.000000,1.000000,-0.323077,0.353846,-0.476923,0.476923,-0.492308,0.600000,-0.430769,0.692308
F,Right,legacy_bisindo_F_4,0.000000,0.000000,0.169231,-0.092308,0.307692,-0.215385,0.415385,-0.338462,0.476923,-0.446154,0.015385,-0.400000,0.138462,-0.523077,0.276923,-0.600000,0.384615,-0.615385,-0.107692,-0.461538,-0.046154,-0.692308,0.046154,-0.846154,0.169231,-0.938462,-0.215385,-0.461538,-0.261538,-0.723077,-0.184615,-0.892308,-0.076923,-1.000000,-0.292308,-0.446154,-0.476923,-0.584615,-0.523077,-0.692308,-0.507692,-0.784615
F,Right,legacy_bisindo_F_5,0.000000,0.000000,0.151515,0.075758,0.287879,0.242424,0.424242,0.378788,0.545455,0.484848,0.136364,0.454545,0.242424,0.651515,0.333333,0.772727,0.424242,0.833333,0.000000,0.500000,0.045455,0.772727,0.121212,0.909091,0.227273,1.000000,-0.121212,0.469697,-0.151515,0.742424,-0.090909,0.893939,0.000000,1.000000,-0.242424,0.393939,-0.409091,0.515152,-0.439394,0.651515,-0.409091,0.757576
F,Right,legacy_bisindo_F_6,0.000000,0.000000,0.164179,0.074627,0.328358,0.268657,0.447761,0.447761,0.597015,0.582090,0.134328,0.447761,0.283582,0.656716,0.417910,0.746269,0.522388,0.776119,0.000000,0.507463,0.059701,0.776119,0.164179,0.910448,0.268657,1.000000,-0.149254,0.492537,-0.164179,0.761194,-0.074627,0.910448,0.029851,1.000000,-0.283582,0.402985,-0.432836,0.537313,-0.432836,0.656716,-0.388060,0.761194
F,Right,legacy_bisindo_F_7,0.000000,0.000000,-0.131579,0.157895,-0.197368,0.368421,-0.157895,0.578947,-0.078947,0.736842,-0.118421,0.513158,-0.065789,0.776316,0.052632,0.921053,0.184211,1.000000,0.039474,0.460526,0.157895,0.736842,0.315789,0.855263,0.434211,0.921053,0.184211,0.381579,0.302632,0.605263,0.447368,0.710526,0.578947,0.776316,0.302632,0.276316,0.421053,0.434211,0.552632,0.526316,0.671053,0.592105
F,Right,legacy_bisindo_F_8,0.000000,0.000000,-0.169231,0.153846,-0.307692,0.384615,-0.338462,0.600000,-0.246154,0.784615,-0.123077,0.476923,-0.030769,0.753846,0.107692,0.907692,0.230769,1.000000,0.030769,0.446154,0.153846,0.723077,0.292308,0.861538,0.415385,0.953846,0.169231,0.369231,0.307692,0.600000,0.461538,0.723077,0.569231,0.800000,0.276923,0.261538,0.415385,0.384615,0.538462,0.476923,0.646154,0.538462
F,Right,legacy_bisindo_F_9,0.000000,0.000000,-0.222222,-0.074074,-0.425926,-0.240741,-0.462963,-0.444444,-0.425926,-0.629630,-0.166667,-0.500000,-0.074074,-0.759259,0.055556,-0.907407,0.166667,-1.000000,0.055556,-0.481481,0.203704,-0.703704,0.351852,-0.796296,0.481481,-0.833333,0.240741,-0.425926,0.407407,-0.592593,0.555556,-0.666667,0.666667,-0.703704,0.388889,-0.314815,0.518519,-0.425926,0.611111,-0.444444,0.685185,-0.444444
F,Right,legacy_bisindo_F_10,0.000000,0.000000,0.185714,-0.014286,0.342857,-0.128571,0.414286,-0.228571,0.457143,-0.328571,0.242857,-0.414286,0.371429,-0.528571,0.457143,-0.557143,0.528571,-0.557143,0.100000,-0.514286,0.214286,-0.685714,0.328571,-0.757143,0.442857,-0.771429,-0.071429,-0.528571,-0.028571,-0.771429,0.042857,-0.914286,0.142857,-1.000000,-0.242857,-0.485714,-0.328571,-0.685714,-0.314286,-0.800000,-0.257143,-0.871429
F,Right,legacy_bisindo_F_11,0.000000,0.000000,0.208955,-0.014925,0.358209,0.089552,0.462687,0.194030,0.537313,0.283582,0.328358,0.343284,0.447761,0.507463,0.552239,0.567164,0.641791,0.582090,0.179104,0.462687,0.298507,0.671642,0.432836,0.761194,0.552239,0.776119,0.014925,0.492537,0.059701,0.776119,0.164179,0.910448,0.268657,1.000000,-0.164179,0.462687,-0.253731,0.641791,-0.253731,0.746269,-0.194030,0.835821
F,Right,legacy_bisindo_F_12,0.000000,0.000000,0.185714,0.000000,0.342857,-0.128571,0.400000,-0.242857,0.471429,-0.342857,0.257143,-0.428571,0.400000,-0.557143,0.500000,-0.571429,0.585714,-0.528571,0.114286,-0.528571,0.228571,-0.728571,0.371429,-0.800000,0.485714,-0.800000,-0.071429,-0.542857,-0.028571,-0.800000,0.057143,-0.928571,0.157143,-1.000000,-0.242857,-0.485714,-0.300000,-0.685714,-0.271429,-0.800000,-0.214286,-0.871429
F,Right,legacy_bisindo_F_13,0.000000,0.000000,0.200000,-0.046154,0.353846,-0.169231,0.461538,-0.276923,0.569231,-0.338462,0.307692,-0.430769,0.430769,-0.569231,0.538462,-0.630769,0.646154,-0.615385,0.153846,-0.523077,0.261538,-0.723077,0.384615,-0.815385,0.507692,-0.861538,-0.015385,-0.538462,0.015385,-0.784615,0.092308,-0.923077,0.200000,-1.000000,-0.200000,-0.492308,-0.261538,-0.692308,-0.246154,-0.815385,-0.184615,-0.907692
F,Right,legacy_bisindo_F_14,0.000000,0.000000,0.205882,-0.044118,0.382353,-0.176471,0.470588,-0.294118,0.558824,-0.382353,0.279412,-0.455882,0.397059,-0.588235,0.500000,-0.617647,0.573529,-0.602941,0.117647,-0.544118,0.220588,-0.750000,0.338235,-0.838235,0.455882,-0.852941,-0.044118,-0.558824,-0.014706,-0.808824,0.073529,-0.926471,0.176471,-1.000000,-0.220588,-0.500000,-0.294118,-0.691176,-0.250000,-0.808824,-0.191176,-0.897059
F,Right,legacy_bisindo_F_15,0.000000,0.000000,0.203125,-0.062500,0.343750,-0.187500,0.453125,-0.265625,0.546875,-0.343750,0.250000,-0.453125,0.343750,-0.656250,0.437500,-0.750000,0.515625,-0.796875,0.093750,-0.531250,0.140625,-0.781250,0.218750,-0.921875,0.296875,-1.000000,-0.062500,-0.531250,-0.031250,-0.765625,0.046875,-0.906250,0.109375,-1.000000,-0.218750,-0.484375,-0.281250,-0.671875,-0.250000,-0.796875,-0.187500,-0.890625
F,Right,legacy_bisindo_F_16,0.000000,0.000000,0.131579,-0.144737,0.236842,-0.342105,0.328947,-0.500000,0.434211,-0.605263,0.078947,-0.460526,0.157895,-0.710526,0.236842,-0.868421,0.328947,-0.973684,-0.039474,-0.460526,-0.065789,-0.723684,-0.039474,-0.881579,-0.013158,-1.000000,-0.144737,-0.434211,-0.184211,-0.657895,-0.144737,-0.815789,-0.092105,-0.934211,-0.250000,-0.368421,-0.342105,-0.526316,-0.355263,-0.644737,-0.328947,-0.750000
F,Right,legacy_bisindo_F_17,0.000000,0.000000,0.136986,0.136986,0.232877,0.328767,0.328767,0.493151,0.438356,0.602740,0.054795,0.438356,0.109589,0.726027,0.178082,0.863014,0.246575,0.972603,-0.068493,0.452055,-0.109589,0.726027,-0.082192,0.890411,-0.041096,1.000000,-0.178082,0.424658,-0.246575,0.657534,-0.205479,0.808219,-0.150685,0.931507,-0.273973,0.369863,-0.397260,0.493151,-0.424658,0.602740,-0.410959,0.698630
F,Right,legacy_bisindo_F_18,0.000000,0.000000,0.111111,-0.125000,0.166667,-0.277778,0.125000,-0.375000,0.069444,-0.444444,0.027778,-0.500000,0.125000,-0.708333,0.208333,-0.861111,0.305556,-0.958333,-0.083333,-0.500000,-0.111111,-0.750000,-0.055556,-0.902778,0.013889,-1.000000,-0.166667,-0.458333,-0.222222,-0.680556,-0.194444,-0.833333,-0.138889,-0.944444,-0.236111,-0.388889,-0.347222,-0.527778,-0.388889,-0.625000,-0.388889,-0.694444
F,Right,legacy_bisindo_F_19,0.000000,0.000000,0.162162,-0.135135,0.256757,-0.324324,0.351351,-0.459459,0.445946,-0.567568,0.081081,-0.486486,0.202703,-0.675676,0.337838,-0.702703,0.459459,-0.675676,-0.081081,-0.513514,-0.054054,-0.783784,0.040541,-0.918919,0.162162,-0.986486,-0.229730,-0.472973,-0.310811,-0.729730,-0.256757,-0.891892,-0.162162,-1.000000,-0.364865,-0.364865,-0.513514,-0.500000,-0.527027,-0.621622,-0.486486,-0.729730
F,Right,legacy_bisindo_F_20,0.000000,0.000000,0.181818,-0.121212,0.318182,-0.287879,0.409091,-0.424242,0.530303,-0.530303,0.151515,-0.424242,0.212121,-0.696970,0.287879,-0.863636,0.363636,-0.969697,-0.015152,-0.424242,-0.015152,-0.712121,0.030303,-0.878788,0.106061,-1.000000,-0.181818,-0.393939,-0.212121,-0.621212,-0.181818,-0.787879,-0.121212,-0.924242,-0.333333,-0.318182,-0.409091,-0.484848,-0.424242,-0.606061,-0.409091,-0.727273
F,Right,legacy_bisindo_F_21,0.000000,0.000000,0.148148,-0.135802,0.209877,-0.333333,0.209877,-0.506173,0.197531,-0.617284,0.098765,-0.432099,0.086420,-0.679012,0.098765,-0.827160,0.135802,-0.938272,-0.049383,-0.444444,-0.061728,-0.728395,0.000000,-0.901235,0.086420,-1.000000,-0.197531,-0.395062,-0.222222,-0.679012,-0.135802,-0.839506,-0.037037,-0.962963,-0.345679,-0.308642,-0.456790,-0.469136,-0.456790,-0.580247,-0.432099,-0.679012
F,Right,legacy_bisindo_F_22,0.000000,0.000000,0.160920,0.103448,0.264368,0.275862,0.333333,0.425287,0.379310,0.540230,0.114943,0.448276,0.183908,0.643678,0.252874,0.735632,0.321839,0.781609,-0.057471,0.494253,-0.045977,0.735632,0.011494,0.885057,0.103448,0.965517,-0.218391,0.459770,-0.264368,0.701149,-0.218391,0.873563,-0.137931,1.000000,-0.367816,0.367816,-0.517241,0.494253,-0.563218,0.597701,-0.563218,0.689655
F,Right,legacy_bisindo_F_23,0.000000,0.000000,-0.192308,-0.102564,-0.333333,-0.269231,-0.423077,-0.410256,-0.474359,-0.525641,-0.243590,-0.423077,-0.282051,-0.705128,-0.230769,-0.884615,-0.166667,-1.000000,-0.102564,-0.448718,-0.064103,-0.756410,0.038462,-0.910256,0.153846,-0.987179,0.051282,-0.410256,0.076923,-0.717949,0.166667,-0.871795,0.256410,-0.961538,0.205128,-0.358974,0.269231,-0.551282,0.333333,-0.666667,0.397436,-0.743590
F,Right,legacy_bisindo_F_24,0.000000,0.000000,-0.128205,0.205128,-0.230769,0.358974,-0.282051,0.461538,-0.307692,0.589744,-0.333333,0.410256,-0.333333,0.666667,-0.230769,0.846154,-0.128205,0.948718,-0.358974,0.384615,-0.307692,0.692308,-0.205128,0.871795,-0.102564,1.000000,-0.384615,0.358974,-0.333333,0.692308,-0.230769,0.871795,-0.128205,0.974359,-0.384615,0.333333,-0.358974,0.641026,-0.307692,0.794872,-0.230769,0.923077
F,Right,legacy_bisindo_F_25,0.000000,0.000000,-0.078947,0.236842,-0.263158,0.368421,-0.394737,0.473684,-0.500000,0.578947,-0.500000,0.289474,-0.578947,0.578947,-0.526316,0.789474,-0.447368,0.947368,-0.552632,0.263158,-0.605263,0.578947,-0.552632,0.815789,-0.473684,1.000000,-0.605263,0.236842,-0.657895,0.578947,-0.578947,0.815789,-0.500000,1.000000,-0.631579,0.210526,-0.684211,0.526316,-0.631579,0.736842,-0.552632,0.868421
F,Right,legacy_bisindo_F_26,0.000000,0.000000,-0.153846,0.205128,-0.358974,0.333333,-0.487179,0.435897,-0.589744,0.538462,-0.564103,0.230769,-0.615385,0.564103,-0.538462,0.794872,-0.435897,0.948718,-0.615385,0.230769,-0.615385,0.589744,-0.512821,0.820513,-0.410256,1.000000,-0.615385,0.230769,-0.641026,0.589744,-0.538462,0.820513,-0.461538,1.000000,-0.615385,0.256410,-0.641026,0.564103,-0.589744,0.769231,-0.538462,0.897436
F,Right,legacy_bisindo_F_27,0.000000,0.000000,-0.076923,0.256410,-0.282051,0.461538,-0.410256,0.615385,-0.487179,0.769231,-0.512821,0.307692,-0.589744,0.589744,-0.538462,0.820513,-0.461538,0.974359,-0.564103,0.282051,-0.589744,0.589744,-0.538462,0.820513,-0.461538,1.000000,-0.589744,0.256410,-0.615385,0.564103,-0.564103,0.820513,-0.487179,0.974359,-0.615385,0.230769,-0.641026,0.538462,-0.615385,0.743590,-0.564103,0.897436
F,Right,legacy_bisindo_F_28,0.000000,0.000000,0.021739,0.282609,-0.043478,0.521739,-0.152174,0.739130,-0.239130,0.913043,-0.369565,0.434783,-0.456522,0.652174,-0.434783,0.847826,-0.391304,1.000000,-0.456522,0.391304,-0.543478,0.630435,-0.521739,0.826087,-0.434783,0.978261,-0.543478,0.347826,-0.630435,0.586957,-0.586957,0.804348,-0.500000,0.978261,-0.630435,0.282609,-0.695652,0.543478,-0.652174,0.739130,-0.586957,0.869565
F,Right,legacy_bisindo_F_29,0.000000,0.000000,-0.112903,-0.080645,-0.225806,-0.241935,-0.258065,-0.387097,-0.258065,-0.516129,-0.306452,-0.322581,-0.403226,-0.532258,-0.403226,-0.661290,-0.370968,-0.774194,-0.177419,-0.387097,-0.161290,-0.693548,-0.112903,-0.870968,-0.048387,-1.000000,0.000000,-0.403226,0.032258,-0.677419,0.096774,-0.854839,0.161290,-0.967742,0.161290,-0.370968,0.225806,-0.564516,0.274194,-0.693548,0.322581,-0.790323
F,Right,legacy_bisindo_F_30,0.000000,0.000000,0.200000,0.114286,0.328571,0.271429,0.371429,0.428571,0.400000,0.542857,0.128571,0.400000,0.185714,0.614286,0.242857,0.742857,0.285714,0.828571,-0.042857,0.457143,-0.028571,0.714286,0.014286,0.871429,0.071429,1.000000,-0.200000,0.428571,-0.242857,0.700000,-0.228571,0.871429,-0.185714,1.000000,-0.328571,0.371429,-0.442857,0.485714,-0.471429,0.585714,-0.471429,0.657143
F,Right,legacy_bisindo_F_31,0.000000,0.000000,0.212121,0.121212,0.333333,0.303030,0.393939,0.484848,0.409091,0.621212,0.136364,0.454545,0.196970,0.681818,0.227273,0.803030,0.272727,0.863636,-0.030303,0.484848,-0.030303,0.742424,0.015152,0.893939,0.060606,1.000000,-0.196970,0.439394,-0.242424,0.712121,-0.227273,0.878788,-0.181818,1.000000,-0.348485,0.348485,-0.454545,0.484848,-0.469697,0.590909,-0.454545,0.681818
F,Right,legacy_bisindo_F_32,0.000000,0.000000,0.173913,0.115942,0.318841,0.289855,0.420290,0.449275,0.478261,0.579710,0.173913,0.376812,0.275362,0.579710,0.347826,0.695652,0.391304,0.782609,0.014493,0.420290,0.072464,0.695652,0.130435,0.855072,0.173913,0.971014,-0.130435,0.420290,-0.144928,0.681159,-0.115942,0.855072,-0.086957,1.000000,-0.275362,0.347826,-0.362319,0.463768,-0.376812,0.565217,-0.376812,0.637681
F,Right,legacy_bisindo_F_33,0.000000,0.000000,0.227273,-0.106061,0.393939,-0.287879,0.439394,-0.484848,0.439394,-0.651515,0.166667,-0.378788,0.272727,-0.590909,0.318182,-0.712121,0.363636,-0.803030,-0.015152,-0.424242,0.045455,-0.696970,0.106061,-0.878788,0.181818,-1.000000,-0.181818,-0.424242,-0.212121,-0.696970,-0.181818,-0.878788,-0.136364,-1.000000,-0.318182,-0.378788,-0.439394,-0.515152,-0.454545,-0.621212,-0.424242,-0.712121
F,Right,legacy_bisindo_F_34,0.000000,0.000000,0.191176,0.117647,0.323529,0.308824,0.397059,0.485294,0.455882,0.617647,0.161765,0.411765,0.250000,0.617647,0.308824,0.735294,0.352941,0.808824,0.000000,0.455882,0.058824,0.691176,0.102941,0.852941,0.161765,0.970588,-0.147059,0.441176,-0.161765,0.691176,-0.132353,0.867647,-0.088235,1.000000,-0.308824,0.367647,-0.382353,0.514706,-0.397059,0.602941,-0.382353,0.691176
F,Right,legacy_bisindo_F_35,0.000000,0.000000,0.238095,-0.079365,0.428571,-0.253968,0.523810,-0.444444,0.539683,-0.587302,0.222222,-0.412698,0.333333,-0.587302,0.396825,-0.682540,0.428571,-0.730159,0.047619,-0.476190,0.126984,-0.714286,0.190476,-0.873016,0.269841,-0.984127,-0.126984,-0.460317,-0.142857,-0.714286,-0.095238,-0.873016,-0.031746,-1.000000,-0.285714,-0.396825,-0.380952,-0.523810,-0.396825,-0.619048,-0.365079,-0.714286
F,Right,legacy_bisindo_F_36,0.000000,0.000000,-0.101449,0.159420,-0.173913,0.376812,-0.188406,0.565217,-0.159420,0.695652,-0.101449,0.478261,-0.086957,0.739130,-0.057971,0.898551,0.000000,1.000000,0.043478,0.449275,0.086957,0.710145,0.159420,0.855072,0.246377,0.927536,0.173913,0.405797,0.202899,0.637681,0.246377,0.768116,0.304348,0.855072,0.289855,0.318841,0.347826,0.478261,0.391304,0.565217,0.434783,0.623188
F,Right,legacy_bisindo_F_37,0.000000,0.000000,0.191176,-0.088235,0.352941,-0.250000,0.455882,-0.411765,0.500000,-0.529412,0.176471,-0.441176,0.264706,-0.602941,0.323529,-0.691176,0.367647,-0.735294,0.014706,-0.500000,0.073529,-0.720588,0.132353,-0.867647,0.205882,-0.970588,-0.147059,-0.485294,-0.161765,-0.720588,-0.117647,-0.882353,-0.058824,-1.000000,-0.294118,-0.426471,-0.397059,-0.544118,-0.411765,-0.647059,-0.367647,-0.735294
F,Right,legacy_bisindo_F_38,0.000000,0.000000,0.205882,0.102941,0.367647,0.279412,0.441176,0.455882,0.470588,0.588235,0.147059,0.441176,0.235294,0.647059,0.294118,0.779412,0.352941,0.852941,0.000000,0.485294,0.058824,0.735294,0.117647,0.882353,0.191176,0.970588,-0.147059,0.485294,-0.161765,0.720588,-0.117647,0.882353,-0.058824,1.000000,-0.279412,0.426471,-0.382353,0.544118,-0.397059,0.647059,-0.367647,0.720588
F,Right,legacy_bisindo_F_39,0.000000,0.000000,0.212121,-0.090909,0.363636,-0.272727,0.424242,-0.439394,0.439394,-0.560606,0.181818,-0.439394,0.272727,-0.621212,0.333333,-0.727273,0.378788,-0.787879,0.015152,-0.484848,0.090909,-0.696970,0.151515,-0.848485,0.227273,-0.954545,-0.151515,-0.469697,-0.151515,-0.712121,-0.121212,-0.863636,-0.060606,-1.000000,-0.287879,-0.409091,-0.378788,-0.530303,-0.393939,-0.636364,-0.363636,-0.712121
F,Right,legacy_bisindo_F_40,0.000000,0.000000,0.220588,0.088235,0.397059,0.264706,0.470588,0.441176,0.514706,0.573529,0.205882,0.397059,0.308824,0.602941,0.367647,0.735294,0.426471,0.808824,0.058824,0.455882,0.132353,0.705882,0.205882,0.852941,0.279412,0.955882,-0.088235,0.455882,-0.102941,0.720588,-0.058824,0.882353,0.000000,1.000000,-0.220588,0.411765,-0.308824,0.544118,-0.323529,0.632353,-0.294118,0.705882
F,Right,legacy_bisindo_F_41,0.000000,0.000000,0.205882,0.102941,0.352941,0.264706,0.397059,0.441176,0.441176,0.573529,0.191176,0.367647,0.294118,0.558824,0.367647,0.676471,0.426471,0.764706,0.029412,0.426471,0.102941,0.676471,0.191176,0.823529,0.264706,0.926471,-0.117647,0.441176,-0.132353,0.705882,-0.102941,0.867647,-0.029412,1.000000,-0.250000,0.397059,-0.352941,0.514706,-0.367647,0.617647,-0.338235,0.705882
F,Right,legacy_bisindo_F_42,0.000000,0.000000,0.215385,0.061538,0.384615,0.246154,0.461538,0.446154,0.523077,0.615385,0.230769,0.338462,0.338462,0.553846,0.415385,0.692308,0.492308,0.784615,0.061538,0.415385,0.153846,0.676923,0.230769,0.830769,0.323077,0.938462,-0.092308,0.446154,-0.107692,0.707692,-0.061538,0.876923,0.000000,1.000000,-0.230769,0.415385,-0.338462,0.523077,-0.353846,0.630769,-0.323077,0.707692
F,Right,legacy_bisindo_F_43,0.000000,0.000000,0.187500,0.093750,0.343750,0.265625,0.437500,0.437500,0.515625,0.578125,0.203125,0.437500,0.281250,0.656250,0.328125,0.781250,0.390625,0.859375,0.046875,0.500000,0.093750,0.734375,0.156250,0.875000,0.234375,0.984375,-0.109375,0.500000,-0.140625,0.734375,-0.093750,0.890625,-0.015625,1.000000,-0.265625,0.453125,-0.359375,0.562500,-0.375000,0.656250,-0.328125,0.734375
F,Right,legacy_bisindo_F_44,0.000000,0.000000,0.209677,0.080645,0.387097,0.258065,0.483871,0.435484,0.548387,0.580645,0.193548,0.387097,0.306452,0.596774,0.403226,0.709677,0.467742,0.790323,0.032258,0.451613,0.129032,0.709677,0.209677,0.854839,0.306452,0.951613,-0.112903,0.467742,-0.129032,0.725806,-0.096774,0.887097,-0.016129,1.000000,-0.258065,0.435484,-0.370968,0.516129,-0.387097,0.612903,-0.370968,0.677419
F,Right,legacy_bisindo_F_45,0.000000,0.000000,0.196429,0.053571,0.357143,0.196429,0.446429,0.357143,0.535714,0.482143,0.285714,0.339286,0.446429,0.571429,0.535714,0.714286,0.625000,0.821429,0.089286,0.410714,0.232143,0.696429,0.339286,0.839286,0.428571,0.946429,-0.071429,0.428571,-0.053571,0.714286,0.000000,0.875000,0.089286,1.000000,-0.250000,0.392857,-0.339286,0.517857,-0.357143,0.625000,-0.321429,0.714286
F,Right,legacy_bisindo_F_46,0.000000,0.000000,0.241379,0.086207,0.396552,0.241379,0.500000,0.413793,0.568966,0.586207,0.206897,0.344828,0.344828,0.551724,0.431034,0.672414,0.517241,0.758621,0.051724,0.413793,0.172414,0.672414,0.275862,0.827586,0.379310,0.931034,-0.103448,0.448276,-0.103448,0.724138,-0.051724,0.879310,0.034483,1.000000,-0.258621,0.431034,-0.379310,0.517241,-0.379310,0.620690,-0.344828,0.706897
F,Right,legacy_bisindo_F_47,0.000000,0.000000,0.196429,-0.089286,0.339286,-0.321429,0.392857,-0.553571,0.375000,-0.714286,0.017857,-0.392857,0.125000,-0.589286,0.232143,-0.732143,0.321429,-0.803571,-0.160714,-0.428571,-0.089286,-0.696429,0.035714,-0.875000,0.142857,-1.000000,-0.303571,-0.446429,-0.357143,-0.678571,-0.285714,-0.875000,-0.196429,-1.000000,-0.392857,-0.410714,-0.553571,-0.535714,-0.589286,-0.660714,-0.553571,-0.767857
F,Right,legacy_bisindo_F_48,0.000000,0.000000,0.245614,0.087719,0.403509,0.280702,0.456140,0.508772,0.491228,0.701754,0.157895,0.385965,0.245614,0.614035,0.333333,0.754386,0.403509,0.842105,-0.017544,0.438596,0.070175,0.701754,0.175439,0.859649,0.263158,0.947368,-0.157895,0.456140,-0.175439,0.719298,-0.105263,0.877193,-0.017544,1.000000,-0.315789,0.421053,-0.403509,0.543860,-0.403509,0.666667,-0.333333,0.771930
F,Right,legacy_bisindo_F_49,0.000000,0.000000,0.216667,0.100000,0.366667,0.300000,0.450000,0.516667,0.483333,0.683333,0.116667,0.433333,0.216667,0.650000,0.316667,0.750000,0.400000,0.816667,-0.033333,0.500000,0.050000,0.733333,0.133333,0.866667,0.233333,0.950000,-0.166667,0.516667,-0.200000,0.750000,-0.150000,0.900000,-0.066667,1.000000,-0.300000,0.483333,-0.416667,0.583333,-0.433333,0.683333,-0.400000,0.766667
F,Right,legacy_bisindo_F_50,0.000000,0.000000,0.216667,0.116667,0.350000,0.316667,0.416667,0.533333,0.466667,0.700000,0.116667,0.433333,0.233333,0.666667,0.316667,0.783333,0.383333,0.866667,-0.016667,0.500000,0.050000,0.733333,0.150000,0.866667,0.250000,0.950000,-0.166667,0.500000,-0.183333,0.750000,-0.133333,0.900000,-0.066667,1.000000,-0.300000,0.466667,-0.416667,0.566667,-0.433333,0.666667,-0.383333,0.766667
F,Right,legacy_bisindo_F_51,0.000000,0.000000,0.220339,0.118644,0.338983,0.305085,0.389831,0.491525,0.389831,0.661017,0.067797,0.440678,0.135593,0.661017,0.220339,0.796610,0.288136,0.881356,-0.084746,0.491525,-0.016949,0.728814,0.050847,0.881356,0.135593,0.983051,-0.220339,0.491525,-0.237288,0.745763,-0.186441,0.898305,-0.118644,1.000000,-0.338983,0.457627,-0.440678,0.576271,-0.440678,0.677966,-0.406780,0.762712
F,Right,legacy_bisindo_F_52,0.000000,0.000000,0.224138,0.103448,0.362069,0.293103,0.448276,0.482759,0.500000,0.637931,0.137931,0.396552,0.241379,0.637931,0.327586,0.775862,0.396552,0.879310,-0.017241,0.465517,0.051724,0.724138,0.137931,0.862069,0.224138,0.965517,-0.172414,0.482759,-0.172414,0.741379,-0.120690,0.896552,-0.051724,1.000000,-0.293103,0.448276,-0.413793,0.551724,-0.413793,0.637931,-0.379310,0.706897
F,Right,legacy_bisindo_F_53,0.000000,0.000000,0.237288,0.118644,0.389831,0.305085,0.440678,0.491525,0.440678,0.644068,0.135593,0.389831,0.237288,0.610169,0.305085,0.728814,0.372881,0.813559,-0.050847,0.440678,0.033898,0.677966,0.118644,0.830508,0.203390,0.932203,-0.203390,0.440678,-0.203390,0.694915,-0.135593,0.864407,-0.067797,1.000000,-0.355932,0.389831,-0.474576,0.508475,-0.491525,0.627119,-0.457627,0.711864
F,Right,legacy_bisindo_F_54,0.000000,0.000000,0.229508,0.081967,0.377049,0.278689,0.426230,0.475410,0.475410,0.672131,0.163934,0.360656,0.278689,0.590164,0.360656,0.721311,0.426230,0.819672,0.000000,0.442623,0.065574,0.688525,0.163934,0.836066,0.245902,0.934426,-0.147541,0.475410,-0.180328,0.721311,-0.114754,0.885246,-0.032787,1.000000,-0.278689,0.442623,-0.409836,0.540984,-0.409836,0.639344,-0.377049,0.737705
F,Right,legacy_bisindo_F_55,0.000000,0.000000,0.179775,-0.078652,0.314607,-0.247191,0.404494,-0.415730,0.460674,-0.573034,0.033708,-0.471910,0.168539,-0.629213,0.280899,-0.674157,0.404494,-0.662921,-0.112360,-0.505618,-0.067416,-0.764045,0.056180,-0.876404,0.179775,-0.943820,-0.247191,-0.483146,-0.303371,-0.719101,-0.258427,-0.876404,-0.168539,-1.000000,-0.359551,-0.393258,-0.505618,-0.539326,-0.528090,-0.662921,-0.494382,-0.764045
F,Right,legacy_bisindo_F_56,0.000000,0.000000,0.182927,0.024390,0.341463,0.170732,0.426829,0.365854,0.512195,0.487805,0.146341,0.280488,0.158537,0.524390,0.231707,0.682927,0.341463,0.817073,0.000000,0.365854,0.012195,0.682927,0.121951,0.865854,0.231707,0.975610,-0.109756,0.414634,-0.085366,0.731707,0.024390,0.890244,0.146341,1.000000,-0.195122,0.439024,-0.170732,0.695122,-0.048780,0.817073,0.060976,0.926829
F,Right,legacy_bisindo_F_57,0.000000,0.000000,0.114286,0.200000,0.185714,0.414286,0.300000,0.571429,0.428571,0.671429,0.000000,0.500000,0.100000,0.742857,0.228571,0.871429,0.342857,0.942857,-0.100000,0.500000,-0.042857,0.757143,0.071429,0.900000,0.171429,1.000000,-0.185714,0.471429,-0.242857,0.671429,-0.228571,0.800000,-0.214286,0.914286,-0.242857,0.385714,-0.357143,0.471429,-0.428571,0.557143,-0.485714,0.614286
F,Right,legacy_bisindo_F_58,0.000000,0.000000,-0.270270,-0.108108,-0.432432,-0.270270,-0.486486,-0.472973,-0.500000,-0.648649,-0.243243,-0.378378,-0.229730,-0.689189,-0.189189,-0.851351,-0.108108,-0.986486,-0.081081,-0.351351,0.027027,-0.675676,0.148649,-0.864865,0.283784,-1.000000,0.067568,-0.297297,0.189189,-0.567568,0.283784,-0.729730,0.405405,-0.837838,0.175676,-0.216216,0.256757,-0.391892,0.324324,-0.472973,0.391892,-0.500000
F,Right,legacy_bisindo_F_59,0.000000,0.000000,-0.264706,-0.058824,-0.441176,-0.191176,-0.500000,-0.382353,-0.485294,-0.573529,-0.264706,-0.411765,-0.205882,-0.705882,-0.132353,-0.867647,-0.044118,-1.000000,-0.088235,-0.397059,0.044118,-0.647059,0.176471,-0.808824,0.308824,-0.926471,0.058824,-0.338235,0.191176,-0.544118,0.323529,-0.676471,0.441176,-0.779412,0.176471,-0.250000,0.294118,-0.367647,0.382353,-0.470588,0.485294,-0.529412
F,Right,legacy_bisindo_F_60,0.000000,0.000000,-0.257576,-0.060606,-0.424242,-0.212121,-0.469697,-0.393939,-0.469697,-0.560606,-0.272727,-0.469697,-0.196970,-0.727273,-0.106061,-0.878788,-0.030303,-1.000000,-0.121212,-0.484848,0.030303,-0.712121,0.166667,-0.848485,0.303030,-0.954545,0.015152,-0.454545,0.151515,-0.636364,0.257576,-0.727273,0.378788,-0.818182,0.121212,-0.393939,0.212121,-0.500000,0.303030,-0.575758,0.393939,-0.621212
F,Right,legacy_bisindo_F_61,0.000000,0.000000,-0.257576,0.045455,-0.439394,0.181818,-0.500000,0.378788,-0.484848,0.590909,-0.257576,0.439394,-0.227273,0.712121,-0.151515,0.863636,-0.075758,1.000000,-0.060606,0.439394,0.090909,0.696970,0.257576,0.833333,0.393939,0.939394,0.090909,0.378788,0.242424,0.575758,0.348485,0.666667,0.439394,0.696970,0.196970,0.303030,0.333333,0.378788,0.409091,0.393939,0.469697,0.378788
F,Right,legacy_bisindo_F_62,0.000000,0.000000,-0.261538,-0.061538,-0.430769,-0.215385,-0.461538,-0.384615,-0.461538,-0.553846,-0.261538,-0.476923,-0.184615,-0.707692,-0.123077,-0.876923,-0.046154,-1.000000,-0.123077,-0.476923,-0.030769,-0.692308,0.030769,-0.861538,0.107692,-0.984615,0.000000,-0.446154,0.092308,-0.615385,0.153846,-0.723077,0.230769,-0.815385,0.107692,-0.369231,0.184615,-0.507692,0.246154,-0.600000,0.323077,-0.661538
F,Right,legacy_bisindo_F_63,0.000000,0.000000,-0.238095,-0.063492,-0.396825,-0.206349,-0.428571,-0.380952,-0.412698,-0.555556,-0.206349,-0.476190,-0.142857,-0.730159,-0.063492,-0.888889,0.015873,-1.000000,-0.047619,-0.476190,0.063492,-0.682540,0.158730,-0.825397,0.269841,-0.936508,0.079365,-0.428571,0.190476,-0.587302,0.269841,-0.682540,0.365079,-0.761905,0.190476,-0.349206,0.253968,-0.460317,0.333333,-0.539683,0.412698,-0.587302
F,Right,legacy_bisindo_F_64,0.000000,0.000000,-0.253968,0.047619,-0.428571,0.190476,-0.507937,0.365079,-0.476190,0.555556,-0.238095,0.476190,-0.206349,0.730159,-0.126984,0.873016,-0.031746,1.000000,-0.063492,0.476190,0.111111,0.698413,0.253968,0.793651,0.396825,0.873016,0.079365,0.428571,0.190476,0.555556,0.238095,0.555556,0.253968,0.539683,0.190476,0.349206,0.285714,0.444444,0.317460,0.444444,0.349206,0.444444
F,Right,legacy_bisindo_F_65,0.000000,0.000000,-0.241935,-0.064516,-0.370968,-0.209677,-0.403226,-0.387097,-0.387097,-0.548387,-0.209677,-0.483871,-0.129032,-0.709677,-0.064516,-0.870968,0.016129,-1.000000,-0.064516,-0.467742,0.016129,-0.677419,0.064516,-0.838710,0.112903,-0.967742,0.080645,-0.403226,0.145161,-0.564516,0.209677,-0.677419,0.274194,-0.774194,0.193548,-0.306452,0.258065,-0.435484,0.338710,-0.516129,0.403226,-0.580645
F,Right,legacy_bisindo_F_66,0.000000,0.000000,-0.225806,-0.048387,-0.387097,-0.193548,-0.435484,-0.370968,-0.403226,-0.532258,-0.209677,-0.467742,-0.129032,-0.725806,-0.048387,-0.870968,0.032258,-1.000000,-0.048387,-0.467742,0.129032,-0.693548,0.258065,-0.822581,0.387097,-0.919355,0.080645,-0.419355,0.225806,-0.596774,0.338710,-0.709677,0.451613,-0.806452,0.177419,-0.338710,0.274194,-0.451613,0.370968,-0.532258,0.467742,-0.580645
F,Right,legacy_bisindo_F_67,0.000000,0.000000,-0.234375,0.062500,-0.406250,0.187500,-0.484375,0.375000,-0.453125,0.578125,-0.250000,0.437500,-0.218750,0.703125,-0.156250,0.875000,-0.062500,1.000000,-0.062500,0.421875,0.093750,0.671875,0.265625,0.796875,0.406250,0.890625,0.093750,0.359375,0.234375,0.531250,0.328125,0.578125,0.406250,0.593750,0.203125,0.265625,0.312500,0.359375,0.375000,0.375000,0.406250,0.359375
F,Right,legacy_bisindo_F_68,0.000000,0.000000,-0.250000,0.062500,-0.437500,0.203125,-0.500000,0.390625,-0.468750,0.593750,-0.265625,0.421875,-0.250000,0.718750,-0.187500,0.875000,-0.093750,1.000000,-0.078125,0.406250,0.046875,0.656250,0.156250,0.765625,0.265625,0.843750,0.078125,0.328125,0.218750,0.531250,0.375000,0.656250,0.484375,0.734375,0.187500,0.234375,0.312500,0.343750,0.406250,0.406250,0.484375,0.437500
F,Right,legacy_bisindo_F_69,0.000000,0.000000,0.158537,0.109756,0.256098,0.304878,0.329268,0.487805,0.414634,0.621951,0.121951,0.365854,0.134146,0.621951,0.170732,0.780488,0.219512,0.902439,-0.012195,0.365854,0.012195,0.658537,0.085366,0.853659,0.170732,1.000000,-0.158537,0.317073,-0.219512,0.597561,-0.207317,0.780488,-0.182927,0.914634,-0.292683,0.243902,-0.390244,0.402439,-0.414634,0.524390,-0.414634,0.634146
F,Right,legacy_bisindo_F_70,0.000000,0.000000,0.235294,-0.102941,0.411765,-0.279412,0.514706,-0.441176,0.602941,-0.514706,0.264706,-0.250000,0.294118,-0.397059,0.367647,-0.529412,0.455882,-0.661765,0.058824,-0.235294,0.088235,-0.573529,0.161765,-0.823529,0.250000,-1.000000,-0.132353,-0.220588,-0.117647,-0.588235,-0.058824,-0.823529,0.014706,-0.985294,-0.294118,-0.205882,-0.323529,-0.426471,-0.279412,-0.617647,-0.220588,-0.764706
F,Right,legacy_bisindo_F_71,0.000000,0.000000,-0.222222,0.097222,-0.402778,0.277778,-0.541667,0.444444,-0.583333,0.569444,-0.347222,0.291667,-0.402778,0.583333,-0.361111,0.819444,-0.305556,0.986111,-0.152778,0.291667,-0.111111,0.611111,-0.069444,0.847222,-0.013889,1.000000,0.027778,0.277778,0.097222,0.541667,0.180556,0.722222,0.263889,0.861111,0.180556,0.263889,0.263889,0.458333,0.347222,0.583333,0.416667,0.680556
F,Right,legacy_bisindo_F_72,0.000000,0.000000,0.144578,0.096386,0.216867,0.265060,0.228916,0.409639,0.265060,0.506024,0.096386,0.373494,0.084337,0.614458,0.096386,0.746988,0.108434,0.843373,-0.036145,0.397590,-0.012048,0.674699,0.048193,0.855422,0.096386,1.000000,-0.168675,0.349398,-0.228916,0.626506,-0.204819,0.807229,-0.168675,0.951807,-0.301205,0.277108,-0.397590,0.433735,-0.409639,0.542169,-0.385542,0.650602
F,Right,legacy_bisindo_F_73,0.000000,0.000000,0.190476,-0.107143,0.321429,-0.285714,0.333333,-0.464286,0.345238,-0.630952,0.071429,-0.440476,0.119048,-0.595238,0.178571,-0.690476,0.250000,-0.750000,-0.083333,-0.464286,-0.083333,-0.714286,-0.035714,-0.869048,0.035714,-1.000000,-0.238095,-0.440476,-0.297619,-0.690476,-0.297619,-0.857143,-0.261905,-0.988095,-0.357143,-0.345238,-0.500000,-0.464286,-0.535714,-0.571429,-0.511905,-0.678571
F,Right,legacy_bisindo_F_74,0.000000,0.000000,-0.300000,0.120000,-0.540000,0.340000,-0.700000,0.560000,-0.800000,0.640000,-0.360000,0.280000,-0.340000,0.560000,-0.300000,0.780000,-0.240000,1.000000,-0.040000,0.220000,0.020000,0.520000,0.060000,0.720000,0.100000,0.900000,0.260000,0.140000,0.320000,0.380000,0.360000,0.500000,0.400000,0.620000,0.500000,0.060000,0.620000,0.200000,0.660000,0.320000,0.680000,0.440000
F,Right,legacy_bisindo_F_75,0.000000,0.000000,-0.213333,-0.120000,-0.400000,-0.293333,-0.493333,-0.480000,-0.573333,-0.626667,-0.240000,-0.386667,-0.266667,-0.653333,-0.253333,-0.840000,-0.200000,-1.000000,-0.053333,-0.333333,-0.040000,-0.653333,0.000000,-0.840000,0.026667,-0.960000,0.120000,-0.266667,0.160000,-0.533333,0.213333,-0.666667,0.266667,-0.760000,0.266667,-0.186667,0.333333,-0.360000,0.373333,-0.466667,0.400000,-0.560000
F,Right,legacy_bisindo_F_76,0.000000,0.000000,-0.258621,0.068966,-0.448276,0.258621,-0.586207,0.448276,-0.672414,0.586207,-0.293103,0.344828,-0.310345,0.637931,-0.258621,0.827586,-0.224138,1.000000,-0.034483,0.344828,0.000000,0.603448,0.051724,0.810345,0.086207,0.948276,0.206897,0.275862,0.258621,0.500000,0.310345,0.620690,0.344828,0.741379,0.396552,0.224138,0.465517,0.379310,0.517241,0.482759,0.551724,0.568966
F,Right,legacy_bisindo_F_77,0.000000,0.000000,-0.257576,-0.106061,-0.484848,-0.272727,-0.575758,-0.424242,-0.606061,-0.575758,-0.287879,-0.363636,-0.333333,-0.590909,-0.318182,-0.803030,-0.272727,-0.984848,-0.075758,-0.333333,-0.090909,-0.636364,-0.030303,-0.848485,0.015152,-1.000000,0.106061,-0.272727,0.136364,-0.545455,0.196970,-0.712121,0.257576,-0.818182,0.272727,-0.212121,0.333333,-0.363636,0.378788,-0.484848,0.424242,-0.575758
F,Right,legacy_bisindo_F_78,0.000000,0.000000,-0.228070,0.070175,-0.456140,0.245614,-0.578947,0.438596,-0.649123,0.561404,-0.263158,0.333333,-0.280702,0.614035,-0.228070,0.824561,-0.175439,1.000000,0.000000,0.315789,0.017544,0.614035,0.070175,0.842105,0.122807,0.982456,0.210526,0.280702,0.263158,0.526316,0.333333,0.666667,0.403509,0.789474,0.385965,0.228070,0.473684,0.403509,0.543860,0.491228,0.596491,0.596491
F,Right,legacy_bisindo_F_79,0.000000,0.000000,-0.258621,-0.103448,-0.517241,-0.258621,-0.637931,-0.413793,-0.655172,-0.534483,-0.344828,-0.327586,-0.396552,-0.551724,-0.379310,-0.741379,-0.344828,-0.931034,-0.103448,-0.293103,-0.137931,-0.603448,-0.103448,-0.827586,-0.051724,-1.000000,0.103448,-0.224138,0.103448,-0.517241,0.137931,-0.706897,0.189655,-0.862069,0.293103,-0.155172,0.362069,-0.310345,0.379310,-0.448276,0.431034,-0.586207
F,Right,legacy_bisindo_F_80,0.000000,0.000000,-0.210526,0.105263,-0.385965,0.333333,-0.491228,0.561404,-0.561404,0.736842,-0.210526,0.368421,-0.192982,0.649123,-0.140351,0.842105,-0.070175,1.000000,0.035088,0.315789,0.052632,0.631579,0.105263,0.842105,0.175439,0.982456,0.228070,0.263158,0.245614,0.561404,0.298246,0.719298,0.368421,0.859649,0.368421,0.228070,0.421053,0.438596,0.456140,0.561404,0.508772,0.666667
F,Right,legacy_bisindo_F_81,0.000000,0.000000,-0.236364,-0.109091,-0.454545,-0.254545,-0.563636,-0.381818,-0.600000,-0.490909,-0.327273,-0.290909,-0.418182,-0.527273,-0.381818,-0.745455,-0.327273,-0.945455,-0.109091,-0.254545,-0.109091,-0.581818,-0.036364,-0.818182,0.054545,-1.000000,0.090909,-0.218182,0.145455,-0.509091,0.218182,-0.709091,0.290909,-0.872727,0.272727,-0.163636,0.345455,-0.327273,0.400000,-0.472727,0.472727,-0.618182
F,Right,legacy_bisindo_F_82,0.000000,0.000000,0.166667,-0.115385,0.282051,-0.282051,0.320513,-0.461538,0.358974,-0.615385,0.025641,-0.435897,0.102564,-0.589744,0.179487,-0.679487,0.256410,-0.743590,-0.128205,-0.461538,-0.115385,-0.705128,-0.051282,-0.858974,0.025641,-0.987179,-0.269231,-0.423077,-0.358974,-0.679487,-0.333333,-0.846154,-0.282051,-1.000000,-0.384615,-0.333333,-0.551282,-0.448718,-0.576923,-0.564103,-0.551282,-0.679487
F,Right,legacy_bisindo_F_83,0.000000,0.000000,0.171053,-0.092105,0.302632,-0.263158,0.342105,-0.447368,0.381579,-0.605263,0.026316,-0.434211,0.118421,-0.592105,0.197368,-0.671053,0.289474,-0.710526,-0.131579,-0.460526,-0.131579,-0.710526,-0.052632,-0.868421,0.039474,-0.986842,-0.263158,-0.421053,-0.355263,-0.671053,-0.342105,-0.842105,-0.289474,-1.000000,-0.381579,-0.328947,-0.552632,-0.447368,-0.592105,-0.552632,-0.565789,-0.671053
F,Right,legacy_bisindo_F_84,0.000000,0.000000,-0.258065,-0.048387,-0.419355,-0.193548,-0.467742,-0.387097,-0.451613,-0.564516,-0.241935,-0.467742,-0.177419,-0.725806,-0.112903,-0.870968,-0.032258,-1.000000,-0.064516,-0.467742,0.112903,-0.693548,0.258065,-0.838710,0.387097,-0.951613,0.064516,-0.419355,0.241935,-0.596774,0.370968,-0.677419,0.500000,-0.741935,0.161290,-0.338710,0.306452,-0.451613,0.419355,-0.500000,0.516129,-0.516129
F,Right,legacy_bisindo_F_85,0.000000,0.000000,0.168831,-0.103896,0.285714,-0.285714,0.311688,-0.454545,0.337662,-0.623377,0.000000,-0.441558,0.090909,-0.610390,0.168831,-0.688312,0.259740,-0.727273,-0.155844,-0.467532,-0.155844,-0.727273,-0.090909,-0.870130,0.000000,-1.000000,-0.298701,-0.428571,-0.389610,-0.675325,-0.376623,-0.857143,-0.311688,-1.000000,-0.402597,-0.337662,-0.584416,-0.441558,-0.610390,-0.558442,-0.584416,-0.675325
F,Right,legacy_bisindo_F_86,0.000000,0.000000,0.157895,-0.092105,0.263158,-0.250000,0.328947,-0.394737,0.394737,-0.539474,0.026316,-0.447368,0.118421,-0.618421,0.210526,-0.684211,0.289474,-0.723684,-0.118421,-0.473684,-0.118421,-0.723684,-0.039474,-0.881579,0.039474,-1.000000,-0.263158,-0.434211,-0.355263,-0.671053,-0.328947,-0.855263,-0.263158,-1.000000,-0.368421,-0.342105,-0.552632,-0.447368,-0.578947,-0.565789,-0.552632,-0.684211
F,Right,legacy_bisindo_F_87,0.000000,0.000000,0.146667,-0.106667,0.266667,-0.266667,0.333333,-0.413333,0.373333,-0.546667,0.000000,-0.440000,0.093333,-0.626667,0.200000,-0.706667,0.293333,-0.746667,-0.146667,-0.480000,-0.146667,-0.720000,-0.053333,-0.880000,0.040000,-1.000000,-0.280000,-0.440000,-0.386667,-0.693333,-0.346667,-0.853333,-0.293333,-1.000000,-0.373333,-0.360000,-0.573333,-0.453333,-0.600000,-0.573333,-0.560000,-0.693333
F,Right,legacy_bisindo_F_88,0.000000,0.000000,0.135135,-0.094595,0.229730,-0.256757,0.297297,-0.405405,0.378378,-0.540541,-0.027027,-0.445946,0.094595,-0.608108,0.189189,-0.675676,0.270270,-0.716216,-0.162162,-0.472973,-0.148649,-0.716216,-0.067568,-0.878378,0.027027,-1.000000,-0.297297,-0.432432,-0.391892,-0.675676,-0.351351,-0.851351,-0.297297,-1.000000,-0.405405,-0.337838,-0.581081,-0.445946,-0.608108,-0.554054,-0.581081,-0.675676
F,Right,legacy_bisindo_F_89,0.000000,0.000000,0.150685,-0.082192,0.246575,-0.232877,0.315068,-0.369863,0.369863,-0.493151,-0.013699,-0.424658,0.095890,-0.602740,0.205479,-0.671233,0.287671,-0.698630,-0.150685,-0.452055,-0.150685,-0.712329,-0.054795,-0.863014,0.054795,-0.986301,-0.287671,-0.410959,-0.397260,-0.657534,-0.369863,-0.835616,-0.301370,-1.000000,-0.397260,-0.315068,-0.589041,-0.424658,-0.616438,-0.547945,-0.575342,-0.671233
F,Right,legacy_bisindo_F_90,0.000000,0.000000,0.138889,-0.097222,0.222222,-0.277778,0.291667,-0.430556,0.361111,-0.583333,-0.027778,-0.416667,0.083333,-0.583333,0.194444,-0.638889,0.291667,-0.666667,-0.166667,-0.444444,-0.166667,-0.680556,-0.069444,-0.847222,0.041667,-0.972222,-0.291667,-0.402778,-0.402778,-0.638889,-0.375000,-0.833333,-0.305556,-1.000000,-0.388889,-0.305556,-0.583333,-0.416667,-0.611111,-0.541667,-0.583333,-0.666667
F,Right,legacy_bisindo_F_91,0.000000,0.000000,0.138889,-0.111111,0.236111,-0.291667,0.305556,-0.444444,0.375000,-0.583333,-0.041667,-0.430556,0.083333,-0.625000,0.194444,-0.680556,0.305556,-0.722222,-0.180556,-0.458333,-0.152778,-0.722222,-0.069444,-0.875000,0.041667,-0.986111,-0.305556,-0.416667,-0.402778,-0.666667,-0.375000,-0.847222,-0.305556,-1.000000,-0.402778,-0.333333,-0.597222,-0.444444,-0.625000,-0.555556,-0.597222,-0.680556
F,Right,legacy_bisindo_F_92,0.000000,0.000000,0.123288,-0.123288,0.205479,-0.328767,0.260274,-0.506849,0.356164,-0.643836,-0.027397,-0.438356,0.095890,-0.616438,0.219178,-0.671233,0.315068,-0.698630,-0.164384,-0.452055,-0.123288,-0.712329,-0.041096,-0.863014,0.068493,-0.972603,-0.287671,-0.410959,-0.369863,-0.671233,-0.342466,-0.849315,-0.273973,-1.000000,-0.383562,-0.328767,-0.534247,-0.452055,-0.575342,-0.575342,-0.547945,-0.684932
F,Right,legacy_bisindo_F_93,0.000000,0.000000,0.325000,0.100000,0.600000,0.200000,0.800000,0.325000,0.925000,0.350000,0.350000,-0.125000,0.275000,-0.100000,0.225000,-0.050000,0.200000,0.050000,0.000000,-0.175000,-0.025000,0.350000,0.100000,0.750000,0.225000,1.000000,-0.325000,-0.125000,-0.325000,0.375000,-0.175000,0.725000,0.000000,1.000000,-0.575000,-0.100000,-0.700000,0.150000,-0.650000,0.400000,-0.575000,0.625000
F,Right,legacy_bisindo_F_94,0.000000,0.000000,0.168675,-0.144578,0.265060,-0.325301,0.253012,-0.506024,0.265060,-0.674699,-0.060241,-0.457831,0.012048,-0.614458,0.108434,-0.698795,0.204819,-0.746988,-0.192771,-0.481928,-0.180723,-0.710843,-0.096386,-0.867470,-0.012048,-0.975904,-0.313253,-0.457831,-0.397590,-0.698795,-0.373494,-0.867470,-0.313253,-1.000000,-0.409639,-0.385542,-0.554217,-0.506024,-0.566265,-0.626506,-0.542169,-0.722892
F,Right,legacy_bisindo_F_95,0.000000,0.000000,0.094595,-0.135135,0.148649,-0.324324,0.216216,-0.486486,0.297297,-0.621622,-0.054054,-0.445946,0.013514,-0.675676,0.108108,-0.797297,0.216216,-0.878378,-0.175676,-0.445946,-0.202703,-0.689189,-0.148649,-0.864865,-0.067568,-1.000000,-0.256757,-0.391892,-0.364865,-0.608108,-0.337838,-0.770270,-0.297297,-0.905405,-0.324324,-0.310811,-0.486486,-0.432432,-0.513514,-0.540541,-0.500000,-0.648649
F,Right,legacy_bisindo_F_96,0.000000,0.000000,0.115942,-0.115942,0.217391,-0.318841,0.304348,-0.492754,0.391304,-0.637681,0.000000,-0.449275,0.101449,-0.652174,0.231884,-0.739130,0.362319,-0.782609,-0.144928,-0.449275,-0.144928,-0.710145,-0.057971,-0.898551,0.043478,-1.000000,-0.246377,-0.405797,-0.347826,-0.652174,-0.318841,-0.826087,-0.260870,-0.971014,-0.333333,-0.318841,-0.478261,-0.463768,-0.507246,-0.579710,-0.478261,-0.695652
F,Right,legacy_bisindo_F_97,0.000000,0.000000,0.136364,-0.121212,0.242424,-0.318182,0.333333,-0.484848,0.424242,-0.651515,0.000000,-0.424242,0.121212,-0.606061,0.287879,-0.651515,0.439394,-0.666667,-0.136364,-0.439394,-0.106061,-0.727273,0.015152,-0.893939,0.151515,-1.000000,-0.242424,-0.393939,-0.348485,-0.666667,-0.318182,-0.863636,-0.257576,-1.000000,-0.333333,-0.318182,-0.484848,-0.469697,-0.515152,-0.575758,-0.500000,-0.681818
F,Right,legacy_bisindo_F_98,0.000000,0.000000,0.117647,0.147059,0.161765,0.352941,0.250000,0.514706,0.367647,0.617647,-0.014706,0.426471,0.088235,0.632353,0.191176,0.735294,0.294118,0.808824,-0.132353,0.426471,-0.161765,0.691176,-0.088235,0.867647,0.014706,1.000000,-0.235294,0.397059,-0.338235,0.632353,-0.294118,0.808824,-0.220588,0.955882,-0.294118,0.308824,-0.470588,0.411765,-0.529412,0.529412,-0.514706,0.647059
F,Right,legacy_bisindo_F_99,0.000000,0.000000,0.117647,-0.132353,0.205882,-0.323529,0.294118,-0.485294,0.397059,-0.617647,-0.014706,-0.411765,0.088235,-0.558824,0.235294,-0.632353,0.382353,-0.661765,-0.147059,-0.411765,-0.161765,-0.691176,-0.073529,-0.882353,0.029412,-1.000000,-0.250000,-0.382353,-0.352941,-0.617647,-0.338235,-0.794118,-0.279412,-0.911765,-0.323529,-0.294118,-0.470588,-0.441176,-0.500000,-0.544118,-0.470588,-0.647059
F,Right,legacy_bisindo_F_100,0.000000,0.000000,0.073529,0.161765,0.117647,0.352941,0.220588,0.514706,0.338235,0.602941,-0.088235,0.426471,0.014706,0.632353,0.132353,0.720588,0.250000,0.794118,-0.191176,0.426471,-0.235294,0.676471,-0.191176,0.852941,-0.102941,1.000000,-0.264706,0.382353,-0.382353,0.588235,-0.367647,0.750000,-0.308824,0.897059,-0.308824,0.294118,-0.500000,0.367647,-0.558824,0.455882,-0.558824,0.544118
F,Right,legacy_bisindo_F_101,0.000000,0.000000,0.100000,-0.128571,0.171429,-0.314286,0.242857,-0.485714,0.342857,-0.614286,-0.028571,-0.414286,0.100000,-0.571429,0.242857,-0.628571,0.371429,-0.657143,-0.157143,-0.442857,-0.114286,-0.700000,0.000000,-0.842857,0.128571,-0.942857,-0.271429,-0.400000,-0.357143,-0.657143,-0.314286,-0.842857,-0.242857,-1.000000,-0.357143,-0.314286,-0.514286,-0.457143,-0.542857,-0.571429,-0.514286,-0.685714
F,Right,legacy_bisindo_F_102,0.000000,0.000000,0.119403,0.134328,0.194030,0.343284,0.283582,0.492537,0.388060,0.597015,0.014925,0.417910,0.179104,0.582090,0.313433,0.641791,0.417910,0.701493,-0.104478,0.432836,-0.074627,0.686567,0.000000,0.865672,0.089552,1.000000,-0.208955,0.388060,-0.283582,0.626866,-0.253731,0.805970,-0.179104,0.955224,-0.283582,0.313433,-0.462687,0.417910,-0.507463,0.522388,-0.492537,0.626866
F,Right,legacy_bisindo_F_103,0.000000,0.000000,0.107692,-0.153846,0.184615,-0.307692,0.292308,-0.461538,0.415385,-0.553846,-0.015385,-0.369231,0.015385,-0.553846,0.107692,-0.676923,0.215385,-0.784615,-0.123077,-0.369231,-0.123077,-0.646154,-0.030769,-0.846154,0.061538,-1.000000,-0.230769,-0.323077,-0.307692,-0.553846,-0.292308,-0.723077,-0.246154,-0.861538,-0.307692,-0.246154,-0.461538,-0.384615,-0.492308,-0.492308,-0.476923,-0.600000
F,Right,legacy_bisindo_F_104,0.000000,0.000000,0.075758,0.151515,0.151515,0.348485,0.242424,0.500000,0.363636,0.590909,-0.045455,0.409091,0.121212,0.560606,0.272727,0.621212,0.393939,0.651515,-0.166667,0.424242,-0.136364,0.681818,-0.060606,0.848485,0.045455,1.000000,-0.257576,0.378788,-0.348485,0.606061,-0.318182,0.772727,-0.242424,0.924242,-0.333333,0.272727,-0.515152,0.363636,-0.560606,0.469697,-0.545455,0.590909
F,Right,legacy_bisindo_F_105,0.000000,0.000000,0.088235,-0.132353,0.147059,-0.323529,0.235294,-0.485294,0.338235,-0.602941,-0.088235,-0.411765,-0.073529,-0.573529,0.029412,-0.691176,0.161765,-0.779412,-0.191176,-0.426471,-0.205882,-0.676471,-0.132353,-0.867647,-0.029412,-1.000000,-0.264706,-0.382353,-0.367647,-0.617647,-0.367647,-0.779412,-0.323529,-0.897059,-0.323529,-0.308824,-0.455882,-0.455882,-0.485294,-0.558824,-0.470588,-0.647059
F,Right,legacy_bisindo_F_106,0.000000,0.000000,0.104478,0.134328,0.179104,0.328358,0.268657,0.477612,0.373134,0.582090,0.000000,0.417910,0.179104,0.582090,0.298507,0.671642,0.417910,0.716418,-0.119403,0.432836,-0.089552,0.686567,-0.014925,0.865672,0.089552,1.000000,-0.223881,0.388060,-0.298507,0.626866,-0.268657,0.805970,-0.194030,0.955224,-0.298507,0.313433,-0.462687,0.417910,-0.522388,0.537313,-0.507463,0.641791
F,Right,legacy_bisindo_F_107,0.000000,0.000000,0.101449,-0.159420,0.144928,-0.362319,0.217391,-0.521739,0.318841,-0.652174,-0.028986,-0.478261,0.072464,-0.666667,0.202899,-0.739130,0.347826,-0.782609,-0.159420,-0.478261,-0.144928,-0.739130,-0.028986,-0.898551,0.086957,-1.000000,-0.275362,-0.434783,-0.391304,-0.652174,-0.362319,-0.797101,-0.318841,-0.927536,-0.347826,-0.333333,-0.521739,-0.463768,-0.565217,-0.579710,-0.550725,-0.695652
F,Right,legacy_bisindo_F_108,0.000000,0.000000,0.072464,0.144928,0.130435,0.362319,0.217391,0.521739,0.333333,0.608696,-0.043478,0.449275,0.086957,0.623188,0.217391,0.695652,0.333333,0.753623,-0.159420,0.463768,-0.159420,0.710145,-0.101449,0.869565,0.000000,1.000000,-0.260870,0.420290,-0.347826,0.623188,-0.333333,0.797101,-0.275362,0.942029,-0.333333,0.318841,-0.507246,0.391304,-0.565217,0.507246,-0.550725,0.608696
F,Right,legacy_bisindo_F_109,0.000000,0.000000,0.090909,-0.136364,0.151515,-0.318182,0.227273,-0.469697,0.333333,-0.590909,-0.090909,-0.424242,-0.121212,-0.590909,-0.045455,-0.742424,0.060606,-0.863636,-0.181818,-0.424242,-0.196970,-0.666667,-0.136364,-0.848485,-0.045455,-1.000000,-0.257576,-0.363636,-0.363636,-0.575758,-0.378788,-0.727273,-0.348485,-0.833333,-0.318182,-0.287879,-0.454545,-0.424242,-0.500000,-0.545455,-0.500000,-0.636364
F,Right,legacy_bisindo_F_110,0.000000,0.000000,0.072464,0.144928,0.115942,0.347826,0.188406,0.492754,0.304348,0.594203,-0.086957,0.463768,-0.028986,0.681159,0.072464,0.811594,0.173913,0.884058,-0.188406,0.463768,-0.231884,0.695652,-0.202899,0.869565,-0.144928,1.000000,-0.275362,0.405797,-0.391304,0.594203,-0.391304,0.768116,-0.333333,0.927536,-0.347826,0.304348,-0.521739,0.391304,-0.565217,0.507246,-0.550725,0.637681
F,Right,legacy_bisindo_F_111,0.000000,0.000000,0.101449,0.144928,0.159420,0.333333,0.231884,0.478261,0.318841,0.594203,-0.028986,0.478261,0.043478,0.695652,0.115942,0.840580,0.202899,0.942029,-0.144928,0.463768,-0.173913,0.710145,-0.130435,0.869565,-0.057971,1.000000,-0.246377,0.405797,-0.333333,0.608696,-0.318841,0.782609,-0.246377,0.913043,-0.318841,0.289855,-0.478261,0.391304,-0.536232,0.507246,-0.521739,0.623188
F,Right,legacy_bisindo_F_112,0.000000,0.000000,0.164557,-0.113924,0.278481,-0.291139,0.303797,-0.468354,0.329114,-0.632911,-0.012658,-0.443038,0.075949,-0.620253,0.164557,-0.696203,0.265823,-0.734177,-0.151899,-0.481013,-0.139241,-0.721519,-0.050633,-0.860759,0.050633,-0.949367,-0.278481,-0.443038,-0.367089,-0.683544,-0.341772,-0.860759,-0.278481,-1.000000,-0.367089,-0.367089,-0.556962,-0.481013,-0.569620,-0.594937,-0.531646,-0.696203
F,Right,legacy_bisindo_F_113,0.000000,0.000000,0.166667,0.115385,0.243590,0.294872,0.269231,0.474359,0.282051,0.641026,-0.025641,0.448718,0.064103,0.615385,0.166667,0.692308,0.256410,0.730769,-0.166667,0.487179,-0.166667,0.730769,-0.076923,0.884615,0.038462,0.987179,-0.282051,0.461538,-0.384615,0.692308,-0.358974,0.858974,-0.294872,1.000000,-0.384615,0.371795,-0.538462,0.487179,-0.576923,0.602564,-0.564103,0.717949
F,Right,legacy_bisindo_F_114,0.000000,0.000000,0.168831,-0.116883,0.285714,-0.298701,0.311688,-0.493506,0.337662,-0.649351,0.000000,-0.441558,0.090909,-0.636364,0.181818,-0.714286,0.285714,-0.766234,-0.142857,-0.480519,-0.129870,-0.727273,-0.051948,-0.870130,0.038961,-0.987013,-0.285714,-0.454545,-0.363636,-0.688312,-0.337662,-0.857143,-0.272727,-1.000000,-0.389610,-0.363636,-0.558442,-0.493506,-0.584416,-0.610390,-0.545455,-0.714286
F,Right,legacy_bisindo_F_115,0.000000,0.000000,0.189873,0.126582,0.278481,0.316456,0.291139,0.493671,0.291139,0.658228,0.000000,0.455696,0.075949,0.632911,0.177215,0.708861,0.265823,0.759494,-0.151899,0.493671,-0.151899,0.746835,-0.063291,0.886076,0.050633,1.000000,-0.265823,0.468354,-0.367089,0.696203,-0.341772,0.860759,-0.291139,1.000000,-0.367089,0.379747,-0.518987,0.493671,-0.556962,0.620253,-0.544304,0.734177
F,Right,legacy_bisindo_F_116,0.000000,0.000000,0.171053,-0.105263,0.276316,-0.302632,0.302632,-0.486842,0.328947,-0.644737,0.013158,-0.421053,0.118421,-0.592105,0.197368,-0.697368,0.276316,-0.750000,-0.131579,-0.460526,-0.105263,-0.710526,-0.039474,-0.855263,0.039474,-0.973684,-0.263158,-0.434211,-0.342105,-0.671053,-0.328947,-0.842105,-0.289474,-1.000000,-0.381579,-0.342105,-0.539474,-0.460526,-0.565789,-0.578947,-0.539474,-0.697368
F,Right,legacy_bisindo_F_117,0.000000,0.000000,0.187500,0.125000,0.287500,0.300000,0.300000,0.487500,0.287500,0.650000,0.012500,0.450000,0.075000,0.625000,0.162500,0.712500,0.250000,0.750000,-0.125000,0.487500,-0.125000,0.725000,-0.062500,0.875000,0.025000,0.987500,-0.250000,0.450000,-0.337500,0.687500,-0.337500,0.850000,-0.287500,1.000000,-0.362500,0.362500,-0.500000,0.487500,-0.537500,0.600000,-0.525000,0.725000
F,Right,legacy_bisindo_F_118,0.000000,0.000000,0.179487,-0.115385,0.307692,-0.307692,0.307692,-0.487179,0.307692,-0.653846,0.038462,-0.435897,0.115385,-0.589744,0.179487,-0.692308,0.256410,-0.743590,-0.115385,-0.474359,-0.102564,-0.717949,-0.038462,-0.871795,0.025641,-0.987179,-0.256410,-0.448718,-0.333333,-0.692308,-0.333333,-0.858974,-0.294872,-1.000000,-0.371795,-0.371795,-0.538462,-0.487179,-0.551282,-0.602564,-0.525641,-0.705128
F,Right,legacy_bisindo_F_119,0.000000,0.000000,0.202532,0.113924,0.329114,0.291139,0.354430,0.468354,0.341772,0.632911,0.063291,0.443038,0.139241,0.620253,0.215190,0.696203,0.291139,0.746835,-0.088608,0.481013,-0.075949,0.734177,-0.012658,0.886076,0.063291,0.987342,-0.215190,0.455696,-0.303797,0.696203,-0.291139,0.860759,-0.253165,1.000000,-0.341772,0.379747,-0.481013,0.506329,-0.506329,0.620253,-0.493671,0.721519
F,Right,legacy_bisindo_F_120,0.000000,0.000000,0.187500,-0.112500,0.325000,-0.275000,0.325000,-0.462500,0.312500,-0.625000,0.050000,-0.425000,0.112500,-0.587500,0.187500,-0.687500,0.262500,-0.737500,-0.100000,-0.462500,-0.075000,-0.712500,-0.012500,-0.862500,0.062500,-0.975000,-0.225000,-0.450000,-0.300000,-0.700000,-0.300000,-0.862500,-0.250000,-1.000000,-0.350000,-0.362500,-0.500000,-0.487500,-0.525000,-0.600000,-0.500000,-0.700000
F,Right,legacy_bisindo_F_121,0.000000,0.000000,0.202381,0.119048,0.309524,0.297619,0.333333,0.476190,0.321429,0.630952,0.059524,0.452381,0.119048,0.619048,0.202381,0.690476,0.273810,0.726190,-0.071429,0.488095,-0.071429,0.726190,-0.011905,0.869048,0.071429,0.964286,-0.202381,0.464286,-0.285714,0.702381,-0.273810,0.869048,-0.226190,1.000000,-0.321429,0.392857,-0.452381,0.500000,-0.476190,0.607143,-0.452381,0.714286
F,Right,legacy_bisindo_F_122,0.000000,0.000000,0.180723,-0.108434,0.313253,-0.277108,0.313253,-0.457831,0.301205,-0.614458,0.060241,-0.445783,0.120482,-0.590361,0.180723,-0.674699,0.253012,-0.710843,-0.084337,-0.481928,-0.048193,-0.710843,0.000000,-0.855422,0.072289,-0.963855,-0.216867,-0.457831,-0.277108,-0.698795,-0.277108,-0.867470,-0.240964,-1.000000,-0.337349,-0.373494,-0.481928,-0.506024,-0.506024,-0.614458,-0.481928,-0.710843
F,Right,legacy_bisindo_F_123,0.000000,0.000000,0.190476,0.107143,0.309524,0.273810,0.333333,0.452381,0.333333,0.607143,0.071429,0.464286,0.130952,0.619048,0.214286,0.690476,0.285714,0.702381,-0.059524,0.500000,-0.059524,0.738095,0.000000,0.869048,0.083333,0.964286,-0.202381,0.476190,-0.273810,0.714286,-0.261905,0.869048,-0.226190,1.000000,-0.321429,0.380952,-0.440476,0.511905,-0.464286,0.619048,-0.452381,0.726190
F,Right,legacy_bisindo_F_124,0.000000,0.000000,0.190476,-0.095238,0.321429,-0.273810,0.333333,-0.452381,0.321429,-0.607143,0.095238,-0.464286,0.154762,-0.619048,0.214286,-0.678571,0.285714,-0.690476,-0.047619,-0.488095,-0.023810,-0.726190,0.035714,-0.857143,0.107143,-0.952381,-0.178571,-0.464286,-0.238095,-0.714286,-0.250000,-0.869048,-0.202381,-1.000000,-0.309524,-0.380952,-0.452381,-0.511905,-0.476190,-0.619048,-0.440476,-0.726190
F,Right,legacy_bisindo_F_125,0.000000,0.000000,0.188235,0.094118,0.305882,0.270588,0.329412,0.447059,0.317647,0.600000,0.082353,0.470588,0.141176,0.623529,0.211765,0.682353,0.270588,0.705882,-0.058824,0.517647,-0.047059,0.752941,0.011765,0.882353,0.082353,0.964706,-0.188235,0.494118,-0.258824,0.729412,-0.247059,0.882353,-0.211765,1.000000,-0.317647,0.411765,-0.435294,0.541176,-0.458824,0.647059,-0.447059,0.741176
F,Right,legacy_bisindo_F_126,0.000000,0.000000,0.186047,-0.104651,0.313953,-0.279070,0.313953,-0.453488,0.290698,-0.604651,0.093023,-0.476744,0.139535,-0.627907,0.197674,-0.686047,0.267442,-0.686047,-0.046512,-0.523256,-0.023256,-0.744186,0.034884,-0.860465,0.104651,-0.953488,-0.186047,-0.500000,-0.244186,-0.732558,-0.244186,-0.883721,-0.197674,-1.000000,-0.302326,-0.418605,-0.441860,-0.546512,-0.465116,-0.639535,-0.441860,-0.732558
F,Right,legacy_bisindo_F_127,0.000000,0.000000,0.190476,0.095238,0.309524,0.261905,0.333333,0.428571,0.321429,0.583333,0.095238,0.488095,0.142857,0.642857,0.214286,0.690476,0.273810,0.690476,-0.047619,0.523810,-0.035714,0.761905,0.011905,0.880952,0.083333,0.952381,-0.190476,0.500000,-0.261905,0.738095,-0.250000,0.880952,-0.214286,1.000000,-0.321429,0.404762,-0.440476,0.535714,-0.476190,0.642857,-0.452381,0.738095
F,Right,legacy_bisindo_F_128,0.000000,0.000000,0.180723,-0.072289,0.313253,-0.253012,0.325301,-0.433735,0.301205,-0.578313,0.108434,-0.481928,0.168675,-0.614458,0.216867,-0.674699,0.277108,-0.674699,-0.048193,-0.518072,-0.036145,-0.746988,0.012048,-0.867470,0.096386,-0.939759,-0.192771,-0.481928,-0.265060,-0.734940,-0.265060,-0.879518,-0.216867,-1.000000,-0.325301,-0.397590,-0.457831,-0.530120,-0.481928,-0.638554,-0.457831,-0.722892
F,Right,legacy_bisindo_F_129,0.000000,0.000000,0.190476,0.083333,0.321429,0.250000,0.345238,0.416667,0.321429,0.571429,0.107143,0.488095,0.166667,0.642857,0.226190,0.690476,0.285714,0.678571,-0.047619,0.523810,-0.035714,0.761905,0.023810,0.880952,0.107143,0.952381,-0.178571,0.500000,-0.250000,0.726190,-0.250000,0.880952,-0.214286,1.000000,-0.309524,0.404762,-0.428571,0.523810,-0.464286,0.630952,-0.440476,0.726190
F,Right,legacy_bisindo_F_130,0.000000,0.000000,0.166667,-0.083333,0.309524,-0.261905,0.309524,-0.428571,0.285714,-0.571429,0.095238,-0.476190,0.142857,-0.630952,0.190476,-0.678571,0.250000,-0.678571,-0.059524,-0.523810,-0.047619,-0.726190,0.000000,-0.857143,0.071429,-0.940476,-0.202381,-0.488095,-0.261905,-0.726190,-0.273810,-0.869048,-0.238095,-1.000000,-0.333333,-0.392857,-0.464286,-0.523810,-0.488095,-0.642857,-0.464286,-0.738095
F,Right,legacy_bisindo_F_131,0.000000,0.000000,0.188235,0.094118,0.305882,0.270588,0.317647,0.423529,0.294118,0.564706,0.082353,0.494118,0.129412,0.647059,0.188235,0.694118,0.235294,0.682353,-0.058824,0.541176,-0.070588,0.764706,0.000000,0.894118,0.070588,0.964706,-0.200000,0.505882,-0.282353,0.741176,-0.282353,0.882353,-0.247059,1.000000,-0.317647,0.411765,-0.447059,0.541176,-0.470588,0.647059,-0.458824,0.752941
F,Right,legacy_bisindo_F_132,0.000000,0.000000,0.178571,-0.083333,0.321429,-0.261905,0.321429,-0.428571,0.297619,-0.571429,0.107143,-0.500000,0.154762,-0.654762,0.190476,-0.702381,0.250000,-0.690476,-0.047619,-0.535714,-0.035714,-0.750000,0.011905,-0.869048,0.083333,-0.952381,-0.190476,-0.500000,-0.261905,-0.726190,-0.273810,-0.880952,-0.250000,-1.000000,-0.321429,-0.404762,-0.464286,-0.535714,-0.488095,-0.642857,-0.464286,-0.738095
F,Right,legacy_bisindo_F_133,0.000000,0.000000,0.188235,0.082353,0.317647,0.247059,0.329412,0.400000,0.305882,0.541176,0.105882,0.494118,0.152941,0.647059,0.200000,0.682353,0.247059,0.682353,-0.047059,0.529412,-0.047059,0.752941,0.000000,0.882353,0.070588,0.952941,-0.188235,0.505882,-0.270588,0.729412,-0.258824,0.882353,-0.235294,1.000000,-0.317647,0.411765,-0.435294,0.529412,-0.470588,0.635294,-0.458824,0.729412
F,Right,legacy_bisindo_F_134,0.000000,0.000000,0.180723,-0.072289,0.313253,-0.253012,0.301205,-0.409639,0.277108,-0.554217,0.108434,-0.493976,0.132530,-0.662651,0.180723,-0.686747,0.253012,-0.650602,-0.060241,-0.530120,-0.060241,-0.746988,-0.012048,-0.867470,0.060241,-0.939759,-0.204819,-0.493976,-0.277108,-0.722892,-0.289157,-0.879518,-0.265060,-1.000000,-0.337349,-0.385542,-0.481928,-0.530120,-0.506024,-0.638554,-0.481928,-0.734940
F,Right,legacy_bisindo_F_135,0.000000,0.000000,0.188235,0.082353,0.305882,0.258824,0.317647,0.411765,0.282353,0.529412,0.094118,0.505882,0.141176,0.647059,0.200000,0.682353,0.247059,0.647059,-0.058824,0.541176,-0.058824,0.764706,0.000000,0.882353,0.058824,0.964706,-0.200000,0.505882,-0.282353,0.741176,-0.282353,0.882353,-0.258824,1.000000,-0.317647,0.400000,-0.447059,0.529412,-0.482353,0.635294,-0.470588,0.729412
F,Right,legacy_bisindo_F_136,0.000000,0.000000,0.168675,-0.084337,0.301205,-0.253012,0.301205,-0.409639,0.277108,-0.554217,0.084337,-0.506024,0.132530,-0.674699,0.180723,-0.698795,0.253012,-0.650602,-0.072289,-0.530120,-0.072289,-0.746988,-0.024096,-0.867470,0.060241,-0.939759,-0.216867,-0.493976,-0.301205,-0.734940,-0.313253,-0.879518,-0.277108,-1.000000,-0.349398,-0.385542,-0.493976,-0.518072,-0.530120,-0.626506,-0.506024,-0.734940
F,Right,legacy_bisindo_F_137,0.000000,0.000000,0.178571,0.083333,0.309524,0.250000,0.321429,0.404762,0.273810,0.535714,0.083333,0.511905,0.130952,0.654762,0.178571,0.690476,0.226190,0.666667,-0.071429,0.559524,-0.071429,0.773810,-0.023810,0.904762,0.047619,0.964286,-0.214286,0.523810,-0.297619,0.750000,-0.285714,0.892857,-0.261905,1.000000,-0.333333,0.404762,-0.464286,0.535714,-0.500000,0.642857,-0.488095,0.738095
F,Right,legacy_bisindo_F_138,0.000000,0.000000,0.166667,-0.083333,0.297619,-0.261905,0.297619,-0.416667,0.285714,-0.559524,0.083333,-0.500000,0.119048,-0.666667,0.178571,-0.690476,0.250000,-0.666667,-0.071429,-0.535714,-0.071429,-0.750000,-0.011905,-0.857143,0.059524,-0.928571,-0.214286,-0.500000,-0.285714,-0.726190,-0.297619,-0.880952,-0.261905,-1.000000,-0.345238,-0.392857,-0.488095,-0.523810,-0.523810,-0.630952,-0.500000,-0.738095
F,Right,legacy_bisindo_F_139,0.000000,0.000000,0.188235,0.082353,0.317647,0.247059,0.341176,0.400000,0.294118,0.529412,0.105882,0.505882,0.152941,0.658824,0.211765,0.682353,0.258824,0.658824,-0.047059,0.552941,-0.058824,0.764706,0.000000,0.882353,0.070588,0.952941,-0.188235,0.505882,-0.270588,0.741176,-0.270588,0.882353,-0.235294,1.000000,-0.305882,0.400000,-0.447059,0.529412,-0.482353,0.623529,-0.470588,0.729412
F,Right,legacy_bisindo_F_140,0.000000,0.000000,0.166667,-0.071429,0.285714,-0.250000,0.297619,-0.416667,0.285714,-0.559524,0.083333,-0.500000,0.119048,-0.678571,0.178571,-0.702381,0.250000,-0.654762,-0.071429,-0.535714,-0.083333,-0.750000,-0.011905,-0.857143,0.071429,-0.916667,-0.214286,-0.488095,-0.297619,-0.726190,-0.297619,-0.880952,-0.250000,-1.000000,-0.345238,-0.392857,-0.488095,-0.523810,-0.511905,-0.630952,-0.488095,-0.726190
F,Right,legacy_bisindo_F_141,0.000000,0.000000,0.202381,0.083333,0.321429,0.250000,0.345238,0.404762,0.321429,0.547619,0.095238,0.511905,0.142857,0.678571,0.214286,0.690476,0.273810,0.654762,-0.059524,0.547619,-0.059524,0.773810,0.000000,0.892857,0.071429,0.964286,-0.202381,0.511905,-0.285714,0.738095,-0.273810,0.892857,-0.238095,1.000000,-0.321429,0.404762,-0.452381,0.523810,-0.488095,0.630952,-0.476190,0.726190
F,Right,legacy_bisindo_F_142,0.000000,0.000000,0.168675,-0.072289,0.301205,-0.265060,0.301205,-0.421687,0.301205,-0.566265,0.072289,-0.506024,0.120482,-0.674699,0.180723,-0.698795,0.265060,-0.662651,-0.084337,-0.530120,-0.084337,-0.759036,-0.024096,-0.867470,0.072289,-0.927711,-0.228916,-0.481928,-0.313253,-0.722892,-0.313253,-0.879518,-0.265060,-1.000000,-0.349398,-0.373494,-0.493976,-0.506024,-0.530120,-0.614458,-0.493976,-0.722892
F,Right,legacy_bisindo_F_143,0.000000,0.000000,0.202381,0.071429,0.321429,0.238095,0.345238,0.392857,0.321429,0.535714,0.095238,0.500000,0.154762,0.666667,0.226190,0.678571,0.285714,0.642857,-0.059524,0.535714,-0.059524,0.761905,0.011905,0.869048,0.083333,0.940476,-0.202381,0.488095,-0.285714,0.726190,-0.273810,0.880952,-0.238095,1.000000,-0.321429,0.380952,-0.452381,0.511905,-0.476190,0.619048,-0.464286,0.714286
F,Right,legacy_bisindo_F_144,0.000000,0.000000,0.168675,-0.084337,0.301205,-0.277108,0.313253,-0.433735,0.313253,-0.578313,0.072289,-0.518072,0.108434,-0.686747,0.180723,-0.710843,0.265060,-0.674699,-0.084337,-0.542169,-0.084337,-0.759036,-0.012048,-0.867470,0.072289,-0.951807,-0.228916,-0.493976,-0.301205,-0.722892,-0.313253,-0.879518,-0.265060,-1.000000,-0.349398,-0.385542,-0.506024,-0.518072,-0.530120,-0.626506,-0.506024,-0.722892
F,Right,legacy_bisindo_F_145,0.000000,0.000000,0.192771,0.072289,0.301205,0.240964,0.337349,0.397590,0.325301,0.530120,0.072289,0.506024,0.132530,0.674699,0.216867,0.686747,0.277108,0.662651,-0.084337,0.530120,-0.084337,0.759036,-0.012048,0.879518,0.072289,0.939759,-0.216867,0.493976,-0.313253,0.722892,-0.301205,0.879518,-0.265060,1.000000,-0.325301,0.373494,-0.469880,0.506024,-0.506024,0.614458,-0.493976,0.710843
F,Right,legacy_bisindo_F_146,0.000000,0.000000,0.168675,-0.084337,0.301205,-0.265060,0.325301,-0.433735,0.325301,-0.566265,0.060241,-0.506024,0.108434,-0.686747,0.180723,-0.710843,0.265060,-0.674699,-0.084337,-0.542169,-0.084337,-0.746988,-0.024096,-0.867470,0.072289,-0.951807,-0.228916,-0.493976,-0.313253,-0.722892,-0.313253,-0.879518,-0.277108,-1.000000,-0.349398,-0.385542,-0.506024,-0.506024,-0.530120,-0.614458,-0.506024,-0.722892
F,Right,legacy_bisindo_F_147,0.000000,0.000000,0.182927,0.073171,0.304878,0.243902,0.329268,0.390244,0.317073,0.524390,0.060976,0.500000,0.121951,0.670732,0.207317,0.682927,0.280488,0.646341,-0.097561,0.536585,-0.097561,0.768293,-0.036585,0.878049,0.060976,0.939024,-0.231707,0.487805,-0.329268,0.719512,-0.317073,0.878049,-0.280488,1.000000,-0.341463,0.365854,-0.487805,0.487805,-0.524390,0.597561,-0.524390,0.707317
F,Right,legacy_bisindo_F_148,0.000000,0.000000,0.170732,-0.073171,0.304878,-0.256098,0.317073,-0.426829,0.304878,-0.573171,0.048780,-0.512195,0.109756,-0.682927,0.182927,-0.707317,0.256098,-0.670732,-0.097561,-0.536585,-0.109756,-0.756098,-0.036585,-0.878049,0.060976,-0.939024,-0.243902,-0.487805,-0.329268,-0.719512,-0.341463,-0.878049,-0.292683,-1.000000,-0.365854,-0.378049,-0.524390,-0.500000,-0.548780,-0.609756,-0.524390,-0.719512
F,Right,legacy_bisindo_F_149,0.000000,0.000000,0.195122,0.073171,0.317073,0.256098,0.341463,0.414634,0.317073,0.560976,0.060976,0.512195,0.121951,0.682927,0.207317,0.695122,0.268293,0.658537,-0.085366,0.536585,-0.097561,0.780488,-0.024390,0.890244,0.073171,0.951220,-0.219512,0.487805,-0.317073,0.731707,-0.317073,0.878049,-0.268293,1.000000,-0.341463,0.378049,-0.487805,0.500000,-0.524390,0.609756,-0.512195,0.719512
F,Right,legacy_bisindo_F_150,0.000000,0.000000,0.170732,-0.073171,0.317073,-0.256098,0.329268,-0.414634,0.317073,-0.560976,0.060976,-0.512195,0.109756,-0.682927,0.182927,-0.707317,0.268293,-0.658537,-0.097561,-0.536585,-0.097561,-0.743902,-0.024390,-0.865854,0.060976,-0.951220,-0.243902,-0.487805,-0.329268,-0.719512,-0.329268,-0.865854,-0.292683,-1.000000,-0.365854,-0.378049,-0.512195,-0.500000,-0.536585,-0.609756,-0.512195,-0.719512
F,Right,legacy_bisindo_F_151,0.000000,0.000000,0.180723,0.084337,0.289157,0.265060,0.325301,0.421687,0.301205,0.566265,0.036145,0.518072,0.108434,0.698795,0.180723,0.698795,0.253012,0.662651,-0.108434,0.542169,-0.120482,0.783133,-0.048193,0.891566,0.048193,0.939759,-0.240964,0.493976,-0.349398,0.734940,-0.337349,0.891566,-0.289157,1.000000,-0.349398,0.385542,-0.506024,0.506024,-0.530120,0.626506,-0.518072,0.722892
F,Right,legacy_bisindo_F_152,0.000000,0.000000,0.172840,-0.074074,0.308642,-0.259259,0.320988,-0.419753,0.308642,-0.555556,0.049383,-0.518519,0.098765,-0.691358,0.172840,-0.703704,0.259259,-0.654321,-0.111111,-0.530864,-0.111111,-0.753086,-0.037037,-0.876543,0.061728,-0.938272,-0.259259,-0.481481,-0.345679,-0.716049,-0.345679,-0.876543,-0.308642,-1.000000,-0.370370,-0.370370,-0.530864,-0.493827,-0.555556,-0.604938,-0.530864,-0.716049
F,Right,legacy_bisindo_F_153,0.000000,0.000000,0.204819,0.084337,0.325301,0.253012,0.337349,0.409639,0.325301,0.542169,0.072289,0.518072,0.132530,0.686747,0.216867,0.698795,0.277108,0.662651,-0.084337,0.530120,-0.108434,0.771084,-0.024096,0.891566,0.072289,0.939759,-0.228916,0.481928,-0.325301,0.722892,-0.313253,0.879518,-0.265060,1.000000,-0.325301,0.373494,-0.481928,0.493976,-0.518072,0.602410,-0.506024,0.698795
F,Right,legacy_bisindo_F_154,0.000000,0.000000,0.185185,-0.086420,0.320988,-0.259259,0.333333,-0.419753,0.296296,-0.555556,0.074074,-0.518519,0.098765,-0.679012,0.160494,-0.703704,0.234568,-0.654321,-0.098765,-0.530864,-0.098765,-0.753086,-0.037037,-0.876543,0.049383,-0.950617,-0.246914,-0.481481,-0.345679,-0.728395,-0.345679,-0.888889,-0.308642,-1.000000,-0.370370,-0.370370,-0.518519,-0.506173,-0.555556,-0.617284,-0.530864,-0.716049
F,Right,legacy_bisindo_F_155,0.000000,0.000000,0.195122,0.085366,0.317073,0.256098,0.341463,0.414634,0.280488,0.548780,0.060976,0.524390,0.121951,0.707317,0.195122,0.695122,0.256098,0.634146,-0.097561,0.548780,-0.134146,0.780488,-0.060976,0.890244,0.036585,0.939024,-0.243902,0.500000,-0.353659,0.731707,-0.341463,0.890244,-0.304878,1.000000,-0.353659,0.390244,-0.500000,0.512195,-0.548780,0.621951,-0.524390,0.707317
F,Right,legacy_bisindo_F_156,0.000000,0.000000,0.170732,-0.085366,0.304878,-0.256098,0.329268,-0.414634,0.304878,-0.548780,0.060976,-0.536585,0.109756,-0.707317,0.170732,-0.707317,0.243902,-0.634146,-0.109756,-0.548780,-0.121951,-0.768293,-0.048780,-0.878049,0.048780,-0.926829,-0.243902,-0.500000,-0.353659,-0.731707,-0.365854,-0.890244,-0.317073,-1.000000,-0.378049,-0.378049,-0.524390,-0.512195,-0.560976,-0.621951,-0.536585,-0.719512
F,Right,legacy_bisindo_F_157,0.000000,0.000000,0.195122,0.085366,0.317073,0.256098,0.341463,0.414634,0.304878,0.548780,0.073171,0.536585,0.134146,0.719512,0.207317,0.707317,0.243902,0.634146,-0.097561,0.573171,-0.109756,0.792683,-0.048780,0.902439,0.036585,0.951220,-0.231707,0.524390,-0.353659,0.756098,-0.341463,0.902439,-0.304878,1.000000,-0.353659,0.402439,-0.500000,0.524390,-0.536585,0.621951,-0.524390,0.719512
F,Right,legacy_bisindo_F_158,0.000000,0.000000,0.185185,-0.086420,0.320988,-0.271605,0.320988,-0.432099,0.296296,-0.567901,0.074074,-0.543210,0.123457,-0.703704,0.185185,-0.703704,0.259259,-0.617284,-0.098765,-0.555556,-0.123457,-0.765432,-0.061728,-0.888889,0.037037,-0.950617,-0.246914,-0.493827,-0.345679,-0.740741,-0.358025,-0.888889,-0.320988,-1.000000,-0.370370,-0.382716,-0.530864,-0.506173,-0.555556,-0.629630,-0.543210,-0.728395
F,Right,legacy_bisindo_F_159,0.000000,0.000000,0.195122,0.073171,0.329268,0.243902,0.353659,0.402439,0.304878,0.524390,0.085366,0.536585,0.134146,0.707317,0.195122,0.695122,0.243902,0.634146,-0.085366,0.560976,-0.109756,0.792683,-0.048780,0.902439,0.036585,0.951220,-0.219512,0.512195,-0.341463,0.743902,-0.341463,0.890244,-0.304878,1.000000,-0.341463,0.402439,-0.487805,0.524390,-0.536585,0.621951,-0.524390,0.719512
F,Right,legacy_bisindo_F_160,0.000000,0.000000,0.180723,-0.084337,0.325301,-0.265060,0.325301,-0.409639,0.289157,-0.542169,0.096386,-0.542169,0.132530,-0.710843,0.192771,-0.722892,0.240964,-0.650602,-0.072289,-0.554217,-0.096386,-0.771084,-0.036145,-0.879518,0.036145,-0.939759,-0.216867,-0.506024,-0.313253,-0.734940,-0.325301,-0.879518,-0.301205,-1.000000,-0.337349,-0.385542,-0.481928,-0.518072,-0.530120,-0.626506,-0.518072,-0.734940
F,Right,legacy_bisindo_F_161,0.000000,0.000000,0.192771,0.084337,0.313253,0.253012,0.337349,0.421687,0.277108,0.542169,0.072289,0.542169,0.120482,0.722892,0.180723,0.734940,0.216867,0.674699,-0.084337,0.566265,-0.096386,0.795181,-0.060241,0.903614,0.012048,0.951807,-0.228916,0.518072,-0.337349,0.746988,-0.337349,0.891566,-0.313253,1.000000,-0.337349,0.397590,-0.481928,0.530120,-0.530120,0.638554,-0.518072,0.734940
F,Right,legacy_bisindo_F_162,0.000000,0.000000,0.180723,-0.084337,0.313253,-0.265060,0.313253,-0.421687,0.265060,-0.542169,0.096386,-0.530120,0.132530,-0.698795,0.180723,-0.710843,0.228916,-0.638554,-0.072289,-0.554217,-0.096386,-0.759036,-0.048193,-0.879518,0.012048,-0.939759,-0.228916,-0.493976,-0.313253,-0.734940,-0.337349,-0.879518,-0.313253,-1.000000,-0.349398,-0.385542,-0.493976,-0.518072,-0.530120,-0.626506,-0.518072,-0.734940
F,Right,legacy_bisindo_F_163,0.000000,0.000000,0.192771,0.072289,0.325301,0.228916,0.325301,0.409639,0.277108,0.530120,0.096386,0.530120,0.120482,0.698795,0.168675,0.722892,0.192771,0.686747,-0.072289,0.566265,-0.084337,0.783133,-0.048193,0.891566,0.012048,0.963855,-0.216867,0.518072,-0.325301,0.746988,-0.325301,0.891566,-0.313253,1.000000,-0.337349,0.409639,-0.469880,0.542169,-0.518072,0.650602,-0.518072,0.734940
F,Right,legacy_bisindo_F_164,0.000000,0.000000,0.182927,-0.085366,0.317073,-0.280488,0.304878,-0.439024,0.256098,-0.560976,0.109756,-0.548780,0.134146,-0.719512,0.170732,-0.731707,0.219512,-0.670732,-0.060976,-0.560976,-0.085366,-0.780488,-0.048780,-0.890244,0.012195,-0.951220,-0.219512,-0.512195,-0.304878,-0.743902,-0.341463,-0.890244,-0.317073,-1.000000,-0.353659,-0.390244,-0.487805,-0.536585,-0.524390,-0.646341,-0.524390,-0.743902
F,Right,legacy_bisindo_F_165,0.000000,0.000000,0.180723,0.072289,0.301205,0.253012,0.301205,0.421687,0.253012,0.542169,0.096386,0.518072,0.120482,0.686747,0.168675,0.698795,0.192771,0.674699,-0.072289,0.554217,-0.084337,0.783133,-0.048193,0.891566,-0.012048,0.951807,-0.216867,0.518072,-0.313253,0.746988,-0.325301,0.891566,-0.325301,1.000000,-0.337349,0.397590,-0.469880,0.542169,-0.518072,0.638554,-0.518072,0.722892
F,Right,legacy_bisindo_F_166,0.000000,0.000000,0.197531,-0.086420,0.333333,-0.259259,0.308642,-0.419753,0.271605,-0.555556,0.135802,-0.530864,0.160494,-0.703704,0.185185,-0.728395,0.222222,-0.691358,-0.037037,-0.555556,-0.049383,-0.765432,-0.024691,-0.888889,0.037037,-0.938272,-0.197531,-0.506173,-0.283951,-0.740741,-0.308642,-0.888889,-0.296296,-1.000000,-0.333333,-0.395062,-0.456790,-0.543210,-0.493827,-0.654321,-0.481481,-0.753086
F,Right,legacy_bisindo_F_167,0.000000,0.000000,0.202381,0.071429,0.333333,0.250000,0.333333,0.416667,0.273810,0.547619,0.119048,0.523810,0.142857,0.678571,0.166667,0.714286,0.190476,0.690476,-0.035714,0.547619,-0.059524,0.773810,-0.035714,0.892857,0.000000,0.964286,-0.178571,0.511905,-0.273810,0.738095,-0.285714,0.880952,-0.285714,1.000000,-0.309524,0.404762,-0.428571,0.535714,-0.464286,0.642857,-0.464286,0.738095
F,Right,legacy_bisindo_F_168,0.000000,0.000000,0.188235,-0.082353,0.317647,-0.270588,0.282353,-0.447059,0.223529,-0.588235,0.129412,-0.505882,0.152941,-0.670588,0.164706,-0.717647,0.188235,-0.717647,-0.035294,-0.529412,-0.047059,-0.741176,-0.023529,-0.858824,0.011765,-0.941176,-0.176471,-0.505882,-0.258824,-0.729412,-0.294118,-0.882353,-0.282353,-1.000000,-0.305882,-0.400000,-0.411765,-0.552941,-0.447059,-0.658824,-0.435294,-0.741176
F,Right,legacy_bisindo_F_169,0.000000,0.000000,0.193182,0.090909,0.306818,0.272727,0.306818,0.443182,0.227273,0.579545,0.113636,0.511364,0.136364,0.670455,0.159091,0.715909,0.181818,0.693182,-0.034091,0.545455,-0.056818,0.750000,-0.034091,0.875000,0.000000,0.954545,-0.170455,0.511364,-0.250000,0.727273,-0.261364,0.875000,-0.261364,1.000000,-0.295455,0.409091,-0.397727,0.545455,-0.431818,0.647727,-0.431818,0.738636
F,Right,legacy_bisindo_F_170,0.000000,0.000000,0.195402,0.126437,0.298851,0.310345,0.275862,0.471264,0.206897,0.609195,0.103448,0.517241,0.126437,0.666667,0.149425,0.724138,0.172414,0.724138,-0.045977,0.540230,-0.057471,0.758621,-0.045977,0.885057,-0.011494,0.988506,-0.183908,0.505747,-0.252874,0.735632,-0.275862,0.885057,-0.264368,1.000000,-0.310345,0.413793,-0.402299,0.551724,-0.425287,0.666667,-0.425287,0.758621
F,Right,legacy_bisindo_F_171,0.000000,0.000000,0.183908,-0.114943,0.287356,-0.310345,0.252874,-0.482759,0.195402,-0.632184,0.103448,-0.528736,0.137931,-0.655172,0.149425,-0.712644,0.160920,-0.735632,-0.045977,-0.540230,-0.045977,-0.758621,-0.045977,-0.885057,-0.011494,-0.977011,-0.183908,-0.517241,-0.252874,-0.747126,-0.275862,-0.885057,-0.264368,-1.000000,-0.310345,-0.425287,-0.413793,-0.563218,-0.436782,-0.655172,-0.436782,-0.747126
F,Right,legacy_bisindo_F_172,0.000000,0.000000,0.183908,0.137931,0.287356,0.321839,0.275862,0.494253,0.206897,0.632184,0.103448,0.517241,0.126437,0.655172,0.149425,0.712644,0.172414,0.724138,-0.045977,0.540230,-0.057471,0.758621,-0.034483,0.885057,-0.011494,0.988506,-0.183908,0.505747,-0.241379,0.735632,-0.252874,0.873563,-0.252874,1.000000,-0.310345,0.413793,-0.402299,0.563218,-0.425287,0.666667,-0.425287,0.758621
F,Right,legacy_bisindo_F_173,0.000000,0.000000,-0.188235,0.164706,-0.294118,0.423529,-0.305882,0.670588,-0.282353,0.811765,-0.223529,0.352941,-0.129412,0.635294,-0.117647,0.811765,-0.105882,0.941176,-0.070588,0.317647,0.035294,0.635294,0.035294,0.870588,0.023529,1.000000,0.082353,0.270588,0.188235,0.611765,0.176471,0.823529,0.152941,0.952941,0.211765,0.247059,0.317647,0.517647,0.282353,0.705882,0.235294,0.823529
F,Right,legacy_bisindo_F_174,0.000000,0.000000,0.186047,-0.104651,0.302326,-0.302326,0.267442,-0.488372,0.209302,-0.627907,0.127907,-0.500000,0.151163,-0.639535,0.162791,-0.697674,0.174419,-0.720930,-0.034884,-0.523256,-0.034884,-0.744186,-0.023256,-0.872093,0.000000,-0.965116,-0.174419,-0.488372,-0.232558,-0.732558,-0.267442,-0.872093,-0.255814,-1.000000,-0.302326,-0.395349,-0.395349,-0.546512,-0.418605,-0.639535,-0.418605,-0.732558
F,Right,legacy_bisindo_F_175,0.000000,0.000000,0.202247,0.134831,0.303371,0.325843,0.280899,0.505618,0.213483,0.629213,0.123596,0.494382,0.146067,0.629213,0.168539,0.696629,0.191011,0.719101,-0.022472,0.516854,-0.033708,0.741573,-0.022472,0.865169,0.000000,0.977528,-0.157303,0.483146,-0.224719,0.719101,-0.235955,0.876404,-0.224719,1.000000,-0.292135,0.393258,-0.382022,0.539326,-0.404494,0.640449,-0.393258,0.741573
F,Right,legacy_bisindo_F_176,0.000000,0.000000,-0.202532,0.164557,-0.316456,0.417722,-0.329114,0.670886,-0.278481,0.822785,-0.202532,0.329114,-0.088608,0.594937,-0.063291,0.746835,-0.050633,0.873418,-0.037975,0.303797,0.088608,0.632911,0.126582,0.860759,0.139241,1.000000,0.113924,0.291139,0.240506,0.620253,0.240506,0.835443,0.227848,0.974684,0.240506,0.278481,0.354430,0.544304,0.329114,0.721519,0.278481,0.848101
F,Right,legacy_bisindo_F_177,0.000000,0.000000,-0.181818,-0.103896,-0.233766,-0.350649,-0.220779,-0.584416,-0.233766,-0.805195,-0.116883,-0.376623,-0.090909,-0.636364,-0.051948,-0.831169,-0.038961,-0.974026,0.012987,-0.363636,0.090909,-0.662338,0.129870,-0.857143,0.116883,-1.000000,0.129870,-0.324675,0.233766,-0.597403,0.246753,-0.766234,0.246753,-0.909091,0.246753,-0.272727,0.337662,-0.493506,0.337662,-0.610390,0.324675,-0.714286
F,Right,legacy_bisindo_F_178,0.000000,0.000000,0.202247,0.134831,0.303371,0.314607,0.280899,0.494382,0.224719,0.629213,0.123596,0.505618,0.146067,0.640449,0.179775,0.707865,0.202247,0.730337,-0.022472,0.528090,-0.033708,0.741573,-0.011236,0.876404,0.011236,0.988764,-0.157303,0.483146,-0.213483,0.719101,-0.224719,0.865169,-0.224719,1.000000,-0.292135,0.393258,-0.370787,0.528090,-0.404494,0.629213,-0.404494,0.719101
F,Right,legacy_bisindo_F_179,0.000000,0.000000,-0.208333,0.138889,-0.305556,0.375000,-0.277778,0.625000,-0.208333,0.819444,-0.222222,0.277778,-0.138889,0.611111,-0.097222,0.791667,-0.055556,0.930556,-0.055556,0.236111,0.069444,0.541667,0.097222,0.777778,0.125000,0.944444,0.097222,0.236111,0.222222,0.597222,0.208333,0.833333,0.180556,1.000000,0.250000,0.250000,0.333333,0.555556,0.305556,0.736111,0.263889,0.847222
F,Right,legacy_bisindo_F_180,0.000000,0.000000,-0.206349,-0.222222,-0.317460,-0.507937,-0.238095,-0.714286,-0.095238,-0.857143,-0.222222,-0.317460,-0.174603,-0.634921,-0.158730,-0.793651,-0.174603,-0.904762,-0.015873,-0.269841,0.079365,-0.634921,0.095238,-0.857143,0.079365,-0.968254,0.174603,-0.269841,0.285714,-0.650794,0.285714,-0.873016,0.253968,-1.000000,0.333333,-0.285714,0.428571,-0.619048,0.412698,-0.793651,0.365079,-0.904762
F,Right,legacy_bisindo_F_181,0.000000,0.000000,0.209302,0.127907,0.325581,0.325581,0.302326,0.511628,0.232558,0.651163,0.116279,0.500000,0.139535,0.651163,0.186047,0.720930,0.209302,0.755814,-0.034884,0.523256,-0.034884,0.755814,-0.011628,0.883721,0.011628,1.000000,-0.162791,0.488372,-0.232558,0.720930,-0.244186,0.872093,-0.244186,1.000000,-0.290698,0.395349,-0.383721,0.534884,-0.418605,0.627907,-0.418605,0.720930
F,Right,legacy_bisindo_F_182,0.000000,0.000000,-0.185714,0.157143,-0.242857,0.400000,-0.200000,0.628571,-0.157143,0.785714,-0.157143,0.271429,0.000000,0.628571,0.057143,0.828571,0.085714,0.971429,0.014286,0.214286,0.185714,0.600000,0.228571,0.828571,0.257143,1.000000,0.171429,0.171429,0.342857,0.571429,0.342857,0.800000,0.342857,0.942857,0.328571,0.157143,0.442857,0.485714,0.428571,0.642857,0.385714,0.742857
F,Right,legacy_bisindo_F_183,0.000000,0.000000,-0.250000,-0.140625,-0.375000,-0.359375,-0.328125,-0.609375,-0.218750,-0.812500,-0.125000,-0.171875,0.000000,-0.421875,0.031250,-0.562500,0.015625,-0.687500,0.062500,-0.203125,0.156250,-0.531250,0.125000,-0.781250,0.078125,-0.968750,0.218750,-0.250000,0.312500,-0.609375,0.250000,-0.843750,0.187500,-1.000000,0.343750,-0.328125,0.406250,-0.640625,0.359375,-0.812500,0.296875,-0.937500
F,Right,legacy_bisindo_F_184,0.000000,0.000000,0.206897,0.137931,0.321839,0.321839,0.287356,0.517241,0.229885,0.666667,0.091954,0.494253,0.126437,0.655172,0.160920,0.724138,0.195402,0.758621,-0.045977,0.505747,-0.091954,0.747126,-0.103448,0.885057,-0.114943,1.000000,-0.183908,0.459770,-0.241379,0.678161,-0.264368,0.827586,-0.264368,0.954023,-0.310345,0.379310,-0.390805,0.517241,-0.413793,0.620690,-0.413793,0.701149
F,Right,legacy_bisindo_F_185,0.000000,0.000000,0.200000,-0.129412,0.317647,-0.317647,0.294118,-0.517647,0.247059,-0.670588,0.094118,-0.458824,0.117647,-0.611765,0.152941,-0.682353,0.188235,-0.729412,-0.058824,-0.482353,-0.058824,-0.717647,-0.023529,-0.870588,0.011765,-1.000000,-0.200000,-0.447059,-0.282353,-0.694118,-0.305882,-0.858824,-0.305882,-1.000000,-0.329412,-0.364706,-0.435294,-0.505882,-0.470588,-0.600000,-0.470588,-0.705882
F,Right,legacy_bisindo_F_186,0.000000,0.000000,-0.188235,-0.152941,-0.305882,-0.400000,-0.329412,-0.635294,-0.388235,-0.835294,-0.176471,-0.294118,-0.129412,-0.588235,-0.117647,-0.788235,-0.117647,-0.929412,-0.023529,-0.294118,0.011765,-0.658824,0.011765,-0.870588,0.000000,-1.000000,0.117647,-0.282353,0.176471,-0.635294,0.152941,-0.811765,0.129412,-0.941176,0.247059,-0.258824,0.294118,-0.517647,0.270588,-0.682353,0.247059,-0.800000
F,Right,legacy_bisindo_F_187,0.000000,0.000000,-0.220779,0.142857,-0.350649,0.415584,-0.428571,0.662338,-0.467532,0.831169,-0.220779,0.428571,-0.129870,0.688312,-0.090909,0.844156,-0.051948,0.961039,-0.025974,0.389610,0.038961,0.662338,0.051948,0.870130,0.090909,1.000000,0.129870,0.298701,0.207792,0.584416,0.233766,0.740260,0.259740,0.870130,0.272727,0.194805,0.363636,0.415584,0.363636,0.558442,0.350649,0.688312
F,Right,legacy_bisindo_F_188,0.000000,0.000000,-0.177215,-0.113924,-0.265823,-0.329114,-0.303797,-0.556962,-0.367089,-0.797468,-0.075949,-0.253165,-0.050633,-0.493671,-0.050633,-0.670886,-0.075949,-0.822785,0.050633,-0.291139,0.075949,-0.632911,0.075949,-0.848101,0.075949,-1.000000,0.164557,-0.303797,0.202532,-0.632911,0.202532,-0.822785,0.189873,-0.962025,0.253165,-0.291139,0.303797,-0.518987,0.291139,-0.683544,0.265823,-0.810127
F,Right,legacy_bisindo_F_189,0.000000,0.000000,0.200000,0.117647,0.317647,0.317647,0.305882,0.505882,0.247059,0.647059,0.070588,0.447059,0.105882,0.600000,0.152941,0.694118,0.200000,0.752941,-0.082353,0.482353,-0.094118,0.729412,-0.058824,0.882353,-0.035294,1.000000,-0.211765,0.447059,-0.305882,0.670588,-0.329412,0.823529,-0.329412,0.964706,-0.341176,0.352941,-0.447059,0.482353,-0.482353,0.588235,-0.494118,0.682353
F,Right,legacy_bisindo_F_190,0.000000,0.000000,0.093333,0.106667,0.186667,0.320000,0.226667,0.546667,0.253333,0.733333,0.146667,0.280000,0.293333,0.586667,0.320000,0.773333,0.346667,0.906667,0.053333,0.280000,0.173333,0.626667,0.200000,0.853333,0.240000,1.000000,-0.026667,0.266667,0.080000,0.640000,0.120000,0.840000,0.160000,0.986667,-0.093333,0.266667,-0.026667,0.546667,0.026667,0.693333,0.080000,0.800000
F,Right,legacy_bisindo_F_191,0.000000,0.000000,0.183908,0.126437,0.298851,0.310345,0.287356,0.494253,0.229885,0.632184,0.034483,0.448276,0.068966,0.609195,0.114943,0.689655,0.172414,0.747126,-0.103448,0.471264,-0.114943,0.712644,-0.080460,0.862069,-0.034483,1.000000,-0.229885,0.436782,-0.333333,0.666667,-0.356322,0.827586,-0.356322,0.954023,-0.344828,0.333333,-0.471264,0.459770,-0.517241,0.551724,-0.517241,0.655172
F,Right,legacy_bisindo_F_192,0.000000,0.000000,0.190476,-0.130952,0.309524,-0.309524,0.285714,-0.500000,0.238095,-0.654762,0.023810,-0.440476,0.071429,-0.607143,0.107143,-0.702381,0.166667,-0.761905,-0.119048,-0.464286,-0.130952,-0.714286,-0.095238,-0.869048,-0.047619,-1.000000,-0.261905,-0.428571,-0.369048,-0.666667,-0.404762,-0.833333,-0.392857,-0.988095,-0.357143,-0.345238,-0.511905,-0.452381,-0.559524,-0.547619,-0.571429,-0.654762
F,Right,legacy_bisindo_F_193,0.000000,0.000000,-0.164706,-0.117647,-0.270588,-0.317647,-0.352941,-0.505882,-0.458824,-0.670588,-0.105882,-0.258824,-0.058824,-0.541176,-0.035294,-0.752941,-0.023529,-0.917647,0.000000,-0.270588,0.035294,-0.623529,0.058824,-0.847059,0.070588,-1.000000,0.094118,-0.270588,0.129412,-0.623529,0.141176,-0.811765,0.141176,-0.941176,0.176471,-0.258824,0.211765,-0.541176,0.223529,-0.694118,0.211765,-0.788235
F,Right,legacy_bisindo_F_194,0.000000,0.000000,-0.232877,0.109589,-0.397260,0.369863,-0.506849,0.589041,-0.561644,0.739726,-0.260274,0.424658,-0.205479,0.698630,-0.164384,0.863014,-0.123288,0.986301,-0.054795,0.383562,0.027397,0.643836,0.068493,0.863014,0.123288,1.000000,0.109589,0.287671,0.219178,0.575342,0.273973,0.753425,0.315068,0.890411,0.260274,0.178082,0.369863,0.383562,0.383562,0.547945,0.397260,0.671233
F,Right,legacy_bisindo_F_195,0.000000,0.000000,-0.220779,-0.077922,-0.363636,-0.298701,-0.441558,-0.493506,-0.519481,-0.688312,-0.207792,-0.402597,-0.233766,-0.649351,-0.220779,-0.805195,-0.220779,-0.935065,-0.051948,-0.376623,-0.025974,-0.662338,0.025974,-0.857143,0.051948,-1.000000,0.090909,-0.311688,0.168831,-0.584416,0.194805,-0.766234,0.233766,-0.896104,0.233766,-0.220779,0.311688,-0.415584,0.324675,-0.558442,0.324675,-0.688312
F,Right,legacy_bisindo_F_196,0.000000,0.000000,0.172414,0.137931,0.264368,0.321839,0.252874,0.494253,0.218391,0.643678,0.000000,0.436782,0.045977,0.609195,0.103448,0.689655,0.160920,0.758621,-0.137931,0.459770,-0.149425,0.712644,-0.091954,0.873563,-0.022989,1.000000,-0.252874,0.425287,-0.367816,0.655172,-0.390805,0.816092,-0.390805,0.954023,-0.356322,0.321839,-0.494253,0.448276,-0.540230,0.551724,-0.551724,0.655172
F,Right,legacy_bisindo_F_197,0.000000,0.000000,-0.229730,0.148649,-0.391892,0.418919,-0.486486,0.662162,-0.554054,0.810811,-0.270270,0.391892,-0.202703,0.662162,-0.148649,0.824324,-0.094595,0.959459,-0.054054,0.337838,0.040541,0.635135,0.094595,0.851351,0.121622,1.000000,0.121622,0.270270,0.243243,0.567568,0.283784,0.743243,0.310811,0.891892,0.270270,0.216216,0.378378,0.445946,0.405405,0.608108,0.391892,0.729730
F,Right,legacy_bisindo_F_198,0.000000,0.000000,-0.225352,-0.098592,-0.380282,-0.295775,-0.450704,-0.478873,-0.549296,-0.661972,-0.183099,-0.422535,-0.183099,-0.676056,-0.154930,-0.830986,-0.140845,-0.957746,0.000000,-0.408451,0.056338,-0.676056,0.112676,-0.859155,0.154930,-1.000000,0.169014,-0.338028,0.253521,-0.591549,0.281690,-0.774648,0.323944,-0.915493,0.309859,-0.225352,0.408451,-0.408451,0.422535,-0.549296,0.422535,-0.661972
F,Right,legacy_bisindo_F_199,0.000000,0.000000,0.172414,0.126437,0.264368,0.310345,0.252874,0.482759,0.218391,0.643678,-0.011494,0.436782,0.034483,0.609195,0.091954,0.689655,0.149425,0.747126,-0.149425,0.459770,-0.160920,0.712644,-0.103448,0.862069,-0.045977,1.000000,-0.264368,0.425287,-0.390805,0.655172,-0.413793,0.816092,-0.402299,0.954023,-0.367816,0.333333,-0.505747,0.436782,-0.563218,0.540230,-0.574713,0.643678
F,Right,legacy_bisindo_F_200,0.000000,0.000000,-0.233766,0.142857,-0.389610,0.415584,-0.493506,0.636364,-0.545455,0.779221,-0.246753,0.402597,-0.194805,0.688312,-0.155844,0.857143,-0.116883,0.987013,-0.038961,0.350649,0.064935,0.649351,0.103896,0.857143,0.129870,1.000000,0.142857,0.272727,0.259740,0.571429,0.311688,0.753247,0.324675,0.896104,0.285714,0.194805,0.402597,0.402597,0.415584,0.571429,0.402597,0.714286
F,Right,legacy_bisindo_F_201,0.000000,0.000000,0.180723,-0.132530,0.289157,-0.313253,0.289157,-0.493976,0.265060,-0.662651,0.012048,-0.445783,0.060241,-0.626506,0.132530,-0.710843,0.216867,-0.746988,-0.132530,-0.457831,-0.144578,-0.710843,-0.096386,-0.867470,-0.036145,-1.000000,-0.265060,-0.421687,-0.373494,-0.662651,-0.409639,-0.831325,-0.397590,-0.987952,-0.361446,-0.325301,-0.530120,-0.433735,-0.578313,-0.542169,-0.602410,-0.650602
F,Right,legacy_bisindo_F_202,0.000000,0.000000,0.174419,0.127907,0.267442,0.313953,0.255814,0.500000,0.220930,0.651163,-0.011628,0.430233,0.034884,0.604651,0.093023,0.697674,0.162791,0.755814,-0.151163,0.465116,-0.174419,0.709302,-0.116279,0.872093,-0.046512,1.000000,-0.267442,0.418605,-0.395349,0.651163,-0.418605,0.813953,-0.406977,0.965116,-0.360465,0.325581,-0.511628,0.441860,-0.569767,0.546512,-0.593023,0.651163
F,Right,legacy_bisindo_F_203,0.000000,0.000000,-0.226667,0.133333,-0.386667,0.400000,-0.480000,0.613333,-0.560000,0.746667,-0.240000,0.466667,-0.200000,0.706667,-0.160000,0.840000,-0.120000,0.960000,-0.013333,0.426667,0.053333,0.706667,0.133333,0.880000,0.186667,1.000000,0.173333,0.320000,0.253333,0.600000,0.333333,0.746667,0.373333,0.880000,0.320000,0.213333,0.426667,0.386667,0.453333,0.533333,0.453333,0.666667
F,Right,legacy_bisindo_F_204,0.000000,0.000000,-0.202532,-0.088608,-0.354430,-0.291139,-0.443038,-0.493671,-0.544304,-0.670886,-0.215190,-0.417722,-0.253165,-0.670886,-0.240506,-0.822785,-0.227848,-0.949367,-0.063291,-0.405063,-0.063291,-0.683544,-0.025316,-0.860759,0.000000,-1.000000,0.088608,-0.329114,0.139241,-0.594937,0.177215,-0.759494,0.189873,-0.898734,0.253165,-0.227848,0.316456,-0.417722,0.329114,-0.531646,0.329114,-0.645570
F,Right,legacy_bisindo_F_205,0.000000,0.000000,0.164706,0.129412,0.247059,0.317647,0.235294,0.494118,0.200000,0.658824,-0.047059,0.447059,0.011765,0.623529,0.082353,0.705882,0.164706,0.752941,-0.188235,0.470588,-0.200000,0.717647,-0.129412,0.882353,-0.058824,1.000000,-0.294118,0.423529,-0.423529,0.658824,-0.435294,0.823529,-0.435294,0.964706,-0.388235,0.329412,-0.541176,0.435294,-0.600000,0.541176,-0.611765,0.647059
F,Right,legacy_bisindo_F_206,0.000000,0.000000,-0.230769,0.153846,-0.397436,0.410256,-0.487179,0.628205,-0.538462,0.769231,-0.294872,0.371795,-0.282051,0.615385,-0.256410,0.756410,-0.230769,0.884615,-0.076923,0.320513,0.012821,0.615385,0.064103,0.833333,0.089744,1.000000,0.102564,0.269231,0.217949,0.564103,0.256410,0.756410,0.282051,0.910256,0.256410,0.205128,0.371795,0.423077,0.384615,0.589744,0.384615,0.705128
F,Right,legacy_bisindo_F_207,0.000000,0.000000,-0.186667,-0.120000,-0.320000,-0.293333,-0.400000,-0.440000,-0.480000,-0.573333,-0.160000,-0.386667,-0.186667,-0.640000,-0.186667,-0.786667,-0.173333,-0.906667,0.000000,-0.360000,0.026667,-0.666667,0.093333,-0.866667,0.146667,-1.000000,0.146667,-0.293333,0.213333,-0.573333,0.266667,-0.733333,0.306667,-0.866667,0.293333,-0.213333,0.386667,-0.426667,0.400000,-0.546667,0.413333,-0.653333
F,Right,legacy_bisindo_F_208,0.000000,0.000000,0.160920,0.126437,0.252874,0.321839,0.241379,0.505747,0.218391,0.666667,-0.045977,0.436782,0.000000,0.620690,0.080460,0.701149,0.160920,0.747126,-0.183908,0.471264,-0.195402,0.712644,-0.126437,0.873563,-0.057471,1.000000,-0.287356,0.436782,-0.402299,0.655172,-0.413793,0.816092,-0.402299,0.965517,-0.367816,0.333333,-0.528736,0.448276,-0.586207,0.551724,-0.609195,0.655172
F,Right,legacy_bisindo_F_209,0.000000,0.000000,-0.242857,0.157143,-0.428571,0.414286,-0.542857,0.671429,-0.600000,0.828571,-0.257143,0.300000,-0.200000,0.571429,-0.171429,0.728571,-0.142857,0.871429,-0.042857,0.271429,0.114286,0.557143,0.185714,0.814286,0.228571,1.000000,0.157143,0.228571,0.314286,0.542857,0.357143,0.771429,0.357143,0.942857,0.300000,0.200000,0.428571,0.442857,0.442857,0.642857,0.414286,0.771429
F,Right,legacy_bisindo_F_210,0.000000,0.000000,-0.231884,-0.072464,-0.391304,-0.231884,-0.492754,-0.405797,-0.608696,-0.594203,-0.188406,-0.449275,-0.173913,-0.681159,-0.130435,-0.782609,-0.101449,-0.884058,0.000000,-0.434783,0.028986,-0.666667,0.086957,-0.840580,0.144928,-1.000000,0.159420,-0.347826,0.231884,-0.565217,0.275362,-0.739130,0.318841,-0.884058,0.304348,-0.217391,0.391304,-0.362319,0.420290,-0.492754,0.420290,-0.623188
F,Right,legacy_bisindo_F_211,0.000000,0.000000,0.168675,0.108434,0.253012,0.313253,0.253012,0.506024,0.240964,0.674699,-0.036145,0.433735,0.024096,0.614458,0.108434,0.698795,0.180723,0.746988,-0.180723,0.457831,-0.192771,0.722892,-0.120482,0.879518,-0.048193,1.000000,-0.289157,0.421687,-0.409639,0.662651,-0.433735,0.819277,-0.409639,0.963855,-0.373494,0.325301,-0.542169,0.433735,-0.602410,0.542169,-0.626506,0.650602
F,Right,legacy_bisindo_F_212,0.000000,0.000000,-0.276923,0.153846,-0.523077,0.430769,-0.676923,0.707692,-0.738462,0.876923,-0.353846,0.307692,-0.384615,0.538462,-0.400000,0.661538,-0.415385,0.784615,-0.107692,0.307692,0.015385,0.600000,0.092308,0.800000,0.138462,0.969231,0.107692,0.292308,0.230769,0.630769,0.276923,0.846154,0.292308,1.000000,0.276923,0.292308,0.369231,0.553846,0.384615,0.753846,0.369231,0.892308
F,Right,legacy_bisindo_F_213,0.000000,0.000000,-0.173913,-0.144928,-0.304348,-0.318841,-0.376812,-0.434783,-0.478261,-0.550725,-0.144928,-0.376812,-0.086957,-0.637681,-0.043478,-0.811594,-0.014493,-0.942029,0.014493,-0.333333,0.086957,-0.666667,0.159420,-0.869565,0.202899,-1.000000,0.159420,-0.260870,0.260870,-0.579710,0.304348,-0.768116,0.347826,-0.913043,0.304348,-0.173913,0.405797,-0.405797,0.434783,-0.565217,0.449275,-0.666667
F,Right,legacy_bisindo_F_214,0.000000,0.000000,0.147727,0.136364,0.227273,0.329545,0.238636,0.511364,0.204545,0.670455,-0.056818,0.443182,-0.011364,0.625000,0.068182,0.704545,0.147727,0.750000,-0.193182,0.477273,-0.204545,0.715909,-0.136364,0.875000,-0.068182,1.000000,-0.295455,0.431818,-0.420455,0.670455,-0.431818,0.829545,-0.409091,0.965909,-0.386364,0.340909,-0.545455,0.443182,-0.602273,0.556818,-0.625000,0.659091
F,Right,legacy_bisindo_F_215,0.000000,0.000000,0.164706,-0.129412,0.258824,-0.317647,0.258824,-0.505882,0.270588,-0.682353,-0.023529,-0.458824,0.035294,-0.635294,0.117647,-0.717647,0.211765,-0.764706,-0.164706,-0.470588,-0.164706,-0.717647,-0.094118,-0.870588,-0.023529,-1.000000,-0.282353,-0.435294,-0.400000,-0.670588,-0.423529,-0.835294,-0.411765,-1.000000,-0.376471,-0.341176,-0.541176,-0.447059,-0.600000,-0.541176,-0.611765,-0.647059
F,Right,legacy_bisindo_F_216,0.000000,0.000000,0.164706,0.129412,0.235294,0.317647,0.235294,0.505882,0.211765,0.670588,-0.058824,0.447059,0.000000,0.623529,0.094118,0.705882,0.176471,0.752941,-0.188235,0.482353,-0.200000,0.729412,-0.129412,0.882353,-0.047059,1.000000,-0.305882,0.435294,-0.423529,0.670588,-0.447059,0.835294,-0.423529,0.976471,-0.388235,0.341176,-0.552941,0.435294,-0.623529,0.541176,-0.635294,0.658824
F,Right,legacy_bisindo_F_217,0.000000,0.000000,-0.253521,0.140845,-0.436620,0.366197,-0.535211,0.563380,-0.605634,0.690141,-0.239437,0.352113,-0.253521,0.563380,-0.253521,0.704225,-0.239437,0.845070,-0.014085,0.366197,0.000000,0.676056,0.056338,0.859155,0.112676,1.000000,0.169014,0.338028,0.197183,0.647887,0.253521,0.830986,0.295775,0.971831,0.309859,0.309859,0.352113,0.521127,0.366197,0.690141,0.380282,0.816901
F,Right,legacy_bisindo_F_218,0.000000,0.000000,-0.212500,-0.087500,-0.375000,-0.275000,-0.475000,-0.450000,-0.575000,-0.612500,-0.262500,-0.425000,-0.312500,-0.675000,-0.312500,-0.825000,-0.300000,-0.950000,-0.087500,-0.387500,-0.087500,-0.687500,-0.025000,-0.862500,0.025000,-1.000000,0.087500,-0.312500,0.137500,-0.550000,0.200000,-0.687500,0.262500,-0.812500,0.250000,-0.200000,0.337500,-0.387500,0.350000,-0.512500,0.362500,-0.650000
F,Right,legacy_bisindo_F_219,0.000000,0.000000,0.151163,0.127907,0.220930,0.325581,0.220930,0.511628,0.209302,0.674419,-0.069767,0.453488,-0.011628,0.627907,0.081395,0.709302,0.162791,0.755814,-0.209302,0.476744,-0.209302,0.732558,-0.139535,0.883721,-0.069767,1.000000,-0.313953,0.441860,-0.430233,0.674419,-0.453488,0.825581,-0.430233,0.976744,-0.383721,0.337209,-0.558140,0.441860,-0.616279,0.546512,-0.639535,0.651163
F,Right,legacy_bisindo_F_220,0.000000,0.000000,-0.232877,0.150685,-0.397260,0.397260,-0.493151,0.589041,-0.575342,0.726027,-0.287671,0.356164,-0.328767,0.561644,-0.356164,0.671233,-0.369863,0.794521,-0.082192,0.328767,-0.013699,0.616438,0.027397,0.835616,0.054795,1.000000,0.123288,0.287671,0.205479,0.602740,0.260274,0.808219,0.287671,0.958904,0.287671,0.246575,0.383562,0.465753,0.410959,0.643836,0.397260,0.780822
F,Right,legacy_bisindo_F_221,0.000000,0.000000,-0.202703,-0.135135,-0.351351,-0.324324,-0.432432,-0.472973,-0.513514,-0.621622,-0.243243,-0.405405,-0.297297,-0.689189,-0.283784,-0.837838,-0.256757,-0.959459,-0.067568,-0.364865,-0.067568,-0.689189,0.027027,-0.864865,0.108108,-1.000000,0.108108,-0.297297,0.148649,-0.594595,0.216216,-0.756757,0.283784,-0.878378,0.270270,-0.216216,0.324324,-0.432432,0.351351,-0.554054,0.364865,-0.675676
F,Right,legacy_bisindo_F_222,0.000000,0.000000,0.152941,0.129412,0.223529,0.329412,0.223529,0.505882,0.200000,0.670588,-0.082353,0.447059,-0.011765,0.623529,0.070588,0.705882,0.152941,0.752941,-0.211765,0.470588,-0.223529,0.729412,-0.152941,0.882353,-0.070588,1.000000,-0.317647,0.435294,-0.447059,0.658824,-0.458824,0.823529,-0.447059,0.976471,-0.400000,0.329412,-0.576471,0.435294,-0.635294,0.541176,-0.658824,0.658824
F,Right,legacy_bisindo_F_223,0.000000,0.000000,-0.238095,0.190476,-0.396825,0.412698,-0.460317,0.555556,-0.555556,0.619048,-0.253968,0.301587,-0.238095,0.523810,-0.222222,0.634921,-0.222222,0.761905,-0.031746,0.238095,0.126984,0.539683,0.222222,0.793651,0.285714,1.000000,0.174603,0.190476,0.349206,0.523810,0.396825,0.761905,0.412698,0.952381,0.333333,0.174603,0.476190,0.412698,0.492063,0.619048,0.476190,0.746032
F,Right,legacy_bisindo_F_224,0.000000,0.000000,-0.142857,-0.128571,-0.214286,-0.342857,-0.271429,-0.542857,-0.342857,-0.742857,-0.128571,-0.371429,-0.128571,-0.700000,-0.085714,-0.857143,-0.028571,-1.000000,-0.028571,-0.371429,-0.014286,-0.700000,0.057143,-0.857143,0.128571,-0.985714,0.057143,-0.342857,0.114286,-0.657143,0.157143,-0.800000,0.200000,-0.914286,0.157143,-0.300000,0.228571,-0.514286,0.242857,-0.642857,0.257143,-0.742857
F,Right,legacy_bisindo_F_225,0.000000,0.000000,0.149425,0.137931,0.229885,0.321839,0.229885,0.505747,0.218391,0.655172,-0.057471,0.448276,0.000000,0.620690,0.091954,0.701149,0.172414,0.747126,-0.183908,0.471264,-0.195402,0.724138,-0.126437,0.873563,-0.045977,1.000000,-0.298851,0.436782,-0.413793,0.666667,-0.425287,0.827586,-0.402299,0.977011,-0.379310,0.344828,-0.540230,0.448276,-0.609195,0.551724,-0.620690,0.666667
F,Right,legacy_bisindo_F_226,0.000000,0.000000,0.168675,-0.120482,0.277108,-0.301205,0.289157,-0.481928,0.301205,-0.650602,0.000000,-0.445783,0.072289,-0.626506,0.144578,-0.710843,0.240964,-0.759036,-0.144578,-0.457831,-0.132530,-0.710843,-0.072289,-0.855422,0.000000,-0.975904,-0.265060,-0.421687,-0.373494,-0.662651,-0.385542,-0.843373,-0.373494,-1.000000,-0.361446,-0.325301,-0.518072,-0.433735,-0.578313,-0.542169,-0.602410,-0.650602
F,Right,legacy_bisindo_F_227,0.000000,0.000000,0.178571,0.107143,0.261905,0.285714,0.273810,0.464286,0.261905,0.630952,-0.011905,0.428571,0.047619,0.619048,0.142857,0.690476,0.214286,0.738095,-0.154762,0.464286,-0.154762,0.714286,-0.083333,0.869048,-0.011905,1.000000,-0.273810,0.416667,-0.392857,0.654762,-0.404762,0.821429,-0.380952,0.964286,-0.357143,0.321429,-0.511905,0.440476,-0.583333,0.547619,-0.595238,0.654762
F,Right,legacy_bisindo_F_228,0.000000,0.000000,-0.236111,0.194444,-0.402778,0.472222,-0.500000,0.680556,-0.597222,0.791667,-0.277778,0.430556,-0.263889,0.638889,-0.250000,0.763889,-0.250000,0.875000,-0.041667,0.375000,0.041667,0.652778,0.111111,0.847222,0.166667,1.000000,0.152778,0.305556,0.263889,0.597222,0.333333,0.777778,0.375000,0.930556,0.319444,0.222222,0.430556,0.430556,0.458333,0.611111,0.458333,0.763889
F,Right,legacy_bisindo_F_229,0.000000,0.000000,0.168675,-0.120482,0.277108,-0.313253,0.277108,-0.493976,0.277108,-0.662651,-0.012048,-0.445783,0.060241,-0.626506,0.132530,-0.710843,0.228916,-0.759036,-0.144578,-0.457831,-0.144578,-0.710843,-0.084337,-0.867470,0.000000,-0.987952,-0.277108,-0.421687,-0.385542,-0.662651,-0.409639,-0.843373,-0.397590,-1.000000,-0.373494,-0.325301,-0.530120,-0.445783,-0.578313,-0.554217,-0.602410,-0.662651
F,Right,legacy_bisindo_F_230,0.000000,0.000000,0.174419,0.116279,0.267442,0.302326,0.279070,0.488372,0.255814,0.639535,0.000000,0.441860,0.058140,0.627907,0.139535,0.697674,0.220930,0.744186,-0.151163,0.476744,-0.151163,0.720930,-0.081395,0.872093,-0.011628,1.000000,-0.267442,0.441860,-0.372093,0.674419,-0.383721,0.837209,-0.372093,0.976744,-0.360465,0.337209,-0.500000,0.453488,-0.558140,0.558140,-0.581395,0.674419
F,Right,legacy_bisindo_F_231,0.000000,0.000000,-0.243243,0.148649,-0.378378,0.405405,-0.459459,0.608108,-0.527027,0.702703,-0.162162,0.378378,-0.027027,0.567568,0.027027,0.729730,0.054054,0.891892,0.027027,0.351351,0.135135,0.648649,0.189189,0.851351,0.243243,1.000000,0.162162,0.310811,0.270270,0.608108,0.337838,0.797297,0.364865,0.945946,0.283784,0.256757,0.391892,0.472973,0.418919,0.635135,0.418919,0.783784
F,Right,legacy_bisindo_F_232,0.000000,0.000000,0.200000,-0.025000,0.362500,-0.200000,0.425000,-0.412500,0.387500,-0.612500,0.187500,-0.300000,0.187500,-0.500000,0.212500,-0.637500,0.237500,-0.775000,-0.025000,-0.337500,-0.037500,-0.637500,-0.012500,-0.850000,0.000000,-1.000000,-0.187500,-0.325000,-0.250000,-0.612500,-0.262500,-0.800000,-0.250000,-0.937500,-0.325000,-0.287500,-0.450000,-0.462500,-0.500000,-0.587500,-0.512500,-0.700000
F,Right,legacy_bisindo_F_233,0.000000,0.000000,0.174419,0.116279,0.267442,0.302326,0.267442,0.476744,0.255814,0.639535,-0.011628,0.441860,0.058140,0.627907,0.139535,0.697674,0.209302,0.744186,-0.151163,0.465116,-0.151163,0.720930,-0.081395,0.872093,0.000000,1.000000,-0.267442,0.430233,-0.383721,0.662791,-0.383721,0.825581,-0.372093,0.965116,-0.360465,0.337209,-0.511628,0.453488,-0.558140,0.569767,-0.581395,0.674419
F,Right,legacy_bisindo_F_234,0.000000,0.000000,-0.256098,0.158537,-0.414634,0.426829,-0.524390,0.658537,-0.548780,0.817073,-0.268293,0.426829,-0.195122,0.695122,-0.134146,0.841463,-0.073171,0.963415,-0.073171,0.402439,0.036585,0.682927,0.109756,0.865854,0.170732,1.000000,0.121951,0.329268,0.231707,0.609756,0.280488,0.768293,0.317073,0.902439,0.268293,0.256098,0.365854,0.463415,0.390244,0.609756,0.390244,0.743902
F,Right,legacy_bisindo_F_235,0.000000,0.000000,-0.207317,-0.097561,-0.341463,-0.304878,-0.414634,-0.475610,-0.500000,-0.658537,-0.182927,-0.426829,-0.207317,-0.646341,-0.182927,-0.780488,-0.170732,-0.890244,-0.024390,-0.414634,-0.012195,-0.682927,0.036585,-0.865854,0.073171,-1.000000,0.121951,-0.341463,0.182927,-0.597561,0.219512,-0.756098,0.268293,-0.878049,0.268293,-0.231707,0.341463,-0.402439,0.365854,-0.512195,0.378049,-0.609756
F,Right,legacy_bisindo_F_236,0.000000,0.000000,0.179775,0.123596,0.269663,0.314607,0.269663,0.494382,0.247191,0.651685,0.000000,0.449438,0.044944,0.629213,0.123596,0.707865,0.191011,0.741573,-0.146067,0.483146,-0.146067,0.730337,-0.089888,0.876404,-0.011236,1.000000,-0.258427,0.449438,-0.359551,0.685393,-0.370787,0.842697,-0.359551,0.977528,-0.348315,0.348315,-0.494382,0.471910,-0.550562,0.573034,-0.561798,0.685393
F,Right,legacy_bisindo_F_237,0.000000,0.000000,-0.240506,0.151899,-0.405063,0.417722,-0.493671,0.645570,-0.506329,0.810127,-0.278481,0.367089,-0.253165,0.620253,-0.202532,0.759494,-0.177215,0.898734,-0.063291,0.329114,0.037975,0.607595,0.101266,0.835443,0.139241,1.000000,0.126582,0.291139,0.227848,0.594937,0.278481,0.784810,0.278481,0.936709,0.291139,0.265823,0.367089,0.493671,0.379747,0.658228,0.367089,0.772152
F,Right,legacy_bisindo_F_238,0.000000,0.000000,-0.038462,-0.128205,-0.025641,-0.346154,-0.051282,-0.576923,-0.115385,-0.782051,0.012821,-0.333333,0.051282,-0.615385,0.076923,-0.794872,0.115385,-0.948718,0.025641,-0.346154,0.089744,-0.653846,0.166667,-0.858974,0.217949,-1.000000,0.051282,-0.333333,0.128205,-0.653846,0.192308,-0.833333,0.230769,-0.961538,0.089744,-0.307692,0.153846,-0.538462,0.192308,-0.666667,0.217949,-0.769231
F,Right,legacy_bisindo_F_239,0.000000,0.000000,0.190476,0.107143,0.297619,0.285714,0.297619,0.476190,0.285714,0.630952,0.035714,0.440476,0.083333,0.619048,0.166667,0.702381,0.250000,0.750000,-0.119048,0.464286,-0.119048,0.714286,-0.059524,0.869048,0.011905,1.000000,-0.238095,0.428571,-0.345238,0.678571,-0.357143,0.845238,-0.345238,0.988095,-0.345238,0.333333,-0.488095,0.452381,-0.547619,0.571429,-0.559524,0.678571
F,Right,legacy_bisindo_F_240,0.000000,0.000000,-0.206349,0.174603,-0.333333,0.396825,-0.365079,0.634921,-0.317460,0.841270,-0.238095,0.269841,-0.158730,0.555556,-0.126984,0.746032,-0.095238,0.888889,-0.063492,0.222222,0.111111,0.555556,0.158730,0.825397,0.206349,1.000000,0.111111,0.190476,0.269841,0.587302,0.301587,0.825397,0.333333,1.000000,0.269841,0.190476,0.380952,0.492063,0.396825,0.698413,0.380952,0.825397
F,Right,legacy_bisindo_F_241,0.000000,0.000000,-0.184615,-0.230769,-0.323077,-0.492308,-0.415385,-0.692308,-0.523077,-0.861538,-0.246154,-0.415385,-0.276923,-0.661538,-0.261538,-0.800000,-0.261538,-0.938462,-0.046154,-0.323077,-0.046154,-0.630769,0.000000,-0.830769,0.030769,-1.000000,0.153846,-0.230769,0.215385,-0.523077,0.292308,-0.707692,0.338462,-0.861538,0.338462,-0.153846,0.461538,-0.430769,0.507692,-0.600000,0.507692,-0.753846
F,Right,legacy_bisindo_F_242,0.000000,0.000000,0.166667,0.095238,0.273810,0.273810,0.297619,0.452381,0.297619,0.595238,0.023810,0.440476,0.083333,0.607143,0.166667,0.690476,0.238095,0.738095,-0.119048,0.464286,-0.107143,0.714286,-0.047619,0.869048,0.023810,1.000000,-0.238095,0.428571,-0.345238,0.678571,-0.357143,0.833333,-0.357143,0.988095,-0.345238,0.333333,-0.488095,0.452381,-0.547619,0.559524,-0.559524,0.678571
F,Right,legacy_bisindo_F_243,0.000000,0.000000,-0.227273,0.166667,-0.348485,0.393939,-0.409091,0.560606,-0.484848,0.621212,-0.212121,0.287879,-0.045455,0.606061,0.030303,0.787879,0.075758,0.939394,0.000000,0.242424,0.166667,0.575758,0.242424,0.833333,0.287879,1.000000,0.181818,0.181818,0.333333,0.530303,0.393939,0.757576,0.424242,0.924242,0.318182,0.151515,0.454545,0.409091,0.469697,0.590909,0.454545,0.727273
F,Right,legacy_bisindo_F_244,0.000000,0.000000,-0.207792,-0.103896,-0.311688,-0.324675,-0.363636,-0.532468,-0.454545,-0.688312,-0.207792,-0.376623,-0.246753,-0.636364,-0.246753,-0.792208,-0.259740,-0.909091,-0.051948,-0.363636,-0.038961,-0.649351,-0.012987,-0.844156,0.012987,-1.000000,0.116883,-0.311688,0.168831,-0.571429,0.207792,-0.766234,0.233766,-0.909091,0.285714,-0.233766,0.350649,-0.441558,0.376623,-0.584416,0.376623,-0.701299
F,Right,legacy_bisindo_F_245,0.000000,0.000000,0.186047,0.116279,0.290698,0.302326,0.302326,0.476744,0.279070,0.639535,0.046512,0.441860,0.093023,0.627907,0.162791,0.697674,0.244186,0.744186,-0.104651,0.476744,-0.104651,0.720930,-0.046512,0.872093,0.023256,1.000000,-0.220930,0.441860,-0.325581,0.686047,-0.337209,0.848837,-0.313953,0.988372,-0.325581,0.348837,-0.465116,0.465116,-0.523256,0.569767,-0.534884,0.686047
F,Right,legacy_bisindo_F_246,0.000000,0.000000,-0.223881,0.194030,-0.328358,0.462687,-0.358209,0.671642,-0.417910,0.805970,-0.194030,0.343284,-0.029851,0.597015,0.074627,0.761194,0.149254,0.910448,0.000000,0.268657,0.238806,0.597015,0.328358,0.835821,0.402985,1.000000,0.179104,0.208955,0.388060,0.552239,0.447761,0.791045,0.462687,0.940299,0.328358,0.164179,0.492537,0.447761,0.537313,0.641791,0.522388,0.761194
F,Right,legacy_bisindo_F_247,0.000000,0.000000,-0.205479,-0.068493,-0.315068,-0.301370,-0.342466,-0.561644,-0.410959,-0.794521,-0.205479,-0.410959,-0.232877,-0.630137,-0.219178,-0.753425,-0.191781,-0.876712,-0.041096,-0.410959,0.000000,-0.671233,0.068493,-0.863014,0.095890,-1.000000,0.123288,-0.356164,0.191781,-0.602740,0.246575,-0.767123,0.287671,-0.904110,0.260274,-0.273973,0.356164,-0.479452,0.383562,-0.589041,0.397260,-0.698630
F,Right,legacy_bisindo_F_248,0.000000,0.000000,0.180723,0.096386,0.289157,0.265060,0.301205,0.445783,0.301205,0.590361,0.060241,0.433735,0.132530,0.602410,0.204819,0.686747,0.265060,0.734940,-0.084337,0.469880,-0.072289,0.722892,-0.012048,0.879518,0.048193,1.000000,-0.216867,0.433735,-0.313253,0.674699,-0.325301,0.843373,-0.313253,0.987952,-0.325301,0.337349,-0.457831,0.457831,-0.506024,0.566265,-0.518072,0.674699
F,Right,legacy_bisindo_F_249,0.000000,0.000000,-0.237288,0.186441,-0.389831,0.440678,-0.440678,0.694915,-0.508475,0.864407,-0.254237,0.288136,-0.152542,0.576271,-0.084746,0.762712,-0.033898,0.932203,-0.033898,0.220339,0.169492,0.576271,0.254237,0.830508,0.305085,1.000000,0.152542,0.186441,0.372881,0.559322,0.406780,0.796610,0.406780,0.966102,0.305085,0.169492,0.491525,0.474576,0.508475,0.661017,0.474576,0.796610
F,Right,legacy_bisindo_F_250,0.000000,0.000000,-0.174603,-0.111111,-0.253968,-0.301587,-0.301587,-0.492063,-0.444444,-0.682540,-0.174603,-0.380952,-0.206349,-0.619048,-0.206349,-0.730159,-0.238095,-0.841270,-0.015873,-0.396825,0.000000,-0.666667,0.000000,-0.809524,0.000000,-0.952381,0.142857,-0.349206,0.222222,-0.650794,0.253968,-0.825397,0.269841,-1.000000,0.317460,-0.285714,0.428571,-0.555556,0.460317,-0.746032,0.460317,-0.888889
F,Right,legacy_bisindo_F_251,0.000000,0.000000,0.186047,0.116279,0.302326,0.290698,0.302326,0.488372,0.267442,0.627907,0.058140,0.441860,0.104651,0.604651,0.162791,0.697674,0.220930,0.755814,-0.093023,0.476744,-0.081395,0.720930,-0.034884,0.872093,0.011628,1.000000,-0.220930,0.453488,-0.302326,0.686047,-0.313953,0.848837,-0.302326,0.988372,-0.337209,0.360465,-0.465116,0.476744,-0.511628,0.593023,-0.511628,0.697674
F,Right,legacy_bisindo_F_252,0.000000,0.000000,-0.238095,0.158730,-0.365079,0.396825,-0.412698,0.619048,-0.476190,0.777778,-0.269841,0.253968,-0.190476,0.571429,-0.158730,0.777778,-0.126984,0.936508,-0.063492,0.190476,0.111111,0.555556,0.174603,0.825397,0.190476,1.000000,0.126984,0.174603,0.301587,0.555556,0.333333,0.809524,0.317460,0.968254,0.301587,0.158730,0.428571,0.476190,0.444444,0.682540,0.412698,0.793651
F,Right,legacy_bisindo_F_253,0.000000,0.000000,0.195402,0.114943,0.310345,0.298851,0.310345,0.482759,0.275862,0.632184,0.057471,0.459770,0.103448,0.620690,0.172414,0.701149,0.229885,0.747126,-0.080460,0.482759,-0.080460,0.724138,-0.022989,0.873563,0.022989,1.000000,-0.206897,0.448276,-0.298851,0.689655,-0.310345,0.850575,-0.298851,1.000000,-0.321839,0.356322,-0.448276,0.482759,-0.505747,0.586207,-0.517241,0.689655
F,Right,legacy_bisindo_F_254,0.000000,0.000000,0.188235,-0.105882,0.305882,-0.282353,0.317647,-0.470588,0.305882,-0.635294,0.070588,-0.423529,0.129412,-0.600000,0.188235,-0.682353,0.258824,-0.741176,-0.082353,-0.458824,-0.058824,-0.705882,-0.011765,-0.858824,0.047059,-0.988235,-0.211765,-0.423529,-0.305882,-0.670588,-0.329412,-0.847059,-0.317647,-1.000000,-0.329412,-0.341176,-0.470588,-0.458824,-0.517647,-0.576471,-0.517647,-0.670588
F,Right,legacy_bisindo_F_255,0.000000,0.000000,-0.234375,-0.203125,-0.406250,-0.453125,-0.500000,-0.671875,-0.640625,-0.859375,-0.250000,-0.328125,-0.281250,-0.562500,-0.265625,-0.750000,-0.250000,-0.937500,-0.015625,-0.281250,-0.062500,-0.593750,-0.046875,-0.828125,-0.031250,-1.000000,0.187500,-0.234375,0.187500,-0.546875,0.203125,-0.765625,0.234375,-0.921875,0.375000,-0.203125,0.453125,-0.484375,0.468750,-0.703125,0.453125,-0.890625
F,Right,legacy_bisindo_F_256,0.000000,0.000000,-0.271429,0.128571,-0.428571,0.400000,-0.542857,0.657143,-0.585714,0.842857,-0.285714,0.442857,-0.185714,0.700000,-0.114286,0.842857,-0.042857,0.957143,-0.057143,0.414286,0.071429,0.685714,0.157143,0.871429,0.214286,1.000000,0.142857,0.328571,0.271429,0.614286,0.357143,0.771429,0.385714,0.900000,0.300000,0.214286,0.428571,0.414286,0.457143,0.557143,0.457143,0.700000
F,Right,legacy_bisindo_F_257,0.000000,0.000000,0.176471,-0.094118,0.294118,-0.270588,0.305882,-0.458824,0.317647,-0.611765,0.070588,-0.435294,0.129412,-0.588235,0.200000,-0.682353,0.258824,-0.741176,-0.070588,-0.470588,-0.058824,-0.705882,-0.011765,-0.858824,0.047059,-0.988235,-0.211765,-0.435294,-0.294118,-0.670588,-0.317647,-0.847059,-0.305882,-1.000000,-0.329412,-0.352941,-0.470588,-0.470588,-0.517647,-0.576471,-0.517647,-0.682353
F,Right,legacy_bisindo_F_258,0.000000,0.000000,0.186047,0.116279,0.302326,0.290698,0.302326,0.476744,0.279070,0.627907,0.058140,0.441860,0.104651,0.616279,0.162791,0.697674,0.220930,0.744186,-0.093023,0.476744,-0.081395,0.720930,-0.023256,0.872093,0.034884,1.000000,-0.220930,0.441860,-0.302326,0.686047,-0.313953,0.848837,-0.302326,1.000000,-0.337209,0.348837,-0.453488,0.476744,-0.500000,0.581395,-0.511628,0.697674
F,Right,legacy_bisindo_F_259,0.000000,0.000000,-0.230769,0.179487,-0.358974,0.448718,-0.423077,0.679487,-0.461538,0.820513,-0.243590,0.410256,-0.141026,0.653846,-0.051282,0.820513,0.012821,0.948718,-0.025641,0.371795,0.153846,0.641026,0.230769,0.858974,0.269231,1.000000,0.166667,0.307692,0.333333,0.576923,0.384615,0.769231,0.384615,0.910256,0.320513,0.243590,0.461538,0.487179,0.474359,0.653846,0.461538,0.782051
F,Right,legacy_bisindo_F_260,0.000000,0.000000,-0.200000,-0.075000,-0.300000,-0.312500,-0.337500,-0.562500,-0.400000,-0.787500,-0.162500,-0.412500,-0.175000,-0.675000,-0.162500,-0.825000,-0.137500,-0.975000,-0.025000,-0.412500,0.012500,-0.687500,0.087500,-0.862500,0.125000,-1.000000,0.125000,-0.350000,0.200000,-0.612500,0.262500,-0.762500,0.300000,-0.887500,0.287500,-0.250000,0.362500,-0.425000,0.375000,-0.537500,0.375000,-0.650000
F,Right,legacy_bisindo_F_261,0.000000,0.000000,0.188235,0.117647,0.305882,0.294118,0.317647,0.470588,0.294118,0.623529,0.058824,0.447059,0.105882,0.623529,0.176471,0.694118,0.235294,0.741176,-0.082353,0.482353,-0.070588,0.729412,-0.023529,0.870588,0.035294,1.000000,-0.211765,0.447059,-0.305882,0.682353,-0.317647,0.847059,-0.305882,0.988235,-0.329412,0.341176,-0.458824,0.470588,-0.505882,0.576471,-0.517647,0.682353
F,Right,legacy_bisindo_F_262,0.000000,0.000000,-0.250000,0.147059,-0.382353,0.426471,-0.426471,0.676471,-0.411765,0.838235,-0.220588,0.294118,-0.058824,0.602941,0.029412,0.808824,0.088235,0.985294,0.000000,0.250000,0.205882,0.573529,0.279412,0.823529,0.323529,1.000000,0.161765,0.205882,0.367647,0.573529,0.382353,0.808824,0.367647,0.970588,0.308824,0.205882,0.455882,0.500000,0.470588,0.691176,0.441176,0.808824
F,Right,legacy_bisindo_F_263,0.000000,0.000000,-0.189873,-0.101266,-0.265823,-0.341772,-0.303797,-0.556962,-0.379747,-0.734177,-0.164557,-0.392405,-0.177215,-0.645570,-0.151899,-0.797468,-0.126582,-0.936709,-0.037975,-0.379747,0.000000,-0.670886,0.075949,-0.860759,0.113924,-1.000000,0.101266,-0.316456,0.164557,-0.594937,0.215190,-0.772152,0.253165,-0.898734,0.240506,-0.240506,0.303797,-0.455696,0.316456,-0.569620,0.329114,-0.670886
F,Right,legacy_bisindo_F_264,0.000000,0.000000,0.188235,0.105882,0.305882,0.282353,0.317647,0.458824,0.294118,0.611765,0.070588,0.447059,0.105882,0.611765,0.176471,0.694118,0.247059,0.741176,-0.070588,0.470588,-0.070588,0.717647,-0.011765,0.870588,0.035294,1.000000,-0.200000,0.435294,-0.294118,0.682353,-0.305882,0.847059,-0.294118,0.988235,-0.329412,0.352941,-0.458824,0.482353,-0.505882,0.588235,-0.517647,0.682353
F,Right,legacy_bisindo_F_265,0.000000,0.000000,-0.235294,0.176471,-0.352941,0.455882,-0.382353,0.691176,-0.411765,0.852941,-0.235294,0.352941,-0.117647,0.632353,-0.058824,0.808824,0.000000,0.970588,-0.029412,0.294118,0.191176,0.602941,0.264706,0.823529,0.294118,1.000000,0.161765,0.250000,0.352941,0.588235,0.397059,0.794118,0.397059,0.955882,0.308824,0.235294,0.470588,0.500000,0.470588,0.691176,0.455882,0.808824
F,Right,legacy_bisindo_F_266,0.000000,0.000000,-0.197531,-0.123457,-0.283951,-0.333333,-0.320988,-0.530864,-0.370370,-0.691358,-0.185185,-0.358025,-0.185185,-0.641975,-0.160494,-0.814815,-0.123457,-0.950617,-0.037037,-0.345679,0.012346,-0.641975,0.074074,-0.851852,0.123457,-1.000000,0.123457,-0.308642,0.185185,-0.592593,0.234568,-0.777778,0.271605,-0.913580,0.271605,-0.259259,0.333333,-0.481481,0.345679,-0.629630,0.358025,-0.753086
F,Right,legacy_bisindo_F_267,0.000000,0.000000,0.190476,0.107143,0.297619,0.285714,0.297619,0.464286,0.285714,0.619048,0.035714,0.440476,0.095238,0.607143,0.166667,0.690476,0.226190,0.738095,-0.107143,0.476190,-0.095238,0.714286,-0.035714,0.869048,0.023810,1.000000,-0.238095,0.440476,-0.333333,0.678571,-0.333333,0.845238,-0.333333,0.988095,-0.345238,0.345238,-0.488095,0.464286,-0.535714,0.571429,-0.547619,0.678571
F,Right,legacy_bisindo_F_268,0.000000,0.000000,-0.227273,0.196970,-0.333333,0.454545,-0.363636,0.666667,-0.409091,0.787879,-0.212121,0.348485,-0.075758,0.636364,0.015152,0.818182,0.090909,0.969697,0.000000,0.287879,0.227273,0.590909,0.333333,0.848485,0.393939,1.000000,0.181818,0.212121,0.393939,0.575758,0.454545,0.803030,0.469697,0.954545,0.348485,0.166667,0.515152,0.454545,0.545455,0.666667,0.530303,0.787879
F,Right,legacy_bisindo_F_269,0.000000,0.000000,-0.202532,-0.075949,-0.303797,-0.291139,-0.354430,-0.506329,-0.430380,-0.670886,-0.202532,-0.354430,-0.240506,-0.607595,-0.215190,-0.759494,-0.202532,-0.898734,-0.050633,-0.341772,-0.025316,-0.645570,0.025316,-0.848101,0.063291,-1.000000,0.113924,-0.291139,0.164557,-0.556962,0.227848,-0.746835,0.278481,-0.886076,0.278481,-0.227848,0.341772,-0.443038,0.367089,-0.569620,0.379747,-0.696203
F,Right,legacy_bisindo_F_270,0.000000,0.000000,0.186047,0.104651,0.290698,0.290698,0.290698,0.476744,0.279070,0.627907,0.034884,0.441860,0.093023,0.616279,0.174419,0.686047,0.244186,0.732558,-0.116279,0.476744,-0.104651,0.720930,-0.034884,0.872093,0.023256,1.000000,-0.232558,0.441860,-0.337209,0.686047,-0.337209,0.848837,-0.325581,1.000000,-0.337209,0.348837,-0.476744,0.476744,-0.534884,0.581395,-0.546512,0.686047
F,Right,legacy_bisindo_F_271,0.000000,0.000000,-0.233333,0.200000,-0.366667,0.466667,-0.400000,0.666667,-0.450000,0.783333,-0.200000,0.316667,-0.016667,0.583333,0.066667,0.766667,0.133333,0.933333,0.000000,0.233333,0.283333,0.550000,0.400000,0.816667,0.466667,1.000000,0.183333,0.166667,0.450000,0.533333,0.516667,0.800000,0.516667,0.966667,0.333333,0.116667,0.550000,0.433333,0.583333,0.650000,0.550000,0.783333
F,Right,legacy_bisindo_F_272,0.000000,0.000000,-0.177215,-0.063291,-0.253165,-0.278481,-0.265823,-0.506329,-0.316456,-0.696203,-0.202532,-0.367089,-0.253165,-0.594937,-0.265823,-0.746835,-0.278481,-0.873418,-0.050633,-0.354430,-0.075949,-0.632911,-0.025316,-0.848101,0.000000,-1.000000,0.101266,-0.303797,0.151899,-0.556962,0.202532,-0.721519,0.240506,-0.873418,0.265823,-0.215190,0.341772,-0.417722,0.367089,-0.556962,0.367089,-0.670886
F,Right,legacy_bisindo_F_273,0.000000,0.000000,0.182927,0.085366,0.280488,0.268293,0.304878,0.426829,0.317073,0.573171,0.036585,0.439024,0.109756,0.609756,0.195122,0.682927,0.268293,0.731707,-0.109756,0.463415,-0.097561,0.719512,-0.024390,0.878049,0.036585,1.000000,-0.231707,0.426829,-0.341463,0.682927,-0.341463,0.841463,-0.329268,1.000000,-0.341463,0.329268,-0.487805,0.451220,-0.548780,0.560976,-0.560976,0.682927
F,Right,legacy_bisindo_F_274,0.000000,0.000000,-0.230769,0.184615,-0.338462,0.461538,-0.369231,0.661538,-0.446154,0.784615,-0.246154,0.353846,-0.153846,0.630769,-0.092308,0.815385,-0.061538,0.984615,-0.030769,0.276923,0.169231,0.584615,0.261538,0.830769,0.307692,1.000000,0.153846,0.215385,0.369231,0.569231,0.400000,0.800000,0.400000,0.938462,0.323077,0.169231,0.476923,0.461538,0.492308,0.646154,0.476923,0.753846
F,Right,legacy_bisindo_F_275,0.000000,0.000000,-0.171053,-0.092105,-0.250000,-0.289474,-0.302632,-0.460526,-0.407895,-0.552632,-0.171053,-0.355263,-0.171053,-0.618421,-0.131579,-0.763158,-0.105263,-0.881579,-0.039474,-0.342105,-0.026316,-0.657895,0.039474,-0.868421,0.078947,-1.000000,0.105263,-0.315789,0.144737,-0.631579,0.184211,-0.802632,0.223684,-0.934211,0.236842,-0.276316,0.302632,-0.539474,0.315789,-0.684211,0.328947,-0.802632
F,Right,legacy_bisindo_F_276,0.000000,0.000000,0.180723,0.096386,0.301205,0.277108,0.325301,0.445783,0.325301,0.602410,0.048193,0.433735,0.120482,0.614458,0.204819,0.686747,0.277108,0.734940,-0.096386,0.469880,-0.084337,0.722892,-0.024096,0.867470,0.048193,1.000000,-0.228916,0.433735,-0.325301,0.686747,-0.337349,0.855422,-0.325301,1.000000,-0.337349,0.337349,-0.493976,0.445783,-0.542169,0.566265,-0.554217,0.674699
F,Right,legacy_bisindo_F_277,0.000000,0.000000,-0.215385,0.200000,-0.353846,0.446154,-0.384615,0.615385,-0.461538,0.723077,-0.230769,0.292308,-0.153846,0.569231,-0.092308,0.738462,-0.061538,0.907692,-0.030769,0.215385,0.169231,0.538462,0.261538,0.815385,0.307692,1.000000,0.153846,0.153846,0.353846,0.523077,0.400000,0.753846,0.415385,0.923077,0.307692,0.123077,0.476923,0.384615,0.507692,0.584615,0.476923,0.723077
F,Right,legacy_bisindo_F_278,0.000000,0.000000,0.182927,0.097561,0.292683,0.280488,0.317073,0.451220,0.292683,0.609756,0.012195,0.439024,0.085366,0.621951,0.170732,0.707317,0.256098,0.743902,-0.134146,0.475610,-0.121951,0.731707,-0.048780,0.878049,0.012195,1.000000,-0.256098,0.439024,-0.365854,0.695122,-0.365854,0.853659,-0.353659,1.000000,-0.365854,0.341463,-0.524390,0.463415,-0.573171,0.573171,-0.597561,0.682927
F,Right,legacy_bisindo_F_279,0.000000,0.000000,0.178571,-0.107143,0.285714,-0.297619,0.297619,-0.464286,0.309524,-0.619048,0.023810,-0.440476,0.095238,-0.607143,0.166667,-0.690476,0.250000,-0.750000,-0.119048,-0.464286,-0.095238,-0.702381,-0.035714,-0.857143,0.023810,-0.988095,-0.250000,-0.428571,-0.333333,-0.666667,-0.357143,-0.845238,-0.333333,-1.000000,-0.357143,-0.345238,-0.511905,-0.464286,-0.559524,-0.571429,-0.571429,-0.666667
F,Right,legacy_bisindo_F_280,0.000000,0.000000,-0.197183,-0.211268,-0.323944,-0.450704,-0.422535,-0.647887,-0.535211,-0.774648,-0.225352,-0.352113,-0.323944,-0.619718,-0.366197,-0.788732,-0.394366,-0.929577,-0.056338,-0.295775,-0.126761,-0.647887,-0.126761,-0.845070,-0.126761,-1.000000,0.126761,-0.253521,0.126761,-0.591549,0.140845,-0.788732,0.169014,-0.929577,0.295775,-0.211268,0.380282,-0.507042,0.408451,-0.690141,0.422535,-0.830986
F,Right,legacy_bisindo_F_281,0.000000,0.000000,-0.210526,0.157895,-0.315789,0.368421,-0.381579,0.526316,-0.460526,0.618421,-0.263158,0.328947,-0.263158,0.578947,-0.236842,0.710526,-0.197368,0.828947,-0.065789,0.289474,0.026316,0.592105,0.092105,0.842105,0.157895,1.000000,0.118421,0.236842,0.223684,0.565789,0.289474,0.776316,0.342105,0.934211,0.289474,0.210526,0.368421,0.434211,0.381579,0.618421,0.394737,0.736842
F,Right,legacy_bisindo_F_282,0.000000,0.000000,0.158537,-0.097561,0.256098,-0.268293,0.304878,-0.426829,0.353659,-0.560976,0.036585,-0.426829,0.109756,-0.585366,0.182927,-0.670732,0.268293,-0.719512,-0.109756,-0.451220,-0.085366,-0.695122,-0.024390,-0.853659,0.048780,-0.975610,-0.256098,-0.414634,-0.329268,-0.658537,-0.341463,-0.841463,-0.329268,-1.000000,-0.353659,-0.317073,-0.512195,-0.439024,-0.560976,-0.548780,-0.573171,-0.658537
F,Right,legacy_bisindo_F_283,0.000000,0.000000,-0.078947,-0.065789,-0.039474,-0.276316,0.013158,-0.513158,0.000000,-0.723684,-0.052632,-0.263158,-0.052632,-0.592105,0.000000,-0.789474,0.052632,-0.947368,0.013158,-0.302632,0.026316,-0.644737,0.105263,-0.855263,0.171053,-1.000000,0.092105,-0.328947,0.131579,-0.657895,0.184211,-0.842105,0.223684,-0.960526,0.184211,-0.342105,0.223684,-0.592105,0.236842,-0.723684,0.263158,-0.802632
F,Right,legacy_bisindo_F_284,0.000000,0.000000,-0.196970,0.166667,-0.303030,0.393939,-0.303030,0.621212,-0.318182,0.787879,-0.287879,0.257576,-0.333333,0.515152,-0.348485,0.636364,-0.363636,0.742424,-0.106061,0.212121,0.000000,0.560606,0.060606,0.833333,0.136364,1.000000,0.090909,0.196970,0.212121,0.575758,0.272727,0.818182,0.318182,0.984848,0.272727,0.196970,0.363636,0.484848,0.363636,0.696970,0.393939,0.818182
F,Right,legacy_bisindo_F_285,0.000000,0.000000,0.178571,-0.095238,0.297619,-0.273810,0.321429,-0.452381,0.333333,-0.619048,0.035714,-0.428571,0.119048,-0.607143,0.190476,-0.690476,0.273810,-0.738095,-0.107143,-0.452381,-0.071429,-0.690476,-0.011905,-0.845238,0.047619,-0.976190,-0.238095,-0.428571,-0.321429,-0.666667,-0.333333,-0.845238,-0.321429,-1.000000,-0.345238,-0.333333,-0.500000,-0.452381,-0.547619,-0.559524,-0.547619,-0.666667
F,Right,legacy_bisindo_F_286,0.000000,0.000000,0.186047,0.093023,0.279070,0.255814,0.302326,0.430233,0.302326,0.581395,0.023256,0.430233,0.104651,0.604651,0.197674,0.674419,0.279070,0.720930,-0.116279,0.465116,-0.093023,0.720930,-0.023256,0.872093,0.046512,0.988372,-0.232558,0.430233,-0.337209,0.686047,-0.337209,0.848837,-0.313953,1.000000,-0.325581,0.337209,-0.476744,0.465116,-0.534884,0.569767,-0.534884,0.674419
F,Right,legacy_bisindo_F_287,0.000000,0.000000,-0.240506,0.177215,-0.405063,0.455696,-0.493671,0.683544,-0.556962,0.835443,-0.265823,0.443038,-0.189873,0.683544,-0.101266,0.835443,-0.050633,0.962025,-0.037975,0.392405,0.063291,0.683544,0.151899,0.860759,0.215190,1.000000,0.139241,0.316456,0.253165,0.607595,0.329114,0.772152,0.367089,0.898734,0.291139,0.227848,0.392405,0.455696,0.417722,0.594937,0.430380,0.696203
F,Right,legacy_bisindo_F_288,0.000000,0.000000,0.230769,-0.051282,0.410256,-0.205128,0.461538,-0.384615,0.423077,-0.589744,0.256410,-0.256410,0.294872,-0.461538,0.320513,-0.628205,0.346154,-0.769231,0.038462,-0.320513,0.051282,-0.615385,0.089744,-0.833333,0.128205,-1.000000,-0.166667,-0.346154,-0.166667,-0.615385,-0.153846,-0.794872,-0.128205,-0.948718,-0.307692,-0.333333,-0.397436,-0.487179,-0.423077,-0.589744,-0.410256,-0.692308
F,Right,legacy_bisindo_F_289,0.000000,0.000000,-0.135135,0.108108,-0.243243,0.364865,-0.351351,0.581081,-0.405405,0.729730,-0.148649,0.391892,-0.108108,0.662162,-0.081081,0.824324,-0.054054,0.932432,-0.067568,0.391892,-0.027027,0.675676,0.013514,0.878378,0.067568,1.000000,0.027027,0.337838,0.081081,0.581081,0.175676,0.729730,0.243243,0.864865,0.094595,0.270270,0.175676,0.418919,0.243243,0.554054,0.283784,0.675676
F,Right,legacy_bisindo_F_290,0.000000,0.000000,0.159091,0.102273,0.261364,0.284091,0.284091,0.465909,0.284091,0.613636,-0.011364,0.431818,0.068182,0.602273,0.159091,0.670455,0.250000,0.715909,-0.136364,0.477273,-0.125000,0.715909,-0.045455,0.875000,0.045455,0.988636,-0.250000,0.443182,-0.352273,0.693182,-0.340909,0.852273,-0.306818,1.000000,-0.340909,0.352273,-0.500000,0.477273,-0.556818,0.590909,-0.568182,0.693182
F,Right,legacy_bisindo_F_291,0.000000,0.000000,-0.192308,-0.166667,-0.358974,-0.397436,-0.448718,-0.602564,-0.487179,-0.769231,-0.243590,-0.410256,-0.346154,-0.679487,-0.371795,-0.858974,-0.384615,-1.000000,-0.076923,-0.358974,-0.064103,-0.679487,0.012821,-0.858974,0.102564,-0.974359,0.102564,-0.282051,0.153846,-0.564103,0.230769,-0.717949,0.307692,-0.846154,0.269231,-0.192308,0.346154,-0.397436,0.371795,-0.551282,0.397436,-0.692308
F,Right,legacy_bisindo_F_292,0.000000,0.000000,-0.206349,0.190476,-0.396825,0.460317,-0.507937,0.714286,-0.619048,0.873016,-0.285714,0.412698,-0.317460,0.603175,-0.333333,0.714286,-0.317460,0.841270,-0.063492,0.365079,0.000000,0.634921,0.095238,0.841270,0.206349,1.000000,0.142857,0.317460,0.222222,0.619048,0.333333,0.777778,0.412698,0.936508,0.317460,0.301587,0.412698,0.507937,0.476190,0.650794,0.523810,0.777778
F,Right,legacy_bisindo_F_293,0.000000,0.000000,-0.027778,-0.055556,0.000000,-0.263889,0.083333,-0.500000,0.152778,-0.708333,-0.097222,-0.347222,-0.125000,-0.625000,-0.069444,-0.819444,-0.013889,-1.000000,-0.041667,-0.361111,-0.013889,-0.638889,0.055556,-0.791667,0.111111,-0.916667,0.055556,-0.333333,0.138889,-0.569444,0.194444,-0.666667,0.263889,-0.750000,0.166667,-0.291667,0.250000,-0.486111,0.291667,-0.583333,0.319444,-0.652778
F,Right,legacy_bisindo_F_294,0.000000,0.000000,0.118421,0.105263,0.184211,0.289474,0.263158,0.460526,0.394737,0.578947,0.026316,0.434211,0.171053,0.578947,0.289474,0.631579,0.394737,0.671053,-0.105263,0.460526,-0.052632,0.723684,0.052632,0.868421,0.157895,1.000000,-0.223684,0.421053,-0.315789,0.684211,-0.302632,0.855263,-0.276316,1.000000,-0.315789,0.342105,-0.486842,0.460526,-0.539474,0.578947,-0.552632,0.697368
F,Right,legacy_bisindo_F_295,0.000000,0.000000,0.131579,0.105263,0.197368,0.302632,0.276316,0.473684,0.381579,0.592105,0.052632,0.421053,0.197368,0.565789,0.328947,0.618421,0.421053,0.657895,-0.078947,0.447368,-0.026316,0.697368,0.065789,0.855263,0.171053,0.986842,-0.197368,0.407895,-0.302632,0.671053,-0.289474,0.855263,-0.250000,1.000000,-0.302632,0.328947,-0.460526,0.447368,-0.526316,0.565789,-0.539474,0.684211
F,Right,legacy_bisindo_F_296,0.000000,0.000000,-0.162162,-0.094595,-0.310811,-0.270270,-0.391892,-0.432432,-0.459459,-0.567568,-0.216216,-0.405405,-0.256757,-0.648649,-0.216216,-0.837838,-0.148649,-1.000000,-0.054054,-0.364865,-0.040541,-0.635135,0.027027,-0.824324,0.108108,-0.959459,0.094595,-0.270270,0.175676,-0.459459,0.270270,-0.567568,0.378378,-0.662162,0.243243,-0.162162,0.337838,-0.283784,0.418919,-0.391892,0.500000,-0.513514
F,Right,legacy_bisindo_F_297,0.000000,0.000000,0.082192,-0.054795,0.150685,-0.191781,0.219178,-0.342466,0.301370,-0.479452,-0.109589,-0.328767,-0.136986,-0.506849,-0.109589,-0.643836,-0.054795,-0.767123,-0.164384,-0.383562,-0.109589,-0.671233,0.000000,-0.863014,0.109589,-1.000000,-0.205479,-0.383562,-0.273973,-0.643836,-0.260274,-0.849315,-0.232877,-1.000000,-0.246575,-0.328767,-0.369863,-0.479452,-0.438356,-0.589041,-0.465753,-0.671233
F,Right,legacy_bisindo_F_298,0.000000,0.000000,-0.086957,-0.014493,-0.144928,-0.086957,-0.130435,-0.202899,-0.115942,-0.304348,-0.362319,-0.217391,-0.550725,-0.391304,-0.579710,-0.536232,-0.565217,-0.652174,-0.260870,-0.318841,-0.304348,-0.623188,-0.246377,-0.840580,-0.159420,-1.000000,-0.130435,-0.347826,-0.101449,-0.623188,0.014493,-0.797101,0.130435,-0.913043,0.000000,-0.333333,0.057971,-0.492754,0.144928,-0.550725,0.217391,-0.565217
F,Right,legacy_bisindo_F_299,0.000000,0.000000,0.115942,-0.057971,0.202899,-0.217391,0.304348,-0.362319,0.391304,-0.492754,-0.072464,-0.318841,-0.130435,-0.463768,-0.115942,-0.579710,-0.101449,-0.695652,-0.159420,-0.376812,-0.115942,-0.666667,0.000000,-0.855072,0.115942,-0.985507,-0.231884,-0.362319,-0.289855,-0.637681,-0.246377,-0.840580,-0.202899,-1.000000,-0.289855,-0.318841,-0.420290,-0.478261,-0.449275,-0.594203,-0.449275,-0.681159
F,Right,legacy_bisindo_F_300,0.000000,0.000000,0.150685,-0.054795,0.260274,-0.150685,0.342466,-0.260274,0.410959,-0.369863,0.095890,-0.328767,0.191781,-0.479452,0.287671,-0.561644,0.369863,-0.616438,-0.027397,-0.397260,0.041096,-0.671233,0.150685,-0.835616,0.260274,-0.958904,-0.150685,-0.383562,-0.219178,-0.657534,-0.219178,-0.849315,-0.191781,-1.000000,-0.260274,-0.328767,-0.383562,-0.479452,-0.452055,-0.589041,-0.465753,-0.671233
F,Right,legacy_bisindo_F_301,0.000000,0.000000,0.155844,-0.025974,0.259740,-0.103896,0.324675,-0.168831,0.402597,-0.246753,0.103896,-0.389610,0.233766,-0.558442,0.337662,-0.610390,0.441558,-0.636364,-0.038961,-0.428571,0.000000,-0.688312,0.103896,-0.831169,0.207792,-0.935065,-0.181818,-0.402597,-0.259740,-0.662338,-0.246753,-0.844156,-0.207792,-1.000000,-0.298701,-0.311688,-0.441558,-0.441558,-0.493506,-0.545455,-0.493506,-0.662338
F,Right,legacy_bisindo_F_302,0.000000,0.000000,0.160000,-0.066667,0.266667,-0.200000,0.346667,-0.320000,0.480000,-0.413333,0.093333,-0.386667,0.226667,-0.560000,0.333333,-0.600000,0.440000,-0.613333,-0.053333,-0.426667,0.013333,-0.680000,0.120000,-0.840000,0.226667,-0.946667,-0.186667,-0.386667,-0.266667,-0.666667,-0.253333,-0.840000,-0.213333,-1.000000,-0.293333,-0.293333,-0.453333,-0.426667,-0.506667,-0.546667,-0.520000,-0.653333
F,Right,legacy_bisindo_F_303,0.000000,0.000000,0.151515,-0.060606,0.272727,-0.212121,0.363636,-0.348485,0.469697,-0.454545,0.075758,-0.287879,0.136364,-0.393939,0.212121,-0.454545,0.257576,-0.500000,-0.075758,-0.333333,0.000000,-0.636364,0.121212,-0.818182,0.242424,-0.939394,-0.212121,-0.318182,-0.272727,-0.606061,-0.257576,-0.833333,-0.212121,-1.000000,-0.333333,-0.257576,-0.484848,-0.409091,-0.530303,-0.515152,-0.545455,-0.621212
F,Right,legacy_bisindo_F_304,0.000000,0.000000,0.196721,-0.114754,0.327869,-0.278689,0.426230,-0.409836,0.590164,-0.508197,0.147541,-0.311475,0.311475,-0.475410,0.426230,-0.524590,0.524590,-0.540984,-0.016393,-0.327869,0.081967,-0.639344,0.213115,-0.836066,0.344262,-0.967213,-0.196721,-0.311475,-0.245902,-0.622951,-0.229508,-0.836066,-0.163934,-1.000000,-0.344262,-0.229508,-0.475410,-0.377049,-0.540984,-0.508197,-0.557377,-0.622951
F,Right,legacy_bisindo_F_305,0.000000,0.000000,-0.100000,0.050000,-0.183333,0.000000,-0.116667,-0.083333,-0.033333,-0.183333,-0.350000,-0.216667,-0.500000,-0.400000,-0.550000,-0.533333,-0.550000,-0.650000,-0.183333,-0.333333,-0.166667,-0.650000,-0.066667,-0.850000,0.050000,-1.000000,-0.016667,-0.350000,0.050000,-0.666667,0.166667,-0.850000,0.300000,-0.983333,0.150000,-0.316667,0.283333,-0.466667,0.400000,-0.550000,0.500000,-0.616667
F,Right,legacy_bisindo_F_306,0.000000,0.000000,0.102941,-0.058824,0.191176,-0.220588,0.294118,-0.367647,0.411765,-0.470588,-0.073529,-0.294118,-0.161765,-0.397059,-0.161765,-0.455882,-0.161765,-0.529412,-0.132353,-0.352941,-0.073529,-0.647059,0.058824,-0.838235,0.176471,-0.955882,-0.191176,-0.352941,-0.205882,-0.647059,-0.161765,-0.838235,-0.102941,-1.000000,-0.235294,-0.323529,-0.352941,-0.485294,-0.382353,-0.602941,-0.411765,-0.691176
F,Right,legacy_bisindo_F_307,0.000000,0.000000,-0.166667,-0.075758,-0.303030,-0.196970,-0.333333,-0.348485,-0.303030,-0.484848,-0.318182,-0.242424,-0.454545,-0.409091,-0.500000,-0.530303,-0.484848,-0.636364,-0.166667,-0.318182,-0.151515,-0.636364,-0.060606,-0.848485,0.030303,-1.000000,0.000000,-0.318182,0.060606,-0.606061,0.181818,-0.787879,0.303030,-0.924242,0.151515,-0.272727,0.257576,-0.424242,0.363636,-0.500000,0.454545,-0.545455
F,Right,legacy_bisindo_F_308,0.000000,0.000000,0.142857,0.100000,0.242857,0.285714,0.371429,0.428571,0.528571,0.528571,0.085714,0.385714,0.142857,0.571429,0.185714,0.614286,0.214286,0.657143,-0.042857,0.385714,0.057143,0.657143,0.171429,0.785714,0.285714,0.885714,-0.171429,0.328571,-0.185714,0.628571,-0.142857,0.828571,-0.085714,1.000000,-0.271429,0.228571,-0.385714,0.371429,-0.414286,0.485714,-0.414286,0.600000
F,Right,legacy_bisindo_F_309,0.000000,0.000000,-0.206349,-0.047619,-0.380952,-0.222222,-0.444444,-0.412698,-0.460317,-0.587302,-0.285714,-0.238095,-0.380952,-0.412698,-0.412698,-0.539683,-0.412698,-0.634921,-0.095238,-0.269841,-0.047619,-0.603175,0.063492,-0.825397,0.174603,-1.000000,0.063492,-0.269841,0.126984,-0.571429,0.253968,-0.761905,0.396825,-0.888889,0.206349,-0.206349,0.317460,-0.365079,0.460317,-0.444444,0.571429,-0.507937
F,Right,legacy_bisindo_F_310,0.000000,0.000000,-0.223881,0.074627,-0.373134,0.268657,-0.447761,0.477612,-0.447761,0.641791,-0.313433,0.328358,-0.388060,0.507463,-0.417910,0.597015,-0.432836,0.686567,-0.134328,0.373134,-0.074627,0.671642,0.014925,0.865672,0.104478,1.000000,0.044776,0.343284,0.119403,0.641791,0.223881,0.820896,0.313433,0.955224,0.194030,0.283582,0.313433,0.432836,0.432836,0.507463,0.552239,0.552239
F,Right,legacy_bisindo_F_311,0.000000,0.000000,-0.147059,-0.029412,-0.279412,-0.161765,-0.323529,-0.308824,-0.338235,-0.441176,-0.308824,-0.250000,-0.441176,-0.411765,-0.485294,-0.529412,-0.485294,-0.632353,-0.161765,-0.323529,-0.191176,-0.632353,-0.147059,-0.838235,-0.073529,-1.000000,0.000000,-0.338235,0.058824,-0.617647,0.176471,-0.794118,0.294118,-0.911765,0.147059,-0.294118,0.264706,-0.426471,0.382353,-0.500000,0.485294,-0.573529
F,Right,legacy_bisindo_F_312,0.000000,0.000000,0.100000,0.085714,0.171429,0.242857,0.257143,0.385714,0.357143,0.485714,0.042857,0.414286,0.057143,0.614286,0.057143,0.714286,0.085714,0.800000,-0.071429,0.442857,0.014286,0.714286,0.142857,0.857143,0.257143,0.971429,-0.185714,0.385714,-0.185714,0.685714,-0.128571,0.857143,-0.042857,1.000000,-0.285714,0.300000,-0.371429,0.457143,-0.371429,0.557143,-0.357143,0.642857
F,Right,legacy_bisindo_F_313,0.000000,0.000000,0.144928,0.086957,0.246377,0.275362,0.362319,0.420290,0.492754,0.521739,0.086957,0.391304,0.144928,0.579710,0.188406,0.623188,0.217391,0.681159,-0.043478,0.405797,0.043478,0.695652,0.159420,0.826087,0.246377,0.942029,-0.173913,0.362319,-0.173913,0.666667,-0.115942,0.840580,-0.043478,1.000000,-0.304348,0.275362,-0.420290,0.434783,-0.434783,0.550725,-0.434783,0.652174
F,Right,legacy_bisindo_F_314,0.000000,0.000000,-0.046154,0.015385,-0.107692,-0.030769,-0.092308,-0.092308,-0.061538,-0.153846,-0.261538,-0.230769,-0.384615,-0.384615,-0.430769,-0.507692,-0.430769,-0.615385,-0.153846,-0.323077,-0.092308,-0.615385,0.030769,-0.784615,0.169231,-0.892308,-0.046154,-0.338462,-0.015385,-0.630769,0.061538,-0.830769,0.169231,-1.000000,0.061538,-0.292308,0.138462,-0.446154,0.215385,-0.538462,0.307692,-0.600000
F,Right,legacy_bisindo_F_315,0.000000,0.000000,0.136986,0.068493,0.246575,0.219178,0.356164,0.315068,0.465753,0.397260,0.150685,0.383562,0.315068,0.534247,0.424658,0.561644,0.520548,0.575342,0.013699,0.424658,0.109589,0.698630,0.219178,0.821918,0.328767,0.931507,-0.136986,0.383562,-0.164384,0.684932,-0.123288,0.849315,-0.082192,1.000000,-0.260274,0.301370,-0.369863,0.452055,-0.410959,0.561644,-0.410959,0.671233
F,Right,legacy_bisindo_F_316,0.000000,0.000000,0.180556,-0.041667,0.319444,-0.166667,0.402778,-0.263889,0.513889,-0.347222,0.194444,-0.361111,0.361111,-0.555556,0.472222,-0.597222,0.583333,-0.625000,0.041667,-0.416667,0.152778,-0.680556,0.263889,-0.847222,0.361111,-0.944444,-0.111111,-0.402778,-0.138889,-0.666667,-0.125000,-0.861111,-0.069444,-1.000000,-0.263889,-0.319444,-0.361111,-0.472222,-0.402778,-0.583333,-0.402778,-0.680556
F,Right,legacy_bisindo_F_317,0.000000,0.000000,0.116883,0.051948,0.233766,0.168831,0.324675,0.272727,0.415584,0.337662,0.155844,0.376623,0.311688,0.532468,0.428571,0.571429,0.532468,0.597403,0.012987,0.428571,0.103896,0.688312,0.207792,0.831169,0.311688,0.935065,-0.129870,0.402597,-0.155844,0.688312,-0.116883,0.857143,-0.064935,1.000000,-0.246753,0.311688,-0.350649,0.467532,-0.389610,0.584416,-0.389610,0.701299
F,Right,legacy_bisindo_F_318,0.000000,0.000000,-0.181818,-0.060606,-0.348485,-0.242424,-0.424242,-0.424242,-0.439394,-0.590909,-0.257576,-0.287879,-0.348485,-0.469697,-0.393939,-0.575758,-0.393939,-0.666667,-0.090909,-0.318182,-0.106061,-0.621212,-0.090909,-0.833333,-0.030303,-1.000000,0.060606,-0.303030,0.136364,-0.590909,0.257576,-0.757576,0.363636,-0.893939,0.196970,-0.242424,0.333333,-0.393939,0.439394,-0.484848,0.560606,-0.560606
F,Right,legacy_bisindo_F_319,0.000000,0.000000,-0.100000,-0.071429,-0.185714,-0.214286,-0.185714,-0.342857,-0.171429,-0.471429,-0.271429,-0.271429,-0.400000,-0.428571,-0.442857,-0.557143,-0.442857,-0.657143,-0.157143,-0.342857,-0.157143,-0.642857,-0.114286,-0.842857,-0.042857,-1.000000,-0.014286,-0.342857,0.057143,-0.614286,0.185714,-0.785714,0.300000,-0.900000,0.114286,-0.300000,0.242857,-0.428571,0.342857,-0.500000,0.428571,-0.557143
F,Right,legacy_bisindo_F_320,0.000000,0.000000,0.173913,0.101449,0.304348,0.304348,0.434783,0.449275,0.565217,0.536232,0.159420,0.376812,0.231884,0.550725,0.289855,0.608696,0.318841,0.666667,0.014493,0.391304,0.130435,0.666667,0.246377,0.811594,0.347826,0.913043,-0.144928,0.347826,-0.144928,0.652174,-0.086957,0.855072,-0.028986,1.000000,-0.275362,0.275362,-0.376812,0.434783,-0.391304,0.550725,-0.376812,0.652174
F,Right,legacy_bisindo_F_321,0.000000,0.000000,-0.189655,-0.068966,-0.344828,-0.241379,-0.396552,-0.413793,-0.396552,-0.603448,-0.137931,-0.362069,-0.086207,-0.672414,-0.017241,-0.862069,0.034483,-1.000000,0.034483,-0.344828,0.206897,-0.620690,0.344828,-0.810345,0.500000,-0.931034,0.172414,-0.258621,0.293103,-0.517241,0.431034,-0.689655,0.568966,-0.810345,0.275862,-0.172414,0.396552,-0.293103,0.500000,-0.379310,0.603448,-0.448276
F,Right,legacy_bisindo_F_322,0.000000,0.000000,-0.174603,-0.031746,-0.333333,-0.190476,-0.380952,-0.349206,-0.412698,-0.523810,-0.301587,-0.222222,-0.428571,-0.380952,-0.460317,-0.507937,-0.460317,-0.619048,-0.142857,-0.285714,-0.158730,-0.603175,-0.142857,-0.825397,-0.063492,-1.000000,0.031746,-0.269841,0.095238,-0.587302,0.222222,-0.761905,0.349206,-0.904762,0.190476,-0.222222,0.317460,-0.365079,0.444444,-0.444444,0.539683,-0.523810
F,Right,legacy_bisindo_F_323,0.000000,0.000000,-0.209677,-0.064516,-0.370968,-0.258065,-0.451613,-0.451613,-0.467742,-0.629032,-0.258065,-0.290323,-0.354839,-0.483871,-0.370968,-0.629032,-0.354839,-0.725806,-0.064516,-0.322581,0.016129,-0.645161,0.112903,-0.854839,0.209677,-1.000000,0.112903,-0.290323,0.193548,-0.612903,0.306452,-0.806452,0.419355,-0.967742,0.258065,-0.225806,0.370968,-0.403226,0.483871,-0.500000,0.596774,-0.564516
F,Right,legacy_bisindo_F_324,0.000000,0.000000,-0.174603,-0.079365,-0.317460,-0.285714,-0.396825,-0.460317,-0.396825,-0.634921,-0.174603,-0.333333,-0.206349,-0.571429,-0.190476,-0.730159,-0.142857,-0.841270,-0.015873,-0.333333,0.079365,-0.650794,0.206349,-0.857143,0.317460,-1.000000,0.126984,-0.269841,0.190476,-0.587302,0.301587,-0.793651,0.412698,-0.968254,0.253968,-0.190476,0.365079,-0.365079,0.476190,-0.476190,0.571429,-0.539683
F,Right,legacy_bisindo_F_325,0.000000,0.000000,0.161765,0.102941,0.250000,0.279412,0.352941,0.441176,0.485294,0.544118,0.073529,0.411765,0.132353,0.588235,0.191176,0.661765,0.235294,0.720588,-0.044118,0.426471,0.058824,0.676471,0.161765,0.823529,0.264706,0.926471,-0.191176,0.367647,-0.176471,0.647059,-0.117647,0.838235,-0.073529,1.000000,-0.323529,0.264706,-0.411765,0.411765,-0.441176,0.514706,-0.441176,0.632353
F,Right,legacy_bisindo_F_326,0.000000,0.000000,-0.193548,-0.080645,-0.338710,-0.290323,-0.370968,-0.483871,-0.370968,-0.645161,-0.225806,-0.322581,-0.306452,-0.500000,-0.322581,-0.596774,-0.306452,-0.677419,-0.048387,-0.338710,0.032258,-0.661290,0.145161,-0.870968,0.258065,-1.000000,0.096774,-0.290323,0.161290,-0.596774,0.258065,-0.822581,0.354839,-1.000000,0.241935,-0.209677,0.354839,-0.387097,0.451613,-0.483871,0.548387,-0.548387
F,Right,legacy_bisindo_F_327,0.000000,0.000000,0.147059,0.102941,0.235294,0.279412,0.338235,0.441176,0.470588,0.544118,0.044118,0.397059,0.073529,0.588235,0.117647,0.632353,0.147059,0.661765,-0.073529,0.397059,0.000000,0.691176,0.073529,0.852941,0.132353,1.000000,-0.205882,0.323529,-0.147059,0.632353,-0.073529,0.823529,-0.014706,0.985294,-0.323529,0.235294,-0.411765,0.382353,-0.441176,0.500000,-0.441176,0.588235
F,Right,legacy_bisindo_F_328,0.000000,0.000000,-0.181818,-0.090909,-0.318182,-0.287879,-0.363636,-0.469697,-0.363636,-0.636364,-0.166667,-0.348485,-0.196970,-0.590909,-0.181818,-0.742424,-0.151515,-0.848485,0.000000,-0.333333,0.106061,-0.651515,0.227273,-0.848485,0.333333,-1.000000,0.136364,-0.272727,0.212121,-0.560606,0.318182,-0.757576,0.409091,-0.924242,0.242424,-0.166667,0.363636,-0.333333,0.469697,-0.439394,0.545455,-0.515152
F,Right,legacy_bisindo_F_329,0.000000,0.000000,-0.092308,0.107692,-0.107692,0.307692,-0.015385,0.461538,0.092308,0.584615,-0.153846,0.384615,-0.169231,0.661538,-0.169231,0.815385,-0.138462,0.938462,-0.076923,0.369231,0.061538,0.676923,0.184615,0.846154,0.276923,0.953846,0.000000,0.276923,0.092308,0.615385,0.200000,0.846154,0.292308,1.000000,0.061538,0.169231,0.076923,0.353846,0.123077,0.461538,0.169231,0.553846
F,Right,legacy_bisindo_F_330,0.000000,0.000000,0.100000,-0.100000,0.150000,-0.266667,0.216667,-0.433333,0.316667,-0.583333,0.050000,-0.316667,0.050000,-0.550000,0.066667,-0.683333,0.100000,-0.783333,-0.016667,-0.333333,0.100000,-0.650000,0.216667,-0.866667,0.316667,-1.000000,-0.100000,-0.283333,-0.083333,-0.583333,-0.033333,-0.816667,0.050000,-0.983333,-0.183333,-0.200000,-0.216667,-0.383333,-0.183333,-0.466667,-0.133333,-0.516667
F,Right,legacy_bisindo_F_331,0.000000,0.000000,-0.104478,0.089552,-0.104478,0.238806,0.014925,0.388060,0.164179,0.492537,-0.164179,0.328358,-0.208955,0.537313,-0.223881,0.626866,-0.238806,0.701493,-0.074627,0.328358,0.000000,0.641791,0.044776,0.835821,0.089552,1.000000,0.014925,0.283582,0.119403,0.582090,0.223881,0.791045,0.313433,0.955224,0.089552,0.208955,0.179104,0.373134,0.253731,0.477612,0.358209,0.552239
F,Right,legacy_bisindo_F_332,0.000000,0.000000,-0.189655,-0.068966,-0.327586,-0.258621,-0.379310,-0.448276,-0.379310,-0.620690,-0.224138,-0.275862,-0.293103,-0.431034,-0.310345,-0.534483,-0.293103,-0.603448,-0.051724,-0.275862,0.051724,-0.620690,0.172414,-0.844828,0.293103,-1.000000,0.103448,-0.241379,0.172414,-0.586207,0.293103,-0.810345,0.413793,-1.000000,0.241379,-0.189655,0.379310,-0.379310,0.517241,-0.500000,0.637931,-0.586207
F,Right,legacy_bisindo_F_333,0.000000,0.000000,0.200000,0.092308,0.323077,0.261538,0.446154,0.415385,0.584615,0.507692,0.169231,0.323077,0.276923,0.538462,0.338462,0.584615,0.400000,0.646154,0.015385,0.323077,0.153846,0.646154,0.276923,0.784615,0.384615,0.907692,-0.138462,0.276923,-0.123077,0.630769,-0.076923,0.830769,-0.015385,1.000000,-0.307692,0.200000,-0.384615,0.353846,-0.400000,0.461538,-0.384615,0.569231
F,Right,legacy_bisindo_F_334,0.000000,0.000000,-0.206349,-0.063492,-0.365079,-0.238095,-0.428571,-0.396825,-0.460317,-0.555556,-0.253968,-0.238095,-0.349206,-0.396825,-0.380952,-0.476190,-0.380952,-0.555556,-0.095238,-0.269841,-0.095238,-0.603175,-0.047619,-0.825397,0.015873,-1.000000,0.079365,-0.238095,0.111111,-0.555556,0.174603,-0.761905,0.269841,-0.936508,0.238095,-0.190476,0.349206,-0.349206,0.460317,-0.460317,0.571429,-0.555556
F,Right,legacy_bisindo_F_335,0.000000,0.000000,0.169231,-0.107692,0.292308,-0.276923,0.369231,-0.461538,0.492308,-0.584615,0.153846,-0.353846,0.230769,-0.569231,0.307692,-0.676923,0.353846,-0.769231,0.015385,-0.369231,0.123077,-0.661538,0.200000,-0.861538,0.292308,-1.000000,-0.138462,-0.323077,-0.153846,-0.615385,-0.138462,-0.846154,-0.107692,-1.000000,-0.276923,-0.246154,-0.369231,-0.415385,-0.415385,-0.507692,-0.415385,-0.553846
F,Right,legacy_bisindo_F_336,0.000000,0.000000,0.134328,0.104478,0.238806,0.283582,0.343284,0.447761,0.477612,0.552239,0.074627,0.373134,0.194030,0.507463,0.298507,0.537313,0.373134,0.567164,-0.059701,0.388060,0.029851,0.686567,0.119403,0.865672,0.179104,1.000000,-0.194030,0.343284,-0.194030,0.656716,-0.149254,0.820896,-0.119403,0.985075,-0.328358,0.253731,-0.432836,0.417910,-0.462687,0.522388,-0.462687,0.641791
F,Right,legacy_bisindo_F_337,0.000000,0.000000,0.164179,0.089552,0.283582,0.283582,0.373134,0.447761,0.507463,0.552239,0.119403,0.358209,0.268657,0.507463,0.388060,0.552239,0.477612,0.597015,-0.029851,0.373134,0.074627,0.671642,0.179104,0.805970,0.253731,0.925373,-0.194030,0.313433,-0.208955,0.641791,-0.164179,0.835821,-0.134328,1.000000,-0.343284,0.208955,-0.432836,0.373134,-0.462687,0.477612,-0.477612,0.611940
F,Right,legacy_bisindo_F_338,0.000000,0.000000,0.044118,0.088235,0.088235,0.279412,0.161765,0.426471,0.264706,0.544118,-0.044118,0.367647,-0.073529,0.602941,-0.058824,0.705882,-0.044118,0.779412,-0.088235,0.352941,0.000000,0.661765,0.088235,0.808824,0.191176,0.926471,-0.132353,0.279412,-0.147059,0.617647,-0.088235,0.823529,-0.044118,1.000000,-0.191176,0.176471,-0.294118,0.352941,-0.338235,0.470588,-0.352941,0.588235
F,Right,legacy_bisindo_F_339,0.000000,0.000000,-0.262295,0.049180,-0.426230,0.180328,-0.475410,0.344262,-0.442623,0.508197,-0.245902,0.327869,-0.295082,0.557377,-0.295082,0.622951,-0.278689,0.672131,-0.032787,0.295082,0.081967,0.672131,0.196721,0.852459,0.311475,1.000000,0.147541,0.229508,0.262295,0.606557,0.393443,0.819672,0.491803,0.967213,0.295082,0.147541,0.409836,0.327869,0.540984,0.393443,0.639344,0.459016
F,Right,legacy_bisindo_F_340,0.000000,0.000000,-0.183333,0.050000,-0.233333,0.183333,-0.200000,0.333333,-0.066667,0.483333,-0.183333,0.183333,-0.116667,0.350000,-0.033333,0.333333,0.033333,0.316667,-0.050000,0.133333,0.100000,0.550000,0.200000,0.766667,0.300000,0.950000,0.050000,0.066667,0.183333,0.500000,0.333333,0.766667,0.450000,1.000000,0.133333,0.000000,0.200000,0.166667,0.283333,0.266667,0.400000,0.350000
F,Right,legacy_bisindo_F_341,0.000000,0.000000,0.157895,0.078947,0.276316,0.223684,0.355263,0.368421,0.447368,0.473684,0.184211,0.315789,0.315789,0.460526,0.394737,0.486842,0.460526,0.526316,0.039474,0.315789,0.118421,0.631579,0.197368,0.802632,0.289474,0.947368,-0.131579,0.250000,-0.144737,0.618421,-0.078947,0.828947,0.000000,1.000000,-0.302632,0.171053,-0.434211,0.328947,-0.473684,0.434211,-0.460526,0.539474
F,Right,legacy_bisindo_F_342,0.000000,0.000000,0.135802,0.098765,0.234568,0.296296,0.308642,0.456790,0.395062,0.580247,0.098765,0.382716,0.135802,0.617284,0.185185,0.765432,0.259259,0.876543,-0.037037,0.382716,0.012346,0.666667,0.086420,0.851852,0.160494,1.000000,-0.172840,0.333333,-0.234568,0.604938,-0.246914,0.765432,-0.234568,0.901235,-0.308642,0.246914,-0.432099,0.370370,-0.481481,0.493827,-0.506173,0.604938
F,Right,legacy_bisindo_F_343,0.000000,0.000000,0.157143,0.085714,0.285714,0.257143,0.400000,0.400000,0.542857,0.500000,0.142857,0.385714,0.214286,0.600000,0.300000,0.757143,0.371429,0.885714,0.000000,0.400000,0.042857,0.657143,0.100000,0.842857,0.157143,1.000000,-0.157143,0.371429,-0.171429,0.614286,-0.142857,0.785714,-0.128571,0.914286,-0.300000,0.300000,-0.400000,0.457143,-0.428571,0.585714,-0.442857,0.714286
F,Right,legacy_bisindo_F_344,0.000000,0.000000,0.148649,0.108108,0.256757,0.297297,0.364865,0.459459,0.500000,0.554054,0.121622,0.432432,0.216216,0.675676,0.310811,0.824324,0.405405,0.945946,-0.013514,0.459459,0.081081,0.702703,0.202703,0.878378,0.310811,1.000000,-0.148649,0.418919,-0.189189,0.675676,-0.162162,0.851351,-0.121622,0.986486,-0.283784,0.337838,-0.405405,0.486486,-0.432432,0.621622,-0.432432,0.756757
F,Right,legacy_bisindo_F_345,0.000000,0.000000,0.129412,0.117647,0.223529,0.305882,0.317647,0.458824,0.423529,0.529412,0.105882,0.400000,0.270588,0.529412,0.388235,0.576471,0.482353,0.600000,0.000000,0.435294,0.094118,0.682353,0.211765,0.811765,0.329412,0.917647,-0.141176,0.423529,-0.176471,0.682353,-0.129412,0.858824,-0.070588,1.000000,-0.270588,0.352941,-0.388235,0.505882,-0.411765,0.623529,-0.400000,0.741176
F,Right,legacy_bisindo_F_346,0.000000,0.000000,0.126437,0.045977,0.241379,0.183908,0.333333,0.310345,0.425287,0.390805,0.160920,0.356322,0.298851,0.505747,0.402299,0.563218,0.494253,0.597701,0.034483,0.425287,0.126437,0.678161,0.241379,0.816092,0.344828,0.919540,-0.103448,0.425287,-0.149425,0.689655,-0.114943,0.862069,-0.068966,1.000000,-0.241379,0.356322,-0.367816,0.494253,-0.390805,0.620690,-0.379310,0.735632
F,Right,legacy_bisindo_F_347,0.000000,0.000000,0.119048,0.107143,0.214286,0.285714,0.309524,0.440476,0.416667,0.511905,0.107143,0.392857,0.261905,0.511905,0.380952,0.559524,0.476190,0.583333,-0.011905,0.440476,0.083333,0.678571,0.202381,0.821429,0.321429,0.928571,-0.142857,0.416667,-0.190476,0.690476,-0.154762,0.857143,-0.107143,1.000000,-0.285714,0.345238,-0.404762,0.488095,-0.440476,0.619048,-0.416667,0.738095
F,Right,legacy_bisindo_F_348,0.000000,0.000000,0.136364,-0.090909,0.261364,-0.261364,0.352273,-0.397727,0.454545,-0.488636,0.170455,-0.386364,0.318182,-0.534091,0.420455,-0.556818,0.511364,-0.568182,0.045455,-0.431818,0.159091,-0.670455,0.261364,-0.806818,0.363636,-0.897727,-0.102273,-0.420455,-0.113636,-0.670455,-0.079545,-0.852273,-0.022727,-1.000000,-0.238636,-0.352273,-0.352273,-0.500000,-0.375000,-0.613636,-0.363636,-0.715909
F,Right,legacy_bisindo_F_349,0.000000,0.000000,0.127907,0.081395,0.232558,0.255814,0.337209,0.395349,0.453488,0.488372,0.139535,0.372093,0.313953,0.500000,0.418605,0.546512,0.511628,0.558140,0.023256,0.430233,0.127907,0.674419,0.232558,0.802326,0.348837,0.918605,-0.116279,0.406977,-0.151163,0.674419,-0.116279,0.848837,-0.069767,1.000000,-0.244186,0.337209,-0.372093,0.476744,-0.395349,0.604651,-0.372093,0.720930
F,Right,legacy_bisindo_F_350,0.000000,0.000000,0.134831,-0.101124,0.235955,-0.280899,0.325843,-0.415730,0.426966,-0.516854,0.157303,-0.393258,0.292135,-0.528090,0.404494,-0.573034,0.494382,-0.584270,0.022472,-0.438202,0.123596,-0.674157,0.235955,-0.808989,0.337079,-0.910112,-0.123596,-0.415730,-0.146067,-0.662921,-0.112360,-0.853933,-0.067416,-1.000000,-0.258427,-0.348315,-0.382022,-0.494382,-0.404494,-0.617978,-0.382022,-0.730337
F,Right,legacy_bisindo_F_351,0.000000,0.000000,0.152174,0.043478,0.282609,0.184783,0.380435,0.315217,0.445652,0.445652,0.130435,0.380435,0.260870,0.532609,0.369565,0.576087,0.456522,0.597826,0.000000,0.434783,0.076087,0.684783,0.173913,0.815217,0.282609,0.913043,-0.130435,0.423913,-0.184783,0.684783,-0.152174,0.847826,-0.108696,1.000000,-0.260870,0.358696,-0.380435,0.489130,-0.413043,0.619565,-0.391304,0.728261
F,Right,legacy_bisindo_F_352,0.000000,0.000000,0.136364,0.056818,0.272727,0.193182,0.386364,0.318182,0.477273,0.420455,0.147727,0.352273,0.306818,0.500000,0.409091,0.545455,0.500000,0.568182,0.022727,0.420455,0.113636,0.670455,0.215909,0.806818,0.329545,0.909091,-0.125000,0.409091,-0.170455,0.670455,-0.136364,0.852273,-0.079545,1.000000,-0.250000,0.329545,-0.375000,0.465909,-0.409091,0.590909,-0.386364,0.704545
F,Right,legacy_bisindo_F_353,0.000000,0.000000,-0.048193,0.072289,-0.084337,0.228916,-0.060241,0.373494,-0.024096,0.469880,-0.084337,0.301205,-0.120482,0.506024,-0.120482,0.578313,-0.120482,0.626506,-0.036145,0.337349,-0.024096,0.650602,0.024096,0.843373,0.072289,0.975904,0.012048,0.337349,-0.048193,0.638554,-0.048193,0.843373,-0.048193,1.000000,0.048193,0.277108,0.048193,0.421687,0.072289,0.518072,0.108434,0.578313
F,Right,legacy_bisindo_F_354,0.000000,0.000000,0.194175,-0.087379,0.320388,-0.300971,0.281553,-0.495146,0.213592,-0.631068,0.126214,-0.456311,0.145631,-0.601942,0.155340,-0.640777,0.174757,-0.650485,-0.038835,-0.485437,-0.029126,-0.728155,-0.019417,-0.873786,0.009709,-0.990291,-0.184466,-0.456311,-0.242718,-0.708738,-0.271845,-0.873786,-0.262136,-1.000000,-0.320388,-0.368932,-0.417476,-0.524272,-0.456311,-0.621359,-0.456311,-0.718447
F,Right,legacy_bisindo_F_355,0.000000,0.000000,0.194175,-0.067961,0.320388,-0.271845,0.281553,-0.475728,0.213592,-0.611650,0.135922,-0.446602,0.155340,-0.592233,0.155340,-0.631068,0.165049,-0.640777,-0.029126,-0.475728,-0.029126,-0.718447,-0.019417,-0.864078,0.000000,-0.970874,-0.174757,-0.446602,-0.233010,-0.708738,-0.262136,-0.864078,-0.262136,-1.000000,-0.310680,-0.359223,-0.407767,-0.514563,-0.446602,-0.611650,-0.446602,-0.708738
F,Right,legacy_bisindo_F_356,0.000000,0.000000,0.210000,0.070000,0.330000,0.260000,0.330000,0.460000,0.260000,0.610000,0.130000,0.430000,0.170000,0.590000,0.200000,0.610000,0.210000,0.620000,-0.030000,0.470000,-0.020000,0.720000,0.020000,0.860000,0.040000,0.990000,-0.180000,0.440000,-0.240000,0.690000,-0.240000,0.860000,-0.240000,1.000000,-0.320000,0.350000,-0.400000,0.490000,-0.420000,0.590000,-0.430000,0.680000
F,Right,legacy_bisindo_F_357,0.000000,0.000000,0.190476,-0.076190,0.323810,-0.276190,0.295238,-0.476190,0.219048,-0.619048,0.161905,-0.447619,0.180952,-0.590476,0.180952,-0.628571,0.190476,-0.628571,0.000000,-0.476190,0.009524,-0.714286,0.009524,-0.857143,0.028571,-0.980952,-0.142857,-0.457143,-0.190476,-0.704762,-0.219048,-0.857143,-0.228571,-1.000000,-0.276190,-0.371429,-0.361905,-0.523810,-0.390476,-0.619048,-0.400000,-0.714286
F,Right,legacy_bisindo_F_358,0.000000,0.000000,0.213592,0.067961,0.339806,0.252427,0.339806,0.456311,0.271845,0.592233,0.165049,0.427184,0.194175,0.572816,0.213592,0.621359,0.223301,0.650485,0.009709,0.466019,0.019417,0.708738,0.038835,0.854369,0.058252,0.980583,-0.135922,0.446602,-0.194175,0.689320,-0.194175,0.854369,-0.203883,1.000000,-0.281553,0.368932,-0.349515,0.504854,-0.368932,0.601942,-0.378641,0.699029
F,Right,legacy_bisindo_F_359,0.000000,0.000000,0.205882,-0.078431,0.343137,-0.264706,0.323529,-0.450980,0.254902,-0.588235,0.166667,-0.450980,0.186275,-0.598039,0.186275,-0.637255,0.186275,-0.656863,0.000000,-0.490196,0.009804,-0.725490,0.009804,-0.872549,0.019608,-0.990196,-0.147059,-0.470588,-0.196078,-0.715686,-0.215686,-0.862745,-0.215686,-1.000000,-0.284314,-0.382353,-0.372549,-0.539216,-0.401961,-0.637255,-0.411765,-0.725490
F,Right,legacy_bisindo_F_360,0.000000,0.000000,0.228571,0.085714,0.352381,0.266667,0.333333,0.457143,0.257143,0.580952,0.171429,0.428571,0.190476,0.580952,0.200000,0.638095,0.200000,0.685714,0.009524,0.466667,0.019048,0.714286,0.038095,0.857143,0.047619,0.980952,-0.133333,0.447619,-0.180952,0.695238,-0.190476,0.857143,-0.180952,1.000000,-0.276190,0.371429,-0.342857,0.514286,-0.371429,0.619048,-0.361905,0.704762
F,Right,legacy_bisindo_F_361,0.000000,0.000000,0.192308,-0.076923,0.326923,-0.278846,0.298077,-0.461538,0.221154,-0.586538,0.144231,-0.461538,0.163462,-0.596154,0.163462,-0.644231,0.163462,-0.663462,-0.019231,-0.500000,-0.009615,-0.721154,-0.009615,-0.865385,0.009615,-0.980769,-0.163462,-0.471154,-0.211538,-0.711538,-0.240385,-0.865385,-0.240385,-1.000000,-0.298077,-0.384615,-0.384615,-0.528846,-0.413462,-0.625000,-0.423077,-0.721154
F,Right,legacy_bisindo_F_362,0.000000,0.000000,0.188679,-0.094340,0.330189,-0.283019,0.301887,-0.481132,0.216981,-0.594340,0.150943,-0.471698,0.169811,-0.603774,0.169811,-0.660377,0.179245,-0.688679,-0.018868,-0.500000,-0.009434,-0.726415,0.000000,-0.867925,0.009434,-0.981132,-0.160377,-0.471698,-0.216981,-0.716981,-0.245283,-0.867925,-0.245283,-1.000000,-0.301887,-0.386792,-0.377358,-0.547170,-0.405660,-0.632075,-0.415094,-0.716981
F,Right,legacy_bisindo_F_363,0.000000,0.000000,0.190476,-0.085714,0.333333,-0.285714,0.323810,-0.476190,0.238095,-0.609524,0.152381,-0.466667,0.171429,-0.600000,0.171429,-0.647619,0.180952,-0.666667,-0.009524,-0.504762,-0.009524,-0.733333,0.000000,-0.876190,0.009524,-1.000000,-0.152381,-0.476190,-0.200000,-0.714286,-0.228571,-0.866667,-0.228571,-1.000000,-0.295238,-0.380952,-0.380952,-0.533333,-0.409524,-0.628571,-0.409524,-0.714286
F,Right,legacy_bisindo_F_364,0.000000,0.000000,0.190476,-0.076190,0.323810,-0.276190,0.314286,-0.466667,0.238095,-0.600000,0.133333,-0.457143,0.152381,-0.580952,0.161905,-0.638095,0.161905,-0.666667,-0.028571,-0.485714,-0.019048,-0.714286,-0.019048,-0.866667,-0.009524,-0.990476,-0.171429,-0.466667,-0.209524,-0.704762,-0.238095,-0.857143,-0.238095,-1.000000,-0.304762,-0.371429,-0.400000,-0.523810,-0.428571,-0.628571,-0.438095,-0.714286
F,Right,legacy_bisindo_F_365,0.000000,0.000000,0.214953,0.093458,0.345794,0.289720,0.327103,0.476636,0.242991,0.598131,0.149533,0.457944,0.177570,0.598131,0.196262,0.635514,0.196262,0.654206,-0.009346,0.495327,0.000000,0.719626,0.018692,0.869159,0.037383,1.000000,-0.149533,0.467290,-0.196262,0.710280,-0.205607,0.859813,-0.205607,1.000000,-0.280374,0.373832,-0.364486,0.514019,-0.392523,0.616822,-0.392523,0.710280
F,Right,legacy_bisindo_F_366,0.000000,0.000000,0.198113,-0.094340,0.330189,-0.283019,0.311321,-0.481132,0.245283,-0.594340,0.132075,-0.452830,0.160377,-0.584906,0.169811,-0.650943,0.188679,-0.707547,-0.028302,-0.490566,-0.018868,-0.716981,-0.009434,-0.867925,0.009434,-1.000000,-0.169811,-0.471698,-0.226415,-0.707547,-0.245283,-0.867925,-0.254717,-1.000000,-0.311321,-0.386792,-0.396226,-0.537736,-0.424528,-0.641509,-0.433962,-0.735849
F,Right,legacy_bisindo_F_367,0.000000,0.000000,0.212963,0.101852,0.342593,0.287037,0.333333,0.481481,0.250000,0.601852,0.148148,0.462963,0.175926,0.601852,0.194444,0.657407,0.203704,0.685185,-0.009259,0.500000,-0.009259,0.731481,0.018519,0.870370,0.037037,0.990741,-0.148148,0.462963,-0.203704,0.712963,-0.212963,0.870370,-0.212963,1.000000,-0.277778,0.379630,-0.370370,0.518519,-0.398148,0.620370,-0.398148,0.703704
F,Right,legacy_bisindo_F_368,0.000000,0.000000,0.188679,-0.084906,0.330189,-0.273585,0.311321,-0.471698,0.245283,-0.594340,0.141509,-0.443396,0.160377,-0.575472,0.179245,-0.641509,0.188679,-0.698113,-0.018868,-0.481132,-0.018868,-0.716981,-0.009434,-0.867925,0.009434,-0.990566,-0.169811,-0.462264,-0.226415,-0.698113,-0.245283,-0.858491,-0.245283,-1.000000,-0.311321,-0.377358,-0.396226,-0.528302,-0.424528,-0.632075,-0.433962,-0.726415
F,Right,legacy_bisindo_F_369,0.000000,0.000000,0.183486,-0.110092,0.311927,-0.293578,0.302752,-0.486239,0.220183,-0.605505,0.110092,-0.458716,0.137615,-0.587156,0.155963,-0.651376,0.165138,-0.678899,-0.036697,-0.495413,-0.036697,-0.715596,-0.018349,-0.862385,0.000000,-0.981651,-0.174312,-0.467890,-0.229358,-0.706422,-0.256881,-0.862385,-0.266055,-1.000000,-0.302752,-0.385321,-0.394495,-0.532110,-0.431193,-0.623853,-0.440367,-0.715596
F,Right,legacy_bisindo_F_370,0.000000,0.000000,0.186916,-0.093458,0.317757,-0.289720,0.299065,-0.476636,0.224299,-0.598131,0.121495,-0.467290,0.140187,-0.598131,0.149533,-0.644860,0.168224,-0.654206,-0.037383,-0.495327,-0.037383,-0.719626,-0.028037,-0.859813,-0.009346,-0.981308,-0.177570,-0.467290,-0.233645,-0.700935,-0.261682,-0.859813,-0.261682,-1.000000,-0.308411,-0.373832,-0.401869,-0.523364,-0.439252,-0.626168,-0.448598,-0.719626
F,Right,legacy_bisindo_F_371,0.000000,0.000000,0.198113,0.094340,0.330189,0.283019,0.320755,0.462264,0.245283,0.594340,0.122642,0.452830,0.150943,0.584906,0.169811,0.641509,0.179245,0.679245,-0.028302,0.490566,-0.028302,0.716981,0.000000,0.858491,0.018868,0.990566,-0.169811,0.462264,-0.216981,0.707547,-0.226415,0.858491,-0.216981,1.000000,-0.301887,0.367925,-0.396226,0.518868,-0.424528,0.613208,-0.424528,0.716981
F,Right,legacy_bisindo_F_372,0.000000,0.000000,0.216981,0.084906,0.349057,0.254717,0.339623,0.443396,0.283019,0.575472,0.141509,0.424528,0.169811,0.566038,0.198113,0.622642,0.207547,0.650943,-0.018868,0.452830,-0.018868,0.698113,0.009434,0.849057,0.037736,0.981132,-0.160377,0.433962,-0.216981,0.679245,-0.216981,0.849057,-0.207547,1.000000,-0.292453,0.358491,-0.377358,0.500000,-0.405660,0.603774,-0.405660,0.698113
F,Right,legacy_bisindo_F_373,0.000000,0.000000,0.105263,0.118421,0.171053,0.315789,0.210526,0.460526,0.250000,0.578947,-0.078947,0.486842,-0.039474,0.697368,0.026316,0.815789,0.092105,0.907895,-0.197368,0.486842,-0.263158,0.723684,-0.276316,0.881579,-0.263158,1.000000,-0.276316,0.447368,-0.381579,0.605263,-0.407895,0.671053,-0.407895,0.723684,-0.328947,0.368421,-0.473684,0.460526,-0.513158,0.539474,-0.526316,0.605263
F,Right,legacy_bisindo_F_374,0.000000,0.000000,0.166667,0.128205,0.243590,0.307692,0.269231,0.474359,0.294872,0.602564,0.025641,0.487179,0.076923,0.666667,0.128205,0.756410,0.179487,0.833333,-0.128205,0.512821,-0.153846,0.730769,-0.153846,0.884615,-0.153846,1.000000,-0.243590,0.474359,-0.307692,0.679487,-0.307692,0.820513,-0.294872,0.935897,-0.346154,0.384615,-0.461538,0.487179,-0.512821,0.576923,-0.525641,0.653846
F,Right,legacy_bisindo_F_375,0.000000,0.000000,0.151899,0.113924,0.253165,0.303797,0.278481,0.468354,0.278481,0.620253,0.037975,0.468354,0.113924,0.632911,0.189873,0.708861,0.253165,0.746835,-0.101266,0.506329,-0.113924,0.734177,-0.075949,0.873418,-0.050633,1.000000,-0.227848,0.481013,-0.278481,0.683544,-0.278481,0.835443,-0.253165,0.962025,-0.341772,0.392405,-0.468354,0.506329,-0.518987,0.607595,-0.518987,0.696203
F,Right,legacy_bisindo_F_376,0.000000,0.000000,0.166667,0.128205,0.256410,0.333333,0.269231,0.512821,0.294872,0.653846,0.051282,0.500000,0.128205,0.653846,0.205128,0.743590,0.269231,0.794872,-0.089744,0.525641,-0.076923,0.743590,-0.025641,0.884615,0.025641,0.987179,-0.217949,0.500000,-0.269231,0.717949,-0.269231,0.871795,-0.230769,1.000000,-0.333333,0.423077,-0.461538,0.525641,-0.512821,0.628205,-0.512821,0.717949
F,Right,legacy_bisindo_F_377,0.000000,0.000000,0.144737,0.105263,0.223684,0.289474,0.276316,0.447368,0.315789,0.578947,0.000000,0.486842,0.052632,0.671053,0.118421,0.776316,0.171053,0.855263,-0.131579,0.500000,-0.184211,0.723684,-0.197368,0.881579,-0.184211,1.000000,-0.250000,0.460526,-0.328947,0.657895,-0.328947,0.789474,-0.315789,0.907895,-0.342105,0.368421,-0.460526,0.473684,-0.500000,0.565789,-0.500000,0.657895
F,Right,legacy_bisindo_F_378,0.000000,0.000000,0.168831,0.116883,0.246753,0.311688,0.285714,0.480519,0.298701,0.623377,0.038961,0.467532,0.116883,0.649351,0.181818,0.740260,0.233766,0.805195,-0.090909,0.493506,-0.090909,0.727273,-0.064935,0.870130,-0.038961,1.000000,-0.220779,0.467532,-0.285714,0.688312,-0.285714,0.831169,-0.259740,0.961039,-0.337662,0.376623,-0.467532,0.493506,-0.506494,0.584416,-0.506494,0.675325
F,Right,legacy_bisindo_F_379,0.000000,0.000000,-0.378378,-0.216216,-0.729730,-0.405405,-0.891892,-0.621622,-1.000000,-0.864865,-0.540541,-0.027027,-0.459459,0.054054,-0.405405,0.243243,-0.351351,0.405405,-0.189189,0.162162,0.162162,-0.351351,0.297297,-0.729730,0.378378,-0.972973,0.162162,0.216216,0.432432,-0.378378,0.459459,-0.702703,0.459459,-0.945946,0.405405,0.216216,0.594595,-0.270270,0.621622,-0.567568,0.594595,-0.810811
F,Right,legacy_bisindo_F_380,0.000000,0.000000,0.148649,-0.108108,0.256757,-0.297297,0.297297,-0.459459,0.337838,-0.594595,-0.013514,-0.472973,0.027027,-0.689189,0.081081,-0.837838,0.148649,-0.945946,-0.148649,-0.486486,-0.243243,-0.716216,-0.243243,-0.878378,-0.216216,-1.000000,-0.256757,-0.445946,-0.283784,-0.567568,-0.229730,-0.567568,-0.189189,-0.567568,-0.351351,-0.364865,-0.391892,-0.445946,-0.364865,-0.486486,-0.324324,-0.500000
F,Right,legacy_bisindo_F_381,0.000000,0.000000,0.144737,-0.118421,0.236842,-0.302632,0.289474,-0.447368,0.328947,-0.552632,-0.013158,-0.486842,0.026316,-0.684211,0.078947,-0.828947,0.144737,-0.934211,-0.144737,-0.500000,-0.197368,-0.723684,-0.197368,-0.881579,-0.184211,-1.000000,-0.250000,-0.473684,-0.315789,-0.671053,-0.315789,-0.828947,-0.289474,-0.947368,-0.342105,-0.381579,-0.447368,-0.513158,-0.473684,-0.605263,-0.473684,-0.684211
F,Right,legacy_bisindo_F_382,0.000000,0.000000,0.144737,-0.131579,0.223684,-0.328947,0.263158,-0.486842,0.302632,-0.618421,-0.013158,-0.486842,0.026316,-0.697368,0.092105,-0.828947,0.157895,-0.934211,-0.144737,-0.500000,-0.197368,-0.723684,-0.197368,-0.881579,-0.184211,-1.000000,-0.250000,-0.460526,-0.302632,-0.644737,-0.302632,-0.763158,-0.276316,-0.868421,-0.342105,-0.381579,-0.447368,-0.500000,-0.473684,-0.605263,-0.486842,-0.684211
F,Right,legacy_bisindo_F_383,0.000000,0.000000,0.162162,-0.121622,0.256757,-0.337838,0.283784,-0.513514,0.324324,-0.648649,0.027027,-0.500000,0.081081,-0.689189,0.162162,-0.810811,0.229730,-0.905405,-0.108108,-0.513514,-0.108108,-0.729730,-0.054054,-0.891892,-0.013514,-1.000000,-0.229730,-0.472973,-0.283784,-0.702703,-0.270270,-0.864865,-0.229730,-1.000000,-0.324324,-0.391892,-0.445946,-0.527027,-0.472973,-0.635135,-0.472973,-0.729730
F,Right,legacy_bisindo_F_384,0.000000,0.000000,0.155844,0.090909,0.246753,0.272727,0.285714,0.441558,0.324675,0.558442,0.025974,0.454545,0.064935,0.662338,0.103896,0.792208,0.142857,0.896104,-0.103896,0.480519,-0.142857,0.714286,-0.155844,0.870130,-0.155844,1.000000,-0.207792,0.454545,-0.272727,0.675325,-0.259740,0.818182,-0.233766,0.935065,-0.311688,0.376623,-0.428571,0.506494,-0.454545,0.610390,-0.454545,0.701299
F,Right,legacy_bisindo_F_385,0.000000,0.000000,0.164557,0.113924,0.240506,0.316456,0.253165,0.481013,0.291139,0.620253,0.025316,0.493671,0.050633,0.696203,0.088608,0.822785,0.139241,0.924051,-0.113924,0.506329,-0.164557,0.721519,-0.177215,0.873418,-0.177215,1.000000,-0.215190,0.468354,-0.278481,0.658228,-0.291139,0.810127,-0.265823,0.936709,-0.316456,0.379747,-0.430380,0.506329,-0.468354,0.594937,-0.468354,0.683544
F,Right,legacy_bisindo_F_386,0.000000,0.000000,0.179487,0.102564,0.282051,0.294872,0.307692,0.474359,0.333333,0.602564,0.089744,0.461538,0.166667,0.628205,0.230769,0.692308,0.282051,0.730769,-0.051282,0.487179,-0.051282,0.730769,-0.025641,0.871795,0.000000,1.000000,-0.179487,0.461538,-0.243590,0.692308,-0.230769,0.820513,-0.217949,0.910256,-0.294872,0.384615,-0.423077,0.512821,-0.461538,0.615385,-0.461538,0.692308
F,Right,legacy_bisindo_F_387,0.000000,0.000000,0.144737,-0.131579,0.236842,-0.328947,0.276316,-0.486842,0.315789,-0.618421,0.013158,-0.500000,0.078947,-0.684211,0.157895,-0.789474,0.223684,-0.855263,-0.105263,-0.513158,-0.105263,-0.736842,-0.065789,-0.881579,-0.013158,-0.986842,-0.223684,-0.473684,-0.289474,-0.684211,-0.276316,-0.855263,-0.250000,-1.000000,-0.328947,-0.381579,-0.434211,-0.513158,-0.460526,-0.618421,-0.473684,-0.710526
F,Right,legacy_bisindo_F_388,0.000000,0.000000,0.153846,0.102564,0.243590,0.294872,0.269231,0.474359,0.320513,0.602564,0.051282,0.474359,0.089744,0.653846,0.141026,0.769231,0.179487,0.871795,-0.076923,0.500000,-0.089744,0.717949,-0.076923,0.871795,-0.076923,1.000000,-0.205128,0.474359,-0.256410,0.679487,-0.243590,0.833333,-0.230769,0.948718,-0.320513,0.397436,-0.423077,0.512821,-0.461538,0.602564,-0.461538,0.692308
F,Right,legacy_bisindo_F_389,0.000000,0.000000,0.128205,-0.141026,0.205128,-0.346154,0.230769,-0.512821,0.269231,-0.641026,-0.025641,-0.500000,0.012821,-0.692308,0.076923,-0.820513,0.153846,-0.910256,-0.153846,-0.512821,-0.192308,-0.730769,-0.192308,-0.884615,-0.166667,-1.000000,-0.256410,-0.461538,-0.307692,-0.679487,-0.294872,-0.833333,-0.269231,-0.961538,-0.346154,-0.384615,-0.448718,-0.512821,-0.474359,-0.628205,-0.487179,-0.717949
F,Right,legacy_bisindo_F_390,0.000000,0.000000,0.151899,0.101266,0.240506,0.291139,0.265823,0.455696,0.303797,0.582278,0.037975,0.468354,0.075949,0.658228,0.126582,0.772152,0.164557,0.860759,-0.101266,0.493671,-0.139241,0.721519,-0.139241,0.873418,-0.151899,1.000000,-0.202532,0.455696,-0.240506,0.670886,-0.253165,0.810127,-0.240506,0.911392,-0.303797,0.379747,-0.405063,0.518987,-0.443038,0.620253,-0.443038,0.696203
F,Right,legacy_bisindo_F_391,0.000000,0.000000,0.141026,-0.128205,0.230769,-0.320513,0.256410,-0.474359,0.294872,-0.602564,-0.038462,-0.500000,-0.012821,-0.692308,0.051282,-0.833333,0.102564,-0.923077,-0.166667,-0.512821,-0.230769,-0.730769,-0.230769,-0.884615,-0.205128,-1.000000,-0.269231,-0.474359,-0.346154,-0.666667,-0.333333,-0.807692,-0.320513,-0.923077,-0.358974,-0.397436,-0.461538,-0.525641,-0.500000,-0.628205,-0.500000,-0.705128
F,Right,legacy_bisindo_F_392,0.000000,0.000000,0.166667,0.102564,0.269231,0.294872,0.294872,0.461538,0.320513,0.602564,0.051282,0.487179,0.102564,0.653846,0.166667,0.756410,0.217949,0.833333,-0.089744,0.512821,-0.115385,0.743590,-0.102564,0.884615,-0.089744,1.000000,-0.205128,0.487179,-0.269231,0.692308,-0.256410,0.846154,-0.230769,0.961538,-0.320513,0.410256,-0.435897,0.512821,-0.474359,0.615385,-0.474359,0.692308
F,Right,legacy_bisindo_F_393,0.000000,0.000000,0.129870,-0.116883,0.220779,-0.298701,0.272727,-0.441558,0.324675,-0.558442,-0.038961,-0.506494,0.012987,-0.688312,0.077922,-0.831169,0.129870,-0.935065,-0.155844,-0.506494,-0.220779,-0.727273,-0.207792,-0.883117,-0.181818,-1.000000,-0.259740,-0.467532,-0.324675,-0.662338,-0.311688,-0.818182,-0.285714,-0.935065,-0.337662,-0.376623,-0.428571,-0.519481,-0.467532,-0.610390,-0.480519,-0.701299
F,Right,legacy_bisindo_F_394,0.000000,0.000000,0.141026,0.102564,0.217949,0.282051,0.256410,0.448718,0.294872,0.576923,0.012821,0.474359,0.064103,0.653846,0.128205,0.756410,0.179487,0.846154,-0.128205,0.487179,-0.166667,0.717949,-0.153846,0.871795,-0.141026,1.000000,-0.230769,0.461538,-0.294872,0.653846,-0.294872,0.807692,-0.269231,0.935897,-0.333333,0.384615,-0.448718,0.500000,-0.487179,0.589744,-0.474359,0.679487
F,Right,legacy_bisindo_F_395,0.000000,0.000000,0.141026,-0.141026,0.230769,-0.346154,0.256410,-0.512821,0.307692,-0.641026,-0.012821,-0.500000,0.051282,-0.666667,0.141026,-0.756410,0.217949,-0.807692,-0.128205,-0.512821,-0.115385,-0.730769,-0.051282,-0.858974,0.025641,-0.961538,-0.243590,-0.474359,-0.307692,-0.705128,-0.282051,-0.858974,-0.230769,-1.000000,-0.358974,-0.410256,-0.474359,-0.538462,-0.500000,-0.641026,-0.500000,-0.730769
F,Right,legacy_bisindo_F_396,0.000000,0.000000,0.141026,0.115385,0.205128,0.307692,0.243590,0.474359,0.294872,0.602564,-0.012821,0.474359,0.051282,0.666667,0.115385,0.782051,0.179487,0.858974,-0.141026,0.487179,-0.179487,0.730769,-0.192308,0.884615,-0.179487,1.000000,-0.230769,0.448718,-0.294872,0.653846,-0.294872,0.782051,-0.269231,0.897436,-0.320513,0.371795,-0.448718,0.487179,-0.487179,0.602564,-0.474359,0.692308
F,Right,legacy_bisindo_F_397,0.000000,0.000000,0.128205,-0.128205,0.230769,-0.333333,0.269231,-0.474359,0.320513,-0.602564,-0.038462,-0.500000,0.000000,-0.692308,0.064103,-0.807692,0.141026,-0.897436,-0.153846,-0.512821,-0.205128,-0.730769,-0.192308,-0.884615,-0.153846,-1.000000,-0.256410,-0.474359,-0.333333,-0.679487,-0.307692,-0.846154,-0.256410,-0.974359,-0.346154,-0.397436,-0.474359,-0.525641,-0.500000,-0.628205,-0.500000,-0.730769
F,Right,legacy_bisindo_F_398,0.000000,0.000000,0.141026,0.115385,0.217949,0.307692,0.269231,0.474359,0.320513,0.589744,0.000000,0.474359,0.064103,0.666667,0.115385,0.782051,0.179487,0.858974,-0.115385,0.487179,-0.179487,0.717949,-0.179487,0.884615,-0.166667,1.000000,-0.217949,0.461538,-0.282051,0.666667,-0.269231,0.807692,-0.243590,0.923077,-0.307692,0.384615,-0.435897,0.500000,-0.474359,0.589744,-0.474359,0.692308
F,Right,legacy_bisindo_F_399,0.000000,0.000000,0.123288,-0.136986,0.191781,-0.328767,0.246575,-0.479452,0.273973,-0.589041,-0.054795,-0.479452,0.027397,-0.698630,0.109589,-0.835616,0.191781,-0.931507,-0.164384,-0.465753,-0.232877,-0.726027,-0.219178,-0.890411,-0.164384,-1.000000,-0.246575,-0.424658,-0.356164,-0.561644,-0.369863,-0.630137,-0.356164,-0.671233,-0.315068,-0.342466,-0.424658,-0.465753,-0.452055,-0.547945,-0.438356,-0.630137
F,Right,legacy_bisindo_F_400,0.000000,0.000000,0.054054,0.108108,0.054054,0.256757,0.040541,0.378378,0.013514,0.459459,-0.013514,0.405405,0.040541,0.648649,0.081081,0.783784,0.135135,0.891892,-0.081081,0.432432,-0.135135,0.689189,-0.135135,0.851351,-0.108108,1.000000,-0.148649,0.418919,-0.229730,0.581081,-0.243243,0.581081,-0.229730,0.581081,-0.189189,0.364865,-0.310811,0.459459,-0.378378,0.500000,-0.391892,0.540541
F,Right,legacy_bisindo_F_401,0.000000,0.000000,0.133333,-0.106667,0.213333,-0.266667,0.266667,-0.400000,0.306667,-0.493333,-0.040000,-0.466667,0.026667,-0.693333,0.106667,-0.826667,0.200000,-0.920000,-0.146667,-0.466667,-0.240000,-0.706667,-0.213333,-0.880000,-0.160000,-1.000000,-0.240000,-0.426667,-0.320000,-0.533333,-0.346667,-0.560000,-0.333333,-0.560000,-0.306667,-0.346667,-0.426667,-0.480000,-0.453333,-0.573333,-0.453333,-0.653333
F,Right,legacy_bisindo_F_402,0.000000,0.000000,-0.101449,0.130435,-0.173913,0.289855,-0.217391,0.405797,-0.231884,0.492754,-0.246377,0.376812,-0.391304,0.550725,-0.434783,0.666667,-0.420290,0.753623,-0.202899,0.420290,-0.246377,0.681159,-0.202899,0.869565,-0.159420,1.000000,-0.144928,0.420290,-0.144928,0.594203,-0.130435,0.536232,-0.115942,0.463768,-0.072464,0.405797,-0.057971,0.492754,-0.028986,0.449275,-0.028986,0.405797
F,Right,legacy_bisindo_F_403,0.000000,0.000000,0.111111,-0.152778,0.166667,-0.361111,0.208333,-0.513889,0.277778,-0.638889,-0.055556,-0.472222,0.013889,-0.708333,0.097222,-0.847222,0.180556,-0.944444,-0.166667,-0.472222,-0.263889,-0.722222,-0.236111,-0.888889,-0.180556,-1.000000,-0.263889,-0.430556,-0.319444,-0.541667,-0.291667,-0.555556,-0.263889,-0.541667,-0.319444,-0.347222,-0.458333,-0.472222,-0.472222,-0.569444,-0.458333,-0.638889
F,Right,legacy_bisindo_F_404,0.000000,0.000000,0.111111,-0.138889,0.180556,-0.347222,0.236111,-0.500000,0.291667,-0.625000,-0.041667,-0.472222,0.041667,-0.708333,0.125000,-0.847222,0.208333,-0.930556,-0.152778,-0.472222,-0.236111,-0.722222,-0.208333,-0.888889,-0.152778,-1.000000,-0.236111,-0.416667,-0.291667,-0.527778,-0.277778,-0.513889,-0.263889,-0.486111,-0.305556,-0.347222,-0.416667,-0.458333,-0.430556,-0.541667,-0.430556,-0.611111
F,Right,legacy_bisindo_F_405,0.000000,0.000000,0.097222,-0.166667,0.152778,-0.361111,0.208333,-0.513889,0.277778,-0.638889,-0.069444,-0.472222,0.000000,-0.680556,0.097222,-0.819444,0.194444,-0.916667,-0.180556,-0.458333,-0.263889,-0.708333,-0.236111,-0.888889,-0.194444,-1.000000,-0.263889,-0.416667,-0.388889,-0.555556,-0.402778,-0.625000,-0.388889,-0.666667,-0.333333,-0.333333,-0.486111,-0.458333,-0.513889,-0.555556,-0.486111,-0.652778
F,Right,legacy_bisindo_F_406,0.000000,0.000000,0.094595,-0.108108,0.162162,-0.256757,0.202703,-0.378378,0.229730,-0.472973,-0.054054,-0.418919,0.000000,-0.594595,0.067568,-0.716216,0.148649,-0.810811,-0.148649,-0.432432,-0.189189,-0.675676,-0.148649,-0.864865,-0.094595,-1.000000,-0.229730,-0.405405,-0.351351,-0.567568,-0.378378,-0.689189,-0.364865,-0.783784,-0.297297,-0.337838,-0.432432,-0.459459,-0.459459,-0.554054,-0.445946,-0.635135
F,Right,legacy_bisindo_F_407,0.000000,0.000000,0.000000,0.126761,-0.056338,0.267606,-0.112676,0.366197,-0.169014,0.422535,-0.112676,0.408451,-0.154930,0.605634,-0.140845,0.746479,-0.112676,0.859155,-0.154930,0.436620,-0.225352,0.676056,-0.197183,0.859155,-0.140845,1.000000,-0.183099,0.422535,-0.338028,0.619718,-0.366197,0.732394,-0.352113,0.830986,-0.211268,0.366197,-0.394366,0.450704,-0.464789,0.521127,-0.478873,0.591549
F,Right,legacy_bisindo_F_408,0.000000,0.000000,0.014286,-0.142857,0.014286,-0.300000,0.000000,-0.414286,-0.014286,-0.514286,-0.228571,-0.400000,-0.414286,-0.542857,-0.457143,-0.657143,-0.457143,-0.757143,-0.242857,-0.414286,-0.328571,-0.657143,-0.300000,-0.857143,-0.228571,-1.000000,-0.242857,-0.400000,-0.300000,-0.500000,-0.271429,-0.485714,-0.242857,-0.457143,-0.228571,-0.357143,-0.271429,-0.428571,-0.242857,-0.428571,-0.214286,-0.414286
F,Right,legacy_bisindo_F_409,0.000000,0.000000,0.000000,-0.149254,-0.014925,-0.298507,-0.044776,-0.417910,-0.089552,-0.522388,-0.238806,-0.388060,-0.432836,-0.552239,-0.477612,-0.671642,-0.462687,-0.761194,-0.238806,-0.402985,-0.328358,-0.656716,-0.298507,-0.850746,-0.238806,-1.000000,-0.238806,-0.402985,-0.268657,-0.522388,-0.253731,-0.522388,-0.208955,-0.477612,-0.208955,-0.358209,-0.223881,-0.432836,-0.194030,-0.447761,-0.149254,-0.417910
F,Right,legacy_bisindo_F_410,0.000000,0.000000,0.069444,-0.125000,0.097222,-0.263889,0.111111,-0.388889,0.111111,-0.472222,-0.152778,-0.388889,-0.305556,-0.527778,-0.333333,-0.625000,-0.319444,-0.708333,-0.208333,-0.402778,-0.291667,-0.652778,-0.263889,-0.847222,-0.194444,-1.000000,-0.263889,-0.375000,-0.347222,-0.513889,-0.347222,-0.527778,-0.333333,-0.527778,-0.291667,-0.333333,-0.402778,-0.402778,-0.402778,-0.444444,-0.361111,-0.444444
F,Right,legacy_bisindo_F_411,0.000000,0.000000,0.014925,0.134328,-0.044776,0.298507,-0.089552,0.388060,-0.149254,0.447761,-0.164179,0.417910,-0.253731,0.597015,-0.253731,0.731343,-0.223881,0.835821,-0.194030,0.447761,-0.283582,0.671642,-0.253731,0.865672,-0.208955,1.000000,-0.223881,0.417910,-0.388060,0.597015,-0.432836,0.716418,-0.417910,0.805970,-0.238806,0.373134,-0.417910,0.462687,-0.477612,0.537313,-0.492537,0.597015
F,Right,legacy_bisindo_F_412,0.000000,0.000000,0.068493,-0.136986,0.095890,-0.287671,0.109589,-0.397260,0.109589,-0.493151,-0.123288,-0.410959,-0.232877,-0.547945,-0.232877,-0.643836,-0.219178,-0.726027,-0.178082,-0.410959,-0.246575,-0.657534,-0.219178,-0.849315,-0.150685,-1.000000,-0.219178,-0.383562,-0.369863,-0.520548,-0.410959,-0.602740,-0.410959,-0.643836,-0.260274,-0.328767,-0.410959,-0.410959,-0.438356,-0.465753,-0.424658,-0.493151
F,Right,legacy_bisindo_F_413,0.000000,0.000000,-0.046875,0.140625,-0.125000,0.296875,-0.187500,0.406250,-0.250000,0.468750,-0.171875,0.421875,-0.312500,0.593750,-0.343750,0.718750,-0.343750,0.812500,-0.187500,0.437500,-0.296875,0.671875,-0.281250,0.859375,-0.250000,1.000000,-0.218750,0.421875,-0.406250,0.609375,-0.468750,0.703125,-0.484375,0.781250,-0.234375,0.375000,-0.421875,0.453125,-0.500000,0.531250,-0.515625,0.593750
F,Right,legacy_bisindo_F_414,0.000000,0.000000,0.028986,-0.159420,0.000000,-0.318841,-0.014493,-0.420290,-0.043478,-0.507246,-0.188406,-0.434783,-0.362319,-0.550725,-0.420290,-0.652174,-0.420290,-0.753623,-0.217391,-0.434783,-0.304348,-0.666667,-0.275362,-0.855072,-0.202899,-1.000000,-0.246377,-0.405797,-0.405797,-0.536232,-0.449275,-0.594203,-0.449275,-0.637681,-0.275362,-0.347826,-0.434783,-0.420290,-0.463768,-0.478261,-0.463768,-0.507246
F,Right,legacy_bisindo_F_415,0.000000,0.000000,0.000000,0.132353,-0.044118,0.279412,-0.088235,0.367647,-0.132353,0.441176,-0.147059,0.411765,-0.205882,0.602941,-0.205882,0.720588,-0.161765,0.838235,-0.191176,0.426471,-0.250000,0.676471,-0.220588,0.852941,-0.161765,1.000000,-0.220588,0.411765,-0.367647,0.602941,-0.397059,0.720588,-0.382353,0.808824,-0.250000,0.352941,-0.426471,0.441176,-0.485294,0.529412,-0.485294,0.602941
F,Right,legacy_bisindo_F_416,0.000000,0.000000,0.083333,-0.125000,0.125000,-0.263889,0.152778,-0.375000,0.180556,-0.458333,-0.166667,-0.416667,-0.319444,-0.541667,-0.347222,-0.638889,-0.333333,-0.736111,-0.222222,-0.430556,-0.319444,-0.666667,-0.277778,-0.847222,-0.208333,-1.000000,-0.277778,-0.402778,-0.430556,-0.541667,-0.458333,-0.625000,-0.444444,-0.680556,-0.305556,-0.347222,-0.472222,-0.430556,-0.500000,-0.500000,-0.486111,-0.541667
F,Right,legacy_bisindo_F_417,0.000000,0.000000,-0.044776,0.134328,-0.119403,0.283582,-0.179104,0.388060,-0.208955,0.477612,-0.253731,0.402985,-0.417910,0.552239,-0.462687,0.671642,-0.447761,0.776119,-0.253731,0.432836,-0.313433,0.656716,-0.283582,0.865672,-0.223881,1.000000,-0.238806,0.417910,-0.373134,0.611940,-0.402985,0.701493,-0.402985,0.776119,-0.208955,0.388060,-0.358209,0.477612,-0.417910,0.537313,-0.447761,0.597015
F,Right,legacy_bisindo_F_418,0.000000,0.000000,0.028571,-0.128571,0.028571,-0.271429,0.028571,-0.385714,0.028571,-0.457143,-0.185714,-0.414286,-0.385714,-0.542857,-0.428571,-0.642857,-0.428571,-0.742857,-0.228571,-0.428571,-0.314286,-0.657143,-0.285714,-0.857143,-0.214286,-1.000000,-0.257143,-0.400000,-0.428571,-0.528571,-0.471429,-0.614286,-0.457143,-0.657143,-0.285714,-0.357143,-0.457143,-0.428571,-0.500000,-0.471429,-0.500000,-0.500000
F,Right,legacy_bisindo_F_419,0.000000,0.000000,-0.062500,0.125000,-0.171875,0.281250,-0.265625,0.359375,-0.375000,0.406250,-0.203125,0.406250,-0.343750,0.562500,-0.359375,0.687500,-0.359375,0.796875,-0.203125,0.437500,-0.265625,0.671875,-0.250000,0.859375,-0.218750,1.000000,-0.203125,0.421875,-0.359375,0.609375,-0.421875,0.703125,-0.437500,0.750000,-0.218750,0.359375,-0.390625,0.437500,-0.468750,0.468750,-0.515625,0.515625
F,Right,legacy_bisindo_F_420,0.000000,0.000000,0.029851,-0.164179,0.014925,-0.313433,0.000000,-0.432836,-0.029851,-0.522388,-0.194030,-0.417910,-0.373134,-0.552239,-0.417910,-0.656716,-0.432836,-0.746269,-0.223881,-0.432836,-0.298507,-0.656716,-0.253731,-0.850746,-0.194030,-1.000000,-0.253731,-0.402985,-0.447761,-0.552239,-0.492537,-0.656716,-0.492537,-0.746269,-0.283582,-0.358209,-0.462687,-0.432836,-0.507463,-0.492537,-0.507463,-0.522388
F,Right,legacy_bisindo_F_421,0.000000,0.000000,-0.014925,-0.149254,-0.074627,-0.313433,-0.119403,-0.417910,-0.194030,-0.507463,-0.179104,-0.402985,-0.388060,-0.552239,-0.432836,-0.656716,-0.432836,-0.746269,-0.194030,-0.417910,-0.283582,-0.656716,-0.238806,-0.850746,-0.164179,-1.000000,-0.223881,-0.388060,-0.402985,-0.522388,-0.462687,-0.537313,-0.462687,-0.537313,-0.268657,-0.343284,-0.432836,-0.417910,-0.477612,-0.432836,-0.492537,-0.432836
F,Right,legacy_bisindo_F_422,0.000000,0.000000,0.030303,-0.181818,0.015152,-0.348485,0.000000,-0.454545,-0.030303,-0.545455,-0.212121,-0.424242,-0.378788,-0.560606,-0.409091,-0.681818,-0.409091,-0.772727,-0.227273,-0.439394,-0.287879,-0.666667,-0.257576,-0.863636,-0.196970,-1.000000,-0.257576,-0.409091,-0.378788,-0.575758,-0.424242,-0.681818,-0.424242,-0.757576,-0.287879,-0.363636,-0.409091,-0.469697,-0.439394,-0.545455,-0.424242,-0.590909
F,Right,legacy_bisindo_F_423,0.000000,0.000000,0.057971,0.144928,0.057971,0.304348,0.057971,0.420290,0.057971,0.507246,-0.057971,0.420290,-0.043478,0.594203,0.014493,0.710145,0.072464,0.797101,-0.144928,0.449275,-0.173913,0.681159,-0.144928,0.855072,-0.086957,1.000000,-0.217391,0.420290,-0.333333,0.608696,-0.347826,0.739130,-0.333333,0.826087,-0.275362,0.362319,-0.420290,0.463768,-0.463768,0.550725,-0.463768,0.637681
F,Right,legacy_bisindo_F_424,0.000000,0.000000,-0.080000,-0.200000,-0.140000,-0.440000,-0.200000,-0.620000,-0.280000,-0.740000,-0.260000,-0.520000,-0.440000,-0.720000,-0.480000,-0.880000,-0.460000,-1.000000,-0.260000,-0.520000,-0.500000,-0.720000,-0.540000,-0.880000,-0.520000,-1.000000,-0.260000,-0.500000,-0.440000,-0.660000,-0.480000,-0.740000,-0.480000,-0.760000,-0.240000,-0.460000,-0.380000,-0.580000,-0.440000,-0.620000,-0.460000,-0.620000
F,Right,legacy_bisindo_F_425,0.000000,0.000000,0.030769,-0.153846,0.046154,-0.307692,0.061538,-0.430769,0.046154,-0.507692,-0.169231,-0.415385,-0.353846,-0.569231,-0.400000,-0.676923,-0.384615,-0.769231,-0.184615,-0.430769,-0.246154,-0.676923,-0.184615,-0.876923,-0.107692,-1.000000,-0.200000,-0.415385,-0.323077,-0.584615,-0.353846,-0.646154,-0.353846,-0.661538,-0.215385,-0.384615,-0.338462,-0.476923,-0.369231,-0.492308,-0.384615,-0.492308
F,Right,legacy_bisindo_F_426,0.000000,0.000000,0.074627,-0.149254,0.119403,-0.328358,0.179104,-0.462687,0.238806,-0.567164,-0.104478,-0.447761,-0.179104,-0.582090,-0.164179,-0.686567,-0.119403,-0.761194,-0.194030,-0.462687,-0.223881,-0.701493,-0.179104,-0.865672,-0.119403,-1.000000,-0.253731,-0.432836,-0.388060,-0.597015,-0.417910,-0.716418,-0.432836,-0.791045,-0.313433,-0.373134,-0.432836,-0.477612,-0.447761,-0.552239,-0.447761,-0.597015
F,Right,legacy_bisindo_F_427,0.000000,0.000000,0.062500,-0.156250,0.093750,-0.312500,0.125000,-0.437500,0.140625,-0.515625,-0.171875,-0.437500,-0.328125,-0.562500,-0.343750,-0.671875,-0.328125,-0.750000,-0.203125,-0.453125,-0.250000,-0.687500,-0.203125,-0.875000,-0.125000,-1.000000,-0.218750,-0.421875,-0.312500,-0.609375,-0.312500,-0.734375,-0.281250,-0.796875,-0.218750,-0.390625,-0.234375,-0.484375,-0.203125,-0.515625,-0.140625,-0.500000
F,Right,legacy_bisindo_F_428,0.000000,0.000000,0.078125,-0.125000,0.140625,-0.265625,0.171875,-0.359375,0.203125,-0.437500,-0.109375,-0.453125,-0.187500,-0.578125,-0.171875,-0.656250,-0.125000,-0.734375,-0.187500,-0.468750,-0.265625,-0.687500,-0.234375,-0.859375,-0.171875,-1.000000,-0.250000,-0.453125,-0.390625,-0.640625,-0.406250,-0.765625,-0.390625,-0.859375,-0.281250,-0.406250,-0.390625,-0.515625,-0.406250,-0.593750,-0.375000,-0.640625
F,Right,legacy_bisindo_F_429,0.000000,0.000000,0.016667,-0.150000,0.016667,-0.333333,-0.016667,-0.450000,-0.050000,-0.533333,-0.183333,-0.433333,-0.350000,-0.600000,-0.366667,-0.750000,-0.333333,-0.850000,-0.166667,-0.450000,-0.250000,-0.700000,-0.200000,-0.883333,-0.116667,-1.000000,-0.166667,-0.450000,-0.116667,-0.633333,-0.033333,-0.666667,0.033333,-0.650000,-0.116667,-0.416667,-0.016667,-0.516667,0.066667,-0.500000,0.133333,-0.433333
F,Right,legacy_bisindo_F_430,0.000000,0.000000,0.000000,0.169492,-0.033898,0.322034,-0.050847,0.423729,-0.084746,0.508475,-0.220339,0.423729,-0.372881,0.593220,-0.389831,0.711864,-0.372881,0.796610,-0.220339,0.457627,-0.271186,0.677966,-0.220339,0.864407,-0.152542,1.000000,-0.186441,0.440678,-0.237288,0.644068,-0.203390,0.728814,-0.169492,0.745763,-0.152542,0.406780,-0.101695,0.474576,-0.033898,0.491525,0.033898,0.440678
F,Right,legacy_bisindo_F_431,0.000000,0.000000,0.019608,-0.176471,0.000000,-0.392157,-0.019608,-0.529412,-0.058824,-0.627451,-0.235294,-0.509804,-0.411765,-0.705882,-0.431373,-0.862745,-0.372549,-1.000000,-0.235294,-0.529412,-0.392157,-0.745098,-0.392157,-0.921569,-0.333333,-1.000000,-0.196078,-0.529412,-0.098039,-0.705882,0.019608,-0.705882,0.117647,-0.647059,-0.137255,-0.509804,0.019608,-0.607843,0.117647,-0.568627,0.176471,-0.490196
F,Right,legacy_bisindo_F_432,0.000000,0.000000,-0.094340,0.150943,-0.150943,0.320755,-0.188679,0.433962,-0.207547,0.509434,-0.283019,0.433962,-0.433962,0.641509,-0.433962,0.773585,-0.415094,0.867925,-0.226415,0.471698,-0.283019,0.716981,-0.245283,0.886792,-0.188679,1.000000,-0.150943,0.490566,-0.132075,0.698113,-0.075472,0.698113,-0.056604,0.660377,-0.056604,0.452830,0.000000,0.566038,0.056604,0.547170,0.075472,0.490566
F,Right,legacy_bisindo_F_433,0.000000,0.000000,0.034483,-0.172414,0.034483,-0.362069,0.017241,-0.482759,-0.034483,-0.586207,-0.206897,-0.448276,-0.362069,-0.620690,-0.379310,-0.775862,-0.327586,-0.879310,-0.206897,-0.465517,-0.258621,-0.706897,-0.224138,-0.896552,-0.137931,-1.000000,-0.189655,-0.465517,-0.068966,-0.620690,0.034483,-0.603448,0.103448,-0.551724,-0.120690,-0.431034,0.034483,-0.517241,0.120690,-0.482759,0.172414,-0.413793
F,Right,legacy_bisindo_F_434,0.000000,0.000000,0.000000,0.196078,-0.019608,0.372549,-0.039216,0.490196,-0.058824,0.588235,-0.274510,0.490196,-0.431373,0.686275,-0.450980,0.843137,-0.411765,0.941176,-0.254902,0.509804,-0.352941,0.725490,-0.333333,0.901961,-0.294118,1.000000,-0.196078,0.490196,-0.098039,0.666667,0.000000,0.647059,0.058824,0.568627,-0.117647,0.450980,0.000000,0.568627,0.078431,0.549020,0.098039,0.470588
F,Right,legacy_bisindo_F_435,0.000000,0.000000,0.030303,-0.136364,0.015152,-0.318182,0.015152,-0.439394,-0.015152,-0.530303,-0.181818,-0.393939,-0.333333,-0.560606,-0.348485,-0.696970,-0.318182,-0.787879,-0.181818,-0.424242,-0.212121,-0.666667,-0.151515,-0.863636,-0.060606,-1.000000,-0.166667,-0.424242,-0.106061,-0.590909,-0.030303,-0.606061,0.030303,-0.575758,-0.121212,-0.393939,0.000000,-0.469697,0.075758,-0.439394,0.121212,-0.378788
F,Right,legacy_bisindo_F_436,0.000000,0.000000,0.015152,0.151515,-0.015152,0.303030,-0.030303,0.393939,-0.045455,0.454545,-0.151515,0.393939,-0.303030,0.560606,-0.333333,0.681818,-0.333333,0.757576,-0.151515,0.424242,-0.181818,0.681818,-0.121212,0.863636,-0.060606,1.000000,-0.151515,0.409091,-0.181818,0.606061,-0.166667,0.621212,-0.151515,0.621212,-0.136364,0.363636,-0.136364,0.454545,-0.106061,0.454545,-0.045455,0.424242
F,Right,legacy_bisindo_F_437,0.000000,0.000000,0.037037,-0.166667,0.037037,-0.370370,0.018519,-0.500000,-0.018519,-0.592593,-0.203704,-0.481481,-0.351852,-0.685185,-0.388889,-0.833333,-0.351852,-0.962963,-0.222222,-0.500000,-0.370370,-0.722222,-0.351852,-0.907407,-0.314815,-1.000000,-0.203704,-0.481481,-0.111111,-0.666667,0.037037,-0.648148,0.129630,-0.574074,-0.148148,-0.462963,-0.018519,-0.592593,0.092593,-0.555556,0.148148,-0.462963
F,Right,legacy_bisindo_F_438,0.000000,0.000000,0.019231,0.211538,0.000000,0.403846,-0.019231,0.519231,-0.038462,0.615385,-0.250000,0.500000,-0.403846,0.692308,-0.442308,0.826923,-0.423077,0.903846,-0.269231,0.500000,-0.384615,0.730769,-0.384615,0.884615,-0.346154,1.000000,-0.230769,0.480769,-0.115385,0.673077,0.000000,0.653846,0.057692,0.576923,-0.153846,0.442308,-0.038462,0.557692,0.057692,0.519231,0.096154,0.461538
F,Right,legacy_bisindo_F_439,0.000000,0.000000,0.044118,-0.161765,0.044118,-0.323529,0.029412,-0.441176,-0.014706,-0.529412,-0.176471,-0.411765,-0.323529,-0.558824,-0.338235,-0.691176,-0.308824,-0.779412,-0.176471,-0.426471,-0.191176,-0.661765,-0.117647,-0.867647,-0.029412,-1.000000,-0.176471,-0.411765,-0.088235,-0.558824,-0.014706,-0.544118,0.044118,-0.485294,-0.132353,-0.382353,-0.014706,-0.455882,0.073529,-0.426471,0.132353,-0.367647
F,Right,legacy_bisindo_F_440,0.000000,0.000000,-0.016667,0.166667,-0.050000,0.333333,-0.066667,0.433333,-0.083333,0.516667,-0.266667,0.433333,-0.400000,0.600000,-0.400000,0.733333,-0.383333,0.833333,-0.233333,0.450000,-0.266667,0.683333,-0.200000,0.866667,-0.133333,1.000000,-0.183333,0.450000,-0.083333,0.616667,0.016667,0.566667,0.066667,0.483333,-0.116667,0.400000,-0.016667,0.500000,0.050000,0.466667,0.083333,0.400000
F,Right,legacy_bisindo_F_441,0.000000,0.000000,0.037736,-0.207547,0.018868,-0.433962,-0.037736,-0.584906,-0.094340,-0.698113,-0.264151,-0.509434,-0.433962,-0.698113,-0.452830,-0.849057,-0.415094,-0.981132,-0.264151,-0.509434,-0.433962,-0.735849,-0.433962,-0.905660,-0.377358,-1.000000,-0.264151,-0.490566,-0.169811,-0.679245,-0.037736,-0.660377,0.056604,-0.603774,-0.188679,-0.471698,-0.037736,-0.584906,0.075472,-0.547170,0.132075,-0.471698
F,Right,legacy_bisindo_F_442,0.000000,0.000000,0.000000,0.166667,-0.050000,0.333333,-0.083333,0.450000,-0.100000,0.533333,-0.216667,0.416667,-0.366667,0.583333,-0.366667,0.700000,-0.350000,0.800000,-0.200000,0.433333,-0.233333,0.666667,-0.200000,0.866667,-0.133333,1.000000,-0.150000,0.416667,-0.050000,0.583333,0.033333,0.550000,0.083333,0.483333,-0.083333,0.383333,0.016667,0.483333,0.066667,0.450000,0.083333,0.400000
F,Right,legacy_bisindo_F_443,0.000000,0.000000,0.030769,-0.153846,0.030769,-0.323077,0.030769,-0.430769,0.000000,-0.507692,-0.169231,-0.430769,-0.323077,-0.584615,-0.353846,-0.707692,-0.323077,-0.800000,-0.184615,-0.446154,-0.230769,-0.676923,-0.184615,-0.876923,-0.107692,-1.000000,-0.169231,-0.430769,-0.184615,-0.600000,-0.138462,-0.661538,-0.076923,-0.661538,-0.123077,-0.400000,-0.061538,-0.492308,0.015385,-0.492308,0.076923,-0.461538
F,Right,legacy_bisindo_F_444,0.000000,0.000000,0.032258,-0.161290,0.016129,-0.338710,0.016129,-0.467742,-0.032258,-0.548387,-0.177419,-0.451613,-0.354839,-0.612903,-0.370968,-0.741935,-0.322581,-0.854839,-0.193548,-0.467742,-0.274194,-0.693548,-0.241935,-0.870968,-0.177419,-1.000000,-0.177419,-0.451613,-0.080645,-0.596774,0.016129,-0.580645,0.096774,-0.516129,-0.129032,-0.419355,-0.016129,-0.516129,0.080645,-0.483871,0.112903,-0.419355
F,Right,legacy_bisindo_F_445,0.000000,0.000000,-0.035714,0.196429,-0.107143,0.392857,-0.142857,0.535714,-0.178571,0.642857,-0.321429,0.464286,-0.446429,0.642857,-0.446429,0.785714,-0.428571,0.892857,-0.285714,0.482143,-0.339286,0.696429,-0.303571,0.875000,-0.250000,1.000000,-0.232143,0.464286,-0.160714,0.642857,-0.071429,0.625000,-0.017857,0.553571,-0.160714,0.410714,-0.071429,0.553571,0.000000,0.517857,0.035714,0.464286
F,Right,legacy_bisindo_F_446,0.000000,0.000000,0.016949,-0.169492,0.000000,-0.355932,-0.016949,-0.491525,-0.067797,-0.576271,-0.220339,-0.440678,-0.372881,-0.627119,-0.389831,-0.779661,-0.355932,-0.881356,-0.203390,-0.457627,-0.305085,-0.694915,-0.271186,-0.881356,-0.203390,-1.000000,-0.186441,-0.457627,-0.152542,-0.627119,-0.067797,-0.661017,0.000000,-0.644068,-0.135593,-0.423729,-0.033898,-0.525424,0.033898,-0.525424,0.101695,-0.491525
F,Right,legacy_bisindo_F_447,0.000000,0.000000,-0.016949,-0.169492,-0.050847,-0.355932,-0.067797,-0.474576,-0.118644,-0.576271,-0.254237,-0.440678,-0.423729,-0.610169,-0.423729,-0.745763,-0.389831,-0.864407,-0.237288,-0.457627,-0.305085,-0.711864,-0.254237,-0.898305,-0.169492,-1.000000,-0.203390,-0.457627,-0.135593,-0.644068,-0.033898,-0.644068,0.033898,-0.610169,-0.135593,-0.440678,-0.033898,-0.542373,0.050847,-0.508475,0.067797,-0.457627
F,Right,legacy_bisindo_F_448,0.000000,0.000000,0.015873,-0.158730,0.000000,-0.333333,-0.015873,-0.444444,-0.063492,-0.523810,-0.190476,-0.412698,-0.380952,-0.571429,-0.412698,-0.682540,-0.380952,-0.777778,-0.190476,-0.428571,-0.269841,-0.666667,-0.238095,-0.857143,-0.158730,-1.000000,-0.222222,-0.412698,-0.285714,-0.587302,-0.269841,-0.634921,-0.238095,-0.666667,-0.238095,-0.380952,-0.333333,-0.476190,-0.317460,-0.539683,-0.301587,-0.539683
F,Right,legacy_bisindo_F_449,0.000000,0.000000,0.073529,-0.132353,0.132353,-0.308824,0.176471,-0.441176,0.235294,-0.544118,-0.117647,-0.411765,-0.205882,-0.558824,-0.176471,-0.661765,-0.102941,-0.750000,-0.191176,-0.426471,-0.250000,-0.661765,-0.220588,-0.852941,-0.147059,-1.000000,-0.235294,-0.397059,-0.382353,-0.529412,-0.426471,-0.573529,-0.441176,-0.573529,-0.264706,-0.338235,-0.411765,-0.411765,-0.455882,-0.441176,-0.455882,-0.455882
F,Right,legacy_bisindo_F_450,0.000000,0.000000,0.015873,-0.142857,0.015873,-0.317460,0.015873,-0.460317,0.000000,-0.571429,-0.222222,-0.444444,-0.444444,-0.603175,-0.492063,-0.698413,-0.476190,-0.777778,-0.253968,-0.460317,-0.412698,-0.682540,-0.396825,-0.857143,-0.333333,-1.000000,-0.269841,-0.428571,-0.428571,-0.555556,-0.460317,-0.539683,-0.476190,-0.492063,-0.269841,-0.380952,-0.428571,-0.460317,-0.492063,-0.476190,-0.523810,-0.460317
F,Right,legacy_bisindo_F_451,0.000000,0.000000,0.000000,-0.138462,0.015385,-0.292308,0.030769,-0.430769,0.046154,-0.538462,-0.200000,-0.430769,-0.384615,-0.553846,-0.430769,-0.646154,-0.415385,-0.723077,-0.215385,-0.446154,-0.338462,-0.676923,-0.307692,-0.861538,-0.246154,-1.000000,-0.230769,-0.430769,-0.415385,-0.507692,-0.476923,-0.492308,-0.507692,-0.461538,-0.246154,-0.369231,-0.430769,-0.415385,-0.492308,-0.415385,-0.538462,-0.400000
F,Right,legacy_bisindo_F_452,0.000000,0.000000,-0.145833,-0.229167,-0.250000,-0.479167,-0.333333,-0.645833,-0.416667,-0.770833,-0.250000,-0.625000,-0.500000,-0.770833,-0.583333,-0.875000,-0.604167,-1.000000,-0.250000,-0.604167,-0.541667,-0.708333,-0.625000,-0.770833,-0.645833,-0.875000,-0.250000,-0.562500,-0.541667,-0.604167,-0.645833,-0.583333,-0.666667,-0.562500,-0.270833,-0.500000,-0.520833,-0.562500,-0.625000,-0.541667,-0.666667,-0.520833
F,Right,legacy_bisindo_F_453,0.000000,0.000000,-0.083333,0.187500,-0.229167,0.395833,-0.354167,0.520833,-0.437500,0.625000,-0.229167,0.541667,-0.437500,0.708333,-0.520833,0.833333,-0.541667,0.916667,-0.250000,0.562500,-0.458333,0.729167,-0.520833,0.875000,-0.520833,1.000000,-0.270833,0.520833,-0.541667,0.687500,-0.645833,0.770833,-0.687500,0.833333,-0.291667,0.458333,-0.520833,0.500000,-0.625000,0.520833,-0.687500,0.520833
F,Right,legacy_bisindo_F_454,0.000000,0.000000,-0.200000,-0.177778,-0.355556,-0.400000,-0.466667,-0.577778,-0.555556,-0.688889,-0.288889,-0.600000,-0.488889,-0.755556,-0.644444,-0.888889,-0.755556,-1.000000,-0.266667,-0.622222,-0.577778,-0.733333,-0.711111,-0.844444,-0.800000,-0.933333,-0.266667,-0.600000,-0.555556,-0.688889,-0.733333,-0.755556,-0.822222,-0.800000,-0.244444,-0.555556,-0.466667,-0.622222,-0.622222,-0.644444,-0.733333,-0.666667
F,Right,legacy_bisindo_F_455,0.000000,0.000000,-0.238095,0.166667,-0.428571,0.357143,-0.547619,0.523810,-0.619048,0.690476,-0.452381,0.571429,-0.714286,0.690476,-0.880952,0.833333,-0.976190,0.928571,-0.428571,0.595238,-0.738095,0.714286,-0.880952,0.880952,-0.952381,1.000000,-0.380952,0.595238,-0.690476,0.690476,-0.857143,0.809524,-0.952381,0.904762,-0.309524,0.523810,-0.547619,0.571429,-0.714286,0.619048,-0.833333,0.619048
F,Right,legacy_bisindo_F_456,0.000000,0.000000,-0.195652,-0.173913,-0.347826,-0.391304,-0.456522,-0.543478,-0.565217,-0.673913,-0.282609,-0.630435,-0.478261,-0.760870,-0.652174,-0.869565,-0.739130,-0.978261,-0.282609,-0.630435,-0.586957,-0.760870,-0.717391,-0.891304,-0.826087,-1.000000,-0.282609,-0.630435,-0.586957,-0.739130,-0.739130,-0.826087,-0.847826,-0.891304,-0.260870,-0.565217,-0.478261,-0.630435,-0.630435,-0.673913,-0.739130,-0.695652
F,Right,legacy_bisindo_F_457,0.000000,0.000000,-0.222222,0.133333,-0.422222,0.333333,-0.533333,0.466667,-0.622222,0.622222,-0.466667,0.511111,-0.711111,0.644444,-0.844444,0.800000,-0.888889,0.933333,-0.444444,0.555556,-0.755556,0.666667,-0.866667,0.844444,-0.888889,1.000000,-0.377778,0.555556,-0.711111,0.644444,-0.844444,0.777778,-0.933333,0.888889,-0.311111,0.511111,-0.555556,0.533333,-0.688889,0.600000,-0.800000,0.622222
F,Right,legacy_bisindo_F_458,0.000000,0.000000,-0.217391,0.152174,-0.413043,0.347826,-0.543478,0.500000,-0.630435,0.652174,-0.434783,0.521739,-0.695652,0.630435,-0.826087,0.804348,-0.891304,0.934783,-0.413043,0.565217,-0.717391,0.673913,-0.826087,0.847826,-0.869565,1.000000,-0.369565,0.565217,-0.673913,0.652174,-0.826087,0.782609,-0.913043,0.891304,-0.304348,0.521739,-0.565217,0.543478,-0.695652,0.608696,-0.804348,0.652174
F,Right,legacy_bisindo_F_459,0.000000,0.000000,-0.217391,0.152174,-0.413043,0.326087,-0.521739,0.478261,-0.608696,0.630435,-0.391304,0.565217,-0.630435,0.652174,-0.782609,0.782609,-0.869565,0.869565,-0.369565,0.586957,-0.652174,0.695652,-0.782609,0.847826,-0.869565,1.000000,-0.326087,0.586957,-0.630435,0.673913,-0.782609,0.782609,-0.891304,0.891304,-0.282609,0.521739,-0.521739,0.565217,-0.652174,0.608696,-0.782609,0.630435
F,Right,legacy_bisindo_F_460,0.000000,0.000000,-0.200000,-0.175000,-0.400000,-0.450000,-0.550000,-0.600000,-0.700000,-0.700000,-0.350000,-0.750000,-0.625000,-0.775000,-0.800000,-0.775000,-0.950000,-0.775000,-0.350000,-0.750000,-0.675000,-0.775000,-0.875000,-0.775000,-1.000000,-0.775000,-0.350000,-0.700000,-0.675000,-0.750000,-0.875000,-0.750000,-1.000000,-0.775000,-0.350000,-0.625000,-0.600000,-0.700000,-0.725000,-0.725000,-0.875000,-0.750000
F,Right,legacy_bisindo_F_461,0.000000,0.000000,-0.255814,0.139535,-0.465116,0.348837,-0.604651,0.465116,-0.697674,0.604651,-0.395349,0.627907,-0.674419,0.674419,-0.860465,0.697674,-1.000000,0.697674,-0.372093,0.651163,-0.674419,0.674419,-0.837209,0.697674,-0.953488,0.697674,-0.348837,0.604651,-0.627907,0.651163,-0.813953,0.697674,-0.953488,0.744186,-0.325581,0.534884,-0.558140,0.581395,-0.697674,0.604651,-0.837209,0.627907
F,Right,legacy_bisindo_F_462,0.000000,0.000000,-0.200000,-0.200000,-0.400000,-0.450000,-0.575000,-0.600000,-0.725000,-0.700000,-0.400000,-0.775000,-0.675000,-0.800000,-0.850000,-0.775000,-0.975000,-0.775000,-0.400000,-0.775000,-0.700000,-0.775000,-0.875000,-0.750000,-1.000000,-0.750000,-0.400000,-0.725000,-0.700000,-0.750000,-0.875000,-0.750000,-1.000000,-0.750000,-0.400000,-0.625000,-0.625000,-0.700000,-0.775000,-0.725000,-0.900000,-0.725000
F,Right,legacy_bisindo_F_463,0.000000,0.000000,-0.236842,-0.184211,-0.421053,-0.447368,-0.552632,-0.631579,-0.684211,-0.736842,-0.342105,-0.815789,-0.631579,-0.815789,-0.842105,-0.789474,-0.947368,-0.789474,-0.315789,-0.815789,-0.684211,-0.789474,-0.868421,-0.763158,-1.000000,-0.763158,-0.315789,-0.763158,-0.684211,-0.763158,-0.868421,-0.763158,-1.000000,-0.789474,-0.342105,-0.657895,-0.605263,-0.736842,-0.763158,-0.763158,-0.894737,-0.789474
F,Right,legacy_bisindo_F_464,0.000000,0.000000,-0.225000,-0.200000,-0.400000,-0.425000,-0.550000,-0.575000,-0.675000,-0.675000,-0.400000,-0.725000,-0.675000,-0.700000,-0.850000,-0.650000,-0.975000,-0.650000,-0.375000,-0.725000,-0.700000,-0.675000,-0.850000,-0.650000,-1.000000,-0.625000,-0.375000,-0.650000,-0.675000,-0.650000,-0.825000,-0.650000,-0.975000,-0.650000,-0.375000,-0.550000,-0.625000,-0.600000,-0.775000,-0.650000,-0.900000,-0.650000
F,Right,legacy_bisindo_F_465,0.000000,0.000000,-0.133333,0.233333,-0.400000,0.333333,-0.600000,0.400000,-0.733333,0.533333,-0.733333,0.100000,-0.900000,0.400000,-0.966667,0.666667,-0.966667,0.900000,-0.733333,0.066667,-0.900000,0.400000,-0.966667,0.666667,-0.966667,0.900000,-0.733333,0.100000,-0.900000,0.400000,-0.966667,0.666667,-1.000000,0.900000,-0.700000,0.133333,-0.833333,0.400000,-0.900000,0.600000,-0.933333,0.766667
F,Right,legacy_bisindo_F_466,0.000000,0.000000,-0.100000,0.266667,-0.333333,0.333333,-0.533333,0.400000,-0.666667,0.533333,-0.666667,0.133333,-0.866667,0.400000,-0.900000,0.666667,-0.900000,0.900000,-0.700000,0.100000,-0.900000,0.433333,-0.966667,0.700000,-0.933333,0.900000,-0.733333,0.100000,-0.933333,0.400000,-1.000000,0.666667,-0.966667,0.900000,-0.733333,0.133333,-0.900000,0.366667,-0.966667,0.600000,-0.966667,0.766667
F,Right,legacy_bisindo_F_467,0.000000,0.000000,-0.100000,0.300000,-0.333333,0.400000,-0.533333,0.500000,-0.666667,0.633333,-0.666667,0.166667,-0.900000,0.433333,-0.933333,0.666667,-0.933333,0.866667,-0.733333,0.133333,-0.933333,0.433333,-1.000000,0.700000,-1.000000,0.900000,-0.766667,0.166667,-0.966667,0.466667,-1.000000,0.733333,-1.000000,0.933333,-0.800000,0.200000,-0.933333,0.466667,-1.000000,0.666667,-0.966667,0.866667
F,Right,legacy_bisindo_F_468,0.000000,0.000000,-0.090909,0.333333,-0.242424,0.484848,-0.333333,0.636364,-0.393939,0.787879,-0.666667,0.242424,-0.848485,0.454545,-0.909091,0.666667,-0.909091,0.878788,-0.727273,0.212121,-0.909091,0.484848,-0.939394,0.696970,-0.939394,0.909091,-0.757576,0.212121,-0.939394,0.484848,-1.000000,0.696970,-0.969697,0.909091,-0.787879,0.272727,-0.939394,0.454545,-1.000000,0.666667,-0.969697,0.818182
F,Right,legacy_bisindo_F_469,0.000000,0.000000,-0.060606,0.303030,-0.212121,0.424242,-0.333333,0.545455,-0.363636,0.696970,-0.696970,0.181818,-0.878788,0.424242,-0.939394,0.666667,-0.939394,0.848485,-0.757576,0.151515,-0.939394,0.454545,-0.969697,0.696970,-0.969697,0.878788,-0.787879,0.151515,-0.969697,0.454545,-1.000000,0.696970,-0.969697,0.909091,-0.787879,0.181818,-0.939394,0.454545,-0.969697,0.636364,-0.939394,0.818182
F,Right,legacy_bisindo_F_470,0.000000,0.000000,-0.030303,0.363636,-0.181818,0.515152,-0.303030,0.666667,-0.333333,0.818182,-0.727273,0.303030,-0.939394,0.545455,-0.969697,0.757576,-0.939394,0.969697,-0.757576,0.272727,-0.969697,0.575758,-0.969697,0.818182,-0.939394,0.969697,-0.787879,0.303030,-0.969697,0.575758,-1.000000,0.818182,-0.969697,0.969697,-0.787879,0.363636,-0.939394,0.575758,-0.969697,0.787879,-0.969697,0.939394
F,Right,legacy_bisindo_F_471,0.000000,0.000000,-0.142857,-0.428571,-0.285714,-0.571429,-0.342857,-0.714286,-0.400000,-0.828571,-0.800000,-0.400000,-0.971429,-0.628571,-0.942857,-0.828571,-0.914286,-1.000000,-0.828571,-0.342857,-0.971429,-0.628571,-0.971429,-0.828571,-0.914286,-1.000000,-0.800000,-0.342857,-0.942857,-0.600000,-0.942857,-0.800000,-0.885714,-0.971429,-0.714286,-0.371429,-0.885714,-0.571429,-0.914286,-0.742857,-0.914286,-0.914286
F,Right,legacy_bisindo_F_472,0.000000,0.000000,-0.085714,0.342857,-0.228571,0.485714,-0.342857,0.657143,-0.400000,0.828571,-0.714286,0.257143,-0.942857,0.514286,-0.971429,0.714286,-0.942857,0.914286,-0.742857,0.257143,-0.942857,0.542857,-0.971429,0.771429,-0.971429,0.971429,-0.742857,0.285714,-0.942857,0.542857,-1.000000,0.771429,-0.971429,0.942857,-0.742857,0.342857,-0.914286,0.542857,-0.971429,0.714286,-0.942857,0.885714
F,Right,legacy_bisindo_F_473,0.000000,0.000000,-0.025641,-0.333333,-0.128205,-0.487179,-0.153846,-0.564103,-0.153846,-0.589744,-0.641026,-0.461538,-0.846154,-0.641026,-0.871795,-0.846154,-0.846154,-1.000000,-0.692308,-0.410256,-0.897436,-0.641026,-0.923077,-0.846154,-0.871795,-1.000000,-0.717949,-0.410256,-0.923077,-0.641026,-0.923077,-0.846154,-0.897436,-1.000000,-0.692308,-0.410256,-0.846154,-0.615385,-0.871795,-0.820513,-0.846154,-0.974359
F,Right,legacy_bisindo_F_474,0.000000,0.000000,-0.025000,-0.300000,-0.125000,-0.450000,-0.175000,-0.525000,-0.200000,-0.525000,-0.625000,-0.450000,-0.825000,-0.650000,-0.850000,-0.850000,-0.850000,-1.000000,-0.675000,-0.425000,-0.875000,-0.625000,-0.900000,-0.825000,-0.850000,-1.000000,-0.700000,-0.400000,-0.900000,-0.625000,-0.900000,-0.825000,-0.850000,-0.975000,-0.675000,-0.425000,-0.825000,-0.625000,-0.850000,-0.800000,-0.825000,-0.950000
F,Right,legacy_bisindo_F_475,0.000000,0.000000,0.078947,-0.171053,0.105263,-0.355263,0.105263,-0.513158,0.157895,-0.644737,-0.078947,-0.421053,-0.065789,-0.605263,0.000000,-0.763158,0.065789,-0.894737,-0.184211,-0.407895,-0.144737,-0.644737,-0.092105,-0.828947,-0.026316,-1.000000,-0.289474,-0.355263,-0.421053,-0.539474,-0.434211,-0.723684,-0.434211,-0.881579,-0.407895,-0.276316,-0.578947,-0.394737,-0.644737,-0.513158,-0.671053,-0.644737
F,Right,legacy_bisindo_F_476,0.000000,0.000000,0.081081,-0.175676,0.108108,-0.378378,0.135135,-0.540541,0.216216,-0.675676,-0.027027,-0.405405,0.054054,-0.608108,0.175676,-0.702703,0.283784,-0.770270,-0.148649,-0.405405,-0.094595,-0.702703,0.000000,-0.864865,0.094595,-1.000000,-0.283784,-0.351351,-0.364865,-0.621622,-0.364865,-0.824324,-0.337838,-0.986486,-0.405405,-0.243243,-0.594595,-0.364865,-0.675676,-0.500000,-0.689189,-0.635135
F,Right,legacy_bisindo_F_477,0.000000,0.000000,-0.227273,-0.090909,-0.393939,-0.242424,-0.454545,-0.424242,-0.454545,-0.606061,-0.212121,-0.378788,-0.151515,-0.681818,-0.075758,-0.863636,0.015152,-1.000000,-0.030303,-0.363636,0.090909,-0.636364,0.212121,-0.803030,0.348485,-0.909091,0.121212,-0.318182,0.242424,-0.560606,0.348485,-0.696970,0.454545,-0.787879,0.227273,-0.272727,0.333333,-0.424242,0.424242,-0.530303,0.515152,-0.590909
F,Right,legacy_bisindo_F_478,0.000000,0.000000,-0.234375,-0.078125,-0.406250,-0.218750,-0.453125,-0.406250,-0.421875,-0.593750,-0.203125,-0.390625,-0.109375,-0.687500,-0.046875,-0.875000,0.062500,-1.000000,-0.015625,-0.375000,0.140625,-0.656250,0.265625,-0.843750,0.421875,-0.953125,0.140625,-0.343750,0.281250,-0.578125,0.406250,-0.718750,0.546875,-0.812500,0.250000,-0.296875,0.343750,-0.437500,0.437500,-0.500000,0.531250,-0.546875
F,Right,legacy_bisindo_F_479,0.000000,0.000000,-0.238095,0.047619,-0.412698,0.174603,-0.492063,0.365079,-0.428571,0.555556,-0.206349,0.476190,-0.142857,0.730159,-0.047619,0.873016,0.063492,1.000000,-0.031746,0.476190,0.142857,0.682540,0.285714,0.809524,0.428571,0.920635,0.126984,0.428571,0.317460,0.571429,0.460317,0.666667,0.587302,0.746032,0.253968,0.333333,0.412698,0.444444,0.539683,0.507937,0.650794,0.555556
F,Right,legacy_bisindo_F_480,0.000000,0.000000,-0.230769,-0.076923,-0.400000,-0.230769,-0.446154,-0.415385,-0.415385,-0.584615,-0.215385,-0.415385,-0.123077,-0.707692,-0.046154,-0.876923,0.046154,-1.000000,-0.030769,-0.384615,0.092308,-0.661538,0.215385,-0.830769,0.353846,-0.938462,0.123077,-0.338462,0.246154,-0.569231,0.353846,-0.723077,0.461538,-0.815385,0.246154,-0.261538,0.338462,-0.415385,0.430769,-0.538462,0.538462,-0.600000
F,Right,legacy_bisindo_F_481,0.000000,0.000000,-0.238806,-0.089552,-0.417910,-0.223881,-0.492537,-0.417910,-0.447761,-0.597015,-0.238806,-0.417910,-0.149254,-0.701493,-0.089552,-0.865672,0.014925,-1.000000,-0.059701,-0.402985,0.104478,-0.671642,0.238806,-0.835821,0.373134,-0.940299,0.089552,-0.373134,0.223881,-0.582090,0.358209,-0.686567,0.477612,-0.746269,0.194030,-0.313433,0.283582,-0.447761,0.373134,-0.522388,0.462687,-0.552239
F,Right,legacy_bisindo_F_482,0.000000,0.000000,0.100000,-0.216667,0.150000,-0.383333,0.183333,-0.533333,0.233333,-0.666667,-0.200000,-0.433333,-0.283333,-0.666667,-0.250000,-0.850000,-0.183333,-1.000000,-0.333333,-0.383333,-0.516667,-0.583333,-0.500000,-0.766667,-0.433333,-0.900000,-0.433333,-0.333333,-0.633333,-0.516667,-0.633333,-0.683333,-0.566667,-0.816667,-0.466667,-0.300000,-0.633333,-0.450000,-0.650000,-0.600000,-0.616667,-0.733333
F,Right,legacy_bisindo_F_483,0.000000,0.000000,0.082192,-0.164384,0.123288,-0.328767,0.164384,-0.479452,0.246575,-0.589041,-0.041096,-0.397260,0.013699,-0.616438,0.123288,-0.739726,0.260274,-0.821918,-0.164384,-0.383562,-0.164384,-0.643836,-0.068493,-0.849315,0.027397,-1.000000,-0.273973,-0.315068,-0.397260,-0.534247,-0.383562,-0.726027,-0.328767,-0.876712,-0.369863,-0.232877,-0.534247,-0.356164,-0.561644,-0.493151,-0.547945,-0.616438
F,Right,legacy_bisindo_F_484,0.000000,0.000000,0.126761,-0.169014,0.183099,-0.338028,0.225352,-0.492958,0.309859,-0.619718,0.028169,-0.394366,0.112676,-0.605634,0.239437,-0.718310,0.380282,-0.774648,-0.112676,-0.394366,-0.070423,-0.690141,0.042254,-0.873239,0.169014,-1.000000,-0.225352,-0.352113,-0.338028,-0.591549,-0.323944,-0.788732,-0.267606,-0.957746,-0.352113,-0.267606,-0.521127,-0.380282,-0.563380,-0.521127,-0.549296,-0.647887
F,Right,legacy_bisindo_F_485,0.000000,0.000000,0.181818,-0.106061,0.303030,-0.272727,0.393939,-0.424242,0.484848,-0.560606,0.121212,-0.393939,0.227273,-0.621212,0.363636,-0.712121,0.484848,-0.772727,-0.045455,-0.409091,0.000000,-0.712121,0.121212,-0.893939,0.242424,-1.000000,-0.212121,-0.363636,-0.287879,-0.651515,-0.257576,-0.818182,-0.196970,-0.954545,-0.363636,-0.272727,-0.530303,-0.424242,-0.560606,-0.560606,-0.530303,-0.681818
F,Right,legacy_bisindo_F_486,0.000000,0.000000,0.185714,-0.085714,0.300000,-0.242857,0.385714,-0.400000,0.500000,-0.542857,0.071429,-0.400000,0.157143,-0.642857,0.285714,-0.714286,0.414286,-0.757143,-0.100000,-0.414286,-0.057143,-0.728571,0.057143,-0.900000,0.185714,-1.000000,-0.257143,-0.371429,-0.342857,-0.642857,-0.314286,-0.828571,-0.228571,-0.971429,-0.385714,-0.271429,-0.571429,-0.414286,-0.600000,-0.542857,-0.571429,-0.685714
F,Right,legacy_bisindo_F_487,0.000000,0.000000,0.166667,0.076923,0.256410,0.230769,0.333333,0.371795,0.410256,0.474359,0.051282,0.435897,0.141026,0.641026,0.243590,0.730769,0.333333,0.756410,-0.102564,0.461538,-0.076923,0.730769,0.012821,0.871795,0.128205,0.961538,-0.243590,0.423077,-0.333333,0.692308,-0.294872,0.871795,-0.230769,1.000000,-0.371795,0.320513,-0.551282,0.448718,-0.589744,0.576923,-0.576923,0.692308
F,Right,legacy_bisindo_F_488,0.000000,0.000000,-0.319149,-0.212766,-0.574468,-0.510638,-0.744681,-0.808511,-0.914894,-1.000000,-0.297872,-0.404255,-0.404255,-0.659574,-0.468085,-0.744681,-0.510638,-0.808511,-0.042553,-0.382979,-0.063830,-0.617021,-0.085106,-0.723404,-0.106383,-0.787234,0.191489,-0.361702,0.212766,-0.595745,0.212766,-0.680851,0.212766,-0.765957,0.382979,-0.340426,0.446809,-0.531915,0.446809,-0.617021,0.425532,-0.659574
F,Right,legacy_bisindo_F_489,0.000000,0.000000,0.166667,-0.102564,0.256410,-0.282051,0.282051,-0.461538,0.307692,-0.615385,-0.025641,-0.423077,0.038462,-0.628205,0.128205,-0.705128,0.243590,-0.730769,-0.192308,-0.448718,-0.153846,-0.705128,-0.051282,-0.858974,0.051282,-0.961538,-0.333333,-0.410256,-0.410256,-0.666667,-0.384615,-0.858974,-0.333333,-1.000000,-0.461538,-0.307692,-0.628205,-0.435897,-0.666667,-0.551282,-0.641026,-0.666667
F,Right,legacy_bisindo_F_490,0.000000,0.000000,0.179487,0.115385,0.256410,0.307692,0.294872,0.487179,0.320513,0.641026,0.038462,0.448718,0.115385,0.653846,0.205128,0.743590,0.294872,0.782051,-0.115385,0.461538,-0.102564,0.717949,-0.012821,0.858974,0.076923,0.948718,-0.269231,0.410256,-0.358974,0.679487,-0.320513,0.858974,-0.269231,1.000000,-0.397436,0.307692,-0.564103,0.423077,-0.589744,0.538462,-0.576923,0.653846
F,Right,legacy_bisindo_F_491,0.000000,0.000000,-0.306122,0.183673,-0.510204,0.469388,-0.653061,0.714286,-0.755102,0.857143,-0.244898,0.469388,-0.265306,0.653061,-0.326531,0.734694,-0.367347,0.795918,0.081633,0.469388,0.142857,0.734694,0.204082,0.877551,0.265306,1.000000,0.346939,0.428571,0.448980,0.673469,0.551020,0.816327,0.591837,0.959184,0.551020,0.367347,0.693878,0.530612,0.755102,0.693878,0.775510,0.836735
F,Right,legacy_bisindo_F_492,0.000000,0.000000,-0.190476,-0.095238,-0.333333,-0.250000,-0.440476,-0.416667,-0.535714,-0.523810,-0.238095,-0.369048,-0.250000,-0.666667,-0.202381,-0.857143,-0.154762,-1.000000,-0.059524,-0.345238,-0.047619,-0.642857,0.011905,-0.809524,0.071429,-0.940476,0.107143,-0.285714,0.154762,-0.511905,0.214286,-0.654762,0.273810,-0.738095,0.285714,-0.214286,0.357143,-0.392857,0.369048,-0.511905,0.380952,-0.607143
F,Right,legacy_bisindo_F_493,0.000000,0.000000,0.177215,0.101266,0.265823,0.291139,0.303797,0.455696,0.341772,0.594937,0.012658,0.430380,0.088608,0.645570,0.177215,0.734177,0.265823,0.784810,-0.139241,0.468354,-0.126582,0.721519,-0.025316,0.886076,0.075949,0.987342,-0.265823,0.430380,-0.367089,0.696203,-0.341772,0.873418,-0.265823,1.000000,-0.392405,0.341772,-0.569620,0.455696,-0.607595,0.569620,-0.607595,0.683544
F,Right,legacy_bisindo_F_494,0.000000,0.000000,-0.242424,0.136364,-0.393939,0.363636,-0.484848,0.560606,-0.560606,0.666667,-0.166667,0.378788,-0.015152,0.651515,0.075758,0.833333,0.121212,0.969697,0.060606,0.393939,0.196970,0.666667,0.287879,0.863636,0.348485,1.000000,0.227273,0.348485,0.363636,0.621212,0.439394,0.787879,0.484848,0.924242,0.363636,0.318182,0.500000,0.515152,0.545455,0.651515,0.545455,0.772727
F,Right,legacy_bisindo_F_495,0.000000,0.000000,-0.190476,-0.071429,-0.333333,-0.226190,-0.428571,-0.380952,-0.511905,-0.500000,-0.226190,-0.392857,-0.238095,-0.678571,-0.190476,-0.857143,-0.142857,-1.000000,-0.071429,-0.369048,-0.059524,-0.654762,-0.011905,-0.833333,0.047619,-0.952381,0.095238,-0.297619,0.142857,-0.523810,0.202381,-0.642857,0.273810,-0.738095,0.261905,-0.214286,0.321429,-0.380952,0.345238,-0.488095,0.380952,-0.583333
F,Right,legacy_bisindo_F_496,0.000000,0.000000,0.185185,0.123457,0.296296,0.308642,0.308642,0.493827,0.296296,0.654321,-0.012346,0.456790,0.037037,0.666667,0.123457,0.753086,0.222222,0.790123,-0.160494,0.481481,-0.160494,0.728395,-0.074074,0.888889,0.024691,0.987654,-0.296296,0.444444,-0.407407,0.691358,-0.382716,0.864198,-0.308642,1.000000,-0.419753,0.345679,-0.592593,0.456790,-0.629630,0.580247,-0.617284,0.703704
F,Right,legacy_bisindo_F_497,0.000000,0.000000,0.200000,0.112500,0.300000,0.312500,0.300000,0.512500,0.287500,0.675000,-0.025000,0.450000,0.025000,0.662500,0.125000,0.750000,0.212500,0.787500,-0.175000,0.475000,-0.175000,0.737500,-0.087500,0.887500,0.012500,0.987500,-0.312500,0.437500,-0.412500,0.687500,-0.387500,0.862500,-0.312500,1.000000,-0.437500,0.337500,-0.612500,0.450000,-0.662500,0.562500,-0.650000,0.675000
F,Right,legacy_bisindo_F_498,0.000000,0.000000,-0.231707,-0.121951,-0.402439,-0.304878,-0.487805,-0.463415,-0.548780,-0.609756,-0.195122,-0.390244,-0.231707,-0.682927,-0.231707,-0.841463,-0.195122,-0.975610,0.000000,-0.353659,0.012195,-0.658537,0.060976,-0.865854,0.097561,-1.000000,0.158537,-0.292683,0.219512,-0.573171,0.280488,-0.756098,0.317073,-0.890244,0.292683,-0.219512,0.365854,-0.426829,0.378049,-0.560976,0.378049,-0.682927
F,Right,legacy_bisindo_F_499,0.000000,0.000000,-0.217949,0.115385,-0.358974,0.320513,-0.461538,0.512821,-0.474359,0.666667,-0.243590,0.410256,-0.192308,0.705128,-0.141026,0.871795,-0.089744,1.000000,-0.038462,0.410256,-0.012821,0.666667,0.038462,0.846154,0.089744,0.974359,0.141026,0.346154,0.179487,0.576923,0.230769,0.705128,0.269231,0.833333,0.294872,0.282051,0.384615,0.435897,0.435897,0.551282,0.448718,0.641026
F,Right,legacy_bisindo_F_500,0.000000,0.000000,-0.177778,-0.077778,-0.322222,-0.244444,-0.411111,-0.400000,-0.500000,-0.544444,-0.200000,-0.344444,-0.222222,-0.633333,-0.177778,-0.811111,-0.133333,-0.944444,-0.055556,-0.344444,-0.077778,-0.644444,-0.044444,-0.866667,-0.022222,-1.000000,0.077778,-0.300000,0.077778,-0.600000,0.088889,-0.788889,0.111111,-0.911111,0.211111,-0.255556,0.222222,-0.455556,0.211111,-0.588889,0.200000,-0.700000
F,Right,legacy_bisindo_F_501,0.000000,0.000000,-0.274510,0.098039,-0.470588,0.313725,-0.607843,0.490196,-0.627451,0.627451,-0.294118,0.431373,-0.254902,0.686275,-0.176471,0.803922,-0.137255,0.882353,-0.019608,0.450980,0.058824,0.725490,0.156863,0.882353,0.235294,1.000000,0.215686,0.411765,0.313725,0.666667,0.411765,0.784314,0.490196,0.921569,0.411765,0.372549,0.549020,0.549020,0.627451,0.647059,0.666667,0.764706
F,Right,legacy_bisindo_F_502,0.000000,0.000000,-0.183099,-0.084507,-0.338028,-0.267606,-0.450704,-0.450704,-0.577465,-0.535211,-0.211268,-0.408451,-0.239437,-0.704225,-0.197183,-0.859155,-0.154930,-0.985915,-0.056338,-0.408451,-0.014085,-0.690141,0.056338,-0.873239,0.112676,-1.000000,0.098592,-0.366197,0.183099,-0.633803,0.225352,-0.802817,0.253521,-0.901408,0.239437,-0.309859,0.323944,-0.535211,0.338028,-0.647887,0.323944,-0.746479
F,Right,legacy_bisindo_F_503,0.000000,0.000000,0.168675,-0.132530,0.289157,-0.313253,0.289157,-0.493976,0.265060,-0.650602,-0.024096,-0.457831,0.012048,-0.662651,0.096386,-0.746988,0.204819,-0.771084,-0.180723,-0.481928,-0.168675,-0.722892,-0.084337,-0.867470,0.012048,-0.963855,-0.325301,-0.445783,-0.397590,-0.698795,-0.385542,-0.855422,-0.325301,-1.000000,-0.433735,-0.337349,-0.614458,-0.445783,-0.650602,-0.554217,-0.626506,-0.674699
F,Right,legacy_bisindo_F_504,0.000000,0.000000,-0.283333,0.150000,-0.483333,0.416667,-0.600000,0.650000,-0.683333,0.783333,-0.266667,0.433333,-0.283333,0.666667,-0.266667,0.783333,-0.216667,0.900000,0.000000,0.416667,0.000000,0.700000,0.066667,0.866667,0.133333,1.000000,0.250000,0.366667,0.266667,0.633333,0.316667,0.800000,0.366667,0.950000,0.433333,0.316667,0.500000,0.516667,0.533333,0.683333,0.533333,0.850000
F,Right,legacy_bisindo_F_505,0.000000,0.000000,-0.168675,-0.060241,-0.277108,-0.253012,-0.361446,-0.457831,-0.457831,-0.650602,-0.204819,-0.289157,-0.253012,-0.614458,-0.216867,-0.831325,-0.180723,-0.987952,-0.084337,-0.325301,-0.144578,-0.650602,-0.096386,-0.855422,-0.036145,-1.000000,0.036145,-0.325301,0.000000,-0.638554,0.024096,-0.807229,0.084337,-0.903614,0.168675,-0.313253,0.120482,-0.542169,0.108434,-0.662651,0.132530,-0.759036
F,Right,legacy_bisindo_F_506,0.000000,0.000000,0.182927,-0.121951,0.304878,-0.304878,0.304878,-0.487805,0.280488,-0.646341,-0.012195,-0.451220,0.036585,-0.646341,0.121951,-0.719512,0.219512,-0.756098,-0.170732,-0.475610,-0.146341,-0.719512,-0.060976,-0.865854,0.036585,-0.963415,-0.304878,-0.439024,-0.378049,-0.682927,-0.365854,-0.853659,-0.304878,-1.000000,-0.426829,-0.341463,-0.597561,-0.451220,-0.634146,-0.560976,-0.609756,-0.670732
F,Right,legacy_bisindo_F_507,0.000000,0.000000,0.185185,0.123457,0.296296,0.308642,0.308642,0.493827,0.283951,0.654321,-0.012346,0.444444,0.037037,0.654321,0.123457,0.740741,0.209877,0.777778,-0.160494,0.469136,-0.160494,0.728395,-0.086420,0.876543,0.012346,0.975309,-0.296296,0.444444,-0.407407,0.703704,-0.382716,0.864198,-0.308642,1.000000,-0.419753,0.345679,-0.604938,0.456790,-0.641975,0.580247,-0.629630,0.691358
F,Right,legacy_bisindo_F_508,0.000000,0.000000,-0.285714,0.178571,-0.482143,0.464286,-0.625000,0.696429,-0.732143,0.785714,-0.250000,0.392857,-0.303571,0.589286,-0.339286,0.678571,-0.339286,0.785714,0.035714,0.392857,0.035714,0.678571,0.071429,0.857143,0.125000,1.000000,0.267857,0.357143,0.303571,0.642857,0.357143,0.821429,0.392857,0.982143,0.464286,0.321429,0.535714,0.517857,0.571429,0.696429,0.589286,0.875000
F,Right,legacy_bisindo_F_509,0.000000,0.000000,-0.192771,-0.084337,-0.349398,-0.265060,-0.457831,-0.421687,-0.542169,-0.530120,-0.265060,-0.373494,-0.325301,-0.674699,-0.289157,-0.855422,-0.253012,-1.000000,-0.096386,-0.361446,-0.108434,-0.650602,-0.060241,-0.831325,0.000000,-0.963855,0.084337,-0.313253,0.096386,-0.566265,0.132530,-0.710843,0.192771,-0.819277,0.265060,-0.265060,0.301205,-0.457831,0.301205,-0.578313,0.301205,-0.674699
F,Right,legacy_bisindo_F_510,0.000000,0.000000,0.182927,-0.134146,0.304878,-0.317073,0.280488,-0.500000,0.219512,-0.658537,-0.036585,-0.439024,-0.012195,-0.646341,0.085366,-0.719512,0.182927,-0.743902,-0.195122,-0.463415,-0.182927,-0.707317,-0.097561,-0.853659,0.012195,-0.951220,-0.341463,-0.426829,-0.426829,-0.682927,-0.414634,-0.853659,-0.353659,-1.000000,-0.451220,-0.329268,-0.634146,-0.451220,-0.670732,-0.560976,-0.646341,-0.670732
F,Right,legacy_bisindo_F_511,0.000000,0.000000,0.192771,0.144578,0.289157,0.337349,0.277108,0.530120,0.228916,0.698795,-0.036145,0.457831,0.012048,0.674699,0.084337,0.771084,0.168675,0.807229,-0.192771,0.481928,-0.192771,0.746988,-0.120482,0.891566,-0.024096,0.987952,-0.325301,0.445783,-0.421687,0.698795,-0.409639,0.879518,-0.349398,1.000000,-0.433735,0.349398,-0.602410,0.469880,-0.662651,0.590361,-0.650602,0.698795
F,Right,legacy_bisindo_F_512,0.000000,0.000000,-0.294118,0.156863,-0.490196,0.431373,-0.666667,0.647059,-0.803922,0.784314,-0.235294,0.352941,-0.254902,0.568627,-0.294118,0.686275,-0.313725,0.843137,0.058824,0.392157,0.058824,0.686275,0.078431,0.843137,0.137255,0.980392,0.274510,0.392157,0.313725,0.666667,0.352941,0.843137,0.392157,1.000000,0.450980,0.372549,0.529412,0.568627,0.568627,0.745098,0.568627,0.921569
F,Right,legacy_bisindo_F_513,0.000000,0.000000,0.192771,0.144578,0.289157,0.325301,0.289157,0.506024,0.265060,0.674699,-0.012048,0.445783,0.024096,0.650602,0.108434,0.746988,0.192771,0.783133,-0.156627,0.481928,-0.168675,0.722892,-0.096386,0.867470,-0.012048,0.975904,-0.301205,0.445783,-0.397590,0.698795,-0.373494,0.867470,-0.325301,1.000000,-0.421687,0.349398,-0.578313,0.457831,-0.626506,0.578313,-0.626506,0.686747
F,Right,legacy_bisindo_F_514,0.000000,0.000000,-0.202703,-0.148649,-0.364865,-0.378378,-0.472973,-0.540541,-0.567568,-0.621622,-0.216216,-0.364865,-0.216216,-0.621622,-0.216216,-0.716216,-0.216216,-0.797297,-0.027027,-0.337838,0.000000,-0.648649,0.054054,-0.864865,0.081081,-1.000000,0.148649,-0.283784,0.216216,-0.581081,0.270270,-0.783784,0.283784,-0.918919,0.297297,-0.229730,0.378378,-0.445946,0.378378,-0.594595,0.378378,-0.716216
F,Right,legacy_bisindo_F_515,0.000000,0.000000,0.178571,-0.142857,0.285714,-0.309524,0.273810,-0.488095,0.226190,-0.654762,-0.047619,-0.440476,-0.011905,-0.630952,0.071429,-0.714286,0.178571,-0.738095,-0.190476,-0.464286,-0.178571,-0.702381,-0.095238,-0.857143,0.000000,-0.952381,-0.333333,-0.428571,-0.416667,-0.678571,-0.392857,-0.845238,-0.333333,-1.000000,-0.440476,-0.333333,-0.619048,-0.452381,-0.654762,-0.559524,-0.630952,-0.666667
F,Right,legacy_bisindo_F_516,0.000000,0.000000,0.188235,0.141176,0.282353,0.329412,0.294118,0.517647,0.258824,0.682353,-0.035294,0.458824,0.011765,0.670588,0.094118,0.764706,0.188235,0.800000,-0.176471,0.482353,-0.176471,0.729412,-0.105882,0.882353,-0.011765,0.976471,-0.305882,0.447059,-0.400000,0.705882,-0.376471,0.870588,-0.317647,1.000000,-0.411765,0.352941,-0.588235,0.470588,-0.635294,0.588235,-0.635294,0.694118
F,Right,legacy_bisindo_F_517,0.000000,0.000000,-0.290909,0.181818,-0.509091,0.454545,-0.690909,0.690909,-0.781818,0.800000,-0.236364,0.345455,-0.327273,0.600000,-0.436364,0.709091,-0.509091,0.800000,0.054545,0.381818,0.036364,0.690909,0.036364,0.872727,0.054545,0.981818,0.290909,0.381818,0.327273,0.690909,0.345455,0.872727,0.363636,1.000000,0.472727,0.381818,0.545455,0.600000,0.563636,0.781818,0.563636,0.927273
F,Right,legacy_bisindo_F_518,0.000000,0.000000,0.217949,-0.076923,0.384615,-0.230769,0.435897,-0.423077,0.423077,-0.589744,0.153846,-0.243590,0.153846,-0.487179,0.205128,-0.641026,0.269231,-0.756410,-0.076923,-0.294872,-0.076923,-0.602564,-0.012821,-0.833333,0.038462,-0.987179,-0.243590,-0.307692,-0.269231,-0.615385,-0.243590,-0.846154,-0.205128,-1.000000,-0.371795,-0.320513,-0.474359,-0.474359,-0.500000,-0.615385,-0.512821,-0.730769
F,Right,legacy_bisindo_F_519,0.000000,0.000000,0.192771,0.132530,0.289157,0.325301,0.301205,0.518072,0.277108,0.686747,-0.024096,0.457831,0.024096,0.662651,0.108434,0.759036,0.192771,0.795181,-0.168675,0.493976,-0.180723,0.734940,-0.108434,0.879518,-0.024096,0.975904,-0.313253,0.457831,-0.421687,0.710843,-0.397590,0.879518,-0.337349,1.000000,-0.433735,0.361446,-0.602410,0.469880,-0.650602,0.590361,-0.650602,0.686747
F,Right,legacy_bisindo_F_520,0.000000,0.000000,0.188235,-0.152941,0.282353,-0.329412,0.258824,-0.517647,0.200000,-0.682353,-0.058824,-0.435294,-0.035294,-0.635294,0.047059,-0.729412,0.141176,-0.752941,-0.200000,-0.458824,-0.200000,-0.694118,-0.141176,-0.847059,-0.047059,-0.952941,-0.341176,-0.423529,-0.435294,-0.670588,-0.411765,-0.858824,-0.341176,-1.000000,-0.470588,-0.329412,-0.635294,-0.447059,-0.694118,-0.552941,-0.682353,-0.658824
F,Right,legacy_bisindo_F_521,0.000000,0.000000,0.188235,0.141176,0.282353,0.341176,0.282353,0.529412,0.247059,0.682353,-0.035294,0.470588,0.000000,0.682353,0.082353,0.776471,0.164706,0.823529,-0.176471,0.505882,-0.188235,0.741176,-0.129412,0.894118,-0.035294,0.988235,-0.317647,0.470588,-0.423529,0.705882,-0.400000,0.870588,-0.352941,1.000000,-0.423529,0.364706,-0.600000,0.470588,-0.658824,0.576471,-0.670588,0.682353
F,Right,legacy_bisindo_F_522,0.000000,0.000000,-0.275862,0.155172,-0.500000,0.379310,-0.689655,0.603448,-0.793103,0.706897,-0.224138,0.344828,-0.241379,0.534483,-0.293103,0.655172,-0.327586,0.793103,0.051724,0.362069,0.051724,0.672414,0.103448,0.862069,0.155172,0.982759,0.275862,0.362069,0.310345,0.655172,0.344828,0.844828,0.379310,1.000000,0.431034,0.327586,0.534483,0.534483,0.534483,0.724138,0.517241,0.913793
F,Right,legacy_bisindo_F_523,0.000000,0.000000,0.220930,-0.093023,0.360465,-0.255814,0.383721,-0.453488,0.325581,-0.639535,0.151163,-0.267442,0.116279,-0.523256,0.139535,-0.674419,0.174419,-0.813953,-0.058140,-0.302326,-0.116279,-0.604651,-0.104651,-0.837209,-0.081395,-1.000000,-0.244186,-0.302326,-0.313953,-0.593023,-0.325581,-0.779070,-0.313953,-0.930233,-0.360465,-0.302326,-0.465116,-0.476744,-0.523256,-0.593023,-0.546512,-0.697674
F,Right,legacy_bisindo_F_524,0.000000,0.000000,0.197674,0.139535,0.279070,0.337209,0.279070,0.523256,0.244186,0.686047,-0.034884,0.465116,-0.011628,0.662791,0.069767,0.755814,0.151163,0.790698,-0.186047,0.488372,-0.197674,0.720930,-0.127907,0.872093,-0.034884,0.976744,-0.325581,0.453488,-0.430233,0.697674,-0.406977,0.860465,-0.348837,1.000000,-0.430233,0.360465,-0.604651,0.453488,-0.651163,0.569767,-0.662791,0.662791
F,Right,legacy_bisindo_F_525,0.000000,0.000000,0.200000,0.141176,0.282353,0.341176,0.294118,0.529412,0.258824,0.694118,-0.023529,0.458824,0.023529,0.670588,0.094118,0.764706,0.176471,0.811765,-0.176471,0.494118,-0.188235,0.729412,-0.129412,0.882353,-0.035294,0.988235,-0.305882,0.458824,-0.423529,0.694118,-0.400000,0.870588,-0.341176,1.000000,-0.423529,0.352941,-0.600000,0.447059,-0.647059,0.564706,-0.658824,0.658824
F,Right,legacy_bisindo_F_526,0.000000,0.000000,0.195402,0.149425,0.287356,0.344828,0.287356,0.528736,0.252874,0.701149,-0.034483,0.471264,0.000000,0.678161,0.080460,0.781609,0.172414,0.804598,-0.183908,0.494253,-0.195402,0.735632,-0.126437,0.885057,-0.034483,0.988506,-0.310345,0.459770,-0.413793,0.701149,-0.390805,0.873563,-0.333333,1.000000,-0.413793,0.356322,-0.574713,0.459770,-0.620690,0.574713,-0.632184,0.666667
F,Right,legacy_bisindo_F_527,0.000000,0.000000,0.178571,0.130952,0.273810,0.333333,0.273810,0.523810,0.226190,0.690476,-0.059524,0.476190,-0.011905,0.702381,0.071429,0.785714,0.166667,0.821429,-0.214286,0.500000,-0.226190,0.750000,-0.154762,0.904762,-0.059524,1.000000,-0.345238,0.452381,-0.452381,0.702381,-0.428571,0.869048,-0.380952,1.000000,-0.440476,0.345238,-0.619048,0.440476,-0.666667,0.559524,-0.678571,0.666667
F,Right,legacy_bisindo_F_528,0.000000,0.000000,0.164557,0.101266,0.253165,0.303797,0.291139,0.493671,0.303797,0.645570,-0.012658,0.468354,0.050633,0.683544,0.139241,0.784810,0.227848,0.822785,-0.164557,0.481013,-0.189873,0.746835,-0.101266,0.898734,0.000000,0.987342,-0.303797,0.430380,-0.430380,0.696203,-0.405063,0.873418,-0.341772,1.000000,-0.417722,0.329114,-0.594937,0.430380,-0.645570,0.556962,-0.658228,0.658228
F,Right,legacy_bisindo_F_529,0.000000,0.000000,0.177215,-0.113924,0.278481,-0.303797,0.303797,-0.468354,0.329114,-0.632911,-0.025316,-0.430380,0.012658,-0.658228,0.126582,-0.746835,0.240506,-0.772152,-0.189873,-0.455696,-0.189873,-0.721519,-0.088608,-0.886076,0.012658,-1.000000,-0.341772,-0.392405,-0.430380,-0.658228,-0.405063,-0.835443,-0.354430,-1.000000,-0.455696,-0.278481,-0.620253,-0.417722,-0.658228,-0.556962,-0.632911,-0.670886
F,Right,legacy_bisindo_F_530,0.000000,0.000000,0.186667,-0.120000,0.306667,-0.293333,0.386667,-0.453333,0.453333,-0.586667,0.026667,-0.440000,0.093333,-0.680000,0.213333,-0.760000,0.320000,-0.786667,-0.133333,-0.453333,-0.133333,-0.733333,-0.040000,-0.893333,0.080000,-1.000000,-0.280000,-0.386667,-0.400000,-0.653333,-0.373333,-0.840000,-0.306667,-0.973333,-0.400000,-0.280000,-0.586667,-0.400000,-0.626667,-0.520000,-0.600000,-0.640000
F,Right,legacy_bisindo_F_531,0.000000,0.000000,0.171053,-0.118421,0.276316,-0.302632,0.342105,-0.486842,0.394737,-0.631579,0.026316,-0.447368,0.092105,-0.671053,0.210526,-0.763158,0.328947,-0.789474,-0.144737,-0.460526,-0.118421,-0.750000,-0.026316,-0.907895,0.092105,-1.000000,-0.289474,-0.394737,-0.381579,-0.671053,-0.355263,-0.842105,-0.289474,-0.986842,-0.407895,-0.289474,-0.592105,-0.421053,-0.631579,-0.552632,-0.592105,-0.671053
F,Right,legacy_bisindo_F_532,0.000000,0.000000,0.133333,-0.146667,0.200000,-0.360000,0.253333,-0.533333,0.320000,-0.680000,0.053333,-0.426667,0.133333,-0.653333,0.253333,-0.720000,0.373333,-0.760000,-0.093333,-0.426667,-0.093333,-0.720000,0.013333,-0.893333,0.133333,-1.000000,-0.240000,-0.373333,-0.360000,-0.626667,-0.333333,-0.813333,-0.280000,-0.946667,-0.346667,-0.266667,-0.520000,-0.400000,-0.560000,-0.520000,-0.546667,-0.640000
F,Right,legacy_bisindo_F_533,0.000000,0.000000,0.082192,-0.150685,0.136986,-0.342466,0.191781,-0.520548,0.246575,-0.671233,-0.013699,-0.452055,0.068493,-0.657534,0.205479,-0.726027,0.342466,-0.753425,-0.136986,-0.452055,-0.150685,-0.726027,-0.054795,-0.890411,0.054795,-1.000000,-0.260274,-0.383562,-0.369863,-0.630137,-0.356164,-0.808219,-0.301370,-0.945205,-0.369863,-0.273973,-0.534247,-0.397260,-0.575342,-0.534247,-0.547945,-0.643836
F,Right,legacy_bisindo_F_534,0.000000,0.000000,-0.217391,-0.086957,-0.391304,-0.246377,-0.463768,-0.434783,-0.420290,-0.623188,-0.202899,-0.376812,-0.144928,-0.695652,-0.072464,-0.869565,0.028986,-1.000000,-0.028986,-0.347826,0.130435,-0.666667,0.289855,-0.826087,0.434783,-0.913043,0.130435,-0.304348,0.304348,-0.565217,0.449275,-0.681159,0.594203,-0.724638,0.260870,-0.246377,0.391304,-0.420290,0.507246,-0.507246,0.608696,-0.536232
F,Right,legacy_bisindo_F_535,0.000000,0.000000,-0.157895,0.118421,-0.276316,0.276316,-0.355263,0.394737,-0.315789,0.486842,-0.210526,0.434211,-0.197368,0.684211,-0.105263,0.881579,0.026316,1.000000,-0.052632,0.355263,0.039474,0.618421,0.184211,0.815789,0.328947,0.907895,0.078947,0.223684,0.197368,0.434211,0.368421,0.539474,0.513158,0.631579,0.197368,0.105263,0.315789,0.223684,0.434211,0.302632,0.539474,0.355263
F,Right,legacy_bisindo_F_536,0.000000,0.000000,-0.171875,-0.078125,-0.359375,-0.234375,-0.468750,-0.390625,-0.562500,-0.500000,-0.218750,-0.375000,-0.265625,-0.656250,-0.187500,-0.843750,-0.062500,-1.000000,-0.046875,-0.359375,0.015625,-0.640625,0.156250,-0.812500,0.312500,-0.906250,0.093750,-0.296875,0.234375,-0.515625,0.406250,-0.609375,0.593750,-0.687500,0.234375,-0.218750,0.359375,-0.375000,0.484375,-0.468750,0.625000,-0.562500
F,Right,legacy_bisindo_F_537,0.000000,0.000000,-0.153846,0.123077,-0.292308,0.292308,-0.415385,0.446154,-0.476923,0.538462,-0.184615,0.415385,-0.138462,0.661538,-0.061538,0.861538,0.061538,1.000000,-0.015385,0.353846,0.076923,0.615385,0.215385,0.815385,0.369231,0.923077,0.123077,0.261538,0.246154,0.461538,0.415385,0.569231,0.584615,0.661538,0.230769,0.169231,0.353846,0.307692,0.507692,0.400000,0.630769,0.461538
F,Right,legacy_bisindo_F_538,0.000000,0.000000,-0.238806,-0.089552,-0.388060,-0.253731,-0.417910,-0.447761,-0.373134,-0.611940,-0.194030,-0.417910,-0.104478,-0.716418,-0.014925,-0.880597,0.089552,-1.000000,-0.014925,-0.402985,0.119403,-0.671642,0.283582,-0.835821,0.432836,-0.940299,0.134328,-0.343284,0.253731,-0.611940,0.402985,-0.746269,0.537313,-0.820896,0.238806,-0.283582,0.343284,-0.462687,0.447761,-0.552239,0.567164,-0.582090
F,Right,legacy_bisindo_F_539,0.000000,0.000000,-0.177419,0.112903,-0.290323,0.290323,-0.403226,0.435484,-0.435484,0.532258,-0.225806,0.370968,-0.225806,0.661290,-0.112903,0.854839,0.048387,1.000000,-0.080645,0.290323,0.016129,0.596774,0.193548,0.806452,0.370968,0.919355,0.064516,0.193548,0.209677,0.435484,0.419355,0.548387,0.596774,0.629032,0.177419,0.096774,0.338710,0.290323,0.500000,0.370968,0.629032,0.435484
F,Right,legacy_bisindo_F_540,0.000000,0.000000,0.101449,-0.115942,0.159420,-0.318841,0.217391,-0.507246,0.304348,-0.652174,-0.014493,-0.449275,0.043478,-0.623188,0.173913,-0.710145,0.318841,-0.768116,-0.130435,-0.463768,-0.072464,-0.739130,0.072464,-0.898551,0.217391,-1.000000,-0.231884,-0.420290,-0.304348,-0.681159,-0.246377,-0.869565,-0.173913,-0.985507,-0.318841,-0.333333,-0.463768,-0.478261,-0.478261,-0.594203,-0.434783,-0.681159
F,Right,legacy_bisindo_F_541,0.000000,0.000000,0.142857,0.128571,0.214286,0.342857,0.271429,0.500000,0.357143,0.585714,0.028571,0.500000,0.128571,0.657143,0.228571,0.728571,0.314286,0.757143,-0.085714,0.514286,-0.042857,0.742857,0.057143,0.871429,0.157143,0.957143,-0.214286,0.471429,-0.271429,0.714286,-0.242857,0.871429,-0.185714,1.000000,-0.328571,0.357143,-0.485714,0.471429,-0.542857,0.557143,-0.528571,0.642857
F,Right,legacy_bisindo_F_542,0.000000,0.000000,0.148649,0.108108,0.229730,0.297297,0.283784,0.432432,0.337838,0.540541,0.054054,0.486486,0.135135,0.635135,0.229730,0.689189,0.310811,0.716216,-0.081081,0.527027,-0.040541,0.729730,0.054054,0.851351,0.148649,0.945946,-0.202703,0.486486,-0.256757,0.716216,-0.229730,0.878378,-0.175676,1.000000,-0.324324,0.391892,-0.472973,0.500000,-0.513514,0.594595,-0.513514,0.675676
F,Right,legacy_bisindo_F_543,0.000000,0.000000,0.150685,0.109589,0.232877,0.273973,0.287671,0.410959,0.328767,0.520548,0.041096,0.506849,0.123288,0.657534,0.219178,0.712329,0.315068,0.726027,-0.095890,0.534247,-0.068493,0.767123,0.000000,0.890411,0.095890,0.986301,-0.219178,0.493151,-0.273973,0.726027,-0.246575,0.876712,-0.191781,1.000000,-0.328767,0.410959,-0.465753,0.534247,-0.506849,0.630137,-0.493151,0.726027
F,Right,legacy_bisindo_F_544,0.000000,0.000000,0.160000,0.093333,0.266667,0.266667,0.320000,0.413333,0.360000,0.520000,0.080000,0.493333,0.146667,0.653333,0.240000,0.693333,0.320000,0.706667,-0.066667,0.533333,-0.026667,0.746667,0.066667,0.853333,0.160000,0.933333,-0.200000,0.493333,-0.253333,0.733333,-0.213333,0.880000,-0.146667,1.000000,-0.320000,0.413333,-0.453333,0.533333,-0.506667,0.640000,-0.493333,0.706667
F,Right,legacy_bisindo_F_545,0.000000,0.000000,0.142857,0.085714,0.242857,0.228571,0.314286,0.342857,0.371429,0.442857,0.071429,0.457143,0.171429,0.628571,0.271429,0.714286,0.371429,0.757143,-0.057143,0.500000,-0.014286,0.728571,0.085714,0.857143,0.185714,0.957143,-0.185714,0.485714,-0.242857,0.728571,-0.185714,0.885714,-0.128571,1.000000,-0.300000,0.414286,-0.414286,0.557143,-0.442857,0.671429,-0.428571,0.771429
F,Right,legacy_bisindo_F_546,0.000000,0.000000,0.074074,-0.203704,0.092593,-0.425926,0.092593,-0.555556,0.055556,-0.648148,-0.277778,-0.537037,-0.500000,-0.722222,-0.500000,-0.888889,-0.444444,-1.000000,-0.314815,-0.537037,-0.481481,-0.740741,-0.462963,-0.870370,-0.444444,-0.944444,-0.314815,-0.500000,-0.203704,-0.703704,-0.092593,-0.648148,-0.037037,-0.574074,-0.277778,-0.462963,-0.129630,-0.611111,-0.055556,-0.574074,-0.055556,-0.500000
F,Right,legacy_bisindo_F_547,0.000000,0.000000,0.061538,-0.153846,0.076923,-0.323077,0.076923,-0.446154,0.030769,-0.538462,-0.215385,-0.430769,-0.415385,-0.600000,-0.430769,-0.723077,-0.369231,-0.815385,-0.215385,-0.446154,-0.276923,-0.707692,-0.215385,-0.876923,-0.123077,-1.000000,-0.230769,-0.430769,-0.138462,-0.600000,-0.046154,-0.569231,0.000000,-0.507692,-0.200000,-0.384615,-0.107692,-0.492308,-0.030769,-0.476923,-0.015385,-0.415385
F,Right,legacy_bisindo_F_548,0.000000,0.000000,0.038462,-0.192308,0.019231,-0.423077,0.038462,-0.557692,0.000000,-0.673077,-0.288462,-0.519231,-0.480769,-0.730769,-0.461538,-0.884615,-0.384615,-1.000000,-0.307692,-0.519231,-0.442308,-0.750000,-0.442308,-0.865385,-0.403846,-0.942308,-0.269231,-0.500000,-0.192308,-0.692308,-0.096154,-0.673077,-0.057692,-0.615385,-0.211538,-0.461538,-0.096154,-0.615385,-0.019231,-0.576923,-0.019231,-0.519231
F,Right,legacy_bisindo_F_549,0.000000,0.000000,0.036364,-0.200000,0.036364,-0.418182,0.054545,-0.563636,0.018182,-0.636364,-0.272727,-0.527273,-0.436364,-0.727273,-0.418182,-0.872727,-0.345455,-0.963636,-0.272727,-0.527273,-0.363636,-0.781818,-0.345455,-0.909091,-0.327273,-1.000000,-0.254545,-0.509091,-0.127273,-0.709091,-0.036364,-0.654545,-0.018182,-0.581818,-0.200000,-0.454545,-0.054545,-0.600000,0.000000,-0.563636,-0.018182,-0.490909
F,Right,legacy_bisindo_F_550,0.000000,0.000000,0.074074,-0.166667,0.092593,-0.388889,0.111111,-0.537037,0.092593,-0.629630,-0.240741,-0.518519,-0.425926,-0.722222,-0.425926,-0.870370,-0.370370,-0.981481,-0.259259,-0.518519,-0.444444,-0.777778,-0.425926,-0.907407,-0.407407,-1.000000,-0.259259,-0.500000,-0.185185,-0.703704,-0.092593,-0.666667,-0.055556,-0.611111,-0.222222,-0.462963,-0.111111,-0.611111,-0.055556,-0.574074,-0.037037,-0.518519
F,Right,legacy_bisindo_F_551,0.000000,0.000000,0.084746,-0.169492,0.101695,-0.372881,0.118644,-0.508475,0.101695,-0.610169,-0.237288,-0.508475,-0.406780,-0.694915,-0.406780,-0.830508,-0.372881,-0.932203,-0.271186,-0.525424,-0.372881,-0.779661,-0.338983,-0.915254,-0.305085,-1.000000,-0.271186,-0.491525,-0.169492,-0.694915,-0.084746,-0.644068,-0.067797,-0.576271,-0.237288,-0.440678,-0.118644,-0.593220,-0.067797,-0.542373,-0.067797,-0.474576
F,Right,legacy_bisindo_F_552,0.000000,0.000000,0.087719,-0.157895,0.122807,-0.368421,0.140351,-0.526316,0.105263,-0.614035,-0.245614,-0.508772,-0.456140,-0.701754,-0.456140,-0.859649,-0.385965,-0.964912,-0.263158,-0.526316,-0.368421,-0.771930,-0.315789,-0.912281,-0.263158,-1.000000,-0.263158,-0.491228,-0.157895,-0.684211,-0.052632,-0.649123,-0.017544,-0.578947,-0.228070,-0.456140,-0.105263,-0.578947,-0.035088,-0.543860,-0.017544,-0.473684
F,Right,legacy_bisindo_F_553,0.000000,0.000000,0.122807,-0.157895,0.175439,-0.368421,0.210526,-0.526316,0.192982,-0.631579,-0.228070,-0.526316,-0.421053,-0.719298,-0.456140,-0.877193,-0.403509,-0.982456,-0.280702,-0.543860,-0.456140,-0.771930,-0.438596,-0.912281,-0.403509,-1.000000,-0.298246,-0.508772,-0.245614,-0.701754,-0.140351,-0.649123,-0.070175,-0.578947,-0.280702,-0.473684,-0.175439,-0.614035,-0.105263,-0.561404,-0.087719,-0.491228
F,Right,legacy_bisindo_F_554,0.000000,0.000000,0.115942,-0.115942,0.173913,-0.304348,0.217391,-0.434783,0.217391,-0.536232,-0.144928,-0.420290,-0.347826,-0.565217,-0.362319,-0.681159,-0.318841,-0.768116,-0.173913,-0.434783,-0.188406,-0.695652,-0.101449,-0.884058,0.014493,-1.000000,-0.202899,-0.420290,-0.144928,-0.623188,-0.057971,-0.666667,0.014493,-0.681159,-0.217391,-0.376812,-0.173913,-0.492754,-0.101449,-0.478261,-0.057971,-0.449275
F,Right,legacy_bisindo_F_555,0.000000,0.000000,0.090909,0.121212,0.151515,0.303030,0.227273,0.439394,0.303030,0.545455,0.030303,0.439394,0.121212,0.636364,0.212121,0.757576,0.303030,0.848485,-0.075758,0.469697,-0.015152,0.727273,0.075758,0.878788,0.181818,1.000000,-0.181818,0.454545,-0.196970,0.712121,-0.151515,0.878788,-0.075758,1.000000,-0.287879,0.393939,-0.409091,0.530303,-0.424242,0.651515,-0.409091,0.742424
F,Right,legacy_bisindo_F_556,0.000000,0.000000,0.126761,-0.126761,0.197183,-0.323944,0.239437,-0.464789,0.267606,-0.577465,-0.084507,-0.450704,-0.239437,-0.591549,-0.239437,-0.690141,-0.197183,-0.760563,-0.154930,-0.464789,-0.183099,-0.704225,-0.126761,-0.873239,-0.028169,-1.000000,-0.225352,-0.422535,-0.183099,-0.605634,-0.112676,-0.633803,-0.042254,-0.633803,-0.281690,-0.366197,-0.225352,-0.478873,-0.183099,-0.464789,-0.154930,-0.422535
F,Right,legacy_bisindo_F_557,0.000000,0.000000,0.142857,-0.142857,0.196429,-0.339286,0.232143,-0.500000,0.232143,-0.625000,-0.160714,-0.535714,-0.357143,-0.714286,-0.392857,-0.857143,-0.357143,-0.946429,-0.232143,-0.535714,-0.410714,-0.767857,-0.428571,-0.910714,-0.392857,-1.000000,-0.285714,-0.500000,-0.285714,-0.696429,-0.214286,-0.696429,-0.160714,-0.678571,-0.321429,-0.464286,-0.267857,-0.589286,-0.214286,-0.571429,-0.196429,-0.535714
F,Right,legacy_bisindo_F_558,0.000000,0.000000,0.163636,-0.127273,0.254545,-0.290909,0.327273,-0.400000,0.345455,-0.472727,-0.181818,-0.545455,-0.400000,-0.745455,-0.436364,-0.890909,-0.381818,-1.000000,-0.254545,-0.545455,-0.418182,-0.763636,-0.418182,-0.890909,-0.381818,-0.945455,-0.290909,-0.527273,-0.254545,-0.709091,-0.181818,-0.690909,-0.127273,-0.654545,-0.309091,-0.490909,-0.200000,-0.636364,-0.127273,-0.600000,-0.109091,-0.527273
F,Right,legacy_bisindo_F_559,0.000000,0.000000,0.090909,0.090909,0.181818,0.257576,0.257576,0.378788,0.318182,0.469697,0.045455,0.393939,0.121212,0.590909,0.196970,0.696970,0.272727,0.787879,-0.060606,0.439394,-0.030303,0.696970,0.060606,0.863636,0.136364,1.000000,-0.166667,0.439394,-0.212121,0.712121,-0.166667,0.848485,-0.106061,0.969697,-0.257576,0.393939,-0.378788,0.545455,-0.409091,0.651515,-0.378788,0.742424
F,Right,legacy_bisindo_F_560,0.000000,0.000000,0.128571,-0.085714,0.228571,-0.200000,0.285714,-0.285714,0.314286,-0.342857,-0.057143,-0.442857,-0.200000,-0.571429,-0.214286,-0.685714,-0.171429,-0.757143,-0.128571,-0.457143,-0.171429,-0.685714,-0.114286,-0.871429,-0.028571,-1.000000,-0.214286,-0.442857,-0.171429,-0.614286,-0.071429,-0.685714,0.000000,-0.728571,-0.285714,-0.385714,-0.228571,-0.471429,-0.185714,-0.471429,-0.142857,-0.442857
F,Right,legacy_bisindo_F_561,0.000000,0.000000,0.121212,0.090909,0.212121,0.227273,0.303030,0.348485,0.393939,0.424242,0.045455,0.454545,0.136364,0.636364,0.212121,0.757576,0.303030,0.848485,-0.075758,0.500000,-0.015152,0.727273,0.075758,0.863636,0.181818,0.984848,-0.181818,0.484848,-0.227273,0.727273,-0.196970,0.878788,-0.136364,1.000000,-0.287879,0.439394,-0.409091,0.575758,-0.439394,0.681818,-0.424242,0.772727
F,Right,legacy_bisindo_F_562,0.000000,0.000000,0.115942,-0.115942,0.202899,-0.246377,0.246377,-0.347826,0.246377,-0.434783,-0.159420,-0.449275,-0.347826,-0.579710,-0.376812,-0.695652,-0.333333,-0.782609,-0.217391,-0.463768,-0.275362,-0.695652,-0.217391,-0.869565,-0.144928,-1.000000,-0.246377,-0.449275,-0.173913,-0.608696,-0.086957,-0.579710,-0.043478,-0.536232,-0.246377,-0.405797,-0.144928,-0.507246,-0.101449,-0.463768,-0.072464,-0.405797
F,Right,legacy_bisindo_F_563,0.000000,0.000000,0.093750,0.093750,0.171875,0.250000,0.265625,0.390625,0.359375,0.484375,0.015625,0.453125,0.078125,0.640625,0.171875,0.750000,0.250000,0.843750,-0.093750,0.484375,-0.078125,0.718750,0.000000,0.875000,0.093750,1.000000,-0.203125,0.468750,-0.265625,0.687500,-0.265625,0.812500,-0.250000,0.921875,-0.281250,0.421875,-0.390625,0.546875,-0.437500,0.640625,-0.453125,0.703125
F,Right,legacy_bisindo_F_564,0.000000,0.000000,0.151515,-0.075758,0.272727,-0.181818,0.333333,-0.257576,0.378788,-0.318182,0.000000,-0.454545,-0.090909,-0.575758,-0.075758,-0.681818,-0.015152,-0.772727,-0.106061,-0.484848,-0.136364,-0.712121,-0.090909,-0.878788,-0.015152,-1.000000,-0.196970,-0.454545,-0.196970,-0.681818,-0.136364,-0.833333,-0.060606,-0.924242,-0.287879,-0.393939,-0.287879,-0.500000,-0.257576,-0.515152,-0.227273,-0.484848
F,Right,legacy_bisindo_F_565,0.000000,0.000000,0.151515,0.075758,0.257576,0.227273,0.348485,0.348485,0.454545,0.439394,0.106061,0.424242,0.212121,0.621212,0.303030,0.727273,0.393939,0.803030,-0.015152,0.484848,0.060606,0.727273,0.166667,0.863636,0.257576,0.969697,-0.151515,0.484848,-0.181818,0.727273,-0.136364,0.878788,-0.090909,1.000000,-0.272727,0.424242,-0.393939,0.560606,-0.424242,0.666667,-0.409091,0.742424
F,Right,legacy_bisindo_F_566,0.000000,0.000000,0.176471,-0.088235,0.294118,-0.235294,0.338235,-0.367647,0.382353,-0.455882,0.073529,-0.455882,0.147059,-0.602941,0.250000,-0.676471,0.338235,-0.720588,-0.058824,-0.500000,0.000000,-0.705882,0.088235,-0.838235,0.191176,-0.926471,-0.191176,-0.470588,-0.205882,-0.705882,-0.147059,-0.882353,-0.073529,-1.000000,-0.323529,-0.411765,-0.426471,-0.573529,-0.441176,-0.676471,-0.411765,-0.750000
F,Right,legacy_bisindo_F_567,0.000000,0.000000,0.151515,0.060606,0.272727,0.166667,0.363636,0.272727,0.439394,0.348485,0.090909,0.454545,0.196970,0.621212,0.303030,0.727273,0.393939,0.787879,-0.045455,0.500000,0.015152,0.727273,0.121212,0.863636,0.227273,0.969697,-0.166667,0.484848,-0.227273,0.727273,-0.181818,0.878788,-0.121212,1.000000,-0.287879,0.424242,-0.424242,0.560606,-0.454545,0.666667,-0.424242,0.757576
F,Right,legacy_bisindo_F_568,0.000000,0.000000,0.149254,-0.074627,0.268657,-0.194030,0.328358,-0.268657,0.373134,-0.328358,0.044776,-0.462687,0.119403,-0.626866,0.223881,-0.746269,0.313433,-0.820896,-0.074627,-0.492537,-0.029851,-0.701493,0.059701,-0.865672,0.149254,-0.970149,-0.194030,-0.462687,-0.238806,-0.701493,-0.179104,-0.865672,-0.104478,-1.000000,-0.313433,-0.402985,-0.432836,-0.552239,-0.447761,-0.656716,-0.432836,-0.746269
F,Right,legacy_bisindo_F_569,0.000000,0.000000,0.132353,0.088235,0.235294,0.220588,0.308824,0.352941,0.382353,0.455882,0.073529,0.455882,0.176471,0.647059,0.279412,0.735294,0.367647,0.808824,-0.058824,0.500000,0.000000,0.720588,0.102941,0.867647,0.205882,0.970588,-0.176471,0.485294,-0.235294,0.720588,-0.191176,0.882353,-0.117647,1.000000,-0.294118,0.426471,-0.426471,0.558824,-0.441176,0.661765,-0.426471,0.750000
F,Right,legacy_bisindo_F_570,0.000000,0.000000,0.140625,-0.093750,0.234375,-0.250000,0.281250,-0.359375,0.312500,-0.453125,-0.046875,-0.453125,-0.171875,-0.593750,-0.156250,-0.703125,-0.109375,-0.781250,-0.140625,-0.484375,-0.140625,-0.703125,-0.062500,-0.875000,0.046875,-1.000000,-0.234375,-0.453125,-0.234375,-0.671875,-0.140625,-0.812500,-0.046875,-0.906250,-0.328125,-0.406250,-0.343750,-0.531250,-0.312500,-0.562500,-0.265625,-0.593750
F,Right,legacy_bisindo_F_571,0.000000,0.000000,0.126984,0.063492,0.206349,0.206349,0.301587,0.349206,0.380952,0.444444,0.047619,0.460317,0.142857,0.650794,0.238095,0.746032,0.333333,0.809524,-0.095238,0.507937,-0.047619,0.746032,0.047619,0.888889,0.158730,1.000000,-0.206349,0.492063,-0.285714,0.714286,-0.269841,0.841270,-0.238095,0.952381,-0.317460,0.428571,-0.444444,0.555556,-0.476190,0.666667,-0.476190,0.746032
F,Right,legacy_bisindo_F_572,0.000000,0.000000,0.122449,0.081633,0.244898,0.224490,0.387755,0.346939,0.510204,0.428571,-0.102041,0.530612,-0.163265,0.693878,-0.142857,0.816327,-0.122449,0.897959,-0.244898,0.571429,-0.346939,0.775510,-0.367347,0.897959,-0.367347,1.000000,-0.346939,0.571429,-0.489796,0.755102,-0.530612,0.897959,-0.530612,1.000000,-0.428571,0.530612,-0.591837,0.673469,-0.653061,0.775510,-0.653061,0.857143
F,Right,legacy_bisindo_F_573,0.000000,0.000000,0.183673,-0.102041,0.285714,-0.285714,0.387755,-0.387755,0.448980,-0.469388,-0.204082,-0.551020,-0.428571,-0.734694,-0.489796,-0.877551,-0.448980,-0.979592,-0.306122,-0.551020,-0.551020,-0.734694,-0.591837,-0.897959,-0.571429,-1.000000,-0.346939,-0.510204,-0.346939,-0.693878,-0.204082,-0.693878,-0.102041,-0.632653,-0.367347,-0.469388,-0.285714,-0.612245,-0.163265,-0.571429,-0.102041,-0.510204
F,Right,legacy_bisindo_F_574,0.000000,0.000000,0.163265,-0.122449,0.244898,-0.306122,0.306122,-0.448980,0.306122,-0.571429,-0.204082,-0.551020,-0.469388,-0.734694,-0.510204,-0.877551,-0.469388,-1.000000,-0.285714,-0.551020,-0.510204,-0.775510,-0.530612,-0.918367,-0.489796,-1.000000,-0.346939,-0.530612,-0.346939,-0.734694,-0.224490,-0.755102,-0.142857,-0.755102,-0.367347,-0.489796,-0.306122,-0.632653,-0.204082,-0.612245,-0.142857,-0.551020
F,Right,legacy_bisindo_F_575,0.000000,0.000000,0.113208,0.056604,0.207547,0.207547,0.283019,0.339623,0.377358,0.433962,-0.037736,0.452830,-0.056604,0.622642,0.000000,0.735849,0.037736,0.811321,-0.169811,0.490566,-0.226415,0.716981,-0.207547,0.867925,-0.169811,1.000000,-0.264151,0.490566,-0.377358,0.698113,-0.396226,0.792453,-0.415094,0.867925,-0.358491,0.452830,-0.490566,0.584906,-0.547170,0.660377,-0.566038,0.735849
F,Right,legacy_bisindo_F_576,0.000000,0.000000,0.122449,0.081633,0.224490,0.265306,0.306122,0.408163,0.367347,0.510204,-0.061224,0.510204,-0.081633,0.693878,-0.040816,0.816327,0.000000,0.897959,-0.204082,0.551020,-0.285714,0.755102,-0.285714,0.897959,-0.265306,1.000000,-0.306122,0.551020,-0.428571,0.734694,-0.448980,0.877551,-0.448980,0.959184,-0.408163,0.510204,-0.551020,0.632653,-0.612245,0.734694,-0.632653,0.816327
F,Right,legacy_bisindo_F_577,0.000000,0.000000,0.156250,-0.062500,0.281250,-0.171875,0.343750,-0.250000,0.421875,-0.312500,0.031250,-0.453125,0.109375,-0.625000,0.203125,-0.734375,0.312500,-0.812500,-0.078125,-0.484375,-0.046875,-0.687500,0.062500,-0.843750,0.156250,-0.953125,-0.218750,-0.468750,-0.265625,-0.687500,-0.234375,-0.859375,-0.156250,-1.000000,-0.328125,-0.390625,-0.468750,-0.531250,-0.484375,-0.640625,-0.453125,-0.734375
F,Right,legacy_bisindo_F_578,0.000000,0.000000,0.137931,0.051724,0.258621,0.189655,0.362069,0.327586,0.465517,0.413793,0.068966,0.448276,0.155172,0.655172,0.258621,0.775862,0.344828,0.844828,-0.086207,0.500000,-0.034483,0.741379,0.068966,0.879310,0.189655,1.000000,-0.224138,0.500000,-0.293103,0.724138,-0.275862,0.862069,-0.241379,0.965517,-0.344828,0.431034,-0.500000,0.551724,-0.534483,0.655172,-0.534483,0.741379
F,Right,legacy_bisindo_F_579,0.000000,0.000000,0.137255,-0.137255,0.196078,-0.333333,0.254902,-0.490196,0.254902,-0.588235,-0.215686,-0.549020,-0.470588,-0.705882,-0.509804,-0.843137,-0.470588,-0.960784,-0.313725,-0.549020,-0.549020,-0.745098,-0.568627,-0.901961,-0.529412,-1.000000,-0.372549,-0.509804,-0.431373,-0.705882,-0.352941,-0.784314,-0.254902,-0.823529,-0.372549,-0.450980,-0.392157,-0.588235,-0.313725,-0.627451,-0.254902,-0.627451
F,Right,legacy_bisindo_F_580,0.000000,0.000000,0.187500,-0.104167,0.291667,-0.270833,0.416667,-0.395833,0.479167,-0.479167,-0.208333,-0.562500,-0.479167,-0.729167,-0.520833,-0.875000,-0.479167,-1.000000,-0.291667,-0.562500,-0.520833,-0.750000,-0.520833,-0.875000,-0.479167,-0.958333,-0.354167,-0.541667,-0.479167,-0.729167,-0.437500,-0.812500,-0.375000,-0.854167,-0.395833,-0.500000,-0.479167,-0.645833,-0.437500,-0.708333,-0.395833,-0.708333
F,Right,legacy_bisindo_F_581,0.000000,0.000000,0.081967,-0.114754,0.131148,-0.278689,0.147541,-0.393443,0.163934,-0.475410,-0.147541,-0.442623,-0.360656,-0.573770,-0.377049,-0.672131,-0.344262,-0.754098,-0.196721,-0.459016,-0.278689,-0.688525,-0.229508,-0.868852,-0.147541,-1.000000,-0.262295,-0.426230,-0.311475,-0.590164,-0.278689,-0.655738,-0.229508,-0.672131,-0.311475,-0.377049,-0.377049,-0.475410,-0.360656,-0.524590,-0.311475,-0.524590
F,Right,legacy_bisindo_F_582,0.000000,0.000000,0.114754,-0.114754,0.180328,-0.295082,0.229508,-0.442623,0.262295,-0.540984,-0.049180,-0.459016,-0.049180,-0.622951,0.032787,-0.737705,0.114754,-0.819672,-0.163934,-0.475410,-0.196721,-0.688525,-0.147541,-0.868852,-0.065574,-1.000000,-0.262295,-0.442623,-0.393443,-0.622951,-0.377049,-0.770492,-0.344262,-0.868852,-0.344262,-0.360656,-0.459016,-0.491803,-0.475410,-0.573770,-0.426230,-0.622951
F,Right,legacy_bisindo_F_583,0.000000,0.000000,0.163265,-0.122449,0.285714,-0.285714,0.387755,-0.387755,0.448980,-0.489796,-0.163265,-0.591837,-0.224490,-0.775510,-0.183673,-0.897959,-0.102041,-0.979592,-0.306122,-0.591837,-0.571429,-0.755102,-0.591837,-0.897959,-0.530612,-1.000000,-0.408163,-0.551020,-0.693878,-0.714286,-0.734694,-0.877551,-0.673469,-0.959184,-0.469388,-0.489796,-0.653061,-0.612245,-0.673469,-0.714286,-0.632653,-0.775510
F,Right,legacy_bisindo_F_584,0.000000,0.000000,0.089552,0.134328,0.134328,0.298507,0.179104,0.432836,0.208955,0.537313,-0.089552,0.462687,-0.089552,0.641791,-0.044776,0.761194,0.014925,0.865672,-0.179104,0.477612,-0.253731,0.701493,-0.223881,0.880597,-0.134328,1.000000,-0.253731,0.447761,-0.432836,0.611940,-0.462687,0.716418,-0.447761,0.805970,-0.313433,0.373134,-0.492537,0.417910,-0.567164,0.477612,-0.567164,0.522388
F,Right,legacy_bisindo_F_585,0.000000,0.000000,0.157143,0.100000,0.242857,0.228571,0.328571,0.328571,0.400000,0.428571,0.000000,0.471429,0.114286,0.628571,0.214286,0.700000,0.314286,0.728571,-0.114286,0.514286,-0.071429,0.742857,0.028571,0.871429,0.142857,0.971429,-0.228571,0.485714,-0.314286,0.714286,-0.285714,0.871429,-0.214286,1.000000,-0.328571,0.400000,-0.514286,0.471429,-0.571429,0.542857,-0.571429,0.614286
F,Right,legacy_bisindo_F_586,0.000000,0.000000,0.128571,0.100000,0.214286,0.228571,0.285714,0.328571,0.357143,0.428571,-0.057143,0.457143,0.028571,0.642857,0.114286,0.728571,0.200000,0.800000,-0.171429,0.500000,-0.185714,0.714286,-0.142857,0.871429,-0.071429,1.000000,-0.271429,0.471429,-0.385714,0.642857,-0.400000,0.771429,-0.371429,0.871429,-0.342857,0.385714,-0.514286,0.442857,-0.571429,0.500000,-0.585714,0.557143
F,Right,legacy_bisindo_F_587,0.000000,0.000000,0.147059,0.088235,0.235294,0.220588,0.338235,0.352941,0.411765,0.441176,0.000000,0.485294,0.102941,0.647059,0.220588,0.720588,0.323529,0.750000,-0.132353,0.529412,-0.088235,0.750000,0.029412,0.882353,0.132353,0.970588,-0.250000,0.485294,-0.338235,0.720588,-0.308824,0.882353,-0.250000,1.000000,-0.338235,0.397059,-0.529412,0.485294,-0.588235,0.573529,-0.588235,0.647059
F,Right,legacy_bisindo_F_588,0.000000,0.000000,0.142857,-0.085714,0.257143,-0.200000,0.328571,-0.285714,0.371429,-0.357143,0.014286,-0.428571,0.100000,-0.600000,0.200000,-0.685714,0.314286,-0.728571,-0.100000,-0.471429,-0.042857,-0.685714,0.042857,-0.857143,0.128571,-0.957143,-0.214286,-0.457143,-0.271429,-0.671429,-0.228571,-0.857143,-0.142857,-1.000000,-0.328571,-0.400000,-0.485714,-0.485714,-0.528571,-0.557143,-0.514286,-0.614286
F,Right,legacy_bisindo_F_589,0.000000,0.000000,0.128571,0.085714,0.228571,0.200000,0.314286,0.314286,0.385714,0.400000,0.000000,0.442857,0.071429,0.614286,0.157143,0.700000,0.228571,0.771429,-0.142857,0.471429,-0.142857,0.714286,-0.071429,0.871429,0.000000,1.000000,-0.257143,0.442857,-0.371429,0.642857,-0.371429,0.800000,-0.342857,0.914286,-0.342857,0.357143,-0.514286,0.428571,-0.571429,0.500000,-0.585714,0.557143
F,Right,legacy_bisindo_F_590,0.000000,0.000000,0.114286,0.085714,0.214286,0.185714,0.314286,0.300000,0.385714,0.414286,-0.057143,0.428571,0.014286,0.600000,0.085714,0.700000,0.157143,0.771429,-0.185714,0.471429,-0.185714,0.714286,-0.100000,0.885714,0.000000,1.000000,-0.300000,0.457143,-0.414286,0.657143,-0.400000,0.800000,-0.357143,0.914286,-0.371429,0.385714,-0.557143,0.428571,-0.600000,0.500000,-0.600000,0.571429
F,Right,legacy_bisindo_F_591,0.000000,0.000000,0.128571,0.085714,0.214286,0.228571,0.300000,0.342857,0.371429,0.457143,-0.057143,0.485714,0.057143,0.657143,0.157143,0.742857,0.242857,0.785714,-0.185714,0.528571,-0.142857,0.757143,-0.057143,0.885714,0.042857,1.000000,-0.300000,0.500000,-0.371429,0.700000,-0.357143,0.857143,-0.314286,0.985714,-0.385714,0.400000,-0.528571,0.485714,-0.585714,0.542857,-0.600000,0.600000
F,Right,legacy_bisindo_F_592,0.000000,0.000000,0.125000,0.097222,0.208333,0.236111,0.305556,0.361111,0.361111,0.486111,-0.041667,0.472222,0.027778,0.652778,0.111111,0.736111,0.194444,0.805556,-0.180556,0.513889,-0.166667,0.722222,-0.097222,0.875000,-0.013889,1.000000,-0.277778,0.486111,-0.388889,0.666667,-0.388889,0.819444,-0.347222,0.944444,-0.361111,0.402778,-0.527778,0.472222,-0.583333,0.555556,-0.583333,0.625000
F,Right,legacy_bisindo_F_593,0.000000,0.000000,0.125000,0.111111,0.208333,0.250000,0.291667,0.375000,0.347222,0.486111,-0.055556,0.486111,0.013889,0.652778,0.111111,0.750000,0.194444,0.805556,-0.180556,0.527778,-0.152778,0.750000,-0.069444,0.888889,0.027778,0.986111,-0.291667,0.486111,-0.388889,0.708333,-0.361111,0.875000,-0.319444,1.000000,-0.388889,0.402778,-0.555556,0.458333,-0.625000,0.527778,-0.638889,0.597222
F,Right,legacy_bisindo_F_594,0.000000,0.000000,0.111111,0.111111,0.194444,0.263889,0.277778,0.402778,0.319444,0.527778,-0.041667,0.500000,0.013889,0.666667,0.083333,0.777778,0.152778,0.847222,-0.166667,0.513889,-0.152778,0.750000,-0.097222,0.888889,-0.027778,1.000000,-0.277778,0.486111,-0.347222,0.694444,-0.333333,0.833333,-0.305556,0.958333,-0.361111,0.402778,-0.527778,0.486111,-0.583333,0.569444,-0.569444,0.638889
F,Right,legacy_bisindo_F_595,0.000000,0.000000,0.126761,-0.098592,0.239437,-0.239437,0.309859,-0.338028,0.366197,-0.422535,-0.028169,-0.492958,0.056338,-0.647887,0.154930,-0.732394,0.253521,-0.788732,-0.154930,-0.521127,-0.126761,-0.746479,-0.042254,-0.901408,0.042254,-1.000000,-0.281690,-0.492958,-0.352113,-0.704225,-0.323944,-0.873239,-0.267606,-1.000000,-0.394366,-0.408451,-0.563380,-0.507042,-0.563380,-0.577465,-0.521127,-0.633803
F,Right,legacy_bisindo_F_596,0.000000,0.000000,0.133333,0.133333,0.226667,0.320000,0.266667,0.493333,0.280000,0.640000,-0.013333,0.506667,0.066667,0.666667,0.146667,0.746667,0.240000,0.786667,-0.133333,0.533333,-0.106667,0.760000,-0.026667,0.880000,0.066667,0.973333,-0.266667,0.506667,-0.306667,0.733333,-0.280000,0.880000,-0.226667,1.000000,-0.373333,0.426667,-0.506667,0.533333,-0.546667,0.626667,-0.546667,0.720000
F,Right,legacy_bisindo_F_597,0.000000,0.000000,0.160000,0.120000,0.266667,0.293333,0.306667,0.453333,0.306667,0.586667,0.026667,0.480000,0.106667,0.626667,0.186667,0.693333,0.266667,0.733333,-0.106667,0.506667,-0.080000,0.733333,0.000000,0.866667,0.080000,0.946667,-0.240000,0.493333,-0.293333,0.720000,-0.266667,0.866667,-0.213333,1.000000,-0.360000,0.413333,-0.493333,0.520000,-0.533333,0.626667,-0.520000,0.720000
F,Right,legacy_bisindo_F_598,0.000000,0.000000,0.148649,0.108108,0.270270,0.283784,0.324324,0.445946,0.337838,0.594595,0.054054,0.486486,0.121622,0.648649,0.202703,0.716216,0.283784,0.756757,-0.081081,0.527027,-0.054054,0.743243,0.013514,0.864865,0.108108,0.959459,-0.216216,0.500000,-0.283784,0.729730,-0.256757,0.878378,-0.202703,1.000000,-0.337838,0.418919,-0.472973,0.527027,-0.513514,0.621622,-0.500000,0.716216
F,Right,legacy_bisindo_F_599,0.000000,0.000000,0.162162,0.108108,0.283784,0.270270,0.351351,0.405405,0.351351,0.540541,0.067568,0.486486,0.148649,0.648649,0.229730,0.716216,0.297297,0.756757,-0.067568,0.540541,-0.040541,0.743243,0.027027,0.864865,0.108108,0.959459,-0.216216,0.513514,-0.270270,0.743243,-0.243243,0.891892,-0.189189,1.000000,-0.337838,0.432432,-0.472973,0.540541,-0.500000,0.648649,-0.486486,0.743243
F,Right,legacy_bisindo_F_600,0.000000,0.000000,0.155844,0.116883,0.272727,0.285714,0.324675,0.428571,0.350649,0.584416,0.064935,0.480519,0.142857,0.636364,0.207792,0.701299,0.285714,0.740260,-0.064935,0.519481,-0.025974,0.727273,0.038961,0.844156,0.116883,0.922078,-0.194805,0.493506,-0.233766,0.740260,-0.207792,0.870130,-0.155844,1.000000,-0.324675,0.428571,-0.441558,0.558442,-0.480519,0.649351,-0.480519,0.727273
F,Right,legacy_bisindo_F_601,0.000000,0.000000,0.186667,0.133333,0.306667,0.320000,0.333333,0.493333,0.333333,0.640000,0.080000,0.493333,0.146667,0.653333,0.213333,0.733333,0.293333,0.773333,-0.066667,0.533333,-0.040000,0.760000,0.026667,0.880000,0.093333,0.960000,-0.213333,0.520000,-0.240000,0.746667,-0.226667,0.893333,-0.173333,1.000000,-0.346667,0.440000,-0.453333,0.573333,-0.493333,0.666667,-0.480000,0.760000
F,Right,legacy_bisindo_F_602,0.000000,0.000000,0.168831,0.142857,0.285714,0.337662,0.311688,0.519481,0.324675,0.675325,0.064935,0.493506,0.142857,0.649351,0.220779,0.740260,0.272727,0.779221,-0.064935,0.532468,-0.038961,0.740260,0.025974,0.857143,0.103896,0.935065,-0.207792,0.506494,-0.233766,0.740260,-0.207792,0.883117,-0.155844,1.000000,-0.337662,0.441558,-0.441558,0.558442,-0.480519,0.662338,-0.480519,0.740260
F,Right,legacy_bisindo_F_603,0.000000,0.000000,0.184211,0.144737,0.302632,0.328947,0.328947,0.513158,0.315789,0.671053,0.065789,0.486842,0.144737,0.631579,0.223684,0.697368,0.289474,0.750000,-0.065789,0.513158,-0.026316,0.736842,0.039474,0.855263,0.105263,0.934211,-0.197368,0.500000,-0.236842,0.736842,-0.210526,0.881579,-0.157895,1.000000,-0.328947,0.434211,-0.434211,0.552632,-0.473684,0.657895,-0.460526,0.736842
F,Right,legacy_bisindo_F_604,0.000000,0.000000,0.189189,0.135135,0.337838,0.324324,0.364865,0.513514,0.364865,0.662162,0.121622,0.472973,0.175676,0.621622,0.243243,0.702703,0.297297,0.756757,-0.013514,0.513514,0.013514,0.729730,0.081081,0.837838,0.135135,0.945946,-0.162162,0.500000,-0.189189,0.743243,-0.162162,0.878378,-0.121622,1.000000,-0.310811,0.432432,-0.405405,0.567568,-0.432432,0.662162,-0.432432,0.743243
F,Right,legacy_bisindo_F_605,0.000000,0.000000,0.162162,-0.135135,0.283784,-0.324324,0.310811,-0.500000,0.310811,-0.648649,0.067568,-0.472973,0.135135,-0.608108,0.202703,-0.675676,0.256757,-0.716216,-0.054054,-0.486486,-0.013514,-0.702703,0.040541,-0.837838,0.108108,-0.959459,-0.202703,-0.472973,-0.229730,-0.716216,-0.216216,-0.864865,-0.175676,-1.000000,-0.351351,-0.405405,-0.432432,-0.540541,-0.459459,-0.648649,-0.459459,-0.743243
F,Right,legacy_bisindo_F_606,0.000000,0.000000,0.166667,-0.152778,0.291667,-0.361111,0.291667,-0.541667,0.277778,-0.694444,0.069444,-0.486111,0.138889,-0.638889,0.194444,-0.708333,0.263889,-0.750000,-0.069444,-0.500000,-0.013889,-0.722222,0.041667,-0.861111,0.111111,-0.972222,-0.208333,-0.486111,-0.236111,-0.722222,-0.208333,-0.875000,-0.166667,-1.000000,-0.361111,-0.430556,-0.444444,-0.569444,-0.472222,-0.680556,-0.458333,-0.763889
F,Right,legacy_bisindo_F_607,0.000000,0.000000,0.166667,-0.125000,0.305556,-0.319444,0.333333,-0.500000,0.347222,-0.652778,0.097222,-0.472222,0.166667,-0.625000,0.222222,-0.694444,0.277778,-0.750000,-0.041667,-0.500000,0.013889,-0.708333,0.069444,-0.861111,0.125000,-0.972222,-0.194444,-0.486111,-0.208333,-0.722222,-0.194444,-0.875000,-0.152778,-1.000000,-0.333333,-0.402778,-0.430556,-0.541667,-0.458333,-0.652778,-0.444444,-0.736111
F,Right,legacy_bisindo_F_608,0.000000,0.000000,0.169014,-0.126761,0.295775,-0.338028,0.281690,-0.521127,0.267606,-0.690141,0.070423,-0.478873,0.126761,-0.633803,0.197183,-0.704225,0.267606,-0.746479,-0.070423,-0.492958,-0.028169,-0.704225,0.042254,-0.859155,0.098592,-0.971831,-0.211268,-0.464789,-0.225352,-0.704225,-0.211268,-0.873239,-0.154930,-1.000000,-0.366197,-0.408451,-0.450704,-0.549296,-0.464789,-0.647887,-0.464789,-0.746479
F,Right,legacy_bisindo_F_609,0.000000,0.000000,0.169014,-0.112676,0.323944,-0.295775,0.366197,-0.450704,0.380282,-0.591549,0.098592,-0.478873,0.169014,-0.619718,0.239437,-0.690141,0.295775,-0.746479,-0.028169,-0.507042,0.014085,-0.718310,0.070423,-0.859155,0.126761,-0.971831,-0.183099,-0.478873,-0.211268,-0.718310,-0.197183,-0.873239,-0.154930,-1.000000,-0.338028,-0.408451,-0.422535,-0.563380,-0.450704,-0.661972,-0.450704,-0.746479
F,Right,legacy_bisindo_F_610,0.000000,0.000000,0.183099,-0.140845,0.338028,-0.338028,0.352113,-0.521127,0.323944,-0.690141,0.112676,-0.478873,0.169014,-0.633803,0.225352,-0.704225,0.295775,-0.746479,-0.028169,-0.507042,0.014085,-0.718310,0.056338,-0.873239,0.126761,-0.985915,-0.183099,-0.492958,-0.211268,-0.732394,-0.197183,-0.873239,-0.140845,-1.000000,-0.338028,-0.422535,-0.436620,-0.563380,-0.464789,-0.661972,-0.450704,-0.746479
F,Right,legacy_bisindo_F_611,0.000000,0.000000,0.183099,-0.140845,0.323944,-0.338028,0.309859,-0.535211,0.295775,-0.704225,0.098592,-0.492958,0.154930,-0.633803,0.211268,-0.704225,0.267606,-0.746479,-0.056338,-0.521127,-0.014085,-0.732394,0.042254,-0.873239,0.098592,-0.985915,-0.197183,-0.507042,-0.225352,-0.732394,-0.211268,-0.887324,-0.154930,-1.000000,-0.366197,-0.436620,-0.464789,-0.563380,-0.478873,-0.661972,-0.464789,-0.760563
F,Right,legacy_bisindo_F_612,0.000000,0.000000,0.180556,-0.152778,0.305556,-0.361111,0.291667,-0.555556,0.277778,-0.708333,0.083333,-0.513889,0.138889,-0.652778,0.208333,-0.708333,0.263889,-0.722222,-0.041667,-0.527778,0.000000,-0.736111,0.055556,-0.875000,0.111111,-0.986111,-0.194444,-0.513889,-0.222222,-0.736111,-0.194444,-0.888889,-0.152778,-1.000000,-0.347222,-0.444444,-0.430556,-0.583333,-0.458333,-0.680556,-0.444444,-0.777778
F,Right,legacy_bisindo_F_613,0.000000,0.000000,0.180556,-0.166667,0.305556,-0.375000,0.305556,-0.569444,0.291667,-0.736111,0.083333,-0.527778,0.152778,-0.666667,0.208333,-0.736111,0.277778,-0.763889,-0.055556,-0.541667,0.000000,-0.763889,0.055556,-0.902778,0.125000,-1.000000,-0.194444,-0.527778,-0.222222,-0.750000,-0.194444,-0.888889,-0.138889,-1.000000,-0.347222,-0.458333,-0.458333,-0.597222,-0.486111,-0.694444,-0.458333,-0.777778
F,Right,legacy_bisindo_F_614,0.000000,0.000000,0.164384,-0.150685,0.287671,-0.342466,0.315068,-0.520548,0.328767,-0.671233,0.082192,-0.506849,0.150685,-0.657534,0.219178,-0.726027,0.287671,-0.780822,-0.054795,-0.534247,-0.013699,-0.753425,0.041096,-0.890411,0.123288,-0.986301,-0.205479,-0.520548,-0.219178,-0.753425,-0.205479,-0.890411,-0.150685,-1.000000,-0.342466,-0.452055,-0.452055,-0.589041,-0.479452,-0.684932,-0.465753,-0.767123
F,Right,legacy_bisindo_F_615,0.000000,0.000000,0.150685,-0.164384,0.273973,-0.342466,0.301370,-0.520548,0.328767,-0.657534,0.054795,-0.493151,0.136986,-0.657534,0.219178,-0.726027,0.287671,-0.767123,-0.068493,-0.520548,-0.027397,-0.739726,0.041096,-0.876712,0.123288,-0.986301,-0.219178,-0.506849,-0.246575,-0.753425,-0.219178,-0.890411,-0.150685,-1.000000,-0.356164,-0.452055,-0.465753,-0.589041,-0.493151,-0.684932,-0.479452,-0.767123
F,Right,legacy_bisindo_F_616,0.000000,0.000000,0.136986,-0.136986,0.260274,-0.301370,0.328767,-0.452055,0.369863,-0.575342,0.041096,-0.479452,0.150685,-0.630137,0.219178,-0.698630,0.287671,-0.753425,-0.082192,-0.506849,-0.027397,-0.739726,0.041096,-0.876712,0.123288,-0.986301,-0.219178,-0.493151,-0.246575,-0.739726,-0.219178,-0.890411,-0.164384,-1.000000,-0.369863,-0.438356,-0.465753,-0.589041,-0.479452,-0.684932,-0.465753,-0.767123
F,Right,legacy_bisindo_F_617,0.000000,0.000000,0.148649,-0.162162,0.270270,-0.351351,0.283784,-0.527027,0.283784,-0.675676,0.027027,-0.500000,0.121622,-0.648649,0.202703,-0.716216,0.270270,-0.756757,-0.094595,-0.527027,-0.040541,-0.743243,0.027027,-0.878378,0.108108,-0.972973,-0.229730,-0.500000,-0.256757,-0.743243,-0.229730,-0.891892,-0.175676,-1.000000,-0.364865,-0.445946,-0.472973,-0.581081,-0.500000,-0.675676,-0.486486,-0.756757
F,Right,legacy_bisindo_F_618,0.000000,0.000000,0.148649,-0.148649,0.283784,-0.310811,0.337838,-0.459459,0.378378,-0.594595,0.040541,-0.472973,0.135135,-0.621622,0.229730,-0.702703,0.297297,-0.743243,-0.081081,-0.513514,-0.027027,-0.729730,0.054054,-0.864865,0.135135,-0.972973,-0.216216,-0.500000,-0.256757,-0.743243,-0.216216,-0.891892,-0.162162,-1.000000,-0.351351,-0.432432,-0.472973,-0.567568,-0.500000,-0.662162,-0.472973,-0.743243
F,Right,legacy_bisindo_F_619,0.000000,0.000000,0.162162,-0.135135,0.283784,-0.310811,0.324324,-0.472973,0.364865,-0.608108,0.040541,-0.486486,0.121622,-0.635135,0.216216,-0.716216,0.297297,-0.756757,-0.094595,-0.513514,-0.040541,-0.743243,0.040541,-0.878378,0.121622,-0.972973,-0.229730,-0.500000,-0.270270,-0.743243,-0.229730,-0.891892,-0.175676,-1.000000,-0.364865,-0.445946,-0.472973,-0.567568,-0.500000,-0.662162,-0.500000,-0.743243
F,Right,legacy_bisindo_F_620,0.000000,0.000000,0.150685,-0.150685,0.273973,-0.328767,0.301370,-0.493151,0.328767,-0.643836,0.027397,-0.493151,0.109589,-0.630137,0.191781,-0.712329,0.273973,-0.767123,-0.095890,-0.520548,-0.041096,-0.739726,0.027397,-0.876712,0.109589,-0.972603,-0.232877,-0.506849,-0.273973,-0.739726,-0.246575,-0.890411,-0.191781,-1.000000,-0.369863,-0.438356,-0.479452,-0.589041,-0.506849,-0.684932,-0.506849,-0.767123
F,Right,legacy_bisindo_F_621,0.000000,0.000000,0.166667,-0.152778,0.291667,-0.333333,0.305556,-0.513889,0.305556,-0.666667,0.013889,-0.486111,0.097222,-0.611111,0.180556,-0.694444,0.263889,-0.750000,-0.111111,-0.500000,-0.055556,-0.722222,0.013889,-0.875000,0.097222,-0.986111,-0.250000,-0.486111,-0.291667,-0.722222,-0.263889,-0.875000,-0.208333,-1.000000,-0.388889,-0.416667,-0.513889,-0.555556,-0.541667,-0.652778,-0.541667,-0.750000
F,Right,legacy_bisindo_F_622,0.000000,0.000000,0.166667,-0.138889,0.305556,-0.333333,0.319444,-0.513889,0.319444,-0.666667,0.027778,-0.486111,0.111111,-0.638889,0.194444,-0.722222,0.277778,-0.763889,-0.111111,-0.513889,-0.055556,-0.736111,0.013889,-0.888889,0.111111,-0.986111,-0.250000,-0.486111,-0.291667,-0.736111,-0.263889,-0.888889,-0.194444,-1.000000,-0.388889,-0.416667,-0.513889,-0.541667,-0.555556,-0.652778,-0.541667,-0.736111
F,Right,legacy_bisindo_F_623,0.000000,0.000000,0.180556,0.097222,0.305556,0.277778,0.361111,0.444444,0.402778,0.583333,0.111111,0.472222,0.194444,0.638889,0.277778,0.722222,0.333333,0.763889,-0.041667,0.513889,0.013889,0.736111,0.083333,0.861111,0.166667,0.958333,-0.194444,0.500000,-0.222222,0.736111,-0.180556,0.888889,-0.111111,1.000000,-0.333333,0.430556,-0.472222,0.541667,-0.500000,0.652778,-0.486111,0.736111
F,Right,legacy_bisindo_F_624,0.000000,0.000000,0.189189,0.094595,0.310811,0.243243,0.391892,0.391892,0.472973,0.513514,0.094595,0.418919,0.189189,0.594595,0.270270,0.689189,0.364865,0.729730,-0.040541,0.472973,0.013514,0.729730,0.108108,0.864865,0.229730,0.959459,-0.175676,0.472973,-0.229730,0.716216,-0.175676,0.878378,-0.094595,1.000000,-0.310811,0.391892,-0.459459,0.527027,-0.486486,0.648649,-0.459459,0.756757
F,Right,legacy_bisindo_F_625,0.000000,0.000000,0.174905,-0.072243,0.285171,-0.254753,0.334601,-0.410646,0.330798,-0.528517,0.220532,-0.490494,0.254753,-0.665399,0.266160,-0.623574,0.258555,-0.547529,0.129278,-0.520913,0.148289,-0.749049,0.152091,-0.882129,0.140684,-1.000000,0.045627,-0.505703,0.057034,-0.707224,0.057034,-0.836502,0.053232,-0.950570,-0.045627,-0.448669,-0.026616,-0.596958,-0.019011,-0.695817,-0.011407,-0.790875
F,Right,legacy_bisindo_F_626,0.000000,0.000000,0.175573,-0.068702,0.290076,-0.255725,0.339695,-0.416031,0.332061,-0.538168,0.229008,-0.492366,0.259542,-0.667939,0.267176,-0.641221,0.251908,-0.572519,0.137405,-0.526718,0.156489,-0.751908,0.156489,-0.885496,0.145038,-1.000000,0.049618,-0.507634,0.064885,-0.713740,0.068702,-0.839695,0.061069,-0.950382,-0.041985,-0.458015,-0.022901,-0.610687,-0.007634,-0.706107,-0.003817,-0.801527
F,Right,legacy_bisindo_F_627,0.000000,0.000000,0.174905,-0.072243,0.285171,-0.250951,0.338403,-0.410646,0.334601,-0.532319,0.224335,-0.494297,0.254753,-0.669202,0.258555,-0.638783,0.247148,-0.566540,0.133080,-0.524715,0.152091,-0.752852,0.152091,-0.885932,0.144487,-1.000000,0.045627,-0.505703,0.057034,-0.711027,0.057034,-0.836502,0.053232,-0.950570,-0.041825,-0.448669,-0.026616,-0.600760,-0.015209,-0.699620,-0.007605,-0.794677
F,Right,legacy_bisindo_F_628,0.000000,0.000000,0.174905,-0.060837,0.288973,-0.243346,0.334601,-0.399240,0.338403,-0.513308,0.235741,-0.490494,0.266160,-0.665399,0.273764,-0.627376,0.262357,-0.551331,0.144487,-0.520913,0.163498,-0.749049,0.163498,-0.885932,0.148289,-1.000000,0.060837,-0.505703,0.072243,-0.711027,0.072243,-0.836502,0.064639,-0.950570,-0.030418,-0.452471,-0.011407,-0.600760,0.000000,-0.699620,0.003802,-0.794677
F,Right,legacy_bisindo_F_629,0.000000,0.000000,0.177358,-0.071698,0.290566,-0.256604,0.339623,-0.415094,0.328302,-0.535849,0.226415,-0.494340,0.256604,-0.671698,0.264151,-0.633962,0.252830,-0.558491,0.135849,-0.524528,0.158491,-0.750943,0.154717,-0.886792,0.147170,-1.000000,0.052830,-0.505660,0.064151,-0.709434,0.064151,-0.837736,0.060377,-0.950943,-0.037736,-0.449057,-0.022642,-0.600000,-0.011321,-0.701887,-0.003774,-0.800000
F,Right,legacy_bisindo_F_630,0.000000,0.000000,0.178030,-0.075758,0.295455,-0.268939,0.344697,-0.428030,0.329545,-0.541667,0.234848,-0.500000,0.265152,-0.670455,0.276515,-0.640152,0.265152,-0.568182,0.143939,-0.534091,0.162879,-0.753788,0.162879,-0.886364,0.155303,-1.000000,0.060606,-0.518939,0.075758,-0.719697,0.075758,-0.840909,0.064394,-0.950758,-0.030303,-0.465909,-0.011364,-0.617424,-0.007576,-0.715909,-0.011364,-0.810606
F,Right,legacy_bisindo_F_631,0.000000,0.000000,0.180077,-0.076628,0.291188,-0.268199,0.344828,-0.425287,0.329502,-0.544061,0.226054,-0.498084,0.260536,-0.678161,0.272031,-0.643678,0.264368,-0.567050,0.137931,-0.528736,0.157088,-0.754789,0.160920,-0.885057,0.153257,-1.000000,0.049808,-0.513410,0.065134,-0.716475,0.068966,-0.839080,0.061303,-0.950192,-0.038314,-0.459770,-0.019157,-0.609195,-0.007663,-0.708812,-0.003831,-0.804598
F,Right,legacy_bisindo_F_632,0.000000,0.000000,0.181467,-0.077220,0.297297,-0.270270,0.351351,-0.432432,0.328185,-0.555985,0.231660,-0.501931,0.262548,-0.679537,0.258687,-0.664093,0.239382,-0.606178,0.138996,-0.532819,0.158301,-0.752896,0.154440,-0.884170,0.142857,-1.000000,0.050193,-0.517375,0.065637,-0.718147,0.065637,-0.841699,0.061776,-0.953668,-0.038610,-0.463320,-0.019305,-0.617761,-0.011583,-0.718147,-0.007722,-0.814672
F,Right,legacy_bisindo_F_633,0.000000,0.000000,0.182879,-0.077821,0.295720,-0.268482,0.350195,-0.431907,0.330739,-0.556420,0.233463,-0.501946,0.260700,-0.680934,0.260700,-0.665370,0.241245,-0.603113,0.140078,-0.533074,0.155642,-0.754864,0.155642,-0.891051,0.143969,-1.000000,0.050584,-0.517510,0.066148,-0.719844,0.066148,-0.844358,0.058366,-0.953307,-0.042802,-0.466926,-0.019455,-0.618677,-0.011673,-0.719844,-0.007782,-0.817121
F,Right,legacy_bisindo_F_634,0.000000,0.000000,0.178988,-0.077821,0.291829,-0.268482,0.342412,-0.428016,0.330739,-0.552529,0.221790,-0.501946,0.252918,-0.680934,0.256809,-0.653696,0.245136,-0.583658,0.132296,-0.533074,0.151751,-0.754864,0.147860,-0.891051,0.136187,-1.000000,0.046693,-0.517510,0.058366,-0.719844,0.058366,-0.848249,0.050584,-0.957198,-0.042802,-0.466926,-0.027237,-0.618677,-0.023346,-0.719844,-0.019455,-0.817121
F,Right,legacy_bisindo_F_635,0.000000,0.000000,0.178988,-0.077821,0.291829,-0.264591,0.350195,-0.428016,0.330739,-0.548638,0.225681,-0.501946,0.252918,-0.684825,0.256809,-0.661479,0.245136,-0.591440,0.136187,-0.533074,0.151751,-0.754864,0.147860,-0.891051,0.136187,-1.000000,0.050584,-0.517510,0.062257,-0.719844,0.062257,-0.844358,0.054475,-0.953307,-0.042802,-0.466926,-0.023346,-0.618677,-0.015564,-0.719844,-0.011673,-0.817121
F,Right,legacy_bisindo_F_636,0.000000,0.000000,0.181467,-0.073359,0.301158,-0.262548,0.359073,-0.420849,0.335907,-0.544402,0.235521,-0.494208,0.266409,-0.683398,0.274131,-0.656371,0.266409,-0.583012,0.146718,-0.528958,0.166023,-0.752896,0.166023,-0.888031,0.162162,-1.000000,0.057915,-0.513514,0.077220,-0.718147,0.081081,-0.841699,0.077220,-0.953668,-0.030888,-0.459459,-0.011583,-0.613900,-0.003861,-0.714286,0.003861,-0.810811
F,Right,legacy_bisindo_F_637,0.000000,0.000000,0.180769,-0.065385,0.303846,-0.250000,0.369231,-0.407692,0.353846,-0.530769,0.253846,-0.488462,0.288462,-0.665385,0.292308,-0.642308,0.276923,-0.573077,0.165385,-0.523077,0.188462,-0.750000,0.192308,-0.884615,0.188462,-1.000000,0.076923,-0.511538,0.100000,-0.715385,0.107692,-0.842308,0.107692,-0.957692,-0.015385,-0.465385,0.007692,-0.619231,0.023077,-0.715385,0.030769,-0.811538
F,Right,legacy_bisindo_F_638,0.000000,0.000000,0.179389,-0.072519,0.301527,-0.255725,0.358779,-0.412214,0.354962,-0.534351,0.240458,-0.492366,0.274809,-0.675573,0.290076,-0.641221,0.286260,-0.564885,0.152672,-0.526718,0.183206,-0.748092,0.187023,-0.885496,0.187023,-1.000000,0.068702,-0.511450,0.087786,-0.713740,0.095420,-0.843511,0.099237,-0.958015,-0.022901,-0.461832,0.000000,-0.614504,0.011450,-0.717557,0.022901,-0.812977
F,Right,legacy_bisindo_F_639,0.000000,0.000000,0.180769,-0.069231,0.300000,-0.246154,0.361538,-0.403846,0.350000,-0.526923,0.246154,-0.492308,0.280769,-0.669231,0.296154,-0.634615,0.292308,-0.553846,0.157692,-0.523077,0.184615,-0.750000,0.192308,-0.884615,0.188462,-1.000000,0.069231,-0.511538,0.092308,-0.715385,0.100000,-0.842308,0.100000,-0.957692,-0.023077,-0.461538,0.000000,-0.615385,0.015385,-0.715385,0.026923,-0.811538
F,Right,legacy_bisindo_F_640,0.000000,0.000000,0.180077,-0.068966,0.302682,-0.249042,0.363985,-0.402299,0.360153,-0.517241,0.249042,-0.490421,0.287356,-0.670498,0.295019,-0.632184,0.287356,-0.555556,0.160920,-0.524904,0.191571,-0.750958,0.199234,-0.885057,0.199234,-1.000000,0.072797,-0.513410,0.099617,-0.716475,0.107280,-0.842912,0.107280,-0.957854,-0.019157,-0.463602,0.007663,-0.616858,0.019157,-0.720307,0.030651,-0.816092
F,Right,legacy_bisindo_F_641,0.000000,0.000000,0.163498,-0.072243,0.277567,-0.247148,0.338403,-0.395437,0.326996,-0.509506,0.228137,-0.490494,0.262357,-0.665399,0.266160,-0.634981,0.254753,-0.562738,0.140684,-0.528517,0.167300,-0.749049,0.174905,-0.882129,0.178707,-1.000000,0.053232,-0.513308,0.076046,-0.718631,0.083650,-0.844106,0.091255,-0.958175,-0.038023,-0.460076,-0.015209,-0.615970,0.000000,-0.714829,0.019011,-0.813688
F,Right,legacy_bisindo_F_642,0.000000,0.000000,0.162264,-0.071698,0.267925,-0.245283,0.324528,-0.388679,0.320755,-0.486792,0.215094,-0.494340,0.245283,-0.667925,0.260377,-0.622642,0.252830,-0.547170,0.128302,-0.524528,0.150943,-0.747170,0.166038,-0.879245,0.177358,-1.000000,0.045283,-0.509434,0.067925,-0.713208,0.083019,-0.841509,0.098113,-0.962264,-0.045283,-0.452830,-0.026415,-0.607547,-0.007547,-0.709434,0.018868,-0.811321
F,Right,legacy_bisindo_F_643,0.000000,0.000000,0.154717,-0.067925,0.260377,-0.237736,0.320755,-0.377358,0.305660,-0.486792,0.203774,-0.486792,0.237736,-0.667925,0.249057,-0.633962,0.245283,-0.566038,0.120755,-0.520755,0.147170,-0.747170,0.166038,-0.879245,0.177358,-1.000000,0.033962,-0.505660,0.060377,-0.713208,0.083019,-0.845283,0.101887,-0.966038,-0.056604,-0.456604,-0.033962,-0.611321,-0.011321,-0.713208,0.011321,-0.811321
F,Right,legacy_bisindo_F_644,0.000000,0.000000,0.155556,-0.070370,0.266667,-0.237037,0.325926,-0.370370,0.314815,-0.462963,0.218519,-0.488889,0.255556,-0.662963,0.255556,-0.629630,0.237037,-0.566667,0.129630,-0.525926,0.159259,-0.740741,0.177778,-0.881481,0.185185,-1.000000,0.048148,-0.514815,0.074074,-0.718519,0.092593,-0.851852,0.107407,-0.970370,-0.040741,-0.466667,-0.014815,-0.618519,0.007407,-0.718519,0.033333,-0.811111
F,Right,legacy_bisindo_F_645,0.000000,0.000000,0.167286,-0.066914,0.282528,-0.223048,0.338290,-0.345725,0.342007,-0.434944,0.249071,-0.483271,0.286245,-0.646840,0.278810,-0.598513,0.256506,-0.520446,0.159851,-0.520446,0.193309,-0.743494,0.204461,-0.881041,0.215613,-1.000000,0.070632,-0.509294,0.100372,-0.717472,0.122677,-0.851301,0.137546,-0.973978,-0.022305,-0.457249,0.003717,-0.613383,0.026022,-0.713755,0.048327,-0.810409
F,Right,legacy_bisindo_F_646,0.000000,0.000000,0.163569,-0.059480,0.278810,-0.219331,0.338290,-0.349442,0.342007,-0.446097,0.241636,-0.475836,0.275093,-0.643123,0.278810,-0.598513,0.263941,-0.520446,0.152416,-0.513011,0.178439,-0.739777,0.197026,-0.877323,0.211896,-1.000000,0.063197,-0.501859,0.096654,-0.710037,0.115242,-0.843866,0.137546,-0.970260,-0.029740,-0.449814,-0.007435,-0.605948,0.014870,-0.710037,0.044610,-0.810409
F,Right,legacy_bisindo_F_647,0.000000,0.000000,0.167910,-0.055970,0.279851,-0.208955,0.339552,-0.332090,0.361940,-0.425373,0.238806,-0.477612,0.276119,-0.638060,0.268657,-0.597015,0.246269,-0.526119,0.145522,-0.511194,0.179104,-0.738806,0.197761,-0.876866,0.208955,-1.000000,0.055970,-0.500000,0.089552,-0.708955,0.108209,-0.843284,0.123134,-0.970149,-0.037313,-0.444030,-0.011194,-0.604478,0.007463,-0.708955,0.029851,-0.809701
F,Right,legacy_bisindo_F_648,0.000000,0.000000,0.153846,-0.054945,0.263736,-0.208791,0.336996,-0.340659,0.347985,-0.454212,0.223443,-0.468864,0.267399,-0.644689,0.282051,-0.593407,0.274725,-0.509158,0.139194,-0.505495,0.179487,-0.732601,0.201465,-0.871795,0.216117,-1.000000,0.054945,-0.494505,0.091575,-0.703297,0.109890,-0.835165,0.128205,-0.963370,-0.040293,-0.443223,-0.010989,-0.600733,0.010989,-0.703297,0.036630,-0.805861
F,Right,legacy_bisindo_F_649,0.000000,0.000000,0.156934,-0.051095,0.270073,-0.208029,0.343066,-0.343066,0.339416,-0.456204,0.222628,-0.467153,0.266423,-0.638686,0.277372,-0.583942,0.270073,-0.503650,0.135036,-0.507299,0.171533,-0.733577,0.193431,-0.868613,0.208029,-1.000000,0.047445,-0.496350,0.083942,-0.700730,0.105839,-0.832117,0.124088,-0.956204,-0.043796,-0.448905,-0.014599,-0.605839,0.007299,-0.708029,0.032847,-0.802920
F,Right,legacy_bisindo_F_650,0.000000,0.000000,0.148551,-0.050725,0.260870,-0.199275,0.333333,-0.329710,0.340580,-0.434783,0.224638,-0.467391,0.264493,-0.637681,0.271739,-0.579710,0.260870,-0.500000,0.134058,-0.507246,0.170290,-0.731884,0.188406,-0.869565,0.206522,-1.000000,0.050725,-0.496377,0.083333,-0.699275,0.101449,-0.829710,0.123188,-0.956522,-0.039855,-0.449275,-0.014493,-0.601449,0.007246,-0.702899,0.032609,-0.800725
F,Right,legacy_bisindo_F_651,0.000000,0.000000,0.147482,-0.050360,0.255396,-0.197842,0.327338,-0.327338,0.334532,-0.431655,0.215827,-0.467626,0.258993,-0.636691,0.273381,-0.586331,0.266187,-0.507194,0.129496,-0.507194,0.165468,-0.730216,0.187050,-0.870504,0.201439,-1.000000,0.046763,-0.496403,0.079137,-0.701439,0.100719,-0.834532,0.118705,-0.956835,-0.043165,-0.446043,-0.014388,-0.604317,0.007194,-0.705036,0.032374,-0.805755
F,Right,legacy_bisindo_F_652,0.000000,0.000000,0.151079,-0.053957,0.255396,-0.205036,0.323741,-0.330935,0.330935,-0.435252,0.208633,-0.471223,0.251799,-0.643885,0.262590,-0.593525,0.255396,-0.514388,0.129496,-0.503597,0.165468,-0.733813,0.183453,-0.870504,0.197842,-1.000000,0.043165,-0.492806,0.075540,-0.697842,0.097122,-0.834532,0.118705,-0.960432,-0.046763,-0.442446,-0.021583,-0.600719,0.000000,-0.701439,0.028777,-0.802158
F,Right,legacy_bisindo_F_653,0.000000,0.000000,0.146953,-0.057348,0.250896,-0.211470,0.318996,-0.344086,0.311828,-0.455197,0.200717,-0.469534,0.236559,-0.645161,0.250896,-0.598566,0.243728,-0.519713,0.118280,-0.505376,0.150538,-0.731183,0.168459,-0.870968,0.179211,-1.000000,0.032258,-0.491039,0.064516,-0.698925,0.086022,-0.835125,0.107527,-0.964158,-0.057348,-0.440860,-0.035842,-0.598566,-0.010753,-0.702509,0.017921,-0.802867
F,Right,legacy_bisindo_F_654,0.000000,0.000000,0.149466,-0.056940,0.256228,-0.213523,0.323843,-0.345196,0.323843,-0.451957,0.209964,-0.469751,0.245552,-0.644128,0.256228,-0.597865,0.241993,-0.519573,0.124555,-0.505338,0.160142,-0.733096,0.177936,-0.871886,0.188612,-1.000000,0.039146,-0.494662,0.071174,-0.701068,0.096085,-0.836299,0.117438,-0.964413,-0.053381,-0.444840,-0.028470,-0.604982,-0.003559,-0.708185,0.021352,-0.807829
F,Right,legacy_bisindo_F_655,0.000000,0.000000,0.152482,-0.056738,0.255319,-0.216312,0.322695,-0.347518,0.333333,-0.450355,0.212766,-0.471631,0.251773,-0.645390,0.262411,-0.599291,0.251773,-0.521277,0.127660,-0.507092,0.163121,-0.734043,0.180851,-0.872340,0.191489,-1.000000,0.046099,-0.496454,0.078014,-0.702128,0.099291,-0.836879,0.117021,-0.960993,-0.046099,-0.446809,-0.021277,-0.606383,0.003546,-0.709220,0.028369,-0.812057
F,Right,legacy_bisindo_F_656,0.000000,0.000000,0.151943,-0.056537,0.261484,-0.219081,0.328622,-0.353357,0.310954,-0.459364,0.204947,-0.473498,0.243816,-0.650177,0.254417,-0.604240,0.247350,-0.526502,0.120141,-0.508834,0.155477,-0.734982,0.169611,-0.872792,0.183746,-1.000000,0.035336,-0.494700,0.067138,-0.703180,0.091873,-0.837456,0.109541,-0.964664,-0.056537,-0.445230,-0.035336,-0.600707,-0.014134,-0.706714,0.017668,-0.809187
F,Right,legacy_bisindo_F_657,0.000000,0.000000,0.151408,-0.056338,0.257042,-0.214789,0.323944,-0.348592,0.313380,-0.457746,0.204225,-0.468310,0.239437,-0.644366,0.246479,-0.595070,0.235915,-0.517606,0.116197,-0.503521,0.147887,-0.735915,0.161972,-0.873239,0.176056,-1.000000,0.031690,-0.489437,0.059859,-0.697183,0.077465,-0.830986,0.095070,-0.957746,-0.063380,-0.436620,-0.045775,-0.595070,-0.028169,-0.700704,-0.007042,-0.802817
F,Right,legacy_bisindo_F_658,0.000000,0.000000,0.152482,-0.056738,0.258865,-0.223404,0.326241,-0.361702,0.308511,-0.468085,0.198582,-0.475177,0.230496,-0.648936,0.244681,-0.606383,0.237589,-0.535461,0.113475,-0.510638,0.134752,-0.737589,0.152482,-0.875887,0.163121,-1.000000,0.028369,-0.496454,0.053191,-0.702128,0.070922,-0.836879,0.088652,-0.960993,-0.060284,-0.443262,-0.042553,-0.602837,-0.028369,-0.705674,-0.007092,-0.808511
F,Right,legacy_bisindo_F_659,0.000000,0.000000,0.151943,-0.060071,0.250883,-0.226148,0.318021,-0.363958,0.307420,-0.469965,0.190813,-0.477032,0.222615,-0.653710,0.236749,-0.607774,0.236749,-0.530035,0.109541,-0.508834,0.130742,-0.738516,0.144876,-0.876325,0.151943,-1.000000,0.024735,-0.491166,0.045936,-0.699647,0.060071,-0.833922,0.074205,-0.957597,-0.063604,-0.438163,-0.049470,-0.597173,-0.035336,-0.699647,-0.014134,-0.805654
F,Right,legacy_bisindo_F_660,0.000000,0.000000,0.148410,-0.060071,0.243816,-0.226148,0.307420,-0.363958,0.310954,-0.466431,0.183746,-0.477032,0.212014,-0.653710,0.229682,-0.611307,0.229682,-0.533569,0.098940,-0.508834,0.120141,-0.734982,0.130742,-0.876325,0.137809,-1.000000,0.017668,-0.487633,0.035336,-0.696113,0.045936,-0.826855,0.056537,-0.950530,-0.067138,-0.434629,-0.056537,-0.597173,-0.042403,-0.699647,-0.024735,-0.802120
F,Right,legacy_bisindo_F_661,0.000000,0.000000,0.154930,-0.066901,0.246479,-0.232394,0.302817,-0.366197,0.309859,-0.468310,0.183099,-0.478873,0.211268,-0.654930,0.232394,-0.619718,0.235915,-0.552817,0.098592,-0.510563,0.119718,-0.735915,0.130282,-0.876761,0.140845,-1.000000,0.017606,-0.492958,0.035211,-0.700704,0.052817,-0.830986,0.066901,-0.954225,-0.066901,-0.440141,-0.052817,-0.602113,-0.042254,-0.704225,-0.021127,-0.806338
F,Right,legacy_bisindo_F_662,0.000000,0.000000,0.157343,-0.069930,0.251748,-0.237762,0.311189,-0.374126,0.307692,-0.479021,0.188811,-0.479021,0.213287,-0.657343,0.237762,-0.618881,0.244755,-0.541958,0.104895,-0.510490,0.122378,-0.734266,0.136364,-0.877622,0.150350,-1.000000,0.024476,-0.489510,0.041958,-0.699301,0.055944,-0.832168,0.073427,-0.954545,-0.062937,-0.437063,-0.048951,-0.597902,-0.034965,-0.702797,-0.017483,-0.804196
F,Right,legacy_bisindo_F_663,0.000000,0.000000,0.147368,-0.066667,0.245614,-0.235088,0.308772,-0.375439,0.308772,-0.484211,0.189474,-0.480702,0.210526,-0.659649,0.228070,-0.621053,0.235088,-0.547368,0.105263,-0.512281,0.119298,-0.740351,0.129825,-0.880702,0.140351,-1.000000,0.024561,-0.498246,0.038596,-0.705263,0.052632,-0.835088,0.066667,-0.954386,-0.063158,-0.445614,-0.052632,-0.603509,-0.038596,-0.708772,-0.021053,-0.810526
F,Right,legacy_bisindo_F_664,0.000000,0.000000,0.151408,-0.063380,0.250000,-0.232394,0.309859,-0.373239,0.306338,-0.482394,0.186620,-0.478873,0.211268,-0.658451,0.228873,-0.616197,0.232394,-0.538732,0.105634,-0.510563,0.123239,-0.739437,0.133803,-0.876761,0.144366,-1.000000,0.021127,-0.496479,0.042254,-0.704225,0.059859,-0.834507,0.077465,-0.957746,-0.063380,-0.443662,-0.049296,-0.602113,-0.035211,-0.707746,-0.017606,-0.809859
F,Right,legacy_bisindo_F_665,0.000000,0.000000,0.151408,-0.063380,0.250000,-0.239437,0.309859,-0.387324,0.288732,-0.500000,0.179577,-0.475352,0.200704,-0.654930,0.221831,-0.616197,0.225352,-0.538732,0.098592,-0.503521,0.112676,-0.732394,0.126761,-0.873239,0.137324,-1.000000,0.017606,-0.485915,0.024648,-0.693662,0.028169,-0.823944,0.031690,-0.940141,-0.066901,-0.433099,-0.059859,-0.591549,-0.056338,-0.700704,-0.045775,-0.806338
F,Right,legacy_bisindo_F_666,0.000000,0.000000,0.154386,-0.063158,0.249123,-0.238596,0.308772,-0.382456,0.287719,-0.494737,0.182456,-0.477193,0.203509,-0.656140,0.221053,-0.617544,0.221053,-0.540351,0.098246,-0.508772,0.112281,-0.736842,0.122807,-0.877193,0.129825,-1.000000,0.017544,-0.487719,0.024561,-0.691228,0.028070,-0.821053,0.028070,-0.936842,-0.070175,-0.431579,-0.063158,-0.592982,-0.059649,-0.698246,-0.049123,-0.803509
F,Right,legacy_bisindo_F_667,0.000000,0.000000,0.147368,-0.066667,0.242105,-0.238596,0.301754,-0.382456,0.301754,-0.491228,0.182456,-0.477193,0.207018,-0.652632,0.221053,-0.621053,0.217544,-0.550877,0.098246,-0.508772,0.112281,-0.736842,0.122807,-0.877193,0.129825,-1.000000,0.017544,-0.491228,0.021053,-0.694737,0.024561,-0.824561,0.028070,-0.940351,-0.070175,-0.438596,-0.063158,-0.596491,-0.059649,-0.701754,-0.049123,-0.807018
F,Right,legacy_bisindo_F_668,0.000000,0.000000,0.147368,-0.063158,0.242105,-0.231579,0.301754,-0.371930,0.308772,-0.480702,0.182456,-0.480702,0.207018,-0.656140,0.224561,-0.614035,0.224561,-0.540351,0.098246,-0.512281,0.115789,-0.736842,0.126316,-0.877193,0.133333,-1.000000,0.017544,-0.494737,0.028070,-0.698246,0.035088,-0.824561,0.038596,-0.940351,-0.066667,-0.438596,-0.059649,-0.596491,-0.052632,-0.701754,-0.038596,-0.803509
F,Right,legacy_bisindo_F_669,0.000000,0.000000,0.151408,-0.066901,0.246479,-0.235915,0.309859,-0.380282,0.302817,-0.489437,0.186620,-0.478873,0.207746,-0.654930,0.225352,-0.619718,0.228873,-0.549296,0.102113,-0.510563,0.116197,-0.739437,0.126761,-0.880282,0.133803,-1.000000,0.017606,-0.496479,0.028169,-0.700704,0.035211,-0.827465,0.042254,-0.943662,-0.066901,-0.443662,-0.059859,-0.602113,-0.052817,-0.704225,-0.038732,-0.809859
F,Right,legacy_bisindo_F_670,0.000000,0.000000,0.146853,-0.062937,0.237762,-0.223776,0.300699,-0.353147,0.318182,-0.454545,0.181818,-0.472028,0.202797,-0.639860,0.216783,-0.604895,0.216783,-0.538462,0.094406,-0.506993,0.108392,-0.730769,0.115385,-0.874126,0.125874,-1.000000,0.010490,-0.489510,0.020979,-0.695804,0.031469,-0.832168,0.045455,-0.954545,-0.073427,-0.437063,-0.069930,-0.597902,-0.059441,-0.702797,-0.045455,-0.807692
F,Right,legacy_bisindo_F_671,0.000000,0.000000,0.144366,-0.073944,0.232394,-0.239437,0.285211,-0.366197,0.292254,-0.464789,0.169014,-0.482394,0.193662,-0.640845,0.197183,-0.609155,0.186620,-0.542254,0.077465,-0.514085,0.084507,-0.735915,0.088028,-0.876761,0.091549,-1.000000,-0.010563,-0.496479,-0.003521,-0.704225,0.007042,-0.841549,0.021127,-0.964789,-0.095070,-0.440141,-0.095070,-0.598592,-0.088028,-0.704225,-0.073944,-0.809859
F,Right,legacy_bisindo_F_672,0.000000,0.000000,0.144366,-0.077465,0.235915,-0.242958,0.281690,-0.369718,0.281690,-0.464789,0.161972,-0.482394,0.179577,-0.644366,0.190141,-0.623239,0.190141,-0.559859,0.070423,-0.517606,0.073944,-0.739437,0.073944,-0.880282,0.077465,-1.000000,-0.014085,-0.500000,-0.014085,-0.711268,-0.003521,-0.848592,0.010563,-0.975352,-0.102113,-0.440141,-0.105634,-0.598592,-0.102113,-0.704225,-0.088028,-0.813380
F,Right,legacy_bisindo_F_673,0.000000,0.000000,0.128920,-0.083624,0.202091,-0.261324,0.240418,-0.407666,0.198606,-0.512195,0.104530,-0.494774,0.104530,-0.668990,0.121951,-0.627178,0.132404,-0.550523,0.017422,-0.519164,0.000000,-0.738676,-0.013937,-0.878049,-0.020906,-1.000000,-0.062718,-0.494774,-0.073171,-0.700348,-0.073171,-0.836237,-0.073171,-0.965157,-0.142857,-0.432056,-0.156794,-0.588850,-0.163763,-0.696864,-0.160279,-0.804878
F,Right,legacy_bisindo_F_674,0.000000,0.000000,0.127586,-0.093103,0.189655,-0.272414,0.217241,-0.417241,0.168966,-0.517241,0.075862,-0.503448,0.068966,-0.679310,0.089655,-0.634483,0.106897,-0.558621,-0.013793,-0.524138,-0.044828,-0.741379,-0.062069,-0.879310,-0.075862,-1.000000,-0.093103,-0.496552,-0.120690,-0.696552,-0.131034,-0.831034,-0.137931,-0.958621,-0.172414,-0.427586,-0.196552,-0.582759,-0.206897,-0.686207,-0.213793,-0.793103
F,Right,legacy_bisindo_F_675,0.000000,0.000000,0.121951,-0.108014,0.167247,-0.296167,0.177700,-0.449477,0.114983,-0.547038,0.027875,-0.515679,0.003484,-0.693380,0.024390,-0.658537,0.038328,-0.585366,-0.066202,-0.526132,-0.111498,-0.745645,-0.142857,-0.881533,-0.170732,-1.000000,-0.142857,-0.494774,-0.188153,-0.696864,-0.209059,-0.832753,-0.222997,-0.958188,-0.216028,-0.421603,-0.250871,-0.574913,-0.271777,-0.682927,-0.282230,-0.787456
F,Right,legacy_bisindo_F_676,0.000000,0.000000,0.120275,-0.103093,0.161512,-0.288660,0.171821,-0.439863,0.123711,-0.539519,0.027491,-0.515464,-0.003436,-0.687285,0.017182,-0.656357,0.037801,-0.587629,-0.068729,-0.525773,-0.123711,-0.745704,-0.161512,-0.879725,-0.192440,-1.000000,-0.144330,-0.491409,-0.195876,-0.690722,-0.223368,-0.824742,-0.247423,-0.948454,-0.213058,-0.419244,-0.257732,-0.570447,-0.278351,-0.673540,-0.295533,-0.776632
F,Right,legacy_bisindo_F_677,0.000000,0.000000,0.114583,-0.114583,0.152778,-0.302083,0.159722,-0.454861,0.104167,-0.552083,0.010417,-0.520833,-0.024306,-0.694444,0.000000,-0.666667,0.020833,-0.597222,-0.083333,-0.531250,-0.142361,-0.750000,-0.180556,-0.881944,-0.211806,-1.000000,-0.159722,-0.496528,-0.215278,-0.701389,-0.243056,-0.836806,-0.263889,-0.958333,-0.229167,-0.423611,-0.274306,-0.576389,-0.295139,-0.680556,-0.305556,-0.784722
F,Right,legacy_bisindo_F_678,0.000000,0.000000,0.120141,-0.123675,0.155477,-0.325088,0.151943,-0.487633,0.060071,-0.575972,-0.010601,-0.530035,-0.053004,-0.710247,-0.028269,-0.678445,0.003534,-0.611307,-0.102473,-0.537102,-0.173145,-0.752650,-0.215548,-0.883392,-0.254417,-1.000000,-0.180212,-0.494700,-0.236749,-0.696113,-0.268551,-0.830389,-0.300353,-0.950530,-0.243816,-0.420495,-0.289753,-0.575972,-0.314488,-0.678445,-0.335689,-0.780919
F,Right,legacy_bisindo_F_679,0.000000,0.000000,0.120996,-0.124555,0.149466,-0.327402,0.142349,-0.494662,0.042705,-0.580071,-0.014235,-0.533808,-0.060498,-0.711744,-0.042705,-0.686833,-0.017794,-0.622776,-0.113879,-0.537367,-0.181495,-0.750890,-0.231317,-0.882562,-0.274021,-1.000000,-0.188612,-0.494662,-0.249110,-0.690391,-0.288256,-0.825623,-0.320285,-0.950178,-0.252669,-0.416370,-0.298932,-0.569395,-0.327402,-0.672598,-0.348754,-0.775801
F,Right,legacy_bisindo_F_680,0.000000,0.000000,0.120567,-0.120567,0.152482,-0.326241,0.141844,-0.489362,0.049645,-0.578014,-0.010638,-0.531915,-0.053191,-0.705674,-0.031915,-0.677305,-0.010638,-0.609929,-0.106383,-0.535461,-0.177305,-0.751773,-0.226950,-0.882979,-0.269504,-1.000000,-0.184397,-0.492908,-0.244681,-0.691489,-0.283688,-0.826241,-0.315603,-0.953901,-0.248227,-0.414894,-0.297872,-0.567376,-0.326241,-0.673759,-0.347518,-0.776596
F,Right,legacy_bisindo_F_681,0.000000,0.000000,0.117021,-0.117021,0.152482,-0.312057,0.148936,-0.475177,0.063830,-0.570922,-0.010638,-0.528369,-0.053191,-0.705674,-0.031915,-0.677305,-0.007092,-0.609929,-0.106383,-0.535461,-0.177305,-0.751773,-0.226950,-0.882979,-0.269504,-1.000000,-0.184397,-0.492908,-0.244681,-0.695035,-0.283688,-0.829787,-0.315603,-0.953901,-0.248227,-0.414894,-0.294326,-0.567376,-0.326241,-0.670213,-0.347518,-0.773050
F,Right,legacy_bisindo_F_682,0.000000,0.000000,0.120690,-0.110345,0.155172,-0.310345,0.158621,-0.468966,0.100000,-0.562069,0.010345,-0.520690,-0.031034,-0.696552,-0.017241,-0.682759,0.000000,-0.620690,-0.086207,-0.527586,-0.151724,-0.748276,-0.196552,-0.882759,-0.234483,-1.000000,-0.162069,-0.489655,-0.220690,-0.696552,-0.258621,-0.831034,-0.286207,-0.955172,-0.234483,-0.417241,-0.279310,-0.572414,-0.306897,-0.679310,-0.324138,-0.782759
F,Right,legacy_bisindo_F_683,0.000000,0.000000,0.119048,-0.108844,0.159864,-0.302721,0.170068,-0.455782,0.098639,-0.540816,0.006803,-0.520408,-0.023810,-0.693878,-0.003401,-0.663265,0.013605,-0.595238,-0.085034,-0.523810,-0.146259,-0.744898,-0.187075,-0.880952,-0.224490,-1.000000,-0.159864,-0.482993,-0.217687,-0.683673,-0.248299,-0.819728,-0.275510,-0.945578,-0.224490,-0.404762,-0.272109,-0.561224,-0.299320,-0.666667,-0.319728,-0.775510
F,Right,legacy_bisindo_F_684,0.000000,0.000000,0.119048,-0.108844,0.156463,-0.292517,0.166667,-0.442177,0.122449,-0.534014,0.013605,-0.523810,-0.023810,-0.693878,0.010204,-0.653061,0.037415,-0.578231,-0.081633,-0.530612,-0.142857,-0.748299,-0.187075,-0.884354,-0.224490,-1.000000,-0.159864,-0.489796,-0.217687,-0.690476,-0.248299,-0.823129,-0.278912,-0.945578,-0.224490,-0.414966,-0.272109,-0.568027,-0.299320,-0.673469,-0.323129,-0.775510
F,Right,legacy_bisindo_F_685,0.000000,0.000000,0.121622,-0.114865,0.155405,-0.304054,0.162162,-0.452703,0.108108,-0.537162,0.003378,-0.523649,-0.033784,-0.689189,-0.006757,-0.652027,0.016892,-0.577703,-0.091216,-0.527027,-0.155405,-0.743243,-0.199324,-0.881757,-0.236486,-1.000000,-0.165541,-0.486486,-0.226351,-0.685811,-0.263514,-0.817568,-0.293919,-0.939189,-0.229730,-0.408784,-0.280405,-0.564189,-0.307432,-0.665541,-0.327703,-0.766892
F,Right,legacy_bisindo_F_686,0.000000,0.000000,0.117241,-0.124138,0.141379,-0.320690,0.134483,-0.468966,0.062069,-0.537931,-0.031034,-0.524138,-0.079310,-0.696552,-0.048276,-0.662069,-0.013793,-0.589655,-0.127586,-0.524138,-0.206897,-0.744828,-0.255172,-0.879310,-0.300000,-1.000000,-0.200000,-0.479310,-0.275862,-0.682759,-0.317241,-0.817241,-0.351724,-0.941379,-0.262069,-0.400000,-0.324138,-0.555172,-0.355172,-0.658621,-0.379310,-0.762069
F,Right,legacy_bisindo_F_687,0.000000,0.000000,0.114286,-0.128571,0.135714,-0.325000,0.121429,-0.478571,0.032143,-0.553571,-0.039286,-0.532143,-0.100000,-0.703571,-0.082143,-0.682143,-0.064286,-0.621429,-0.146429,-0.532143,-0.239286,-0.753571,-0.307143,-0.885714,-0.364286,-1.000000,-0.225000,-0.485714,-0.310714,-0.692857,-0.364286,-0.828571,-0.410714,-0.957143,-0.292857,-0.400000,-0.360714,-0.553571,-0.400000,-0.657143,-0.428571,-0.764286
F,Right,legacy_bisindo_F_688,0.000000,0.000000,0.113879,-0.131673,0.128114,-0.323843,0.106762,-0.476868,0.014235,-0.558719,-0.053381,-0.530249,-0.113879,-0.704626,-0.088968,-0.672598,-0.056940,-0.601423,-0.156584,-0.526690,-0.252669,-0.743772,-0.316726,-0.879004,-0.373665,-1.000000,-0.231317,-0.476868,-0.320285,-0.676157,-0.373665,-0.811388,-0.419929,-0.943060,-0.295374,-0.391459,-0.362989,-0.544484,-0.402135,-0.644128,-0.430605,-0.750890
F,Right,legacy_bisindo_F_689,0.000000,0.000000,0.110320,-0.124555,0.128114,-0.327402,0.106762,-0.487544,0.007117,-0.562278,-0.049822,-0.533808,-0.110320,-0.708185,-0.088968,-0.679715,-0.064057,-0.615658,-0.153025,-0.533808,-0.249110,-0.750890,-0.309609,-0.882562,-0.366548,-1.000000,-0.227758,-0.491103,-0.313167,-0.686833,-0.366548,-0.822064,-0.412811,-0.946619,-0.291815,-0.405694,-0.359431,-0.558719,-0.398577,-0.658363,-0.427046,-0.761566
F,Right,legacy_bisindo_F_690,0.000000,0.000000,0.110714,-0.128571,0.132143,-0.332143,0.107143,-0.492857,0.003571,-0.575000,-0.046429,-0.535714,-0.107143,-0.710714,-0.082143,-0.685714,-0.053571,-0.617857,-0.146429,-0.535714,-0.235714,-0.753571,-0.296429,-0.885714,-0.350000,-1.000000,-0.221429,-0.492857,-0.303571,-0.692857,-0.350000,-0.825000,-0.392857,-0.946429,-0.285714,-0.410714,-0.346429,-0.560714,-0.382143,-0.664286,-0.410714,-0.767857
F,Right,legacy_bisindo_F_691,0.000000,0.000000,0.110320,-0.128114,0.131673,-0.327402,0.113879,-0.491103,0.014235,-0.572954,-0.039146,-0.533808,-0.096085,-0.708185,-0.074733,-0.683274,-0.046263,-0.615658,-0.138790,-0.537367,-0.227758,-0.754448,-0.281139,-0.886121,-0.330961,-1.000000,-0.213523,-0.494662,-0.295374,-0.693950,-0.338078,-0.829181,-0.377224,-0.953737,-0.281139,-0.416370,-0.341637,-0.569395,-0.373665,-0.672598,-0.398577,-0.772242
F,Right,legacy_bisindo_F_692,0.000000,0.000000,0.111111,-0.129032,0.132616,-0.326165,0.107527,-0.487455,0.010753,-0.577061,-0.039427,-0.530466,-0.100358,-0.706093,-0.075269,-0.684588,-0.043011,-0.620072,-0.139785,-0.534050,-0.225806,-0.749104,-0.283154,-0.881720,-0.336918,-1.000000,-0.215054,-0.491039,-0.293907,-0.691756,-0.340502,-0.824373,-0.379928,-0.946237,-0.279570,-0.412186,-0.340502,-0.562724,-0.376344,-0.666667,-0.401434,-0.767025
F,Right,legacy_bisindo_F_693,0.000000,0.000000,0.120141,-0.123675,0.148410,-0.325088,0.134276,-0.491166,0.042403,-0.586572,-0.010601,-0.530035,-0.060071,-0.706714,-0.053004,-0.692580,-0.035336,-0.632509,-0.109541,-0.537102,-0.190813,-0.752650,-0.243816,-0.883392,-0.289753,-1.000000,-0.187279,-0.494700,-0.257951,-0.692580,-0.300353,-0.823322,-0.335689,-0.950530,-0.254417,-0.413428,-0.310954,-0.565371,-0.342756,-0.667845,-0.371025,-0.770318
F,Right,legacy_bisindo_F_694,0.000000,0.000000,0.122807,-0.115789,0.157895,-0.319298,0.157895,-0.477193,0.077193,-0.561404,0.007018,-0.529825,-0.031579,-0.705263,-0.014035,-0.673684,0.007018,-0.607018,-0.094737,-0.536842,-0.161404,-0.754386,-0.207018,-0.884211,-0.245614,-1.000000,-0.171930,-0.494737,-0.231579,-0.698246,-0.266667,-0.835088,-0.294737,-0.957895,-0.238596,-0.417544,-0.287719,-0.571930,-0.319298,-0.677193,-0.343860,-0.778947
F,Right,legacy_bisindo_F_695,0.000000,0.000000,0.127660,-0.113475,0.159574,-0.315603,0.156028,-0.475177,0.081560,-0.574468,0.010638,-0.528369,-0.031915,-0.709220,-0.014184,-0.673759,0.007092,-0.602837,-0.088652,-0.531915,-0.156028,-0.755319,-0.202128,-0.886525,-0.241135,-1.000000,-0.166667,-0.492908,-0.226950,-0.695035,-0.262411,-0.829787,-0.294326,-0.953901,-0.234043,-0.414894,-0.283688,-0.567376,-0.312057,-0.673759,-0.336879,-0.776596
F,Right,legacy_bisindo_F_696,0.000000,0.000000,0.123675,-0.109541,0.162544,-0.307420,0.169611,-0.469965,0.102473,-0.579505,0.021201,-0.526502,-0.017668,-0.703180,-0.003534,-0.671378,0.017668,-0.600707,-0.077739,-0.533569,-0.144876,-0.752650,-0.187279,-0.883392,-0.219081,-1.000000,-0.159011,-0.494700,-0.219081,-0.696113,-0.250883,-0.830389,-0.279152,-0.957597,-0.226148,-0.416961,-0.275618,-0.568905,-0.303887,-0.674912,-0.321555,-0.780919
F,Right,legacy_bisindo_F_697,0.000000,0.000000,0.127208,-0.102473,0.173145,-0.296820,0.183746,-0.462898,0.113074,-0.561837,0.035336,-0.519435,0.000000,-0.692580,0.014134,-0.657244,0.028269,-0.586572,-0.067138,-0.530035,-0.127208,-0.749117,-0.166078,-0.879859,-0.197880,-1.000000,-0.144876,-0.487633,-0.201413,-0.692580,-0.233216,-0.826855,-0.257951,-0.954064,-0.215548,-0.413428,-0.261484,-0.568905,-0.289753,-0.674912,-0.314488,-0.784452
F,Right,legacy_bisindo_F_698,0.000000,0.000000,0.130282,-0.105634,0.172535,-0.302817,0.183099,-0.464789,0.109155,-0.559859,0.028169,-0.521127,-0.007042,-0.693662,0.017606,-0.654930,0.042254,-0.580986,-0.070423,-0.528169,-0.133803,-0.750000,-0.169014,-0.880282,-0.204225,-1.000000,-0.147887,-0.485915,-0.207746,-0.690141,-0.239437,-0.823944,-0.267606,-0.954225,-0.218310,-0.404930,-0.267606,-0.563380,-0.295775,-0.669014,-0.316901,-0.778169
F,Right,legacy_bisindo_F_699,0.000000,0.000000,0.119718,-0.109155,0.158451,-0.302817,0.165493,-0.457746,0.112676,-0.552817,0.010563,-0.524648,-0.031690,-0.690141,-0.021127,-0.669014,-0.003521,-0.609155,-0.091549,-0.528169,-0.161972,-0.750000,-0.207746,-0.883803,-0.246479,-1.000000,-0.172535,-0.489437,-0.239437,-0.693662,-0.278169,-0.827465,-0.313380,-0.954225,-0.239437,-0.408451,-0.295775,-0.566901,-0.330986,-0.672535,-0.355634,-0.778169
F,Right,legacy_bisindo_F_700,0.000000,0.000000,0.125000,-0.117857,0.160714,-0.314286,0.157143,-0.467857,0.114286,-0.567857,0.021429,-0.532143,-0.021429,-0.696429,-0.025000,-0.692857,-0.021429,-0.657143,-0.082143,-0.535714,-0.157143,-0.750000,-0.214286,-0.885714,-0.257143,-1.000000,-0.167857,-0.496429,-0.239286,-0.703571,-0.282143,-0.839286,-0.317857,-0.960714,-0.239286,-0.414286,-0.292857,-0.578571,-0.321429,-0.682143,-0.346429,-0.778571
F,Right,legacy_bisindo_F_701,0.000000,0.000000,0.122807,-0.115789,0.161404,-0.312281,0.164912,-0.459649,0.119298,-0.547368,0.017544,-0.526316,-0.031579,-0.694737,-0.017544,-0.673684,0.000000,-0.614035,-0.084211,-0.529825,-0.164912,-0.747368,-0.221053,-0.884211,-0.263158,-1.000000,-0.161404,-0.484211,-0.242105,-0.691228,-0.291228,-0.831579,-0.329825,-0.961404,-0.228070,-0.400000,-0.294737,-0.557895,-0.329825,-0.666667,-0.354386,-0.775439
F,Right,legacy_bisindo_F_702,0.000000,0.000000,0.126667,-0.106667,0.173333,-0.296667,0.190000,-0.443333,0.140000,-0.546667,0.023333,-0.510000,-0.013333,-0.673333,0.023333,-0.640000,0.053333,-0.570000,-0.070000,-0.513333,-0.143333,-0.736667,-0.186667,-0.876667,-0.230000,-1.000000,-0.146667,-0.470000,-0.220000,-0.673333,-0.263333,-0.810000,-0.300000,-0.940000,-0.206667,-0.390000,-0.266667,-0.550000,-0.300000,-0.656667,-0.326667,-0.763333
F,Right,legacy_bisindo_F_703,0.000000,0.000000,0.128289,-0.108553,0.174342,-0.296053,0.190789,-0.450658,0.134868,-0.552632,0.029605,-0.506579,-0.003289,-0.674342,0.042763,-0.634868,0.078947,-0.562500,-0.062500,-0.513158,-0.131579,-0.736842,-0.167763,-0.875000,-0.207237,-1.000000,-0.138158,-0.473684,-0.207237,-0.677632,-0.246711,-0.812500,-0.282895,-0.937500,-0.203947,-0.394737,-0.256579,-0.552632,-0.289474,-0.661184,-0.315789,-0.766447
F,Right,legacy_bisindo_F_704,0.000000,0.000000,0.133550,-0.097720,0.185668,-0.273616,0.211726,-0.420195,0.179153,-0.524430,0.055375,-0.498371,0.039088,-0.671010,0.074919,-0.628664,0.097720,-0.560261,-0.039088,-0.504886,-0.091205,-0.732899,-0.123779,-0.872964,-0.159609,-1.000000,-0.117264,-0.465798,-0.175896,-0.674267,-0.211726,-0.811075,-0.247557,-0.938111,-0.185668,-0.390879,-0.231270,-0.557003,-0.257329,-0.664495,-0.283388,-0.771987
F,Right,legacy_bisindo_F_705,0.000000,0.000000,0.137705,-0.091803,0.203279,-0.262295,0.236066,-0.403279,0.213115,-0.508197,0.085246,-0.491803,0.075410,-0.662295,0.104918,-0.619672,0.124590,-0.554098,-0.006557,-0.508197,-0.042623,-0.737705,-0.065574,-0.875410,-0.095082,-1.000000,-0.085246,-0.472131,-0.131148,-0.685246,-0.157377,-0.826230,-0.183607,-0.954098,-0.160656,-0.403279,-0.196721,-0.570492,-0.213115,-0.681967,-0.226230,-0.790164
F,Right,legacy_bisindo_F_706,0.000000,0.000000,0.137380,-0.092652,0.207668,-0.255591,0.246006,-0.389776,0.242812,-0.492013,0.102236,-0.488818,0.099042,-0.658147,0.127796,-0.610224,0.146965,-0.536741,0.012780,-0.507987,-0.015974,-0.731629,-0.035144,-0.872204,-0.060703,-1.000000,-0.067093,-0.476038,-0.102236,-0.686901,-0.124601,-0.824281,-0.143770,-0.955272,-0.140575,-0.405751,-0.169329,-0.571885,-0.185304,-0.680511,-0.194888,-0.789137
F,Right,legacy_bisindo_F_707,0.000000,0.000000,0.156550,-0.079872,0.249201,-0.239617,0.293930,-0.380192,0.281150,-0.485623,0.159744,-0.488818,0.162939,-0.651757,0.182109,-0.600639,0.191693,-0.523962,0.067093,-0.507987,0.047923,-0.738019,0.028754,-0.875399,0.009585,-1.000000,-0.019169,-0.479233,-0.044728,-0.693291,-0.060703,-0.830671,-0.076677,-0.961661,-0.099042,-0.412141,-0.121406,-0.584665,-0.130990,-0.696486,-0.140575,-0.801917
F,Right,legacy_bisindo_F_708,0.000000,0.000000,0.167742,-0.070968,0.274194,-0.212903,0.338710,-0.338710,0.354839,-0.451613,0.209677,-0.474194,0.248387,-0.641935,0.270968,-0.596774,0.280645,-0.525806,0.119355,-0.506452,0.141935,-0.741935,0.151613,-0.880645,0.154839,-1.000000,0.032258,-0.487097,0.038710,-0.706452,0.041935,-0.848387,0.048387,-0.977419,-0.054839,-0.425806,-0.054839,-0.593548,-0.051613,-0.706452,-0.048387,-0.812903
F,Right,legacy_bisindo_F_709,0.000000,0.000000,0.161290,-0.070968,0.274194,-0.216129,0.338710,-0.338710,0.351613,-0.448387,0.209677,-0.474194,0.241935,-0.635484,0.261290,-0.580645,0.267742,-0.500000,0.122581,-0.509677,0.135484,-0.735484,0.148387,-0.874194,0.154839,-1.000000,0.032258,-0.490323,0.035484,-0.703226,0.045161,-0.848387,0.054839,-0.987097,-0.054839,-0.429032,-0.058065,-0.593548,-0.051613,-0.709677,-0.038710,-0.819355
F,Right,legacy_bisindo_F_710,0.000000,0.000000,0.176282,-0.064103,0.301282,-0.208333,0.375000,-0.330128,0.378205,-0.439103,0.243590,-0.464744,0.282051,-0.628205,0.307692,-0.576923,0.317308,-0.496795,0.157051,-0.506410,0.182692,-0.733974,0.205128,-0.875000,0.217949,-1.000000,0.070513,-0.493590,0.083333,-0.708333,0.096154,-0.849359,0.112179,-0.980769,-0.022436,-0.435897,-0.016026,-0.599359,-0.003205,-0.705128,0.012821,-0.807692
F,Right,legacy_bisindo_F_711,0.000000,0.000000,0.170347,-0.053628,0.296530,-0.192429,0.375394,-0.309148,0.403785,-0.425868,0.261830,-0.447950,0.309148,-0.608833,0.328076,-0.561514,0.328076,-0.488959,0.176656,-0.492114,0.217666,-0.728707,0.242902,-0.870662,0.258675,-1.000000,0.091483,-0.482650,0.113565,-0.703470,0.132492,-0.845426,0.148265,-0.977918,-0.003155,-0.435331,0.015773,-0.602524,0.031546,-0.712934,0.050473,-0.823344
F,Right,legacy_bisindo_F_712,0.000000,0.000000,0.172956,-0.044025,0.305031,-0.182390,0.389937,-0.305031,0.424528,-0.418239,0.279874,-0.443396,0.333333,-0.606918,0.349057,-0.553459,0.342767,-0.474843,0.198113,-0.493711,0.242138,-0.726415,0.270440,-0.867925,0.292453,-1.000000,0.110063,-0.487421,0.141509,-0.704403,0.166667,-0.845912,0.185535,-0.984277,0.015723,-0.437107,0.040881,-0.603774,0.059748,-0.716981,0.075472,-0.827044
F,Right,legacy_bisindo_F_713,0.000000,0.000000,0.172956,-0.044025,0.305031,-0.182390,0.386792,-0.305031,0.421384,-0.424528,0.279874,-0.446541,0.333333,-0.610063,0.349057,-0.556604,0.345912,-0.474843,0.194969,-0.493711,0.242138,-0.729560,0.267296,-0.871069,0.286164,-1.000000,0.106918,-0.484277,0.138365,-0.704403,0.160377,-0.845912,0.182390,-0.981132,0.012579,-0.437107,0.037736,-0.600629,0.056604,-0.713836,0.075472,-0.823899
F,Right,legacy_bisindo_F_714,0.000000,0.000000,0.174603,-0.041270,0.314286,-0.177778,0.406349,-0.301587,0.450794,-0.422222,0.304762,-0.444444,0.365079,-0.603175,0.374603,-0.552381,0.361905,-0.469841,0.222222,-0.498413,0.276190,-0.726984,0.304762,-0.869841,0.326984,-1.000000,0.133333,-0.495238,0.171429,-0.707937,0.196825,-0.847619,0.222222,-0.980952,0.034921,-0.450794,0.063492,-0.612698,0.085714,-0.717460,0.104762,-0.825397
F,Right,legacy_bisindo_F_715,0.000000,0.000000,0.187702,-0.029126,0.349515,-0.171521,0.453074,-0.294498,0.508091,-0.414239,0.346278,-0.433657,0.423948,-0.595469,0.443366,-0.553398,0.430421,-0.475728,0.265372,-0.488673,0.333333,-0.731392,0.375405,-0.873786,0.401294,-1.000000,0.177994,-0.488673,0.233010,-0.711974,0.268608,-0.854369,0.294498,-0.987055,0.077670,-0.449838,0.129450,-0.611650,0.155340,-0.724919,0.174757,-0.831715
F,Right,legacy_bisindo_F_716,0.000000,0.000000,0.200000,-0.025806,0.364516,-0.174194,0.474194,-0.300000,0.541935,-0.409677,0.383871,-0.432258,0.461290,-0.583871,0.461290,-0.545161,0.432258,-0.483871,0.309677,-0.490323,0.383871,-0.725806,0.429032,-0.870968,0.458065,-1.000000,0.219355,-0.496774,0.277419,-0.716129,0.312903,-0.854839,0.338710,-0.987097,0.119355,-0.464516,0.164516,-0.619355,0.193548,-0.729032,0.216129,-0.835484
F,Right,legacy_bisindo_F_717,0.000000,0.000000,0.208469,-0.009772,0.390879,-0.159609,0.508143,-0.289902,0.576547,-0.400651,0.420195,-0.426710,0.504886,-0.576547,0.498371,-0.530945,0.462541,-0.459283,0.342020,-0.491857,0.426710,-0.729642,0.478827,-0.872964,0.511401,-1.000000,0.247557,-0.501629,0.319218,-0.719870,0.358306,-0.859935,0.390879,-0.990228,0.143322,-0.465798,0.198697,-0.628664,0.234528,-0.739414,0.260586,-0.846906
F,Right,legacy_bisindo_F_718,0.000000,0.000000,0.204545,-0.019481,0.389610,-0.168831,0.506494,-0.292208,0.571429,-0.405844,0.412338,-0.428571,0.496753,-0.581169,0.503247,-0.535714,0.480519,-0.464286,0.334416,-0.490260,0.422078,-0.727273,0.474026,-0.870130,0.509740,-1.000000,0.246753,-0.500000,0.314935,-0.717532,0.360390,-0.853896,0.392857,-0.980519,0.142857,-0.467532,0.198052,-0.629870,0.233766,-0.740260,0.262987,-0.847403
F,Right,legacy_bisindo_F_719,0.000000,0.000000,0.203279,-0.029508,0.386885,-0.183607,0.501639,-0.311475,0.560656,-0.432787,0.390164,-0.442623,0.475410,-0.600000,0.491803,-0.563934,0.475410,-0.488525,0.311475,-0.508197,0.393443,-0.734426,0.445902,-0.875410,0.481967,-1.000000,0.222951,-0.518033,0.288525,-0.721311,0.331148,-0.849180,0.363934,-0.967213,0.121311,-0.485246,0.180328,-0.642623,0.213115,-0.750820,0.239344,-0.852459
F,Right,legacy_bisindo_F_720,0.000000,0.000000,0.208054,-0.043624,0.385906,-0.204698,0.500000,-0.345638,0.550336,-0.469799,0.385906,-0.466443,0.463087,-0.634228,0.473154,-0.597315,0.456376,-0.520134,0.305369,-0.526846,0.382550,-0.751678,0.429530,-0.882550,0.473154,-1.000000,0.211409,-0.540268,0.275168,-0.741611,0.315436,-0.865772,0.355705,-0.979866,0.107383,-0.510067,0.161074,-0.677852,0.194631,-0.785235,0.224832,-0.889262
F,Right,legacy_bisindo_F_721,0.000000,0.000000,0.213058,-0.041237,0.391753,-0.195876,0.508591,-0.333333,0.553265,-0.470790,0.395189,-0.463918,0.477663,-0.628866,0.474227,-0.604811,0.446735,-0.542955,0.302405,-0.525773,0.378007,-0.749141,0.419244,-0.879725,0.453608,-0.996564,0.206186,-0.539519,0.268041,-0.749141,0.305842,-0.879725,0.340206,-1.000000,0.096220,-0.512027,0.151203,-0.683849,0.185567,-0.793814,0.216495,-0.900344
F,Right,legacy_bisindo_F_722,0.000000,0.000000,0.198675,-0.036424,0.360927,-0.182119,0.466887,-0.314570,0.513245,-0.440397,0.360927,-0.443709,0.440397,-0.602649,0.437086,-0.562914,0.413907,-0.493377,0.274834,-0.503311,0.350993,-0.731788,0.390728,-0.874172,0.420530,-1.000000,0.185430,-0.509934,0.248344,-0.725166,0.288079,-0.864238,0.324503,-0.990066,0.079470,-0.480132,0.129139,-0.652318,0.162252,-0.761589,0.198675,-0.864238
F,Right,legacy_bisindo_F_723,0.000000,0.000000,0.206780,-0.027119,0.389831,-0.169492,0.505085,-0.305085,0.559322,-0.433898,0.406780,-0.433898,0.491525,-0.593220,0.488136,-0.566102,0.457627,-0.498305,0.322034,-0.505085,0.406780,-0.735593,0.450847,-0.877966,0.481356,-1.000000,0.230508,-0.518644,0.298305,-0.732203,0.338983,-0.867797,0.376271,-0.993220,0.122034,-0.491525,0.179661,-0.657627,0.216949,-0.762712,0.250847,-0.867797
F,Right,legacy_bisindo_F_724,0.000000,0.000000,0.211604,-0.020478,0.409556,-0.156997,0.535836,-0.286689,0.600683,-0.412969,0.443686,-0.419795,0.542662,-0.576792,0.532423,-0.539249,0.491468,-0.467577,0.365188,-0.494881,0.464164,-0.726962,0.522184,-0.873720,0.559727,-1.000000,0.273038,-0.511945,0.358362,-0.730375,0.406143,-0.870307,0.447099,-0.996587,0.163823,-0.488055,0.228669,-0.651877,0.269625,-0.761092,0.307167,-0.866894
F,Right,legacy_bisindo_F_725,0.000000,0.000000,0.213523,-0.010676,0.416370,-0.131673,0.562278,-0.256228,0.640569,-0.384342,0.473310,-0.409253,0.590747,-0.580071,0.597865,-0.540925,0.569395,-0.466192,0.402135,-0.483986,0.526690,-0.722420,0.601423,-0.864769,0.654804,-0.992883,0.309609,-0.508897,0.419929,-0.729537,0.491103,-0.868327,0.551601,-1.000000,0.192171,-0.498221,0.281139,-0.661922,0.338078,-0.772242,0.391459,-0.875445
F,Right,legacy_bisindo_F_726,0.000000,0.000000,0.235294,0.015686,0.474510,-0.094118,0.643137,-0.196078,0.756863,-0.305882,0.564706,-0.364706,0.721569,-0.498039,0.737255,-0.454902,0.698039,-0.376471,0.509804,-0.458824,0.670588,-0.678431,0.760784,-0.815686,0.827451,-0.937255,0.419608,-0.501961,0.564706,-0.717647,0.654902,-0.866667,0.729412,-1.000000,0.301961,-0.494118,0.427451,-0.647059,0.498039,-0.756863,0.564706,-0.862745
F,Right,legacy_bisindo_F_727,0.000000,0.000000,0.242553,0.038298,0.510638,-0.068085,0.706383,-0.165957,0.842553,-0.268085,0.634043,-0.340426,0.812766,-0.459574,0.829787,-0.417021,0.782979,-0.344681,0.570213,-0.451064,0.757447,-0.663830,0.868085,-0.808511,0.948936,-0.940426,0.476596,-0.502128,0.651064,-0.719149,0.761702,-0.863830,0.851064,-1.000000,0.348936,-0.506383,0.493617,-0.663830,0.587234,-0.770213,0.672340,-0.876596
F,Right,legacy_bisindo_F_728,0.000000,0.000000,0.167286,0.100372,0.397770,0.085502,0.565056,0.055762,0.691450,0.007435,0.572491,-0.100372,0.736059,-0.171004,0.717472,-0.130112,0.654275,-0.081784,0.557621,-0.189591,0.765799,-0.319703,0.892193,-0.397770,1.000000,-0.475836,0.494424,-0.241636,0.687732,-0.375465,0.806691,-0.460967,0.914498,-0.546468,0.397770,-0.275093,0.542751,-0.375465,0.643123,-0.446097,0.736059,-0.516729
F,Right,legacy_bisindo_F_729,0.000000,0.000000,0.165441,0.102941,0.400735,0.091912,0.569853,0.062500,0.691176,0.014706,0.573529,-0.099265,0.738971,-0.165441,0.716912,-0.121324,0.650735,-0.073529,0.558824,-0.187500,0.768382,-0.312500,0.897059,-0.393382,1.000000,-0.470588,0.500000,-0.238971,0.691176,-0.367647,0.812500,-0.448529,0.911765,-0.533088,0.408088,-0.275735,0.551471,-0.363971,0.647059,-0.433824,0.735294,-0.503676
F,Right,legacy_bisindo_F_730,0.000000,0.000000,0.168498,0.102564,0.402930,0.091575,0.571429,0.058608,0.695971,0.018315,0.575092,-0.102564,0.739927,-0.164835,0.721612,-0.120879,0.663004,-0.069597,0.560440,-0.186813,0.765568,-0.315018,0.893773,-0.388278,1.000000,-0.465201,0.501832,-0.241758,0.695971,-0.369963,0.813187,-0.446886,0.919414,-0.527473,0.410256,-0.274725,0.556777,-0.369963,0.652015,-0.435897,0.743590,-0.505495
F,Right,legacy_bisindo_F_731,0.000000,0.000000,0.166667,0.103704,0.407407,0.085185,0.577778,0.051852,0.703704,0.014815,0.574074,-0.103704,0.740741,-0.166667,0.725926,-0.125926,0.662963,-0.077778,0.562963,-0.192593,0.770370,-0.318519,0.896296,-0.392593,1.000000,-0.466667,0.507407,-0.248148,0.703704,-0.370370,0.822222,-0.448148,0.922222,-0.529630,0.418519,-0.281481,0.566667,-0.377778,0.662963,-0.448148,0.751852,-0.518519
F,Right,legacy_bisindo_F_732,0.000000,0.000000,0.020305,-0.182741,-0.096447,-0.360406,-0.223350,-0.461929,-0.355330,-0.477157,-0.401015,-0.416244,-0.573604,-0.527919,-0.527919,-0.512690,-0.456853,-0.467005,-0.487310,-0.345178,-0.725888,-0.472081,-0.868020,-0.548223,-1.000000,-0.619289,-0.517766,-0.248731,-0.725888,-0.365482,-0.862944,-0.446701,-0.994924,-0.527919,-0.502538,-0.131980,-0.670051,-0.218274,-0.771574,-0.284264,-0.873096,-0.355330
F,Right,legacy_bisindo_F_733,0.000000,0.000000,0.020202,-0.176768,-0.080808,-0.353535,-0.202020,-0.469697,-0.338384,-0.479798,-0.393939,-0.419192,-0.560606,-0.530303,-0.515152,-0.510101,-0.454545,-0.459596,-0.479798,-0.348485,-0.717172,-0.479798,-0.863636,-0.555556,-1.000000,-0.626263,-0.515152,-0.252525,-0.727273,-0.368687,-0.863636,-0.449495,-1.000000,-0.530303,-0.505051,-0.136364,-0.666667,-0.222222,-0.772727,-0.282828,-0.873737,-0.353535
F,Right,legacy_bisindo_F_734,0.000000,0.000000,0.009950,-0.174129,-0.089552,-0.348259,-0.208955,-0.462687,-0.343284,-0.482587,-0.393035,-0.407960,-0.557214,-0.517413,-0.512438,-0.502488,-0.452736,-0.457711,-0.477612,-0.338308,-0.711443,-0.467662,-0.860697,-0.542289,-1.000000,-0.611940,-0.507463,-0.243781,-0.721393,-0.358209,-0.865672,-0.437811,-1.000000,-0.517413,-0.502488,-0.129353,-0.666667,-0.208955,-0.771144,-0.273632,-0.870647,-0.348259
F,Right,legacy_bisindo_F_735,0.000000,0.000000,0.015075,-0.180905,-0.090452,-0.356784,-0.211055,-0.472362,-0.346734,-0.487437,-0.396985,-0.417085,-0.557789,-0.527638,-0.507538,-0.507538,-0.442211,-0.462312,-0.487437,-0.341709,-0.718593,-0.472362,-0.864322,-0.547739,-1.000000,-0.613065,-0.517588,-0.251256,-0.728643,-0.361809,-0.869347,-0.442211,-1.000000,-0.517588,-0.507538,-0.135678,-0.673367,-0.211055,-0.773869,-0.271357,-0.869347,-0.341709
F,Right,legacy_bisindo_F_736,0.000000,0.000000,0.015075,-0.180905,-0.085427,-0.356784,-0.201005,-0.472362,-0.331658,-0.487437,-0.391960,-0.422111,-0.552764,-0.532663,-0.507538,-0.512563,-0.447236,-0.467337,-0.477387,-0.351759,-0.713568,-0.482412,-0.859296,-0.557789,-0.994975,-0.623116,-0.507538,-0.256281,-0.723618,-0.371859,-0.864322,-0.452261,-1.000000,-0.532663,-0.502513,-0.140704,-0.668342,-0.221106,-0.773869,-0.281407,-0.874372,-0.356784
F,Right,legacy_bisindo_F_737,0.000000,0.000000,0.020101,-0.180905,-0.080402,-0.356784,-0.190955,-0.472362,-0.321608,-0.492462,-0.391960,-0.422111,-0.547739,-0.532663,-0.502513,-0.512563,-0.437186,-0.467337,-0.477387,-0.346734,-0.713568,-0.482412,-0.859296,-0.557789,-1.000000,-0.628141,-0.507538,-0.251256,-0.723618,-0.371859,-0.864322,-0.457286,-1.000000,-0.537688,-0.497487,-0.135678,-0.668342,-0.221106,-0.773869,-0.286432,-0.874372,-0.356784
F,Right,legacy_bisindo_F_738,0.000000,0.000000,0.020202,-0.181818,-0.080808,-0.358586,-0.191919,-0.474747,-0.318182,-0.500000,-0.388889,-0.429293,-0.550505,-0.540404,-0.494949,-0.520202,-0.424242,-0.469697,-0.479798,-0.353535,-0.712121,-0.489899,-0.858586,-0.565657,-1.000000,-0.636364,-0.510101,-0.257576,-0.722222,-0.378788,-0.863636,-0.464646,-1.000000,-0.545455,-0.505051,-0.141414,-0.671717,-0.222222,-0.777778,-0.287879,-0.873737,-0.363636
F,Right,legacy_bisindo_F_739,0.000000,0.000000,0.020202,-0.176768,-0.075758,-0.358586,-0.186869,-0.469697,-0.313131,-0.494949,-0.388889,-0.429293,-0.550505,-0.540404,-0.489899,-0.520202,-0.419192,-0.469697,-0.474747,-0.353535,-0.707071,-0.489899,-0.853535,-0.565657,-0.994949,-0.636364,-0.505051,-0.257576,-0.717172,-0.373737,-0.858586,-0.464646,-1.000000,-0.550505,-0.494949,-0.136364,-0.661616,-0.222222,-0.767677,-0.287879,-0.868687,-0.363636
F,Right,legacy_bisindo_F_740,0.000000,0.000000,0.025253,-0.181818,-0.070707,-0.363636,-0.176768,-0.479798,-0.308081,-0.494949,-0.383838,-0.429293,-0.535354,-0.545455,-0.479798,-0.520202,-0.409091,-0.469697,-0.469697,-0.353535,-0.702020,-0.500000,-0.853535,-0.575758,-0.994949,-0.646465,-0.505051,-0.257576,-0.717172,-0.378788,-0.863636,-0.464646,-1.000000,-0.545455,-0.494949,-0.136364,-0.666667,-0.222222,-0.772727,-0.292929,-0.873737,-0.368687
F,Right,legacy_bisindo_F_741,0.000000,0.000000,0.025253,-0.186869,-0.065657,-0.363636,-0.171717,-0.484848,-0.303030,-0.515152,-0.378788,-0.439394,-0.535354,-0.560606,-0.474747,-0.530303,-0.404040,-0.479798,-0.464646,-0.363636,-0.702020,-0.505051,-0.848485,-0.585859,-0.994949,-0.651515,-0.500000,-0.267677,-0.717172,-0.388889,-0.863636,-0.474747,-1.000000,-0.560606,-0.494949,-0.146465,-0.666667,-0.232323,-0.777778,-0.297980,-0.883838,-0.373737
F,Right,legacy_bisindo_F_742,0.000000,0.000000,0.030151,-0.180905,-0.060302,-0.361809,-0.170854,-0.482412,-0.301508,-0.507538,-0.376884,-0.437186,-0.532663,-0.557789,-0.472362,-0.527638,-0.402010,-0.472362,-0.467337,-0.361809,-0.698492,-0.507538,-0.844221,-0.582915,-0.989950,-0.653266,-0.497487,-0.266332,-0.713568,-0.391960,-0.859296,-0.477387,-1.000000,-0.562814,-0.492462,-0.145729,-0.663317,-0.231156,-0.773869,-0.301508,-0.874372,-0.371859
F,Right,legacy_bisindo_F_743,0.000000,0.000000,0.035533,-0.177665,-0.050761,-0.365482,-0.157360,-0.487310,-0.294416,-0.517766,-0.370558,-0.446701,-0.527919,-0.568528,-0.472081,-0.538071,-0.401015,-0.482234,-0.461929,-0.375635,-0.700508,-0.517766,-0.847716,-0.598985,-0.989848,-0.664975,-0.497462,-0.274112,-0.715736,-0.401015,-0.862944,-0.487310,-1.000000,-0.573604,-0.497462,-0.152284,-0.664975,-0.238579,-0.776650,-0.304569,-0.883249,-0.380711
F,Right,legacy_bisindo_F_744,0.000000,0.000000,0.035714,-0.183673,-0.056122,-0.372449,-0.168367,-0.489796,-0.295918,-0.520408,-0.372449,-0.454082,-0.535714,-0.576531,-0.479592,-0.551020,-0.408163,-0.489796,-0.464286,-0.377551,-0.704082,-0.525510,-0.846939,-0.607143,-0.989796,-0.673469,-0.500000,-0.280612,-0.719388,-0.413265,-0.862245,-0.500000,-1.000000,-0.581633,-0.494898,-0.158163,-0.668367,-0.250000,-0.770408,-0.316327,-0.877551,-0.392857
F,Right,legacy_bisindo_F_745,0.000000,0.000000,0.030303,-0.176768,-0.065657,-0.358586,-0.176768,-0.479798,-0.308081,-0.510101,-0.378788,-0.439394,-0.540404,-0.560606,-0.479798,-0.535354,-0.409091,-0.479798,-0.469697,-0.368687,-0.707071,-0.515152,-0.853535,-0.590909,-0.994949,-0.661616,-0.505051,-0.272727,-0.722222,-0.398990,-0.863636,-0.489899,-1.000000,-0.575758,-0.500000,-0.151515,-0.666667,-0.242424,-0.777778,-0.303030,-0.878788,-0.378788
F,Right,legacy_bisindo_F_746,0.000000,0.000000,0.035533,-0.182741,-0.060914,-0.365482,-0.167513,-0.492386,-0.299492,-0.517766,-0.370558,-0.451777,-0.532995,-0.573604,-0.477157,-0.548223,-0.411168,-0.492386,-0.461929,-0.380711,-0.700508,-0.527919,-0.852792,-0.609137,-0.994924,-0.680203,-0.497462,-0.284264,-0.715736,-0.416244,-0.857868,-0.502538,-1.000000,-0.588832,-0.492386,-0.162437,-0.664975,-0.253807,-0.771574,-0.319797,-0.878173,-0.395939
F,Right,legacy_bisindo_F_747,0.000000,0.000000,0.030612,-0.183673,-0.061224,-0.372449,-0.173469,-0.494898,-0.311224,-0.530612,-0.372449,-0.448980,-0.535714,-0.576531,-0.479592,-0.551020,-0.408163,-0.494898,-0.464286,-0.377551,-0.698980,-0.525510,-0.852041,-0.607143,-0.994898,-0.678571,-0.500000,-0.280612,-0.714286,-0.413265,-0.862245,-0.500000,-1.000000,-0.586735,-0.494898,-0.158163,-0.663265,-0.250000,-0.775510,-0.321429,-0.882653,-0.397959
F,Right,legacy_bisindo_F_748,0.000000,0.000000,0.035897,-0.189744,-0.061538,-0.379487,-0.179487,-0.502564,-0.307692,-0.528205,-0.374359,-0.456410,-0.533333,-0.579487,-0.482051,-0.553846,-0.415385,-0.502564,-0.466667,-0.384615,-0.707692,-0.533333,-0.851282,-0.610256,-0.994872,-0.682051,-0.502564,-0.287179,-0.723077,-0.420513,-0.861538,-0.507692,-1.000000,-0.594872,-0.502564,-0.164103,-0.671795,-0.256410,-0.779487,-0.323077,-0.882051,-0.400000
F,Right,legacy_bisindo_F_749,0.000000,0.000000,0.035897,-0.184615,-0.056410,-0.374359,-0.164103,-0.497436,-0.292308,-0.517949,-0.374359,-0.451282,-0.533333,-0.574359,-0.482051,-0.548718,-0.420513,-0.497436,-0.466667,-0.379487,-0.707692,-0.528205,-0.856410,-0.605128,-1.000000,-0.682051,-0.502564,-0.282051,-0.717949,-0.415385,-0.861538,-0.502564,-1.000000,-0.594872,-0.497436,-0.158974,-0.666667,-0.251282,-0.779487,-0.317949,-0.882051,-0.389744
F,Right,legacy_bisindo_F_750,0.000000,0.000000,0.030151,-0.185930,-0.065327,-0.371859,-0.180905,-0.482412,-0.316583,-0.502513,-0.366834,-0.437186,-0.527638,-0.552764,-0.492462,-0.537688,-0.447236,-0.487437,-0.462312,-0.366834,-0.698492,-0.507538,-0.854271,-0.587940,-0.994975,-0.658291,-0.497487,-0.266332,-0.718593,-0.402010,-0.864322,-0.492462,-1.000000,-0.572864,-0.497487,-0.145729,-0.668342,-0.236181,-0.778894,-0.301508,-0.884422,-0.376884
F,Right,legacy_bisindo_F_751,0.000000,0.000000,0.035176,-0.180905,-0.065327,-0.371859,-0.175879,-0.487437,-0.296482,-0.497487,-0.376884,-0.437186,-0.532663,-0.557789,-0.482412,-0.532663,-0.417085,-0.482412,-0.467337,-0.366834,-0.703518,-0.507538,-0.854271,-0.582915,-0.994975,-0.648241,-0.497487,-0.271357,-0.718593,-0.396985,-0.859296,-0.482412,-1.000000,-0.567839,-0.492462,-0.150754,-0.658291,-0.236181,-0.768844,-0.301508,-0.879397,-0.376884
F,Right,legacy_bisindo_F_752,0.000000,0.000000,0.035354,-0.181818,-0.055556,-0.373737,-0.166667,-0.494949,-0.303030,-0.515152,-0.378788,-0.444444,-0.540404,-0.570707,-0.479798,-0.540404,-0.409091,-0.484848,-0.469697,-0.373737,-0.707071,-0.520202,-0.853535,-0.601010,-1.000000,-0.676768,-0.500000,-0.272727,-0.717172,-0.409091,-0.863636,-0.494949,-1.000000,-0.580808,-0.494949,-0.151515,-0.661616,-0.242424,-0.772727,-0.313131,-0.878788,-0.388889
F,Right,legacy_bisindo_F_753,0.000000,0.000000,0.030303,-0.186869,-0.060606,-0.373737,-0.171717,-0.489899,-0.292929,-0.515152,-0.378788,-0.444444,-0.540404,-0.570707,-0.484848,-0.550505,-0.414141,-0.494949,-0.469697,-0.373737,-0.707071,-0.520202,-0.853535,-0.606061,-0.994949,-0.681818,-0.500000,-0.272727,-0.722222,-0.404040,-0.863636,-0.500000,-1.000000,-0.590909,-0.494949,-0.151515,-0.666667,-0.242424,-0.772727,-0.318182,-0.873737,-0.393939
F,Right,legacy_bisindo_F_754,0.000000,0.000000,0.035176,-0.185930,-0.055276,-0.381910,-0.165829,-0.512563,-0.296482,-0.527638,-0.376884,-0.457286,-0.542714,-0.582915,-0.497487,-0.562814,-0.437186,-0.512563,-0.467337,-0.386935,-0.708543,-0.537688,-0.854271,-0.618090,-0.994975,-0.693467,-0.507538,-0.291457,-0.723618,-0.427136,-0.864322,-0.522613,-1.000000,-0.613065,-0.502513,-0.170854,-0.673367,-0.266332,-0.783920,-0.336683,-0.889447,-0.417085
F,Right,legacy_bisindo_F_755,0.000000,0.000000,0.034826,-0.184080,-0.054726,-0.378109,-0.159204,-0.507463,-0.293532,-0.532338,-0.368159,-0.462687,-0.532338,-0.582090,-0.492537,-0.562189,-0.432836,-0.507463,-0.462687,-0.393035,-0.701493,-0.542289,-0.850746,-0.621891,-0.990050,-0.696517,-0.502488,-0.298507,-0.721393,-0.432836,-0.860697,-0.527363,-1.000000,-0.616915,-0.502488,-0.179104,-0.671642,-0.273632,-0.781095,-0.343284,-0.885572,-0.417910
F,Right,legacy_bisindo_F_756,0.000000,0.000000,0.039604,-0.183168,-0.049505,-0.371287,-0.158416,-0.490099,-0.282178,-0.514851,-0.356436,-0.450495,-0.514851,-0.569307,-0.495050,-0.549505,-0.460396,-0.504950,-0.460396,-0.381188,-0.693069,-0.529703,-0.841584,-0.613861,-0.980198,-0.688119,-0.500000,-0.287129,-0.722772,-0.425743,-0.866337,-0.519802,-1.000000,-0.608911,-0.500000,-0.168317,-0.668317,-0.262376,-0.777228,-0.331683,-0.881188,-0.410891
F,Right,legacy_bisindo_F_757,0.000000,0.000000,0.039216,-0.186275,-0.053922,-0.377451,-0.166667,-0.495098,-0.299020,-0.509804,-0.362745,-0.441176,-0.514706,-0.549020,-0.495098,-0.539216,-0.455882,-0.500000,-0.460784,-0.377451,-0.696078,-0.514706,-0.848039,-0.598039,-0.990196,-0.676471,-0.500000,-0.279412,-0.720588,-0.416667,-0.862745,-0.514706,-1.000000,-0.602941,-0.500000,-0.156863,-0.666667,-0.250000,-0.774510,-0.318627,-0.882353,-0.397059
F,Right,legacy_bisindo_F_758,0.000000,0.000000,0.029412,-0.186275,-0.063725,-0.377451,-0.181373,-0.480392,-0.308824,-0.485294,-0.372549,-0.436275,-0.529412,-0.549020,-0.500000,-0.534314,-0.455882,-0.490196,-0.470588,-0.367647,-0.700980,-0.504902,-0.852941,-0.588235,-0.990196,-0.656863,-0.504902,-0.274510,-0.720588,-0.406863,-0.867647,-0.500000,-1.000000,-0.588235,-0.504902,-0.147059,-0.671569,-0.240196,-0.779412,-0.308824,-0.882353,-0.387255
F,Right,legacy_bisindo_F_759,0.000000,0.000000,0.034146,-0.190244,-0.058537,-0.375610,-0.160976,-0.487805,-0.282927,-0.482927,-0.375610,-0.439024,-0.526829,-0.556098,-0.492683,-0.541463,-0.448780,-0.497561,-0.468293,-0.370732,-0.697561,-0.507317,-0.843902,-0.590244,-0.980488,-0.658537,-0.502439,-0.273171,-0.721951,-0.400000,-0.863415,-0.497561,-1.000000,-0.585366,-0.502439,-0.146341,-0.673171,-0.243902,-0.785366,-0.312195,-0.887805,-0.385366
F,Right,legacy_bisindo_F_760,0.000000,0.000000,0.051813,-0.191710,-0.036269,-0.398964,-0.145078,-0.528497,-0.274611,-0.544041,-0.362694,-0.487047,-0.533679,-0.616580,-0.492228,-0.595855,-0.440415,-0.538860,-0.461140,-0.419689,-0.704663,-0.580311,-0.854922,-0.678756,-0.994819,-0.756477,-0.502591,-0.316062,-0.725389,-0.471503,-0.870466,-0.575130,-1.000000,-0.668394,-0.502591,-0.186528,-0.678756,-0.305699,-0.787565,-0.388601,-0.891192,-0.476684
F,Right,legacy_bisindo_F_761,0.000000,0.000000,0.051546,-0.190722,-0.020619,-0.402062,-0.118557,-0.541237,-0.247423,-0.567010,-0.355670,-0.510309,-0.505155,-0.649485,-0.448454,-0.623711,-0.386598,-0.561856,-0.458763,-0.443299,-0.695876,-0.613402,-0.850515,-0.711340,-0.994845,-0.788660,-0.505155,-0.340206,-0.721649,-0.500000,-0.865979,-0.603093,-1.000000,-0.701031,-0.510309,-0.206186,-0.675258,-0.319588,-0.788660,-0.402062,-0.891753,-0.494845
F,Right,legacy_bisindo_F_762,0.000000,0.000000,0.060440,-0.208791,-0.021978,-0.439560,-0.137363,-0.576923,-0.280220,-0.609890,-0.351648,-0.571429,-0.516484,-0.725275,-0.467033,-0.692308,-0.401099,-0.620879,-0.467033,-0.494505,-0.703297,-0.681319,-0.846154,-0.785714,-0.983516,-0.873626,-0.516484,-0.390110,-0.730769,-0.549451,-0.868132,-0.659341,-1.000000,-0.752747,-0.532967,-0.247253,-0.697802,-0.390110,-0.791209,-0.483516,-0.884615,-0.582418
F,Right,legacy_bisindo_F_763,0.000000,0.000000,0.076471,-0.217647,0.000000,-0.470588,-0.111765,-0.623529,-0.252941,-0.694118,-0.341176,-0.623529,-0.505882,-0.800000,-0.447059,-0.758824,-0.376471,-0.676471,-0.464706,-0.552941,-0.700000,-0.764706,-0.852941,-0.882353,-0.988235,-0.988235,-0.523529,-0.441176,-0.741176,-0.635294,-0.876471,-0.764706,-1.000000,-0.882353,-0.547059,-0.294118,-0.723529,-0.452941,-0.823529,-0.558824,-0.917647,-0.676471
F,Right,legacy_bisindo_F_764,0.000000,0.000000,0.120773,-0.159420,0.125604,-0.376812,0.082126,-0.536232,-0.019324,-0.599034,-0.096618,-0.565217,-0.193237,-0.724638,-0.202899,-0.714976,-0.207729,-0.671498,-0.222222,-0.531401,-0.371981,-0.753623,-0.463768,-0.884058,-0.545894,-1.000000,-0.299517,-0.458937,-0.454106,-0.652174,-0.541063,-0.782609,-0.613527,-0.903382,-0.357488,-0.347826,-0.478261,-0.502415,-0.545894,-0.608696,-0.613527,-0.719807
F,Right,legacy_bisindo_F_765,0.000000,0.000000,0.119266,-0.137615,0.128440,-0.334862,0.100917,-0.495413,0.013761,-0.587156,-0.100917,-0.536697,-0.174312,-0.706422,-0.123853,-0.660550,-0.077982,-0.587156,-0.206422,-0.518349,-0.339450,-0.738532,-0.422018,-0.876147,-0.500000,-1.000000,-0.279817,-0.449541,-0.408257,-0.651376,-0.481651,-0.784404,-0.555046,-0.903670,-0.330275,-0.348624,-0.435780,-0.504587,-0.500000,-0.610092,-0.555046,-0.715596
F,Right,legacy_bisindo_F_766,0.000000,0.000000,0.118943,-0.132159,0.136564,-0.330396,0.127753,-0.488987,0.044053,-0.572687,-0.074890,-0.537445,-0.136564,-0.704846,-0.088106,-0.651982,-0.044053,-0.577093,-0.180617,-0.519824,-0.303965,-0.740088,-0.378855,-0.876652,-0.444934,-1.000000,-0.251101,-0.453744,-0.374449,-0.665198,-0.440529,-0.797357,-0.506608,-0.925110,-0.308370,-0.356828,-0.400881,-0.515419,-0.462555,-0.621145,-0.511013,-0.731278
F,Right,legacy_bisindo_F_767,0.000000,0.000000,0.147860,-0.105058,0.206226,-0.295720,0.214008,-0.447471,0.147860,-0.525292,0.054475,-0.517510,0.027237,-0.684825,0.042802,-0.634241,0.050584,-0.564202,-0.050584,-0.517510,-0.108949,-0.750973,-0.155642,-0.883268,-0.202335,-1.000000,-0.128405,-0.466926,-0.202335,-0.677043,-0.245136,-0.809339,-0.291829,-0.926070,-0.198444,-0.381323,-0.249027,-0.544747,-0.284047,-0.653696,-0.311284,-0.754864
F,Right,legacy_bisindo_F_768,0.000000,0.000000,0.152249,-0.093426,0.221453,-0.262976,0.238754,-0.397924,0.211073,-0.494810,0.096886,-0.498270,0.089965,-0.664360,0.103806,-0.612457,0.100346,-0.532872,-0.003460,-0.512111,-0.044983,-0.743945,-0.076125,-0.882353,-0.110727,-1.000000,-0.089965,-0.474048,-0.138408,-0.685121,-0.162630,-0.820069,-0.186851,-0.944637,-0.169550,-0.397924,-0.204152,-0.564014,-0.224913,-0.671280,-0.242215,-0.771626
F,Right,legacy_bisindo_F_769,0.000000,0.000000,0.155063,-0.075949,0.237342,-0.243671,0.259494,-0.386076,0.227848,-0.490506,0.120253,-0.500000,0.117089,-0.674051,0.129747,-0.632911,0.139241,-0.569620,0.022152,-0.512658,-0.012658,-0.750000,-0.037975,-0.882911,-0.060127,-1.000000,-0.066456,-0.477848,-0.101266,-0.696203,-0.117089,-0.832278,-0.132911,-0.958861,-0.151899,-0.401899,-0.177215,-0.569620,-0.193038,-0.677215,-0.202532,-0.781646
F,Right,legacy_bisindo_F_770,0.000000,0.000000,0.147929,-0.079882,0.239645,-0.239645,0.278107,-0.378698,0.242604,-0.476331,0.124260,-0.485207,0.124260,-0.653846,0.147929,-0.609467,0.159763,-0.532544,0.029586,-0.502959,0.002959,-0.739645,-0.017751,-0.875740,-0.038462,-1.000000,-0.053254,-0.473373,-0.082840,-0.683432,-0.097633,-0.819527,-0.115385,-0.946746,-0.133136,-0.408284,-0.156805,-0.571006,-0.165680,-0.677515,-0.171598,-0.781065
F,Right,legacy_bisindo_F_771,0.000000,0.000000,0.151429,-0.071429,0.245714,-0.231429,0.297143,-0.360000,0.282857,-0.462857,0.140000,-0.480000,0.157143,-0.648571,0.188571,-0.588571,0.200000,-0.502857,0.051429,-0.502857,0.034286,-0.731429,0.025714,-0.871429,0.008571,-1.000000,-0.028571,-0.474286,-0.057143,-0.682857,-0.068571,-0.817143,-0.085714,-0.948571,-0.102857,-0.411429,-0.125714,-0.571429,-0.137143,-0.680000,-0.148571,-0.788571
F,Right,legacy_bisindo_F_772,0.000000,0.000000,0.149296,-0.067606,0.247887,-0.222535,0.301408,-0.354930,0.295775,-0.461972,0.154930,-0.476056,0.177465,-0.636620,0.208451,-0.580282,0.222535,-0.501408,0.067606,-0.501408,0.059155,-0.726761,0.053521,-0.867606,0.039437,-1.000000,-0.011268,-0.476056,-0.033803,-0.681690,-0.042254,-0.816901,-0.056338,-0.943662,-0.087324,-0.416901,-0.101408,-0.574648,-0.112676,-0.681690,-0.121127,-0.788732
F,Right,legacy_bisindo_F_773,0.000000,0.000000,0.159341,-0.060440,0.258242,-0.214286,0.313187,-0.346154,0.318681,-0.458791,0.175824,-0.469780,0.208791,-0.626374,0.239011,-0.576923,0.247253,-0.505495,0.093407,-0.497253,0.098901,-0.728022,0.104396,-0.870879,0.098901,-1.000000,0.016484,-0.475275,0.002747,-0.681319,-0.005495,-0.813187,-0.013736,-0.936813,-0.060440,-0.414835,-0.071429,-0.571429,-0.074176,-0.673077,-0.079670,-0.774725
F,Right,legacy_bisindo_F_774,0.000000,0.000000,0.157895,-0.069252,0.257618,-0.224377,0.315789,-0.351801,0.318560,-0.457064,0.168975,-0.470914,0.199446,-0.631579,0.232687,-0.578947,0.246537,-0.501385,0.085873,-0.501385,0.088643,-0.728532,0.091413,-0.869806,0.083102,-1.000000,0.008310,-0.479224,-0.005540,-0.684211,-0.011080,-0.814404,-0.022161,-0.939058,-0.066482,-0.421053,-0.077562,-0.578947,-0.083102,-0.684211,-0.085873,-0.786704
F,Right,legacy_bisindo_F_775,0.000000,0.000000,0.158333,-0.063889,0.261111,-0.219444,0.316667,-0.355556,0.311111,-0.469444,0.175000,-0.469444,0.202778,-0.630556,0.227778,-0.577778,0.236111,-0.500000,0.091667,-0.500000,0.091667,-0.727778,0.088889,-0.872222,0.075000,-1.000000,0.011111,-0.477778,-0.005556,-0.683333,-0.016667,-0.811111,-0.030556,-0.930556,-0.069444,-0.416667,-0.080556,-0.575000,-0.086111,-0.677778,-0.094444,-0.777778
F,Right,legacy_bisindo_F_776,0.000000,0.000000,0.151515,-0.071625,0.247934,-0.228650,0.300275,-0.360882,0.294766,-0.471074,0.165289,-0.471074,0.187328,-0.633609,0.217631,-0.581267,0.231405,-0.501377,0.082645,-0.501377,0.079890,-0.724518,0.077135,-0.867769,0.066116,-1.000000,0.005510,-0.476584,-0.019284,-0.677686,-0.033058,-0.809917,-0.049587,-0.933884,-0.071625,-0.415978,-0.085399,-0.570248,-0.096419,-0.674931,-0.107438,-0.776860
F,Right,legacy_bisindo_F_777,0.000000,0.000000,0.153203,-0.075209,0.247911,-0.233983,0.289694,-0.370474,0.278552,-0.484680,0.155989,-0.479109,0.175487,-0.643454,0.200557,-0.590529,0.206128,-0.509749,0.069638,-0.506964,0.064067,-0.732591,0.052925,-0.874652,0.036212,-1.000000,-0.011142,-0.479109,-0.033426,-0.682451,-0.050139,-0.807799,-0.066852,-0.930362,-0.089136,-0.415042,-0.103064,-0.571031,-0.114206,-0.671309,-0.125348,-0.768802
F,Right,legacy_bisindo_F_778,0.000000,0.000000,0.156425,-0.075419,0.251397,-0.237430,0.296089,-0.377095,0.279330,-0.486034,0.153631,-0.483240,0.173184,-0.642458,0.198324,-0.592179,0.209497,-0.513966,0.067039,-0.508380,0.058659,-0.734637,0.050279,-0.874302,0.030726,-1.000000,-0.011173,-0.480447,-0.036313,-0.684358,-0.050279,-0.812849,-0.067039,-0.932961,-0.086592,-0.416201,-0.100559,-0.575419,-0.114525,-0.678771,-0.125698,-0.779330
F,Right,legacy_bisindo_F_779,0.000000,0.000000,0.159218,-0.075419,0.251397,-0.240223,0.296089,-0.377095,0.282123,-0.488827,0.156425,-0.483240,0.175978,-0.645251,0.201117,-0.597765,0.209497,-0.522346,0.072626,-0.508380,0.058659,-0.734637,0.050279,-0.874302,0.033520,-1.000000,-0.005587,-0.480447,-0.033520,-0.684358,-0.047486,-0.812849,-0.067039,-0.932961,-0.078212,-0.418994,-0.097765,-0.572626,-0.111732,-0.675978,-0.125698,-0.779330
F,Right,legacy_bisindo_F_780,0.000000,0.000000,0.156863,-0.075630,0.254902,-0.246499,0.299720,-0.386555,0.288515,-0.498599,0.165266,-0.484594,0.187675,-0.644258,0.210084,-0.591036,0.212885,-0.509804,0.084034,-0.509804,0.075630,-0.736695,0.072829,-0.876751,0.056022,-1.000000,0.005602,-0.481793,-0.014006,-0.689076,-0.025210,-0.817927,-0.044818,-0.941176,-0.067227,-0.417367,-0.078431,-0.571429,-0.089636,-0.675070,-0.103641,-0.778711
F,Right,legacy_bisindo_F_781,0.000000,0.000000,0.157303,-0.073034,0.255618,-0.241573,0.306180,-0.382022,0.289326,-0.491573,0.168539,-0.485955,0.191011,-0.646067,0.213483,-0.592697,0.216292,-0.511236,0.084270,-0.511236,0.075843,-0.738764,0.070225,-0.876404,0.056180,-1.000000,0.005618,-0.483146,-0.014045,-0.688202,-0.028090,-0.814607,-0.044944,-0.938202,-0.070225,-0.418539,-0.078652,-0.573034,-0.089888,-0.674157,-0.103933,-0.775281
F,Right,legacy_bisindo_F_782,0.000000,0.000000,0.157303,-0.073034,0.252809,-0.244382,0.306180,-0.387640,0.286517,-0.497191,0.162921,-0.488764,0.185393,-0.651685,0.210674,-0.592697,0.216292,-0.508427,0.081461,-0.511236,0.070225,-0.738764,0.061798,-0.876404,0.044944,-1.000000,0.002809,-0.483146,-0.016854,-0.685393,-0.030899,-0.811798,-0.050562,-0.932584,-0.070225,-0.418539,-0.081461,-0.570225,-0.095506,-0.671348,-0.112360,-0.775281
F,Right,legacy_bisindo_F_783,0.000000,0.000000,0.160112,-0.073034,0.255618,-0.247191,0.303371,-0.384831,0.289326,-0.494382,0.165730,-0.488764,0.188202,-0.648876,0.210674,-0.592697,0.216292,-0.508427,0.081461,-0.511236,0.070225,-0.735955,0.061798,-0.873596,0.044944,-1.000000,0.002809,-0.483146,-0.016854,-0.685393,-0.028090,-0.811798,-0.044944,-0.932584,-0.070225,-0.418539,-0.081461,-0.570225,-0.092697,-0.674157,-0.106742,-0.775281
F,Right,legacy_bisindo_F_784,0.000000,0.000000,0.161017,-0.073446,0.259887,-0.245763,0.302260,-0.389831,0.288136,-0.502825,0.169492,-0.485876,0.189266,-0.649718,0.209040,-0.596045,0.211864,-0.514124,0.081921,-0.511299,0.070621,-0.740113,0.062147,-0.878531,0.042373,-1.000000,0.005650,-0.485876,-0.016949,-0.689266,-0.031073,-0.816384,-0.048023,-0.935028,-0.070621,-0.423729,-0.081921,-0.576271,-0.093220,-0.675141,-0.107345,-0.776836
F,Right,legacy_bisindo_F_785,0.000000,0.000000,0.157746,-0.073239,0.253521,-0.236620,0.307042,-0.377465,0.298592,-0.487324,0.169014,-0.487324,0.191549,-0.645070,0.211268,-0.600000,0.214085,-0.526761,0.084507,-0.515493,0.073239,-0.743662,0.064789,-0.881690,0.047887,-1.000000,0.005634,-0.492958,-0.016901,-0.692958,-0.030986,-0.819718,-0.050704,-0.938028,-0.070423,-0.428169,-0.081690,-0.577465,-0.092958,-0.678873,-0.107042,-0.780282
F,Right,legacy_bisindo_F_786,0.000000,0.000000,0.157303,-0.073034,0.255618,-0.244382,0.306180,-0.384831,0.292135,-0.494382,0.168539,-0.485955,0.182584,-0.648876,0.205056,-0.589888,0.210674,-0.502809,0.084270,-0.511236,0.073034,-0.738764,0.064607,-0.876404,0.050562,-1.000000,0.008427,-0.485955,-0.014045,-0.688202,-0.025281,-0.814607,-0.044944,-0.935393,-0.067416,-0.424157,-0.078652,-0.573034,-0.089888,-0.674157,-0.109551,-0.772472
F,Right,legacy_bisindo_F_787,0.000000,0.000000,0.154062,-0.070028,0.254902,-0.246499,0.302521,-0.389356,0.277311,-0.495798,0.159664,-0.484594,0.176471,-0.647059,0.198880,-0.593838,0.204482,-0.512605,0.075630,-0.509804,0.058824,-0.733894,0.053221,-0.873950,0.036415,-1.000000,-0.002801,-0.484594,-0.019608,-0.683473,-0.033613,-0.806723,-0.050420,-0.924370,-0.078431,-0.420168,-0.086835,-0.574230,-0.100840,-0.675070,-0.117647,-0.775910
F,Right,legacy_bisindo_F_788,0.000000,0.000000,0.154930,-0.076056,0.242254,-0.253521,0.284507,-0.400000,0.250704,-0.507042,0.143662,-0.490141,0.157746,-0.650704,0.177465,-0.602817,0.180282,-0.526761,0.056338,-0.512676,0.033803,-0.743662,0.019718,-0.878873,0.000000,-1.000000,-0.022535,-0.481690,-0.050704,-0.687324,-0.067606,-0.814085,-0.087324,-0.935211,-0.101408,-0.411268,-0.115493,-0.563380,-0.129577,-0.664789,-0.149296,-0.766197
F,Right,legacy_bisindo_F_789,0.000000,0.000000,0.154930,-0.076056,0.245070,-0.250704,0.287324,-0.397183,0.259155,-0.507042,0.149296,-0.490141,0.160563,-0.656338,0.180282,-0.605634,0.185915,-0.526761,0.061972,-0.512676,0.039437,-0.743662,0.025352,-0.878873,0.005634,-1.000000,-0.019718,-0.481690,-0.045070,-0.687324,-0.061972,-0.814085,-0.084507,-0.935211,-0.095775,-0.414085,-0.112676,-0.563380,-0.126761,-0.667606,-0.143662,-0.769014
F,Right,legacy_bisindo_F_790,0.000000,0.000000,0.154930,-0.076056,0.242254,-0.250704,0.284507,-0.397183,0.253521,-0.507042,0.143662,-0.490141,0.157746,-0.656338,0.177465,-0.605634,0.180282,-0.529577,0.059155,-0.509859,0.036620,-0.740845,0.022535,-0.878873,-0.002817,-1.000000,-0.022535,-0.478873,-0.047887,-0.687324,-0.064789,-0.811268,-0.090141,-0.929577,-0.101408,-0.411268,-0.115493,-0.566197,-0.129577,-0.667606,-0.146479,-0.769014
F,Right,legacy_bisindo_F_791,0.000000,0.000000,-0.206897,-0.054187,-0.320197,-0.197044,-0.349754,-0.349754,-0.418719,-0.482759,-0.285714,-0.448276,-0.349754,-0.615764,-0.374384,-0.581281,-0.374384,-0.507389,-0.192118,-0.487685,-0.275862,-0.724138,-0.325123,-0.866995,-0.369458,-1.000000,-0.088670,-0.482759,-0.142857,-0.704433,-0.177340,-0.842365,-0.221675,-0.965517,0.024631,-0.458128,0.004926,-0.630542,-0.019704,-0.738916,-0.044335,-0.847291
F,Right,legacy_bisindo_F_792,0.000000,0.000000,-0.207729,-0.062802,-0.318841,-0.212560,-0.342995,-0.367150,-0.415459,-0.502415,-0.275362,-0.454106,-0.333333,-0.618357,-0.357488,-0.599034,-0.352657,-0.531401,-0.188406,-0.492754,-0.260870,-0.724638,-0.314010,-0.869565,-0.357488,-1.000000,-0.091787,-0.492754,-0.140097,-0.710145,-0.178744,-0.845411,-0.217391,-0.961353,0.024155,-0.463768,0.009662,-0.632850,-0.009662,-0.743961,-0.033816,-0.850242
F,Right,legacy_bisindo_F_793,0.000000,0.000000,-0.204878,-0.058537,-0.317073,-0.200000,-0.341463,-0.351220,-0.409756,-0.492683,-0.278049,-0.448780,-0.336585,-0.609756,-0.365854,-0.590244,-0.360976,-0.521951,-0.190244,-0.487805,-0.263415,-0.721951,-0.307317,-0.868293,-0.346341,-1.000000,-0.082927,-0.482927,-0.131707,-0.702439,-0.165854,-0.843902,-0.209756,-0.965854,0.034146,-0.458537,0.024390,-0.629268,0.004878,-0.741463,-0.019512,-0.853659
F,Right,legacy_bisindo_F_794,0.000000,0.000000,-0.212560,-0.062802,-0.309179,-0.207729,-0.333333,-0.357488,-0.396135,-0.492754,-0.270531,-0.449275,-0.323671,-0.613527,-0.342995,-0.594203,-0.338164,-0.526570,-0.183575,-0.483092,-0.246377,-0.724638,-0.289855,-0.869565,-0.328502,-1.000000,-0.077295,-0.478261,-0.125604,-0.700483,-0.164251,-0.840580,-0.207729,-0.961353,0.038647,-0.454106,0.033816,-0.623188,0.019324,-0.739130,0.000000,-0.845411
F,Right,legacy_bisindo_F_795,0.000000,0.000000,-0.203791,-0.056872,-0.308057,-0.213270,-0.336493,-0.364929,-0.398104,-0.492891,-0.255924,-0.450237,-0.308057,-0.611374,-0.336493,-0.587678,-0.336493,-0.516588,-0.170616,-0.483412,-0.236967,-0.720379,-0.279621,-0.867299,-0.317536,-1.000000,-0.071090,-0.478673,-0.118483,-0.701422,-0.156398,-0.834123,-0.194313,-0.952607,0.042654,-0.445498,0.037915,-0.616114,0.023697,-0.729858,0.009479,-0.834123
F,Right,legacy_bisindo_F_796,0.000000,0.000000,-0.214286,-0.052381,-0.328571,-0.209524,-0.352381,-0.366667,-0.414286,-0.500000,-0.271429,-0.457143,-0.333333,-0.623810,-0.357143,-0.604762,-0.366667,-0.542857,-0.185714,-0.500000,-0.252381,-0.733333,-0.304762,-0.876190,-0.347619,-1.000000,-0.090476,-0.490476,-0.138095,-0.709524,-0.185714,-0.842857,-0.223810,-0.952381,0.023810,-0.452381,0.019048,-0.619048,0.004762,-0.738095,-0.014286,-0.842857
F,Right,legacy_bisindo_F_797,0.000000,0.000000,-0.203791,-0.042654,-0.336493,-0.203791,-0.379147,-0.364929,-0.450237,-0.488152,-0.317536,-0.445498,-0.388626,-0.625592,-0.398104,-0.587678,-0.388626,-0.516588,-0.232227,-0.502370,-0.312796,-0.734597,-0.369668,-0.876777,-0.412322,-1.000000,-0.127962,-0.502370,-0.194313,-0.720379,-0.246445,-0.853081,-0.289100,-0.966825,-0.004739,-0.473934,-0.023697,-0.649289,-0.042654,-0.763033,-0.061611,-0.872038
F,Right,legacy_bisindo_F_798,0.000000,0.000000,-0.212560,-0.038647,-0.352657,-0.198068,-0.405797,-0.362319,-0.487923,-0.487923,-0.338164,-0.444444,-0.425121,-0.618357,-0.439614,-0.589372,-0.429952,-0.521739,-0.256039,-0.502415,-0.342995,-0.734300,-0.410628,-0.874396,-0.463768,-1.000000,-0.149758,-0.507246,-0.222222,-0.724638,-0.275362,-0.864734,-0.323671,-0.980676,-0.024155,-0.478261,-0.048309,-0.657005,-0.072464,-0.768116,-0.101449,-0.874396
F,Right,legacy_bisindo_F_799,0.000000,0.000000,-0.225490,-0.029412,-0.377451,-0.191176,-0.441176,-0.352941,-0.529412,-0.475490,-0.382353,-0.436275,-0.480392,-0.612745,-0.490196,-0.573529,-0.475490,-0.495098,-0.299020,-0.500000,-0.401961,-0.735294,-0.480392,-0.877451,-0.544118,-1.000000,-0.191176,-0.514706,-0.279412,-0.735294,-0.343137,-0.872549,-0.401961,-0.985294,-0.063725,-0.495098,-0.098039,-0.676471,-0.127451,-0.789216,-0.156863,-0.897059
F,Right,legacy_bisindo_F_800,0.000000,0.000000,-0.252809,0.039326,-0.426966,-0.101124,-0.494382,-0.258427,-0.612360,-0.410112,-0.426966,-0.421348,-0.533708,-0.584270,-0.556180,-0.578652,-0.550562,-0.516854,-0.320225,-0.483146,-0.477528,-0.707865,-0.573034,-0.859551,-0.657303,-0.994382,-0.202247,-0.500000,-0.337079,-0.730337,-0.421348,-0.870787,-0.494382,-1.000000,-0.061798,-0.505618,-0.117978,-0.696629,-0.162921,-0.820225,-0.213483,-0.949438
F,Right,legacy_bisindo_F_801,0.000000,0.000000,-0.235000,-0.010000,-0.410000,-0.165000,-0.485000,-0.325000,-0.585000,-0.450000,-0.435000,-0.420000,-0.550000,-0.600000,-0.560000,-0.555000,-0.540000,-0.480000,-0.350000,-0.495000,-0.480000,-0.730000,-0.575000,-0.875000,-0.645000,-1.000000,-0.240000,-0.515000,-0.355000,-0.745000,-0.430000,-0.875000,-0.495000,-0.990000,-0.105000,-0.505000,-0.155000,-0.690000,-0.195000,-0.805000,-0.235000,-0.910000
F,Right,legacy_bisindo_F_802,0.000000,0.000000,-0.230000,-0.010000,-0.405000,-0.165000,-0.475000,-0.330000,-0.575000,-0.455000,-0.430000,-0.420000,-0.545000,-0.595000,-0.550000,-0.550000,-0.530000,-0.475000,-0.345000,-0.495000,-0.475000,-0.735000,-0.570000,-0.880000,-0.645000,-1.000000,-0.235000,-0.515000,-0.350000,-0.740000,-0.430000,-0.880000,-0.500000,-0.995000,-0.100000,-0.505000,-0.155000,-0.690000,-0.205000,-0.810000,-0.255000,-0.915000
F,Right,legacy_bisindo_F_803,0.000000,0.000000,-0.241206,-0.010050,-0.422111,-0.160804,-0.507538,-0.331658,-0.613065,-0.452261,-0.447236,-0.422111,-0.562814,-0.592965,-0.572864,-0.557789,-0.547739,-0.492462,-0.366834,-0.497487,-0.507538,-0.733668,-0.603015,-0.874372,-0.688442,-1.000000,-0.256281,-0.522613,-0.381910,-0.748744,-0.467337,-0.884422,-0.547739,-1.000000,-0.120603,-0.517588,-0.185930,-0.698492,-0.236181,-0.814070,-0.286432,-0.914573
F,Right,legacy_bisindo_F_804,0.000000,0.000000,-0.251282,0.000000,-0.435897,-0.158974,-0.533333,-0.333333,-0.646154,-0.451282,-0.466667,-0.415385,-0.600000,-0.594872,-0.605128,-0.564103,-0.579487,-0.497436,-0.389744,-0.497436,-0.533333,-0.733333,-0.635897,-0.876923,-0.723077,-1.000000,-0.276923,-0.528205,-0.405128,-0.748718,-0.497436,-0.887179,-0.579487,-1.000000,-0.138462,-0.523077,-0.210256,-0.707692,-0.271795,-0.820513,-0.328205,-0.923077
F,Right,legacy_bisindo_F_805,0.000000,0.000000,-0.247423,0.005155,-0.443299,-0.139175,-0.536082,-0.309278,-0.649485,-0.432990,-0.489691,-0.402062,-0.623711,-0.577320,-0.628866,-0.541237,-0.597938,-0.474227,-0.407216,-0.489691,-0.556701,-0.726804,-0.664948,-0.871134,-0.747423,-0.994845,-0.293814,-0.525773,-0.432990,-0.747423,-0.520619,-0.881443,-0.608247,-1.000000,-0.154639,-0.525773,-0.231959,-0.706186,-0.293814,-0.824742,-0.350515,-0.927835
F,Right,legacy_bisindo_F_806,0.000000,0.000000,-0.251282,0.005128,-0.441026,-0.148718,-0.533333,-0.317949,-0.646154,-0.441026,-0.476923,-0.405128,-0.615385,-0.574359,-0.620513,-0.533333,-0.589744,-0.461538,-0.400000,-0.492308,-0.553846,-0.728205,-0.661538,-0.871795,-0.748718,-0.994872,-0.287179,-0.528205,-0.425641,-0.748718,-0.517949,-0.882051,-0.605128,-1.000000,-0.148718,-0.528205,-0.230769,-0.707692,-0.292308,-0.820513,-0.348718,-0.928205
F,Right,legacy_bisindo_F_807,0.000000,0.000000,-0.250000,0.010204,-0.443878,-0.153061,-0.535714,-0.326531,-0.647959,-0.443878,-0.479592,-0.408163,-0.612245,-0.571429,-0.617347,-0.530612,-0.586735,-0.459184,-0.397959,-0.494898,-0.551020,-0.729592,-0.658163,-0.872449,-0.744898,-0.989796,-0.285714,-0.525510,-0.423469,-0.744898,-0.515306,-0.882653,-0.596939,-1.000000,-0.153061,-0.525510,-0.229592,-0.704082,-0.285714,-0.821429,-0.346939,-0.923469
F,Right,legacy_bisindo_F_808,0.000000,0.000000,-0.252525,0.005051,-0.439394,-0.161616,-0.525253,-0.333333,-0.631313,-0.454545,-0.464646,-0.409091,-0.601010,-0.570707,-0.601010,-0.530303,-0.570707,-0.454545,-0.383838,-0.494949,-0.530303,-0.732323,-0.636364,-0.873737,-0.722222,-1.000000,-0.272727,-0.525253,-0.409091,-0.747475,-0.500000,-0.878788,-0.580808,-0.994949,-0.141414,-0.525253,-0.217172,-0.707071,-0.272727,-0.818182,-0.328283,-0.924242
F,Right,legacy_bisindo_F_809,0.000000,0.000000,-0.189744,-0.061538,-0.282051,-0.220513,-0.271795,-0.379487,-0.307692,-0.507692,-0.230769,-0.471795,-0.292308,-0.651282,-0.292308,-0.625641,-0.276923,-0.574359,-0.143590,-0.523077,-0.200000,-0.748718,-0.246154,-0.882051,-0.287179,-1.000000,-0.051282,-0.523077,-0.112821,-0.738462,-0.169231,-0.871795,-0.220513,-0.989744,0.056410,-0.487179,0.041026,-0.656410,0.015385,-0.769231,-0.010256,-0.876923
F,Right,legacy_bisindo_F_810,0.000000,0.000000,-0.185567,-0.051546,-0.278351,-0.206186,-0.273196,-0.360825,-0.298969,-0.494845,-0.237113,-0.463918,-0.298969,-0.628866,-0.293814,-0.613402,-0.273196,-0.572165,-0.144330,-0.520619,-0.201031,-0.737113,-0.242268,-0.876289,-0.283505,-1.000000,-0.046392,-0.520619,-0.108247,-0.726804,-0.159794,-0.860825,-0.206186,-0.984536,0.067010,-0.479381,0.046392,-0.644330,0.025773,-0.752577,0.000000,-0.860825
F,Right,legacy_bisindo_F_811,0.000000,0.000000,-0.185567,-0.056701,-0.288660,-0.216495,-0.288660,-0.371134,-0.319588,-0.510309,-0.242268,-0.463918,-0.293814,-0.634021,-0.283505,-0.613402,-0.257732,-0.561856,-0.149485,-0.520619,-0.201031,-0.742268,-0.247423,-0.881443,-0.283505,-1.000000,-0.051546,-0.525773,-0.108247,-0.737113,-0.159794,-0.871134,-0.206186,-0.989691,0.061856,-0.489691,0.046392,-0.654639,0.025773,-0.762887,0.005155,-0.865979
F,Right,legacy_bisindo_F_812,0.000000,0.000000,-0.183673,-0.071429,-0.270408,-0.229592,-0.270408,-0.377551,-0.301020,-0.515306,-0.219388,-0.469388,-0.270408,-0.627551,-0.275510,-0.612245,-0.270408,-0.561224,-0.132653,-0.515306,-0.178571,-0.739796,-0.224490,-0.877551,-0.270408,-1.000000,-0.035714,-0.510204,-0.086735,-0.724490,-0.132653,-0.862245,-0.183673,-0.979592,0.076531,-0.469388,0.071429,-0.632653,0.051020,-0.744898,0.025510,-0.846939
F,Right,legacy_bisindo_F_813,0.000000,0.000000,-0.195876,-0.061856,-0.293814,-0.211340,-0.288660,-0.365979,-0.324742,-0.505155,-0.242268,-0.463918,-0.298969,-0.623711,-0.304124,-0.608247,-0.288660,-0.556701,-0.149485,-0.515464,-0.206186,-0.731959,-0.247423,-0.876289,-0.278351,-1.000000,-0.051546,-0.510309,-0.108247,-0.721649,-0.159794,-0.860825,-0.201031,-0.984536,0.067010,-0.474227,0.056701,-0.639175,0.036082,-0.752577,0.015464,-0.860825
F,Right,legacy_bisindo_F_814,0.000000,0.000000,-0.200000,-0.061538,-0.292308,-0.215385,-0.292308,-0.369231,-0.333333,-0.507692,-0.241026,-0.461538,-0.292308,-0.625641,-0.297436,-0.620513,-0.287179,-0.579487,-0.148718,-0.507692,-0.200000,-0.733333,-0.241026,-0.871795,-0.276923,-1.000000,-0.051282,-0.502564,-0.102564,-0.717949,-0.148718,-0.851282,-0.189744,-0.969231,0.066667,-0.466667,0.056410,-0.635897,0.041026,-0.748718,0.025641,-0.856410
F,Right,legacy_bisindo_F_815,0.000000,0.000000,-0.197970,-0.071066,-0.284264,-0.218274,-0.274112,-0.370558,-0.309645,-0.507614,-0.233503,-0.446701,-0.274112,-0.609137,-0.279188,-0.598985,-0.263959,-0.553299,-0.137056,-0.487310,-0.182741,-0.715736,-0.218274,-0.862944,-0.248731,-1.000000,-0.035533,-0.487310,-0.086294,-0.700508,-0.131980,-0.837563,-0.172589,-0.964467,0.081218,-0.451777,0.065990,-0.619289,0.045685,-0.736041,0.020305,-0.842640
F,Right,legacy_bisindo_F_816,0.000000,0.000000,-0.203046,-0.076142,-0.289340,-0.213198,-0.274112,-0.360406,-0.314721,-0.502538,-0.228426,-0.456853,-0.253807,-0.609137,-0.269036,-0.614213,-0.279188,-0.568528,-0.137056,-0.482234,-0.172589,-0.710660,-0.197970,-0.857868,-0.228426,-1.000000,-0.045685,-0.472081,-0.065990,-0.690355,-0.091371,-0.822335,-0.121827,-0.944162,0.060914,-0.436548,0.045685,-0.598985,0.030457,-0.710660,0.010152,-0.817259
F,Right,legacy_bisindo_F_817,0.000000,0.000000,-0.203046,-0.071066,-0.289340,-0.213198,-0.274112,-0.360406,-0.314721,-0.502538,-0.228426,-0.446701,-0.258883,-0.609137,-0.269036,-0.604061,-0.269036,-0.558376,-0.137056,-0.477157,-0.172589,-0.710660,-0.197970,-0.857868,-0.218274,-1.000000,-0.045685,-0.467005,-0.071066,-0.685279,-0.096447,-0.822335,-0.126904,-0.944162,0.055838,-0.431472,0.045685,-0.593909,0.025381,-0.705584,0.010152,-0.817259
F,Right,legacy_bisindo_F_818,0.000000,0.000000,-0.205128,-0.076923,-0.292308,-0.210256,-0.276923,-0.358974,-0.317949,-0.497436,-0.230769,-0.451282,-0.256410,-0.610256,-0.266667,-0.605128,-0.271795,-0.553846,-0.138462,-0.476923,-0.169231,-0.707692,-0.189744,-0.856410,-0.210256,-1.000000,-0.041026,-0.461538,-0.066667,-0.682051,-0.092308,-0.815385,-0.117949,-0.943590,0.066667,-0.435897,0.046154,-0.594872,0.030769,-0.707692,0.010256,-0.815385
F,Right,legacy_bisindo_F_819,0.000000,0.000000,-0.203046,-0.065990,-0.289340,-0.203046,-0.279188,-0.350254,-0.319797,-0.497462,-0.233503,-0.446701,-0.258883,-0.604061,-0.274112,-0.604061,-0.279188,-0.558376,-0.142132,-0.477157,-0.172589,-0.705584,-0.197970,-0.857868,-0.223350,-1.000000,-0.045685,-0.467005,-0.065990,-0.685279,-0.091371,-0.822335,-0.121827,-0.944162,0.055838,-0.431472,0.040609,-0.593909,0.025381,-0.705584,0.010152,-0.812183
F,Right,legacy_bisindo_F_820,0.000000,0.000000,-0.187192,-0.078818,-0.270936,-0.231527,-0.256158,-0.379310,-0.295567,-0.517241,-0.206897,-0.467980,-0.231527,-0.630542,-0.241379,-0.635468,-0.236453,-0.605911,-0.113300,-0.507389,-0.137931,-0.729064,-0.167488,-0.871921,-0.187192,-1.000000,-0.024631,-0.492611,-0.049261,-0.709360,-0.073892,-0.837438,-0.103448,-0.955665,0.068966,-0.448276,0.064039,-0.605911,0.054187,-0.714286,0.039409,-0.817734
F,Right,legacy_bisindo_F_821,0.000000,0.000000,-0.177570,-0.074766,-0.261682,-0.238318,-0.257009,-0.387850,-0.294393,-0.518692,-0.200935,-0.471963,-0.224299,-0.644860,-0.233645,-0.649533,-0.228972,-0.612150,-0.112150,-0.509346,-0.130841,-0.738318,-0.149533,-0.878505,-0.163551,-1.000000,-0.023364,-0.495327,-0.037383,-0.705607,-0.056075,-0.841121,-0.079439,-0.953271,0.074766,-0.443925,0.070093,-0.602804,0.060748,-0.705607,0.046729,-0.803738
F,Right,legacy_bisindo_F_822,0.000000,0.000000,-0.175676,-0.072072,-0.265766,-0.238739,-0.265766,-0.382883,-0.306306,-0.509009,-0.211712,-0.472973,-0.243243,-0.653153,-0.247748,-0.630631,-0.243243,-0.567568,-0.121622,-0.513514,-0.144144,-0.738739,-0.166667,-0.882883,-0.180180,-1.000000,-0.031532,-0.500000,-0.054054,-0.711712,-0.081081,-0.846847,-0.103604,-0.963964,0.063063,-0.450450,0.058559,-0.608108,0.040541,-0.716216,0.027027,-0.810811
F,Right,legacy_bisindo_F_823,0.000000,0.000000,-0.189189,-0.058559,-0.297297,-0.220721,-0.315315,-0.369369,-0.373874,-0.495495,-0.252252,-0.468468,-0.292793,-0.648649,-0.306306,-0.639640,-0.301802,-0.590090,-0.166667,-0.513514,-0.207207,-0.743243,-0.243243,-0.882883,-0.265766,-1.000000,-0.072072,-0.504505,-0.108108,-0.725225,-0.144144,-0.860360,-0.171171,-0.977477,0.027027,-0.459459,0.009009,-0.621622,-0.013514,-0.729730,-0.031532,-0.828829
F,Right,legacy_bisindo_F_824,0.000000,0.000000,-0.208145,-0.040724,-0.343891,-0.199095,-0.380090,-0.352941,-0.452489,-0.479638,-0.325792,-0.457014,-0.384615,-0.628959,-0.402715,-0.615385,-0.393665,-0.561086,-0.244344,-0.511312,-0.312217,-0.737557,-0.375566,-0.882353,-0.416290,-1.000000,-0.149321,-0.511312,-0.217195,-0.733032,-0.276018,-0.868778,-0.321267,-0.986425,-0.040724,-0.470588,-0.081448,-0.638009,-0.117647,-0.746606,-0.149321,-0.846154
F,Right,legacy_bisindo_F_825,0.000000,0.000000,-0.233831,0.004975,-0.427861,-0.134328,-0.522388,-0.288557,-0.636816,-0.402985,-0.472637,-0.402985,-0.601990,-0.582090,-0.606965,-0.557214,-0.582090,-0.497512,-0.398010,-0.482587,-0.537313,-0.721393,-0.631841,-0.860697,-0.706468,-0.985075,-0.298507,-0.507463,-0.417910,-0.741294,-0.507463,-0.875622,-0.582090,-1.000000,-0.174129,-0.492537,-0.258706,-0.666667,-0.323383,-0.781095,-0.383085,-0.885572
F,Right,legacy_bisindo_F_826,0.000000,0.000000,-0.250000,0.031915,-0.484043,-0.106383,-0.606383,-0.265957,-0.744681,-0.367021,-0.569149,-0.388298,-0.718085,-0.563830,-0.723404,-0.531915,-0.691489,-0.473404,-0.500000,-0.484043,-0.675532,-0.718085,-0.797872,-0.861702,-0.882979,-0.994681,-0.393617,-0.521277,-0.558511,-0.744681,-0.670213,-0.877660,-0.760638,-1.000000,-0.260638,-0.521277,-0.377660,-0.691489,-0.462766,-0.803191,-0.542553,-0.898936
F,Right,legacy_bisindo_F_827,0.000000,0.000000,-0.263736,0.054945,-0.510989,-0.065934,-0.648352,-0.214286,-0.796703,-0.318681,-0.620879,-0.351648,-0.785714,-0.510989,-0.780220,-0.461538,-0.736264,-0.390110,-0.560440,-0.456044,-0.752747,-0.692308,-0.890110,-0.840659,-1.000000,-0.972527,-0.450549,-0.500000,-0.631868,-0.730769,-0.752747,-0.862637,-0.857143,-0.983516,-0.307692,-0.510989,-0.439560,-0.686813,-0.538462,-0.796703,-0.620879,-0.901099
F,Right,legacy_bisindo_F_828,0.000000,0.000000,-0.235294,0.083333,-0.470588,0.009804,-0.607843,-0.112745,-0.750000,-0.200980,-0.598039,-0.230392,-0.774510,-0.343137,-0.750000,-0.289216,-0.686275,-0.230392,-0.553922,-0.333333,-0.759804,-0.524510,-0.892157,-0.637255,-1.000000,-0.745098,-0.460784,-0.387255,-0.651961,-0.568627,-0.779412,-0.671569,-0.887255,-0.769608,-0.338235,-0.411765,-0.480392,-0.549020,-0.578431,-0.637255,-0.666667,-0.715686
F,Right,legacy_bisindo_F_829,0.000000,0.000000,-0.214953,0.088785,-0.448598,0.028037,-0.588785,-0.084112,-0.738318,-0.149533,-0.579439,-0.191589,-0.747664,-0.308411,-0.747664,-0.285047,-0.710280,-0.247664,-0.546729,-0.289720,-0.752336,-0.453271,-0.887850,-0.546729,-1.000000,-0.640187,-0.462617,-0.345794,-0.654206,-0.504673,-0.780374,-0.593458,-0.892523,-0.677570,-0.345794,-0.378505,-0.490654,-0.500000,-0.593458,-0.574766,-0.682243,-0.644860
F,Right,legacy_bisindo_F_830,0.000000,0.000000,-0.192308,0.094017,-0.414530,0.059829,-0.555556,-0.021368,-0.700855,-0.068376,-0.559829,-0.128205,-0.726496,-0.205128,-0.713675,-0.158120,-0.662393,-0.102564,-0.538462,-0.217949,-0.743590,-0.346154,-0.884615,-0.414530,-1.000000,-0.482906,-0.470085,-0.277778,-0.666667,-0.405983,-0.794872,-0.474359,-0.905983,-0.534188,-0.367521,-0.316239,-0.517094,-0.414530,-0.619658,-0.474359,-0.717949,-0.529915
F,Right,legacy_bisindo_F_831,0.000000,0.000000,-0.175732,0.108787,-0.401674,0.079498,-0.552301,0.008368,-0.698745,-0.025105,-0.548117,-0.092050,-0.719665,-0.179916,-0.728033,-0.171548,-0.702929,-0.163180,-0.535565,-0.179916,-0.744770,-0.284519,-0.882845,-0.343096,-1.000000,-0.401674,-0.476987,-0.238494,-0.677824,-0.351464,-0.807531,-0.410042,-0.916318,-0.464435,-0.384937,-0.284519,-0.535565,-0.372385,-0.640167,-0.422594,-0.736402,-0.468619
F,Right,legacy_bisindo_F_832,0.000000,0.000000,-0.167347,0.114286,-0.387755,0.102041,-0.542857,0.040816,-0.689796,0.016327,-0.542857,-0.061224,-0.710204,-0.126531,-0.722449,-0.110204,-0.702041,-0.097959,-0.534694,-0.142857,-0.746939,-0.232653,-0.885714,-0.281633,-1.000000,-0.330612,-0.481633,-0.204082,-0.685714,-0.302041,-0.812245,-0.351020,-0.926531,-0.395918,-0.391837,-0.253061,-0.546939,-0.326531,-0.653061,-0.371429,-0.751020,-0.408163
F,Right,legacy_bisindo_F_833,0.000000,0.000000,-0.152610,0.124498,-0.373494,0.124498,-0.526104,0.076305,-0.670683,0.064257,-0.530120,-0.028112,-0.702811,-0.088353,-0.746988,-0.092369,-0.771084,-0.100402,-0.530120,-0.108434,-0.742972,-0.176707,-0.879518,-0.212851,-1.000000,-0.248996,-0.481928,-0.172691,-0.686747,-0.248996,-0.815261,-0.289157,-0.927711,-0.325301,-0.397590,-0.224900,-0.550201,-0.285141,-0.654618,-0.317269,-0.755020,-0.345382
F,Right,legacy_bisindo_F_834,0.000000,0.000000,-0.146939,0.126531,-0.367347,0.126531,-0.522449,0.077551,-0.669388,0.069388,-0.526531,-0.024490,-0.697959,-0.085714,-0.751020,-0.097959,-0.783673,-0.118367,-0.526531,-0.102041,-0.738776,-0.167347,-0.877551,-0.200000,-1.000000,-0.236735,-0.477551,-0.167347,-0.685714,-0.240816,-0.812245,-0.277551,-0.926531,-0.314286,-0.395918,-0.220408,-0.546939,-0.281633,-0.653061,-0.314286,-0.755102,-0.342857
F,Right,legacy_bisindo_F_835,0.000000,0.000000,-0.148760,0.123967,-0.359504,0.140496,-0.512397,0.099174,-0.652893,0.078512,-0.524793,-0.012397,-0.694215,-0.061983,-0.685950,-0.033058,-0.636364,-0.008264,-0.524793,-0.099174,-0.739669,-0.173554,-0.880165,-0.206612,-1.000000,-0.239669,-0.471074,-0.165289,-0.681818,-0.247934,-0.809917,-0.285124,-0.921488,-0.322314,-0.384298,-0.223140,-0.541322,-0.285124,-0.644628,-0.318182,-0.743802,-0.347107
F,Right,legacy_bisindo_F_836,0.000000,0.000000,-0.147541,0.131148,-0.372951,0.135246,-0.524590,0.090164,-0.663934,0.069672,-0.524590,-0.024590,-0.692623,-0.073770,-0.700820,-0.045082,-0.676230,-0.016393,-0.524590,-0.102459,-0.737705,-0.180328,-0.881148,-0.213115,-1.000000,-0.254098,-0.475410,-0.163934,-0.680328,-0.245902,-0.811475,-0.290984,-0.926230,-0.327869,-0.389344,-0.217213,-0.545082,-0.282787,-0.651639,-0.319672,-0.750000,-0.352459
F,Right,legacy_bisindo_F_837,0.000000,0.000000,-0.148148,0.127572,-0.374486,0.127572,-0.530864,0.078189,-0.666667,0.057613,-0.522634,-0.028807,-0.695473,-0.094650,-0.703704,-0.069959,-0.679012,-0.049383,-0.522634,-0.111111,-0.736626,-0.189300,-0.880658,-0.226337,-1.000000,-0.271605,-0.469136,-0.172840,-0.674897,-0.259259,-0.806584,-0.300412,-0.921811,-0.341564,-0.382716,-0.226337,-0.534979,-0.292181,-0.641975,-0.325103,-0.744856,-0.358025
F,Right,legacy_bisindo_F_838,0.000000,0.000000,-0.156379,0.119342,-0.378601,0.115226,-0.534979,0.061728,-0.670782,0.037037,-0.526749,-0.049383,-0.695473,-0.111111,-0.703704,-0.082305,-0.679012,-0.053498,-0.522634,-0.131687,-0.736626,-0.213992,-0.880658,-0.255144,-1.000000,-0.296296,-0.469136,-0.193416,-0.674897,-0.279835,-0.806584,-0.325103,-0.921811,-0.366255,-0.382716,-0.242798,-0.539095,-0.312757,-0.646091,-0.349794,-0.744856,-0.386831
F,Right,legacy_bisindo_F_839,0.000000,0.000000,-0.159664,0.121849,-0.386555,0.113445,-0.542017,0.050420,-0.680672,0.021008,-0.533613,-0.058824,-0.697479,-0.109244,-0.684874,-0.067227,-0.634454,-0.029412,-0.529412,-0.142857,-0.743697,-0.239496,-0.882353,-0.285714,-1.000000,-0.340336,-0.474790,-0.205882,-0.676471,-0.302521,-0.806723,-0.352941,-0.924370,-0.399160,-0.382353,-0.256303,-0.537815,-0.331933,-0.642857,-0.373950,-0.743697,-0.411765
F,Right,legacy_bisindo_F_840,0.000000,0.000000,-0.171674,0.115880,-0.399142,0.098712,-0.545064,0.030043,-0.682403,-0.008584,-0.536481,-0.090129,-0.699571,-0.150215,-0.678112,-0.103004,-0.626609,-0.060086,-0.527897,-0.175966,-0.738197,-0.287554,-0.884120,-0.343348,-1.000000,-0.399142,-0.467811,-0.240343,-0.669528,-0.351931,-0.802575,-0.407725,-0.914163,-0.459227,-0.369099,-0.283262,-0.519313,-0.369099,-0.630901,-0.416309,-0.729614,-0.459227
F,Right,legacy_bisindo_F_841,0.000000,0.000000,-0.260638,0.053191,-0.521277,-0.074468,-0.664894,-0.234043,-0.776596,-0.345745,-0.617021,-0.356383,-0.765957,-0.553191,-0.851064,-0.648936,-0.920213,-0.728723,-0.547872,-0.441489,-0.734043,-0.654255,-0.872340,-0.760638,-1.000000,-0.856383,-0.446809,-0.478723,-0.638298,-0.675532,-0.765957,-0.776596,-0.882979,-0.867021,-0.324468,-0.484043,-0.462766,-0.638298,-0.558511,-0.739362,-0.654255,-0.829787
F,Right,legacy_bisindo_F_842,0.000000,0.000000,-0.247525,0.004950,-0.455446,-0.153465,-0.544554,-0.326733,-0.643564,-0.445545,-0.495050,-0.405941,-0.608911,-0.564356,-0.599010,-0.529703,-0.554455,-0.470297,-0.420792,-0.500000,-0.549505,-0.732673,-0.638614,-0.861386,-0.707921,-0.980198,-0.316832,-0.539604,-0.435644,-0.762376,-0.524752,-0.891089,-0.599010,-1.000000,-0.193069,-0.534653,-0.292079,-0.707921,-0.366337,-0.811881,-0.435644,-0.900990
F,Right,legacy_bisindo_F_843,0.000000,0.000000,-0.197531,-0.069959,-0.316872,-0.242798,-0.337449,-0.403292,-0.395062,-0.530864,-0.279835,-0.469136,-0.320988,-0.650206,-0.320988,-0.641975,-0.304527,-0.604938,-0.189300,-0.526749,-0.234568,-0.753086,-0.267490,-0.884774,-0.283951,-1.000000,-0.090535,-0.526749,-0.123457,-0.744856,-0.152263,-0.872428,-0.176955,-0.983539,0.012346,-0.493827,-0.012346,-0.662551,-0.037037,-0.769547,-0.061728,-0.864198
F,Right,legacy_bisindo_F_844,0.000000,0.000000,-0.171756,-0.095420,-0.259542,-0.274809,-0.263359,-0.419847,-0.297710,-0.549618,-0.183206,-0.484733,-0.202290,-0.664122,-0.221374,-0.641221,-0.221374,-0.583969,-0.095420,-0.519084,-0.103053,-0.748092,-0.122137,-0.885496,-0.129771,-1.000000,-0.003817,-0.503817,-0.003817,-0.721374,-0.015267,-0.851145,-0.022901,-0.961832,0.083969,-0.450382,0.080153,-0.618321,0.076336,-0.725191,0.068702,-0.816794
F,Right,legacy_bisindo_F_845,0.000000,0.000000,-0.157143,-0.117857,-0.207143,-0.300000,-0.192857,-0.439286,-0.196429,-0.560714,-0.089286,-0.492857,-0.096429,-0.660714,-0.121429,-0.621429,-0.132143,-0.553571,-0.003571,-0.510714,0.032143,-0.735714,0.042857,-0.878571,0.060714,-1.000000,0.075000,-0.478571,0.117857,-0.692857,0.128571,-0.821429,0.142857,-0.935714,0.153571,-0.410714,0.185714,-0.571429,0.200000,-0.678571,0.214286,-0.771429
F,Right,legacy_bisindo_F_846,0.000000,0.000000,-0.118519,-0.177778,-0.092593,-0.388889,-0.007407,-0.525926,0.044444,-0.648148,0.129630,-0.548148,0.211111,-0.718519,0.174074,-0.707407,0.122222,-0.648148,0.218519,-0.525926,0.344444,-0.740741,0.407407,-0.885185,0.462963,-1.000000,0.285185,-0.455556,0.396296,-0.659259,0.455556,-0.800000,0.503704,-0.922222,0.333333,-0.344444,0.429630,-0.492593,0.481481,-0.596296,0.525926,-0.688889
F,Right,legacy_bisindo_F_847,0.000000,0.000000,-0.107280,-0.195402,-0.072797,-0.406130,0.030651,-0.532567,0.111111,-0.659004,0.168582,-0.570881,0.283525,-0.743295,0.249042,-0.716475,0.206897,-0.651341,0.279693,-0.540230,0.452107,-0.750958,0.547893,-0.888889,0.643678,-1.000000,0.352490,-0.459770,0.509579,-0.651341,0.601533,-0.777778,0.681992,-0.892720,0.398467,-0.344828,0.521073,-0.482759,0.593870,-0.582375,0.659004,-0.674330
F,Right,legacy_bisindo_F_848,0.000000,0.000000,-0.091286,-0.240664,0.000000,-0.477178,0.145228,-0.609959,0.257261,-0.742739,0.302905,-0.609959,0.456432,-0.775934,0.406639,-0.755187,0.336100,-0.688797,0.419087,-0.551867,0.639004,-0.746888,0.767635,-0.887967,0.883817,-1.000000,0.481328,-0.448133,0.684647,-0.630705,0.800830,-0.759336,0.904564,-0.871369,0.506224,-0.315353,0.668050,-0.448133,0.763485,-0.547718,0.842324,-0.639004
F,Right,legacy_bisindo_F_849,0.000000,0.000000,-0.082251,-0.251082,0.021645,-0.489177,0.186147,-0.610390,0.307359,-0.748918,0.337662,-0.619048,0.484848,-0.783550,0.411255,-0.735931,0.329004,-0.658009,0.463203,-0.554113,0.701299,-0.748918,0.848485,-0.874459,0.991342,-0.974026,0.523810,-0.445887,0.748918,-0.627706,0.878788,-0.753247,1.000000,-0.865801,0.554113,-0.294372,0.722944,-0.432900,0.831169,-0.528139,0.922078,-0.623377
F,Right,legacy_bisindo_F_850,0.000000,0.000000,-0.066946,-0.251046,0.046025,-0.476987,0.217573,-0.585774,0.343096,-0.719665,0.355649,-0.577406,0.518828,-0.728033,0.468619,-0.702929,0.397490,-0.644351,0.468619,-0.510460,0.711297,-0.686192,0.861925,-0.803347,1.000000,-0.891213,0.527197,-0.401674,0.748954,-0.564854,0.882845,-0.682008,1.000000,-0.782427,0.548117,-0.259414,0.715481,-0.384937,0.824268,-0.468619,0.916318,-0.552301
F,Right,legacy_bisindo_F_851,0.000000,0.000000,-0.065041,-0.235772,0.056911,-0.451220,0.231707,-0.544715,0.357724,-0.662602,0.357724,-0.532520,0.516260,-0.662602,0.487805,-0.654472,0.439024,-0.609756,0.471545,-0.463415,0.711382,-0.613821,0.861789,-0.719512,1.000000,-0.796748,0.516260,-0.357724,0.739837,-0.495935,0.873984,-0.589431,0.995935,-0.670732,0.524390,-0.223577,0.695122,-0.325203,0.804878,-0.398374,0.898374,-0.471545
F,Right,legacy_bisindo_F_852,0.000000,0.000000,-0.052209,-0.228916,0.068273,-0.437751,0.232932,-0.526104,0.361446,-0.630522,0.361446,-0.522088,0.518072,-0.658635,0.457831,-0.626506,0.377510,-0.566265,0.469880,-0.449799,0.710843,-0.602410,0.859438,-0.694779,1.000000,-0.767068,0.514056,-0.345382,0.742972,-0.481928,0.875502,-0.578313,1.000000,-0.662651,0.522088,-0.208835,0.694779,-0.317269,0.803213,-0.389558,0.899598,-0.453815
F,Right,legacy_bisindo_F_853,0.000000,0.000000,-0.034884,-0.224806,0.089147,-0.414729,0.244186,-0.496124,0.364341,-0.600775,0.387597,-0.476744,0.562016,-0.589147,0.527132,-0.593023,0.465116,-0.565891,0.484496,-0.403101,0.720930,-0.534884,0.868217,-0.627907,1.000000,-0.693798,0.523256,-0.306202,0.744186,-0.426357,0.872093,-0.511628,0.988372,-0.585271,0.527132,-0.182171,0.697674,-0.271318,0.806202,-0.333333,0.899225,-0.395349
F,Right,legacy_bisindo_F_854,0.000000,0.000000,-0.007326,-0.223443,0.131868,-0.391941,0.293040,-0.454212,0.421245,-0.534799,0.406593,-0.417582,0.575092,-0.509158,0.564103,-0.505495,0.523810,-0.479853,0.494505,-0.344322,0.725275,-0.446886,0.871795,-0.520147,1.000000,-0.571429,0.523810,-0.249084,0.743590,-0.344322,0.875458,-0.421245,0.996337,-0.487179,0.516484,-0.128205,0.688645,-0.205128,0.798535,-0.260073,0.893773,-0.318681
F,Right,legacy_bisindo_F_855,0.000000,0.000000,-0.010638,-0.205674,0.127660,-0.365248,0.283688,-0.421986,0.411348,-0.496454,0.393617,-0.397163,0.553191,-0.482270,0.514184,-0.471631,0.450355,-0.436170,0.482270,-0.319149,0.716312,-0.407801,0.865248,-0.468085,1.000000,-0.507092,0.514184,-0.223404,0.730496,-0.304965,0.865248,-0.365248,0.982270,-0.418440,0.507092,-0.099291,0.673759,-0.166667,0.780142,-0.216312,0.872340,-0.269504
F,Right,legacy_bisindo_F_856,0.000000,0.000000,-0.007067,-0.208481,0.130742,-0.367491,0.293286,-0.424028,0.416961,-0.508834,0.406360,-0.388693,0.572438,-0.466431,0.561837,-0.473498,0.519435,-0.459364,0.487633,-0.310954,0.720848,-0.399293,0.865724,-0.462898,1.000000,-0.508834,0.512367,-0.219081,0.727915,-0.296820,0.855124,-0.356890,0.971731,-0.409894,0.501767,-0.098940,0.667845,-0.159011,0.770318,-0.212014,0.858657,-0.265018
F,Right,legacy_bisindo_F_857,0.000000,0.000000,-0.003460,-0.204152,0.138408,-0.359862,0.290657,-0.411765,0.415225,-0.498270,0.411765,-0.377163,0.577855,-0.460208,0.550173,-0.467128,0.494810,-0.446367,0.491349,-0.297578,0.723183,-0.384083,0.868512,-0.453287,1.000000,-0.501730,0.515571,-0.207612,0.730104,-0.287197,0.858131,-0.346021,0.972318,-0.397924,0.501730,-0.093426,0.667820,-0.155709,0.768166,-0.204152,0.858131,-0.252595
F,Right,legacy_bisindo_F_858,0.000000,0.000000,-0.007092,-0.205674,0.131206,-0.365248,0.283688,-0.425532,0.414894,-0.503546,0.400709,-0.393617,0.563830,-0.482270,0.528369,-0.482270,0.464539,-0.457447,0.485816,-0.319149,0.719858,-0.407801,0.865248,-0.478723,1.000000,-0.531915,0.514184,-0.223404,0.730496,-0.304965,0.858156,-0.368794,0.971631,-0.425532,0.507092,-0.109929,0.673759,-0.173759,0.776596,-0.223404,0.868794,-0.273050
F,Right,legacy_bisindo_F_859,0.000000,0.000000,-0.003534,-0.197880,0.127208,-0.356890,0.279152,-0.420495,0.406360,-0.501767,0.402827,-0.388693,0.561837,-0.477032,0.519435,-0.473498,0.452297,-0.441696,0.487633,-0.310954,0.720848,-0.402827,0.865724,-0.462898,1.000000,-0.508834,0.515901,-0.215548,0.731449,-0.300353,0.862191,-0.360424,0.982332,-0.416961,0.508834,-0.098940,0.674912,-0.162544,0.780919,-0.212014,0.872792,-0.265018
F,Right,legacy_bisindo_F_860,0.000000,0.000000,0.000000,-0.203571,0.135714,-0.360714,0.285714,-0.417857,0.410714,-0.492857,0.403571,-0.385714,0.560714,-0.475000,0.507143,-0.464286,0.435714,-0.428571,0.485714,-0.307143,0.717857,-0.400000,0.864286,-0.457143,1.000000,-0.496429,0.510714,-0.210714,0.728571,-0.296429,0.860714,-0.357143,0.978571,-0.410714,0.500000,-0.092857,0.671429,-0.160714,0.778571,-0.210714,0.871429,-0.257143
F,Right,legacy_bisindo_F_861,0.000000,0.000000,0.003571,-0.200000,0.139286,-0.353571,0.289286,-0.407143,0.414286,-0.482143,0.407143,-0.378571,0.571429,-0.460714,0.525000,-0.450000,0.453571,-0.417857,0.489286,-0.300000,0.721429,-0.382143,0.864286,-0.439286,1.000000,-0.482143,0.514286,-0.203571,0.728571,-0.282143,0.860714,-0.339286,0.975000,-0.392857,0.503571,-0.089286,0.671429,-0.150000,0.778571,-0.196429,0.871429,-0.246429
F,Right,legacy_bisindo_F_862,0.000000,0.000000,0.000000,-0.200730,0.138686,-0.354015,0.295620,-0.408759,0.416058,-0.485401,0.397810,-0.375912,0.562044,-0.452555,0.536496,-0.445255,0.485401,-0.419708,0.481752,-0.295620,0.715328,-0.383212,0.861314,-0.437956,1.000000,-0.481752,0.510949,-0.204380,0.726277,-0.277372,0.857664,-0.335766,0.978102,-0.386861,0.503650,-0.087591,0.671533,-0.145985,0.777372,-0.193431,0.868613,-0.240876
F,Right,legacy_bisindo_F_863,0.000000,0.000000,-0.007380,-0.202952,0.132841,-0.361624,0.291513,-0.416974,0.416974,-0.494465,0.402214,-0.391144,0.568266,-0.479705,0.520295,-0.468635,0.450185,-0.435424,0.487085,-0.309963,0.719557,-0.398524,0.867159,-0.453875,1.000000,-0.494465,0.512915,-0.210332,0.734317,-0.291513,0.863469,-0.350554,0.985240,-0.402214,0.501845,-0.095941,0.671587,-0.158672,0.782288,-0.206642,0.878229,-0.250923
F,Right,legacy_bisindo_F_864,0.000000,0.000000,-0.003676,-0.202206,0.136029,-0.360294,0.290441,-0.419118,0.415441,-0.496324,0.404412,-0.389706,0.569853,-0.474265,0.529412,-0.466912,0.466912,-0.433824,0.488971,-0.308824,0.720588,-0.393382,0.867647,-0.452206,1.000000,-0.488971,0.514706,-0.213235,0.731618,-0.290441,0.860294,-0.349265,0.981618,-0.400735,0.503676,-0.095588,0.672794,-0.158088,0.779412,-0.205882,0.871324,-0.250000
F,Right,legacy_bisindo_F_865,0.000000,0.000000,-0.050633,-0.172996,0.075949,-0.345992,0.244726,-0.421941,0.371308,-0.497890,0.379747,-0.367089,0.569620,-0.443038,0.552743,-0.447257,0.489451,-0.438819,0.459916,-0.274262,0.700422,-0.371308,0.860759,-0.434599,1.000000,-0.493671,0.481013,-0.164557,0.717300,-0.253165,0.856540,-0.320675,0.966245,-0.379747,0.464135,-0.029536,0.654008,-0.097046,0.767932,-0.156118,0.860759,-0.206751
F,Right,legacy_bisindo_F_866,0.000000,0.000000,0.003817,-0.206107,0.137405,-0.366412,0.290076,-0.423664,0.416031,-0.500000,0.404580,-0.396947,0.580153,-0.480916,0.572519,-0.477099,0.534351,-0.450382,0.488550,-0.320611,0.725191,-0.416031,0.870229,-0.480916,1.000000,-0.526718,0.515267,-0.221374,0.744275,-0.309160,0.877863,-0.377863,0.996183,-0.435115,0.507634,-0.103053,0.683206,-0.171756,0.793893,-0.225191,0.893130,-0.278626
F,Right,legacy_bisindo_F_867,0.000000,0.000000,0.007634,-0.206107,0.145038,-0.366412,0.305344,-0.423664,0.435115,-0.500000,0.408397,-0.393130,0.583969,-0.477099,0.561069,-0.461832,0.515267,-0.419847,0.492366,-0.312977,0.729008,-0.408397,0.874046,-0.465649,1.000000,-0.503817,0.519084,-0.213740,0.740458,-0.305344,0.874046,-0.370229,0.988550,-0.423664,0.507634,-0.091603,0.683206,-0.167939,0.793893,-0.217557,0.889313,-0.267176
F,Right,legacy_bisindo_F_868,0.000000,0.000000,0.000000,-0.209125,0.136882,-0.368821,0.296578,-0.425856,0.425856,-0.513308,0.410646,-0.384030,0.581749,-0.471483,0.558935,-0.467681,0.509506,-0.441065,0.490494,-0.304183,0.722433,-0.395437,0.866920,-0.452471,1.000000,-0.494297,0.513308,-0.209125,0.730038,-0.292776,0.863118,-0.353612,0.984791,-0.403042,0.501901,-0.095057,0.669202,-0.155894,0.775665,-0.205323,0.870722,-0.250951
F,Right,legacy_bisindo_F_869,0.000000,0.000000,0.007937,-0.206349,0.146825,-0.373016,0.297619,-0.436508,0.420635,-0.531746,0.428571,-0.392857,0.607143,-0.480159,0.587302,-0.488095,0.527778,-0.468254,0.500000,-0.321429,0.734127,-0.416667,0.876984,-0.492063,1.000000,-0.547619,0.523810,-0.230159,0.746032,-0.321429,0.876984,-0.388889,0.992063,-0.452381,0.507937,-0.119048,0.682540,-0.186508,0.789683,-0.242063,0.884921,-0.297619
F,Right,legacy_bisindo_F_870,0.000000,0.000000,-0.030837,-0.237885,0.096916,-0.440529,0.251101,-0.533040,0.361233,-0.647577,0.392070,-0.511013,0.555066,-0.634361,0.519824,-0.625551,0.458150,-0.585903,0.488987,-0.440529,0.722467,-0.577093,0.859031,-0.674009,0.986784,-0.744493,0.533040,-0.339207,0.757709,-0.475771,0.885463,-0.572687,1.000000,-0.656388,0.541850,-0.211454,0.718062,-0.317181,0.823789,-0.392070,0.916300,-0.458150
F,Right,legacy_bisindo_F_871,0.000000,0.000000,-0.098214,-0.214286,-0.026786,-0.441964,0.084821,-0.575893,0.160714,-0.723214,0.218750,-0.593750,0.334821,-0.758929,0.294643,-0.732143,0.236607,-0.665179,0.334821,-0.558036,0.522321,-0.758929,0.629464,-0.892857,0.727679,-1.000000,0.406250,-0.473214,0.580357,-0.665179,0.678571,-0.790179,0.763393,-0.897321,0.450893,-0.357143,0.584821,-0.500000,0.665179,-0.598214,0.732143,-0.687500
F,Right,legacy_bisindo_F_872,0.000000,0.000000,-0.112971,-0.179916,-0.075314,-0.393305,0.016736,-0.531381,0.075314,-0.669456,0.133891,-0.556485,0.213389,-0.719665,0.167364,-0.694561,0.117155,-0.627615,0.242678,-0.535565,0.397490,-0.744770,0.481172,-0.882845,0.564854,-1.000000,0.317992,-0.472803,0.460251,-0.665272,0.531381,-0.794979,0.602510,-0.907950,0.368201,-0.372385,0.481172,-0.518828,0.548117,-0.615063,0.606695,-0.698745
F,Right,legacy_bisindo_F_873,0.000000,0.000000,-0.167910,-0.108209,-0.223881,-0.309701,-0.216418,-0.462687,-0.238806,-0.589552,-0.111940,-0.507463,-0.100746,-0.686567,-0.130597,-0.694030,-0.145522,-0.649254,-0.026119,-0.529851,0.018657,-0.746269,0.029851,-0.888060,0.052239,-1.000000,0.055970,-0.503731,0.097015,-0.705224,0.104478,-0.824627,0.115672,-0.921642,0.126866,-0.447761,0.160448,-0.604478,0.171642,-0.708955,0.182836,-0.802239
F,Right,legacy_bisindo_F_874,0.000000,0.000000,-0.181159,-0.068841,-0.289855,-0.250000,-0.322464,-0.394928,-0.373188,-0.514493,-0.242754,-0.463768,-0.289855,-0.630435,-0.315217,-0.594203,-0.307971,-0.525362,-0.166667,-0.503623,-0.188406,-0.735507,-0.217391,-0.880435,-0.224638,-1.000000,-0.079710,-0.489130,-0.094203,-0.713768,-0.115942,-0.847826,-0.126812,-0.967391,0.010870,-0.442029,0.007246,-0.608696,-0.007246,-0.717391,-0.018116,-0.815217
F,Right,legacy_bisindo_F_875,0.000000,0.000000,-0.246753,0.021645,-0.471861,-0.125541,-0.584416,-0.277056,-0.701299,-0.389610,-0.510823,-0.389610,-0.649351,-0.571429,-0.653680,-0.519481,-0.619048,-0.432900,-0.441558,-0.471861,-0.588745,-0.718615,-0.688312,-0.861472,-0.761905,-0.982684,-0.341991,-0.502165,-0.476190,-0.740260,-0.567100,-0.878788,-0.636364,-1.000000,-0.220779,-0.489177,-0.311688,-0.670996,-0.376623,-0.787879,-0.432900,-0.891775
F,Right,legacy_bisindo_F_876,0.000000,0.000000,-0.239130,0.078261,-0.478261,-0.008696,-0.617391,-0.126087,-0.765217,-0.204348,-0.595652,-0.269565,-0.756522,-0.417391,-0.760870,-0.386957,-0.730435,-0.339130,-0.552174,-0.369565,-0.747826,-0.560870,-0.891304,-0.669565,-1.000000,-0.769565,-0.456522,-0.417391,-0.643478,-0.613043,-0.760870,-0.726087,-0.865217,-0.830435,-0.334783,-0.434783,-0.465217,-0.586957,-0.560870,-0.682609,-0.647826,-0.769565
F,Right,legacy_bisindo_F_877,0.000000,0.000000,-0.200000,0.108000,-0.436000,0.060000,-0.588000,-0.036000,-0.736000,-0.096000,-0.572000,-0.152000,-0.736000,-0.272000,-0.764000,-0.272000,-0.756000,-0.260000,-0.544000,-0.256000,-0.752000,-0.404000,-0.888000,-0.484000,-1.000000,-0.564000,-0.472000,-0.316000,-0.664000,-0.468000,-0.792000,-0.556000,-0.904000,-0.636000,-0.360000,-0.352000,-0.500000,-0.468000,-0.596000,-0.544000,-0.684000,-0.608000
F,Right,legacy_bisindo_F_878,0.000000,0.000000,-0.186770,0.108949,-0.412451,0.081712,-0.560311,0.000000,-0.708171,-0.042802,-0.560311,-0.116732,-0.723735,-0.194553,-0.712062,-0.155642,-0.661479,-0.112840,-0.540856,-0.217899,-0.750973,-0.342412,-0.891051,-0.412451,-1.000000,-0.482490,-0.466926,-0.284047,-0.669261,-0.412451,-0.801556,-0.490272,-0.918288,-0.560311,-0.357977,-0.326848,-0.505837,-0.428016,-0.610895,-0.494163,-0.708171,-0.552529
F,Right,legacy_bisindo_F_879,0.000000,0.000000,-0.165414,0.120301,-0.394737,0.090226,-0.545113,0.018797,-0.687970,-0.011278,-0.545113,-0.082707,-0.706767,-0.150376,-0.695489,-0.112782,-0.642857,-0.067669,-0.533835,-0.180451,-0.740602,-0.293233,-0.883459,-0.353383,-1.000000,-0.409774,-0.469925,-0.251880,-0.669173,-0.364662,-0.800752,-0.428571,-0.917293,-0.481203,-0.372180,-0.296992,-0.515038,-0.387218,-0.616541,-0.439850,-0.706767,-0.488722
F,Right,legacy_bisindo_F_880,0.000000,0.000000,-0.167910,0.126866,-0.395522,0.104478,-0.544776,0.026119,-0.690299,0.000000,-0.541045,-0.070896,-0.701493,-0.141791,-0.705224,-0.119403,-0.671642,-0.085821,-0.533582,-0.167910,-0.742537,-0.272388,-0.884328,-0.328358,-1.000000,-0.376866,-0.473881,-0.238806,-0.671642,-0.343284,-0.802239,-0.402985,-0.914179,-0.455224,-0.384328,-0.287313,-0.526119,-0.369403,-0.626866,-0.421642,-0.716418,-0.466418
F,Right,legacy_bisindo_F_881,0.000000,0.000000,-0.139785,0.139785,-0.362007,0.150538,-0.516129,0.100358,-0.655914,0.089606,-0.523297,0.003584,-0.684588,-0.035842,-0.684588,-0.014337,-0.648746,0.007168,-0.530466,-0.089606,-0.738351,-0.150538,-0.878136,-0.175627,-1.000000,-0.204301,-0.483871,-0.161290,-0.684588,-0.232975,-0.813620,-0.272401,-0.928315,-0.308244,-0.401434,-0.218638,-0.548387,-0.279570,-0.652330,-0.308244,-0.752688,-0.333333
F,Right,legacy_bisindo_F_882,0.000000,0.000000,-0.117857,0.146429,-0.332143,0.178571,-0.489286,0.153571,-0.628571,0.153571,-0.507143,0.053571,-0.671429,0.035714,-0.650000,0.071429,-0.592857,0.092857,-0.521429,-0.032143,-0.735714,-0.075000,-0.878571,-0.089286,-1.000000,-0.110714,-0.482143,-0.107143,-0.692857,-0.157143,-0.821429,-0.182143,-0.939286,-0.203571,-0.410714,-0.175000,-0.564286,-0.214286,-0.667857,-0.232143,-0.767857,-0.250000
F,Right,legacy_bisindo_F_883,0.000000,0.000000,-0.118280,0.143369,-0.336918,0.179211,-0.494624,0.150538,-0.634409,0.161290,-0.508961,0.053763,-0.677419,0.035842,-0.670251,0.071685,-0.623656,0.096774,-0.523297,-0.028674,-0.738351,-0.068100,-0.881720,-0.078853,-1.000000,-0.096774,-0.487455,-0.100358,-0.695341,-0.143369,-0.827957,-0.164875,-0.942652,-0.182796,-0.415771,-0.164875,-0.573477,-0.200717,-0.677419,-0.218638,-0.777778,-0.232975
F,Right,legacy_bisindo_F_884,0.000000,0.000000,-0.111111,0.150538,-0.329749,0.186380,-0.491039,0.161290,-0.627240,0.172043,-0.505376,0.064516,-0.670251,0.053763,-0.652330,0.086022,-0.598566,0.111111,-0.523297,-0.017921,-0.738351,-0.053763,-0.878136,-0.068100,-1.000000,-0.086022,-0.487455,-0.093190,-0.695341,-0.132616,-0.827957,-0.154122,-0.942652,-0.168459,-0.415771,-0.157706,-0.573477,-0.193548,-0.677419,-0.211470,-0.774194,-0.225806
F,Right,legacy_bisindo_F_885,0.000000,0.000000,-0.118280,0.146953,-0.336918,0.182796,-0.498208,0.157706,-0.634409,0.164875,-0.508961,0.060932,-0.677419,0.043011,-0.659498,0.071685,-0.605735,0.093190,-0.526882,-0.021505,-0.741935,-0.060932,-0.881720,-0.071685,-1.000000,-0.089606,-0.491039,-0.096774,-0.698925,-0.139785,-0.827957,-0.157706,-0.942652,-0.175627,-0.419355,-0.161290,-0.577061,-0.200717,-0.681004,-0.215054,-0.781362,-0.232975
F,Right,legacy_bisindo_F_886,0.000000,0.000000,-0.119134,0.144404,-0.339350,0.173285,-0.498195,0.148014,-0.635379,0.151625,-0.509025,0.046931,-0.678700,0.032491,-0.664260,0.064982,-0.617329,0.090253,-0.523466,-0.032491,-0.740072,-0.072202,-0.880866,-0.086643,-1.000000,-0.104693,-0.487365,-0.101083,-0.700361,-0.148014,-0.830325,-0.169675,-0.945848,-0.187726,-0.422383,-0.166065,-0.581227,-0.209386,-0.685921,-0.231047,-0.787004,-0.249097
F,Right,legacy_bisindo_F_887,0.000000,0.000000,-0.116788,0.145985,-0.335766,0.178832,-0.496350,0.153285,-0.631387,0.156934,-0.507299,0.054745,-0.675182,0.036496,-0.664234,0.062044,-0.616788,0.076642,-0.525547,-0.029197,-0.740876,-0.069343,-0.879562,-0.080292,-1.000000,-0.098540,-0.492701,-0.102190,-0.700730,-0.149635,-0.828467,-0.167883,-0.945255,-0.186131,-0.423358,-0.171533,-0.576642,-0.208029,-0.682482,-0.226277,-0.781022,-0.237226
F,Right,legacy_bisindo_F_888,0.000000,0.000000,-0.121771,0.147601,-0.339483,0.177122,-0.498155,0.147601,-0.642066,0.151292,-0.509225,0.051661,-0.675277,0.033210,-0.660517,0.059041,-0.612546,0.073801,-0.527675,-0.033210,-0.741697,-0.070111,-0.881919,-0.084871,-1.000000,-0.103321,-0.490775,-0.103321,-0.704797,-0.151292,-0.833948,-0.173432,-0.948339,-0.191882,-0.424354,-0.169742,-0.579336,-0.210332,-0.686347,-0.232472,-0.789668,-0.247232
F,Right,legacy_bisindo_F_889,0.000000,0.000000,-0.116541,0.150376,-0.334586,0.180451,-0.496241,0.150376,-0.631579,0.154135,-0.507519,0.052632,-0.672932,0.033835,-0.654135,0.060150,-0.601504,0.075188,-0.526316,-0.033835,-0.740602,-0.071429,-0.879699,-0.086466,-1.000000,-0.109023,-0.488722,-0.109023,-0.699248,-0.154135,-0.830827,-0.180451,-0.947368,-0.203008,-0.421053,-0.176692,-0.575188,-0.214286,-0.684211,-0.233083,-0.781955,-0.251880
F,Right,legacy_bisindo_F_890,0.000000,0.000000,-0.147727,0.136364,-0.359848,0.151515,-0.515152,0.109848,-0.659091,0.102273,-0.526515,0.007576,-0.696970,-0.045455,-0.734848,-0.037879,-0.738636,-0.026515,-0.534091,-0.079545,-0.742424,-0.143939,-0.882576,-0.174242,-1.000000,-0.200758,-0.488636,-0.147727,-0.689394,-0.223485,-0.821970,-0.261364,-0.939394,-0.295455,-0.412879,-0.204545,-0.560606,-0.265152,-0.662879,-0.299242,-0.753788,-0.325758
F,Right,legacy_bisindo_F_891,0.000000,0.000000,-0.168000,0.124000,-0.388000,0.112000,-0.536000,0.048000,-0.680000,0.016000,-0.536000,-0.064000,-0.700000,-0.128000,-0.688000,-0.088000,-0.644000,-0.044000,-0.528000,-0.156000,-0.736000,-0.260000,-0.880000,-0.308000,-1.000000,-0.356000,-0.472000,-0.220000,-0.672000,-0.332000,-0.804000,-0.388000,-0.920000,-0.440000,-0.376000,-0.268000,-0.524000,-0.360000,-0.632000,-0.412000,-0.732000,-0.456000
F,Right,legacy_bisindo_F_892,0.000000,0.000000,-0.188285,0.112971,-0.422594,0.087866,-0.569038,0.004184,-0.711297,-0.046025,-0.564854,-0.108787,-0.728033,-0.192469,-0.698745,-0.150628,-0.644351,-0.104603,-0.548117,-0.209205,-0.753138,-0.334728,-0.891213,-0.401674,-1.000000,-0.468619,-0.481172,-0.271967,-0.677824,-0.405858,-0.807531,-0.481172,-0.924686,-0.548117,-0.376569,-0.313808,-0.514644,-0.418410,-0.615063,-0.485356,-0.711297,-0.539749
F,Right,legacy_bisindo_F_893,0.000000,0.000000,-0.215596,0.087156,-0.458716,0.013761,-0.605505,-0.100917,-0.756881,-0.169725,-0.573394,-0.229358,-0.752294,-0.353211,-0.743119,-0.311927,-0.701835,-0.261468,-0.541284,-0.325688,-0.752294,-0.504587,-0.889908,-0.600917,-1.000000,-0.692661,-0.454128,-0.380734,-0.655963,-0.559633,-0.784404,-0.665138,-0.899083,-0.761468,-0.339450,-0.403670,-0.477064,-0.541284,-0.573394,-0.628440,-0.665138,-0.711009
F,Right,legacy_bisindo_F_894,0.000000,0.000000,-0.242718,0.072816,-0.495146,-0.029126,-0.635922,-0.169903,-0.781553,-0.262136,-0.601942,-0.300971,-0.766990,-0.441748,-0.742718,-0.383495,-0.684466,-0.315534,-0.553398,-0.402913,-0.752427,-0.606796,-0.888350,-0.728155,-1.000000,-0.839806,-0.456311,-0.451456,-0.640777,-0.665049,-0.766990,-0.791262,-0.873786,-0.902913,-0.325243,-0.466019,-0.456311,-0.631068,-0.553398,-0.733010,-0.645631,-0.830097
F,Right,legacy_bisindo_F_895,0.000000,0.000000,-0.234513,0.008850,-0.429204,-0.128319,-0.522124,-0.278761,-0.637168,-0.393805,-0.477876,-0.398230,-0.592920,-0.561947,-0.601770,-0.535398,-0.579646,-0.477876,-0.411504,-0.482301,-0.544248,-0.716814,-0.637168,-0.853982,-0.707965,-0.977876,-0.309735,-0.508850,-0.424779,-0.738938,-0.513274,-0.880531,-0.592920,-1.000000,-0.190265,-0.495575,-0.265487,-0.672566,-0.327434,-0.787611,-0.384956,-0.889381
F,Right,legacy_bisindo_F_896,0.000000,0.000000,-0.220884,-0.032129,-0.381526,-0.184739,-0.453815,-0.333333,-0.542169,-0.449799,-0.369478,-0.445783,-0.469880,-0.610442,-0.489960,-0.554217,-0.473896,-0.473896,-0.305221,-0.502008,-0.401606,-0.734940,-0.485944,-0.871486,-0.550201,-0.995984,-0.212851,-0.514056,-0.297189,-0.742972,-0.365462,-0.879518,-0.425703,-1.000000,-0.104418,-0.481928,-0.160643,-0.658635,-0.212851,-0.775100,-0.261044,-0.879518
F,Right,legacy_bisindo_F_897,0.000000,0.000000,-0.205993,-0.044944,-0.337079,-0.213483,-0.389513,-0.374532,-0.460674,-0.498127,-0.303371,-0.453184,-0.367041,-0.629213,-0.382022,-0.606742,-0.370787,-0.554307,-0.224719,-0.509363,-0.280899,-0.741573,-0.325843,-0.883895,-0.355805,-1.000000,-0.131086,-0.509363,-0.176030,-0.730337,-0.217228,-0.868914,-0.247191,-0.988764,-0.033708,-0.471910,-0.056180,-0.640449,-0.078652,-0.752809,-0.101124,-0.853933
F,Right,legacy_bisindo_F_898,0.000000,0.000000,-0.174658,-0.075342,-0.267123,-0.250000,-0.284247,-0.393836,-0.321918,-0.510274,-0.188356,-0.469178,-0.229452,-0.633562,-0.246575,-0.578767,-0.246575,-0.500000,-0.109589,-0.506849,-0.130137,-0.736301,-0.154110,-0.876712,-0.164384,-1.000000,-0.027397,-0.486301,-0.037671,-0.708904,-0.054795,-0.842466,-0.065068,-0.962329,0.065068,-0.434932,0.061644,-0.602740,0.054795,-0.712329,0.047945,-0.808219
F,Right,legacy_bisindo_F_899,0.000000,0.000000,-0.149306,-0.114583,-0.197917,-0.315972,-0.184028,-0.458333,-0.190972,-0.579861,-0.090278,-0.513889,-0.100694,-0.663194,-0.149306,-0.597222,-0.173611,-0.500000,-0.006944,-0.531250,0.041667,-0.746528,0.059028,-0.885417,0.079861,-1.000000,0.079861,-0.496528,0.121528,-0.697917,0.121528,-0.819444,0.125000,-0.920139,0.156250,-0.427083,0.187500,-0.583333,0.197917,-0.690972,0.204861,-0.784722
F,Right,legacy_bisindo_F_900,0.000000,0.000000,-0.137681,-0.163043,-0.126812,-0.373188,-0.050725,-0.514493,-0.007246,-0.648551,0.054348,-0.536232,0.115942,-0.706522,0.076087,-0.670290,0.036232,-0.597826,0.155797,-0.525362,0.275362,-0.746377,0.347826,-0.884058,0.420290,-1.000000,0.231884,-0.463768,0.347826,-0.663043,0.413043,-0.797101,0.471014,-0.913043,0.293478,-0.369565,0.384058,-0.518116,0.438406,-0.623188,0.485507,-0.717391
F,Right,legacy_bisindo_F_901,0.000000,0.000000,-0.122222,-0.177778,-0.100000,-0.396296,-0.014815,-0.548148,0.029630,-0.696296,0.107407,-0.551852,0.200000,-0.722222,0.166667,-0.711111,0.129630,-0.655556,0.207407,-0.529630,0.337037,-0.744444,0.414815,-0.885185,0.485185,-1.000000,0.274074,-0.459259,0.400000,-0.655556,0.470370,-0.777778,0.533333,-0.885185,0.325926,-0.362963,0.422222,-0.507407,0.481481,-0.603704,0.533333,-0.692593
F,Right,legacy_bisindo_F_902,0.000000,0.000000,-0.107280,-0.183908,-0.072797,-0.409962,0.015326,-0.551724,0.068966,-0.681992,0.149425,-0.555556,0.245211,-0.724138,0.195402,-0.708812,0.141762,-0.651341,0.245211,-0.528736,0.390805,-0.735632,0.471264,-0.881226,0.547893,-1.000000,0.306513,-0.455939,0.452107,-0.643678,0.532567,-0.770115,0.605364,-0.877395,0.344828,-0.344828,0.459770,-0.482759,0.524904,-0.582375,0.586207,-0.674330
F,Right,legacy_bisindo_F_903,0.000000,0.000000,-0.103175,-0.182540,-0.063492,-0.404762,0.035714,-0.539683,0.107143,-0.674603,0.170635,-0.559524,0.261905,-0.734127,0.214286,-0.702381,0.166667,-0.634921,0.277778,-0.531746,0.444444,-0.746032,0.539683,-0.884921,0.630952,-1.000000,0.345238,-0.452381,0.507937,-0.646825,0.599206,-0.769841,0.682540,-0.880952,0.384921,-0.333333,0.511905,-0.480159,0.587302,-0.579365,0.658730,-0.670635
F,Right,legacy_bisindo_F_904,0.000000,0.000000,-0.117155,-0.192469,-0.071130,-0.414226,0.033473,-0.556485,0.121339,-0.690377,0.158996,-0.577406,0.255230,-0.753138,0.192469,-0.715481,0.125523,-0.640167,0.280335,-0.535565,0.472803,-0.748954,0.585774,-0.887029,0.694561,-1.000000,0.351464,-0.447699,0.531381,-0.635983,0.635983,-0.761506,0.728033,-0.874477,0.389121,-0.322176,0.527197,-0.464435,0.610879,-0.560669,0.690377,-0.652720
F,Right,legacy_bisindo_F_905,0.000000,0.000000,-0.111588,-0.206009,-0.047210,-0.433476,0.068670,-0.570815,0.150215,-0.712446,0.188841,-0.592275,0.300429,-0.768240,0.248927,-0.733906,0.188841,-0.669528,0.309013,-0.545064,0.506438,-0.759657,0.626609,-0.892704,0.742489,-1.000000,0.373391,-0.450644,0.566524,-0.639485,0.678112,-0.763948,0.776824,-0.871245,0.412017,-0.317597,0.553648,-0.459227,0.648069,-0.562232,0.729614,-0.652361
F,Right,legacy_bisindo_F_906,0.000000,0.000000,-0.082609,-0.208696,-0.008696,-0.439130,0.108696,-0.569565,0.195652,-0.695652,0.256522,-0.591304,0.391304,-0.765217,0.334783,-0.747826,0.265217,-0.686957,0.360870,-0.543478,0.565217,-0.752174,0.686957,-0.891304,0.795652,-1.000000,0.421739,-0.447826,0.621739,-0.634783,0.730435,-0.760870,0.834783,-0.865217,0.447826,-0.317391,0.600000,-0.456522,0.695652,-0.556522,0.782609,-0.643478
F,Right,legacy_bisindo_F_907,0.000000,0.000000,-0.087336,-0.209607,-0.013100,-0.441048,0.104803,-0.580786,0.192140,-0.720524,0.253275,-0.585153,0.388646,-0.755459,0.344978,-0.742358,0.288210,-0.685590,0.362445,-0.541485,0.567686,-0.746725,0.689956,-0.886463,0.803493,-1.000000,0.419214,-0.445415,0.620087,-0.637555,0.737991,-0.755459,0.842795,-0.860262,0.445415,-0.314410,0.598253,-0.454148,0.694323,-0.550218,0.786026,-0.641921
F,Right,legacy_bisindo_F_908,0.000000,0.000000,-0.113043,-0.208696,-0.039130,-0.443478,0.082609,-0.586957,0.165217,-0.726087,0.213043,-0.582609,0.343478,-0.756522,0.295652,-0.734783,0.230435,-0.669565,0.326087,-0.534783,0.526087,-0.747826,0.647826,-0.882609,0.765217,-1.000000,0.386957,-0.443478,0.582609,-0.630435,0.691304,-0.752174,0.795652,-0.860870,0.421739,-0.317391,0.569565,-0.456522,0.660870,-0.552174,0.747826,-0.643478
F,Right,legacy_bisindo_F_909,0.000000,0.000000,-0.095652,-0.208696,-0.013043,-0.439130,0.100000,-0.591304,0.182609,-0.739130,0.247826,-0.573913,0.373913,-0.743478,0.321739,-0.739130,0.260870,-0.686957,0.347826,-0.530435,0.552174,-0.739130,0.669565,-0.882609,0.782609,-1.000000,0.404348,-0.439130,0.604348,-0.626087,0.713043,-0.752174,0.817391,-0.860870,0.430435,-0.313043,0.582609,-0.452174,0.673913,-0.552174,0.760870,-0.643478
F,Right,legacy_bisindo_F_910,0.000000,0.000000,-0.094828,-0.211207,-0.017241,-0.443966,0.094828,-0.590517,0.176724,-0.741379,0.245690,-0.573276,0.375000,-0.750000,0.327586,-0.750000,0.267241,-0.702586,0.344828,-0.530172,0.551724,-0.737069,0.668103,-0.883621,0.780172,-1.000000,0.400862,-0.435345,0.599138,-0.629310,0.711207,-0.754310,0.814655,-0.862069,0.422414,-0.310345,0.577586,-0.448276,0.672414,-0.551724,0.758621,-0.642241
F,Right,legacy_bisindo_F_911,0.000000,0.000000,-0.094828,-0.211207,-0.021552,-0.443966,0.090517,-0.590517,0.172414,-0.737069,0.241379,-0.577586,0.370690,-0.750000,0.323276,-0.750000,0.258621,-0.702586,0.344828,-0.534483,0.547414,-0.741379,0.663793,-0.883621,0.780172,-1.000000,0.400862,-0.439655,0.599138,-0.629310,0.711207,-0.754310,0.814655,-0.862069,0.422414,-0.310345,0.577586,-0.452586,0.672414,-0.551724,0.758621,-0.642241
F,Right,legacy_bisindo_F_912,0.000000,0.000000,-0.102128,-0.204255,-0.034043,-0.434043,0.080851,-0.578723,0.161702,-0.719149,0.225532,-0.578723,0.348936,-0.753191,0.293617,-0.736170,0.225532,-0.672340,0.331915,-0.536170,0.527660,-0.744681,0.642553,-0.885106,0.753191,-1.000000,0.387234,-0.442553,0.582979,-0.629787,0.689362,-0.757447,0.791489,-0.863830,0.412766,-0.314894,0.561702,-0.455319,0.655319,-0.553191,0.740426,-0.646809
F,Right,legacy_bisindo_F_913,0.000000,0.000000,-0.093617,-0.208511,-0.021277,-0.442553,0.089362,-0.587234,0.170213,-0.736170,0.238298,-0.578723,0.365957,-0.753191,0.310638,-0.748936,0.251064,-0.689362,0.340426,-0.531915,0.540426,-0.740426,0.655319,-0.885106,0.765957,-1.000000,0.391489,-0.438298,0.591489,-0.629787,0.702128,-0.757447,0.808511,-0.868085,0.417021,-0.314894,0.570213,-0.451064,0.663830,-0.553191,0.753191,-0.646809
F,Right,legacy_bisindo_F_914,0.000000,0.000000,-0.101695,-0.216102,-0.033898,-0.444915,0.080508,-0.593220,0.161017,-0.741525,0.228814,-0.576271,0.364407,-0.750000,0.309322,-0.750000,0.237288,-0.699153,0.330508,-0.529661,0.533898,-0.741525,0.648305,-0.885593,0.758475,-1.000000,0.385593,-0.440678,0.580508,-0.627119,0.690678,-0.754237,0.792373,-0.864407,0.411017,-0.317797,0.563559,-0.453390,0.656780,-0.555085,0.741525,-0.644068
F,Right,legacy_bisindo_F_915,0.000000,0.000000,-0.094828,-0.215517,-0.017241,-0.448276,0.094828,-0.590517,0.176724,-0.732759,0.241379,-0.586207,0.375000,-0.758621,0.327586,-0.750000,0.267241,-0.693966,0.344828,-0.534483,0.547414,-0.745690,0.663793,-0.887931,0.780172,-1.000000,0.400862,-0.439655,0.599138,-0.633621,0.715517,-0.758621,0.823276,-0.866379,0.422414,-0.310345,0.577586,-0.456897,0.672414,-0.556034,0.762931,-0.646552
F,Right,legacy_bisindo_F_916,0.000000,0.000000,-0.094421,-0.210300,-0.025751,-0.442060,0.081545,-0.583691,0.163090,-0.721030,0.236052,-0.592275,0.364807,-0.763948,0.309013,-0.751073,0.240343,-0.686695,0.339056,-0.540773,0.545064,-0.751073,0.660944,-0.888412,0.776824,-1.000000,0.394850,-0.442060,0.592275,-0.635193,0.708155,-0.763948,0.815451,-0.871245,0.416309,-0.313305,0.570815,-0.454936,0.669528,-0.553648,0.755365,-0.648069
F,Right,legacy_bisindo_F_917,0.000000,0.000000,-0.084746,-0.211864,-0.012712,-0.440678,0.093220,-0.580508,0.165254,-0.720339,0.245763,-0.580508,0.377119,-0.754237,0.322034,-0.745763,0.254237,-0.690678,0.347458,-0.533898,0.550847,-0.741525,0.665254,-0.885593,0.775424,-1.000000,0.398305,-0.440678,0.597458,-0.635593,0.707627,-0.762712,0.813559,-0.868644,0.419492,-0.313559,0.572034,-0.453390,0.665254,-0.555085,0.754237,-0.639831
F,Right,legacy_bisindo_F_918,0.000000,0.000000,-0.092827,-0.210970,-0.025316,-0.430380,0.075949,-0.573840,0.151899,-0.725738,0.227848,-0.573840,0.367089,-0.742616,0.316456,-0.746835,0.248945,-0.700422,0.329114,-0.527426,0.531646,-0.734177,0.645570,-0.877637,0.751055,-1.000000,0.379747,-0.430380,0.578059,-0.624473,0.687764,-0.751055,0.793249,-0.860759,0.405063,-0.303797,0.556962,-0.443038,0.649789,-0.544304,0.738397,-0.637131
F,Right,legacy_bisindo_F_919,0.000000,0.000000,-0.102128,-0.208511,-0.038298,-0.434043,0.068085,-0.574468,0.136170,-0.723404,0.217021,-0.574468,0.331915,-0.740426,0.276596,-0.744681,0.200000,-0.702128,0.319149,-0.527660,0.519149,-0.731915,0.634043,-0.876596,0.740426,-1.000000,0.378723,-0.438298,0.574468,-0.625532,0.689362,-0.753191,0.791489,-0.859574,0.408511,-0.310638,0.557447,-0.451064,0.655319,-0.553191,0.744681,-0.646809
F,Right,legacy_bisindo_F_920,0.000000,0.000000,-0.093617,-0.208511,-0.034043,-0.434043,0.068085,-0.574468,0.136170,-0.731915,0.204255,-0.582979,0.319149,-0.753191,0.259574,-0.736170,0.191489,-0.685106,0.310638,-0.531915,0.506383,-0.740426,0.621277,-0.885106,0.731915,-1.000000,0.370213,-0.438298,0.565957,-0.634043,0.676596,-0.757447,0.782979,-0.863830,0.400000,-0.310638,0.544681,-0.451064,0.642553,-0.548936,0.727660,-0.642553
F,Right,legacy_bisindo_F_921,0.000000,0.000000,-0.105485,-0.194093,-0.054852,-0.417722,0.046414,-0.556962,0.118143,-0.717300,0.172996,-0.582278,0.274262,-0.755274,0.210970,-0.729958,0.139241,-0.670886,0.291139,-0.535865,0.485232,-0.746835,0.603376,-0.886076,0.713080,-1.000000,0.354430,-0.438819,0.548523,-0.632911,0.658228,-0.755274,0.759494,-0.864979,0.388186,-0.308017,0.535865,-0.455696,0.632911,-0.556962,0.713080,-0.649789
F,Right,legacy_bisindo_F_922,0.000000,0.000000,-0.095833,-0.204167,-0.037500,-0.425000,0.062500,-0.570833,0.129167,-0.725000,0.208333,-0.575000,0.316667,-0.745833,0.258333,-0.733333,0.183333,-0.683333,0.312500,-0.533333,0.504167,-0.741667,0.616667,-0.883333,0.725000,-1.000000,0.366667,-0.441667,0.558333,-0.629167,0.666667,-0.758333,0.766667,-0.866667,0.395833,-0.312500,0.541667,-0.454167,0.633333,-0.554167,0.716667,-0.645833
F,Right,legacy_bisindo_F_923,0.000000,0.000000,-0.088983,-0.207627,-0.025424,-0.436441,0.080508,-0.576271,0.148305,-0.737288,0.216102,-0.584746,0.338983,-0.750000,0.283898,-0.745763,0.216102,-0.703390,0.322034,-0.538136,0.521186,-0.745763,0.635593,-0.885593,0.745763,-1.000000,0.381356,-0.440678,0.576271,-0.631356,0.690678,-0.758475,0.796610,-0.864407,0.411017,-0.313559,0.559322,-0.453390,0.652542,-0.555085,0.741525,-0.644068
F,Right,legacy_bisindo_F_924,0.000000,0.000000,-0.092827,-0.206751,-0.033755,-0.430380,0.071730,-0.578059,0.135021,-0.738397,0.206751,-0.582278,0.324895,-0.751055,0.270042,-0.746835,0.202532,-0.696203,0.312236,-0.535865,0.506329,-0.742616,0.620253,-0.886076,0.729958,-1.000000,0.371308,-0.443038,0.565401,-0.632911,0.675105,-0.759494,0.780591,-0.869198,0.396624,-0.312236,0.544304,-0.451477,0.637131,-0.552743,0.725738,-0.645570
F,Right,legacy_bisindo_F_925,0.000000,0.000000,-0.104603,-0.205021,-0.050209,-0.426778,0.050209,-0.569038,0.117155,-0.719665,0.188285,-0.581590,0.297071,-0.753138,0.238494,-0.732218,0.167364,-0.669456,0.297071,-0.535565,0.489540,-0.744770,0.602510,-0.882845,0.711297,-1.000000,0.355649,-0.439331,0.548117,-0.627615,0.656904,-0.757322,0.757322,-0.866109,0.389121,-0.309623,0.535565,-0.447699,0.627615,-0.548117,0.715481,-0.640167
F,Right,legacy_bisindo_F_926,0.000000,0.000000,-0.093220,-0.203390,-0.038136,-0.432203,0.063559,-0.576271,0.127119,-0.733051,0.207627,-0.588983,0.317797,-0.758475,0.245763,-0.724576,0.173729,-0.652542,0.313559,-0.542373,0.512712,-0.750000,0.627119,-0.885593,0.741525,-1.000000,0.372881,-0.440678,0.567797,-0.631356,0.682203,-0.758475,0.779661,-0.872881,0.398305,-0.309322,0.550847,-0.449153,0.648305,-0.550847,0.733051,-0.648305
F,Right,legacy_bisindo_F_927,0.000000,0.000000,-0.097046,-0.206751,-0.037975,-0.434599,0.067511,-0.578059,0.135021,-0.729958,0.206751,-0.586498,0.329114,-0.755274,0.270042,-0.738397,0.198312,-0.687764,0.312236,-0.540084,0.514768,-0.746835,0.628692,-0.886076,0.738397,-1.000000,0.367089,-0.443038,0.565401,-0.632911,0.679325,-0.759494,0.780591,-0.869198,0.392405,-0.312236,0.548523,-0.447257,0.641350,-0.548523,0.729958,-0.641350
F,Right,legacy_bisindo_F_928,0.000000,0.000000,-0.088608,-0.206751,-0.029536,-0.430380,0.071730,-0.573840,0.135021,-0.721519,0.210970,-0.578059,0.316456,-0.751055,0.253165,-0.738397,0.185654,-0.683544,0.312236,-0.535865,0.506329,-0.738397,0.616034,-0.881857,0.729958,-1.000000,0.371308,-0.443038,0.565401,-0.632911,0.679325,-0.759494,0.789030,-0.869198,0.400844,-0.316456,0.548523,-0.455696,0.645570,-0.556962,0.734177,-0.641350
F,Right,legacy_bisindo_F_929,0.000000,0.000000,-0.101695,-0.203390,-0.046610,-0.427966,0.055085,-0.572034,0.127119,-0.724576,0.190678,-0.584746,0.305085,-0.754237,0.254237,-0.741525,0.190678,-0.686441,0.300847,-0.538136,0.491525,-0.745763,0.605932,-0.889831,0.716102,-1.000000,0.360169,-0.444915,0.550847,-0.635593,0.661017,-0.758475,0.762712,-0.868644,0.389831,-0.313559,0.538136,-0.449153,0.627119,-0.550847,0.711864,-0.644068
F,Right,legacy_bisindo_F_930,0.000000,0.000000,-0.098291,-0.200855,-0.047009,-0.427350,0.051282,-0.572650,0.115385,-0.726496,0.196581,-0.581197,0.303419,-0.752137,0.243590,-0.739316,0.170940,-0.696581,0.303419,-0.534188,0.491453,-0.743590,0.602564,-0.884615,0.709402,-1.000000,0.363248,-0.440171,0.551282,-0.628205,0.662393,-0.756410,0.760684,-0.863248,0.393162,-0.307692,0.534188,-0.448718,0.632479,-0.551282,0.713675,-0.645299
F,Right,legacy_bisindo_F_931,0.000000,0.000000,-0.101695,-0.203390,-0.046610,-0.427966,0.059322,-0.572034,0.118644,-0.733051,0.194915,-0.572034,0.317797,-0.733051,0.279661,-0.741525,0.220339,-0.707627,0.296610,-0.525424,0.487288,-0.737288,0.593220,-0.881356,0.699153,-1.000000,0.355932,-0.436441,0.538136,-0.627119,0.644068,-0.754237,0.737288,-0.868644,0.389831,-0.309322,0.529661,-0.453390,0.622881,-0.555085,0.703390,-0.648305
F,Right,legacy_bisindo_F_932,0.000000,0.000000,-0.100806,-0.189516,-0.056452,-0.407258,0.024194,-0.556452,0.064516,-0.705645,0.161290,-0.556452,0.254032,-0.721774,0.177419,-0.721774,0.100806,-0.677419,0.254032,-0.524194,0.419355,-0.733871,0.500000,-0.879032,0.584677,-1.000000,0.306452,-0.439516,0.471774,-0.637097,0.560484,-0.762097,0.637097,-0.870968,0.334677,-0.322581,0.463710,-0.463710,0.536290,-0.568548,0.604839,-0.661290
F,Right,legacy_bisindo_F_933,0.000000,0.000000,-0.119850,-0.164794,-0.112360,-0.370787,-0.067416,-0.516854,-0.044944,-0.659176,0.041199,-0.543071,0.082397,-0.711610,0.041199,-0.707865,0.000000,-0.655431,0.142322,-0.531835,0.247191,-0.745318,0.295880,-0.887640,0.355805,-1.000000,0.213483,-0.468165,0.337079,-0.662921,0.400749,-0.782772,0.456929,-0.883895,0.262172,-0.367041,0.355805,-0.513109,0.411985,-0.617978,0.464419,-0.711610
F,Right,legacy_bisindo_F_934,0.000000,0.000000,-0.134276,-0.141343,-0.159011,-0.342756,-0.134276,-0.491166,-0.134276,-0.621908,-0.038869,-0.515901,-0.010601,-0.692580,-0.038869,-0.681979,-0.060071,-0.632509,0.049470,-0.519435,0.113074,-0.742049,0.144876,-0.883392,0.187279,-1.000000,0.123675,-0.469965,0.197880,-0.678445,0.236749,-0.805654,0.279152,-0.911661,0.183746,-0.385159,0.243816,-0.540636,0.279152,-0.643110,0.310954,-0.731449
F,Right,legacy_bisindo_F_935,0.000000,0.000000,-0.161172,-0.113553,-0.230769,-0.318681,-0.238095,-0.476190,-0.271062,-0.611722,-0.128205,-0.512821,-0.135531,-0.692308,-0.172161,-0.673993,-0.194139,-0.611722,-0.047619,-0.531136,-0.029304,-0.754579,-0.029304,-0.890110,-0.014652,-1.000000,0.032967,-0.498168,0.062271,-0.721612,0.069597,-0.857143,0.087912,-0.974359,0.109890,-0.428571,0.135531,-0.597070,0.150183,-0.703297,0.164835,-0.802198
F,Right,legacy_bisindo_F_936,0.000000,0.000000,-0.199170,-0.049793,-0.298755,-0.211618,-0.327801,-0.360996,-0.377593,-0.514523,-0.186722,-0.456432,-0.228216,-0.618257,-0.269710,-0.589212,-0.290456,-0.514523,-0.095436,-0.477178,-0.136929,-0.705394,-0.161826,-0.858921,-0.174274,-1.000000,-0.004149,-0.456432,-0.024896,-0.684647,-0.037344,-0.846473,-0.045643,-0.987552,0.087137,-0.410788,0.070539,-0.580913,0.062241,-0.709544,0.062241,-0.825726
F,Right,legacy_bisindo_F_937,0.000000,0.000000,-0.175182,-0.076642,-0.273723,-0.259124,-0.306569,-0.408759,-0.354015,-0.536496,-0.204380,-0.470803,-0.233577,-0.645985,-0.262774,-0.598540,-0.273723,-0.529197,-0.127737,-0.503650,-0.145985,-0.729927,-0.171533,-0.872263,-0.186131,-1.000000,-0.040146,-0.485401,-0.051095,-0.704380,-0.062044,-0.839416,-0.069343,-0.963504,0.043796,-0.427007,0.043796,-0.594891,0.036496,-0.708029,0.036496,-0.813869
F,Right,legacy_bisindo_F_938,0.000000,0.000000,-0.186770,-0.062257,-0.299611,-0.245136,-0.338521,-0.396887,-0.396887,-0.517510,-0.241245,-0.470817,-0.295720,-0.634241,-0.322957,-0.575875,-0.322957,-0.494163,-0.163424,-0.513619,-0.198444,-0.739300,-0.241245,-0.875486,-0.268482,-1.000000,-0.073930,-0.498054,-0.101167,-0.723735,-0.124514,-0.859922,-0.147860,-0.984436,0.023346,-0.447471,0.011673,-0.622568,-0.003891,-0.739300,-0.015564,-0.848249
F,Right,legacy_bisindo_F_939,0.000000,0.000000,-0.182927,-0.069106,-0.300813,-0.247967,-0.337398,-0.394309,-0.398374,-0.520325,-0.264228,-0.467480,-0.325203,-0.626016,-0.345528,-0.569106,-0.341463,-0.483740,-0.178862,-0.520325,-0.211382,-0.752033,-0.252033,-0.886179,-0.272358,-1.000000,-0.081301,-0.520325,-0.105691,-0.739837,-0.134146,-0.873984,-0.158537,-0.987805,0.020325,-0.475610,0.004065,-0.646341,-0.016260,-0.752033,-0.032520,-0.845528
F,Right,legacy_bisindo_F_940,0.000000,0.000000,-0.191781,-0.082192,-0.301370,-0.264840,-0.324201,-0.424658,-0.383562,-0.557078,-0.237443,-0.484018,-0.283105,-0.648402,-0.301370,-0.602740,-0.301370,-0.534247,-0.159817,-0.529680,-0.196347,-0.753425,-0.242009,-0.890411,-0.273973,-1.000000,-0.073059,-0.525114,-0.100457,-0.744292,-0.136986,-0.876712,-0.173516,-0.986301,0.013699,-0.488584,-0.004566,-0.662100,-0.027397,-0.771689,-0.059361,-0.867580
F,Right,legacy_bisindo_F_941,0.000000,0.000000,-0.203046,-0.055838,-0.309645,-0.238579,-0.335025,-0.401015,-0.385787,-0.522843,-0.253807,-0.456853,-0.314721,-0.614213,-0.340102,-0.568528,-0.345178,-0.492386,-0.172589,-0.512690,-0.208122,-0.741117,-0.248731,-0.883249,-0.279188,-1.000000,-0.086294,-0.512690,-0.116751,-0.725888,-0.152284,-0.857868,-0.182741,-0.969543,0.010152,-0.482234,-0.010152,-0.649746,-0.035533,-0.751269,-0.055838,-0.842640
F,Right,legacy_bisindo_F_942,0.000000,0.000000,-0.181818,-0.072727,-0.284848,-0.260606,-0.303030,-0.412121,-0.345455,-0.539394,-0.230303,-0.472727,-0.284848,-0.618182,-0.303030,-0.569697,-0.303030,-0.484848,-0.145455,-0.521212,-0.163636,-0.751515,-0.200000,-0.884848,-0.224242,-1.000000,-0.048485,-0.515152,-0.066667,-0.733333,-0.090909,-0.866667,-0.115152,-0.975758,0.042424,-0.472727,0.030303,-0.636364,0.018182,-0.745455,0.000000,-0.836364
F,Right,legacy_bisindo_F_943,0.000000,0.000000,-0.198675,-0.072848,-0.304636,-0.258278,-0.317881,-0.423841,-0.364238,-0.556291,-0.238411,-0.470199,-0.271523,-0.622517,-0.291391,-0.576159,-0.298013,-0.509934,-0.152318,-0.516556,-0.165563,-0.741722,-0.198675,-0.887417,-0.218543,-1.000000,-0.052980,-0.509934,-0.072848,-0.728477,-0.092715,-0.854305,-0.112583,-0.960265,0.046358,-0.470199,0.039735,-0.635762,0.026490,-0.741722,0.013245,-0.841060
F,Right,legacy_bisindo_F_944,0.000000,0.000000,-0.193103,-0.075862,-0.296552,-0.262069,-0.310345,-0.420690,-0.351724,-0.558621,-0.213793,-0.482759,-0.241379,-0.641379,-0.268966,-0.620690,-0.282759,-0.565517,-0.124138,-0.524138,-0.144828,-0.751724,-0.186207,-0.882759,-0.213793,-1.000000,-0.034483,-0.510345,-0.055172,-0.731034,-0.082759,-0.855172,-0.103448,-0.958621,0.062069,-0.468966,0.048276,-0.627586,0.034483,-0.731034,0.013793,-0.820690
F,Right,legacy_bisindo_F_945,0.000000,0.000000,-0.198582,-0.070922,-0.297872,-0.262411,-0.304965,-0.425532,-0.354610,-0.560284,-0.226950,-0.468085,-0.255319,-0.631206,-0.283688,-0.609929,-0.297872,-0.560284,-0.134752,-0.517730,-0.148936,-0.744681,-0.184397,-0.886525,-0.205674,-1.000000,-0.035461,-0.510638,-0.056738,-0.730496,-0.078014,-0.858156,-0.099291,-0.964539,0.063830,-0.468085,0.049645,-0.638298,0.035461,-0.737589,0.028369,-0.829787
F,Right,legacy_bisindo_F_946,0.000000,0.000000,-0.178571,-0.085714,-0.271429,-0.264286,-0.300000,-0.421429,-0.342857,-0.550000,-0.200000,-0.478571,-0.242857,-0.635714,-0.278571,-0.585714,-0.292857,-0.507143,-0.114286,-0.514286,-0.135714,-0.742857,-0.171429,-0.885714,-0.200000,-1.000000,-0.021429,-0.500000,-0.042857,-0.721429,-0.071429,-0.850000,-0.092857,-0.957143,0.071429,-0.450000,0.064286,-0.607143,0.042857,-0.714286,0.028571,-0.800000
F,Right,legacy_bisindo_F_947,0.000000,0.000000,-0.195652,-0.079710,-0.297101,-0.260870,-0.311594,-0.420290,-0.355072,-0.557971,-0.217391,-0.478261,-0.246377,-0.637681,-0.275362,-0.608696,-0.275362,-0.543478,-0.130435,-0.514493,-0.152174,-0.746377,-0.181159,-0.884058,-0.202899,-1.000000,-0.043478,-0.507246,-0.050725,-0.731884,-0.079710,-0.855072,-0.094203,-0.963768,0.057971,-0.456522,0.050725,-0.623188,0.036232,-0.731884,0.021739,-0.833333
F,Right,legacy_bisindo_F_948,0.000000,0.000000,-0.192593,-0.081481,-0.296296,-0.266667,-0.311111,-0.429630,-0.355556,-0.555556,-0.222222,-0.481481,-0.266667,-0.637037,-0.288889,-0.585185,-0.296296,-0.511111,-0.140741,-0.518519,-0.162963,-0.748148,-0.192593,-0.888889,-0.207407,-1.000000,-0.044444,-0.511111,-0.066667,-0.733333,-0.081481,-0.866667,-0.096296,-0.977778,0.059259,-0.466667,0.037037,-0.629630,0.029630,-0.733333,0.014815,-0.829630
F,Right,legacy_bisindo_F_949,0.000000,0.000000,-0.194030,-0.082090,-0.291045,-0.276119,-0.313433,-0.447761,-0.380597,-0.559701,-0.253731,-0.477612,-0.305970,-0.649254,-0.320896,-0.649254,-0.320896,-0.619403,-0.171642,-0.522388,-0.231343,-0.753731,-0.283582,-0.888060,-0.320896,-1.000000,-0.082090,-0.522388,-0.134328,-0.738806,-0.179104,-0.873134,-0.216418,-0.977612,0.014925,-0.485075,-0.007463,-0.649254,-0.037313,-0.753731,-0.067164,-0.850746
F,Right,legacy_bisindo_F_950,0.000000,0.000000,-0.192593,-0.066667,-0.303704,-0.259259,-0.318519,-0.437037,-0.392593,-0.555556,-0.259259,-0.466667,-0.303704,-0.651852,-0.311111,-0.674074,-0.303704,-0.674074,-0.185185,-0.518519,-0.251852,-0.748148,-0.303704,-0.888889,-0.340741,-1.000000,-0.096296,-0.525926,-0.155556,-0.740741,-0.200000,-0.866667,-0.237037,-0.970370,0.007407,-0.496296,-0.022222,-0.659259,-0.044444,-0.762963,-0.074074,-0.859259
F,Right,legacy_bisindo_F_951,0.000000,0.000000,-0.200000,-0.059259,-0.303704,-0.251852,-0.325926,-0.422222,-0.400000,-0.548148,-0.259259,-0.466667,-0.303704,-0.637037,-0.311111,-0.666667,-0.311111,-0.681481,-0.185185,-0.518519,-0.251852,-0.740741,-0.303704,-0.881481,-0.348148,-1.000000,-0.096296,-0.518519,-0.162963,-0.733333,-0.207407,-0.859259,-0.244444,-0.970370,0.000000,-0.488889,-0.022222,-0.651852,-0.044444,-0.762963,-0.074074,-0.859259
F,Right,legacy_bisindo_F_952,0.000000,0.000000,-0.195652,-0.065217,-0.304348,-0.253623,-0.318841,-0.427536,-0.376812,-0.550725,-0.268116,-0.471014,-0.318841,-0.637681,-0.318841,-0.637681,-0.311594,-0.615942,-0.188406,-0.521739,-0.253623,-0.746377,-0.297101,-0.884058,-0.340580,-1.000000,-0.101449,-0.528986,-0.159420,-0.739130,-0.202899,-0.869565,-0.239130,-0.971014,0.007246,-0.492754,-0.021739,-0.652174,-0.050725,-0.760870,-0.079710,-0.847826
F,Right,legacy_bisindo_F_953,0.000000,0.000000,-0.198529,-0.066176,-0.301471,-0.257353,-0.323529,-0.426471,-0.389706,-0.551471,-0.264706,-0.470588,-0.316176,-0.639706,-0.323529,-0.647059,-0.330882,-0.632353,-0.183824,-0.522059,-0.250000,-0.750000,-0.301471,-0.889706,-0.338235,-1.000000,-0.095588,-0.529412,-0.154412,-0.742647,-0.198529,-0.867647,-0.235294,-0.977941,0.007353,-0.500000,-0.022059,-0.661765,-0.044118,-0.772059,-0.073529,-0.860294
F,Right,legacy_bisindo_F_954,0.000000,0.000000,-0.188406,-0.065217,-0.297101,-0.253623,-0.304348,-0.427536,-0.369565,-0.557971,-0.260870,-0.463768,-0.311594,-0.630435,-0.318841,-0.630435,-0.311594,-0.594203,-0.181159,-0.521739,-0.246377,-0.746377,-0.297101,-0.884058,-0.333333,-1.000000,-0.094203,-0.521739,-0.152174,-0.739130,-0.195652,-0.869565,-0.239130,-0.978261,0.014493,-0.500000,-0.014493,-0.666667,-0.043478,-0.768116,-0.072464,-0.862319
F,Right,legacy_bisindo_F_955,0.000000,0.000000,-0.195652,-0.065217,-0.304348,-0.246377,-0.311594,-0.420290,-0.376812,-0.543478,-0.275362,-0.463768,-0.326087,-0.630435,-0.326087,-0.630435,-0.318841,-0.601449,-0.188406,-0.521739,-0.253623,-0.746377,-0.297101,-0.884058,-0.333333,-1.000000,-0.101449,-0.528986,-0.159420,-0.739130,-0.202899,-0.862319,-0.239130,-0.971014,0.007246,-0.500000,-0.021739,-0.659420,-0.043478,-0.760870,-0.072464,-0.855072
F,Right,legacy_bisindo_F_956,0.000000,0.000000,-0.191489,-0.063830,-0.290780,-0.255319,-0.304965,-0.425532,-0.368794,-0.546099,-0.248227,-0.468085,-0.290780,-0.645390,-0.290780,-0.673759,-0.290780,-0.680851,-0.170213,-0.517730,-0.234043,-0.737589,-0.276596,-0.879433,-0.312057,-1.000000,-0.085106,-0.524823,-0.141844,-0.730496,-0.177305,-0.858156,-0.212766,-0.964539,0.021277,-0.489362,0.000000,-0.652482,-0.021277,-0.758865,-0.049645,-0.851064
F,Right,legacy_bisindo_F_957,0.000000,0.000000,-0.197279,-0.061224,-0.299320,-0.244898,-0.306122,-0.414966,-0.367347,-0.544218,-0.265306,-0.462585,-0.312925,-0.632653,-0.326531,-0.605442,-0.319728,-0.557823,-0.176871,-0.523810,-0.231293,-0.741497,-0.278912,-0.884354,-0.306122,-1.000000,-0.088435,-0.523810,-0.136054,-0.734694,-0.176871,-0.863946,-0.217687,-0.965986,0.020408,-0.489796,-0.006803,-0.653061,-0.027211,-0.755102,-0.054422,-0.850340
F,Right,legacy_bisindo_F_958,0.000000,0.000000,-0.212500,-0.056250,-0.312500,-0.225000,-0.318750,-0.393750,-0.368750,-0.531250,-0.275000,-0.450000,-0.331250,-0.618750,-0.343750,-0.600000,-0.343750,-0.550000,-0.181250,-0.506250,-0.237500,-0.731250,-0.275000,-0.881250,-0.306250,-1.000000,-0.087500,-0.506250,-0.137500,-0.718750,-0.168750,-0.850000,-0.200000,-0.956250,0.025000,-0.475000,0.000000,-0.637500,-0.018750,-0.743750,-0.037500,-0.837500
F,Right,legacy_bisindo_F_959,0.000000,0.000000,-0.189655,-0.080460,-0.281609,-0.264368,-0.293103,-0.425287,-0.350575,-0.545977,-0.241379,-0.471264,-0.293103,-0.643678,-0.310345,-0.614943,-0.310345,-0.551724,-0.155172,-0.517241,-0.201149,-0.747126,-0.241379,-0.885057,-0.270115,-1.000000,-0.063218,-0.517241,-0.109195,-0.729885,-0.155172,-0.856322,-0.195402,-0.965517,0.040230,-0.477011,0.028736,-0.637931,0.005747,-0.741379,-0.011494,-0.833333
F,Right,legacy_bisindo_F_960,0.000000,0.000000,-0.206349,-0.074074,-0.291005,-0.253968,-0.306878,-0.412698,-0.365079,-0.534392,-0.238095,-0.455026,-0.296296,-0.619048,-0.328042,-0.592593,-0.343915,-0.529101,-0.153439,-0.502646,-0.195767,-0.735450,-0.232804,-0.878307,-0.264550,-1.000000,-0.058201,-0.497354,-0.105820,-0.708995,-0.142857,-0.835979,-0.174603,-0.941799,0.047619,-0.460317,0.031746,-0.624339,0.010582,-0.730159,-0.005291,-0.820106
F,Right,legacy_bisindo_F_961,0.000000,0.000000,-0.207071,-0.065657,-0.303030,-0.252525,-0.308081,-0.419192,-0.368687,-0.545455,-0.247475,-0.459596,-0.297980,-0.626263,-0.318182,-0.606061,-0.323232,-0.545455,-0.156566,-0.510101,-0.202020,-0.742424,-0.237374,-0.883838,-0.267677,-1.000000,-0.060606,-0.505051,-0.101010,-0.717172,-0.131313,-0.843434,-0.151515,-0.949495,0.050505,-0.464646,0.030303,-0.626263,0.015152,-0.732323,0.000000,-0.823232
F,Right,legacy_bisindo_F_962,0.000000,0.000000,-0.200873,-0.069869,-0.288210,-0.248908,-0.301310,-0.410480,-0.362445,-0.541485,-0.231441,-0.462882,-0.275109,-0.615721,-0.310044,-0.593886,-0.323144,-0.524017,-0.144105,-0.497817,-0.187773,-0.733624,-0.218341,-0.877729,-0.244541,-1.000000,-0.048035,-0.489083,-0.087336,-0.703057,-0.113537,-0.834061,-0.131004,-0.943231,0.061135,-0.454148,0.043668,-0.615721,0.030568,-0.720524,0.021834,-0.816594
F,Right,legacy_bisindo_F_963,0.000000,0.000000,-0.193309,-0.070632,-0.278810,-0.249071,-0.293680,-0.412639,-0.353160,-0.535316,-0.215613,-0.464684,-0.263941,-0.620818,-0.293680,-0.613383,-0.308550,-0.568773,-0.133829,-0.501859,-0.171004,-0.732342,-0.200743,-0.881041,-0.226766,-1.000000,-0.040892,-0.490706,-0.074349,-0.710037,-0.096654,-0.840149,-0.115242,-0.951673,0.063197,-0.446097,0.055762,-0.617100,0.048327,-0.724907,0.037175,-0.821561
F,Right,legacy_bisindo_F_964,0.000000,0.000000,-0.182390,-0.069182,-0.270440,-0.254717,-0.283019,-0.415094,-0.339623,-0.537736,-0.201258,-0.468553,-0.235849,-0.638365,-0.267296,-0.628931,-0.289308,-0.581761,-0.113208,-0.503145,-0.141509,-0.735849,-0.166667,-0.883648,-0.185535,-1.000000,-0.022013,-0.487421,-0.040881,-0.704403,-0.056604,-0.839623,-0.072327,-0.952830,0.078616,-0.433962,0.078616,-0.603774,0.072327,-0.710692,0.062893,-0.805031
F,Right,legacy_bisindo_F_965,0.000000,0.000000,-0.184438,-0.092219,-0.253602,-0.247839,-0.262248,-0.389049,-0.317003,-0.521614,-0.184438,-0.461095,-0.216138,-0.616715,-0.247839,-0.593660,-0.268012,-0.527378,-0.100865,-0.481268,-0.129683,-0.717579,-0.146974,-0.864553,-0.167147,-1.000000,-0.005764,-0.466859,-0.028818,-0.682997,-0.037464,-0.812680,-0.054755,-0.930836,0.095101,-0.432277,0.089337,-0.593660,0.086455,-0.697406,0.083573,-0.795389
F,Right,legacy_bisindo_F_966,0.000000,0.000000,-0.181319,-0.104396,-0.244505,-0.258242,-0.252747,-0.392857,-0.304945,-0.530220,-0.162088,-0.458791,-0.192308,-0.620879,-0.225275,-0.601648,-0.244505,-0.530220,-0.079670,-0.475275,-0.104396,-0.722527,-0.118132,-0.870879,-0.137363,-1.000000,0.019231,-0.456044,-0.005495,-0.689560,-0.013736,-0.829670,-0.030220,-0.953297,0.123626,-0.425824,0.126374,-0.593407,0.129121,-0.706044,0.129121,-0.807692
F,Right,legacy_bisindo_F_967,0.000000,0.000000,-0.180685,-0.031153,-0.280374,-0.171340,-0.305296,-0.308411,-0.358255,-0.451713,-0.208723,-0.404984,-0.239875,-0.570093,-0.233645,-0.529595,-0.218069,-0.454829,-0.087227,-0.426791,-0.127726,-0.688474,-0.140187,-0.847352,-0.146417,-1.000000,0.034268,-0.404984,0.006231,-0.641745,-0.015576,-0.794393,-0.028037,-0.928349,0.155763,-0.352025,0.155763,-0.532710,0.149533,-0.654206,0.146417,-0.763240
F,Right,legacy_bisindo_F_968,0.000000,0.000000,-0.175202,-0.080863,-0.239892,-0.239892,-0.253369,-0.382749,-0.307278,-0.522911,-0.164420,-0.447439,-0.194070,-0.617251,-0.218329,-0.590296,-0.231806,-0.514825,-0.078167,-0.463612,-0.105121,-0.716981,-0.118598,-0.865229,-0.134771,-1.000000,0.021563,-0.447439,-0.002695,-0.676550,-0.010782,-0.819407,-0.026954,-0.938005,0.126685,-0.412399,0.129380,-0.584906,0.134771,-0.698113,0.137466,-0.797844
F,Right,legacy_bisindo_F_969,0.000000,0.000000,-0.186842,-0.102632,-0.257895,-0.252632,-0.268421,-0.389474,-0.321053,-0.528947,-0.176316,-0.455263,-0.202632,-0.621053,-0.228947,-0.597368,-0.252632,-0.523684,-0.086842,-0.468421,-0.121053,-0.721053,-0.134211,-0.871053,-0.152632,-1.000000,0.015789,-0.450000,-0.010526,-0.676316,-0.018421,-0.815789,-0.039474,-0.934211,0.123684,-0.421053,0.123684,-0.592105,0.123684,-0.702632,0.121053,-0.802632
F,Right,legacy_bisindo_F_970,0.000000,0.000000,-0.181818,-0.095960,-0.252525,-0.260101,-0.262626,-0.406566,-0.318182,-0.540404,-0.181818,-0.469697,-0.214646,-0.626263,-0.242424,-0.603535,-0.260101,-0.535354,-0.093434,-0.492424,-0.123737,-0.729798,-0.143939,-0.873737,-0.161616,-1.000000,0.000000,-0.474747,-0.022727,-0.686869,-0.037879,-0.823232,-0.055556,-0.939394,0.103535,-0.436869,0.106061,-0.598485,0.101010,-0.707071,0.098485,-0.808081
F,Right,legacy_bisindo_F_971,0.000000,0.000000,-0.190000,-0.087500,-0.265000,-0.252500,-0.275000,-0.400000,-0.327500,-0.540000,-0.200000,-0.457500,-0.240000,-0.617500,-0.265000,-0.600000,-0.275000,-0.530000,-0.117500,-0.487500,-0.152500,-0.722500,-0.172500,-0.870000,-0.192500,-1.000000,-0.020000,-0.475000,-0.045000,-0.685000,-0.055000,-0.815000,-0.072500,-0.930000,0.080000,-0.442500,0.077500,-0.602500,0.075000,-0.705000,0.075000,-0.800000
F,Right,legacy_bisindo_F_972,0.000000,0.000000,-0.190616,-0.029326,-0.287390,-0.190616,-0.293255,-0.346041,-0.346041,-0.489736,-0.193548,-0.428152,-0.234604,-0.571848,-0.266862,-0.557185,-0.287390,-0.501466,-0.087977,-0.451613,-0.137830,-0.686217,-0.158358,-0.847507,-0.178886,-1.000000,0.017595,-0.428152,-0.011730,-0.651026,-0.032258,-0.794721,-0.049853,-0.926686,0.134897,-0.381232,0.129032,-0.551320,0.120235,-0.668622,0.108504,-0.782991
F,Right,legacy_bisindo_F_973,0.000000,0.000000,-0.187342,-0.083544,-0.268354,-0.250633,-0.273418,-0.405063,-0.316456,-0.544304,-0.215190,-0.455696,-0.263291,-0.617722,-0.281013,-0.592405,-0.283544,-0.526582,-0.126582,-0.491139,-0.164557,-0.724051,-0.184810,-0.870886,-0.200000,-1.000000,-0.030380,-0.481013,-0.055696,-0.691139,-0.068354,-0.822785,-0.081013,-0.936709,0.070886,-0.443038,0.063291,-0.605063,0.058228,-0.713924,0.055696,-0.812658
F,Right,legacy_bisindo_F_974,0.000000,0.000000,-0.175711,-0.090439,-0.255814,-0.268734,-0.263566,-0.418605,-0.302326,-0.547804,-0.201550,-0.465116,-0.253230,-0.617571,-0.284238,-0.607235,-0.304910,-0.555556,-0.116279,-0.506460,-0.147287,-0.733850,-0.167959,-0.878553,-0.180879,-1.000000,-0.023256,-0.496124,-0.046512,-0.702842,-0.059432,-0.832041,-0.072351,-0.945736,0.077519,-0.447028,0.074935,-0.607235,0.067183,-0.713178,0.062016,-0.806202
F,Right,legacy_bisindo_F_975,0.000000,0.000000,-0.198795,-0.042169,-0.283133,-0.213855,-0.289157,-0.355422,-0.352410,-0.493976,-0.195783,-0.448795,-0.250000,-0.587349,-0.271084,-0.554217,-0.283133,-0.484940,-0.093373,-0.466867,-0.150602,-0.701807,-0.171687,-0.858434,-0.198795,-1.000000,0.012048,-0.448795,-0.030120,-0.668675,-0.048193,-0.807229,-0.072289,-0.933735,0.126506,-0.409639,0.111446,-0.581325,0.099398,-0.689759,0.090361,-0.801205
F,Right,legacy_bisindo_F_976,0.000000,0.000000,-0.176316,-0.089474,-0.255263,-0.273684,-0.257895,-0.426316,-0.302632,-0.555263,-0.200000,-0.468421,-0.252632,-0.621053,-0.284211,-0.615789,-0.300000,-0.571053,-0.113158,-0.513158,-0.150000,-0.736842,-0.176316,-0.881579,-0.189474,-1.000000,-0.021053,-0.500000,-0.042105,-0.705263,-0.057895,-0.839474,-0.068421,-0.950000,0.076316,-0.455263,0.073684,-0.615789,0.068421,-0.723684,0.060526,-0.818421
F,Right,legacy_bisindo_F_977,0.000000,0.000000,-0.190736,-0.087193,-0.267030,-0.264305,-0.269755,-0.419619,-0.313351,-0.547684,-0.207084,-0.457766,-0.256131,-0.607629,-0.288828,-0.596730,-0.307902,-0.544959,-0.119891,-0.495913,-0.158038,-0.727520,-0.182561,-0.874659,-0.201635,-1.000000,-0.027248,-0.485014,-0.049046,-0.694823,-0.059946,-0.828338,-0.073569,-0.942779,0.073569,-0.444142,0.070845,-0.604905,0.062670,-0.713896,0.054496,-0.814714
F,Right,legacy_bisindo_F_978,0.000000,0.000000,-0.175487,-0.080780,-0.253482,-0.259053,-0.259053,-0.415042,-0.300836,-0.543175,-0.200557,-0.459610,-0.245125,-0.615599,-0.275766,-0.604457,-0.295265,-0.554318,-0.111421,-0.501393,-0.147632,-0.727019,-0.172702,-0.874652,-0.192201,-1.000000,-0.016713,-0.487465,-0.036212,-0.693593,-0.050139,-0.827298,-0.064067,-0.938719,0.083565,-0.442897,0.080780,-0.604457,0.075209,-0.713092,0.064067,-0.810585
F,Right,legacy_bisindo_F_979,0.000000,0.000000,-0.194030,-0.064677,-0.348259,-0.203980,-0.452736,-0.338308,-0.442786,-0.467662,-0.333333,-0.442786,-0.388060,-0.606965,-0.402985,-0.577114,-0.398010,-0.512438,-0.258706,-0.497512,-0.308458,-0.726368,-0.338308,-0.865672,-0.363184,-0.985075,-0.164179,-0.502488,-0.213930,-0.726368,-0.248756,-0.870647,-0.278607,-1.000000,-0.059701,-0.472637,-0.104478,-0.646766,-0.134328,-0.766169,-0.164179,-0.880597
F,Right,legacy_bisindo_F_980,0.000000,0.000000,-0.200980,-0.063725,-0.348039,-0.200980,-0.450980,-0.333333,-0.441176,-0.460784,-0.328431,-0.441176,-0.387255,-0.598039,-0.411765,-0.563725,-0.397059,-0.495098,-0.250000,-0.495098,-0.303922,-0.720588,-0.333333,-0.862745,-0.352941,-0.990196,-0.156863,-0.500000,-0.210784,-0.720588,-0.250000,-0.872549,-0.279412,-1.000000,-0.053922,-0.470588,-0.102941,-0.647059,-0.132353,-0.769608,-0.161765,-0.882353
F,Right,legacy_bisindo_F_981,0.000000,0.000000,-0.200957,-0.057416,-0.349282,-0.191388,-0.454545,-0.325359,-0.444976,-0.459330,-0.334928,-0.435407,-0.397129,-0.598086,-0.406699,-0.559809,-0.387560,-0.488038,-0.258373,-0.492823,-0.306220,-0.722488,-0.334928,-0.861244,-0.354067,-0.990431,-0.162679,-0.497608,-0.215311,-0.722488,-0.253589,-0.870813,-0.282297,-1.000000,-0.057416,-0.478469,-0.105263,-0.650718,-0.133971,-0.770335,-0.157895,-0.885167
F,Right,legacy_bisindo_F_982,0.000000,0.000000,-0.184834,-0.052133,-0.345972,-0.189573,-0.450237,-0.327014,-0.436019,-0.454976,-0.336493,-0.436019,-0.398104,-0.597156,-0.417062,-0.568720,-0.402844,-0.507109,-0.260664,-0.497630,-0.308057,-0.725118,-0.336493,-0.862559,-0.355450,-0.990521,-0.165877,-0.502370,-0.218009,-0.725118,-0.251185,-0.872038,-0.274882,-1.000000,-0.061611,-0.478673,-0.109005,-0.654028,-0.137441,-0.772512,-0.161137,-0.886256
F,Right,legacy_bisindo_F_983,0.000000,0.000000,-0.192488,-0.051643,-0.352113,-0.187793,-0.464789,-0.323944,-0.450704,-0.446009,-0.347418,-0.427230,-0.408451,-0.582160,-0.413146,-0.572770,-0.384977,-0.530516,-0.272300,-0.488263,-0.323944,-0.713615,-0.352113,-0.849765,-0.366197,-0.981221,-0.178404,-0.502347,-0.230047,-0.723005,-0.262911,-0.868545,-0.286385,-1.000000,-0.070423,-0.478873,-0.122066,-0.652582,-0.150235,-0.769953,-0.178404,-0.887324
F,Right,legacy_bisindo_F_984,0.000000,0.000000,-0.211268,-0.042254,-0.333333,-0.197183,-0.366197,-0.361502,-0.441315,-0.488263,-0.347418,-0.427230,-0.422535,-0.577465,-0.450704,-0.568075,-0.450704,-0.521127,-0.267606,-0.492958,-0.352113,-0.718310,-0.413146,-0.868545,-0.460094,-1.000000,-0.178404,-0.507042,-0.248826,-0.723005,-0.305164,-0.854460,-0.352113,-0.971831,-0.070423,-0.483568,-0.131455,-0.647887,-0.178404,-0.755869,-0.225352,-0.854460
F,Right,legacy_bisindo_F_985,0.000000,0.000000,-0.218009,-0.042654,-0.341232,-0.189573,-0.374408,-0.355450,-0.445498,-0.488152,-0.345972,-0.426540,-0.426540,-0.573460,-0.454976,-0.554502,-0.454976,-0.502370,-0.270142,-0.488152,-0.355450,-0.715640,-0.412322,-0.867299,-0.459716,-1.000000,-0.175355,-0.502370,-0.246445,-0.720379,-0.303318,-0.857820,-0.350711,-0.976303,-0.066351,-0.478673,-0.127962,-0.644550,-0.175355,-0.753555,-0.222749,-0.853081
F,Right,legacy_bisindo_F_986,0.000000,0.000000,-0.211268,-0.042254,-0.333333,-0.187793,-0.361502,-0.352113,-0.436620,-0.478873,-0.342723,-0.431925,-0.417840,-0.586854,-0.446009,-0.568075,-0.446009,-0.516432,-0.262911,-0.492958,-0.342723,-0.723005,-0.399061,-0.868545,-0.450704,-1.000000,-0.173709,-0.507042,-0.239437,-0.723005,-0.295775,-0.859155,-0.342723,-0.971831,-0.061033,-0.483568,-0.122066,-0.643192,-0.169014,-0.751174,-0.215962,-0.849765
F,Right,legacy_bisindo_F_987,0.000000,0.000000,-0.193548,-0.059908,-0.317972,-0.230415,-0.350230,-0.387097,-0.428571,-0.506912,-0.304147,-0.460829,-0.373272,-0.622120,-0.414747,-0.603687,-0.423963,-0.539171,-0.225806,-0.516129,-0.294931,-0.746544,-0.359447,-0.884793,-0.405530,-1.000000,-0.138249,-0.525346,-0.202765,-0.746544,-0.253456,-0.875576,-0.299539,-0.981567,-0.046083,-0.493088,-0.092166,-0.663594,-0.133641,-0.774194,-0.175115,-0.866359
F,Right,legacy_bisindo_F_988,0.000000,0.000000,-0.187773,-0.056769,-0.310044,-0.231441,-0.340611,-0.384279,-0.414847,-0.497817,-0.296943,-0.454148,-0.362445,-0.624454,-0.388646,-0.602620,-0.388646,-0.537118,-0.222707,-0.510917,-0.270742,-0.746725,-0.327511,-0.886463,-0.366812,-1.000000,-0.131004,-0.515284,-0.179039,-0.746725,-0.227074,-0.877729,-0.266376,-0.991266,-0.034934,-0.484716,-0.065502,-0.655022,-0.096070,-0.768559,-0.131004,-0.864629
F,Right,legacy_bisindo_F_989,0.000000,0.000000,-0.204255,-0.046809,-0.323404,-0.217021,-0.357447,-0.378723,-0.434043,-0.506383,-0.306383,-0.446809,-0.382979,-0.608511,-0.412766,-0.595745,-0.412766,-0.548936,-0.225532,-0.506383,-0.289362,-0.736170,-0.336170,-0.876596,-0.357447,-1.000000,-0.136170,-0.510638,-0.187234,-0.731915,-0.225532,-0.872340,-0.255319,-0.991489,-0.034043,-0.476596,-0.076596,-0.646809,-0.110638,-0.761702,-0.136170,-0.863830
F,Right,legacy_bisindo_F_990,0.000000,0.000000,-0.201613,-0.044355,-0.314516,-0.201613,-0.346774,-0.366935,-0.423387,-0.495968,-0.306452,-0.435484,-0.379032,-0.596774,-0.399194,-0.584677,-0.391129,-0.536290,-0.225806,-0.491935,-0.286290,-0.721774,-0.326613,-0.870968,-0.354839,-1.000000,-0.133065,-0.495968,-0.181452,-0.717742,-0.221774,-0.854839,-0.245968,-0.975806,-0.028226,-0.463710,-0.068548,-0.633065,-0.096774,-0.745968,-0.120968,-0.850806
F,Right,legacy_bisindo_F_991,0.000000,0.000000,-0.196970,-0.045455,-0.303030,-0.204545,-0.333333,-0.363636,-0.405303,-0.488636,-0.287879,-0.431818,-0.352273,-0.587121,-0.386364,-0.583333,-0.393939,-0.537879,-0.204545,-0.488636,-0.265152,-0.719697,-0.303030,-0.867424,-0.325758,-1.000000,-0.113636,-0.492424,-0.162879,-0.708333,-0.200758,-0.848485,-0.223485,-0.969697,-0.011364,-0.458333,-0.049242,-0.625000,-0.079545,-0.734848,-0.106061,-0.833333
F,Right,legacy_bisindo_F_992,0.000000,0.000000,-0.187050,-0.064748,-0.294964,-0.230216,-0.320144,-0.384892,-0.388489,-0.503597,-0.280576,-0.449640,-0.330935,-0.604317,-0.363309,-0.593525,-0.370504,-0.543165,-0.197842,-0.500000,-0.244604,-0.730216,-0.287770,-0.874101,-0.316547,-1.000000,-0.107914,-0.500000,-0.151079,-0.719424,-0.187050,-0.859712,-0.215827,-0.978417,-0.007194,-0.464029,-0.039568,-0.625899,-0.064748,-0.733813,-0.093525,-0.830935
F,Right,legacy_bisindo_F_993,0.000000,0.000000,-0.189831,-0.061017,-0.291525,-0.223729,-0.315254,-0.376271,-0.376271,-0.498305,-0.267797,-0.447458,-0.318644,-0.596610,-0.352542,-0.589831,-0.366102,-0.542373,-0.193220,-0.498305,-0.237288,-0.725424,-0.274576,-0.874576,-0.298305,-1.000000,-0.101695,-0.498305,-0.145763,-0.715254,-0.179661,-0.854237,-0.206780,-0.966102,-0.003390,-0.461017,-0.037288,-0.627119,-0.064407,-0.735593,-0.088136,-0.830508
F,Right,legacy_bisindo_F_994,0.000000,0.000000,-0.155340,-0.071197,-0.236246,-0.226537,-0.249191,-0.365696,-0.294498,-0.491909,-0.197411,-0.462783,-0.242718,-0.621359,-0.265372,-0.624595,-0.268608,-0.585761,-0.116505,-0.504854,-0.145631,-0.731392,-0.177994,-0.877023,-0.200647,-1.000000,-0.032362,-0.498382,-0.058252,-0.705502,-0.087379,-0.815534,-0.116505,-0.912621,0.055016,-0.456311,0.042071,-0.614887,0.019417,-0.715210,-0.003236,-0.805825
F,Right,legacy_bisindo_F_995,0.000000,0.000000,-0.167742,-0.070968,-0.241935,-0.229032,-0.241935,-0.374194,-0.287097,-0.500000,-0.196774,-0.458065,-0.235484,-0.622581,-0.261290,-0.619355,-0.267742,-0.574194,-0.109677,-0.500000,-0.138710,-0.725806,-0.170968,-0.870968,-0.200000,-1.000000,-0.029032,-0.490323,-0.058065,-0.703226,-0.096774,-0.829032,-0.135484,-0.935484,0.061290,-0.448387,0.048387,-0.609677,0.025806,-0.719355,0.000000,-0.816129
F,Right,legacy_bisindo_F_996,0.000000,0.000000,-0.165049,-0.067961,-0.236246,-0.226537,-0.233010,-0.372168,-0.271845,-0.501618,-0.190939,-0.456311,-0.220065,-0.621359,-0.242718,-0.624595,-0.252427,-0.585761,-0.100324,-0.495146,-0.113269,-0.721683,-0.132686,-0.867314,-0.148867,-1.000000,-0.012945,-0.482201,-0.019417,-0.686084,-0.042071,-0.786408,-0.064725,-0.867314,0.074434,-0.440129,0.064725,-0.595469,0.055016,-0.695793,0.042071,-0.786408
F,Right,legacy_bisindo_F_997,0.000000,0.000000,-0.171521,-0.067961,-0.245955,-0.226537,-0.236246,-0.368932,-0.275081,-0.495146,-0.194175,-0.456311,-0.220065,-0.621359,-0.252427,-0.624595,-0.265372,-0.585761,-0.103560,-0.495146,-0.119741,-0.724919,-0.145631,-0.870550,-0.165049,-1.000000,-0.019417,-0.482201,-0.038835,-0.699029,-0.067961,-0.828479,-0.093851,-0.941748,0.074434,-0.436893,0.061489,-0.595469,0.045307,-0.702265,0.029126,-0.802589
F,Right,legacy_bisindo_F_998,0.000000,0.000000,-0.169381,-0.068404,-0.247557,-0.221498,-0.241042,-0.364821,-0.276873,-0.491857,-0.201954,-0.452769,-0.237785,-0.612378,-0.263844,-0.612378,-0.273616,-0.570033,-0.110749,-0.495114,-0.130293,-0.723127,-0.153094,-0.869707,-0.169381,-1.000000,-0.022801,-0.482085,-0.045603,-0.697068,-0.071661,-0.833876,-0.091205,-0.954397,0.071661,-0.433225,0.058632,-0.592834,0.039088,-0.700326,0.019544,-0.798046
F,Right,legacy_bisindo_F_999,0.000000,0.000000,-0.178571,-0.071429,-0.256494,-0.224026,-0.250000,-0.366883,-0.288961,-0.496753,-0.211039,-0.448052,-0.250000,-0.600649,-0.279221,-0.600649,-0.282468,-0.561688,-0.120130,-0.490260,-0.146104,-0.717532,-0.172078,-0.866883,-0.188312,-1.000000,-0.032468,-0.483766,-0.055195,-0.698052,-0.084416,-0.834416,-0.107143,-0.954545,0.064935,-0.438312,0.048701,-0.597403,0.029221,-0.704545,0.006494,-0.805195
F,Right,legacy_bisindo_F_1000,0.000000,0.000000,-0.187500,-0.072368,-0.259868,-0.220395,-0.253289,-0.365132,-0.292763,-0.496711,-0.210526,-0.440789,-0.246711,-0.592105,-0.282895,-0.592105,-0.296053,-0.549342,-0.121711,-0.483553,-0.148026,-0.713816,-0.174342,-0.861842,-0.194079,-1.000000,-0.032895,-0.476974,-0.055921,-0.694079,-0.085526,-0.835526,-0.108553,-0.957237,0.062500,-0.437500,0.049342,-0.595395,0.029605,-0.703947,0.013158,-0.805921
F,Right,legacy_bisindo_F_1001,0.000000,0.000000,-0.177419,-0.074194,-0.251613,-0.225806,-0.245161,-0.374194,-0.280645,-0.506452,-0.203226,-0.451613,-0.241935,-0.600000,-0.270968,-0.600000,-0.280645,-0.558065,-0.116129,-0.490323,-0.135484,-0.719355,-0.158065,-0.867742,-0.174194,-1.000000,-0.025806,-0.480645,-0.045161,-0.696774,-0.070968,-0.835484,-0.090323,-0.954839,0.067742,-0.432258,0.054839,-0.590323,0.038710,-0.700000,0.019355,-0.796774
F,Right,legacy_bisindo_F_1002,0.000000,0.000000,-0.181818,-0.077922,-0.253247,-0.233766,-0.246753,-0.386364,-0.288961,-0.519481,-0.201299,-0.454545,-0.237013,-0.597403,-0.272727,-0.597403,-0.288961,-0.555195,-0.113636,-0.490260,-0.136364,-0.717532,-0.162338,-0.866883,-0.178571,-1.000000,-0.022727,-0.477273,-0.038961,-0.688312,-0.061688,-0.824675,-0.084416,-0.938312,0.071429,-0.428571,0.061688,-0.584416,0.042208,-0.688312,0.022727,-0.785714
F,Right,legacy_bisindo_F_1003,0.000000,0.000000,-0.168831,-0.084416,-0.233766,-0.262987,-0.227273,-0.415584,-0.272727,-0.538961,-0.181818,-0.467532,-0.211039,-0.626623,-0.240260,-0.626623,-0.259740,-0.587662,-0.094156,-0.506494,-0.107143,-0.733766,-0.129870,-0.876623,-0.146104,-1.000000,-0.003247,-0.490260,-0.012987,-0.704545,-0.032468,-0.834416,-0.051948,-0.944805,0.087662,-0.441558,0.087662,-0.600649,0.077922,-0.707792,0.068182,-0.801948
F,Right,legacy_bisindo_F_1004,0.000000,0.000000,-0.168831,-0.084416,-0.233766,-0.259740,-0.237013,-0.409091,-0.282468,-0.532468,-0.181818,-0.474026,-0.211039,-0.629870,-0.246753,-0.626623,-0.262987,-0.587662,-0.094156,-0.509740,-0.113636,-0.733766,-0.139610,-0.876623,-0.155844,-1.000000,-0.006494,-0.496753,-0.022727,-0.711039,-0.042208,-0.844156,-0.058442,-0.954545,0.084416,-0.444805,0.081169,-0.607143,0.071429,-0.714286,0.061688,-0.811688
F,Right,legacy_bisindo_F_1005,0.000000,0.000000,-0.169935,-0.081699,-0.248366,-0.251634,-0.248366,-0.401961,-0.294118,-0.529412,-0.199346,-0.464052,-0.235294,-0.627451,-0.261438,-0.624183,-0.267974,-0.578431,-0.111111,-0.503268,-0.130719,-0.732026,-0.156863,-0.875817,-0.169935,-1.000000,-0.019608,-0.490196,-0.035948,-0.709150,-0.062092,-0.849673,-0.081699,-0.970588,0.075163,-0.437908,0.068627,-0.598039,0.055556,-0.705882,0.039216,-0.807190
F,Right,legacy_bisindo_F_1006,0.000000,0.000000,-0.171717,-0.080808,-0.252525,-0.252525,-0.249158,-0.407407,-0.292929,-0.542088,-0.195286,-0.471380,-0.232323,-0.632997,-0.265993,-0.639731,-0.282828,-0.606061,-0.104377,-0.511785,-0.127946,-0.737374,-0.148148,-0.878788,-0.161616,-1.000000,-0.010101,-0.498316,-0.026936,-0.713805,-0.043771,-0.851852,-0.057239,-0.969697,0.084175,-0.447811,0.070707,-0.609428,0.060606,-0.717172,0.050505,-0.818182
F,Right,legacy_bisindo_F_1007,0.000000,0.000000,-0.171717,-0.084175,-0.255892,-0.259259,-0.259259,-0.410774,-0.309764,-0.542088,-0.195286,-0.468013,-0.235690,-0.629630,-0.272727,-0.636364,-0.292929,-0.606061,-0.107744,-0.508418,-0.134680,-0.734007,-0.161616,-0.875421,-0.175084,-1.000000,-0.020202,-0.494949,-0.037037,-0.713805,-0.057239,-0.848485,-0.070707,-0.969697,0.070707,-0.447811,0.057239,-0.612795,0.043771,-0.723906,0.030303,-0.828283
F,Right,legacy_bisindo_F_1008,0.000000,0.000000,-0.170139,-0.083333,-0.250000,-0.263889,-0.253472,-0.420139,-0.309028,-0.552083,-0.190972,-0.475694,-0.229167,-0.642361,-0.270833,-0.649306,-0.291667,-0.611111,-0.104167,-0.513889,-0.128472,-0.739583,-0.152778,-0.881944,-0.170139,-1.000000,-0.013889,-0.500000,-0.027778,-0.718750,-0.045139,-0.850694,-0.059028,-0.968750,0.076389,-0.447917,0.059028,-0.614583,0.045139,-0.722222,0.027778,-0.822917
F,Right,legacy_bisindo_F_1009,0.000000,0.000000,-0.168966,-0.082759,-0.248276,-0.258621,-0.258621,-0.410345,-0.313793,-0.541379,-0.182759,-0.468966,-0.217241,-0.634483,-0.258621,-0.634483,-0.279310,-0.596552,-0.100000,-0.503448,-0.124138,-0.731034,-0.151724,-0.875862,-0.165517,-1.000000,-0.017241,-0.482759,-0.027586,-0.703448,-0.044828,-0.837931,-0.058621,-0.958621,0.072414,-0.431034,0.058621,-0.596552,0.044828,-0.706897,0.031034,-0.806897
F,Right,legacy_bisindo_F_1010,0.000000,0.000000,-0.170213,-0.081560,-0.255319,-0.273050,-0.269504,-0.429078,-0.333333,-0.556738,-0.205674,-0.471631,-0.244681,-0.627660,-0.280142,-0.631206,-0.304965,-0.602837,-0.120567,-0.510638,-0.152482,-0.734043,-0.177305,-0.875887,-0.195035,-1.000000,-0.028369,-0.492908,-0.046099,-0.712766,-0.067376,-0.843972,-0.081560,-0.964539,0.063830,-0.439716,0.049645,-0.606383,0.035461,-0.716312,0.024823,-0.822695
F,Right,legacy_bisindo_F_1011,0.000000,0.000000,-0.173145,-0.077739,-0.261484,-0.257951,-0.275618,-0.413428,-0.335689,-0.547703,-0.212014,-0.466431,-0.254417,-0.636042,-0.286219,-0.639576,-0.300353,-0.604240,-0.130742,-0.505300,-0.162544,-0.731449,-0.190813,-0.876325,-0.204947,-1.000000,-0.038869,-0.487633,-0.060071,-0.706714,-0.077739,-0.840989,-0.091873,-0.957597,0.049470,-0.438163,0.035336,-0.600707,0.021201,-0.710247,0.007067,-0.812721
F,Right,legacy_bisindo_F_1012,0.000000,0.000000,-0.180000,-0.040000,-0.272000,-0.232000,-0.308000,-0.392000,-0.392000,-0.524000,-0.208000,-0.452000,-0.268000,-0.620000,-0.304000,-0.616000,-0.316000,-0.564000,-0.120000,-0.488000,-0.172000,-0.720000,-0.212000,-0.872000,-0.236000,-1.000000,-0.024000,-0.476000,-0.060000,-0.700000,-0.088000,-0.856000,-0.108000,-0.984000,0.076000,-0.424000,0.052000,-0.600000,0.028000,-0.720000,0.016000,-0.828000
F,Right,legacy_bisindo_F_1013,0.000000,0.000000,-0.182143,-0.075000,-0.278571,-0.260714,-0.303571,-0.414286,-0.371429,-0.542857,-0.235714,-0.464286,-0.289286,-0.625000,-0.328571,-0.617857,-0.346429,-0.575000,-0.153571,-0.503571,-0.200000,-0.728571,-0.239286,-0.875000,-0.264286,-1.000000,-0.064286,-0.489286,-0.096429,-0.707143,-0.121429,-0.842857,-0.142857,-0.964286,0.028571,-0.439286,0.003571,-0.600000,-0.017857,-0.710714,-0.039286,-0.814286
F,Right,legacy_bisindo_F_1014,0.000000,0.000000,-0.186131,-0.072993,-0.288321,-0.255474,-0.317518,-0.412409,-0.390511,-0.540146,-0.251825,-0.463504,-0.313869,-0.624088,-0.343066,-0.605839,-0.354015,-0.554745,-0.171533,-0.507299,-0.222628,-0.729927,-0.266423,-0.872263,-0.291971,-1.000000,-0.080292,-0.492701,-0.116788,-0.711679,-0.145985,-0.846715,-0.167883,-0.967153,0.018248,-0.441606,-0.014599,-0.609489,-0.040146,-0.718978,-0.062044,-0.824818
F,Right,legacy_bisindo_F_1015,0.000000,0.000000,-0.185874,-0.081784,-0.286245,-0.267658,-0.319703,-0.423792,-0.394052,-0.550186,-0.249071,-0.472119,-0.304833,-0.631970,-0.338290,-0.609665,-0.345725,-0.553903,-0.171004,-0.513011,-0.219331,-0.736059,-0.263941,-0.877323,-0.289963,-1.000000,-0.081784,-0.498141,-0.115242,-0.721190,-0.144981,-0.858736,-0.167286,-0.973978,0.011152,-0.449814,-0.014870,-0.613383,-0.033457,-0.724907,-0.052045,-0.825279
F,Right,legacy_bisindo_F_1016,0.000000,0.000000,-0.185874,-0.078067,-0.286245,-0.267658,-0.319703,-0.423792,-0.397770,-0.542751,-0.252788,-0.464684,-0.315985,-0.624535,-0.349442,-0.613383,-0.360595,-0.565056,-0.171004,-0.505576,-0.223048,-0.728625,-0.263941,-0.873606,-0.289963,-1.000000,-0.081784,-0.490706,-0.115242,-0.713755,-0.144981,-0.851301,-0.163569,-0.966543,0.014870,-0.438662,-0.014870,-0.605948,-0.033457,-0.721190,-0.052045,-0.825279
F,Right,legacy_bisindo_F_1017,0.000000,0.000000,-0.185654,-0.037975,-0.282700,-0.223629,-0.312236,-0.383966,-0.392405,-0.518987,-0.215190,-0.451477,-0.265823,-0.616034,-0.291139,-0.616034,-0.295359,-0.569620,-0.122363,-0.489451,-0.181435,-0.717300,-0.219409,-0.869198,-0.257384,-1.000000,-0.029536,-0.472574,-0.071730,-0.700422,-0.109705,-0.864979,-0.135021,-1.000000,0.067511,-0.426160,0.042194,-0.603376,0.016878,-0.725738,-0.004219,-0.839662
F,Right,legacy_bisindo_F_1018,0.000000,0.000000,-0.179104,-0.078358,-0.283582,-0.261194,-0.313433,-0.421642,-0.388060,-0.548507,-0.246269,-0.466418,-0.302239,-0.630597,-0.324627,-0.615672,-0.328358,-0.567164,-0.167910,-0.503731,-0.216418,-0.731343,-0.257463,-0.873134,-0.283582,-1.000000,-0.078358,-0.488806,-0.108209,-0.712687,-0.138060,-0.847015,-0.160448,-0.966418,0.018657,-0.440299,-0.007463,-0.608209,-0.026119,-0.720149,-0.041045,-0.824627
F,Right,legacy_bisindo_F_1019,0.000000,0.000000,-0.188679,-0.075472,-0.290566,-0.260377,-0.316981,-0.418868,-0.388679,-0.547170,-0.245283,-0.467925,-0.294340,-0.637736,-0.332075,-0.626415,-0.347170,-0.577358,-0.166038,-0.509434,-0.215094,-0.732075,-0.256604,-0.875472,-0.283019,-1.000000,-0.075472,-0.494340,-0.109434,-0.713208,-0.135849,-0.849057,-0.158491,-0.969811,0.018868,-0.445283,-0.007547,-0.611321,-0.030189,-0.720755,-0.049057,-0.830189
F,Right,legacy_bisindo_F_1020,0.000000,0.000000,-0.173160,-0.038961,-0.268398,-0.220779,-0.294372,-0.380952,-0.354978,-0.515152,-0.203463,-0.458874,-0.255411,-0.627706,-0.294372,-0.619048,-0.311688,-0.571429,-0.108225,-0.497835,-0.155844,-0.722944,-0.194805,-0.874459,-0.220779,-1.000000,-0.012987,-0.484848,-0.047619,-0.705628,-0.082251,-0.865801,-0.103896,-1.000000,0.086580,-0.428571,0.073593,-0.601732,0.047619,-0.727273,0.030303,-0.839827
F,Right,legacy_bisindo_F_1021,0.000000,0.000000,-0.182510,-0.076046,-0.281369,-0.266160,-0.307985,-0.422053,-0.380228,-0.551331,-0.235741,-0.471483,-0.288973,-0.634981,-0.319392,-0.619772,-0.334601,-0.570342,-0.159696,-0.509506,-0.201521,-0.730038,-0.235741,-0.874525,-0.258555,-1.000000,-0.068441,-0.490494,-0.095057,-0.714829,-0.117871,-0.847909,-0.136882,-0.969582,0.026616,-0.441065,0.003802,-0.608365,-0.011407,-0.718631,-0.022814,-0.825095
F,Right,legacy_bisindo_F_1022,0.000000,0.000000,-0.182510,-0.076046,-0.281369,-0.258555,-0.307985,-0.418251,-0.376426,-0.547529,-0.239544,-0.463878,-0.292776,-0.627376,-0.326996,-0.612167,-0.338403,-0.562738,-0.159696,-0.501901,-0.201521,-0.730038,-0.239544,-0.874525,-0.258555,-1.000000,-0.068441,-0.490494,-0.098859,-0.711027,-0.121673,-0.847909,-0.140684,-0.969582,0.022814,-0.441065,0.003802,-0.604563,-0.011407,-0.714829,-0.026616,-0.821293
F,Right,legacy_bisindo_F_1023,0.000000,0.000000,-0.184615,-0.076923,-0.284615,-0.265385,-0.307692,-0.426923,-0.376923,-0.553846,-0.238462,-0.469231,-0.292308,-0.634615,-0.326923,-0.615385,-0.338462,-0.561538,-0.157692,-0.507692,-0.200000,-0.730769,-0.238462,-0.873077,-0.261538,-1.000000,-0.069231,-0.492308,-0.096154,-0.711538,-0.123077,-0.846154,-0.142308,-0.969231,0.023077,-0.442308,0.003846,-0.603846,-0.015385,-0.715385,-0.030769,-0.819231
F,Right,legacy_bisindo_2hand_F_0,0.000000,0.000000,0.430051,-0.256375,0.880278,-0.208470,1.234657,-0.034860,1.425714,0.110930,0.996963,-0.569562,1.511593,-0.738987,1.861520,-0.815753,2.151900,-0.862427,0.902222,-0.431271,1.546390,-0.337873,1.977524,-0.248420,2.285585,-0.174824,0.751715,-0.204978,1.242180,0.178562,1.106049,0.209835,0.950500,0.138406,0.608177,0.069909,0.998388,0.339897,0.891503,0.336724,0.766582,0.228452,0.000000,0.000000,0.000000,0.000000,0.000000,0.000000,0.000000,0.000000,0.000000,0.000000,0.000000,0.000000,0.000000,0.000000,0.000000,0.000000,0.000000,0.000000,0.000000,0.000000,0.000000,0.000000,0.000000,0.000000,0.000000,0.000000,0.000000,0.000000,0.000000,0.000000,0.000000,0.000000,0.000000,0.000000,0.000000,0.000000,0.000000,0.000000,0.000000,0.000000,0.000000,0.000000
F,Right,legacy_bisindo_2hand_F_1,0.000000,0.000000,0.402425,-0.322741,0.853455,-0.338530,1.204678,-0.259273,1.434815,-0.147264,0.921062,-0.713778,1.402528,-0.937420,1.708445,-1.067347,1.972046,-1.160542,0.834233,-0.551413,1.465749,-0.520841,1.887504,-0.479778,2.185063,-0.447259,0.710212,-0.311870,1.243303,0.039211,1.112122,0.107070,0.957918,0.075409,0.602172,-0.014227,1.038793,0.228134,0.924388,0.241074,0.775863,0.161582,0.000000,0.000000,0.000000,0.000000,0.000000,0.000000,0.000000,0.000000,0.000000,0.000000,0.000000,0.000000,0.000000,0.000000,0.000000,0.000000,0.000000,0.000000,0.000000,0.000000,0.000000,0.000000,0.000000,0.000000,0.000000,0.000000,0.000000,0.000000,0.000000,0.000000,0.000000,0.000000,0.000000,0.000000,0.000000,0.000000,0.000000,0.000000,0.000000,0.000000,0.000000,0.000000
F,Right,legacy_bisindo_2hand_F_2,0.000000,0.000000,-0.330240,-0.347481,-0.785549,-0.405540,-1.200245,-0.251136,-1.486997,-0.080558,-0.987846,-0.598284,-1.580240,-0.758616,-1.925302,-0.805626,-2.203776,-0.837593,-0.867548,-0.497353,-1.534820,-0.334916,-1.910264,-0.246552,-2.185538,-0.194192,-0.742109,-0.296019,-1.291881,0.098593,-1.236583,0.199143,-1.093318,0.165396,-0.641073,-0.061473,-1.038295,0.215869,-0.952255,0.247728,-0.777994,0.166992,0.000000,0.000000,0.000000,0.000000,0.000000,0.000000,0.000000,0.000000,0.000000,0.000000,0.000000,0.000000,0.000000,0.000000,0.000000,0.000000,0.000000,0.000000,0.000000,0.000000,0.000000,0.000000,0.000000,0.000000,0.000000,0.000000,0.000000,0.000000,0.000000,0.000000,0.000000,0.000000,0.000000,0.000000,0.000000,0.000000,0.000000,0.000000,0.000000,0.000000,0.000000,0.000000
F,Right,legacy_bisindo_2hand_F_3,0.000000,0.000000,-0.330240,-0.347481,-0.785549,-0.405540,-1.200245,-0.251136,-1.486997,-0.080558,-0.987846,-0.598284,-1.580240,-0.758616,-1.925302,-0.805626,-2.203776,-0.837593,-0.867548,-0.497353,-1.534820,-0.334916,-1.910264,-0.246552,-2.185538,-0.194192,-0.742109,-0.296019,-1.291881,0.098593,-1.236583,0.199143,-1.093318,0.165396,-0.641073,-0.061473,-1.038295,0.215869,-0.952255,0.247728,-0.777994,0.166992,0.000000,0.000000,0.000000,0.000000,0.000000,0.000000,0.000000,0.000000,0.000000,0.000000,0.000000,0.000000,0.000000,0.000000,0.000000,0.000000,0.000000,0.000000,0.000000,0.000000,0.000000,0.000000,0.000000,0.000000,0.000000,0.000000,0.000000,0.000000,0.000000,0.000000,0.000000,0.000000,0.000000,0.000000,0.000000,0.000000,0.000000,0.000000,0.000000,0.000000,0.000000,0.000000
F,Right,legacy_bisindo_2hand_F_4,0.000000,0.000000,0.311729,-0.417206,0.760077,-0.540527,1.141289,-0.542010,1.389155,-0.502146,0.749184,-0.907378,1.172547,-1.248431,1.448386,-1.460679,1.686134,-1.621988,0.697359,-0.716722,1.313509,-0.806325,1.727626,-0.870744,2.019864,-0.936462,0.631980,-0.435721,1.257616,-0.205839,1.142329,-0.121203,0.979792,-0.136898,0.598917,-0.109423,1.093552,0.026086,0.979724,0.051239,0.816486,-0.003103,0.000000,0.000000,0.000000,0.000000,0.000000,0.000000,0.000000,0.000000,0.000000,0.000000,0.000000,0.000000,0.000000,0.000000,0.000000,0.000000,0.000000,0.000000,0.000000,0.000000,0.000000,0.000000,0.000000,0.000000,0.000000,0.000000,0.000000,0.000000,0.000000,0.000000,0.000000,0.000000,0.000000,0.000000,0.000000,0.000000,0.000000,0.000000,0.000000,0.000000,0.000000,0.000000
F,Right,legacy_bisindo_2hand_F_5,0.000000,0.000000,0.397237,-0.345131,0.854305,-0.355478,1.198231,-0.256097,1.416276,-0.131042,0.902280,-0.759060,1.407980,-1.003872,1.734938,-1.149953,2.011072,-1.256112,0.817453,-0.575995,1.448824,-0.550752,1.880008,-0.533879,2.183294,-0.540078,0.698317,-0.312305,1.280045,0.023739,1.141599,0.093188,0.982768,0.055984,0.604286,0.000611,1.074805,0.225554,0.951287,0.235779,0.792800,0.160890,0.000000,0.000000,0.000000,0.000000,0.000000,0.000000,0.000000,0.000000,0.000000,0.000000,0.000000,0.000000,0.000000,0.000000,0.000000,0.000000,0.000000,0.000000,0.000000,0.000000,0.000000,0.000000,0.000000,0.000000,0.000000,0.000000,0.000000,0.000000,0.000000,0.000000,0.000000,0.000000,0.000000,0.000000,0.000000,0.000000,0.000000,0.000000,0.000000,0.000000,0.000000,0.000000
F,Right,legacy_bisindo_2hand_F_6,0.000000,0.000000,0.497985,-0.087459,0.910544,0.036376,1.185781,0.224600,1.345505,0.366081,1.122208,-0.227503,1.621949,-0.234629,1.949657,-0.225602,2.227265,-0.205969,0.991060,-0.133421,1.550004,0.115077,1.924403,0.311030,2.192610,0.464548,0.818578,0.016190,1.155067,0.515484,1.015975,0.489896,0.892934,0.390655,0.656596,0.223819,0.901714,0.560099,0.788183,0.514624,0.712066,0.411037,0.000000,0.000000,0.000000,0.000000,0.000000,0.000000,0.000000,0.000000,0.000000,0.000000,0.000000,0.000000,0.000000,0.000000,0.000000,0.000000,0.000000,0.000000,0.000000,0.000000,0.000000,0.000000,0.000000,0.000000,0.000000,0.000000,0.000000,0.000000,0.000000,0.000000,0.000000,0.000000,0.000000,0.000000,0.000000,0.000000,0.000000,0.000000,0.000000,0.000000,0.000000,0.000000
F,Right,legacy_bisindo_2hand_F_7,0.000000,0.000000,-0.330240,-0.347481,-0.785549,-0.405540,-1.200245,-0.251136,-1.486997,-0.080558,-0.987846,-0.598284,-1.580240,-0.758616,-1.925302,-0.805626,-2.203776,-0.837593,-0.867548,-0.497353,-1.534820,-0.334916,-1.910264,-0.246552,-2.185538,-0.194192,-0.742109,-0.296019,-1.291881,0.098593,-1.236583,0.199143,-1.093318,0.165396,-0.641073,-0.061473,-1.038295,0.215869,-0.952255,0.247728,-0.777994,0.166992,0.000000,0.000000,0.000000,0.000000,0.000000,0.000000,0.000000,0.000000,0.000000,0.000000,0.000000,0.000000,0.000000,0.000000,0.000000,0.000000,0.000000,0.000000,0.000000,0.000000,0.000000,0.000000,0.000000,0.000000,0.000000,0.000000,0.000000,0.000000,0.000000,0.000000,0.000000,0.000000,0.000000,0.000000,0.000000,0.000000,0.000000,0.000000,0.000000,0.000000,0.000000,0.000000
F,Right,legacy_bisindo_2hand_F_8,0.000000,0.000000,-0.330240,-0.347481,-0.785549,-0.405540,-1.200245,-0.251136,-1.486997,-0.080558,-0.987846,-0.598284,-1.580240,-0.758616,-1.925302,-0.805626,-2.203776,-0.837593,-0.867548,-0.497353,-1.534820,-0.334916,-1.910264,-0.246552,-2.185538,-0.194192,-0.742109,-0.296019,-1.291881,0.098593,-1.236583,0.199143,-1.093318,0.165396,-0.641073,-0.061473,-1.038295,0.215869,-0.952255,0.247728,-0.777994,0.166992,0.000000,0.000000,0.000000,0.000000,0.000000,0.000000,0.000000,0.000000,0.000000,0.000000,0.000000,0.000000,0.000000,0.000000,0.000000,0.000000,0.000000,0.000000,0.000000,0.000000,0.000000,0.000000,0.000000,0.000000,0.000000,0.000000,0.000000,0.000000,0.000000,0.000000,0.000000,0.000000,0.000000,0.000000,0.000000,0.000000,0.000000,0.000000,0.000000,0.000000,0.000000,0.000000
F,Right,legacy_bisindo_2hand_F_9,0.000000,0.000000,0.476695,-0.218990,0.923248,-0.155740,1.257270,0.017411,1.441682,0.162996,1.028729,-0.520868,1.531743,-0.685110,1.877454,-0.750757,2.170026,-0.784212,0.920654,-0.390380,1.555692,-0.286630,1.985652,-0.176972,2.296801,-0.086825,0.759239,-0.179744,1.233379,0.204817,1.093441,0.239584,0.936675,0.171371,0.611805,0.084035,0.989229,0.357688,0.876693,0.352964,0.751508,0.241463,0.000000,0.000000,0.000000,0.000000,0.000000,0.000000,0.000000,0.000000,0.000000,0.000000,0.000000,0.000000,0.000000,0.000000,0.000000,0.000000,0.000000,0.000000,0.000000,0.000000,0.000000,0.000000,0.000000,0.000000,0.000000,0.000000,0.000000,0.000000,0.000000,0.000000,0.000000,0.000000,0.000000,0.000000,0.000000,0.000000,0.000000,0.000000,0.000000,0.000000,0.000000,0.000000
F,Right,legacy_bisindo_2hand_F_10,0.000000,0.000000,0.303437,-0.420281,0.738688,-0.549984,1.109455,-0.559466,1.359803,-0.514665,0.745092,-0.910772,1.170556,-1.251344,1.451370,-1.458101,1.690737,-1.616893,0.697150,-0.716926,1.317685,-0.811282,1.737506,-0.864710,2.030729,-0.926497,0.632472,-0.436111,1.265634,-0.215647,1.163633,-0.110844,1.007812,-0.115841,0.598025,-0.111589,1.096692,0.024750,0.989068,0.055281,0.828652,-0.000766,0.000000,0.000000,0.000000,0.000000,0.000000,0.000000,0.000000,0.000000,0.000000,0.000000,0.000000,0.000000,0.000000,0.000000,0.000000,0.000000,0.000000,0.000000,0.000000,0.000000,0.000000,0.000000,0.000000,0.000000,0.000000,0.000000,0.000000,0.000000,0.000000,0.000000,0.000000,0.000000,0.000000,0.000000,0.000000,0.000000,0.000000,0.000000,0.000000,0.000000,0.000000,0.000000
F,Right,legacy_bisindo_2hand_F_11,0.000000,0.000000,-0.330240,-0.347481,-0.785549,-0.405540,-1.200245,-0.251136,-1.486997,-0.080558,-0.987846,-0.598284,-1.580240,-0.758616,-1.925302,-0.805626,-2.203776,-0.837593,-0.867548,-0.497353,-1.534820,-0.334916,-1.910264,-0.246552,-2.185538,-0.194192,-0.742109,-0.296019,-1.291881,0.098593,-1.236583,0.199143,-1.093318,0.165396,-0.641073,-0.061473,-1.038295,0.215869,-0.952255,0.247728,-0.777994,0.166992,0.000000,0.000000,0.000000,0.000000,0.000000,0.000000,0.000000,0.000000,0.000000,0.000000,0.000000,0.000000,0.000000,0.000000,0.000000,0.000000,0.000000,0.000000,0.000000,0.000000,0.000000,0.000000,0.000000,0.000000,0.000000,0.000000,0.000000,0.000000,0.000000,0.000000,0.000000,0.000000,0.000000,0.000000,0.000000,0.000000,0.000000,0.000000,0.000000,0.000000,0.000000,0.000000
F,Right,legacy_bisindo_2hand_F_12,0.000000,0.000000,0.462931,-0.198618,0.918447,-0.118252,1.264171,0.085497,1.437067,0.248509,1.060058,-0.450923,1.568300,-0.566879,1.918754,-0.610937,2.212621,-0.634435,0.943540,-0.331260,1.565469,-0.165540,1.990858,-0.023454,2.302616,0.082243,0.772179,-0.136374,1.224330,0.295643,1.085777,0.326547,0.940789,0.244484,0.614038,0.109583,0.968046,0.433095,0.860346,0.416126,0.749884,0.288022,0.000000,0.000000,0.000000,0.000000,0.000000,0.000000,0.000000,0.000000,0.000000,0.000000,0.000000,0.000000,0.000000,0.000000,0.000000,0.000000,0.000000,0.000000,0.000000,0.000000,0.000000,0.000000,0.000000,0.000000,0.000000,0.000000,0.000000,0.000000,0.000000,0.000000,0.000000,0.000000,0.000000,0.000000,0.000000,0.000000,0.000000,0.000000,0.000000,0.000000,0.000000,0.000000
F,Right,legacy_bisindo_2hand_F_13,0.000000,0.000000,0.470776,-0.074134,0.896815,0.067939,1.164883,0.299761,1.307398,0.498096,1.119692,-0.137277,1.616043,-0.106205,1.942899,-0.069301,2.218352,-0.028819,0.998094,-0.061717,1.540512,0.241473,1.881321,0.458500,2.143933,0.625431,0.817149,0.074867,1.116548,0.605932,0.986196,0.591203,0.874247,0.485924,0.623193,0.260189,0.854380,0.646319,0.756915,0.591985,0.686967,0.478003,0.000000,0.000000,0.000000,0.000000,0.000000,0.000000,0.000000,0.000000,0.000000,0.000000,0.000000,0.000000,0.000000,0.000000,0.000000,0.000000,0.000000,0.000000,0.000000,0.000000,0.000000,0.000000,0.000000,0.000000,0.000000,0.000000,0.000000,0.000000,0.000000,0.000000,0.000000,0.000000,0.000000,0.000000,0.000000,0.000000,0.000000,0.000000,0.000000,0.000000,0.000000,0.000000
F,Right,legacy_bisindo_2hand_F_14,0.000000,0.000000,0.462776,-0.200407,0.927627,-0.109978,1.269611,0.120345,1.429858,0.302233,1.059910,-0.453567,1.570288,-0.563462,1.923849,-0.608514,2.219906,-0.633952,0.943521,-0.331313,1.564668,-0.161133,1.992002,-0.018835,2.308722,0.086314,0.772692,-0.134731,1.233496,0.304524,1.088926,0.332292,0.941954,0.245837,0.616216,0.114596,0.972350,0.441750,0.860042,0.422265,0.749604,0.294065,0.000000,0.000000,0.000000,0.000000,0.000000,0.000000,0.000000,0.000000,0.000000,0.000000,0.000000,0.000000,0.000000,0.000000,0.000000,0.000000,0.000000,0.000000,0.000000,0.000000,0.000000,0.000000,0.000000,0.000000,0.000000,0.000000,0.000000,0.000000,0.000000,0.000000,0.000000,0.000000,0.000000,0.000000,0.000000,0.000000,0.000000,0.000000,0.000000,0.000000,0.000000,0.000000
F,Right,legacy_bisindo_2hand_F_15,0.000000,0.000000,-0.330240,-0.347481,-0.785549,-0.405540,-1.200245,-0.251136,-1.486997,-0.080558,-0.987846,-0.598284,-1.580240,-0.758616,-1.925302,-0.805626,-2.203776,-0.837593,-0.867548,-0.497353,-1.534820,-0.334916,-1.910264,-0.246552,-2.185538,-0.194192,-0.742109,-0.296019,-1.291881,0.098593,-1.236583,0.199143,-1.093318,0.165396,-0.641073,-0.061473,-1.038295,0.215869,-0.952255,0.247728,-0.777994,0.166992,0.000000,0.000000,0.000000,0.000000,0.000000,0.000000,0.000000,0.000000,0.000000,0.000000,0.000000,0.000000,0.000000,0.000000,0.000000,0.000000,0.000000,0.000000,0.000000,0.000000,0.000000,0.000000,0.000000,0.000000,0.000000,0.000000,0.000000,0.000000,0.000000,0.000000,0.000000,0.000000,0.000000,0.000000,0.000000,0.000000,0.000000,0.000000,0.000000,0.000000,0.000000,0.000000
F,Right,legacy_bisindo_2hand_F_16,0.000000,0.000000,0.483947,-0.135506,0.922526,0.012726,1.201962,0.282042,1.306522,0.485881,1.097040,-0.309120,1.620394,-0.336495,1.956885,-0.330313,2.236009,-0.314093,0.979658,-0.200676,1.566662,0.031260,1.951319,0.219949,2.225805,0.361578,0.806445,-0.032761,1.193961,0.466151,1.052251,0.481464,0.927977,0.391216,0.633595,0.192315,0.938097,0.542349,0.824486,0.509965,0.733688,0.385547,0.000000,0.000000,0.000000,0.000000,0.000000,0.000000,0.000000,0.000000,0.000000,0.000000,0.000000,0.000000,0.000000,0.000000,0.000000,0.000000,0.000000,0.000000,0.000000,0.000000,0.000000,0.000000,0.000000,0.000000,0.000000,0.000000,0.000000,0.000000,0.000000,0.000000,0.000000,0.000000,0.000000,0.000000,0.000000,0.000000,0.000000,0.000000,0.000000,0.000000,0.000000,0.000000
F,Right,legacy_bisindo_2hand_F_17,0.000000,0.000000,-0.330240,-0.347481,-0.785549,-0.405540,-1.200245,-0.251136,-1.486997,-0.080558,-0.987846,-0.598284,-1.580240,-0.758616,-1.925302,-0.805626,-2.203776,-0.837593,-0.867548,-0.497353,-1.534820,-0.334916,-1.910264,-0.246552,-2.185538,-0.194192,-0.742109,-0.296019,-1.291881,0.098593,-1.236583,0.199143,-1.093318,0.165396,-0.641073,-0.061473,-1.038295,0.215869,-0.952255,0.247728,-0.777994,0.166992,0.000000,0.000000,0.000000,0.000000,0.000000,0.000000,0.000000,0.000000,0.000000,0.000000,0.000000,0.000000,0.000000,0.000000,0.000000,0.000000,0.000000,0.000000,0.000000,0.000000,0.000000,0.000000,0.000000,0.000000,0.000000,0.000000,0.000000,0.000000,0.000000,0.000000,0.000000,0.000000,0.000000,0.000000,0.000000,0.000000,0.000000,0.000000,0.000000,0.000000,0.000000,0.000000
F,Right,legacy_bisindo_2hand_F_18,0.000000,0.000000,0.320884,-0.419129,0.759318,-0.547908,1.129092,-0.575345,1.376789,-0.574826,0.758397,-0.908739,1.180785,-1.257013,1.456915,-1.483457,1.688826,-1.654825,0.695164,-0.718852,1.301624,-0.801376,1.717755,-0.872916,2.005825,-0.946562,0.625407,-0.440143,1.261667,-0.211723,1.147718,-0.132612,0.990981,-0.152709,0.595347,-0.118508,1.095384,0.022714,0.977053,0.045956,0.813676,-0.007524,0.000000,0.000000,0.000000,0.000000,0.000000,0.000000,0.000000,0.000000,0.000000,0.000000,0.000000,0.000000,0.000000,0.000000,0.000000,0.000000,0.000000,0.000000,0.000000,0.000000,0.000000,0.000000,0.000000,0.000000,0.000000,0.000000,0.000000,0.000000,0.000000,0.000000,0.000000,0.000000,0.000000,0.000000,0.000000,0.000000,0.000000,0.000000,0.000000,0.000000,0.000000,0.000000
F,Right,legacy_bisindo_2hand_F_19,0.000000,0.000000,-0.330240,-0.347481,-0.785549,-0.405540,-1.200245,-0.251136,-1.486997,-0.080558,-0.987846,-0.598284,-1.580240,-0.758616,-1.925302,-0.805626,-2.203776,-0.837593,-0.867548,-0.497353,-1.534820,-0.334916,-1.910264,-0.246552,-2.185538,-0.194192,-0.742109,-0.296019,-1.291881,0.098593,-1.236583,0.199143,-1.093318,0.165396,-0.641073,-0.061473,-1.038295,0.215869,-0.952255,0.247728,-0.777994,0.166992,0.000000,0.000000,0.000000,0.000000,0.000000,0.000000,0.000000,0.000000,0.000000,0.000000,0.000000,0.000000,0.000000,0.000000,0.000000,0.000000,0.000000,0.000000,0.000000,0.000000,0.000000,0.000000,0.000000,0.000000,0.000000,0.000000,0.000000,0.000000,0.000000,0.000000,0.000000,0.000000,0.000000,0.000000,0.000000,0.000000,0.000000,0.000000,0.000000,0.000000,0.000000,0.000000
F,Right,legacy_bisindo_2hand_F_20,0.000000,0.000000,-0.330240,-0.347481,-0.785549,-0.405540,-1.200245,-0.251136,-1.486997,-0.080558,-0.987846,-0.598284,-1.580240,-0.758616,-1.925302,-0.805626,-2.203776,-0.837593,-0.867548,-0.497353,-1.534820,-0.334916,-1.910264,-0.246552,-2.185538,-0.194192,-0.742109,-0.296019,-1.291881,0.098593,-1.236583,0.199143,-1.093318,0.165396,-0.641073,-0.061473,-1.038295,0.215869,-0.952255,0.247728,-0.777994,0.166992,0.000000,0.000000,0.000000,0.000000,0.000000,0.000000,0.000000,0.000000,0.000000,0.000000,0.000000,0.000000,0.000000,0.000000,0.000000,0.000000,0.000000,0.000000,0.000000,0.000000,0.000000,0.000000,0.000000,0.000000,0.000000,0.000000,0.000000,0.000000,0.000000,0.000000,0.000000,0.000000,0.000000,0.000000,0.000000,0.000000,0.000000,0.000000,0.000000,0.000000,0.000000,0.000000
F,Right,legacy_bisindo_2hand_F_21,0.000000,0.000000,0.320917,-0.422690,0.749650,-0.555149,1.114809,-0.596350,1.362308,-0.603497,0.773018,-0.899604,1.208980,-1.234493,1.490598,-1.451670,1.728630,-1.615242,0.707480,-0.706734,1.321956,-0.777819,1.753909,-0.858917,2.051439,-0.939690,0.634388,-0.428733,1.287082,-0.195684,1.164782,-0.117481,1.003690,-0.137384,0.604580,-0.105845,1.105353,0.048560,0.981554,0.070366,0.816824,0.012680,0.000000,0.000000,0.000000,0.000000,0.000000,0.000000,0.000000,0.000000,0.000000,0.000000,0.000000,0.000000,0.000000,0.000000,0.000000,0.000000,0.000000,0.000000,0.000000,0.000000,0.000000,0.000000,0.000000,0.000000,0.000000,0.000000,0.000000,0.000000,0.000000,0.000000,0.000000,0.000000,0.000000,0.000000,0.000000,0.000000,0.000000,0.000000,0.000000,0.000000,0.000000,0.000000
F,Right,legacy_bisindo_2hand_F_22,0.000000,0.000000,0.471334,-0.078228,0.899803,0.057687,1.180191,0.281349,1.332551,0.462165,1.119502,-0.140790,1.618259,-0.106445,1.944700,-0.065221,2.218160,-0.019705,0.998117,-0.061342,1.540200,0.239071,1.879846,0.456267,2.137052,0.624127,0.818608,0.076705,1.110141,0.598739,0.981173,0.576076,0.871204,0.468590,0.625854,0.261505,0.849722,0.638825,0.752646,0.584104,0.685365,0.471562,0.000000,0.000000,0.000000,0.000000,0.000000,0.000000,0.000000,0.000000,0.000000,0.000000,0.000000,0.000000,0.000000,0.000000,0.000000,0.000000,0.000000,0.000000,0.000000,0.000000,0.000000,0.000000,0.000000,0.000000,0.000000,0.000000,0.000000,0.000000,0.000000,0.000000,0.000000,0.000000,0.000000,0.000000,0.000000,0.000000,0.000000,0.000000,0.000000,0.000000,0.000000,0.000000
F,Right,legacy_bisindo_2hand_F_23,0.000000,0.000000,-0.330240,-0.347481,-0.785549,-0.405540,-1.200245,-0.251136,-1.486997,-0.080558,-0.987846,-0.598284,-1.580240,-0.758616,-1.925302,-0.805626,-2.203776,-0.837593,-0.867548,-0.497353,-1.534820,-0.334916,-1.910264,-0.246552,-2.185538,-0.194192,-0.742109,-0.296019,-1.291881,0.098593,-1.236583,0.199143,-1.093318,0.165396,-0.641073,-0.061473,-1.038295,0.215869,-0.952255,0.247728,-0.777994,0.166992,0.000000,0.000000,0.000000,0.000000,0.000000,0.000000,0.000000,0.000000,0.000000,0.000000,0.000000,0.000000,0.000000,0.000000,0.000000,0.000000,0.000000,0.000000,0.000000,0.000000,0.000000,0.000000,0.000000,0.000000,0.000000,0.000000,0.000000,0.000000,0.000000,0.000000,0.000000,0.000000,0.000000,0.000000,0.000000,0.000000,0.000000,0.000000,0.000000,0.000000,0.000000,0.000000
F,Right,legacy_bisindo_2hand_F_24,0.000000,0.000000,0.479154,-0.103098,0.905288,0.016154,1.192022,0.215944,1.358386,0.375057,1.115323,-0.225624,1.626488,-0.228869,1.956150,-0.213987,2.233563,-0.191665,0.990875,-0.134785,1.556934,0.120704,1.922104,0.318026,2.188891,0.471170,0.821925,0.018672,1.160355,0.526069,1.027448,0.510431,0.906871,0.411807,0.656162,0.224367,0.903289,0.576757,0.799476,0.532538,0.726278,0.425281,0.000000,0.000000,0.000000,0.000000,0.000000,0.000000,0.000000,0.000000,0.000000,0.000000,0.000000,0.000000,0.000000,0.000000,0.000000,0.000000,0.000000,0.000000,0.000000,0.000000,0.000000,0.000000,0.000000,0.000000,0.000000,0.000000,0.000000,0.000000,0.000000,0.000000,0.000000,0.000000,0.000000,0.000000,0.000000,0.000000,0.000000,0.000000,0.000000,0.000000,0.000000,0.000000
F,Right,legacy_bisindo_2hand_F_25,0.000000,0.000000,0.387331,-0.377027,0.831044,-0.439466,1.169631,-0.428847,1.410685,-0.381541,0.845150,-0.827018,1.312089,-1.123253,1.609677,-1.305374,1.861854,-1.442878,0.780666,-0.624949,1.406338,-0.653491,1.826543,-0.692703,2.114563,-0.749591,0.689432,-0.353660,1.289041,-0.083145,1.140163,-0.011171,0.977052,-0.040885,0.622840,-0.037441,1.089540,0.146411,0.953270,0.164481,0.783614,0.102838,0.000000,0.000000,-0.232359,0.001273,-0.440114,-0.148984,-0.389990,-0.382504,-0.247417,-0.628334,-0.636536,-0.805090,-0.846021,-1.258937,-0.867399,-1.469954,-0.867918,-1.647732,-0.409501,-0.912310,-0.287679,-0.989606,-0.208171,-0.610121,-0.212578,-0.472238,-0.177050,-0.910147,0.005071,-0.866448,0.000088,-0.510243,-0.082962,-0.420128,0.033839,-0.856702,0.157470,-0.764728,0.139063,-0.508968,0.056399,-0.454300
F,Right,legacy_bisindo_2hand_F_26,0.000000,0.000000,0.313065,-0.430076,0.769880,-0.533193,1.153361,-0.509897,1.413683,-0.443835,0.768431,-0.904595,1.227347,-1.228808,1.528391,-1.429212,1.783375,-1.576846,0.712900,-0.701266,1.339466,-0.762271,1.772891,-0.827394,2.072327,-0.895047,0.641021,-0.416799,1.283796,-0.178946,1.160528,-0.101910,0.995488,-0.122355,0.603330,-0.093237,1.106559,0.046652,0.985820,0.068119,0.818451,0.011895,0.000000,0.000000,0.000000,0.000000,0.000000,0.000000,0.000000,0.000000,0.000000,0.000000,0.000000,0.000000,0.000000,0.000000,0.000000,0.000000,0.000000,0.000000,0.000000,0.000000,0.000000,0.000000,0.000000,0.000000,0.000000,0.000000,0.000000,0.000000,0.000000,0.000000,0.000000,0.000000,0.000000,0.000000,0.000000,0.000000,0.000000,0.000000,0.000000,0.000000,0.000000,0.000000
F,Right,legacy_bisindo_2hand_F_27,0.000000,0.000000,-0.330240,-0.347481,-0.785549,-0.405540,-1.200245,-0.251136,-1.486997,-0.080558,-0.987846,-0.598284,-1.580240,-0.758616,-1.925302,-0.805626,-2.203776,-0.837593,-0.867548,-0.497353,-1.534820,-0.334916,-1.910264,-0.246552,-2.185538,-0.194192,-0.742109,-0.296019,-1.291881,0.098593,-1.236583,0.199143,-1.093318,0.165396,-0.641073,-0.061473,-1.038295,0.215869,-0.952255,0.247728,-0.777994,0.166992,0.000000,0.000000,0.000000,0.000000,0.000000,0.000000,0.000000,0.000000,0.000000,0.000000,0.000000,0.000000,0.000000,0.000000,0.000000,0.000000,0.000000,0.000000,0.000000,0.000000,0.000000,0.000000,0.000000,0.000000,0.000000,0.000000,0.000000,0.000000,0.000000,0.000000,0.000000,0.000000,0.000000,0.000000,0.000000,0.000000,0.000000,0.000000,0.000000,0.000000,0.000000,0.000000
F,Right,legacy_bisindo_2hand_F_28,0.000000,0.000000,0.455181,-0.197862,0.916111,-0.108045,1.249167,0.117795,1.387445,0.299616,1.061990,-0.428786,1.570305,-0.501243,1.907468,-0.523805,2.193759,-0.534592,0.951015,-0.309145,1.557538,-0.121338,1.954702,0.027886,2.252265,0.136829,0.786518,-0.123317,1.226763,0.332323,1.074321,0.356180,0.931350,0.271659,0.626151,0.117940,0.969328,0.458569,0.853724,0.424786,0.743730,0.294718,0.000000,0.000000,0.000000,0.000000,0.000000,0.000000,0.000000,0.000000,0.000000,0.000000,0.000000,0.000000,0.000000,0.000000,0.000000,0.000000,0.000000,0.000000,0.000000,0.000000,0.000000,0.000000,0.000000,0.000000,0.000000,0.000000,0.000000,0.000000,0.000000,0.000000,0.000000,0.000000,0.000000,0.000000,0.000000,0.000000,0.000000,0.000000,0.000000,0.000000,0.000000,0.000000
F,Right,legacy_bisindo_2hand_F_29,0.000000,0.000000,0.464824,-0.206240,0.910139,-0.132743,1.241899,0.052959,1.419617,0.204066,1.036194,-0.483362,1.548275,-0.619913,1.895163,-0.672239,2.189060,-0.695441,0.934504,-0.355952,1.557551,-0.221963,1.975835,-0.098315,2.280286,-0.000243,0.773304,-0.153509,1.214962,0.250929,1.072268,0.275880,0.920753,0.198579,0.620119,0.099120,0.967099,0.398025,0.853375,0.386248,0.737312,0.266568,0.000000,0.000000,0.000000,0.000000,0.000000,0.000000,0.000000,0.000000,0.000000,0.000000,0.000000,0.000000,0.000000,0.000000,0.000000,0.000000,0.000000,0.000000,0.000000,0.000000,0.000000,0.000000,0.000000,0.000000,0.000000,0.000000,0.000000,0.000000,0.000000,0.000000,0.000000,0.000000,0.000000,0.000000,0.000000,0.000000,0.000000,0.000000,0.000000,0.000000,0.000000,0.000000
F,Right,legacy_bisindo_2hand_F_30,0.000000,0.000000,0.462755,-0.198981,0.916612,-0.110727,1.246315,0.105547,1.403288,0.274084,1.044487,-0.462166,1.554349,-0.582969,1.902475,-0.629918,2.195785,-0.650967,0.941102,-0.338124,1.554442,-0.187853,1.971079,-0.059486,2.277507,0.042142,0.775667,-0.140181,1.210042,0.280191,1.062294,0.299352,0.914208,0.213889,0.617571,0.107190,0.959276,0.417949,0.843501,0.401621,0.731053,0.277680,0.000000,0.000000,0.000000,0.000000,0.000000,0.000000,0.000000,0.000000,0.000000,0.000000,0.000000,0.000000,0.000000,0.000000,0.000000,0.000000,0.000000,0.000000,0.000000,0.000000,0.000000,0.000000,0.000000,0.000000,0.000000,0.000000,0.000000,0.000000,0.000000,0.000000,0.000000,0.000000,0.000000,0.000000,0.000000,0.000000,0.000000,0.000000,0.000000,0.000000,0.000000,0.000000
F,Right,legacy_bisindo_2hand_F_31,0.000000,0.000000,0.371992,-0.383336,0.827630,-0.431667,1.190932,-0.380185,1.420360,-0.298457,0.864638,-0.817378,1.360626,-1.091293,1.677614,-1.250807,1.950800,-1.371157,0.779670,-0.626191,1.419683,-0.629875,1.862436,-0.645063,2.178195,-0.681252,0.667051,-0.345456,1.292284,-0.025644,1.159476,0.056791,0.997062,0.027316,0.586924,-0.018501,1.092597,0.190108,0.973242,0.207973,0.810171,0.137806,0.000000,0.000000,-0.248630,0.018941,-0.461335,-0.129625,-0.402939,-0.368498,-0.249177,-0.611592,-0.666624,-0.804013,-0.824668,-1.246954,-0.847388,-1.469473,-0.861773,-1.648746,-0.430584,-0.902551,-0.296784,-0.975549,-0.222048,-0.583028,-0.229060,-0.460273,-0.191412,-0.899601,-0.001891,-0.818474,-0.018767,-0.463168,-0.111975,-0.403680,0.025817,-0.839197,0.163952,-0.727301,0.133795,-0.463085,0.037580,-0.425148
F,Right,legacy_bisindo_2hand_F_32,0.000000,0.000000,0.479243,-0.142810,0.933354,0.016669,1.216611,0.311672,1.324015,0.535519,1.092656,-0.315232,1.629831,-0.353390,1.975359,-0.355236,2.260887,-0.344659,0.978363,-0.206898,1.578136,0.010768,1.974642,0.195354,2.256345,0.336867,0.809115,-0.035962,1.206367,0.462895,1.060237,0.464948,0.934582,0.364355,0.640823,0.192815,0.948941,0.544596,0.828333,0.508145,0.738507,0.381855,0.000000,0.000000,0.000000,0.000000,0.000000,0.000000,0.000000,0.000000,0.000000,0.000000,0.000000,0.000000,0.000000,0.000000,0.000000,0.000000,0.000000,0.000000,0.000000,0.000000,0.000000,0.000000,0.000000,0.000000,0.000000,0.000000,0.000000,0.000000,0.000000,0.000000,0.000000,0.000000,0.000000,0.000000,0.000000,0.000000,0.000000,0.000000,0.000000,0.000000,0.000000,0.000000
F,Right,legacy_bisindo_2hand_F_33,0.000000,0.000000,0.491901,-0.003617,0.901230,0.216401,1.120919,0.526463,1.197691,0.746145,1.128958,-0.006854,1.616627,0.081599,1.922427,0.162705,2.180827,0.235209,0.998120,0.061282,1.496673,0.410237,1.805243,0.670817,2.032772,0.865790,0.804851,0.178233,1.036414,0.730609,0.898768,0.708573,0.797319,0.603457,0.589640,0.340896,0.771226,0.734277,0.672526,0.671042,0.611495,0.554951,0.000000,0.000000,0.000000,0.000000,0.000000,0.000000,0.000000,0.000000,0.000000,0.000000,0.000000,0.000000,0.000000,0.000000,0.000000,0.000000,0.000000,0.000000,0.000000,0.000000,0.000000,0.000000,0.000000,0.000000,0.000000,0.000000,0.000000,0.000000,0.000000,0.000000,0.000000,0.000000,0.000000,0.000000,0.000000,0.000000,0.000000,0.000000,0.000000,0.000000,0.000000,0.000000
F,Right,legacy_bisindo_2hand_F_34,0.000000,0.000000,-0.330240,-0.347481,-0.785549,-0.405540,-1.200245,-0.251136,-1.486997,-0.080558,-0.987846,-0.598284,-1.580240,-0.758616,-1.925302,-0.805626,-2.203776,-0.837593,-0.867548,-0.497353,-1.534820,-0.334916,-1.910264,-0.246552,-2.185538,-0.194192,-0.742109,-0.296019,-1.291881,0.098593,-1.236583,0.199143,-1.093318,0.165396,-0.641073,-0.061473,-1.038295,0.215869,-0.952255,0.247728,-0.777994,0.166992,0.000000,0.000000,0.000000,0.000000,0.000000,0.000000,0.000000,0.000000,0.000000,0.000000,0.000000,0.000000,0.000000,0.000000,0.000000,0.000000,0.000000,0.000000,0.000000,0.000000,0.000000,0.000000,0.000000,0.000000,0.000000,0.000000,0.000000,0.000000,0.000000,0.000000,0.000000,0.000000,0.000000,0.000000,0.000000,0.000000,0.000000,0.000000,0.000000,0.000000,0.000000,0.000000
F,Right,legacy_bisindo_2hand_F_35,0.000000,0.000000,0.412256,-0.327082,0.872945,-0.314053,1.227237,-0.184251,1.432939,-0.035320,0.932169,-0.690220,1.450445,-0.904587,1.786354,-1.014783,2.070502,-1.096618,0.849745,-0.527194,1.507886,-0.478670,1.962027,-0.441067,2.290511,-0.415211,0.711616,-0.288118,1.247858,0.095471,1.104064,0.154168,0.948390,0.101149,0.584508,0.009333,1.008956,0.270398,0.888938,0.282466,0.753187,0.185811,0.000000,0.000000,0.000000,0.000000,0.000000,0.000000,0.000000,0.000000,0.000000,0.000000,0.000000,0.000000,0.000000,0.000000,0.000000,0.000000,0.000000,0.000000,0.000000,0.000000,0.000000,0.000000,0.000000,0.000000,0.000000,0.000000,0.000000,0.000000,0.000000,0.000000,0.000000,0.000000,0.000000,0.000000,0.000000,0.000000,0.000000,0.000000,0.000000,0.000000,0.000000,0.000000
F,Right,legacy_bisindo_2hand_F_36,0.000000,0.000000,0.456088,-0.185795,0.916196,-0.083278,1.240834,0.160353,1.360500,0.361439,1.071803,-0.398831,1.578027,-0.461638,1.912139,-0.476978,2.194632,-0.485670,0.959842,-0.280543,1.562306,-0.070226,1.960308,0.089413,2.256884,0.203497,0.788336,-0.100054,1.217936,0.372194,1.066803,0.398473,0.928885,0.311114,0.620132,0.136680,0.954397,0.487963,0.839600,0.457613,0.733826,0.325236,0.000000,0.000000,0.000000,0.000000,0.000000,0.000000,0.000000,0.000000,0.000000,0.000000,0.000000,0.000000,0.000000,0.000000,0.000000,0.000000,0.000000,0.000000,0.000000,0.000000,0.000000,0.000000,0.000000,0.000000,0.000000,0.000000,0.000000,0.000000,0.000000,0.000000,0.000000,0.000000,0.000000,0.000000,0.000000,0.000000,0.000000,0.000000,0.000000,0.000000,0.000000,0.000000
F,Right,legacy_bisindo_2hand_F_37,0.000000,0.000000,0.493971,-0.015977,0.910549,0.199313,1.129915,0.517025,1.195430,0.734152,1.132659,-0.033110,1.626689,0.054198,1.932644,0.132433,2.187675,0.203517,0.999173,0.040671,1.495654,0.370863,1.817661,0.620397,2.047216,0.808635,0.807395,0.162769,1.042040,0.708324,0.907284,0.683131,0.808863,0.577550,0.598818,0.332899,0.783727,0.718000,0.682358,0.659296,0.623588,0.544315,0.000000,0.000000,0.000000,0.000000,0.000000,0.000000,0.000000,0.000000,0.000000,0.000000,0.000000,0.000000,0.000000,0.000000,0.000000,0.000000,0.000000,0.000000,0.000000,0.000000,0.000000,0.000000,0.000000,0.000000,0.000000,0.000000,0.000000,0.000000,0.000000,0.000000,0.000000,0.000000,0.000000,0.000000,0.000000,0.000000,0.000000,0.000000,0.000000,0.000000,0.000000,0.000000
F,Right,legacy_bisindo_2hand_F_38,0.000000,0.000000,0.453291,-0.220317,0.931289,-0.148758,1.279853,0.086203,1.431289,0.280869,1.044586,-0.498242,1.553570,-0.624687,1.904275,-0.674971,2.196347,-0.708057,0.928336,-0.371742,1.562723,-0.220269,1.989706,-0.090895,2.309792,0.003357,0.759843,-0.165230,1.245271,0.259684,1.098527,0.296171,0.946511,0.215660,0.604130,0.095211,0.990051,0.411444,0.878201,0.393482,0.757817,0.267822,0.000000,0.000000,0.000000,0.000000,0.000000,0.000000,0.000000,0.000000,0.000000,0.000000,0.000000,0.000000,0.000000,0.000000,0.000000,0.000000,0.000000,0.000000,0.000000,0.000000,0.000000,0.000000,0.000000,0.000000,0.000000,0.000000,0.000000,0.000000,0.000000,0.000000,0.000000,0.000000,0.000000,0.000000,0.000000,0.000000,0.000000,0.000000,0.000000,0.000000,0.000000,0.000000
F,Right,legacy_bisindo_2hand_F_39,0.000000,0.000000,0.491283,-0.147673,0.927972,-0.017172,1.209845,0.229500,1.315928,0.431019,1.082531,-0.349751,1.577401,-0.388319,1.909782,-0.390866,2.189620,-0.375773,0.971949,-0.235190,1.559234,-0.016786,1.952617,0.162480,2.230395,0.302281,0.801655,-0.064486,1.182871,0.411213,1.037346,0.427525,0.906528,0.342105,0.634169,0.161945,0.929652,0.500156,0.813973,0.469575,0.721193,0.347504,0.000000,0.000000,0.000000,0.000000,0.000000,0.000000,0.000000,0.000000,0.000000,0.000000,0.000000,0.000000,0.000000,0.000000,0.000000,0.000000,0.000000,0.000000,0.000000,0.000000,0.000000,0.000000,0.000000,0.000000,0.000000,0.000000,0.000000,0.000000,0.000000,0.000000,0.000000,0.000000,0.000000,0.000000,0.000000,0.000000,0.000000,0.000000,0.000000,0.000000,0.000000,0.000000
F,Right,legacy_bisindo_2hand_F_40,0.000000,0.000000,0.404141,-0.321358,0.861259,-0.328305,1.218209,-0.238797,1.440697,-0.120516,0.919268,-0.711702,1.417574,-0.935280,1.731773,-1.052428,2.002459,-1.133500,0.835838,-0.548976,1.469541,-0.516643,1.892735,-0.468182,2.198136,-0.430105,0.707361,-0.308848,1.240186,0.048567,1.097360,0.119604,0.941768,0.085040,0.591947,-0.007097,1.026858,0.241693,0.910806,0.253986,0.766371,0.166902,0.000000,0.000000,0.000000,0.000000,0.000000,0.000000,0.000000,0.000000,0.000000,0.000000,0.000000,0.000000,0.000000,0.000000,0.000000,0.000000,0.000000,0.000000,0.000000,0.000000,0.000000,0.000000,0.000000,0.000000,0.000000,0.000000,0.000000,0.000000,0.000000,0.000000,0.000000,0.000000,0.000000,0.000000,0.000000,0.000000,0.000000,0.000000,0.000000,0.000000,0.000000,0.000000
F,Right,legacy_bisindo_2hand_F_41,0.000000,0.000000,0.458025,-0.203794,0.923281,-0.126231,1.263329,0.087659,1.431250,0.267159,1.063401,-0.455991,1.574042,-0.564439,1.924044,-0.603222,2.216172,-0.622085,0.942748,-0.333507,1.565699,-0.153547,1.989367,-0.011312,2.305050,0.096798,0.768609,-0.135409,1.223586,0.306652,1.078615,0.330428,0.928426,0.244571,0.604587,0.113292,0.963089,0.443299,0.853139,0.417503,0.738340,0.285711,0.000000,0.000000,0.000000,0.000000,0.000000,0.000000,0.000000,0.000000,0.000000,0.000000,0.000000,0.000000,0.000000,0.000000,0.000000,0.000000,0.000000,0.000000,0.000000,0.000000,0.000000,0.000000,0.000000,0.000000,0.000000,0.000000,0.000000,0.000000,0.000000,0.000000,0.000000,0.000000,0.000000,0.000000,0.000000,0.000000,0.000000,0.000000,0.000000,0.000000,0.000000,0.000000
F,Right,legacy_bisindo_2hand_F_42,0.000000,0.000000,0.464476,-0.225842,0.920936,-0.166802,1.258864,0.030951,1.425352,0.201639,1.026408,-0.526365,1.523014,-0.665139,1.861596,-0.731343,2.151659,-0.776000,0.919927,-0.392089,1.550600,-0.265272,1.978937,-0.149850,2.295563,-0.065346,0.762559,-0.181833,1.239834,0.220213,1.094016,0.258819,0.941139,0.187891,0.621534,0.080391,0.994507,0.371331,0.875762,0.359721,0.753690,0.241737,0.000000,0.000000,0.000000,0.000000,0.000000,0.000000,0.000000,0.000000,0.000000,0.000000,0.000000,0.000000,0.000000,0.000000,0.000000,0.000000,0.000000,0.000000,0.000000,0.000000,0.000000,0.000000,0.000000,0.000000,0.000000,0.000000,0.000000,0.000000,0.000000,0.000000,0.000000,0.000000,0.000000,0.000000,0.000000,0.000000,0.000000,0.000000,0.000000,0.000000,0.000000,0.000000
F,Right,legacy_bisindo_2hand_F_43,0.000000,0.000000,0.489637,-0.056968,0.910711,0.109259,1.168760,0.373278,1.281834,0.566161,1.124890,-0.120868,1.617337,-0.079235,1.928901,-0.029889,2.192050,0.020525,0.999091,-0.042628,1.523996,0.249313,1.857723,0.472173,2.102154,0.640845,0.817911,0.090630,1.096423,0.618003,0.964118,0.613968,0.856609,0.523476,0.623534,0.270707,0.835654,0.641668,0.733304,0.591781,0.666990,0.484649,0.000000,0.000000,0.000000,0.000000,0.000000,0.000000,0.000000,0.000000,0.000000,0.000000,0.000000,0.000000,0.000000,0.000000,0.000000,0.000000,0.000000,0.000000,0.000000,0.000000,0.000000,0.000000,0.000000,0.000000,0.000000,0.000000,0.000000,0.000000,0.000000,0.000000,0.000000,0.000000,0.000000,0.000000,0.000000,0.000000,0.000000,0.000000,0.000000,0.000000,0.000000,0.000000
F,Right,legacy_bisindo_2hand_F_44,0.000000,0.000000,0.361598,-0.367670,0.808221,-0.425266,1.172798,-0.372177,1.401458,-0.308202,0.872542,-0.788738,1.349028,-1.060417,1.652908,-1.236750,1.905112,-1.367316,0.788751,-0.614713,1.407780,-0.602288,1.837242,-0.608493,2.145748,-0.631586,0.682582,-0.350146,1.282316,-0.010820,1.132816,0.058493,0.975103,0.009388,0.610491,-0.031722,1.083570,0.205759,0.950206,0.220184,0.797154,0.129295,0.000000,0.000000,-0.258405,0.020487,-0.470199,-0.127441,-0.404924,-0.374698,-0.260257,-0.626779,-0.698636,-0.795375,-0.862239,-1.254081,-0.901286,-1.462939,-0.918056,-1.611809,-0.464026,-0.885821,-0.331129,-0.997530,-0.266512,-0.632232,-0.278446,-0.515943,-0.217166,-0.887019,-0.019715,-0.831377,-0.036448,-0.481872,-0.130624,-0.420462,0.007068,-0.835402,0.156680,-0.736040,0.126378,-0.478392,0.026400,-0.440248
F,Right,legacy_bisindo_2hand_F_45,0.000000,0.000000,-0.330240,-0.347481,-0.785549,-0.405540,-1.200245,-0.251136,-1.486997,-0.080558,-0.987846,-0.598284,-1.580240,-0.758616,-1.925302,-0.805626,-2.203776,-0.837593,-0.867548,-0.497353,-1.534820,-0.334916,-1.910264,-0.246552,-2.185538,-0.194192,-0.742109,-0.296019,-1.291881,0.098593,-1.236583,0.199143,-1.093318,0.165396,-0.641073,-0.061473,-1.038295,0.215869,-0.952255,0.247728,-0.777994,0.166992,0.000000,0.000000,0.000000,0.000000,0.000000,0.000000,0.000000,0.000000,0.000000,0.000000,0.000000,0.000000,0.000000,0.000000,0.000000,0.000000,0.000000,0.000000,0.000000,0.000000,0.000000,0.000000,0.000000,0.000000,0.000000,0.000000,0.000000,0.000000,0.000000,0.000000,0.000000,0.000000,0.000000,0.000000,0.000000,0.000000,0.000000,0.000000,0.000000,0.000000,0.000000,0.000000
F,Right,legacy_bisindo_2hand_F_46,0.000000,0.000000,0.595340,-0.174642,1.002425,-0.116797,1.258830,0.024276,1.444933,0.164674,1.125300,-0.487098,1.617843,-0.674451,1.994327,-0.811362,2.319249,-0.913849,0.946221,-0.323521,1.608360,-0.212092,2.094417,-0.120776,2.469864,-0.081265,0.748455,-0.095444,1.268554,0.309879,1.089633,0.325049,0.910123,0.248632,0.598043,0.182935,0.993315,0.457282,0.835682,0.417425,0.686575,0.324379,0.000000,0.000000,0.000000,0.000000,0.000000,0.000000,0.000000,0.000000,0.000000,0.000000,0.000000,0.000000,0.000000,0.000000,0.000000,0.000000,0.000000,0.000000,0.000000,0.000000,0.000000,0.000000,0.000000,0.000000,0.000000,0.000000,0.000000,0.000000,0.000000,0.000000,0.000000,0.000000,0.000000,0.000000,0.000000,0.000000,0.000000,0.000000,0.000000,0.000000,0.000000,0.000000
F,Right,legacy_bisindo_2hand_F_47,0.000000,0.000000,0.461597,-0.358869,0.924436,-0.323128,1.214211,-0.082157,1.326228,0.135814,1.051536,-0.110025,1.605691,-0.165362,1.914290,-0.222236,2.137526,-0.235760,0.974436,0.224667,1.624256,0.308515,2.039750,0.345817,2.333422,0.376208,0.867358,0.477547,1.340162,0.442259,1.301859,0.251470,1.187707,0.134215,0.743420,0.650861,1.100752,0.495098,1.086506,0.322372,0.981927,0.224869,0.000000,0.000000,0.000000,0.000000,0.000000,0.000000,0.000000,0.000000,0.000000,0.000000,0.000000,0.000000,0.000000,0.000000,0.000000,0.000000,0.000000,0.000000,0.000000,0.000000,0.000000,0.000000,0.000000,0.000000,0.000000,0.000000,0.000000,0.000000,0.000000,0.000000,0.000000,0.000000,0.000000,0.000000,0.000000,0.000000,0.000000,0.000000,0.000000,0.000000,0.000000,0.000000
F,Right,legacy_bisindo_2hand_F_48,0.000000,0.000000,0.399178,-0.244180,0.831522,-0.205237,1.154111,-0.044899,1.339272,0.076562,1.036836,-0.113727,1.546644,-0.175260,1.817386,-0.259586,1.985112,-0.286801,0.980278,0.197622,1.618968,0.250127,2.071665,0.291197,2.381119,0.336716,0.870210,0.406914,1.402412,0.380371,1.349843,0.202215,1.203097,0.110239,0.749882,0.524872,1.174007,0.347797,1.198317,0.187797,1.111854,0.125227,0.000000,0.000000,0.000000,0.000000,0.000000,0.000000,0.000000,0.000000,0.000000,0.000000,0.000000,0.000000,0.000000,0.000000,0.000000,0.000000,0.000000,0.000000,0.000000,0.000000,0.000000,0.000000,0.000000,0.000000,0.000000,0.000000,0.000000,0.000000,0.000000,0.000000,0.000000,0.000000,0.000000,0.000000,0.000000,0.000000,0.000000,0.000000,0.000000,0.000000,0.000000,0.000000
F,Right,legacy_bisindo_2hand_F_49,0.000000,0.000000,0.456269,-0.322151,0.886183,-0.297829,1.156578,-0.075524,1.260327,0.133776,1.037349,-0.054279,1.589066,-0.121908,1.898775,-0.168068,2.137033,-0.164354,0.969718,0.244228,1.615558,0.360484,1.983575,0.378455,2.259922,0.398371,0.879433,0.466298,1.336911,0.437167,1.277709,0.251511,1.149768,0.145707,0.770323,0.605781,1.122164,0.470005,1.108802,0.300946,1.012388,0.210223,0.000000,0.000000,0.000000,0.000000,0.000000,0.000000,0.000000,0.000000,0.000000,0.000000,0.000000,0.000000,0.000000,0.000000,0.000000,0.000000,0.000000,0.000000,0.000000,0.000000,0.000000,0.000000,0.000000,0.000000,0.000000,0.000000,0.000000,0.000000,0.000000,0.000000,0.000000,0.000000,0.000000,0.000000,0.000000,0.000000,0.000000,0.000000,0.000000,0.000000,0.000000,0.000000
F,Right,legacy_bisindo_2hand_F_50,0.000000,0.000000,0.455604,-0.324706,0.883170,-0.305826,1.095244,-0.075913,1.131551,0.116826,1.035596,-0.060519,1.577517,-0.108553,1.876668,-0.134372,2.097150,-0.141100,0.969298,0.245888,1.561042,0.333012,1.914178,0.371426,2.159705,0.402740,0.864923,0.471317,1.234695,0.366685,1.115371,0.186727,0.964970,0.090665,0.727224,0.619477,0.968051,0.445746,0.905386,0.298980,0.810294,0.229854,0.000000,0.000000,-0.588617,0.025273,-0.977424,-0.051939,-1.243946,-0.027398,-1.344375,0.027418,-0.933848,-0.686668,-1.107551,-1.005150,-1.240116,-1.180000,-1.328242,-1.308252,-0.746922,-0.664911,-1.193574,-0.243745,-1.089676,-0.018524,-0.934537,-0.003464,-0.556259,-0.501215,-0.938309,0.016567,-0.797200,0.117705,-0.657669,0.034165,-0.388178,-0.280795,-0.661936,0.142529,-0.577723,0.196519,-0.476119,0.079276
F,Right,legacy_bisindo_2hand_F_51,0.000000,0.000000,-0.597222,0.005065,-0.962880,-0.092054,-1.212254,-0.104199,-1.259603,-0.046447,-0.888917,-0.735318,-1.007195,-1.061556,-1.119361,-1.263362,-1.197390,-1.410018,-0.686986,-0.726671,-1.129703,-0.359909,-1.058658,-0.100597,-0.908124,-0.074145,-0.498752,-0.576237,-0.885948,-0.100279,-0.778853,0.033763,-0.642752,-0.045917,-0.337359,-0.373790,-0.629541,0.021633,-0.569979,0.107805,-0.465434,0.014249,0.000000,0.000000,0.443089,-0.259069,0.851431,-0.228218,1.103581,-0.055436,1.172618,0.031713,1.016847,-0.071255,1.547756,-0.131424,1.837088,-0.163596,2.057165,-0.167721,0.973753,0.227606,1.534771,0.302030,1.882846,0.342388,2.129403,0.370945,0.867340,0.443083,1.257168,0.379911,1.143564,0.220114,0.997288,0.129058,0.721613,0.581698,0.945575,0.452883,0.894738,0.315261,0.800943,0.244143
F,Right,legacy_bisindo_2hand_F_52,0.000000,0.000000,0.443305,-0.292573,0.845907,-0.264293,1.038317,-0.054922,1.071831,0.113173,1.011684,-0.048409,1.509386,-0.078164,1.778128,-0.079629,1.980515,-0.070007,0.971343,0.237683,1.484628,0.317742,1.792717,0.351720,2.017774,0.374769,0.875284,0.447048,1.171092,0.340984,1.050314,0.185413,0.906018,0.098807,0.742356,0.581980,0.913301,0.429992,0.846645,0.294490,0.755328,0.227072,0.000000,0.000000,0.000000,0.000000,0.000000,0.000000,0.000000,0.000000,0.000000,0.000000,0.000000,0.000000,0.000000,0.000000,0.000000,0.000000,0.000000,0.000000,0.000000,0.000000,0.000000,0.000000,0.000000,0.000000,0.000000,0.000000,0.000000,0.000000,0.000000,0.000000,0.000000,0.000000,0.000000,0.000000,0.000000,0.000000,0.000000,0.000000,0.000000,0.000000,0.000000,0.000000
F,Right,legacy_bisindo_2hand_F_53,0.000000,0.000000,-0.355710,-0.345845,-0.812835,-0.410475,-1.235741,-0.245352,-1.540825,-0.069782,-1.008370,-0.623293,-1.588007,-0.813764,-1.949678,-0.881381,-2.237959,-0.928444,-0.855936,-0.517082,-1.537620,-0.398119,-1.926008,-0.312189,-2.197385,-0.253337,-0.708714,-0.300023,-1.303256,0.062391,-1.302758,0.173698,-1.173979,0.157142,-0.605330,-0.048704,-1.043709,0.206763,-0.989761,0.238654,-0.822574,0.161188,0.000000,0.000000,0.000000,0.000000,0.000000,0.000000,0.000000,0.000000,0.000000,0.000000,0.000000,0.000000,0.000000,0.000000,0.000000,0.000000,0.000000,0.000000,0.000000,0.000000,0.000000,0.000000,0.000000,0.000000,0.000000,0.000000,0.000000,0.000000,0.000000,0.000000,0.000000,0.000000,0.000000,0.000000,0.000000,0.000000,0.000000,0.000000,0.000000,0.000000,0.000000,0.000000
F,Right,legacy_bisindo_2hand_F_54,0.000000,0.000000,-0.252900,-0.383031,-0.664552,-0.518587,-1.086936,-0.470402,-1.384547,-0.383776,-0.921984,-0.712273,-1.485577,-0.928794,-1.848123,-1.043416,-2.105986,-1.145988,-0.804126,-0.594459,-1.468811,-0.525563,-1.819348,-0.489722,-2.040464,-0.479714,-0.693002,-0.362740,-1.301026,-0.052228,-1.384579,0.082570,-1.327127,0.105970,-0.612093,-0.082626,-1.040682,0.126998,-1.044914,0.180404,-0.953797,0.151538,0.000000,0.000000,0.000000,0.000000,0.000000,0.000000,0.000000,0.000000,0.000000,0.000000,0.000000,0.000000,0.000000,0.000000,0.000000,0.000000,0.000000,0.000000,0.000000,0.000000,0.000000,0.000000,0.000000,0.000000,0.000000,0.000000,0.000000,0.000000,0.000000,0.000000,0.000000,0.000000,0.000000,0.000000,0.000000,0.000000,0.000000,0.000000,0.000000,0.000000,0.000000,0.000000
F,Right,legacy_bisindo_2hand_F_55,0.000000,0.000000,0.468246,-0.218029,0.919536,-0.161427,1.257527,0.017309,1.423205,0.160829,1.021821,-0.522301,1.511460,-0.650722,1.843497,-0.717519,2.130076,-0.763798,0.921996,-0.387199,1.540700,-0.263713,1.961770,-0.155124,2.273309,-0.074000,0.768782,-0.182224,1.224067,0.214907,1.076293,0.246134,0.927634,0.174468,0.630724,0.071761,0.983444,0.358668,0.862680,0.346576,0.745443,0.231048,0.000000,0.000000,0.000000,0.000000,0.000000,0.000000,0.000000,0.000000,0.000000,0.000000,0.000000,0.000000,0.000000,0.000000,0.000000,0.000000,0.000000,0.000000,0.000000,0.000000,0.000000,0.000000,0.000000,0.000000,0.000000,0.000000,0.000000,0.000000,0.000000,0.000000,0.000000,0.000000,0.000000,0.000000,0.000000,0.000000,0.000000,0.000000,0.000000,0.000000,0.000000,0.000000
F,Right,legacy_bisindo_2hand_F_56,0.000000,0.000000,-0.219742,-0.412288,-0.623528,-0.628566,-1.068991,-0.648643,-1.394929,-0.617673,-0.783117,-0.854975,-1.266908,-1.198637,-1.577119,-1.406578,-1.814594,-1.574746,-0.704678,-0.709527,-1.375993,-0.790067,-1.766158,-0.857236,-2.026238,-0.897853,-0.647830,-0.456937,-1.312741,-0.240449,-1.348940,-0.116827,-1.248389,-0.090392,-0.637530,-0.163508,-1.117398,-0.012434,-1.053863,0.041161,-0.896509,0.003466,0.000000,0.000000,0.000000,0.000000,0.000000,0.000000,0.000000,0.000000,0.000000,0.000000,0.000000,0.000000,0.000000,0.000000,0.000000,0.000000,0.000000,0.000000,0.000000,0.000000,0.000000,0.000000,0.000000,0.000000,0.000000,0.000000,0.000000,0.000000,0.000000,0.000000,0.000000,0.000000,0.000000,0.000000,0.000000,0.000000,0.000000,0.000000,0.000000,0.000000,0.000000,0.000000
F,Right,legacy_bisindo_2hand_F_57,0.000000,0.000000,0.468246,-0.218029,0.919536,-0.161427,1.257527,0.017309,1.423205,0.160829,1.021821,-0.522301,1.511460,-0.650722,1.843497,-0.717519,2.130076,-0.763798,0.921996,-0.387199,1.540700,-0.263713,1.961770,-0.155124,2.273309,-0.074000,0.768782,-0.182224,1.224067,0.214907,1.076293,0.246134,0.927634,0.174468,0.630724,0.071761,0.983444,0.358668,0.862680,0.346576,0.745443,0.231048,0.000000,0.000000,0.000000,0.000000,0.000000,0.000000,0.000000,0.000000,0.000000,0.000000,0.000000,0.000000,0.000000,0.000000,0.000000,0.000000,0.000000,0.000000,0.000000,0.000000,0.000000,0.000000,0.000000,0.000000,0.000000,0.000000,0.000000,0.000000,0.000000,0.000000,0.000000,0.000000,0.000000,0.000000,0.000000,0.000000,0.000000,0.000000,0.000000,0.000000,0.000000,0.000000
F,Right,legacy_bisindo_2hand_F_58,0.000000,0.000000,-0.254611,-0.391073,-0.677700,-0.543044,-1.120565,-0.504119,-1.432141,-0.427797,-0.915894,-0.725128,-1.465475,-0.964221,-1.823091,-1.096436,-2.078488,-1.208525,-0.801899,-0.597459,-1.471858,-0.556580,-1.843740,-0.535292,-2.080400,-0.525381,-0.693507,-0.360027,-1.325577,-0.068215,-1.414978,0.060984,-1.359075,0.083409,-0.616471,-0.077211,-1.065655,0.124762,-1.053830,0.178082,-0.944689,0.145427,0.000000,0.000000,0.000000,0.000000,0.000000,0.000000,0.000000,0.000000,0.000000,0.000000,0.000000,0.000000,0.000000,0.000000,0.000000,0.000000,0.000000,0.000000,0.000000,0.000000,0.000000,0.000000,0.000000,0.000000,0.000000,0.000000,0.000000,0.000000,0.000000,0.000000,0.000000,0.000000,0.000000,0.000000,0.000000,0.000000,0.000000,0.000000,0.000000,0.000000,0.000000,0.000000
F,Right,legacy_bisindo_2hand_F_59,0.000000,0.000000,0.468246,-0.218029,0.919536,-0.161427,1.257527,0.017309,1.423205,0.160829,1.021821,-0.522301,1.511460,-0.650722,1.843497,-0.717519,2.130076,-0.763798,0.921996,-0.387199,1.540700,-0.263713,1.961770,-0.155124,2.273309,-0.074000,0.768782,-0.182224,1.224067,0.214907,1.076293,0.246134,0.927634,0.174468,0.630724,0.071761,0.983444,0.358668,0.862680,0.346576,0.745443,0.231048,0.000000,0.000000,0.000000,0.000000,0.000000,0.000000,0.000000,0.000000,0.000000,0.000000,0.000000,0.000000,0.000000,0.000000,0.000000,0.000000,0.000000,0.000000,0.000000,0.000000,0.000000,0.000000,0.000000,0.000000,0.000000,0.000000,0.000000,0.000000,0.000000,0.000000,0.000000,0.000000,0.000000,0.000000,0.000000,0.000000,0.000000,0.000000,0.000000,0.000000,0.000000,0.000000
F,Right,legacy_bisindo_2hand_F_60,0.000000,0.000000,0.468246,-0.218029,0.919536,-0.161427,1.257527,0.017309,1.423205,0.160829,1.021821,-0.522301,1.511460,-0.650722,1.843497,-0.717519,2.130076,-0.763798,0.921996,-0.387199,1.540700,-0.263713,1.961770,-0.155124,2.273309,-0.074000,0.768782,-0.182224,1.224067,0.214907,1.076293,0.246134,0.927634,0.174468,0.630724,0.071761,0.983444,0.358668,0.862680,0.346576,0.745443,0.231048,0.000000,0.000000,0.000000,0.000000,0.000000,0.000000,0.000000,0.000000,0.000000,0.000000,0.000000,0.000000,0.000000,0.000000,0.000000,0.000000,0.000000,0.000000,0.000000,0.000000,0.000000,0.000000,0.000000,0.000000,0.000000,0.000000,0.000000,0.000000,0.000000,0.000000,0.000000,0.000000,0.000000,0.000000,0.000000,0.000000,0.000000,0.000000,0.000000,0.000000,0.000000,0.000000
F,Right,legacy_bisindo_2hand_F_61,0.000000,0.000000,0.468246,-0.218029,0.919536,-0.161427,1.257527,0.017309,1.423205,0.160829,1.021821,-0.522301,1.511460,-0.650722,1.843497,-0.717519,2.130076,-0.763798,0.921996,-0.387199,1.540700,-0.263713,1.961770,-0.155124,2.273309,-0.074000,0.768782,-0.182224,1.224067,0.214907,1.076293,0.246134,0.927634,0.174468,0.630724,0.071761,0.983444,0.358668,0.862680,0.346576,0.745443,0.231048,0.000000,0.000000,0.000000,0.000000,0.000000,0.000000,0.000000,0.000000,0.000000,0.000000,0.000000,0.000000,0.000000,0.000000,0.000000,0.000000,0.000000,0.000000,0.000000,0.000000,0.000000,0.000000,0.000000,0.000000,0.000000,0.000000,0.000000,0.000000,0.000000,0.000000,0.000000,0.000000,0.000000,0.000000,0.000000,0.000000,0.000000,0.000000,0.000000,0.000000,0.000000,0.000000
F,Right,legacy_bisindo_2hand_F_62,0.000000,0.000000,0.468246,-0.218029,0.919536,-0.161427,1.257527,0.017309,1.423205,0.160829,1.021821,-0.522301,1.511460,-0.650722,1.843497,-0.717519,2.130076,-0.763798,0.921996,-0.387199,1.540700,-0.263713,1.961770,-0.155124,2.273309,-0.074000,0.768782,-0.182224,1.224067,0.214907,1.076293,0.246134,0.927634,0.174468,0.630724,0.071761,0.983444,0.358668,0.862680,0.346576,0.745443,0.231048,0.000000,0.000000,0.000000,0.000000,0.000000,0.000000,0.000000,0.000000,0.000000,0.000000,0.000000,0.000000,0.000000,0.000000,0.000000,0.000000,0.000000,0.000000,0.000000,0.000000,0.000000,0.000000,0.000000,0.000000,0.000000,0.000000,0.000000,0.000000,0.000000,0.000000,0.000000,0.000000,0.000000,0.000000,0.000000,0.000000,0.000000,0.000000,0.000000,0.000000,0.000000,0.000000
F,Right,legacy_bisindo_2hand_F_63,0.000000,0.000000,0.468246,-0.218029,0.919536,-0.161427,1.257527,0.017309,1.423205,0.160829,1.021821,-0.522301,1.511460,-0.650722,1.843497,-0.717519,2.130076,-0.763798,0.921996,-0.387199,1.540700,-0.263713,1.961770,-0.155124,2.273309,-0.074000,0.768782,-0.182224,1.224067,0.214907,1.076293,0.246134,0.927634,0.174468,0.630724,0.071761,0.983444,0.358668,0.862680,0.346576,0.745443,0.231048,0.000000,0.000000,0.000000,0.000000,0.000000,0.000000,0.000000,0.000000,0.000000,0.000000,0.000000,0.000000,0.000000,0.000000,0.000000,0.000000,0.000000,0.000000,0.000000,0.000000,0.000000,0.000000,0.000000,0.000000,0.000000,0.000000,0.000000,0.000000,0.000000,0.000000,0.000000,0.000000,0.000000,0.000000,0.000000,0.000000,0.000000,0.000000,0.000000,0.000000,0.000000,0.000000
F,Right,legacy_bisindo_2hand_F_64,0.000000,0.000000,-0.335882,-0.339147,-0.796035,-0.396185,-1.213975,-0.235000,-1.507214,-0.061901,-0.981898,-0.601692,-1.579531,-0.767709,-1.921661,-0.817917,-2.204326,-0.850920,-0.867777,-0.496954,-1.537819,-0.335449,-1.914379,-0.245169,-2.191654,-0.187715,-0.745203,-0.292492,-1.290802,0.096304,-1.234517,0.199955,-1.094547,0.170829,-0.649038,-0.056858,-1.035733,0.213246,-0.949837,0.244376,-0.780052,0.163356,0.000000,0.000000,0.000000,0.000000,0.000000,0.000000,0.000000,0.000000,0.000000,0.000000,0.000000,0.000000,0.000000,0.000000,0.000000,0.000000,0.000000,0.000000,0.000000,0.000000,0.000000,0.000000,0.000000,0.000000,0.000000,0.000000,0.000000,0.000000,0.000000,0.000000,0.000000,0.000000,0.000000,0.000000,0.000000,0.000000,0.000000,0.000000,0.000000,0.000000,0.000000,0.000000
F,Right,legacy_bisindo_2hand_F_65,0.000000,0.000000,-0.212254,-0.411874,-0.608073,-0.632768,-1.047495,-0.663918,-1.368935,-0.635415,-0.778671,-0.855073,-1.259661,-1.197268,-1.568806,-1.407098,-1.805980,-1.576230,-0.701920,-0.712256,-1.369273,-0.792694,-1.759730,-0.852318,-2.022186,-0.887289,-0.647304,-0.461035,-1.311183,-0.248247,-1.341220,-0.122453,-1.235570,-0.097362,-0.639379,-0.169520,-1.121388,-0.017535,-1.050436,0.041036,-0.887189,0.003975,0.000000,0.000000,0.000000,0.000000,0.000000,0.000000,0.000000,0.000000,0.000000,0.000000,0.000000,0.000000,0.000000,0.000000,0.000000,0.000000,0.000000,0.000000,0.000000,0.000000,0.000000,0.000000,0.000000,0.000000,0.000000,0.000000,0.000000,0.000000,0.000000,0.000000,0.000000,0.000000,0.000000,0.000000,0.000000,0.000000,0.000000,0.000000,0.000000,0.000000,0.000000,0.000000
F,Right,legacy_bisindo_2hand_F_66,0.000000,0.000000,0.468246,-0.218029,0.919536,-0.161427,1.257527,0.017309,1.423205,0.160829,1.021821,-0.522301,1.511460,-0.650722,1.843497,-0.717519,2.130076,-0.763798,0.921996,-0.387199,1.540700,-0.263713,1.961770,-0.155124,2.273309,-0.074000,0.768782,-0.182224,1.224067,0.214907,1.076293,0.246134,0.927634,0.174468,0.630724,0.071761,0.983444,0.358668,0.862680,0.346576,0.745443,0.231048,0.000000,0.000000,0.000000,0.000000,0.000000,0.000000,0.000000,0.000000,0.000000,0.000000,0.000000,0.000000,0.000000,0.000000,0.000000,0.000000,0.000000,0.000000,0.000000,0.000000,0.000000,0.000000,0.000000,0.000000,0.000000,0.000000,0.000000,0.000000,0.000000,0.000000,0.000000,0.000000,0.000000,0.000000,0.000000,0.000000,0.000000,0.000000,0.000000,0.000000,0.000000,0.000000
F,Right,legacy_bisindo_2hand_F_67,0.000000,0.000000,-0.370233,-0.306001,-0.800921,-0.342384,-1.176666,-0.198306,-1.460391,-0.025167,-1.020910,-0.501989,-1.604691,-0.615405,-1.941234,-0.646615,-2.225203,-0.667206,-0.910255,-0.414047,-1.557069,-0.210138,-1.927792,-0.080386,-2.198378,0.016479,-0.776486,-0.224797,-1.252579,0.200854,-1.197418,0.295160,-1.069232,0.260010,-0.664021,0.005226,-0.998262,0.300868,-0.922078,0.327236,-0.772169,0.238501,0.000000,0.000000,0.000000,0.000000,0.000000,0.000000,0.000000,0.000000,0.000000,0.000000,0.000000,0.000000,0.000000,0.000000,0.000000,0.000000,0.000000,0.000000,0.000000,0.000000,0.000000,0.000000,0.000000,0.000000,0.000000,0.000000,0.000000,0.000000,0.000000,0.000000,0.000000,0.000000,0.000000,0.000000,0.000000,0.000000,0.000000,0.000000,0.000000,0.000000,0.000000,0.000000
F,Right,legacy_bisindo_2hand_F_68,0.000000,0.000000,-0.376452,-0.293906,-0.808509,-0.320949,-1.186068,-0.159233,-1.465976,0.028236,-1.026279,-0.496459,-1.606753,-0.608115,-1.941694,-0.638243,-2.226793,-0.658293,-0.911679,-0.410902,-1.556826,-0.206090,-1.928291,-0.077551,-2.201773,0.017442,-0.775116,-0.222244,-1.256908,0.202544,-1.197457,0.298409,-1.066961,0.261109,-0.662265,0.006811,-1.008920,0.302985,-0.932775,0.329726,-0.782227,0.238130,0.000000,0.000000,0.000000,0.000000,0.000000,0.000000,0.000000,0.000000,0.000000,0.000000,0.000000,0.000000,0.000000,0.000000,0.000000,0.000000,0.000000,0.000000,0.000000,0.000000,0.000000,0.000000,0.000000,0.000000,0.000000,0.000000,0.000000,0.000000,0.000000,0.000000,0.000000,0.000000,0.000000,0.000000,0.000000,0.000000,0.000000,0.000000,0.000000,0.000000,0.000000,0.000000
F,Right,legacy_bisindo_2hand_F_69,0.000000,0.000000,0.468246,-0.218029,0.919536,-0.161427,1.257527,0.017309,1.423205,0.160829,1.021821,-0.522301,1.511460,-0.650722,1.843497,-0.717519,2.130076,-0.763798,0.921996,-0.387199,1.540700,-0.263713,1.961770,-0.155124,2.273309,-0.074000,0.768782,-0.182224,1.224067,0.214907,1.076293,0.246134,0.927634,0.174468,0.630724,0.071761,0.983444,0.358668,0.862680,0.346576,0.745443,0.231048,0.000000,0.000000,0.000000,0.000000,0.000000,0.000000,0.000000,0.000000,0.000000,0.000000,0.000000,0.000000,0.000000,0.000000,0.000000,0.000000,0.000000,0.000000,0.000000,0.000000,0.000000,0.000000,0.000000,0.000000,0.000000,0.000000,0.000000,0.000000,0.000000,0.000000,0.000000,0.000000,0.000000,0.000000,0.000000,0.000000,0.000000,0.000000,0.000000,0.000000,0.000000,0.000000
F,Right,legacy_bisindo_2hand_F_70,0.000000,0.000000,0.468246,-0.218029,0.919536,-0.161427,1.257527,0.017309,1.423205,0.160829,1.021821,-0.522301,1.511460,-0.650722,1.843497,-0.717519,2.130076,-0.763798,0.921996,-0.387199,1.540700,-0.263713,1.961770,-0.155124,2.273309,-0.074000,0.768782,-0.182224,1.224067,0.214907,1.076293,0.246134,0.927634,0.174468,0.630724,0.071761,0.983444,0.358668,0.862680,0.346576,0.745443,0.231048,0.000000,0.000000,0.000000,0.000000,0.000000,0.000000,0.000000,0.000000,0.000000,0.000000,0.000000,0.000000,0.000000,0.000000,0.000000,0.000000,0.000000,0.000000,0.000000,0.000000,0.000000,0.000000,0.000000,0.000000,0.000000,0.000000,0.000000,0.000000,0.000000,0.000000,0.000000,0.000000,0.000000,0.000000,0.000000,0.000000,0.000000,0.000000,0.000000,0.000000,0.000000,0.000000
F,Right,legacy_bisindo_2hand_F_71,0.000000,0.000000,0.468246,-0.218029,0.919536,-0.161427,1.257527,0.017309,1.423205,0.160829,1.021821,-0.522301,1.511460,-0.650722,1.843497,-0.717519,2.130076,-0.763798,0.921996,-0.387199,1.540700,-0.263713,1.961770,-0.155124,2.273309,-0.074000,0.768782,-0.182224,1.224067,0.214907,1.076293,0.246134,0.927634,0.174468,0.630724,0.071761,0.983444,0.358668,0.862680,0.346576,0.745443,0.231048,0.000000,0.000000,0.000000,0.000000,0.000000,0.000000,0.000000,0.000000,0.000000,0.000000,0.000000,0.000000,0.000000,0.000000,0.000000,0.000000,0.000000,0.000000,0.000000,0.000000,0.000000,0.000000,0.000000,0.000000,0.000000,0.000000,0.000000,0.000000,0.000000,0.000000,0.000000,0.000000,0.000000,0.000000,0.000000,0.000000,0.000000,0.000000,0.000000,0.000000,0.000000,0.000000
F,Right,legacy_bisindo_2hand_F_72,0.000000,0.000000,0.468246,-0.218029,0.919536,-0.161427,1.257527,0.017309,1.423205,0.160829,1.021821,-0.522301,1.511460,-0.650722,1.843497,-0.717519,2.130076,-0.763798,0.921996,-0.387199,1.540700,-0.263713,1.961770,-0.155124,2.273309,-0.074000,0.768782,-0.182224,1.224067,0.214907,1.076293,0.246134,0.927634,0.174468,0.630724,0.071761,0.983444,0.358668,0.862680,0.346576,0.745443,0.231048,0.000000,0.000000,0.000000,0.000000,0.000000,0.000000,0.000000,0.000000,0.000000,0.000000,0.000000,0.000000,0.000000,0.000000,0.000000,0.000000,0.000000,0.000000,0.000000,0.000000,0.000000,0.000000,0.000000,0.000000,0.000000,0.000000,0.000000,0.000000,0.000000,0.000000,0.000000,0.000000,0.000000,0.000000,0.000000,0.000000,0.000000,0.000000,0.000000,0.000000,0.000000,0.000000
F,Right,legacy_bisindo_2hand_F_73,0.000000,0.000000,-0.471827,-0.096071,-0.903202,0.029889,-1.194780,0.322749,-1.374346,0.573524,-1.124358,-0.119243,-1.700731,-0.047948,-2.013851,0.019266,-2.294796,0.100698,-0.999467,-0.032637,-1.568707,0.321095,-1.903632,0.581720,-2.168594,0.791379,-0.822656,0.108344,-1.148187,0.561794,-1.018361,0.562727,-0.900278,0.444916,-0.640083,0.264846,-0.882141,0.644223,-0.792028,0.632508,-0.696644,0.493972,0.000000,0.000000,0.000000,0.000000,0.000000,0.000000,0.000000,0.000000,0.000000,0.000000,0.000000,0.000000,0.000000,0.000000,0.000000,0.000000,0.000000,0.000000,0.000000,0.000000,0.000000,0.000000,0.000000,0.000000,0.000000,0.000000,0.000000,0.000000,0.000000,0.000000,0.000000,0.000000,0.000000,0.000000,0.000000,0.000000,0.000000,0.000000,0.000000,0.000000,0.000000,0.000000
F,Right,legacy_bisindo_2hand_F_74,0.000000,0.000000,-0.225929,-0.414837,-0.645889,-0.625336,-1.115715,-0.639393,-1.441677,-0.601231,-0.802032,-0.849853,-1.282107,-1.200387,-1.600175,-1.408616,-1.838502,-1.573966,-0.714501,-0.699634,-1.379162,-0.791928,-1.796351,-0.862976,-2.077565,-0.907671,-0.649251,-0.441691,-1.324891,-0.231790,-1.431022,-0.114367,-1.383467,-0.085231,-0.625246,-0.140457,-1.112405,0.009362,-1.082922,0.058296,-0.955278,0.026648,0.000000,0.000000,0.208641,0.081343,0.441720,-0.027231,0.438734,-0.290109,0.349329,-0.596676,0.832170,-0.644517,0.978337,-0.977518,1.070072,-1.183338,1.146543,-1.386400,0.575509,-0.817795,0.448365,-0.872358,0.293223,-0.486575,0.366184,-0.428446,0.316023,-0.885746,0.106385,-0.752095,0.051359,-0.408123,0.186812,-0.414443,0.078853,-0.892887,-0.089286,-0.709334,-0.102551,-0.451153,0.006823,-0.452182
F,Right,legacy_bisindo_2hand_F_75,0.000000,0.000000,0.468246,-0.218029,0.919536,-0.161427,1.257527,0.017309,1.423205,0.160829,1.021821,-0.522301,1.511460,-0.650722,1.843497,-0.717519,2.130076,-0.763798,0.921996,-0.387199,1.540700,-0.263713,1.961770,-0.155124,2.273309,-0.074000,0.768782,-0.182224,1.224067,0.214907,1.076293,0.246134,0.927634,0.174468,0.630724,0.071761,0.983444,0.358668,0.862680,0.346576,0.745443,0.231048,0.000000,0.000000,0.000000,0.000000,0.000000,0.000000,0.000000,0.000000,0.000000,0.000000,0.000000,0.000000,0.000000,0.000000,0.000000,0.000000,0.000000,0.000000,0.000000,0.000000,0.000000,0.000000,0.000000,0.000000,0.000000,0.000000,0.000000,0.000000,0.000000,0.000000,0.000000,0.000000,0.000000,0.000000,0.000000,0.000000,0.000000,0.000000,0.000000,0.000000,0.000000,0.000000
F,Right,legacy_bisindo_2hand_F_76,0.000000,0.000000,0.468246,-0.218029,0.919536,-0.161427,1.257527,0.017309,1.423205,0.160829,1.021821,-0.522301,1.511460,-0.650722,1.843497,-0.717519,2.130076,-0.763798,0.921996,-0.387199,1.540700,-0.263713,1.961770,-0.155124,2.273309,-0.074000,0.768782,-0.182224,1.224067,0.214907,1.076293,0.246134,0.927634,0.174468,0.630724,0.071761,0.983444,0.358668,0.862680,0.346576,0.745443,0.231048,0.000000,0.000000,0.000000,0.000000,0.000000,0.000000,0.000000,0.000000,0.000000,0.000000,0.000000,0.000000,0.000000,0.000000,0.000000,0.000000,0.000000,0.000000,0.000000,0.000000,0.000000,0.000000,0.000000,0.000000,0.000000,0.000000,0.000000,0.000000,0.000000,0.000000,0.000000,0.000000,0.000000,0.000000,0.000000,0.000000,0.000000,0.000000,0.000000,0.000000,0.000000,0.000000
F,Right,legacy_bisindo_2hand_F_77,0.000000,0.000000,-0.227621,-0.440472,-0.644340,-0.650571,-1.111155,-0.662464,-1.431238,-0.608741,-0.824034,-0.847452,-1.330234,-1.166641,-1.653867,-1.375610,-1.893144,-1.547135,-0.729509,-0.683971,-1.386138,-0.753584,-1.781254,-0.799772,-2.042642,-0.834056,-0.660515,-0.413468,-1.336183,-0.220908,-1.465836,-0.113230,-1.431184,-0.091790,-0.634789,-0.104024,-1.130655,0.035128,-1.120658,0.078813,-1.005464,0.044973,0.000000,0.000000,0.218999,0.078045,0.479975,-0.041715,0.475215,-0.316529,0.361565,-0.601092,0.815466,-0.647653,0.962269,-0.971705,1.047683,-1.160183,1.127510,-1.352346,0.580807,-0.814042,0.470375,-0.878053,0.344808,-0.535404,0.406518,-0.469641,0.330046,-0.874420,0.153144,-0.728143,0.105902,-0.410704,0.226465,-0.419087,0.096232,-0.869737,-0.043973,-0.682053,-0.049633,-0.444109,0.050819,-0.455851
F,Right,legacy_bisindo_2hand_F_78,0.000000,0.000000,0.468246,-0.218029,0.919536,-0.161427,1.257527,0.017309,1.423205,0.160829,1.021821,-0.522301,1.511460,-0.650722,1.843497,-0.717519,2.130076,-0.763798,0.921996,-0.387199,1.540700,-0.263713,1.961770,-0.155124,2.273309,-0.074000,0.768782,-0.182224,1.224067,0.214907,1.076293,0.246134,0.927634,0.174468,0.630724,0.071761,0.983444,0.358668,0.862680,0.346576,0.745443,0.231048,0.000000,0.000000,0.000000,0.000000,0.000000,0.000000,0.000000,0.000000,0.000000,0.000000,0.000000,0.000000,0.000000,0.000000,0.000000,0.000000,0.000000,0.000000,0.000000,0.000000,0.000000,0.000000,0.000000,0.000000,0.000000,0.000000,0.000000,0.000000,0.000000,0.000000,0.000000,0.000000,0.000000,0.000000,0.000000,0.000000,0.000000,0.000000,0.000000,0.000000,0.000000,0.000000
F,Right,legacy_bisindo_2hand_F_79,0.000000,0.000000,-0.227704,-0.442085,-0.641051,-0.649716,-1.103349,-0.662375,-1.421829,-0.609301,-0.826123,-0.845009,-1.327962,-1.162955,-1.647312,-1.373873,-1.883990,-1.546593,-0.731060,-0.682313,-1.389166,-0.748454,-1.782757,-0.791370,-2.041918,-0.820678,-0.661496,-0.412357,-1.337792,-0.220917,-1.450548,-0.114392,-1.398371,-0.093374,-0.635037,-0.105233,-1.135211,0.031912,-1.114089,0.077236,-0.985344,0.045069,0.000000,0.000000,0.219808,0.074910,0.479678,-0.047011,0.475051,-0.326018,0.357260,-0.613433,0.821224,-0.647195,0.964370,-0.975339,1.043169,-1.160953,1.116021,-1.348522,0.583817,-0.811885,0.475184,-0.888360,0.341394,-0.539084,0.405718,-0.477383,0.331850,-0.873030,0.159956,-0.736738,0.105691,-0.414833,0.223325,-0.426567,0.096167,-0.871209,-0.039549,-0.688425,-0.046244,-0.450534,0.052144,-0.465736
F,Right,legacy_bisindo_2hand_F_80,0.000000,0.000000,0.468246,-0.218029,0.919536,-0.161427,1.257527,0.017309,1.423205,0.160829,1.021821,-0.522301,1.511460,-0.650722,1.843497,-0.717519,2.130076,-0.763798,0.921996,-0.387199,1.540700,-0.263713,1.961770,-0.155124,2.273309,-0.074000,0.768782,-0.182224,1.224067,0.214907,1.076293,0.246134,0.927634,0.174468,0.630724,0.071761,0.983444,0.358668,0.862680,0.346576,0.745443,0.231048,0.000000,0.000000,0.000000,0.000000,0.000000,0.000000,0.000000,0.000000,0.000000,0.000000,0.000000,0.000000,0.000000,0.000000,0.000000,0.000000,0.000000,0.000000,0.000000,0.000000,0.000000,0.000000,0.000000,0.000000,0.000000,0.000000,0.000000,0.000000,0.000000,0.000000,0.000000,0.000000,0.000000,0.000000,0.000000,0.000000,0.000000,0.000000,0.000000,0.000000,0.000000,0.000000
F,Right,legacy_bisindo_2hand_F_81,0.000000,0.000000,-0.340473,-0.345405,-0.800347,-0.419086,-1.220289,-0.276005,-1.516758,-0.109094,-0.992757,-0.613786,-1.586332,-0.794206,-1.938804,-0.856099,-2.227059,-0.898747,-0.862587,-0.505909,-1.557444,-0.366560,-1.940766,-0.271520,-2.214638,-0.201782,-0.729452,-0.293166,-1.318259,0.083615,-1.275034,0.185171,-1.131355,0.150431,-0.628546,-0.045086,-1.056222,0.216677,-0.978379,0.246551,-0.803184,0.161083,0.000000,0.000000,0.000000,0.000000,0.000000,0.000000,0.000000,0.000000,0.000000,0.000000,0.000000,0.000000,0.000000,0.000000,0.000000,0.000000,0.000000,0.000000,0.000000,0.000000,0.000000,0.000000,0.000000,0.000000,0.000000,0.000000,0.000000,0.000000,0.000000,0.000000,0.000000,0.000000,0.000000,0.000000,0.000000,0.000000,0.000000,0.000000,0.000000,0.000000,0.000000,0.000000
F,Right,legacy_bisindo_2hand_F_82,0.000000,0.000000,-0.446868,-0.149102,-0.890413,-0.091969,-1.215516,0.138391,-1.450614,0.340280,-1.093649,-0.270408,-1.663428,-0.281066,-1.983954,-0.261797,-2.272603,-0.219398,-0.984897,-0.173143,-1.588023,0.108870,-1.959671,0.307884,-2.254080,0.468151,-0.832097,-0.000471,-1.175380,0.428330,-1.016521,0.412906,-0.883721,0.279981,-0.673502,0.184651,-0.940588,0.535183,-0.820756,0.518254,-0.703844,0.380231,0.000000,0.000000,0.000000,0.000000,0.000000,0.000000,0.000000,0.000000,0.000000,0.000000,0.000000,0.000000,0.000000,0.000000,0.000000,0.000000,0.000000,0.000000,0.000000,0.000000,0.000000,0.000000,0.000000,0.000000,0.000000,0.000000,0.000000,0.000000,0.000000,0.000000,0.000000,0.000000,0.000000,0.000000,0.000000,0.000000,0.000000,0.000000,0.000000,0.000000,0.000000,0.000000
F,Right,legacy_bisindo_2hand_F_83,0.000000,0.000000,-0.587197,-0.141094,-0.947540,-0.209060,-1.243807,-0.076367,-1.539304,0.019742,-1.093458,-0.480809,-1.572170,-0.621241,-1.909273,-0.718061,-2.216239,-0.795742,-0.951057,-0.309016,-1.563588,-0.163925,-2.041023,-0.062981,-2.379798,-0.004614,-0.786664,-0.039187,-1.276485,0.333413,-1.275220,0.507953,-1.185451,0.540143,-0.663717,0.243408,-0.976097,0.470067,-0.884911,0.500884,-0.742597,0.414998,0.000000,0.000000,0.000000,0.000000,0.000000,0.000000,0.000000,0.000000,0.000000,0.000000,0.000000,0.000000,0.000000,0.000000,0.000000,0.000000,0.000000,0.000000,0.000000,0.000000,0.000000,0.000000,0.000000,0.000000,0.000000,0.000000,0.000000,0.000000,0.000000,0.000000,0.000000,0.000000,0.000000,0.000000,0.000000,0.000000,0.000000,0.000000,0.000000,0.000000,0.000000,0.000000
F,Right,legacy_bisindo_2hand_F_84,0.000000,0.000000,0.468246,-0.218029,0.919536,-0.161427,1.257527,0.017309,1.423205,0.160829,1.021821,-0.522301,1.511460,-0.650722,1.843497,-0.717519,2.130076,-0.763798,0.921996,-0.387199,1.540700,-0.263713,1.961770,-0.155124,2.273309,-0.074000,0.768782,-0.182224,1.224067,0.214907,1.076293,0.246134,0.927634,0.174468,0.630724,0.071761,0.983444,0.358668,0.862680,0.346576,0.745443,0.231048,0.000000,0.000000,0.000000,0.000000,0.000000,0.000000,0.000000,0.000000,0.000000,0.000000,0.000000,0.000000,0.000000,0.000000,0.000000,0.000000,0.000000,0.000000,0.000000,0.000000,0.000000,0.000000,0.000000,0.000000,0.000000,0.000000,0.000000,0.000000,0.000000,0.000000,0.000000,0.000000,0.000000,0.000000,0.000000,0.000000,0.000000,0.000000,0.000000,0.000000,0.000000,0.000000
F,Right,legacy_bisindo_2hand_F_85,0.000000,0.000000,-0.400670,-0.252449,-0.844566,-0.261828,-1.210991,-0.056636,-1.463759,0.140173,-1.048813,-0.424989,-1.636609,-0.494055,-1.973525,-0.487740,-2.255920,-0.466456,-0.944998,-0.327076,-1.609501,-0.091643,-1.997363,0.077178,-2.287757,0.202438,-0.809877,-0.141780,-1.259943,0.269034,-1.158656,0.337722,-1.022286,0.282405,-0.678807,0.076897,-1.001725,0.395007,-0.907658,0.405906,-0.774620,0.302479,0.000000,0.000000,0.000000,0.000000,0.000000,0.000000,0.000000,0.000000,0.000000,0.000000,0.000000,0.000000,0.000000,0.000000,0.000000,0.000000,0.000000,0.000000,0.000000,0.000000,0.000000,0.000000,0.000000,0.000000,0.000000,0.000000,0.000000,0.000000,0.000000,0.000000,0.000000,0.000000,0.000000,0.000000,0.000000,0.000000,0.000000,0.000000,0.000000,0.000000,0.000000,0.000000
F,Right,legacy_bisindo_2hand_F_86,0.000000,0.000000,0.468246,-0.218029,0.919536,-0.161427,1.257527,0.017309,1.423205,0.160829,1.021821,-0.522301,1.511460,-0.650722,1.843497,-0.717519,2.130076,-0.763798,0.921996,-0.387199,1.540700,-0.263713,1.961770,-0.155124,2.273309,-0.074000,0.768782,-0.182224,1.224067,0.214907,1.076293,0.246134,0.927634,0.174468,0.630724,0.071761,0.983444,0.358668,0.862680,0.346576,0.745443,0.231048,0.000000,0.000000,0.000000,0.000000,0.000000,0.000000,0.000000,0.000000,0.000000,0.000000,0.000000,0.000000,0.000000,0.000000,0.000000,0.000000,0.000000,0.000000,0.000000,0.000000,0.000000,0.000000,0.000000,0.000000,0.000000,0.000000,0.000000,0.000000,0.000000,0.000000,0.000000,0.000000,0.000000,0.000000,0.000000,0.000000,0.000000,0.000000,0.000000,0.000000,0.000000,0.000000
F,Right,legacy_bisindo_2hand_F_87,0.000000,0.000000,-0.376548,-0.277068,-0.811228,-0.291867,-1.184019,-0.111375,-1.448085,0.064857,-1.031293,-0.459079,-1.599279,-0.538873,-1.934292,-0.551604,-2.215170,-0.551190,-0.931346,-0.364136,-1.567928,-0.142706,-1.935211,-0.009276,-2.206024,0.095317,-0.798067,-0.176012,-1.226533,0.238381,-1.101867,0.279646,-0.946967,0.201613,-0.677579,0.049852,-0.990183,0.365723,-0.882101,0.373358,-0.737407,0.265123,0.000000,0.000000,0.000000,0.000000,0.000000,0.000000,0.000000,0.000000,0.000000,0.000000,0.000000,0.000000,0.000000,0.000000,0.000000,0.000000,0.000000,0.000000,0.000000,0.000000,0.000000,0.000000,0.000000,0.000000,0.000000,0.000000,0.000000,0.000000,0.000000,0.000000,0.000000,0.000000,0.000000,0.000000,0.000000,0.000000,0.000000,0.000000,0.000000,0.000000,0.000000,0.000000
F,Right,legacy_bisindo_2hand_F_88,0.000000,0.000000,-0.366027,-0.323660,-0.812599,-0.358635,-1.211429,-0.196995,-1.503741,-0.016415,-1.015486,-0.557877,-1.612267,-0.697369,-1.957581,-0.736310,-2.248989,-0.766008,-0.887395,-0.461010,-1.550114,-0.286874,-1.916838,-0.172852,-2.181768,-0.098267,-0.750318,-0.262181,-1.283936,0.136634,-1.256476,0.244675,-1.130981,0.212840,-0.643443,-0.031075,-1.018538,0.248263,-0.957500,0.286001,-0.799699,0.204129,0.000000,0.000000,0.000000,0.000000,0.000000,0.000000,0.000000,0.000000,0.000000,0.000000,0.000000,0.000000,0.000000,0.000000,0.000000,0.000000,0.000000,0.000000,0.000000,0.000000,0.000000,0.000000,0.000000,0.000000,0.000000,0.000000,0.000000,0.000000,0.000000,0.000000,0.000000,0.000000,0.000000,0.000000,0.000000,0.000000,0.000000,0.000000,0.000000,0.000000,0.000000,0.000000
F,Right,legacy_bisindo_2hand_F_89,0.000000,0.000000,-0.370643,-0.315410,-0.817500,-0.341932,-1.212228,-0.177865,-1.503344,0.001992,-1.018949,-0.529520,-1.612817,-0.658459,-1.954162,-0.689719,-2.241717,-0.713542,-0.897251,-0.441522,-1.554726,-0.251897,-1.923054,-0.128239,-2.191694,-0.046140,-0.758854,-0.254532,-1.274585,0.168876,-1.247861,0.278273,-1.129661,0.251799,-0.648524,-0.026719,-1.009828,0.268112,-0.949066,0.301415,-0.796876,0.218663,0.000000,0.000000,0.000000,0.000000,0.000000,0.000000,0.000000,0.000000,0.000000,0.000000,0.000000,0.000000,0.000000,0.000000,0.000000,0.000000,0.000000,0.000000,0.000000,0.000000,0.000000,0.000000,0.000000,0.000000,0.000000,0.000000,0.000000,0.000000,0.000000,0.000000,0.000000,0.000000,0.000000,0.000000,0.000000,0.000000,0.000000,0.000000,0.000000,0.000000,0.000000,0.000000
F,Right,legacy_bisindo_2hand_F_90,0.000000,0.000000,-0.238060,-0.416453,-0.645649,-0.592053,-1.092684,-0.576171,-1.397664,-0.504652,-0.889961,-0.761101,-1.428678,-1.020216,-1.773355,-1.175780,-2.021183,-1.302494,-0.784088,-0.620650,-1.450732,-0.623101,-1.833726,-0.631269,-2.083408,-0.638919,-0.692430,-0.370762,-1.330041,-0.105413,-1.431739,0.020237,-1.381588,0.039329,-0.630458,-0.077296,-1.096555,0.116929,-1.078672,0.163621,-0.965011,0.121965,0.000000,0.000000,0.000000,0.000000,0.000000,0.000000,0.000000,0.000000,0.000000,0.000000,0.000000,0.000000,0.000000,0.000000,0.000000,0.000000,0.000000,0.000000,0.000000,0.000000,0.000000,0.000000,0.000000,0.000000,0.000000,0.000000,0.000000,0.000000,0.000000,0.000000,0.000000,0.000000,0.000000,0.000000,0.000000,0.000000,0.000000,0.000000,0.000000,0.000000,0.000000,0.000000
F,Right,legacy_bisindo_2hand_F_91,0.000000,0.000000,-0.470943,-0.061371,-0.906445,0.079927,-1.183058,0.381073,-1.362272,0.642392,-1.129868,-0.059309,-1.695593,0.036073,-2.014407,0.105929,-2.294968,0.192912,-0.999764,0.021727,-1.536043,0.402181,-1.879923,0.669772,-2.139167,0.885090,-0.818645,0.160872,-1.111778,0.639374,-0.974495,0.632667,-0.856898,0.511158,-0.631892,0.312888,-0.854309,0.712476,-0.755535,0.682840,-0.666367,0.535803,0.000000,0.000000,0.000000,0.000000,0.000000,0.000000,0.000000,0.000000,0.000000,0.000000,0.000000,0.000000,0.000000,0.000000,0.000000,0.000000,0.000000,0.000000,0.000000,0.000000,0.000000,0.000000,0.000000,0.000000,0.000000,0.000000,0.000000,0.000000,0.000000,0.000000,0.000000,0.000000,0.000000,0.000000,0.000000,0.000000,0.000000,0.000000,0.000000,0.000000,0.000000,0.000000
F,Right,legacy_bisindo_2hand_F_92,0.000000,0.000000,0.468246,-0.218029,0.919536,-0.161427,1.257527,0.017309,1.423205,0.160829,1.021821,-0.522301,1.511460,-0.650722,1.843497,-0.717519,2.130076,-0.763798,0.921996,-0.387199,1.540700,-0.263713,1.961770,-0.155124,2.273309,-0.074000,0.768782,-0.182224,1.224067,0.214907,1.076293,0.246134,0.927634,0.174468,0.630724,0.071761,0.983444,0.358668,0.862680,0.346576,0.745443,0.231048,0.000000,0.000000,0.000000,0.000000,0.000000,0.000000,0.000000,0.000000,0.000000,0.000000,0.000000,0.000000,0.000000,0.000000,0.000000,0.000000,0.000000,0.000000,0.000000,0.000000,0.000000,0.000000,0.000000,0.000000,0.000000,0.000000,0.000000,0.000000,0.000000,0.000000,0.000000,0.000000,0.000000,0.000000,0.000000,0.000000,0.000000,0.000000,0.000000,0.000000,0.000000,0.000000
F,Right,legacy_bisindo_2hand_F_93,0.000000,0.000000,-0.339604,-0.332460,-0.781328,-0.422990,-1.213876,-0.306402,-1.534177,-0.181758,-0.959965,-0.675433,-1.514209,-0.902978,-1.861311,-1.014589,-2.133345,-1.104755,-0.821767,-0.569824,-1.497429,-0.514874,-1.877141,-0.486738,-2.138412,-0.471469,-0.695884,-0.344909,-1.317724,-0.034376,-1.324617,0.080665,-1.207325,0.068699,-0.612537,-0.078402,-1.057694,0.148002,-1.012169,0.183450,-0.860943,0.113530,0.000000,0.000000,0.000000,0.000000,0.000000,0.000000,0.000000,0.000000,0.000000,0.000000,0.000000,0.000000,0.000000,0.000000,0.000000,0.000000,0.000000,0.000000,0.000000,0.000000,0.000000,0.000000,0.000000,0.000000,0.000000,0.000000,0.000000,0.000000,0.000000,0.000000,0.000000,0.000000,0.000000,0.000000,0.000000,0.000000,0.000000,0.000000,0.000000,0.000000,0.000000,0.000000
F,Right,legacy_bisindo_2hand_F_94,0.000000,0.000000,-0.386803,-0.273468,-0.815179,-0.280816,-1.180575,-0.091098,-1.447211,0.096973,-1.036515,-0.449416,-1.613910,-0.540430,-1.943622,-0.549876,-2.225535,-0.538899,-0.935445,-0.353473,-1.591213,-0.138521,-1.984275,-0.001143,-2.280021,0.109817,-0.802462,-0.165158,-1.236424,0.218963,-1.118786,0.270755,-0.971966,0.204441,-0.678259,0.052271,-1.004774,0.355488,-0.910068,0.366721,-0.778394,0.264984,0.000000,0.000000,0.000000,0.000000,0.000000,0.000000,0.000000,0.000000,0.000000,0.000000,0.000000,0.000000,0.000000,0.000000,0.000000,0.000000,0.000000,0.000000,0.000000,0.000000,0.000000,0.000000,0.000000,0.000000,0.000000,0.000000,0.000000,0.000000,0.000000,0.000000,0.000000,0.000000,0.000000,0.000000,0.000000,0.000000,0.000000,0.000000,0.000000,0.000000,0.000000,0.000000
F,Right,legacy_bisindo_2hand_F_95,0.000000,0.000000,-0.475259,-0.082850,-0.914685,0.056649,-1.202977,0.363402,-1.392467,0.621869,-1.131716,-0.097406,-1.713891,-0.013822,-2.035147,0.059719,-2.320292,0.148102,-0.999953,-0.009732,-1.560155,0.353045,-1.908027,0.615144,-2.177907,0.825461,-0.819364,0.132978,-1.137506,0.603371,-1.004265,0.600179,-0.884471,0.478491,-0.634664,0.291996,-0.875557,0.682860,-0.781353,0.662445,-0.686003,0.517040,0.000000,0.000000,0.000000,0.000000,0.000000,0.000000,0.000000,0.000000,0.000000,0.000000,0.000000,0.000000,0.000000,0.000000,0.000000,0.000000,0.000000,0.000000,0.000000,0.000000,0.000000,0.000000,0.000000,0.000000,0.000000,0.000000,0.000000,0.000000,0.000000,0.000000,0.000000,0.000000,0.000000,0.000000,0.000000,0.000000,0.000000,0.000000,0.000000,0.000000,0.000000,0.000000
F,Right,legacy_bisindo_2hand_F_96,0.000000,0.000000,-0.367953,-0.306683,-0.815704,-0.346393,-1.206636,-0.191267,-1.503017,-0.021817,-1.007707,-0.550419,-1.602616,-0.697022,-1.944591,-0.742592,-2.234324,-0.775852,-0.886680,-0.462384,-1.566501,-0.287325,-1.952187,-0.163553,-2.235176,-0.077511,-0.749874,-0.266778,-1.270126,0.148432,-1.222865,0.255113,-1.091480,0.227854,-0.641247,-0.028074,-1.011571,0.267835,-0.938595,0.298583,-0.782800,0.211646,0.000000,0.000000,0.000000,0.000000,0.000000,0.000000,0.000000,0.000000,0.000000,0.000000,0.000000,0.000000,0.000000,0.000000,0.000000,0.000000,0.000000,0.000000,0.000000,0.000000,0.000000,0.000000,0.000000,0.000000,0.000000,0.000000,0.000000,0.000000,0.000000,0.000000,0.000000,0.000000,0.000000,0.000000,0.000000,0.000000,0.000000,0.000000,0.000000,0.000000,0.000000,0.000000
F,Right,legacy_bisindo_2hand_F_97,0.000000,0.000000,-0.424065,-0.222891,-0.871002,-0.217373,-1.218566,-0.004053,-1.454036,0.195018,-1.062783,-0.392915,-1.646483,-0.436559,-1.975305,-0.429354,-2.262046,-0.409552,-0.955178,-0.296031,-1.603051,-0.031695,-1.990050,0.155244,-2.290048,0.297197,-0.814399,-0.112444,-1.228789,0.314489,-1.106553,0.364385,-0.964184,0.291533,-0.674797,0.102584,-0.974613,0.429516,-0.875583,0.434539,-0.741584,0.325230,0.000000,0.000000,0.000000,0.000000,0.000000,0.000000,0.000000,0.000000,0.000000,0.000000,0.000000,0.000000,0.000000,0.000000,0.000000,0.000000,0.000000,0.000000,0.000000,0.000000,0.000000,0.000000,0.000000,0.000000,0.000000,0.000000,0.000000,0.000000,0.000000,0.000000,0.000000,0.000000,0.000000,0.000000,0.000000,0.000000,0.000000,0.000000,0.000000,0.000000,0.000000,0.000000
F,Right,legacy_bisindo_2hand_F_98,0.000000,0.000000,-0.279309,-0.366978,-0.724316,-0.488173,-1.168350,-0.413899,-1.490251,-0.319904,-0.941732,-0.700757,-1.511695,-0.919707,-1.875235,-1.033997,-2.140477,-1.132381,-0.814396,-0.580309,-1.489821,-0.507864,-1.849863,-0.466901,-2.084466,-0.453130,-0.687843,-0.350520,-1.314657,-0.024520,-1.384404,0.103122,-1.318764,0.114552,-0.604208,-0.070495,-1.049906,0.153067,-1.035776,0.195613,-0.922872,0.145393,0.000000,0.000000,0.000000,0.000000,0.000000,0.000000,0.000000,0.000000,0.000000,0.000000,0.000000,0.000000,0.000000,0.000000,0.000000,0.000000,0.000000,0.000000,0.000000,0.000000,0.000000,0.000000,0.000000,0.000000,0.000000,0.000000,0.000000,0.000000,0.000000,0.000000,0.000000,0.000000,0.000000,0.000000,0.000000,0.000000,0.000000,0.000000,0.000000,0.000000,0.000000,0.000000
F,Right,legacy_bisindo_2hand_F_99,0.000000,0.000000,-0.352877,-0.315324,-0.780638,-0.342667,-1.154080,-0.186179,-1.432190,-0.008321,-1.008538,-0.499972,-1.591402,-0.606696,-1.930402,-0.633330,-2.207628,-0.649584,-0.912539,-0.408990,-1.571237,-0.198115,-1.944140,-0.066206,-2.213637,0.030262,-0.784037,-0.225637,-1.254286,0.209396,-1.211831,0.308083,-1.096579,0.288552,-0.673919,0.009431,-0.998119,0.304578,-0.928476,0.326828,-0.785355,0.242670,0.000000,0.000000,0.000000,0.000000,0.000000,0.000000,0.000000,0.000000,0.000000,0.000000,0.000000,0.000000,0.000000,0.000000,0.000000,0.000000,0.000000,0.000000,0.000000,0.000000,0.000000,0.000000,0.000000,0.000000,0.000000,0.000000,0.000000,0.000000,0.000000,0.000000,0.000000,0.000000,0.000000,0.000000,0.000000,0.000000,0.000000,0.000000,0.000000,0.000000,0.000000,0.000000
F,Right,legacy_bisindo_2hand_F_100,0.000000,0.000000,-0.358599,-0.330355,-0.808144,-0.374712,-1.213081,-0.199589,-1.502565,-0.001707,-0.997132,-0.593510,-1.584116,-0.755197,-1.919647,-0.811795,-2.208331,-0.855789,-0.868436,-0.495801,-1.545988,-0.337794,-1.931649,-0.235592,-2.222283,-0.170641,-0.736081,-0.290741,-1.284502,0.097036,-1.227266,0.207328,-1.082157,0.169074,-0.634209,-0.057929,-1.026017,0.213461,-0.941236,0.252068,-0.769819,0.169604,0.000000,0.000000,0.000000,0.000000,0.000000,0.000000,0.000000,0.000000,0.000000,0.000000,0.000000,0.000000,0.000000,0.000000,0.000000,0.000000,0.000000,0.000000,0.000000,0.000000,0.000000,0.000000,0.000000,0.000000,0.000000,0.000000,0.000000,0.000000,0.000000,0.000000,0.000000,0.000000,0.000000,0.000000,0.000000,0.000000,0.000000,0.000000,0.000000,0.000000,0.000000,0.000000
F,Right,legacy_bisindo_2hand_F_101,0.000000,0.000000,-0.406702,-0.253351,-0.849923,-0.260586,-1.219833,-0.050635,-1.479558,0.146718,-1.056512,-0.422034,-1.647596,-0.486952,-1.986266,-0.481902,-2.271681,-0.461737,-0.946266,-0.323389,-1.609243,-0.082066,-2.002590,0.089528,-2.295163,0.222185,-0.806685,-0.132418,-1.256320,0.282255,-1.147156,0.342012,-1.005020,0.276305,-0.674826,0.088733,-1.000018,0.405675,-0.897787,0.410615,-0.760282,0.299605,0.000000,0.000000,0.000000,0.000000,0.000000,0.000000,0.000000,0.000000,0.000000,0.000000,0.000000,0.000000,0.000000,0.000000,0.000000,0.000000,0.000000,0.000000,0.000000,0.000000,0.000000,0.000000,0.000000,0.000000,0.000000,0.000000,0.000000,0.000000,0.000000,0.000000,0.000000,0.000000,0.000000,0.000000,0.000000,0.000000,0.000000,0.000000,0.000000,0.000000,0.000000,0.000000
F,Right,legacy_bisindo_2hand_F_102,0.000000,0.000000,-0.457357,-0.101063,-0.906770,0.006290,-1.213494,0.286175,-1.412909,0.526014,-1.115022,-0.170925,-1.694372,-0.134027,-2.016706,-0.087685,-2.305075,-0.020004,-0.996735,-0.080739,-1.570058,0.239695,-1.930448,0.474767,-2.214055,0.663407,-0.830875,0.069893,-1.157439,0.527364,-1.016993,0.526598,-0.893259,0.404333,-0.660395,0.239053,-0.907118,0.620879,-0.802693,0.604727,-0.700408,0.464194,0.000000,0.000000,0.000000,0.000000,0.000000,0.000000,0.000000,0.000000,0.000000,0.000000,0.000000,0.000000,0.000000,0.000000,0.000000,0.000000,0.000000,0.000000,0.000000,0.000000,0.000000,0.000000,0.000000,0.000000,0.000000,0.000000,0.000000,0.000000,0.000000,0.000000,0.000000,0.000000,0.000000,0.000000,0.000000,0.000000,0.000000,0.000000,0.000000,0.000000,0.000000,0.000000
F,Right,legacy_bisindo_2hand_F_103,0.000000,0.000000,-0.244556,-0.407287,-0.667476,-0.566050,-1.119554,-0.531292,-1.432855,-0.447997,-0.902864,-0.748341,-1.438437,-0.996290,-1.779837,-1.155600,-2.031036,-1.289148,-0.790954,-0.611875,-1.467430,-0.594959,-1.854179,-0.590880,-2.102847,-0.586026,-0.693025,-0.362610,-1.344718,-0.081053,-1.427154,0.039957,-1.352301,0.053858,-0.627913,-0.072043,-1.095496,0.128725,-1.064792,0.175134,-0.933589,0.129370,0.000000,0.000000,0.245557,0.028930,0.484371,-0.139608,0.438466,-0.403372,0.291327,-0.665303,0.721162,-0.758001,0.844530,-1.088842,0.921007,-1.295533,0.970049,-1.490212,0.468930,-0.883236,0.386460,-0.922796,0.317778,-0.605904,0.374480,-0.538974,0.218357,-0.903993,0.094212,-0.750869,0.087225,-0.454784,0.195710,-0.458700,-0.005214,-0.863362,-0.092155,-0.684700,-0.077192,-0.465016,0.016197,-0.476228
F,Right,legacy_bisindo_2hand_F_104,0.000000,0.000000,0.468246,-0.218029,0.919536,-0.161427,1.257527,0.017309,1.423205,0.160829,1.021821,-0.522301,1.511460,-0.650722,1.843497,-0.717519,2.130076,-0.763798,0.921996,-0.387199,1.540700,-0.263713,1.961770,-0.155124,2.273309,-0.074000,0.768782,-0.182224,1.224067,0.214907,1.076293,0.246134,0.927634,0.174468,0.630724,0.071761,0.983444,0.358668,0.862680,0.346576,0.745443,0.231048,0.000000,0.000000,0.000000,0.000000,0.000000,0.000000,0.000000,0.000000,0.000000,0.000000,0.000000,0.000000,0.000000,0.000000,0.000000,0.000000,0.000000,0.000000,0.000000,0.000000,0.000000,0.000000,0.000000,0.000000,0.000000,0.000000,0.000000,0.000000,0.000000,0.000000,0.000000,0.000000,0.000000,0.000000,0.000000,0.000000,0.000000,0.000000,0.000000,0.000000,0.000000,0.000000
F,Right,legacy_bisindo_2hand_F_105,0.000000,0.000000,0.468246,-0.218029,0.919536,-0.161427,1.257527,0.017309,1.423205,0.160829,1.021821,-0.522301,1.511460,-0.650722,1.843497,-0.717519,2.130076,-0.763798,0.921996,-0.387199,1.540700,-0.263713,1.961770,-0.155124,2.273309,-0.074000,0.768782,-0.182224,1.224067,0.214907,1.076293,0.246134,0.927634,0.174468,0.630724,0.071761,0.983444,0.358668,0.862680,0.346576,0.745443,0.231048,0.000000,0.000000,0.000000,0.000000,0.000000,0.000000,0.000000,0.000000,0.000000,0.000000,0.000000,0.000000,0.000000,0.000000,0.000000,0.000000,0.000000,0.000000,0.000000,0.000000,0.000000,0.000000,0.000000,0.000000,0.000000,0.000000,0.000000,0.000000,0.000000,0.000000,0.000000,0.000000,0.000000,0.000000,0.000000,0.000000,0.000000,0.000000,0.000000,0.000000,0.000000,0.000000
F,Right,legacy_bisindo_2hand_F_106,0.000000,0.000000,-0.411172,-0.338666,-0.851256,-0.352242,-1.141499,-0.072171,-1.266053,0.204014,-1.015198,-0.103561,-1.592198,-0.155263,-1.928997,-0.171314,-2.199456,-0.189476,-0.967857,0.251501,-1.604435,0.396563,-1.992600,0.433813,-2.280515,0.474554,-0.857844,0.496232,-1.308971,0.463704,-1.239389,0.282738,-1.090976,0.187982,-0.720386,0.664337,-1.098488,0.589460,-1.078233,0.459692,-0.975229,0.358657,0.000000,0.000000,0.923953,0.027978,1.752475,0.274724,2.288908,0.639234,2.242747,0.916447,1.400887,-0.416217,2.003977,0.303081,1.946878,0.782626,1.695809,0.881855,0.947134,-0.320837,1.790344,0.663266,1.629227,0.964827,1.371083,0.851409,0.519001,-0.034874,1.265962,0.926122,1.127412,1.057848,0.903185,0.838266,0.150430,0.352900,0.790530,1.102874,0.747118,1.108571,0.612340,0.872170
F,Right,legacy_bisindo_2hand_F_107,0.000000,0.000000,-0.436533,-0.334783,-0.888060,-0.327849,-1.189409,-0.055786,-1.331214,0.204252,-1.026156,-0.108211,-1.610928,-0.142008,-1.968156,-0.130779,-2.250162,-0.128143,-0.968610,0.248586,-1.642139,0.408640,-2.052993,0.447821,-2.355281,0.487633,-0.856529,0.492079,-1.351719,0.464631,-1.299700,0.282016,-1.162059,0.185858,-0.723970,0.657085,-1.136824,0.588611,-1.125084,0.459835,-1.031771,0.347332,0.000000,0.000000,0.000000,0.000000,0.000000,0.000000,0.000000,0.000000,0.000000,0.000000,0.000000,0.000000,0.000000,0.000000,0.000000,0.000000,0.000000,0.000000,0.000000,0.000000,0.000000,0.000000,0.000000,0.000000,0.000000,0.000000,0.000000,0.000000,0.000000,0.000000,0.000000,0.000000,0.000000,0.000000,0.000000,0.000000,0.000000,0.000000,0.000000,0.000000,0.000000,0.000000
F,Right,legacy_bisindo_2hand_F_108,0.000000,0.000000,-0.436594,-0.315259,-0.880698,-0.323794,-1.189718,-0.101196,-1.337255,0.106995,-1.016464,-0.078920,-1.545207,-0.123493,-1.877697,-0.124843,-2.140689,-0.122886,-0.965054,0.262050,-1.572407,0.392547,-1.948478,0.427233,-2.226461,0.471503,-0.868941,0.496224,-1.323974,0.448833,-1.276631,0.260337,-1.136290,0.153625,-0.754146,0.643454,-1.112277,0.547676,-1.092089,0.412680,-0.994547,0.298840,0.000000,0.000000,0.000000,0.000000,0.000000,0.000000,0.000000,0.000000,0.000000,0.000000,0.000000,0.000000,0.000000,0.000000,0.000000,0.000000,0.000000,0.000000,0.000000,0.000000,0.000000,0.000000,0.000000,0.000000,0.000000,0.000000,0.000000,0.000000,0.000000,0.000000,0.000000,0.000000,0.000000,0.000000,0.000000,0.000000,0.000000,0.000000,0.000000,0.000000,0.000000,0.000000
F,Right,legacy_bisindo_2hand_F_109,0.000000,0.000000,-0.370306,-0.334253,-0.806174,-0.357277,-1.046813,-0.074086,-1.097141,0.203039,-1.009848,-0.081221,-1.548964,-0.121565,-1.874384,-0.126593,-2.127681,-0.146930,-0.965939,0.258768,-1.523177,0.367103,-1.888727,0.360112,-2.146064,0.352934,-0.844016,0.477161,-1.172234,0.364144,-1.103172,0.193498,-0.974033,0.119914,-0.687609,0.616132,-0.943206,0.454446,-0.909684,0.323540,-0.819553,0.254444,0.000000,0.000000,0.764276,-0.031310,1.532154,0.146287,2.108449,0.510000,2.207316,0.906818,1.362976,-0.506082,2.053092,0.376710,1.802500,0.720685,1.521093,0.695828,0.947149,-0.320795,1.763241,0.641177,1.516539,0.881863,1.222275,0.744189,0.551749,0.008430,1.243467,0.902246,0.985042,1.009926,0.723747,0.814298,0.196504,0.384124,0.711802,1.074132,0.556338,1.054845,0.380575,0.841814
F,Right,legacy_bisindo_2hand_F_110,0.000000,0.000000,0.744363,0.005051,1.347114,0.113151,1.777765,0.333667,1.889265,0.570897,1.228200,-0.564691,1.768911,0.083223,1.585203,0.463758,1.365252,0.504560,0.903141,-0.429343,1.553033,0.337860,1.319439,0.611474,1.099833,0.529296,0.594521,-0.175484,1.146240,0.543757,0.950271,0.691984,0.759043,0.540259,0.319726,0.125369,0.742697,0.689776,0.638539,0.756666,0.522910,0.611036,0.000000,0.000000,-0.390111,-0.316619,-0.808553,-0.320016,-1.040639,-0.053509,-1.113539,0.203452,-1.005033,-0.064943,-1.525093,-0.095467,-1.845202,-0.088841,-2.094564,-0.092428,-0.961363,0.275282,-1.515143,0.398878,-1.877439,0.421094,-2.143704,0.443933,-0.835472,0.500835,-1.167553,0.406006,-1.097022,0.224938,-0.963343,0.139826,-0.671483,0.643704,-0.918756,0.482355,-0.880670,0.342413,-0.788029,0.256326
F,Right,legacy_bisindo_2hand_F_111,0.000000,0.000000,-0.375928,-0.280245,-0.796332,-0.287299,-1.020978,-0.029129,-1.068859,0.237665,-1.003333,-0.080951,-1.529098,-0.117740,-1.821737,-0.118700,-2.054132,-0.127499,-0.975225,0.221217,-1.506636,0.314775,-1.845592,0.321578,-2.078994,0.329482,-0.863844,0.418051,-1.123825,0.326646,-1.037081,0.174439,-0.902009,0.112815,-0.715478,0.551546,-0.895813,0.422519,-0.847221,0.289519,-0.757583,0.210519,0.000000,0.000000,0.000000,0.000000,0.000000,0.000000,0.000000,0.000000,0.000000,0.000000,0.000000,0.000000,0.000000,0.000000,0.000000,0.000000,0.000000,0.000000,0.000000,0.000000,0.000000,0.000000,0.000000,0.000000,0.000000,0.000000,0.000000,0.000000,0.000000,0.000000,0.000000,0.000000,0.000000,0.000000,0.000000,0.000000,0.000000,0.000000,0.000000,0.000000,0.000000,0.000000
F,Right,legacy_bisindo_2hand_F_112,0.000000,0.000000,-0.226589,-0.485299,-0.665158,-0.637787,-1.048018,-0.547026,-1.269413,-0.431165,-0.863839,-0.635493,-1.318739,-0.784952,-1.559962,-0.880258,-1.779431,-0.962300,-0.938027,-0.346562,-1.424117,-0.216174,-1.690198,-0.149150,-1.895981,-0.094291,-0.939939,-0.089131,-1.212173,-0.080960,-1.146659,-0.090752,-1.059508,-0.049291,-0.886986,0.117499,-1.018237,-0.002162,-0.924126,-0.094238,-0.803808,-0.131362,0.000000,0.000000,0.340019,-0.227970,0.510777,-0.493976,0.564726,-0.705839,0.474320,-0.825175,0.201295,-1.044000,0.199927,-1.347824,0.204793,-1.573524,0.209903,-1.762322,-0.009757,-0.999952,0.296928,-0.934024,0.402001,-0.671590,0.421434,-0.494101,-0.156542,-0.838419,0.215617,-0.646891,0.299500,-0.430471,0.292841,-0.330104,-0.234038,-0.623551,0.101427,-0.450928,0.197772,-0.297853,0.215456,-0.228633
F,Right,legacy_bisindo_2hand_F_113,0.000000,0.000000,-0.066279,-0.530093,-0.389761,-0.775130,-0.736682,-0.740765,-0.979053,-0.479703,-0.580109,-0.864334,-0.857035,-0.671032,-0.767851,-0.549305,-0.699657,-0.487182,-0.820126,-0.572182,-1.328663,-0.722624,-1.626574,-0.839586,-1.881657,-0.914229,-0.984644,-0.232995,-1.479706,-0.259137,-1.670670,-0.213438,-1.801483,-0.202293,-1.023607,0.081642,-1.198208,-0.039592,-1.090131,-0.050648,-0.975663,-0.031737,0.000000,0.000000,0.000000,0.000000,0.000000,0.000000,0.000000,0.000000,0.000000,0.000000,0.000000,0.000000,0.000000,0.000000,0.000000,0.000000,0.000000,0.000000,0.000000,0.000000,0.000000,0.000000,0.000000,0.000000,0.000000,0.000000,0.000000,0.000000,0.000000,0.000000,0.000000,0.000000,0.000000,0.000000,0.000000,0.000000,0.000000,0.000000,0.000000,0.000000,0.000000,0.000000
F,Right,legacy_bisindo_2hand_F_114,0.000000,0.000000,-0.250817,-0.460883,-0.654175,-0.574160,-0.971806,-0.430736,-1.155353,-0.249657,-0.921414,-0.519819,-1.342937,-0.608424,-1.609814,-0.646214,-1.821324,-0.673151,-0.978683,-0.205375,-1.425835,-0.082092,-1.723889,0.002747,-1.936330,0.082790,-0.918911,0.062283,-1.080867,0.068650,-0.929224,-0.043249,-0.778807,-0.110076,-0.813321,0.288129,-0.847832,0.236751,-0.726826,0.161521,-0.614715,0.088567,0.000000,0.000000,0.452766,-0.248092,0.642725,-0.584808,0.757785,-0.844461,0.817254,-1.045825,0.326410,-1.054981,0.312574,-1.394144,0.399942,-1.569713,0.416687,-1.713514,0.225664,-0.974205,0.800466,-1.028377,0.845321,-0.755894,0.738315,-0.641637,0.208815,-0.765710,0.758823,-0.688730,0.741797,-0.469312,0.594530,-0.427691,0.253247,-0.522897,0.687505,-0.423006,0.680716,-0.271431,0.554364,-0.246438
F,Right,legacy_bisindo_2hand_F_115,0.000000,0.000000,-0.258238,-0.528185,-0.722019,-0.633058,-1.111756,-0.496433,-1.344397,-0.336446,-0.947648,-0.538077,-1.492305,-0.576711,-1.799478,-0.567291,-2.052593,-0.550242,-0.983870,-0.178884,-1.525043,-0.068847,-1.852035,-0.006387,-2.082517,0.074247,-0.933005,0.093768,-1.207415,-0.011461,-1.112908,-0.163531,-0.990774,-0.219145,-0.852376,0.281642,-0.989535,0.078350,-0.913954,-0.049933,-0.801002,-0.137470,0.000000,0.000000,0.000000,0.000000,0.000000,0.000000,0.000000,0.000000,0.000000,0.000000,0.000000,0.000000,0.000000,0.000000,0.000000,0.000000,0.000000,0.000000,0.000000,0.000000,0.000000,0.000000,0.000000,0.000000,0.000000,0.000000,0.000000,0.000000,0.000000,0.000000,0.000000,0.000000,0.000000,0.000000,0.000000,0.000000,0.000000,0.000000,0.000000,0.000000,0.000000,0.000000
F,Right,legacy_bisindo_2hand_F_116,0.000000,0.000000,-0.126449,-0.472516,-0.464580,-0.832694,-0.848854,-1.015191,-1.019821,-1.121262,-0.573491,-0.832405,-0.942873,-0.913632,-0.946919,-0.798057,-0.884125,-0.747615,-0.715981,-0.698120,-1.259186,-0.931447,-1.620457,-1.155451,-1.857402,-1.299615,-0.831584,-0.478868,-1.380868,-0.462496,-1.578821,-0.445875,-1.676830,-0.453787,-0.886011,-0.247031,-1.146197,-0.266895,-1.029848,-0.230931,-0.889623,-0.200559,0.000000,0.000000,0.344038,-0.405324,0.770668,-0.589604,1.185973,-0.535783,1.438795,-0.371767,0.550421,-1.095914,0.968093,-1.179733,1.133423,-1.099249,1.164485,-1.069816,0.483495,-0.875347,1.187718,-0.842144,1.314413,-0.556243,1.240678,-0.361276,0.465855,-0.525806,1.140483,-0.360647,1.133537,-0.129395,0.964503,-0.067867,0.485595,-0.125482,1.086016,-0.065367,1.082505,0.057467,0.946635,0.105512
F,Right,legacy_bisindo_2hand_F_117,0.000000,0.000000,-0.250153,-0.508616,-0.668904,-0.723956,-1.019387,-0.575641,-1.179115,-0.321549,-0.923144,-0.534834,-1.438279,-0.643444,-1.736961,-0.680485,-1.978088,-0.708190,-0.988283,-0.152630,-1.546803,-0.053702,-1.879606,0.010847,-2.106783,0.086438,-0.946620,0.140580,-1.159120,0.049918,-1.021971,-0.088666,-0.870758,-0.126865,-0.875080,0.365485,-0.952102,0.191919,-0.849161,0.090535,-0.743123,0.033115,0.000000,0.000000,1.032580,0.032726,1.903573,0.336252,2.522896,0.985074,3.045714,1.874974,1.322446,-1.138061,1.777088,-0.006810,1.993450,0.947251,2.072193,1.703345,0.598442,-0.801166,1.251747,0.846474,1.564211,1.721560,1.692714,2.300575,0.012591,-0.229359,0.684201,1.442400,0.836847,1.903091,0.833337,2.039968,-0.378610,0.422752,0.187027,1.790698,0.354148,2.121171,0.407290,2.207145
F,Right,legacy_bisindo_2hand_F_118,0.000000,0.000000,-0.294296,-0.423687,-0.636544,-0.549882,-0.877563,-0.374168,-0.973242,-0.160382,-0.954830,-0.350101,-1.423306,-0.455728,-1.661999,-0.483875,-1.848363,-0.503397,-0.999818,-0.019101,-1.445561,0.078267,-1.696939,0.157105,-1.868143,0.238790,-0.929915,0.199656,-1.076501,0.160016,-0.948995,0.034866,-0.825164,-0.011067,-0.823224,0.370463,-0.870013,0.247887,-0.778795,0.145051,-0.671417,0.083357,0.000000,0.000000,0.376740,-0.203701,0.579590,-0.428729,0.710614,-0.580193,0.796227,-0.655826,0.318174,-1.046048,0.314029,-1.292763,0.317995,-1.538380,0.327899,-1.726405,0.094298,-0.995544,0.458175,-0.831295,0.654034,-0.508034,0.755447,-0.256939,-0.054138,-0.769728,0.374880,-0.391548,0.491262,-0.124681,0.481893,-0.003441,-0.147132,-0.481120,0.220381,-0.155323,0.298761,-0.030980,0.275098,-0.029391
F,Right,legacy_bisindo_2hand_F_119,0.000000,0.000000,-0.229505,-0.443653,-0.630367,-0.567581,-0.970492,-0.453003,-1.162976,-0.316224,-0.911292,-0.500585,-1.386736,-0.641303,-1.656479,-0.688239,-1.859099,-0.724412,-0.984454,-0.175644,-1.444109,-0.127763,-1.705342,-0.088999,-1.877622,-0.039113,-0.951991,0.067647,-1.135203,0.038520,-1.046138,-0.044218,-0.936604,-0.062758,-0.876727,0.257885,-0.947702,0.157631,-0.864879,0.064344,-0.755709,0.012885,0.000000,0.000000,0.000000,0.000000,0.000000,0.000000,0.000000,0.000000,0.000000,0.000000,0.000000,0.000000,0.000000,0.000000,0.000000,0.000000,0.000000,0.000000,0.000000,0.000000,0.000000,0.000000,0.000000,0.000000,0.000000,0.000000,0.000000,0.000000,0.000000,0.000000,0.000000,0.000000,0.000000,0.000000,0.000000,0.000000,0.000000,0.000000,0.000000,0.000000,0.000000,0.000000
F,Right,legacy_bisindo_2hand_F_120,0.000000,0.000000,-0.314432,-0.331389,-0.709500,-0.426849,-1.009360,-0.389864,-1.214050,-0.381211,-0.932645,-0.437694,-1.427233,-0.609776,-1.698572,-0.708289,-1.916869,-0.794046,-0.989234,-0.146345,-1.434454,0.006678,-1.722774,0.097705,-1.953791,0.173725,-0.972477,0.116876,-1.133178,0.216834,-0.982503,0.130331,-0.839208,0.074598,-0.902233,0.357937,-0.943746,0.329387,-0.823712,0.255439,-0.708062,0.206967,0.000000,0.000000,0.415183,-0.312352,0.674754,-0.667461,0.769875,-0.807714,0.591024,-0.693910,0.221033,-1.073515,0.166308,-1.393657,0.106953,-1.614958,0.062820,-1.799876,-0.022210,-0.999753,0.240657,-0.991544,0.412981,-0.812960,0.518901,-0.655063,-0.158130,-0.788447,0.306582,-0.472478,0.519839,-0.263188,0.623476,-0.161499,-0.208080,-0.525434,0.201099,-0.242759,0.342025,-0.102662,0.418432,-0.054693
F,Right,legacy_bisindo_2hand_F_121,0.000000,0.000000,0.524525,-0.009835,0.792513,-0.060863,0.828264,0.132194,0.692608,0.413758,0.502605,-0.977727,0.491810,-1.222904,0.469754,-1.365946,0.439082,-1.494776,0.149713,-0.988730,0.313652,-0.452581,0.480726,-0.017420,0.639029,0.197564,-0.122074,-0.797154,0.166573,-0.162757,0.397991,0.192892,0.565187,0.362299,-0.299453,-0.545255,-0.008419,-0.022966,0.209188,0.266459,0.383122,0.390546,0.000000,0.000000,-0.265083,-0.475425,-0.708955,-0.594112,-1.089730,-0.618914,-1.235158,-0.799490,-0.947282,-0.508104,-1.400011,-0.613339,-1.680257,-0.678445,-1.906732,-0.728617,-0.982842,-0.184447,-1.464882,-0.040733,-1.789250,0.027386,-2.033751,0.096815,-0.912152,0.083936,-1.098584,0.076865,-0.985249,-0.031524,-0.859030,-0.072972,-0.800971,0.307085,-0.880677,0.218207,-0.801003,0.119293,-0.710301,0.046644
F,Right,legacy_bisindo_2hand_F_122,0.000000,0.000000,-0.001773,-0.542821,-0.332866,-0.922982,-0.662196,-1.053194,-0.838021,-0.904483,-0.694624,-0.749306,-1.156682,-0.950987,-1.355320,-1.049530,-1.534530,-1.116799,-0.870757,-0.491713,-1.392461,-0.616333,-1.701172,-0.703422,-1.963381,-0.722455,-0.957261,-0.236835,-1.387520,-0.317519,-1.566206,-0.419333,-1.691764,-0.455706,-0.936012,-0.049980,-1.072963,-0.184189,-0.991755,-0.241927,-0.868059,-0.227104,0.000000,0.000000,0.491640,-0.206233,0.965003,-0.222077,1.325629,-0.062223,1.566079,0.096130,0.807622,-0.905373,1.009725,-1.224017,1.130916,-1.299623,1.168190,-1.379038,0.569466,-0.822015,1.081021,-0.526738,1.178870,-0.119438,1.126978,0.137768,0.353553,-0.534459,0.862116,-0.035275,0.842239,0.229263,0.677666,0.282223,0.178192,-0.203247,0.591149,0.202462,0.730406,0.436841,0.760730,0.543789
F,Right,legacy_bisindo_2hand_F_123,0.000000,0.000000,-0.190877,-0.524425,-0.572886,-0.728917,-0.935334,-0.704116,-1.152741,-0.607030,-0.854116,-0.583169,-1.330417,-0.781255,-1.611011,-0.859599,-1.858603,-0.923569,-0.960442,-0.278480,-1.480164,-0.219069,-1.760545,-0.130721,-1.977233,-0.047845,-0.947098,-0.048611,-1.214773,-0.095796,-1.192736,-0.149744,-1.141390,-0.147688,-0.870279,0.118091,-0.952665,-0.041258,-0.892379,-0.133326,-0.786842,-0.174986,0.000000,0.000000,0.000000,0.000000,0.000000,0.000000,0.000000,0.000000,0.000000,0.000000,0.000000,0.000000,0.000000,0.000000,0.000000,0.000000,0.000000,0.000000,0.000000,0.000000,0.000000,0.000000,0.000000,0.000000,0.000000,0.000000,0.000000,0.000000,0.000000,0.000000,0.000000,0.000000,0.000000,0.000000,0.000000,0.000000,0.000000,0.000000,0.000000,0.000000,0.000000,0.000000
F,Right,legacy_bisindo_2hand_F_124,0.000000,0.000000,-0.236837,-0.496756,-0.635523,-0.704541,-0.972384,-0.538886,-1.108636,-0.320877,-0.898433,-0.492307,-1.387666,-0.653492,-1.656333,-0.719468,-1.853388,-0.776519,-0.991817,-0.127669,-1.468411,-0.274525,-1.714088,-0.350328,-1.887988,-0.372022,-0.976290,0.144027,-1.276301,-0.026545,-1.146632,-0.156753,-0.988152,-0.181367,-0.907462,0.354330,-1.077838,0.163626,-0.997387,0.050247,-0.880897,0.003489,0.000000,0.000000,0.366541,-0.291247,0.528171,-0.585777,0.638094,-0.769634,0.748825,-0.862695,0.210200,-1.095564,0.230651,-1.469122,0.244191,-1.717517,0.253524,-1.933470,0.038778,-0.999248,0.442929,-1.144909,0.668404,-0.903541,0.776964,-0.677734,-0.042413,-0.774035,0.462802,-0.662176,0.574974,-0.383547,0.554022,-0.223028,-0.058159,-0.509870,0.371002,-0.372612,0.506704,-0.223682,0.525926,-0.149433
F,Right,legacy_bisindo_2hand_F_125,0.000000,0.000000,-0.204308,-0.537226,-0.636903,-0.794268,-1.003159,-0.707461,-1.197148,-0.439342,-0.818694,-0.729984,-1.333613,-0.715501,-1.514069,-0.657062,-1.670606,-0.645177,-0.923693,-0.383133,-1.555230,-0.244266,-1.912031,-0.105782,-2.179073,0.037180,-0.952549,-0.051641,-1.315632,0.028084,-1.303256,0.056495,-1.238849,0.109113,-0.914752,0.215198,-1.059172,0.133524,-0.954467,0.066727,-0.823745,0.069929,0.000000,0.000000,1.569352,0.242733,2.713870,1.103237,2.899884,2.569831,2.211324,3.696333,1.147860,-1.295399,1.380293,0.445908,1.561996,1.674311,1.472876,2.520491,-0.201380,-0.979513,0.680201,2.327237,1.364458,2.668823,1.394326,2.203573,-1.244551,-0.294548,-0.204710,2.746477,0.448204,2.677878,0.346798,1.906600,-1.894916,0.488663,-0.869226,2.604915,-0.291467,2.577372,-0.309269,1.866099
F,Right,legacy_bisindo_2hand_F_126,0.000000,0.000000,0.015596,-0.440493,-0.286490,-0.799045,-0.617445,-0.879427,-0.882928,-0.798837,-0.495506,-0.901093,-0.915166,-1.088905,-1.170161,-1.145766,-1.386067,-1.192687,-0.650307,-0.759671,-1.189526,-0.887030,-1.508511,-0.958712,-1.773245,-1.022258,-0.756123,-0.565528,-1.204283,-0.613928,-1.469018,-0.671351,-1.688409,-0.724528,-0.779328,-0.345977,-0.904569,-0.384353,-0.847839,-0.350502,-0.776865,-0.289872,0.000000,0.000000,0.000000,0.000000,0.000000,0.000000,0.000000,0.000000,0.000000,0.000000,0.000000,0.000000,0.000000,0.000000,0.000000,0.000000,0.000000,0.000000,0.000000,0.000000,0.000000,0.000000,0.000000,0.000000,0.000000,0.000000,0.000000,0.000000,0.000000,0.000000,0.000000,0.000000,0.000000,0.000000,0.000000,0.000000,0.000000,0.000000,0.000000,0.000000,0.000000,0.000000
F,Right,legacy_bisindo_2hand_F_127,0.000000,0.000000,0.440688,-0.185958,0.686748,-0.398025,0.746764,-0.428777,0.547721,-0.378611,0.395428,-1.024451,0.371255,-1.339269,0.354844,-1.514034,0.305851,-1.678312,0.118612,-0.992941,0.305033,-0.966577,0.447727,-0.643747,0.488057,-0.430786,-0.069935,-0.803425,0.217129,-0.518373,0.336375,-0.283367,0.318510,-0.228160,-0.170869,-0.551502,0.107909,-0.217284,0.197406,-0.108978,0.176021,-0.162063,0.000000,0.000000,-0.182377,-0.552094,-0.586483,-0.750024,-0.903726,-0.598191,-1.084156,-0.362152,-0.898795,-0.585689,-1.409612,-0.662805,-1.701074,-0.703772,-1.951564,-0.741653,-0.968726,-0.248131,-1.513509,-0.040318,-1.853659,0.078518,-2.131999,0.171789,-0.924210,0.058331,-1.136546,0.125391,-0.973248,0.023793,-0.831533,-0.042906,-0.834766,0.306945,-0.901473,0.262421,-0.765034,0.122767,-0.625987,0.029483
F,Right,legacy_bisindo_2hand_F_128,0.000000,0.000000,0.368520,-0.326472,0.764108,-0.474411,1.096787,-0.382062,1.276988,-0.187954,0.542766,-1.017328,0.699071,-1.458460,0.886586,-1.675715,0.984618,-1.842268,0.437553,-0.899193,1.104220,-0.849034,1.129068,-0.564688,0.983104,-0.437908,0.368003,-0.622949,1.026011,-0.444407,0.934236,-0.229163,0.721675,-0.226275,0.347044,-0.306122,0.881266,-0.165297,0.805073,-0.057635,0.608224,-0.082182,0.000000,0.000000,-0.031977,-0.583404,-0.399280,-0.864747,-0.756358,-0.882688,-0.992958,-0.762987,-0.716356,-0.825466,-1.194104,-0.996076,-1.447734,-1.057696,-1.655133,-1.102000,-0.834877,-0.550437,-1.355308,-0.540399,-1.662698,-0.546407,-1.914559,-0.505184,-0.849610,-0.283099,-1.090374,-0.350406,-0.995083,-0.429269,-0.920006,-0.464236,-0.813388,-0.064295,-0.871392,-0.212494,-0.732063,-0.302498,-0.580974,-0.333395
F,Right,legacy_bisindo_2hand_F_129,0.000000,0.000000,-0.196696,-0.496789,-0.557375,-0.703417,-0.856275,-0.632510,-1.056813,-0.487807,-0.822013,-0.668177,-1.301794,-0.784609,-1.571302,-0.832720,-1.791527,-0.884713,-0.930897,-0.365282,-1.404213,-0.329377,-1.678133,-0.298489,-1.885372,-0.260138,-0.917763,-0.091142,-1.036925,-0.123186,-0.865082,-0.204775,-0.734185,-0.231228,-0.866796,0.153232,-0.867975,0.051764,-0.753526,-0.024089,-0.642681,-0.074012,0.000000,0.000000,0.312515,-0.207559,0.488326,-0.379900,0.619376,-0.467615,0.698441,-0.479450,0.324221,-1.028192,0.349659,-1.332525,0.349930,-1.591637,0.352835,-1.804806,0.059256,-0.998243,0.365689,-0.748677,0.502640,-0.408580,0.552870,-0.148715,-0.136373,-0.795224,0.223403,-0.443366,0.349985,-0.165245,0.383900,0.003880,-0.274266,-0.535860,0.023831,-0.232583,0.149688,-0.067390,0.205402,0.002706
F,Right,legacy_bisindo_2hand_F_130,0.000000,0.000000,-0.134973,-0.490606,-0.443369,-0.724109,-0.777519,-0.740602,-0.989603,-0.647218,-0.709448,-0.791209,-1.109748,-1.113601,-1.330876,-1.298735,-1.514491,-1.453555,-0.808723,-0.588189,-1.395464,-0.528848,-1.688395,-0.414446,-1.902403,-0.340816,-0.849335,-0.329678,-1.294702,-0.259920,-1.530967,-0.275245,-1.684186,-0.288335,-0.831962,-0.052898,-0.959963,-0.079256,-0.898209,-0.121737,-0.818878,-0.140550,0.000000,0.000000,0.366597,-0.242594,0.542036,-0.467705,0.550087,-0.495767,0.321665,-0.409675,0.350456,-1.075345,0.316626,-1.386634,0.231656,-1.407034,0.082508,-1.398140,0.076014,-0.997107,0.211117,-0.932265,0.325877,-0.638672,0.334458,-0.505294,-0.125235,-0.792785,0.098676,-0.490877,0.234494,-0.295597,0.211431,-0.303616,-0.236687,-0.527139,0.013228,-0.185871,0.125725,-0.078264,0.111084,-0.141606
F,Right,legacy_bisindo_2hand_F_131,0.000000,0.000000,-0.321731,-0.410788,-0.734678,-0.438749,-1.032163,-0.239854,-1.195947,-0.046998,-0.962131,-0.338004,-1.449381,-0.361964,-1.731083,-0.373802,-1.948158,-0.388460,-0.999842,-0.017783,-1.484169,0.042598,-1.784855,0.075609,-1.976557,0.115980,-0.954756,0.244805,-1.339195,0.293788,-1.397066,0.286889,-1.349976,0.314572,-0.865277,0.439660,-1.147003,0.457560,-1.175111,0.426886,-1.110547,0.407269,0.000000,0.000000,0.405665,-0.367742,0.488030,-0.725304,0.536805,-1.003938,0.544703,-1.223761,0.148890,-1.061946,0.180928,-1.543046,0.273997,-1.769878,0.364306,-1.909345,0.047997,-0.998847,0.570537,-1.208193,0.764061,-0.966300,0.815898,-0.765141,0.046158,-0.852561,0.581932,-0.977800,0.771563,-0.747000,0.802878,-0.581368,0.113634,-0.686396,0.480916,-0.829342,0.683067,-0.733982,0.787635,-0.630386
F,Right,legacy_bisindo_2hand_F_132,0.000000,0.000000,-0.169028,-0.519006,-0.057731,-1.021506,0.194528,-1.340640,0.394903,-1.435956,0.306343,-1.033227,0.448057,-1.490725,0.428156,-1.606818,0.378883,-1.620948,0.547131,-0.837047,0.653533,-1.300508,0.554679,-1.429497,0.448970,-1.455247,0.710395,-0.645692,0.714122,-1.076387,0.595382,-1.182240,0.489996,-1.171664,0.810072,-0.467546,0.744396,-0.861375,0.644378,-0.967856,0.566924,-0.970180,0.000000,0.000000,-0.523343,0.049635,-0.969971,-0.210733,-1.263077,-0.542787,-1.357178,-0.827700,-0.986063,-0.371671,-1.431047,-0.512112,-1.652483,-0.560217,-1.845502,-0.601225,-0.788850,-0.614586,-1.343331,-0.894818,-1.706447,-1.040971,-1.993943,-1.119084,-0.606417,-0.771945,-1.086422,-0.792464,-1.049013,-0.627977,-0.951622,-0.509759,-0.454491,-0.862628,-0.893718,-0.839900,-0.878614,-0.703520,-0.776918,-0.603812
F,Right,legacy_bisindo_2hand_F_133,0.000000,0.000000,0.427903,-0.115620,0.648486,-0.267661,0.748709,-0.303783,0.584426,-0.256039,0.392176,-1.043034,0.314370,-1.420304,0.278289,-1.717651,0.230123,-1.936959,0.046159,-0.998934,0.182830,-0.778564,0.321651,-0.385897,0.408228,-0.166765,-0.210478,-0.787756,0.020445,-0.433129,0.221738,-0.111804,0.331829,0.044740,-0.378616,-0.504144,-0.119534,-0.156634,0.091020,0.077517,0.237938,0.182224,0.000000,0.000000,-0.219331,-0.473108,-0.624663,-0.618747,-1.001698,-0.491618,-1.273421,-0.314489,-0.893755,-0.639672,-1.398084,-0.807427,-1.700102,-0.943070,-1.930929,-1.073797,-0.934044,-0.357158,-1.501460,-0.156420,-1.821473,-0.041355,-2.047158,0.032453,-0.892615,-0.054124,-1.096676,0.105129,-0.914752,0.083401,-0.763143,0.052370,-0.834284,0.230172,-0.909691,0.274866,-0.755973,0.223531,-0.639721,0.142692
F,Right,legacy_bisindo_2hand_F_134,0.000000,0.000000,0.387339,-0.252292,0.626964,-0.458817,0.723401,-0.496604,0.583323,-0.401454,0.317902,-1.068035,0.325040,-1.421857,0.288301,-1.645994,0.239819,-1.816044,0.064467,-0.997920,0.299993,-0.799527,0.430287,-0.526129,0.490014,-0.350712,-0.115018,-0.785982,0.213573,-0.437532,0.368813,-0.210865,0.419786,-0.097883,-0.210479,-0.523141,0.092312,-0.239297,0.239621,-0.092229,0.312668,-0.034724,0.000000,0.000000,0.000000,0.000000,0.000000,0.000000,0.000000,0.000000,0.000000,0.000000,0.000000,0.000000,0.000000,0.000000,0.000000,0.000000,0.000000,0.000000,0.000000,0.000000,0.000000,0.000000,0.000000,0.000000,0.000000,0.000000,0.000000,0.000000,0.000000,0.000000,0.000000,0.000000,0.000000,0.000000,0.000000,0.000000,0.000000,0.000000,0.000000,0.000000,0.000000,0.000000
F,Right,legacy_bisindo_2hand_F_135,0.000000,0.000000,-0.355381,-0.332841,-0.816285,-0.376717,-1.227877,-0.199200,-1.521167,-0.014701,-0.996780,-0.598125,-1.596253,-0.756300,-1.938847,-0.805716,-2.228667,-0.838143,-0.871567,-0.490277,-1.544459,-0.326797,-1.927685,-0.234858,-2.212349,-0.173384,-0.741321,-0.282975,-1.289001,0.105413,-1.226472,0.211238,-1.080407,0.175954,-0.639485,-0.046456,-1.034860,0.223833,-0.950368,0.258854,-0.778901,0.175917,0.000000,0.000000,0.000000,0.000000,0.000000,0.000000,0.000000,0.000000,0.000000,0.000000,0.000000,0.000000,0.000000,0.000000,0.000000,0.000000,0.000000,0.000000,0.000000,0.000000,0.000000,0.000000,0.000000,0.000000,0.000000,0.000000,0.000000,0.000000,0.000000,0.000000,0.000000,0.000000,0.000000,0.000000,0.000000,0.000000,0.000000,0.000000,0.000000,0.000000,0.000000,0.000000
F,Right,legacy_bisindo_2hand_F_136,0.000000,0.000000,-0.274176,-0.326981,-0.665124,-0.442138,-1.002443,-0.358192,-1.226132,-0.186023,-0.802160,-0.692767,-1.311797,-0.762191,-1.596902,-0.785096,-1.815478,-0.834594,-0.828585,-0.559863,-1.369407,-0.479060,-1.696449,-0.427252,-1.936359,-0.433319,-0.829727,-0.367097,-1.225033,-0.076187,-1.314468,0.083708,-1.349393,0.167823,-0.811451,-0.135836,-1.026258,0.075139,-1.028128,0.167188,-1.005788,0.225116,0.000000,0.000000,0.000000,0.000000,0.000000,0.000000,0.000000,0.000000,0.000000,0.000000,0.000000,0.000000,0.000000,0.000000,0.000000,0.000000,0.000000,0.000000,0.000000,0.000000,0.000000,0.000000,0.000000,0.000000,0.000000,0.000000,0.000000,0.000000,0.000000,0.000000,0.000000,0.000000,0.000000,0.000000,0.000000,0.000000,0.000000,0.000000,0.000000,0.000000,0.000000,0.000000
F,Right,legacy_bisindo_2hand_F_137,0.000000,0.000000,0.300534,-0.115246,0.484734,-0.309139,0.402866,-0.502027,0.192660,-0.612210,0.372642,-0.976843,0.434604,-1.211006,0.500650,-1.393500,0.542728,-1.542317,0.082094,-0.996625,0.144275,-0.823420,0.191418,-0.548150,0.226633,-0.479939,-0.160083,-0.895867,-0.068707,-0.626108,0.049120,-0.390199,0.131144,-0.369347,-0.349470,-0.726855,-0.239118,-0.507450,-0.119397,-0.319709,-0.042921,-0.286567,0.000000,0.000000,-0.306678,-0.355924,-0.710071,-0.465508,-1.063746,-0.388130,-1.295145,-0.254890,-0.872931,-0.627152,-1.325663,-0.741957,-1.577717,-0.830560,-1.806622,-0.920493,-0.876076,-0.482174,-1.402293,-0.356956,-1.756764,-0.320254,-2.038196,-0.296901,-0.844923,-0.267480,-1.141952,0.104071,-1.057031,0.172204,-0.950322,0.145515,-0.796576,-0.017857,-0.969290,0.260392,-0.866547,0.280371,-0.755406,0.229078
F,Right,legacy_bisindo_2hand_F_138,0.000000,0.000000,-0.228842,-0.373568,-0.629898,-0.518113,-0.969477,-0.450699,-1.201270,-0.279953,-0.775986,-0.733059,-1.262958,-0.828565,-1.532618,-0.865378,-1.746581,-0.923992,-0.811941,-0.583740,-1.352020,-0.415948,-1.643822,-0.309327,-1.838276,-0.272467,-0.822464,-0.379555,-1.241771,-0.167300,-1.426726,-0.138183,-1.552823,-0.170017,-0.798636,-0.151515,-0.975891,0.019885,-0.954177,0.051915,-0.911990,0.047328,0.000000,0.000000,0.236470,-0.223768,0.379452,-0.567129,0.231465,-0.852698,-0.033949,-0.959281,0.255007,-1.054770,0.260176,-1.378285,0.241293,-1.231631,0.223602,-1.112398,-0.014477,-0.999895,-0.045814,-1.229833,0.008877,-0.893621,0.048087,-0.837347,-0.256846,-0.886485,-0.297743,-1.017802,-0.177869,-0.699368,-0.136762,-0.639798,-0.492345,-0.737549,-0.493735,-0.832549,-0.378390,-0.640424,-0.324596,-0.595308
F,Right,legacy_bisindo_2hand_F_139,0.000000,0.000000,-0.296736,-0.224242,-0.466881,-0.480133,-0.537586,-0.671391,-0.443091,-0.790863,-0.146258,-1.058090,-0.135519,-1.491889,-0.163444,-1.721183,-0.182529,-1.879157,0.087197,-0.996191,-0.229167,-0.928668,-0.362750,-0.615620,-0.368836,-0.428970,0.235877,-0.820925,-0.175158,-0.639057,-0.262669,-0.393035,-0.220756,-0.285451,0.326534,-0.606362,-0.026979,-0.441456,-0.118716,-0.263840,-0.077618,-0.191861,0.000000,0.000000,0.238041,-0.471274,0.667756,-0.584618,1.030597,-0.417015,1.229911,-0.221532,0.914417,-0.544241,1.397596,-0.733315,1.674503,-0.849825,1.896050,-0.921974,0.966905,-0.255135,1.493273,-0.182341,1.829502,-0.139537,2.063439,-0.073346,0.963517,-0.009772,1.246698,-0.052352,1.139270,-0.154253,0.979539,-0.192684,0.949419,0.188062,1.089699,0.021491,0.984190,-0.076809,0.857856,-0.085242
F,Right,legacy_bisindo_2hand_F_140,0.000000,0.000000,-0.882444,-0.858482,-2.287273,-1.360092,-3.739468,-1.418611,-4.774996,-1.095514,-1.657913,-1.173425,-3.646496,0.751790,-4.168934,1.896826,-4.057080,2.231832,-0.937880,0.346959,-3.974186,2.438770,-4.234552,3.249427,-3.752142,3.412053,-0.374797,1.631987,-3.222550,3.540638,-3.464910,4.114713,-3.042797,4.160294,-0.018145,2.699997,-2.055777,4.176481,-2.441737,4.547597,-2.257083,4.552068,0.000000,0.000000,0.189371,-0.526194,0.577358,-0.749408,0.949996,-0.676688,1.153939,-0.531120,0.781288,-0.734105,1.322411,-0.888100,1.623572,-0.945739,1.824532,-0.961762,0.931666,-0.363315,1.520785,-0.336063,1.810961,-0.303814,1.978364,-0.259839,0.998707,-0.016937,1.197169,-0.126030,1.087833,-0.204981,0.951232,-0.235333,0.984393,0.249963,1.076780,0.076430,0.997508,-0.005931,0.886391,-0.046160
F,Right,legacy_bisindo_2hand_F_141,0.000000,0.000000,0.128005,-0.598614,0.473419,-0.900183,0.775622,-0.842401,0.912558,-0.664793,0.899028,-0.626865,1.316014,-0.827334,1.535330,-0.927591,1.724193,-0.995368,0.955618,-0.294609,1.410958,-0.279172,1.648340,-0.271077,1.847637,-0.266958,0.926629,-0.058745,1.120816,-0.226652,0.951471,-0.344313,0.818051,-0.351272,0.866605,0.101593,0.937348,-0.088454,0.816565,-0.186831,0.693647,-0.194493,0.000000,0.000000,0.000000,0.000000,0.000000,0.000000,0.000000,0.000000,0.000000,0.000000,0.000000,0.000000,0.000000,0.000000,0.000000,0.000000,0.000000,0.000000,0.000000,0.000000,0.000000,0.000000,0.000000,0.000000,0.000000,0.000000,0.000000,0.000000,0.000000,0.000000,0.000000,0.000000,0.000000,0.000000,0.000000,0.000000,0.000000,0.000000,0.000000,0.000000,0.000000,0.000000
F,Right,legacy_bisindo_2hand_F_142,0.000000,0.000000,0.242406,-0.478440,0.645444,-0.611833,0.992437,-0.500595,1.119667,-0.304706,0.916381,-0.512541,1.424211,-0.610485,1.705037,-0.668960,1.905144,-0.696130,0.979173,-0.203029,1.479446,-0.092311,1.775947,-0.016215,1.970859,0.076319,0.951994,0.071167,1.092159,0.075152,0.942229,0.028703,0.779625,0.020074,0.880627,0.298663,0.912094,0.223435,0.780433,0.187627,0.648071,0.189335,0.000000,0.000000,-0.377508,-0.313217,-0.554347,-0.608114,-0.710254,-0.841904,-0.802374,-1.039461,-0.280614,-1.083404,-0.330898,-1.431338,-0.385492,-1.615774,-0.435232,-1.767249,-0.181372,-0.983415,-0.700918,-1.008936,-0.726483,-0.794026,-0.621255,-0.674755,-0.167150,-0.782463,-0.705843,-0.671748,-0.673191,-0.491051,-0.542469,-0.449602,-0.203169,-0.557772,-0.637538,-0.444761,-0.629051,-0.315844,-0.517734,-0.297681
F,Right,legacy_bisindo_2hand_F_143,0.000000,0.000000,0.295080,-0.458383,0.727617,-0.550771,1.083073,-0.414627,1.280306,-0.267309,0.976821,-0.472635,1.509488,-0.631148,1.845778,-0.752147,2.096463,-0.809203,0.993912,-0.110176,1.542305,0.028733,1.902028,0.125088,2.176196,0.229828,0.933810,0.211080,1.108566,0.161210,0.967988,0.071966,0.817386,0.025838,0.831997,0.459399,0.922993,0.344639,0.814321,0.279865,0.701783,0.262752,0.000000,0.000000,-0.333530,-0.113947,-0.601547,-0.302626,-0.672484,-0.423201,-0.474151,-0.478910,-0.349846,-0.990299,-0.344654,-1.331896,-0.359289,-1.507220,-0.349236,-1.639622,-0.076488,-0.997071,-0.313426,-0.640630,-0.368335,-0.367292,-0.312035,-0.294809,0.120298,-0.842791,-0.172335,-0.363816,-0.224735,-0.160901,-0.157700,-0.166090,0.265189,-0.632546,-0.011392,-0.233330,-0.082305,-0.063515,-0.045980,-0.071088
F,Right,legacy_bisindo_2hand_F_144,0.000000,0.000000,0.077312,-0.653325,0.460359,-1.029080,0.883027,-1.117795,1.092030,-1.197493,0.746250,-0.805754,1.269357,-1.168246,1.553915,-1.362217,1.778427,-1.489357,0.896280,-0.443489,1.451460,-0.492451,1.819846,-0.500364,2.089534,-0.474864,0.915493,-0.169451,1.104392,-0.409890,0.942371,-0.485266,0.777008,-0.450841,0.872018,0.041379,0.965082,-0.206250,0.842694,-0.274604,0.718609,-0.248432,0.000000,0.000000,-0.232650,-0.470149,-0.552426,-0.783375,-0.913114,-0.916689,-1.164016,-0.929092,-0.513670,-1.140548,-1.064435,-0.957712,-1.218630,-0.698547,-1.192304,-0.545112,-0.442111,-0.896960,-1.108663,-0.740606,-1.220673,-0.510734,-1.184702,-0.368909,-0.423891,-0.582622,-1.093227,-0.367812,-1.075318,-0.170186,-0.908546,-0.119696,-0.449440,-0.255613,-1.007382,-0.143226,-0.990635,-0.020957,-0.838635,0.012312
F,Right,legacy_bisindo_2hand_F_145,0.000000,0.000000,0.253831,-0.516808,0.653201,-0.738053,0.970270,-0.638438,0.978863,-0.378203,0.944319,-0.511470,1.470433,-0.633010,1.764303,-0.686415,1.981287,-0.699884,0.987536,-0.157393,1.539234,-0.089210,1.858251,-0.033295,2.077586,0.034259,0.952109,0.121229,1.149151,-0.013336,1.002792,-0.084311,0.829439,-0.092315,0.869922,0.341760,0.971116,0.156798,0.849547,0.102474,0.703590,0.100567,0.000000,0.000000,-0.791501,-0.055108,-1.343521,0.054440,-1.722383,0.521706,-1.954394,0.999255,-0.920852,-1.025325,-1.160519,-1.280237,-1.260707,-1.307412,-1.334009,-1.218974,-0.429036,-0.903288,-0.981226,0.143892,-1.312109,0.805323,-1.470029,1.316150,-0.016719,-0.535273,-0.611530,0.555817,-0.848643,1.033851,-0.992629,1.369163,0.240727,-0.087473,-0.183096,0.674874,-0.363926,0.997552,-0.484166,1.212120
F,Right,legacy_bisindo_2hand_F_146,0.000000,0.000000,0.310133,-0.433910,0.669591,-0.552098,0.900991,-0.426181,0.972046,-0.296198,0.993818,-0.297356,1.424615,-0.407180,1.660494,-0.471759,1.828454,-0.509504,0.999971,0.007578,1.483006,0.121046,1.743823,0.165083,1.934331,0.221016,0.942449,0.220225,1.150352,0.103474,1.070849,-0.010391,0.967992,-0.058856,0.849326,0.333778,0.947897,0.177148,0.885752,0.071367,0.793390,0.008368,0.000000,0.000000,-0.294617,-0.169181,-0.542543,-0.393607,-0.723596,-0.572066,-0.772750,-0.648538,-0.374784,-1.033824,-0.362162,-1.411044,-0.358747,-1.649205,-0.354432,-1.814614,-0.107202,-0.994237,-0.464176,-0.793323,-0.644989,-0.425309,-0.705882,-0.152458,0.076431,-0.772056,-0.329992,-0.436753,-0.460585,-0.169277,-0.477009,-0.010554,0.193740,-0.486897,-0.151029,-0.196360,-0.258316,-0.024992,-0.251384,0.050418
F,Right,legacy_bisindo_2hand_F_147,0.000000,0.000000,0.193725,0.375071,0.445930,0.640855,0.591003,0.849168,0.675512,0.997125,0.879249,0.376904,0.963163,0.106995,0.900279,-0.037068,0.871765,-0.077499,0.997893,0.064878,1.159471,-0.069803,1.113071,-0.105454,1.080249,-0.053221,1.031937,-0.276572,1.439025,-0.280186,1.678353,-0.206478,1.874259,-0.096204,0.973866,-0.595600,1.385302,-0.730200,1.609116,-0.791614,1.826668,-0.814456,0.000000,0.000000,0.000000,0.000000,0.000000,0.000000,0.000000,0.000000,0.000000,0.000000,0.000000,0.000000,0.000000,0.000000,0.000000,0.000000,0.000000,0.000000,0.000000,0.000000,0.000000,0.000000,0.000000,0.000000,0.000000,0.000000,0.000000,0.000000,0.000000,0.000000,0.000000,0.000000,0.000000,0.000000,0.000000,0.000000,0.000000,0.000000,0.000000,0.000000,0.000000,0.000000
F,Right,legacy_bisindo_2hand_F_148,0.000000,0.000000,0.406735,-0.219296,0.867809,-0.172867,1.146734,0.020157,1.199805,0.218893,0.988277,-0.088401,1.502282,-0.402054,1.729870,-0.567976,1.925917,-0.624232,0.995216,0.097698,1.523469,0.073797,1.816294,0.158847,2.074344,0.246893,0.945355,0.225774,1.271868,0.011073,1.154370,-0.077267,1.044583,-0.105335,0.872733,0.259977,1.105449,-0.070033,1.155574,-0.266141,1.192388,-0.380976,0.000000,0.000000,-0.268811,-0.280602,-0.517768,-0.646384,-0.635167,-0.688980,-0.584604,-0.498444,0.004906,-1.112583,0.113501,-1.638115,0.207121,-1.903833,0.299422,-2.058559,0.338675,-0.940904,-0.106990,-0.680067,-0.370003,-0.275416,-0.526748,-0.002476,0.527479,-0.623762,-0.029315,-0.266777,-0.271189,0.008667,-0.418505,0.183224,0.656792,-0.262096,0.319662,-0.029942,0.072495,0.152439,-0.101603,0.258831
F,Right,legacy_bisindo_2hand_F_149,0.000000,0.000000,-0.839294,0.127208,-1.196253,0.513100,-1.118934,1.540223,-0.939836,2.346734,-0.557612,-1.002625,-0.665194,-0.941989,-0.660261,-0.662572,-0.737937,-0.351424,0.405459,-0.914113,-0.099978,1.246591,-0.798044,2.468691,-1.384402,3.133159,1.102539,-0.329296,0.517530,1.972276,-0.348133,2.935005,-1.028318,3.342279,1.649402,0.406516,1.190719,2.305901,0.293154,3.022369,-0.378184,3.241265,0.000000,0.000000,0.272757,-0.487125,0.722059,-0.605106,1.118139,-0.609970,1.338515,-0.752324,0.943556,-0.485506,1.474023,-0.630622,1.807472,-0.701063,2.058106,-0.740747,0.990670,-0.136281,1.537322,-0.032387,1.887951,0.044151,2.152344,0.126131,0.957967,0.173629,1.135837,0.059954,1.005472,-0.012663,0.845229,-0.024752,0.890420,0.410824,0.959636,0.229611,0.842820,0.158253,0.714136,0.151412
F,Right,legacy_bisindo_2hand_F_150,0.000000,0.000000,0.156171,-0.544371,0.515251,-0.888136,0.812429,-0.858186,0.917114,-0.683084,0.911439,-0.496576,1.397053,-0.731079,1.668360,-0.841161,1.885399,-0.907860,0.987738,-0.156121,1.527379,-0.255539,1.837335,-0.310400,2.059688,-0.312716,0.961810,0.110204,1.236261,-0.058718,1.147159,-0.208134,0.994630,-0.269582,0.863923,0.294576,1.049634,0.090697,0.985314,-0.043630,0.851402,-0.077658,0.000000,0.000000,-0.429217,-0.224083,-0.823458,-0.291802,-1.251035,-0.037600,-1.550944,0.199762,-0.698710,-1.072779,-0.893817,-1.353453,-0.997272,-1.340217,-1.044181,-1.330615,-0.357740,-0.933821,-1.010872,-0.570161,-1.159751,-0.093091,-1.120560,0.212929,-0.077977,-0.599980,-0.725426,-0.026790,-0.773648,0.333778,-0.680952,0.431693,0.107412,-0.232875,-0.394567,0.281348,-0.577120,0.573627,-0.597453,0.668839
F,Right,legacy_bisindo_2hand_F_151,0.000000,0.000000,0.272738,-0.475367,0.674059,-0.684397,0.972966,-0.538637,1.047878,-0.320455,0.921446,-0.448522,1.421554,-0.634090,1.667760,-0.720344,1.851466,-0.766066,0.992250,-0.124260,1.511776,-0.261072,1.751132,-0.335959,1.891323,-0.359604,0.978487,0.150454,1.266628,-0.005128,1.169096,-0.087107,1.017736,-0.109526,0.913407,0.369415,1.058371,0.181929,0.962945,0.107804,0.828358,0.102987,0.000000,0.000000,-0.238426,-0.312912,-0.422310,-0.601462,-0.594990,-0.774852,-0.693994,-0.861278,-0.058561,-1.112456,-0.105674,-1.586079,-0.138089,-1.835978,-0.126360,-2.038397,0.122077,-0.992521,-0.314412,-1.111883,-0.579611,-0.835371,-0.682353,-0.591109,0.199617,-0.749859,-0.369425,-0.634385,-0.545524,-0.350135,-0.540026,-0.164762,0.220585,-0.460007,-0.256876,-0.356260,-0.420460,-0.180234,-0.414457,-0.066672
F,Right,legacy_bisindo_2hand_F_152,0.000000,0.000000,0.086963,-0.489116,-0.002592,-0.816911,-0.208112,-1.031274,-0.438247,-1.111102,0.011482,-1.078674,-0.373156,-1.210802,-0.519508,-1.040038,-0.510687,-0.935569,-0.109335,-0.994005,-0.601391,-1.012454,-0.648517,-0.813992,-0.554843,-0.705984,-0.267921,-0.828968,-0.730525,-0.828935,-0.728542,-0.648155,-0.608457,-0.562876,-0.439658,-0.642556,-0.784307,-0.625197,-0.776967,-0.501281,-0.684021,-0.444550,0.000000,0.000000,-0.090469,-0.600212,0.220714,-0.955044,0.607219,-0.905153,0.848857,-0.760608,0.795900,-0.788504,1.324019,-0.982388,1.660576,-1.088556,1.930947,-1.152229,0.919928,-0.392088,1.388005,-0.419226,1.676573,-0.387484,1.906530,-0.338792,0.902368,-0.067559,1.005270,-0.206477,0.817955,-0.265092,0.631385,-0.211381,0.833701,0.177607,0.809838,0.015589,0.643098,-0.033333,0.517591,0.025659
F,Right,legacy_bisindo_2hand_F_153,0.000000,0.000000,0.305851,-0.518194,0.728368,-0.746968,1.056379,-0.581162,1.164043,-0.330753,0.915700,-0.467953,1.468512,-0.637111,1.767816,-0.701262,2.002406,-0.725118,0.994845,-0.101403,1.576241,-0.085871,1.929111,-0.026210,2.174805,0.063564,0.995294,0.178641,1.238483,0.018759,1.123743,-0.109953,0.940398,-0.143540,0.952206,0.374344,1.079320,0.161516,0.992232,0.049339,0.861149,0.043648,0.000000,0.000000,0.000000,0.000000,0.000000,0.000000,0.000000,0.000000,0.000000,0.000000,0.000000,0.000000,0.000000,0.000000,0.000000,0.000000,0.000000,0.000000,0.000000,0.000000,0.000000,0.000000,0.000000,0.000000,0.000000,0.000000,0.000000,0.000000,0.000000,0.000000,0.000000,0.000000,0.000000,0.000000,0.000000,0.000000,0.000000,0.000000,0.000000,0.000000,0.000000,0.000000
F,Right,legacy_bisindo_2hand_F_154,0.000000,0.000000,0.218517,-0.654728,0.144068,-1.222668,-0.134691,-1.520413,-0.459343,-1.555650,-0.163444,-1.096188,-0.488943,-1.689547,-0.572510,-1.949661,-0.607876,-2.153352,-0.494995,-0.868896,-0.790661,-1.507014,-0.645292,-1.530879,-0.491647,-1.415417,-0.721181,-0.628374,-0.875599,-1.146172,-0.666226,-1.113306,-0.506183,-0.967145,-0.870393,-0.395608,-0.984878,-0.832857,-0.800786,-0.830223,-0.674422,-0.725127,0.000000,0.000000,0.182678,-0.537603,0.598737,-0.716506,0.933384,-0.582358,1.074511,-0.401014,0.898401,-0.591534,1.430522,-0.818791,1.742609,-0.942272,1.979565,-1.015857,0.970200,-0.242307,1.487240,-0.281611,1.821537,-0.279810,2.089250,-0.240112,0.952299,0.017516,1.099636,-0.162259,0.969746,-0.256451,0.809282,-0.278086,0.895076,0.202908,0.933707,-0.011031,0.820124,-0.081046,0.693368,-0.082210
F,Right,legacy_bisindo_2hand_F_155,0.000000,0.000000,-0.214372,-0.095011,-0.434949,-0.287494,-0.490242,-0.418931,-0.333711,-0.430283,-0.171882,-1.045003,-0.122522,-1.551400,-0.120951,-1.754788,-0.112147,-1.870512,0.110193,-0.993910,-0.098926,-0.963624,-0.236022,-0.604313,-0.207812,-0.444003,0.316940,-0.799411,0.048497,-0.577170,-0.076928,-0.321071,-0.021998,-0.281504,0.475089,-0.542690,0.230242,-0.282589,0.105951,-0.121248,0.134611,-0.137685,0.000000,0.000000,0.239360,-0.482606,0.640334,-0.689349,0.938834,-0.549178,1.040038,-0.316708,0.933757,-0.455036,1.463564,-0.589699,1.754561,-0.656210,1.964869,-0.683540,0.996227,-0.086786,1.518091,0.012368,1.836899,0.070440,2.064437,0.139957,0.956226,0.200649,1.131107,0.066750,1.020912,-0.037062,0.863826,-0.067070,0.860639,0.400643,0.950991,0.222210,0.859903,0.139146,0.728563,0.126267
F,Right,legacy_bisindo_2hand_F_156,0.000000,0.000000,-0.335254,-0.340896,-0.652066,-0.547276,-0.988573,-0.456918,-1.211088,-0.256795,-0.503952,-1.085150,-0.668739,-1.430515,-0.745901,-1.656184,-0.798324,-1.859077,-0.383530,-0.923529,-1.026514,-0.821815,-1.040015,-0.539079,-0.922555,-0.437056,-0.316615,-0.638252,-0.982045,-0.434752,-0.897021,-0.247613,-0.727949,-0.248807,-0.281885,-0.328490,-0.813012,-0.177281,-0.731715,-0.074718,-0.549934,-0.097494,0.000000,0.000000,0.063487,-0.534663,0.406932,-0.822004,0.767121,-0.845199,0.969006,-0.740819,0.770383,-0.747913,1.317305,-0.953211,1.621303,-1.024213,1.851978,-1.048829,0.911607,-0.411062,1.455150,-0.484542,1.781176,-0.515368,2.020374,-0.513185,0.927041,-0.127434,1.108732,-0.323395,0.974018,-0.392178,0.807956,-0.385106,0.874879,0.083238,0.943721,-0.128497,0.840413,-0.188442,0.711083,-0.177607
F,Right,legacy_bisindo_2hand_F_157,0.000000,0.000000,-0.373475,-0.338504,-0.591650,-0.645343,-0.805691,-0.837852,-0.947727,-0.961933,-0.341986,-1.098135,-0.436221,-1.455748,-0.476256,-1.661245,-0.502678,-1.814213,-0.274548,-0.961573,-0.825345,-0.939307,-0.801118,-0.739437,-0.642836,-0.677479,-0.280469,-0.738232,-0.821243,-0.658388,-0.724692,-0.511063,-0.538251,-0.515566,-0.322082,-0.499246,-0.741652,-0.415988,-0.679302,-0.319602,-0.521202,-0.334242,0.000000,0.000000,0.289640,-0.438726,0.699631,-0.507531,0.993789,-0.312311,1.115625,-0.110800,0.942248,-0.413118,1.440508,-0.496713,1.738534,-0.526737,1.962287,-0.520942,0.994703,-0.102787,1.518161,-0.003157,1.831178,0.063907,2.046763,0.154506,0.968636,0.170990,1.174657,0.146430,1.059330,0.058451,0.900575,0.024895,0.903581,0.378423,0.974487,0.263882,0.868085,0.187348,0.739539,0.170828
F,Right,legacy_bisindo_2hand_F_158,0.000000,0.000000,0.231473,-0.441972,0.587267,-0.610580,0.896248,-0.577946,1.061101,-0.467197,0.858384,-0.595542,1.348581,-0.730778,1.618071,-0.795901,1.816265,-0.826458,0.945753,-0.324887,1.416188,-0.315834,1.699832,-0.291438,1.887469,-0.246716,0.947677,-0.051461,1.058843,-0.059472,0.935891,-0.091922,0.786921,-0.099263,0.899035,0.171447,0.879029,0.094573,0.772422,0.067181,0.656444,0.066545,0.000000,0.000000,-0.246549,-0.147151,-0.510430,-0.341670,-0.645439,-0.416246,-0.643667,-0.363069,-0.229670,-1.034332,-0.270587,-1.459322,-0.310263,-1.739447,-0.325827,-1.939554,0.099132,-0.995074,-0.290123,-0.666908,-0.475743,-0.260508,-0.520576,0.012012,0.310995,-0.746425,-0.092533,-0.349613,-0.264562,-0.059466,-0.302709,0.114068,0.468248,-0.429421,0.140681,-0.109909,-0.022962,0.077831,-0.055673,0.165981
F,Right,legacy_bisindo_2hand_F_159,0.000000,0.000000,0.121306,-0.518998,0.479480,-0.782573,0.857787,-0.864373,1.104857,-0.852197,0.747357,-0.780079,1.168444,-1.179018,1.418904,-1.386868,1.617468,-1.511130,0.886886,-0.461988,1.422550,-0.494973,1.759047,-0.467917,2.001946,-0.418071,0.921446,-0.182036,1.206298,-0.343799,1.068815,-0.421803,0.910455,-0.424737,0.906085,0.047943,1.024042,-0.176333,0.909686,-0.253675,0.794188,-0.248602,0.000000,0.000000,-0.280227,-0.186331,-0.492087,-0.424336,-0.479188,-0.530934,-0.288205,-0.457660,-0.207809,-1.064377,-0.183438,-1.527442,-0.165760,-1.833866,-0.123603,-2.050731,0.074573,-0.997216,-0.174744,-0.878420,-0.268234,-0.628287,-0.228896,-0.506406,0.244968,-0.775630,-0.078144,-0.510330,-0.168766,-0.361537,-0.113799,-0.343527,0.338314,-0.509157,0.012539,-0.241193,-0.073967,-0.137393,-0.025479,-0.147266
F,Right,legacy_bisindo_2hand_F_160,0.000000,0.000000,-0.308102,-0.075753,-0.555486,-0.224434,-0.605592,-0.349381,-0.471066,-0.412738,-0.472361,-0.925292,-0.538200,-1.250654,-0.582892,-1.429069,-0.606770,-1.563619,-0.235766,-0.971810,-0.445683,-0.747703,-0.476541,-0.491767,-0.439141,-0.369602,-0.027358,-0.875557,-0.260465,-0.508438,-0.288051,-0.264788,-0.237447,-0.173873,0.164687,-0.704652,-0.049059,-0.395489,-0.111065,-0.187278,-0.097142,-0.108294,0.000000,0.000000,0.207136,-0.487083,0.583547,-0.707749,0.905411,-0.656233,1.072266,-0.517379,0.842589,-0.637622,1.295740,-0.882813,1.567407,-1.024969,1.779694,-1.099135,0.947085,-0.320982,1.426538,-0.297688,1.712079,-0.252054,1.918628,-0.182951,0.950546,-0.038883,1.111269,-0.181840,0.991757,-0.263250,0.831720,-0.263480,0.901054,0.182516,0.959555,0.005282,0.857526,-0.076906,0.730124,-0.068792
F,Right,legacy_bisindo_2hand_F_161,0.000000,0.000000,0.135096,-0.580960,0.481011,-0.870388,0.781528,-0.781619,0.883635,-0.576673,0.908412,-0.588557,1.331796,-0.789509,1.565130,-0.897218,1.745090,-0.963602,0.969429,-0.245374,1.398150,-0.219946,1.657684,-0.208683,1.866590,-0.183614,0.926430,-0.001931,1.130481,-0.157041,0.977653,-0.279989,0.835284,-0.293539,0.850662,0.163628,0.916624,-0.039212,0.800164,-0.132732,0.670080,-0.136990,0.000000,0.000000,-0.185774,-0.461993,-0.528000,-0.843711,-0.906662,-0.981454,-1.168059,-0.996490,-0.346366,-1.238055,-0.799444,-1.403326,-0.923146,-1.209671,-0.860936,-1.093681,-0.313755,-0.949504,-1.048574,-0.986286,-1.097372,-0.733859,-0.936894,-0.635010,-0.334240,-0.561185,-1.055507,-0.533579,-1.008974,-0.348656,-0.792926,-0.312558,-0.388407,-0.165156,-0.962622,-0.128590,-0.886104,-0.039059,-0.669392,-0.063176
F,Right,legacy_bisindo_2hand_F_162,0.000000,0.000000,0.333126,-0.409111,0.746387,-0.506950,0.989064,-0.317877,1.024641,-0.118683,1.002148,-0.275065,1.464895,-0.317864,1.721937,-0.344713,1.896219,-0.334642,0.998139,0.060974,1.433490,0.219014,1.697043,0.315456,1.877301,0.407693,0.924094,0.315839,1.085890,0.216339,0.974833,0.117115,0.832949,0.068722,0.810172,0.496906,0.897754,0.337554,0.796363,0.250336,0.661078,0.221476,0.000000,0.000000,0.000000,0.000000,0.000000,0.000000,0.000000,0.000000,0.000000,0.000000,0.000000,0.000000,0.000000,0.000000,0.000000,0.000000,0.000000,0.000000,0.000000,0.000000,0.000000,0.000000,0.000000,0.000000,0.000000,0.000000,0.000000,0.000000,0.000000,0.000000,0.000000,0.000000,0.000000,0.000000,0.000000,0.000000,0.000000,0.000000,0.000000,0.000000,0.000000,0.000000
F,Right,legacy_bisindo_2hand_F_163,0.000000,0.000000,-0.341655,-0.121078,-0.643249,-0.268170,-0.716225,-0.287467,-0.560466,-0.210362,-0.309927,-1.019206,-0.271635,-1.569338,-0.246957,-1.860748,-0.241005,-2.093415,0.044320,-0.999017,-0.112588,-0.808125,-0.296230,-0.381684,-0.385615,-0.148074,0.286884,-0.777754,0.012049,-0.364646,-0.209319,-0.036112,-0.313314,0.110102,0.456236,-0.465254,0.183503,-0.075155,-0.041899,0.167750,-0.193991,0.264027,0.000000,0.000000,0.188174,-0.470595,0.567350,-0.622216,0.968101,-0.554198,1.197540,-0.419779,0.879172,-0.635908,1.411309,-0.851202,1.748888,-1.004846,2.001946,-1.094705,0.949825,-0.312782,1.486412,-0.188628,1.808642,-0.075525,2.042976,0.026360,0.932030,-0.008342,1.110468,0.037718,0.967553,-0.010034,0.801374,-0.040301,0.866027,0.255643,0.922439,0.227517,0.800204,0.192467,0.672306,0.192107
F,Right,legacy_bisindo_2hand_F_164,0.000000,0.000000,-0.257232,-0.204014,-0.462560,-0.426257,-0.531002,-0.531335,-0.365223,-0.464003,-0.073273,-1.058508,-0.051614,-1.509034,-0.063861,-1.759705,-0.071864,-1.923051,0.193889,-0.981024,-0.056082,-0.813647,-0.234537,-0.535924,-0.270598,-0.385501,0.353397,-0.764898,-0.020521,-0.463198,-0.189362,-0.280303,-0.194949,-0.220286,0.435991,-0.501536,0.102060,-0.251095,-0.047616,-0.126716,-0.057983,-0.101138,0.000000,0.000000,0.298766,-0.401602,0.635861,-0.500996,0.841384,-0.318418,0.916138,-0.129641,0.976374,-0.358283,1.507270,-0.442758,1.799033,-0.499732,2.009616,-0.512646,0.999508,-0.031376,1.506641,0.062553,1.774934,0.112612,1.955218,0.156260,0.958529,0.245847,1.091483,0.098344,0.943137,-0.018563,0.787302,-0.072739,0.880094,0.459370,0.917634,0.277676,0.786042,0.177737,0.644332,0.133004
F,Right,legacy_bisindo_2hand_F_165,0.000000,0.000000,0.476440,-0.212229,0.923990,-0.148569,1.251912,0.035550,1.413916,0.192649,1.025337,-0.520683,1.520153,-0.663765,1.856097,-0.732209,2.144155,-0.776235,0.920593,-0.390524,1.539549,-0.276357,1.966304,-0.168636,2.279533,-0.087842,0.763659,-0.187342,1.224563,0.210539,1.086528,0.249989,0.937832,0.181181,0.624617,0.067142,0.982979,0.356463,0.868451,0.348898,0.749976,0.233716,0.000000,0.000000,0.000000,0.000000,0.000000,0.000000,0.000000,0.000000,0.000000,0.000000,0.000000,0.000000,0.000000,0.000000,0.000000,0.000000,0.000000,0.000000,0.000000,0.000000,0.000000,0.000000,0.000000,0.000000,0.000000,0.000000,0.000000,0.000000,0.000000,0.000000,0.000000,0.000000,0.000000,0.000000,0.000000,0.000000,0.000000,0.000000,0.000000,0.000000,0.000000,0.000000
F,Right,legacy_bisindo_2hand_F_166,0.000000,0.000000,0.467017,-0.174754,0.926258,-0.060396,1.226618,0.199085,1.339748,0.415381,1.074768,-0.383926,1.580665,-0.443674,1.920944,-0.463178,2.201391,-0.471565,0.962809,-0.270183,1.562601,-0.074309,1.961125,0.081286,2.250587,0.198056,0.800885,-0.089483,1.228772,0.389571,1.098100,0.408741,0.969779,0.319639,0.644110,0.145085,0.973209,0.482235,0.861438,0.450283,0.761202,0.329407,0.000000,0.000000,0.000000,0.000000,0.000000,0.000000,0.000000,0.000000,0.000000,0.000000,0.000000,0.000000,0.000000,0.000000,0.000000,0.000000,0.000000,0.000000,0.000000,0.000000,0.000000,0.000000,0.000000,0.000000,0.000000,0.000000,0.000000,0.000000,0.000000,0.000000,0.000000,0.000000,0.000000,0.000000,0.000000,0.000000,0.000000,0.000000,0.000000,0.000000,0.000000,0.000000
F,Right,legacy_bisindo_2hand_F_167,0.000000,0.000000,-0.310194,-0.340015,-0.749216,-0.422836,-1.172811,-0.308600,-1.476642,-0.177948,-0.947515,-0.660808,-1.505946,-0.855252,-1.851713,-0.956412,-2.115618,-1.041278,-0.826125,-0.563487,-1.487905,-0.470809,-1.836242,-0.424735,-2.078746,-0.405874,-0.703040,-0.354758,-1.275897,0.001247,-1.251720,0.107229,-1.129869,0.081663,-0.622520,-0.089202,-1.029523,0.160957,-0.967932,0.192463,-0.817754,0.119178,0.000000,0.000000,0.000000,0.000000,0.000000,0.000000,0.000000,0.000000,0.000000,0.000000,0.000000,0.000000,0.000000,0.000000,0.000000,0.000000,0.000000,0.000000,0.000000,0.000000,0.000000,0.000000,0.000000,0.000000,0.000000,0.000000,0.000000,0.000000,0.000000,0.000000,0.000000,0.000000,0.000000,0.000000,0.000000,0.000000,0.000000,0.000000,0.000000,0.000000,0.000000,0.000000
F,Right,legacy_bisindo_2hand_F_168,0.000000,0.000000,-0.377796,-0.329765,-0.802041,-0.390636,-1.195288,-0.250619,-1.488098,-0.074982,-0.999274,-0.583963,-1.568138,-0.743856,-1.902685,-0.809678,-2.187760,-0.866480,-0.874443,-0.485128,-1.534328,-0.352211,-1.917118,-0.258384,-2.191317,-0.189376,-0.748388,-0.275825,-1.287837,0.085066,-1.277206,0.196439,-1.154226,0.183463,-0.653952,-0.036352,-1.034073,0.211789,-0.982229,0.247272,-0.829957,0.175737,0.000000,0.000000,0.000000,0.000000,0.000000,0.000000,0.000000,0.000000,0.000000,0.000000,0.000000,0.000000,0.000000,0.000000,0.000000,0.000000,0.000000,0.000000,0.000000,0.000000,0.000000,0.000000,0.000000,0.000000,0.000000,0.000000,0.000000,0.000000,0.000000,0.000000,0.000000,0.000000,0.000000,0.000000,0.000000,0.000000,0.000000,0.000000,0.000000,0.000000,0.000000,0.000000
F,Right,legacy_bisindo_2hand_F_169,0.000000,0.000000,0.274640,-0.477193,0.672842,-0.650460,1.013069,-0.675247,1.249956,-0.658904,0.610676,-1.008817,0.977683,-1.405981,1.217228,-1.665809,1.425364,-1.867536,0.583952,-0.811788,1.160748,-1.017572,1.558870,-1.145607,1.841536,-1.249602,0.571658,-0.535424,1.199276,-0.441573,1.099438,-0.360369,0.941932,-0.346698,0.597115,-0.224142,1.078224,-0.206490,0.964509,-0.172659,0.806096,-0.190661,0.000000,0.000000,0.000000,0.000000,0.000000,0.000000,0.000000,0.000000,0.000000,0.000000,0.000000,0.000000,0.000000,0.000000,0.000000,0.000000,0.000000,0.000000,0.000000,0.000000,0.000000,0.000000,0.000000,0.000000,0.000000,0.000000,0.000000,0.000000,0.000000,0.000000,0.000000,0.000000,0.000000,0.000000,0.000000,0.000000,0.000000,0.000000,0.000000,0.000000,0.000000,0.000000
F,Right,legacy_bisindo_2hand_F_170,0.000000,0.000000,0.520608,-0.153208,0.948237,-0.045484,1.229787,0.180339,1.353606,0.358969,1.081217,-0.395437,1.616385,-0.506095,1.941428,-0.560903,2.233782,-0.599934,0.961278,-0.275582,1.592471,-0.123472,2.013024,0.008923,2.334583,0.097518,0.791896,-0.096610,1.223712,0.380680,1.041012,0.400085,0.887038,0.322010,0.634993,0.161599,0.972832,0.497055,0.826011,0.470875,0.710413,0.356165,0.000000,0.000000,0.000000,0.000000,0.000000,0.000000,0.000000,0.000000,0.000000,0.000000,0.000000,0.000000,0.000000,0.000000,0.000000,0.000000,0.000000,0.000000,0.000000,0.000000,0.000000,0.000000,0.000000,0.000000,0.000000,0.000000,0.000000,0.000000,0.000000,0.000000,0.000000,0.000000,0.000000,0.000000,0.000000,0.000000,0.000000,0.000000,0.000000,0.000000,0.000000,0.000000
F,Right,legacy_bisindo_2hand_F_171,0.000000,0.000000,-0.378593,-0.299996,-0.796223,-0.341504,-1.164286,-0.187222,-1.433205,-0.022559,-1.019647,-0.495904,-1.590646,-0.614692,-1.928949,-0.643650,-2.210403,-0.654329,-0.911662,-0.410940,-1.579187,-0.233401,-1.983806,-0.109766,-2.280749,-0.013512,-0.778207,-0.224218,-1.262160,0.174199,-1.235613,0.272313,-1.130934,0.250966,-0.659972,0.009364,-1.006007,0.309954,-0.955919,0.335129,-0.835857,0.248781,0.000000,0.000000,0.000000,0.000000,0.000000,0.000000,0.000000,0.000000,0.000000,0.000000,0.000000,0.000000,0.000000,0.000000,0.000000,0.000000,0.000000,0.000000,0.000000,0.000000,0.000000,0.000000,0.000000,0.000000,0.000000,0.000000,0.000000,0.000000,0.000000,0.000000,0.000000,0.000000,0.000000,0.000000,0.000000,0.000000,0.000000,0.000000,0.000000,0.000000,0.000000,0.000000
F,Right,legacy_bisindo_2hand_F_172,0.000000,0.000000,0.302172,-0.399355,0.757016,-0.504543,1.151230,-0.475444,1.400799,-0.412463,0.801854,-0.855207,1.278020,-1.144552,1.582457,-1.325406,1.835622,-1.467725,0.740580,-0.671968,1.362854,-0.692370,1.791750,-0.717080,2.104835,-0.766228,0.655001,-0.392586,1.299509,-0.098468,1.176737,0.000029,1.017936,-0.024685,0.603911,-0.066212,1.100541,0.134394,0.981224,0.153613,0.819329,0.079649,0.000000,0.000000,-0.223100,0.023054,-0.421367,-0.124097,-0.366404,-0.361325,-0.195381,-0.612155,-0.616901,-0.787782,-0.852506,-1.246967,-0.872625,-1.465655,-0.866736,-1.654935,-0.390018,-0.920807,-0.241738,-0.953188,-0.133195,-0.563819,-0.116340,-0.425938,-0.153669,-0.919603,0.061472,-0.835821,0.064112,-0.473938,-0.030446,-0.401337,0.061935,-0.870606,0.210659,-0.735403,0.196098,-0.475946,0.095612,-0.434031
F,Right,legacy_bisindo_2hand_F_173,0.000000,0.000000,-0.472067,-0.132894,-0.916004,-0.056955,-1.231927,0.190674,-1.447587,0.417768,-1.119384,-0.238566,-1.694031,-0.223709,-2.017787,-0.201124,-2.313479,-0.154636,-0.991183,-0.132498,-1.584142,0.164585,-1.965641,0.381098,-2.255778,0.559073,-0.828720,0.039263,-1.207724,0.458350,-1.074942,0.473538,-0.940670,0.368607,-0.662730,0.217007,-0.944461,0.564755,-0.845538,0.552654,-0.731930,0.418151,0.000000,0.000000,0.000000,0.000000,0.000000,0.000000,0.000000,0.000000,0.000000,0.000000,0.000000,0.000000,0.000000,0.000000,0.000000,0.000000,0.000000,0.000000,0.000000,0.000000,0.000000,0.000000,0.000000,0.000000,0.000000,0.000000,0.000000,0.000000,0.000000,0.000000,0.000000,0.000000,0.000000,0.000000,0.000000,0.000000,0.000000,0.000000,0.000000,0.000000,0.000000,0.000000
F,Right,legacy_bisindo_2hand_F_174,0.000000,0.000000,-0.444450,-0.160663,-0.889998,-0.105686,-1.223135,0.115687,-1.458398,0.311653,-1.087561,-0.288697,-1.674179,-0.302578,-1.997238,-0.283981,-2.289454,-0.244609,-0.982156,-0.188069,-1.591282,0.096252,-1.966811,0.302657,-2.267228,0.464859,-0.836989,-0.012122,-1.203210,0.400099,-1.050641,0.400655,-0.911710,0.285289,-0.687885,0.178814,-0.967192,0.516941,-0.857163,0.509123,-0.736965,0.379359,0.000000,0.000000,0.000000,0.000000,0.000000,0.000000,0.000000,0.000000,0.000000,0.000000,0.000000,0.000000,0.000000,0.000000,0.000000,0.000000,0.000000,0.000000,0.000000,0.000000,0.000000,0.000000,0.000000,0.000000,0.000000,0.000000,0.000000,0.000000,0.000000,0.000000,0.000000,0.000000,0.000000,0.000000,0.000000,0.000000,0.000000,0.000000,0.000000,0.000000,0.000000,0.000000
F,Right,legacy_bisindo_2hand_F_175,0.000000,0.000000,-0.434331,-0.193084,-0.881730,-0.167088,-1.226928,0.037511,-1.473880,0.222463,-1.075967,-0.351741,-1.655132,-0.389792,-1.981492,-0.390728,-2.274840,-0.368291,-0.969402,-0.245480,-1.606779,0.017117,-1.994947,0.204440,-2.299770,0.355404,-0.828176,-0.061224,-1.213849,0.345189,-1.054499,0.339962,-0.905314,0.217703,-0.689272,0.135996,-0.985283,0.464785,-0.866848,0.458929,-0.738543,0.331082,0.000000,0.000000,0.000000,0.000000,0.000000,0.000000,0.000000,0.000000,0.000000,0.000000,0.000000,0.000000,0.000000,0.000000,0.000000,0.000000,0.000000,0.000000,0.000000,0.000000,0.000000,0.000000,0.000000,0.000000,0.000000,0.000000,0.000000,0.000000,0.000000,0.000000,0.000000,0.000000,0.000000,0.000000,0.000000,0.000000,0.000000,0.000000,0.000000,0.000000,0.000000,0.000000
F,Right,legacy_bisindo_2hand_F_176,0.000000,0.000000,-0.438169,-0.204854,-0.891137,-0.179063,-1.236790,0.048544,-1.476293,0.255247,-1.081372,-0.341950,-1.663816,-0.367909,-1.988662,-0.357044,-2.275270,-0.329510,-0.970019,-0.243028,-1.609117,0.042500,-1.993335,0.240665,-2.291897,0.395800,-0.821578,-0.060532,-1.212376,0.382061,-1.068476,0.400856,-0.925040,0.298066,-0.671168,0.141590,-0.957407,0.479653,-0.841574,0.465701,-0.711087,0.338243,0.000000,0.000000,0.000000,0.000000,0.000000,0.000000,0.000000,0.000000,0.000000,0.000000,0.000000,0.000000,0.000000,0.000000,0.000000,0.000000,0.000000,0.000000,0.000000,0.000000,0.000000,0.000000,0.000000,0.000000,0.000000,0.000000,0.000000,0.000000,0.000000,0.000000,0.000000,0.000000,0.000000,0.000000,0.000000,0.000000,0.000000,0.000000,0.000000,0.000000,0.000000,0.000000
F,Right,legacy_bisindo_2hand_F_177,0.000000,0.000000,0.423848,-0.299791,0.878611,-0.286866,1.233487,-0.158782,1.452551,-0.017945,0.956277,-0.650930,1.469969,-0.849496,1.813612,-0.954631,2.106877,-1.022072,0.864588,-0.502482,1.520887,-0.453729,1.977977,-0.390398,2.317084,-0.331232,0.725544,-0.272841,1.257687,0.107534,1.122172,0.163172,0.963252,0.116545,0.601008,0.014986,1.023703,0.292870,0.907698,0.298822,0.775222,0.201759,0.000000,0.000000,0.000000,0.000000,0.000000,0.000000,0.000000,0.000000,0.000000,0.000000,0.000000,0.000000,0.000000,0.000000,0.000000,0.000000,0.000000,0.000000,0.000000,0.000000,0.000000,0.000000,0.000000,0.000000,0.000000,0.000000,0.000000,0.000000,0.000000,0.000000,0.000000,0.000000,0.000000,0.000000,0.000000,0.000000,0.000000,0.000000,0.000000,0.000000,0.000000,0.000000
F,Right,legacy_bisindo_2hand_F_178,0.000000,0.000000,0.235487,-0.438380,0.650967,-0.641721,1.056743,-0.657472,1.296383,-0.595200,0.557589,-0.999555,0.917607,-1.396744,1.169483,-1.638239,1.384343,-1.837390,0.543260,-0.839564,1.146120,-1.091335,1.559262,-1.228725,1.868593,-1.338290,0.537711,-0.581958,1.178798,-0.501052,1.082236,-0.374075,0.920533,-0.338657,0.569991,-0.280517,1.065326,-0.237652,0.960738,-0.169984,0.799536,-0.188244,0.000000,0.000000,0.000000,0.000000,0.000000,0.000000,0.000000,0.000000,0.000000,0.000000,0.000000,0.000000,0.000000,0.000000,0.000000,0.000000,0.000000,0.000000,0.000000,0.000000,0.000000,0.000000,0.000000,0.000000,0.000000,0.000000,0.000000,0.000000,0.000000,0.000000,0.000000,0.000000,0.000000,0.000000,0.000000,0.000000,0.000000,0.000000,0.000000,0.000000,0.000000,0.000000
F,Right,legacy_bisindo_2hand_F_179,0.000000,0.000000,-0.465333,-0.146240,-0.910419,-0.080356,-1.234232,0.172284,-1.454262,0.405223,-1.114564,-0.258603,-1.692827,-0.263857,-2.019200,-0.245134,-2.313984,-0.198484,-0.987778,-0.155867,-1.590508,0.117734,-1.974272,0.326396,-2.269516,0.498432,-0.828924,0.015112,-1.219520,0.426900,-1.090726,0.451834,-0.951236,0.351449,-0.671515,0.195296,-0.969273,0.544459,-0.870738,0.540938,-0.751081,0.407090,0.000000,0.000000,0.000000,0.000000,0.000000,0.000000,0.000000,0.000000,0.000000,0.000000,0.000000,0.000000,0.000000,0.000000,0.000000,0.000000,0.000000,0.000000,0.000000,0.000000,0.000000,0.000000,0.000000,0.000000,0.000000,0.000000,0.000000,0.000000,0.000000,0.000000,0.000000,0.000000,0.000000,0.000000,0.000000,0.000000,0.000000,0.000000,0.000000,0.000000,0.000000,0.000000
F,Right,legacy_bisindo_2hand_F_180,0.000000,0.000000,0.454398,-0.213100,0.909979,-0.136495,1.256398,0.061616,1.435159,0.229702,1.049829,-0.473906,1.563154,-0.599904,1.910743,-0.643495,2.200548,-0.666752,0.936183,-0.351512,1.561925,-0.196325,1.978595,-0.062582,2.283043,0.033104,0.768280,-0.148809,1.222909,0.269496,1.085430,0.310517,0.939631,0.236854,0.605669,0.102682,0.969758,0.414864,0.860457,0.405402,0.744234,0.286709,0.000000,0.000000,0.000000,0.000000,0.000000,0.000000,0.000000,0.000000,0.000000,0.000000,0.000000,0.000000,0.000000,0.000000,0.000000,0.000000,0.000000,0.000000,0.000000,0.000000,0.000000,0.000000,0.000000,0.000000,0.000000,0.000000,0.000000,0.000000,0.000000,0.000000,0.000000,0.000000,0.000000,0.000000,0.000000,0.000000,0.000000,0.000000,0.000000,0.000000,0.000000,0.000000
F,Right,legacy_bisindo_2hand_F_181,0.000000,0.000000,0.481068,0.031886,0.851884,0.281800,1.057311,0.573781,1.142391,0.778740,1.129084,0.115248,1.631451,0.268733,1.939570,0.398048,2.191071,0.516304,0.985552,0.169373,1.453020,0.602842,1.743265,0.911011,1.955562,1.147179,0.771414,0.263583,0.928595,0.854723,0.808093,0.786772,0.729579,0.647043,0.533115,0.402462,0.666556,0.825113,0.582071,0.748321,0.545147,0.617595,0.000000,0.000000,0.000000,0.000000,0.000000,0.000000,0.000000,0.000000,0.000000,0.000000,0.000000,0.000000,0.000000,0.000000,0.000000,0.000000,0.000000,0.000000,0.000000,0.000000,0.000000,0.000000,0.000000,0.000000,0.000000,0.000000,0.000000,0.000000,0.000000,0.000000,0.000000,0.000000,0.000000,0.000000,0.000000,0.000000,0.000000,0.000000,0.000000,0.000000,0.000000,0.000000
F,Right,legacy_bisindo_2hand_F_182,0.000000,0.000000,-0.238286,-0.411178,-0.642189,-0.588388,-1.074144,-0.587012,-1.383635,-0.526295,-0.887565,-0.768367,-1.411098,-1.022459,-1.744077,-1.182976,-1.986640,-1.312147,-0.775665,-0.631145,-1.434454,-0.633705,-1.812057,-0.637454,-2.056278,-0.642365,-0.683540,-0.382883,-1.334004,-0.126329,-1.416294,-0.012222,-1.334338,0.000402,-0.626784,-0.095159,-1.103261,0.084760,-1.075051,0.129539,-0.938245,0.086369,0.000000,0.000000,0.000000,0.000000,0.000000,0.000000,0.000000,0.000000,0.000000,0.000000,0.000000,0.000000,0.000000,0.000000,0.000000,0.000000,0.000000,0.000000,0.000000,0.000000,0.000000,0.000000,0.000000,0.000000,0.000000,0.000000,0.000000,0.000000,0.000000,0.000000,0.000000,0.000000,0.000000,0.000000,0.000000,0.000000,0.000000,0.000000,0.000000,0.000000,0.000000,0.000000
F,Right,legacy_bisindo_2hand_F_183,0.000000,0.000000,0.552180,-0.249242,0.943593,-0.272306,1.225095,-0.211752,1.466330,-0.157037,1.048139,-0.618860,1.517892,-0.908863,1.868212,-1.106228,2.163199,-1.253378,0.897018,-0.441995,1.504385,-0.442029,1.980671,-0.427625,2.308541,-0.460009,0.719576,-0.183791,1.284739,0.103479,1.171607,0.163064,1.001707,0.125785,0.599211,0.123426,1.026306,0.348624,0.919948,0.334753,0.771056,0.266049,0.000000,0.000000,0.000000,0.000000,0.000000,0.000000,0.000000,0.000000,0.000000,0.000000,0.000000,0.000000,0.000000,0.000000,0.000000,0.000000,0.000000,0.000000,0.000000,0.000000,0.000000,0.000000,0.000000,0.000000,0.000000,0.000000,0.000000,0.000000,0.000000,0.000000,0.000000,0.000000,0.000000,0.000000,0.000000,0.000000,0.000000,0.000000,0.000000,0.000000,0.000000,0.000000
F,Right,legacy_bisindo_2hand_F_184,0.000000,0.000000,-0.449466,-0.166917,-0.888531,-0.116181,-1.227689,0.105110,-1.467450,0.308466,-1.086224,-0.311054,-1.658187,-0.337243,-1.981610,-0.327514,-2.274627,-0.297047,-0.978961,-0.204048,-1.585737,0.047460,-1.967674,0.232095,-2.266174,0.380021,-0.836998,-0.028703,-1.225752,0.361259,-1.103950,0.396159,-0.970740,0.311670,-0.689422,0.160007,-0.988529,0.489883,-0.897527,0.494621,-0.780286,0.375042,0.000000,0.000000,0.000000,0.000000,0.000000,0.000000,0.000000,0.000000,0.000000,0.000000,0.000000,0.000000,0.000000,0.000000,0.000000,0.000000,0.000000,0.000000,0.000000,0.000000,0.000000,0.000000,0.000000,0.000000,0.000000,0.000000,0.000000,0.000000,0.000000,0.000000,0.000000,0.000000,0.000000,0.000000,0.000000,0.000000,0.000000,0.000000,0.000000,0.000000,0.000000,0.000000
F,Right,legacy_bisindo_2hand_F_185,0.000000,0.000000,0.498608,0.024263,0.883361,0.259446,1.076696,0.567727,1.162086,0.800472,1.133024,0.047824,1.611677,0.164408,1.906913,0.256758,2.150851,0.340925,0.993806,0.111131,1.462820,0.472884,1.762254,0.746022,1.970583,0.950397,0.795031,0.217419,0.994099,0.770412,0.866736,0.749240,0.777869,0.646768,0.578987,0.369659,0.728676,0.752614,0.632026,0.695795,0.584794,0.584013,0.000000,0.000000,0.000000,0.000000,0.000000,0.000000,0.000000,0.000000,0.000000,0.000000,0.000000,0.000000,0.000000,0.000000,0.000000,0.000000,0.000000,0.000000,0.000000,0.000000,0.000000,0.000000,0.000000,0.000000,0.000000,0.000000,0.000000,0.000000,0.000000,0.000000,0.000000,0.000000,0.000000,0.000000,0.000000,0.000000,0.000000,0.000000,0.000000,0.000000,0.000000,0.000000
F,Right,legacy_bisindo_2hand_F_186,0.000000,0.000000,0.503272,-0.281420,0.932789,-0.296294,1.235485,-0.190194,1.423526,-0.083764,0.964935,-0.678713,1.379832,-0.949612,1.673356,-1.134286,1.949064,-1.287858,0.860238,-0.509893,1.507871,-0.580734,1.965719,-0.570263,2.304394,-0.586575,0.741386,-0.268854,1.287462,0.035884,1.121614,0.119762,0.951640,0.104168,0.664269,0.028059,1.062098,0.241410,0.894380,0.246792,0.746916,0.181048,0.000000,0.000000,0.000000,0.000000,0.000000,0.000000,0.000000,0.000000,0.000000,0.000000,0.000000,0.000000,0.000000,0.000000,0.000000,0.000000,0.000000,0.000000,0.000000,0.000000,0.000000,0.000000,0.000000,0.000000,0.000000,0.000000,0.000000,0.000000,0.000000,0.000000,0.000000,0.000000,0.000000,0.000000,0.000000,0.000000,0.000000,0.000000,0.000000,0.000000,0.000000,0.000000
F,Right,legacy_bisindo_2hand_F_187,0.000000,0.000000,-0.287118,-0.389300,-0.722415,-0.522933,-1.169717,-0.480083,-1.474595,-0.388169,-0.951807,-0.694793,-1.490325,-0.897874,-1.840632,-1.020356,-2.085657,-1.125539,-0.825540,-0.564344,-1.450645,-0.471094,-1.760885,-0.404403,-1.949649,-0.378095,-0.706051,-0.323716,-1.317479,-0.012379,-1.443959,0.093952,-1.414695,0.093494,-0.617861,-0.038729,-1.059075,0.188289,-1.062872,0.227512,-0.960537,0.178290,0.000000,0.000000,0.244382,0.022869,0.485531,-0.155552,0.434082,-0.425142,0.264680,-0.668949,0.675821,-0.793954,0.761388,-1.105876,0.813700,-1.289678,0.852254,-1.466435,0.422322,-0.906446,0.325025,-0.946298,0.277093,-0.612725,0.342862,-0.552880,0.174772,-0.913241,0.056850,-0.747789,0.073326,-0.449728,0.181800,-0.471201,-0.045762,-0.861740,-0.125750,-0.675101,-0.090339,-0.452726,-0.000170,-0.475499
F,Right,legacy_bisindo_2hand_F_188,0.000000,0.000000,0.562413,-0.188976,0.976222,-0.122755,1.260230,0.031581,1.430166,0.153161,1.092023,-0.481902,1.586905,-0.649981,1.927334,-0.766398,2.230325,-0.856996,0.940793,-0.338981,1.584947,-0.250040,2.035104,-0.158493,2.368295,-0.113241,0.765542,-0.130612,1.278963,0.286122,1.119247,0.315197,0.947013,0.247077,0.626727,0.135829,1.014444,0.421559,0.875914,0.390212,0.742431,0.292543,0.000000,0.000000,0.000000,0.000000,0.000000,0.000000,0.000000,0.000000,0.000000,0.000000,0.000000,0.000000,0.000000,0.000000,0.000000,0.000000,0.000000,0.000000,0.000000,0.000000,0.000000,0.000000,0.000000,0.000000,0.000000,0.000000,0.000000,0.000000,0.000000,0.000000,0.000000,0.000000,0.000000,0.000000,0.000000,0.000000,0.000000,0.000000,0.000000,0.000000,0.000000,0.000000
F,Right,legacy_bisindo_2hand_F_189,0.000000,0.000000,0.476002,-0.078323,0.910033,0.077795,1.178775,0.338593,1.312021,0.552973,1.120854,-0.175230,1.616579,-0.154243,1.932303,-0.119918,2.196628,-0.092915,0.995514,-0.094613,1.544374,0.196394,1.887538,0.412652,2.138189,0.567434,0.819057,0.049205,1.144277,0.574587,1.011449,0.583655,0.897350,0.492365,0.639678,0.243176,0.865858,0.619767,0.759996,0.574796,0.684701,0.463993,0.000000,0.000000,0.000000,0.000000,0.000000,0.000000,0.000000,0.000000,0.000000,0.000000,0.000000,0.000000,0.000000,0.000000,0.000000,0.000000,0.000000,0.000000,0.000000,0.000000,0.000000,0.000000,0.000000,0.000000,0.000000,0.000000,0.000000,0.000000,0.000000,0.000000,0.000000,0.000000,0.000000,0.000000,0.000000,0.000000,0.000000,0.000000,0.000000,0.000000,0.000000,0.000000
F,Right,legacy_bisindo_2hand_F_190,0.000000,0.000000,0.310590,-0.431703,0.714118,-0.579562,1.042009,-0.631200,1.277540,-0.656957,0.726106,-0.930783,1.146576,-1.280346,1.412907,-1.516364,1.638872,-1.699283,0.670911,-0.741537,1.277340,-0.837724,1.684157,-0.923893,1.962574,-1.005677,0.610855,-0.464447,1.258860,-0.241858,1.135428,-0.158956,0.971648,-0.178003,0.595304,-0.146768,1.095194,-0.008435,0.965192,0.022668,0.798406,-0.030385,0.000000,0.000000,0.000000,0.000000,0.000000,0.000000,0.000000,0.000000,0.000000,0.000000,0.000000,0.000000,0.000000,0.000000,0.000000,0.000000,0.000000,0.000000,0.000000,0.000000,0.000000,0.000000,0.000000,0.000000,0.000000,0.000000,0.000000,0.000000,0.000000,0.000000,0.000000,0.000000,0.000000,0.000000,0.000000,0.000000,0.000000,0.000000,0.000000,0.000000,0.000000,0.000000
F,Right,legacy_bisindo_2hand_F_191,0.000000,0.000000,-0.367955,-0.321716,-0.775424,-0.397413,-1.159568,-0.286487,-1.456136,-0.135433,-1.003727,-0.565325,-1.565289,-0.722562,-1.907231,-0.789684,-2.194629,-0.839560,-0.882981,-0.469409,-1.545231,-0.321882,-1.920103,-0.221543,-2.185372,-0.146871,-0.755088,-0.259693,-1.283930,0.116656,-1.255784,0.220002,-1.128995,0.193360,-0.655338,-0.016075,-1.029284,0.244157,-0.963666,0.273358,-0.812575,0.190749,0.000000,0.000000,0.000000,0.000000,0.000000,0.000000,0.000000,0.000000,0.000000,0.000000,0.000000,0.000000,0.000000,0.000000,0.000000,0.000000,0.000000,0.000000,0.000000,0.000000,0.000000,0.000000,0.000000,0.000000,0.000000,0.000000,0.000000,0.000000,0.000000,0.000000,0.000000,0.000000,0.000000,0.000000,0.000000,0.000000,0.000000,0.000000,0.000000,0.000000,0.000000,0.000000
F,Right,legacy_bisindo_2hand_F_192,0.000000,0.000000,-0.372963,-0.315432,-0.816180,-0.369117,-1.218092,-0.211915,-1.513406,-0.032078,-1.006158,-0.580550,-1.586254,-0.753627,-1.932782,-0.812465,-2.222763,-0.858976,-0.874436,-0.485141,-1.545438,-0.344340,-1.928842,-0.244548,-2.200745,-0.174892,-0.738470,-0.276826,-1.299271,0.103866,-1.283836,0.220049,-1.158957,0.203759,-0.640408,-0.029410,-1.037338,0.233419,-0.978910,0.266458,-0.821372,0.187534,0.000000,0.000000,0.000000,0.000000,0.000000,0.000000,0.000000,0.000000,0.000000,0.000000,0.000000,0.000000,0.000000,0.000000,0.000000,0.000000,0.000000,0.000000,0.000000,0.000000,0.000000,0.000000,0.000000,0.000000,0.000000,0.000000,0.000000,0.000000,0.000000,0.000000,0.000000,0.000000,0.000000,0.000000,0.000000,0.000000,0.000000,0.000000,0.000000,0.000000,0.000000,0.000000
F,Right,legacy_bisindo_2hand_F_193,0.000000,0.000000,-0.393722,-0.274986,-0.838662,-0.299924,-1.215174,-0.104269,-1.479314,0.084940,-1.034334,-0.470496,-1.618198,-0.564216,-1.958219,-0.574427,-2.244260,-0.566713,-0.931782,-0.363019,-1.603236,-0.155150,-2.000555,-0.004016,-2.296507,0.109584,-0.801833,-0.169475,-1.271417,0.223403,-1.169893,0.287219,-1.027130,0.224730,-0.680237,0.055081,-1.017412,0.359377,-0.917705,0.369213,-0.775539,0.261631,0.000000,0.000000,0.000000,0.000000,0.000000,0.000000,0.000000,0.000000,0.000000,0.000000,0.000000,0.000000,0.000000,0.000000,0.000000,0.000000,0.000000,0.000000,0.000000,0.000000,0.000000,0.000000,0.000000,0.000000,0.000000,0.000000,0.000000,0.000000,0.000000,0.000000,0.000000,0.000000,0.000000,0.000000,0.000000,0.000000,0.000000,0.000000,0.000000,0.000000,0.000000,0.000000
F,Right,legacy_bisindo_2hand_F_194,0.000000,0.000000,0.472838,-0.171841,0.908315,-0.048421,1.210140,0.194317,1.366576,0.380855,1.092550,-0.339884,1.627871,-0.392272,1.970892,-0.423887,2.264742,-0.437405,0.972268,-0.233867,1.561408,-0.011978,1.959652,0.156179,2.263359,0.278611,0.800923,-0.055108,1.188864,0.471066,1.037094,0.469258,0.903149,0.365639,0.639243,0.184761,0.943639,0.567413,0.814855,0.527777,0.723886,0.391783,0.000000,0.000000,0.000000,0.000000,0.000000,0.000000,0.000000,0.000000,0.000000,0.000000,0.000000,0.000000,0.000000,0.000000,0.000000,0.000000,0.000000,0.000000,0.000000,0.000000,0.000000,0.000000,0.000000,0.000000,0.000000,0.000000,0.000000,0.000000,0.000000,0.000000,0.000000,0.000000,0.000000,0.000000,0.000000,0.000000,0.000000,0.000000,0.000000,0.000000,0.000000,0.000000
F,Right,legacy_bisindo_2hand_F_195,0.000000,0.000000,0.355764,-0.382862,0.820476,-0.436450,1.191366,-0.383015,1.423943,-0.297801,0.860964,-0.803383,1.352214,-1.071351,1.665514,-1.244905,1.928594,-1.374145,0.789930,-0.613197,1.421423,-0.601965,1.857000,-0.616364,2.165252,-0.653792,0.692835,-0.337634,1.306073,-0.024946,1.157549,0.048169,0.993377,0.008581,0.623116,-0.013663,1.105554,0.202593,0.971525,0.214977,0.807088,0.136224,0.000000,0.000000,0.000000,0.000000,0.000000,0.000000,0.000000,0.000000,0.000000,0.000000,0.000000,0.000000,0.000000,0.000000,0.000000,0.000000,0.000000,0.000000,0.000000,0.000000,0.000000,0.000000,0.000000,0.000000,0.000000,0.000000,0.000000,0.000000,0.000000,0.000000,0.000000,0.000000,0.000000,0.000000,0.000000,0.000000,0.000000,0.000000,0.000000,0.000000,0.000000,0.000000
F,Right,legacy_bisindo_2hand_F_196,0.000000,0.000000,-0.405106,-0.257876,-0.854838,-0.275651,-1.221942,-0.067681,-1.466428,0.130003,-1.042330,-0.462897,-1.622620,-0.556179,-1.954965,-0.567271,-2.247161,-0.553748,-0.933528,-0.358505,-1.600313,-0.139106,-2.010430,0.015859,-2.332355,0.134737,-0.797424,-0.164637,-1.249392,0.218361,-1.121855,0.274862,-0.968055,0.207797,-0.670306,0.056358,-1.016265,0.360791,-0.915288,0.369557,-0.772953,0.264045,0.000000,0.000000,0.000000,0.000000,0.000000,0.000000,0.000000,0.000000,0.000000,0.000000,0.000000,0.000000,0.000000,0.000000,0.000000,0.000000,0.000000,0.000000,0.000000,0.000000,0.000000,0.000000,0.000000,0.000000,0.000000,0.000000,0.000000,0.000000,0.000000,0.000000,0.000000,0.000000,0.000000,0.000000,0.000000,0.000000,0.000000,0.000000,0.000000,0.000000,0.000000,0.000000
F,Right,legacy_bisindo_2hand_F_197,0.000000,0.000000,0.315653,-0.424879,0.760230,-0.545483,1.141712,-0.550536,1.400775,-0.519751,0.795273,-0.884511,1.247982,-1.193847,1.540284,-1.396963,1.785635,-1.552815,0.718081,-0.695959,1.350642,-0.726498,1.795601,-0.789883,2.105655,-0.861937,0.634415,-0.406083,1.315915,-0.129814,1.202726,-0.049804,1.035844,-0.080391,0.599621,-0.071437,1.125570,0.106447,1.005246,0.125797,0.833183,0.058277,0.000000,0.000000,-0.245977,0.029042,-0.497829,-0.085864,-0.483349,-0.343258,-0.378957,-0.601923,-0.792189,-0.705498,-0.989590,-1.118099,-1.050385,-1.363186,-1.095890,-1.539981,-0.574443,-0.818544,-0.443401,-0.927760,-0.327294,-0.553880,-0.348809,-0.477929,-0.325661,-0.848456,-0.148468,-0.805571,-0.113479,-0.461858,-0.204550,-0.423702,-0.089306,-0.813231,0.045235,-0.734226,0.043351,-0.472762,-0.059936,-0.433393
F,Right,legacy_bisindo_2hand_F_198,0.000000,0.000000,0.469667,-0.090481,0.899926,0.054050,1.167170,0.301407,1.307147,0.502088,1.119924,-0.163100,1.640945,-0.139704,1.972299,-0.095601,2.248354,-0.049535,0.996950,-0.078040,1.556876,0.222240,1.904912,0.441054,2.168488,0.607111,0.814515,0.068702,1.124136,0.597204,0.998249,0.586154,0.884832,0.484007,0.618868,0.262934,0.863777,0.645070,0.769113,0.593148,0.692155,0.478475,0.000000,0.000000,0.000000,0.000000,0.000000,0.000000,0.000000,0.000000,0.000000,0.000000,0.000000,0.000000,0.000000,0.000000,0.000000,0.000000,0.000000,0.000000,0.000000,0.000000,0.000000,0.000000,0.000000,0.000000,0.000000,0.000000,0.000000,0.000000,0.000000,0.000000,0.000000,0.000000,0.000000,0.000000,0.000000,0.000000,0.000000,0.000000,0.000000,0.000000,0.000000,0.000000
F,Right,legacy_bisindo_2hand_F_199,0.000000,0.000000,0.486678,-0.108767,0.922334,0.039545,1.194619,0.297987,1.281894,0.502849,1.114565,-0.257217,1.616387,-0.273113,1.946055,-0.258577,2.220872,-0.242515,0.986764,-0.162161,1.554929,0.090405,1.927604,0.291809,2.193149,0.436359,0.805380,-0.005739,1.178294,0.519548,1.041063,0.535449,0.918729,0.442556,0.624532,0.207339,0.907238,0.575261,0.798748,0.535998,0.711984,0.414080,0.000000,0.000000,0.000000,0.000000,0.000000,0.000000,0.000000,0.000000,0.000000,0.000000,0.000000,0.000000,0.000000,0.000000,0.000000,0.000000,0.000000,0.000000,0.000000,0.000000,0.000000,0.000000,0.000000,0.000000,0.000000,0.000000,0.000000,0.000000,0.000000,0.000000,0.000000,0.000000,0.000000,0.000000,0.000000,0.000000,0.000000,0.000000,0.000000,0.000000,0.000000,0.000000
F,Right,legacy_bisindo_2hand_F_200,0.000000,0.000000,-0.393537,-0.274551,-0.829164,-0.279663,-1.191859,-0.100201,-1.460409,0.082768,-1.050403,-0.428782,-1.622836,-0.502842,-1.958175,-0.504505,-2.240156,-0.491593,-0.941556,-0.336857,-1.595905,-0.097350,-1.977835,0.047734,-2.258441,0.161224,-0.800885,-0.151311,-1.243512,0.276950,-1.157519,0.337540,-1.025821,0.277429,-0.669335,0.074726,-0.991491,0.399727,-0.909325,0.408877,-0.780633,0.302858,0.000000,0.000000,0.000000,0.000000,0.000000,0.000000,0.000000,0.000000,0.000000,0.000000,0.000000,0.000000,0.000000,0.000000,0.000000,0.000000,0.000000,0.000000,0.000000,0.000000,0.000000,0.000000,0.000000,0.000000,0.000000,0.000000,0.000000,0.000000,0.000000,0.000000,0.000000,0.000000,0.000000,0.000000,0.000000,0.000000,0.000000,0.000000,0.000000,0.000000,0.000000,0.000000
F,Right,legacy_bisindo_2hand_F_201,0.000000,0.000000,0.503184,-0.003706,0.890610,0.204342,1.100653,0.485002,1.205608,0.715694,1.134782,-0.001570,1.618682,0.092928,1.914604,0.170311,2.158104,0.244984,0.997337,0.072925,1.485429,0.412936,1.797610,0.673688,2.015072,0.865538,0.806204,0.192722,1.035395,0.722738,0.905458,0.721265,0.808870,0.636320,0.605827,0.357147,0.770056,0.720894,0.667644,0.670134,0.612383,0.566770,0.000000,0.000000,0.000000,0.000000,0.000000,0.000000,0.000000,0.000000,0.000000,0.000000,0.000000,0.000000,0.000000,0.000000,0.000000,0.000000,0.000000,0.000000,0.000000,0.000000,0.000000,0.000000,0.000000,0.000000,0.000000,0.000000,0.000000,0.000000,0.000000,0.000000,0.000000,0.000000,0.000000,0.000000,0.000000,0.000000,0.000000,0.000000,0.000000,0.000000,0.000000,0.000000
F,Right,legacy_bisindo_2hand_F_202,0.000000,0.000000,0.392084,-0.313044,0.893123,-0.293544,1.282078,-0.097200,1.444926,0.083201,0.953063,-0.653380,1.480188,-0.841687,1.827762,-0.941054,2.109152,-1.022533,0.865697,-0.500568,1.523476,-0.423252,1.964650,-0.356954,2.302584,-0.317484,0.732731,-0.261109,1.265746,0.136982,1.103903,0.170266,0.948267,0.086711,0.604034,0.031906,1.017150,0.312852,0.887490,0.312078,0.757680,0.199548,0.000000,0.000000,0.000000,0.000000,0.000000,0.000000,0.000000,0.000000,0.000000,0.000000,0.000000,0.000000,0.000000,0.000000,0.000000,0.000000,0.000000,0.000000,0.000000,0.000000,0.000000,0.000000,0.000000,0.000000,0.000000,0.000000,0.000000,0.000000,0.000000,0.000000,0.000000,0.000000,0.000000,0.000000,0.000000,0.000000,0.000000,0.000000,0.000000,0.000000,0.000000,0.000000
F,Right,legacy_bisindo_2hand_F_203,0.000000,0.000000,0.531065,-0.256066,0.922621,-0.295045,1.176196,-0.268448,1.386021,-0.217906,1.009846,-0.674389,1.452627,-0.981715,1.760023,-1.201216,2.038975,-1.372894,0.876791,-0.480872,1.469354,-0.541060,1.891682,-0.554425,2.211706,-0.626183,0.728152,-0.240643,1.279856,-0.022326,1.108909,0.032163,0.931103,-0.004617,0.639150,0.030691,1.050524,0.194303,0.903157,0.199756,0.739934,0.150401,0.000000,0.000000,0.000000,0.000000,0.000000,0.000000,0.000000,0.000000,0.000000,0.000000,0.000000,0.000000,0.000000,0.000000,0.000000,0.000000,0.000000,0.000000,0.000000,0.000000,0.000000,0.000000,0.000000,0.000000,0.000000,0.000000,0.000000,0.000000,0.000000,0.000000,0.000000,0.000000,0.000000,0.000000,0.000000,0.000000,0.000000,0.000000,0.000000,0.000000,0.000000,0.000000
F,Right,legacy_bisindo_2hand_F_204,0.000000,0.000000,0.352596,-0.331450,0.813769,-0.359525,1.194269,-0.274972,1.427091,-0.160389,0.914300,-0.705815,1.422213,-0.916984,1.744748,-1.032621,2.018547,-1.118692,0.836888,-0.547374,1.474934,-0.495831,1.894930,-0.438691,2.207651,-0.406242,0.714323,-0.300277,1.253231,0.079114,1.123410,0.158213,0.977288,0.121981,0.598456,0.003342,1.037222,0.278185,0.928196,0.286892,0.791021,0.192423,0.000000,0.000000,0.000000,0.000000,0.000000,0.000000,0.000000,0.000000,0.000000,0.000000,0.000000,0.000000,0.000000,0.000000,0.000000,0.000000,0.000000,0.000000,0.000000,0.000000,0.000000,0.000000,0.000000,0.000000,0.000000,0.000000,0.000000,0.000000,0.000000,0.000000,0.000000,0.000000,0.000000,0.000000,0.000000,0.000000,0.000000,0.000000,0.000000,0.000000,0.000000,0.000000
F,Right,legacy_bisindo_2hand_F_205,0.000000,0.000000,0.410630,-0.283856,0.895314,-0.243686,1.269496,-0.054127,1.440744,0.115848,0.963962,-0.614900,1.507269,-0.781533,1.860027,-0.860421,2.155765,-0.920030,0.882643,-0.470044,1.533382,-0.378693,1.994633,-0.308484,2.342888,-0.255595,0.737389,-0.242778,1.233940,0.183072,1.077386,0.223914,0.925358,0.149975,0.592953,0.049449,0.991296,0.353144,0.868733,0.358930,0.746465,0.243931,0.000000,0.000000,0.000000,0.000000,0.000000,0.000000,0.000000,0.000000,0.000000,0.000000,0.000000,0.000000,0.000000,0.000000,0.000000,0.000000,0.000000,0.000000,0.000000,0.000000,0.000000,0.000000,0.000000,0.000000,0.000000,0.000000,0.000000,0.000000,0.000000,0.000000,0.000000,0.000000,0.000000,0.000000,0.000000,0.000000,0.000000,0.000000,0.000000,0.000000,0.000000,0.000000
F,Right,legacy_bisindo_2hand_F_206,0.000000,0.000000,0.494955,-0.240382,0.905814,-0.215735,1.221179,-0.093362,1.421975,0.012909,1.034851,-0.532972,1.534039,-0.730700,1.882768,-0.871684,2.175246,-0.979632,0.921693,-0.387920,1.574696,-0.336566,2.021275,-0.270293,2.346706,-0.247999,0.776391,-0.159326,1.294696,0.200463,1.155903,0.247057,1.000688,0.188272,0.650411,0.130156,1.054900,0.393407,0.928728,0.373164,0.796660,0.270881,0.000000,0.000000,0.000000,0.000000,0.000000,0.000000,0.000000,0.000000,0.000000,0.000000,0.000000,0.000000,0.000000,0.000000,0.000000,0.000000,0.000000,0.000000,0.000000,0.000000,0.000000,0.000000,0.000000,0.000000,0.000000,0.000000,0.000000,0.000000,0.000000,0.000000,0.000000,0.000000,0.000000,0.000000,0.000000,0.000000,0.000000,0.000000,0.000000,0.000000,0.000000,0.000000
F,Right,legacy_bisindo_2hand_F_207,0.000000,0.000000,-0.418713,-0.233061,-0.862551,-0.236417,-1.218166,-0.025767,-1.456654,0.178902,-1.067243,-0.392689,-1.651183,-0.440664,-1.984329,-0.438128,-2.265873,-0.419400,-0.954332,-0.298748,-1.609175,-0.042646,-1.993645,0.133390,-2.279700,0.266479,-0.812414,-0.112717,-1.240918,0.322591,-1.122415,0.383027,-0.982379,0.314471,-0.674843,0.105455,-0.986071,0.441133,-0.879880,0.445199,-0.745378,0.334046,0.000000,0.000000,0.000000,0.000000,0.000000,0.000000,0.000000,0.000000,0.000000,0.000000,0.000000,0.000000,0.000000,0.000000,0.000000,0.000000,0.000000,0.000000,0.000000,0.000000,0.000000,0.000000,0.000000,0.000000,0.000000,0.000000,0.000000,0.000000,0.000000,0.000000,0.000000,0.000000,0.000000,0.000000,0.000000,0.000000,0.000000,0.000000,0.000000,0.000000,0.000000,0.000000
F,Right,legacy_bisindo_2hand_F_208,0.000000,0.000000,0.471274,-0.098194,0.906220,0.027379,1.188460,0.247766,1.346519,0.426153,1.120439,-0.181361,1.627198,-0.164951,1.963214,-0.132725,2.239912,-0.092557,0.995317,-0.096670,1.550743,0.197501,1.910255,0.407373,2.177883,0.571641,0.816117,0.048238,1.129892,0.568402,1.004611,0.542162,0.891900,0.433449,0.626525,0.240289,0.873251,0.613704,0.774633,0.560568,0.702014,0.445142,0.000000,0.000000,0.000000,0.000000,0.000000,0.000000,0.000000,0.000000,0.000000,0.000000,0.000000,0.000000,0.000000,0.000000,0.000000,0.000000,0.000000,0.000000,0.000000,0.000000,0.000000,0.000000,0.000000,0.000000,0.000000,0.000000,0.000000,0.000000,0.000000,0.000000,0.000000,0.000000,0.000000,0.000000,0.000000,0.000000,0.000000,0.000000,0.000000,0.000000,0.000000,0.000000
F,Right,legacy_bisindo_2hand_F_209,0.000000,0.000000,0.468402,-0.217244,0.917229,-0.138592,1.253537,0.050132,1.444972,0.207744,1.042635,-0.492406,1.561565,-0.636395,1.911647,-0.689870,2.207837,-0.712526,0.932509,-0.361147,1.570192,-0.224518,1.998890,-0.097511,2.310348,0.002973,0.763839,-0.150672,1.225902,0.263028,1.083448,0.290597,0.929129,0.214796,0.606675,0.108786,0.972451,0.403423,0.858085,0.394950,0.739170,0.282688,0.000000,0.000000,0.000000,0.000000,0.000000,0.000000,0.000000,0.000000,0.000000,0.000000,0.000000,0.000000,0.000000,0.000000,0.000000,0.000000,0.000000,0.000000,0.000000,0.000000,0.000000,0.000000,0.000000,0.000000,0.000000,0.000000,0.000000,0.000000,0.000000,0.000000,0.000000,0.000000,0.000000,0.000000,0.000000,0.000000,0.000000,0.000000,0.000000,0.000000,0.000000,0.000000
F,Right,legacy_bisindo_2hand_F_210,0.000000,0.000000,0.371634,-0.357583,0.821040,-0.399390,1.173186,-0.344994,1.408500,-0.254386,0.867545,-0.791245,1.367391,-1.055089,1.688802,-1.210046,1.962571,-1.325296,0.791133,-0.611644,1.432873,-0.603667,1.866731,-0.591604,2.173839,-0.602403,0.681418,-0.345653,1.272651,-0.019268,1.140053,0.065503,0.980727,0.036796,0.596887,-0.030593,1.072366,0.189370,0.953424,0.207491,0.793851,0.134345,0.000000,0.000000,0.000000,0.000000,0.000000,0.000000,0.000000,0.000000,0.000000,0.000000,0.000000,0.000000,0.000000,0.000000,0.000000,0.000000,0.000000,0.000000,0.000000,0.000000,0.000000,0.000000,0.000000,0.000000,0.000000,0.000000,0.000000,0.000000,0.000000,0.000000,0.000000,0.000000,0.000000,0.000000,0.000000,0.000000,0.000000,0.000000,0.000000,0.000000,0.000000,0.000000
F,Right,legacy_bisindo_2hand_F_211,0.000000,0.000000,0.463316,-0.201547,0.923784,-0.118494,1.261579,0.096648,1.410265,0.265367,1.063038,-0.434443,1.565628,-0.529506,1.916519,-0.572707,2.207615,-0.595825,0.947694,-0.319181,1.551608,-0.154609,1.969257,-0.020591,2.274030,0.083986,0.781968,-0.132725,1.231376,0.317129,1.093538,0.345083,0.953166,0.265743,0.630137,0.105457,0.978774,0.437558,0.868590,0.411428,0.762757,0.284632,0.000000,0.000000,0.000000,0.000000,0.000000,0.000000,0.000000,0.000000,0.000000,0.000000,0.000000,0.000000,0.000000,0.000000,0.000000,0.000000,0.000000,0.000000,0.000000,0.000000,0.000000,0.000000,0.000000,0.000000,0.000000,0.000000,0.000000,0.000000,0.000000,0.000000,0.000000,0.000000,0.000000,0.000000,0.000000,0.000000,0.000000,0.000000,0.000000,0.000000,0.000000,0.000000
F,Right,legacy_bisindo_2hand_F_212,0.000000,0.000000,0.508962,0.062211,0.864390,0.357159,1.027333,0.688618,1.061687,0.929851,1.134377,0.141897,1.606221,0.312607,1.887512,0.435520,2.119866,0.544422,0.980083,0.198589,1.414783,0.619171,1.689587,0.926901,1.876013,1.154999,0.761586,0.291303,0.927864,0.867298,0.796499,0.814646,0.708656,0.685412,0.528045,0.429225,0.666374,0.834741,0.572430,0.761203,0.524215,0.633622,0.000000,0.000000,0.000000,0.000000,0.000000,0.000000,0.000000,0.000000,0.000000,0.000000,0.000000,0.000000,0.000000,0.000000,0.000000,0.000000,0.000000,0.000000,0.000000,0.000000,0.000000,0.000000,0.000000,0.000000,0.000000,0.000000,0.000000,0.000000,0.000000,0.000000,0.000000,0.000000,0.000000,0.000000,0.000000,0.000000,0.000000,0.000000,0.000000,0.000000,0.000000,0.000000
F,Right,legacy_bisindo_2hand_F_213,0.000000,0.000000,-0.419846,-0.220865,-0.870157,-0.224194,-1.224345,-0.025168,-1.470059,0.160746,-1.064429,-0.389384,-1.646116,-0.438149,-1.979638,-0.443580,-2.268836,-0.432034,-0.956515,-0.291685,-1.599670,-0.042779,-1.988059,0.133237,-2.290842,0.264011,-0.815991,-0.108563,-1.216751,0.319075,-1.089968,0.360642,-0.945307,0.281729,-0.677853,0.106166,-0.977430,0.438487,-0.873356,0.439344,-0.741513,0.327995,0.000000,0.000000,0.000000,0.000000,0.000000,0.000000,0.000000,0.000000,0.000000,0.000000,0.000000,0.000000,0.000000,0.000000,0.000000,0.000000,0.000000,0.000000,0.000000,0.000000,0.000000,0.000000,0.000000,0.000000,0.000000,0.000000,0.000000,0.000000,0.000000,0.000000,0.000000,0.000000,0.000000,0.000000,0.000000,0.000000,0.000000,0.000000,0.000000,0.000000,0.000000,0.000000
F,Right,legacy_bisindo_2hand_F_214,0.000000,0.000000,0.496708,-0.283194,0.867364,-0.360087,1.135520,-0.378657,1.383042,-0.380803,0.949820,-0.740222,1.360231,-1.036990,1.648743,-1.219465,1.903683,-1.357106,0.835651,-0.549261,1.470906,-0.650087,1.881788,-0.654028,2.199075,-0.672312,0.709748,-0.322171,1.240104,-0.093602,1.065434,-0.032358,0.901579,-0.049795,0.639370,-0.056895,1.036623,0.082051,0.881698,0.100980,0.732849,0.053396,0.000000,0.000000,0.000000,0.000000,0.000000,0.000000,0.000000,0.000000,0.000000,0.000000,0.000000,0.000000,0.000000,0.000000,0.000000,0.000000,0.000000,0.000000,0.000000,0.000000,0.000000,0.000000,0.000000,0.000000,0.000000,0.000000,0.000000,0.000000,0.000000,0.000000,0.000000,0.000000,0.000000,0.000000,0.000000,0.000000,0.000000,0.000000,0.000000,0.000000,0.000000,0.000000
F,Right,legacy_bisindo_2hand_F_215,0.000000,0.000000,0.532158,-0.125003,0.951470,0.015845,1.218348,0.222730,1.360904,0.400113,1.108823,-0.357293,1.610906,-0.457727,1.940315,-0.509205,2.221890,-0.532122,0.970757,-0.240064,1.565793,-0.065325,1.963706,0.075825,2.248799,0.176389,0.781862,-0.073874,1.156704,0.389943,0.991126,0.388473,0.849969,0.305398,0.606631,0.151306,0.914521,0.478029,0.780857,0.449663,0.670086,0.338383,0.000000,0.000000,0.000000,0.000000,0.000000,0.000000,0.000000,0.000000,0.000000,0.000000,0.000000,0.000000,0.000000,0.000000,0.000000,0.000000,0.000000,0.000000,0.000000,0.000000,0.000000,0.000000,0.000000,0.000000,0.000000,0.000000,0.000000,0.000000,0.000000,0.000000,0.000000,0.000000,0.000000,0.000000,0.000000,0.000000,0.000000,0.000000,0.000000,0.000000,0.000000,0.000000
F,Right,legacy_bisindo_2hand_F_216,0.000000,0.000000,0.515923,-0.084493,0.912540,0.095756,1.135982,0.338011,1.252493,0.569493,1.141410,-0.222846,1.650232,-0.242544,1.980093,-0.225555,2.254498,-0.193229,0.991599,-0.129352,1.575273,0.147928,1.952034,0.358725,2.208758,0.517711,0.796460,0.014649,1.139280,0.543351,1.001853,0.521685,0.878687,0.408800,0.613329,0.216746,0.881396,0.583756,0.772168,0.538138,0.684224,0.409269,0.000000,0.000000,0.000000,0.000000,0.000000,0.000000,0.000000,0.000000,0.000000,0.000000,0.000000,0.000000,0.000000,0.000000,0.000000,0.000000,0.000000,0.000000,0.000000,0.000000,0.000000,0.000000,0.000000,0.000000,0.000000,0.000000,0.000000,0.000000,0.000000,0.000000,0.000000,0.000000,0.000000,0.000000,0.000000,0.000000,0.000000,0.000000,0.000000,0.000000,0.000000,0.000000
F,Right,legacy_bisindo_2hand_F_217,0.000000,0.000000,0.459683,-0.180201,0.931388,-0.073869,1.262622,0.175409,1.377419,0.371099,1.079699,-0.389918,1.588879,-0.443723,1.932064,-0.450673,2.218778,-0.451987,0.961384,-0.275210,1.563960,-0.052420,1.963267,0.115777,2.265847,0.235971,0.787815,-0.096359,1.219436,0.391035,1.070463,0.411879,0.934927,0.317112,0.619610,0.138074,0.948874,0.503508,0.839789,0.463982,0.738244,0.322358,0.000000,0.000000,0.000000,0.000000,0.000000,0.000000,0.000000,0.000000,0.000000,0.000000,0.000000,0.000000,0.000000,0.000000,0.000000,0.000000,0.000000,0.000000,0.000000,0.000000,0.000000,0.000000,0.000000,0.000000,0.000000,0.000000,0.000000,0.000000,0.000000,0.000000,0.000000,0.000000,0.000000,0.000000,0.000000,0.000000,0.000000,0.000000,0.000000,0.000000,0.000000,0.000000
F,Right,legacy_bisindo_2hand_F_218,0.000000,0.000000,0.521730,-0.260721,0.949060,-0.219394,1.249789,-0.094736,1.437727,0.016945,1.054587,-0.600153,1.554068,-0.779195,1.896365,-0.903764,2.187740,-0.987767,0.897638,-0.440734,1.530248,-0.351396,1.982068,-0.281079,2.322791,-0.241340,0.722352,-0.209671,1.273640,0.192450,1.127000,0.210727,0.956983,0.138992,0.585348,0.069319,1.013990,0.341587,0.878509,0.317416,0.730322,0.225496,0.000000,0.000000,0.000000,0.000000,0.000000,0.000000,0.000000,0.000000,0.000000,0.000000,0.000000,0.000000,0.000000,0.000000,0.000000,0.000000,0.000000,0.000000,0.000000,0.000000,0.000000,0.000000,0.000000,0.000000,0.000000,0.000000,0.000000,0.000000,0.000000,0.000000,0.000000,0.000000,0.000000,0.000000,0.000000,0.000000,0.000000,0.000000,0.000000,0.000000,0.000000,0.000000
F,Right,legacy_bisindo_2hand_F_219,0.000000,0.000000,0.453115,-0.241827,0.906267,-0.171326,1.249167,0.027537,1.424037,0.195029,1.021847,-0.526890,1.535748,-0.681104,1.884706,-0.744035,2.178402,-0.779243,0.918929,-0.394423,1.553483,-0.279016,1.980667,-0.177803,2.288275,-0.096272,0.759566,-0.172697,1.238141,0.230711,1.105044,0.258726,0.953573,0.179922,0.605856,0.098228,0.988064,0.380214,0.879981,0.370978,0.755528,0.253892,0.000000,0.000000,0.000000,0.000000,0.000000,0.000000,0.000000,0.000000,0.000000,0.000000,0.000000,0.000000,0.000000,0.000000,0.000000,0.000000,0.000000,0.000000,0.000000,0.000000,0.000000,0.000000,0.000000,0.000000,0.000000,0.000000,0.000000,0.000000,0.000000,0.000000,0.000000,0.000000,0.000000,0.000000,0.000000,0.000000,0.000000,0.000000,0.000000,0.000000,0.000000,0.000000
F,Right,legacy_bisindo_2hand_F_220,0.000000,0.000000,0.406761,-0.296036,0.900756,-0.257354,1.279044,-0.060568,1.440303,0.113960,0.953505,-0.641614,1.489536,-0.833459,1.843851,-0.921935,2.137183,-0.987376,0.872233,-0.489091,1.526667,-0.402772,1.987064,-0.337686,2.327422,-0.286339,0.726330,-0.254707,1.238808,0.163161,1.081262,0.196681,0.919704,0.115792,0.586648,0.039991,0.991742,0.328160,0.872974,0.334836,0.743164,0.217731,0.000000,0.000000,0.000000,0.000000,0.000000,0.000000,0.000000,0.000000,0.000000,0.000000,0.000000,0.000000,0.000000,0.000000,0.000000,0.000000,0.000000,0.000000,0.000000,0.000000,0.000000,0.000000,0.000000,0.000000,0.000000,0.000000,0.000000,0.000000,0.000000,0.000000,0.000000,0.000000,0.000000,0.000000,0.000000,0.000000,0.000000,0.000000,0.000000,0.000000,0.000000,0.000000
F,Right,legacy_bisindo_2hand_F_221,0.000000,0.000000,0.331190,-0.413788,0.762097,-0.526039,1.118810,-0.530298,1.369232,-0.487003,0.807504,-0.868615,1.269376,-1.172923,1.567154,-1.370156,1.819946,-1.520339,0.735456,-0.677573,1.361969,-0.702124,1.792881,-0.746799,2.096765,-0.802342,0.648942,-0.394643,1.306459,-0.136778,1.170768,-0.063925,0.999922,-0.096002,0.601921,-0.067094,1.115884,0.099429,0.983442,0.116306,0.807158,0.052841,0.000000,0.000000,-0.269379,0.044492,-0.521177,-0.087068,-0.492566,-0.338553,-0.369369,-0.585632,-0.800422,-0.697864,-0.998362,-1.117204,-1.079245,-1.342175,-1.138656,-1.514845,-0.580634,-0.814164,-0.451606,-0.913886,-0.342455,-0.585051,-0.345189,-0.463112,-0.341284,-0.842929,-0.155421,-0.780645,-0.133210,-0.455510,-0.213756,-0.386816,-0.113836,-0.809411,0.028630,-0.704364,0.019207,-0.454945,-0.074350,-0.404744
F,Right,legacy_bisindo_2hand_F_222,0.000000,0.000000,0.448120,-0.222606,0.909464,-0.147051,1.261328,0.067678,1.427333,0.246920,1.046300,-0.480647,1.566076,-0.605471,1.912612,-0.650650,2.201319,-0.677741,0.934202,-0.356746,1.569790,-0.200742,1.988870,-0.068986,2.297847,0.026983,0.766680,-0.150136,1.231975,0.276078,1.091323,0.316881,0.945785,0.240315,0.602185,0.106358,0.977527,0.423859,0.867619,0.413505,0.749047,0.288127,0.000000,0.000000,0.000000,0.000000,0.000000,0.000000,0.000000,0.000000,0.000000,0.000000,0.000000,0.000000,0.000000,0.000000,0.000000,0.000000,0.000000,0.000000,0.000000,0.000000,0.000000,0.000000,0.000000,0.000000,0.000000,0.000000,0.000000,0.000000,0.000000,0.000000,0.000000,0.000000,0.000000,0.000000,0.000000,0.000000,0.000000,0.000000,0.000000,0.000000,0.000000,0.000000
F,Right,legacy_bisindo_2hand_F_223,0.000000,0.000000,0.489062,-0.099519,0.905725,0.069580,1.169191,0.331131,1.280758,0.528035,1.124077,-0.188183,1.636204,-0.186468,1.973044,-0.150025,2.249855,-0.104392,0.995474,-0.095033,1.563981,0.187741,1.939603,0.408158,2.207425,0.573716,0.811613,0.055284,1.132704,0.574760,1.003646,0.562840,0.890108,0.458157,0.625558,0.256106,0.876385,0.622864,0.771776,0.572032,0.697171,0.447902,0.000000,0.000000,0.000000,0.000000,0.000000,0.000000,0.000000,0.000000,0.000000,0.000000,0.000000,0.000000,0.000000,0.000000,0.000000,0.000000,0.000000,0.000000,0.000000,0.000000,0.000000,0.000000,0.000000,0.000000,0.000000,0.000000,0.000000,0.000000,0.000000,0.000000,0.000000,0.000000,0.000000,0.000000,0.000000,0.000000,0.000000,0.000000,0.000000,0.000000,0.000000,0.000000
F,Right,legacy_bisindo_2hand_F_224,0.000000,0.000000,0.359457,-0.345640,0.798502,-0.397869,1.156275,-0.382822,1.406417,-0.347532,0.883610,-0.763862,1.401696,-1.008633,1.730762,-1.139913,2.010944,-1.236220,0.807887,-0.589337,1.447030,-0.556060,1.876131,-0.526022,2.186497,-0.526359,0.693634,-0.330345,1.254888,0.024836,1.117561,0.104704,0.963111,0.069452,0.598918,-0.022923,1.051098,0.224300,0.932622,0.240424,0.783624,0.161500,0.000000,0.000000,-0.241824,-0.005825,-0.441478,-0.170262,-0.364673,-0.404106,-0.188611,-0.640669,-0.579148,-0.848280,-0.746979,-1.316669,-0.761098,-1.533102,-0.763881,-1.713213,-0.342493,-0.939521,-0.195939,-1.000914,-0.142199,-0.589871,-0.155774,-0.461903,-0.108532,-0.919265,0.082503,-0.853154,0.051793,-0.481441,-0.045600,-0.416934,0.099332,-0.849613,0.228319,-0.735288,0.191760,-0.473324,0.089858,-0.437509
F,Right,legacy_bisindo_2hand_F_225,0.000000,0.000000,0.436167,-0.287916,0.885244,-0.255478,1.222469,-0.132553,1.432860,0.018335,0.975981,-0.612868,1.483112,-0.788077,1.808188,-0.878261,2.088297,-0.940184,0.889771,-0.456406,1.527975,-0.375544,1.954473,-0.301272,2.265197,-0.236951,0.738856,-0.236300,1.227850,0.160296,1.067694,0.199160,0.908332,0.134932,0.590216,0.041751,0.985676,0.321759,0.858543,0.327066,0.723396,0.222374,0.000000,0.000000,0.000000,0.000000,0.000000,0.000000,0.000000,0.000000,0.000000,0.000000,0.000000,0.000000,0.000000,0.000000,0.000000,0.000000,0.000000,0.000000,0.000000,0.000000,0.000000,0.000000,0.000000,0.000000,0.000000,0.000000,0.000000,0.000000,0.000000,0.000000,0.000000,0.000000,0.000000,0.000000,0.000000,0.000000,0.000000,0.000000,0.000000,0.000000,0.000000,0.000000
F,Right,legacy_bisindo_2hand_F_226,0.000000,0.000000,0.502134,0.090525,0.825032,0.386877,0.990401,0.696730,1.032687,0.896807,1.127356,0.198513,1.596251,0.379084,1.899168,0.527041,2.141825,0.664103,0.971173,0.238376,1.393576,0.701449,1.672977,1.035403,1.868887,1.280368,0.743806,0.313706,0.857030,0.928289,0.743278,0.865243,0.676799,0.727095,0.502976,0.439766,0.603057,0.868338,0.518118,0.786331,0.493926,0.651645,0.000000,0.000000,0.000000,0.000000,0.000000,0.000000,0.000000,0.000000,0.000000,0.000000,0.000000,0.000000,0.000000,0.000000,0.000000,0.000000,0.000000,0.000000,0.000000,0.000000,0.000000,0.000000,0.000000,0.000000,0.000000,0.000000,0.000000,0.000000,0.000000,0.000000,0.000000,0.000000,0.000000,0.000000,0.000000,0.000000,0.000000,0.000000,0.000000,0.000000,0.000000,0.000000
F,Right,legacy_bisindo_2hand_F_227,0.000000,0.000000,0.528653,-0.302290,0.941332,-0.320695,1.229821,-0.225848,1.444907,-0.133552,0.973844,-0.733599,1.432475,-1.025642,1.759810,-1.227802,2.047889,-1.383000,0.841708,-0.539933,1.471719,-0.588483,1.938357,-0.592962,2.295662,-0.618011,0.692369,-0.278673,1.269188,0.030751,1.113499,0.083260,0.939001,0.041071,0.603010,0.030463,1.040168,0.241532,0.878542,0.231753,0.716024,0.160776,0.000000,0.000000,0.000000,0.000000,0.000000,0.000000,0.000000,0.000000,0.000000,0.000000,0.000000,0.000000,0.000000,0.000000,0.000000,0.000000,0.000000,0.000000,0.000000,0.000000,0.000000,0.000000,0.000000,0.000000,0.000000,0.000000,0.000000,0.000000,0.000000,0.000000,0.000000,0.000000,0.000000,0.000000,0.000000,0.000000,0.000000,0.000000,0.000000,0.000000,0.000000,0.000000
F,Right,legacy_bisindo_2hand_F_228,0.000000,0.000000,0.453171,-0.274115,0.887835,-0.243796,1.231174,-0.122524,1.447558,-0.020566,1.020505,-0.549127,1.531805,-0.700483,1.876863,-0.825290,2.164687,-0.915063,0.916990,-0.398909,1.524530,-0.282712,1.939956,-0.214995,2.238462,-0.199694,0.774712,-0.165434,1.274576,0.268676,1.135857,0.312659,0.987111,0.247843,0.658349,0.122304,1.048899,0.421950,0.917291,0.397003,0.787648,0.287652,0.000000,0.000000,0.000000,0.000000,0.000000,0.000000,0.000000,0.000000,0.000000,0.000000,0.000000,0.000000,0.000000,0.000000,0.000000,0.000000,0.000000,0.000000,0.000000,0.000000,0.000000,0.000000,0.000000,0.000000,0.000000,0.000000,0.000000,0.000000,0.000000,0.000000,0.000000,0.000000,0.000000,0.000000,0.000000,0.000000,0.000000,0.000000,0.000000,0.000000,0.000000,0.000000
F,Right,legacy_bisindo_2hand_F_229,0.000000,0.000000,-0.259938,-0.420702,-0.657867,-0.561977,-1.079121,-0.534734,-1.365596,-0.429445,-0.928208,-0.721623,-1.457205,-0.939051,-1.794386,-1.082784,-2.028380,-1.197630,-0.807371,-0.590044,-1.446188,-0.542297,-1.782901,-0.499186,-1.988158,-0.473132,-0.701329,-0.343583,-1.335858,-0.067543,-1.453618,0.034481,-1.403865,0.035433,-0.622083,-0.059417,-1.084317,0.150585,-1.072143,0.189075,-0.951233,0.139500,0.000000,0.000000,0.000000,0.000000,0.000000,0.000000,0.000000,0.000000,0.000000,0.000000,0.000000,0.000000,0.000000,0.000000,0.000000,0.000000,0.000000,0.000000,0.000000,0.000000,0.000000,0.000000,0.000000,0.000000,0.000000,0.000000,0.000000,0.000000,0.000000,0.000000,0.000000,0.000000,0.000000,0.000000,0.000000,0.000000,0.000000,0.000000,0.000000,0.000000,0.000000,0.000000
F,Right,legacy_bisindo_2hand_F_230,0.000000,0.000000,-0.381420,-0.308117,-0.802794,-0.361187,-1.181905,-0.223764,-1.469809,-0.070918,-1.012851,-0.538675,-1.580787,-0.673961,-1.919824,-0.713836,-2.206982,-0.732334,-0.898528,-0.438916,-1.581971,-0.277660,-1.994769,-0.174701,-2.296292,-0.089564,-0.774044,-0.234605,-1.279246,0.133794,-1.231282,0.222560,-1.104094,0.191397,-0.664701,-0.003289,-1.024708,0.286146,-0.958200,0.308816,-0.829454,0.216075,0.000000,0.000000,0.000000,0.000000,0.000000,0.000000,0.000000,0.000000,0.000000,0.000000,0.000000,0.000000,0.000000,0.000000,0.000000,0.000000,0.000000,0.000000,0.000000,0.000000,0.000000,0.000000,0.000000,0.000000,0.000000,0.000000,0.000000,0.000000,0.000000,0.000000,0.000000,0.000000,0.000000,0.000000,0.000000,0.000000,0.000000,0.000000,0.000000,0.000000,0.000000,0.000000
F,Right,legacy_bisindo_2hand_F_231,0.000000,0.000000,0.515662,-0.240922,0.958382,-0.099646,1.177488,0.181793,1.203881,0.406633,1.027629,0.124636,1.577631,0.142321,1.876984,0.157599,2.100287,0.194659,0.911393,0.411537,1.512137,0.637628,1.863584,0.740907,2.113242,0.817259,0.789556,0.624392,1.226181,0.670410,1.176820,0.483182,1.060064,0.361784,0.658499,0.757182,1.000378,0.675763,1.006040,0.503800,0.929609,0.395549,0.000000,0.000000,-0.575611,-0.162776,-0.978833,-0.268045,-1.281605,-0.216445,-1.470125,-0.137031,-0.866650,-0.894611,-1.170653,-0.836471,-1.197172,-0.618561,-1.122454,-0.481452,-0.598831,-0.800876,-1.207810,-0.375211,-1.241505,-0.078625,-1.149262,0.009221,-0.366504,-0.572004,-0.947733,-0.073741,-0.931218,0.117783,-0.814052,0.079424,-0.180697,-0.290262,-0.591412,0.085483,-0.650072,0.173332,-0.599965,0.100968
F,Right,legacy_bisindo_2hand_F_232,0.000000,0.000000,0.546321,-0.233096,1.004128,-0.093115,1.264407,0.214196,1.340042,0.469003,1.037155,0.167927,1.661744,0.278154,2.007348,0.342000,2.258202,0.422684,0.882977,0.469416,1.525862,0.779291,1.889309,0.932634,2.151153,1.058589,0.756281,0.694101,1.281511,0.768109,1.244209,0.535547,1.122056,0.384383,0.640016,0.830154,1.069174,0.765885,1.071185,0.570993,0.973236,0.454584,0.000000,0.000000,0.000000,0.000000,0.000000,0.000000,0.000000,0.000000,0.000000,0.000000,0.000000,0.000000,0.000000,0.000000,0.000000,0.000000,0.000000,0.000000,0.000000,0.000000,0.000000,0.000000,0.000000,0.000000,0.000000,0.000000,0.000000,0.000000,0.000000,0.000000,0.000000,0.000000,0.000000,0.000000,0.000000,0.000000,0.000000,0.000000,0.000000,0.000000,0.000000,0.000000
F,Right,legacy_bisindo_2hand_F_233,0.000000,0.000000,0.486903,-0.265706,0.914339,-0.185092,1.111181,0.053357,1.152985,0.228795,1.032359,0.042991,1.571918,0.037321,1.854949,0.026025,2.068161,0.036968,0.944823,0.327582,1.511062,0.461819,1.844633,0.513573,2.077468,0.549147,0.821839,0.534302,1.213044,0.457385,1.125373,0.257684,0.987513,0.141825,0.671563,0.665029,0.937430,0.496052,0.903169,0.332951,0.815455,0.245552,0.000000,0.000000,-0.550076,-0.090022,-0.916815,-0.210333,-1.185446,-0.204758,-1.307413,-0.135749,-0.824075,-0.818392,-0.925935,-1.162218,-1.001120,-1.375267,-1.063266,-1.535780,-0.630121,-0.776497,-1.131628,-0.441906,-1.079840,-0.186386,-0.925740,-0.141818,-0.456382,-0.599418,-0.912506,-0.178669,-0.805277,-0.032734,-0.650009,-0.099145,-0.304975,-0.379740,-0.652543,-0.042133,-0.592315,0.044776,-0.465262,-0.043228
F,Right,legacy_bisindo_2hand_F_234,0.000000,0.000000,0.375006,-0.403044,0.766220,-0.490998,1.028349,-0.345705,1.112004,-0.203239,0.969577,-0.322254,1.452941,-0.494877,1.708018,-0.563797,1.907146,-0.600425,0.999812,-0.019380,1.524506,-0.083777,1.838052,-0.119300,2.067435,-0.142976,0.947850,0.218009,1.249008,0.071887,1.101680,-0.045066,0.939738,-0.095205,0.839293,0.391923,0.987247,0.226968,0.900744,0.109954,0.793009,0.057613,0.000000,0.000000,0.000000,0.000000,0.000000,0.000000,0.000000,0.000000,0.000000,0.000000,0.000000,0.000000,0.000000,0.000000,0.000000,0.000000,0.000000,0.000000,0.000000,0.000000,0.000000,0.000000,0.000000,0.000000,0.000000,0.000000,0.000000,0.000000,0.000000,0.000000,0.000000,0.000000,0.000000,0.000000,0.000000,0.000000,0.000000,0.000000,0.000000,0.000000,0.000000,0.000000
F,Right,legacy_bisindo_2hand_F_235,0.000000,0.000000,0.471222,-0.282720,0.877901,-0.231401,1.055282,0.009207,1.065562,0.196363,1.020547,0.035716,1.555571,0.056108,1.841362,0.088768,2.052418,0.124947,0.939690,0.342027,1.450237,0.480150,1.761184,0.551223,1.989700,0.610477,0.821863,0.547745,1.151022,0.490199,1.046231,0.306431,0.912288,0.190516,0.673709,0.667558,0.863099,0.540640,0.813076,0.400166,0.732019,0.323779,0.000000,0.000000,-0.637625,-0.064376,-1.048456,-0.208076,-1.257664,-0.322289,-1.165323,-0.376218,-0.718220,-0.996233,-1.054968,-0.634838,-1.056106,-0.295717,-0.961742,-0.203145,-0.431413,-0.902155,-0.862194,-0.444348,-0.862690,-0.179584,-0.753427,-0.173579,-0.180138,-0.698913,-0.574255,-0.256796,-0.583616,-0.059318,-0.478809,-0.095759,0.020753,-0.451196,-0.249449,-0.162847,-0.321159,-0.057123,-0.278974,-0.079355
F,Right,legacy_bisindo_2hand_F_236,0.000000,0.000000,0.226725,-0.487868,0.630580,-0.627171,0.959395,-0.499899,1.088085,-0.293152,0.903323,-0.527708,1.366597,-0.677401,1.627975,-0.770065,1.814986,-0.818863,0.975854,-0.218422,1.481648,-0.162987,1.806716,-0.147517,2.032733,-0.094898,0.963615,0.054712,1.160856,0.025612,1.035628,-0.059505,0.875828,-0.083541,0.908312,0.278921,0.977023,0.178636,0.859635,0.122561,0.728532,0.124381,0.000000,0.000000,-0.425748,-0.254858,-0.634896,-0.557173,-0.799334,-0.814872,-0.917255,-1.029598,-0.385830,-1.036617,-0.489363,-1.397926,-0.569562,-1.604406,-0.643558,-1.768176,-0.275546,-0.961288,-0.781055,-0.954099,-0.825826,-0.702754,-0.755037,-0.537258,-0.228166,-0.776228,-0.727951,-0.611712,-0.707430,-0.380068,-0.618047,-0.274054,-0.209697,-0.544662,-0.614600,-0.372566,-0.662173,-0.198861,-0.635226,-0.123707
F,Right,legacy_bisindo_2hand_F_237,0.000000,0.000000,-0.014623,-0.625709,0.275935,-1.004551,0.610319,-1.008250,0.776804,-0.822411,0.748298,-0.782575,1.140082,-1.068243,1.356072,-1.220162,1.535076,-1.322491,0.895257,-0.445550,1.335507,-0.520165,1.605837,-0.561257,1.823819,-0.577922,0.908837,-0.192864,1.047228,-0.417328,0.848084,-0.500877,0.691257,-0.479167,0.870932,-0.021735,0.877905,-0.262481,0.737739,-0.328511,0.606089,-0.298154,0.000000,0.000000,0.000000,0.000000,0.000000,0.000000,0.000000,0.000000,0.000000,0.000000,0.000000,0.000000,0.000000,0.000000,0.000000,0.000000,0.000000,0.000000,0.000000,0.000000,0.000000,0.000000,0.000000,0.000000,0.000000,0.000000,0.000000,0.000000,0.000000,0.000000,0.000000,0.000000,0.000000,0.000000,0.000000,0.000000,0.000000,0.000000,0.000000,0.000000,0.000000,0.000000
F,Right,legacy_bisindo_2hand_F_238,0.000000,0.000000,0.274017,-0.456702,0.694429,-0.567222,1.035791,-0.440108,1.149535,-0.252614,0.955073,-0.429719,1.458537,-0.484925,1.730694,-0.521936,1.922655,-0.535768,0.992998,-0.118133,1.474513,0.029664,1.762101,0.124145,1.941758,0.228475,0.944759,0.145645,1.099821,0.144724,0.962410,0.076074,0.801853,0.050053,0.859291,0.355983,0.909654,0.266958,0.789679,0.214300,0.659513,0.203329,0.000000,0.000000,-0.354820,-0.349082,-0.516174,-0.663033,-0.655189,-0.915071,-0.728027,-1.123638,-0.184645,-1.103826,-0.201835,-1.423180,-0.228393,-1.605091,-0.251308,-1.752983,-0.092424,-0.995720,-0.624924,-1.065134,-0.679262,-0.851461,-0.588114,-0.721441,-0.095356,-0.793026,-0.648187,-0.727013,-0.636777,-0.541285,-0.509797,-0.490264,-0.145077,-0.567451,-0.590850,-0.490410,-0.598043,-0.361735,-0.491238,-0.338886
F,Right,legacy_bisindo_2hand_F_239,0.000000,0.000000,-0.293687,-0.038882,-0.567603,-0.161708,-0.654360,-0.241323,-0.499044,-0.298751,-0.483462,-0.870519,-0.547328,-1.188885,-0.582937,-1.375852,-0.574652,-1.527262,-0.222167,-0.975009,-0.338615,-0.530192,-0.339949,-0.245017,-0.273295,-0.164533,0.010934,-0.871311,-0.148381,-0.324421,-0.166888,-0.106651,-0.105597,-0.088355,0.219429,-0.696039,0.053086,-0.237442,-0.001842,-0.045241,0.016129,-0.033307,0.000000,0.000000,0.204486,-0.520138,0.608227,-0.708817,0.973008,-0.643644,1.178138,-0.546956,0.869403,-0.645623,1.377185,-0.944220,1.666552,-1.116352,1.881659,-1.218959,0.954863,-0.297046,1.513742,-0.295870,1.886958,-0.288728,2.165219,-0.252410,0.951769,0.017136,1.093703,-0.086841,0.916538,-0.133497,0.746327,-0.132731,0.900807,0.274693,0.969793,0.137348,0.831177,0.100746,0.697591,0.110293
F,Right,legacy_bisindo_2hand_F_240,0.000000,0.000000,0.130038,-0.526918,0.515787,-0.728563,0.908433,-0.685876,1.103077,-0.566077,0.791544,-0.707825,1.360233,-0.907238,1.667643,-0.985523,1.903088,-1.017170,0.926078,-0.377331,1.499845,-0.437622,1.841535,-0.460599,2.102467,-0.451316,0.971615,-0.104381,1.163543,-0.316806,0.991467,-0.359564,0.819462,-0.329939,0.966566,0.100257,1.000245,-0.150766,0.860954,-0.199863,0.732323,-0.172313,0.000000,0.000000,-0.278553,-0.074555,-0.477406,-0.181702,-0.515856,-0.241296,-0.368967,-0.292296,-0.269701,-0.989030,-0.402343,-1.413240,-0.518028,-1.705110,-0.613083,-1.920883,0.085732,-0.996318,-0.101919,-0.842241,-0.237235,-0.484479,-0.251116,-0.367319,0.321752,-0.777641,0.045168,-0.452479,-0.141425,-0.189760,-0.179802,-0.130341,0.462893,-0.473931,0.195360,-0.079880,-0.029363,0.148459,-0.145874,0.216543
F,Right,legacy_bisindo_2hand_F_241,0.000000,0.000000,0.244547,-0.463798,0.583637,-0.618856,0.826924,-0.504097,0.883062,-0.368620,0.954413,-0.413152,1.398526,-0.566456,1.632945,-0.643840,1.807706,-0.683776,0.993567,-0.113250,1.469367,-0.047909,1.739383,-0.014013,1.929920,0.034738,0.946753,0.108020,1.043200,-0.042963,0.941505,-0.114517,0.817577,-0.130324,0.869250,0.251419,0.894599,0.075795,0.809592,0.013396,0.701513,-0.006280,0.000000,0.000000,-0.300596,-0.143412,-0.557034,-0.336023,-0.748028,-0.480096,-0.824403,-0.551886,-0.438535,-1.020463,-0.454596,-1.444625,-0.480803,-1.667314,-0.501100,-1.817684,-0.171206,-0.985235,-0.505056,-0.775853,-0.657714,-0.381575,-0.699723,-0.088233,0.027120,-0.774093,-0.361977,-0.414921,-0.475831,-0.136216,-0.480746,0.029207,0.166885,-0.504118,-0.149156,-0.181742,-0.247828,0.005845,-0.240572,0.091453
F,Right,legacy_bisindo_2hand_F_242,0.000000,0.000000,0.148076,0.336559,0.411812,0.554873,0.582400,0.715620,0.655471,0.812762,0.811575,0.389339,0.933196,0.192808,0.970959,0.052686,0.990055,-0.010949,0.990348,0.138602,1.404218,0.125488,1.663003,0.126526,1.843692,0.168000,1.079210,-0.156062,1.523734,-0.130474,1.783804,-0.055046,1.955340,0.032251,1.062589,-0.459977,1.449318,-0.560094,1.688055,-0.590240,1.869213,-0.590606,0.000000,0.000000,0.000000,0.000000,0.000000,0.000000,0.000000,0.000000,0.000000,0.000000,0.000000,0.000000,0.000000,0.000000,0.000000,0.000000,0.000000,0.000000,0.000000,0.000000,0.000000,0.000000,0.000000,0.000000,0.000000,0.000000,0.000000,0.000000,0.000000,0.000000,0.000000,0.000000,0.000000,0.000000,0.000000,0.000000,0.000000,0.000000,0.000000,0.000000,0.000000,0.000000
F,Right,legacy_bisindo_2hand_F_243,0.000000,0.000000,0.242730,-0.482614,0.664820,-0.636180,1.036576,-0.717517,1.232472,-0.898799,0.901132,-0.545727,1.391546,-0.729633,1.693858,-0.830882,1.916676,-0.894203,0.975621,-0.219464,1.515324,-0.164728,1.862678,-0.124518,2.112239,-0.068772,0.968608,0.073604,1.144040,-0.051660,1.021375,-0.115583,0.868396,-0.116646,0.928030,0.299192,0.969137,0.117251,0.852157,0.055998,0.727462,0.051392,0.000000,0.000000,-0.599481,0.078507,-0.927372,0.219052,-0.954531,0.766298,-0.872934,1.332808,-0.654388,-0.903805,-0.507988,-1.412123,-0.443140,-1.591780,-0.377219,-1.687078,0.003212,-0.999995,0.028799,0.205062,-0.303408,1.114897,-0.534864,1.604164,0.539978,-0.735188,0.427914,0.581300,-0.033819,1.307529,-0.350597,1.674830,0.993701,-0.402373,0.785992,0.727046,0.331770,1.298441,-0.013625,1.552938
F,Right,legacy_bisindo_2hand_F_244,0.000000,0.000000,-0.475297,-0.222142,-0.878257,-0.259563,-1.282337,-0.022916,-1.580738,0.240285,-0.750273,-1.086362,-0.965901,-1.026025,-1.030412,-0.743240,-1.006552,-0.510588,-0.388518,-0.921441,-1.028990,-0.531113,-1.265528,-0.028328,-1.300643,0.324631,-0.091296,-0.607419,-0.704856,0.024066,-0.829599,0.421352,-0.785777,0.578857,0.128145,-0.264685,-0.312656,0.290001,-0.546296,0.624519,-0.621575,0.768258,0.000000,0.000000,0.147488,-0.519763,0.463518,-0.866225,0.725641,-0.897676,0.837209,-0.775905,0.895706,-0.505471,1.357651,-0.762513,1.616567,-0.886646,1.820060,-0.962383,0.983116,-0.182984,1.504731,-0.313395,1.803331,-0.380514,2.019905,-0.389823,0.961510,0.073724,1.214594,-0.112151,1.139224,-0.258130,1.002463,-0.318419,0.873519,0.247565,1.032334,0.033270,0.972915,-0.094181,0.853614,-0.121880
F,Right,legacy_bisindo_2hand_F_245,0.000000,0.000000,0.415385,-0.403234,0.860807,-0.450693,1.213988,-0.323487,1.406649,-0.230972,1.038600,-0.255863,1.552487,-0.290122,1.842877,-0.298024,2.060248,-0.259976,0.998768,0.049628,1.497442,0.265563,1.768412,0.442717,1.959562,0.614429,0.922305,0.248838,1.221292,0.209410,1.137741,0.051095,1.024592,-0.012770,0.827114,0.380111,1.006698,0.216566,0.931235,0.097794,0.828220,0.033747,0.000000,0.000000,-0.267935,-0.274503,-0.547953,-0.513554,-0.810394,-0.503100,-0.966129,-0.430781,-0.074922,-1.153128,0.037549,-1.516080,0.100133,-1.758303,0.154304,-1.961736,0.314839,-0.949145,-0.461681,-0.513636,-0.701910,-0.333891,-0.703284,-0.266651,0.504200,-0.552042,-0.335982,-0.098779,-0.530301,-0.017449,-0.526626,-0.022781,0.559753,-0.152154,-0.049173,0.183798,-0.299669,0.221038,-0.384079,0.183734
F,Right,legacy_bisindo_2hand_F_246,0.000000,0.000000,0.387427,-0.396088,0.838004,-0.496805,1.079357,-0.280270,1.072894,-0.044983,1.014086,-0.196043,1.548344,-0.241547,1.814425,-0.256490,2.009654,-0.249846,0.990073,0.140551,1.525580,0.149173,1.784821,0.143566,1.941775,0.161707,0.901612,0.404093,1.218331,0.332838,1.142083,0.228871,1.002027,0.167807,0.779279,0.601459,0.960191,0.454309,0.883865,0.356171,0.755677,0.318148,0.000000,0.000000,-0.171571,-0.404521,-0.282091,-0.728555,-0.398416,-0.920448,-0.440025,-1.023319,0.203216,-1.116093,0.287796,-1.559199,0.340948,-1.812126,0.399954,-1.999214,0.317443,-0.948277,-0.034183,-1.203559,-0.346446,-1.024392,-0.501898,-0.818613,0.327236,-0.705792,-0.190634,-0.783521,-0.406059,-0.568188,-0.441379,-0.398222,0.289181,-0.419335,-0.116009,-0.482737,-0.315163,-0.388472,-0.358893,-0.306586
F,Right,legacy_bisindo_2hand_F_247,0.000000,0.000000,0.156187,-0.463502,0.109551,-0.806555,-0.082705,-1.026961,-0.314010,-1.100316,0.148182,-1.071118,-0.245475,-1.226315,-0.368523,-1.060967,-0.339906,-0.949192,0.016493,-0.999864,-0.471479,-1.094021,-0.510335,-0.903565,-0.411693,-0.797648,-0.158307,-0.860077,-0.619524,-0.926567,-0.614866,-0.745138,-0.487069,-0.660468,-0.345149,-0.699863,-0.697705,-0.727114,-0.687889,-0.599312,-0.587314,-0.541564,0.000000,0.000000,0.024163,-0.564400,0.364561,-0.864782,0.721861,-0.806777,0.943765,-0.691018,0.897770,-0.641740,1.433033,-0.769144,1.775377,-0.826243,2.049971,-0.853470,0.968681,-0.248309,1.428309,-0.196550,1.719058,-0.118504,1.951687,-0.025066,0.914684,0.061421,1.010548,-0.083322,0.833527,-0.150557,0.647216,-0.126823,0.807186,0.302964,0.831912,0.120344,0.696708,0.067603,0.560685,0.104712
F,Right,legacy_bisindo_2hand_F_248,0.000000,0.000000,0.368932,-0.459181,0.796704,-0.637050,1.091266,-0.451788,1.166089,-0.202702,0.955751,-0.343869,1.509855,-0.439550,1.805644,-0.466131,2.037917,-0.459834,0.999763,0.021757,1.558526,0.116604,1.881384,0.204228,2.107215,0.304591,0.969496,0.291306,1.225020,0.147448,1.122626,0.009182,0.949017,-0.045830,0.900461,0.473720,1.040152,0.288054,0.963917,0.170693,0.836900,0.144399,0.000000,0.000000,0.000000,0.000000,0.000000,0.000000,0.000000,0.000000,0.000000,0.000000,0.000000,0.000000,0.000000,0.000000,0.000000,0.000000,0.000000,0.000000,0.000000,0.000000,0.000000,0.000000,0.000000,0.000000,0.000000,0.000000,0.000000,0.000000,0.000000,0.000000,0.000000,0.000000,0.000000,0.000000,0.000000,0.000000,0.000000,0.000000,0.000000,0.000000,0.000000,0.000000
F,Right,legacy_bisindo_2hand_F_249,0.000000,0.000000,-0.027086,-0.538801,0.314018,-0.884499,0.685594,-0.868108,0.897067,-0.685648,0.650784,-0.887622,1.146243,-1.149724,1.447961,-1.267782,1.682977,-1.331708,0.819804,-0.572644,1.321127,-0.665559,1.649316,-0.716626,1.912258,-0.728315,0.874414,-0.284280,0.963747,-0.414140,0.792297,-0.420940,0.628232,-0.361865,0.858128,-0.056013,0.816400,-0.209954,0.680891,-0.214186,0.562308,-0.154640,0.000000,0.000000,0.000000,0.000000,0.000000,0.000000,0.000000,0.000000,0.000000,0.000000,0.000000,0.000000,0.000000,0.000000,0.000000,0.000000,0.000000,0.000000,0.000000,0.000000,0.000000,0.000000,0.000000,0.000000,0.000000,0.000000,0.000000,0.000000,0.000000,0.000000,0.000000,0.000000,0.000000,0.000000,0.000000,0.000000,0.000000,0.000000,0.000000,0.000000,0.000000,0.000000
F,Right,legacy_bisindo_2hand_F_250,0.000000,0.000000,0.259468,-0.614498,0.243161,-1.162982,0.010990,-1.493459,-0.282535,-1.592342,-0.079479,-1.080123,-0.300470,-1.687994,-0.320904,-1.941228,-0.318375,-2.122787,-0.424843,-0.905267,-0.593694,-1.545308,-0.441026,-1.562863,-0.310196,-1.449313,-0.661795,-0.706347,-0.694710,-1.234259,-0.489300,-1.186389,-0.356941,-1.038249,-0.821092,-0.507267,-0.827525,-0.950063,-0.634091,-0.935690,-0.525050,-0.831866,0.000000,0.000000,0.253978,-0.485189,0.688443,-0.608147,0.994054,-0.451379,1.125619,-0.277375,0.954325,-0.450118,1.494002,-0.612066,1.798733,-0.697033,2.032123,-0.741340,0.992880,-0.119122,1.507226,-0.092097,1.821865,-0.045617,2.067595,0.028770,0.949982,0.125448,1.151924,0.031073,1.072634,-0.083358,0.946546,-0.142825,0.882812,0.301688,0.962148,0.141272,0.871880,0.058607,0.759167,0.032568
F,Right,legacy_bisindo_2hand_F_251,0.000000,0.000000,-0.220914,-0.081254,-0.460318,-0.292005,-0.496379,-0.419338,-0.320161,-0.389177,-0.181318,-1.036897,-0.141853,-1.553546,-0.148893,-1.741962,-0.137675,-1.862876,0.105097,-0.994462,-0.114893,-0.961829,-0.259639,-0.571313,-0.232841,-0.399814,0.317056,-0.804436,0.048101,-0.596449,-0.078764,-0.307691,-0.024380,-0.252839,0.486341,-0.544181,0.237553,-0.280414,0.106466,-0.105853,0.127968,-0.119258,0.000000,0.000000,0.218433,-0.504135,0.619552,-0.719181,0.942463,-0.582963,1.076337,-0.366149,0.915417,-0.494310,1.436835,-0.658393,1.722058,-0.741199,1.932320,-0.777932,0.992155,-0.125013,1.523877,-0.053382,1.849263,-0.011662,2.086060,0.048241,0.963482,0.166527,1.138164,0.011877,1.018522,-0.092643,0.857976,-0.114331,0.878272,0.371945,0.966996,0.173172,0.867326,0.085525,0.733728,0.077107
F,Right,legacy_bisindo_2hand_F_252,0.000000,0.000000,0.237690,-0.488567,0.665864,-0.657748,1.003679,-0.547282,1.121804,-0.351382,0.960065,-0.483015,1.525596,-0.517414,1.829504,-0.489610,2.053105,-0.434331,0.990734,-0.135813,1.518835,-0.030998,1.847996,0.038033,2.076814,0.119772,0.928974,0.119248,1.171698,-0.000157,1.065339,-0.117889,0.901858,-0.164119,0.839111,0.294879,0.972497,0.126301,0.885331,0.034720,0.757657,0.010244,0.000000,0.000000,-0.219311,-0.406487,-0.404824,-0.728257,-0.636534,-0.836680,-0.808370,-0.820958,-0.150819,-1.164629,-0.216599,-1.583409,-0.247971,-1.771481,-0.250739,-1.911396,-0.080691,-0.996739,-0.655148,-1.064236,-0.793054,-0.839324,-0.749452,-0.673089,-0.101882,-0.743574,-0.701559,-0.753783,-0.698047,-0.578031,-0.561591,-0.487710,-0.160543,-0.483634,-0.628867,-0.487951,-0.599951,-0.378611,-0.444192,-0.328261
F,Right,legacy_bisindo_2hand_F_253,0.000000,0.000000,0.242035,-0.470103,0.651354,-0.578616,0.963283,-0.431835,1.117504,-0.258011,0.920275,-0.491923,1.413323,-0.620005,1.705068,-0.673742,1.922272,-0.692589,0.984404,-0.175924,1.504431,-0.113066,1.827612,-0.077767,2.051387,-0.020561,0.965405,0.102013,1.167692,0.031983,1.055251,-0.043721,0.902387,-0.054629,0.904843,0.314447,0.997252,0.185661,0.893014,0.127270,0.767892,0.134320,0.000000,0.000000,-0.391079,-0.303230,-0.629447,-0.590710,-0.852743,-0.769285,-0.989495,-0.897889,-0.417928,-1.068125,-0.534641,-1.414523,-0.577192,-1.614746,-0.601329,-1.768827,-0.339213,-0.940709,-0.878866,-0.878718,-0.838696,-0.685947,-0.675070,-0.632046,-0.326291,-0.717980,-0.854794,-0.606668,-0.752858,-0.468665,-0.569061,-0.481977,-0.347002,-0.475414,-0.759346,-0.370276,-0.693134,-0.280805,-0.537686,-0.301783
F,Right,legacy_bisindo_2hand_F_254,0.000000,0.000000,0.230218,-0.442404,0.585447,-0.607560,0.887360,-0.567970,1.038852,-0.429367,0.853793,-0.606267,1.338753,-0.732895,1.613041,-0.795557,1.817582,-0.826138,0.942961,-0.332903,1.409976,-0.311798,1.690110,-0.279594,1.881644,-0.240454,0.948041,-0.051673,1.030484,-0.053017,0.897422,-0.078594,0.746436,-0.086993,0.902079,0.177200,0.883656,0.120133,0.768678,0.089781,0.644127,0.084585,0.000000,0.000000,-0.250810,-0.125725,-0.509645,-0.313110,-0.659803,-0.404223,-0.689874,-0.371992,-0.259007,-1.026121,-0.266313,-1.407350,-0.283755,-1.674263,-0.286864,-1.878589,0.077811,-0.996968,-0.339183,-0.655157,-0.524669,-0.247831,-0.564440,0.019711,0.300760,-0.754036,-0.104454,-0.337225,-0.265087,-0.037300,-0.297694,0.130602,0.451461,-0.437251,0.092678,-0.070473,-0.056409,0.122313,-0.071611,0.200599
F,Right,legacy_bisindo_2hand_F_255,0.000000,0.000000,0.203297,-0.489508,0.615966,-0.708334,0.989693,-0.704561,1.216889,-0.615241,0.842822,-0.671481,1.302681,-0.984321,1.556382,-1.154811,1.750770,-1.250191,0.937474,-0.348057,1.466345,-0.291925,1.785491,-0.230540,2.006700,-0.160453,0.935613,-0.068983,1.212508,-0.170996,1.088755,-0.254572,0.937935,-0.273743,0.889263,0.152240,1.023534,-0.042486,0.920823,-0.120655,0.803020,-0.130868,0.000000,0.000000,-0.257420,-0.219846,-0.430938,-0.510180,-0.400537,-0.589016,-0.233427,-0.440173,0.008499,-1.080405,0.122113,-1.479648,0.138135,-1.632620,0.196031,-1.726251,0.261713,-0.965146,0.043849,-0.879140,-0.103643,-0.614513,-0.093044,-0.474727,0.393931,-0.721195,0.092541,-0.519998,-0.052221,-0.332053,-0.024592,-0.271801,0.463656,-0.442825,0.154762,-0.220048,0.012305,-0.090718,0.010103,-0.063388
F,Right,legacy_bisindo_2hand_F_256,0.000000,0.000000,-0.295074,-0.123332,-0.521085,-0.296703,-0.552413,-0.425038,-0.416323,-0.477972,-0.332799,-0.992217,-0.342375,-1.353402,-0.376194,-1.528121,-0.395383,-1.651426,-0.084491,-0.996424,-0.331078,-0.814084,-0.403312,-0.562322,-0.390352,-0.428010,0.102174,-0.861609,-0.196759,-0.545221,-0.265009,-0.318750,-0.238484,-0.221737,0.253991,-0.655913,-0.010172,-0.393069,-0.108492,-0.198991,-0.119055,-0.109797,0.000000,0.000000,0.331222,-0.409658,0.725215,-0.531225,1.011966,-0.457262,1.154188,-0.329891,0.956610,-0.474082,1.415313,-0.613723,1.682280,-0.715711,1.895702,-0.765842,0.981629,-0.190800,1.434751,-0.092679,1.671841,0.008506,1.848721,0.112331,0.940445,0.063118,1.123763,-0.028773,1.010525,-0.106361,0.862263,-0.118969,0.867773,0.257202,0.940827,0.122502,0.849930,0.036255,0.735187,0.029091
F,Right,legacy_bisindo_2hand_F_257,0.000000,0.000000,0.435027,-0.289987,0.834166,-0.277071,1.050511,-0.049487,1.097750,0.148056,1.026413,-0.097056,1.487262,-0.085526,1.738500,-0.084297,1.923575,-0.052639,0.977318,0.211779,1.464777,0.318336,1.739318,0.366323,1.919458,0.415567,0.876878,0.462723,1.223924,0.511747,1.191933,0.394941,1.094593,0.301392,0.741374,0.647335,0.974194,0.605707,0.949926,0.495161,0.860326,0.410758,0.000000,0.000000,-0.307258,-0.406344,-0.337979,-0.724717,-0.357956,-0.957440,-0.380800,-1.149975,-0.002708,-1.071115,0.008926,-1.508279,0.009631,-1.680984,0.024759,-1.773512,0.045174,-0.998979,-0.372231,-1.291850,-0.603802,-1.120847,-0.684940,-0.915157,0.022665,-0.865219,-0.464953,-1.050266,-0.649822,-0.865566,-0.721383,-0.680497,-0.045216,-0.714890,-0.411148,-0.867589,-0.596462,-0.810272,-0.714298,-0.728177
F,Right,legacy_bisindo_2hand_F_258,0.000000,0.000000,-0.018594,-0.557064,0.309347,-0.954844,0.698296,-1.084494,0.962567,-1.090059,0.612438,-0.915962,1.141818,-1.195148,1.454485,-1.332250,1.683774,-1.403541,0.800824,-0.598900,1.351506,-0.810608,1.646611,-0.960379,1.825844,-1.055040,0.882352,-0.291963,1.042968,-0.534089,0.880129,-0.569009,0.701925,-0.528983,0.879792,-0.030730,0.899156,-0.297750,0.767402,-0.353484,0.645625,-0.315396,0.000000,0.000000,0.071491,-0.543441,-0.154777,-1.039024,-0.489104,-1.276946,-0.776291,-1.374584,-0.362900,-1.042196,-0.656926,-1.410667,-0.854091,-1.628651,-1.000327,-1.781419,-0.595418,-0.803416,-0.869796,-1.212052,-1.042207,-1.499249,-1.162334,-1.683900,-0.765894,-0.585950,-0.970279,-0.997429,-1.082758,-1.255469,-1.140143,-1.431156,-0.878817,-0.394351,-1.001133,-0.753658,-1.039485,-0.990009,-1.059241,-1.160397
F,Right,legacy_bisindo_2hand_F_259,0.000000,0.000000,0.277959,-0.425717,0.674940,-0.562176,0.939406,-0.411313,1.017216,-0.238521,0.939168,-0.405439,1.381342,-0.524842,1.615103,-0.592796,1.778982,-0.620428,0.995611,-0.093586,1.460454,-0.007570,1.719099,0.045554,1.898405,0.103415,0.967816,0.161925,1.100434,0.058577,0.980727,-0.022298,0.843946,-0.058741,0.897692,0.351612,0.938585,0.190562,0.826935,0.113685,0.703316,0.091045,0.000000,0.000000,0.000000,0.000000,0.000000,0.000000,0.000000,0.000000,0.000000,0.000000,0.000000,0.000000,0.000000,0.000000,0.000000,0.000000,0.000000,0.000000,0.000000,0.000000,0.000000,0.000000,0.000000,0.000000,0.000000,0.000000,0.000000,0.000000,0.000000,0.000000,0.000000,0.000000,0.000000,0.000000,0.000000,0.000000,0.000000,0.000000,0.000000,0.000000,0.000000,0.000000
F,Right,legacy_bisindo_2hand_F_260,0.000000,0.000000,0.108012,-0.470625,0.442439,-0.702836,0.854203,-0.742110,1.095736,-0.698633,0.719696,-0.814351,1.181514,-1.128896,1.473906,-1.362177,1.689952,-1.516288,0.849803,-0.527100,1.398592,-0.533484,1.735242,-0.474591,1.978627,-0.419472,0.904027,-0.224655,1.089978,-0.184787,0.964682,-0.177709,0.817960,-0.175125,0.903381,0.047515,0.992315,0.042800,0.880612,0.054016,0.759974,0.077752,0.000000,0.000000,-0.328670,-0.016864,-0.617173,-0.064899,-0.691296,-0.080988,-0.545219,-0.066675,-0.512970,-0.920335,-0.582740,-1.404129,-0.620767,-1.703019,-0.665749,-1.934128,-0.155787,-0.987791,-0.261684,-0.697473,-0.341596,-0.230211,-0.383329,-0.001441,0.156367,-0.827957,0.008056,-0.346451,-0.140788,0.032868,-0.230274,0.201067,0.398856,-0.557692,0.253699,-0.117751,0.094672,0.180125,-0.030700,0.324663
F,Right,legacy_bisindo_2hand_F_261,0.000000,0.000000,-0.192870,-0.267197,-0.323432,-0.535808,-0.328282,-0.645651,-0.196905,-0.548869,0.231728,-1.033984,0.364911,-1.474194,0.419859,-1.701569,0.458518,-1.837091,0.465002,-0.885310,0.188605,-0.764912,-0.053161,-0.562381,-0.125607,-0.457226,0.558175,-0.636000,0.131169,-0.456082,-0.081416,-0.332074,-0.111635,-0.286066,0.572765,-0.367445,0.189695,-0.230838,0.018359,-0.149173,-0.003311,-0.126308,0.000000,0.000000,0.375310,-0.360030,0.747022,-0.397338,0.918012,-0.157284,0.929159,0.045191,1.039499,-0.148612,1.600056,-0.088036,1.893362,-0.066528,2.090064,-0.023752,0.982618,0.185637,1.460421,0.395463,1.708825,0.524607,1.869365,0.632011,0.876196,0.442338,1.062874,0.311919,0.938397,0.176079,0.786292,0.098223,0.746453,0.632365,0.865884,0.450047,0.766414,0.330467,0.636197,0.267770
F,Right,legacy_bisindo_2hand_F_262,0.000000,0.000000,0.485832,-0.159955,0.919355,-0.035481,1.203122,0.210247,1.327900,0.411468,1.085408,-0.368579,1.588888,-0.426449,1.917056,-0.448684,2.192812,-0.454670,0.967771,-0.251831,1.553221,-0.054373,1.953946,0.108728,2.236703,0.237098,0.792288,-0.074667,1.199563,0.397445,1.067114,0.408928,0.938683,0.319809,0.626821,0.159143,0.944961,0.492447,0.832875,0.463591,0.738582,0.342313,0.000000,0.000000,0.000000,0.000000,0.000000,0.000000,0.000000,0.000000,0.000000,0.000000,0.000000,0.000000,0.000000,0.000000,0.000000,0.000000,0.000000,0.000000,0.000000,0.000000,0.000000,0.000000,0.000000,0.000000,0.000000,0.000000,0.000000,0.000000,0.000000,0.000000,0.000000,0.000000,0.000000,0.000000,0.000000,0.000000,0.000000,0.000000,0.000000,0.000000,0.000000,0.000000
F,Right,legacy_bisindo_2hand_F_263,0.000000,0.000000,0.358111,-0.292210,0.808226,-0.277319,1.103175,-0.027633,1.237886,0.210883,0.928914,-0.545774,1.447108,-0.529154,1.754706,-0.524076,2.012325,-0.542388,0.939079,-0.343701,1.494741,-0.232954,1.833216,-0.159642,2.109486,-0.123252,0.888997,-0.089154,1.182509,0.217908,1.029543,0.250139,0.885420,0.190991,0.811917,0.167938,0.955705,0.328702,0.831770,0.307796,0.719061,0.246390,0.000000,0.000000,0.000000,0.000000,0.000000,0.000000,0.000000,0.000000,0.000000,0.000000,0.000000,0.000000,0.000000,0.000000,0.000000,0.000000,0.000000,0.000000,0.000000,0.000000,0.000000,0.000000,0.000000,0.000000,0.000000,0.000000,0.000000,0.000000,0.000000,0.000000,0.000000,0.000000,0.000000,0.000000,0.000000,0.000000,0.000000,0.000000,0.000000,0.000000,0.000000,0.000000
F,Right,legacy_bisindo_2hand_F_264,0.000000,0.000000,0.277242,-0.368312,0.629236,-0.451034,0.963318,-0.321856,1.179670,-0.173243,0.724432,-0.777833,1.135091,-0.986573,1.378803,-1.141314,1.589011,-1.265063,0.777373,-0.629040,1.307909,-0.678894,1.657216,-0.718668,1.909301,-0.763961,0.786032,-0.390542,1.140684,-0.109128,1.049651,-0.039521,0.937223,-0.065514,0.773225,-0.134170,1.004134,0.092726,0.930016,0.135350,0.848219,0.091083,0.000000,0.000000,-0.285525,-0.022330,-0.551960,-0.178469,-0.519071,-0.373310,-0.335659,-0.549627,-0.589556,-0.856237,-0.757623,-1.238325,-0.829913,-1.466630,-0.865225,-1.626661,-0.326181,-0.945307,-0.280232,-0.871088,-0.286138,-0.554284,-0.300720,-0.446112,-0.074027,-0.913338,-0.030866,-0.679137,-0.107285,-0.412715,-0.161783,-0.395280,0.167486,-0.809910,0.177011,-0.574836,0.082342,-0.369359,0.008010,-0.367175
F,Right,legacy_bisindo_2hand_F_265,0.000000,0.000000,0.306179,-0.346085,0.758115,-0.371393,1.087088,-0.143218,1.242869,0.086095,0.856314,-0.661161,1.385696,-0.715490,1.702171,-0.748289,1.960478,-0.796804,0.894900,-0.446266,1.478428,-0.393222,1.823809,-0.360326,2.097444,-0.357377,0.870553,-0.181476,1.171534,0.093262,0.997086,0.104974,0.843144,0.029218,0.813227,0.082955,0.965580,0.237209,0.831850,0.215740,0.719579,0.143402,0.000000,0.000000,0.000000,0.000000,0.000000,0.000000,0.000000,0.000000,0.000000,0.000000,0.000000,0.000000,0.000000,0.000000,0.000000,0.000000,0.000000,0.000000,0.000000,0.000000,0.000000,0.000000,0.000000,0.000000,0.000000,0.000000,0.000000,0.000000,0.000000,0.000000,0.000000,0.000000,0.000000,0.000000,0.000000,0.000000,0.000000,0.000000,0.000000,0.000000,0.000000,0.000000
F,Right,legacy_bisindo_2hand_F_266,0.000000,0.000000,0.369388,-0.288385,0.754757,-0.315833,1.049980,-0.139407,1.206521,0.068847,0.898774,-0.555259,1.327753,-0.647555,1.577398,-0.726835,1.795152,-0.802899,0.918349,-0.395771,1.424686,-0.315432,1.741654,-0.273738,1.987560,-0.266667,0.881199,-0.178806,1.152821,0.189184,1.030568,0.236356,0.921706,0.183312,0.821422,0.055001,0.963384,0.340157,0.856571,0.343569,0.774779,0.275334,0.000000,0.000000,-0.260910,-0.091267,-0.472072,-0.288132,-0.405388,-0.467604,-0.198803,-0.594311,-0.359286,-0.959660,-0.431921,-1.341741,-0.455545,-1.596182,-0.456226,-1.785376,-0.086216,-0.996276,-0.058634,-0.873786,-0.138533,-0.588158,-0.177449,-0.511320,0.145092,-0.903920,0.120865,-0.642199,-0.013097,-0.418485,-0.058775,-0.425839,0.348695,-0.741286,0.285362,-0.503458,0.145565,-0.335232,0.080999,-0.352241
F,Right,legacy_bisindo_2hand_F_267,0.000000,0.000000,0.366765,-0.307722,0.735938,-0.353675,1.037569,-0.233624,1.221276,-0.074323,0.894174,-0.575499,1.320354,-0.665980,1.572453,-0.752872,1.791046,-0.825045,0.911070,-0.412251,1.415403,-0.333338,1.734263,-0.290462,1.970049,-0.274503,0.871235,-0.189905,1.144237,0.172484,1.046430,0.222381,0.947745,0.173394,0.804139,0.042508,0.963505,0.318435,0.873622,0.327514,0.796131,0.258522,0.000000,0.000000,-0.265126,-0.101174,-0.477401,-0.303191,-0.410624,-0.482879,-0.195937,-0.596307,-0.353055,-0.965462,-0.426247,-1.344448,-0.446497,-1.578972,-0.445538,-1.741065,-0.072317,-0.997382,-0.058376,-0.898411,-0.147168,-0.605804,-0.197382,-0.499844,0.162052,-0.903580,0.120849,-0.657270,-0.017628,-0.423102,-0.067380,-0.403097,0.364179,-0.740981,0.290735,-0.517474,0.149990,-0.348206,0.084496,-0.347459
F,Right,legacy_bisindo_2hand_F_268,0.000000,0.000000,-0.330240,-0.347481,-0.785549,-0.405540,-1.200245,-0.251136,-1.486997,-0.080558,-0.987846,-0.598284,-1.580240,-0.758616,-1.925302,-0.805626,-2.203776,-0.837593,-0.867548,-0.497353,-1.534820,-0.334916,-1.910264,-0.246552,-2.185538,-0.194192,-0.742109,-0.296019,-1.291881,0.098593,-1.236583,0.199143,-1.093318,0.165396,-0.641073,-0.061473,-1.038295,0.215869,-0.952255,0.247728,-0.777994,0.166992,0.000000,0.000000,0.000000,0.000000,0.000000,0.000000,0.000000,0.000000,0.000000,0.000000,0.000000,0.000000,0.000000,0.000000,0.000000,0.000000,0.000000,0.000000,0.000000,0.000000,0.000000,0.000000,0.000000,0.000000,0.000000,0.000000,0.000000,0.000000,0.000000,0.000000,0.000000,0.000000,0.000000,0.000000,0.000000,0.000000,0.000000,0.000000,0.000000,0.000000,0.000000,0.000000
F,Right,legacy_bisindo_2hand_F_269,0.000000,0.000000,-0.330240,-0.347481,-0.785549,-0.405540,-1.200245,-0.251136,-1.486997,-0.080558,-0.987846,-0.598284,-1.580240,-0.758616,-1.925302,-0.805626,-2.203776,-0.837593,-0.867548,-0.497353,-1.534820,-0.334916,-1.910264,-0.246552,-2.185538,-0.194192,-0.742109,-0.296019,-1.291881,0.098593,-1.236583,0.199143,-1.093318,0.165396,-0.641073,-0.061473,-1.038295,0.215869,-0.952255,0.247728,-0.777994,0.166992,0.000000,0.000000,0.000000,0.000000,0.000000,0.000000,0.000000,0.000000,0.000000,0.000000,0.000000,0.000000,0.000000,0.000000,0.000000,0.000000,0.000000,0.000000,0.000000,0.000000,0.000000,0.000000,0.000000,0.000000,0.000000,0.000000,0.000000,0.000000,0.000000,0.000000,0.000000,0.000000,0.000000,0.000000,0.000000,0.000000,0.000000,0.000000,0.000000,0.000000,0.000000,0.000000
F,Right,legacy_bisindo_2hand_F_270,0.000000,0.000000,-0.330240,-0.347481,-0.785549,-0.405540,-1.200245,-0.251136,-1.486997,-0.080558,-0.987846,-0.598284,-1.580240,-0.758616,-1.925302,-0.805626,-2.203776,-0.837593,-0.867548,-0.497353,-1.534820,-0.334916,-1.910264,-0.246552,-2.185538,-0.194192,-0.742109,-0.296019,-1.291881,0.098593,-1.236583,0.199143,-1.093318,0.165396,-0.641073,-0.061473,-1.038295,0.215869,-0.952255,0.247728,-0.777994,0.166992,0.000000,0.000000,0.000000,0.000000,0.000000,0.000000,0.000000,0.000000,0.000000,0.000000,0.000000,0.000000,0.000000,0.000000,0.000000,0.000000,0.000000,0.000000,0.000000,0.000000,0.000000,0.000000,0.000000,0.000000,0.000000,0.000000,0.000000,0.000000,0.000000,0.000000,0.000000,0.000000,0.000000,0.000000,0.000000,0.000000,0.000000,0.000000,0.000000,0.000000,0.000000,0.000000
F,Right,legacy_bisindo_2hand_F_271,0.000000,0.000000,-0.330240,-0.347481,-0.785549,-0.405540,-1.200245,-0.251136,-1.486997,-0.080558,-0.987846,-0.598284,-1.580240,-0.758616,-1.925302,-0.805626,-2.203776,-0.837593,-0.867548,-0.497353,-1.534820,-0.334916,-1.910264,-0.246552,-2.185538,-0.194192,-0.742109,-0.296019,-1.291881,0.098593,-1.236583,0.199143,-1.093318,0.165396,-0.641073,-0.061473,-1.038295,0.215869,-0.952255,0.247728,-0.777994,0.166992,0.000000,0.000000,0.000000,0.000000,0.000000,0.000000,0.000000,0.000000,0.000000,0.000000,0.000000,0.000000,0.000000,0.000000,0.000000,0.000000,0.000000,0.000000,0.000000,0.000000,0.000000,0.000000,0.000000,0.000000,0.000000,0.000000,0.000000,0.000000,0.000000,0.000000,0.000000,0.000000,0.000000,0.000000,0.000000,0.000000,0.000000,0.000000,0.000000,0.000000,0.000000,0.000000
F,Right,legacy_bisindo_2hand_F_272,0.000000,0.000000,-0.330240,-0.347481,-0.785549,-0.405540,-1.200245,-0.251136,-1.486997,-0.080558,-0.987846,-0.598284,-1.580240,-0.758616,-1.925302,-0.805626,-2.203776,-0.837593,-0.867548,-0.497353,-1.534820,-0.334916,-1.910264,-0.246552,-2.185538,-0.194192,-0.742109,-0.296019,-1.291881,0.098593,-1.236583,0.199143,-1.093318,0.165396,-0.641073,-0.061473,-1.038295,0.215869,-0.952255,0.247728,-0.777994,0.166992,0.000000,0.000000,0.000000,0.000000,0.000000,0.000000,0.000000,0.000000,0.000000,0.000000,0.000000,0.000000,0.000000,0.000000,0.000000,0.000000,0.000000,0.000000,0.000000,0.000000,0.000000,0.000000,0.000000,0.000000,0.000000,0.000000,0.000000,0.000000,0.000000,0.000000,0.000000,0.000000,0.000000,0.000000,0.000000,0.000000,0.000000,0.000000,0.000000,0.000000,0.000000,0.000000
F,Right,legacy_bisindo_2hand_F_273,0.000000,0.000000,-0.330240,-0.347481,-0.785549,-0.405540,-1.200245,-0.251136,-1.486997,-0.080558,-0.987846,-0.598284,-1.580240,-0.758616,-1.925302,-0.805626,-2.203776,-0.837593,-0.867548,-0.497353,-1.534820,-0.334916,-1.910264,-0.246552,-2.185538,-0.194192,-0.742109,-0.296019,-1.291881,0.098593,-1.236583,0.199143,-1.093318,0.165396,-0.641073,-0.061473,-1.038295,0.215869,-0.952255,0.247728,-0.777994,0.166992,0.000000,0.000000,0.000000,0.000000,0.000000,0.000000,0.000000,0.000000,0.000000,0.000000,0.000000,0.000000,0.000000,0.000000,0.000000,0.000000,0.000000,0.000000,0.000000,0.000000,0.000000,0.000000,0.000000,0.000000,0.000000,0.000000,0.000000,0.000000,0.000000,0.000000,0.000000,0.000000,0.000000,0.000000,0.000000,0.000000,0.000000,0.000000,0.000000,0.000000,0.000000,0.000000
F,Right,legacy_bisindo_2hand_F_274,0.000000,0.000000,0.501108,-0.025249,0.903558,0.165931,1.127792,0.443001,1.240470,0.665674,1.132305,-0.059096,1.616479,0.011636,1.916755,0.075543,2.165764,0.136444,0.999824,0.018778,1.502577,0.337060,1.821715,0.579718,2.045279,0.761874,0.812319,0.142814,1.071286,0.674087,0.942949,0.678650,0.841874,0.596220,0.611129,0.312717,0.802686,0.680450,0.700971,0.638190,0.640185,0.537897,0.000000,0.000000,0.000000,0.000000,0.000000,0.000000,0.000000,0.000000,0.000000,0.000000,0.000000,0.000000,0.000000,0.000000,0.000000,0.000000,0.000000,0.000000,0.000000,0.000000,0.000000,0.000000,0.000000,0.000000,0.000000,0.000000,0.000000,0.000000,0.000000,0.000000,0.000000,0.000000,0.000000,0.000000,0.000000,0.000000,0.000000,0.000000,0.000000,0.000000,0.000000,0.000000
F,Right,legacy_bisindo_2hand_F_275,0.000000,0.000000,-0.330240,-0.347481,-0.785549,-0.405540,-1.200245,-0.251136,-1.486997,-0.080558,-0.987846,-0.598284,-1.580240,-0.758616,-1.925302,-0.805626,-2.203776,-0.837593,-0.867548,-0.497353,-1.534820,-0.334916,-1.910264,-0.246552,-2.185538,-0.194192,-0.742109,-0.296019,-1.291881,0.098593,-1.236583,0.199143,-1.093318,0.165396,-0.641073,-0.061473,-1.038295,0.215869,-0.952255,0.247728,-0.777994,0.166992,0.000000,0.000000,0.000000,0.000000,0.000000,0.000000,0.000000,0.000000,0.000000,0.000000,0.000000,0.000000,0.000000,0.000000,0.000000,0.000000,0.000000,0.000000,0.000000,0.000000,0.000000,0.000000,0.000000,0.000000,0.000000,0.000000,0.000000,0.000000,0.000000,0.000000,0.000000,0.000000,0.000000,0.000000,0.000000,0.000000,0.000000,0.000000,0.000000,0.000000,0.000000,0.000000
F,Right,legacy_bisindo_2hand_F_276,0.000000,0.000000,-0.330240,-0.347481,-0.785549,-0.405540,-1.200245,-0.251136,-1.486997,-0.080558,-0.987846,-0.598284,-1.580240,-0.758616,-1.925302,-0.805626,-2.203776,-0.837593,-0.867548,-0.497353,-1.534820,-0.334916,-1.910264,-0.246552,-2.185538,-0.194192,-0.742109,-0.296019,-1.291881,0.098593,-1.236583,0.199143,-1.093318,0.165396,-0.641073,-0.061473,-1.038295,0.215869,-0.952255,0.247728,-0.777994,0.166992,0.000000,0.000000,0.000000,0.000000,0.000000,0.000000,0.000000,0.000000,0.000000,0.000000,0.000000,0.000000,0.000000,0.000000,0.000000,0.000000,0.000000,0.000000,0.000000,0.000000,0.000000,0.000000,0.000000,0.000000,0.000000,0.000000,0.000000,0.000000,0.000000,0.000000,0.000000,0.000000,0.000000,0.000000,0.000000,0.000000,0.000000,0.000000,0.000000,0.000000,0.000000,0.000000
F,Right,legacy_bisindo_2hand_F_277,0.000000,0.000000,0.313524,-0.420804,0.743376,-0.557981,1.118047,-0.594373,1.371838,-0.600699,0.771339,-0.896953,1.203702,-1.226747,1.483102,-1.443992,1.716831,-1.611364,0.701307,-0.712859,1.310786,-0.775326,1.735140,-0.837131,2.028910,-0.903755,0.627029,-0.434481,1.289662,-0.195810,1.183684,-0.108404,1.027600,-0.128716,0.600365,-0.110707,1.103809,0.045553,0.985546,0.065775,0.819329,0.004336,0.000000,0.000000,0.000000,0.000000,0.000000,0.000000,0.000000,0.000000,0.000000,0.000000,0.000000,0.000000,0.000000,0.000000,0.000000,0.000000,0.000000,0.000000,0.000000,0.000000,0.000000,0.000000,0.000000,0.000000,0.000000,0.000000,0.000000,0.000000,0.000000,0.000000,0.000000,0.000000,0.000000,0.000000,0.000000,0.000000,0.000000,0.000000,0.000000,0.000000,0.000000,0.000000
F,Right,legacy_bisindo_2hand_F_278,0.000000,0.000000,-0.330240,-0.347481,-0.785549,-0.405540,-1.200245,-0.251136,-1.486997,-0.080558,-0.987846,-0.598284,-1.580240,-0.758616,-1.925302,-0.805626,-2.203776,-0.837593,-0.867548,-0.497353,-1.534820,-0.334916,-1.910264,-0.246552,-2.185538,-0.194192,-0.742109,-0.296019,-1.291881,0.098593,-1.236583,0.199143,-1.093318,0.165396,-0.641073,-0.061473,-1.038295,0.215869,-0.952255,0.247728,-0.777994,0.166992,0.000000,0.000000,0.000000,0.000000,0.000000,0.000000,0.000000,0.000000,0.000000,0.000000,0.000000,0.000000,0.000000,0.000000,0.000000,0.000000,0.000000,0.000000,0.000000,0.000000,0.000000,0.000000,0.000000,0.000000,0.000000,0.000000,0.000000,0.000000,0.000000,0.000000,0.000000,0.000000,0.000000,0.000000,0.000000,0.000000,0.000000,0.000000,0.000000,0.000000,0.000000,0.000000
F,Right,legacy_bisindo_2hand_F_279,0.000000,0.000000,0.437414,-0.256289,0.900514,-0.204586,1.254816,-0.028876,1.458179,0.127970,1.006345,-0.559436,1.526232,-0.726221,1.872084,-0.805244,2.164267,-0.857636,0.906115,-0.423032,1.560345,-0.323313,1.989067,-0.226950,2.303544,-0.155386,0.749596,-0.195131,1.244253,0.201680,1.099557,0.244331,0.939473,0.179266,0.597277,0.081350,0.988706,0.368167,0.875964,0.358178,0.751295,0.245877,0.000000,0.000000,0.000000,0.000000,0.000000,0.000000,0.000000,0.000000,0.000000,0.000000,0.000000,0.000000,0.000000,0.000000,0.000000,0.000000,0.000000,0.000000,0.000000,0.000000,0.000000,0.000000,0.000000,0.000000,0.000000,0.000000,0.000000,0.000000,0.000000,0.000000,0.000000,0.000000,0.000000,0.000000,0.000000,0.000000,0.000000,0.000000,0.000000,0.000000,0.000000,0.000000
F,Right,legacy_bisindo_2hand_F_280,0.000000,0.000000,0.471685,-0.166141,0.922826,-0.034486,1.210285,0.241606,1.311524,0.466083,1.077097,-0.376363,1.583683,-0.430095,1.914281,-0.452242,2.193607,-0.462257,0.965757,-0.259447,1.558643,-0.052132,1.963515,0.108497,2.257398,0.235410,0.791928,-0.086779,1.207590,0.400035,1.060727,0.408240,0.923075,0.312432,0.622242,0.144182,0.950119,0.489545,0.833658,0.461429,0.732463,0.335266,0.000000,0.000000,0.000000,0.000000,0.000000,0.000000,0.000000,0.000000,0.000000,0.000000,0.000000,0.000000,0.000000,0.000000,0.000000,0.000000,0.000000,0.000000,0.000000,0.000000,0.000000,0.000000,0.000000,0.000000,0.000000,0.000000,0.000000,0.000000,0.000000,0.000000,0.000000,0.000000,0.000000,0.000000,0.000000,0.000000,0.000000,0.000000,0.000000,0.000000,0.000000,0.000000
F,Right,legacy_bisindo_2hand_F_281,0.000000,0.000000,-0.330240,-0.347481,-0.785549,-0.405540,-1.200245,-0.251136,-1.486997,-0.080558,-0.987846,-0.598284,-1.580240,-0.758616,-1.925302,-0.805626,-2.203776,-0.837593,-0.867548,-0.497353,-1.534820,-0.334916,-1.910264,-0.246552,-2.185538,-0.194192,-0.742109,-0.296019,-1.291881,0.098593,-1.236583,0.199143,-1.093318,0.165396,-0.641073,-0.061473,-1.038295,0.215869,-0.952255,0.247728,-0.777994,0.166992,0.000000,0.000000,0.000000,0.000000,0.000000,0.000000,0.000000,0.000000,0.000000,0.000000,0.000000,0.000000,0.000000,0.000000,0.000000,0.000000,0.000000,0.000000,0.000000,0.000000,0.000000,0.000000,0.000000,0.000000,0.000000,0.000000,0.000000,0.000000,0.000000,0.000000,0.000000,0.000000,0.000000,0.000000,0.000000,0.000000,0.000000,0.000000,0.000000,0.000000,0.000000,0.000000
F,Right,legacy_bisindo_2hand_F_282,0.000000,0.000000,0.476105,-0.195696,0.938288,-0.105346,1.272737,0.121337,1.428451,0.303935,1.064521,-0.452045,1.565839,-0.559571,1.914916,-0.604150,2.209406,-0.629456,0.943507,-0.331352,1.556259,-0.163491,1.981247,-0.017844,2.294853,0.091896,0.769588,-0.136799,1.230389,0.298799,1.089385,0.329458,0.939980,0.247873,0.612448,0.112282,0.971937,0.436106,0.862170,0.416713,0.749338,0.291735,0.000000,0.000000,0.000000,0.000000,0.000000,0.000000,0.000000,0.000000,0.000000,0.000000,0.000000,0.000000,0.000000,0.000000,0.000000,0.000000,0.000000,0.000000,0.000000,0.000000,0.000000,0.000000,0.000000,0.000000,0.000000,0.000000,0.000000,0.000000,0.000000,0.000000,0.000000,0.000000,0.000000,0.000000,0.000000,0.000000,0.000000,0.000000,0.000000,0.000000,0.000000,0.000000
F,Right,legacy_bisindo_2hand_F_283,0.000000,0.000000,0.480425,-0.166748,0.918936,-0.051901,1.200734,0.188522,1.318785,0.385176,1.080608,-0.372971,1.584699,-0.425775,1.917018,-0.443599,2.197935,-0.445016,0.966827,-0.255431,1.557433,-0.047946,1.957110,0.116138,2.244126,0.245521,0.795129,-0.081480,1.199887,0.390382,1.055628,0.400176,0.920503,0.310728,0.629348,0.147903,0.948113,0.482495,0.832611,0.452595,0.734325,0.331198,0.000000,0.000000,0.000000,0.000000,0.000000,0.000000,0.000000,0.000000,0.000000,0.000000,0.000000,0.000000,0.000000,0.000000,0.000000,0.000000,0.000000,0.000000,0.000000,0.000000,0.000000,0.000000,0.000000,0.000000,0.000000,0.000000,0.000000,0.000000,0.000000,0.000000,0.000000,0.000000,0.000000,0.000000,0.000000,0.000000,0.000000,0.000000,0.000000,0.000000,0.000000,0.000000
F,Right,legacy_bisindo_2hand_F_284,0.000000,0.000000,-0.330240,-0.347481,-0.785549,-0.405540,-1.200245,-0.251136,-1.486997,-0.080558,-0.987846,-0.598284,-1.580240,-0.758616,-1.925302,-0.805626,-2.203776,-0.837593,-0.867548,-0.497353,-1.534820,-0.334916,-1.910264,-0.246552,-2.185538,-0.194192,-0.742109,-0.296019,-1.291881,0.098593,-1.236583,0.199143,-1.093318,0.165396,-0.641073,-0.061473,-1.038295,0.215869,-0.952255,0.247728,-0.777994,0.166992,0.000000,0.000000,0.000000,0.000000,0.000000,0.000000,0.000000,0.000000,0.000000,0.000000,0.000000,0.000000,0.000000,0.000000,0.000000,0.000000,0.000000,0.000000,0.000000,0.000000,0.000000,0.000000,0.000000,0.000000,0.000000,0.000000,0.000000,0.000000,0.000000,0.000000,0.000000,0.000000,0.000000,0.000000,0.000000,0.000000,0.000000,0.000000,0.000000,0.000000,0.000000,0.000000
F,Right,legacy_bisindo_2hand_F_285,0.000000,0.000000,0.237592,0.251430,0.589927,0.385663,0.904092,0.402660,1.110786,0.295313,0.797988,0.455437,1.175398,0.383074,1.312435,0.257702,1.377448,0.185726,0.915212,0.402972,1.473399,0.416984,1.796328,0.404874,2.020254,0.389260,0.993546,0.248690,1.572074,0.292896,1.932191,0.324877,2.184463,0.361217,1.013894,0.036695,1.505711,-0.088454,1.794169,-0.157658,2.022142,-0.186769,0.000000,0.000000,-0.657455,-0.018258,-1.113731,-0.111794,-1.367473,-0.056178,-1.399238,0.064202,-0.953018,-0.777441,-1.147168,-1.051376,-1.228002,-1.224042,-1.240084,-1.382457,-0.658448,-0.752626,-1.164486,-0.274351,-1.162284,0.041703,-1.009600,0.079984,-0.378334,-0.560926,-0.846719,-0.032390,-0.825489,0.157389,-0.694972,0.100900,-0.126770,-0.317665,-0.441191,0.113045,-0.518564,0.221381,-0.477653,0.149418
F,Right,legacy_bisindo_2hand_F_286,0.000000,0.000000,0.459910,-0.298343,0.870581,-0.278097,1.093589,-0.082036,1.151142,0.056470,1.016474,-0.037381,1.527091,-0.089086,1.802525,-0.101651,2.010109,-0.092320,0.966301,0.257417,1.479834,0.329861,1.788521,0.361729,2.014348,0.391009,0.857762,0.459059,1.179602,0.384575,1.061768,0.217270,0.920507,0.121674,0.713760,0.585020,0.897614,0.467547,0.850336,0.331291,0.772284,0.262568,0.000000,0.000000,-0.627485,0.023468,-1.032606,-0.051347,-1.263884,-0.112774,-1.217637,-0.175416,-0.860936,-0.852552,-1.132143,-0.532100,-1.094455,-0.204346,-0.982972,-0.078663,-0.581689,-0.813412,-0.942812,-0.328432,-0.895621,-0.067867,-0.766215,-0.062417,-0.311295,-0.653623,-0.644883,-0.175753,-0.600268,0.013030,-0.477743,-0.033407,-0.083481,-0.432112,-0.283833,-0.079937,-0.311468,0.031883,-0.247562,-0.002830
F,Right,legacy_bisindo_2hand_F_287,0.000000,0.000000,0.468246,-0.218029,0.919536,-0.161427,1.257527,0.017309,1.423205,0.160829,1.021821,-0.522301,1.511460,-0.650722,1.843497,-0.717519,2.130076,-0.763798,0.921996,-0.387199,1.540700,-0.263713,1.961770,-0.155124,2.273309,-0.074000,0.768782,-0.182224,1.224067,0.214907,1.076293,0.246134,0.927634,0.174468,0.630724,0.071761,0.983444,0.358668,0.862680,0.346576,0.745443,0.231048,0.000000,0.000000,0.000000,0.000000,0.000000,0.000000,0.000000,0.000000,0.000000,0.000000,0.000000,0.000000,0.000000,0.000000,0.000000,0.000000,0.000000,0.000000,0.000000,0.000000,0.000000,0.000000,0.000000,0.000000,0.000000,0.000000,0.000000,0.000000,0.000000,0.000000,0.000000,0.000000,0.000000,0.000000,0.000000,0.000000,0.000000,0.000000,0.000000,0.000000,0.000000,0.000000
F,Right,legacy_bisindo_2hand_F_288,0.000000,0.000000,-0.446711,-0.145330,-0.895737,-0.080165,-1.226411,0.161202,-1.469801,0.369540,-1.096515,-0.265412,-1.679092,-0.277009,-2.007189,-0.256461,-2.302655,-0.213331,-0.985845,-0.167658,-1.595758,0.109508,-1.977069,0.308302,-2.279575,0.469302,-0.831129,0.003951,-1.183019,0.446155,-1.030936,0.435992,-0.896424,0.307591,-0.671262,0.190664,-0.945257,0.552840,-0.829901,0.539012,-0.713337,0.403287,0.000000,0.000000,0.000000,0.000000,0.000000,0.000000,0.000000,0.000000,0.000000,0.000000,0.000000,0.000000,0.000000,0.000000,0.000000,0.000000,0.000000,0.000000,0.000000,0.000000,0.000000,0.000000,0.000000,0.000000,0.000000,0.000000,0.000000,0.000000,0.000000,0.000000,0.000000,0.000000,0.000000,0.000000,0.000000,0.000000,0.000000,0.000000,0.000000,0.000000,0.000000,0.000000
F,Right,legacy_bisindo_2hand_F_289,0.000000,0.000000,-0.454563,-0.110355,-0.883409,-0.016391,-1.197673,0.236060,-1.425288,0.453448,-1.108149,-0.197797,-1.680257,-0.175434,-1.999463,-0.134802,-2.287730,-0.071251,-0.994174,-0.107787,-1.570680,0.202694,-1.933037,0.423802,-2.217863,0.601647,-0.835076,0.052822,-1.145897,0.500687,-1.001638,0.503180,-0.881447,0.383279,-0.670642,0.222755,-0.892531,0.587287,-0.780929,0.574348,-0.684133,0.438619,0.000000,0.000000,0.000000,0.000000,0.000000,0.000000,0.000000,0.000000,0.000000,0.000000,0.000000,0.000000,0.000000,0.000000,0.000000,0.000000,0.000000,0.000000,0.000000,0.000000,0.000000,0.000000,0.000000,0.000000,0.000000,0.000000,0.000000,0.000000,0.000000,0.000000,0.000000,0.000000,0.000000,0.000000,0.000000,0.000000,0.000000,0.000000,0.000000,0.000000,0.000000,0.000000
F,Right,legacy_bisindo_2hand_F_290,0.000000,0.000000,-0.419024,-0.202654,-0.873048,-0.178466,-1.219401,0.036289,-1.458271,0.229332,-1.077653,-0.335415,-1.655695,-0.365106,-1.978387,-0.356366,-2.258521,-0.325661,-0.972609,-0.232449,-1.602882,0.047378,-1.974940,0.240131,-2.263377,0.389840,-0.825245,-0.052350,-1.197553,0.374936,-1.034870,0.372072,-0.884697,0.249345,-0.680723,0.144901,-0.956207,0.479637,-0.828358,0.466299,-0.699741,0.332682,0.000000,0.000000,0.000000,0.000000,0.000000,0.000000,0.000000,0.000000,0.000000,0.000000,0.000000,0.000000,0.000000,0.000000,0.000000,0.000000,0.000000,0.000000,0.000000,0.000000,0.000000,0.000000,0.000000,0.000000,0.000000,0.000000,0.000000,0.000000,0.000000,0.000000,0.000000,0.000000,0.000000,0.000000,0.000000,0.000000,0.000000,0.000000,0.000000,0.000000,0.000000,0.000000
F,Right,legacy_bisindo_2hand_F_291,0.000000,0.000000,0.468246,-0.218029,0.919536,-0.161427,1.257527,0.017309,1.423205,0.160829,1.021821,-0.522301,1.511460,-0.650722,1.843497,-0.717519,2.130076,-0.763798,0.921996,-0.387199,1.540700,-0.263713,1.961770,-0.155124,2.273309,-0.074000,0.768782,-0.182224,1.224067,0.214907,1.076293,0.246134,0.927634,0.174468,0.630724,0.071761,0.983444,0.358668,0.862680,0.346576,0.745443,0.231048,0.000000,0.000000,0.000000,0.000000,0.000000,0.000000,0.000000,0.000000,0.000000,0.000000,0.000000,0.000000,0.000000,0.000000,0.000000,0.000000,0.000000,0.000000,0.000000,0.000000,0.000000,0.000000,0.000000,0.000000,0.000000,0.000000,0.000000,0.000000,0.000000,0.000000,0.000000,0.000000,0.000000,0.000000,0.000000,0.000000,0.000000,0.000000,0.000000,0.000000,0.000000,0.000000
F,Right,legacy_bisindo_2hand_F_292,0.000000,0.000000,-0.452502,-0.110357,-0.883965,-0.021225,-1.201612,0.219873,-1.431759,0.432228,-1.106073,-0.194297,-1.673179,-0.170786,-1.993219,-0.129553,-2.282460,-0.066892,-0.994466,-0.105063,-1.569958,0.208068,-1.927082,0.432221,-2.208376,0.611149,-0.835055,0.052801,-1.149341,0.500691,-1.007262,0.501265,-0.884928,0.377822,-0.670791,0.224198,-0.899572,0.590224,-0.789188,0.578244,-0.690610,0.440407,0.000000,0.000000,0.000000,0.000000,0.000000,0.000000,0.000000,0.000000,0.000000,0.000000,0.000000,0.000000,0.000000,0.000000,0.000000,0.000000,0.000000,0.000000,0.000000,0.000000,0.000000,0.000000,0.000000,0.000000,0.000000,0.000000,0.000000,0.000000,0.000000,0.000000,0.000000,0.000000,0.000000,0.000000,0.000000,0.000000,0.000000,0.000000,0.000000,0.000000,0.000000,0.000000
F,Right,legacy_bisindo_2hand_F_293,0.000000,0.000000,0.468246,-0.218029,0.919536,-0.161427,1.257527,0.017309,1.423205,0.160829,1.021821,-0.522301,1.511460,-0.650722,1.843497,-0.717519,2.130076,-0.763798,0.921996,-0.387199,1.540700,-0.263713,1.961770,-0.155124,2.273309,-0.074000,0.768782,-0.182224,1.224067,0.214907,1.076293,0.246134,0.927634,0.174468,0.630724,0.071761,0.983444,0.358668,0.862680,0.346576,0.745443,0.231048,0.000000,0.000000,0.000000,0.000000,0.000000,0.000000,0.000000,0.000000,0.000000,0.000000,0.000000,0.000000,0.000000,0.000000,0.000000,0.000000,0.000000,0.000000,0.000000,0.000000,0.000000,0.000000,0.000000,0.000000,0.000000,0.000000,0.000000,0.000000,0.000000,0.000000,0.000000,0.000000,0.000000,0.000000,0.000000,0.000000,0.000000,0.000000,0.000000,0.000000,0.000000,0.000000
F,Right,legacy_bisindo_2hand_F_294,0.000000,0.000000,-0.259517,-0.427021,-0.667879,-0.591643,-1.112846,-0.582731,-1.417561,-0.505855,-0.890429,-0.769087,-1.400291,-1.027060,-1.730475,-1.195222,-1.971476,-1.334227,-0.778555,-0.627576,-1.416970,-0.629381,-1.783866,-0.622567,-2.020442,-0.609043,-0.688199,-0.365925,-1.336413,-0.131854,-1.473468,-0.030840,-1.442832,-0.018401,-0.627302,-0.066797,-1.098615,0.110131,-1.090846,0.145706,-0.976774,0.102470,0.000000,0.000000,0.228664,0.024881,0.473973,-0.132801,0.444723,-0.386665,0.307540,-0.639924,0.735098,-0.726809,0.842315,-1.018564,0.898218,-1.213350,0.938019,-1.409236,0.499154,-0.866513,0.360349,-0.854224,0.288966,-0.529744,0.354653,-0.480678,0.253648,-0.898142,0.078365,-0.725653,0.079166,-0.431584,0.188599,-0.440059,0.030745,-0.874814,-0.089213,-0.680108,-0.073635,-0.446120,0.015678,-0.445821
F,Right,legacy_bisindo_2hand_F_295,0.000000,0.000000,-0.222945,-0.444598,-0.629979,-0.639478,-1.086076,-0.647878,-1.399668,-0.585366,-0.832182,-0.830917,-1.324730,-1.136400,-1.644025,-1.335581,-1.879170,-1.497850,-0.735238,-0.677809,-1.380960,-0.729900,-1.758930,-0.754006,-2.006207,-0.765871,-0.662260,-0.413081,-1.335447,-0.222486,-1.466813,-0.127549,-1.430529,-0.114377,-0.625529,-0.110131,-1.118746,0.028637,-1.109989,0.066374,-0.992168,0.030102,0.000000,0.000000,0.221847,0.051987,0.476710,-0.081555,0.469897,-0.346265,0.354730,-0.622438,0.792234,-0.675530,0.922930,-0.969270,1.011160,-1.151530,1.084349,-1.333718,0.554037,-0.832492,0.446097,-0.868845,0.339916,-0.534871,0.405164,-0.470204,0.305609,-0.883036,0.145412,-0.740272,0.114803,-0.433523,0.228709,-0.428588,0.076432,-0.874203,-0.042411,-0.697818,-0.044632,-0.464101,0.054138,-0.463242
F,Right,legacy_bisindo_2hand_F_296,0.000000,0.000000,-0.418594,-0.209384,-0.878675,-0.187421,-1.228952,0.023988,-1.478524,0.210946,-1.068316,-0.360310,-1.646935,-0.397188,-1.971756,-0.391122,-2.260450,-0.365180,-0.966774,-0.255633,-1.601956,0.011747,-1.987540,0.201173,-2.290242,0.347692,-0.827041,-0.073790,-1.202868,0.350929,-1.044387,0.359743,-0.894439,0.248654,-0.689625,0.126598,-0.971774,0.461666,-0.845603,0.452305,-0.711779,0.325368,0.000000,0.000000,0.000000,0.000000,0.000000,0.000000,0.000000,0.000000,0.000000,0.000000,0.000000,0.000000,0.000000,0.000000,0.000000,0.000000,0.000000,0.000000,0.000000,0.000000,0.000000,0.000000,0.000000,0.000000,0.000000,0.000000,0.000000,0.000000,0.000000,0.000000,0.000000,0.000000,0.000000,0.000000,0.000000,0.000000,0.000000,0.000000,0.000000,0.000000,0.000000,0.000000
F,Right,legacy_bisindo_2hand_F_297,0.000000,0.000000,-0.370456,-0.301792,-0.808722,-0.331138,-1.185974,-0.176452,-1.472676,-0.003691,-1.019140,-0.503139,-1.608158,-0.616147,-1.946336,-0.646523,-2.229747,-0.665318,-0.909712,-0.415240,-1.561274,-0.211863,-1.932129,-0.082509,-2.204759,0.010566,-0.775596,-0.228022,-1.253244,0.197366,-1.188253,0.288557,-1.055921,0.248054,-0.662525,0.003676,-1.003646,0.306038,-0.926301,0.332579,-0.777460,0.241099,0.000000,0.000000,0.000000,0.000000,0.000000,0.000000,0.000000,0.000000,0.000000,0.000000,0.000000,0.000000,0.000000,0.000000,0.000000,0.000000,0.000000,0.000000,0.000000,0.000000,0.000000,0.000000,0.000000,0.000000,0.000000,0.000000,0.000000,0.000000,0.000000,0.000000,0.000000,0.000000,0.000000,0.000000,0.000000,0.000000,0.000000,0.000000,0.000000,0.000000,0.000000,0.000000
F,Right,legacy_bisindo_2hand_F_298,0.000000,0.000000,-0.565950,-0.166278,-0.944639,-0.244136,-1.262442,-0.130658,-1.567916,-0.046366,-1.094342,-0.489291,-1.634248,-0.630049,-1.978715,-0.712851,-2.288445,-0.784790,-0.942313,-0.334734,-1.598612,-0.180363,-2.075514,-0.092768,-2.392996,-0.026377,-0.782683,-0.062847,-1.325168,0.320839,-1.356071,0.489673,-1.274538,0.513942,-0.663324,0.224111,-1.026002,0.473647,-0.966470,0.496768,-0.843137,0.401540,0.000000,0.000000,0.000000,0.000000,0.000000,0.000000,0.000000,0.000000,0.000000,0.000000,0.000000,0.000000,0.000000,0.000000,0.000000,0.000000,0.000000,0.000000,0.000000,0.000000,0.000000,0.000000,0.000000,0.000000,0.000000,0.000000,0.000000,0.000000,0.000000,0.000000,0.000000,0.000000,0.000000,0.000000,0.000000,0.000000,0.000000,0.000000,0.000000,0.000000,0.000000,0.000000
F,Right,legacy_bisindo_2hand_F_299,0.000000,0.000000,-0.422218,-0.340449,-0.852084,-0.357483,-1.138831,-0.099055,-1.267794,0.138696,-1.002503,-0.100064,-1.553539,-0.178931,-1.894539,-0.189861,-2.163974,-0.202199,-0.965641,0.259882,-1.579566,0.379475,-1.953593,0.411682,-2.235725,0.445811,-0.875380,0.503633,-1.300909,0.440358,-1.235667,0.261644,-1.087865,0.165843,-0.748718,0.666946,-1.099756,0.565830,-1.073699,0.431714,-0.976463,0.328514,0.000000,0.000000,0.000000,0.000000,0.000000,0.000000,0.000000,0.000000,0.000000,0.000000,0.000000,0.000000,0.000000,0.000000,0.000000,0.000000,0.000000,0.000000,0.000000,0.000000,0.000000,0.000000,0.000000,0.000000,0.000000,0.000000,0.000000,0.000000,0.000000,0.000000,0.000000,0.000000,0.000000,0.000000,0.000000,0.000000,0.000000,0.000000,0.000000,0.000000,0.000000,0.000000
F,Right,legacy_bisindo_2hand_F_300,0.000000,0.000000,-0.384543,-0.297868,-0.793464,-0.286317,-1.015775,-0.030757,-1.076552,0.215701,-1.001576,-0.058683,-1.517385,-0.094867,-1.810159,-0.086401,-2.045761,-0.088191,-0.966244,0.257630,-1.486880,0.338967,-1.816287,0.342133,-2.051202,0.347199,-0.852778,0.458452,-1.147601,0.345102,-1.079389,0.185631,-0.951459,0.123467,-0.700235,0.587943,-0.913774,0.433640,-0.880061,0.303415,-0.791827,0.233016,0.000000,0.000000,0.656711,0.229038,1.123213,0.256628,1.449171,0.224606,1.520085,0.110572,1.077103,-0.580831,1.346054,-0.394264,1.297183,-0.120710,1.166087,-0.043498,0.814179,-0.580614,1.235355,-0.106692,1.161825,0.223778,1.035735,0.300761,0.554930,-0.437248,0.880747,0.125631,0.783453,0.291755,0.664734,0.224978,0.304356,-0.220397,0.553599,0.251130,0.478521,0.319699,0.384638,0.212353
F,Right,legacy_bisindo_2hand_F_301,0.000000,0.000000,0.358478,-0.376550,0.865356,-0.523581,1.270497,-0.362066,1.453729,-0.141684,0.819458,-0.887456,1.068098,-1.162053,1.191936,-1.327517,1.256222,-1.445162,0.727148,-0.686481,1.347563,-0.326356,1.343741,-0.047619,1.245679,0.045585,0.621585,-0.329086,1.244779,0.092552,1.160511,0.259881,0.972907,0.253887,0.543042,0.042385,1.032029,0.371478,0.991239,0.455675,0.847729,0.412356,0.000000,0.000000,-0.133812,-0.572094,-0.525999,-0.788643,-0.870727,-0.740635,-1.105087,-0.624337,-0.769585,-0.772142,-1.233744,-0.899208,-1.476367,-0.936106,-1.659354,-0.955602,-0.902555,-0.430575,-1.343431,-0.338317,-1.598388,-0.291676,-1.781790,-0.245286,-0.927080,-0.125712,-1.102989,-0.084909,-0.939712,-0.160765,-0.794925,-0.207911,-0.902711,0.128988,-0.949168,0.082784,-0.829227,0.011816,-0.709794,-0.035978
F,Right,legacy_bisindo_2hand_F_302,0.000000,0.000000,-0.329796,-0.421567,-0.758682,-0.477916,-1.075360,-0.288820,-1.248669,-0.098419,-0.997517,-0.383555,-1.432275,-0.435340,-1.710999,-0.462984,-1.924264,-0.483007,-0.998162,-0.060603,-1.497539,0.093077,-1.809383,0.180770,-2.020545,0.266757,-0.892571,0.198129,-1.147070,0.220117,-1.036754,0.084571,-0.900958,-0.004098,-0.743159,0.409484,-0.877626,0.366314,-0.788747,0.265357,-0.682191,0.174456,0.000000,0.000000,0.412251,-0.307438,0.585594,-0.664411,0.651620,-0.968754,0.682878,-1.200069,0.247296,-1.079455,0.233652,-1.459871,0.293597,-1.664190,0.310196,-1.814584,0.128888,-0.991659,0.662068,-1.057324,0.715852,-0.787427,0.646563,-0.646817,0.091911,-0.786445,0.651726,-0.699521,0.677719,-0.468545,0.582254,-0.387477,0.114865,-0.538259,0.550794,-0.484862,0.688910,-0.312775,0.702212,-0.211541
F,Right,legacy_bisindo_2hand_F_303,0.000000,0.000000,0.447739,-0.150225,0.725659,-0.315455,0.841883,-0.402545,0.647146,-0.413536,0.491444,-0.963247,0.499765,-1.187854,0.487767,-1.354985,0.440240,-1.483722,0.247889,-0.968788,0.462980,-0.684056,0.507595,-0.458519,0.512022,-0.368105,0.052564,-0.820164,0.324213,-0.403796,0.356201,-0.254521,0.327106,-0.245187,-0.078437,-0.591924,0.191372,-0.209509,0.259051,-0.080000,0.267418,-0.077584,0.000000,0.000000,-0.254332,-0.446512,-0.628534,-0.558765,-0.977457,-0.483267,-1.173184,-0.367978,-0.948115,-0.508943,-1.433320,-0.652438,-1.735104,-0.723581,-1.968148,-0.790155,-0.956783,-0.290803,-1.569862,-0.246791,-1.964810,-0.233350,-2.242450,-0.254911,-0.891985,-0.008958,-1.366726,0.129446,-1.623143,0.107981,-1.796978,0.039873,-0.781499,0.279418,-0.914613,0.321742,-0.794857,0.207904,-0.662633,0.089579
F,Right,legacy_bisindo_2hand_F_304,0.000000,0.000000,0.090394,-0.498463,-0.280054,-0.911009,-0.763528,-1.097355,-0.993862,-1.236642,-0.440676,-0.990350,-0.967647,-1.093649,-1.211613,-1.031063,-1.362843,-0.999264,-0.645866,-0.763451,-1.302307,-0.997025,-1.714301,-1.176550,-2.007269,-1.271516,-0.776883,-0.493880,-1.371041,-0.578648,-1.632980,-0.614548,-1.799024,-0.639179,-0.824967,-0.229410,-0.987570,-0.369514,-0.879596,-0.308486,-0.728405,-0.221641,0.000000,0.000000,-0.068458,-0.438370,0.024503,-0.828504,0.220295,-1.107845,0.391654,-1.216745,-0.035849,-1.091767,0.205375,-1.441308,0.385711,-1.551736,0.471485,-1.605383,0.106093,-0.994356,0.560282,-1.083067,0.615871,-0.879803,0.527598,-0.772080,0.275597,-0.812228,0.687699,-0.881739,0.701287,-0.686209,0.592022,-0.584546,0.428015,-0.597421,0.774105,-0.678448,0.803448,-0.541846,0.719083,-0.449117
F,Right,legacy_bisindo_2hand_F_305,0.000000,0.000000,-0.087802,-0.547578,-0.041504,-1.105367,0.224090,-1.479996,0.485853,-1.576344,0.357632,-0.976704,0.544288,-1.551959,0.601166,-1.808625,0.637844,-1.977037,0.631388,-0.775467,0.907646,-1.384053,0.831315,-1.484395,0.721194,-1.441369,0.812094,-0.530401,0.940266,-1.026109,0.792732,-1.041946,0.667995,-0.946624,0.910189,-0.285627,0.986945,-0.675077,0.843127,-0.718852,0.725770,-0.641517,0.000000,0.000000,-0.172050,-0.547499,-0.548354,-0.764833,-0.901882,-0.601594,-1.068233,-0.328343,-0.891970,-0.607739,-1.392001,-0.813757,-1.707741,-0.920697,-1.936101,-1.008799,-0.961603,-0.274444,-1.541505,-0.245675,-1.867943,-0.223058,-2.075169,-0.201936,-0.906536,-0.006712,-1.224531,0.051379,-1.251253,0.084516,-1.219021,0.148215,-0.799639,0.202135,-0.953538,0.139850,-0.913631,0.105790,-0.814657,0.108446
F,Right,legacy_bisindo_2hand_F_306,0.000000,0.000000,0.370878,-0.311666,0.649546,-0.609575,0.873319,-0.794783,0.996821,-0.946145,0.358822,-1.071504,0.499222,-1.472278,0.662728,-1.691918,0.751669,-1.850435,0.307270,-0.951622,0.901018,-0.942434,0.849920,-0.733724,0.692190,-0.686387,0.314214,-0.739787,0.887789,-0.646235,0.804311,-0.477517,0.650676,-0.470456,0.361578,-0.484484,0.798760,-0.423520,0.731600,-0.296969,0.594886,-0.288310,0.000000,0.000000,-0.282283,-0.499093,-0.705277,-0.587923,-1.036645,-0.429886,-1.213498,-0.269039,-0.925557,-0.536082,-1.404489,-0.596691,-1.678938,-0.594484,-1.903818,-0.597125,-0.978764,-0.204992,-1.443879,-0.117748,-1.738713,-0.055018,-1.955793,0.019582,-0.939036,0.061995,-1.193109,-0.001078,-1.077898,-0.107390,-0.953307,-0.133382,-0.861845,0.276082,-1.013140,0.113946,-0.938312,0.017678,-0.831175,-0.041982
F,Right,legacy_bisindo_2hand_F_307,0.000000,0.000000,0.486472,-0.038564,0.742031,-0.107702,0.850873,-0.212683,0.678000,-0.269971,0.628768,-0.907289,0.708555,-1.100118,0.831288,-1.263033,0.881858,-1.381186,0.391284,-0.920270,0.679260,-0.668313,0.618386,-0.414115,0.547206,-0.344914,0.196535,-0.794203,0.457275,-0.366561,0.441990,-0.107524,0.387342,-0.033050,0.033673,-0.602314,0.246869,-0.259015,0.311933,-0.062039,0.321433,0.020332,0.000000,0.000000,-0.189313,-0.514888,-0.580784,-0.732022,-0.934837,-0.605939,-1.144681,-0.424089,-0.825793,-0.686589,-1.282422,-0.905468,-1.548709,-1.028374,-1.766497,-1.127627,-0.936725,-0.350067,-1.410253,-0.299132,-1.701108,-0.243921,-1.933234,-0.186339,-0.919316,-0.070148,-1.075421,-0.189969,-0.906319,-0.308655,-0.767148,-0.340731,-0.857372,0.163856,-0.905400,-0.017525,-0.794301,-0.121077,-0.684173,-0.191392
F,Right,legacy_bisindo_2hand_F_308,0.000000,0.000000,-0.064650,-0.492974,-0.356134,-0.693115,-0.630175,-0.693441,-0.819466,-0.524155,-0.638722,-0.752978,-0.861047,-0.671258,-0.817932,-0.573093,-0.774911,-0.505602,-0.851813,-0.523845,-1.266660,-0.704275,-1.558541,-0.849913,-1.784350,-0.936507,-0.976558,-0.244492,-1.355279,-0.238108,-1.434826,-0.212351,-1.478609,-0.237168,-1.023960,0.043989,-1.127137,0.035202,-0.995542,0.021669,-0.862039,0.009612,0.000000,0.000000,0.278570,-0.502418,0.635250,-0.914689,0.960534,-1.143510,1.206689,-1.240532,0.496453,-1.153866,0.730588,-1.629136,0.755929,-1.787000,0.599026,-1.946363,0.424941,-0.905221,1.253153,-0.999009,1.278900,-0.719225,1.021737,-0.554301,0.427294,-0.459032,1.289916,-0.482471,1.209463,-0.268068,0.914537,-0.212098,0.466737,0.014297,1.130390,0.003985,1.034130,0.084061,0.794297,0.093807
F,Right,legacy_bisindo_2hand_F_309,0.000000,0.000000,-0.307086,-0.405170,-0.731752,-0.502404,-1.007373,-0.334848,-1.106587,-0.107370,-0.999234,-0.286960,-1.458407,-0.368135,-1.719662,-0.385540,-1.912503,-0.398589,-0.998432,0.055984,-1.454621,0.212277,-1.712257,0.309074,-1.866776,0.400732,-0.903730,0.283897,-1.122053,0.235530,-1.026053,0.097710,-0.893547,0.050964,-0.786863,0.438539,-0.942081,0.319815,-0.869042,0.213378,-0.746123,0.142706,0.000000,0.000000,0.000000,0.000000,0.000000,0.000000,0.000000,0.000000,0.000000,0.000000,0.000000,0.000000,0.000000,0.000000,0.000000,0.000000,0.000000,0.000000,0.000000,0.000000,0.000000,0.000000,0.000000,0.000000,0.000000,0.000000,0.000000,0.000000,0.000000,0.000000,0.000000,0.000000,0.000000,0.000000,0.000000,0.000000,0.000000,0.000000,0.000000,0.000000,0.000000,0.000000
F,Right,legacy_bisindo_2hand_F_310,0.000000,0.000000,0.279893,-0.112292,0.466659,-0.302206,0.379674,-0.490956,0.164680,-0.612902,0.352252,-0.982344,0.406816,-1.233517,0.465482,-1.438463,0.494755,-1.608790,0.059214,-0.998245,0.117233,-0.830378,0.165592,-0.539842,0.201433,-0.475227,-0.184483,-0.896308,-0.106585,-0.632912,0.013351,-0.389167,0.097048,-0.377787,-0.374828,-0.729549,-0.277201,-0.514794,-0.156564,-0.321261,-0.078622,-0.292260,0.000000,0.000000,-0.322502,-0.345110,-0.730820,-0.451162,-1.077933,-0.354861,-1.300625,-0.202516,-0.887508,-0.609811,-1.331451,-0.727459,-1.576830,-0.813621,-1.803040,-0.903067,-0.885973,-0.463738,-1.392001,-0.358185,-1.733358,-0.322886,-2.012942,-0.302598,-0.850267,-0.251329,-1.140289,0.116618,-1.075798,0.190537,-0.985416,0.178550,-0.796108,-0.000934,-0.964803,0.278225,-0.877557,0.302116,-0.780650,0.263460
F,Right,legacy_bisindo_2hand_F_311,0.000000,0.000000,0.327377,-0.427352,0.762465,-0.485307,1.087454,-0.293509,1.190985,-0.086501,0.993036,-0.331193,1.480248,-0.392916,1.746635,-0.444514,1.934261,-0.467219,0.999821,-0.018916,1.487727,0.126477,1.801125,0.209366,2.012684,0.309100,0.935756,0.243407,1.143879,0.269973,1.041790,0.169091,0.898279,0.107378,0.847010,0.455481,0.953802,0.376467,0.851766,0.303014,0.731505,0.275382,0.000000,0.000000,-0.369384,-0.337873,-0.515692,-0.665888,-0.630663,-0.944994,-0.703017,-1.176797,-0.176814,-1.087522,-0.210167,-1.435283,-0.250303,-1.636126,-0.285650,-1.806677,-0.078003,-0.996953,-0.585068,-1.094254,-0.679991,-0.859832,-0.642540,-0.679131,-0.068046,-0.809431,-0.599095,-0.736298,-0.620700,-0.505409,-0.554007,-0.376474,-0.098150,-0.585147,-0.531492,-0.496762,-0.614831,-0.338934,-0.614130,-0.256490
F,Right,legacy_bisindo_2hand_F_312,0.000000,0.000000,0.261181,-0.489128,0.702266,-0.584241,1.069631,-0.457442,1.232903,-0.277030,0.962315,-0.499928,1.548129,-0.540050,1.869505,-0.531049,2.115521,-0.502482,0.988560,-0.150828,1.558667,-0.043428,1.888030,0.046238,2.141886,0.130130,0.958871,0.118784,1.228908,-0.016957,1.084500,-0.107373,0.917758,-0.128392,0.914806,0.314534,1.015849,0.078191,0.896018,-0.017527,0.772287,-0.025120,0.000000,0.000000,0.000000,0.000000,0.000000,0.000000,0.000000,0.000000,0.000000,0.000000,0.000000,0.000000,0.000000,0.000000,0.000000,0.000000,0.000000,0.000000,0.000000,0.000000,0.000000,0.000000,0.000000,0.000000,0.000000,0.000000,0.000000,0.000000,0.000000,0.000000,0.000000,0.000000,0.000000,0.000000,0.000000,0.000000,0.000000,0.000000,0.000000,0.000000,0.000000,0.000000
F,Right,legacy_bisindo_2hand_F_313,0.000000,0.000000,0.249694,-0.511970,0.671981,-0.700174,1.055309,-0.704011,1.286074,-0.707146,0.922826,-0.577547,1.401323,-0.762423,1.684672,-0.854898,1.918800,-0.896151,0.963769,-0.266739,1.514395,-0.187236,1.834707,-0.105667,2.087188,-0.016926,0.947604,-0.045421,1.261104,-0.161681,1.151315,-0.275457,1.029272,-0.300415,0.908122,0.115715,1.043769,-0.078995,0.939053,-0.177912,0.828944,-0.212419,0.000000,0.000000,0.000000,0.000000,0.000000,0.000000,0.000000,0.000000,0.000000,0.000000,0.000000,0.000000,0.000000,0.000000,0.000000,0.000000,0.000000,0.000000,0.000000,0.000000,0.000000,0.000000,0.000000,0.000000,0.000000,0.000000,0.000000,0.000000,0.000000,0.000000,0.000000,0.000000,0.000000,0.000000,0.000000,0.000000,0.000000,0.000000,0.000000,0.000000,0.000000,0.000000
F,Right,legacy_bisindo_2hand_F_314,0.000000,0.000000,-0.008653,-0.556196,0.326749,-0.905500,0.705213,-0.896104,0.907576,-0.720632,0.672617,-0.863647,1.191009,-1.123065,1.492883,-1.231444,1.727373,-1.281965,0.832115,-0.554603,1.347791,-0.645237,1.675584,-0.702239,1.928977,-0.709847,0.887330,-0.278827,0.966039,-0.431835,0.789739,-0.450940,0.619149,-0.390784,0.881251,-0.057876,0.843509,-0.246002,0.706811,-0.250284,0.583434,-0.183787,0.000000,0.000000,0.000000,0.000000,0.000000,0.000000,0.000000,0.000000,0.000000,0.000000,0.000000,0.000000,0.000000,0.000000,0.000000,0.000000,0.000000,0.000000,0.000000,0.000000,0.000000,0.000000,0.000000,0.000000,0.000000,0.000000,0.000000,0.000000,0.000000,0.000000,0.000000,0.000000,0.000000,0.000000,0.000000,0.000000,0.000000,0.000000,0.000000,0.000000,0.000000,0.000000
F,Right,legacy_bisindo_2hand_F_315,0.000000,0.000000,0.377836,-0.366856,0.777487,-0.400406,1.041715,-0.191923,1.120147,0.016571,0.994467,-0.269865,1.470535,-0.324762,1.737608,-0.344539,1.948717,-0.345648,0.998973,0.045319,1.495332,0.096301,1.782260,0.122188,1.988702,0.155890,0.944312,0.319855,1.269467,0.350191,1.224787,0.250368,1.123414,0.173984,0.859876,0.534837,1.074340,0.509142,1.021608,0.415957,0.923469,0.358974,0.000000,0.000000,-0.341961,-0.361215,-0.410473,-0.676914,-0.461393,-0.907423,-0.503616,-1.098055,-0.122003,-1.063727,-0.171926,-1.461443,-0.202647,-1.648001,-0.209530,-1.767678,-0.062963,-0.998016,-0.511630,-1.220128,-0.734908,-1.037103,-0.801342,-0.840054,-0.070335,-0.857560,-0.565232,-0.973813,-0.753997,-0.782005,-0.821135,-0.605905,-0.122308,-0.692719,-0.506810,-0.789968,-0.686740,-0.708654,-0.789675,-0.618446
F,Right,legacy_bisindo_2hand_F_316,0.000000,0.000000,0.167584,-0.546496,0.018887,-1.077288,-0.287200,-1.369875,-0.546515,-1.494909,-0.248156,-1.058530,-0.450569,-1.473383,-0.556930,-1.699529,-0.628934,-1.849742,-0.536422,-0.843950,-0.717778,-1.286857,-0.794421,-1.559730,-0.835840,-1.730262,-0.735424,-0.647771,-0.838483,-1.072141,-0.855339,-1.304941,-0.842432,-1.455306,-0.856635,-0.475268,-0.882450,-0.843613,-0.840137,-1.048632,-0.803914,-1.190053,0.000000,0.000000,0.137773,-0.504271,0.511551,-0.838420,0.849943,-0.977201,1.081861,-0.996793,0.788362,-0.803490,1.318865,-1.008930,1.648585,-1.129787,1.882217,-1.194212,0.869993,-0.493065,1.437867,-0.546259,1.746530,-0.601746,1.914036,-0.633813,0.863465,-0.221643,1.151102,-0.425997,1.032071,-0.478075,0.870126,-0.461192,0.817233,0.020087,0.959541,-0.252120,0.853560,-0.321484,0.737369,-0.312275
F,Right,legacy_bisindo_2hand_F_317,0.000000,0.000000,0.277996,-0.403782,0.725004,-0.529907,1.121872,-0.506217,1.369115,-0.428931,0.753233,-0.885440,1.200670,-1.218101,1.490163,-1.417004,1.733338,-1.571602,0.706458,-0.707755,1.343566,-0.798668,1.767788,-0.839540,2.077413,-0.886657,0.639281,-0.433253,1.256944,-0.184379,1.151633,-0.078523,0.998132,-0.083800,0.594817,-0.106226,1.093071,0.055365,0.988137,0.083355,0.831325,0.019633,0.000000,0.000000,0.000000,0.000000,0.000000,0.000000,0.000000,0.000000,0.000000,0.000000,0.000000,0.000000,0.000000,0.000000,0.000000,0.000000,0.000000,0.000000,0.000000,0.000000,0.000000,0.000000,0.000000,0.000000,0.000000,0.000000,0.000000,0.000000,0.000000,0.000000,0.000000,0.000000,0.000000,0.000000,0.000000,0.000000,0.000000,0.000000,0.000000,0.000000,0.000000,0.000000
F,Right,legacy_bisindo_2hand_F_318,0.000000,0.000000,0.459235,-0.215528,0.920210,-0.151156,1.267829,0.046694,1.433218,0.205187,1.044053,-0.483573,1.538341,-0.602863,1.886307,-0.660339,2.179137,-0.698894,0.932212,-0.361912,1.552104,-0.212142,1.973812,-0.088553,2.285549,0.002291,0.770523,-0.164940,1.235898,0.258204,1.098312,0.290299,0.952788,0.213048,0.623756,0.083101,0.989939,0.397277,0.877782,0.378815,0.762996,0.258802,0.000000,0.000000,0.000000,0.000000,0.000000,0.000000,0.000000,0.000000,0.000000,0.000000,0.000000,0.000000,0.000000,0.000000,0.000000,0.000000,0.000000,0.000000,0.000000,0.000000,0.000000,0.000000,0.000000,0.000000,0.000000,0.000000,0.000000,0.000000,0.000000,0.000000,0.000000,0.000000,0.000000,0.000000,0.000000,0.000000,0.000000,0.000000,0.000000,0.000000,0.000000,0.000000
F,Right,legacy_bisindo_2hand_F_319,0.000000,0.000000,-0.377013,-0.296964,-0.807765,-0.339603,-1.180942,-0.189146,-1.457903,-0.027189,-1.007725,-0.530503,-1.565011,-0.655167,-1.900007,-0.690892,-2.185445,-0.706949,-0.904040,-0.427447,-1.576850,-0.250427,-1.968064,-0.144299,-2.254962,-0.058232,-0.783582,-0.226164,-1.258475,0.163061,-1.167666,0.228138,-1.026000,0.173908,-0.675213,0.008319,-1.017685,0.304117,-0.927078,0.318736,-0.787811,0.220606,0.000000,0.000000,0.000000,0.000000,0.000000,0.000000,0.000000,0.000000,0.000000,0.000000,0.000000,0.000000,0.000000,0.000000,0.000000,0.000000,0.000000,0.000000,0.000000,0.000000,0.000000,0.000000,0.000000,0.000000,0.000000,0.000000,0.000000,0.000000,0.000000,0.000000,0.000000,0.000000,0.000000,0.000000,0.000000,0.000000,0.000000,0.000000,0.000000,0.000000,0.000000,0.000000
F,Right,legacy_bisindo_2hand_F_320,0.000000,0.000000,0.449244,-0.217629,0.911208,-0.143923,1.262458,0.055476,1.438884,0.223183,1.048395,-0.476437,1.563312,-0.606032,1.910571,-0.646581,2.200259,-0.668059,0.935196,-0.354132,1.569789,-0.197603,1.988128,-0.059147,2.298329,0.038886,0.767806,-0.150466,1.229256,0.275049,1.089752,0.322306,0.944904,0.251221,0.606152,0.102962,0.969786,0.425012,0.861706,0.414989,0.747421,0.294057,0.000000,0.000000,0.000000,0.000000,0.000000,0.000000,0.000000,0.000000,0.000000,0.000000,0.000000,0.000000,0.000000,0.000000,0.000000,0.000000,0.000000,0.000000,0.000000,0.000000,0.000000,0.000000,0.000000,0.000000,0.000000,0.000000,0.000000,0.000000,0.000000,0.000000,0.000000,0.000000,0.000000,0.000000,0.000000,0.000000,0.000000,0.000000,0.000000,0.000000,0.000000,0.000000
F,Right,legacy_bisindo_2hand_F_321,0.000000,0.000000,-0.431071,-0.232142,-0.877184,-0.231723,-1.231268,-0.024757,-1.471391,0.174990,-1.074487,-0.395270,-1.662162,-0.451313,-1.998684,-0.453755,-2.285715,-0.435065,-0.953465,-0.301504,-1.615087,-0.040423,-2.014395,0.141258,-2.317833,0.279354,-0.805053,-0.114471,-1.238237,0.315494,-1.131151,0.380349,-0.992274,0.318249,-0.665832,0.107269,-0.991418,0.445564,-0.894771,0.449565,-0.763203,0.337529,0.000000,0.000000,0.000000,0.000000,0.000000,0.000000,0.000000,0.000000,0.000000,0.000000,0.000000,0.000000,0.000000,0.000000,0.000000,0.000000,0.000000,0.000000,0.000000,0.000000,0.000000,0.000000,0.000000,0.000000,0.000000,0.000000,0.000000,0.000000,0.000000,0.000000,0.000000,0.000000,0.000000,0.000000,0.000000,0.000000,0.000000,0.000000,0.000000,0.000000,0.000000,0.000000
F,Right,legacy_bisindo_2hand_F_322,0.000000,0.000000,-0.399213,-0.261741,-0.849778,-0.271380,-1.221242,-0.061462,-1.478044,0.136400,-1.050931,-0.432673,-1.641190,-0.501904,-1.978294,-0.497604,-2.263342,-0.478691,-0.943776,-0.330587,-1.605049,-0.092205,-1.997107,0.076404,-2.292639,0.201227,-0.806921,-0.140248,-1.262554,0.269776,-1.153670,0.332905,-1.010600,0.267245,-0.676858,0.081738,-1.007211,0.396987,-0.907049,0.405486,-0.766615,0.296308,0.000000,0.000000,0.000000,0.000000,0.000000,0.000000,0.000000,0.000000,0.000000,0.000000,0.000000,0.000000,0.000000,0.000000,0.000000,0.000000,0.000000,0.000000,0.000000,0.000000,0.000000,0.000000,0.000000,0.000000,0.000000,0.000000,0.000000,0.000000,0.000000,0.000000,0.000000,0.000000,0.000000,0.000000,0.000000,0.000000,0.000000,0.000000,0.000000,0.000000,0.000000,0.000000
F,Right,legacy_bisindo_2hand_F_323,0.000000,0.000000,-0.366042,-0.301365,-0.804387,-0.361502,-1.193163,-0.226993,-1.496799,-0.073542,-0.996843,-0.560391,-1.574378,-0.732392,-1.916430,-0.783543,-2.201489,-0.809785,-0.886710,-0.462327,-1.577067,-0.323045,-1.981847,-0.212365,-2.274930,-0.126958,-0.761301,-0.262380,-1.283050,0.139373,-1.231059,0.246552,-1.098458,0.221161,-0.661555,-0.022742,-1.035716,0.263437,-0.946837,0.291759,-0.788193,0.206554,0.000000,0.000000,0.000000,0.000000,0.000000,0.000000,0.000000,0.000000,0.000000,0.000000,0.000000,0.000000,0.000000,0.000000,0.000000,0.000000,0.000000,0.000000,0.000000,0.000000,0.000000,0.000000,0.000000,0.000000,0.000000,0.000000,0.000000,0.000000,0.000000,0.000000,0.000000,0.000000,0.000000,0.000000,0.000000,0.000000,0.000000,0.000000,0.000000,0.000000,0.000000,0.000000
F,Right,legacy_bisindo_2hand_F_324,0.000000,0.000000,0.486741,-0.206102,0.926889,-0.113900,1.235647,0.073110,1.407101,0.235103,1.064240,-0.443268,1.589868,-0.541191,1.930456,-0.602594,2.218320,-0.643671,0.950240,-0.311519,1.561965,-0.147332,1.972125,-0.020660,2.273089,0.065736,0.788101,-0.111786,1.207529,0.348698,1.054167,0.337067,0.911002,0.243914,0.627746,0.141101,0.957622,0.455144,0.825082,0.418025,0.715737,0.308151,0.000000,0.000000,0.000000,0.000000,0.000000,0.000000,0.000000,0.000000,0.000000,0.000000,0.000000,0.000000,0.000000,0.000000,0.000000,0.000000,0.000000,0.000000,0.000000,0.000000,0.000000,0.000000,0.000000,0.000000,0.000000,0.000000,0.000000,0.000000,0.000000,0.000000,0.000000,0.000000,0.000000,0.000000,0.000000,0.000000,0.000000,0.000000,0.000000,0.000000,0.000000,0.000000
F,Right,legacy_bisindo_2hand_F_325,0.000000,0.000000,0.262432,-0.463487,0.685579,-0.632787,1.055540,-0.637236,1.270199,-0.575913,0.621489,-0.989209,0.996006,-1.395407,1.235518,-1.651381,1.442534,-1.851254,0.592331,-0.805695,1.187800,-1.001532,1.592878,-1.120099,1.884958,-1.216174,0.570779,-0.535326,1.222897,-0.398563,1.120170,-0.300424,0.965392,-0.289623,0.591039,-0.221209,1.088682,-0.165558,0.971627,-0.127456,0.812148,-0.163130,0.000000,0.000000,0.000000,0.000000,0.000000,0.000000,0.000000,0.000000,0.000000,0.000000,0.000000,0.000000,0.000000,0.000000,0.000000,0.000000,0.000000,0.000000,0.000000,0.000000,0.000000,0.000000,0.000000,0.000000,0.000000,0.000000,0.000000,0.000000,0.000000,0.000000,0.000000,0.000000,0.000000,0.000000,0.000000,0.000000,0.000000,0.000000,0.000000,0.000000,0.000000,0.000000
F,Right,legacy_bisindo_2hand_F_326,0.000000,0.000000,0.379820,-0.363493,0.822184,-0.413432,1.167093,-0.388925,1.413304,-0.332474,0.867302,-0.799923,1.366722,-1.069639,1.687401,-1.227188,1.959667,-1.345585,0.793184,-0.608983,1.432502,-0.611512,1.863816,-0.611279,2.169190,-0.635322,0.686139,-0.339377,1.286898,-0.036735,1.148373,0.045359,0.987817,0.020254,0.602795,-0.022808,1.085966,0.179395,0.964259,0.199902,0.802458,0.137103,0.000000,0.000000,-0.227414,0.008253,-0.423471,-0.150262,-0.360910,-0.388686,-0.187043,-0.636325,-0.578215,-0.835202,-0.789294,-1.337235,-0.794350,-1.566024,-0.771268,-1.755951,-0.339611,-0.940566,-0.210711,-1.004979,-0.138033,-0.610816,-0.138059,-0.455252,-0.105057,-0.921468,0.084939,-0.877580,0.061941,-0.503137,-0.029617,-0.401345,0.105148,-0.856643,0.227784,-0.771989,0.202750,-0.507597,0.117314,-0.442916
F,Right,legacy_bisindo_2hand_F_327,0.000000,0.000000,0.476439,-0.074390,0.910581,0.102119,1.170432,0.384691,1.277677,0.594741,1.117728,-0.154267,1.617255,-0.130508,1.929493,-0.085504,2.194358,-0.047250,0.997355,-0.072678,1.539274,0.222161,1.881459,0.443441,2.137452,0.603797,0.825271,0.066393,1.133333,0.612029,0.990868,0.606412,0.878872,0.501941,0.651015,0.259455,0.856182,0.642727,0.748831,0.591205,0.682751,0.473690,0.000000,0.000000,0.000000,0.000000,0.000000,0.000000,0.000000,0.000000,0.000000,0.000000,0.000000,0.000000,0.000000,0.000000,0.000000,0.000000,0.000000,0.000000,0.000000,0.000000,0.000000,0.000000,0.000000,0.000000,0.000000,0.000000,0.000000,0.000000,0.000000,0.000000,0.000000,0.000000,0.000000,0.000000,0.000000,0.000000,0.000000,0.000000,0.000000,0.000000,0.000000,0.000000
F,Right,legacy_bisindo_2hand_F_328,0.000000,0.000000,0.445949,-0.251866,0.907469,-0.194289,1.252290,-0.014682,1.448352,0.145801,1.020079,-0.546057,1.536312,-0.703921,1.881739,-0.772940,2.171801,-0.813953,0.911926,-0.410355,1.552985,-0.297584,1.977854,-0.191221,2.285592,-0.109482,0.751717,-0.185946,1.236074,0.215364,1.094623,0.254413,0.937780,0.188220,0.599188,0.087402,0.982381,0.376761,0.869288,0.363948,0.744662,0.253129,0.000000,0.000000,0.000000,0.000000,0.000000,0.000000,0.000000,0.000000,0.000000,0.000000,0.000000,0.000000,0.000000,0.000000,0.000000,0.000000,0.000000,0.000000,0.000000,0.000000,0.000000,0.000000,0.000000,0.000000,0.000000,0.000000,0.000000,0.000000,0.000000,0.000000,0.000000,0.000000,0.000000,0.000000,0.000000,0.000000,0.000000,0.000000,0.000000,0.000000,0.000000,0.000000
F,Right,legacy_bisindo_2hand_F_329,0.000000,0.000000,0.388868,-0.404352,0.846098,-0.440320,1.149450,-0.216528,1.282665,0.006558,1.043378,-0.199113,1.597803,-0.314002,1.926655,-0.394743,2.171006,-0.421460,0.987911,0.155023,1.657726,0.195398,2.074332,0.206291,2.374496,0.234489,0.886020,0.422087,1.313892,0.363560,1.208318,0.172820,1.052547,0.074394,0.754503,0.602586,1.099278,0.437277,1.070091,0.279324,0.975931,0.209658,0.000000,0.000000,0.000000,0.000000,0.000000,0.000000,0.000000,0.000000,0.000000,0.000000,0.000000,0.000000,0.000000,0.000000,0.000000,0.000000,0.000000,0.000000,0.000000,0.000000,0.000000,0.000000,0.000000,0.000000,0.000000,0.000000,0.000000,0.000000,0.000000,0.000000,0.000000,0.000000,0.000000,0.000000,0.000000,0.000000,0.000000,0.000000,0.000000,0.000000,0.000000,0.000000
F,Right,legacy_bisindo_2hand_F_330,0.000000,0.000000,0.462989,-0.276646,0.897575,-0.200208,1.165918,0.041433,1.258899,0.253766,1.018192,0.067930,1.579238,0.041628,1.887262,0.035357,2.120626,0.060805,0.936494,0.350685,1.555667,0.509562,1.905853,0.574177,2.166690,0.626690,0.848623,0.556483,1.294993,0.511790,1.240287,0.315339,1.121820,0.198792,0.751483,0.680338,1.102233,0.547129,1.097382,0.371726,1.013355,0.280124,0.000000,0.000000,0.000000,0.000000,0.000000,0.000000,0.000000,0.000000,0.000000,0.000000,0.000000,0.000000,0.000000,0.000000,0.000000,0.000000,0.000000,0.000000,0.000000,0.000000,0.000000,0.000000,0.000000,0.000000,0.000000,0.000000,0.000000,0.000000,0.000000,0.000000,0.000000,0.000000,0.000000,0.000000,0.000000,0.000000,0.000000,0.000000,0.000000,0.000000,0.000000,0.000000
F,Right,legacy_bisindo_2hand_F_331,0.000000,0.000000,0.509824,-0.181209,0.906030,-0.089879,1.077745,0.132934,1.084322,0.283097,1.001461,0.156282,1.421714,0.227202,1.603769,0.201890,1.724219,0.202134,0.911776,0.410688,1.404940,0.572931,1.738325,0.647563,1.997724,0.696923,0.750820,0.581531,1.203861,0.639484,1.404127,0.577763,1.518395,0.526517,0.547663,0.674946,0.842752,0.596192,0.971763,0.475624,1.037231,0.395943,0.000000,0.000000,-0.543146,-0.154115,-0.900131,-0.278301,-1.162245,-0.255425,-1.302160,-0.225528,-0.746571,-0.920633,-0.781236,-1.256262,-0.801319,-1.450447,-0.832026,-1.594196,-0.547034,-0.837110,-1.075555,-0.480921,-1.035702,-0.248686,-0.890661,-0.217003,-0.380874,-0.614668,-0.872511,-0.213592,-0.769790,-0.095024,-0.613055,-0.152517,-0.243604,-0.356677,-0.603871,-0.057194,-0.568827,0.006980,-0.461949,-0.073193
F,Right,legacy_bisindo_2hand_F_332,0.000000,0.000000,0.333144,-0.394177,0.770778,-0.411896,1.091031,-0.196025,1.243607,0.030733,1.008529,-0.322083,1.519047,-0.385624,1.811394,-0.448227,2.032585,-0.484161,0.998989,-0.044947,1.489571,0.144093,1.790323,0.258549,1.996060,0.374560,0.949464,0.190396,1.190159,0.209128,1.115135,0.098124,0.980908,0.031564,0.893564,0.371449,0.992827,0.245602,0.904032,0.141657,0.790943,0.108762,0.000000,0.000000,-0.252568,-0.289073,-0.355526,-0.592414,-0.383946,-0.779585,-0.273298,-0.872769,0.045382,-1.093130,0.187417,-1.547694,0.262241,-1.760540,0.336479,-1.905703,0.253741,-0.967272,-0.080812,-0.937743,-0.261857,-0.674153,-0.278926,-0.514702,0.357918,-0.761224,-0.062330,-0.659807,-0.188107,-0.448875,-0.155101,-0.353831,0.409632,-0.532315,0.058362,-0.445907,-0.079639,-0.318448,-0.070375,-0.267172
F,Right,legacy_bisindo_2hand_F_333,0.000000,0.000000,0.188020,-0.631154,0.661508,-0.938889,1.107946,-0.915439,1.338035,-0.923215,0.906813,-0.599822,1.487968,-0.865112,1.803252,-0.993050,2.045954,-1.068262,0.975799,-0.218669,1.522417,-0.152710,1.883287,-0.098970,2.143414,-0.027065,0.930703,0.044580,1.149084,-0.150293,0.997573,-0.261358,0.818621,-0.262970,0.835889,0.227914,0.973442,0.004798,0.866787,-0.095023,0.733515,-0.096781,0.000000,0.000000,-0.136180,-0.457302,-0.361782,-0.854007,-0.664994,-1.064355,-0.874266,-1.145024,-0.243815,-1.195608,-0.581662,-1.516783,-0.728329,-1.578243,-0.712408,-1.643771,-0.178809,-0.983884,-0.831117,-0.993472,-0.964320,-0.765221,-0.897564,-0.632903,-0.218000,-0.662695,-0.892885,-0.591985,-0.912021,-0.418027,-0.750852,-0.348098,-0.324951,-0.353958,-0.862312,-0.318668,-0.858972,-0.212970,-0.711260,-0.175323
F,Right,legacy_bisindo_2hand_F_334,0.000000,0.000000,0.336795,-0.460598,0.799526,-0.609576,1.076398,-0.440037,1.036469,-0.191262,1.022820,-0.320294,1.560766,-0.334145,1.873302,-0.334516,2.086822,-0.311659,0.998779,0.049394,1.516430,0.222025,1.837017,0.336696,2.058417,0.452965,0.911435,0.322613,1.132857,0.185836,1.010159,0.097641,0.842168,0.064234,0.784134,0.512011,0.937025,0.325298,0.834223,0.257265,0.688119,0.238578,0.000000,0.000000,-0.646652,-0.140170,-1.109073,-0.158519,-1.513004,0.106721,-1.847864,0.397006,-0.604053,-1.119870,-0.587739,-1.580776,-0.601472,-1.952332,-0.660432,-2.198155,-0.100502,-0.994937,-0.772439,-0.144294,-1.121679,0.376321,-1.373330,0.752948,0.267785,-0.592588,-0.438839,0.337782,-0.720874,0.742009,-0.946137,1.011123,0.424202,-0.131063,-0.040405,0.578144,-0.285582,0.856375,-0.486704,1.040333
F,Right,legacy_bisindo_2hand_F_335,0.000000,0.000000,0.393469,-0.331701,0.820373,-0.338229,1.082984,-0.176463,1.142679,-0.014038,1.007892,-0.210621,1.511401,-0.389155,1.754175,-0.512308,1.944548,-0.575237,0.995032,0.099559,1.494904,0.208004,1.775425,0.315265,2.014189,0.414405,0.919523,0.359333,1.158691,0.237432,1.017951,0.111489,0.881374,0.045159,0.810635,0.542494,0.898951,0.343500,0.815248,0.205782,0.717126,0.132122,0.000000,0.000000,-0.230366,-0.281047,-0.433924,-0.634547,-0.526358,-0.738305,-0.465834,-0.587214,0.080420,-1.089743,0.207000,-1.574715,0.282017,-1.822017,0.359405,-1.988768,0.376948,-0.926234,-0.051144,-0.740909,-0.332219,-0.384283,-0.464756,-0.147763,0.533517,-0.632421,-0.025210,-0.333080,-0.268359,-0.107986,-0.370643,0.031430,0.629652,-0.300053,0.261300,-0.124584,0.023346,0.019855,-0.110369,0.104716
F,Right,legacy_bisindo_2hand_F_336,0.000000,0.000000,0.130913,-0.581396,0.475137,-0.887744,0.803709,-0.813959,0.935251,-0.629136,0.887256,-0.595166,1.312944,-0.832094,1.542281,-0.958338,1.730703,-1.043109,0.965764,-0.259421,1.406395,-0.265470,1.675054,-0.267808,1.891857,-0.253580,0.939182,-0.022919,1.110663,-0.192579,0.970233,-0.312736,0.834914,-0.335115,0.869732,0.141490,0.951325,-0.046844,0.841667,-0.136592,0.717030,-0.139737,0.000000,0.000000,-0.211135,-0.447129,-0.538117,-0.846533,-0.867407,-1.059414,-1.074343,-1.206860,-0.433054,-1.180059,-0.689264,-1.579243,-0.766617,-1.599589,-0.732624,-1.614959,-0.376579,-0.926384,-1.097525,-0.975866,-1.104311,-0.711486,-0.912780,-0.618829,-0.378630,-0.553649,-1.096669,-0.502773,-1.018514,-0.306509,-0.785054,-0.279411,-0.410273,-0.176743,-0.971890,-0.105182,-0.872468,-0.006403,-0.643093,-0.032437
F,Right,legacy_bisindo_2hand_F_337,0.000000,0.000000,-0.247716,-0.145203,-0.425031,-0.383341,-0.324996,-0.540803,-0.095444,-0.619627,-0.193205,-1.016079,-0.214191,-1.437659,-0.186710,-1.680632,-0.150846,-1.851999,0.085747,-0.996317,0.074835,-0.907967,-0.054602,-0.617383,-0.118783,-0.523587,0.298653,-0.864471,0.216073,-0.641649,0.050468,-0.428797,0.002640,-0.429170,0.468196,-0.669883,0.355744,-0.464565,0.195652,-0.318777,0.138103,-0.341878,0.000000,0.000000,0.396376,-0.231804,0.771258,-0.190479,1.024568,0.048577,1.140797,0.280363,0.974219,-0.421320,1.414946,-0.456120,1.669757,-0.496251,1.892741,-0.533155,0.965776,-0.259376,1.459717,-0.114619,1.771803,-0.020158,2.012347,0.040224,0.891745,-0.042653,1.111546,0.346033,0.991728,0.375922,0.884531,0.309885,0.790157,0.187117,0.892008,0.469559,0.800484,0.468039,0.731962,0.400742
F,Right,legacy_bisindo_2hand_F_338,0.000000,0.000000,0.397447,-0.230308,0.773487,-0.193311,1.050188,-0.017321,1.188751,0.174094,0.983406,-0.370135,1.445129,-0.303405,1.736615,-0.293472,1.965784,-0.291541,0.984038,-0.177959,1.454544,0.088200,1.752602,0.260165,1.963834,0.377837,0.907100,0.052764,1.074233,0.400880,0.961545,0.408859,0.848913,0.337725,0.794928,0.266949,0.878078,0.472527,0.785449,0.451167,0.699244,0.377850,0.000000,0.000000,0.000000,0.000000,0.000000,0.000000,0.000000,0.000000,0.000000,0.000000,0.000000,0.000000,0.000000,0.000000,0.000000,0.000000,0.000000,0.000000,0.000000,0.000000,0.000000,0.000000,0.000000,0.000000,0.000000,0.000000,0.000000,0.000000,0.000000,0.000000,0.000000,0.000000,0.000000,0.000000,0.000000,0.000000,0.000000,0.000000,0.000000,0.000000,0.000000,0.000000
F,Right,legacy_bisindo_2hand_F_339,0.000000,0.000000,0.320411,-0.328521,0.720959,-0.364600,1.028063,-0.177503,1.200385,0.018740,0.860368,-0.621156,1.336822,-0.679164,1.626468,-0.736986,1.865249,-0.790815,0.910484,-0.413544,1.447173,-0.286709,1.782606,-0.201492,2.033373,-0.136053,0.886750,-0.158654,1.137593,0.130834,0.990539,0.141607,0.849968,0.082724,0.821367,0.094625,0.938442,0.253037,0.820439,0.244876,0.714600,0.191109,0.000000,0.000000,-0.215189,-0.244486,-0.350718,-0.579302,-0.207679,-0.853357,0.062817,-0.981217,-0.220955,-1.064974,-0.241555,-1.441942,-0.215149,-1.621619,-0.148829,-1.789403,0.036171,-0.999346,0.063643,-1.198836,0.014560,-0.892194,0.023042,-0.815128,0.280053,-0.884060,0.311585,-1.011166,0.186423,-0.677232,0.149282,-0.588501,0.499063,-0.743821,0.526885,-0.832843,0.410172,-0.621903,0.353470,-0.558274
