label,handedness,timestamp,x0,y0,x1,y1,x2,y2,x3,y3,x4,y4,x5,y5,x6,y6,x7,y7,x8,y8,x9,y9,x10,y10,x11,y11,x12,y12,x13,y13,x14,y14,x15,y15,x16,y16,x17,y17,x18,y18,x19,y19,x20,y20
T,Right,legacy_bisindo_T_0,0.000000,0.000000,0.311111,0.088889,0.577778,0.311111,0.622222,0.555556,0.511111,0.755556,0.466667,0.755556,0.488889,0.955556,0.488889,0.911111,0.555556,0.822222,0.222222,0.822222,0.222222,1.000000,0.200000,0.711111,0.177778,0.466667,-0.044444,0.800000,-0.044444,0.933333,-0.044444,0.644444,-0.044444,0.400000,-0.288889,0.711111,-0.288889,0.844444,-0.266667,0.622222,-0.222222,0.422222
T,Right,legacy_bisindo_T_1,0.000000,0.000000,0.272727,-0.054545,0.490909,-0.272727,0.636364,-0.509091,0.709091,-0.690909,0.345455,-0.563636,0.327273,-0.745455,0.272727,-0.890909,0.218182,-1.000000,0.145455,-0.600000,0.127273,-0.781818,0.109091,-0.545455,0.109091,-0.327273,-0.072727,-0.581818,-0.072727,-0.745455,-0.072727,-0.490909,-0.072727,-0.290909,-0.272727,-0.509091,-0.254545,-0.654545,-0.236364,-0.454545,-0.218182,-0.290909
T,Right,legacy_bisindo_T_2,0.000000,0.000000,0.275862,-0.103448,0.482759,-0.327586,0.586207,-0.568966,0.637931,-0.758621,0.293103,-0.637931,0.258621,-0.810345,0.189655,-0.931034,0.103448,-1.000000,0.103448,-0.655172,0.068966,-0.793103,0.068966,-0.551724,0.086207,-0.362069,-0.086207,-0.620690,-0.137931,-0.741379,-0.103448,-0.500000,-0.068966,-0.310345,-0.275862,-0.551724,-0.293103,-0.672414,-0.258621,-0.482759,-0.224138,-0.327586
T,Right,legacy_bisindo_T_3,0.000000,0.000000,0.320755,-0.113208,0.566038,-0.339623,0.660377,-0.622642,0.698113,-0.849057,0.301887,-0.698113,0.283019,-0.924528,0.207547,-1.000000,0.150943,-0.962264,0.094340,-0.698113,0.075472,-0.867925,0.075472,-0.622642,0.094340,-0.396226,-0.094340,-0.660377,-0.113208,-0.811321,-0.094340,-0.566038,-0.056604,-0.339623,-0.283019,-0.584906,-0.301887,-0.716981,-0.245283,-0.528302,-0.207547,-0.339623
T,Right,legacy_bisindo_T_4,0.000000,0.000000,0.309091,0.109091,0.563636,0.363636,0.636364,0.618182,0.672727,0.836364,0.290909,0.709091,0.218182,0.927273,0.163636,1.000000,0.127273,1.000000,0.090909,0.690909,0.036364,0.854545,0.036364,0.618182,0.054545,0.381818,-0.109091,0.636364,-0.145455,0.781818,-0.127273,0.545455,-0.072727,0.327273,-0.290909,0.563636,-0.309091,0.709091,-0.254545,0.545455,-0.218182,0.381818
T,Right,legacy_bisindo_T_5,0.000000,0.000000,0.320755,-0.094340,0.584906,-0.358491,0.660377,-0.603774,0.716981,-0.830189,0.320755,-0.679245,0.283019,-0.905660,0.207547,-1.000000,0.132075,-1.000000,0.113208,-0.679245,0.094340,-0.849057,0.113208,-0.584906,0.113208,-0.377358,-0.094340,-0.622642,-0.113208,-0.811321,-0.094340,-0.547170,-0.075472,-0.339623,-0.301887,-0.547170,-0.301887,-0.698113,-0.245283,-0.509434,-0.207547,-0.339623
T,Right,legacy_bisindo_T_6,0.000000,0.000000,0.301887,0.113208,0.547170,0.358491,0.641509,0.622642,0.679245,0.849057,0.339623,0.660377,0.301887,0.905660,0.245283,0.981132,0.188679,1.000000,0.113208,0.660377,0.113208,0.849057,0.094340,0.603774,0.094340,0.377358,-0.094340,0.622642,-0.113208,0.792453,-0.094340,0.528302,-0.075472,0.320755,-0.301887,0.547170,-0.283019,0.698113,-0.245283,0.509434,-0.226415,0.339623
T,Right,legacy_bisindo_T_7,0.000000,0.000000,0.290909,0.127273,0.545455,0.363636,0.654545,0.563636,0.709091,0.745455,0.345455,0.727273,0.290909,0.945455,0.236364,1.000000,0.218182,0.963636,0.127273,0.709091,0.090909,0.890909,0.109091,0.636364,0.109091,0.418182,-0.072727,0.672727,-0.090909,0.818182,-0.072727,0.563636,-0.018182,0.363636,-0.272727,0.581818,-0.272727,0.709091,-0.218182,0.527273,-0.181818,0.381818
T,Right,legacy_bisindo_T_8,0.000000,0.000000,0.320755,-0.094340,0.584906,-0.358491,0.679245,-0.622642,0.735849,-0.849057,0.320755,-0.679245,0.283019,-0.924528,0.226415,-1.000000,0.169811,-0.981132,0.113208,-0.679245,0.113208,-0.867925,0.113208,-0.622642,0.113208,-0.396226,-0.094340,-0.622642,-0.094340,-0.811321,-0.075472,-0.566038,-0.056604,-0.358491,-0.283019,-0.547170,-0.283019,-0.698113,-0.226415,-0.509434,-0.188679,-0.339623
T,Right,legacy_bisindo_T_9,0.000000,0.000000,0.298246,0.105263,0.543860,0.350877,0.614035,0.596491,0.666667,0.807018,0.315789,0.649123,0.263158,0.877193,0.210526,0.947368,0.157895,1.000000,0.105263,0.631579,0.070175,0.824561,0.070175,0.596491,0.070175,0.403509,-0.087719,0.596491,-0.105263,0.754386,-0.087719,0.526316,-0.070175,0.333333,-0.280702,0.508772,-0.280702,0.666667,-0.228070,0.508772,-0.192982,0.350877
T,Right,legacy_bisindo_T_10,0.000000,0.000000,0.333333,-0.111111,0.611111,-0.370370,0.703704,-0.611111,0.759259,-0.833333,0.333333,-0.703704,0.314815,-0.962963,0.277778,-1.000000,0.222222,-0.962963,0.129630,-0.703704,0.129630,-0.870370,0.129630,-0.629630,0.129630,-0.407407,-0.055556,-0.648148,-0.074074,-0.814815,-0.037037,-0.574074,-0.018519,-0.370370,-0.240741,-0.574074,-0.259259,-0.722222,-0.203704,-0.555556,-0.166667,-0.388889
T,Right,legacy_bisindo_T_11,0.000000,0.000000,0.314815,0.111111,0.574074,0.351852,0.666667,0.611111,0.722222,0.833333,0.314815,0.703704,0.259259,0.981481,0.222222,1.000000,0.203704,0.925926,0.092593,0.685185,0.092593,0.870370,0.092593,0.611111,0.092593,0.388889,-0.092593,0.629630,-0.111111,0.796296,-0.092593,0.555556,-0.055556,0.351852,-0.296296,0.555556,-0.277778,0.703704,-0.240741,0.537037,-0.203704,0.388889
T,Right,legacy_bisindo_T_12,0.000000,0.000000,0.320755,-0.094340,0.584906,-0.339623,0.679245,-0.603774,0.716981,-0.830189,0.301887,-0.679245,0.264151,-0.943396,0.207547,-1.000000,0.169811,-0.981132,0.094340,-0.679245,0.094340,-0.867925,0.094340,-0.603774,0.094340,-0.377358,-0.113208,-0.622642,-0.113208,-0.811321,-0.094340,-0.566038,-0.075472,-0.339623,-0.301887,-0.547170,-0.301887,-0.698113,-0.264151,-0.528302,-0.226415,-0.358491
T,Right,legacy_bisindo_T_13,0.000000,0.000000,0.293103,0.120690,0.534483,0.362069,0.620690,0.603448,0.672414,0.810345,0.275862,0.655172,0.241379,0.862069,0.206897,0.948276,0.172414,1.000000,0.086207,0.655172,0.086207,0.827586,0.086207,0.603448,0.086207,0.396552,-0.103448,0.603448,-0.103448,0.758621,-0.068966,0.534483,-0.051724,0.344828,-0.293103,0.534483,-0.258621,0.689655,-0.224138,0.534483,-0.189655,0.396552
T,Right,legacy_bisindo_T_14,0.000000,0.000000,0.314815,-0.129630,0.574074,-0.388889,0.666667,-0.629630,0.722222,-0.870370,0.277778,-0.740741,0.240741,-1.000000,0.222222,-1.000000,0.203704,-0.907407,0.092593,-0.722222,0.074074,-0.907407,0.092593,-0.648148,0.092593,-0.425926,-0.111111,-0.666667,-0.111111,-0.833333,-0.092593,-0.574074,-0.055556,-0.370370,-0.296296,-0.574074,-0.296296,-0.722222,-0.240741,-0.555556,-0.222222,-0.388889
T,Right,legacy_bisindo_T_15,0.000000,0.000000,0.303571,0.142857,0.553571,0.375000,0.642857,0.625000,0.696429,0.839286,0.285714,0.714286,0.250000,0.982143,0.250000,1.000000,0.250000,0.910714,0.071429,0.696429,0.071429,0.892857,0.089286,0.642857,0.089286,0.428571,-0.125000,0.642857,-0.125000,0.821429,-0.089286,0.589286,-0.053571,0.392857,-0.303571,0.571429,-0.303571,0.732143,-0.250000,0.571429,-0.214286,0.410714
T,Right,legacy_bisindo_T_16,0.000000,0.000000,0.309091,-0.127273,0.563636,-0.400000,0.654545,-0.654545,0.709091,-0.872727,0.290909,-0.709091,0.254545,-0.945455,0.218182,-1.000000,0.200000,-0.981818,0.090909,-0.709091,0.090909,-0.890909,0.109091,-0.654545,0.109091,-0.418182,-0.109091,-0.654545,-0.090909,-0.836364,-0.072727,-0.581818,-0.054545,-0.381818,-0.290909,-0.563636,-0.290909,-0.727273,-0.236364,-0.581818,-0.218182,-0.418182
T,Right,legacy_bisindo_T_17,0.000000,0.000000,0.298246,0.140351,0.543860,0.403509,0.614035,0.649123,0.666667,0.859649,0.263158,0.684211,0.245614,0.912281,0.228070,0.982456,0.210526,1.000000,0.070175,0.684211,0.070175,0.894737,0.087719,0.649123,0.087719,0.438596,-0.122807,0.649123,-0.105263,0.824561,-0.070175,0.596491,-0.052632,0.385965,-0.315789,0.561404,-0.298246,0.736842,-0.228070,0.596491,-0.192982,0.438596
T,Right,legacy_bisindo_T_18,0.000000,0.000000,0.320755,-0.113208,0.584906,-0.377358,0.679245,-0.622642,0.735849,-0.849057,0.301887,-0.716981,0.283019,-0.943396,0.226415,-1.000000,0.188679,-1.000000,0.094340,-0.716981,0.094340,-0.886792,0.094340,-0.641509,0.094340,-0.396226,-0.113208,-0.660377,-0.113208,-0.849057,-0.075472,-0.584906,-0.075472,-0.358491,-0.301887,-0.566038,-0.301887,-0.735849,-0.245283,-0.547170,-0.226415,-0.377358
T,Right,legacy_bisindo_T_19,0.000000,0.000000,0.326923,-0.153846,0.615385,-0.403846,0.711538,-0.673077,0.750000,-0.923077,0.307692,-0.788462,0.326923,-1.000000,0.346154,-0.788462,0.365385,-0.519231,0.096154,-0.788462,0.115385,-0.980769,0.134615,-0.692308,0.153846,-0.442308,-0.115385,-0.730769,-0.096154,-0.903846,-0.057692,-0.634615,-0.038462,-0.403846,-0.307692,-0.615385,-0.288462,-0.788462,-0.211538,-0.576923,-0.192308,-0.403846
T,Right,legacy_bisindo_T_20,0.000000,0.000000,0.333333,0.129630,0.592593,0.370370,0.685185,0.629630,0.740741,0.870370,0.333333,0.740741,0.351852,1.000000,0.370370,0.833333,0.351852,0.648148,0.129630,0.722222,0.148148,0.944444,0.166667,0.666667,0.148148,0.425926,-0.074074,0.666667,-0.055556,0.851852,-0.037037,0.574074,-0.018519,0.370370,-0.277778,0.592593,-0.240741,0.759259,-0.185185,0.574074,-0.166667,0.407407
T,Right,legacy_bisindo_T_21,0.000000,0.000000,0.303571,-0.089286,0.553571,-0.339286,0.642857,-0.589286,0.696429,-0.803571,0.267857,-0.714286,0.232143,-1.000000,0.232143,-0.964286,0.250000,-0.821429,0.071429,-0.696429,0.089286,-0.875000,0.107143,-0.607143,0.107143,-0.375000,-0.107143,-0.642857,-0.107143,-0.803571,-0.071429,-0.535714,-0.053571,-0.339286,-0.285714,-0.553571,-0.267857,-0.696429,-0.232143,-0.500000,-0.196429,-0.339286
T,Right,legacy_bisindo_T_22,0.000000,0.000000,0.303571,0.107143,0.553571,0.321429,0.642857,0.571429,0.696429,0.803571,0.285714,0.696429,0.250000,1.000000,0.267857,0.910714,0.285714,0.750000,0.089286,0.660714,0.107143,0.875000,0.107143,0.607143,0.107143,0.375000,-0.107143,0.607143,-0.071429,0.803571,-0.053571,0.535714,-0.053571,0.339286,-0.303571,0.535714,-0.250000,0.696429,-0.214286,0.517857,-0.178571,0.357143
T,Right,legacy_bisindo_T_23,0.000000,0.000000,0.333333,-0.098039,0.627451,-0.372549,0.705882,-0.627451,0.764706,-0.862745,0.313725,-0.705882,0.294118,-1.000000,0.254902,-1.000000,0.235294,-0.882353,0.098039,-0.705882,0.098039,-0.901961,0.098039,-0.627451,0.117647,-0.392157,-0.098039,-0.647059,-0.098039,-0.843137,-0.078431,-0.568627,-0.058824,-0.352941,-0.313725,-0.549020,-0.313725,-0.725490,-0.254902,-0.549020,-0.215686,-0.372549
T,Right,legacy_bisindo_T_24,0.000000,0.000000,0.309091,0.127273,0.563636,0.345455,0.654545,0.600000,0.709091,0.818182,0.290909,0.709091,0.272727,1.000000,0.272727,0.963636,0.272727,0.872727,0.090909,0.690909,0.090909,0.890909,0.109091,0.636364,0.109091,0.400000,-0.109091,0.636364,-0.109091,0.818182,-0.072727,0.563636,-0.054545,0.345455,-0.309091,0.545455,-0.290909,0.727273,-0.236364,0.563636,-0.200000,0.381818
T,Right,legacy_bisindo_T_25,0.000000,0.000000,0.298246,-0.105263,0.561404,-0.333333,0.649123,-0.596491,0.701754,-0.807018,0.298246,-0.666667,0.263158,-0.947368,0.228070,-1.000000,0.228070,-0.982456,0.087719,-0.666667,0.105263,-0.859649,0.105263,-0.614035,0.105263,-0.403509,-0.087719,-0.631579,-0.087719,-0.789474,-0.070175,-0.543860,-0.035088,-0.333333,-0.280702,-0.543860,-0.263158,-0.701754,-0.210526,-0.508772,-0.175439,-0.333333
T,Right,legacy_bisindo_T_26,0.000000,0.000000,0.303571,0.125000,0.553571,0.357143,0.660714,0.625000,0.714286,0.839286,0.285714,0.696429,0.267857,1.000000,0.267857,1.000000,0.250000,0.910714,0.089286,0.678571,0.089286,0.892857,0.107143,0.625000,0.107143,0.392857,-0.125000,0.625000,-0.107143,0.803571,-0.071429,0.553571,-0.035714,0.339286,-0.321429,0.553571,-0.285714,0.714286,-0.232143,0.535714,-0.196429,0.357143
T,Right,legacy_bisindo_T_27,0.000000,0.000000,0.271186,-0.067797,0.525424,-0.305085,0.610169,-0.542373,0.661017,-0.745763,0.288136,-0.610169,0.271186,-0.830508,0.237288,-0.932203,0.203390,-1.000000,0.101695,-0.610169,0.101695,-0.779661,0.101695,-0.559322,0.101695,-0.355932,-0.084746,-0.576271,-0.067797,-0.762712,-0.067797,-0.525424,-0.050847,-0.322034,-0.271186,-0.508475,-0.254237,-0.661017,-0.203390,-0.491525,-0.186441,-0.338983
T,Right,legacy_bisindo_T_28,0.000000,0.000000,0.300000,0.133333,0.533333,0.333333,0.616667,0.566667,0.666667,0.766667,0.300000,0.633333,0.283333,0.850000,0.266667,0.950000,0.233333,1.000000,0.116667,0.633333,0.116667,0.800000,0.116667,0.583333,0.116667,0.383333,-0.066667,0.583333,-0.050000,0.750000,-0.033333,0.533333,-0.016667,0.333333,-0.250000,0.516667,-0.233333,0.683333,-0.183333,0.516667,-0.150000,0.366667
T,Right,legacy_bisindo_T_29,0.000000,0.000000,0.285714,-0.107143,0.535714,-0.357143,0.607143,-0.589286,0.678571,-0.803571,0.303571,-0.678571,0.267857,-0.892857,0.214286,-0.982143,0.178571,-1.000000,0.089286,-0.678571,0.125000,-0.875000,0.107143,-0.625000,0.107143,-0.392857,-0.107143,-0.642857,-0.089286,-0.821429,-0.071429,-0.553571,-0.053571,-0.357143,-0.303571,-0.553571,-0.285714,-0.714286,-0.232143,-0.535714,-0.214286,-0.375000
T,Right,legacy_bisindo_T_30,0.000000,0.000000,0.293103,-0.086207,0.568966,-0.327586,0.672414,-0.568966,0.724138,-0.775862,0.327586,-0.637931,0.310345,-0.879310,0.275862,-0.982759,0.241379,-1.000000,0.137931,-0.655172,0.155172,-0.827586,0.137931,-0.603448,0.137931,-0.396552,-0.051724,-0.603448,-0.034483,-0.775862,-0.034483,-0.534483,-0.017241,-0.344828,-0.241379,-0.534483,-0.224138,-0.689655,-0.189655,-0.517241,-0.155172,-0.362069
T,Right,legacy_bisindo_T_31,0.000000,0.000000,0.305085,0.101695,0.542373,0.338983,0.627119,0.593220,0.677966,0.796610,0.305085,0.627119,0.271186,0.881356,0.271186,0.966102,0.254237,1.000000,0.118644,0.627119,0.135593,0.813559,0.135593,0.593220,0.118644,0.389831,-0.084746,0.593220,-0.050847,0.762712,-0.033898,0.542373,-0.016949,0.338983,-0.271186,0.525424,-0.237288,0.694915,-0.186441,0.525424,-0.169492,0.372881
T,Right,legacy_bisindo_T_32,0.000000,0.000000,0.275862,-0.086207,0.517241,-0.310345,0.603448,-0.534483,0.672414,-0.724138,0.293103,-0.620690,0.275862,-0.827586,0.241379,-0.948276,0.189655,-1.000000,0.103448,-0.637931,0.103448,-0.810345,0.120690,-0.586207,0.103448,-0.379310,-0.103448,-0.603448,-0.086207,-0.775862,-0.068966,-0.534483,-0.068966,-0.327586,-0.275862,-0.534483,-0.275862,-0.689655,-0.224138,-0.517241,-0.206897,-0.362069
T,Right,legacy_bisindo_T_33,0.000000,0.000000,0.266667,0.083333,0.500000,0.316667,0.600000,0.533333,0.650000,0.716667,0.300000,0.616667,0.283333,0.833333,0.266667,0.933333,0.233333,1.000000,0.100000,0.616667,0.100000,0.800000,0.100000,0.566667,0.100000,0.383333,-0.100000,0.583333,-0.083333,0.750000,-0.066667,0.516667,-0.050000,0.316667,-0.283333,0.533333,-0.250000,0.683333,-0.216667,0.516667,-0.200000,0.366667
T,Right,legacy_bisindo_T_34,0.000000,0.000000,0.298246,-0.087719,0.561404,-0.350877,0.666667,-0.578947,0.736842,-0.771930,0.333333,-0.666667,0.280702,-0.894737,0.228070,-0.982456,0.192982,-1.000000,0.122807,-0.666667,0.140351,-0.842105,0.122807,-0.614035,0.122807,-0.385965,-0.070175,-0.631579,-0.070175,-0.789474,-0.052632,-0.543860,-0.035088,-0.350877,-0.245614,-0.561404,-0.245614,-0.701754,-0.210526,-0.526316,-0.175439,-0.368421
T,Right,legacy_bisindo_T_35,0.000000,0.000000,0.275862,0.103448,0.534483,0.327586,0.655172,0.551724,0.706897,0.741379,0.310345,0.689655,0.275862,1.000000,0.293103,0.982759,0.310345,0.879310,0.120690,0.672414,0.120690,0.862069,0.120690,0.603448,0.120690,0.396552,-0.068966,0.637931,-0.068966,0.793103,-0.034483,0.551724,-0.017241,0.362069,-0.275862,0.551724,-0.241379,0.706897,-0.189655,0.534483,-0.155172,0.379310
T,Right,legacy_bisindo_T_36,0.000000,0.000000,0.370968,-0.129032,0.709677,-0.370968,0.854839,-0.629032,0.870968,-0.854839,0.403226,-0.838710,0.467742,-0.983871,0.451613,-0.725806,0.435484,-0.500000,0.161290,-0.870968,0.209677,-1.000000,0.193548,-0.661290,0.193548,-0.419355,-0.080645,-0.854839,-0.048387,-0.951613,-0.032258,-0.612903,-0.016129,-0.387097,-0.322581,-0.774194,-0.290323,-0.870968,-0.225806,-0.612903,-0.193548,-0.435484
T,Right,legacy_bisindo_T_37,0.000000,0.000000,0.323077,0.123077,0.646154,0.323077,0.784615,0.569231,0.769231,0.784615,0.384615,0.815385,0.430769,1.000000,0.430769,0.769231,0.430769,0.507692,0.138462,0.830769,0.215385,0.984615,0.200000,0.646154,0.169231,0.384615,-0.092308,0.815385,-0.030769,0.923077,-0.015385,0.600000,-0.015385,0.369231,-0.338462,0.723077,-0.276923,0.846154,-0.215385,0.600000,-0.184615,0.430769
T,Right,legacy_bisindo_T_38,0.000000,0.000000,0.255319,-0.138298,0.489362,-0.404255,0.563830,-0.638298,0.585106,-0.851064,0.106383,-0.670213,0.085106,-0.851064,0.148936,-0.946809,0.244681,-1.000000,-0.063830,-0.648936,0.000000,-0.872340,0.085106,-0.648936,0.138298,-0.425532,-0.223404,-0.595745,-0.159574,-0.797872,-0.063830,-0.542553,-0.010638,-0.329787,-0.414894,-0.500000,-0.340426,-0.712766,-0.234043,-0.542553,-0.170213,-0.361702
T,Right,legacy_bisindo_T_39,0.000000,0.000000,0.191304,-0.113043,0.330435,-0.304348,0.417391,-0.495652,0.478261,-0.660870,0.130435,-0.356522,0.147826,-0.565217,0.173913,-0.739130,0.200000,-0.878261,-0.034783,-0.408696,-0.034783,-0.617391,0.000000,-0.808696,0.034783,-0.965217,-0.182609,-0.443478,-0.173913,-0.660870,-0.130435,-0.852174,-0.086957,-1.000000,-0.304348,-0.478261,-0.304348,-0.678261,-0.269565,-0.843478,-0.234783,-0.982609
T,Right,legacy_bisindo_T_40,0.000000,0.000000,0.244898,-0.132653,0.448980,-0.397959,0.520408,-0.622449,0.551020,-0.816327,0.091837,-0.632653,0.081633,-0.806122,0.142857,-0.918367,0.234694,-1.000000,-0.051020,-0.622449,0.000000,-0.846939,0.081633,-0.632653,0.122449,-0.428571,-0.204082,-0.581633,-0.163265,-0.775510,-0.071429,-0.540816,-0.030612,-0.336735,-0.377551,-0.500000,-0.326531,-0.693878,-0.214286,-0.540816,-0.163265,-0.367347
T,Right,legacy_bisindo_T_41,0.000000,0.000000,0.168142,-0.150442,0.300885,-0.336283,0.380531,-0.522124,0.433628,-0.654867,0.132743,-0.336283,0.132743,-0.522124,0.168142,-0.707965,0.203540,-0.858407,-0.035398,-0.362832,-0.026549,-0.557522,0.008850,-0.787611,0.053097,-0.973451,-0.185841,-0.389381,-0.176991,-0.610619,-0.132743,-0.823009,-0.079646,-1.000000,-0.300885,-0.415929,-0.300885,-0.628319,-0.265487,-0.814159,-0.238938,-0.973451
T,Right,legacy_bisindo_T_42,0.000000,0.000000,0.263158,-0.157895,0.484211,-0.400000,0.557895,-0.631579,0.589474,-0.842105,0.136842,-0.652632,0.126316,-0.821053,0.178947,-0.936842,0.263158,-1.000000,-0.010526,-0.652632,0.042105,-0.863158,0.115789,-0.652632,0.157895,-0.452632,-0.178947,-0.621053,-0.126316,-0.800000,-0.031579,-0.547368,0.000000,-0.347368,-0.368421,-0.547368,-0.294737,-0.736842,-0.200000,-0.568421,-0.147368,-0.400000
T,Right,legacy_bisindo_T_43,0.000000,0.000000,0.243902,-0.073171,0.451220,-0.268293,0.426829,-0.414634,0.292683,-0.536585,0.304878,-0.829268,0.378049,-1.000000,0.414634,-0.975610,0.414634,-0.939024,0.073171,-0.853659,0.182927,-0.963415,0.207317,-0.646341,0.170732,-0.524390,-0.146341,-0.804878,-0.060976,-0.890244,-0.012195,-0.597561,-0.048780,-0.500000,-0.378049,-0.682927,-0.256098,-0.719512,-0.195122,-0.524390,-0.231707,-0.451220
T,Right,legacy_bisindo_T_44,0.000000,0.000000,0.241379,0.103448,0.448276,0.321839,0.528736,0.505747,0.551724,0.678161,0.298851,0.804598,0.367816,0.954023,0.425287,0.977011,0.471264,1.000000,0.091954,0.839080,0.195402,0.908046,0.206897,0.609195,0.160920,0.459770,-0.114943,0.781609,-0.022989,0.839080,0.011494,0.563218,-0.034483,0.448276,-0.333333,0.678161,-0.229885,0.689655,-0.183908,0.505747,-0.206897,0.436782
T,Right,legacy_bisindo_T_45,0.000000,0.000000,0.263889,-0.069444,0.555556,-0.347222,0.694444,-0.597222,0.805556,-0.805556,0.277778,-0.722222,0.333333,-0.930556,0.430556,-0.986111,0.500000,-1.000000,0.055556,-0.750000,0.222222,-0.944444,0.236111,-0.666667,0.180556,-0.458333,-0.166667,-0.708333,-0.013889,-0.888889,0.013889,-0.597222,-0.041667,-0.416667,-0.416667,-0.597222,-0.277778,-0.763889,-0.194444,-0.541667,-0.208333,-0.388889
T,Right,legacy_bisindo_T_46,0.000000,0.000000,0.274194,0.096774,0.580645,0.370968,0.725806,0.612903,0.838710,0.758065,0.354839,0.790323,0.435484,0.951613,0.419355,0.725806,0.370968,0.532258,0.129032,0.822581,0.274194,1.000000,0.274194,0.693548,0.193548,0.467742,-0.129032,0.790323,0.016129,0.967742,0.032258,0.645161,-0.016129,0.451613,-0.387097,0.693548,-0.274194,0.806452,-0.209677,0.580645,-0.225806,0.419355
T,Right,legacy_bisindo_T_47,0.000000,0.000000,0.364706,-0.105882,0.647059,-0.305882,0.776471,-0.541176,0.811765,-0.741176,0.482353,-0.552941,0.494118,-0.776471,0.517647,-0.882353,0.529412,-1.000000,0.294118,-0.600000,0.329412,-0.823529,0.305882,-0.611765,0.270588,-0.435294,0.094118,-0.576471,0.141176,-0.800000,0.141176,-0.552941,0.129412,-0.376471,-0.105882,-0.517647,-0.047059,-0.682353,-0.011765,-0.529412,-0.011765,-0.388235
T,Right,legacy_bisindo_T_48,0.000000,0.000000,0.259259,-0.024691,0.580247,-0.222222,0.740741,-0.444444,0.851852,-0.641975,0.370370,-0.580247,0.432099,-0.777778,0.456790,-0.901235,0.456790,-1.000000,0.172840,-0.629630,0.259259,-0.839506,0.222222,-0.580247,0.185185,-0.395062,-0.037037,-0.617284,0.037037,-0.814815,0.037037,-0.555556,0.012346,-0.370370,-0.259259,-0.567901,-0.185185,-0.716049,-0.160494,-0.518519,-0.160494,-0.370370
T,Right,legacy_bisindo_T_49,0.000000,0.000000,0.233766,0.038961,0.532468,0.246753,0.714286,0.428571,0.844156,0.584416,0.402597,0.571429,0.467532,0.753247,0.493506,0.883117,0.506494,1.000000,0.194805,0.636364,0.298701,0.818182,0.233766,0.545455,0.155844,0.350649,-0.025974,0.623377,0.051948,0.779221,0.038961,0.506494,0.012987,0.324675,-0.259740,0.571429,-0.194805,0.675325,-0.155844,0.480519,-0.155844,0.337662
T,Right,legacy_bisindo_T_50,0.000000,0.000000,0.300000,-0.025000,0.612500,-0.225000,0.787500,-0.450000,0.912500,-0.650000,0.437500,-0.575000,0.500000,-0.762500,0.500000,-0.887500,0.475000,-1.000000,0.237500,-0.637500,0.312500,-0.825000,0.237500,-0.562500,0.200000,-0.362500,0.012500,-0.637500,0.062500,-0.825000,0.037500,-0.550000,0.025000,-0.362500,-0.212500,-0.587500,-0.162500,-0.737500,-0.150000,-0.537500,-0.150000,-0.387500
T,Right,legacy_bisindo_T_51,0.000000,0.000000,0.297297,-0.027027,0.635135,-0.229730,0.824324,-0.459459,0.945946,-0.648649,0.445946,-0.635135,0.486486,-0.837838,0.486486,-0.959459,0.486486,-1.000000,0.229730,-0.689189,0.310811,-0.905405,0.243243,-0.635135,0.202703,-0.418919,0.000000,-0.675676,0.054054,-0.878378,0.027027,-0.594595,0.000000,-0.418919,-0.256757,-0.621622,-0.202703,-0.770270,-0.175676,-0.540541,-0.162162,-0.405405
T,Right,legacy_bisindo_T_52,0.000000,0.000000,0.280000,0.040000,0.586667,0.253333,0.760000,0.453333,0.866667,0.640000,0.426667,0.613333,0.453333,0.800000,0.466667,0.906667,0.453333,1.000000,0.200000,0.666667,0.280000,0.893333,0.226667,0.600000,0.160000,0.400000,-0.040000,0.653333,0.026667,0.840000,0.013333,0.546667,-0.013333,0.373333,-0.280000,0.600000,-0.213333,0.746667,-0.173333,0.533333,-0.186667,0.400000
T,Right,legacy_bisindo_T_53,0.000000,0.000000,0.280000,-0.013333,0.613333,-0.200000,0.800000,-0.426667,0.933333,-0.613333,0.453333,-0.586667,0.493333,-0.773333,0.493333,-0.906667,0.493333,-1.000000,0.240000,-0.653333,0.320000,-0.866667,0.253333,-0.600000,0.213333,-0.400000,0.000000,-0.640000,0.066667,-0.853333,0.040000,-0.573333,0.013333,-0.386667,-0.240000,-0.600000,-0.186667,-0.733333,-0.160000,-0.506667,-0.160000,-0.373333
T,Right,legacy_bisindo_T_54,0.000000,0.000000,0.243243,0.013514,0.554054,0.229730,0.716216,0.445946,0.837838,0.608108,0.432432,0.581081,0.486486,0.770270,0.500000,0.891892,0.486486,1.000000,0.216216,0.635135,0.297297,0.837838,0.229730,0.554054,0.162162,0.364865,-0.027027,0.621622,0.027027,0.810811,0.013514,0.513514,-0.013514,0.337838,-0.270270,0.567568,-0.216216,0.689189,-0.189189,0.486486,-0.175676,0.351351
T,Right,legacy_bisindo_T_55,0.000000,0.000000,0.323944,-0.042254,0.676056,-0.239437,0.859155,-0.464789,0.971831,-0.690141,0.464789,-0.676056,0.507042,-0.915493,0.507042,-1.000000,0.478873,-0.985915,0.225352,-0.718310,0.309859,-0.943662,0.253521,-0.661972,0.211268,-0.464789,-0.014085,-0.690141,0.056338,-0.915493,0.042254,-0.619718,0.000000,-0.436620,-0.267606,-0.633803,-0.197183,-0.802817,-0.169014,-0.577465,-0.169014,-0.422535
T,Right,legacy_bisindo_T_56,0.000000,0.000000,0.298701,0.025974,0.610390,0.220779,0.792208,0.454545,0.909091,0.649351,0.441558,0.571429,0.467532,0.766234,0.480519,0.896104,0.454545,1.000000,0.233766,0.636364,0.298701,0.857143,0.233766,0.571429,0.155844,0.389610,0.000000,0.636364,0.051948,0.818182,0.025974,0.545455,0.000000,0.363636,-0.246753,0.584416,-0.194805,0.727273,-0.155844,0.519481,-0.155844,0.389610
T,Right,legacy_bisindo_T_57,0.000000,0.000000,0.273973,-0.054795,0.589041,-0.287671,0.780822,-0.506849,0.917808,-0.698630,0.410959,-0.657534,0.452055,-0.890411,0.465753,-0.986301,0.465753,-1.000000,0.205479,-0.712329,0.301370,-0.917808,0.246575,-0.630137,0.178082,-0.424658,-0.027397,-0.684932,0.054795,-0.904110,0.027397,-0.602740,-0.027397,-0.410959,-0.273973,-0.630137,-0.219178,-0.794521,-0.178082,-0.561644,-0.191781,-0.410959
T,Right,legacy_bisindo_T_58,0.000000,0.000000,0.173469,0.163265,0.306122,0.357143,0.367347,0.510204,0.377551,0.632653,0.306122,0.428571,0.306122,0.693878,0.255102,0.846939,0.204082,0.969388,0.193878,0.438776,0.163265,0.704082,0.122449,0.867347,0.081633,1.000000,0.051020,0.448980,0.020408,0.693878,-0.010204,0.867347,-0.030612,0.979592,-0.102041,0.448980,-0.142857,0.663265,-0.153061,0.806122,-0.173469,0.918367
T,Right,legacy_bisindo_T_59,0.000000,0.000000,0.278481,0.050633,0.582278,0.253165,0.759494,0.468354,0.873418,0.645570,0.430380,0.607595,0.468354,0.810127,0.493671,0.911392,0.493671,1.000000,0.215190,0.658228,0.303797,0.873418,0.253165,0.607595,0.177215,0.405063,0.000000,0.645570,0.063291,0.822785,0.037975,0.556962,0.012658,0.379747,-0.240506,0.582278,-0.164557,0.721519,-0.139241,0.531646,-0.139241,0.405063
T,Right,legacy_bisindo_T_60,0.000000,0.000000,0.232877,0.000000,0.465753,-0.178082,0.561644,-0.369863,0.602740,-0.506849,0.452055,-0.547945,0.506849,-0.739726,0.520548,-0.890411,0.506849,-1.000000,0.232877,-0.630137,0.287671,-0.808219,0.232877,-0.534247,0.178082,-0.342466,-0.013699,-0.630137,0.041096,-0.821918,0.013699,-0.547945,-0.027397,-0.342466,-0.260274,-0.561644,-0.219178,-0.698630,-0.191781,-0.493151,-0.205479,-0.328767
T,Right,legacy_bisindo_T_61,0.000000,0.000000,0.256757,0.000000,0.581081,-0.202703,0.770270,-0.391892,0.891892,-0.554054,0.459459,-0.540541,0.527027,-0.743243,0.527027,-0.891892,0.513514,-1.000000,0.243243,-0.608108,0.310811,-0.824324,0.229730,-0.567568,0.175676,-0.364865,0.013514,-0.621622,0.067568,-0.824324,0.013514,-0.554054,-0.013514,-0.364865,-0.229730,-0.567568,-0.189189,-0.716216,-0.175676,-0.500000,-0.175676,-0.351351
T,Right,legacy_bisindo_T_62,0.000000,0.000000,0.361111,-0.027778,0.722222,0.111111,0.944444,0.111111,1.000000,0.055556,0.444444,0.638889,0.305556,0.388889,0.194444,0.000000,0.083333,-0.333333,-0.083333,0.694444,-0.166667,0.361111,-0.222222,-0.055556,-0.222222,-0.388889,-0.472222,0.611111,-0.583333,0.277778,-0.583333,-0.111111,-0.555556,-0.416667,-0.805556,0.416667,-0.916667,0.138889,-0.888889,-0.138889,-0.833333,-0.388889
T,Right,legacy_bisindo_T_63,0.000000,0.000000,0.306122,-0.020408,0.612245,-0.387755,0.775510,-0.673469,0.816327,-0.938776,0.448980,-0.551020,0.489796,-0.918367,0.408163,-0.734694,0.306122,-0.530612,0.163265,-0.632653,0.204082,-1.000000,0.142857,-0.714286,0.061224,-0.428571,-0.102041,-0.612245,-0.061224,-0.959184,-0.081633,-0.673469,-0.122449,-0.387755,-0.346939,-0.530612,-0.346939,-0.816327,-0.326531,-0.632653,-0.326531,-0.428571
T,Right,legacy_bisindo_T_64,0.000000,0.000000,0.433333,-0.100000,0.800000,0.033333,0.966667,0.033333,0.900000,0.033333,0.500000,0.766667,0.533333,0.800000,0.433333,0.366667,0.366667,0.033333,0.033333,0.900000,-0.033333,0.766667,-0.100000,0.233333,-0.166667,-0.133333,-0.400000,0.866667,-0.500000,0.700000,-0.533333,0.200000,-0.533333,-0.133333,-0.766667,0.666667,-0.966667,0.533333,-1.000000,0.200000,-0.966667,-0.066667
T,Right,legacy_bisindo_T_65,0.000000,0.000000,0.236111,0.041667,0.458333,0.250000,0.569444,0.458333,0.625000,0.611111,0.430556,0.541667,0.500000,0.722222,0.513889,0.875000,0.513889,1.000000,0.236111,0.597222,0.305556,0.805556,0.236111,0.583333,0.180556,0.388889,0.013889,0.597222,0.055556,0.791667,0.027778,0.555556,0.000000,0.361111,-0.222222,0.555556,-0.166667,0.708333,-0.152778,0.527778,-0.166667,0.375000
T,Right,legacy_bisindo_T_66,0.000000,0.000000,0.289474,-0.039474,0.605263,-0.263158,0.776316,-0.473684,0.907895,-0.657895,0.421053,-0.605263,0.486842,-0.828947,0.486842,-0.947368,0.460526,-1.000000,0.210526,-0.657895,0.302632,-0.868421,0.250000,-0.618421,0.184211,-0.421053,-0.013158,-0.631579,0.065789,-0.855263,0.039474,-0.578947,-0.013158,-0.407895,-0.236842,-0.565789,-0.184211,-0.736842,-0.144737,-0.539474,-0.157895,-0.394737
T,Right,legacy_bisindo_T_67,0.000000,0.000000,-0.159091,-0.136364,-0.204545,0.022727,-0.045455,0.250000,0.227273,0.431818,-0.363636,0.590909,-0.500000,0.681818,-0.522727,0.454545,-0.545455,0.204545,-0.181818,0.772727,-0.181818,0.818182,-0.204545,0.522727,-0.250000,0.204545,0.068182,0.818182,0.136364,0.840909,0.090909,0.590909,0.045455,0.295455,0.318182,0.750000,0.500000,1.000000,0.568182,0.977273,0.590909,0.931818
T,Right,legacy_bisindo_T_68,0.000000,0.000000,0.285714,-0.025974,0.597403,-0.233766,0.779221,-0.454545,0.896104,-0.636364,0.441558,-0.571429,0.493506,-0.766234,0.480519,-0.909091,0.441558,-1.000000,0.233766,-0.636364,0.298701,-0.831169,0.233766,-0.571429,0.168831,-0.389610,0.012987,-0.636364,0.064935,-0.831169,0.025974,-0.571429,-0.012987,-0.389610,-0.207792,-0.571429,-0.181818,-0.727273,-0.155844,-0.519481,-0.168831,-0.389610
T,Right,legacy_bisindo_T_69,0.000000,0.000000,0.266667,0.116667,0.450000,0.400000,0.550000,0.700000,0.533333,1.000000,0.183333,0.533333,0.100000,0.616667,0.033333,0.483333,-0.016667,0.300000,-0.083333,0.550000,-0.116667,0.616667,-0.166667,0.416667,-0.183333,0.200000,-0.300000,0.466667,-0.316667,0.516667,-0.316667,0.350000,-0.316667,0.183333,-0.450000,0.333333,-0.483333,0.416667,-0.483333,0.400000,-0.450000,0.350000
T,Right,legacy_bisindo_T_70,0.000000,0.000000,0.347222,0.027778,0.666667,0.236111,0.847222,0.458333,0.972222,0.652778,0.472222,0.638889,0.527778,0.902778,0.527778,0.972222,0.513889,1.000000,0.250000,0.680556,0.333333,0.902778,0.277778,0.625000,0.208333,0.416667,0.000000,0.666667,0.069444,0.875000,0.055556,0.583333,0.013889,0.402778,-0.236111,0.597222,-0.166667,0.763889,-0.138889,0.555556,-0.138889,0.402778
T,Right,legacy_bisindo_T_71,0.000000,0.000000,0.350000,0.016667,0.683333,-0.250000,0.900000,-0.516667,1.000000,-0.733333,0.250000,-0.566667,0.150000,-0.800000,0.083333,-0.716667,-0.016667,-0.600000,0.000000,-0.600000,0.000000,-0.916667,0.000000,-0.716667,-0.033333,-0.533333,-0.166667,-0.533333,-0.100000,-0.850000,-0.100000,-0.666667,-0.116667,-0.500000,-0.300000,-0.433333,-0.233333,-0.816667,-0.150000,-0.883333,-0.116667,-0.933333
T,Right,legacy_bisindo_T_72,0.000000,0.000000,0.292308,-0.046154,0.569231,0.076923,0.784615,0.292308,1.000000,0.569231,0.246154,0.430769,0.261538,0.600000,0.215385,0.492308,0.153846,0.400000,0.015385,0.538462,0.030769,0.661538,-0.015385,0.492308,-0.076923,0.307692,-0.169231,0.523077,-0.153846,0.615385,-0.153846,0.446154,-0.184615,0.276923,-0.323077,0.446154,-0.323077,0.492308,-0.307692,0.430769,-0.307692,0.369231
T,Right,legacy_bisindo_T_73,0.000000,0.000000,0.313433,-0.044776,0.626866,-0.208955,0.880597,-0.447761,1.000000,-0.641791,0.432836,-0.432836,0.462687,-0.746269,0.447761,-0.791045,0.402985,-0.791045,0.149254,-0.477612,0.238806,-0.805970,0.208955,-0.761194,0.179104,-0.686567,-0.089552,-0.462687,-0.029851,-0.776119,-0.059701,-0.746269,-0.074627,-0.686567,-0.298507,-0.417910,-0.313433,-0.656716,-0.313433,-0.701493,-0.298507,-0.731343
T,Right,legacy_bisindo_T_74,0.000000,0.000000,0.317460,-0.015873,0.619048,0.158730,0.841270,0.349206,1.000000,0.587302,0.253968,0.444444,0.222222,0.698413,0.142857,0.634921,0.079365,0.523810,-0.015873,0.523810,-0.015873,0.730159,-0.063492,0.571429,-0.095238,0.380952,-0.222222,0.492063,-0.238095,0.650794,-0.222222,0.507937,-0.238095,0.365079,-0.396825,0.365079,-0.444444,0.507937,-0.444444,0.444444,-0.444444,0.380952
T,Right,legacy_bisindo_T_75,0.000000,0.000000,0.278481,-0.012658,0.594937,-0.202532,0.759494,-0.417722,0.886076,-0.594937,0.455696,-0.556962,0.506329,-0.759494,0.481013,-0.911392,0.455696,-1.000000,0.253165,-0.620253,0.303797,-0.835443,0.227848,-0.582278,0.177215,-0.392405,0.037975,-0.620253,0.075949,-0.822785,0.050633,-0.569620,0.012658,-0.392405,-0.189873,-0.556962,-0.164557,-0.721519,-0.139241,-0.518987,-0.139241,-0.379747
T,Right,legacy_bisindo_T_76,0.000000,0.000000,0.307692,0.000000,0.630769,-0.215385,0.846154,-0.492308,1.000000,-0.692308,0.400000,-0.523077,0.338462,-0.769231,0.276923,-0.707692,0.215385,-0.615385,0.107692,-0.584615,0.107692,-0.846154,0.061538,-0.738462,0.030769,-0.600000,-0.153846,-0.538462,-0.153846,-0.800000,-0.184615,-0.707692,-0.200000,-0.584615,-0.369231,-0.430769,-0.430769,-0.676923,-0.446154,-0.676923,-0.446154,-0.630769
T,Right,legacy_bisindo_T_77,0.000000,0.000000,0.304348,-0.028986,0.579710,0.130435,0.797101,0.362319,1.000000,0.652174,0.188406,0.463768,0.159420,0.652174,0.101449,0.579710,0.057971,0.478261,-0.028986,0.594203,-0.043478,0.739130,-0.086957,0.550725,-0.130435,0.362319,-0.202899,0.579710,-0.202899,0.695652,-0.202899,0.507246,-0.231884,0.333333,-0.347826,0.478261,-0.289855,0.637681,-0.231884,0.637681,-0.188406,0.623188
T,Right,legacy_bisindo_T_78,0.000000,0.000000,0.320000,-0.026667,0.640000,-0.226667,0.813333,-0.453333,0.946667,-0.653333,0.466667,-0.626667,0.533333,-0.893333,0.520000,-1.000000,0.493333,-1.000000,0.253333,-0.680000,0.320000,-0.906667,0.253333,-0.626667,0.200000,-0.413333,0.026667,-0.666667,0.080000,-0.880000,0.053333,-0.600000,0.013333,-0.413333,-0.200000,-0.600000,-0.146667,-0.760000,-0.133333,-0.560000,-0.133333,-0.413333
T,Right,legacy_bisindo_T_79,0.000000,0.000000,0.311688,0.025974,0.623377,0.220779,0.792208,0.454545,0.922078,0.636364,0.454545,0.623377,0.506494,0.870130,0.506494,0.961039,0.480519,1.000000,0.246753,0.662338,0.311688,0.870130,0.259740,0.623377,0.194805,0.428571,0.025974,0.636364,0.077922,0.844156,0.051948,0.571429,0.025974,0.389610,-0.207792,0.584416,-0.155844,0.727273,-0.129870,0.545455,-0.129870,0.402597
T,Right,legacy_bisindo_T_80,0.000000,0.000000,0.272727,-0.051948,0.571429,-0.220779,0.740260,-0.402597,0.831169,-0.571429,0.428571,-0.610390,0.493506,-0.844156,0.506494,-0.935065,0.493506,-1.000000,0.233766,-0.662338,0.298701,-0.870130,0.233766,-0.610390,0.181818,-0.441558,0.012987,-0.662338,0.077922,-0.870130,0.051948,-0.610390,0.000000,-0.441558,-0.220779,-0.597403,-0.155844,-0.766234,-0.129870,-0.571429,-0.142857,-0.428571
T,Right,legacy_bisindo_T_81,0.000000,0.000000,0.323944,0.042254,0.619718,0.225352,0.830986,0.366197,0.985915,0.507042,0.492958,0.676056,0.591549,0.985915,0.591549,1.000000,0.577465,0.957746,0.281690,0.718310,0.366197,0.957746,0.309859,0.661972,0.225352,0.436620,0.042254,0.704225,0.112676,0.915493,0.098592,0.619718,0.056338,0.422535,-0.211268,0.633803,-0.140845,0.802817,-0.098592,0.591549,-0.098592,0.450704
T,Right,legacy_bisindo_T_82,0.000000,0.000000,0.281690,0.000000,0.633803,-0.211268,0.816901,-0.436620,0.929577,-0.633803,0.464789,-0.605634,0.492958,-0.845070,0.507042,-0.971831,0.507042,-1.000000,0.239437,-0.661972,0.309859,-0.901408,0.239437,-0.619718,0.183099,-0.408451,0.000000,-0.661972,0.056338,-0.873239,0.028169,-0.591549,-0.014085,-0.408451,-0.239437,-0.605634,-0.183099,-0.760563,-0.169014,-0.549296,-0.183099,-0.408451
T,Right,legacy_bisindo_T_83,0.000000,0.000000,0.277778,-0.027778,0.555556,-0.194444,0.708333,-0.388889,0.791667,-0.541667,0.472222,-0.583333,0.527778,-0.791667,0.527778,-0.916667,0.500000,-1.000000,0.250000,-0.652778,0.319444,-0.847222,0.277778,-0.597222,0.208333,-0.402778,0.013889,-0.652778,0.083333,-0.861111,0.069444,-0.597222,0.013889,-0.402778,-0.222222,-0.583333,-0.166667,-0.763889,-0.138889,-0.555556,-0.152778,-0.388889
T,Right,legacy_bisindo_T_84,0.000000,0.000000,0.263889,0.041667,0.527778,0.250000,0.680556,0.430556,0.791667,0.569444,0.458333,0.597222,0.513889,0.791667,0.500000,0.916667,0.472222,1.000000,0.236111,0.652778,0.291667,0.861111,0.236111,0.597222,0.180556,0.388889,0.000000,0.638889,0.055556,0.861111,0.027778,0.583333,0.000000,0.388889,-0.250000,0.597222,-0.194444,0.750000,-0.166667,0.555556,-0.180556,0.416667
T,Right,legacy_bisindo_T_85,0.000000,0.000000,0.289855,-0.014493,0.637681,-0.217391,0.826087,-0.434783,0.956522,-0.623188,0.492754,-0.594203,0.536232,-0.855072,0.536232,-0.971014,0.521739,-1.000000,0.260870,-0.666667,0.362319,-0.898551,0.275362,-0.623188,0.217391,-0.405797,0.028986,-0.666667,0.101449,-0.898551,0.057971,-0.623188,0.000000,-0.420290,-0.217391,-0.623188,-0.159420,-0.797101,-0.159420,-0.579710,-0.173913,-0.420290
T,Right,legacy_bisindo_T_86,0.000000,0.000000,0.287879,0.000000,0.606061,0.166667,0.772727,0.348485,0.863636,0.515152,0.560606,0.636364,0.636364,0.878788,0.636364,0.954545,0.606061,1.000000,0.318182,0.712121,0.378788,0.909091,0.318182,0.621212,0.242424,0.409091,0.060606,0.712121,0.121212,0.893939,0.090909,0.590909,0.045455,0.378788,-0.196970,0.651515,-0.151515,0.787879,-0.136364,0.575758,-0.136364,0.424242
T,Right,legacy_bisindo_T_87,0.000000,0.000000,0.278689,0.049180,0.557377,0.327869,0.622951,0.622951,0.622951,0.852459,0.557377,0.672131,0.655738,0.934426,0.655738,1.000000,0.622951,1.000000,0.327869,0.737705,0.393443,0.950820,0.327869,0.639344,0.245902,0.409836,0.065574,0.737705,0.131148,0.950820,0.098361,0.622951,0.049180,0.377049,-0.213115,0.688525,-0.147541,0.819672,-0.131148,0.590164,-0.147541,0.409836
T,Right,legacy_bisindo_T_88,0.000000,0.000000,0.289855,-0.014493,0.652174,-0.202899,0.855072,-0.434783,1.000000,-0.637681,0.492754,-0.623188,0.550725,-0.884058,0.565217,-0.985507,0.550725,-0.985507,0.260870,-0.681159,0.362319,-0.913043,0.289855,-0.637681,0.231884,-0.420290,0.028986,-0.666667,0.115942,-0.913043,0.072464,-0.637681,0.028986,-0.434783,-0.231884,-0.623188,-0.159420,-0.797101,-0.144928,-0.594203,-0.159420,-0.420290
T,Right,legacy_bisindo_T_89,0.000000,0.000000,0.279412,0.000000,0.647059,-0.191176,0.823529,-0.411765,0.955882,-0.588235,0.485294,-0.573529,0.558824,-0.779412,0.573529,-0.911765,0.558824,-1.000000,0.264706,-0.647059,0.367647,-0.882353,0.308824,-0.617647,0.220588,-0.411765,0.029412,-0.661765,0.117647,-0.882353,0.073529,-0.602941,0.014706,-0.411765,-0.220588,-0.617647,-0.161765,-0.779412,-0.132353,-0.573529,-0.161765,-0.411765
T,Right,legacy_bisindo_T_90,0.000000,0.000000,0.260870,0.043478,0.521739,0.275362,0.594203,0.521739,0.594203,0.695652,0.463768,0.565217,0.521739,0.753623,0.536232,0.898551,0.521739,1.000000,0.260870,0.637681,0.318841,0.869565,0.260870,0.623188,0.188406,0.420290,0.014493,0.652174,0.072464,0.855072,0.043478,0.579710,0.014493,0.391304,-0.231884,0.608696,-0.173913,0.739130,-0.159420,0.565217,-0.159420,0.405797
T,Right,legacy_bisindo_T_91,0.000000,0.000000,0.281250,0.015625,0.578125,0.203125,0.718750,0.421875,0.812500,0.593750,0.546875,0.640625,0.625000,0.890625,0.625000,0.968750,0.609375,1.000000,0.312500,0.718750,0.390625,0.953125,0.312500,0.656250,0.218750,0.437500,0.062500,0.734375,0.125000,0.953125,0.078125,0.640625,0.031250,0.421875,-0.203125,0.687500,-0.156250,0.828125,-0.156250,0.625000,-0.156250,0.453125
T,Right,legacy_bisindo_T_92,0.000000,0.000000,0.272727,0.000000,0.545455,-0.196970,0.606061,-0.454545,0.590909,-0.636364,0.515152,-0.590909,0.590909,-0.833333,0.606061,-0.954545,0.575758,-1.000000,0.287879,-0.666667,0.409091,-0.893939,0.333333,-0.651515,0.242424,-0.424242,0.045455,-0.696970,0.136364,-0.909091,0.090909,-0.651515,0.030303,-0.439394,-0.227273,-0.651515,-0.136364,-0.803030,-0.136364,-0.590909,-0.151515,-0.424242
T,Right,legacy_bisindo_T_93,0.000000,0.000000,0.264706,0.029412,0.529412,0.220588,0.647059,0.411765,0.691176,0.558824,0.500000,0.617647,0.573529,0.838235,0.588235,0.941176,0.558824,1.000000,0.279412,0.676471,0.352941,0.882353,0.279412,0.632353,0.191176,0.426471,0.029412,0.691176,0.102941,0.911765,0.073529,0.632353,0.029412,0.426471,-0.220588,0.632353,-0.161765,0.779412,-0.147059,0.588235,-0.161765,0.426471
T,Right,legacy_bisindo_T_94,0.000000,0.000000,0.303030,0.000000,0.651515,-0.227273,0.833333,-0.439394,0.969697,-0.606061,0.515152,-0.575758,0.575758,-0.787879,0.590909,-0.924242,0.575758,-1.000000,0.272727,-0.666667,0.378788,-0.878788,0.303030,-0.621212,0.212121,-0.393939,0.030303,-0.681818,0.121212,-0.909091,0.075758,-0.636364,0.015152,-0.409091,-0.227273,-0.651515,-0.166667,-0.803030,-0.151515,-0.590909,-0.166667,-0.424242
T,Right,legacy_bisindo_T_95,0.000000,0.000000,0.313433,0.014925,0.626866,0.223881,0.805970,0.432836,0.925373,0.597015,0.522388,0.611940,0.582090,0.820896,0.582090,0.925373,0.567164,1.000000,0.298507,0.686567,0.373134,0.910448,0.298507,0.626866,0.223881,0.402985,0.044776,0.686567,0.104478,0.895522,0.074627,0.597015,0.029851,0.388060,-0.223881,0.656716,-0.134328,0.791045,-0.134328,0.582090,-0.149254,0.417910
T,Right,legacy_bisindo_T_96,0.000000,0.000000,0.276923,-0.030769,0.569231,-0.246154,0.707692,-0.476923,0.815385,-0.646154,0.492308,-0.584615,0.569231,-0.784615,0.600000,-0.923077,0.584615,-1.000000,0.276923,-0.676923,0.384615,-0.876923,0.292308,-0.584615,0.215385,-0.369231,0.030769,-0.692308,0.107692,-0.892308,0.061538,-0.584615,0.000000,-0.384615,-0.246154,-0.646154,-0.169231,-0.784615,-0.153846,-0.569231,-0.184615,-0.400000
T,Right,legacy_bisindo_T_97,0.000000,0.000000,0.285714,0.042857,0.571429,0.257143,0.714286,0.471429,0.842857,0.600000,0.457143,0.585714,0.528571,0.800000,0.528571,0.914286,0.485714,1.000000,0.242857,0.657143,0.314286,0.871429,0.242857,0.600000,0.171429,0.385714,0.014286,0.657143,0.071429,0.871429,0.042857,0.600000,0.000000,0.400000,-0.242857,0.614286,-0.185714,0.757143,-0.157143,0.571429,-0.171429,0.414286
T,Right,legacy_bisindo_T_98,0.000000,0.000000,0.276923,0.000000,0.584615,-0.200000,0.676923,-0.430769,0.676923,-0.600000,0.507692,-0.584615,0.600000,-0.830769,0.630769,-0.953846,0.630769,-1.000000,0.292308,-0.676923,0.415385,-0.892308,0.338462,-0.630769,0.246154,-0.415385,0.061538,-0.692308,0.169231,-0.923077,0.123077,-0.646154,0.046154,-0.415385,-0.215385,-0.661538,-0.107692,-0.815385,-0.107692,-0.600000,-0.138462,-0.415385
T,Right,legacy_bisindo_T_99,0.000000,0.000000,0.260870,0.014493,0.579710,0.231884,0.753623,0.434783,0.898551,0.594203,0.492754,0.608696,0.565217,0.840580,0.565217,0.942029,0.536232,1.000000,0.275362,0.666667,0.362319,0.898551,0.289855,0.608696,0.202899,0.420290,0.028986,0.681159,0.115942,0.898551,0.072464,0.608696,0.028986,0.405797,-0.217391,0.637681,-0.144928,0.797101,-0.130435,0.594203,-0.144928,0.449275
T,Right,legacy_bisindo_T_100,0.000000,0.000000,0.246154,-0.046154,0.492308,-0.276923,0.553846,-0.523077,0.584615,-0.692308,0.476923,-0.615385,0.553846,-0.861538,0.584615,-0.984615,0.553846,-1.000000,0.261538,-0.692308,0.369231,-0.907692,0.292308,-0.646154,0.215385,-0.415385,0.015385,-0.692308,0.107692,-0.907692,0.061538,-0.630769,0.015385,-0.430769,-0.230769,-0.646154,-0.169231,-0.784615,-0.153846,-0.584615,-0.169231,-0.415385
T,Right,legacy_bisindo_T_101,0.000000,0.000000,0.220588,0.044118,0.455882,0.294118,0.529412,0.558824,0.514706,0.735294,0.441176,0.602941,0.514706,0.808824,0.529412,0.941176,0.514706,1.000000,0.235294,0.661765,0.308824,0.897059,0.235294,0.632353,0.161765,0.411765,0.000000,0.676471,0.058824,0.882353,0.029412,0.588235,-0.014706,0.382353,-0.250000,0.632353,-0.191176,0.779412,-0.176471,0.573529,-0.191176,0.426471
T,Right,legacy_bisindo_T_102,0.000000,0.000000,0.301587,-0.015873,0.634921,-0.222222,0.746032,-0.460317,0.793651,-0.650794,0.507937,-0.650794,0.603175,-0.904762,0.619048,-0.984127,0.603175,-1.000000,0.285714,-0.730159,0.396825,-0.968254,0.333333,-0.682540,0.238095,-0.460317,0.031746,-0.746032,0.126984,-0.984127,0.095238,-0.682540,0.031746,-0.460317,-0.253968,-0.698413,-0.158730,-0.873016,-0.126984,-0.650794,-0.158730,-0.460317
T,Right,legacy_bisindo_T_103,0.000000,0.000000,0.301587,0.031746,0.571429,0.253968,0.682540,0.492063,0.714286,0.682540,0.539683,0.666667,0.650794,0.920635,0.650794,0.968254,0.619048,1.000000,0.301587,0.746032,0.412698,0.952381,0.333333,0.666667,0.238095,0.428571,0.047619,0.746032,0.142857,0.952381,0.095238,0.650794,0.047619,0.412698,-0.238095,0.698413,-0.158730,0.857143,-0.142857,0.634921,-0.158730,0.460317
T,Right,legacy_bisindo_T_104,0.000000,0.000000,0.292308,0.000000,0.630769,-0.184615,0.784615,-0.369231,0.861538,-0.523077,0.523077,-0.600000,0.600000,-0.861538,0.630769,-0.969231,0.630769,-1.000000,0.307692,-0.676923,0.415385,-0.923077,0.353846,-0.676923,0.261538,-0.446154,0.061538,-0.692308,0.169231,-0.938462,0.123077,-0.661538,0.061538,-0.446154,-0.200000,-0.661538,-0.092308,-0.830769,-0.076923,-0.630769,-0.123077,-0.446154
T,Right,legacy_bisindo_T_105,0.000000,0.000000,0.313433,-0.014925,0.656716,0.164179,0.850746,0.373134,1.000000,0.552239,0.552239,0.611940,0.611940,0.865672,0.611940,0.955224,0.582090,0.985075,0.313433,0.671642,0.388060,0.910448,0.328358,0.626866,0.238806,0.402985,0.059701,0.686567,0.134328,0.895522,0.089552,0.597015,0.044776,0.388060,-0.208955,0.641791,-0.119403,0.791045,-0.119403,0.582090,-0.119403,0.417910
T,Right,legacy_bisindo_T_106,0.000000,0.000000,0.283582,-0.074627,0.552239,-0.358209,0.597015,-0.656716,0.597015,-0.880597,0.447761,-0.626866,0.522388,-0.850746,0.552239,-0.955224,0.552239,-1.000000,0.238806,-0.686567,0.358209,-0.910448,0.283582,-0.656716,0.208955,-0.447761,0.000000,-0.701493,0.104478,-0.925373,0.059701,-0.641791,0.014925,-0.432836,-0.253731,-0.656716,-0.149254,-0.805970,-0.134328,-0.611940,-0.164179,-0.447761
T,Right,legacy_bisindo_T_107,0.000000,0.000000,0.272727,0.045455,0.545455,0.227273,0.651515,0.409091,0.742424,0.545455,0.515152,0.681818,0.590909,0.924242,0.606061,1.000000,0.590909,1.000000,0.287879,0.727273,0.363636,0.969697,0.303030,0.681818,0.227273,0.454545,0.030303,0.727273,0.106061,0.939394,0.075758,0.651515,0.045455,0.439394,-0.227273,0.666667,-0.151515,0.818182,-0.136364,0.621212,-0.136364,0.469697
T,Right,legacy_bisindo_T_108,0.000000,0.000000,0.272727,-0.015152,0.545455,-0.181818,0.636364,-0.378788,0.666667,-0.530303,0.484848,-0.590909,0.575758,-0.787879,0.590909,-0.924242,0.590909,-1.000000,0.257576,-0.666667,0.363636,-0.893939,0.303030,-0.651515,0.227273,-0.424242,0.030303,-0.681818,0.106061,-0.909091,0.075758,-0.621212,0.015152,-0.409091,-0.242424,-0.636364,-0.166667,-0.803030,-0.136364,-0.590909,-0.166667,-0.409091
T,Right,legacy_bisindo_T_109,0.000000,0.000000,0.287879,0.030303,0.590909,0.212121,0.757576,0.409091,0.848485,0.545455,0.500000,0.606061,0.590909,0.818182,0.606061,0.924242,0.590909,1.000000,0.272727,0.666667,0.363636,0.909091,0.303030,0.636364,0.227273,0.424242,0.030303,0.681818,0.106061,0.893939,0.075758,0.606061,0.030303,0.393939,-0.227273,0.636364,-0.151515,0.803030,-0.136364,0.590909,-0.151515,0.439394
T,Right,legacy_bisindo_T_110,0.000000,0.000000,0.317460,-0.015873,0.682540,-0.222222,0.873016,-0.460317,0.984127,-0.682540,0.523810,-0.666667,0.619048,-0.904762,0.634921,-0.984127,0.619048,-0.984127,0.301587,-0.746032,0.428571,-0.984127,0.365079,-0.698413,0.285714,-0.460317,0.047619,-0.761905,0.158730,-1.000000,0.126984,-0.698413,0.063492,-0.476190,-0.222222,-0.714286,-0.111111,-0.888889,-0.095238,-0.666667,-0.126984,-0.492063
T,Right,legacy_bisindo_T_111,0.000000,0.000000,0.289855,0.028986,0.579710,0.217391,0.739130,0.420290,0.869565,0.579710,0.478261,0.594203,0.550725,0.826087,0.565217,0.927536,0.565217,1.000000,0.260870,0.666667,0.333333,0.884058,0.275362,0.594203,0.202899,0.391304,0.028986,0.666667,0.101449,0.884058,0.072464,0.594203,0.028986,0.391304,-0.217391,0.623188,-0.159420,0.782609,-0.144928,0.579710,-0.144928,0.420290
T,Right,legacy_bisindo_T_112,0.000000,0.000000,0.298507,-0.044776,0.656716,-0.223881,0.850746,-0.432836,0.970149,-0.611940,0.492537,-0.656716,0.567164,-0.910448,0.597015,-1.000000,0.582090,-1.000000,0.268657,-0.716418,0.388060,-0.955224,0.313433,-0.686567,0.238806,-0.462687,0.029851,-0.731343,0.134328,-0.970149,0.089552,-0.686567,0.014925,-0.492537,-0.223881,-0.686567,-0.134328,-0.850746,-0.119403,-0.641791,-0.149254,-0.477612
T,Right,legacy_bisindo_T_113,0.000000,0.000000,0.298507,0.000000,0.641791,0.208955,0.835821,0.402985,0.970149,0.567164,0.492537,0.597015,0.567164,0.820896,0.597015,0.925373,0.597015,1.000000,0.283582,0.671642,0.402985,0.910448,0.328358,0.626866,0.223881,0.417910,0.029851,0.686567,0.134328,0.910448,0.089552,0.626866,0.029851,0.417910,-0.238806,0.641791,-0.134328,0.791045,-0.119403,0.597015,-0.149254,0.432836
T,Right,legacy_bisindo_T_114,0.000000,0.000000,0.292308,0.000000,0.615385,-0.184615,0.784615,-0.400000,0.876923,-0.569231,0.523077,-0.615385,0.584615,-0.861538,0.615385,-0.969231,0.615385,-1.000000,0.292308,-0.692308,0.400000,-0.938462,0.338462,-0.676923,0.261538,-0.461538,0.046154,-0.707692,0.138462,-0.953846,0.107692,-0.661538,0.046154,-0.446154,-0.215385,-0.661538,-0.138462,-0.830769,-0.107692,-0.615385,-0.138462,-0.446154
T,Right,legacy_bisindo_T_115,0.000000,0.000000,0.257576,0.030303,0.530303,0.212121,0.636364,0.424242,0.696970,0.560606,0.500000,0.606061,0.606061,0.833333,0.606061,0.954545,0.590909,1.000000,0.287879,0.666667,0.363636,0.909091,0.303030,0.636364,0.227273,0.424242,0.030303,0.681818,0.106061,0.893939,0.075758,0.621212,0.030303,0.393939,-0.227273,0.621212,-0.166667,0.787879,-0.151515,0.590909,-0.166667,0.424242
T,Right,legacy_bisindo_T_116,0.000000,0.000000,0.265625,0.000000,0.546875,-0.203125,0.625000,-0.453125,0.640625,-0.609375,0.546875,-0.578125,0.625000,-0.828125,0.656250,-0.953125,0.656250,-1.000000,0.328125,-0.671875,0.437500,-0.890625,0.343750,-0.625000,0.250000,-0.390625,0.078125,-0.703125,0.187500,-0.921875,0.125000,-0.625000,0.046875,-0.406250,-0.187500,-0.671875,-0.109375,-0.812500,-0.109375,-0.578125,-0.125000,-0.406250
T,Right,legacy_bisindo_T_117,0.000000,0.000000,0.261538,0.030769,0.538462,0.246154,0.661538,0.476923,0.707692,0.630769,0.523077,0.600000,0.615385,0.815385,0.630769,0.938462,0.600000,1.000000,0.307692,0.676923,0.400000,0.907692,0.307692,0.630769,0.215385,0.415385,0.046154,0.692308,0.138462,0.907692,0.092308,0.615385,0.030769,0.400000,-0.215385,0.661538,-0.153846,0.800000,-0.138462,0.600000,-0.153846,0.430769
T,Right,legacy_bisindo_T_118,0.000000,0.000000,0.216667,0.016667,0.483333,-0.116667,0.633333,-0.283333,0.733333,-0.383333,0.566667,-0.566667,0.683333,-0.766667,0.733333,-0.916667,0.750000,-1.000000,0.350000,-0.666667,0.483333,-0.866667,0.383333,-0.583333,0.300000,-0.366667,0.083333,-0.716667,0.216667,-0.916667,0.150000,-0.616667,0.066667,-0.383333,-0.200000,-0.683333,-0.100000,-0.816667,-0.083333,-0.583333,-0.116667,-0.400000
T,Right,legacy_bisindo_T_119,0.000000,0.000000,0.253968,0.000000,0.539683,0.206349,0.666667,0.428571,0.698413,0.571429,0.539683,0.571429,0.634921,0.777778,0.634921,0.920635,0.619048,1.000000,0.301587,0.666667,0.412698,0.873016,0.317460,0.619048,0.222222,0.396825,0.047619,0.682540,0.142857,0.904762,0.095238,0.603175,0.031746,0.380952,-0.222222,0.650794,-0.142857,0.777778,-0.126984,0.571429,-0.158730,0.412698
T,Right,legacy_bisindo_T_120,0.000000,0.000000,0.234375,-0.031250,0.515625,-0.203125,0.593750,-0.406250,0.640625,-0.531250,0.546875,-0.562500,0.656250,-0.750000,0.687500,-0.906250,0.703125,-1.000000,0.328125,-0.671875,0.421875,-0.859375,0.343750,-0.609375,0.265625,-0.406250,0.078125,-0.703125,0.187500,-0.921875,0.125000,-0.640625,0.062500,-0.437500,-0.187500,-0.687500,-0.109375,-0.812500,-0.093750,-0.609375,-0.125000,-0.437500
T,Right,legacy_bisindo_T_121,0.000000,0.000000,0.227273,0.030303,0.484848,0.212121,0.590909,0.424242,0.606061,0.560606,0.515152,0.575758,0.590909,0.757576,0.636364,0.893939,0.651515,1.000000,0.303030,0.666667,0.378788,0.863636,0.303030,0.606061,0.212121,0.424242,0.060606,0.696970,0.136364,0.893939,0.106061,0.621212,0.045455,0.424242,-0.196970,0.681818,-0.121212,0.818182,-0.121212,0.621212,-0.136364,0.454545
T,Right,legacy_bisindo_T_122,0.000000,0.000000,0.253968,-0.015873,0.523810,-0.190476,0.634921,-0.365079,0.714286,-0.476190,0.571429,-0.571429,0.682540,-0.761905,0.714286,-0.904762,0.714286,-1.000000,0.349206,-0.666667,0.444444,-0.873016,0.365079,-0.603175,0.285714,-0.380952,0.095238,-0.698413,0.190476,-0.920635,0.142857,-0.619048,0.079365,-0.412698,-0.190476,-0.666667,-0.111111,-0.809524,-0.095238,-0.587302,-0.126984,-0.412698
T,Right,legacy_bisindo_T_123,0.000000,0.000000,0.400000,-0.200000,0.666667,-0.533333,0.600000,-0.733333,0.333333,-0.800000,0.333333,-1.000000,0.133333,-1.000000,0.000000,-0.866667,0.000000,-0.666667,-0.066667,-1.000000,-0.266667,-0.866667,-0.333333,-0.666667,-0.266667,-0.466667,-0.400000,-0.866667,-0.600000,-0.733333,-0.600000,-0.533333,-0.533333,-0.400000,-0.600000,-0.666667,-0.800000,-0.600000,-0.800000,-0.400000,-0.733333,-0.333333
T,Right,legacy_bisindo_T_124,0.000000,0.000000,0.265625,0.000000,0.578125,-0.171875,0.765625,-0.375000,0.875000,-0.531250,0.531250,-0.562500,0.640625,-0.765625,0.687500,-0.906250,0.703125,-1.000000,0.312500,-0.656250,0.421875,-0.890625,0.375000,-0.671875,0.312500,-0.484375,0.062500,-0.687500,0.156250,-0.921875,0.125000,-0.671875,0.078125,-0.453125,-0.203125,-0.671875,-0.125000,-0.843750,-0.109375,-0.656250,-0.125000,-0.468750
T,Right,legacy_bisindo_T_125,0.000000,0.000000,0.290323,0.000000,0.564516,0.177419,0.709677,0.370968,0.774194,0.483871,0.532258,0.532258,0.645161,0.741935,0.677419,0.870968,0.709677,1.000000,0.306452,0.629032,0.419355,0.870968,0.370968,0.693548,0.274194,0.532258,0.048387,0.661290,0.145161,0.903226,0.129032,0.645161,0.064516,0.435484,-0.209677,0.661290,-0.129032,0.822581,-0.112903,0.629032,-0.145161,0.451613
T,Right,legacy_bisindo_T_126,0.000000,0.000000,0.258065,-0.129032,0.435484,-0.403226,0.467742,-0.661290,0.387097,-0.838710,0.306452,-0.758065,0.370968,-0.967742,0.354839,-0.758065,0.306452,-0.548387,0.096774,-0.774194,0.177419,-1.000000,0.177419,-0.741935,0.129032,-0.516129,-0.129032,-0.774194,-0.032258,-0.983871,-0.016129,-0.725806,-0.048387,-0.516129,-0.370968,-0.709677,-0.290323,-0.887097,-0.258065,-0.709677,-0.241935,-0.532258
T,Right,legacy_bisindo_T_127,0.000000,0.000000,0.293333,-0.146667,0.506667,-0.440000,0.546667,-0.733333,0.533333,-0.973333,0.360000,-0.746667,0.440000,-0.960000,0.453333,-0.800000,0.413333,-0.626667,0.146667,-0.773333,0.253333,-1.000000,0.240000,-0.693333,0.173333,-0.480000,-0.080000,-0.746667,0.000000,-0.960000,0.013333,-0.653333,-0.013333,-0.466667,-0.320000,-0.666667,-0.240000,-0.826667,-0.200000,-0.600000,-0.200000,-0.453333
T,Right,legacy_bisindo_T_128,0.000000,0.000000,0.457143,0.085714,0.800000,0.428571,0.971429,0.542857,0.971429,0.542857,0.342857,0.914286,0.114286,0.857143,-0.028571,0.457143,-0.114286,0.028571,-0.085714,1.000000,-0.171429,0.885714,-0.171429,0.428571,-0.171429,0.000000,-0.428571,0.857143,-0.485714,0.742857,-0.400000,0.342857,-0.342857,-0.057143,-0.685714,0.600000,-0.742857,0.542857,-0.685714,0.257143,-0.628571,0.000000
T,Right,legacy_bisindo_T_129,0.000000,0.000000,0.241935,-0.129032,0.419355,-0.435484,0.403226,-0.758065,0.274194,-1.000000,0.370968,-0.322581,0.387097,-0.612903,0.370968,-0.838710,0.370968,-1.000000,0.112903,-0.322581,0.080645,-0.564516,0.080645,-0.758065,0.080645,-0.870968,-0.129032,-0.306452,-0.177419,-0.564516,-0.177419,-0.693548,-0.161290,-0.774194,-0.354839,-0.290323,-0.387097,-0.516129,-0.370968,-0.612903,-0.354839,-0.693548
T,Right,legacy_bisindo_T_130,0.000000,0.000000,0.250000,0.136364,0.477273,0.386364,0.500000,0.727273,0.318182,1.000000,0.500000,-0.022727,0.500000,0.068182,0.500000,0.113636,0.500000,0.227273,0.181818,-0.136364,0.090909,0.272727,0.113636,0.477273,0.159091,0.613636,-0.159091,-0.159091,-0.250000,0.272727,-0.204545,0.454545,-0.159091,0.568182,-0.454545,-0.136364,-0.545455,0.159091,-0.545455,0.318182,-0.522727,0.386364
T,Right,legacy_bisindo_T_131,0.000000,0.000000,0.326087,0.065217,0.608696,0.086957,0.804348,0.152174,0.956522,0.130435,0.760870,-0.434783,0.956522,-0.586957,1.000000,-0.478261,0.978261,-0.391304,0.500000,-0.543478,0.673913,-0.565217,0.608696,-0.173913,0.500000,0.108696,0.195652,-0.543478,0.304348,-0.521739,0.282609,-0.108696,0.217391,0.173913,-0.108696,-0.456522,-0.043478,-0.391304,-0.021739,-0.086957,-0.065217,0.130435
T,Right,legacy_bisindo_T_132,0.000000,0.000000,0.285714,0.103896,0.532468,0.363636,0.610390,0.610390,0.662338,0.831169,0.363636,0.727273,0.415584,1.000000,0.428571,0.961039,0.441558,0.870130,0.155844,0.753247,0.259740,0.961039,0.246753,0.675325,0.181818,0.480519,-0.077922,0.727273,0.038961,0.922078,0.038961,0.623377,-0.012987,0.441558,-0.311688,0.649351,-0.194805,0.792208,-0.142857,0.584416,-0.168831,0.441558
T,Right,legacy_bisindo_T_133,0.000000,0.000000,-0.372093,-0.046512,-0.744186,-0.093023,-0.930233,-0.209302,-1.000000,-0.325581,-0.604651,0.348837,-0.674419,0.023256,-0.697674,-0.255814,-0.720930,-0.418605,-0.255814,0.395349,-0.325581,0.046512,-0.372093,-0.302326,-0.418605,-0.465116,0.046512,0.348837,0.000000,-0.023256,-0.046512,-0.325581,-0.139535,-0.488372,0.325581,0.209302,0.279070,-0.116279,0.232558,-0.348837,0.162791,-0.511628
T,Right,legacy_bisindo_T_134,0.000000,0.000000,-0.037037,0.222222,-0.037037,0.074074,0.111111,0.148148,0.185185,0.444444,-0.185185,-0.814815,-0.370370,-0.592593,-0.444444,0.037037,-0.555556,0.555556,-0.185185,-1.000000,-0.296296,-0.740741,-0.296296,0.000000,-0.370370,0.592593,-0.111111,-0.962963,-0.185185,-0.703704,-0.185185,0.000000,-0.259259,0.555556,-0.037037,-0.851852,-0.037037,-0.666667,-0.037037,-0.148148,-0.074074,0.370370
T,Right,legacy_bisindo_T_135,0.000000,0.000000,-0.406250,0.093750,-0.781250,0.218750,-0.968750,0.562500,-1.000000,0.843750,-0.437500,-0.375000,-0.531250,-0.093750,-0.593750,0.281250,-0.625000,0.593750,0.000000,-0.468750,-0.031250,-0.093750,-0.093750,0.343750,-0.156250,0.625000,0.375000,-0.437500,0.406250,-0.062500,0.343750,0.343750,0.250000,0.625000,0.687500,-0.343750,0.750000,-0.062500,0.687500,0.218750,0.625000,0.437500
T,Right,legacy_bisindo_T_136,0.000000,0.000000,-0.411765,-0.058824,-0.823529,0.058824,-1.000000,-0.029412,-0.970588,-0.294118,-0.617647,0.647059,-0.705882,0.500000,-0.735294,0.000000,-0.705882,-0.382353,-0.117647,0.764706,-0.117647,0.588235,-0.205882,0.058824,-0.264706,-0.352941,0.352941,0.764706,0.352941,0.617647,0.264706,0.088235,0.176471,-0.294118,0.764706,0.676471,0.852941,0.647059,0.794118,0.294118,0.676471,0.058824
T,Right,legacy_bisindo_T_137,0.000000,0.000000,-0.380952,-0.023810,-0.857143,-0.095238,-1.000000,0.095238,-0.976190,0.309524,-0.595238,-0.547619,-0.642857,-0.452381,-0.690476,-0.023810,-0.690476,0.261905,-0.166667,-0.571429,-0.214286,-0.595238,-0.285714,-0.095238,-0.309524,0.214286,0.214286,-0.500000,0.166667,-0.523810,0.095238,-0.095238,0.000000,0.190476,0.571429,-0.404762,0.547619,-0.452381,0.523810,-0.285714,0.476190,-0.142857
T,Right,legacy_bisindo_T_138,0.000000,0.000000,0.360000,0.060000,0.760000,0.260000,0.960000,0.260000,1.000000,0.220000,0.580000,0.700000,0.660000,0.660000,0.600000,0.300000,0.560000,-0.020000,0.200000,0.720000,0.280000,0.680000,0.260000,0.260000,0.220000,-0.060000,-0.160000,0.600000,-0.100000,0.560000,-0.060000,0.180000,-0.040000,-0.100000,-0.460000,0.420000,-0.440000,0.340000,-0.400000,0.120000,-0.340000,-0.060000
T,Right,legacy_bisindo_T_139,0.000000,0.000000,-0.033333,0.233333,-0.133333,0.033333,-0.100000,0.033333,-0.066667,0.200000,-0.166667,-0.833333,-0.333333,-0.700000,-0.500000,-0.066667,-0.633333,0.466667,-0.033333,-1.000000,-0.033333,-0.766667,-0.100000,-0.066667,-0.200000,0.500000,0.133333,-0.933333,0.166667,-0.733333,0.100000,-0.066667,-0.033333,0.466667,0.266667,-0.733333,0.300000,-0.600000,0.266667,-0.200000,0.200000,0.166667
T,Right,legacy_bisindo_T_140,0.000000,0.000000,0.290323,-0.064516,0.629032,-0.306452,0.806452,-0.548387,0.919355,-0.774194,0.387097,-0.677419,0.435484,-0.951613,0.483871,-1.000000,0.467742,-0.951613,0.145161,-0.725806,0.258065,-0.951613,0.225806,-0.677419,0.177419,-0.451613,-0.080645,-0.693548,0.016129,-0.935484,0.000000,-0.645161,-0.032258,-0.435484,-0.322581,-0.629032,-0.241935,-0.790323,-0.193548,-0.564516,-0.209677,-0.403226
T,Right,legacy_bisindo_T_141,0.000000,0.000000,0.327869,0.098361,0.655738,0.360656,0.836066,0.622951,0.950820,0.836066,0.409836,0.754098,0.459016,0.967213,0.491803,0.983607,0.508197,0.983607,0.196721,0.770492,0.278689,1.000000,0.262295,0.704918,0.213115,0.475410,-0.049180,0.737705,0.049180,0.967213,0.065574,0.655738,0.032787,0.442623,-0.295082,0.655738,-0.213115,0.819672,-0.147541,0.590164,-0.163934,0.426230
T,Right,legacy_bisindo_T_142,0.000000,0.000000,0.281250,-0.046875,0.625000,-0.265625,0.796875,-0.515625,0.890625,-0.750000,0.406250,-0.640625,0.468750,-0.843750,0.484375,-0.953125,0.484375,-1.000000,0.187500,-0.687500,0.281250,-0.921875,0.234375,-0.640625,0.203125,-0.437500,-0.031250,-0.671875,0.046875,-0.906250,0.031250,-0.625000,0.000000,-0.421875,-0.265625,-0.625000,-0.203125,-0.781250,-0.171875,-0.562500,-0.187500,-0.406250
T,Right,legacy_bisindo_T_143,0.000000,0.000000,0.307692,0.046154,0.630769,0.276923,0.784615,0.523077,0.892308,0.723077,0.430769,0.630769,0.476923,0.846154,0.492308,0.938462,0.507692,1.000000,0.215385,0.676923,0.292308,0.892308,0.246154,0.615385,0.184615,0.415385,-0.030769,0.661538,0.046154,0.861538,0.030769,0.569231,0.000000,0.369231,-0.261538,0.615385,-0.184615,0.738462,-0.153846,0.538462,-0.153846,0.384615
T,Right,legacy_bisindo_T_144,0.000000,0.000000,0.316667,-0.066667,0.650000,-0.316667,0.816667,-0.566667,0.950000,-0.800000,0.416667,-0.700000,0.483333,-0.933333,0.500000,-0.966667,0.500000,-0.933333,0.183333,-0.750000,0.283333,-1.000000,0.250000,-0.700000,0.200000,-0.483333,-0.066667,-0.716667,0.033333,-0.966667,0.016667,-0.666667,-0.016667,-0.466667,-0.316667,-0.650000,-0.233333,-0.833333,-0.200000,-0.600000,-0.200000,-0.433333
T,Right,legacy_bisindo_T_145,0.000000,0.000000,0.292308,0.030769,0.600000,0.246154,0.753846,0.492308,0.861538,0.692308,0.400000,0.584615,0.446154,0.784615,0.476923,0.907692,0.476923,1.000000,0.184615,0.646154,0.276923,0.861538,0.230769,0.584615,0.153846,0.384615,-0.061538,0.646154,0.030769,0.846154,0.015385,0.553846,-0.015385,0.369231,-0.292308,0.584615,-0.215385,0.738462,-0.184615,0.538462,-0.184615,0.384615
T,Right,legacy_bisindo_T_146,0.000000,0.000000,0.305085,-0.033898,0.644068,-0.254237,0.847458,-0.491525,0.949153,-0.711864,0.440678,-0.661017,0.491525,-0.881356,0.508475,-0.966102,0.491525,-1.000000,0.220339,-0.728814,0.322034,-0.983051,0.271186,-0.711864,0.220339,-0.491525,-0.033898,-0.711864,0.067797,-0.966102,0.033898,-0.661017,-0.016949,-0.457627,-0.305085,-0.661017,-0.203390,-0.830508,-0.186441,-0.593220,-0.186441,-0.423729
T,Right,legacy_bisindo_T_147,0.000000,0.000000,0.281250,0.031250,0.609375,0.234375,0.781250,0.468750,0.890625,0.687500,0.437500,0.609375,0.484375,0.796875,0.515625,0.906250,0.515625,1.000000,0.218750,0.656250,0.328125,0.906250,0.265625,0.609375,0.203125,0.406250,-0.015625,0.656250,0.078125,0.859375,0.046875,0.562500,0.015625,0.375000,-0.250000,0.609375,-0.171875,0.750000,-0.140625,0.531250,-0.140625,0.375000
T,Right,legacy_bisindo_T_148,0.000000,0.000000,0.327586,0.051724,0.655172,0.310345,0.844828,0.568966,0.965517,0.775862,0.448276,0.706897,0.500000,0.931034,0.431034,0.672414,0.344828,0.482759,0.206897,0.758621,0.310345,1.000000,0.275862,0.672414,0.189655,0.448276,-0.034483,0.758621,0.068966,0.982759,0.051724,0.637931,0.000000,0.431034,-0.310345,0.689655,-0.189655,0.844828,-0.155172,0.603448,-0.189655,0.448276
T,Right,legacy_bisindo_T_149,0.000000,0.000000,0.344262,0.049180,0.688525,0.262295,0.868852,0.491803,1.000000,0.704918,0.475410,0.672131,0.540984,0.868852,0.459016,0.655738,0.377049,0.491803,0.245902,0.721311,0.360656,0.950820,0.295082,0.655738,0.213115,0.442623,0.016393,0.704918,0.131148,0.918033,0.098361,0.606557,0.032787,0.426230,-0.245902,0.655738,-0.131148,0.803279,-0.098361,0.590164,-0.131148,0.442623
T,Right,legacy_bisindo_T_150,0.000000,0.000000,0.482759,0.103448,0.793103,-0.068966,1.000000,-0.034483,1.000000,0.172414,0.724138,-0.586207,0.793103,-0.344828,0.689655,0.103448,0.517241,0.413793,0.344828,-0.655172,0.344828,-0.344828,0.206897,0.172414,0.103448,0.551724,-0.068966,-0.551724,-0.103448,-0.275862,-0.137931,0.206897,-0.206897,0.551724,-0.482759,-0.379310,-0.551724,-0.206897,-0.586207,0.172414,-0.586207,0.517241
T,Right,legacy_bisindo_T_151,0.000000,0.000000,0.307692,-0.057692,0.634615,-0.346154,0.807692,-0.615385,0.903846,-0.826923,0.480769,-0.750000,0.576923,-0.923077,0.538462,-0.673077,0.480769,-0.461538,0.230769,-0.807692,0.365385,-1.000000,0.326923,-0.653846,0.250000,-0.423077,-0.038462,-0.788462,0.096154,-1.000000,0.076923,-0.673077,0.019231,-0.442308,-0.326923,-0.711538,-0.192308,-0.884615,-0.173077,-0.634615,-0.192308,-0.442308
T,Right,legacy_bisindo_T_152,0.000000,0.000000,0.339623,-0.056604,0.622642,-0.396226,0.735849,-0.735849,0.811321,-0.981132,0.509434,-0.698113,0.603774,-0.886792,0.528302,-0.641509,0.452830,-0.452830,0.264151,-0.754717,0.396226,-0.943396,0.320755,-0.622642,0.245283,-0.415094,0.000000,-0.754717,0.132075,-1.000000,0.075472,-0.660377,0.037736,-0.433962,-0.283019,-0.716981,-0.169811,-0.867925,-0.169811,-0.603774,-0.188679,-0.433962
T,Right,legacy_bisindo_T_153,0.000000,0.000000,0.309091,-0.036364,0.672727,-0.254545,0.872727,-0.490909,1.000000,-0.727273,0.472727,-0.654545,0.545455,-0.836364,0.600000,-0.927273,0.618182,-0.981818,0.254545,-0.727273,0.363636,-0.927273,0.327273,-0.672727,0.254545,-0.454545,0.000000,-0.745455,0.109091,-0.963636,0.090909,-0.672727,0.018182,-0.454545,-0.290909,-0.690909,-0.163636,-0.872727,-0.145455,-0.636364,-0.181818,-0.454545
T,Right,legacy_bisindo_T_154,0.000000,0.000000,0.303571,-0.053571,0.642857,-0.303571,0.857143,-0.553571,1.000000,-0.750000,0.464286,-0.696429,0.553571,-0.892857,0.571429,-0.785714,0.553571,-0.642857,0.250000,-0.750000,0.375000,-0.946429,0.339286,-0.660714,0.267857,-0.446429,0.000000,-0.750000,0.142857,-0.982143,0.125000,-0.678571,0.053571,-0.446429,-0.250000,-0.696429,-0.142857,-0.857143,-0.107143,-0.642857,-0.125000,-0.464286
T,Right,legacy_bisindo_T_155,0.000000,0.000000,0.315789,-0.052632,0.649123,-0.298246,0.859649,-0.526316,1.000000,-0.754386,0.438596,-0.701754,0.543860,-0.964912,0.578947,-1.000000,0.578947,-0.964912,0.228070,-0.754386,0.350877,-0.964912,0.315789,-0.684211,0.245614,-0.473684,-0.017544,-0.754386,0.122807,-0.982456,0.087719,-0.684211,0.017544,-0.473684,-0.263158,-0.719298,-0.122807,-0.877193,-0.122807,-0.649123,-0.175439,-0.473684
T,Right,legacy_bisindo_T_156,0.000000,0.000000,0.355932,0.050847,0.694915,0.288136,0.864407,0.525424,1.000000,0.745763,0.457627,0.661017,0.559322,0.932203,0.610169,0.983051,0.627119,0.983051,0.254237,0.711864,0.389831,0.949153,0.355932,0.694915,0.271186,0.474576,0.016949,0.728814,0.152542,0.966102,0.135593,0.677966,0.067797,0.474576,-0.254237,0.677966,-0.101695,0.847458,-0.067797,0.644068,-0.118644,0.474576
T,Right,legacy_bisindo_T_157,0.000000,0.000000,0.320755,-0.037736,0.679245,-0.301887,0.867925,-0.566038,1.000000,-0.773585,0.471698,-0.679245,0.547170,-0.886792,0.603774,-0.943396,0.660377,-0.981132,0.226415,-0.754717,0.358491,-0.981132,0.320755,-0.698113,0.264151,-0.471698,-0.018868,-0.754717,0.094340,-1.000000,0.075472,-0.698113,0.018868,-0.452830,-0.301887,-0.698113,-0.169811,-0.886792,-0.150943,-0.641509,-0.188679,-0.452830
T,Right,legacy_bisindo_T_158,0.000000,0.000000,0.293103,0.000000,0.637931,0.206897,0.810345,0.448276,0.965517,0.620690,0.448276,0.568966,0.551724,0.793103,0.603448,0.913793,0.655172,1.000000,0.241379,0.637931,0.379310,0.862069,0.344828,0.586207,0.258621,0.396552,0.000000,0.655172,0.137931,0.879310,0.137931,0.586207,0.068966,0.379310,-0.241379,0.620690,-0.120690,0.775862,-0.103448,0.568966,-0.137931,0.379310
T,Right,legacy_bisindo_T_159,0.000000,0.000000,0.333333,-0.055556,0.685185,-0.314815,0.851852,-0.592593,0.981481,-0.814815,0.481481,-0.740741,0.574074,-1.000000,0.629630,-0.944444,0.648148,-0.833333,0.240741,-0.796296,0.407407,-1.000000,0.370370,-0.722222,0.296296,-0.481481,0.000000,-0.777778,0.148148,-1.000000,0.129630,-0.703704,0.055556,-0.462963,-0.277778,-0.703704,-0.148148,-0.888889,-0.111111,-0.666667,-0.129630,-0.462963
T,Right,legacy_bisindo_T_160,0.000000,0.000000,0.355932,0.033898,0.677966,0.254237,0.847458,0.508475,1.000000,0.677966,0.491525,0.694915,0.576271,0.932203,0.525424,0.728814,0.474576,0.542373,0.271186,0.728814,0.406780,0.966102,0.372881,0.661017,0.288136,0.457627,0.050847,0.728814,0.169492,0.966102,0.152542,0.644068,0.084746,0.440678,-0.203390,0.677966,-0.084746,0.830508,-0.067797,0.593220,-0.101695,0.440678
T,Right,legacy_bisindo_T_161,0.000000,0.000000,0.300000,0.033333,0.650000,-0.133333,0.866667,-0.316667,1.000000,-0.516667,0.500000,-0.500000,0.600000,-0.716667,0.666667,-0.816667,0.700000,-0.883333,0.316667,-0.583333,0.433333,-0.750000,0.400000,-0.516667,0.333333,-0.333333,0.100000,-0.583333,0.216667,-0.783333,0.183333,-0.516667,0.133333,-0.316667,-0.116667,-0.566667,-0.016667,-0.683333,-0.016667,-0.483333,-0.050000,-0.316667
T,Right,legacy_bisindo_T_162,0.000000,0.000000,0.338983,-0.050847,0.677966,0.135593,0.847458,0.372881,1.000000,0.542373,0.542373,0.508475,0.610169,0.711864,0.677966,0.830508,0.728814,0.898305,0.338983,0.610169,0.457627,0.762712,0.406780,0.508475,0.322034,0.305085,0.135593,0.644068,0.237288,0.779661,0.186441,0.525424,0.118644,0.338983,-0.101695,0.627119,0.000000,0.711864,-0.016949,0.508475,-0.067797,0.355932
T,Right,legacy_bisindo_T_163,0.000000,0.000000,0.288462,-0.038462,0.634615,-0.288462,0.846154,-0.519231,1.000000,-0.711538,0.500000,-0.673077,0.634615,-0.884615,0.730769,-0.903846,0.788462,-0.903846,0.269231,-0.750000,0.442308,-0.961538,0.403846,-0.673077,0.307692,-0.442308,0.019231,-0.769231,0.192308,-0.961538,0.134615,-0.653846,0.057692,-0.423077,-0.250000,-0.730769,-0.115385,-0.865385,-0.096154,-0.615385,-0.134615,-0.442308
T,Right,legacy_bisindo_T_164,0.000000,0.000000,0.303571,-0.017857,0.660714,0.214286,0.857143,0.428571,1.000000,0.625000,0.517857,0.589286,0.589286,0.839286,0.625000,0.892857,0.642857,0.910714,0.285714,0.678571,0.428571,0.910714,0.375000,0.642857,0.303571,0.428571,0.035714,0.696429,0.178571,0.910714,0.142857,0.607143,0.071429,0.392857,-0.232143,0.660714,-0.071429,0.803571,-0.071429,0.571429,-0.125000,0.392857
T,Right,legacy_bisindo_T_165,0.000000,0.000000,0.309091,-0.036364,0.618182,-0.309091,0.800000,-0.581818,0.963636,-0.781818,0.436364,-0.672727,0.563636,-0.890909,0.636364,-0.945455,0.690909,-0.963636,0.218182,-0.745455,0.381818,-1.000000,0.345455,-0.690909,0.272727,-0.472727,-0.036364,-0.745455,0.127273,-1.000000,0.109091,-0.690909,0.036364,-0.472727,-0.309091,-0.690909,-0.163636,-0.854545,-0.145455,-0.636364,-0.181818,-0.454545
T,Right,legacy_bisindo_T_166,0.000000,0.000000,0.301887,0.018868,0.641509,0.264151,0.830189,0.509434,1.000000,0.679245,0.490566,0.660377,0.566038,0.924528,0.509434,0.754717,0.433962,0.603774,0.264151,0.735849,0.377358,1.000000,0.339623,0.660377,0.226415,0.433962,0.000000,0.735849,0.132075,1.000000,0.113208,0.660377,0.037736,0.452830,-0.283019,0.698113,-0.150943,0.849057,-0.132075,0.622642,-0.188679,0.452830
T,Right,legacy_bisindo_T_167,0.000000,0.000000,0.327273,-0.018182,0.654545,-0.290909,0.818182,-0.581818,0.945455,-0.800000,0.490909,-0.690909,0.600000,-0.909091,0.654545,-0.909091,0.672727,-0.872727,0.272727,-0.745455,0.400000,-0.981818,0.381818,-0.690909,0.309091,-0.472727,0.018182,-0.745455,0.163636,-1.000000,0.145455,-0.690909,0.072727,-0.454545,-0.254545,-0.690909,-0.127273,-0.872727,-0.109091,-0.654545,-0.145455,-0.472727
T,Right,legacy_bisindo_T_168,0.000000,0.000000,0.269231,0.057692,0.557692,0.403846,0.653846,0.750000,0.711538,1.000000,0.461538,0.730769,0.557692,0.942308,0.480769,0.653846,0.403846,0.442308,0.250000,0.769231,0.365385,0.980769,0.288462,0.615385,0.192308,0.403846,0.000000,0.769231,0.096154,1.000000,0.076923,0.634615,0.000000,0.423077,-0.288462,0.730769,-0.173077,0.865385,-0.153846,0.615385,-0.211538,0.442308
T,Right,legacy_bisindo_T_169,0.000000,0.000000,0.327273,-0.072727,0.618182,-0.345455,0.690909,-0.636364,0.672727,-0.890909,0.418182,-0.709091,0.563636,-0.927273,0.545455,-0.690909,0.454545,-0.472727,0.218182,-0.763636,0.381818,-0.981818,0.327273,-0.672727,0.236364,-0.436364,-0.018182,-0.763636,0.127273,-1.000000,0.109091,-0.672727,0.018182,-0.436364,-0.290909,-0.709091,-0.145455,-0.890909,-0.127273,-0.654545,-0.181818,-0.472727
T,Right,legacy_bisindo_T_170,0.000000,0.000000,0.262295,0.114754,0.491803,0.442623,0.557377,0.737705,0.606557,1.000000,0.393443,0.704918,0.475410,0.885246,0.426230,0.622951,0.344262,0.409836,0.196721,0.721311,0.311475,0.918033,0.262295,0.606557,0.180328,0.393443,-0.016393,0.704918,0.098361,0.918033,0.081967,0.622951,0.016393,0.409836,-0.245902,0.639344,-0.131148,0.803279,-0.114754,0.590164,-0.147541,0.426230
T,Right,legacy_bisindo_T_171,0.000000,0.000000,0.339286,0.017857,0.696429,-0.196429,0.875000,-0.446429,1.000000,-0.642857,0.517857,-0.660714,0.607143,-0.928571,0.642857,-1.000000,0.660714,-1.000000,0.285714,-0.714286,0.410714,-0.964286,0.375000,-0.696429,0.285714,-0.464286,0.035714,-0.714286,0.160714,-0.964286,0.142857,-0.678571,0.071429,-0.446429,-0.214286,-0.660714,-0.089286,-0.857143,-0.071429,-0.660714,-0.125000,-0.464286
T,Right,legacy_bisindo_T_172,0.000000,0.000000,0.303571,0.017857,0.642857,0.267857,0.803571,0.535714,0.928571,0.732143,0.535714,0.660714,0.589286,0.910714,0.500000,0.714286,0.410714,0.517857,0.303571,0.732143,0.410714,0.982143,0.339286,0.660714,0.250000,0.428571,0.053571,0.732143,0.160714,1.000000,0.125000,0.678571,0.053571,0.446429,-0.214286,0.696429,-0.107143,0.857143,-0.089286,0.625000,-0.125000,0.446429
T,Right,legacy_bisindo_T_173,0.000000,0.000000,0.301587,-0.031746,0.634921,-0.206349,0.809524,-0.428571,0.920635,-0.619048,0.444444,-0.619048,0.523810,-0.873016,0.571429,-0.984127,0.603175,-1.000000,0.238095,-0.682540,0.349206,-0.904762,0.301587,-0.650794,0.238095,-0.428571,0.015873,-0.682540,0.126984,-0.904762,0.095238,-0.650794,0.047619,-0.428571,-0.222222,-0.634921,-0.111111,-0.809524,-0.095238,-0.619048,-0.126984,-0.444444
T,Right,legacy_bisindo_T_174,0.000000,0.000000,0.333333,0.017544,0.684211,0.228070,0.859649,0.473684,0.982456,0.701754,0.473684,0.684211,0.596491,0.964912,0.631579,0.982456,0.614035,0.929825,0.263158,0.736842,0.403509,1.000000,0.350877,0.701754,0.263158,0.473684,0.017544,0.754386,0.157895,1.000000,0.122807,0.701754,0.070175,0.456140,-0.245614,0.701754,-0.105263,0.877193,-0.087719,0.666667,-0.140351,0.473684
T,Right,legacy_bisindo_T_175,0.000000,0.000000,0.322034,-0.016949,0.694915,-0.237288,0.898305,-0.491525,1.000000,-0.711864,0.508475,-0.677966,0.627119,-0.983051,0.627119,-0.949153,0.593220,-0.847458,0.288136,-0.728814,0.406780,-0.983051,0.355932,-0.711864,0.271186,-0.491525,0.050847,-0.728814,0.169492,-0.983051,0.135593,-0.694915,0.067797,-0.474576,-0.203390,-0.677966,-0.084746,-0.864407,-0.067797,-0.661017,-0.101695,-0.491525
T,Right,legacy_bisindo_T_176,0.000000,0.000000,0.310345,0.034483,0.637931,0.275862,0.810345,0.517241,0.948276,0.689655,0.482759,0.672414,0.586207,0.913793,0.517241,0.706897,0.431034,0.534483,0.275862,0.724138,0.396552,0.982759,0.344828,0.672414,0.258621,0.448276,0.034483,0.741379,0.172414,1.000000,0.155172,0.672414,0.068966,0.465517,-0.241379,0.689655,-0.086207,0.862069,-0.068966,0.655172,-0.120690,0.482759
T,Right,legacy_bisindo_T_177,0.000000,0.000000,0.375000,-0.035714,0.714286,-0.267857,0.892857,-0.535714,1.000000,-0.767857,0.500000,-0.696429,0.642857,-0.910714,0.607143,-0.714286,0.517857,-0.500000,0.285714,-0.750000,0.446429,-0.982143,0.392857,-0.678571,0.303571,-0.446429,0.053571,-0.750000,0.214286,-0.982143,0.178571,-0.678571,0.089286,-0.428571,-0.214286,-0.714286,-0.071429,-0.875000,-0.071429,-0.642857,-0.107143,-0.464286
T,Right,legacy_bisindo_T_178,0.000000,0.000000,0.310345,0.017241,0.637931,0.275862,0.810345,0.517241,0.913793,0.706897,0.500000,0.689655,0.586207,0.948276,0.500000,0.706897,0.413793,0.482759,0.275862,0.741379,0.396552,0.982759,0.327586,0.672414,0.258621,0.448276,0.034483,0.741379,0.155172,1.000000,0.120690,0.672414,0.068966,0.448276,-0.241379,0.706897,-0.103448,0.862069,-0.086207,0.637931,-0.137931,0.465517
T,Right,legacy_bisindo_T_179,0.000000,0.000000,0.320755,-0.056604,0.603774,-0.320755,0.716981,-0.603774,0.792453,-0.830189,0.547170,-0.679245,0.679245,-0.867925,0.698113,-0.754717,0.679245,-0.641509,0.320755,-0.754717,0.471698,-0.981132,0.433962,-0.679245,0.339623,-0.452830,0.056604,-0.773585,0.226415,-1.000000,0.188679,-0.698113,0.094340,-0.471698,-0.226415,-0.754717,-0.075472,-0.905660,-0.075472,-0.679245,-0.113208,-0.490566
T,Right,legacy_bisindo_T_180,0.000000,0.000000,0.290909,0.036364,0.600000,0.363636,0.727273,0.690909,0.836364,0.945455,0.563636,0.709091,0.654545,0.909091,0.563636,0.618182,0.472727,0.400000,0.345455,0.763636,0.472727,0.963636,0.381818,0.636364,0.272727,0.400000,0.090909,0.781818,0.236364,1.000000,0.181818,0.672727,0.090909,0.454545,-0.181818,0.763636,-0.054545,0.890909,-0.054545,0.654545,-0.109091,0.472727
T,Right,legacy_bisindo_T_181,0.000000,0.000000,0.322034,-0.050847,0.661017,-0.271186,0.864407,-0.525424,1.000000,-0.711864,0.508475,-0.694915,0.644068,-0.898305,0.593220,-0.677966,0.491525,-0.440678,0.305085,-0.745763,0.440678,-0.949153,0.355932,-0.661017,0.271186,-0.423729,0.067797,-0.745763,0.203390,-0.966102,0.135593,-0.661017,0.050847,-0.457627,-0.203390,-0.711864,-0.050847,-0.864407,-0.050847,-0.644068,-0.101695,-0.474576
T,Right,legacy_bisindo_T_182,0.000000,0.000000,0.327586,0.034483,0.672414,0.275862,0.862069,0.500000,1.000000,0.672414,0.534483,0.689655,0.637931,0.896552,0.534483,0.637931,0.431034,0.413793,0.310345,0.741379,0.431034,0.965517,0.344828,0.655172,0.258621,0.431034,0.068966,0.758621,0.189655,0.982759,0.137931,0.672414,0.068966,0.465517,-0.206897,0.724138,-0.068966,0.862069,-0.068966,0.637931,-0.103448,0.482759
T,Right,legacy_bisindo_T_183,0.000000,0.000000,0.311475,-0.016393,0.688525,-0.229508,0.868852,-0.459016,1.000000,-0.655738,0.508197,-0.672131,0.622951,-0.934426,0.639344,-0.983607,0.639344,-0.950820,0.311475,-0.721311,0.442623,-0.950820,0.377049,-0.704918,0.295082,-0.491803,0.081967,-0.737705,0.213115,-0.967213,0.163934,-0.688525,0.081967,-0.491803,-0.163934,-0.704918,-0.032787,-0.868852,-0.032787,-0.655738,-0.081967,-0.508197
T,Right,legacy_bisindo_T_184,0.000000,0.000000,0.344828,0.034483,0.706897,0.241379,0.879310,0.465517,1.000000,0.672414,0.534483,0.689655,0.655172,0.982759,0.655172,0.948276,0.637931,0.879310,0.310345,0.741379,0.448276,1.000000,0.379310,0.724138,0.293103,0.500000,0.068966,0.758621,0.206897,1.000000,0.155172,0.706897,0.086207,0.482759,-0.206897,0.724138,-0.068966,0.896552,-0.051724,0.689655,-0.103448,0.517241
T,Right,legacy_bisindo_T_185,0.000000,0.000000,0.322034,0.000000,0.677966,-0.237288,0.864407,-0.491525,1.000000,-0.677966,0.542373,-0.661017,0.644068,-0.898305,0.610169,-0.762712,0.542373,-0.542373,0.305085,-0.745763,0.423729,-0.966102,0.338983,-0.661017,0.254237,-0.423729,0.050847,-0.762712,0.169492,-0.966102,0.101695,-0.661017,0.050847,-0.440678,-0.203390,-0.728814,-0.084746,-0.864407,-0.101695,-0.627119,-0.135593,-0.457627
T,Right,legacy_bisindo_T_186,0.000000,0.000000,0.322034,0.016949,0.677966,0.203390,0.864407,0.423729,1.000000,0.610169,0.542373,0.661017,0.610169,0.881356,0.508475,0.644068,0.406780,0.457627,0.322034,0.728814,0.423729,0.949153,0.338983,0.627119,0.220339,0.423729,0.084746,0.745763,0.203390,0.966102,0.135593,0.644068,0.050847,0.440678,-0.169492,0.728814,-0.067797,0.864407,-0.067797,0.627119,-0.118644,0.457627
T,Right,legacy_bisindo_T_187,0.000000,0.000000,0.283333,0.000000,0.616667,-0.183333,0.833333,-0.366667,1.000000,-0.516667,0.500000,-0.600000,0.600000,-0.800000,0.650000,-0.916667,0.700000,-0.983333,0.300000,-0.666667,0.433333,-0.883333,0.366667,-0.633333,0.300000,-0.416667,0.083333,-0.700000,0.200000,-0.916667,0.150000,-0.633333,0.083333,-0.416667,-0.183333,-0.683333,-0.050000,-0.833333,-0.050000,-0.616667,-0.083333,-0.433333
T,Right,legacy_bisindo_T_188,0.000000,0.000000,0.310345,0.017241,0.655172,0.224138,0.844828,0.431034,1.000000,0.603448,0.551724,0.655172,0.620690,0.862069,0.568966,0.724138,0.482759,0.586207,0.327586,0.724138,0.431034,0.948276,0.362069,0.655172,0.258621,0.413793,0.068966,0.741379,0.206897,0.948276,0.155172,0.655172,0.068966,0.413793,-0.189655,0.724138,-0.051724,0.862069,-0.051724,0.637931,-0.103448,0.465517
T,Right,legacy_bisindo_T_189,0.000000,0.000000,0.333333,0.015152,0.666667,0.196970,0.848485,0.378788,0.954545,0.575758,0.515152,0.515152,0.545455,0.772727,0.515152,0.893939,0.469697,1.000000,0.318182,0.545455,0.348485,0.803030,0.303030,0.560606,0.272727,0.393939,0.121212,0.530303,0.121212,0.742424,0.090909,0.500000,0.106061,0.363636,-0.075758,0.484848,-0.090909,0.681818,-0.090909,0.515152,-0.060606,0.393939
T,Right,legacy_bisindo_T_190,0.000000,0.000000,0.317460,-0.031746,0.666667,-0.222222,0.857143,-0.428571,1.000000,-0.603175,0.507937,-0.666667,0.619048,-0.920635,0.619048,-0.936508,0.603175,-0.888889,0.301587,-0.714286,0.428571,-0.952381,0.365079,-0.698413,0.285714,-0.492063,0.079365,-0.730159,0.206349,-0.952381,0.142857,-0.682540,0.079365,-0.476190,-0.174603,-0.698413,-0.047619,-0.857143,-0.047619,-0.634921,-0.095238,-0.476190
T,Right,legacy_bisindo_T_191,0.000000,0.000000,0.333333,0.017544,0.684211,0.192982,0.859649,0.421053,1.000000,0.578947,0.543860,0.649123,0.684211,0.947368,0.701754,0.947368,0.666667,0.877193,0.333333,0.719298,0.473684,0.947368,0.385965,0.666667,0.298246,0.438596,0.070175,0.736842,0.210526,0.964912,0.157895,0.649123,0.087719,0.421053,-0.192982,0.719298,-0.070175,0.859649,-0.070175,0.631579,-0.105263,0.456140
T,Right,legacy_bisindo_T_192,0.000000,0.000000,0.295082,-0.016393,0.639344,-0.213115,0.852459,-0.409836,1.000000,-0.590164,0.491803,-0.655738,0.622951,-0.901639,0.590164,-0.721311,0.508197,-0.524590,0.278689,-0.704918,0.426230,-0.934426,0.344262,-0.639344,0.262295,-0.426230,0.049180,-0.721311,0.196721,-0.934426,0.131148,-0.639344,0.049180,-0.442623,-0.196721,-0.672131,-0.081967,-0.836066,-0.081967,-0.622951,-0.114754,-0.475410
T,Right,legacy_bisindo_T_193,0.000000,0.000000,0.355932,0.000000,0.694915,0.186441,0.881356,0.406780,1.000000,0.576271,0.525424,0.661017,0.661017,0.966102,0.644068,0.864407,0.593220,0.745763,0.305085,0.711864,0.440678,0.949153,0.372881,0.661017,0.288136,0.457627,0.050847,0.728814,0.186441,0.949153,0.152542,0.644068,0.067797,0.440678,-0.220339,0.694915,-0.084746,0.864407,-0.067797,0.644068,-0.118644,0.474576
T,Right,legacy_bisindo_T_194,0.000000,0.000000,0.316667,0.000000,0.666667,-0.183333,0.866667,-0.383333,1.000000,-0.550000,0.550000,-0.633333,0.683333,-0.866667,0.633333,-0.683333,0.533333,-0.466667,0.333333,-0.700000,0.450000,-0.916667,0.366667,-0.633333,0.283333,-0.400000,0.083333,-0.716667,0.216667,-0.933333,0.150000,-0.650000,0.066667,-0.416667,-0.166667,-0.683333,-0.050000,-0.833333,-0.066667,-0.633333,-0.100000,-0.466667
T,Right,legacy_bisindo_T_195,0.000000,0.000000,0.344828,0.017241,0.672414,0.206897,0.862069,0.413793,1.000000,0.586207,0.568966,0.620690,0.672414,0.879310,0.672414,0.862069,0.637931,0.810345,0.344828,0.706897,0.448276,0.931034,0.379310,0.655172,0.293103,0.448276,0.086207,0.724138,0.206897,0.965517,0.172414,0.672414,0.103448,0.448276,-0.189655,0.706897,-0.068966,0.862069,-0.068966,0.655172,-0.103448,0.482759
T,Right,legacy_bisindo_T_196,0.000000,0.000000,0.344262,-0.049180,0.688525,-0.245902,0.885246,-0.459016,0.983607,-0.672131,0.491803,-0.688525,0.622951,-0.918033,0.606557,-0.688525,0.540984,-0.459016,0.278689,-0.737705,0.426230,-0.967213,0.377049,-0.688525,0.295082,-0.459016,0.049180,-0.737705,0.196721,-1.000000,0.163934,-0.704918,0.098361,-0.475410,-0.196721,-0.704918,-0.065574,-0.901639,-0.049180,-0.688525,-0.098361,-0.491803
T,Right,legacy_bisindo_T_197,0.000000,0.000000,0.344262,0.032787,0.688525,0.213115,0.885246,0.426230,1.000000,0.606557,0.524590,0.672131,0.655738,0.950820,0.590164,0.721311,0.508197,0.508197,0.311475,0.737705,0.459016,0.950820,0.377049,0.655738,0.278689,0.442623,0.081967,0.737705,0.229508,0.983607,0.180328,0.672131,0.098361,0.459016,-0.163934,0.704918,-0.049180,0.885246,-0.032787,0.672131,-0.081967,0.491803
T,Right,legacy_bisindo_T_198,0.000000,0.000000,0.306452,0.000000,0.661290,-0.193548,0.854839,-0.387097,1.000000,-0.548387,0.516129,-0.629032,0.661290,-0.838710,0.596774,-0.612903,0.516129,-0.403226,0.306452,-0.693548,0.451613,-0.903226,0.354839,-0.612903,0.274194,-0.387097,0.080645,-0.709677,0.209677,-0.935484,0.145161,-0.645161,0.080645,-0.435484,-0.161290,-0.677419,-0.048387,-0.822581,-0.064516,-0.612903,-0.096774,-0.451613
T,Right,legacy_bisindo_T_199,0.000000,0.000000,0.333333,0.033333,0.683333,0.233333,0.866667,0.450000,1.000000,0.633333,0.550000,0.700000,0.650000,0.933333,0.533333,0.683333,0.433333,0.466667,0.316667,0.766667,0.433333,0.983333,0.350000,0.683333,0.250000,0.450000,0.066667,0.766667,0.200000,1.000000,0.133333,0.683333,0.066667,0.466667,-0.200000,0.733333,-0.066667,0.900000,-0.083333,0.683333,-0.116667,0.500000
T,Right,legacy_bisindo_T_200,0.000000,0.000000,0.290323,-0.016129,0.661290,-0.193548,0.870968,-0.403226,1.000000,-0.596774,0.500000,-0.629032,0.596774,-0.887097,0.629032,-0.967742,0.629032,-0.951613,0.274194,-0.709677,0.403226,-0.919355,0.338710,-0.645161,0.274194,-0.419355,0.048387,-0.709677,0.177419,-0.935484,0.129032,-0.645161,0.064516,-0.435484,-0.209677,-0.677419,-0.080645,-0.838710,-0.080645,-0.629032,-0.129032,-0.451613
T,Right,legacy_bisindo_T_201,0.000000,0.000000,0.322034,0.000000,0.661017,0.220339,0.830508,0.440678,0.966102,0.627119,0.525424,0.644068,0.610169,0.915254,0.661017,0.983051,0.677966,1.000000,0.305085,0.711864,0.423729,0.949153,0.355932,0.661017,0.254237,0.440678,0.050847,0.728814,0.169492,0.949153,0.135593,0.661017,0.050847,0.440678,-0.220339,0.694915,-0.101695,0.881356,-0.101695,0.677966,-0.135593,0.474576
T,Right,legacy_bisindo_T_202,0.000000,0.000000,0.292308,0.000000,0.646154,-0.184615,0.846154,-0.384615,1.000000,-0.553846,0.492308,-0.569231,0.584615,-0.815385,0.600000,-0.892308,0.600000,-0.876923,0.292308,-0.646154,0.415385,-0.861538,0.323077,-0.615385,0.246154,-0.415385,0.076923,-0.661538,0.184615,-0.892308,0.123077,-0.630769,0.061538,-0.430769,-0.169231,-0.646154,-0.061538,-0.800000,-0.076923,-0.600000,-0.107692,-0.430769
T,Right,legacy_bisindo_T_203,0.000000,0.000000,0.312500,0.000000,0.656250,0.171875,0.843750,0.375000,1.000000,0.562500,0.531250,0.562500,0.625000,0.765625,0.656250,0.859375,0.671875,0.937500,0.312500,0.640625,0.437500,0.843750,0.359375,0.609375,0.265625,0.406250,0.093750,0.671875,0.218750,0.875000,0.156250,0.609375,0.093750,0.406250,-0.156250,0.640625,-0.046875,0.812500,-0.046875,0.625000,-0.093750,0.453125
T,Right,legacy_bisindo_T_204,0.000000,0.000000,0.311475,0.000000,0.655738,-0.196721,0.852459,-0.442623,1.000000,-0.639344,0.540984,-0.606557,0.672131,-0.836066,0.655738,-0.704918,0.606557,-0.508197,0.327869,-0.688525,0.475410,-0.868852,0.377049,-0.590164,0.295082,-0.360656,0.098361,-0.721311,0.229508,-0.918033,0.163934,-0.622951,0.081967,-0.409836,-0.163934,-0.688525,-0.049180,-0.819672,-0.081967,-0.606557,-0.114754,-0.426230
T,Right,legacy_bisindo_T_205,0.000000,0.000000,0.316667,0.000000,0.666667,0.216667,0.866667,0.450000,1.000000,0.616667,0.583333,0.633333,0.700000,0.900000,0.633333,0.716667,0.550000,0.516667,0.366667,0.716667,0.483333,0.933333,0.383333,0.633333,0.283333,0.416667,0.116667,0.733333,0.233333,0.950000,0.166667,0.650000,0.100000,0.433333,-0.166667,0.700000,-0.050000,0.866667,-0.050000,0.650000,-0.100000,0.466667
T,Right,legacy_bisindo_T_206,0.000000,0.000000,0.298507,0.014925,0.656716,-0.149254,0.850746,-0.343284,1.000000,-0.507463,0.507463,-0.567164,0.611940,-0.820896,0.656716,-0.880597,0.656716,-0.820896,0.313433,-0.626866,0.432836,-0.820896,0.373134,-0.582090,0.283582,-0.388060,0.104478,-0.656716,0.223881,-0.865672,0.164179,-0.611940,0.089552,-0.432836,-0.134328,-0.641791,-0.014925,-0.791045,-0.029851,-0.597015,-0.074627,-0.462687
T,Right,legacy_bisindo_T_207,0.000000,0.000000,0.322581,-0.016129,0.677419,0.161290,0.870968,0.387097,1.000000,0.580645,0.580645,0.612903,0.693548,0.935484,0.661290,0.790323,0.580645,0.596774,0.354839,0.677419,0.467742,0.903226,0.387097,0.612903,0.290323,0.403226,0.112903,0.709677,0.225806,0.919355,0.161290,0.629032,0.080645,0.403226,-0.145161,0.677419,-0.048387,0.838710,-0.064516,0.629032,-0.112903,0.451613
T,Right,legacy_bisindo_T_208,0.000000,0.000000,0.294118,0.029412,0.647059,-0.132353,0.838235,-0.338235,1.000000,-0.514706,0.514706,-0.544118,0.602941,-0.779412,0.647059,-0.852941,0.632353,-0.838235,0.308824,-0.617647,0.441176,-0.794118,0.367647,-0.544118,0.279412,-0.352941,0.102941,-0.632353,0.235294,-0.823529,0.161765,-0.573529,0.088235,-0.382353,-0.147059,-0.617647,-0.029412,-0.750000,-0.029412,-0.558824,-0.073529,-0.411765
T,Right,legacy_bisindo_T_209,0.000000,0.000000,0.328125,-0.031250,0.671875,0.140625,0.859375,0.359375,1.000000,0.546875,0.562500,0.562500,0.687500,0.812500,0.687500,0.843750,0.656250,0.812500,0.343750,0.640625,0.468750,0.859375,0.375000,0.609375,0.281250,0.406250,0.109375,0.671875,0.218750,0.875000,0.156250,0.593750,0.093750,0.390625,-0.156250,0.656250,-0.031250,0.796875,-0.046875,0.593750,-0.093750,0.437500
T,Right,legacy_bisindo_T_210,0.000000,0.000000,0.290323,0.016129,0.629032,-0.161290,0.838710,-0.387097,1.000000,-0.548387,0.564516,-0.548387,0.677419,-0.790323,0.725806,-0.887097,0.709677,-0.870968,0.354839,-0.645161,0.500000,-0.838710,0.419355,-0.580645,0.322581,-0.370968,0.129032,-0.677419,0.274194,-0.870968,0.193548,-0.596774,0.112903,-0.403226,-0.129032,-0.661290,0.000000,-0.806452,-0.016129,-0.580645,-0.064516,-0.435484
T,Right,legacy_bisindo_T_211,0.000000,0.000000,0.281250,-0.015625,0.625000,0.171875,0.843750,0.359375,1.000000,0.515625,0.562500,0.562500,0.703125,0.828125,0.718750,0.843750,0.687500,0.781250,0.359375,0.640625,0.500000,0.843750,0.406250,0.578125,0.312500,0.375000,0.140625,0.671875,0.265625,0.843750,0.187500,0.562500,0.109375,0.375000,-0.125000,0.656250,0.015625,0.765625,-0.015625,0.562500,-0.062500,0.421875
T,Right,legacy_bisindo_T_212,0.000000,0.000000,0.320000,0.020000,0.620000,-0.180000,0.720000,-0.420000,0.760000,-0.620000,0.720000,-0.600000,0.900000,-0.840000,0.980000,-0.960000,1.000000,-1.000000,0.480000,-0.740000,0.680000,-0.940000,0.560000,-0.640000,0.420000,-0.400000,0.220000,-0.800000,0.420000,-1.000000,0.320000,-0.680000,0.180000,-0.440000,-0.100000,-0.800000,0.060000,-0.920000,0.040000,-0.660000,-0.040000,-0.480000
T,Right,legacy_bisindo_T_213,0.000000,0.000000,0.288462,-0.038462,0.615385,0.115385,0.788462,0.288462,0.865385,0.442308,0.730769,0.596154,0.903846,0.826923,0.903846,0.846154,0.865385,0.807692,0.500000,0.711538,0.673077,0.942308,0.557692,0.634615,0.423077,0.403846,0.230769,0.769231,0.384615,1.000000,0.307692,0.673077,0.192308,0.423077,-0.096154,0.788462,0.057692,0.884615,0.038462,0.653846,-0.038462,0.461538
T,Right,legacy_bisindo_T_214,0.000000,0.000000,0.320755,0.056604,0.698113,-0.094340,0.886792,-0.339623,0.962264,-0.547170,0.679245,-0.622642,0.849057,-0.867925,0.886792,-0.943396,0.886792,-0.905660,0.452830,-0.735849,0.641509,-0.943396,0.547170,-0.641509,0.396226,-0.415094,0.188679,-0.811321,0.377358,-1.000000,0.283019,-0.679245,0.150943,-0.452830,-0.132075,-0.811321,0.037736,-0.924528,0.018868,-0.679245,-0.075472,-0.509434
T,Right,legacy_bisindo_T_215,0.000000,0.000000,0.301887,-0.018868,0.641509,0.169811,0.811321,0.396226,0.905660,0.566038,0.716981,0.660377,0.867925,0.905660,0.905660,0.924528,0.886792,0.886792,0.471698,0.773585,0.660377,0.962264,0.547170,0.641509,0.415094,0.396226,0.207547,0.830189,0.358491,1.000000,0.264151,0.660377,0.150943,0.415094,-0.113208,0.830189,0.056604,0.886792,0.018868,0.622642,-0.075472,0.471698
T,Right,legacy_bisindo_T_216,0.000000,0.000000,0.293103,-0.017241,0.586207,-0.189655,0.741379,-0.413793,0.810345,-0.620690,0.603448,-0.637931,0.741379,-0.844828,0.793103,-0.827586,0.758621,-0.706897,0.396552,-0.741379,0.603448,-0.948276,0.534483,-0.672414,0.396552,-0.448276,0.155172,-0.775862,0.344828,-1.000000,0.293103,-0.724138,0.172414,-0.500000,-0.120690,-0.775862,0.017241,-0.913793,0.017241,-0.689655,-0.051724,-0.517241
T,Right,legacy_bisindo_T_217,0.000000,0.000000,0.320755,0.037736,0.679245,-0.113208,0.830189,-0.339623,0.849057,-0.528302,0.698113,-0.603774,0.849057,-0.867925,0.905660,-0.943396,0.943396,-0.924528,0.471698,-0.716981,0.679245,-0.943396,0.603774,-0.679245,0.471698,-0.415094,0.207547,-0.773585,0.396226,-1.000000,0.339623,-0.698113,0.226415,-0.452830,-0.094340,-0.773585,0.037736,-0.905660,0.056604,-0.679245,0.000000,-0.471698
T,Right,legacy_bisindo_T_218,0.000000,0.000000,0.296296,0.018519,0.629630,-0.148148,0.759259,-0.388889,0.814815,-0.574074,0.592593,-0.629630,0.740741,-0.888889,0.833333,-0.962963,0.870370,-0.944444,0.370370,-0.740741,0.574074,-0.962963,0.500000,-0.666667,0.388889,-0.425926,0.111111,-0.777778,0.296296,-1.000000,0.240741,-0.685185,0.129630,-0.462963,-0.166667,-0.777778,-0.037037,-0.925926,-0.018519,-0.685185,-0.092593,-0.500000
T,Right,legacy_bisindo_T_219,0.000000,0.000000,0.317460,0.031746,0.666667,0.206349,0.841270,0.396825,0.968254,0.555556,0.571429,0.349206,0.587302,0.650794,0.555556,0.825397,0.539683,1.000000,0.365079,0.380952,0.333333,0.650794,0.285714,0.587302,0.285714,0.587302,0.142857,0.365079,0.111111,0.603175,0.095238,0.523810,0.111111,0.523810,-0.063492,0.349206,-0.095238,0.539683,-0.079365,0.492063,-0.063492,0.476190
T,Right,legacy_bisindo_T_220,0.000000,0.000000,0.345455,0.036364,0.690909,-0.163636,0.800000,-0.436364,0.800000,-0.672727,0.654545,-0.618182,0.800000,-0.854545,0.836364,-0.890909,0.836364,-0.872727,0.400000,-0.745455,0.581818,-0.945455,0.472727,-0.654545,0.345455,-0.418182,0.127273,-0.781818,0.290909,-1.000000,0.218182,-0.690909,0.127273,-0.436364,-0.163636,-0.763636,-0.054545,-0.909091,-0.054545,-0.672727,-0.090909,-0.472727
T,Right,legacy_bisindo_T_221,0.000000,0.000000,0.275862,0.000000,0.551724,-0.172414,0.637931,-0.379310,0.655172,-0.551724,0.586207,-0.620690,0.706897,-0.862069,0.793103,-0.965517,0.827586,-0.965517,0.362069,-0.724138,0.534483,-0.982759,0.482759,-0.724138,0.379310,-0.465517,0.120690,-0.758621,0.275862,-1.000000,0.224138,-0.706897,0.137931,-0.465517,-0.155172,-0.741379,-0.034483,-0.913793,-0.017241,-0.689655,-0.068966,-0.500000
T,Right,legacy_bisindo_T_222,0.000000,0.000000,0.250000,-0.017857,0.553571,0.142857,0.642857,0.321429,0.607143,0.482143,0.642857,0.642857,0.803571,0.910714,0.857143,0.946429,0.839286,0.910714,0.410714,0.750000,0.571429,0.982143,0.482143,0.678571,0.375000,0.428571,0.142857,0.767857,0.285714,1.000000,0.214286,0.678571,0.142857,0.428571,-0.160714,0.750000,-0.017857,0.910714,-0.035714,0.660714,-0.089286,0.482143
T,Right,legacy_bisindo_T_223,0.000000,0.000000,0.315789,-0.070175,0.649123,0.035088,0.859649,0.192982,1.000000,0.350877,0.719298,0.578947,0.894737,0.842105,0.894737,0.912281,0.824561,0.912281,0.491228,0.701754,0.596491,0.912281,0.508772,0.631579,0.385965,0.403509,0.228070,0.736842,0.315789,0.947368,0.245614,0.649123,0.175439,0.403509,-0.070175,0.719298,0.017544,0.842105,0.000000,0.631579,-0.035088,0.456140
T,Right,legacy_bisindo_T_224,0.000000,0.000000,0.315789,-0.017544,0.631579,-0.228070,0.719298,-0.491228,0.719298,-0.719298,0.614035,-0.631579,0.754386,-0.842105,0.789474,-0.947368,0.789474,-0.964912,0.385965,-0.736842,0.526316,-0.964912,0.421053,-0.684211,0.333333,-0.456140,0.122807,-0.771930,0.245614,-1.000000,0.192982,-0.701754,0.105263,-0.473684,-0.175439,-0.754386,-0.052632,-0.912281,-0.052632,-0.684211,-0.087719,-0.508772
T,Right,legacy_bisindo_T_225,0.000000,0.000000,0.267857,0.017857,0.571429,0.196429,0.714286,0.446429,0.785714,0.589286,0.660714,0.660714,0.803571,0.892857,0.821429,0.964286,0.767857,0.946429,0.410714,0.750000,0.535714,0.982143,0.428571,0.678571,0.321429,0.428571,0.142857,0.785714,0.250000,1.000000,0.178571,0.660714,0.089286,0.428571,-0.160714,0.785714,-0.053571,0.910714,-0.071429,0.660714,-0.107143,0.482143
T,Right,legacy_bisindo_T_226,0.000000,0.000000,0.275862,0.000000,0.603448,-0.172414,0.724138,-0.413793,0.758621,-0.620690,0.586207,-0.620690,0.741379,-0.862069,0.775862,-0.948276,0.758621,-0.965517,0.362069,-0.724138,0.534483,-0.948276,0.448276,-0.689655,0.344828,-0.448276,0.120690,-0.758621,0.258621,-1.000000,0.189655,-0.689655,0.103448,-0.465517,-0.172414,-0.758621,-0.051724,-0.896552,-0.051724,-0.672414,-0.103448,-0.482759
T,Right,legacy_bisindo_T_227,0.000000,0.000000,0.283019,-0.018868,0.603774,0.188679,0.735849,0.433962,0.773585,0.584906,0.679245,0.641509,0.849057,0.886792,0.867925,0.981132,0.830189,1.000000,0.433962,0.754717,0.566038,0.981132,0.471698,0.679245,0.358491,0.415094,0.132075,0.792453,0.264151,1.000000,0.207547,0.660377,0.113208,0.415094,-0.169811,0.773585,-0.056604,0.905660,-0.056604,0.660377,-0.113208,0.471698
T,Right,legacy_bisindo_T_228,0.000000,0.000000,0.350877,0.087719,0.684211,0.263158,0.859649,0.403509,0.947368,0.561404,0.666667,0.263158,0.701754,0.578947,0.649123,0.807018,0.649123,1.000000,0.438596,0.280702,0.403509,0.596491,0.333333,0.701754,0.350877,0.824561,0.192982,0.280702,0.175439,0.578947,0.140351,0.684211,0.140351,0.789474,-0.017544,0.298246,-0.035088,0.543860,-0.017544,0.631579,0.000000,0.719298
T,Right,legacy_bisindo_T_229,0.000000,0.000000,0.300000,0.000000,0.657143,-0.171429,0.857143,-0.342857,1.000000,-0.514286,0.500000,-0.557143,0.600000,-0.785714,0.628571,-0.814286,0.614286,-0.771429,0.300000,-0.628571,0.428571,-0.828571,0.357143,-0.600000,0.271429,-0.400000,0.071429,-0.657143,0.185714,-0.857143,0.128571,-0.614286,0.071429,-0.414286,-0.157143,-0.628571,-0.057143,-0.771429,-0.057143,-0.585714,-0.100000,-0.428571
T,Right,legacy_bisindo_T_230,0.000000,0.000000,0.272727,0.036364,0.600000,-0.127273,0.690909,-0.345455,0.745455,-0.527273,0.618182,-0.618182,0.745455,-0.872727,0.781818,-0.981818,0.763636,-1.000000,0.363636,-0.727273,0.509091,-0.963636,0.436364,-0.690909,0.327273,-0.436364,0.090909,-0.763636,0.218182,-1.000000,0.163636,-0.690909,0.054545,-0.454545,-0.218182,-0.745455,-0.109091,-0.909091,-0.109091,-0.672727,-0.145455,-0.472727
T,Right,legacy_bisindo_T_231,0.000000,0.000000,0.298246,-0.017544,0.596491,-0.210526,0.736842,-0.438596,0.789474,-0.596491,0.614035,-0.631579,0.719298,-0.824561,0.771930,-0.912281,0.771930,-0.947368,0.368421,-0.754386,0.491228,-0.947368,0.403509,-0.684211,0.315789,-0.456140,0.105263,-0.789474,0.228070,-1.000000,0.157895,-0.701754,0.070175,-0.473684,-0.210526,-0.771930,-0.105263,-0.894737,-0.105263,-0.684211,-0.140351,-0.491228
T,Right,legacy_bisindo_T_232,0.000000,0.000000,0.289855,0.000000,0.666667,-0.173913,0.869565,-0.362319,1.000000,-0.550725,0.507246,-0.565217,0.594203,-0.797101,0.594203,-0.869565,0.579710,-0.855072,0.289855,-0.652174,0.391304,-0.855072,0.318841,-0.623188,0.231884,-0.405797,0.057971,-0.666667,0.159420,-0.884058,0.101449,-0.637681,0.043478,-0.434783,-0.188406,-0.652174,-0.101449,-0.811594,-0.101449,-0.608696,-0.130435,-0.463768
T,Right,legacy_bisindo_T_233,0.000000,0.000000,0.233333,-0.066667,0.433333,-0.316667,0.466667,-0.566667,0.466667,-0.783333,0.333333,-0.683333,0.400000,-0.883333,0.333333,-0.666667,0.250000,-0.466667,0.166667,-0.733333,0.266667,-0.950000,0.233333,-0.650000,0.166667,-0.433333,0.016667,-0.766667,0.100000,-1.000000,0.100000,-0.683333,0.050000,-0.466667,-0.166667,-0.733333,-0.083333,-0.916667,-0.066667,-0.700000,-0.083333,-0.516667
T,Right,legacy_bisindo_T_234,0.000000,0.000000,0.278689,0.049180,0.573770,0.245902,0.688525,0.459016,0.704918,0.606557,0.590164,0.721311,0.672131,0.950820,0.573770,0.754098,0.475410,0.606557,0.344262,0.786885,0.409836,1.000000,0.327869,0.655738,0.229508,0.426230,0.081967,0.803279,0.131148,0.983607,0.081967,0.655738,0.032787,0.426230,-0.213115,0.754098,-0.147541,0.885246,-0.147541,0.639344,-0.180328,0.459016
T,Right,legacy_bisindo_T_235,0.000000,0.000000,0.265625,0.031250,0.515625,-0.109375,0.562500,-0.296875,0.531250,-0.437500,0.515625,-0.609375,0.625000,-0.828125,0.640625,-0.937500,0.625000,-1.000000,0.281250,-0.703125,0.359375,-0.937500,0.296875,-0.656250,0.234375,-0.421875,0.015625,-0.718750,0.109375,-0.953125,0.078125,-0.640625,0.015625,-0.406250,-0.265625,-0.671875,-0.171875,-0.843750,-0.171875,-0.609375,-0.187500,-0.421875
T,Right,legacy_bisindo_T_236,0.000000,0.000000,0.292308,0.046154,0.600000,0.246154,0.784615,0.446154,0.892308,0.600000,0.523077,0.692308,0.630769,0.938462,0.630769,1.000000,0.569231,0.984615,0.276923,0.738462,0.353846,1.000000,0.307692,0.692308,0.215385,0.461538,0.030769,0.738462,0.107692,0.969231,0.076923,0.661538,0.030769,0.446154,-0.246154,0.692308,-0.153846,0.830769,-0.138462,0.600000,-0.169231,0.446154
T,Right,legacy_bisindo_T_237,0.000000,0.000000,0.245902,-0.081967,0.409836,-0.344262,0.393443,-0.590164,0.295082,-0.786885,0.442623,-0.672131,0.557377,-0.885246,0.622951,-0.950820,0.655738,-1.000000,0.229508,-0.737705,0.278689,-0.950820,0.262295,-0.721311,0.229508,-0.524590,0.000000,-0.770492,0.081967,-0.950820,0.081967,-0.721311,0.049180,-0.524590,-0.229508,-0.737705,-0.163934,-0.901639,-0.131148,-0.704918,-0.147541,-0.540984
T,Right,legacy_bisindo_T_238,0.000000,0.000000,0.257576,0.060606,0.500000,0.272727,0.530303,0.515152,0.500000,0.666667,0.454545,0.560606,0.545455,0.772727,0.606061,0.909091,0.606061,1.000000,0.242424,0.651515,0.318182,0.878788,0.303030,0.696970,0.242424,0.515152,0.015152,0.681818,0.060606,0.893939,0.060606,0.651515,0.030303,0.439394,-0.242424,0.666667,-0.166667,0.818182,-0.136364,0.621212,-0.151515,0.454545
T,Right,legacy_bisindo_T_239,0.000000,0.000000,-0.160000,-0.180000,-0.280000,-0.440000,-0.300000,-0.680000,-0.300000,-0.880000,-0.040000,-0.780000,0.020000,-1.000000,0.000000,-0.800000,-0.080000,-0.580000,0.100000,-0.800000,0.200000,-0.980000,0.140000,-0.740000,0.060000,-0.560000,0.200000,-0.780000,0.300000,-0.940000,0.240000,-0.740000,0.140000,-0.560000,0.260000,-0.740000,0.320000,-0.900000,0.280000,-0.740000,0.200000,-0.560000
T,Right,legacy_bisindo_T_240,0.000000,0.000000,0.263158,-0.175439,0.438596,-0.421053,0.508772,-0.631579,0.473684,-0.824561,0.298246,-0.701754,0.421053,-0.912281,0.456140,-0.789474,0.421053,-0.614035,0.140351,-0.754386,0.280702,-0.982456,0.298246,-0.789474,0.263158,-0.578947,-0.070175,-0.771930,0.087719,-1.000000,0.122807,-0.789474,0.070175,-0.578947,-0.298246,-0.754386,-0.175439,-0.947368,-0.105263,-0.807018,-0.122807,-0.614035
T,Right,legacy_bisindo_T_241,0.000000,0.000000,0.222222,0.074074,0.407407,0.277778,0.462963,0.481481,0.407407,0.629630,0.296296,0.666667,0.351852,0.925926,0.388889,0.759259,0.351852,0.574074,0.148148,0.722222,0.240741,0.962963,0.259259,0.777778,0.222222,0.574074,-0.037037,0.777778,0.055556,1.000000,0.092593,0.796296,0.055556,0.592593,-0.259259,0.777778,-0.166667,0.981481,-0.092593,0.851852,-0.111111,0.648148
T,Right,legacy_bisindo_T_242,0.000000,0.000000,0.310345,-0.103448,0.586207,-0.362069,0.689655,-0.620690,0.655172,-0.844828,0.534483,-0.724138,0.655172,-0.931034,0.689655,-0.896552,0.672414,-0.827586,0.293103,-0.793103,0.431034,-0.982759,0.413793,-0.724138,0.344828,-0.500000,0.034483,-0.810345,0.189655,-1.000000,0.172414,-0.724138,0.120690,-0.482759,-0.241379,-0.775862,-0.103448,-0.931034,-0.086207,-0.706897,-0.103448,-0.517241
T,Right,legacy_bisindo_T_243,0.000000,0.000000,0.290909,0.090909,0.509091,0.327273,0.581818,0.563636,0.563636,0.745455,0.454545,0.709091,0.545455,0.927273,0.545455,0.781818,0.509091,0.581818,0.272727,0.781818,0.363636,0.981818,0.363636,0.781818,0.309091,0.563636,0.036364,0.818182,0.127273,1.000000,0.127273,0.781818,0.072727,0.545455,-0.236364,0.818182,-0.127273,0.981818,-0.090909,0.818182,-0.127273,0.618182
T,Right,legacy_bisindo_T_244,0.000000,0.000000,0.277778,-0.111111,0.518519,-0.351852,0.629630,-0.611111,0.648148,-0.814815,0.500000,-0.722222,0.629630,-0.907407,0.666667,-0.814815,0.648148,-0.685185,0.296296,-0.777778,0.462963,-0.981481,0.462963,-0.777778,0.407407,-0.574074,0.055556,-0.833333,0.222222,-1.000000,0.222222,-0.759259,0.166667,-0.555556,-0.222222,-0.814815,-0.074074,-0.962963,-0.037037,-0.759259,-0.074074,-0.555556
T,Right,legacy_bisindo_T_245,0.000000,0.000000,0.275862,-0.103448,0.500000,-0.344828,0.603448,-0.586207,0.620690,-0.758621,0.431034,-0.672414,0.603448,-0.862069,0.603448,-0.741379,0.568966,-0.620690,0.224138,-0.758621,0.396552,-0.965517,0.344828,-0.706897,0.258621,-0.465517,0.000000,-0.793103,0.155172,-1.000000,0.137931,-0.706897,0.051724,-0.465517,-0.258621,-0.775862,-0.137931,-0.931034,-0.103448,-0.706897,-0.137931,-0.500000
T,Right,legacy_bisindo_T_246,0.000000,0.000000,0.254237,0.016949,0.525424,0.220339,0.610169,0.474576,0.610169,0.661017,0.508475,0.593220,0.627119,0.864407,0.694915,0.881356,0.694915,0.847458,0.305085,0.694915,0.423729,0.949153,0.389831,0.694915,0.288136,0.491525,0.050847,0.728814,0.186441,1.000000,0.169492,0.711864,0.084746,0.457627,-0.220339,0.728814,-0.101695,0.915254,-0.067797,0.677966,-0.118644,0.457627
T,Right,legacy_bisindo_T_247,0.000000,0.000000,0.292308,-0.092308,0.538462,-0.353846,0.630769,-0.600000,0.630769,-0.815385,0.492308,-0.692308,0.646154,-0.892308,0.723077,-0.892308,0.723077,-0.846154,0.261538,-0.753846,0.446154,-0.969231,0.400000,-0.676923,0.292308,-0.461538,0.015385,-0.784615,0.200000,-1.000000,0.184615,-0.692308,0.107692,-0.461538,-0.261538,-0.753846,-0.107692,-0.907692,-0.076923,-0.676923,-0.092308,-0.476923
T,Right,legacy_bisindo_T_248,0.000000,0.000000,0.281250,0.093750,0.562500,0.390625,0.671875,0.703125,0.671875,0.937500,0.500000,0.703125,0.625000,0.906250,0.562500,0.671875,0.468750,0.484375,0.296875,0.765625,0.437500,0.984375,0.359375,0.640625,0.250000,0.437500,0.046875,0.796875,0.203125,1.000000,0.156250,0.656250,0.062500,0.453125,-0.234375,0.781250,-0.078125,0.921875,-0.062500,0.671875,-0.125000,0.484375
T,Right,legacy_bisindo_T_249,0.000000,0.000000,0.261538,-0.030769,0.523077,-0.261538,0.615385,-0.507692,0.600000,-0.692308,0.507692,-0.661538,0.676923,-0.876923,0.753846,-0.907692,0.800000,-0.923077,0.276923,-0.769231,0.430769,-0.969231,0.353846,-0.676923,0.261538,-0.461538,0.030769,-0.815385,0.184615,-1.000000,0.138462,-0.692308,0.046154,-0.461538,-0.246154,-0.784615,-0.123077,-0.923077,-0.107692,-0.676923,-0.138462,-0.476923
T,Right,legacy_bisindo_T_250,0.000000,0.000000,0.260870,0.014493,0.521739,0.202899,0.594203,0.434783,0.579710,0.594203,0.550725,0.579710,0.666667,0.797101,0.753623,0.913043,0.797101,1.000000,0.333333,0.681159,0.492754,0.913043,0.420290,0.623188,0.289855,0.420290,0.101449,0.724638,0.246377,0.942029,0.188406,0.623188,0.086957,0.420290,-0.173913,0.739130,-0.028986,0.869565,-0.014493,0.623188,-0.086957,0.449275
T,Right,legacy_bisindo_T_251,0.000000,0.000000,0.246154,-0.061538,0.492308,-0.292308,0.600000,-0.523077,0.630769,-0.723077,0.492308,-0.646154,0.646154,-0.830769,0.707692,-0.769231,0.707692,-0.692308,0.276923,-0.738462,0.446154,-0.938462,0.384615,-0.661538,0.292308,-0.446154,0.030769,-0.784615,0.200000,-1.000000,0.169231,-0.692308,0.092308,-0.461538,-0.230769,-0.753846,-0.107692,-0.907692,-0.076923,-0.676923,-0.107692,-0.492308
T,Right,legacy_bisindo_T_252,0.000000,0.000000,0.292308,0.030769,0.600000,0.276923,0.661538,0.553846,0.646154,0.738462,0.507692,0.661538,0.600000,0.892308,0.676923,0.953846,0.738462,0.953846,0.292308,0.738462,0.446154,0.969231,0.384615,0.661538,0.261538,0.430769,0.046154,0.769231,0.184615,1.000000,0.153846,0.676923,0.061538,0.446154,-0.230769,0.769231,-0.092308,0.938462,-0.076923,0.707692,-0.138462,0.507692
T,Right,legacy_bisindo_T_253,0.000000,0.000000,0.283582,-0.104478,0.522388,-0.358209,0.582090,-0.582090,0.477612,-0.761194,0.432836,-0.731343,0.537313,-0.895522,0.492537,-0.701493,0.402985,-0.507463,0.223881,-0.791045,0.373134,-0.985075,0.328358,-0.731343,0.223881,-0.522388,0.000000,-0.820896,0.149254,-1.000000,0.119403,-0.731343,0.044776,-0.522388,-0.268657,-0.791045,-0.119403,-0.955224,-0.104478,-0.746269,-0.134328,-0.567164
T,Right,legacy_bisindo_T_254,0.000000,0.000000,0.292308,-0.061538,0.569231,-0.276923,0.676923,-0.507692,0.661538,-0.692308,0.523077,-0.692308,0.661538,-0.892308,0.630769,-0.692308,0.538462,-0.507692,0.307692,-0.769231,0.446154,-0.984615,0.400000,-0.692308,0.323077,-0.461538,0.061538,-0.800000,0.215385,-1.000000,0.184615,-0.692308,0.107692,-0.446154,-0.215385,-0.784615,-0.076923,-0.923077,-0.046154,-0.707692,-0.092308,-0.507692
T,Right,legacy_bisindo_T_255,0.000000,0.000000,0.261538,0.046154,0.507692,0.215385,0.538462,0.430769,0.430769,0.584615,0.492308,0.600000,0.600000,0.846154,0.707692,0.923077,0.769231,0.938462,0.292308,0.707692,0.415385,0.953846,0.384615,0.738462,0.307692,0.538462,0.061538,0.769231,0.169231,1.000000,0.153846,0.723077,0.076923,0.507692,-0.200000,0.784615,-0.076923,0.953846,-0.061538,0.753846,-0.107692,0.553846
T,Right,legacy_bisindo_T_256,0.000000,0.000000,0.220339,0.067797,0.440678,0.322034,0.559322,0.542373,0.644068,0.711864,0.338983,0.661017,0.389831,0.915254,0.389831,0.779661,0.372881,0.593220,0.169492,0.728814,0.220339,0.966102,0.220339,0.813559,0.186441,0.627119,-0.050847,0.745763,0.000000,1.000000,0.033898,0.847458,0.000000,0.644068,-0.271186,0.745763,-0.220339,0.966102,-0.169492,0.864407,-0.186441,0.694915
T,Right,legacy_bisindo_T_257,0.000000,0.000000,0.263158,0.052632,0.526316,0.280702,0.666667,0.491228,0.754386,0.684211,0.473684,0.684211,0.561404,0.877193,0.543860,0.701754,0.491228,0.526316,0.280702,0.771930,0.368421,0.982456,0.333333,0.719298,0.263158,0.526316,0.052632,0.824561,0.140351,1.000000,0.140351,0.736842,0.070175,0.526316,-0.210526,0.824561,-0.105263,0.982456,-0.052632,0.789474,-0.105263,0.614035
T,Right,legacy_bisindo_T_258,0.000000,0.000000,0.296875,-0.046875,0.656250,0.093750,0.875000,0.250000,1.000000,0.390625,0.593750,0.343750,0.640625,0.640625,0.593750,0.765625,0.578125,0.921875,0.406250,0.406250,0.406250,0.687500,0.312500,0.500000,0.296875,0.390625,0.203125,0.406250,0.187500,0.671875,0.125000,0.468750,0.140625,0.359375,0.015625,0.390625,0.000000,0.609375,-0.031250,0.484375,-0.015625,0.406250
T,Right,legacy_bisindo_T_259,0.000000,0.000000,0.355932,-0.050847,0.711864,-0.135593,0.864407,-0.322034,0.813559,-0.508475,0.796610,-0.254237,0.830508,-0.593220,0.779661,-0.796610,0.745763,-1.000000,0.576271,-0.372881,0.542373,-0.745763,0.440678,-0.576271,0.423729,-0.457627,0.355932,-0.406780,0.305085,-0.779661,0.237288,-0.559322,0.254237,-0.389831,0.135593,-0.423729,0.169492,-0.694915,0.169492,-0.576271,0.186441,-0.491525
T,Right,legacy_bisindo_T_260,0.000000,0.000000,0.344828,-0.017241,0.689655,0.086207,0.896552,0.189655,1.000000,0.310345,0.741379,0.293103,0.793103,0.620690,0.724138,0.810345,0.689655,0.965517,0.534483,0.362069,0.551724,0.724138,0.413793,0.551724,0.396552,0.396552,0.310345,0.413793,0.293103,0.758621,0.206897,0.534483,0.206897,0.396552,0.086207,0.431034,0.086207,0.706897,0.034483,0.568966,0.051724,0.448276
T,Right,legacy_bisindo_T_261,0.000000,0.000000,0.411765,-0.058824,0.803922,-0.137255,0.960784,-0.333333,0.941176,-0.549020,0.862745,-0.254902,0.921569,-0.588235,0.901961,-0.803922,0.862745,-1.000000,0.607843,-0.372549,0.588235,-0.803922,0.490196,-0.627451,0.490196,-0.490196,0.333333,-0.411765,0.294118,-0.803922,0.235294,-0.588235,0.254902,-0.431373,0.078431,-0.431373,0.098039,-0.725490,0.058824,-0.588235,0.078431,-0.490196
T,Right,legacy_bisindo_T_262,0.000000,0.000000,0.316667,-0.016667,0.666667,0.083333,0.866667,0.166667,1.000000,0.250000,0.650000,0.350000,0.700000,0.650000,0.650000,0.800000,0.633333,0.950000,0.450000,0.416667,0.450000,0.733333,0.350000,0.533333,0.333333,0.400000,0.233333,0.433333,0.233333,0.716667,0.150000,0.516667,0.166667,0.383333,0.033333,0.433333,0.033333,0.666667,0.000000,0.550000,0.016667,0.466667
T,Right,legacy_bisindo_T_263,0.000000,0.000000,0.300000,-0.033333,0.666667,-0.116667,0.883333,-0.250000,0.933333,-0.383333,0.683333,-0.300000,0.700000,-0.616667,0.666667,-0.800000,0.633333,-1.000000,0.450000,-0.400000,0.466667,-0.733333,0.383333,-0.566667,0.383333,-0.450000,0.233333,-0.416667,0.216667,-0.716667,0.166667,-0.533333,0.166667,-0.400000,0.016667,-0.416667,0.033333,-0.650000,-0.016667,-0.516667,-0.016667,-0.416667
T,Right,legacy_bisindo_T_264,0.000000,0.000000,0.309091,0.072727,0.654545,0.181818,0.854545,0.309091,1.000000,0.436364,0.727273,0.200000,0.854545,0.436364,0.818182,0.600000,0.818182,0.745455,0.581818,0.218182,0.654545,0.545455,0.563636,0.545455,0.527273,0.527273,0.436364,0.236364,0.490909,0.527273,0.381818,0.490909,0.345455,0.472727,0.254545,0.254545,0.345455,0.472727,0.327273,0.454545,0.327273,0.436364
T,Right,legacy_bisindo_T_265,0.000000,0.000000,0.266667,-0.166667,0.388889,-0.400000,0.377778,-0.600000,0.311111,-0.744444,0.277778,-0.733333,0.300000,-1.000000,0.300000,-0.944444,0.277778,-0.855556,0.066667,-0.744444,0.100000,-0.988889,0.100000,-0.900000,0.111111,-0.811111,-0.133333,-0.700000,-0.133333,-0.922222,-0.133333,-0.877778,-0.133333,-0.833333,-0.322222,-0.600000,-0.344444,-0.788889,-0.322222,-0.800000,-0.311111,-0.800000
T,Right,legacy_bisindo_T_266,0.000000,0.000000,0.413793,0.051724,0.810345,0.327586,1.000000,0.379310,0.862069,0.293103,0.448276,0.672414,0.344828,0.482759,0.258621,0.086207,0.206897,-0.310345,0.000000,0.706897,-0.103448,0.517241,-0.120690,0.120690,-0.103448,-0.241379,-0.344828,0.586207,-0.431034,0.448276,-0.431034,0.103448,-0.379310,-0.206897,-0.586207,0.396552,-0.706897,0.293103,-0.706897,0.086207,-0.637931,-0.137931
T,Right,legacy_bisindo_T_267,0.000000,0.000000,0.308642,0.000000,0.666667,-0.283951,0.814815,-0.456790,0.753086,-0.432099,0.518519,-0.666667,0.530864,-0.962963,0.530864,-1.000000,0.518519,-0.888889,0.172840,-0.716049,0.086420,-0.913580,0.123457,-0.802469,0.160494,-0.592593,-0.148148,-0.654321,-0.197531,-0.827160,-0.135802,-0.679012,-0.061728,-0.493827,-0.395062,-0.518519,-0.444444,-0.666667,-0.370370,-0.592593,-0.283951,-0.469136
T,Right,legacy_bisindo_T_268,0.000000,0.000000,0.421875,-0.140625,0.796875,-0.046875,1.000000,-0.093750,1.000000,-0.234375,0.531250,0.656250,0.562500,0.812500,0.484375,0.562500,0.421875,0.250000,0.125000,0.750000,0.000000,0.671875,-0.093750,0.265625,-0.125000,-0.156250,-0.234375,0.625000,-0.375000,0.546875,-0.375000,0.171875,-0.343750,-0.203125,-0.515625,0.421875,-0.703125,0.406250,-0.750000,0.156250,-0.734375,-0.125000
T,Right,legacy_bisindo_T_269,0.000000,0.000000,0.385714,0.042857,0.785714,-0.342857,0.971429,-0.571429,0.885714,-0.528571,0.571429,-0.728571,0.528571,-1.000000,0.457143,-0.785714,0.357143,-0.500000,0.171429,-0.842857,0.100000,-0.985714,0.085714,-0.657143,0.071429,-0.342857,-0.185714,-0.785714,-0.214286,-0.942857,-0.200000,-0.614286,-0.142857,-0.314286,-0.485714,-0.628571,-0.542857,-0.771429,-0.485714,-0.585714,-0.385714,-0.385714
T,Right,legacy_bisindo_T_270,0.000000,0.000000,0.388060,-0.164179,0.701493,-0.059701,0.940299,-0.059701,1.000000,-0.149254,0.373134,0.582090,0.223881,0.537313,0.119403,0.223881,0.044776,-0.104478,0.044776,0.701493,-0.104478,0.522388,-0.164179,0.149254,-0.179104,-0.194030,-0.223881,0.641791,-0.343284,0.477612,-0.328358,0.119403,-0.298507,-0.223881,-0.432836,0.477612,-0.552239,0.447761,-0.582090,0.223881,-0.567164,-0.029851
T,Right,legacy_bisindo_T_271,0.000000,0.000000,0.338462,0.123077,0.723077,-0.107692,0.969231,-0.169231,0.953846,-0.015385,0.569231,-0.830769,0.600000,-1.000000,0.569231,-0.753846,0.492308,-0.461538,0.169231,-0.923077,0.138462,-0.907692,0.123077,-0.523077,0.092308,-0.169231,-0.169231,-0.815385,-0.215385,-0.815385,-0.215385,-0.461538,-0.169231,-0.123077,-0.476923,-0.600000,-0.538462,-0.630769,-0.492308,-0.415385,-0.430769,-0.200000
T,Right,legacy_bisindo_T_272,0.000000,0.000000,-0.277778,-0.259259,-0.537037,-0.277778,-0.574074,-0.407407,-0.425926,-0.629630,-0.611111,0.611111,-0.796296,0.481481,-0.814815,0.111111,-0.740741,-0.203704,-0.259259,0.833333,-0.388889,0.611111,-0.425926,0.185185,-0.407407,-0.203704,0.111111,0.870370,0.037037,0.703704,0.000000,0.277778,-0.037037,-0.111111,0.518519,0.796296,0.555556,1.000000,0.537037,0.870370,0.500000,0.685185
T,Right,legacy_bisindo_T_273,0.000000,0.000000,0.307692,0.061538,0.630769,-0.107692,0.815385,-0.215385,0.876923,-0.200000,0.615385,-0.676923,0.769231,-1.000000,0.769231,-0.861538,0.738462,-0.692308,0.292308,-0.815385,0.323077,-0.953846,0.292308,-0.584615,0.261538,-0.246154,-0.030769,-0.769231,-0.015385,-0.846154,-0.030769,-0.492308,-0.046154,-0.184615,-0.338462,-0.615385,-0.323077,-0.646154,-0.292308,-0.400000,-0.261538,-0.200000
T,Right,legacy_bisindo_T_274,0.000000,0.000000,0.425532,0.021277,0.723404,0.276596,0.829787,0.340426,0.680851,0.255319,0.404255,0.936170,0.404255,0.702128,0.361702,0.234043,0.340426,-0.148936,-0.063830,1.000000,-0.085106,0.744681,-0.106383,0.255319,-0.106383,-0.106383,-0.446809,0.872340,-0.531915,0.659574,-0.468085,0.212766,-0.404255,-0.085106,-0.744681,0.638298,-0.936170,0.510638,-0.936170,0.234043,-0.893617,0.021277
T,Right,legacy_bisindo_T_275,0.000000,0.000000,0.381818,0.018182,0.727273,-0.200000,0.945455,-0.272727,1.000000,-0.163636,0.545455,-0.909091,0.618182,-0.636364,0.654545,-0.309091,0.636364,-0.054545,0.145455,-0.981818,0.163636,-0.527273,0.254545,-0.218182,0.309091,-0.036364,-0.236364,-0.836364,-0.200000,-0.436364,-0.109091,-0.200000,-0.054545,-0.072727,-0.545455,-0.636364,-0.490909,-0.363636,-0.381818,-0.200000,-0.309091,-0.127273
T,Right,legacy_bisindo_T_276,0.000000,0.000000,0.425926,0.018519,0.796296,0.259259,1.000000,0.333333,0.944444,0.277778,0.592593,0.814815,0.555556,0.592593,0.481481,0.148148,0.444444,-0.222222,0.148148,0.833333,0.092593,0.574074,0.055556,0.092593,0.037037,-0.240741,-0.259259,0.685185,-0.296296,0.462963,-0.277778,0.074074,-0.240741,-0.185185,-0.592593,0.444444,-0.666667,0.296296,-0.629630,0.055556,-0.537037,-0.111111
T,Right,legacy_bisindo_T_277,0.000000,0.000000,0.344828,-0.017241,0.672414,-0.379310,0.810345,-0.551724,0.741379,-0.534483,0.551724,-0.931034,0.448276,-0.879310,0.431034,-0.517241,0.379310,-0.189655,0.137931,-1.000000,0.051724,-0.931034,0.103448,-0.534483,0.137931,-0.206897,-0.224138,-0.879310,-0.293103,-0.879310,-0.241379,-0.500000,-0.155172,-0.206897,-0.568966,-0.672414,-0.586207,-0.706897,-0.500000,-0.482759,-0.379310,-0.275862
T,Right,legacy_bisindo_T_278,0.000000,0.000000,0.448980,0.081633,0.836735,0.428571,1.000000,0.530612,0.857143,0.530612,0.673469,0.959184,0.653061,0.795918,0.530612,0.346939,0.448980,-0.020408,0.183673,0.979592,0.102041,0.653061,0.040816,0.183673,0.040816,-0.142857,-0.244898,0.816327,-0.387755,0.551020,-0.387755,0.163265,-0.326531,-0.102041,-0.591837,0.571429,-0.755102,0.428571,-0.734694,0.204082,-0.653061,0.061224
T,Right,legacy_bisindo_T_279,0.000000,0.000000,-0.200000,0.150000,-0.416667,-0.066667,-0.500000,-0.133333,-0.500000,-0.083333,-0.233333,-0.716667,-0.283333,-0.883333,-0.233333,-0.550000,-0.200000,-0.250000,-0.050000,-0.883333,-0.116667,-1.000000,-0.100000,-0.616667,-0.050000,-0.283333,0.150000,-0.866667,0.083333,-1.000000,0.066667,-0.633333,0.083333,-0.300000,0.333333,-0.750000,0.400000,-0.883333,0.450000,-0.666667,0.483333,-0.466667
T,Right,legacy_bisindo_T_280,0.000000,0.000000,-0.418605,-0.046512,-0.813953,0.093023,-0.976744,0.046512,-1.000000,-0.116279,-0.558140,0.860465,-0.697674,0.627907,-0.720930,0.232558,-0.674419,-0.139535,-0.023256,0.930233,-0.186047,0.558140,-0.255814,0.139535,-0.255814,-0.186047,0.418605,0.813953,0.302326,0.465116,0.279070,0.186047,0.279070,0.046512,0.790698,0.604651,0.697674,0.348837,0.581395,0.069767,0.511628,-0.093023
T,Right,legacy_bisindo_T_281,0.000000,0.000000,0.212500,-0.150000,0.425000,-0.425000,0.537500,-0.637500,0.612500,-0.725000,0.325000,-0.337500,0.350000,-0.600000,0.400000,-0.862500,0.425000,-1.000000,0.087500,-0.325000,0.075000,-0.562500,0.112500,-0.812500,0.162500,-0.912500,-0.125000,-0.287500,-0.150000,-0.537500,-0.125000,-0.737500,-0.062500,-0.825000,-0.312500,-0.275000,-0.350000,-0.475000,-0.312500,-0.625000,-0.262500,-0.687500
T,Right,legacy_bisindo_T_282,0.000000,0.000000,0.384615,-0.076923,0.641026,0.025641,0.717949,-0.025641,0.641026,-0.128205,0.538462,0.923077,0.589744,0.487179,0.589744,0.025641,0.615385,-0.307692,0.076923,0.974359,0.076923,0.384615,0.051282,-0.051282,0.076923,-0.256410,-0.358974,0.820513,-0.512821,0.282051,-0.461538,-0.076923,-0.358974,-0.153846,-0.769231,0.564103,-1.000000,0.179487,-0.974359,-0.025641,-0.871795,-0.102564
T,Right,legacy_bisindo_T_283,0.000000,0.000000,0.303030,-0.030303,0.651515,-0.151515,0.863636,-0.303030,0.954545,-0.469697,0.515152,-0.469697,0.545455,-0.712121,0.515152,-0.848485,0.469697,-1.000000,0.303030,-0.530303,0.333333,-0.742424,0.287879,-0.515152,0.272727,-0.363636,0.090909,-0.530303,0.106061,-0.727273,0.090909,-0.500000,0.075758,-0.348485,-0.106061,-0.484848,-0.075758,-0.666667,-0.075758,-0.500000,-0.090909,-0.409091
T,Right,legacy_bisindo_T_284,0.000000,0.000000,0.333333,-0.015873,0.682540,0.126984,0.873016,0.269841,1.000000,0.365079,0.587302,0.412698,0.634921,0.698413,0.603175,0.857143,0.587302,1.000000,0.380952,0.460317,0.412698,0.761905,0.317460,0.555556,0.285714,0.396825,0.174603,0.460317,0.174603,0.746032,0.111111,0.523810,0.111111,0.380952,-0.031746,0.428571,-0.031746,0.682540,-0.047619,0.555556,-0.047619,0.460317
T,Right,legacy_bisindo_T_285,0.000000,0.000000,0.157895,-0.175439,0.263158,-0.377193,0.280702,-0.552632,0.271930,-0.666667,0.157895,-0.543860,0.201754,-0.754386,0.219298,-0.877193,0.228070,-0.973684,0.008772,-0.552632,0.043860,-0.771930,0.061404,-0.894737,0.070175,-1.000000,-0.149123,-0.517544,-0.131579,-0.719298,-0.122807,-0.842105,-0.105263,-0.947368,-0.307018,-0.464912,-0.324561,-0.631579,-0.315789,-0.736842,-0.307018,-0.815789
T,Right,legacy_bisindo_T_286,0.000000,0.000000,0.375000,0.089286,0.821429,0.375000,1.000000,0.428571,0.892857,0.392857,0.571429,0.785714,0.482143,0.607143,0.375000,0.160714,0.285714,-0.196429,0.107143,0.839286,0.035714,0.625000,-0.017857,0.178571,-0.035714,-0.160714,-0.285714,0.732143,-0.357143,0.553571,-0.357143,0.160714,-0.321429,-0.125000,-0.589286,0.553571,-0.642857,0.410714,-0.625000,0.142857,-0.589286,-0.053571
T,Right,legacy_bisindo_T_287,0.000000,0.000000,0.186916,-0.084112,0.355140,-0.308411,0.457944,-0.514019,0.514019,-0.644860,0.289720,-0.373832,0.336449,-0.663551,0.336449,-0.878505,0.336449,-1.000000,0.093458,-0.392523,0.102804,-0.663551,0.130841,-0.878505,0.140187,-0.971963,-0.084112,-0.364486,-0.102804,-0.616822,-0.093458,-0.766355,-0.065421,-0.831776,-0.252336,-0.317757,-0.299065,-0.504673,-0.280374,-0.626168,-0.252336,-0.700935
T,Right,legacy_bisindo_T_288,0.000000,0.000000,0.422222,-0.022222,0.777778,0.266667,0.955556,0.377778,0.955556,0.333333,0.622222,0.933333,0.733333,0.844444,0.644444,0.377778,0.600000,0.000000,0.177778,1.000000,0.155556,0.800000,0.111111,0.288889,0.088889,-0.111111,-0.244444,0.866667,-0.333333,0.711111,-0.311111,0.288889,-0.244444,-0.044444,-0.577778,0.644444,-0.777778,0.555556,-0.755556,0.311111,-0.666667,0.111111
T,Right,legacy_bisindo_T_289,0.000000,0.000000,-0.075472,-0.037736,0.000000,-0.396226,0.075472,-0.698113,0.150943,-0.754717,0.150943,-0.641509,0.226415,-0.924528,0.245283,-0.886792,0.264151,-0.830189,0.075472,-0.679245,0.113208,-1.000000,0.150943,-0.924528,0.169811,-0.811321,-0.018868,-0.603774,-0.018868,-0.943396,-0.018868,-0.905660,0.018868,-0.792453,-0.113208,-0.490566,-0.226415,-0.773585,-0.207547,-0.830189,-0.169811,-0.849057
T,Right,legacy_bisindo_T_290,0.000000,0.000000,-0.363636,-0.090909,-0.590909,-0.181818,-0.818182,-0.272727,-1.000000,-0.318182,-0.500000,-0.636364,-0.500000,-0.545455,-0.454545,-0.454545,-0.409091,-0.409091,-0.272727,-0.681818,-0.272727,-0.681818,-0.272727,-0.590909,-0.272727,-0.500000,0.000000,-0.681818,-0.090909,-0.772727,-0.090909,-0.681818,-0.136364,-0.590909,0.227273,-0.636364,0.136364,-0.727273,0.045455,-0.727273,-0.045455,-0.681818
T,Right,legacy_bisindo_T_291,0.000000,0.000000,0.306452,-0.064516,0.661290,-0.112903,0.838710,-0.177419,0.887097,-0.241935,0.677419,-0.258065,0.693548,-0.596774,0.645161,-0.806452,0.596774,-1.000000,0.483871,-0.322581,0.467742,-0.677419,0.370968,-0.564516,0.370968,-0.500000,0.274194,-0.338710,0.241935,-0.661290,0.177419,-0.532258,0.193548,-0.435484,0.080645,-0.338710,0.080645,-0.596774,0.048387,-0.516129,0.048387,-0.451613
T,Right,legacy_bisindo_T_292,0.000000,0.000000,0.315789,-0.065789,0.565789,-0.315789,0.618421,-0.565789,0.565789,-0.763158,0.421053,-0.697368,0.473684,-0.894737,0.407895,-0.697368,0.342105,-0.526316,0.197368,-0.750000,0.276316,-1.000000,0.223684,-0.697368,0.184211,-0.447368,-0.026316,-0.750000,0.052632,-1.000000,0.039474,-0.657895,0.026316,-0.394737,-0.263158,-0.684211,-0.144737,-0.907895,-0.118421,-0.750000,-0.118421,-0.605263
T,Right,legacy_bisindo_T_293,0.000000,0.000000,0.197674,0.069767,0.418605,0.302326,0.453488,0.523256,0.406977,0.674419,0.383721,0.569767,0.441860,0.755814,0.453488,0.883721,0.453488,1.000000,0.197674,0.616279,0.255814,0.825581,0.220930,0.569767,0.162791,0.372093,-0.011628,0.604651,0.046512,0.802326,0.046512,0.523256,0.011628,0.337209,-0.220930,0.546512,-0.162791,0.697674,-0.127907,0.511628,-0.139535,0.348837
T,Right,legacy_bisindo_T_294,0.000000,0.000000,-0.161616,0.242424,-0.252525,0.494949,-0.292929,0.717172,-0.323232,0.888889,-0.191919,0.454545,-0.191919,0.676768,-0.212121,0.848485,-0.212121,0.989899,-0.020202,0.434343,-0.030303,0.646465,-0.040404,0.848485,-0.050505,1.000000,0.141414,0.404040,0.141414,0.616162,0.131313,0.797980,0.101010,0.949495,0.292929,0.373737,0.323232,0.535354,0.303030,0.666667,0.272727,0.787879
T,Right,legacy_bisindo_T_295,0.000000,0.000000,0.321429,0.023810,0.630952,0.261905,0.785714,0.476190,0.880952,0.654762,0.428571,0.595238,0.488095,0.797619,0.488095,0.904762,0.464286,1.000000,0.226190,0.642857,0.285714,0.904762,0.261905,0.654762,0.214286,0.428571,0.000000,0.630952,0.059524,0.845238,0.059524,0.571429,0.035714,0.369048,-0.214286,0.571429,-0.142857,0.750000,-0.107143,0.547619,-0.119048,0.369048
T,Right,legacy_bisindo_T_296,0.000000,0.000000,0.231884,-0.028986,0.449275,-0.246377,0.521739,-0.449275,0.478261,-0.579710,0.434783,-0.666667,0.521739,-0.884058,0.579710,-0.956522,0.623188,-1.000000,0.202899,-0.710145,0.231884,-0.913043,0.202899,-0.652174,0.188406,-0.434783,-0.028986,-0.710145,0.000000,-0.898551,0.000000,-0.608696,-0.014493,-0.376812,-0.275362,-0.637681,-0.217391,-0.797101,-0.188406,-0.579710,-0.188406,-0.376812
T,Right,legacy_bisindo_T_297,0.000000,0.000000,0.250000,-0.039474,0.513158,-0.210526,0.671053,-0.355263,0.710526,-0.460526,0.434211,-0.631579,0.447368,-0.855263,0.421053,-0.973684,0.407895,-1.000000,0.223684,-0.671053,0.263158,-0.881579,0.210526,-0.631579,0.171053,-0.407895,0.000000,-0.671053,0.026316,-0.855263,0.000000,-0.592105,-0.013158,-0.381579,-0.223684,-0.605263,-0.197368,-0.763158,-0.184211,-0.565789,-0.171053,-0.381579
T,Right,legacy_bisindo_T_298,0.000000,0.000000,0.324324,-0.054054,0.635135,-0.256757,0.810811,-0.472973,0.905405,-0.675676,0.472973,-0.648649,0.472973,-0.878378,0.445946,-0.986486,0.418919,-1.000000,0.256757,-0.702703,0.283784,-0.905405,0.216216,-0.662162,0.189189,-0.445946,0.027027,-0.689189,0.040541,-0.891892,0.000000,-0.621622,-0.013514,-0.432432,-0.189189,-0.635135,-0.189189,-0.810811,-0.175676,-0.608108,-0.162162,-0.445946
T,Right,legacy_bisindo_T_299,0.000000,0.000000,0.230769,-0.138462,0.584615,-0.261538,0.769231,-0.400000,0.784615,-0.538462,0.676923,-0.184615,0.707692,-0.523077,0.646154,-0.769231,0.600000,-1.000000,0.523077,-0.200000,0.507692,-0.538462,0.430769,-0.661538,0.415385,-0.753846,0.353846,-0.230769,0.323077,-0.523077,0.276923,-0.646154,0.276923,-0.784615,0.184615,-0.261538,0.169231,-0.476923,0.153846,-0.584615,0.153846,-0.707692
T,Right,legacy_bisindo_T_300,0.000000,0.000000,0.344262,0.000000,0.704918,0.163934,0.885246,0.311475,1.000000,0.459016,0.573770,0.295082,0.639344,0.590164,0.622951,0.819672,0.606557,1.000000,0.344262,0.311475,0.377049,0.606557,0.344262,0.639344,0.344262,0.688525,0.131148,0.311475,0.147541,0.540984,0.131148,0.606557,0.147541,0.688525,-0.081967,0.295082,-0.065574,0.475410,-0.065574,0.524590,-0.065574,0.590164
T,Right,legacy_bisindo_T_301,0.000000,0.000000,-0.324324,0.108108,-0.756757,0.054054,-0.945946,0.135135,-1.000000,0.324324,-0.729730,-0.513514,-0.810811,-0.594595,-0.729730,-0.189189,-0.702703,0.162162,-0.432432,-0.621622,-0.540541,-0.675676,-0.513514,-0.189189,-0.459459,0.162162,-0.108108,-0.594595,-0.189189,-0.621622,-0.189189,-0.162162,-0.243243,0.162162,0.243243,-0.540541,0.162162,-0.432432,0.135135,-0.135135,0.108108,0.108108
T,Right,legacy_bisindo_T_302,0.000000,0.000000,0.328571,-0.028571,0.685714,-0.242857,0.885714,-0.485714,1.000000,-0.714286,0.500000,-0.685714,0.500000,-0.928571,0.471429,-1.000000,0.442857,-0.957143,0.271429,-0.728571,0.300000,-0.942857,0.242857,-0.657143,0.228571,-0.457143,0.042857,-0.728571,0.057143,-0.914286,0.014286,-0.614286,0.000000,-0.428571,-0.185714,-0.685714,-0.171429,-0.842857,-0.171429,-0.614286,-0.157143,-0.457143
T,Right,legacy_bisindo_T_303,0.000000,0.000000,0.337838,0.081081,0.648649,0.283784,0.837838,0.513514,0.932432,0.702703,0.486486,0.675676,0.513514,0.878378,0.486486,0.959459,0.445946,1.000000,0.256757,0.729730,0.270270,0.932432,0.216216,0.702703,0.175676,0.486486,0.027027,0.729730,0.027027,0.905405,0.013514,0.648649,0.000000,0.445946,-0.189189,0.675676,-0.189189,0.851351,-0.175676,0.648649,-0.162162,0.472973
T,Right,legacy_bisindo_T_304,0.000000,0.000000,0.342857,0.028571,0.700000,0.214286,0.900000,0.471429,1.000000,0.714286,0.557143,0.628571,0.585714,0.885714,0.500000,0.985714,0.414286,0.985714,0.314286,0.685714,0.314286,0.928571,0.242857,0.671429,0.214286,0.457143,0.085714,0.685714,0.071429,0.885714,0.028571,0.614286,0.042857,0.400000,-0.142857,0.657143,-0.142857,0.842857,-0.157143,0.628571,-0.142857,0.457143
T,Right,legacy_bisindo_T_305,0.000000,0.000000,0.342857,-0.028571,0.700000,-0.228571,0.885714,-0.471429,1.000000,-0.714286,0.514286,-0.657143,0.528571,-0.914286,0.457143,-0.985714,0.400000,-0.942857,0.300000,-0.700000,0.285714,-0.928571,0.228571,-0.657143,0.214286,-0.442857,0.071429,-0.700000,0.057143,-0.900000,0.014286,-0.600000,0.028571,-0.400000,-0.157143,-0.657143,-0.157143,-0.828571,-0.157143,-0.600000,-0.142857,-0.442857
T,Right,legacy_bisindo_T_306,0.000000,0.000000,0.358209,-0.059701,0.701493,-0.283582,0.880597,-0.522388,0.985075,-0.731343,0.492537,-0.701493,0.477612,-0.925373,0.432836,-1.000000,0.402985,-0.970149,0.283582,-0.746269,0.268657,-0.955224,0.208955,-0.686567,0.194030,-0.462687,0.059701,-0.731343,0.044776,-0.925373,0.000000,-0.641791,-0.014925,-0.432836,-0.164179,-0.686567,-0.164179,-0.865672,-0.179104,-0.656716,-0.149254,-0.477612
T,Right,legacy_bisindo_T_307,0.000000,0.000000,0.373134,0.059701,0.716418,0.283582,0.880597,0.522388,0.985075,0.731343,0.552239,0.656716,0.537313,0.880597,0.477612,0.985075,0.417910,1.000000,0.313433,0.701493,0.283582,0.925373,0.223881,0.671642,0.194030,0.432836,0.074627,0.716418,0.044776,0.895522,0.000000,0.626866,0.014925,0.402985,-0.164179,0.686567,-0.164179,0.850746,-0.179104,0.641791,-0.164179,0.462687
T,Right,legacy_bisindo_T_308,0.000000,0.000000,0.338462,-0.046154,0.676923,-0.261538,0.876923,-0.507692,1.000000,-0.723077,0.492308,-0.661538,0.507692,-0.907692,0.446154,-0.984615,0.384615,-0.969231,0.276923,-0.707692,0.276923,-0.892308,0.200000,-0.646154,0.169231,-0.430769,0.046154,-0.707692,0.046154,-0.876923,-0.015385,-0.615385,-0.030769,-0.400000,-0.169231,-0.661538,-0.184615,-0.815385,-0.184615,-0.600000,-0.184615,-0.430769
T,Right,legacy_bisindo_T_309,0.000000,0.000000,0.348485,0.030303,0.696970,0.227273,0.893939,0.469697,1.000000,0.666667,0.545455,0.636364,0.545455,0.893939,0.469697,0.969697,0.393939,0.954545,0.303030,0.666667,0.272727,0.893939,0.212121,0.636364,0.181818,0.409091,0.075758,0.681818,0.045455,0.863636,0.000000,0.590909,0.000000,0.363636,-0.151515,0.636364,-0.166667,0.803030,-0.181818,0.590909,-0.166667,0.409091
T,Right,legacy_bisindo_T_310,0.000000,0.000000,0.296875,-0.031250,0.593750,-0.250000,0.750000,-0.468750,0.875000,-0.656250,0.484375,-0.625000,0.500000,-0.828125,0.453125,-0.953125,0.390625,-1.000000,0.265625,-0.687500,0.265625,-0.875000,0.187500,-0.625000,0.156250,-0.406250,0.031250,-0.703125,0.015625,-0.875000,-0.015625,-0.593750,-0.031250,-0.375000,-0.187500,-0.656250,-0.203125,-0.812500,-0.203125,-0.609375,-0.187500,-0.421875
T,Right,legacy_bisindo_T_311,0.000000,0.000000,0.369231,0.046154,0.707692,0.261538,0.876923,0.507692,1.000000,0.723077,0.523077,0.676923,0.507692,0.923077,0.461538,1.000000,0.400000,0.984615,0.276923,0.707692,0.276923,0.923077,0.215385,0.661538,0.184615,0.430769,0.046154,0.707692,0.046154,0.892308,0.015385,0.615385,0.015385,0.400000,-0.184615,0.661538,-0.184615,0.846154,-0.184615,0.630769,-0.169231,0.446154
T,Right,legacy_bisindo_T_312,0.000000,0.000000,0.298507,-0.044776,0.656716,-0.164179,0.865672,-0.343284,0.940299,-0.522388,0.492537,-0.507463,0.522388,-0.746269,0.492537,-0.880597,0.447761,-1.000000,0.298507,-0.567164,0.313433,-0.776119,0.253731,-0.507463,0.268657,-0.388060,0.104478,-0.552239,0.104478,-0.746269,0.089552,-0.507463,0.089552,-0.373134,-0.089552,-0.507463,-0.089552,-0.671642,-0.089552,-0.507463,-0.074627,-0.402985
T,Right,legacy_bisindo_T_313,0.000000,0.000000,0.323077,-0.015385,0.676923,0.123077,0.876923,0.261538,1.000000,0.369231,0.569231,0.446154,0.600000,0.707692,0.569231,0.830769,0.553846,0.969231,0.353846,0.476923,0.384615,0.753846,0.307692,0.538462,0.292308,0.415385,0.169231,0.461538,0.169231,0.676923,0.123077,0.461538,0.123077,0.384615,-0.015385,0.415385,0.000000,0.584615,-0.030769,0.446154,-0.015385,0.384615
T,Right,legacy_bisindo_T_314,0.000000,0.000000,0.285714,-0.031746,0.555556,-0.190476,0.682540,-0.380952,0.698413,-0.587302,0.523810,-0.682540,0.539683,-0.904762,0.476190,-1.000000,0.396825,-0.984127,0.285714,-0.746032,0.285714,-0.904762,0.222222,-0.603175,0.206349,-0.396825,0.047619,-0.746032,0.047619,-0.920635,0.000000,-0.619048,0.000000,-0.412698,-0.190476,-0.698413,-0.174603,-0.841270,-0.174603,-0.619048,-0.158730,-0.444444
T,Right,legacy_bisindo_T_315,0.000000,0.000000,0.400000,-0.071429,0.757143,-0.242857,0.942857,-0.485714,1.000000,-0.714286,0.571429,-0.614286,0.542857,-0.900000,0.514286,-0.885714,0.500000,-0.828571,0.342857,-0.642857,0.328571,-0.871429,0.285714,-0.600000,0.271429,-0.385714,0.142857,-0.628571,0.114286,-0.842857,0.085714,-0.571429,0.100000,-0.371429,-0.057143,-0.585714,-0.085714,-0.771429,-0.085714,-0.585714,-0.071429,-0.428571
T,Right,legacy_bisindo_T_316,0.000000,0.000000,0.408451,-0.014085,0.732394,0.154930,0.915493,0.394366,1.000000,0.619718,0.549296,0.464789,0.563380,0.746479,0.549296,0.788732,0.535211,0.788732,0.338028,0.535211,0.352113,0.718310,0.323944,0.464789,0.295775,0.253521,0.154930,0.535211,0.154930,0.704225,0.140845,0.436620,0.140845,0.239437,-0.014085,0.507042,-0.042254,0.676056,-0.028169,0.492958,-0.028169,0.323944
T,Right,legacy_bisindo_T_317,0.000000,0.000000,0.403226,-0.064516,0.741935,-0.274194,0.919355,-0.548387,1.000000,-0.790323,0.483871,-0.677419,0.500000,-0.967742,0.500000,-1.000000,0.467742,-0.935484,0.258065,-0.709677,0.274194,-0.951613,0.241935,-0.677419,0.225806,-0.435484,0.032258,-0.693548,0.032258,-0.919355,0.032258,-0.629032,0.032258,-0.403226,-0.209677,-0.645161,-0.193548,-0.838710,-0.177419,-0.629032,-0.145161,-0.451613
T,Right,legacy_bisindo_T_318,0.000000,0.000000,0.397059,0.000000,0.750000,0.161765,0.926471,0.397059,1.000000,0.632353,0.558824,0.352941,0.573529,0.705882,0.558824,0.735294,0.558824,0.720588,0.338235,0.426471,0.323529,0.705882,0.294118,0.485294,0.294118,0.294118,0.132353,0.455882,0.117647,0.705882,0.102941,0.470588,0.117647,0.294118,-0.044118,0.441176,-0.073529,0.676471,-0.058824,0.558824,-0.044118,0.426471
T,Right,legacy_bisindo_T_319,0.000000,0.000000,0.390625,-0.093750,0.734375,-0.281250,0.921875,-0.531250,1.000000,-0.750000,0.484375,-0.656250,0.500000,-0.968750,0.500000,-0.984375,0.468750,-0.937500,0.265625,-0.687500,0.281250,-0.906250,0.250000,-0.625000,0.234375,-0.406250,0.062500,-0.656250,0.046875,-0.875000,0.046875,-0.578125,0.046875,-0.375000,-0.140625,-0.625000,-0.156250,-0.812500,-0.140625,-0.609375,-0.125000,-0.437500
T,Right,legacy_bisindo_T_320,0.000000,0.000000,0.344262,-0.049180,0.672131,-0.245902,0.868852,-0.491803,0.950820,-0.721311,0.459016,-0.639344,0.459016,-0.934426,0.426230,-1.000000,0.377049,-0.950820,0.229508,-0.672131,0.245902,-0.885246,0.213115,-0.622951,0.196721,-0.393443,0.000000,-0.655738,0.000000,-0.885246,-0.016393,-0.573770,-0.016393,-0.377049,-0.229508,-0.622951,-0.196721,-0.803279,-0.196721,-0.590164,-0.180328,-0.409836
T,Right,legacy_bisindo_T_321,0.000000,0.000000,0.355932,-0.050847,0.694915,-0.254237,0.881356,-0.508475,0.966102,-0.745763,0.474576,-0.644068,0.457627,-0.932203,0.423729,-1.000000,0.372881,-0.983051,0.237288,-0.694915,0.237288,-0.915254,0.203390,-0.644068,0.203390,-0.406780,0.016949,-0.677966,-0.016949,-0.881356,-0.016949,-0.593220,0.000000,-0.372881,-0.220339,-0.627119,-0.220339,-0.796610,-0.203390,-0.576271,-0.169492,-0.406780
T,Right,legacy_bisindo_T_322,0.000000,0.000000,0.333333,0.033333,0.683333,0.250000,0.883333,0.500000,1.000000,0.733333,0.516667,0.650000,0.533333,0.916667,0.466667,0.983333,0.383333,0.950000,0.283333,0.683333,0.266667,0.900000,0.216667,0.633333,0.216667,0.416667,0.050000,0.683333,0.033333,0.866667,0.016667,0.566667,0.033333,0.366667,-0.166667,0.633333,-0.166667,0.783333,-0.166667,0.566667,-0.133333,0.400000
T,Right,legacy_bisindo_T_323,0.000000,0.000000,0.338983,0.050847,0.661017,0.271186,0.847458,0.525424,0.949153,0.745763,0.474576,0.661017,0.474576,0.932203,0.406780,1.000000,0.355932,0.983051,0.237288,0.711864,0.220339,0.915254,0.169492,0.627119,0.186441,0.406780,0.000000,0.694915,0.016949,0.864407,-0.016949,0.559322,0.000000,0.372881,-0.220339,0.644068,-0.203390,0.779661,-0.203390,0.576271,-0.169492,0.406780
T,Right,legacy_bisindo_T_324,0.000000,0.000000,0.333333,-0.050000,0.650000,-0.250000,0.816667,-0.500000,0.883333,-0.733333,0.416667,-0.666667,0.416667,-0.933333,0.350000,-1.000000,0.300000,-0.933333,0.200000,-0.683333,0.183333,-0.916667,0.166667,-0.633333,0.166667,-0.400000,-0.016667,-0.666667,-0.033333,-0.866667,-0.050000,-0.566667,-0.033333,-0.350000,-0.233333,-0.616667,-0.233333,-0.783333,-0.216667,-0.566667,-0.200000,-0.400000
T,Right,legacy_bisindo_T_325,0.000000,0.000000,0.333333,0.035088,0.684211,0.245614,0.859649,0.508772,0.964912,0.736842,0.491228,0.684211,0.473684,0.947368,0.403509,1.000000,0.315789,0.982456,0.245614,0.701754,0.228070,0.912281,0.175439,0.631579,0.157895,0.403509,0.000000,0.684211,-0.017544,0.859649,-0.035088,0.561404,-0.017544,0.350877,-0.228070,0.614035,-0.245614,0.789474,-0.228070,0.561404,-0.192982,0.385965
T,Right,legacy_bisindo_T_326,0.000000,0.000000,0.350877,-0.035088,0.684211,-0.280702,0.842105,-0.526316,0.964912,-0.754386,0.438596,-0.666667,0.456140,-0.947368,0.385965,-1.000000,0.333333,-0.947368,0.210526,-0.684211,0.210526,-0.912281,0.157895,-0.666667,0.157895,-0.438596,-0.017544,-0.666667,-0.017544,-0.877193,-0.052632,-0.596491,-0.035088,-0.368421,-0.228070,-0.596491,-0.245614,-0.789474,-0.228070,-0.561404,-0.210526,-0.385965
T,Right,legacy_bisindo_T_327,0.000000,0.000000,0.344828,-0.068966,0.672414,-0.275862,0.844828,-0.534483,0.931034,-0.775862,0.431034,-0.637931,0.431034,-0.896552,0.379310,-1.000000,0.327586,-0.982759,0.189655,-0.655172,0.189655,-0.896552,0.155172,-0.637931,0.172414,-0.413793,-0.034483,-0.637931,-0.051724,-0.862069,-0.051724,-0.568966,-0.017241,-0.362069,-0.241379,-0.586207,-0.241379,-0.775862,-0.224138,-0.551724,-0.189655,-0.379310
T,Right,legacy_bisindo_T_328,0.000000,0.000000,0.338983,0.067797,0.644068,0.288136,0.813559,0.542373,0.898305,0.762712,0.440678,0.677966,0.440678,0.966102,0.372881,1.000000,0.305085,0.932203,0.220339,0.711864,0.186441,0.915254,0.152542,0.644068,0.169492,0.423729,-0.016949,0.677966,-0.033898,0.864407,-0.033898,0.576271,-0.016949,0.372881,-0.220339,0.627119,-0.237288,0.779661,-0.220339,0.576271,-0.186441,0.406780
T,Right,legacy_bisindo_T_329,0.000000,0.000000,0.344828,-0.051724,0.655172,-0.275862,0.827586,-0.517241,0.913793,-0.758621,0.431034,-0.672414,0.431034,-0.931034,0.362069,-1.000000,0.310345,-0.948276,0.189655,-0.689655,0.189655,-0.913793,0.155172,-0.637931,0.172414,-0.413793,-0.017241,-0.655172,-0.051724,-0.879310,-0.051724,-0.586207,-0.034483,-0.379310,-0.241379,-0.586207,-0.258621,-0.775862,-0.224138,-0.551724,-0.206897,-0.379310
T,Right,legacy_bisindo_T_330,0.000000,0.000000,0.339286,-0.071429,0.660714,-0.285714,0.821429,-0.553571,0.910714,-0.785714,0.392857,-0.660714,0.375000,-0.928571,0.339286,-1.000000,0.285714,-0.964286,0.142857,-0.678571,0.160714,-0.892857,0.142857,-0.660714,0.142857,-0.428571,-0.071429,-0.660714,-0.089286,-0.910714,-0.089286,-0.625000,-0.053571,-0.410714,-0.285714,-0.607143,-0.285714,-0.803571,-0.267857,-0.589286,-0.214286,-0.428571
T,Right,legacy_bisindo_T_331,0.000000,0.000000,0.310345,0.068966,0.603448,0.293103,0.775862,0.551724,0.862069,0.775862,0.396552,0.672414,0.379310,0.948276,0.310345,1.000000,0.241379,0.931034,0.155172,0.689655,0.137931,0.896552,0.120690,0.620690,0.137931,0.413793,-0.051724,0.672414,-0.068966,0.879310,-0.068966,0.603448,-0.034483,0.396552,-0.275862,0.620690,-0.275862,0.793103,-0.258621,0.603448,-0.206897,0.431034
T,Right,legacy_bisindo_T_332,0.000000,0.000000,0.333333,-0.087719,0.649123,-0.298246,0.807018,-0.561404,0.877193,-0.789474,0.368421,-0.649123,0.368421,-0.929825,0.350877,-1.000000,0.315789,-0.982456,0.140351,-0.684211,0.157895,-0.894737,0.140351,-0.649123,0.140351,-0.438596,-0.070175,-0.666667,-0.070175,-0.912281,-0.070175,-0.631579,-0.052632,-0.438596,-0.280702,-0.596491,-0.280702,-0.807018,-0.245614,-0.614035,-0.210526,-0.438596
T,Right,legacy_bisindo_T_333,0.000000,0.000000,0.379310,0.086207,0.672414,0.293103,0.844828,0.568966,0.913793,0.793103,0.448276,0.689655,0.431034,0.965517,0.396552,1.000000,0.362069,0.931034,0.206897,0.724138,0.224138,0.879310,0.172414,0.603448,0.172414,0.396552,0.000000,0.706897,0.017241,0.862069,0.000000,0.586207,0.017241,0.379310,-0.189655,0.655172,-0.189655,0.793103,-0.172414,0.603448,-0.155172,0.448276
T,Right,legacy_bisindo_T_334,0.000000,0.000000,0.375000,-0.107143,0.732143,-0.303571,0.928571,-0.553571,1.000000,-0.785714,0.464286,-0.642857,0.464286,-0.964286,0.464286,-0.964286,0.464286,-0.875000,0.250000,-0.660714,0.232143,-0.910714,0.232143,-0.642857,0.232143,-0.392857,0.035714,-0.625000,0.017857,-0.892857,0.035714,-0.625000,0.035714,-0.392857,-0.178571,-0.571429,-0.196429,-0.803571,-0.160714,-0.625000,-0.142857,-0.446429
T,Right,legacy_bisindo_T_335,0.000000,0.000000,0.400000,0.072727,0.709091,0.290909,0.890909,0.563636,0.963636,0.800000,0.472727,0.690909,0.454545,0.981818,0.381818,1.000000,0.363636,0.945455,0.236364,0.727273,0.236364,0.890909,0.200000,0.600000,0.200000,0.363636,0.018182,0.690909,0.018182,0.872727,0.018182,0.563636,0.036364,0.363636,-0.181818,0.636364,-0.200000,0.800000,-0.181818,0.600000,-0.163636,0.418182
T,Right,legacy_bisindo_T_336,0.000000,0.000000,0.333333,0.074074,0.648148,0.296296,0.814815,0.537037,0.925926,0.777778,0.444444,0.666667,0.425926,0.925926,0.370370,1.000000,0.296296,0.981481,0.203704,0.703704,0.203704,0.907407,0.166667,0.648148,0.166667,0.425926,-0.018519,0.685185,-0.018519,0.907407,-0.037037,0.629630,-0.018519,0.407407,-0.259259,0.629630,-0.240741,0.833333,-0.222222,0.629630,-0.185185,0.444444
T,Right,legacy_bisindo_T_337,0.000000,0.000000,0.333333,0.074074,0.666667,0.277778,0.851852,0.537037,0.944444,0.777778,0.462963,0.685185,0.462963,1.000000,0.388889,1.000000,0.314815,0.925926,0.222222,0.703704,0.203704,0.944444,0.166667,0.666667,0.166667,0.462963,-0.018519,0.703704,-0.018519,0.925926,-0.018519,0.629630,0.000000,0.425926,-0.240741,0.648148,-0.222222,0.851852,-0.222222,0.648148,-0.185185,0.481481
T,Right,legacy_bisindo_T_338,0.000000,0.000000,0.314815,-0.074074,0.648148,-0.296296,0.833333,-0.518519,0.944444,-0.740741,0.425926,-0.629630,0.425926,-0.870370,0.388889,-0.981481,0.333333,-1.000000,0.203704,-0.685185,0.203704,-0.907407,0.166667,-0.685185,0.148148,-0.462963,-0.018519,-0.685185,-0.018519,-0.925926,-0.037037,-0.685185,-0.037037,-0.462963,-0.240741,-0.629630,-0.240741,-0.833333,-0.222222,-0.648148,-0.203704,-0.481481
T,Right,legacy_bisindo_T_339,0.000000,0.000000,0.327273,0.072727,0.654545,0.254545,0.836364,0.509091,0.945455,0.709091,0.454545,0.636364,0.472727,0.872727,0.418182,0.963636,0.363636,1.000000,0.236364,0.672727,0.254545,0.890909,0.200000,0.636364,0.181818,0.436364,0.018182,0.690909,0.018182,0.909091,0.000000,0.636364,0.018182,0.436364,-0.200000,0.654545,-0.181818,0.836364,-0.181818,0.654545,-0.163636,0.472727
T,Right,legacy_bisindo_T_340,0.000000,0.000000,0.294118,-0.078431,0.588235,-0.294118,0.803922,-0.470588,0.941176,-0.607843,0.470588,-0.549020,0.509804,-0.745098,0.490196,-0.882353,0.450980,-1.000000,0.254902,-0.627451,0.294118,-0.862745,0.254902,-0.588235,0.235294,-0.372549,0.019608,-0.666667,0.058824,-0.901961,0.019608,-0.588235,0.000000,-0.372549,-0.196078,-0.627451,-0.156863,-0.823529,-0.156863,-0.607843,-0.156863,-0.431373
T,Right,legacy_bisindo_T_341,0.000000,0.000000,0.290909,0.054545,0.618182,0.254545,0.800000,0.490909,0.945455,0.654545,0.490909,0.545455,0.509091,0.745455,0.472727,0.872727,0.418182,1.000000,0.272727,0.618182,0.290909,0.800000,0.218182,0.545455,0.200000,0.363636,0.054545,0.636364,0.072727,0.818182,0.036364,0.563636,0.036364,0.345455,-0.163636,0.618182,-0.145455,0.781818,-0.127273,0.581818,-0.127273,0.400000
T,Right,legacy_bisindo_T_342,0.000000,0.000000,0.352941,-0.058824,0.705882,-0.254902,0.882353,-0.490196,1.000000,-0.705882,0.470588,-0.529412,0.490196,-0.764706,0.490196,-0.882353,0.470588,-0.980392,0.235294,-0.607843,0.274510,-0.862745,0.235294,-0.607843,0.215686,-0.392157,0.000000,-0.607843,0.019608,-0.862745,0.000000,-0.588235,0.000000,-0.372549,-0.235294,-0.588235,-0.215686,-0.803922,-0.196078,-0.588235,-0.196078,-0.411765
T,Right,legacy_bisindo_T_343,0.000000,0.000000,0.290909,0.036364,0.600000,0.218182,0.800000,0.436364,0.927273,0.636364,0.454545,0.527273,0.472727,0.727273,0.436364,0.872727,0.400000,1.000000,0.236364,0.600000,0.254545,0.800000,0.200000,0.563636,0.181818,0.363636,0.000000,0.618182,0.036364,0.800000,0.018182,0.545455,0.018182,0.345455,-0.218182,0.600000,-0.163636,0.763636,-0.163636,0.563636,-0.163636,0.400000
T,Right,legacy_bisindo_T_344,0.000000,0.000000,0.314815,-0.055556,0.648148,-0.259259,0.833333,-0.462963,0.962963,-0.666667,0.444444,-0.629630,0.462963,-0.814815,0.425926,-0.925926,0.388889,-1.000000,0.222222,-0.685185,0.259259,-0.888889,0.203704,-0.648148,0.185185,-0.425926,0.000000,-0.685185,0.037037,-0.907407,0.000000,-0.629630,0.000000,-0.407407,-0.203704,-0.648148,-0.185185,-0.814815,-0.185185,-0.611111,-0.166667,-0.444444
T,Right,legacy_bisindo_T_345,0.000000,0.000000,0.285714,0.053571,0.589286,0.232143,0.767857,0.446429,0.892857,0.625000,0.446429,0.553571,0.446429,0.750000,0.428571,0.875000,0.392857,1.000000,0.232143,0.625000,0.232143,0.821429,0.178571,0.571429,0.160714,0.375000,0.017857,0.642857,0.017857,0.821429,0.000000,0.553571,0.017857,0.357143,-0.214286,0.607143,-0.196429,0.767857,-0.178571,0.571429,-0.142857,0.392857
T,Right,legacy_bisindo_T_346,0.000000,0.000000,0.314815,-0.055556,0.629630,-0.259259,0.814815,-0.444444,0.925926,-0.648148,0.407407,-0.611111,0.425926,-0.814815,0.407407,-0.944444,0.370370,-1.000000,0.203704,-0.648148,0.222222,-0.870370,0.203704,-0.611111,0.185185,-0.407407,-0.018519,-0.648148,0.000000,-0.888889,-0.018519,-0.611111,-0.018519,-0.407407,-0.240741,-0.611111,-0.222222,-0.796296,-0.203704,-0.592593,-0.185185,-0.425926
T,Right,legacy_bisindo_T_347,0.000000,0.000000,0.290909,0.054545,0.600000,0.236364,0.781818,0.436364,0.909091,0.636364,0.418182,0.581818,0.436364,0.781818,0.418182,0.909091,0.400000,1.000000,0.200000,0.654545,0.254545,0.818182,0.218182,0.563636,0.200000,0.363636,0.000000,0.654545,0.036364,0.836364,0.018182,0.563636,0.018182,0.363636,-0.236364,0.618182,-0.181818,0.781818,-0.163636,0.581818,-0.145455,0.418182
T,Right,legacy_bisindo_T_348,0.000000,0.000000,0.259259,-0.055556,0.574074,-0.259259,0.759259,-0.444444,0.888889,-0.629630,0.388889,-0.592593,0.425926,-0.759259,0.425926,-0.888889,0.425926,-1.000000,0.185185,-0.648148,0.240741,-0.851852,0.203704,-0.611111,0.166667,-0.425926,-0.018519,-0.666667,0.018519,-0.870370,0.000000,-0.611111,-0.018519,-0.407407,-0.240741,-0.611111,-0.203704,-0.777778,-0.185185,-0.592593,-0.185185,-0.425926
T,Right,legacy_bisindo_T_349,0.000000,0.000000,0.290909,0.054545,0.581818,0.272727,0.745455,0.472727,0.890909,0.636364,0.418182,0.563636,0.436364,0.763636,0.436364,0.890909,0.418182,1.000000,0.218182,0.618182,0.272727,0.818182,0.218182,0.581818,0.200000,0.381818,0.000000,0.618182,0.054545,0.818182,0.036364,0.563636,0.018182,0.345455,-0.218182,0.581818,-0.163636,0.763636,-0.145455,0.563636,-0.145455,0.381818
T,Right,legacy_bisindo_T_350,0.000000,0.000000,0.296296,-0.055556,0.592593,-0.259259,0.777778,-0.462963,0.888889,-0.648148,0.388889,-0.574074,0.407407,-0.740741,0.388889,-0.870370,0.388889,-1.000000,0.166667,-0.629630,0.222222,-0.833333,0.185185,-0.592593,0.166667,-0.388889,-0.037037,-0.629630,0.000000,-0.870370,-0.018519,-0.611111,-0.018519,-0.388889,-0.259259,-0.592593,-0.222222,-0.777778,-0.185185,-0.592593,-0.185185,-0.407407
T,Right,legacy_bisindo_T_351,0.000000,0.000000,0.285714,0.053571,0.571429,0.250000,0.750000,0.482143,0.857143,0.660714,0.392857,0.571429,0.410714,0.785714,0.392857,0.892857,0.392857,1.000000,0.196429,0.625000,0.232143,0.839286,0.196429,0.589286,0.178571,0.410714,-0.017857,0.642857,0.017857,0.839286,0.000000,0.589286,0.000000,0.392857,-0.232143,0.607143,-0.196429,0.803571,-0.178571,0.607143,-0.160714,0.446429
T,Right,legacy_bisindo_T_352,0.000000,0.000000,0.272727,-0.054545,0.600000,-0.254545,0.763636,-0.472727,0.872727,-0.672727,0.363636,-0.600000,0.381818,-0.781818,0.363636,-0.909091,0.345455,-1.000000,0.145455,-0.654545,0.200000,-0.854545,0.163636,-0.636364,0.145455,-0.436364,-0.054545,-0.654545,-0.018182,-0.872727,-0.036364,-0.618182,-0.036364,-0.418182,-0.272727,-0.618182,-0.218182,-0.800000,-0.200000,-0.618182,-0.181818,-0.454545
T,Right,legacy_bisindo_T_353,0.000000,0.000000,0.285714,0.071429,0.571429,0.267857,0.732143,0.482143,0.839286,0.678571,0.375000,0.589286,0.392857,0.785714,0.392857,0.910714,0.375000,1.000000,0.178571,0.642857,0.214286,0.857143,0.196429,0.625000,0.160714,0.428571,-0.035714,0.660714,0.000000,0.857143,0.000000,0.607143,-0.017857,0.410714,-0.250000,0.625000,-0.214286,0.821429,-0.178571,0.642857,-0.178571,0.464286
T,Right,legacy_bisindo_T_354,0.000000,0.000000,0.296296,-0.037037,0.611111,-0.240741,0.796296,-0.462963,0.907407,-0.666667,0.370370,-0.574074,0.407407,-0.759259,0.407407,-0.888889,0.407407,-1.000000,0.166667,-0.648148,0.222222,-0.851852,0.203704,-0.629630,0.185185,-0.425926,-0.037037,-0.648148,0.000000,-0.888889,0.000000,-0.629630,0.000000,-0.425926,-0.240741,-0.611111,-0.203704,-0.796296,-0.185185,-0.592593,-0.166667,-0.425926
T,Right,legacy_bisindo_T_355,0.000000,0.000000,0.309091,0.072727,0.600000,0.254545,0.781818,0.472727,0.890909,0.672727,0.400000,0.600000,0.418182,0.781818,0.418182,0.909091,0.400000,1.000000,0.200000,0.654545,0.254545,0.872727,0.218182,0.636364,0.181818,0.436364,-0.018182,0.654545,0.036364,0.872727,0.018182,0.618182,0.018182,0.418182,-0.236364,0.618182,-0.181818,0.818182,-0.163636,0.636364,-0.145455,0.454545
T,Right,legacy_bisindo_T_356,0.000000,0.000000,0.314815,-0.055556,0.611111,-0.259259,0.796296,-0.444444,0.907407,-0.629630,0.407407,-0.592593,0.444444,-0.777778,0.444444,-0.907407,0.425926,-1.000000,0.203704,-0.648148,0.259259,-0.870370,0.222222,-0.648148,0.203704,-0.444444,0.000000,-0.648148,0.037037,-0.870370,0.018519,-0.629630,0.018519,-0.425926,-0.203704,-0.611111,-0.166667,-0.796296,-0.148148,-0.611111,-0.148148,-0.444444
T,Right,legacy_bisindo_T_357,0.000000,0.000000,0.296296,0.055556,0.592593,0.240741,0.759259,0.462963,0.888889,0.648148,0.407407,0.574074,0.425926,0.777778,0.425926,0.888889,0.425926,1.000000,0.203704,0.648148,0.259259,0.851852,0.222222,0.611111,0.203704,0.407407,-0.018519,0.648148,0.037037,0.851852,0.018519,0.592593,0.018519,0.388889,-0.240741,0.611111,-0.185185,0.814815,-0.166667,0.611111,-0.166667,0.444444
T,Right,legacy_bisindo_T_358,0.000000,0.000000,0.307692,-0.038462,0.615385,-0.250000,0.826923,-0.461538,0.961538,-0.653846,0.423077,-0.576923,0.442308,-0.730769,0.442308,-0.865385,0.442308,-1.000000,0.211538,-0.653846,0.269231,-0.826923,0.230769,-0.596154,0.211538,-0.403846,0.000000,-0.673077,0.038462,-0.865385,0.019231,-0.596154,0.019231,-0.384615,-0.230769,-0.634615,-0.173077,-0.788462,-0.153846,-0.576923,-0.153846,-0.423077
T,Right,legacy_bisindo_T_359,0.000000,0.000000,0.259259,0.074074,0.518519,0.296296,0.685185,0.481481,0.814815,0.629630,0.388889,0.592593,0.425926,0.759259,0.425926,0.888889,0.425926,1.000000,0.203704,0.648148,0.259259,0.796296,0.222222,0.555556,0.185185,0.370370,-0.018519,0.648148,0.037037,0.814815,0.037037,0.555556,0.018519,0.351852,-0.240741,0.611111,-0.185185,0.759259,-0.148148,0.574074,-0.129630,0.407407
T,Right,legacy_bisindo_T_360,0.000000,0.000000,0.307692,-0.038462,0.615385,-0.230769,0.826923,-0.442308,0.942308,-0.615385,0.442308,-0.557692,0.480769,-0.750000,0.461538,-0.884615,0.442308,-1.000000,0.250000,-0.634615,0.288462,-0.826923,0.250000,-0.596154,0.211538,-0.403846,0.038462,-0.653846,0.076923,-0.865385,0.038462,-0.596154,0.019231,-0.403846,-0.192308,-0.634615,-0.153846,-0.807692,-0.153846,-0.596154,-0.134615,-0.423077
T,Right,legacy_bisindo_T_361,0.000000,0.000000,0.296296,0.055556,0.592593,0.240741,0.759259,0.462963,0.888889,0.648148,0.407407,0.574074,0.407407,0.777778,0.407407,0.888889,0.407407,1.000000,0.203704,0.629630,0.240741,0.833333,0.203704,0.611111,0.166667,0.407407,-0.018519,0.648148,0.037037,0.851852,0.018519,0.592593,0.000000,0.370370,-0.240741,0.629630,-0.185185,0.814815,-0.166667,0.629630,-0.166667,0.444444
T,Right,legacy_bisindo_T_362,0.000000,0.000000,0.277778,0.074074,0.555556,0.277778,0.759259,0.462963,0.907407,0.611111,0.407407,0.574074,0.444444,0.759259,0.444444,0.888889,0.444444,1.000000,0.222222,0.629630,0.277778,0.814815,0.240741,0.592593,0.203704,0.388889,0.000000,0.629630,0.055556,0.833333,0.037037,0.574074,0.018519,0.370370,-0.222222,0.611111,-0.148148,0.777778,-0.148148,0.592593,-0.129630,0.425926
T,Right,legacy_bisindo_T_363,0.000000,0.000000,0.307692,-0.057692,0.615385,-0.250000,0.807692,-0.461538,0.923077,-0.634615,0.423077,-0.615385,0.442308,-0.788462,0.423077,-0.903846,0.423077,-1.000000,0.211538,-0.673077,0.250000,-0.865385,0.230769,-0.634615,0.192308,-0.423077,0.000000,-0.692308,0.038462,-0.884615,0.019231,-0.615385,0.000000,-0.403846,-0.230769,-0.653846,-0.192308,-0.826923,-0.173077,-0.634615,-0.173077,-0.461538
T,Right,legacy_bisindo_T_364,0.000000,0.000000,0.290909,0.054545,0.581818,0.254545,0.745455,0.454545,0.872727,0.636364,0.381818,0.600000,0.400000,0.763636,0.400000,0.890909,0.418182,1.000000,0.181818,0.654545,0.236364,0.836364,0.200000,0.600000,0.163636,0.400000,-0.018182,0.654545,0.036364,0.854545,0.018182,0.600000,0.018182,0.400000,-0.236364,0.636364,-0.181818,0.818182,-0.163636,0.636364,-0.145455,0.454545
T,Right,legacy_bisindo_T_365,0.000000,0.000000,0.294118,-0.039216,0.627451,-0.215686,0.823529,-0.411765,0.921569,-0.607843,0.411765,-0.568627,0.450980,-0.764706,0.450980,-0.901961,0.450980,-1.000000,0.196078,-0.647059,0.254902,-0.862745,0.215686,-0.607843,0.176471,-0.411765,-0.019608,-0.647059,0.019608,-0.882353,0.000000,-0.607843,-0.019608,-0.431373,-0.235294,-0.607843,-0.215686,-0.803922,-0.196078,-0.607843,-0.196078,-0.450980
T,Right,legacy_bisindo_T_366,0.000000,0.000000,0.283019,0.075472,0.584906,0.245283,0.773585,0.433962,0.905660,0.603774,0.433962,0.547170,0.452830,0.754717,0.471698,0.886792,0.471698,1.000000,0.226415,0.603774,0.283019,0.811321,0.226415,0.566038,0.188679,0.377358,0.000000,0.622642,0.075472,0.811321,0.037736,0.566038,0.018868,0.358491,-0.226415,0.584906,-0.150943,0.773585,-0.132075,0.603774,-0.132075,0.415094
T,Right,legacy_bisindo_T_367,0.000000,0.000000,0.270833,-0.020833,0.583333,-0.229167,0.812500,-0.416667,0.979167,-0.562500,0.458333,-0.562500,0.520833,-0.729167,0.520833,-0.875000,0.520833,-1.000000,0.250000,-0.645833,0.312500,-0.833333,0.250000,-0.604167,0.229167,-0.395833,0.020833,-0.666667,0.062500,-0.854167,0.020833,-0.583333,0.000000,-0.375000,-0.208333,-0.625000,-0.166667,-0.791667,-0.166667,-0.583333,-0.166667,-0.395833
T,Right,legacy_bisindo_T_368,0.000000,0.000000,0.283019,0.037736,0.584906,0.245283,0.754717,0.452830,0.905660,0.603774,0.415094,0.547170,0.452830,0.735849,0.452830,0.867925,0.471698,1.000000,0.226415,0.603774,0.283019,0.830189,0.245283,0.584906,0.207547,0.377358,0.000000,0.622642,0.056604,0.830189,0.037736,0.584906,0.018868,0.377358,-0.226415,0.584906,-0.169811,0.773585,-0.150943,0.603774,-0.150943,0.433962
T,Right,legacy_bisindo_T_369,0.000000,0.000000,0.270833,-0.041667,0.562500,-0.250000,0.750000,-0.437500,0.895833,-0.583333,0.458333,-0.562500,0.500000,-0.750000,0.500000,-0.875000,0.500000,-1.000000,0.250000,-0.645833,0.312500,-0.833333,0.270833,-0.583333,0.229167,-0.375000,0.020833,-0.666667,0.083333,-0.875000,0.041667,-0.583333,0.020833,-0.375000,-0.208333,-0.645833,-0.166667,-0.791667,-0.145833,-0.604167,-0.166667,-0.416667
T,Right,legacy_bisindo_T_370,0.000000,0.000000,0.269231,0.096154,0.557692,0.307692,0.769231,0.500000,0.923077,0.634615,0.442308,0.538462,0.480769,0.730769,0.480769,0.865385,0.480769,1.000000,0.250000,0.615385,0.307692,0.807692,0.269231,0.576923,0.230769,0.384615,0.019231,0.634615,0.096154,0.826923,0.076923,0.576923,0.038462,0.365385,-0.211538,0.615385,-0.134615,0.788462,-0.115385,0.615385,-0.115385,0.423077
T,Right,legacy_bisindo_T_371,0.000000,0.000000,0.326923,-0.057692,0.653846,-0.211538,0.846154,-0.403846,0.942308,-0.615385,0.423077,-0.557692,0.442308,-0.788462,0.461538,-0.903846,0.461538,-1.000000,0.211538,-0.634615,0.269231,-0.846154,0.230769,-0.596154,0.211538,-0.403846,0.000000,-0.653846,0.038462,-0.884615,0.019231,-0.634615,0.000000,-0.442308,-0.211538,-0.634615,-0.173077,-0.807692,-0.153846,-0.615385,-0.153846,-0.461538
T,Right,legacy_bisindo_T_372,0.000000,0.000000,0.307692,0.057692,0.615385,0.230769,0.807692,0.423077,0.942308,0.634615,0.423077,0.596154,0.442308,0.788462,0.442308,0.903846,0.461538,1.000000,0.211538,0.653846,0.269231,0.846154,0.230769,0.596154,0.192308,0.403846,0.000000,0.673077,0.076923,0.865385,0.038462,0.615385,0.019231,0.423077,-0.230769,0.653846,-0.173077,0.846154,-0.153846,0.653846,-0.153846,0.461538
T,Right,legacy_bisindo_T_373,0.000000,0.000000,0.274510,-0.019608,0.607843,-0.215686,0.803922,-0.411765,0.921569,-0.607843,0.411765,-0.568627,0.431373,-0.764706,0.431373,-0.882353,0.411765,-1.000000,0.196078,-0.647059,0.254902,-0.843137,0.196078,-0.588235,0.156863,-0.372549,-0.019608,-0.666667,0.019608,-0.882353,-0.019608,-0.607843,-0.039216,-0.392157,-0.235294,-0.647059,-0.196078,-0.803922,-0.196078,-0.607843,-0.196078,-0.431373
T,Right,legacy_bisindo_T_374,0.000000,0.000000,0.294118,0.039216,0.607843,0.235294,0.803922,0.411765,0.960784,0.568627,0.450980,0.568627,0.470588,0.745098,0.470588,0.862745,0.490196,1.000000,0.235294,0.647059,0.294118,0.823529,0.254902,0.588235,0.215686,0.392157,0.019608,0.666667,0.078431,0.843137,0.058824,0.588235,0.039216,0.392157,-0.196078,0.647059,-0.137255,0.803922,-0.117647,0.607843,-0.137255,0.431373
T,Right,legacy_bisindo_T_375,0.000000,0.000000,0.270833,0.041667,0.562500,0.229167,0.770833,0.416667,0.916667,0.562500,0.479167,0.500000,0.520833,0.687500,0.541667,0.854167,0.541667,1.000000,0.270833,0.604167,0.333333,0.791667,0.270833,0.541667,0.208333,0.333333,0.041667,0.645833,0.104167,0.812500,0.083333,0.541667,0.041667,0.333333,-0.187500,0.625000,-0.125000,0.770833,-0.104167,0.583333,-0.125000,0.395833
T,Right,legacy_bisindo_T_376,0.000000,0.000000,0.291667,-0.020833,0.604167,-0.208333,0.833333,-0.375000,1.000000,-0.520833,0.479167,-0.562500,0.520833,-0.750000,0.520833,-0.875000,0.520833,-0.979167,0.270833,-0.645833,0.333333,-0.854167,0.291667,-0.625000,0.250000,-0.416667,0.041667,-0.666667,0.104167,-0.875000,0.083333,-0.604167,0.041667,-0.395833,-0.187500,-0.625000,-0.145833,-0.791667,-0.125000,-0.604167,-0.125000,-0.416667
T,Right,legacy_bisindo_T_377,0.000000,0.000000,0.300000,0.040000,0.600000,0.220000,0.780000,0.420000,0.940000,0.560000,0.460000,0.560000,0.500000,0.760000,0.500000,0.900000,0.500000,1.000000,0.260000,0.640000,0.320000,0.840000,0.260000,0.600000,0.200000,0.400000,0.040000,0.640000,0.080000,0.840000,0.060000,0.600000,0.020000,0.380000,-0.200000,0.620000,-0.160000,0.800000,-0.140000,0.620000,-0.140000,0.420000
T,Right,legacy_bisindo_T_378,0.000000,0.000000,0.320000,-0.040000,0.660000,-0.240000,0.860000,-0.440000,1.000000,-0.640000,0.460000,-0.600000,0.520000,-0.840000,0.500000,-0.960000,0.480000,-1.000000,0.260000,-0.680000,0.300000,-0.880000,0.260000,-0.640000,0.240000,-0.420000,0.040000,-0.680000,0.080000,-0.900000,0.040000,-0.640000,0.020000,-0.420000,-0.200000,-0.660000,-0.140000,-0.840000,-0.140000,-0.640000,-0.140000,-0.460000
T,Right,legacy_bisindo_T_379,0.000000,0.000000,0.288462,0.038462,0.615385,0.211538,0.807692,0.403846,0.961538,0.576923,0.461538,0.538462,0.500000,0.730769,0.480769,0.865385,0.480769,1.000000,0.250000,0.615385,0.307692,0.807692,0.250000,0.576923,0.211538,0.365385,0.038462,0.653846,0.096154,0.826923,0.057692,0.596154,0.057692,0.384615,-0.192308,0.634615,-0.134615,0.788462,-0.134615,0.615385,-0.115385,0.423077
T,Right,legacy_bisindo_T_380,0.000000,0.000000,0.288462,-0.076923,0.596154,-0.288462,0.807692,-0.480769,0.942308,-0.653846,0.442308,-0.634615,0.480769,-0.826923,0.461538,-0.942308,0.442308,-1.000000,0.230769,-0.673077,0.269231,-0.865385,0.230769,-0.634615,0.211538,-0.442308,0.019231,-0.692308,0.057692,-0.903846,0.038462,-0.653846,0.019231,-0.442308,-0.192308,-0.673077,-0.153846,-0.826923,-0.153846,-0.634615,-0.153846,-0.461538
T,Right,legacy_bisindo_T_381,0.000000,0.000000,0.288462,0.057692,0.596154,0.250000,0.769231,0.461538,0.923077,0.596154,0.423077,0.576923,0.480769,0.788462,0.461538,0.903846,0.442308,1.000000,0.211538,0.634615,0.250000,0.826923,0.192308,0.615385,0.173077,0.403846,0.000000,0.634615,0.019231,0.826923,0.000000,0.596154,-0.019231,0.403846,-0.230769,0.615385,-0.192308,0.788462,-0.173077,0.615385,-0.173077,0.442308
T,Right,legacy_bisindo_T_382,0.000000,0.000000,0.333333,-0.078431,0.647059,-0.294118,0.862745,-0.490196,0.980392,-0.686275,0.450980,-0.666667,0.490196,-0.921569,0.490196,-0.980392,0.470588,-1.000000,0.254902,-0.725490,0.294118,-0.921569,0.254902,-0.666667,0.215686,-0.470588,0.039216,-0.705882,0.078431,-0.941176,0.058824,-0.666667,0.039216,-0.470588,-0.176471,-0.666667,-0.137255,-0.843137,-0.117647,-0.647059,-0.117647,-0.490196
T,Right,legacy_bisindo_T_383,0.000000,0.000000,0.301887,0.075472,0.622642,0.245283,0.830189,0.433962,0.943396,0.622642,0.433962,0.622642,0.490566,0.830189,0.490566,0.924528,0.490566,1.000000,0.226415,0.679245,0.301887,0.867925,0.245283,0.641509,0.207547,0.433962,0.018868,0.679245,0.075472,0.886792,0.056604,0.641509,0.037736,0.433962,-0.207547,0.641509,-0.150943,0.830189,-0.132075,0.660377,-0.113208,0.471698
T,Right,legacy_bisindo_T_384,0.000000,0.000000,0.288462,-0.038462,0.596154,-0.230769,0.807692,-0.423077,0.942308,-0.615385,0.384615,-0.557692,0.442308,-0.750000,0.442308,-0.884615,0.423077,-1.000000,0.192308,-0.615385,0.250000,-0.807692,0.211538,-0.576923,0.192308,-0.384615,-0.019231,-0.634615,0.038462,-0.846154,0.000000,-0.596154,-0.019231,-0.423077,-0.230769,-0.615385,-0.192308,-0.788462,-0.173077,-0.596154,-0.173077,-0.442308
T,Right,legacy_bisindo_T_385,0.000000,0.000000,0.307692,0.057692,0.615385,0.211538,0.826923,0.423077,0.961538,0.615385,0.442308,0.576923,0.461538,0.769231,0.461538,0.884615,0.480769,1.000000,0.230769,0.634615,0.288462,0.826923,0.250000,0.596154,0.211538,0.403846,0.019231,0.653846,0.076923,0.846154,0.057692,0.596154,0.038462,0.403846,-0.211538,0.634615,-0.153846,0.807692,-0.134615,0.634615,-0.134615,0.461538
T,Right,legacy_bisindo_T_386,0.000000,0.000000,0.306122,-0.020408,0.632653,-0.204082,0.857143,-0.387755,0.979592,-0.591837,0.428571,-0.571429,0.469388,-0.795918,0.469388,-0.918367,0.448980,-1.000000,0.224490,-0.632653,0.285714,-0.816327,0.244898,-0.591837,0.224490,-0.387755,0.000000,-0.653061,0.040816,-0.857143,0.020408,-0.591837,0.000000,-0.387755,-0.224490,-0.612245,-0.183673,-0.775510,-0.163265,-0.571429,-0.163265,-0.408163
T,Right,legacy_bisindo_T_387,0.000000,0.000000,0.313725,0.019608,0.627451,0.196078,0.823529,0.411765,0.960784,0.588235,0.450980,0.568627,0.470588,0.764706,0.470588,0.882353,0.490196,1.000000,0.235294,0.647059,0.313725,0.803922,0.254902,0.529412,0.215686,0.352941,0.019608,0.666667,0.078431,0.803922,0.058824,0.549020,0.019608,0.352941,-0.215686,0.627451,-0.156863,0.784314,-0.137255,0.588235,-0.137255,0.431373
T,Right,legacy_bisindo_T_388,0.000000,0.000000,0.255319,-0.042553,0.553191,-0.234043,0.765957,-0.404255,0.893617,-0.574468,0.468085,-0.595745,0.510638,-0.765957,0.510638,-0.893617,0.489362,-1.000000,0.255319,-0.680851,0.297872,-0.851064,0.276596,-0.595745,0.255319,-0.382979,0.021277,-0.702128,0.063830,-0.893617,0.042553,-0.617021,0.042553,-0.404255,-0.212766,-0.659574,-0.170213,-0.808511,-0.148936,-0.595745,-0.148936,-0.425532
T,Right,legacy_bisindo_T_389,0.000000,0.000000,0.254902,0.058824,0.529412,0.235294,0.725490,0.411765,0.882353,0.549020,0.431373,0.568627,0.470588,0.764706,0.470588,0.882353,0.490196,1.000000,0.235294,0.627451,0.294118,0.784314,0.274510,0.549020,0.235294,0.352941,0.000000,0.627451,0.078431,0.784314,0.058824,0.549020,0.039216,0.352941,-0.215686,0.588235,-0.156863,0.745098,-0.137255,0.568627,-0.117647,0.392157
T,Right,legacy_bisindo_T_390,0.000000,0.000000,0.260000,-0.040000,0.560000,-0.200000,0.780000,-0.360000,0.900000,-0.500000,0.440000,-0.560000,0.500000,-0.740000,0.500000,-0.880000,0.480000,-1.000000,0.260000,-0.620000,0.300000,-0.800000,0.260000,-0.580000,0.220000,-0.400000,0.040000,-0.640000,0.080000,-0.820000,0.060000,-0.580000,0.020000,-0.400000,-0.180000,-0.620000,-0.140000,-0.760000,-0.120000,-0.580000,-0.140000,-0.400000
T,Right,legacy_bisindo_T_391,0.000000,0.000000,0.260000,0.060000,0.560000,0.240000,0.740000,0.400000,0.880000,0.540000,0.460000,0.560000,0.500000,0.740000,0.500000,0.880000,0.480000,1.000000,0.260000,0.640000,0.320000,0.780000,0.260000,0.560000,0.220000,0.360000,0.020000,0.640000,0.080000,0.800000,0.060000,0.560000,0.060000,0.360000,-0.200000,0.600000,-0.160000,0.760000,-0.140000,0.580000,-0.140000,0.400000
T,Right,legacy_bisindo_T_392,0.000000,0.000000,0.254902,-0.058824,0.490196,-0.235294,0.647059,-0.411765,0.745098,-0.549020,0.431373,-0.549020,0.470588,-0.725490,0.470588,-0.882353,0.470588,-1.000000,0.235294,-0.627451,0.294118,-0.823529,0.235294,-0.627451,0.215686,-0.431373,0.019608,-0.647059,0.078431,-0.862745,0.039216,-0.627451,0.019608,-0.431373,-0.196078,-0.627451,-0.156863,-0.803922,-0.137255,-0.607843,-0.156863,-0.450980
T,Right,legacy_bisindo_T_393,0.000000,0.000000,0.245283,0.056604,0.509434,0.264151,0.679245,0.452830,0.811321,0.584906,0.396226,0.566038,0.452830,0.773585,0.433962,0.905660,0.433962,1.000000,0.207547,0.622642,0.283019,0.811321,0.226415,0.584906,0.207547,0.396226,0.000000,0.641509,0.056604,0.830189,0.037736,0.603774,0.018868,0.415094,-0.207547,0.603774,-0.169811,0.792453,-0.150943,0.622642,-0.150943,0.452830
T,Right,legacy_bisindo_T_394,0.000000,0.000000,0.333333,-0.039216,0.647059,-0.215686,0.843137,-0.392157,0.980392,-0.568627,0.450980,-0.588235,0.490196,-0.784314,0.470588,-0.901961,0.450980,-1.000000,0.254902,-0.647059,0.294118,-0.823529,0.274510,-0.588235,0.235294,-0.392157,0.039216,-0.666667,0.078431,-0.882353,0.058824,-0.627451,0.039216,-0.431373,-0.176471,-0.647059,-0.137255,-0.803922,-0.117647,-0.607843,-0.117647,-0.450980
T,Right,legacy_bisindo_T_395,0.000000,0.000000,0.326923,0.057692,0.634615,0.230769,0.807692,0.423077,0.942308,0.596154,0.423077,0.576923,0.461538,0.788462,0.442308,0.903846,0.423077,1.000000,0.192308,0.634615,0.250000,0.826923,0.230769,0.596154,0.192308,0.403846,-0.019231,0.634615,0.038462,0.846154,0.038462,0.615385,0.019231,0.423077,-0.230769,0.615385,-0.173077,0.788462,-0.153846,0.634615,-0.134615,0.480769
T,Right,legacy_bisindo_T_396,0.000000,0.000000,0.313725,0.039216,0.627451,0.176471,0.823529,0.352941,0.941176,0.549020,0.431373,0.588235,0.450980,0.823529,0.450980,0.921569,0.450980,1.000000,0.215686,0.647059,0.254902,0.862745,0.215686,0.607843,0.196078,0.411765,0.000000,0.647059,0.039216,0.882353,0.039216,0.647059,0.019608,0.450980,-0.215686,0.627451,-0.176471,0.823529,-0.156863,0.647059,-0.137255,0.470588
T,Right,legacy_bisindo_T_397,0.000000,0.000000,0.314815,-0.055556,0.611111,-0.203704,0.796296,-0.388889,0.907407,-0.574074,0.425926,-0.555556,0.462963,-0.759259,0.444444,-0.888889,0.444444,-1.000000,0.240741,-0.629630,0.277778,-0.814815,0.240741,-0.611111,0.222222,-0.425926,0.037037,-0.648148,0.074074,-0.851852,0.055556,-0.592593,0.037037,-0.407407,-0.185185,-0.629630,-0.129630,-0.796296,-0.111111,-0.611111,-0.111111,-0.444444
T,Right,legacy_bisindo_T_398,0.000000,0.000000,0.320755,0.037736,0.641509,0.207547,0.792453,0.415094,0.924528,0.603774,0.433962,0.566038,0.471698,0.773585,0.471698,0.905660,0.471698,1.000000,0.226415,0.622642,0.283019,0.830189,0.245283,0.603774,0.207547,0.396226,0.018868,0.641509,0.056604,0.830189,0.037736,0.603774,0.018868,0.396226,-0.207547,0.603774,-0.169811,0.792453,-0.132075,0.622642,-0.132075,0.452830
T,Right,legacy_bisindo_T_399,0.000000,0.000000,0.276596,-0.021277,0.531915,-0.170213,0.659574,-0.276596,0.723404,-0.361702,0.510638,-0.574468,0.574468,-0.765957,0.574468,-0.893617,0.574468,-1.000000,0.297872,-0.659574,0.340426,-0.829787,0.297872,-0.595745,0.255319,-0.404255,0.063830,-0.702128,0.127660,-0.872340,0.106383,-0.638298,0.063830,-0.425532,-0.170213,-0.680851,-0.106383,-0.808511,-0.106383,-0.617021,-0.106383,-0.446809
T,Right,legacy_bisindo_T_400,0.000000,0.000000,0.291667,0.000000,0.604167,0.166667,0.833333,0.312500,1.000000,0.458333,0.500000,0.541667,0.562500,0.750000,0.562500,0.854167,0.541667,0.937500,0.291667,0.625000,0.354167,0.791667,0.291667,0.562500,0.250000,0.375000,0.062500,0.645833,0.104167,0.833333,0.083333,0.583333,0.062500,0.375000,-0.166667,0.645833,-0.125000,0.791667,-0.125000,0.604167,-0.125000,0.437500
T,Right,legacy_bisindo_T_401,0.000000,0.000000,0.313725,-0.039216,0.607843,-0.196078,0.823529,-0.333333,0.960784,-0.509804,0.490196,-0.568627,0.509804,-0.745098,0.490196,-0.882353,0.450980,-1.000000,0.274510,-0.647059,0.313725,-0.823529,0.274510,-0.607843,0.235294,-0.411765,0.058824,-0.666667,0.098039,-0.901961,0.058824,-0.647059,0.039216,-0.450980,-0.176471,-0.647059,-0.137255,-0.803922,-0.137255,-0.627451,-0.137255,-0.450980
T,Right,legacy_bisindo_T_402,0.000000,0.000000,0.288462,0.038462,0.596154,0.211538,0.788462,0.384615,0.923077,0.557692,0.442308,0.576923,0.480769,0.769231,0.461538,0.884615,0.442308,1.000000,0.230769,0.634615,0.288462,0.826923,0.230769,0.596154,0.211538,0.403846,0.019231,0.653846,0.057692,0.846154,0.038462,0.615385,0.019231,0.423077,-0.211538,0.615385,-0.173077,0.807692,-0.153846,0.634615,-0.134615,0.461538
T,Right,legacy_bisindo_T_403,0.000000,0.000000,0.375000,-0.156250,0.656250,-0.500000,0.875000,-0.656250,1.000000,-0.656250,0.281250,-0.468750,0.250000,-0.593750,0.343750,-0.562500,0.468750,-0.562500,-0.062500,-0.375000,-0.125000,-0.500000,-0.062500,-0.468750,0.000000,-0.468750,-0.312500,-0.218750,-0.468750,-0.312500,-0.437500,-0.250000,-0.375000,-0.218750,-0.531250,-0.062500,-0.718750,-0.062500,-0.718750,0.000000,-0.687500,0.031250
T,Right,legacy_bisindo_T_404,0.000000,0.000000,0.292683,0.121951,0.463415,0.439024,0.560976,0.682927,0.634146,0.780488,0.292683,0.658537,0.390244,0.926829,0.536585,1.000000,0.707317,0.975610,0.024390,0.634146,-0.024390,0.829268,0.024390,0.902439,0.121951,0.902439,-0.268293,0.463415,-0.341463,0.585366,-0.317073,0.682927,-0.219512,0.707317,-0.536585,0.219512,-0.609756,0.317073,-0.585366,0.390244,-0.536585,0.414634
T,Right,legacy_bisindo_T_405,0.000000,0.000000,0.351351,-0.216216,0.567568,-0.621622,0.648649,-0.864865,0.756757,-1.000000,0.297297,-0.594595,0.270270,-0.810811,0.324324,-0.918919,0.405405,-1.000000,0.000000,-0.540541,-0.081081,-0.729730,-0.054054,-0.837838,0.000000,-0.918919,-0.297297,-0.405405,-0.378378,-0.594595,-0.378378,-0.675676,-0.324324,-0.783784,-0.540541,-0.216216,-0.702703,-0.351351,-0.702703,-0.459459,-0.675676,-0.540541
T,Right,legacy_bisindo_T_406,0.000000,0.000000,0.289474,0.184211,0.473684,0.578947,0.605263,0.842105,0.736842,1.000000,0.289474,0.657895,0.368421,0.921053,0.473684,1.000000,0.631579,1.000000,0.000000,0.605263,-0.052632,0.815789,0.000000,0.868421,0.078947,0.842105,-0.289474,0.473684,-0.394737,0.605263,-0.368421,0.657895,-0.289474,0.657895,-0.526316,0.289474,-0.684211,0.421053,-0.684211,0.500000,-0.605263,0.526316
T,Right,legacy_bisindo_T_407,0.000000,0.000000,0.279070,-0.186047,0.441860,-0.558140,0.534884,-0.813953,0.651163,-1.000000,0.186047,-0.558140,0.116279,-0.744186,0.162791,-0.837209,0.232558,-0.883721,-0.093023,-0.511628,-0.139535,-0.720930,-0.116279,-0.767442,-0.046512,-0.767442,-0.302326,-0.372093,-0.395349,-0.558140,-0.395349,-0.534884,-0.302326,-0.511628,-0.488372,-0.209302,-0.627907,-0.372093,-0.581395,-0.418605,-0.511628,-0.441860
T,Right,legacy_bisindo_T_408,0.000000,0.000000,0.285714,0.142857,0.476190,0.500000,0.595238,0.785714,0.714286,0.976190,0.309524,0.714286,0.380952,0.904762,0.547619,1.000000,0.690476,1.000000,0.047619,0.666667,0.023810,0.809524,0.095238,0.761905,0.190476,0.666667,-0.238095,0.523810,-0.285714,0.595238,-0.190476,0.523810,-0.095238,0.452381,-0.500000,0.309524,-0.571429,0.357143,-0.500000,0.333333,-0.404762,0.285714
T,Right,legacy_bisindo_T_409,0.000000,0.000000,0.243902,-0.195122,0.414634,-0.560976,0.512195,-0.804878,0.634146,-1.000000,0.170732,-0.536585,0.024390,-0.756098,0.024390,-0.829268,0.048780,-0.902439,-0.073171,-0.463415,-0.195122,-0.682927,-0.195122,-0.804878,-0.170732,-0.853659,-0.317073,-0.317073,-0.439024,-0.536585,-0.463415,-0.609756,-0.439024,-0.682927,-0.487805,-0.146341,-0.658537,-0.317073,-0.682927,-0.414634,-0.658537,-0.487805
T,Right,legacy_bisindo_T_410,0.000000,0.000000,0.309524,0.214286,0.500000,0.595238,0.642857,0.857143,0.809524,1.000000,0.333333,0.642857,0.333333,0.857143,0.380952,0.904762,0.452381,0.880952,0.071429,0.547619,0.023810,0.738095,0.023810,0.761905,0.095238,0.714286,-0.190476,0.380952,-0.261905,0.523810,-0.238095,0.547619,-0.166667,0.523810,-0.428571,0.214286,-0.523810,0.333333,-0.523810,0.380952,-0.476190,0.428571
T,Right,legacy_bisindo_T_411,0.000000,0.000000,0.208333,-0.229167,0.312500,-0.541667,0.375000,-0.812500,0.458333,-1.000000,0.125000,-0.333333,-0.041667,-0.562500,-0.083333,-0.729167,-0.062500,-0.854167,-0.062500,-0.312500,-0.187500,-0.583333,-0.187500,-0.770833,-0.166667,-0.875000,-0.229167,-0.250000,-0.333333,-0.541667,-0.333333,-0.687500,-0.291667,-0.791667,-0.395833,-0.208333,-0.520833,-0.458333,-0.500000,-0.583333,-0.437500,-0.687500
T,Right,legacy_bisindo_T_412,0.000000,0.000000,0.285714,0.238095,0.476190,0.571429,0.595238,0.833333,0.738095,1.000000,0.357143,0.452381,0.404762,0.738095,0.428571,0.880952,0.476190,0.952381,0.095238,0.380952,0.047619,0.690476,0.047619,0.809524,0.095238,0.857143,-0.142857,0.285714,-0.214286,0.571429,-0.214286,0.690476,-0.166667,0.761905,-0.380952,0.190476,-0.500000,0.404762,-0.500000,0.523810,-0.476190,0.571429
T,Right,legacy_bisindo_T_413,0.000000,0.000000,0.230769,-0.205128,0.333333,-0.538462,0.333333,-0.794872,0.358974,-1.000000,0.102564,-0.333333,-0.076923,-0.589744,-0.153846,-0.794872,-0.205128,-1.000000,-0.153846,-0.256410,-0.282051,-0.538462,-0.384615,-0.769231,-0.461538,-0.923077,-0.358974,-0.179487,-0.538462,-0.461538,-0.615385,-0.641026,-0.641026,-0.769231,-0.538462,-0.076923,-0.743590,-0.333333,-0.769231,-0.487179,-0.794872,-0.615385
T,Right,legacy_bisindo_T_414,0.000000,0.000000,0.338710,0.032258,0.677419,0.145161,0.887097,0.338710,0.983871,0.548387,0.564516,0.548387,0.612903,0.774194,0.596774,0.887097,0.580645,1.000000,0.370968,0.596774,0.403226,0.822581,0.338710,0.580645,0.322581,0.435484,0.177419,0.612903,0.193548,0.790323,0.145161,0.548387,0.161290,0.435484,0.000000,0.580645,0.000000,0.741935,0.000000,0.564516,0.016129,0.451613
T,Right,legacy_bisindo_T_415,0.000000,0.000000,0.285714,-0.063492,0.634921,-0.126984,0.888889,-0.269841,0.968254,-0.444444,0.603175,-0.492063,0.666667,-0.746032,0.650794,-0.857143,0.603175,-1.000000,0.412698,-0.555556,0.428571,-0.777778,0.349206,-0.507937,0.365079,-0.428571,0.222222,-0.571429,0.222222,-0.777778,0.190476,-0.523810,0.206349,-0.428571,0.031746,-0.555556,0.047619,-0.746032,0.047619,-0.587302,0.047619,-0.507937
T,Right,legacy_bisindo_T_416,0.000000,0.000000,0.338710,0.048387,0.661290,0.177419,0.887097,0.370968,0.983871,0.580645,0.580645,0.548387,0.629032,0.774194,0.612903,0.887097,0.580645,1.000000,0.370968,0.612903,0.419355,0.822581,0.338710,0.548387,0.322581,0.435484,0.177419,0.629032,0.193548,0.790323,0.145161,0.532258,0.177419,0.435484,0.000000,0.612903,0.000000,0.758065,-0.016129,0.580645,0.032258,0.467742
T,Right,legacy_bisindo_T_417,0.000000,0.000000,0.306452,-0.064516,0.645161,-0.129032,0.887097,-0.290323,0.967742,-0.483871,0.580645,-0.500000,0.629032,-0.741935,0.612903,-0.854839,0.580645,-1.000000,0.370968,-0.564516,0.419355,-0.774194,0.338710,-0.500000,0.354839,-0.435484,0.193548,-0.580645,0.209677,-0.790323,0.177419,-0.516129,0.193548,-0.419355,0.000000,-0.564516,0.016129,-0.741935,0.016129,-0.564516,0.032258,-0.483871
T,Right,legacy_bisindo_T_418,0.000000,0.000000,0.333333,0.047619,0.650794,0.158730,0.841270,0.349206,0.952381,0.555556,0.571429,0.571429,0.603175,0.793651,0.571429,0.888889,0.539683,1.000000,0.349206,0.619048,0.396825,0.825397,0.317460,0.555556,0.317460,0.428571,0.158730,0.634921,0.174603,0.793651,0.126984,0.523810,0.158730,0.428571,-0.015873,0.603175,-0.015873,0.761905,-0.015873,0.555556,0.015873,0.460317
T,Right,legacy_bisindo_T_419,0.000000,0.000000,0.311475,-0.049180,0.688525,-0.098361,0.901639,-0.229508,0.967213,-0.377049,0.655738,-0.442623,0.704918,-0.688525,0.672131,-0.836066,0.606557,-1.000000,0.459016,-0.524590,0.459016,-0.754098,0.344262,-0.508197,0.360656,-0.426230,0.278689,-0.540984,0.245902,-0.770492,0.196721,-0.508197,0.213115,-0.409836,0.081967,-0.540984,0.081967,-0.704918,0.065574,-0.557377,0.098361,-0.491803
T,Right,legacy_bisindo_T_420,0.000000,0.000000,0.328125,0.062500,0.640625,0.171875,0.859375,0.359375,0.968750,0.562500,0.578125,0.546875,0.625000,0.781250,0.593750,0.875000,0.562500,1.000000,0.375000,0.609375,0.421875,0.812500,0.343750,0.546875,0.343750,0.421875,0.203125,0.625000,0.203125,0.781250,0.156250,0.500000,0.187500,0.406250,0.015625,0.593750,0.015625,0.734375,0.000000,0.546875,0.046875,0.437500
T,Right,legacy_bisindo_T_421,0.000000,0.000000,0.283333,-0.116667,0.483333,-0.350000,0.566667,-0.633333,0.566667,-0.850000,0.116667,-0.233333,0.016667,-0.550000,-0.016667,-0.766667,-0.050000,-0.933333,-0.150000,-0.283333,-0.233333,-0.616667,-0.266667,-0.866667,-0.316667,-1.000000,-0.350000,-0.300000,-0.416667,-0.600000,-0.416667,-0.816667,-0.416667,-0.966667,-0.450000,-0.316667,-0.550000,-0.550000,-0.533333,-0.733333,-0.500000,-0.866667
T,Right,legacy_bisindo_T_422,0.000000,0.000000,0.322581,-0.064516,0.677419,-0.129032,0.919355,-0.306452,1.000000,-0.500000,0.612903,-0.500000,0.677419,-0.741935,0.645161,-0.854839,0.596774,-1.000000,0.403226,-0.564516,0.435484,-0.790323,0.338710,-0.500000,0.370968,-0.435484,0.209677,-0.580645,0.209677,-0.790323,0.177419,-0.516129,0.209677,-0.435484,0.032258,-0.564516,0.032258,-0.758065,0.032258,-0.580645,0.048387,-0.500000
T,Right,legacy_bisindo_T_423,0.000000,0.000000,0.328125,0.062500,0.625000,0.171875,0.843750,0.359375,0.937500,0.562500,0.562500,0.562500,0.578125,0.781250,0.562500,0.890625,0.531250,1.000000,0.343750,0.625000,0.390625,0.812500,0.328125,0.546875,0.312500,0.421875,0.156250,0.625000,0.171875,0.781250,0.125000,0.500000,0.171875,0.406250,-0.015625,0.609375,-0.015625,0.750000,-0.015625,0.546875,0.031250,0.453125
T,Right,legacy_bisindo_T_424,0.000000,0.000000,0.333333,-0.033333,0.700000,-0.083333,0.933333,-0.216667,0.983333,-0.350000,0.650000,-0.433333,0.716667,-0.683333,0.666667,-0.833333,0.616667,-1.000000,0.450000,-0.516667,0.466667,-0.750000,0.350000,-0.500000,0.383333,-0.400000,0.266667,-0.533333,0.250000,-0.766667,0.200000,-0.500000,0.216667,-0.383333,0.066667,-0.516667,0.066667,-0.716667,0.066667,-0.550000,0.083333,-0.483333
T,Right,legacy_bisindo_T_425,0.000000,0.000000,0.338710,0.016129,0.677419,0.129032,0.870968,0.306452,0.967742,0.500000,0.564516,0.516129,0.629032,0.758065,0.612903,0.887097,0.580645,1.000000,0.370968,0.580645,0.419355,0.790323,0.354839,0.548387,0.338710,0.419355,0.193548,0.580645,0.209677,0.758065,0.161290,0.516129,0.177419,0.403226,0.016129,0.548387,0.016129,0.709677,0.000000,0.548387,0.032258,0.435484
T,Right,legacy_bisindo_T_426,0.000000,0.000000,0.311475,-0.049180,0.672131,-0.114754,0.918033,-0.245902,1.000000,-0.377049,0.622951,-0.442623,0.672131,-0.704918,0.639344,-0.836066,0.606557,-0.983607,0.426230,-0.524590,0.442623,-0.754098,0.344262,-0.508197,0.377049,-0.409836,0.245902,-0.540984,0.229508,-0.770492,0.196721,-0.508197,0.213115,-0.409836,0.049180,-0.524590,0.049180,-0.704918,0.049180,-0.540984,0.065574,-0.459016
T,Right,legacy_bisindo_T_427,0.000000,0.000000,0.317460,0.047619,0.634921,0.158730,0.841270,0.349206,0.952381,0.555556,0.555556,0.555556,0.587302,0.777778,0.571429,0.888889,0.539683,1.000000,0.349206,0.603175,0.380952,0.809524,0.317460,0.539683,0.317460,0.428571,0.158730,0.619048,0.174603,0.777778,0.126984,0.507937,0.158730,0.412698,-0.015873,0.587302,-0.015873,0.746032,-0.015873,0.555556,0.015873,0.444444
T,Right,legacy_bisindo_T_428,0.000000,0.000000,0.301587,-0.063492,0.634921,-0.126984,0.888889,-0.301587,0.968254,-0.492063,0.603175,-0.492063,0.666667,-0.730159,0.634921,-0.841270,0.587302,-1.000000,0.396825,-0.555556,0.428571,-0.777778,0.333333,-0.507937,0.365079,-0.428571,0.206349,-0.587302,0.206349,-0.793651,0.174603,-0.507937,0.206349,-0.428571,0.031746,-0.571429,0.031746,-0.746032,0.031746,-0.571429,0.047619,-0.492063
T,Right,legacy_bisindo_T_429,0.000000,0.000000,0.328125,0.062500,0.640625,0.156250,0.859375,0.343750,0.953125,0.562500,0.562500,0.562500,0.609375,0.781250,0.578125,0.890625,0.531250,1.000000,0.359375,0.609375,0.406250,0.812500,0.343750,0.546875,0.328125,0.421875,0.171875,0.609375,0.187500,0.781250,0.156250,0.515625,0.171875,0.406250,0.000000,0.593750,0.015625,0.734375,0.000000,0.546875,0.031250,0.453125
T,Right,legacy_bisindo_T_430,0.000000,0.000000,0.333333,-0.079365,0.634921,-0.158730,0.873016,-0.349206,0.984127,-0.555556,0.587302,-0.539683,0.650794,-0.761905,0.634921,-0.873016,0.603175,-1.000000,0.380952,-0.587302,0.444444,-0.793651,0.349206,-0.507937,0.380952,-0.444444,0.190476,-0.587302,0.222222,-0.793651,0.174603,-0.523810,0.222222,-0.444444,0.015873,-0.571429,0.015873,-0.746032,0.031746,-0.571429,0.047619,-0.492063
T,Right,legacy_bisindo_T_431,0.000000,0.000000,0.317460,0.047619,0.634921,0.158730,0.857143,0.349206,0.952381,0.571429,0.571429,0.555556,0.603175,0.777778,0.571429,0.888889,0.539683,1.000000,0.365079,0.619048,0.396825,0.809524,0.333333,0.523810,0.317460,0.412698,0.174603,0.619048,0.174603,0.777778,0.142857,0.507937,0.158730,0.396825,0.000000,0.603175,-0.015873,0.746032,-0.015873,0.555556,0.015873,0.444444
T,Right,legacy_bisindo_T_432,0.000000,0.000000,0.301587,-0.047619,0.619048,-0.126984,0.857143,-0.317460,0.936508,-0.539683,0.571429,-0.507937,0.619048,-0.746032,0.587302,-0.857143,0.571429,-1.000000,0.365079,-0.571429,0.396825,-0.777778,0.317460,-0.492063,0.365079,-0.428571,0.174603,-0.587302,0.190476,-0.793651,0.158730,-0.507937,0.190476,-0.428571,0.000000,-0.571429,0.000000,-0.761905,0.000000,-0.571429,0.015873,-0.476190
T,Right,legacy_bisindo_T_433,0.000000,0.000000,0.317460,0.047619,0.634921,0.158730,0.825397,0.349206,0.920635,0.555556,0.555556,0.571429,0.571429,0.777778,0.555556,0.888889,0.507937,1.000000,0.333333,0.619048,0.380952,0.825397,0.317460,0.555556,0.285714,0.428571,0.142857,0.619048,0.158730,0.777778,0.111111,0.523810,0.126984,0.412698,-0.047619,0.603175,-0.031746,0.746032,-0.031746,0.555556,0.000000,0.444444
T,Right,legacy_bisindo_T_434,0.000000,0.000000,0.316667,-0.050000,0.650000,-0.116667,0.900000,-0.233333,0.983333,-0.383333,0.616667,-0.466667,0.683333,-0.716667,0.650000,-0.850000,0.583333,-1.000000,0.416667,-0.533333,0.450000,-0.766667,0.350000,-0.500000,0.366667,-0.400000,0.216667,-0.550000,0.233333,-0.766667,0.183333,-0.516667,0.200000,-0.416667,0.033333,-0.533333,0.033333,-0.733333,0.033333,-0.566667,0.050000,-0.466667
T,Right,legacy_bisindo_T_435,0.000000,0.000000,0.333333,0.031746,0.650794,0.142857,0.857143,0.333333,0.952381,0.539683,0.555556,0.539683,0.587302,0.761905,0.555556,0.888889,0.523810,1.000000,0.349206,0.603175,0.380952,0.809524,0.317460,0.539683,0.301587,0.412698,0.158730,0.619048,0.158730,0.761905,0.126984,0.507937,0.142857,0.412698,-0.015873,0.587302,-0.015873,0.730159,-0.015873,0.539683,0.015873,0.428571
T,Right,legacy_bisindo_T_436,0.000000,0.000000,0.306452,-0.048387,0.645161,-0.112903,0.903226,-0.274194,1.000000,-0.467742,0.612903,-0.483871,0.677419,-0.725806,0.645161,-0.838710,0.612903,-0.983871,0.419355,-0.548387,0.451613,-0.758065,0.354839,-0.483871,0.387097,-0.419355,0.225806,-0.564516,0.225806,-0.774194,0.177419,-0.500000,0.241935,-0.419355,0.048387,-0.564516,0.048387,-0.741935,0.048387,-0.564516,0.064516,-0.483871
T,Right,legacy_bisindo_T_437,0.000000,0.000000,0.349206,0.031746,0.650794,0.142857,0.873016,0.333333,0.984127,0.539683,0.571429,0.539683,0.619048,0.761905,0.587302,0.873016,0.539683,1.000000,0.365079,0.587302,0.396825,0.793651,0.333333,0.523810,0.333333,0.412698,0.190476,0.603175,0.190476,0.761905,0.142857,0.492063,0.158730,0.396825,0.000000,0.571429,0.000000,0.730159,0.000000,0.539683,0.031746,0.428571
T,Right,legacy_bisindo_T_438,0.000000,0.000000,0.306452,-0.032258,0.661290,-0.096774,0.903226,-0.258065,1.000000,-0.435484,0.612903,-0.467742,0.677419,-0.709677,0.645161,-0.838710,0.612903,-0.983871,0.419355,-0.548387,0.451613,-0.758065,0.338710,-0.483871,0.370968,-0.419355,0.241935,-0.564516,0.241935,-0.758065,0.193548,-0.500000,0.225806,-0.403226,0.048387,-0.548387,0.048387,-0.725806,0.032258,-0.548387,0.064516,-0.451613
T,Right,legacy_bisindo_T_439,0.000000,0.000000,0.328125,0.046875,0.640625,0.156250,0.843750,0.343750,0.953125,0.546875,0.562500,0.531250,0.593750,0.765625,0.578125,0.875000,0.546875,1.000000,0.359375,0.593750,0.390625,0.796875,0.328125,0.531250,0.312500,0.406250,0.171875,0.609375,0.171875,0.765625,0.140625,0.500000,0.156250,0.406250,0.000000,0.578125,-0.015625,0.734375,-0.015625,0.546875,0.015625,0.437500
T,Right,legacy_bisindo_T_440,0.000000,0.000000,0.306452,-0.048387,0.645161,-0.112903,0.870968,-0.322581,0.967742,-0.548387,0.580645,-0.516129,0.645161,-0.758065,0.629032,-0.854839,0.596774,-1.000000,0.370968,-0.564516,0.419355,-0.774194,0.338710,-0.483871,0.354839,-0.419355,0.193548,-0.580645,0.209677,-0.774194,0.177419,-0.500000,0.193548,-0.419355,0.016129,-0.580645,0.016129,-0.758065,0.016129,-0.564516,0.032258,-0.467742
T,Right,legacy_bisindo_T_441,0.000000,0.000000,0.353846,0.076923,0.630769,0.169231,0.830769,0.369231,0.938462,0.553846,0.553846,0.553846,0.584615,0.784615,0.569231,0.892308,0.523077,1.000000,0.353846,0.615385,0.384615,0.784615,0.323077,0.523077,0.307692,0.400000,0.169231,0.615385,0.184615,0.769231,0.153846,0.507692,0.153846,0.415385,-0.015385,0.584615,0.000000,0.738462,0.000000,0.538462,0.030769,0.446154
T,Right,legacy_bisindo_T_442,0.000000,0.000000,0.306452,-0.048387,0.661290,-0.129032,0.919355,-0.290323,1.000000,-0.483871,0.629032,-0.483871,0.677419,-0.741935,0.645161,-0.854839,0.612903,-1.000000,0.419355,-0.548387,0.451613,-0.774194,0.354839,-0.483871,0.403226,-0.435484,0.225806,-0.580645,0.241935,-0.774194,0.193548,-0.500000,0.225806,-0.435484,0.048387,-0.564516,0.064516,-0.741935,0.048387,-0.564516,0.064516,-0.516129
T,Right,legacy_bisindo_T_443,0.000000,0.000000,0.349206,0.047619,0.650794,0.158730,0.873016,0.349206,0.984127,0.539683,0.571429,0.539683,0.619048,0.777778,0.587302,0.888889,0.555556,1.000000,0.380952,0.603175,0.412698,0.809524,0.333333,0.539683,0.317460,0.412698,0.190476,0.603175,0.190476,0.777778,0.142857,0.507937,0.158730,0.396825,0.000000,0.571429,0.000000,0.730159,0.000000,0.539683,0.031746,0.444444
T,Right,legacy_bisindo_T_444,0.000000,0.000000,0.328125,-0.078125,0.593750,-0.156250,0.812500,-0.359375,0.906250,-0.578125,0.546875,-0.546875,0.578125,-0.765625,0.546875,-0.875000,0.500000,-1.000000,0.343750,-0.593750,0.359375,-0.781250,0.296875,-0.500000,0.312500,-0.437500,0.140625,-0.609375,0.156250,-0.781250,0.125000,-0.515625,0.156250,-0.453125,-0.046875,-0.578125,-0.031250,-0.734375,-0.031250,-0.562500,0.000000,-0.468750
T,Right,legacy_bisindo_T_445,0.000000,0.000000,0.344262,0.032787,0.672131,0.163934,0.868852,0.360656,0.983607,0.573770,0.573770,0.573770,0.606557,0.770492,0.590164,0.901639,0.557377,1.000000,0.377049,0.622951,0.409836,0.819672,0.344262,0.573770,0.327869,0.442623,0.180328,0.655738,0.180328,0.803279,0.147541,0.540984,0.163934,0.442623,-0.016393,0.622951,0.000000,0.786885,0.000000,0.573770,0.016393,0.475410
T,Right,legacy_bisindo_T_446,0.000000,0.000000,0.300000,-0.033333,0.600000,-0.150000,0.783333,-0.366667,0.883333,-0.566667,0.500000,-0.533333,0.550000,-0.750000,0.516667,-0.883333,0.450000,-1.000000,0.300000,-0.600000,0.316667,-0.800000,0.250000,-0.516667,0.250000,-0.400000,0.083333,-0.616667,0.083333,-0.800000,0.066667,-0.533333,0.066667,-0.416667,-0.116667,-0.600000,-0.116667,-0.750000,-0.116667,-0.550000,-0.100000,-0.433333
T,Right,legacy_bisindo_T_447,0.000000,0.000000,0.333333,0.016667,0.650000,0.133333,0.850000,0.333333,0.966667,0.533333,0.600000,0.500000,0.633333,0.733333,0.583333,0.883333,0.550000,1.000000,0.383333,0.583333,0.416667,0.766667,0.333333,0.516667,0.316667,0.383333,0.183333,0.616667,0.183333,0.750000,0.133333,0.500000,0.150000,0.366667,-0.033333,0.600000,0.000000,0.750000,-0.016667,0.533333,0.000000,0.416667
T,Right,legacy_bisindo_T_448,0.000000,0.000000,0.280702,-0.017544,0.596491,-0.122807,0.789474,-0.315789,0.912281,-0.508772,0.526316,-0.543860,0.561404,-0.736842,0.526316,-0.894737,0.456140,-1.000000,0.298246,-0.631579,0.298246,-0.789474,0.228070,-0.491228,0.245614,-0.368421,0.087719,-0.649123,0.070175,-0.789474,0.035088,-0.508772,0.035088,-0.403509,-0.140351,-0.614035,-0.140351,-0.736842,-0.140351,-0.526316,-0.122807,-0.403509
T,Right,legacy_bisindo_T_449,0.000000,0.000000,0.333333,-0.017544,0.666667,0.122807,0.877193,0.333333,1.000000,0.526316,0.614035,0.508772,0.649123,0.736842,0.596491,0.877193,0.543860,1.000000,0.385965,0.596491,0.403509,0.789474,0.333333,0.508772,0.315789,0.368421,0.175439,0.631579,0.175439,0.771930,0.122807,0.491228,0.140351,0.368421,-0.052632,0.631579,-0.035088,0.754386,-0.035088,0.526316,-0.017544,0.421053
T,Right,legacy_bisindo_T_450,0.000000,0.000000,0.290909,0.000000,0.618182,-0.109091,0.836364,-0.327273,0.945455,-0.527273,0.527273,-0.527273,0.581818,-0.727273,0.545455,-0.872727,0.472727,-1.000000,0.327273,-0.618182,0.327273,-0.781818,0.254545,-0.490909,0.236364,-0.363636,0.090909,-0.636364,0.090909,-0.781818,0.036364,-0.490909,0.054545,-0.381818,-0.127273,-0.618182,-0.127273,-0.745455,-0.145455,-0.509091,-0.127273,-0.418182
T,Right,legacy_bisindo_T_451,0.000000,0.000000,0.303571,-0.017857,0.642857,0.107143,0.857143,0.303571,1.000000,0.500000,0.607143,0.500000,0.625000,0.714286,0.607143,0.857143,0.571429,0.982143,0.375000,0.589286,0.410714,0.767857,0.321429,0.500000,0.285714,0.357143,0.160714,0.625000,0.160714,0.750000,0.107143,0.482143,0.125000,0.339286,-0.053571,0.607143,-0.035714,0.714286,-0.053571,0.500000,-0.017857,0.392857
T,Right,legacy_bisindo_T_452,0.000000,0.000000,0.320755,0.000000,0.660377,-0.132075,0.867925,-0.339623,1.000000,-0.547170,0.566038,-0.528302,0.603774,-0.735849,0.566038,-0.886792,0.509434,-1.000000,0.339623,-0.622642,0.358491,-0.792453,0.264151,-0.490566,0.245283,-0.339623,0.094340,-0.641509,0.113208,-0.792453,0.056604,-0.509434,0.037736,-0.377358,-0.150943,-0.603774,-0.132075,-0.735849,-0.150943,-0.528302,-0.150943,-0.415094
T,Right,legacy_bisindo_T_453,0.000000,0.000000,0.327273,0.000000,0.654545,0.163636,0.854545,0.363636,1.000000,0.527273,0.600000,0.509091,0.618182,0.727273,0.581818,0.890909,0.545455,1.000000,0.381818,0.600000,0.400000,0.800000,0.309091,0.527273,0.272727,0.363636,0.145455,0.636364,0.145455,0.763636,0.090909,0.490909,0.090909,0.327273,-0.090909,0.618182,-0.054545,0.727273,-0.072727,0.509091,-0.054545,0.400000
T,Right,legacy_bisindo_T_454,0.000000,0.000000,0.209877,0.049383,0.358025,0.222222,0.444444,0.419753,0.432099,0.617284,0.111111,0.246914,0.148148,0.543210,0.197531,0.765432,0.222222,0.987654,-0.135802,0.222222,-0.111111,0.580247,-0.074074,0.802469,-0.037037,1.000000,-0.320988,0.185185,-0.296296,0.506173,-0.271605,0.716049,-0.234568,0.901235,-0.469136,0.123457,-0.530864,0.395062,-0.506173,0.580247,-0.469136,0.728395
T,Right,legacy_bisindo_T_455,0.000000,0.000000,0.400000,0.047059,0.670588,0.211765,0.811765,0.458824,0.870588,0.670588,0.505882,0.600000,0.505882,0.858824,0.494118,0.941176,0.482353,1.000000,0.317647,0.647059,0.329412,0.917647,0.329412,0.823529,0.317647,0.694118,0.141176,0.635294,0.152941,0.905882,0.141176,0.788235,0.129412,0.647059,-0.035294,0.588235,-0.035294,0.811765,-0.023529,0.694118,-0.011765,0.552941
T,Right,legacy_bisindo_T_456,0.000000,0.000000,0.285714,0.000000,0.607143,-0.125000,0.821429,-0.321429,0.928571,-0.500000,0.517857,-0.535714,0.553571,-0.732143,0.535714,-0.875000,0.482143,-1.000000,0.303571,-0.625000,0.321429,-0.785714,0.250000,-0.500000,0.232143,-0.357143,0.071429,-0.642857,0.089286,-0.767857,0.035714,-0.500000,0.017857,-0.375000,-0.160714,-0.589286,-0.142857,-0.714286,-0.142857,-0.500000,-0.160714,-0.392857
T,Right,legacy_bisindo_T_457,0.000000,0.000000,0.327586,0.000000,0.672414,0.137931,0.862069,0.344828,0.982759,0.534483,0.586207,0.500000,0.620690,0.724138,0.568966,0.879310,0.551724,1.000000,0.379310,0.586207,0.396552,0.758621,0.310345,0.517241,0.275862,0.379310,0.155172,0.620690,0.172414,0.758621,0.120690,0.500000,0.120690,0.379310,-0.051724,0.620690,-0.034483,0.741379,-0.051724,0.551724,-0.034483,0.448276
T,Right,legacy_bisindo_T_458,0.000000,0.000000,0.200000,0.080000,0.333333,0.280000,0.386667,0.506667,0.360000,0.733333,0.066667,0.240000,0.120000,0.520000,0.186667,0.733333,0.213333,0.973333,-0.173333,0.160000,-0.186667,0.520000,-0.160000,0.773333,-0.146667,1.000000,-0.360000,0.093333,-0.386667,0.466667,-0.386667,0.706667,-0.360000,0.906667,-0.493333,0.053333,-0.573333,0.373333,-0.586667,0.573333,-0.573333,0.746667
T,Right,legacy_bisindo_T_459,0.000000,0.000000,0.283333,0.000000,0.633333,-0.050000,0.866667,-0.216667,1.000000,-0.366667,0.583333,-0.466667,0.650000,-0.666667,0.650000,-0.783333,0.600000,-0.933333,0.400000,-0.550000,0.450000,-0.700000,0.350000,-0.416667,0.316667,-0.316667,0.200000,-0.566667,0.233333,-0.700000,0.166667,-0.433333,0.166667,-0.333333,-0.016667,-0.550000,0.033333,-0.683333,0.000000,-0.483333,0.000000,-0.400000
T,Right,legacy_bisindo_T_460,0.000000,0.000000,0.344262,0.016393,0.655738,0.131148,0.868852,0.327869,1.000000,0.524590,0.573770,0.524590,0.606557,0.737705,0.590164,0.868852,0.557377,0.983607,0.377049,0.606557,0.409836,0.770492,0.327869,0.524590,0.295082,0.393443,0.180328,0.622951,0.196721,0.754098,0.147541,0.491803,0.147541,0.377049,-0.016393,0.606557,0.000000,0.737705,0.000000,0.540984,0.000000,0.426230
T,Right,legacy_bisindo_T_461,0.000000,0.000000,0.259259,0.018519,0.462963,-0.129630,0.574074,-0.370370,0.629630,-0.648148,0.129630,-0.240741,0.018519,-0.574074,-0.018519,-0.814815,-0.055556,-1.000000,-0.111111,-0.296296,-0.185185,-0.592593,-0.259259,-0.796296,-0.333333,-0.962963,-0.277778,-0.314815,-0.351852,-0.592593,-0.407407,-0.759259,-0.481481,-0.925926,-0.388889,-0.333333,-0.444444,-0.518519,-0.481481,-0.685185,-0.537037,-0.833333
T,Right,legacy_bisindo_T_462,0.000000,0.000000,0.288136,-0.016949,0.593220,-0.135593,0.813559,-0.338983,0.915254,-0.542373,0.491525,-0.542373,0.525424,-0.728814,0.508475,-0.864407,0.457627,-1.000000,0.288136,-0.610169,0.322034,-0.779661,0.237288,-0.508475,0.237288,-0.389831,0.067797,-0.610169,0.084746,-0.779661,0.050847,-0.508475,0.050847,-0.406780,-0.135593,-0.593220,-0.118644,-0.728814,-0.118644,-0.525424,-0.118644,-0.423729
T,Right,legacy_bisindo_T_463,0.000000,0.000000,0.327869,0.000000,0.655738,0.131148,0.852459,0.327869,0.967213,0.524590,0.573770,0.524590,0.590164,0.737705,0.573770,0.868852,0.540984,1.000000,0.360656,0.606557,0.409836,0.786885,0.327869,0.540984,0.295082,0.426230,0.163934,0.622951,0.163934,0.770492,0.131148,0.508197,0.131148,0.409836,-0.049180,0.606557,-0.016393,0.737705,-0.016393,0.540984,-0.016393,0.442623
T,Right,legacy_bisindo_T_464,0.000000,0.000000,0.260000,0.120000,0.480000,0.400000,0.660000,0.700000,0.840000,1.000000,0.260000,0.280000,0.380000,0.560000,0.400000,0.800000,0.420000,1.000000,-0.060000,0.300000,0.060000,0.660000,0.100000,0.860000,0.140000,1.000000,-0.320000,0.320000,-0.240000,0.680000,-0.200000,0.860000,-0.140000,1.000000,-0.520000,0.320000,-0.560000,0.620000,-0.480000,0.800000,-0.420000,0.920000
T,Right,legacy_bisindo_T_465,0.000000,0.000000,0.357143,0.166667,0.690476,0.166667,0.880952,0.047619,1.000000,-0.119048,0.238095,-0.047619,0.166667,-0.357143,0.190476,-0.571429,0.166667,-0.809524,-0.023810,-0.119048,-0.071429,-0.357143,-0.071429,-0.500000,-0.119048,-0.666667,-0.190476,-0.166667,-0.238095,-0.380952,-0.214286,-0.523810,-0.238095,-0.666667,-0.285714,-0.190476,-0.333333,-0.380952,-0.285714,-0.547619,-0.261905,-0.714286
T,Right,legacy_bisindo_T_466,0.000000,0.000000,0.344262,0.000000,0.672131,0.131148,0.885246,0.344262,1.000000,0.540984,0.573770,0.524590,0.606557,0.737705,0.590164,0.885246,0.573770,1.000000,0.360656,0.590164,0.409836,0.786885,0.344262,0.524590,0.311475,0.409836,0.163934,0.622951,0.180328,0.770492,0.147541,0.508197,0.147541,0.409836,-0.032787,0.622951,0.000000,0.754098,-0.016393,0.540984,-0.016393,0.442623
T,Right,legacy_bisindo_T_467,0.000000,0.000000,0.354167,0.104167,0.645833,-0.062500,0.791667,-0.250000,0.895833,-0.500000,0.250000,-0.354167,0.229167,-0.625000,0.229167,-0.812500,0.187500,-1.000000,-0.041667,-0.395833,-0.062500,-0.583333,-0.125000,-0.750000,-0.187500,-0.895833,-0.270833,-0.354167,-0.333333,-0.520833,-0.375000,-0.645833,-0.416667,-0.770833,-0.437500,-0.291667,-0.562500,-0.395833,-0.583333,-0.500000,-0.604167,-0.625000
T,Right,legacy_bisindo_T_468,0.000000,0.000000,0.289855,0.043478,0.565217,0.217391,0.695652,0.434783,0.768116,0.637681,0.391304,0.623188,0.391304,0.840580,0.362319,0.927536,0.304348,1.000000,0.202899,0.652174,0.202899,0.869565,0.188406,0.652174,0.173913,0.492754,0.028986,0.637681,0.028986,0.826087,0.014493,0.594203,0.014493,0.449275,-0.144928,0.594203,-0.144928,0.782609,-0.130435,0.608696,-0.115942,0.478261
T,Right,legacy_bisindo_T_469,0.000000,0.000000,0.384615,0.051282,0.717949,-0.076923,0.923077,-0.333333,1.000000,-0.615385,0.641026,0.128205,0.692308,-0.205128,0.641026,-0.512821,0.615385,-0.794872,0.282051,0.205128,0.333333,-0.153846,0.333333,-0.410256,0.333333,-0.589744,-0.076923,0.230769,-0.025641,-0.153846,0.000000,-0.358974,0.025641,-0.487179,-0.384615,0.256410,-0.358974,-0.076923,-0.307692,-0.256410,-0.256410,-0.384615
T,Right,legacy_bisindo_T_470,0.000000,0.000000,0.321429,0.017857,0.678571,0.107143,0.892857,0.178571,1.000000,0.303571,0.625000,0.303571,0.714286,0.589286,0.678571,0.767857,0.660714,0.928571,0.410714,0.375000,0.446429,0.696429,0.357143,0.571429,0.339286,0.500000,0.178571,0.410714,0.196429,0.660714,0.142857,0.517857,0.160714,0.446429,-0.035714,0.392857,-0.017857,0.607143,-0.017857,0.517857,-0.017857,0.446429
T,Right,legacy_bisindo_T_471,0.000000,0.000000,0.384615,-0.230769,0.589744,-0.538462,0.692308,-0.769231,0.717949,-0.871795,0.358974,-0.384615,0.358974,-0.666667,0.307692,-0.846154,0.230769,-1.000000,0.025641,-0.307692,0.000000,-0.589744,-0.051282,-0.769231,-0.128205,-0.897436,-0.230769,-0.230769,-0.282051,-0.487179,-0.307692,-0.666667,-0.333333,-0.820513,-0.435897,-0.179487,-0.564103,-0.358974,-0.589744,-0.512821,-0.589744,-0.666667
T,Right,legacy_bisindo_T_472,0.000000,0.000000,0.287879,-0.030303,0.590909,-0.196970,0.742424,-0.439394,0.818182,-0.636364,0.424242,-0.590909,0.454545,-0.803030,0.424242,-0.924242,0.363636,-1.000000,0.242424,-0.636364,0.242424,-0.863636,0.212121,-0.651515,0.212121,-0.484848,0.075758,-0.621212,0.060606,-0.863636,0.060606,-0.651515,0.060606,-0.500000,-0.106061,-0.575758,-0.121212,-0.803030,-0.106061,-0.636364,-0.090909,-0.515152
T,Right,legacy_bisindo_T_473,0.000000,0.000000,0.303030,0.030303,0.606061,0.196970,0.757576,0.424242,0.848485,0.621212,0.454545,0.590909,0.469697,0.818182,0.439394,0.924242,0.378788,1.000000,0.287879,0.636364,0.318182,0.848485,0.272727,0.651515,0.257576,0.515152,0.106061,0.636364,0.121212,0.848485,0.090909,0.651515,0.090909,0.530303,-0.075758,0.606061,-0.060606,0.787879,-0.060606,0.651515,-0.045455,0.545455
T,Right,legacy_bisindo_T_474,0.000000,0.000000,0.283582,-0.044776,0.582090,-0.208955,0.731343,-0.432836,0.791045,-0.626866,0.417910,-0.567164,0.432836,-0.791045,0.417910,-0.895522,0.373134,-1.000000,0.238806,-0.611940,0.238806,-0.850746,0.208955,-0.656716,0.194030,-0.507463,0.059701,-0.597015,0.059701,-0.850746,0.059701,-0.656716,0.059701,-0.522388,-0.119403,-0.567164,-0.119403,-0.776119,-0.104478,-0.656716,-0.089552,-0.522388
T,Right,legacy_bisindo_T_475,0.000000,0.000000,0.313433,0.059701,0.611940,0.208955,0.761194,0.432836,0.835821,0.626866,0.447761,0.582090,0.477612,0.805970,0.447761,0.925373,0.402985,1.000000,0.283582,0.626866,0.313433,0.835821,0.268657,0.641791,0.238806,0.507463,0.119403,0.641791,0.119403,0.835821,0.104478,0.641791,0.104478,0.522388,-0.059701,0.597015,-0.059701,0.776119,-0.044776,0.641791,-0.029851,0.537313
T,Right,legacy_bisindo_T_476,0.000000,0.000000,0.318182,0.045455,0.606061,0.196970,0.772727,0.424242,0.848485,0.606061,0.469697,0.590909,0.500000,0.803030,0.469697,0.924242,0.424242,1.000000,0.287879,0.636364,0.333333,0.848485,0.287879,0.636364,0.257576,0.515152,0.121212,0.636364,0.136364,0.848485,0.121212,0.666667,0.106061,0.545455,-0.060606,0.606061,-0.045455,0.787879,-0.030303,0.651515,-0.015152,0.545455
T,Right,legacy_bisindo_T_477,0.000000,0.000000,0.292308,-0.030769,0.584615,-0.184615,0.738462,-0.415385,0.800000,-0.615385,0.415385,-0.584615,0.446154,-0.784615,0.415385,-0.907692,0.369231,-1.000000,0.230769,-0.630769,0.261538,-0.846154,0.215385,-0.630769,0.215385,-0.492308,0.061538,-0.630769,0.076923,-0.846154,0.061538,-0.646154,0.046154,-0.507692,-0.123077,-0.600000,-0.123077,-0.800000,-0.107692,-0.646154,-0.092308,-0.523077
T,Right,legacy_bisindo_T_478,0.000000,0.000000,0.312500,0.031250,0.609375,0.187500,0.781250,0.421875,0.859375,0.609375,0.468750,0.593750,0.484375,0.812500,0.453125,0.921875,0.406250,1.000000,0.296875,0.640625,0.343750,0.859375,0.281250,0.640625,0.250000,0.515625,0.109375,0.640625,0.125000,0.859375,0.109375,0.671875,0.093750,0.546875,-0.078125,0.609375,-0.062500,0.796875,-0.046875,0.656250,-0.046875,0.546875
T,Right,legacy_bisindo_T_479,0.000000,0.000000,0.307692,0.030769,0.600000,0.184615,0.769231,0.400000,0.846154,0.600000,0.446154,0.584615,0.476923,0.800000,0.446154,0.923077,0.400000,1.000000,0.276923,0.630769,0.323077,0.846154,0.276923,0.646154,0.246154,0.507692,0.107692,0.630769,0.123077,0.830769,0.092308,0.646154,0.092308,0.538462,-0.076923,0.600000,-0.061538,0.769231,-0.061538,0.630769,-0.046154,0.538462
T,Right,legacy_bisindo_T_480,0.000000,0.000000,0.307692,0.030769,0.600000,0.200000,0.769231,0.415385,0.846154,0.615385,0.446154,0.584615,0.476923,0.815385,0.446154,0.923077,0.415385,1.000000,0.276923,0.630769,0.307692,0.846154,0.276923,0.646154,0.246154,0.507692,0.092308,0.646154,0.123077,0.846154,0.107692,0.661538,0.107692,0.538462,-0.076923,0.615385,-0.061538,0.800000,-0.046154,0.661538,-0.030769,0.538462
T,Right,legacy_bisindo_T_481,0.000000,0.000000,0.307692,0.030769,0.600000,0.200000,0.769231,0.415385,0.861538,0.600000,0.461538,0.600000,0.476923,0.800000,0.461538,0.923077,0.415385,1.000000,0.276923,0.630769,0.307692,0.861538,0.261538,0.646154,0.246154,0.507692,0.107692,0.646154,0.123077,0.846154,0.107692,0.646154,0.107692,0.507692,-0.076923,0.600000,-0.046154,0.815385,-0.046154,0.646154,-0.030769,0.523077
T,Right,legacy_bisindo_T_482,0.000000,0.000000,0.323077,0.046154,0.600000,0.200000,0.769231,0.415385,0.861538,0.600000,0.446154,0.584615,0.476923,0.815385,0.446154,0.923077,0.415385,1.000000,0.276923,0.646154,0.307692,0.861538,0.276923,0.646154,0.246154,0.507692,0.092308,0.646154,0.123077,0.861538,0.107692,0.630769,0.092308,0.507692,-0.092308,0.615385,-0.061538,0.800000,-0.046154,0.646154,-0.046154,0.523077
T,Right,legacy_bisindo_T_483,0.000000,0.000000,0.313433,0.059701,0.597015,0.208955,0.761194,0.417910,0.865672,0.597015,0.462687,0.582090,0.492537,0.791045,0.477612,0.910448,0.462687,1.000000,0.298507,0.641791,0.328358,0.850746,0.283582,0.641791,0.253731,0.507463,0.134328,0.641791,0.149254,0.850746,0.119403,0.641791,0.119403,0.507463,-0.044776,0.611940,-0.029851,0.805970,-0.014925,0.641791,-0.014925,0.522388
T,Right,legacy_bisindo_T_484,0.000000,0.000000,0.298507,-0.074627,0.567164,-0.208955,0.716418,-0.417910,0.805970,-0.597015,0.402985,-0.611940,0.432836,-0.805970,0.417910,-0.925373,0.388060,-1.000000,0.238806,-0.656716,0.283582,-0.850746,0.238806,-0.626866,0.238806,-0.492537,0.074627,-0.641791,0.089552,-0.850746,0.074627,-0.626866,0.074627,-0.492537,-0.104478,-0.597015,-0.089552,-0.791045,-0.059701,-0.611940,-0.044776,-0.492537
T,Right,legacy_bisindo_T_485,0.000000,0.000000,0.313433,0.059701,0.597015,0.208955,0.761194,0.402985,0.865672,0.582090,0.462687,0.582090,0.492537,0.791045,0.477612,0.910448,0.447761,1.000000,0.298507,0.641791,0.328358,0.850746,0.283582,0.641791,0.268657,0.507463,0.119403,0.641791,0.149254,0.850746,0.119403,0.641791,0.119403,0.522388,-0.059701,0.611940,-0.029851,0.805970,-0.014925,0.641791,-0.014925,0.522388
T,Right,legacy_bisindo_T_486,0.000000,0.000000,0.318182,0.045455,0.606061,0.212121,0.772727,0.409091,0.863636,0.606061,0.454545,0.590909,0.500000,0.803030,0.484848,0.909091,0.454545,1.000000,0.287879,0.636364,0.318182,0.863636,0.272727,0.651515,0.242424,0.515152,0.121212,0.651515,0.151515,0.848485,0.121212,0.636364,0.121212,0.500000,-0.060606,0.621212,-0.030303,0.818182,-0.015152,0.651515,-0.015152,0.530303
T,Right,legacy_bisindo_T_487,0.000000,0.000000,-0.200000,0.040000,-0.440000,0.120000,-0.680000,0.120000,-0.880000,0.080000,-0.480000,0.360000,-0.760000,0.360000,-0.920000,0.240000,-1.000000,0.120000,-0.440000,0.360000,-0.720000,0.360000,-0.880000,0.240000,-0.960000,0.160000,-0.440000,0.320000,-0.680000,0.320000,-0.840000,0.240000,-0.920000,0.160000,-0.400000,0.280000,-0.640000,0.320000,-0.760000,0.240000,-0.880000,0.200000
T,Right,legacy_bisindo_T_488,0.000000,0.000000,-0.230769,0.000000,-0.500000,0.038462,-0.730769,0.038462,-0.923077,0.000000,-0.500000,0.269231,-0.807692,0.269231,-0.923077,0.153846,-1.000000,0.038462,-0.461538,0.269231,-0.769231,0.269231,-0.923077,0.153846,-1.000000,0.038462,-0.461538,0.230769,-0.730769,0.230769,-0.884615,0.153846,-0.961538,0.038462,-0.423077,0.192308,-0.653846,0.192308,-0.807692,0.153846,-0.884615,0.076923
T,Right,legacy_bisindo_T_489,0.000000,0.000000,-0.263158,-0.105263,-0.526316,-0.210526,-0.789474,-0.210526,-1.000000,-0.105263,-0.368421,-0.473684,-0.578947,-0.473684,-0.684211,-0.421053,-0.789474,-0.315789,-0.157895,-0.473684,-0.315789,-0.473684,-0.421053,-0.368421,-0.473684,-0.315789,0.052632,-0.421053,-0.052632,-0.368421,-0.105263,-0.263158,-0.157895,-0.210526,0.263158,-0.315789,0.263158,-0.315789,0.210526,-0.263158,0.157895,-0.210526
T,Right,legacy_bisindo_T_490,0.000000,0.000000,-0.160000,0.040000,-0.400000,0.040000,-0.640000,0.040000,-0.800000,0.040000,-0.480000,-0.240000,-0.760000,-0.200000,-0.920000,-0.120000,-1.000000,-0.040000,-0.480000,-0.240000,-0.720000,-0.200000,-0.880000,-0.160000,-1.000000,-0.040000,-0.440000,-0.200000,-0.680000,-0.200000,-0.880000,-0.120000,-0.960000,-0.040000,-0.400000,-0.160000,-0.640000,-0.120000,-0.800000,-0.120000,-0.920000,-0.080000
T,Right,legacy_bisindo_T_491,0.000000,0.000000,-0.166667,0.000000,-0.458333,-0.041667,-0.666667,-0.083333,-0.875000,-0.083333,-0.416667,-0.250000,-0.708333,-0.333333,-0.875000,-0.291667,-1.000000,-0.250000,-0.375000,-0.291667,-0.708333,-0.333333,-0.875000,-0.333333,-1.000000,-0.250000,-0.375000,-0.250000,-0.666667,-0.333333,-0.833333,-0.291667,-0.958333,-0.250000,-0.333333,-0.250000,-0.583333,-0.250000,-0.750000,-0.250000,-0.875000,-0.208333
T,Right,legacy_bisindo_T_492,0.000000,0.000000,-0.250000,-0.100000,-0.550000,-0.050000,-0.750000,0.050000,-0.900000,0.100000,-0.500000,0.200000,-0.750000,0.350000,-0.900000,0.350000,-1.000000,0.300000,-0.400000,0.300000,-0.700000,0.350000,-0.900000,0.300000,-1.000000,0.250000,-0.350000,0.350000,-0.650000,0.350000,-0.800000,0.350000,-0.900000,0.250000,-0.300000,0.350000,-0.550000,0.400000,-0.700000,0.350000,-0.800000,0.300000
T,Right,legacy_bisindo_T_493,0.000000,0.000000,-0.217391,-0.086957,-0.478261,-0.043478,-0.652174,-0.043478,-0.782609,0.000000,-0.521739,0.173913,-0.739130,0.173913,-0.869565,0.130435,-0.956522,0.043478,-0.478261,0.217391,-0.739130,0.260870,-0.869565,0.173913,-1.000000,0.130435,-0.434783,0.260870,-0.695652,0.304348,-0.826087,0.217391,-0.956522,0.173913,-0.347826,0.304348,-0.565217,0.304348,-0.695652,0.260870,-0.782609,0.217391
T,Right,legacy_bisindo_T_494,0.000000,0.000000,-0.160000,-0.040000,-0.400000,-0.080000,-0.600000,-0.080000,-0.760000,-0.080000,-0.520000,0.160000,-0.760000,0.120000,-0.880000,0.040000,-1.000000,-0.040000,-0.480000,0.200000,-0.760000,0.200000,-0.880000,0.120000,-1.000000,0.000000,-0.440000,0.240000,-0.720000,0.200000,-0.880000,0.120000,-0.960000,0.080000,-0.440000,0.200000,-0.640000,0.240000,-0.800000,0.160000,-0.880000,0.120000
T,Right,legacy_bisindo_T_495,0.000000,0.000000,-0.240000,-0.040000,-0.520000,-0.040000,-0.680000,-0.040000,-0.880000,-0.080000,-0.520000,0.160000,-0.760000,0.160000,-0.880000,0.120000,-1.000000,0.040000,-0.480000,0.200000,-0.720000,0.200000,-0.880000,0.120000,-1.000000,0.080000,-0.440000,0.200000,-0.640000,0.200000,-0.800000,0.160000,-0.920000,0.120000,-0.360000,0.200000,-0.520000,0.240000,-0.640000,0.200000,-0.760000,0.200000
T,Right,legacy_bisindo_T_496,0.000000,0.000000,0.354167,-0.125000,0.729167,-0.229167,0.937500,-0.395833,0.979167,-0.583333,0.562500,-0.500000,0.583333,-0.729167,0.562500,-0.854167,0.520833,-1.000000,0.354167,-0.562500,0.375000,-0.791667,0.354167,-0.520833,0.333333,-0.395833,0.145833,-0.562500,0.166667,-0.770833,0.166667,-0.520833,0.166667,-0.395833,-0.041667,-0.520833,-0.020833,-0.687500,0.000000,-0.520833,0.020833,-0.437500
T,Right,legacy_bisindo_T_497,0.000000,0.000000,0.375000,0.062500,0.687500,0.229167,0.875000,0.437500,0.937500,0.645833,0.541667,0.562500,0.541667,0.770833,0.541667,0.875000,0.520833,1.000000,0.312500,0.604167,0.354167,0.812500,0.312500,0.541667,0.291667,0.416667,0.104167,0.604167,0.125000,0.791667,0.125000,0.520833,0.125000,0.416667,-0.083333,0.562500,-0.083333,0.729167,-0.062500,0.541667,-0.041667,0.416667
T,Right,legacy_bisindo_T_498,0.000000,0.000000,0.346939,-0.122449,0.673469,-0.224490,0.857143,-0.448980,0.918367,-0.653061,0.510204,-0.551020,0.530612,-0.775510,0.510204,-0.897959,0.469388,-1.000000,0.306122,-0.612245,0.326531,-0.816327,0.306122,-0.551020,0.306122,-0.428571,0.102041,-0.612245,0.122449,-0.795918,0.102041,-0.551020,0.122449,-0.448980,-0.081633,-0.551020,-0.081633,-0.714286,-0.061224,-0.530612,-0.020408,-0.448980
T,Right,legacy_bisindo_T_499,0.000000,0.000000,0.375000,0.062500,0.708333,0.229167,0.875000,0.416667,0.958333,0.625000,0.541667,0.562500,0.541667,0.770833,0.520833,0.875000,0.520833,1.000000,0.312500,0.583333,0.333333,0.791667,0.312500,0.520833,0.312500,0.395833,0.125000,0.583333,0.125000,0.750000,0.125000,0.479167,0.145833,0.375000,-0.083333,0.520833,-0.083333,0.687500,-0.062500,0.500000,-0.041667,0.395833
T,Right,legacy_bisindo_T_500,0.000000,0.000000,0.372549,0.098039,0.647059,0.235294,0.803922,0.450980,0.862745,0.666667,0.490196,0.588235,0.490196,0.784314,0.490196,0.882353,0.470588,1.000000,0.274510,0.627451,0.313725,0.803922,0.274510,0.549020,0.254902,0.431373,0.098039,0.607843,0.098039,0.784314,0.098039,0.529412,0.117647,0.431373,-0.098039,0.568627,-0.078431,0.745098,-0.058824,0.549020,-0.019608,0.450980
T,Right,legacy_bisindo_T_501,0.000000,0.000000,0.460000,-0.060000,0.880000,-0.220000,1.000000,-0.580000,0.920000,-0.880000,0.840000,-0.300000,0.900000,-0.660000,0.900000,-0.820000,0.880000,-0.960000,0.580000,-0.420000,0.620000,-0.860000,0.540000,-0.720000,0.520000,-0.600000,0.300000,-0.460000,0.320000,-0.880000,0.260000,-0.680000,0.260000,-0.500000,0.040000,-0.460000,0.080000,-0.780000,0.080000,-0.680000,0.100000,-0.580000
T,Right,legacy_bisindo_T_502,0.000000,0.000000,0.333333,-0.047619,0.698413,0.047619,0.888889,0.174603,1.000000,0.301587,0.634921,0.365079,0.714286,0.634921,0.698413,0.746032,0.682540,0.841270,0.444444,0.444444,0.507937,0.714286,0.380952,0.492063,0.333333,0.365079,0.253968,0.460317,0.285714,0.698413,0.190476,0.476190,0.174603,0.349206,0.063492,0.460317,0.079365,0.650794,0.031746,0.523810,0.031746,0.444444
T,Right,legacy_bisindo_T_503,0.000000,0.000000,0.431034,0.000000,0.827586,-0.086207,1.000000,-0.362069,0.982759,-0.603448,0.775862,-0.224138,0.810345,-0.500000,0.793103,-0.551724,0.775862,-0.586207,0.517241,-0.344828,0.534483,-0.689655,0.448276,-0.517241,0.448276,-0.396552,0.275862,-0.396552,0.258621,-0.706897,0.206897,-0.500000,0.206897,-0.362069,0.051724,-0.431034,0.068966,-0.637931,0.068966,-0.517241,0.086207,-0.431034
T,Right,legacy_bisindo_T_504,0.000000,0.000000,0.312500,-0.062500,0.687500,0.046875,0.890625,0.218750,1.000000,0.390625,0.609375,0.359375,0.687500,0.609375,0.671875,0.718750,0.671875,0.828125,0.421875,0.437500,0.453125,0.703125,0.343750,0.500000,0.312500,0.359375,0.234375,0.453125,0.250000,0.687500,0.171875,0.484375,0.156250,0.343750,0.046875,0.453125,0.046875,0.640625,0.015625,0.531250,0.015625,0.453125
T,Right,legacy_bisindo_T_505,0.000000,0.000000,0.380952,-0.063492,0.746032,-0.174603,0.952381,-0.365079,1.000000,-0.555556,0.682540,-0.349206,0.682540,-0.682540,0.682540,-0.809524,0.682540,-0.904762,0.460317,-0.428571,0.476190,-0.825397,0.428571,-0.698413,0.412698,-0.587302,0.238095,-0.460317,0.238095,-0.809524,0.206349,-0.666667,0.190476,-0.523810,0.015873,-0.476190,0.063492,-0.730159,0.047619,-0.650794,0.047619,-0.555556
T,Right,legacy_bisindo_T_506,0.000000,0.000000,0.359375,-0.031250,0.734375,0.109375,0.921875,0.328125,1.000000,0.500000,0.562500,0.437500,0.625000,0.687500,0.640625,0.781250,0.671875,0.890625,0.359375,0.500000,0.390625,0.750000,0.359375,0.578125,0.343750,0.468750,0.171875,0.500000,0.187500,0.718750,0.171875,0.531250,0.171875,0.437500,-0.015625,0.453125,-0.015625,0.640625,-0.015625,0.546875,-0.015625,0.484375
T,Right,legacy_bisindo_T_507,0.000000,0.000000,0.346154,-0.096154,0.730769,-0.153846,0.942308,-0.307692,1.000000,-0.480769,0.730769,-0.153846,0.826923,-0.480769,0.826923,-0.750000,0.826923,-0.980769,0.634615,-0.192308,0.653846,-0.557692,0.634615,-0.788462,0.615385,-1.000000,0.519231,-0.211538,0.576923,-0.557692,0.576923,-0.769231,0.576923,-0.961538,0.442308,-0.211538,0.596154,-0.423077,0.692308,-0.596154,0.750000,-0.769231
T,Right,legacy_bisindo_T_508,0.000000,0.000000,0.343750,-0.031250,0.687500,0.093750,0.890625,0.296875,1.000000,0.515625,0.593750,0.406250,0.656250,0.687500,0.656250,0.734375,0.687500,0.781250,0.390625,0.468750,0.437500,0.703125,0.390625,0.500000,0.375000,0.375000,0.187500,0.500000,0.218750,0.703125,0.171875,0.500000,0.156250,0.359375,-0.015625,0.500000,0.000000,0.671875,-0.031250,0.515625,-0.046875,0.390625
T,Right,legacy_bisindo_T_509,0.000000,0.000000,0.254902,-0.078431,0.431373,-0.313725,0.529412,-0.607843,0.568627,-0.862745,0.176471,-0.313725,0.117647,-0.607843,0.058824,-0.823529,0.039216,-1.000000,-0.117647,-0.313725,-0.176471,-0.647059,-0.176471,-0.843137,-0.215686,-1.000000,-0.372549,-0.294118,-0.392157,-0.588235,-0.411765,-0.764706,-0.411765,-0.901961,-0.549020,-0.254902,-0.666667,-0.470588,-0.686275,-0.568627,-0.686275,-0.666667
T,Right,legacy_bisindo_T_510,0.000000,0.000000,0.320755,0.000000,0.660377,0.169811,0.867925,0.433962,1.000000,0.660377,0.528302,0.283019,0.603774,0.679245,0.584906,0.849057,0.584906,0.962264,0.264151,0.358491,0.339623,0.698113,0.301887,0.773585,0.283019,0.811321,0.000000,0.377358,0.075472,0.698113,0.056604,0.735849,0.037736,0.754717,-0.245283,0.396226,-0.150943,0.641509,-0.169811,0.660377,-0.188679,0.679245
T,Right,legacy_bisindo_T_511,0.000000,0.000000,0.319149,0.042553,0.723404,-0.127660,0.936170,-0.340426,1.000000,-0.553191,0.574468,-0.510638,0.617021,-0.723404,0.617021,-0.829787,0.574468,-0.914894,0.319149,-0.574468,0.425532,-0.744681,0.340426,-0.468085,0.297872,-0.319149,0.106383,-0.574468,0.170213,-0.744681,0.127660,-0.468085,0.106383,-0.319149,-0.106383,-0.531915,-0.063830,-0.659574,-0.063830,-0.468085,-0.085106,-0.382979
T,Right,legacy_bisindo_T_512,0.000000,0.000000,0.368421,0.026316,0.657895,0.184211,0.868421,0.421053,1.000000,0.657895,0.421053,0.026316,0.500000,0.368421,0.526316,0.684211,0.526316,0.947368,0.078947,0.026316,0.184211,0.368421,0.236842,0.657895,0.236842,0.894737,-0.210526,0.052632,-0.157895,0.368421,-0.105263,0.631579,-0.078947,0.815789,-0.473684,0.078947,-0.473684,0.315789,-0.394737,0.500000,-0.368421,0.657895
T,Right,legacy_bisindo_T_513,0.000000,0.000000,0.375000,-0.020833,0.750000,0.145833,0.895833,0.395833,1.000000,0.625000,0.583333,0.562500,0.604167,0.791667,0.604167,0.854167,0.604167,0.958333,0.333333,0.604167,0.375000,0.833333,0.333333,0.541667,0.312500,0.437500,0.125000,0.583333,0.125000,0.770833,0.125000,0.479167,0.125000,0.395833,-0.104167,0.520833,-0.104167,0.666667,-0.104167,0.458333,-0.083333,0.354167
T,Right,legacy_bisindo_T_514,0.000000,0.000000,0.380000,0.020000,0.720000,0.160000,0.920000,0.400000,0.960000,0.640000,0.580000,0.580000,0.600000,0.820000,0.620000,0.880000,0.620000,1.000000,0.340000,0.620000,0.400000,0.820000,0.360000,0.520000,0.360000,0.420000,0.140000,0.620000,0.180000,0.800000,0.140000,0.500000,0.160000,0.420000,-0.080000,0.600000,-0.040000,0.740000,-0.040000,0.520000,-0.040000,0.440000
T,Right,legacy_bisindo_T_515,0.000000,0.000000,0.400000,0.000000,0.760000,0.160000,0.940000,0.400000,1.000000,0.640000,0.600000,0.600000,0.640000,0.860000,0.640000,0.860000,0.680000,0.880000,0.380000,0.660000,0.440000,0.840000,0.400000,0.540000,0.380000,0.420000,0.160000,0.640000,0.220000,0.800000,0.180000,0.500000,0.180000,0.420000,-0.060000,0.600000,0.000000,0.740000,0.000000,0.520000,0.000000,0.420000
T,Right,legacy_bisindo_T_516,0.000000,0.000000,0.358491,0.018868,0.754717,-0.094340,0.962264,-0.283019,1.000000,-0.490566,0.679245,-0.396226,0.698113,-0.622642,0.698113,-0.716981,0.698113,-0.849057,0.471698,-0.490566,0.490566,-0.716981,0.433962,-0.509434,0.396226,-0.396226,0.264151,-0.509434,0.283019,-0.716981,0.264151,-0.490566,0.226415,-0.358491,0.056604,-0.490566,0.113208,-0.660377,0.094340,-0.509434,0.075472,-0.433962
T,Right,legacy_bisindo_T_517,0.000000,0.000000,0.380000,0.000000,0.760000,0.140000,0.940000,0.380000,1.000000,0.620000,0.600000,0.580000,0.640000,0.840000,0.660000,0.880000,0.680000,0.960000,0.380000,0.640000,0.440000,0.820000,0.400000,0.520000,0.380000,0.400000,0.160000,0.620000,0.220000,0.800000,0.180000,0.500000,0.180000,0.400000,-0.040000,0.600000,0.000000,0.740000,-0.020000,0.520000,-0.020000,0.420000
T,Right,legacy_bisindo_T_518,0.000000,0.000000,0.312500,0.000000,0.708333,-0.062500,0.916667,-0.166667,1.000000,-0.291667,0.645833,-0.333333,0.687500,-0.583333,0.687500,-0.729167,0.687500,-0.854167,0.437500,-0.458333,0.500000,-0.708333,0.437500,-0.520833,0.375000,-0.416667,0.229167,-0.458333,0.270833,-0.687500,0.208333,-0.500000,0.166667,-0.375000,0.020833,-0.416667,0.083333,-0.604167,0.062500,-0.500000,0.041667,-0.416667
T,Right,legacy_bisindo_T_519,0.000000,0.000000,0.352941,-0.039216,0.725490,0.117647,0.901961,0.333333,1.000000,0.529412,0.568627,0.509804,0.607843,0.745098,0.627451,0.823529,0.647059,0.901961,0.352941,0.568627,0.431373,0.764706,0.372549,0.470588,0.333333,0.352941,0.137255,0.568627,0.196078,0.745098,0.156863,0.450980,0.137255,0.352941,-0.058824,0.549020,0.000000,0.686275,-0.019608,0.470588,-0.039216,0.372549
T,Right,legacy_bisindo_T_520,0.000000,0.000000,0.333333,0.018519,0.666667,0.148148,0.870370,0.314815,1.000000,0.500000,0.518519,0.518519,0.555556,0.740741,0.611111,0.851852,0.648148,0.925926,0.314815,0.574074,0.444444,0.722222,0.407407,0.444444,0.351852,0.333333,0.129630,0.555556,0.222222,0.685185,0.222222,0.425926,0.166667,0.333333,-0.074074,0.518519,0.037037,0.611111,0.037037,0.425926,0.000000,0.351852
T,Right,legacy_bisindo_T_521,0.000000,0.000000,0.333333,-0.083333,0.700000,0.050000,0.916667,0.283333,1.000000,0.533333,0.600000,0.583333,0.633333,0.900000,0.600000,0.950000,0.550000,0.916667,0.350000,0.650000,0.400000,0.866667,0.300000,0.550000,0.300000,0.416667,0.116667,0.650000,0.116667,0.816667,0.066667,0.516667,0.100000,0.400000,-0.116667,0.633333,-0.100000,0.766667,-0.133333,0.533333,-0.100000,0.433333
T,Right,legacy_bisindo_T_522,0.000000,0.000000,0.333333,-0.087719,0.684211,0.035088,0.929825,0.298246,1.000000,0.578947,0.649123,0.561404,0.719298,0.912281,0.614035,0.982456,0.473684,0.982456,0.403509,0.631579,0.403509,0.859649,0.280702,0.543860,0.245614,0.368421,0.140351,0.649123,0.105263,0.789474,0.035088,0.491228,0.070175,0.385965,-0.087719,0.614035,-0.157895,0.736842,-0.175439,0.526316,-0.140351,0.403509
T,Right,legacy_bisindo_T_523,0.000000,0.000000,0.312500,-0.187500,0.562500,-0.375000,0.812500,-0.500000,1.000000,-0.562500,0.437500,-0.750000,0.812500,-0.812500,1.000000,-0.687500,1.000000,-0.562500,0.375000,-0.687500,0.750000,-0.750000,0.875000,-0.625000,0.937500,-0.500000,0.250000,-0.562500,0.625000,-0.625000,0.750000,-0.437500,0.750000,-0.312500,0.187500,-0.375000,0.500000,-0.437500,0.625000,-0.312500,0.625000,-0.250000
T,Right,legacy_bisindo_T_524,0.000000,0.000000,0.333333,0.111111,0.611111,0.277778,0.833333,0.333333,1.000000,0.333333,0.500000,0.611111,0.833333,0.611111,0.944444,0.444444,1.000000,0.333333,0.388889,0.555556,0.722222,0.555556,0.888889,0.388889,0.888889,0.277778,0.277778,0.388889,0.611111,0.388889,0.722222,0.277778,0.777778,0.166667,0.222222,0.222222,0.444444,0.277778,0.555556,0.166667,0.611111,0.111111
T,Right,legacy_bisindo_T_525,0.000000,0.000000,0.277778,-0.111111,0.555556,-0.277778,0.777778,-0.333333,1.000000,-0.333333,0.444444,-0.611111,0.777778,-0.666667,0.944444,-0.500000,0.944444,-0.388889,0.333333,-0.555556,0.722222,-0.555556,0.888889,-0.444444,0.888889,-0.277778,0.277778,-0.444444,0.611111,-0.444444,0.777778,-0.277778,0.722222,-0.166667,0.222222,-0.277778,0.500000,-0.277778,0.611111,-0.166667,0.666667,-0.111111
T,Right,legacy_bisindo_T_526,0.000000,0.000000,0.315789,0.105263,0.578947,0.263158,0.789474,0.315789,1.000000,0.315789,0.421053,0.578947,0.736842,0.631579,0.894737,0.526316,0.947368,0.421053,0.315789,0.526316,0.684211,0.578947,0.842105,0.421053,0.842105,0.315789,0.263158,0.421053,0.578947,0.421053,0.684211,0.315789,0.736842,0.210526,0.210526,0.263158,0.473684,0.263158,0.578947,0.210526,0.631579,0.105263
T,Right,legacy_bisindo_T_527,0.000000,0.000000,0.250000,-0.125000,0.500000,-0.312500,0.750000,-0.375000,0.937500,-0.437500,0.375000,-0.750000,0.750000,-0.750000,0.937500,-0.625000,1.000000,-0.500000,0.250000,-0.687500,0.687500,-0.687500,0.875000,-0.562500,0.937500,-0.375000,0.187500,-0.500000,0.625000,-0.500000,0.812500,-0.375000,0.812500,-0.250000,0.125000,-0.312500,0.500000,-0.312500,0.625000,-0.250000,0.687500,-0.125000
T,Right,legacy_bisindo_T_528,0.000000,0.000000,0.250000,0.187500,0.562500,0.312500,0.812500,0.375000,1.000000,0.375000,0.375000,0.687500,0.750000,0.687500,0.937500,0.562500,1.000000,0.437500,0.250000,0.562500,0.687500,0.625000,0.875000,0.500000,0.937500,0.312500,0.187500,0.437500,0.562500,0.437500,0.812500,0.312500,0.875000,0.187500,0.125000,0.250000,0.500000,0.250000,0.625000,0.187500,0.750000,0.125000
T,Right,legacy_bisindo_T_529,0.000000,0.000000,0.315789,-0.105263,0.631579,-0.210526,0.842105,-0.210526,1.000000,-0.263158,0.526316,-0.578947,0.842105,-0.578947,0.947368,-0.473684,0.947368,-0.315789,0.421053,-0.526316,0.789474,-0.526316,0.894737,-0.368421,0.894737,-0.263158,0.368421,-0.421053,0.684211,-0.368421,0.789474,-0.210526,0.842105,-0.105263,0.315789,-0.263158,0.578947,-0.210526,0.684211,-0.157895,0.736842,-0.052632
T,Right,legacy_bisindo_T_530,0.000000,0.000000,0.263158,0.157895,0.526316,0.210526,0.789474,0.210526,1.000000,0.210526,0.473684,0.526316,0.736842,0.526316,0.894737,0.421053,0.894737,0.315789,0.368421,0.473684,0.736842,0.421053,0.842105,0.315789,0.894737,0.210526,0.315789,0.315789,0.631579,0.315789,0.736842,0.210526,0.789474,0.105263,0.263158,0.157895,0.526316,0.157895,0.631579,0.105263,0.684211,0.000000
T,Right,legacy_bisindo_T_531,0.000000,0.000000,0.294118,-0.117647,0.588235,-0.235294,0.823529,-0.294118,1.000000,-0.352941,0.411765,-0.705882,0.764706,-0.764706,0.941176,-0.588235,0.941176,-0.470588,0.352941,-0.647059,0.705882,-0.647059,0.882353,-0.529412,0.941176,-0.352941,0.294118,-0.529412,0.647059,-0.529412,0.823529,-0.352941,0.823529,-0.235294,0.235294,-0.352941,0.529412,-0.294118,0.647059,-0.235294,0.705882,-0.117647
T,Right,legacy_bisindo_T_532,0.000000,0.000000,0.250000,-0.125000,0.500000,-0.312500,0.750000,-0.312500,0.937500,-0.375000,0.375000,-0.750000,0.812500,-0.750000,0.937500,-0.562500,1.000000,-0.437500,0.375000,-0.625000,0.750000,-0.625000,0.937500,-0.500000,1.000000,-0.312500,0.375000,-0.500000,0.687500,-0.437500,0.875000,-0.312500,0.937500,-0.187500,0.312500,-0.250000,0.625000,-0.187500,0.750000,-0.125000,0.750000,0.000000
T,Right,legacy_bisindo_T_533,0.000000,0.000000,-0.166667,0.000000,-0.277778,0.055556,-0.388889,0.166667,-0.555556,0.166667,0.222222,0.611111,-0.277778,0.722222,-0.444444,0.555556,-0.333333,0.444444,0.222222,0.777778,-0.333333,0.888889,-0.444444,0.666667,-0.333333,0.555556,0.166667,0.888889,-0.388889,0.944444,-0.500000,0.722222,-0.388889,0.611111,0.055556,0.888889,-0.333333,1.000000,-0.444444,0.833333,-0.388889,0.722222
T,Right,legacy_bisindo_T_534,0.000000,0.000000,-0.111111,-0.111111,-0.277778,-0.222222,-0.388889,-0.333333,-0.444444,-0.277778,-0.222222,-0.944444,-0.111111,-0.944444,-0.166667,-0.722222,-0.222222,-0.611111,-0.055556,-1.000000,0.000000,-1.000000,-0.055556,-0.777778,-0.111111,-0.611111,0.055556,-0.944444,0.111111,-0.888889,0.055556,-0.722222,0.000000,-0.555556,0.166667,-0.833333,0.166667,-0.833333,0.111111,-0.666667,0.055556,-0.555556
T,Right,legacy_bisindo_T_535,0.000000,0.000000,-0.157895,0.000000,-0.315789,-0.105263,-0.421053,-0.263158,-0.473684,-0.157895,-0.052632,-0.684211,-0.263158,-0.789474,-0.368421,-0.631579,-0.421053,-0.473684,0.000000,-0.842105,-0.210526,-0.947368,-0.368421,-0.789474,-0.368421,-0.631579,0.000000,-0.894737,-0.210526,-1.000000,-0.315789,-0.894737,-0.368421,-0.736842,0.000000,-0.894737,-0.157895,-1.000000,-0.263158,-0.947368,-0.315789,-0.842105
T,Right,legacy_bisindo_T_536,0.000000,0.000000,-0.100000,0.000000,-0.100000,0.100000,-0.200000,0.200000,-0.250000,0.150000,0.350000,0.550000,-0.050000,0.700000,-0.200000,0.550000,-0.150000,0.450000,0.300000,0.750000,-0.100000,0.900000,-0.250000,0.700000,-0.150000,0.550000,0.250000,0.850000,-0.100000,1.000000,-0.250000,0.800000,-0.200000,0.650000,0.150000,0.900000,-0.100000,1.000000,-0.200000,0.850000,-0.200000,0.750000
T,Right,legacy_bisindo_T_537,0.000000,0.000000,-0.166667,0.000000,-0.333333,-0.111111,-0.500000,-0.277778,-0.555556,-0.222222,-0.222222,-0.833333,-0.166667,-0.888889,-0.277778,-0.666667,-0.333333,-0.555556,-0.111111,-0.944444,-0.111111,-0.944444,-0.222222,-0.777778,-0.277778,-0.666667,-0.055556,-0.944444,-0.055556,-1.000000,-0.166667,-0.833333,-0.222222,-0.722222,0.000000,-0.944444,-0.055556,-1.000000,-0.111111,-0.944444,-0.222222,-0.944444
T,Right,legacy_bisindo_T_538,0.000000,0.000000,-0.176471,0.058824,-0.411765,-0.058824,-0.647059,-0.176471,-0.823529,-0.176471,-0.352941,-0.705882,-0.294118,-0.764706,-0.470588,-0.647059,-0.588235,-0.529412,-0.235294,-0.882353,-0.176471,-0.941176,-0.294118,-0.764706,-0.411765,-0.647059,-0.117647,-0.941176,-0.058824,-1.000000,-0.176471,-0.882353,-0.352941,-0.823529,-0.058824,-0.941176,-0.058824,-1.000000,-0.176471,-0.941176,-0.294118,-0.882353
T,Right,legacy_bisindo_T_539,0.000000,0.000000,-0.263158,0.000000,-0.473684,0.105263,-0.631579,0.210526,-0.631579,0.210526,-0.210526,0.631579,-0.315789,0.789474,-0.421053,0.684211,-0.473684,0.578947,-0.105263,0.789474,-0.263158,0.947368,-0.368421,0.789474,-0.368421,0.631579,0.000000,0.842105,-0.157895,1.000000,-0.263158,0.842105,-0.263158,0.736842,0.052632,0.842105,-0.105263,1.000000,-0.157895,0.947368,-0.210526,0.842105
T,Right,legacy_bisindo_T_540,0.000000,0.000000,-0.333333,0.000000,-0.666667,-0.133333,-0.800000,-0.200000,-0.933333,-0.066667,-0.533333,-0.933333,-0.400000,-0.866667,-0.333333,-0.600000,-0.400000,-0.466667,-0.333333,-1.000000,-0.133333,-0.933333,-0.133333,-0.666667,-0.133333,-0.533333,-0.066667,-1.000000,0.066667,-0.866667,0.066667,-0.666667,0.000000,-0.533333,0.066667,-0.866667,0.200000,-0.800000,0.200000,-0.600000,0.066667,-0.533333
T,Right,legacy_bisindo_T_541,0.000000,0.000000,-0.117647,-0.058824,-0.294118,-0.235294,-0.352941,-0.294118,-0.352941,-0.294118,-0.176471,-0.882353,0.058824,-0.941176,0.058824,-0.764706,0.000000,-0.588235,-0.058824,-0.941176,0.176471,-1.000000,0.176471,-0.764706,0.058824,-0.588235,0.058824,-0.882353,0.235294,-0.941176,0.235294,-0.705882,0.176471,-0.588235,0.117647,-0.823529,0.294118,-0.823529,0.294118,-0.705882,0.176471,-0.588235
T,Right,legacy_bisindo_T_542,0.000000,0.000000,-0.266667,0.000000,-0.533333,-0.133333,-0.733333,-0.266667,-0.866667,-0.266667,-0.466667,-1.000000,-0.200000,-0.866667,-0.200000,-0.666667,-0.333333,-0.533333,-0.200000,-1.000000,0.000000,-0.866667,0.000000,-0.600000,-0.133333,-0.533333,0.000000,-0.933333,0.200000,-0.800000,0.133333,-0.533333,0.000000,-0.466667,0.200000,-0.800000,0.333333,-0.733333,0.266667,-0.533333,0.200000,-0.466667
T,Right,legacy_bisindo_T_543,0.000000,0.000000,-0.307692,0.000000,-0.615385,0.076923,-0.769231,0.076923,-0.846154,0.000000,-0.461538,0.846154,-0.153846,0.769231,-0.076923,0.538462,-0.076923,0.384615,-0.153846,1.000000,0.153846,0.846154,0.153846,0.538462,0.153846,0.384615,0.076923,1.000000,0.384615,0.769231,0.384615,0.461538,0.307692,0.307692,0.307692,0.846154,0.461538,0.615385,0.461538,0.384615,0.384615,0.230769
T,Right,legacy_bisindo_T_544,0.000000,0.000000,-0.076923,0.076923,-0.153846,-0.076923,-0.076923,-0.153846,0.076923,-0.153846,0.076923,-0.923077,0.461538,-0.769231,0.538462,-0.461538,0.384615,-0.384615,0.230769,-1.000000,0.692308,-0.769231,0.692308,-0.538462,0.538462,-0.384615,0.384615,-1.000000,0.769231,-0.769231,0.769231,-0.538462,0.692308,-0.461538,0.538462,-0.923077,0.846154,-0.769231,0.846154,-0.538462,0.769231,-0.461538
T,Right,legacy_bisindo_T_545,0.000000,0.000000,0.411765,0.117647,0.764706,0.352941,0.941176,0.470588,1.000000,0.529412,0.588235,0.764706,0.823529,0.882353,0.882353,0.647059,0.882353,0.529412,0.352941,0.764706,0.647059,0.823529,0.705882,0.647059,0.647059,0.529412,0.117647,0.705882,0.411765,0.764706,0.470588,0.588235,0.411765,0.470588,-0.058824,0.588235,0.117647,0.647059,0.235294,0.470588,0.235294,0.411765
T,Right,legacy_bisindo_T_546,0.000000,0.000000,-0.333333,-0.031250,-0.614583,-0.239583,-0.750000,-0.437500,-0.781250,-0.572917,-0.583333,-0.677083,-0.656250,-0.937500,-0.656250,-0.989583,-0.635417,-1.000000,-0.302083,-0.750000,-0.343750,-0.989583,-0.354167,-0.750000,-0.343750,-0.583333,0.000000,-0.760417,-0.020833,-1.000000,-0.052083,-0.729167,-0.052083,-0.552083,0.291667,-0.708333,0.281250,-0.885417,0.229167,-0.677083,0.218750,-0.531250
T,Right,legacy_bisindo_T_547,0.000000,0.000000,-0.340206,0.082474,-0.628866,0.371134,-0.690722,0.649485,-0.587629,0.855670,-0.659794,0.773196,-0.659794,0.969072,-0.587629,0.865979,-0.525773,0.793814,-0.340206,0.845361,-0.319588,1.000000,-0.278351,0.680412,-0.298969,0.515464,-0.030928,0.845361,0.000000,1.000000,0.000000,0.670103,-0.030928,0.494845,0.268041,0.773196,0.278351,0.896907,0.257732,0.649485,0.216495,0.525773
T,Right,legacy_bisindo_T_548,0.000000,0.000000,-0.283871,0.045161,-0.606452,0.200000,-0.825806,0.348387,-0.954839,0.477419,-0.458065,0.741935,-0.470968,0.948387,-0.438710,1.000000,-0.406452,0.961290,-0.206452,0.774194,-0.212903,1.000000,-0.212903,0.658065,-0.238710,0.522581,0.038710,0.754839,0.038710,0.896774,0.019355,0.587097,0.006452,0.490323,0.283871,0.690323,0.270968,0.838710,0.219355,0.612903,0.200000,0.516129
T,Right,legacy_bisindo_T_549,0.000000,0.000000,-0.280488,0.054878,-0.615854,0.256098,-0.829268,0.420732,-0.987805,0.542683,-0.426829,0.725610,-0.432927,0.951220,-0.439024,1.000000,-0.451220,0.951220,-0.189024,0.750000,-0.231707,0.981707,-0.231707,0.652439,-0.231707,0.518293,0.042683,0.737805,0.006098,0.890244,-0.012195,0.591463,0.000000,0.487805,0.280488,0.670732,0.231707,0.841463,0.182927,0.621951,0.195122,0.524390
T,Right,legacy_bisindo_T_550,0.000000,0.000000,-0.306818,0.056818,-0.636364,0.261364,-0.875000,0.443182,-1.000000,0.590909,-0.522727,0.784091,-0.465909,0.988636,-0.386364,0.897727,-0.340909,0.795455,-0.250000,0.818182,-0.170455,0.977273,-0.147727,0.681818,-0.204545,0.556818,0.011364,0.784091,0.090909,0.909091,0.068182,0.636364,0.011364,0.534091,0.261364,0.704545,0.306818,0.818182,0.284091,0.613636,0.227273,0.522727
T,Right,legacy_bisindo_T_551,0.000000,0.000000,-0.279279,0.045045,-0.567568,0.252252,-0.810811,0.396396,-1.000000,0.477477,-0.387387,0.603604,-0.369369,0.765766,-0.342342,0.594595,-0.360360,0.486486,-0.171171,0.630631,-0.144144,0.774775,-0.153153,0.513514,-0.180180,0.414414,0.027027,0.594595,0.054054,0.720721,0.036036,0.486486,0.009009,0.396396,0.225225,0.540541,0.252252,0.639640,0.216216,0.468468,0.180180,0.387387
T,Right,legacy_bisindo_T_552,0.000000,0.000000,-0.276786,0.053571,-0.562500,0.241071,-0.803571,0.383929,-1.000000,0.473214,-0.392857,0.598214,-0.339286,0.741071,-0.303571,0.607143,-0.303571,0.508929,-0.178571,0.616071,-0.133929,0.741071,-0.125000,0.508929,-0.151786,0.392857,0.026786,0.580357,0.062500,0.687500,0.053571,0.473214,0.026786,0.375000,0.223214,0.517857,0.241071,0.625000,0.214286,0.464286,0.187500,0.375000
T,Right,legacy_bisindo_T_553,0.000000,0.000000,-0.291262,0.058252,-0.572816,0.271845,-0.825243,0.417476,-1.000000,0.514563,-0.417476,0.621359,-0.398058,0.825243,-0.368932,0.805825,-0.330097,0.757282,-0.194175,0.650485,-0.145631,0.805825,-0.165049,0.553398,-0.203883,0.417476,0.019417,0.611650,0.067961,0.757282,0.029126,0.514563,-0.009709,0.388350,0.242718,0.543689,0.271845,0.669903,0.223301,0.485437,0.184466,0.378641
T,Right,legacy_bisindo_T_554,0.000000,0.000000,0.277778,-0.144444,0.433333,-0.494444,0.350000,-0.772222,0.283333,-1.000000,0.338889,-0.744444,0.450000,-0.900000,0.383333,-0.688889,0.305556,-0.483333,0.127778,-0.766667,0.188889,-0.816667,0.155556,-0.538889,0.138889,-0.338889,-0.061111,-0.744444,-0.016667,-0.750000,-0.005556,-0.477778,0.005556,-0.300000,-0.244444,-0.688889,-0.183333,-0.655556,-0.161111,-0.444444,-0.138889,-0.327778
T,Right,legacy_bisindo_T_555,0.000000,0.000000,0.270718,-0.143646,0.425414,-0.486188,0.348066,-0.773481,0.281768,-1.000000,0.348066,-0.734807,0.447514,-0.900552,0.375691,-0.690608,0.292818,-0.486188,0.132597,-0.767956,0.187845,-0.812155,0.149171,-0.541436,0.138122,-0.342541,-0.060773,-0.751381,-0.022099,-0.751381,-0.016575,-0.480663,0.000000,-0.303867,-0.237569,-0.690608,-0.187845,-0.657459,-0.165746,-0.447514,-0.143646,-0.337017
T,Right,legacy_bisindo_T_556,0.000000,0.000000,0.276243,-0.143646,0.430939,-0.491713,0.348066,-0.773481,0.281768,-1.000000,0.348066,-0.745856,0.447514,-0.900552,0.381215,-0.679558,0.303867,-0.480663,0.132597,-0.773481,0.198895,-0.812155,0.154696,-0.535912,0.138122,-0.342541,-0.055249,-0.756906,-0.011050,-0.745856,-0.005525,-0.475138,0.005525,-0.303867,-0.237569,-0.696133,-0.176796,-0.651934,-0.154696,-0.447514,-0.138122,-0.337017
T,Right,legacy_bisindo_T_557,0.000000,0.000000,0.276243,-0.154696,0.425414,-0.497238,0.342541,-0.779006,0.270718,-1.000000,0.331492,-0.762431,0.441989,-0.906077,0.375691,-0.685083,0.298343,-0.486188,0.121547,-0.790055,0.198895,-0.812155,0.154696,-0.535912,0.132597,-0.348066,-0.071823,-0.767956,-0.005525,-0.745856,-0.005525,-0.480663,-0.005525,-0.303867,-0.248619,-0.707182,-0.171271,-0.662983,-0.154696,-0.453039,-0.143646,-0.342541
T,Right,legacy_bisindo_T_558,0.000000,0.000000,0.269231,-0.153846,0.428571,-0.494505,0.351648,-0.774725,0.291209,-1.000000,0.340659,-0.758242,0.461538,-0.901099,0.390110,-0.692308,0.307692,-0.489011,0.137363,-0.791209,0.208791,-0.813187,0.164835,-0.538462,0.142857,-0.340659,-0.049451,-0.774725,0.005495,-0.752747,0.000000,-0.483516,0.005495,-0.307692,-0.230769,-0.719780,-0.159341,-0.664835,-0.148352,-0.461538,-0.137363,-0.351648
T,Right,legacy_bisindo_T_559,0.000000,0.000000,0.281768,-0.154696,0.441989,-0.491713,0.364641,-0.773481,0.298343,-1.000000,0.353591,-0.751381,0.464088,-0.895028,0.397790,-0.685083,0.314917,-0.480663,0.143646,-0.790055,0.215470,-0.817680,0.171271,-0.546961,0.149171,-0.348066,-0.044199,-0.767956,0.011050,-0.745856,0.005525,-0.480663,0.011050,-0.303867,-0.226519,-0.712707,-0.154696,-0.662983,-0.143646,-0.458564,-0.132597,-0.342541
T,Right,legacy_bisindo_T_560,0.000000,0.000000,0.272222,-0.155556,0.427778,-0.500000,0.350000,-0.777778,0.283333,-1.000000,0.344444,-0.755556,0.461111,-0.894444,0.388889,-0.683333,0.305556,-0.483333,0.133333,-0.788889,0.211111,-0.816667,0.166667,-0.544444,0.138889,-0.344444,-0.061111,-0.766667,0.011111,-0.750000,0.000000,-0.477778,0.005556,-0.305556,-0.244444,-0.711111,-0.155556,-0.666667,-0.144444,-0.455556,-0.138889,-0.344444
T,Right,legacy_bisindo_T_561,0.000000,0.000000,0.272222,-0.155556,0.427778,-0.494444,0.350000,-0.777778,0.283333,-1.000000,0.344444,-0.744444,0.461111,-0.894444,0.383333,-0.688889,0.305556,-0.483333,0.133333,-0.783333,0.205556,-0.805556,0.161111,-0.538889,0.138889,-0.338889,-0.055556,-0.766667,0.005556,-0.744444,0.000000,-0.477778,0.000000,-0.300000,-0.238889,-0.711111,-0.161111,-0.661111,-0.150000,-0.455556,-0.138889,-0.338889
T,Right,legacy_bisindo_T_562,0.000000,0.000000,0.280220,-0.159341,0.423077,-0.494505,0.351648,-0.774725,0.285714,-1.000000,0.340659,-0.752747,0.456044,-0.895604,0.384615,-0.692308,0.302198,-0.494505,0.137363,-0.785714,0.208791,-0.813187,0.164835,-0.543956,0.142857,-0.346154,-0.054945,-0.763736,0.010989,-0.747253,0.005495,-0.483516,0.005495,-0.307692,-0.236264,-0.708791,-0.159341,-0.664835,-0.142857,-0.461538,-0.131868,-0.351648
T,Right,legacy_bisindo_T_563,0.000000,0.000000,0.281768,-0.154696,0.436464,-0.497238,0.359116,-0.779006,0.292818,-1.000000,0.348066,-0.756906,0.464088,-0.900552,0.392265,-0.690608,0.309392,-0.491713,0.138122,-0.790055,0.215470,-0.817680,0.165746,-0.546961,0.143646,-0.348066,-0.055249,-0.767956,0.011050,-0.751381,0.005525,-0.480663,0.005525,-0.309392,-0.237569,-0.707182,-0.154696,-0.662983,-0.143646,-0.453039,-0.138122,-0.342541
T,Right,legacy_bisindo_T_564,0.000000,0.000000,0.284916,-0.156425,0.430168,-0.497207,0.351955,-0.776536,0.290503,-1.000000,0.351955,-0.759777,0.469274,-0.905028,0.396648,-0.703911,0.312849,-0.502793,0.139665,-0.787709,0.217877,-0.826816,0.173184,-0.553073,0.145251,-0.351955,-0.055866,-0.770950,0.016760,-0.754190,0.005587,-0.480447,0.011173,-0.307263,-0.240223,-0.709497,-0.150838,-0.675978,-0.134078,-0.463687,-0.128492,-0.351955
T,Right,legacy_bisindo_T_565,0.000000,0.000000,0.280220,-0.159341,0.423077,-0.500000,0.340659,-0.774725,0.285714,-1.000000,0.346154,-0.763736,0.456044,-0.906593,0.390110,-0.697802,0.307692,-0.500000,0.131868,-0.796703,0.214286,-0.824176,0.170330,-0.549451,0.142857,-0.362637,-0.060440,-0.774725,0.016484,-0.752747,0.005495,-0.483516,0.010989,-0.313187,-0.241758,-0.714286,-0.148352,-0.670330,-0.137363,-0.461538,-0.131868,-0.351648
T,Right,legacy_bisindo_T_566,0.000000,0.000000,0.281081,-0.156757,0.427027,-0.491892,0.351351,-0.772973,0.297297,-1.000000,0.345946,-0.751351,0.464865,-0.897297,0.394595,-0.697297,0.313514,-0.502703,0.140541,-0.783784,0.221622,-0.816216,0.178378,-0.551351,0.151351,-0.356757,-0.048649,-0.767568,0.021622,-0.751351,0.016216,-0.486486,0.010811,-0.313514,-0.232432,-0.713514,-0.140541,-0.670270,-0.129730,-0.470270,-0.129730,-0.362162
T,Right,legacy_bisindo_T_567,0.000000,0.000000,0.291209,-0.148352,0.445055,-0.483516,0.362637,-0.774725,0.302198,-1.000000,0.368132,-0.747253,0.489011,-0.901099,0.412088,-0.703297,0.324176,-0.505495,0.159341,-0.785714,0.241758,-0.807692,0.186813,-0.538462,0.148352,-0.351648,-0.038462,-0.769231,0.038462,-0.741758,0.021978,-0.472527,0.016484,-0.307692,-0.225275,-0.708791,-0.137363,-0.670330,-0.126374,-0.456044,-0.120879,-0.346154
T,Right,legacy_bisindo_T_568,0.000000,0.000000,0.285714,-0.126374,0.467033,-0.461538,0.401099,-0.763736,0.340659,-1.000000,0.395604,-0.730769,0.510989,-0.906593,0.428571,-0.708791,0.346154,-0.510989,0.175824,-0.763736,0.252747,-0.829670,0.203297,-0.549451,0.175824,-0.351648,-0.027473,-0.752747,0.043956,-0.763736,0.032967,-0.478022,0.032967,-0.302198,-0.225275,-0.703297,-0.131868,-0.681319,-0.120879,-0.456044,-0.115385,-0.340659
T,Right,legacy_bisindo_T_569,0.000000,0.000000,0.291005,-0.121693,0.476190,-0.460317,0.412698,-0.761905,0.365079,-1.000000,0.412698,-0.703704,0.507937,-0.899471,0.433862,-0.714286,0.354497,-0.513228,0.195767,-0.719577,0.264550,-0.830688,0.222222,-0.550265,0.190476,-0.343915,-0.005291,-0.703704,0.042328,-0.777778,0.037037,-0.486772,0.042328,-0.306878,-0.206349,-0.645503,-0.137566,-0.687831,-0.121693,-0.460317,-0.105820,-0.338624
T,Right,legacy_bisindo_T_570,0.000000,0.000000,0.310345,-0.128079,0.487685,-0.477833,0.418719,-0.783251,0.334975,-1.000000,0.389163,-0.694581,0.492611,-0.931034,0.433498,-0.758621,0.359606,-0.556650,0.177340,-0.699507,0.275862,-0.866995,0.236453,-0.596059,0.192118,-0.374384,-0.019704,-0.669951,0.059113,-0.812808,0.059113,-0.527094,0.044335,-0.330049,-0.226601,-0.615764,-0.123153,-0.719212,-0.098522,-0.502463,-0.098522,-0.359606
T,Right,legacy_bisindo_T_571,0.000000,0.000000,0.301802,-0.117117,0.481982,-0.468468,0.405405,-0.770270,0.346847,-1.000000,0.396396,-0.666667,0.504505,-0.900901,0.432432,-0.720721,0.346847,-0.518018,0.184685,-0.680180,0.265766,-0.833333,0.216216,-0.554054,0.175676,-0.337838,-0.013514,-0.666667,0.049550,-0.779279,0.040541,-0.490991,0.036036,-0.301802,-0.216216,-0.621622,-0.130631,-0.689189,-0.112613,-0.463964,-0.103604,-0.324324
T,Right,legacy_bisindo_T_572,0.000000,0.000000,0.274262,-0.130802,0.468354,-0.472574,0.413502,-0.767932,0.341772,-1.000000,0.400844,-0.675105,0.510549,-0.907173,0.417722,-0.725738,0.329114,-0.527426,0.189873,-0.691983,0.244726,-0.856540,0.177215,-0.582278,0.143460,-0.362869,-0.012658,-0.675105,0.025316,-0.793249,0.000000,-0.506329,-0.004219,-0.308017,-0.210970,-0.632911,-0.172996,-0.708861,-0.164557,-0.476793,-0.151899,-0.329114
T,Right,legacy_bisindo_T_573,0.000000,0.000000,0.288066,-0.131687,0.481481,-0.465021,0.423868,-0.765432,0.353909,-1.000000,0.407407,-0.666667,0.510288,-0.909465,0.427984,-0.728395,0.353909,-0.543210,0.189300,-0.679012,0.246914,-0.880658,0.201646,-0.604938,0.181070,-0.386831,-0.012346,-0.654321,0.028807,-0.831276,0.024691,-0.543210,0.032922,-0.341564,-0.213992,-0.596708,-0.172840,-0.703704,-0.152263,-0.485597,-0.131687,-0.341564
T,Right,legacy_bisindo_T_574,0.000000,0.000000,0.273810,-0.123016,0.464286,-0.460317,0.404762,-0.761905,0.345238,-1.000000,0.392857,-0.666667,0.496032,-0.908730,0.420635,-0.730159,0.341270,-0.535714,0.182540,-0.674603,0.242063,-0.869048,0.198413,-0.591270,0.178571,-0.369048,-0.007937,-0.654762,0.035714,-0.813492,0.027778,-0.531746,0.027778,-0.333333,-0.198413,-0.603175,-0.150794,-0.710317,-0.138889,-0.496032,-0.126984,-0.349206
T,Right,legacy_bisindo_T_575,0.000000,0.000000,0.270588,-0.137255,0.450980,-0.474510,0.392157,-0.772549,0.325490,-1.000000,0.368627,-0.674510,0.470588,-0.913725,0.396078,-0.737255,0.321569,-0.541176,0.160784,-0.682353,0.219608,-0.866667,0.180392,-0.588235,0.164706,-0.368627,-0.031373,-0.662745,0.019608,-0.819608,0.011765,-0.533333,0.015686,-0.329412,-0.223529,-0.611765,-0.168627,-0.709804,-0.152941,-0.494118,-0.137255,-0.345098
T,Right,legacy_bisindo_T_576,0.000000,0.000000,0.272727,-0.142292,0.446640,-0.482213,0.375494,-0.774704,0.300395,-1.000000,0.363636,-0.691700,0.458498,-0.924901,0.383399,-0.743083,0.304348,-0.545455,0.154150,-0.699605,0.209486,-0.869565,0.162055,-0.592885,0.142292,-0.375494,-0.043478,-0.679842,0.003953,-0.810277,-0.007905,-0.529644,-0.007905,-0.335968,-0.241107,-0.632411,-0.185771,-0.703557,-0.169960,-0.486166,-0.158103,-0.347826
T,Right,legacy_bisindo_T_577,0.000000,0.000000,0.279528,-0.145669,0.452756,-0.484252,0.377953,-0.775591,0.299213,-1.000000,0.370079,-0.692913,0.464567,-0.925197,0.393701,-0.748031,0.318898,-0.543307,0.157480,-0.700787,0.212598,-0.874016,0.169291,-0.598425,0.153543,-0.377953,-0.043307,-0.681102,0.007874,-0.814961,0.000000,-0.535433,0.000000,-0.338583,-0.240157,-0.629921,-0.181102,-0.712598,-0.165354,-0.492126,-0.153543,-0.354331
T,Right,legacy_bisindo_T_578,0.000000,0.000000,0.279693,-0.130268,0.467433,-0.478927,0.409962,-0.770115,0.348659,-1.000000,0.390805,-0.678161,0.482759,-0.896552,0.409962,-0.724138,0.329502,-0.528736,0.187739,-0.693487,0.249042,-0.862069,0.195402,-0.593870,0.172414,-0.371648,-0.003831,-0.678161,0.042146,-0.808429,0.019157,-0.528736,0.015326,-0.337165,-0.199234,-0.636015,-0.141762,-0.697318,-0.141762,-0.482759,-0.130268,-0.348659
T,Right,legacy_bisindo_T_579,0.000000,0.000000,0.269231,-0.146154,0.430769,-0.488462,0.357692,-0.776923,0.300000,-1.000000,0.361538,-0.692308,0.446154,-0.919231,0.373077,-0.738462,0.300000,-0.546154,0.153846,-0.696154,0.200000,-0.876923,0.157692,-0.603846,0.146154,-0.392308,-0.042308,-0.673077,0.007692,-0.815385,0.007692,-0.534615,0.011538,-0.342308,-0.238462,-0.619231,-0.176923,-0.703846,-0.157692,-0.488462,-0.138462,-0.350000
T,Right,legacy_bisindo_T_580,0.000000,0.000000,0.273077,-0.180769,0.415385,-0.507692,0.342308,-0.784615,0.276923,-1.000000,0.342308,-0.719231,0.403846,-0.953846,0.342308,-0.765385,0.288462,-0.565385,0.134615,-0.711538,0.165385,-0.880769,0.134615,-0.626923,0.130769,-0.415385,-0.053846,-0.673077,-0.019231,-0.819231,-0.015385,-0.557692,-0.003846,-0.361538,-0.242308,-0.607692,-0.196154,-0.726923,-0.169231,-0.523077,-0.153846,-0.373077
T,Right,legacy_bisindo_T_581,0.000000,0.000000,0.279070,-0.158915,0.441860,-0.476744,0.360465,-0.771318,0.294574,-1.000000,0.360465,-0.678295,0.434109,-0.918605,0.364341,-0.736434,0.298450,-0.538760,0.155039,-0.682171,0.201550,-0.868217,0.162791,-0.608527,0.147287,-0.383721,-0.034884,-0.662791,0.019380,-0.813953,0.007752,-0.546512,0.007752,-0.341085,-0.228682,-0.616279,-0.166667,-0.713178,-0.147287,-0.503876,-0.135659,-0.356589
T,Right,legacy_bisindo_T_582,0.000000,0.000000,0.281250,-0.152344,0.445312,-0.480469,0.359375,-0.773438,0.292969,-1.000000,0.359375,-0.687500,0.437500,-0.910156,0.375000,-0.722656,0.312500,-0.527344,0.156250,-0.691406,0.203125,-0.867188,0.167969,-0.593750,0.152344,-0.371094,-0.035156,-0.667969,0.015625,-0.808594,0.007812,-0.527344,0.011719,-0.328125,-0.230469,-0.617188,-0.164062,-0.695312,-0.148438,-0.480469,-0.132812,-0.343750
T,Right,legacy_bisindo_T_583,0.000000,0.000000,0.273092,-0.164659,0.417671,-0.493976,0.321285,-0.787149,0.248996,-1.000000,0.337349,-0.678715,0.409639,-0.911647,0.345382,-0.730924,0.289157,-0.542169,0.136546,-0.666667,0.176707,-0.847390,0.148594,-0.586345,0.144578,-0.381526,-0.052209,-0.634538,-0.016064,-0.787149,-0.004016,-0.514056,0.008032,-0.317269,-0.248996,-0.574297,-0.184739,-0.678715,-0.148594,-0.469880,-0.132530,-0.329317
T,Right,legacy_bisindo_T_584,0.000000,0.000000,0.289593,-0.149321,0.461538,-0.488688,0.371041,-0.782805,0.285068,-1.000000,0.366516,-0.701357,0.447964,-0.932127,0.380090,-0.751131,0.307692,-0.547511,0.149321,-0.701357,0.208145,-0.864253,0.158371,-0.588235,0.131222,-0.361991,-0.045249,-0.678733,0.009050,-0.791855,0.000000,-0.506787,-0.004525,-0.303167,-0.248869,-0.628959,-0.171946,-0.701357,-0.149321,-0.484163,-0.135747,-0.334842
T,Right,legacy_bisindo_T_585,0.000000,0.000000,0.300493,-0.162562,0.467980,-0.492611,0.354680,-0.788177,0.236453,-0.990148,0.384236,-0.729064,0.472906,-1.000000,0.408867,-0.812808,0.344828,-0.586207,0.157635,-0.724138,0.211823,-0.896552,0.167488,-0.610837,0.152709,-0.384236,-0.049261,-0.699507,0.000000,-0.817734,-0.004926,-0.527094,0.009852,-0.325123,-0.251232,-0.645320,-0.187192,-0.748768,-0.162562,-0.522167,-0.142857,-0.364532
T,Right,legacy_bisindo_T_586,0.000000,0.000000,0.286408,-0.131068,0.461165,-0.466019,0.359223,-0.776699,0.266990,-1.000000,0.359223,-0.728155,0.451456,-0.956311,0.398058,-0.771845,0.339806,-0.563107,0.145631,-0.718447,0.213592,-0.883495,0.165049,-0.601942,0.140777,-0.368932,-0.043689,-0.689320,0.014563,-0.805825,0.009709,-0.514563,0.009709,-0.305825,-0.242718,-0.626214,-0.169903,-0.708738,-0.145631,-0.485437,-0.135922,-0.330097
T,Right,legacy_bisindo_T_587,0.000000,0.000000,0.303483,-0.124378,0.512438,-0.437811,0.462687,-0.696517,0.338308,-0.860697,0.383085,-0.751244,0.472637,-1.000000,0.417910,-0.815920,0.353234,-0.597015,0.159204,-0.746269,0.223881,-0.920398,0.184080,-0.626866,0.159204,-0.383085,-0.049751,-0.706468,0.009950,-0.825871,0.014925,-0.527363,0.014925,-0.313433,-0.258706,-0.631841,-0.179104,-0.701493,-0.144279,-0.472637,-0.124378,-0.313433
T,Right,legacy_bisindo_T_588,0.000000,0.000000,0.300885,-0.132743,0.451327,-0.469027,0.349558,-0.774336,0.261062,-1.000000,0.353982,-0.694690,0.442478,-0.911504,0.380531,-0.712389,0.318584,-0.508850,0.146018,-0.690265,0.199115,-0.836283,0.172566,-0.553097,0.168142,-0.331858,-0.053097,-0.654867,0.004425,-0.747788,0.017699,-0.460177,0.035398,-0.265487,-0.243363,-0.592920,-0.168142,-0.637168,-0.128319,-0.420354,-0.101770,-0.287611
T,Right,legacy_bisindo_T_589,0.000000,0.000000,0.292793,-0.144144,0.463964,-0.477477,0.382883,-0.779279,0.274775,-1.000000,0.355856,-0.720721,0.418919,-0.932432,0.351351,-0.734234,0.288288,-0.527027,0.139640,-0.707207,0.180180,-0.837838,0.148649,-0.563063,0.139640,-0.337838,-0.054054,-0.671171,-0.022523,-0.747748,-0.009009,-0.481982,0.013514,-0.283784,-0.247748,-0.603604,-0.193694,-0.653153,-0.162162,-0.454955,-0.130631,-0.324324
T,Right,legacy_bisindo_T_590,0.000000,0.000000,0.298578,-0.123223,0.478673,-0.450237,0.407583,-0.763033,0.308057,-1.000000,0.364929,-0.701422,0.417062,-0.905213,0.360190,-0.729858,0.298578,-0.521327,0.151659,-0.691943,0.180095,-0.848341,0.165877,-0.582938,0.156398,-0.355450,-0.042654,-0.649289,-0.018957,-0.753555,0.009479,-0.492891,0.028436,-0.298578,-0.246445,-0.582938,-0.189573,-0.658768,-0.151659,-0.454976,-0.127962,-0.317536
T,Right,legacy_bisindo_T_591,0.000000,0.000000,0.317073,-0.097561,0.541463,-0.443902,0.473171,-0.770732,0.365854,-1.000000,0.448780,-0.726829,0.531707,-0.975610,0.453659,-0.795122,0.365854,-0.575610,0.214634,-0.726829,0.263415,-0.887805,0.219512,-0.595122,0.190244,-0.356098,0.000000,-0.692683,0.043902,-0.804878,0.043902,-0.512195,0.043902,-0.302439,-0.214634,-0.624390,-0.151220,-0.702439,-0.126829,-0.478049,-0.117073,-0.321951
T,Right,legacy_bisindo_T_592,0.000000,0.000000,0.319635,-0.132420,0.488584,-0.456621,0.397260,-0.767123,0.347032,-1.000000,0.452055,-0.689498,0.547945,-0.936073,0.461187,-0.730594,0.378995,-0.515982,0.232877,-0.689498,0.287671,-0.849315,0.223744,-0.566210,0.200913,-0.342466,0.031963,-0.662100,0.091324,-0.767123,0.068493,-0.488584,0.063927,-0.287671,-0.164384,-0.607306,-0.095890,-0.671233,-0.082192,-0.465753,-0.063927,-0.328767
T,Right,legacy_bisindo_T_593,0.000000,0.000000,0.322727,-0.131818,0.490909,-0.459091,0.404545,-0.763636,0.363636,-1.000000,0.436364,-0.695455,0.540909,-0.922727,0.468182,-0.722727,0.395455,-0.504545,0.213636,-0.700000,0.304545,-0.854545,0.245455,-0.572727,0.213636,-0.345455,0.013636,-0.677273,0.100000,-0.763636,0.081818,-0.477273,0.077273,-0.277273,-0.181818,-0.618182,-0.081818,-0.654545,-0.063636,-0.445455,-0.054545,-0.313636
T,Right,legacy_bisindo_T_594,0.000000,0.000000,0.321101,-0.133028,0.495413,-0.458716,0.408257,-0.766055,0.362385,-1.000000,0.431193,-0.697248,0.541284,-0.917431,0.458716,-0.720183,0.385321,-0.504587,0.206422,-0.697248,0.293578,-0.839450,0.233945,-0.559633,0.201835,-0.330275,0.009174,-0.674312,0.091743,-0.756881,0.073394,-0.472477,0.068807,-0.275229,-0.188073,-0.614679,-0.087156,-0.655963,-0.073394,-0.444954,-0.064220,-0.311927
T,Right,legacy_bisindo_T_595,0.000000,0.000000,0.309524,-0.119048,0.504762,-0.442857,0.428571,-0.752381,0.376190,-1.000000,0.438095,-0.695238,0.557143,-0.938095,0.480952,-0.752381,0.400000,-0.538095,0.219048,-0.700000,0.309524,-0.861905,0.252381,-0.576190,0.219048,-0.347619,0.019048,-0.680952,0.109524,-0.776190,0.080952,-0.490476,0.066667,-0.290476,-0.185714,-0.633333,-0.071429,-0.685714,-0.066667,-0.471429,-0.061905,-0.333333
T,Right,legacy_bisindo_T_596,0.000000,0.000000,0.326829,-0.112195,0.512195,-0.453659,0.424390,-0.765854,0.360976,-1.000000,0.468293,-0.702439,0.580488,-0.956098,0.502439,-0.760976,0.414634,-0.541463,0.239024,-0.707317,0.312195,-0.848780,0.243902,-0.565854,0.209756,-0.346341,0.034146,-0.682927,0.117073,-0.770732,0.087805,-0.482927,0.073171,-0.287805,-0.170732,-0.634146,-0.068293,-0.692683,-0.063415,-0.473171,-0.058537,-0.331707
T,Right,legacy_bisindo_T_597,0.000000,0.000000,0.327014,-0.146919,0.502370,-0.454976,0.454976,-0.763033,0.436019,-1.000000,0.398104,-0.720379,0.526066,-0.914692,0.507109,-0.725118,0.450237,-0.540284,0.208531,-0.720379,0.374408,-0.853081,0.312796,-0.582938,0.232227,-0.379147,0.028436,-0.701422,0.199052,-0.791469,0.151659,-0.511848,0.085308,-0.317536,-0.170616,-0.654028,0.004739,-0.720379,0.009479,-0.507109,-0.023697,-0.369668
T,Right,legacy_bisindo_T_598,0.000000,0.000000,0.303922,-0.122549,0.504902,-0.426471,0.460784,-0.750000,0.416667,-1.000000,0.367647,-0.725490,0.500000,-0.906863,0.455882,-0.686275,0.382353,-0.475490,0.181373,-0.735294,0.367647,-0.882353,0.308824,-0.598039,0.235294,-0.377451,0.014706,-0.715686,0.191176,-0.808824,0.147059,-0.519608,0.093137,-0.313725,-0.176471,-0.666667,0.000000,-0.730392,0.004902,-0.514706,-0.009804,-0.362745
T,Right,legacy_bisindo_T_599,0.000000,0.000000,0.279621,-0.137441,0.440758,-0.445498,0.407583,-0.753555,0.369668,-1.000000,0.265403,-0.720379,0.407583,-0.853081,0.374408,-0.616114,0.298578,-0.426540,0.104265,-0.725118,0.284360,-0.824645,0.246445,-0.559242,0.189573,-0.360190,-0.042654,-0.710900,0.151659,-0.772512,0.118483,-0.502370,0.066351,-0.308057,-0.203791,-0.668246,-0.009479,-0.696682,-0.004739,-0.492891,-0.037915,-0.360190
T,Right,legacy_bisindo_T_600,0.000000,0.000000,0.277228,-0.113861,0.455446,-0.425743,0.435644,-0.747525,0.400990,-1.000000,0.282178,-0.727723,0.430693,-0.871287,0.396040,-0.628713,0.326733,-0.425743,0.123762,-0.732673,0.301980,-0.831683,0.257426,-0.549505,0.193069,-0.351485,-0.034653,-0.717822,0.163366,-0.792079,0.128713,-0.509901,0.074257,-0.311881,-0.207921,-0.673267,0.004950,-0.712871,0.004950,-0.504950,-0.034653,-0.356436
T,Right,legacy_bisindo_T_601,0.000000,0.000000,0.295082,-0.136612,0.491803,-0.448087,0.475410,-0.754098,0.437158,-1.000000,0.295082,-0.786885,0.469945,-0.967213,0.437158,-0.704918,0.360656,-0.480874,0.125683,-0.797814,0.349727,-0.901639,0.295082,-0.601093,0.213115,-0.387978,-0.038251,-0.781421,0.196721,-0.846995,0.142077,-0.546448,0.060109,-0.333333,-0.229508,-0.737705,0.010929,-0.770492,0.005464,-0.540984,-0.043716,-0.387978
T,Right,legacy_bisindo_T_602,0.000000,0.000000,0.360000,-0.066667,0.633333,-0.380000,0.566667,-0.746667,0.466667,-1.000000,0.560000,-0.746667,0.720000,-0.973333,0.646667,-0.766667,0.546667,-0.553333,0.320000,-0.786667,0.473333,-0.920000,0.393333,-0.606667,0.306667,-0.400000,0.093333,-0.780000,0.246667,-0.846667,0.193333,-0.533333,0.133333,-0.333333,-0.146667,-0.746667,0.040000,-0.780000,0.033333,-0.533333,-0.006667,-0.393333
T,Right,legacy_bisindo_T_603,0.000000,0.000000,0.366906,-0.100719,0.618705,-0.431655,0.589928,-0.769784,0.517986,-1.000000,0.539568,-0.769784,0.690647,-0.992806,0.654676,-0.820144,0.568345,-0.597122,0.302158,-0.812950,0.453237,-0.935252,0.374101,-0.625899,0.294964,-0.388489,0.086331,-0.812950,0.230216,-0.856115,0.187050,-0.546763,0.129496,-0.338129,-0.143885,-0.762590,0.021583,-0.776978,0.021583,-0.539568,-0.007194,-0.402878
T,Right,legacy_bisindo_T_604,0.000000,0.000000,0.403226,-0.088710,0.669355,-0.427419,0.629032,-0.758065,0.556452,-1.000000,0.548387,-0.790323,0.701613,-0.991935,0.596774,-0.758065,0.483871,-0.524194,0.298387,-0.830645,0.435484,-0.959677,0.338710,-0.637097,0.258065,-0.379032,0.064516,-0.830645,0.209677,-0.879032,0.153226,-0.556452,0.096774,-0.322581,-0.177419,-0.790323,-0.008065,-0.814516,-0.016129,-0.556452,-0.040323,-0.395161
T,Right,legacy_bisindo_T_605,0.000000,0.000000,0.341667,-0.108333,0.533333,-0.433333,0.466667,-0.758333,0.408333,-1.000000,0.475000,-0.691667,0.608333,-0.925000,0.541667,-0.725000,0.458333,-0.516667,0.241667,-0.716667,0.375000,-0.866667,0.291667,-0.566667,0.216667,-0.358333,0.025000,-0.708333,0.166667,-0.791667,0.108333,-0.475000,0.050000,-0.275000,-0.191667,-0.675000,-0.041667,-0.725000,-0.041667,-0.483333,-0.066667,-0.333333
T,Right,legacy_bisindo_T_606,0.000000,0.000000,0.342342,-0.099099,0.558559,-0.432432,0.513514,-0.765766,0.414414,-1.000000,0.486486,-0.693694,0.639640,-0.954955,0.576577,-0.756757,0.486486,-0.549550,0.261261,-0.720721,0.396396,-0.900901,0.306306,-0.585586,0.234234,-0.369369,0.045045,-0.729730,0.162162,-0.828829,0.108108,-0.504505,0.063063,-0.315315,-0.189189,-0.702703,-0.063063,-0.747748,-0.063063,-0.495495,-0.081081,-0.351351
T,Right,legacy_bisindo_T_607,0.000000,0.000000,0.363636,-0.090909,0.626263,-0.424242,0.585859,-0.777778,0.464646,-1.000000,0.545455,-0.707071,0.666667,-0.959596,0.585859,-0.787879,0.484848,-0.595960,0.303030,-0.737374,0.383838,-0.909091,0.313131,-0.616162,0.252525,-0.383838,0.070707,-0.737374,0.141414,-0.868687,0.111111,-0.545455,0.080808,-0.333333,-0.171717,-0.707071,-0.080808,-0.777778,-0.080808,-0.515152,-0.080808,-0.353535
T,Right,legacy_bisindo_T_608,0.000000,0.000000,0.354167,-0.093750,0.593750,-0.427083,0.541667,-0.760417,0.416667,-1.000000,0.510417,-0.697917,0.635417,-0.937500,0.541667,-0.760417,0.447917,-0.552083,0.270833,-0.739583,0.354167,-0.906250,0.281250,-0.604167,0.229167,-0.364583,0.041667,-0.739583,0.114583,-0.854167,0.083333,-0.541667,0.052083,-0.333333,-0.187500,-0.718750,-0.114583,-0.770833,-0.114583,-0.520833,-0.104167,-0.364583
T,Right,legacy_bisindo_T_609,0.000000,0.000000,0.340426,-0.085106,0.563830,-0.414894,0.510638,-0.755319,0.414894,-1.000000,0.489362,-0.670213,0.606383,-0.904255,0.510638,-0.702128,0.414894,-0.478723,0.255319,-0.702128,0.329787,-0.882979,0.265957,-0.585106,0.212766,-0.340426,0.021277,-0.702128,0.085106,-0.819149,0.053191,-0.510638,0.042553,-0.287234,-0.212766,-0.670213,-0.138298,-0.734043,-0.138298,-0.478723,-0.127660,-0.319149
T,Right,legacy_bisindo_T_610,0.000000,0.000000,0.319149,-0.085106,0.542553,-0.414894,0.489362,-0.755319,0.393617,-1.000000,0.478723,-0.670213,0.585106,-0.893617,0.500000,-0.712766,0.404255,-0.500000,0.244681,-0.702128,0.319149,-0.861702,0.255319,-0.574468,0.223404,-0.340426,0.031915,-0.691489,0.085106,-0.819149,0.063830,-0.510638,0.053191,-0.308511,-0.191489,-0.659574,-0.127660,-0.723404,-0.117021,-0.478723,-0.117021,-0.329787
T,Right,legacy_bisindo_T_611,0.000000,0.000000,0.333333,-0.096774,0.537634,-0.419355,0.473118,-0.752688,0.408602,-1.000000,0.473118,-0.666667,0.569892,-0.913978,0.483871,-0.720430,0.397849,-0.516129,0.247312,-0.698925,0.301075,-0.870968,0.247312,-0.580645,0.215054,-0.354839,0.032258,-0.688172,0.086022,-0.817204,0.064516,-0.516129,0.053763,-0.322581,-0.182796,-0.645161,-0.118280,-0.720430,-0.118280,-0.494624,-0.107527,-0.344086
T,Right,legacy_bisindo_T_612,0.000000,0.000000,0.344828,-0.057471,0.597701,-0.402299,0.540230,-0.770115,0.413793,-1.000000,0.505747,-0.655172,0.586207,-0.908046,0.505747,-0.724138,0.436782,-0.528736,0.264368,-0.678161,0.298851,-0.873563,0.264368,-0.563218,0.241379,-0.333333,0.045977,-0.666667,0.068966,-0.839080,0.057471,-0.517241,0.045977,-0.298851,-0.183908,-0.632184,-0.149425,-0.747126,-0.137931,-0.494253,-0.137931,-0.344828
T,Right,legacy_bisindo_T_613,0.000000,0.000000,0.329545,-0.090909,0.568182,-0.420455,0.511364,-0.761364,0.420455,-1.000000,0.488636,-0.647727,0.579545,-0.886364,0.500000,-0.715909,0.420455,-0.522727,0.261364,-0.659091,0.306818,-0.863636,0.250000,-0.579545,0.227273,-0.352273,0.056818,-0.647727,0.068182,-0.818182,0.056818,-0.522727,0.056818,-0.318182,-0.170455,-0.613636,-0.125000,-0.727273,-0.125000,-0.500000,-0.113636,-0.352273
T,Right,legacy_bisindo_T_614,0.000000,0.000000,0.333333,-0.095238,0.547619,-0.428571,0.464286,-0.761905,0.380952,-1.000000,0.452381,-0.654762,0.523810,-0.892857,0.440476,-0.702381,0.369048,-0.500000,0.214286,-0.678571,0.250000,-0.857143,0.202381,-0.571429,0.190476,-0.333333,0.011905,-0.666667,0.035714,-0.797619,0.023810,-0.500000,0.023810,-0.297619,-0.202381,-0.630952,-0.166667,-0.714286,-0.166667,-0.476190,-0.142857,-0.333333
T,Right,legacy_bisindo_T_615,0.000000,0.000000,0.297619,-0.107143,0.488095,-0.440476,0.404762,-0.761905,0.321429,-1.000000,0.416667,-0.666667,0.476190,-0.880952,0.404762,-0.702381,0.345238,-0.511905,0.190476,-0.678571,0.202381,-0.845238,0.166667,-0.559524,0.166667,-0.333333,-0.011905,-0.654762,-0.011905,-0.797619,-0.011905,-0.500000,0.000000,-0.297619,-0.226190,-0.607143,-0.202381,-0.702381,-0.190476,-0.476190,-0.166667,-0.333333
T,Right,legacy_bisindo_T_616,0.000000,0.000000,0.313253,-0.108434,0.506024,-0.445783,0.421687,-0.771084,0.349398,-1.000000,0.421687,-0.662651,0.493976,-0.891566,0.409639,-0.698795,0.337349,-0.493976,0.192771,-0.674699,0.216867,-0.867470,0.180723,-0.590361,0.156627,-0.349398,-0.012048,-0.650602,0.012048,-0.819277,0.000000,-0.530120,0.012048,-0.313253,-0.204819,-0.590361,-0.192771,-0.722892,-0.180723,-0.493976,-0.156627,-0.337349
T,Right,legacy_bisindo_T_617,0.000000,0.000000,0.333333,-0.089744,0.551282,-0.423077,0.474359,-0.756410,0.397436,-1.000000,0.474359,-0.641026,0.564103,-0.871795,0.474359,-0.717949,0.384615,-0.525641,0.230769,-0.666667,0.282051,-0.846154,0.217949,-0.551282,0.192308,-0.307692,0.025641,-0.653846,0.051282,-0.807692,0.025641,-0.487179,0.025641,-0.269231,-0.192308,-0.628205,-0.166667,-0.717949,-0.153846,-0.474359,-0.141026,-0.320513
T,Right,legacy_bisindo_T_618,0.000000,0.000000,0.320000,-0.080000,0.560000,-0.400000,0.506667,-0.746667,0.413333,-1.000000,0.480000,-0.653333,0.573333,-0.880000,0.466667,-0.693333,0.373333,-0.480000,0.240000,-0.680000,0.293333,-0.880000,0.226667,-0.586667,0.186667,-0.333333,0.013333,-0.666667,0.040000,-0.826667,0.026667,-0.520000,0.026667,-0.293333,-0.200000,-0.626667,-0.173333,-0.733333,-0.160000,-0.493333,-0.146667,-0.333333
T,Right,legacy_bisindo_T_619,0.000000,0.000000,0.333333,-0.066667,0.586667,-0.386667,0.520000,-0.746667,0.440000,-1.000000,0.493333,-0.640000,0.586667,-0.866667,0.506667,-0.680000,0.413333,-0.493333,0.266667,-0.680000,0.306667,-0.866667,0.253333,-0.573333,0.213333,-0.333333,0.053333,-0.680000,0.066667,-0.800000,0.053333,-0.493333,0.040000,-0.293333,-0.173333,-0.640000,-0.146667,-0.720000,-0.146667,-0.466667,-0.133333,-0.333333
T,Right,legacy_bisindo_T_620,0.000000,0.000000,0.328947,-0.078947,0.578947,-0.394737,0.526316,-0.736842,0.460526,-1.000000,0.500000,-0.644737,0.605263,-0.855263,0.500000,-0.671053,0.407895,-0.473684,0.263158,-0.671053,0.315789,-0.868421,0.250000,-0.578947,0.223684,-0.342105,0.052632,-0.671053,0.078947,-0.815789,0.052632,-0.513158,0.039474,-0.315789,-0.157895,-0.631579,-0.118421,-0.736842,-0.131579,-0.500000,-0.118421,-0.342105
T,Right,legacy_bisindo_T_621,0.000000,0.000000,0.342857,-0.028571,0.642857,-0.371429,0.614286,-0.742857,0.514286,-1.000000,0.557143,-0.642857,0.685714,-0.871429,0.585714,-0.685714,0.485714,-0.485714,0.314286,-0.685714,0.371429,-0.857143,0.300000,-0.542857,0.242857,-0.314286,0.085714,-0.685714,0.114286,-0.814286,0.085714,-0.485714,0.057143,-0.285714,-0.142857,-0.671429,-0.114286,-0.728571,-0.142857,-0.457143,-0.142857,-0.314286
T,Right,legacy_bisindo_T_622,0.000000,0.000000,0.347222,-0.069444,0.597222,-0.402778,0.569444,-0.750000,0.486111,-1.000000,0.500000,-0.666667,0.625000,-0.861111,0.527778,-0.652778,0.430556,-0.458333,0.263889,-0.694444,0.361111,-0.861111,0.277778,-0.569444,0.222222,-0.333333,0.041667,-0.680556,0.111111,-0.805556,0.069444,-0.486111,0.055556,-0.277778,-0.194444,-0.652778,-0.125000,-0.722222,-0.138889,-0.472222,-0.138889,-0.305556
T,Right,legacy_bisindo_T_623,0.000000,0.000000,0.347222,-0.069444,0.597222,-0.388889,0.541667,-0.750000,0.472222,-1.000000,0.527778,-0.652778,0.638889,-0.861111,0.555556,-0.666667,0.458333,-0.472222,0.291667,-0.694444,0.347222,-0.847222,0.277778,-0.541667,0.236111,-0.333333,0.069444,-0.708333,0.111111,-0.791667,0.083333,-0.472222,0.055556,-0.277778,-0.152778,-0.694444,-0.097222,-0.736111,-0.097222,-0.472222,-0.111111,-0.333333
T,Right,legacy_bisindo_T_624,0.000000,0.000000,0.328767,-0.082192,0.575342,-0.397260,0.534247,-0.753425,0.452055,-1.000000,0.493151,-0.657534,0.602740,-0.863014,0.520548,-0.684932,0.424658,-0.493151,0.260274,-0.698630,0.328767,-0.849315,0.260274,-0.561644,0.219178,-0.342466,0.041096,-0.698630,0.082192,-0.808219,0.054795,-0.493151,0.041096,-0.301370,-0.191781,-0.657534,-0.136986,-0.726027,-0.136986,-0.479452,-0.136986,-0.342466
T,Right,legacy_bisindo_T_625,0.000000,0.000000,0.342466,-0.082192,0.589041,-0.410959,0.547945,-0.753425,0.465753,-1.000000,0.520548,-0.671233,0.616438,-0.890411,0.520548,-0.698630,0.438356,-0.506849,0.287671,-0.698630,0.328767,-0.863014,0.273973,-0.561644,0.232877,-0.356164,0.068493,-0.698630,0.095890,-0.835616,0.068493,-0.520548,0.068493,-0.328767,-0.150685,-0.671233,-0.109589,-0.753425,-0.109589,-0.506849,-0.109589,-0.383562
T,Right,legacy_bisindo_T_626,0.000000,0.000000,0.333333,-0.086957,0.608696,-0.420290,0.579710,-0.768116,0.449275,-1.000000,0.536232,-0.681159,0.623188,-0.913043,0.521739,-0.724638,0.434783,-0.521739,0.289855,-0.724638,0.304348,-0.884058,0.246377,-0.579710,0.231884,-0.362319,0.057971,-0.710145,0.072464,-0.855072,0.043478,-0.521739,0.043478,-0.333333,-0.173913,-0.681159,-0.144928,-0.768116,-0.144928,-0.507246,-0.130435,-0.376812
T,Right,legacy_bisindo_T_627,0.000000,0.000000,0.323529,-0.102941,0.573529,-0.426471,0.529412,-0.764706,0.426471,-1.000000,0.485294,-0.691176,0.588235,-0.941176,0.485294,-0.720588,0.397059,-0.529412,0.250000,-0.705882,0.294118,-0.882353,0.250000,-0.588235,0.220588,-0.367647,0.029412,-0.691176,0.058824,-0.838235,0.058824,-0.529412,0.058824,-0.338235,-0.191176,-0.632353,-0.161765,-0.735294,-0.132353,-0.500000,-0.132353,-0.352941
T,Right,legacy_bisindo_T_628,0.000000,0.000000,0.333333,-0.115942,0.550725,-0.449275,0.463768,-0.768116,0.376812,-1.000000,0.478261,-0.681159,0.550725,-0.913043,0.463768,-0.739130,0.376812,-0.550725,0.231884,-0.695652,0.275362,-0.884058,0.231884,-0.608696,0.202899,-0.391304,0.028986,-0.666667,0.043478,-0.811594,0.043478,-0.521739,0.043478,-0.333333,-0.188406,-0.608696,-0.144928,-0.710145,-0.130435,-0.492754,-0.130435,-0.347826
T,Right,legacy_bisindo_T_629,0.000000,0.000000,0.295775,-0.140845,0.492958,-0.464789,0.436620,-0.774648,0.338028,-1.000000,0.408451,-0.676056,0.492958,-0.901408,0.422535,-0.718310,0.338028,-0.535211,0.197183,-0.676056,0.239437,-0.859155,0.197183,-0.591549,0.169014,-0.394366,-0.014085,-0.647887,0.028169,-0.802817,0.028169,-0.521127,0.014085,-0.338028,-0.211268,-0.577465,-0.183099,-0.704225,-0.154930,-0.478873,-0.154930,-0.352113
T,Right,legacy_bisindo_T_630,0.000000,0.000000,0.308824,-0.117647,0.514706,-0.441176,0.455882,-0.764706,0.352941,-1.000000,0.411765,-0.676471,0.500000,-0.911765,0.441176,-0.720588,0.367647,-0.529412,0.191176,-0.676471,0.250000,-0.867647,0.220588,-0.588235,0.191176,-0.382353,-0.014706,-0.647059,0.029412,-0.794118,0.029412,-0.500000,0.029412,-0.323529,-0.220588,-0.588235,-0.176471,-0.691176,-0.147059,-0.470588,-0.132353,-0.338235
T,Right,legacy_bisindo_T_631,0.000000,0.000000,0.307692,-0.138462,0.538462,-0.476923,0.461538,-0.784615,0.323077,-1.000000,0.415385,-0.707692,0.507692,-0.969231,0.430769,-0.800000,0.353846,-0.600000,0.200000,-0.707692,0.246154,-0.923077,0.200000,-0.630769,0.184615,-0.415385,-0.015385,-0.661538,0.015385,-0.846154,0.015385,-0.538462,0.015385,-0.353846,-0.230769,-0.600000,-0.200000,-0.723077,-0.169231,-0.492308,-0.153846,-0.353846
T,Right,legacy_bisindo_T_632,0.000000,0.000000,0.312500,-0.109375,0.562500,-0.390625,0.562500,-0.656250,0.437500,-0.828125,0.437500,-0.718750,0.515625,-1.000000,0.453125,-0.812500,0.375000,-0.625000,0.218750,-0.718750,0.265625,-0.968750,0.234375,-0.671875,0.203125,-0.437500,0.015625,-0.687500,0.031250,-0.859375,0.031250,-0.562500,0.031250,-0.359375,-0.218750,-0.609375,-0.187500,-0.734375,-0.156250,-0.500000,-0.140625,-0.359375
T,Right,legacy_bisindo_T_633,0.000000,0.000000,0.317460,-0.158730,0.555556,-0.492063,0.507937,-0.793651,0.380952,-0.984127,0.428571,-0.746032,0.492063,-1.000000,0.412698,-0.809524,0.349206,-0.619048,0.190476,-0.746032,0.222222,-0.936508,0.174603,-0.650794,0.158730,-0.428571,-0.031746,-0.698413,-0.015873,-0.857143,-0.015873,-0.571429,0.000000,-0.365079,-0.253968,-0.619048,-0.238095,-0.746032,-0.206349,-0.523810,-0.174603,-0.380952
T,Right,legacy_bisindo_T_634,0.000000,0.000000,0.308824,-0.147059,0.529412,-0.470588,0.455882,-0.794118,0.308824,-1.000000,0.426471,-0.676471,0.500000,-0.926471,0.426471,-0.764706,0.352941,-0.573529,0.205882,-0.676471,0.235294,-0.882353,0.205882,-0.588235,0.191176,-0.382353,-0.014706,-0.647059,0.014706,-0.823529,0.014706,-0.514706,0.029412,-0.338235,-0.235294,-0.588235,-0.191176,-0.720588,-0.161765,-0.485294,-0.161765,-0.352941
T,Right,legacy_bisindo_T_635,0.000000,0.000000,0.323529,-0.132353,0.544118,-0.470588,0.500000,-0.779412,0.382353,-1.000000,0.455882,-0.705882,0.544118,-0.941176,0.455882,-0.750000,0.367647,-0.558824,0.220588,-0.720588,0.264706,-0.911765,0.205882,-0.617647,0.191176,-0.397059,0.000000,-0.691176,0.029412,-0.838235,0.014706,-0.529412,0.014706,-0.338235,-0.235294,-0.632353,-0.191176,-0.735294,-0.161765,-0.514706,-0.161765,-0.367647
T,Right,legacy_bisindo_T_636,0.000000,0.000000,0.333333,-0.130435,0.579710,-0.478261,0.507246,-0.797101,0.362319,-1.000000,0.449275,-0.724638,0.521739,-0.971014,0.449275,-0.797101,0.391304,-0.579710,0.202899,-0.724638,0.260870,-0.927536,0.217391,-0.623188,0.202899,-0.391304,-0.014493,-0.695652,0.014493,-0.855072,0.014493,-0.536232,0.028986,-0.333333,-0.246377,-0.637681,-0.202899,-0.739130,-0.173913,-0.492754,-0.159420,-0.347826
T,Right,legacy_bisindo_T_637,0.000000,0.000000,0.329412,-0.141176,0.529412,-0.494118,0.411765,-0.800000,0.223529,-0.952941,0.376471,-0.729412,0.435294,-1.000000,0.388235,-0.811765,0.341176,-0.588235,0.129412,-0.717647,0.164706,-0.952941,0.152941,-0.670588,0.152941,-0.423529,-0.082353,-0.670588,-0.058824,-0.870588,-0.035294,-0.564706,-0.011765,-0.341176,-0.305882,-0.588235,-0.270588,-0.717647,-0.223529,-0.482353,-0.188235,-0.317647
T,Right,legacy_bisindo_T_638,0.000000,0.000000,0.303922,-0.166667,0.450980,-0.519608,0.323529,-0.813725,0.186275,-1.000000,0.313725,-0.696078,0.352941,-0.950980,0.323529,-0.784314,0.284314,-0.568627,0.088235,-0.676471,0.117647,-0.911765,0.117647,-0.647059,0.127451,-0.411765,-0.107843,-0.617647,-0.088235,-0.813725,-0.049020,-0.529412,-0.019608,-0.333333,-0.303922,-0.539216,-0.264706,-0.676471,-0.215686,-0.460784,-0.186275,-0.313725
T,Right,legacy_bisindo_T_639,0.000000,0.000000,0.289256,-0.132231,0.429752,-0.495868,0.305785,-0.793388,0.190083,-1.000000,0.305785,-0.694215,0.363636,-0.942149,0.322314,-0.752066,0.264463,-0.537190,0.090909,-0.677686,0.123967,-0.867769,0.123967,-0.586777,0.123967,-0.363636,-0.107438,-0.628099,-0.074380,-0.785124,-0.041322,-0.495868,-0.016529,-0.297521,-0.305785,-0.553719,-0.256198,-0.652893,-0.214876,-0.421488,-0.181818,-0.272727
T,Right,legacy_bisindo_T_640,0.000000,0.000000,0.285714,-0.120301,0.451128,-0.473684,0.338346,-0.789474,0.225564,-1.000000,0.323308,-0.721805,0.398496,-0.962406,0.353383,-0.766917,0.293233,-0.556391,0.105263,-0.706767,0.150376,-0.879699,0.142857,-0.586466,0.142857,-0.375940,-0.090226,-0.661654,-0.052632,-0.804511,-0.022556,-0.503759,-0.007519,-0.308271,-0.293233,-0.586466,-0.233083,-0.684211,-0.195489,-0.451128,-0.172932,-0.300752
T,Right,legacy_bisindo_T_641,0.000000,0.000000,0.304348,-0.111801,0.484472,-0.465839,0.397516,-0.776398,0.304348,-1.000000,0.378882,-0.689441,0.478261,-0.937888,0.416149,-0.745342,0.347826,-0.534161,0.161491,-0.695652,0.229814,-0.881988,0.198758,-0.590062,0.180124,-0.366460,-0.037267,-0.670807,0.037267,-0.819876,0.031056,-0.515528,0.024845,-0.316770,-0.242236,-0.621118,-0.142857,-0.701863,-0.136646,-0.472050,-0.130435,-0.329193
T,Right,legacy_bisindo_T_642,0.000000,0.000000,0.307263,-0.128492,0.474860,-0.463687,0.391061,-0.770950,0.329609,-1.000000,0.391061,-0.675978,0.480447,-0.910615,0.413408,-0.726257,0.346369,-0.530726,0.178771,-0.681564,0.245810,-0.877095,0.206704,-0.597765,0.184358,-0.374302,-0.011173,-0.664804,0.061453,-0.821229,0.044693,-0.530726,0.033520,-0.335196,-0.212291,-0.620112,-0.111732,-0.720670,-0.111732,-0.502793,-0.117318,-0.357542
T,Right,legacy_bisindo_T_643,0.000000,0.000000,0.310000,-0.120000,0.480000,-0.460000,0.380000,-0.780000,0.310000,-1.000000,0.370000,-0.695000,0.490000,-0.920000,0.440000,-0.740000,0.375000,-0.550000,0.160000,-0.705000,0.260000,-0.875000,0.220000,-0.590000,0.190000,-0.375000,-0.030000,-0.685000,0.075000,-0.810000,0.060000,-0.500000,0.040000,-0.295000,-0.230000,-0.630000,-0.105000,-0.700000,-0.100000,-0.455000,-0.110000,-0.305000
T,Right,legacy_bisindo_T_644,0.000000,0.000000,0.297297,-0.112613,0.481982,-0.459459,0.418919,-0.770270,0.355856,-1.000000,0.400901,-0.689189,0.504505,-0.914414,0.436937,-0.725225,0.369369,-0.531532,0.198198,-0.702703,0.274775,-0.860360,0.229730,-0.581081,0.202703,-0.360360,0.004505,-0.689189,0.081081,-0.788288,0.067568,-0.490991,0.058559,-0.301802,-0.189189,-0.653153,-0.085586,-0.702703,-0.081081,-0.477477,-0.085586,-0.342342
T,Right,legacy_bisindo_T_645,0.000000,0.000000,0.291845,-0.120172,0.472103,-0.454936,0.420601,-0.759657,0.356223,-1.000000,0.403433,-0.703863,0.515021,-0.922747,0.446352,-0.721030,0.377682,-0.527897,0.201717,-0.716738,0.274678,-0.862661,0.231760,-0.583691,0.210300,-0.373391,0.008584,-0.699571,0.077253,-0.789700,0.068670,-0.502146,0.068670,-0.313305,-0.184549,-0.656652,-0.098712,-0.699571,-0.085837,-0.480687,-0.077253,-0.351931
T,Right,legacy_bisindo_T_646,0.000000,0.000000,0.282158,-0.107884,0.481328,-0.456432,0.452282,-0.763485,0.369295,-1.000000,0.406639,-0.721992,0.531120,-0.933610,0.464730,-0.734440,0.385892,-0.543568,0.199170,-0.738589,0.286307,-0.871369,0.244813,-0.585062,0.215768,-0.373444,0.000000,-0.717842,0.078838,-0.800830,0.070539,-0.510373,0.066390,-0.323651,-0.195021,-0.668050,-0.103734,-0.692946,-0.082988,-0.477178,-0.074689,-0.352697
T,Right,legacy_bisindo_T_647,0.000000,0.000000,0.278626,-0.133588,0.454198,-0.480916,0.404580,-0.770992,0.332061,-1.000000,0.385496,-0.713740,0.488550,-0.916031,0.419847,-0.713740,0.347328,-0.530534,0.183206,-0.729008,0.255725,-0.847328,0.209924,-0.572519,0.179389,-0.370229,-0.007634,-0.713740,0.057252,-0.786260,0.049618,-0.511450,0.045802,-0.332061,-0.194656,-0.664122,-0.110687,-0.687023,-0.103053,-0.480916,-0.099237,-0.366412
T,Right,legacy_bisindo_T_648,0.000000,0.000000,0.275472,-0.132075,0.452830,-0.475472,0.411321,-0.766038,0.339623,-1.000000,0.388679,-0.716981,0.490566,-0.913208,0.415094,-0.716981,0.339623,-0.524528,0.188679,-0.732075,0.249057,-0.849057,0.203774,-0.573585,0.181132,-0.362264,-0.003774,-0.713208,0.045283,-0.784906,0.045283,-0.513208,0.049057,-0.332075,-0.192453,-0.664151,-0.120755,-0.694340,-0.105660,-0.486792,-0.094340,-0.366038
T,Right,legacy_bisindo_T_649,0.000000,0.000000,0.292308,-0.126923,0.480769,-0.469231,0.438462,-0.765385,0.369231,-1.000000,0.419231,-0.707692,0.519231,-0.907692,0.434615,-0.715385,0.353846,-0.526923,0.215385,-0.723077,0.269231,-0.850000,0.215385,-0.580769,0.188462,-0.365385,0.019231,-0.711538,0.061538,-0.796154,0.053846,-0.523077,0.053846,-0.334615,-0.169231,-0.669231,-0.111538,-0.711538,-0.103846,-0.500000,-0.092308,-0.373077
T,Right,legacy_bisindo_T_650,0.000000,0.000000,0.292776,-0.129278,0.475285,-0.467681,0.418251,-0.764259,0.357414,-1.000000,0.410646,-0.695817,0.501901,-0.904943,0.414449,-0.711027,0.338403,-0.520913,0.201521,-0.711027,0.254753,-0.855513,0.197719,-0.577947,0.171103,-0.361217,0.007605,-0.699620,0.045627,-0.802281,0.038023,-0.528517,0.045627,-0.334601,-0.178707,-0.653992,-0.129278,-0.707224,-0.117871,-0.494297,-0.098859,-0.361217
T,Right,legacy_bisindo_T_651,0.000000,0.000000,0.276753,-0.129151,0.457565,-0.464945,0.405904,-0.763838,0.343173,-1.000000,0.398524,-0.693727,0.487085,-0.900369,0.405904,-0.712177,0.328413,-0.520295,0.195572,-0.704797,0.243542,-0.845018,0.188192,-0.575646,0.162362,-0.361624,0.007380,-0.690037,0.036900,-0.793358,0.033210,-0.527675,0.040590,-0.339483,-0.177122,-0.645756,-0.132841,-0.701107,-0.118081,-0.494465,-0.099631,-0.365314
T,Right,legacy_bisindo_T_652,0.000000,0.000000,0.297101,-0.134058,0.478261,-0.474638,0.423913,-0.768116,0.365942,-1.000000,0.413043,-0.681159,0.507246,-0.884058,0.423913,-0.695652,0.344203,-0.500000,0.210145,-0.695652,0.260870,-0.840580,0.206522,-0.576087,0.181159,-0.358696,0.018116,-0.684783,0.050725,-0.789855,0.043478,-0.528986,0.050725,-0.340580,-0.163043,-0.644928,-0.123188,-0.695652,-0.112319,-0.496377,-0.094203,-0.369565
T,Right,legacy_bisindo_T_653,0.000000,0.000000,0.288321,-0.124088,0.470803,-0.459854,0.419708,-0.759124,0.357664,-1.000000,0.405109,-0.697080,0.500000,-0.894161,0.416058,-0.700730,0.339416,-0.507299,0.200730,-0.715328,0.255474,-0.846715,0.197080,-0.572993,0.171533,-0.354015,0.010949,-0.704380,0.043796,-0.791971,0.036496,-0.525547,0.043796,-0.335766,-0.175182,-0.660584,-0.131387,-0.704380,-0.116788,-0.496350,-0.098540,-0.368613
T,Right,legacy_bisindo_T_654,0.000000,0.000000,0.282609,-0.134058,0.456522,-0.467391,0.405797,-0.760870,0.344203,-1.000000,0.387681,-0.699275,0.481884,-0.891304,0.405797,-0.699275,0.329710,-0.503623,0.184783,-0.717391,0.235507,-0.844203,0.184783,-0.572464,0.159420,-0.347826,-0.003623,-0.702899,0.028986,-0.789855,0.021739,-0.525362,0.032609,-0.333333,-0.184783,-0.655797,-0.144928,-0.699275,-0.130435,-0.492754,-0.108696,-0.365942
T,Right,legacy_bisindo_T_655,0.000000,0.000000,0.283636,-0.130909,0.461818,-0.465455,0.414545,-0.763636,0.349091,-1.000000,0.400000,-0.701818,0.487273,-0.898182,0.414545,-0.705455,0.341818,-0.509091,0.196364,-0.716364,0.236364,-0.840000,0.189091,-0.570909,0.170909,-0.352727,0.003636,-0.698182,0.029091,-0.785455,0.029091,-0.523636,0.043636,-0.338182,-0.178182,-0.650909,-0.145455,-0.698182,-0.127273,-0.494545,-0.101818,-0.367273
T,Right,legacy_bisindo_T_656,0.000000,0.000000,0.284672,-0.138686,0.459854,-0.474453,0.412409,-0.766423,0.354015,-1.000000,0.397810,-0.711679,0.481752,-0.890511,0.408759,-0.697080,0.339416,-0.500000,0.193431,-0.726277,0.237226,-0.839416,0.189781,-0.569343,0.167883,-0.350365,0.003650,-0.708029,0.025547,-0.788321,0.025547,-0.525547,0.036496,-0.335766,-0.182482,-0.660584,-0.149635,-0.697080,-0.127737,-0.492701,-0.102190,-0.364964
T,Right,legacy_bisindo_T_657,0.000000,0.000000,0.286792,-0.124528,0.479245,-0.460377,0.433962,-0.766038,0.343396,-1.000000,0.411321,-0.724528,0.501887,-0.913208,0.422642,-0.705660,0.343396,-0.494340,0.196226,-0.743396,0.226415,-0.849057,0.184906,-0.569811,0.169811,-0.343396,-0.007547,-0.724528,0.007547,-0.784906,0.011321,-0.520755,0.030189,-0.328302,-0.196226,-0.671698,-0.173585,-0.705660,-0.150943,-0.501887,-0.120755,-0.369811
T,Right,legacy_bisindo_T_658,0.000000,0.000000,0.304167,-0.100000,0.529167,-0.441667,0.479167,-0.762500,0.379167,-1.000000,0.466667,-0.737500,0.558333,-0.916667,0.470833,-0.695833,0.379167,-0.479167,0.237500,-0.775000,0.266667,-0.854167,0.204167,-0.550000,0.175000,-0.320833,0.025000,-0.766667,0.025000,-0.804167,0.020833,-0.508333,0.037500,-0.304167,-0.179167,-0.716667,-0.158333,-0.729167,-0.133333,-0.500000,-0.100000,-0.358333
T,Right,legacy_bisindo_T_659,0.000000,0.000000,0.299145,-0.098291,0.534188,-0.431624,0.504274,-0.760684,0.393162,-1.000000,0.474359,-0.752137,0.572650,-0.940171,0.474359,-0.717949,0.376068,-0.495726,0.243590,-0.794872,0.260684,-0.884615,0.200855,-0.576923,0.175214,-0.341880,0.025641,-0.790598,0.021368,-0.820513,0.017094,-0.525641,0.038462,-0.316239,-0.188034,-0.743590,-0.170940,-0.739316,-0.145299,-0.512821,-0.111111,-0.371795
T,Right,legacy_bisindo_T_660,0.000000,0.000000,0.290598,-0.098291,0.521368,-0.427350,0.500000,-0.756410,0.393162,-1.000000,0.465812,-0.735043,0.559829,-0.923077,0.461538,-0.709402,0.363248,-0.500000,0.239316,-0.777778,0.264957,-0.867521,0.196581,-0.564103,0.162393,-0.337607,0.029915,-0.773504,0.029915,-0.816239,0.021368,-0.525641,0.034188,-0.316239,-0.175214,-0.730769,-0.153846,-0.743590,-0.136752,-0.525641,-0.106838,-0.384615
T,Right,legacy_bisindo_T_661,0.000000,0.000000,0.291304,-0.095652,0.521739,-0.421739,0.508696,-0.752174,0.404348,-1.000000,0.469565,-0.730435,0.556522,-0.917391,0.452174,-0.695652,0.356522,-0.482609,0.243478,-0.769565,0.247826,-0.869565,0.191304,-0.569565,0.169565,-0.343478,0.034783,-0.769565,0.013043,-0.813043,0.013043,-0.521739,0.034783,-0.313043,-0.173913,-0.730435,-0.160870,-0.752174,-0.139130,-0.526087,-0.104348,-0.382609
T,Right,legacy_bisindo_T_662,0.000000,0.000000,0.307692,-0.091346,0.581731,-0.423077,0.576923,-0.769231,0.418269,-1.000000,0.495192,-0.798077,0.591346,-1.000000,0.485577,-0.764423,0.375000,-0.538462,0.254808,-0.846154,0.259615,-0.942308,0.192308,-0.625000,0.163462,-0.375000,0.024038,-0.846154,0.004808,-0.875000,0.000000,-0.567308,0.019231,-0.350962,-0.197115,-0.798077,-0.187500,-0.807692,-0.168269,-0.572115,-0.129808,-0.418269
T,Right,legacy_bisindo_T_663,0.000000,0.000000,0.304933,-0.071749,0.560538,-0.408072,0.560538,-0.748879,0.439462,-1.000000,0.506726,-0.730942,0.605381,-0.928251,0.488789,-0.708520,0.376682,-0.493274,0.278027,-0.771300,0.291480,-0.887892,0.215247,-0.582960,0.174888,-0.345291,0.062780,-0.771300,0.044843,-0.838565,0.026906,-0.542601,0.035874,-0.327354,-0.143498,-0.730942,-0.147982,-0.775785,-0.139013,-0.547085,-0.107623,-0.394619
T,Right,legacy_bisindo_T_664,0.000000,0.000000,0.315126,-0.063025,0.600840,-0.407563,0.592437,-0.756303,0.466387,-1.000000,0.542017,-0.726891,0.668067,-0.915966,0.554622,-0.710084,0.441176,-0.491597,0.306723,-0.773109,0.344538,-0.878151,0.268908,-0.567227,0.231092,-0.319328,0.079832,-0.773109,0.088235,-0.827731,0.071429,-0.529412,0.079832,-0.319328,-0.138655,-0.735294,-0.113445,-0.756303,-0.105042,-0.529412,-0.075630,-0.390756
T,Right,legacy_bisindo_T_665,0.000000,0.000000,0.318898,-0.062992,0.570866,-0.405512,0.555118,-0.744094,0.480315,-1.000000,0.527559,-0.700787,0.657480,-0.877953,0.551181,-0.665354,0.444882,-0.456693,0.307087,-0.748031,0.354331,-0.846457,0.275591,-0.543307,0.232283,-0.307087,0.094488,-0.748031,0.114173,-0.783465,0.094488,-0.492126,0.090551,-0.291339,-0.102362,-0.712598,-0.070866,-0.708661,-0.070866,-0.488189,-0.051181,-0.358268
T,Right,legacy_bisindo_T_666,0.000000,0.000000,0.329268,-0.060976,0.609756,-0.382114,0.638211,-0.731707,0.552846,-1.000000,0.581301,-0.699187,0.707317,-0.886179,0.601626,-0.691057,0.487805,-0.483740,0.357724,-0.752033,0.402439,-0.861789,0.313008,-0.560976,0.260163,-0.313008,0.142276,-0.760163,0.158537,-0.808943,0.121951,-0.516260,0.105691,-0.300813,-0.069106,-0.731707,-0.040650,-0.723577,-0.052846,-0.500000,-0.036585,-0.353659
T,Right,legacy_bisindo_T_667,0.000000,0.000000,0.323887,-0.060729,0.603239,-0.388664,0.619433,-0.736842,0.538462,-1.000000,0.574899,-0.712551,0.696356,-0.874494,0.587045,-0.659919,0.473684,-0.453441,0.348178,-0.761134,0.396761,-0.858300,0.311741,-0.554656,0.255061,-0.311741,0.133603,-0.769231,0.153846,-0.809717,0.117409,-0.514170,0.105263,-0.303644,-0.076923,-0.732794,-0.044534,-0.724696,-0.052632,-0.493927,-0.040486,-0.352227
T,Right,legacy_bisindo_T_668,0.000000,0.000000,0.315175,-0.081712,0.552529,-0.396887,0.556420,-0.735409,0.513619,-1.000000,0.536965,-0.665370,0.649805,-0.840467,0.536965,-0.642023,0.435798,-0.451362,0.326848,-0.708171,0.373541,-0.821012,0.284047,-0.540856,0.233463,-0.315175,0.120623,-0.712062,0.143969,-0.785992,0.108949,-0.505837,0.097276,-0.303502,-0.077821,-0.680934,-0.046693,-0.712062,-0.054475,-0.498054,-0.035019,-0.354086
T,Right,legacy_bisindo_T_669,0.000000,0.000000,0.308594,-0.082031,0.546875,-0.402344,0.535156,-0.738281,0.496094,-1.000000,0.507812,-0.675781,0.617188,-0.839844,0.519531,-0.644531,0.417969,-0.449219,0.296875,-0.714844,0.359375,-0.832031,0.277344,-0.554688,0.222656,-0.328125,0.097656,-0.718750,0.132812,-0.800781,0.105469,-0.523438,0.093750,-0.316406,-0.101562,-0.683594,-0.058594,-0.710938,-0.058594,-0.492188,-0.046875,-0.355469
T,Right,legacy_bisindo_T_670,0.000000,0.000000,0.302789,-0.071713,0.545817,-0.402390,0.541833,-0.737052,0.494024,-1.000000,0.521912,-0.677291,0.637450,-0.856574,0.533865,-0.661355,0.426295,-0.466135,0.310757,-0.721116,0.366534,-0.840637,0.282869,-0.561753,0.227092,-0.330677,0.107570,-0.729084,0.139442,-0.808765,0.107570,-0.525896,0.091633,-0.322709,-0.091633,-0.697211,-0.051793,-0.717131,-0.055777,-0.498008,-0.047809,-0.362550
T,Right,legacy_bisindo_T_671,0.000000,0.000000,0.304000,-0.088000,0.544000,-0.408000,0.536000,-0.740000,0.496000,-1.000000,0.516000,-0.680000,0.628000,-0.856000,0.524000,-0.664000,0.420000,-0.468000,0.308000,-0.720000,0.360000,-0.840000,0.276000,-0.564000,0.220000,-0.336000,0.108000,-0.728000,0.132000,-0.800000,0.100000,-0.532000,0.084000,-0.332000,-0.088000,-0.692000,-0.056000,-0.716000,-0.064000,-0.504000,-0.056000,-0.368000
T,Right,legacy_bisindo_T_672,0.000000,0.000000,0.329114,-0.071730,0.599156,-0.388186,0.611814,-0.734177,0.548523,-1.000000,0.573840,-0.679325,0.696203,-0.864979,0.578059,-0.662447,0.464135,-0.455696,0.354430,-0.729958,0.417722,-0.848101,0.316456,-0.565401,0.253165,-0.329114,0.147679,-0.742616,0.181435,-0.814346,0.139241,-0.540084,0.118143,-0.324895,-0.054852,-0.717300,-0.016878,-0.729958,-0.033755,-0.514768,-0.029536,-0.371308
T,Right,legacy_bisindo_T_673,0.000000,0.000000,0.321888,-0.068670,0.596567,-0.381974,0.622318,-0.729614,0.566524,-1.000000,0.575107,-0.673820,0.708155,-0.845494,0.587983,-0.656652,0.472103,-0.463519,0.360515,-0.729614,0.424893,-0.849785,0.317597,-0.570815,0.253219,-0.334764,0.150215,-0.746781,0.188841,-0.815451,0.137339,-0.536481,0.115880,-0.326180,-0.055794,-0.721030,-0.012876,-0.733906,-0.034335,-0.519313,-0.025751,-0.377682
T,Right,legacy_bisindo_T_674,0.000000,0.000000,0.317797,-0.063559,0.580508,-0.385593,0.610169,-0.728814,0.559322,-1.000000,0.546610,-0.669492,0.669492,-0.834746,0.567797,-0.639831,0.453390,-0.449153,0.338983,-0.724576,0.402542,-0.838983,0.309322,-0.567797,0.241525,-0.334746,0.131356,-0.737288,0.169492,-0.809322,0.127119,-0.529661,0.101695,-0.322034,-0.072034,-0.711864,-0.029661,-0.728814,-0.042373,-0.508475,-0.038136,-0.368644
T,Right,legacy_bisindo_T_675,0.000000,0.000000,0.314894,-0.055319,0.582979,-0.382979,0.604255,-0.731915,0.553191,-1.000000,0.553191,-0.668085,0.676596,-0.855319,0.574468,-0.655319,0.463830,-0.455319,0.340426,-0.714894,0.400000,-0.846809,0.310638,-0.565957,0.255319,-0.331915,0.136170,-0.727660,0.165957,-0.817021,0.131915,-0.531915,0.114894,-0.327660,-0.068085,-0.697872,-0.029787,-0.723404,-0.038298,-0.502128,-0.029787,-0.365957
T,Right,legacy_bisindo_T_676,0.000000,0.000000,0.320175,-0.061404,0.596491,-0.381579,0.627193,-0.728070,0.561404,-1.000000,0.570175,-0.679825,0.697368,-0.855263,0.583333,-0.657895,0.469298,-0.464912,0.355263,-0.728070,0.421053,-0.855263,0.324561,-0.574561,0.258772,-0.337719,0.144737,-0.741228,0.179825,-0.820175,0.131579,-0.535088,0.114035,-0.328947,-0.057018,-0.719298,-0.021930,-0.736842,-0.043860,-0.517544,-0.039474,-0.377193
T,Right,legacy_bisindo_T_677,0.000000,0.000000,0.318584,-0.061947,0.588496,-0.384956,0.615044,-0.730088,0.570796,-1.000000,0.561947,-0.668142,0.685841,-0.845133,0.579646,-0.650442,0.464602,-0.460177,0.345133,-0.725664,0.415929,-0.845133,0.318584,-0.566372,0.256637,-0.331858,0.137168,-0.743363,0.168142,-0.814159,0.128319,-0.535398,0.110619,-0.327434,-0.070796,-0.721239,-0.035398,-0.730088,-0.048673,-0.513274,-0.039823,-0.376106
T,Right,legacy_bisindo_T_678,0.000000,0.000000,0.325792,-0.058824,0.592760,-0.380090,0.606335,-0.723982,0.561086,-1.000000,0.561086,-0.669683,0.692308,-0.841629,0.588235,-0.647059,0.475113,-0.452489,0.343891,-0.723982,0.425339,-0.846154,0.325792,-0.561086,0.262443,-0.325792,0.135747,-0.737557,0.180995,-0.805430,0.135747,-0.520362,0.117647,-0.312217,-0.067873,-0.710407,-0.027149,-0.719457,-0.040724,-0.497738,-0.027149,-0.357466
T,Right,legacy_bisindo_T_679,0.000000,0.000000,0.311111,-0.088889,0.537778,-0.413333,0.533333,-0.737778,0.484444,-1.000000,0.493333,-0.675556,0.604444,-0.848889,0.511111,-0.662222,0.413333,-0.466667,0.284444,-0.711111,0.351111,-0.835556,0.275556,-0.564444,0.222222,-0.333333,0.084444,-0.715556,0.120000,-0.786667,0.097778,-0.515556,0.088889,-0.311111,-0.106667,-0.684444,-0.075556,-0.697778,-0.071111,-0.484444,-0.053333,-0.351111
T,Right,legacy_bisindo_T_680,0.000000,0.000000,0.306977,-0.097674,0.530233,-0.418605,0.516279,-0.748837,0.455814,-1.000000,0.488372,-0.711628,0.595349,-0.911628,0.497674,-0.706977,0.413953,-0.506977,0.274419,-0.744186,0.334884,-0.869767,0.260465,-0.586047,0.223256,-0.358140,0.074419,-0.734884,0.111628,-0.795349,0.088372,-0.525581,0.088372,-0.330233,-0.111628,-0.693023,-0.065116,-0.693023,-0.065116,-0.493023,-0.046512,-0.362791
T,Right,legacy_bisindo_T_681,0.000000,0.000000,0.308458,-0.119403,0.512438,-0.427861,0.492537,-0.751244,0.427861,-1.000000,0.467662,-0.706468,0.582090,-0.920398,0.492537,-0.726368,0.407960,-0.532338,0.258706,-0.731343,0.318408,-0.865672,0.248756,-0.597015,0.213930,-0.368159,0.064677,-0.726368,0.114428,-0.786070,0.089552,-0.527363,0.084577,-0.333333,-0.119403,-0.691542,-0.059701,-0.701493,-0.054726,-0.507463,-0.044776,-0.383085
T,Right,legacy_bisindo_T_682,0.000000,0.000000,0.308176,-0.132075,0.496855,-0.440252,0.440252,-0.761006,0.333333,-1.000000,0.421384,-0.723270,0.522013,-0.918239,0.452830,-0.704403,0.383648,-0.503145,0.207547,-0.748428,0.251572,-0.849057,0.207547,-0.566038,0.188679,-0.352201,0.012579,-0.735849,0.050314,-0.767296,0.050314,-0.496855,0.050314,-0.308176,-0.182390,-0.698113,-0.125786,-0.698113,-0.100629,-0.496855,-0.081761,-0.371069
T,Right,legacy_bisindo_T_683,0.000000,0.000000,0.323077,-0.115385,0.530769,-0.430769,0.492308,-0.761538,0.400000,-1.000000,0.446154,-0.707692,0.553846,-0.938462,0.476923,-0.738462,0.400000,-0.538462,0.223077,-0.730769,0.276923,-0.884615,0.215385,-0.592308,0.176923,-0.369231,0.023077,-0.723077,0.053846,-0.807692,0.030769,-0.523077,0.030769,-0.323077,-0.184615,-0.676923,-0.138462,-0.738462,-0.130769,-0.515385,-0.123077,-0.376923
T,Right,legacy_bisindo_T_684,0.000000,0.000000,0.339623,-0.113208,0.537736,-0.443396,0.471698,-0.764151,0.367925,-1.000000,0.462264,-0.679245,0.566038,-0.924528,0.490566,-0.726415,0.424528,-0.537736,0.235849,-0.698113,0.283019,-0.867925,0.226415,-0.584906,0.198113,-0.377358,0.018868,-0.688679,0.066038,-0.801887,0.056604,-0.509434,0.037736,-0.320755,-0.188679,-0.660377,-0.122642,-0.726415,-0.113208,-0.509434,-0.113208,-0.367925
T,Right,legacy_bisindo_T_685,0.000000,0.000000,0.336735,-0.091837,0.540816,-0.418367,0.479592,-0.755102,0.408163,-1.000000,0.448980,-0.673469,0.551020,-0.918367,0.479592,-0.714286,0.408163,-0.520408,0.224490,-0.693878,0.275510,-0.877551,0.234694,-0.581633,0.204082,-0.377551,0.020408,-0.673469,0.061224,-0.795918,0.051020,-0.500000,0.051020,-0.316327,-0.183673,-0.632653,-0.132653,-0.714286,-0.112245,-0.489796,-0.112245,-0.357143
T,Right,legacy_bisindo_T_686,0.000000,0.000000,0.315789,-0.115789,0.505263,-0.452632,0.442105,-0.768421,0.347368,-1.000000,0.410526,-0.694737,0.494737,-0.926316,0.421053,-0.726316,0.347368,-0.526316,0.189474,-0.705263,0.242105,-0.884211,0.200000,-0.589474,0.168421,-0.357895,-0.021053,-0.684211,0.031579,-0.810526,0.021053,-0.505263,0.010526,-0.294737,-0.231579,-0.631579,-0.168421,-0.736842,-0.157895,-0.505263,-0.147368,-0.357895
T,Right,legacy_bisindo_T_687,0.000000,0.000000,0.315217,-0.108696,0.521739,-0.445652,0.478261,-0.771739,0.369565,-1.000000,0.445652,-0.684783,0.532609,-0.934783,0.445652,-0.739130,0.369565,-0.532609,0.217391,-0.695652,0.271739,-0.880435,0.217391,-0.586957,0.184783,-0.347826,0.010870,-0.673913,0.043478,-0.815217,0.032609,-0.521739,0.021739,-0.304348,-0.195652,-0.641304,-0.152174,-0.728261,-0.152174,-0.500000,-0.141304,-0.347826
T,Right,legacy_bisindo_T_688,0.000000,0.000000,0.329670,-0.120879,0.505495,-0.450549,0.417582,-0.769231,0.340659,-1.000000,0.406593,-0.703297,0.472527,-0.934066,0.417582,-0.758242,0.362637,-0.538462,0.186813,-0.703297,0.230769,-0.879121,0.186813,-0.593407,0.175824,-0.340659,-0.010989,-0.681319,0.010989,-0.813187,0.010989,-0.516484,0.010989,-0.296703,-0.219780,-0.626374,-0.186813,-0.725275,-0.175824,-0.494505,-0.153846,-0.340659
T,Right,legacy_bisindo_T_689,0.000000,0.000000,0.326087,-0.108696,0.510870,-0.434783,0.434783,-0.760870,0.358696,-1.000000,0.413043,-0.673913,0.489130,-0.902174,0.423913,-0.717391,0.347826,-0.510870,0.195652,-0.673913,0.239130,-0.858696,0.195652,-0.565217,0.184783,-0.326087,0.000000,-0.663043,0.021739,-0.793478,0.021739,-0.500000,0.021739,-0.282609,-0.217391,-0.608696,-0.173913,-0.717391,-0.163043,-0.478261,-0.141304,-0.326087
T,Right,legacy_bisindo_T_690,0.000000,0.000000,0.325843,-0.112360,0.516854,-0.449438,0.460674,-0.775281,0.337079,-1.000000,0.404494,-0.707865,0.494382,-0.921348,0.426966,-0.719101,0.359551,-0.494382,0.179775,-0.707865,0.235955,-0.887640,0.191011,-0.595506,0.168539,-0.348315,-0.022472,-0.685393,0.011236,-0.808989,0.011236,-0.505618,0.011236,-0.292135,-0.235955,-0.629213,-0.191011,-0.730337,-0.168539,-0.494382,-0.157303,-0.337079
T,Right,legacy_bisindo_T_691,0.000000,0.000000,0.325581,-0.104651,0.534884,-0.441860,0.476744,-0.779070,0.325581,-1.000000,0.418605,-0.709302,0.500000,-0.930233,0.430233,-0.744186,0.360465,-0.523256,0.186047,-0.720930,0.244186,-0.906977,0.186047,-0.604651,0.162791,-0.360465,-0.034884,-0.686047,0.000000,-0.825581,-0.011628,-0.523256,0.000000,-0.302326,-0.255814,-0.639535,-0.220930,-0.720930,-0.197674,-0.488372,-0.174419,-0.325581
T,Right,legacy_bisindo_T_692,0.000000,0.000000,0.300000,-0.100000,0.500000,-0.444444,0.422222,-0.777778,0.300000,-1.000000,0.388889,-0.688889,0.477778,-0.911111,0.411111,-0.711111,0.333333,-0.488889,0.166667,-0.688889,0.211111,-0.866667,0.177778,-0.577778,0.166667,-0.333333,-0.044444,-0.666667,-0.022222,-0.800000,-0.011111,-0.500000,0.000000,-0.288889,-0.255556,-0.611111,-0.222222,-0.711111,-0.200000,-0.477778,-0.177778,-0.322222
T,Right,legacy_bisindo_T_693,0.000000,0.000000,0.307692,-0.120879,0.494505,-0.461538,0.406593,-0.780220,0.285714,-1.000000,0.384615,-0.681319,0.461538,-0.923077,0.417582,-0.736264,0.362637,-0.538462,0.164835,-0.692308,0.219780,-0.857143,0.186813,-0.571429,0.164835,-0.351648,-0.043956,-0.659341,-0.010989,-0.802198,0.000000,-0.505495,0.000000,-0.296703,-0.263736,-0.604396,-0.219780,-0.714286,-0.186813,-0.483516,-0.164835,-0.329670
T,Right,legacy_bisindo_T_694,0.000000,0.000000,0.308511,-0.106383,0.510638,-0.457447,0.436170,-0.787234,0.297872,-1.000000,0.393617,-0.691489,0.478723,-0.925532,0.425532,-0.712766,0.351064,-0.510638,0.170213,-0.691489,0.212766,-0.872340,0.202128,-0.574468,0.180851,-0.351064,-0.031915,-0.670213,-0.010638,-0.797872,0.010638,-0.489362,0.010638,-0.297872,-0.244681,-0.606383,-0.202128,-0.702128,-0.170213,-0.468085,-0.148936,-0.329787
T,Right,legacy_bisindo_T_695,0.000000,0.000000,0.326087,-0.097826,0.532609,-0.456522,0.467391,-0.782609,0.326087,-1.000000,0.423913,-0.673913,0.510870,-0.945652,0.445652,-0.739130,0.369565,-0.532609,0.184783,-0.684783,0.239130,-0.902174,0.195652,-0.597826,0.173913,-0.369565,-0.021739,-0.663043,0.000000,-0.826087,0.000000,-0.510870,0.000000,-0.315217,-0.239130,-0.619565,-0.217391,-0.739130,-0.195652,-0.489130,-0.184783,-0.336957
T,Right,legacy_bisindo_T_696,0.000000,0.000000,0.333333,-0.072917,0.552083,-0.416667,0.489583,-0.750000,0.406250,-1.000000,0.458333,-0.666667,0.552083,-0.927083,0.479167,-0.739583,0.395833,-0.520833,0.229167,-0.687500,0.291667,-0.885417,0.229167,-0.583333,0.197917,-0.343750,0.010417,-0.677083,0.062500,-0.833333,0.041667,-0.510417,0.031250,-0.302083,-0.208333,-0.645833,-0.156250,-0.739583,-0.166667,-0.479167,-0.156250,-0.322917
T,Right,legacy_bisindo_T_697,0.000000,0.000000,0.303922,-0.078431,0.519608,-0.411765,0.480392,-0.754902,0.401961,-1.000000,0.441176,-0.676471,0.549020,-0.921569,0.470588,-0.735294,0.382353,-0.529412,0.225490,-0.696078,0.284314,-0.872549,0.225490,-0.588235,0.186275,-0.352941,0.009804,-0.686275,0.049020,-0.823529,0.029412,-0.519608,0.019608,-0.303922,-0.215686,-0.647059,-0.176471,-0.715686,-0.166667,-0.470588,-0.147059,-0.313725
T,Right,legacy_bisindo_T_698,0.000000,0.000000,0.327103,-0.046729,0.588785,-0.392523,0.560748,-0.747664,0.429907,-0.981308,0.485981,-0.700935,0.616822,-1.000000,0.523364,-0.794393,0.429907,-0.570093,0.261682,-0.738318,0.355140,-0.971963,0.271028,-0.635514,0.224299,-0.364486,0.028037,-0.728972,0.102804,-0.915888,0.065421,-0.560748,0.037383,-0.317757,-0.214953,-0.700935,-0.140187,-0.785047,-0.140187,-0.504673,-0.130841,-0.317757
T,Right,legacy_bisindo_T_699,0.000000,0.000000,0.317829,-0.054264,0.558140,-0.403101,0.511628,-0.751938,0.434109,-1.000000,0.496124,-0.658915,0.627907,-0.914729,0.550388,-0.720930,0.457364,-0.511628,0.279070,-0.689922,0.387597,-0.899225,0.310078,-0.596899,0.255814,-0.356589,0.077519,-0.689922,0.186047,-0.860465,0.124031,-0.542636,0.077519,-0.317829,-0.147287,-0.666667,-0.031008,-0.759690,-0.054264,-0.511628,-0.069767,-0.356589
T,Right,legacy_bisindo_T_700,0.000000,0.000000,0.331169,-0.051948,0.577922,-0.409091,0.506494,-0.766234,0.402597,-1.000000,0.512987,-0.668831,0.655844,-0.928571,0.558442,-0.733766,0.454545,-0.519481,0.285714,-0.701299,0.402597,-0.935065,0.305195,-0.629870,0.246753,-0.370130,0.071429,-0.701299,0.162338,-0.870130,0.097403,-0.538961,0.058442,-0.311688,-0.155844,-0.675325,-0.071429,-0.753247,-0.090909,-0.493506,-0.103896,-0.324675
T,Right,legacy_bisindo_T_701,0.000000,0.000000,0.326087,-0.092391,0.538043,-0.434783,0.461957,-0.771739,0.369565,-1.000000,0.472826,-0.668478,0.597826,-0.923913,0.500000,-0.733696,0.407609,-0.532609,0.250000,-0.690217,0.336957,-0.885870,0.260870,-0.586957,0.211957,-0.347826,0.048913,-0.684783,0.125000,-0.836957,0.086957,-0.521739,0.059783,-0.309783,-0.163043,-0.652174,-0.081522,-0.711957,-0.081522,-0.472826,-0.081522,-0.326087
T,Right,legacy_bisindo_T_702,0.000000,0.000000,0.338384,-0.085859,0.565657,-0.439394,0.494949,-0.772727,0.388889,-1.000000,0.494949,-0.691919,0.621212,-0.944444,0.530303,-0.757576,0.434343,-0.550505,0.277778,-0.717172,0.383838,-0.934343,0.303030,-0.641414,0.252525,-0.393939,0.075758,-0.712121,0.156566,-0.868687,0.121212,-0.550505,0.095960,-0.338384,-0.131313,-0.681818,-0.045455,-0.737374,-0.045455,-0.500000,-0.045455,-0.353535
T,Right,legacy_bisindo_T_703,0.000000,0.000000,0.347032,-0.114155,0.557078,-0.429224,0.515982,-0.757991,0.452055,-1.000000,0.506849,-0.652968,0.634703,-0.890411,0.566210,-0.739726,0.474886,-0.543379,0.310502,-0.689498,0.433790,-0.904110,0.342466,-0.643836,0.269406,-0.397260,0.123288,-0.703196,0.223744,-0.840183,0.159817,-0.557078,0.109589,-0.347032,-0.077626,-0.684932,0.027397,-0.753425,0.009132,-0.543379,-0.009132,-0.397260
T,Right,legacy_bisindo_T_704,0.000000,0.000000,0.301961,-0.105882,0.537255,-0.427451,0.509804,-0.752941,0.454902,-1.000000,0.525490,-0.650980,0.639216,-0.874510,0.541176,-0.725490,0.439216,-0.541176,0.325490,-0.694118,0.411765,-0.870588,0.305882,-0.619608,0.235294,-0.384314,0.133333,-0.698039,0.203922,-0.811765,0.141176,-0.541176,0.105882,-0.337255,-0.058824,-0.674510,0.015686,-0.701961,-0.011765,-0.501961,-0.015686,-0.368627
T,Right,legacy_bisindo_T_705,0.000000,0.000000,0.325301,-0.140562,0.550201,-0.477912,0.534137,-0.775100,0.477912,-1.000000,0.502008,-0.734940,0.618474,-0.987952,0.522088,-0.795181,0.433735,-0.598394,0.293173,-0.767068,0.377510,-0.963855,0.285141,-0.682731,0.232932,-0.441767,0.088353,-0.763052,0.152610,-0.891566,0.108434,-0.598394,0.088353,-0.381526,-0.120482,-0.730924,-0.056225,-0.767068,-0.056225,-0.546185,-0.048193,-0.401606
T,Right,legacy_bisindo_T_706,0.000000,0.000000,0.314079,-0.111913,0.530686,-0.458484,0.494585,-0.772563,0.422383,-1.000000,0.490975,-0.711191,0.613718,-0.942238,0.512635,-0.743682,0.425993,-0.548736,0.281588,-0.740072,0.357401,-0.891697,0.270758,-0.610108,0.231047,-0.386282,0.083032,-0.725632,0.129964,-0.819495,0.093863,-0.537906,0.083032,-0.342960,-0.115523,-0.682310,-0.075812,-0.707581,-0.075812,-0.494585,-0.057762,-0.368231
T,Right,legacy_bisindo_T_707,0.000000,0.000000,0.315789,-0.136842,0.505263,-0.466667,0.463158,-0.771930,0.392982,-1.000000,0.449123,-0.701754,0.557895,-0.908772,0.477193,-0.719298,0.396491,-0.519298,0.238596,-0.715789,0.315789,-0.863158,0.245614,-0.589474,0.203509,-0.357895,0.038596,-0.698246,0.091228,-0.785965,0.063158,-0.508772,0.056140,-0.312281,-0.161404,-0.652632,-0.101754,-0.701754,-0.098246,-0.487719,-0.084211,-0.350877
T,Right,legacy_bisindo_T_708,0.000000,0.000000,0.321300,-0.137184,0.519856,-0.458484,0.480144,-0.765343,0.429603,-1.000000,0.462094,-0.667870,0.577617,-0.877256,0.498195,-0.700361,0.411552,-0.498195,0.249097,-0.696751,0.328520,-0.837545,0.252708,-0.559567,0.202166,-0.324910,0.039711,-0.696751,0.101083,-0.779783,0.061372,-0.494585,0.039711,-0.285199,-0.173285,-0.671480,-0.097473,-0.707581,-0.101083,-0.490975,-0.101083,-0.346570
T,Right,legacy_bisindo_T_709,0.000000,0.000000,0.320896,-0.115672,0.526119,-0.447761,0.470149,-0.764925,0.417910,-1.000000,0.455224,-0.667910,0.578358,-0.888060,0.496269,-0.701493,0.402985,-0.488806,0.235075,-0.697761,0.317164,-0.832090,0.242537,-0.548507,0.190299,-0.309701,0.022388,-0.697761,0.097015,-0.783582,0.052239,-0.488806,0.026119,-0.276119,-0.194030,-0.671642,-0.108209,-0.720149,-0.111940,-0.492537,-0.123134,-0.339552
T,Right,legacy_bisindo_T_710,0.000000,0.000000,0.320755,-0.105660,0.532075,-0.441509,0.483019,-0.758491,0.430189,-1.000000,0.467925,-0.664151,0.600000,-0.890566,0.513208,-0.694340,0.418868,-0.479245,0.245283,-0.694340,0.335849,-0.826415,0.249057,-0.535849,0.192453,-0.294340,0.030189,-0.701887,0.105660,-0.781132,0.052830,-0.486792,0.022642,-0.271698,-0.184906,-0.679245,-0.105660,-0.713208,-0.120755,-0.483019,-0.132075,-0.335849
T,Right,legacy_bisindo_T_711,0.000000,0.000000,0.332117,-0.142336,0.536496,-0.470803,0.489051,-0.773723,0.423358,-1.000000,0.467153,-0.686131,0.587591,-0.897810,0.510949,-0.715328,0.427007,-0.510949,0.251825,-0.718978,0.339416,-0.843066,0.255474,-0.569343,0.197080,-0.332117,0.043796,-0.726277,0.124088,-0.795620,0.072993,-0.510949,0.040146,-0.302920,-0.171533,-0.704380,-0.076642,-0.729927,-0.091241,-0.507299,-0.102190,-0.361314
T,Right,legacy_bisindo_T_712,0.000000,0.000000,0.327402,-0.145907,0.512456,-0.469751,0.451957,-0.768683,0.398577,-1.000000,0.459075,-0.690391,0.580071,-0.886121,0.501779,-0.722420,0.412811,-0.519573,0.252669,-0.725979,0.338078,-0.846975,0.249110,-0.576512,0.188612,-0.341637,0.049822,-0.729537,0.120996,-0.793594,0.067616,-0.512456,0.035587,-0.306050,-0.160142,-0.708185,-0.081851,-0.729537,-0.092527,-0.505338,-0.092527,-0.362989
T,Right,legacy_bisindo_T_713,0.000000,0.000000,0.322464,-0.137681,0.528986,-0.471014,0.485507,-0.778986,0.405797,-1.000000,0.456522,-0.695652,0.586957,-0.887681,0.507246,-0.706522,0.416667,-0.503623,0.250000,-0.735507,0.347826,-0.847826,0.260870,-0.572464,0.195652,-0.336957,0.043478,-0.742754,0.130435,-0.800725,0.076087,-0.510870,0.039855,-0.300725,-0.166667,-0.721014,-0.076087,-0.731884,-0.086957,-0.503623,-0.094203,-0.362319
T,Right,legacy_bisindo_T_714,0.000000,0.000000,0.323420,-0.115242,0.535316,-0.457249,0.479554,-0.765799,0.420074,-1.000000,0.460967,-0.684015,0.613383,-0.881041,0.527881,-0.687732,0.427509,-0.475836,0.241636,-0.728625,0.349442,-0.817844,0.263941,-0.527881,0.200743,-0.293680,0.029740,-0.732342,0.130112,-0.776952,0.074349,-0.475836,0.033457,-0.267658,-0.185874,-0.710037,-0.081784,-0.710037,-0.096654,-0.479554,-0.111524,-0.338290
T,Right,legacy_bisindo_T_715,0.000000,0.000000,0.330855,-0.126394,0.539033,-0.460967,0.490706,-0.769517,0.423792,-1.000000,0.468401,-0.691450,0.617100,-0.884758,0.524164,-0.680297,0.423792,-0.472119,0.252788,-0.732342,0.356877,-0.825279,0.263941,-0.535316,0.197026,-0.304833,0.040892,-0.743494,0.141264,-0.776952,0.078067,-0.483271,0.037175,-0.275093,-0.178439,-0.721190,-0.063197,-0.724907,-0.081784,-0.498141,-0.104089,-0.360595
T,Right,legacy_bisindo_T_716,0.000000,0.000000,0.330855,-0.126394,0.561338,-0.460967,0.527881,-0.769517,0.442379,-1.000000,0.494424,-0.698885,0.635688,-0.910781,0.546468,-0.724907,0.446097,-0.516729,0.278810,-0.739777,0.375465,-0.866171,0.278810,-0.583643,0.211896,-0.345725,0.066914,-0.750929,0.152416,-0.817844,0.089219,-0.524164,0.052045,-0.319703,-0.148699,-0.736059,-0.059480,-0.765799,-0.078067,-0.531599,-0.089219,-0.390335
T,Right,legacy_bisindo_T_717,0.000000,0.000000,0.337121,-0.121212,0.583333,-0.473485,0.553030,-0.780303,0.450758,-1.000000,0.511364,-0.734848,0.651515,-0.954545,0.560606,-0.753788,0.458333,-0.537879,0.284091,-0.772727,0.390152,-0.897727,0.287879,-0.594697,0.215909,-0.352273,0.064394,-0.780303,0.151515,-0.840909,0.087121,-0.534091,0.049242,-0.321970,-0.155303,-0.753788,-0.068182,-0.768939,-0.083333,-0.534091,-0.087121,-0.390152
T,Right,legacy_bisindo_T_718,0.000000,0.000000,0.347328,-0.145038,0.587786,-0.484733,0.561069,-0.786260,0.454198,-1.000000,0.515267,-0.740458,0.671756,-0.961832,0.576336,-0.774809,0.461832,-0.564885,0.290076,-0.782443,0.400763,-0.923664,0.293893,-0.625954,0.221374,-0.377863,0.068702,-0.786260,0.160305,-0.862595,0.095420,-0.557252,0.057252,-0.339695,-0.156489,-0.767176,-0.064885,-0.786260,-0.076336,-0.553435,-0.080153,-0.404580
T,Right,legacy_bisindo_T_719,0.000000,0.000000,0.326087,-0.130435,0.554348,-0.471014,0.532609,-0.778986,0.438406,-1.000000,0.485507,-0.710145,0.626812,-0.905797,0.532609,-0.721014,0.427536,-0.514493,0.268116,-0.746377,0.369565,-0.873188,0.275362,-0.583333,0.210145,-0.340580,0.057971,-0.750000,0.141304,-0.807971,0.083333,-0.514493,0.050725,-0.304348,-0.152174,-0.728261,-0.065217,-0.731884,-0.079710,-0.507246,-0.083333,-0.369565
T,Right,legacy_bisindo_T_720,0.000000,0.000000,0.324910,-0.126354,0.545126,-0.458484,0.527076,-0.765343,0.454874,-1.000000,0.476534,-0.711191,0.610108,-0.898917,0.527076,-0.714801,0.433213,-0.512635,0.267148,-0.750903,0.371841,-0.862816,0.277978,-0.577617,0.212996,-0.346570,0.057762,-0.754513,0.144404,-0.808664,0.086643,-0.523466,0.057762,-0.321300,-0.151625,-0.729242,-0.064982,-0.740072,-0.075812,-0.516245,-0.075812,-0.379061
T,Right,legacy_bisindo_T_721,0.000000,0.000000,0.350000,-0.088462,0.646154,-0.419231,0.650000,-0.719231,0.553846,-0.930769,0.588462,-0.742308,0.734615,-1.000000,0.626923,-0.807692,0.511538,-0.596154,0.361538,-0.788462,0.461538,-0.957692,0.350000,-0.650000,0.273077,-0.396154,0.142308,-0.796154,0.219231,-0.896154,0.150000,-0.592308,0.111538,-0.369231,-0.076923,-0.769231,-0.019231,-0.784615,-0.042308,-0.557692,-0.038462,-0.411538
T,Right,legacy_bisindo_T_722,0.000000,0.000000,0.340580,-0.112319,0.605072,-0.456522,0.568841,-0.775362,0.471014,-1.000000,0.539855,-0.731884,0.670290,-0.963768,0.576087,-0.782609,0.463768,-0.568841,0.311594,-0.771739,0.402174,-0.931159,0.304348,-0.637681,0.235507,-0.380435,0.101449,-0.775362,0.177536,-0.869565,0.123188,-0.572464,0.086957,-0.347826,-0.108696,-0.742754,-0.036232,-0.760870,-0.054348,-0.539855,-0.050725,-0.394928
T,Right,legacy_bisindo_T_723,0.000000,0.000000,0.342105,-0.101504,0.624060,-0.432331,0.620301,-0.744361,0.522556,-0.981203,0.582707,-0.748120,0.718045,-1.000000,0.605263,-0.815789,0.488722,-0.605263,0.345865,-0.800752,0.432331,-0.969925,0.323308,-0.661654,0.255639,-0.394737,0.124060,-0.808271,0.180451,-0.890977,0.124060,-0.586466,0.101504,-0.357143,-0.097744,-0.781955,-0.045113,-0.781955,-0.063910,-0.552632,-0.052632,-0.398496
T,Right,legacy_bisindo_T_724,0.000000,0.000000,0.316327,-0.129252,0.547619,-0.448980,0.510204,-0.765306,0.431973,-1.000000,0.493197,-0.693878,0.595238,-0.914966,0.510204,-0.748299,0.425170,-0.551020,0.278912,-0.727891,0.360544,-0.884354,0.272109,-0.612245,0.214286,-0.370748,0.081633,-0.727891,0.146259,-0.819728,0.102041,-0.547619,0.078231,-0.333333,-0.119048,-0.697279,-0.054422,-0.724490,-0.064626,-0.513605,-0.057823,-0.370748
T,Right,legacy_bisindo_T_725,0.000000,0.000000,0.315972,-0.131944,0.552083,-0.468750,0.520833,-0.774306,0.437500,-1.000000,0.479167,-0.718750,0.586806,-0.940972,0.496528,-0.743056,0.413194,-0.541667,0.270833,-0.743056,0.357639,-0.913194,0.274306,-0.628472,0.218750,-0.388889,0.072917,-0.736111,0.142361,-0.857639,0.097222,-0.562500,0.076389,-0.347222,-0.128472,-0.701389,-0.062500,-0.750000,-0.065972,-0.531250,-0.059028,-0.385417
T,Right,legacy_bisindo_T_726,0.000000,0.000000,0.311419,-0.114187,0.557093,-0.449827,0.536332,-0.768166,0.449827,-1.000000,0.501730,-0.705882,0.612457,-0.941176,0.512111,-0.743945,0.425606,-0.543253,0.290657,-0.737024,0.373702,-0.910035,0.283737,-0.629758,0.228374,-0.394464,0.089965,-0.733564,0.145329,-0.840830,0.107266,-0.557093,0.093426,-0.352941,-0.107266,-0.695502,-0.055363,-0.726644,-0.058824,-0.512111,-0.044983,-0.370242
T,Right,legacy_bisindo_T_727,0.000000,0.000000,0.333333,-0.120275,0.563574,-0.453608,0.525773,-0.769759,0.450172,-1.000000,0.522337,-0.701031,0.635739,-0.934708,0.529210,-0.735395,0.439863,-0.536082,0.309278,-0.728522,0.395189,-0.900344,0.305842,-0.615120,0.257732,-0.378007,0.109966,-0.721649,0.171821,-0.838488,0.134021,-0.549828,0.116838,-0.340206,-0.089347,-0.687285,-0.030928,-0.731959,-0.027491,-0.518900,-0.013746,-0.378007
T,Right,legacy_bisindo_T_728,0.000000,0.000000,0.331034,-0.113793,0.558621,-0.448276,0.520690,-0.765517,0.455172,-1.000000,0.506897,-0.700000,0.617241,-0.913793,0.524138,-0.727586,0.437931,-0.527586,0.293103,-0.727586,0.386207,-0.875862,0.303448,-0.596552,0.251724,-0.365517,0.093103,-0.720690,0.172414,-0.820690,0.131034,-0.537931,0.106897,-0.331034,-0.100000,-0.682759,-0.024138,-0.727586,-0.027586,-0.513793,-0.024138,-0.375862
T,Right,legacy_bisindo_T_729,0.000000,0.000000,0.334545,-0.109091,0.589091,-0.458182,0.541818,-0.774545,0.447273,-1.000000,0.534545,-0.734545,0.658182,-0.978182,0.556364,-0.792727,0.450909,-0.585455,0.309091,-0.774545,0.389091,-0.930909,0.298182,-0.640000,0.240000,-0.389091,0.101818,-0.770909,0.167273,-0.876364,0.123636,-0.581818,0.101818,-0.363636,-0.109091,-0.734545,-0.040000,-0.760000,-0.047273,-0.541818,-0.032727,-0.403636
T,Right,legacy_bisindo_T_730,0.000000,0.000000,0.335821,-0.097015,0.619403,-0.436567,0.597015,-0.738806,0.485075,-0.947761,0.574627,-0.735075,0.716418,-1.000000,0.611940,-0.817164,0.496269,-0.597015,0.339552,-0.776119,0.417910,-0.958955,0.317164,-0.652985,0.250000,-0.380597,0.119403,-0.779851,0.186567,-0.884328,0.130597,-0.578358,0.104478,-0.350746,-0.093284,-0.746269,-0.029851,-0.764925,-0.044776,-0.541045,-0.037313,-0.395522
T,Right,legacy_bisindo_T_731,0.000000,0.000000,0.332090,-0.119403,0.593284,-0.455224,0.574627,-0.738806,0.470149,-0.932836,0.544776,-0.735075,0.682836,-1.000000,0.582090,-0.817164,0.466418,-0.597015,0.309701,-0.776119,0.391791,-0.955224,0.291045,-0.652985,0.227612,-0.384328,0.093284,-0.776119,0.156716,-0.880597,0.097015,-0.578358,0.070896,-0.350746,-0.119403,-0.746269,-0.055970,-0.776119,-0.074627,-0.559701,-0.067164,-0.410448
T,Right,legacy_bisindo_T_732,0.000000,0.000000,0.334572,-0.111524,0.602230,-0.446097,0.579926,-0.732342,0.475836,-0.933086,0.553903,-0.739777,0.676580,-1.000000,0.568773,-0.799257,0.464684,-0.572491,0.319703,-0.776952,0.397770,-0.947955,0.293680,-0.646840,0.234201,-0.382900,0.100372,-0.773234,0.167286,-0.873606,0.107807,-0.572491,0.081784,-0.345725,-0.111524,-0.743494,-0.044610,-0.765799,-0.063197,-0.546468,-0.059480,-0.394052
T,Right,legacy_bisindo_T_733,0.000000,0.000000,0.328358,-0.115672,0.600746,-0.451493,0.570896,-0.742537,0.451493,-0.932836,0.544776,-0.731343,0.671642,-1.000000,0.570896,-0.802239,0.466418,-0.585821,0.313433,-0.768657,0.402985,-0.962687,0.302239,-0.660448,0.242537,-0.399254,0.100746,-0.768657,0.175373,-0.888060,0.119403,-0.585821,0.085821,-0.358209,-0.111940,-0.742537,-0.037313,-0.776119,-0.052239,-0.555970,-0.052239,-0.410448
T,Right,legacy_bisindo_T_734,0.000000,0.000000,0.327068,-0.116541,0.593985,-0.413534,0.627820,-0.669173,0.571429,-0.845865,0.541353,-0.733083,0.646617,-1.000000,0.552632,-0.800752,0.458647,-0.578947,0.323308,-0.766917,0.409774,-0.962406,0.308271,-0.669173,0.240602,-0.402256,0.112782,-0.763158,0.176692,-0.868421,0.116541,-0.575188,0.086466,-0.349624,-0.090226,-0.729323,-0.037594,-0.759398,-0.056391,-0.548872,-0.052632,-0.402256
T,Right,legacy_bisindo_T_735,0.000000,0.000000,0.332031,-0.109375,0.625000,-0.437500,0.660156,-0.714844,0.613281,-0.929688,0.589844,-0.730469,0.718750,-1.000000,0.585938,-0.816406,0.460938,-0.601562,0.363281,-0.773438,0.453125,-0.980469,0.328125,-0.679688,0.253906,-0.402344,0.148438,-0.781250,0.222656,-0.906250,0.144531,-0.601562,0.105469,-0.367188,-0.062500,-0.757812,0.003906,-0.796875,-0.031250,-0.578125,-0.035156,-0.421875
T,Right,legacy_bisindo_T_736,0.000000,0.000000,0.324427,-0.087786,0.629771,-0.438931,0.656489,-0.763359,0.576336,-1.000000,0.614504,-0.729008,0.748092,-0.977099,0.618321,-0.797710,0.477099,-0.587786,0.385496,-0.782443,0.469466,-0.965649,0.354962,-0.671756,0.274809,-0.412214,0.167939,-0.793893,0.232824,-0.900763,0.167939,-0.606870,0.133588,-0.385496,-0.045802,-0.770992,0.026718,-0.782443,0.000000,-0.572519,0.000000,-0.431298
T,Right,legacy_bisindo_T_737,0.000000,0.000000,0.344697,-0.136364,0.625000,-0.473485,0.655303,-0.772727,0.587121,-0.996212,0.579545,-0.753788,0.696970,-1.000000,0.568182,-0.814394,0.439394,-0.598485,0.352273,-0.791667,0.446970,-0.981061,0.333333,-0.696970,0.257576,-0.428030,0.140152,-0.791667,0.212121,-0.909091,0.147727,-0.621212,0.113636,-0.390152,-0.075758,-0.761364,0.003788,-0.795455,-0.022727,-0.583333,-0.026515,-0.435606
T,Right,legacy_bisindo_T_738,0.000000,0.000000,0.321839,-0.103448,0.609195,-0.406130,0.670498,-0.659004,0.628352,-0.854406,0.567050,-0.739464,0.701149,-1.000000,0.590038,-0.816092,0.467433,-0.597701,0.344828,-0.781609,0.448276,-0.984674,0.344828,-0.689655,0.275862,-0.421456,0.130268,-0.785441,0.214559,-0.900383,0.153257,-0.597701,0.114943,-0.371648,-0.076628,-0.754789,0.000000,-0.773946,-0.022989,-0.555556,-0.019157,-0.406130
T,Right,legacy_bisindo_T_739,0.000000,0.000000,0.328358,-0.123134,0.589552,-0.462687,0.582090,-0.768657,0.529851,-1.000000,0.552239,-0.735075,0.667910,-0.985075,0.552239,-0.794776,0.440299,-0.582090,0.324627,-0.768657,0.414179,-0.955224,0.305970,-0.660448,0.242537,-0.402985,0.115672,-0.772388,0.194030,-0.880597,0.130597,-0.585821,0.097015,-0.365672,-0.093284,-0.742537,-0.014925,-0.768657,-0.041045,-0.552239,-0.041045,-0.410448
T,Right,legacy_bisindo_T_740,0.000000,0.000000,0.311787,-0.110266,0.596958,-0.414449,0.669202,-0.669202,0.653992,-0.859316,0.558935,-0.737643,0.669202,-1.000000,0.558935,-0.809886,0.452471,-0.596958,0.338403,-0.775665,0.422053,-0.977186,0.326996,-0.676806,0.262357,-0.410646,0.125475,-0.775665,0.197719,-0.901141,0.140684,-0.596958,0.110266,-0.368821,-0.083650,-0.741445,-0.015209,-0.771863,-0.034221,-0.555133,-0.030418,-0.406844
T,Right,legacy_bisindo_T_741,0.000000,0.000000,0.307971,-0.101449,0.572464,-0.449275,0.561594,-0.764493,0.496377,-1.000000,0.547101,-0.717391,0.670290,-0.960145,0.557971,-0.775362,0.442029,-0.565217,0.326087,-0.757246,0.420290,-0.938406,0.322464,-0.652174,0.260870,-0.398551,0.123188,-0.757246,0.199275,-0.851449,0.141304,-0.565217,0.112319,-0.358696,-0.079710,-0.728261,0.000000,-0.742754,-0.018116,-0.532609,-0.018116,-0.402174
T,Right,legacy_bisindo_T_742,0.000000,0.000000,0.313380,-0.119718,0.549296,-0.454225,0.528169,-0.764085,0.482394,-1.000000,0.531690,-0.707746,0.654930,-0.943662,0.538732,-0.753521,0.426056,-0.552817,0.320423,-0.742958,0.397887,-0.901408,0.302817,-0.630282,0.246479,-0.390845,0.123239,-0.742958,0.190141,-0.827465,0.137324,-0.559859,0.109155,-0.359155,-0.070423,-0.711268,0.000000,-0.725352,-0.021127,-0.531690,-0.021127,-0.408451
T,Right,legacy_bisindo_T_743,0.000000,0.000000,0.318681,-0.113553,0.571429,-0.443223,0.564103,-0.758242,0.509158,-1.000000,0.549451,-0.728938,0.677656,-0.981685,0.571429,-0.776557,0.461538,-0.567766,0.329670,-0.765568,0.421245,-0.948718,0.333333,-0.659341,0.278388,-0.413919,0.124542,-0.769231,0.201465,-0.871795,0.150183,-0.578755,0.120879,-0.369963,-0.076923,-0.739927,0.000000,-0.765568,-0.018315,-0.560440,-0.021978,-0.424908
T,Right,legacy_bisindo_T_744,0.000000,0.000000,0.321970,-0.094697,0.590909,-0.393939,0.643939,-0.662879,0.625000,-0.871212,0.587121,-0.723485,0.727273,-1.000000,0.613636,-0.803030,0.496212,-0.587121,0.367424,-0.772727,0.450758,-0.962121,0.348485,-0.670455,0.291667,-0.420455,0.155303,-0.784091,0.227273,-0.867424,0.162879,-0.579545,0.136364,-0.371212,-0.049242,-0.761364,0.022727,-0.784091,0.000000,-0.579545,0.000000,-0.439394
T,Right,legacy_bisindo_T_745,0.000000,0.000000,0.340909,-0.121212,0.609848,-0.428030,0.617424,-0.734848,0.575758,-0.973485,0.594697,-0.742424,0.727273,-1.000000,0.609848,-0.791667,0.496212,-0.579545,0.367424,-0.787879,0.458333,-0.981061,0.352273,-0.685606,0.291667,-0.428030,0.155303,-0.795455,0.223485,-0.890152,0.162879,-0.594697,0.132576,-0.375000,-0.053030,-0.768939,0.015152,-0.787879,-0.007576,-0.571970,-0.007576,-0.431818
T,Right,legacy_bisindo_T_746,0.000000,0.000000,0.330882,-0.110294,0.588235,-0.437500,0.555147,-0.761029,0.485294,-1.000000,0.562500,-0.709559,0.691176,-0.959559,0.580882,-0.757353,0.474265,-0.547794,0.338235,-0.750000,0.433824,-0.919118,0.327206,-0.628676,0.268382,-0.386029,0.128676,-0.757353,0.213235,-0.856618,0.147059,-0.562500,0.110294,-0.352941,-0.077206,-0.738971,0.007353,-0.779412,-0.014706,-0.558824,-0.022059,-0.415441
T,Right,legacy_bisindo_T_747,0.000000,0.000000,0.354086,-0.120623,0.622568,-0.435798,0.645914,-0.727626,0.626459,-0.949416,0.607004,-0.735409,0.731518,-1.000000,0.614786,-0.801556,0.498054,-0.583658,0.381323,-0.778210,0.451362,-0.953307,0.338521,-0.661479,0.276265,-0.404669,0.163424,-0.789883,0.225681,-0.875486,0.155642,-0.591440,0.120623,-0.373541,-0.046693,-0.766537,0.011673,-0.793774,-0.015564,-0.587549,-0.019455,-0.443580
T,Right,legacy_bisindo_T_748,0.000000,0.000000,0.321970,-0.113636,0.613636,-0.428030,0.681818,-0.685606,0.628788,-0.886364,0.587121,-0.742424,0.700758,-1.000000,0.568182,-0.806818,0.439394,-0.583333,0.348485,-0.776515,0.412879,-0.958333,0.306818,-0.666667,0.257576,-0.401515,0.125000,-0.772727,0.174242,-0.871212,0.121212,-0.579545,0.106061,-0.359848,-0.087121,-0.738636,-0.030303,-0.768939,-0.053030,-0.556818,-0.041667,-0.409091
T,Right,legacy_bisindo_T_749,0.000000,0.000000,0.304498,-0.134948,0.525952,-0.467128,0.487889,-0.768166,0.432526,-1.000000,0.491349,-0.692042,0.584775,-0.892734,0.539792,-0.698962,0.474048,-0.484429,0.276817,-0.716263,0.346021,-0.865052,0.273356,-0.595156,0.217993,-0.349481,0.079585,-0.709343,0.138408,-0.792388,0.100346,-0.525952,0.079585,-0.314879,-0.114187,-0.674740,-0.051903,-0.685121,-0.062284,-0.487889,-0.055363,-0.359862
T,Right,legacy_bisindo_T_750,0.000000,0.000000,0.321300,-0.144404,0.559567,-0.487365,0.552347,-0.776173,0.480144,-1.000000,0.483755,-0.718412,0.588448,-0.942238,0.523466,-0.732852,0.454874,-0.519856,0.267148,-0.743682,0.342960,-0.909747,0.267148,-0.628159,0.216606,-0.379061,0.064982,-0.740072,0.133574,-0.837545,0.093863,-0.555957,0.075812,-0.346570,-0.129964,-0.711191,-0.057762,-0.732852,-0.072202,-0.527076,-0.068592,-0.393502
T,Right,legacy_bisindo_T_751,0.000000,0.000000,0.303887,-0.130742,0.540636,-0.469965,0.505300,-0.770318,0.424028,-1.000000,0.477032,-0.689046,0.583039,-0.901060,0.522968,-0.710247,0.448763,-0.501767,0.268551,-0.717314,0.342756,-0.876325,0.268551,-0.600707,0.215548,-0.356890,0.070671,-0.713781,0.137809,-0.819788,0.095406,-0.547703,0.074205,-0.342756,-0.123675,-0.685512,-0.056537,-0.710247,-0.070671,-0.508834,-0.070671,-0.385159
T,Right,legacy_bisindo_T_752,0.000000,0.000000,0.302491,-0.135231,0.519573,-0.469751,0.476868,-0.765125,0.402135,-1.000000,0.459075,-0.686833,0.558719,-0.907473,0.483986,-0.711744,0.402135,-0.501779,0.249110,-0.711744,0.323843,-0.879004,0.241993,-0.601423,0.188612,-0.359431,0.053381,-0.711744,0.117438,-0.829181,0.074733,-0.551601,0.049822,-0.345196,-0.142349,-0.686833,-0.078292,-0.718861,-0.088968,-0.516014,-0.088968,-0.387900
T,Right,legacy_bisindo_T_753,0.000000,0.000000,0.317690,-0.126354,0.541516,-0.469314,0.509025,-0.765343,0.451264,-1.000000,0.458484,-0.707581,0.592058,-0.924188,0.523466,-0.718412,0.436823,-0.505415,0.252708,-0.732852,0.357401,-0.891697,0.281588,-0.610108,0.223827,-0.368231,0.057762,-0.725632,0.144404,-0.819495,0.108303,-0.534296,0.083032,-0.328520,-0.137184,-0.696751,-0.050542,-0.711191,-0.054152,-0.494585,-0.057762,-0.364621
T,Right,legacy_bisindo_T_754,0.000000,0.000000,0.307407,-0.133333,0.544444,-0.466667,0.533333,-0.759259,0.481481,-0.981481,0.492593,-0.733333,0.614815,-1.000000,0.533333,-0.788889,0.448148,-0.559259,0.277778,-0.762963,0.351852,-0.925926,0.262963,-0.629630,0.218519,-0.388889,0.070370,-0.759259,0.125926,-0.833333,0.085185,-0.544444,0.074074,-0.337037,-0.129630,-0.725926,-0.070370,-0.737037,-0.074074,-0.522222,-0.062963,-0.392593
T,Right,legacy_bisindo_T_755,0.000000,0.000000,0.329545,-0.147727,0.575758,-0.465909,0.583333,-0.738636,0.522727,-0.939394,0.511364,-0.734848,0.617424,-1.000000,0.515152,-0.803030,0.428030,-0.594697,0.295455,-0.768939,0.359848,-0.946970,0.272727,-0.655303,0.227273,-0.409091,0.090909,-0.765152,0.143939,-0.867424,0.102273,-0.575758,0.087121,-0.363636,-0.113636,-0.738636,-0.056818,-0.765152,-0.064394,-0.553030,-0.053030,-0.412879
T,Right,legacy_bisindo_T_756,0.000000,0.000000,0.315018,-0.142857,0.527473,-0.476190,0.490842,-0.772894,0.424908,-1.000000,0.461538,-0.706960,0.560440,-0.923077,0.465201,-0.725275,0.380952,-0.531136,0.260073,-0.732601,0.333333,-0.893773,0.256410,-0.615385,0.208791,-0.384615,0.062271,-0.725275,0.128205,-0.835165,0.087912,-0.545788,0.069597,-0.340659,-0.139194,-0.695971,-0.073260,-0.725275,-0.080586,-0.509158,-0.076923,-0.377289
T,Right,legacy_bisindo_T_757,0.000000,0.000000,0.319853,-0.136029,0.547794,-0.474265,0.507353,-0.779412,0.415441,-1.000000,0.470588,-0.720588,0.573529,-0.937500,0.474265,-0.731618,0.386029,-0.533088,0.261029,-0.746324,0.341912,-0.889706,0.264706,-0.610294,0.213235,-0.378676,0.062500,-0.738971,0.132353,-0.823529,0.095588,-0.540441,0.073529,-0.334559,-0.136029,-0.709559,-0.062500,-0.724265,-0.069853,-0.507353,-0.062500,-0.375000
T,Right,legacy_bisindo_T_758,0.000000,0.000000,0.322344,-0.128205,0.553114,-0.439560,0.545788,-0.750916,0.501832,-1.000000,0.509158,-0.725275,0.619048,-0.959707,0.538462,-0.765568,0.450549,-0.564103,0.300366,-0.750916,0.384615,-0.904762,0.307692,-0.622711,0.249084,-0.384615,0.098901,-0.743590,0.179487,-0.835165,0.135531,-0.549451,0.102564,-0.340659,-0.102564,-0.710623,-0.018315,-0.739927,-0.029304,-0.531136,-0.032967,-0.395604
T,Right,legacy_bisindo_T_759,0.000000,0.000000,0.337121,-0.121212,0.587121,-0.446970,0.575758,-0.753788,0.515152,-0.992424,0.530303,-0.746212,0.643939,-1.000000,0.568182,-0.791667,0.477273,-0.571970,0.306818,-0.772727,0.397727,-0.931818,0.314394,-0.632576,0.250000,-0.390152,0.094697,-0.761364,0.178030,-0.848485,0.132576,-0.545455,0.102273,-0.329545,-0.117424,-0.723485,-0.026515,-0.742424,-0.030303,-0.518939,-0.030303,-0.378788
T,Right,legacy_bisindo_T_760,0.000000,0.000000,0.327138,-0.130112,0.568773,-0.449814,0.539033,-0.762082,0.475836,-1.000000,0.524164,-0.728625,0.631970,-0.970260,0.542751,-0.773234,0.457249,-0.561338,0.301115,-0.758364,0.394052,-0.918216,0.304833,-0.631970,0.241636,-0.390335,0.096654,-0.754647,0.174721,-0.836431,0.126394,-0.546468,0.096654,-0.338290,-0.107807,-0.721190,-0.026022,-0.739777,-0.037175,-0.524164,-0.033457,-0.386617
T,Right,legacy_bisindo_T_761,0.000000,0.000000,0.326007,-0.135531,0.560440,-0.457875,0.542125,-0.765568,0.483516,-1.000000,0.516484,-0.703297,0.615385,-0.919414,0.509158,-0.728938,0.410256,-0.534799,0.304029,-0.736264,0.377289,-0.882784,0.282051,-0.608059,0.223443,-0.369963,0.102564,-0.739927,0.164835,-0.820513,0.113553,-0.542125,0.084249,-0.333333,-0.098901,-0.714286,-0.032967,-0.743590,-0.051282,-0.534799,-0.051282,-0.399267
T,Right,legacy_bisindo_T_762,0.000000,0.000000,0.262626,-0.196970,0.373737,-0.515152,0.287879,-0.787879,0.242424,-1.000000,0.262626,-0.671717,0.338384,-0.853535,0.373737,-0.893939,0.414141,-0.873737,0.085859,-0.671717,0.146465,-0.909091,0.207071,-0.848485,0.267677,-0.742424,-0.085859,-0.641414,0.025253,-0.762626,0.030303,-0.494949,0.025253,-0.277778,-0.257576,-0.580808,-0.141414,-0.661616,-0.116162,-0.494949,-0.111111,-0.378788
T,Right,legacy_bisindo_T_763,0.000000,0.000000,0.253807,-0.192893,0.365482,-0.512690,0.284264,-0.786802,0.218274,-1.000000,0.269036,-0.654822,0.340102,-0.842640,0.380711,-0.918782,0.416244,-0.944162,0.096447,-0.670051,0.162437,-0.923858,0.228426,-0.918782,0.289340,-0.862944,-0.081218,-0.644670,0.035533,-0.781726,0.035533,-0.512690,0.025381,-0.294416,-0.258883,-0.593909,-0.131980,-0.675127,-0.116751,-0.487310,-0.116751,-0.350254
T,Right,legacy_bisindo_T_764,0.000000,0.000000,0.252475,-0.178218,0.356436,-0.509901,0.277228,-0.787129,0.232673,-1.000000,0.272277,-0.658416,0.356436,-0.861386,0.410891,-0.856436,0.455446,-0.777228,0.099010,-0.658416,0.168317,-0.915842,0.217822,-0.841584,0.272277,-0.722772,-0.074257,-0.623762,0.029703,-0.767327,0.034653,-0.500000,0.024752,-0.282178,-0.247525,-0.564356,-0.153465,-0.693069,-0.118812,-0.529703,-0.108911,-0.400990
T,Right,legacy_bisindo_T_765,0.000000,0.000000,0.259804,-0.176471,0.367647,-0.519608,0.279412,-0.794118,0.230392,-1.000000,0.269608,-0.666667,0.352941,-0.848039,0.392157,-0.867647,0.431373,-0.833333,0.083333,-0.666667,0.151961,-0.892157,0.161765,-0.691176,0.176471,-0.465686,-0.083333,-0.637255,0.034314,-0.745098,0.034314,-0.475490,0.019608,-0.274510,-0.254902,-0.573529,-0.122549,-0.632353,-0.102941,-0.460784,-0.107843,-0.348039
T,Right,legacy_bisindo_T_766,0.000000,0.000000,0.250000,-0.195000,0.355000,-0.525000,0.265000,-0.800000,0.195000,-1.000000,0.270000,-0.675000,0.350000,-0.865000,0.390000,-0.910000,0.425000,-0.905000,0.095000,-0.680000,0.155000,-0.930000,0.210000,-0.885000,0.265000,-0.790000,-0.085000,-0.650000,0.020000,-0.780000,0.025000,-0.510000,0.020000,-0.295000,-0.265000,-0.585000,-0.165000,-0.680000,-0.135000,-0.525000,-0.125000,-0.405000
T,Right,legacy_bisindo_T_767,0.000000,0.000000,0.247573,-0.174757,0.334951,-0.504854,0.252427,-0.786408,0.208738,-1.000000,0.262136,-0.665049,0.344660,-0.898058,0.398058,-0.854369,0.432039,-0.728155,0.092233,-0.655340,0.160194,-0.927184,0.208738,-0.815534,0.247573,-0.650485,-0.077670,-0.616505,0.019417,-0.757282,0.029126,-0.495146,0.024272,-0.281553,-0.247573,-0.548544,-0.150485,-0.660194,-0.121359,-0.475728,-0.116505,-0.339806
T,Right,legacy_bisindo_T_768,0.000000,0.000000,0.248756,-0.169154,0.348259,-0.512438,0.253731,-0.796020,0.184080,-1.000000,0.253731,-0.701493,0.318408,-0.970149,0.363184,-0.890547,0.398010,-0.731343,0.074627,-0.676617,0.124378,-0.930348,0.139303,-0.726368,0.154229,-0.512438,-0.099502,-0.626866,0.004975,-0.761194,0.009950,-0.477612,0.004975,-0.263682,-0.268657,-0.557214,-0.169154,-0.651741,-0.129353,-0.477612,-0.114428,-0.353234
T,Right,legacy_bisindo_T_769,0.000000,0.000000,0.239024,-0.175610,0.341463,-0.521951,0.263415,-0.795122,0.195122,-1.000000,0.239024,-0.717073,0.312195,-0.975610,0.360976,-0.882927,0.390244,-0.721951,0.063415,-0.692683,0.121951,-0.912195,0.131707,-0.687805,0.131707,-0.463415,-0.097561,-0.643902,0.004878,-0.756098,0.014634,-0.482927,0.000000,-0.282927,-0.258537,-0.570732,-0.146341,-0.653659,-0.121951,-0.468293,-0.121951,-0.341463
T,Right,legacy_bisindo_T_770,0.000000,0.000000,0.243902,-0.195122,0.336585,-0.521951,0.248780,-0.795122,0.180488,-1.000000,0.229268,-0.721951,0.302439,-0.985366,0.346341,-0.882927,0.375610,-0.707317,0.058537,-0.687805,0.126829,-0.892683,0.131707,-0.648780,0.121951,-0.424390,-0.107317,-0.639024,0.009756,-0.746341,0.009756,-0.478049,-0.004878,-0.273171,-0.263415,-0.570732,-0.170732,-0.658537,-0.126829,-0.497561,-0.112195,-0.375610
T,Right,legacy_bisindo_T_771,0.000000,0.000000,0.237864,-0.189320,0.325243,-0.529126,0.237864,-0.796117,0.174757,-1.000000,0.218447,-0.723301,0.286408,-0.980583,0.330097,-0.893204,0.364078,-0.742718,0.043689,-0.699029,0.106796,-0.893204,0.116505,-0.674757,0.111650,-0.461165,-0.111650,-0.650485,-0.004854,-0.752427,0.009709,-0.495146,0.000000,-0.296117,-0.266990,-0.572816,-0.155340,-0.635922,-0.116505,-0.456311,-0.111650,-0.330097
T,Right,legacy_bisindo_T_772,0.000000,0.000000,0.242574,-0.193069,0.361386,-0.519802,0.262376,-0.797030,0.183168,-1.000000,0.242574,-0.742574,0.326733,-1.000000,0.371287,-0.910891,0.405941,-0.742574,0.059406,-0.722772,0.138614,-0.930693,0.148515,-0.693069,0.148515,-0.455446,-0.103960,-0.678218,0.019802,-0.772277,0.029703,-0.495050,0.024752,-0.282178,-0.262376,-0.608911,-0.118812,-0.643564,-0.089109,-0.435644,-0.094059,-0.292079
T,Right,legacy_bisindo_T_773,0.000000,0.000000,0.243902,-0.170732,0.351220,-0.502439,0.258537,-0.785366,0.190244,-0.990244,0.248780,-0.731707,0.307317,-1.000000,0.356098,-0.887805,0.385366,-0.702439,0.063415,-0.707317,0.131707,-0.912195,0.141463,-0.663415,0.146341,-0.434146,-0.102439,-0.658537,0.014634,-0.746341,0.024390,-0.463415,0.024390,-0.258537,-0.258537,-0.585366,-0.131707,-0.619512,-0.097561,-0.424390,-0.087805,-0.292683
T,Right,legacy_bisindo_T_774,0.000000,0.000000,0.235897,-0.061538,0.405128,-0.389744,0.328205,-0.641026,0.220513,-0.784615,0.225641,-0.574359,0.266667,-0.738462,0.287179,-0.887179,0.312821,-1.000000,0.035897,-0.594872,0.112821,-0.779487,0.148718,-0.569231,0.164103,-0.369231,-0.133333,-0.564103,0.000000,-0.651282,0.025641,-0.384615,0.020513,-0.189744,-0.307692,-0.492308,-0.158974,-0.548718,-0.112821,-0.358974,-0.102564,-0.230769
T,Right,legacy_bisindo_T_775,0.000000,0.000000,0.250000,-0.182692,0.350962,-0.509615,0.259615,-0.788462,0.197115,-1.000000,0.240385,-0.730769,0.312500,-0.985577,0.355769,-0.870192,0.384615,-0.697115,0.067308,-0.706731,0.139423,-0.903846,0.149038,-0.673077,0.149038,-0.451923,-0.096154,-0.668269,0.033654,-0.750000,0.038462,-0.475962,0.028846,-0.274038,-0.250000,-0.600962,-0.110577,-0.625000,-0.091346,-0.423077,-0.091346,-0.288462
T,Right,legacy_bisindo_T_776,0.000000,0.000000,0.245192,-0.192308,0.341346,-0.519231,0.245192,-0.793269,0.168269,-1.000000,0.230769,-0.735577,0.302885,-1.000000,0.355769,-0.875000,0.379808,-0.692308,0.052885,-0.716346,0.139423,-0.884615,0.144231,-0.634615,0.139423,-0.408654,-0.105769,-0.677885,0.028846,-0.745192,0.028846,-0.475962,0.019231,-0.269231,-0.259615,-0.610577,-0.115385,-0.625000,-0.096154,-0.432692,-0.096154,-0.302885
T,Right,legacy_bisindo_T_777,0.000000,0.000000,0.243781,-0.064677,0.383085,-0.432836,0.308458,-0.721393,0.238806,-0.910448,0.223881,-0.597015,0.263682,-0.751244,0.283582,-0.890547,0.318408,-1.000000,0.024876,-0.606965,0.114428,-0.791045,0.124378,-0.557214,0.129353,-0.343284,-0.139303,-0.572139,-0.004975,-0.666667,0.009950,-0.378109,-0.004975,-0.174129,-0.303483,-0.507463,-0.164179,-0.601990,-0.119403,-0.462687,-0.109453,-0.373134
T,Right,legacy_bisindo_T_778,0.000000,0.000000,0.238095,-0.209524,0.338095,-0.523810,0.252381,-0.795238,0.185714,-1.000000,0.223810,-0.738095,0.290476,-0.976190,0.338095,-0.871429,0.366667,-0.704762,0.052381,-0.719048,0.133333,-0.871429,0.133333,-0.623810,0.123810,-0.390476,-0.104762,-0.676190,0.014286,-0.738095,0.014286,-0.476190,0.009524,-0.266667,-0.261905,-0.604762,-0.138095,-0.628571,-0.104762,-0.452381,-0.095238,-0.323810
T,Right,legacy_bisindo_T_779,0.000000,0.000000,0.244019,-0.186603,0.344498,-0.511962,0.253589,-0.789474,0.181818,-1.000000,0.224880,-0.732057,0.296651,-0.985646,0.349282,-0.870813,0.377990,-0.698565,0.047847,-0.708134,0.129187,-0.889952,0.138756,-0.641148,0.133971,-0.411483,-0.105263,-0.665072,0.023923,-0.741627,0.023923,-0.464115,0.009569,-0.263158,-0.258373,-0.598086,-0.119617,-0.622010,-0.100478,-0.425837,-0.100478,-0.296651
T,Right,legacy_bisindo_T_780,0.000000,0.000000,0.246377,-0.193237,0.357488,-0.521739,0.265700,-0.797101,0.188406,-1.000000,0.231884,-0.739130,0.314010,-1.000000,0.367150,-0.898551,0.400966,-0.734300,0.053140,-0.719807,0.144928,-0.898551,0.149758,-0.652174,0.140097,-0.425121,-0.101449,-0.685990,0.033816,-0.753623,0.038647,-0.483092,0.024155,-0.275362,-0.246377,-0.623188,-0.096618,-0.628019,-0.072464,-0.425121,-0.077295,-0.285024
T,Right,legacy_bisindo_T_781,0.000000,0.000000,0.252381,-0.200000,0.357143,-0.519048,0.261905,-0.790476,0.185714,-1.000000,0.242857,-0.738095,0.319048,-0.980952,0.376190,-0.876190,0.409524,-0.714286,0.061905,-0.728571,0.161905,-0.880952,0.166667,-0.638095,0.152381,-0.414286,-0.095238,-0.695238,0.047619,-0.738095,0.047619,-0.480952,0.028571,-0.280952,-0.247619,-0.628571,-0.090476,-0.623810,-0.071429,-0.423810,-0.085714,-0.290476
T,Right,legacy_bisindo_T_782,0.000000,0.000000,0.242718,-0.160194,0.354369,-0.485437,0.252427,-0.752427,0.174757,-0.951456,0.266990,-0.718447,0.320388,-1.000000,0.368932,-0.873786,0.398058,-0.684466,0.077670,-0.699029,0.126214,-0.883495,0.135922,-0.665049,0.140777,-0.466019,-0.092233,-0.655340,0.000000,-0.723301,0.014563,-0.461165,0.009709,-0.271845,-0.247573,-0.587379,-0.140777,-0.611650,-0.121359,-0.407767,-0.116505,-0.271845
T,Right,legacy_bisindo_T_783,0.000000,0.000000,0.242718,-0.179612,0.349515,-0.495146,0.237864,-0.776699,0.179612,-1.000000,0.276699,-0.733010,0.330097,-1.000000,0.373786,-0.898058,0.402913,-0.718447,0.077670,-0.708738,0.121359,-0.878641,0.131068,-0.621359,0.131068,-0.393204,-0.101942,-0.655340,-0.029126,-0.747573,-0.009709,-0.475728,-0.009709,-0.276699,-0.266990,-0.577670,-0.179612,-0.626214,-0.150485,-0.422330,-0.145631,-0.291262
T,Right,legacy_bisindo_T_784,0.000000,0.000000,0.251185,-0.189573,0.350711,-0.497630,0.279621,-0.772512,0.255924,-1.000000,0.289100,-0.720379,0.336493,-0.966825,0.355450,-0.867299,0.369668,-0.706161,0.099526,-0.696682,0.118483,-0.872038,0.127962,-0.639810,0.142180,-0.421801,-0.075829,-0.639810,-0.028436,-0.744076,-0.009479,-0.488152,0.009479,-0.298578,-0.241706,-0.549763,-0.180095,-0.630332,-0.151659,-0.436019,-0.137441,-0.303318
T,Right,legacy_bisindo_T_785,0.000000,0.000000,0.226852,-0.208333,0.319444,-0.513889,0.250000,-0.782407,0.222222,-1.000000,0.245370,-0.726852,0.287037,-0.930556,0.305556,-0.851852,0.319444,-0.708333,0.074074,-0.694444,0.087963,-0.861111,0.101852,-0.638889,0.120370,-0.425926,-0.087963,-0.634259,-0.060185,-0.740741,-0.037037,-0.504630,-0.018519,-0.314815,-0.254630,-0.537037,-0.203704,-0.625000,-0.166667,-0.444444,-0.148148,-0.310185
T,Right,legacy_bisindo_T_786,0.000000,0.000000,0.223214,-0.156250,0.343750,-0.464286,0.267857,-0.714286,0.174107,-0.901786,0.223214,-0.669643,0.250000,-0.852679,0.258929,-0.946429,0.272321,-1.000000,0.049107,-0.647321,0.066964,-0.821429,0.107143,-0.638393,0.142857,-0.455357,-0.111607,-0.593750,-0.049107,-0.691964,-0.004464,-0.468750,0.017857,-0.299107,-0.267857,-0.508929,-0.178571,-0.589286,-0.129464,-0.406250,-0.111607,-0.272321
T,Right,legacy_bisindo_T_787,0.000000,0.000000,0.227848,-0.109705,0.354430,-0.421941,0.253165,-0.687764,0.181435,-0.881857,0.248945,-0.582278,0.270042,-0.751055,0.253165,-0.890295,0.240506,-1.000000,0.063291,-0.578059,0.075949,-0.805907,0.101266,-0.628692,0.135021,-0.426160,-0.105485,-0.535865,-0.059072,-0.679325,-0.021097,-0.434599,0.008439,-0.244726,-0.282700,-0.464135,-0.210970,-0.561181,-0.160338,-0.358650,-0.135021,-0.206751
T,Right,legacy_bisindo_T_788,0.000000,0.000000,0.260090,-0.130045,0.403587,-0.497758,0.278027,-0.793722,0.156951,-0.991031,0.260090,-0.677130,0.291480,-0.896861,0.300448,-0.982063,0.331839,-1.000000,0.058296,-0.668161,0.076233,-0.910314,0.094170,-0.681614,0.130045,-0.430493,-0.121076,-0.623318,-0.071749,-0.766816,-0.044843,-0.475336,-0.022422,-0.251121,-0.309417,-0.547085,-0.242152,-0.623318,-0.201794,-0.385650,-0.174888,-0.215247
T,Right,legacy_bisindo_T_789,0.000000,0.000000,0.254032,-0.169355,0.387097,-0.516129,0.266129,-0.806452,0.145161,-1.000000,0.262097,-0.701613,0.294355,-0.947581,0.310484,-1.000000,0.338710,-0.983871,0.060484,-0.693548,0.076613,-0.919355,0.092742,-0.681452,0.129032,-0.435484,-0.120968,-0.645161,-0.080645,-0.762097,-0.052419,-0.475806,-0.024194,-0.262097,-0.302419,-0.568548,-0.241935,-0.637097,-0.193548,-0.423387,-0.161290,-0.274194
T,Right,legacy_bisindo_T_790,0.000000,0.000000,0.241636,-0.171004,0.364312,-0.513011,0.252788,-0.795539,0.148699,-0.996283,0.263941,-0.721190,0.286245,-1.000000,0.330855,-0.914498,0.375465,-0.758364,0.074349,-0.695167,0.107807,-0.907063,0.126394,-0.657993,0.144981,-0.423792,-0.092937,-0.635688,-0.044610,-0.762082,-0.018587,-0.483271,-0.003717,-0.278810,-0.267658,-0.550186,-0.197026,-0.613383,-0.156134,-0.405204,-0.133829,-0.267658
T,Right,legacy_bisindo_T_791,0.000000,0.000000,0.248299,-0.180272,0.346939,-0.503401,0.261905,-0.782313,0.224490,-1.000000,0.275510,-0.663265,0.306122,-0.887755,0.312925,-0.911565,0.333333,-0.880952,0.098639,-0.653061,0.108844,-0.870748,0.112245,-0.663265,0.132653,-0.452381,-0.068027,-0.608844,-0.027211,-0.734694,-0.010204,-0.476190,0.006803,-0.278912,-0.234694,-0.540816,-0.176871,-0.629252,-0.142857,-0.431973,-0.122449,-0.289116
T,Right,legacy_bisindo_T_792,0.000000,0.000000,0.250871,-0.132404,0.376307,-0.466899,0.278746,-0.752613,0.222997,-0.968641,0.299652,-0.630662,0.331010,-0.836237,0.327526,-0.940767,0.331010,-1.000000,0.108014,-0.634146,0.125436,-0.850174,0.121951,-0.630662,0.135889,-0.414634,-0.066202,-0.599303,-0.024390,-0.721254,-0.010453,-0.452962,0.003484,-0.254355,-0.240418,-0.533101,-0.177700,-0.585366,-0.146341,-0.372822,-0.128920,-0.233449
T,Right,legacy_bisindo_T_793,0.000000,0.000000,0.230769,-0.130435,0.361204,-0.431438,0.267559,-0.702341,0.214047,-0.906355,0.307692,-0.578595,0.347826,-0.742475,0.321070,-0.882943,0.301003,-1.000000,0.117057,-0.595318,0.130435,-0.806020,0.117057,-0.608696,0.123746,-0.397993,-0.053512,-0.571906,-0.020067,-0.685619,-0.006689,-0.434783,0.010033,-0.240803,-0.227425,-0.521739,-0.167224,-0.581940,-0.137124,-0.377926,-0.117057,-0.234114
T,Right,legacy_bisindo_T_794,0.000000,0.000000,0.255474,-0.142336,0.390511,-0.485401,0.288321,-0.781022,0.200730,-1.000000,0.270073,-0.675182,0.295620,-0.912409,0.313869,-0.952555,0.350365,-0.927007,0.080292,-0.667883,0.105839,-0.883212,0.113139,-0.660584,0.135036,-0.427007,-0.094891,-0.624088,-0.051095,-0.740876,-0.029197,-0.463504,-0.007299,-0.251825,-0.277372,-0.554745,-0.208029,-0.609489,-0.171533,-0.390511,-0.142336,-0.240876
T,Right,legacy_bisindo_T_795,0.000000,0.000000,0.251773,-0.152482,0.368794,-0.482270,0.248227,-0.762411,0.166667,-0.978723,0.276596,-0.716312,0.322695,-1.000000,0.365248,-0.861702,0.390071,-0.670213,0.078014,-0.695035,0.117021,-0.886525,0.138298,-0.617021,0.159574,-0.386525,-0.099291,-0.638298,-0.039007,-0.726950,-0.010638,-0.439716,0.003546,-0.241135,-0.269504,-0.560284,-0.191489,-0.570922,-0.152482,-0.354610,-0.127660,-0.223404
T,Right,legacy_bisindo_T_796,0.000000,0.000000,0.240803,-0.170569,0.351171,-0.498328,0.244147,-0.769231,0.170569,-0.973244,0.284281,-0.709030,0.304348,-1.000000,0.341137,-0.859532,0.364548,-0.675585,0.096990,-0.672241,0.123746,-0.866221,0.143813,-0.612040,0.160535,-0.404682,-0.070234,-0.615385,-0.023411,-0.725753,0.000000,-0.454849,0.013378,-0.277592,-0.234114,-0.535117,-0.173913,-0.591973,-0.133779,-0.391304,-0.110368,-0.267559
T,Right,legacy_bisindo_T_797,0.000000,0.000000,0.253378,-0.182432,0.378378,-0.510135,0.280405,-0.787162,0.195946,-0.989865,0.317568,-0.709459,0.351351,-1.000000,0.378378,-0.878378,0.391892,-0.699324,0.128378,-0.685811,0.155405,-0.875000,0.165541,-0.621622,0.179054,-0.408784,-0.043919,-0.631757,0.003378,-0.739865,0.023649,-0.476351,0.033784,-0.290541,-0.212838,-0.557432,-0.152027,-0.608108,-0.118243,-0.415541,-0.097973,-0.293919
T,Right,legacy_bisindo_T_798,0.000000,0.000000,0.250000,-0.172297,0.371622,-0.496622,0.283784,-0.770270,0.202703,-0.966216,0.310811,-0.699324,0.331081,-1.000000,0.364865,-0.878378,0.388514,-0.702703,0.121622,-0.672297,0.148649,-0.864865,0.162162,-0.614865,0.175676,-0.402027,-0.047297,-0.618243,0.000000,-0.729730,0.016892,-0.466216,0.023649,-0.280405,-0.216216,-0.540541,-0.155405,-0.597973,-0.121622,-0.405405,-0.101351,-0.277027
T,Right,legacy_bisindo_T_799,0.000000,0.000000,0.246575,-0.171233,0.369863,-0.489726,0.270548,-0.767123,0.181507,-0.962329,0.304795,-0.698630,0.321918,-1.000000,0.356164,-0.873288,0.383562,-0.702055,0.119863,-0.664384,0.140411,-0.866438,0.157534,-0.609589,0.174658,-0.397260,-0.051370,-0.609589,-0.010274,-0.732877,0.010274,-0.458904,0.020548,-0.270548,-0.222603,-0.530822,-0.167808,-0.602740,-0.130137,-0.404110,-0.109589,-0.270548
T,Right,legacy_bisindo_T_800,0.000000,0.000000,0.242215,-0.183391,0.366782,-0.505190,0.269896,-0.782007,0.190311,-0.982699,0.307958,-0.705882,0.321799,-1.000000,0.346021,-0.889273,0.366782,-0.723183,0.121107,-0.678201,0.138408,-0.875433,0.145329,-0.626298,0.162630,-0.415225,-0.051903,-0.626298,-0.013841,-0.733564,0.000000,-0.470588,0.017301,-0.283737,-0.221453,-0.550173,-0.173010,-0.605536,-0.134948,-0.411765,-0.107266,-0.283737
T,Right,legacy_bisindo_T_801,0.000000,0.000000,0.250000,-0.180556,0.378472,-0.500000,0.277778,-0.774306,0.197917,-0.979167,0.309028,-0.711806,0.336806,-1.000000,0.361111,-0.868056,0.378472,-0.687500,0.121528,-0.684028,0.149306,-0.878472,0.156250,-0.625000,0.170139,-0.406250,-0.052083,-0.631944,-0.003472,-0.736111,0.013889,-0.465278,0.024306,-0.277778,-0.222222,-0.555556,-0.159722,-0.607639,-0.128472,-0.406250,-0.104167,-0.281250
T,Right,legacy_bisindo_T_802,0.000000,0.000000,0.248252,-0.181818,0.377622,-0.496503,0.272727,-0.776224,0.185315,-0.979021,0.307692,-0.706294,0.325175,-1.000000,0.356643,-0.884615,0.377622,-0.713287,0.118881,-0.678322,0.143357,-0.881119,0.146853,-0.625874,0.157343,-0.405594,-0.052448,-0.629371,-0.013986,-0.741259,0.000000,-0.468531,0.013986,-0.276224,-0.227273,-0.559441,-0.171329,-0.618881,-0.139860,-0.419580,-0.115385,-0.283217
T,Right,legacy_bisindo_T_803,0.000000,0.000000,0.247387,-0.181185,0.369338,-0.508711,0.271777,-0.783972,0.198606,-0.989547,0.299652,-0.714286,0.320557,-1.000000,0.362369,-0.885017,0.393728,-0.707317,0.114983,-0.689895,0.139373,-0.881533,0.153310,-0.634146,0.170732,-0.421603,-0.059233,-0.637631,-0.010453,-0.738676,0.013937,-0.473868,0.027875,-0.289199,-0.226481,-0.557491,-0.163763,-0.606272,-0.128920,-0.407666,-0.108014,-0.278746
T,Right,legacy_bisindo_T_804,0.000000,0.000000,0.250871,-0.191638,0.365854,-0.505226,0.261324,-0.777003,0.184669,-0.982578,0.289199,-0.717770,0.313589,-1.000000,0.355401,-0.885017,0.390244,-0.707317,0.101045,-0.686411,0.132404,-0.881533,0.146341,-0.630662,0.156794,-0.407666,-0.069686,-0.630662,-0.017422,-0.738676,0.000000,-0.466899,0.006969,-0.275261,-0.243902,-0.557491,-0.177700,-0.620209,-0.142857,-0.421603,-0.121951,-0.285714
T,Right,legacy_bisindo_T_805,0.000000,0.000000,0.248252,-0.181818,0.381119,-0.500000,0.279720,-0.769231,0.192308,-0.965035,0.293706,-0.716783,0.314685,-1.000000,0.360140,-0.884615,0.391608,-0.709790,0.108392,-0.688811,0.139860,-0.874126,0.153846,-0.622378,0.167832,-0.405594,-0.062937,-0.636364,-0.006993,-0.730769,0.013986,-0.465035,0.027972,-0.276224,-0.227273,-0.562937,-0.160839,-0.604895,-0.122378,-0.409091,-0.097902,-0.283217
T,Right,legacy_bisindo_T_806,0.000000,0.000000,0.259649,-0.196491,0.396491,-0.508772,0.301754,-0.782456,0.221053,-0.982456,0.315789,-0.715789,0.333333,-1.000000,0.368421,-0.891228,0.396491,-0.726316,0.129825,-0.694737,0.150877,-0.880702,0.150877,-0.631579,0.161404,-0.407018,-0.045614,-0.649123,0.000000,-0.733333,0.017544,-0.470175,0.031579,-0.280702,-0.214035,-0.578947,-0.154386,-0.617544,-0.119298,-0.421053,-0.091228,-0.291228
T,Right,legacy_bisindo_T_807,0.000000,0.000000,0.253521,-0.172535,0.383803,-0.489437,0.288732,-0.760563,0.204225,-0.957746,0.313380,-0.707746,0.334507,-1.000000,0.369718,-0.869718,0.397887,-0.686620,0.123239,-0.679577,0.151408,-0.866197,0.161972,-0.609155,0.176056,-0.397887,-0.049296,-0.630282,0.000000,-0.721831,0.021127,-0.454225,0.031690,-0.267606,-0.218310,-0.559859,-0.158451,-0.602113,-0.123239,-0.401408,-0.098592,-0.274648
T,Right,legacy_bisindo_T_808,0.000000,0.000000,0.260563,-0.179577,0.390845,-0.496479,0.295775,-0.767606,0.211268,-0.964789,0.316901,-0.707746,0.341549,-1.000000,0.376761,-0.869718,0.401408,-0.686620,0.126761,-0.686620,0.158451,-0.866197,0.158451,-0.609155,0.169014,-0.390845,-0.045775,-0.637324,0.000000,-0.718310,0.014085,-0.454225,0.028169,-0.271127,-0.214789,-0.566901,-0.161972,-0.598592,-0.126761,-0.397887,-0.102113,-0.274648
T,Right,legacy_bisindo_T_809,0.000000,0.000000,0.260714,-0.196429,0.392857,-0.514286,0.296429,-0.789286,0.217857,-0.996429,0.314286,-0.717857,0.342857,-1.000000,0.375000,-0.896429,0.400000,-0.735714,0.125000,-0.700000,0.157143,-0.889286,0.160714,-0.635714,0.164286,-0.414286,-0.046429,-0.653571,0.003571,-0.746429,0.017857,-0.482143,0.028571,-0.289286,-0.221429,-0.582143,-0.157143,-0.632143,-0.121429,-0.435714,-0.100000,-0.303571
T,Right,legacy_bisindo_T_810,0.000000,0.000000,0.252669,-0.181495,0.387900,-0.494662,0.288256,-0.765125,0.195730,-0.960854,0.302491,-0.708185,0.327402,-1.000000,0.362989,-0.857651,0.384342,-0.676157,0.117438,-0.679715,0.149466,-0.864769,0.156584,-0.604982,0.160142,-0.387900,-0.053381,-0.629893,-0.003559,-0.725979,0.010676,-0.455516,0.021352,-0.270463,-0.220641,-0.558719,-0.163701,-0.608541,-0.128114,-0.409253,-0.106762,-0.281139
T,Right,legacy_bisindo_T_811,0.000000,0.000000,0.260714,-0.189286,0.396429,-0.507143,0.307143,-0.782143,0.225000,-0.985714,0.321429,-0.710714,0.339286,-1.000000,0.367857,-0.875000,0.392857,-0.700000,0.128571,-0.692857,0.153571,-0.878571,0.157143,-0.625000,0.167857,-0.403571,-0.042857,-0.646429,0.000000,-0.732143,0.017857,-0.464286,0.028571,-0.275000,-0.214286,-0.575000,-0.153571,-0.617857,-0.121429,-0.417857,-0.100000,-0.285714
T,Right,legacy_bisindo_T_812,0.000000,0.000000,0.260714,-0.185714,0.400000,-0.500000,0.307143,-0.767857,0.214286,-0.964286,0.325000,-0.707143,0.346429,-1.000000,0.375000,-0.875000,0.400000,-0.696429,0.139286,-0.689286,0.160714,-0.875000,0.164286,-0.621429,0.175000,-0.400000,-0.035714,-0.646429,0.007143,-0.725000,0.021429,-0.460714,0.032143,-0.271429,-0.207143,-0.582143,-0.150000,-0.614286,-0.117857,-0.414286,-0.096429,-0.282143
T,Right,legacy_bisindo_T_813,0.000000,0.000000,0.261649,-0.175627,0.401434,-0.494624,0.315412,-0.774194,0.236559,-0.982079,0.329749,-0.706093,0.347670,-1.000000,0.379928,-0.878136,0.401434,-0.702509,0.139785,-0.688172,0.164875,-0.881720,0.168459,-0.627240,0.175627,-0.405018,-0.032258,-0.645161,0.010753,-0.727599,0.025090,-0.458781,0.035842,-0.268817,-0.204301,-0.580645,-0.146953,-0.609319,-0.114695,-0.408602,-0.089606,-0.275986
T,Right,legacy_bisindo_T_814,0.000000,0.000000,0.258993,-0.169065,0.399281,-0.482014,0.302158,-0.751799,0.219424,-0.949640,0.316547,-0.705036,0.338129,-1.000000,0.377698,-0.870504,0.406475,-0.690647,0.129496,-0.683453,0.161871,-0.870504,0.169065,-0.615108,0.176259,-0.395683,-0.043165,-0.633094,0.007194,-0.719424,0.021583,-0.449640,0.028777,-0.258993,-0.215827,-0.564748,-0.151079,-0.600719,-0.118705,-0.399281,-0.104317,-0.266187
T,Right,legacy_bisindo_T_815,0.000000,0.000000,0.260870,-0.173913,0.398551,-0.489130,0.304348,-0.768116,0.221014,-0.967391,0.315217,-0.702899,0.336957,-1.000000,0.373188,-0.880435,0.402174,-0.702899,0.126812,-0.681159,0.159420,-0.873188,0.166667,-0.615942,0.173913,-0.394928,-0.047101,-0.634058,0.007246,-0.728261,0.018116,-0.452899,0.025362,-0.260870,-0.217391,-0.561594,-0.155797,-0.605072,-0.123188,-0.398551,-0.105072,-0.268116
T,Right,legacy_bisindo_T_816,0.000000,0.000000,0.262774,-0.164234,0.408759,-0.478102,0.321168,-0.751825,0.237226,-0.945255,0.332117,-0.697080,0.361314,-1.000000,0.397810,-0.879562,0.416058,-0.697080,0.142336,-0.678832,0.175182,-0.864964,0.175182,-0.609489,0.182482,-0.386861,-0.029197,-0.635036,0.014599,-0.722628,0.025547,-0.448905,0.036496,-0.259124,-0.200730,-0.565693,-0.149635,-0.602190,-0.116788,-0.397810,-0.094891,-0.266423
T,Right,legacy_bisindo_T_817,0.000000,0.000000,0.256506,-0.171004,0.405204,-0.490706,0.312268,-0.765799,0.211896,-0.955390,0.319703,-0.702602,0.345725,-1.000000,0.382900,-0.888476,0.408922,-0.713755,0.126394,-0.684015,0.167286,-0.877323,0.171004,-0.620818,0.174721,-0.397770,-0.048327,-0.635688,0.007435,-0.728625,0.018587,-0.457249,0.022305,-0.263941,-0.215613,-0.565056,-0.152416,-0.602230,-0.122677,-0.401487,-0.104089,-0.271375
T,Right,legacy_bisindo_T_818,0.000000,0.000000,0.264151,-0.192453,0.411321,-0.490566,0.324528,-0.747170,0.230189,-0.928302,0.316981,-0.709434,0.347170,-1.000000,0.388679,-0.898113,0.418868,-0.743396,0.132075,-0.690566,0.173585,-0.883019,0.173585,-0.641509,0.177358,-0.422642,-0.037736,-0.649057,0.015094,-0.739623,0.030189,-0.483019,0.037736,-0.290566,-0.203774,-0.577358,-0.143396,-0.618868,-0.109434,-0.430189,-0.086792,-0.294340
T,Right,legacy_bisindo_T_819,0.000000,0.000000,0.255061,-0.198381,0.421053,-0.489879,0.364372,-0.744939,0.263158,-0.914980,0.323887,-0.712551,0.368421,-1.000000,0.412955,-0.902834,0.437247,-0.732794,0.145749,-0.692308,0.194332,-0.882591,0.202429,-0.647773,0.198381,-0.425101,-0.020243,-0.651822,0.052632,-0.748988,0.068826,-0.506073,0.064777,-0.315789,-0.186235,-0.591093,-0.097166,-0.631579,-0.060729,-0.465587,-0.052632,-0.344130
T,Right,legacy_bisindo_T_820,0.000000,0.000000,0.276018,-0.180995,0.434389,-0.493213,0.357466,-0.782805,0.280543,-0.995475,0.352941,-0.714932,0.407240,-1.000000,0.452489,-0.895928,0.475113,-0.733032,0.162896,-0.701357,0.212670,-0.900452,0.221719,-0.660633,0.221719,-0.429864,-0.018100,-0.660633,0.063348,-0.773756,0.076923,-0.515837,0.076923,-0.307692,-0.194570,-0.592760,-0.104072,-0.642534,-0.063348,-0.452489,-0.054299,-0.307692
T,Right,legacy_bisindo_T_821,0.000000,0.000000,0.293814,-0.149485,0.474227,-0.453608,0.412371,-0.757732,0.345361,-0.974227,0.407216,-0.701031,0.474227,-1.000000,0.520619,-0.881443,0.536082,-0.690722,0.211340,-0.711340,0.278351,-0.881443,0.262887,-0.628866,0.242268,-0.396907,0.030928,-0.690722,0.113402,-0.757732,0.103093,-0.484536,0.087629,-0.278351,-0.144330,-0.639175,-0.061856,-0.644330,-0.046392,-0.432990,-0.041237,-0.283505
T,Right,legacy_bisindo_T_822,0.000000,0.000000,0.289017,-0.156069,0.468208,-0.439306,0.404624,-0.716763,0.323699,-0.913295,0.381503,-0.693642,0.450867,-1.000000,0.491329,-0.872832,0.502890,-0.670520,0.184971,-0.682081,0.260116,-0.861272,0.242775,-0.601156,0.231214,-0.364162,0.011561,-0.658960,0.104046,-0.734104,0.086705,-0.462428,0.069364,-0.265896,-0.156069,-0.612717,-0.075145,-0.624277,-0.069364,-0.421965,-0.063584,-0.283237
T,Right,legacy_bisindo_T_823,0.000000,0.000000,0.301887,-0.125786,0.477987,-0.421384,0.402516,-0.729560,0.320755,-0.955975,0.402516,-0.679245,0.465409,-1.000000,0.509434,-0.880503,0.534591,-0.685535,0.201258,-0.685535,0.276730,-0.867925,0.257862,-0.597484,0.232704,-0.352201,0.012579,-0.660377,0.113208,-0.742138,0.094340,-0.446541,0.075472,-0.232704,-0.169811,-0.603774,-0.075472,-0.610063,-0.062893,-0.383648,-0.062893,-0.245283
T,Right,legacy_bisindo_T_824,0.000000,0.000000,0.315068,-0.143836,0.493151,-0.438356,0.417808,-0.760274,0.356164,-0.993151,0.424658,-0.691781,0.479452,-1.000000,0.513699,-0.883562,0.534247,-0.684932,0.219178,-0.691781,0.287671,-0.883562,0.273973,-0.616438,0.260274,-0.383562,0.027397,-0.664384,0.116438,-0.767123,0.109589,-0.479452,0.089041,-0.267123,-0.164384,-0.609589,-0.068493,-0.630137,-0.054795,-0.417808,-0.061644,-0.267123
T,Right,legacy_bisindo_T_825,0.000000,0.000000,0.294118,-0.169118,0.441176,-0.448529,0.352941,-0.757353,0.286765,-1.000000,0.426471,-0.683824,0.455882,-0.970588,0.477941,-0.867647,0.500000,-0.683824,0.220588,-0.676471,0.250000,-0.889706,0.250000,-0.647059,0.250000,-0.419118,0.029412,-0.639706,0.073529,-0.772059,0.073529,-0.492647,0.066176,-0.286765,-0.176471,-0.573529,-0.102941,-0.647059,-0.080882,-0.433824,-0.080882,-0.286765
T,Right,legacy_bisindo_T_826,0.000000,0.000000,0.292683,-0.146341,0.455285,-0.439024,0.349593,-0.756098,0.284553,-1.000000,0.398374,-0.674797,0.439024,-0.951220,0.479675,-0.869919,0.504065,-0.699187,0.195122,-0.666667,0.235772,-0.902439,0.235772,-0.674797,0.235772,-0.430894,0.000000,-0.617886,0.056911,-0.764228,0.065041,-0.479675,0.056911,-0.260163,-0.195122,-0.544715,-0.121951,-0.626016,-0.097561,-0.406504,-0.089431,-0.243902
T,Right,legacy_bisindo_T_827,0.000000,0.000000,0.278261,-0.156522,0.426087,-0.426087,0.321739,-0.713043,0.226087,-0.921739,0.356522,-0.686957,0.400000,-1.000000,0.434783,-0.869565,0.452174,-0.669565,0.147826,-0.660870,0.182609,-0.886957,0.191304,-0.626087,0.191304,-0.408696,-0.034783,-0.608696,0.026087,-0.747826,0.034783,-0.452174,0.034783,-0.252174,-0.217391,-0.539130,-0.147826,-0.600000,-0.113043,-0.391304,-0.104348,-0.252174
T,Right,legacy_bisindo_T_828,0.000000,0.000000,0.287037,-0.111111,0.444444,-0.398148,0.342593,-0.694444,0.250000,-0.907407,0.379630,-0.675926,0.425926,-1.000000,0.462963,-0.851852,0.481481,-0.638889,0.166667,-0.648148,0.222222,-0.879630,0.231481,-0.629630,0.231481,-0.416667,-0.018519,-0.601852,0.046296,-0.740741,0.055556,-0.444444,0.055556,-0.231481,-0.203704,-0.537037,-0.129630,-0.601852,-0.101852,-0.379630,-0.092593,-0.222222
T,Right,legacy_bisindo_T_829,0.000000,0.000000,0.291262,-0.116505,0.456311,-0.407767,0.359223,-0.718447,0.281553,-0.951456,0.398058,-0.669903,0.436893,-1.000000,0.466019,-0.873786,0.485437,-0.669903,0.194175,-0.660194,0.242718,-0.873786,0.252427,-0.611650,0.252427,-0.388350,-0.009709,-0.621359,0.058252,-0.747573,0.067961,-0.446602,0.058252,-0.233010,-0.203883,-0.553398,-0.116505,-0.621359,-0.097087,-0.388350,-0.097087,-0.242718
T,Right,legacy_bisindo_T_830,0.000000,0.000000,0.284314,-0.137255,0.441176,-0.411765,0.362745,-0.725490,0.274510,-0.950980,0.411765,-0.676471,0.441176,-1.000000,0.470588,-0.882353,0.490196,-0.696078,0.196078,-0.666667,0.235294,-0.882353,0.245098,-0.627451,0.235294,-0.401961,0.000000,-0.637255,0.068627,-0.754902,0.068627,-0.460784,0.058824,-0.245098,-0.196078,-0.568627,-0.107843,-0.637255,-0.078431,-0.421569,-0.078431,-0.264706
T,Right,legacy_bisindo_T_831,0.000000,0.000000,0.290000,-0.120000,0.460000,-0.400000,0.360000,-0.720000,0.260000,-0.940000,0.390000,-0.680000,0.450000,-1.000000,0.480000,-0.850000,0.490000,-0.630000,0.170000,-0.660000,0.230000,-0.870000,0.230000,-0.600000,0.220000,-0.380000,-0.030000,-0.620000,0.060000,-0.740000,0.060000,-0.430000,0.050000,-0.220000,-0.220000,-0.560000,-0.130000,-0.610000,-0.100000,-0.370000,-0.100000,-0.220000
T,Right,legacy_bisindo_T_832,0.000000,0.000000,0.284314,-0.127451,0.441176,-0.421569,0.343137,-0.715686,0.254902,-0.931373,0.372549,-0.686275,0.441176,-1.000000,0.480392,-0.862745,0.500000,-0.647059,0.166667,-0.676471,0.245098,-0.882353,0.245098,-0.637255,0.245098,-0.421569,-0.019608,-0.637255,0.058824,-0.745098,0.058824,-0.450980,0.049020,-0.245098,-0.215686,-0.578431,-0.117647,-0.637255,-0.088235,-0.401961,-0.088235,-0.254902
T,Right,legacy_bisindo_T_833,0.000000,0.000000,0.297030,-0.128713,0.455446,-0.415842,0.356436,-0.712871,0.267327,-0.930693,0.396040,-0.683168,0.455446,-1.000000,0.495050,-0.851485,0.514851,-0.643564,0.188119,-0.673267,0.267327,-0.910891,0.267327,-0.683168,0.267327,-0.465347,-0.009901,-0.633663,0.079208,-0.742574,0.079208,-0.445545,0.069307,-0.237624,-0.207921,-0.584158,-0.099010,-0.633663,-0.069307,-0.405941,-0.069307,-0.247525
T,Right,legacy_bisindo_T_834,0.000000,0.000000,0.295918,-0.122449,0.469388,-0.397959,0.387755,-0.693878,0.295918,-0.897959,0.387755,-0.673469,0.438776,-1.000000,0.479592,-0.857143,0.500000,-0.642857,0.173469,-0.663265,0.244898,-0.857143,0.234694,-0.602041,0.224490,-0.377551,-0.020408,-0.632653,0.071429,-0.724490,0.061224,-0.438776,0.051020,-0.234694,-0.204082,-0.581633,-0.112245,-0.632653,-0.081633,-0.418367,-0.071429,-0.265306
T,Right,legacy_bisindo_T_835,0.000000,0.000000,0.297872,-0.095745,0.500000,-0.393617,0.436170,-0.702128,0.340426,-0.914894,0.404255,-0.670213,0.489362,-1.000000,0.531915,-0.851064,0.542553,-0.638298,0.191489,-0.670213,0.287234,-0.851064,0.265957,-0.585106,0.244681,-0.361702,-0.010638,-0.648936,0.095745,-0.723404,0.074468,-0.425532,0.053191,-0.223404,-0.202128,-0.606383,-0.106383,-0.638298,-0.074468,-0.414894,-0.074468,-0.265957
T,Right,legacy_bisindo_T_836,0.000000,0.000000,0.311111,-0.066667,0.533333,-0.366667,0.488889,-0.677778,0.400000,-0.888889,0.455556,-0.655556,0.533333,-1.000000,0.566667,-0.833333,0.566667,-0.611111,0.233333,-0.655556,0.322222,-0.866667,0.288889,-0.622222,0.255556,-0.411111,0.033333,-0.644444,0.133333,-0.733333,0.100000,-0.433333,0.055556,-0.233333,-0.177778,-0.600000,-0.066667,-0.655556,-0.055556,-0.411111,-0.066667,-0.244444
T,Right,legacy_bisindo_T_837,0.000000,0.000000,0.318681,-0.076923,0.538462,-0.395604,0.461538,-0.736264,0.362637,-0.945055,0.428571,-0.670330,0.516484,-1.000000,0.549451,-0.846154,0.571429,-0.615385,0.208791,-0.659341,0.307692,-0.890110,0.296703,-0.604396,0.274725,-0.362637,0.010989,-0.626374,0.120879,-0.769231,0.098901,-0.450549,0.065934,-0.230769,-0.186813,-0.582418,-0.065934,-0.648352,-0.054945,-0.406593,-0.065934,-0.252747
T,Right,legacy_bisindo_T_838,0.000000,0.000000,0.325843,-0.056180,0.539326,-0.382022,0.460674,-0.730337,0.370787,-0.943820,0.426966,-0.662921,0.528090,-1.000000,0.573034,-0.853933,0.595506,-0.617978,0.213483,-0.662921,0.325843,-0.910112,0.314607,-0.629213,0.292135,-0.382022,0.022472,-0.629213,0.146067,-0.775281,0.123596,-0.449438,0.089888,-0.224719,-0.179775,-0.573034,-0.056180,-0.640449,-0.044944,-0.393258,-0.056180,-0.224719
T,Right,legacy_bisindo_T_839,0.000000,0.000000,0.311111,-0.088889,0.511111,-0.388889,0.433333,-0.722222,0.333333,-0.944444,0.400000,-0.655556,0.500000,-1.000000,0.555556,-0.855556,0.566667,-0.633333,0.188889,-0.655556,0.300000,-0.900000,0.288889,-0.622222,0.255556,-0.377778,-0.011111,-0.622222,0.122222,-0.766667,0.100000,-0.455556,0.066667,-0.233333,-0.211111,-0.577778,-0.077778,-0.655556,-0.055556,-0.422222,-0.066667,-0.266667
T,Right,legacy_bisindo_T_840,0.000000,0.000000,0.318182,-0.079545,0.522727,-0.397727,0.420455,-0.750000,0.340909,-1.000000,0.454545,-0.670455,0.545455,-1.000000,0.590909,-0.852273,0.602273,-0.636364,0.227273,-0.681818,0.329545,-0.965909,0.340909,-0.704545,0.318182,-0.454545,0.022727,-0.659091,0.136364,-0.795455,0.125000,-0.465909,0.090909,-0.250000,-0.193182,-0.602273,-0.068182,-0.670455,-0.056818,-0.420455,-0.079545,-0.261364
T,Right,legacy_bisindo_T_841,0.000000,0.000000,0.314607,-0.089888,0.505618,-0.393258,0.404494,-0.741573,0.325843,-0.966292,0.415730,-0.662921,0.494382,-1.000000,0.550562,-0.865169,0.573034,-0.640449,0.191011,-0.662921,0.303371,-0.921348,0.303371,-0.651685,0.280899,-0.404494,-0.011236,-0.629213,0.112360,-0.775281,0.101124,-0.449438,0.056180,-0.224719,-0.213483,-0.573034,-0.089888,-0.651685,-0.078652,-0.404494,-0.089888,-0.247191
T,Right,legacy_bisindo_T_842,0.000000,0.000000,0.315217,-0.065217,0.510870,-0.380435,0.402174,-0.728261,0.315217,-0.967391,0.434783,-0.663043,0.500000,-1.000000,0.554348,-0.847826,0.565217,-0.630435,0.206522,-0.652174,0.293478,-0.902174,0.293478,-0.608696,0.271739,-0.369565,0.010870,-0.619565,0.108696,-0.760870,0.097826,-0.434783,0.065217,-0.217391,-0.195652,-0.565217,-0.097826,-0.641304,-0.086957,-0.380435,-0.097826,-0.228261
T,Right,legacy_bisindo_T_843,0.000000,0.000000,0.305263,-0.094737,0.505263,-0.400000,0.410526,-0.736842,0.326316,-0.978947,0.452632,-0.694737,0.515789,-1.000000,0.505263,-0.821053,0.494737,-0.600000,0.221053,-0.684211,0.284211,-0.915789,0.273684,-0.610526,0.252632,-0.347368,0.021053,-0.642105,0.084211,-0.768421,0.084211,-0.442105,0.063158,-0.221053,-0.189474,-0.578947,-0.105263,-0.652632,-0.084211,-0.400000,-0.094737,-0.242105
T,Right,legacy_bisindo_T_844,0.000000,0.000000,0.282828,-0.111111,0.474747,-0.393939,0.383838,-0.707071,0.282828,-0.919192,0.414141,-0.696970,0.464646,-1.000000,0.474747,-0.838384,0.474747,-0.636364,0.212121,-0.676768,0.242424,-0.878788,0.252525,-0.616162,0.242424,-0.393939,0.010101,-0.626263,0.050505,-0.757576,0.070707,-0.474747,0.080808,-0.272727,-0.191919,-0.555556,-0.131313,-0.636364,-0.080808,-0.414141,-0.060606,-0.272727
T,Right,legacy_bisindo_T_845,0.000000,0.000000,0.278351,-0.092784,0.474227,-0.360825,0.391753,-0.659794,0.257732,-0.865979,0.432990,-0.680412,0.484536,-1.000000,0.474227,-0.824742,0.453608,-0.618557,0.226804,-0.680412,0.268041,-0.927835,0.278351,-0.670103,0.288660,-0.432990,0.030928,-0.639175,0.072165,-0.752577,0.092784,-0.463918,0.103093,-0.268041,-0.164948,-0.587629,-0.082474,-0.649485,-0.051546,-0.422680,-0.041237,-0.278351
T,Right,legacy_bisindo_T_846,0.000000,0.000000,0.297872,-0.117021,0.478723,-0.404255,0.404255,-0.712766,0.297872,-0.925532,0.446809,-0.702128,0.489362,-1.000000,0.478723,-0.819149,0.468085,-0.606383,0.234043,-0.691489,0.276596,-0.925532,0.276596,-0.659574,0.287234,-0.425532,0.031915,-0.659574,0.074468,-0.776596,0.095745,-0.489362,0.106383,-0.287234,-0.159574,-0.606383,-0.074468,-0.680851,-0.042553,-0.457447,-0.031915,-0.319149
T,Right,legacy_bisindo_T_847,0.000000,0.000000,0.282609,-0.108696,0.445652,-0.380435,0.347826,-0.673913,0.260870,-0.902174,0.423913,-0.717391,0.467391,-1.000000,0.467391,-0.793478,0.456522,-0.586957,0.217391,-0.717391,0.260870,-0.989130,0.282609,-0.760870,0.304348,-0.554348,0.021739,-0.673913,0.076087,-0.782609,0.108696,-0.521739,0.130435,-0.347826,-0.163043,-0.597826,-0.065217,-0.684783,-0.032609,-0.467391,-0.021739,-0.336957
T,Right,legacy_bisindo_T_848,0.000000,0.000000,0.288889,-0.088889,0.455556,-0.366667,0.355556,-0.666667,0.255556,-0.877778,0.433333,-0.700000,0.477778,-0.988889,0.477778,-0.788889,0.477778,-0.588889,0.233333,-0.700000,0.288889,-1.000000,0.311111,-0.766667,0.333333,-0.566667,0.033333,-0.666667,0.088889,-0.766667,0.122222,-0.488889,0.144444,-0.322222,-0.155556,-0.600000,-0.066667,-0.655556,-0.022222,-0.422222,-0.011111,-0.288889
T,Right,legacy_bisindo_T_849,0.000000,0.000000,0.303371,-0.101124,0.471910,-0.370787,0.370787,-0.674157,0.292135,-0.910112,0.449438,-0.696629,0.483146,-1.000000,0.483146,-0.808989,0.483146,-0.595506,0.235955,-0.696629,0.258427,-0.943820,0.280899,-0.685393,0.292135,-0.460674,0.033708,-0.651685,0.067416,-0.764045,0.101124,-0.471910,0.112360,-0.280899,-0.157303,-0.584270,-0.067416,-0.674157,-0.044944,-0.438202,-0.033708,-0.292135
T,Right,legacy_bisindo_T_850,0.000000,0.000000,0.300000,-0.122222,0.477778,-0.388889,0.377778,-0.688889,0.288889,-0.911111,0.455556,-0.700000,0.488889,-1.000000,0.488889,-0.833333,0.500000,-0.622222,0.222222,-0.666667,0.266667,-0.911111,0.277778,-0.633333,0.288889,-0.411111,0.011111,-0.622222,0.055556,-0.766667,0.077778,-0.466667,0.100000,-0.266667,-0.188889,-0.533333,-0.133333,-0.633333,-0.088889,-0.411111,-0.077778,-0.266667
T,Right,legacy_bisindo_T_851,0.000000,0.000000,0.311828,-0.118280,0.494624,-0.397849,0.397849,-0.709677,0.279570,-0.913978,0.419355,-0.688172,0.462366,-1.000000,0.494624,-0.913978,0.494624,-0.731183,0.204301,-0.677419,0.247312,-0.924731,0.258065,-0.688172,0.247312,-0.462366,0.000000,-0.634409,0.053763,-0.763441,0.075269,-0.483871,0.075269,-0.279570,-0.193548,-0.548387,-0.118280,-0.634409,-0.075269,-0.408602,-0.064516,-0.247312
T,Right,legacy_bisindo_T_852,0.000000,0.000000,0.310680,-0.116505,0.495146,-0.417476,0.388350,-0.737864,0.281553,-0.970874,0.427184,-0.679612,0.475728,-1.000000,0.504854,-0.873786,0.514563,-0.699029,0.213592,-0.669903,0.271845,-0.980583,0.300971,-0.747573,0.300971,-0.524272,0.009709,-0.621359,0.058252,-0.796117,0.067961,-0.475728,0.058252,-0.262136,-0.203883,-0.543689,-0.145631,-0.660194,-0.116505,-0.427184,-0.126214,-0.271845
T,Right,legacy_bisindo_T_853,0.000000,0.000000,0.319672,-0.122951,0.491803,-0.450820,0.360656,-0.770492,0.245902,-1.000000,0.401639,-0.688525,0.442623,-0.983607,0.475410,-0.926230,0.508197,-0.778689,0.180328,-0.680328,0.221311,-0.959016,0.237705,-0.713115,0.245902,-0.467213,-0.024590,-0.622951,0.016393,-0.811475,0.040984,-0.500000,0.040984,-0.270492,-0.237705,-0.532787,-0.172131,-0.663934,-0.139344,-0.426230,-0.131148,-0.262295
T,Right,legacy_bisindo_T_854,0.000000,0.000000,0.285714,-0.128571,0.450000,-0.450000,0.321429,-0.764286,0.235714,-1.000000,0.364286,-0.700000,0.407143,-0.992857,0.435714,-0.878571,0.457143,-0.692857,0.150000,-0.678571,0.185714,-0.914286,0.192857,-0.642857,0.192857,-0.400000,-0.042857,-0.621429,0.007143,-0.785714,0.021429,-0.485714,0.021429,-0.264286,-0.242857,-0.535714,-0.178571,-0.650000,-0.150000,-0.414286,-0.142857,-0.257143
T,Right,legacy_bisindo_T_855,0.000000,0.000000,0.275000,-0.137500,0.437500,-0.456250,0.325000,-0.750000,0.212500,-0.962500,0.343750,-0.693750,0.381250,-1.000000,0.425000,-0.843750,0.456250,-0.650000,0.143750,-0.662500,0.187500,-0.893750,0.200000,-0.625000,0.206250,-0.400000,-0.037500,-0.606250,0.012500,-0.775000,0.025000,-0.475000,0.025000,-0.275000,-0.218750,-0.525000,-0.156250,-0.618750,-0.131250,-0.406250,-0.118750,-0.268750
T,Right,legacy_bisindo_T_856,0.000000,0.000000,0.275862,-0.143678,0.448276,-0.465517,0.339080,-0.770115,0.241379,-0.994253,0.350575,-0.706897,0.402299,-1.000000,0.442529,-0.862069,0.459770,-0.672414,0.149425,-0.683908,0.206897,-0.919540,0.218391,-0.655172,0.218391,-0.431034,-0.034483,-0.626437,0.034483,-0.798851,0.040230,-0.500000,0.022989,-0.298851,-0.224138,-0.545977,-0.143678,-0.660920,-0.120690,-0.442529,-0.132184,-0.298851
T,Right,legacy_bisindo_T_857,0.000000,0.000000,0.289773,-0.159091,0.471591,-0.460227,0.369318,-0.772727,0.267045,-1.000000,0.375000,-0.710227,0.426136,-0.982955,0.465909,-0.869318,0.500000,-0.693182,0.176136,-0.693182,0.227273,-0.926136,0.227273,-0.670455,0.215909,-0.431818,-0.011364,-0.642045,0.045455,-0.812500,0.045455,-0.517045,0.028409,-0.306818,-0.210227,-0.562500,-0.136364,-0.670455,-0.113636,-0.454545,-0.107955,-0.306818
T,Right,legacy_bisindo_T_858,0.000000,0.000000,0.292135,-0.146067,0.477528,-0.455056,0.382022,-0.769663,0.286517,-1.000000,0.376404,-0.696629,0.432584,-0.977528,0.477528,-0.876404,0.511236,-0.696629,0.174157,-0.685393,0.230337,-0.943820,0.224719,-0.696629,0.219101,-0.455056,-0.011236,-0.640449,0.050562,-0.814607,0.044944,-0.511236,0.028090,-0.297753,-0.207865,-0.567416,-0.134831,-0.679775,-0.123596,-0.455056,-0.123596,-0.303371
T,Right,legacy_bisindo_T_859,0.000000,0.000000,0.294444,-0.150000,0.477778,-0.461111,0.372222,-0.772222,0.261111,-0.994444,0.372222,-0.711111,0.416667,-1.000000,0.461111,-0.883333,0.500000,-0.700000,0.166667,-0.694444,0.227778,-0.933333,0.222222,-0.672222,0.216667,-0.433333,-0.022222,-0.644444,0.044444,-0.811111,0.038889,-0.511111,0.022222,-0.300000,-0.216667,-0.566667,-0.138889,-0.672222,-0.116667,-0.450000,-0.116667,-0.300000
T,Right,legacy_bisindo_T_860,0.000000,0.000000,0.284211,-0.147368,0.463158,-0.463158,0.363158,-0.768421,0.263158,-1.000000,0.357895,-0.710526,0.415789,-0.984211,0.463158,-0.878947,0.494737,-0.700000,0.157895,-0.694737,0.221053,-0.942105,0.231579,-0.684211,0.231579,-0.442105,-0.031579,-0.642105,0.042105,-0.821053,0.042105,-0.510526,0.021053,-0.294737,-0.231579,-0.563158,-0.152632,-0.663158,-0.131579,-0.442105,-0.131579,-0.294737
T,Right,legacy_bisindo_T_861,0.000000,0.000000,0.282828,-0.151515,0.469697,-0.464646,0.363636,-0.772727,0.257576,-1.000000,0.353535,-0.712121,0.409091,-0.989899,0.464646,-0.883838,0.500000,-0.707071,0.161616,-0.696970,0.217172,-0.934343,0.222222,-0.671717,0.217172,-0.434343,-0.020202,-0.646465,0.050505,-0.813131,0.050505,-0.515152,0.035354,-0.303030,-0.212121,-0.570707,-0.126263,-0.671717,-0.101010,-0.444444,-0.106061,-0.297980
T,Right,legacy_bisindo_T_862,0.000000,0.000000,0.281407,-0.160804,0.477387,-0.467337,0.381910,-0.758794,0.271357,-0.969849,0.351759,-0.723618,0.407035,-1.000000,0.462312,-0.884422,0.497487,-0.708543,0.160804,-0.708543,0.231156,-0.934673,0.246231,-0.678392,0.241206,-0.442211,-0.020101,-0.663317,0.060302,-0.824121,0.055276,-0.522613,0.040201,-0.301508,-0.216080,-0.592965,-0.125628,-0.673367,-0.105528,-0.452261,-0.105528,-0.296482
T,Right,legacy_bisindo_T_863,0.000000,0.000000,0.282178,-0.158416,0.460396,-0.470297,0.351485,-0.772277,0.252475,-1.000000,0.336634,-0.717822,0.400990,-0.995050,0.455446,-0.881188,0.500000,-0.707921,0.148515,-0.702970,0.222772,-0.935644,0.232673,-0.678218,0.232673,-0.440594,-0.034653,-0.663366,0.054455,-0.806931,0.054455,-0.500000,0.039604,-0.282178,-0.227723,-0.594059,-0.118812,-0.668317,-0.099010,-0.435644,-0.099010,-0.282178
T,Right,legacy_bisindo_T_864,0.000000,0.000000,0.273585,-0.165094,0.448113,-0.471698,0.339623,-0.759434,0.226415,-0.976415,0.311321,-0.731132,0.372642,-1.000000,0.433962,-0.886792,0.481132,-0.707547,0.117925,-0.712264,0.193396,-0.924528,0.216981,-0.655660,0.226415,-0.410377,-0.061321,-0.665094,0.028302,-0.787736,0.042453,-0.476415,0.033019,-0.259434,-0.254717,-0.594340,-0.141509,-0.646226,-0.108491,-0.415094,-0.108491,-0.268868
T,Right,legacy_bisindo_T_865,0.000000,0.000000,0.268182,-0.168182,0.445455,-0.463636,0.331818,-0.754545,0.209091,-0.959091,0.313636,-0.722727,0.345455,-1.000000,0.395455,-0.900000,0.440909,-0.740909,0.127273,-0.700000,0.177273,-0.913636,0.181818,-0.659091,0.181818,-0.422727,-0.050000,-0.659091,0.013636,-0.781818,0.022727,-0.500000,0.022727,-0.286364,-0.236364,-0.586364,-0.154545,-0.650000,-0.122727,-0.431818,-0.109091,-0.277273
T,Right,legacy_bisindo_T_866,0.000000,0.000000,0.275229,-0.165138,0.435780,-0.486239,0.311927,-0.784404,0.192661,-1.000000,0.293578,-0.729358,0.344037,-0.990826,0.399083,-0.903670,0.449541,-0.752294,0.096330,-0.715596,0.160550,-0.922018,0.174312,-0.660550,0.183486,-0.412844,-0.082569,-0.674312,0.000000,-0.798165,0.018349,-0.495413,0.018349,-0.270642,-0.270642,-0.605505,-0.160550,-0.655963,-0.123853,-0.426606,-0.114679,-0.270642
T,Right,legacy_bisindo_T_867,0.000000,0.000000,0.279279,-0.126126,0.436937,-0.450450,0.315315,-0.743243,0.189189,-0.932432,0.279279,-0.707207,0.315315,-1.000000,0.378378,-0.873874,0.432432,-0.689189,0.081081,-0.675676,0.148649,-0.851351,0.180180,-0.581081,0.198198,-0.351351,-0.090090,-0.621622,-0.004505,-0.729730,0.031532,-0.436937,0.040541,-0.220721,-0.261261,-0.540541,-0.166667,-0.590090,-0.117117,-0.364865,-0.094595,-0.211712
T,Right,legacy_bisindo_T_868,0.000000,0.000000,0.278846,-0.158654,0.447115,-0.485577,0.336538,-0.783654,0.225962,-1.000000,0.336538,-0.721154,0.375000,-0.947115,0.365385,-0.985577,0.355769,-0.951923,0.129808,-0.721154,0.177885,-0.884615,0.187500,-0.653846,0.192308,-0.413462,-0.052885,-0.687500,0.014423,-0.769231,0.033654,-0.500000,0.038462,-0.278846,-0.240385,-0.625000,-0.153846,-0.673077,-0.115385,-0.466346,-0.100962,-0.307692
T,Right,legacy_bisindo_T_869,0.000000,0.000000,0.286432,-0.130653,0.467337,-0.437186,0.366834,-0.738693,0.271357,-0.954774,0.346734,-0.713568,0.417085,-1.000000,0.467337,-0.844221,0.487437,-0.633166,0.145729,-0.708543,0.211055,-0.864322,0.216080,-0.592965,0.211055,-0.351759,-0.045226,-0.673367,0.030151,-0.738693,0.045226,-0.457286,0.045226,-0.241206,-0.231156,-0.613065,-0.150754,-0.623116,-0.110553,-0.407035,-0.095477,-0.256281
T,Right,legacy_bisindo_T_870,0.000000,0.000000,0.302083,-0.114583,0.520833,-0.395833,0.458333,-0.692708,0.395833,-0.906250,0.375000,-0.703125,0.432292,-0.973958,0.463542,-1.000000,0.500000,-0.963542,0.187500,-0.713542,0.281250,-0.869792,0.250000,-0.635417,0.223958,-0.406250,0.010417,-0.692708,0.109375,-0.750000,0.093750,-0.484375,0.078125,-0.265625,-0.177083,-0.640625,-0.072917,-0.651042,-0.046875,-0.447917,-0.036458,-0.291667
T,Right,legacy_bisindo_T_871,0.000000,0.000000,0.291262,-0.087379,0.495146,-0.368932,0.441748,-0.660194,0.383495,-0.859223,0.334951,-0.606796,0.383495,-0.800971,0.407767,-0.917476,0.441748,-1.000000,0.155340,-0.621359,0.252427,-0.771845,0.228155,-0.553398,0.203883,-0.344660,-0.009709,-0.606796,0.101942,-0.684466,0.087379,-0.427184,0.063107,-0.218447,-0.184466,-0.567961,-0.063107,-0.601942,-0.043689,-0.402913,-0.048544,-0.242718
T,Right,legacy_bisindo_T_872,0.000000,0.000000,0.307292,-0.031250,0.531250,-0.343750,0.463542,-0.651042,0.385417,-0.859375,0.359375,-0.593750,0.411458,-0.760417,0.427083,-0.895833,0.453125,-1.000000,0.161458,-0.619792,0.260417,-0.791667,0.250000,-0.567708,0.239583,-0.348958,-0.020833,-0.614583,0.104167,-0.687500,0.088542,-0.421875,0.067708,-0.218750,-0.213542,-0.572917,-0.078125,-0.598958,-0.057292,-0.375000,-0.067708,-0.218750
T,Right,legacy_bisindo_T_873,0.000000,0.000000,0.312169,-0.042328,0.529101,-0.365079,0.481481,-0.687831,0.460317,-0.931217,0.328042,-0.587302,0.407407,-0.740741,0.444444,-0.883598,0.486772,-1.000000,0.137566,-0.629630,0.280423,-0.814815,0.275132,-0.571429,0.259259,-0.338624,-0.042328,-0.629630,0.132275,-0.708995,0.105820,-0.412698,0.074074,-0.201058,-0.238095,-0.597884,-0.052910,-0.613757,-0.042328,-0.370370,-0.068783,-0.201058
T,Right,legacy_bisindo_T_874,0.000000,0.000000,0.321053,-0.042105,0.531579,-0.363158,0.473684,-0.684211,0.447368,-0.931579,0.352632,-0.568421,0.426316,-0.731579,0.452632,-0.873684,0.489474,-1.000000,0.157895,-0.610526,0.289474,-0.800000,0.273684,-0.557895,0.247368,-0.326316,-0.031579,-0.610526,0.126316,-0.700000,0.100000,-0.405263,0.068421,-0.189474,-0.226316,-0.584211,-0.057895,-0.615789,-0.047368,-0.373684,-0.068421,-0.210526
T,Right,legacy_bisindo_T_875,0.000000,0.000000,0.331551,-0.053476,0.540107,-0.379679,0.470588,-0.705882,0.443850,-0.951872,0.358289,-0.577540,0.433155,-0.737968,0.465241,-0.882353,0.491979,-1.000000,0.155080,-0.620321,0.288770,-0.812834,0.272727,-0.566845,0.245989,-0.331551,-0.032086,-0.620321,0.128342,-0.716578,0.106952,-0.422460,0.069519,-0.203209,-0.229947,-0.588235,-0.053476,-0.620321,-0.048128,-0.379679,-0.074866,-0.213904
T,Right,legacy_bisindo_T_876,0.000000,0.000000,0.319767,-0.081395,0.523256,-0.412791,0.453488,-0.732558,0.447674,-0.976744,0.313953,-0.703488,0.395349,-0.860465,0.447674,-0.941860,0.511628,-1.000000,0.110465,-0.726744,0.273256,-0.819767,0.261628,-0.569767,0.232558,-0.348837,-0.063953,-0.697674,0.116279,-0.709302,0.093023,-0.430233,0.058140,-0.226744,-0.250000,-0.633721,-0.063953,-0.622093,-0.046512,-0.401163,-0.063953,-0.244186
T,Right,legacy_bisindo_T_877,0.000000,0.000000,0.331288,-0.079755,0.564417,-0.404908,0.515337,-0.723926,0.484663,-0.963190,0.325153,-0.736196,0.417178,-0.883436,0.460123,-0.950920,0.509202,-1.000000,0.122699,-0.760736,0.288344,-0.846626,0.269939,-0.576687,0.239264,-0.349693,-0.042945,-0.736196,0.134969,-0.730061,0.110429,-0.447853,0.073620,-0.239264,-0.220859,-0.674847,-0.036810,-0.656442,-0.030675,-0.429448,-0.049080,-0.269939
T,Right,legacy_bisindo_T_878,0.000000,0.000000,0.337748,-0.112583,0.576159,-0.430464,0.543046,-0.754967,0.509934,-1.000000,0.403974,-0.768212,0.523179,-0.986755,0.576159,-1.000000,0.609272,-0.947020,0.198675,-0.788079,0.364238,-0.887417,0.350993,-0.635762,0.304636,-0.403974,0.006623,-0.768212,0.192053,-0.774834,0.172185,-0.496689,0.125828,-0.278146,-0.185430,-0.708609,0.006623,-0.688742,0.013245,-0.470199,-0.013245,-0.304636
T,Right,legacy_bisindo_T_879,0.000000,0.000000,0.312500,-0.125000,0.506944,-0.423611,0.423611,-0.729167,0.333333,-0.937500,0.361111,-0.715278,0.458333,-1.000000,0.527778,-0.861111,0.555556,-0.652778,0.159722,-0.722222,0.277778,-0.819444,0.250000,-0.548611,0.208333,-0.312500,-0.027778,-0.694444,0.118056,-0.708333,0.097222,-0.437500,0.062500,-0.215278,-0.208333,-0.638889,-0.062500,-0.625000,-0.034722,-0.423611,-0.034722,-0.270833
T,Right,legacy_bisindo_T_880,0.000000,0.000000,0.317829,-0.155039,0.511628,-0.457364,0.418605,-0.759690,0.333333,-0.984496,0.356589,-0.736434,0.472868,-1.000000,0.542636,-0.852713,0.565891,-0.651163,0.155039,-0.751938,0.286822,-0.875969,0.255814,-0.589147,0.209302,-0.341085,-0.031008,-0.728682,0.131783,-0.759690,0.100775,-0.465116,0.054264,-0.232558,-0.224806,-0.689922,-0.054264,-0.666667,-0.038760,-0.449612,-0.046512,-0.302326
T,Right,legacy_bisindo_T_881,0.000000,0.000000,0.316667,-0.150000,0.508333,-0.458333,0.416667,-0.758333,0.333333,-0.983333,0.350000,-0.741667,0.458333,-1.000000,0.533333,-0.866667,0.575000,-0.675000,0.150000,-0.758333,0.275000,-0.866667,0.241667,-0.591667,0.191667,-0.350000,-0.041667,-0.741667,0.116667,-0.766667,0.091667,-0.475000,0.050000,-0.241667,-0.225000,-0.691667,-0.075000,-0.683333,-0.041667,-0.466667,-0.041667,-0.316667
T,Right,legacy_bisindo_T_882,0.000000,0.000000,0.315789,-0.157895,0.491228,-0.464912,0.385965,-0.763158,0.315789,-1.000000,0.342105,-0.736842,0.438596,-0.991228,0.508772,-0.868421,0.552632,-0.666667,0.140351,-0.754386,0.254386,-0.894737,0.236842,-0.622807,0.201754,-0.385965,-0.052632,-0.736842,0.105263,-0.771930,0.087719,-0.464912,0.061404,-0.236842,-0.236842,-0.684211,-0.078947,-0.666667,-0.052632,-0.447368,-0.043860,-0.307018
T,Right,legacy_bisindo_T_883,0.000000,0.000000,0.323810,-0.104762,0.542857,-0.390476,0.466667,-0.704762,0.371429,-0.933333,0.419048,-0.723810,0.523810,-1.000000,0.580952,-0.847619,0.590476,-0.628571,0.209524,-0.752381,0.323810,-0.876190,0.304762,-0.600000,0.247619,-0.361905,0.009524,-0.733333,0.142857,-0.742857,0.123810,-0.447619,0.076190,-0.238095,-0.190476,-0.685714,-0.047619,-0.647619,-0.028571,-0.428571,-0.038095,-0.276190
T,Right,legacy_bisindo_T_884,0.000000,0.000000,0.330097,-0.097087,0.543689,-0.378641,0.495146,-0.660194,0.407767,-0.873786,0.417476,-0.728155,0.533981,-1.000000,0.592233,-0.844660,0.592233,-0.621359,0.213592,-0.747573,0.339806,-0.844660,0.300971,-0.563107,0.252427,-0.330097,0.019417,-0.728155,0.155340,-0.737864,0.116505,-0.446602,0.077670,-0.233010,-0.184466,-0.689320,-0.038835,-0.660194,-0.009709,-0.446602,-0.019417,-0.300971
T,Right,legacy_bisindo_T_885,0.000000,0.000000,0.326531,-0.091837,0.561224,-0.367347,0.500000,-0.663265,0.397959,-0.877551,0.428571,-0.714286,0.551020,-1.000000,0.612245,-0.836735,0.622449,-0.622449,0.214286,-0.734694,0.357143,-0.836735,0.306122,-0.551020,0.234694,-0.306122,0.020408,-0.714286,0.153061,-0.744898,0.122449,-0.448980,0.071429,-0.224490,-0.173469,-0.673469,-0.040816,-0.683673,-0.010204,-0.479592,-0.010204,-0.326531
T,Right,legacy_bisindo_T_886,0.000000,0.000000,0.326316,-0.094737,0.568421,-0.347368,0.526316,-0.610526,0.389474,-0.800000,0.442105,-0.705263,0.536842,-1.000000,0.589474,-0.852632,0.600000,-0.642105,0.231579,-0.705263,0.326316,-0.831579,0.273684,-0.547368,0.221053,-0.315789,0.031579,-0.684211,0.115789,-0.736842,0.094737,-0.463158,0.063158,-0.252632,-0.168421,-0.642105,-0.084211,-0.663158,-0.052632,-0.463158,-0.052632,-0.305263
T,Right,legacy_bisindo_T_887,0.000000,0.000000,0.311828,-0.107527,0.526882,-0.387097,0.451613,-0.655914,0.301075,-0.817204,0.419355,-0.720430,0.505376,-1.000000,0.559140,-0.838710,0.580645,-0.612903,0.193548,-0.731183,0.279570,-0.849462,0.301075,-0.591398,0.311828,-0.376344,-0.010753,-0.698925,0.064516,-0.752688,0.086022,-0.483871,0.086022,-0.279570,-0.215054,-0.634409,-0.118280,-0.655914,-0.064516,-0.451613,-0.053763,-0.290323
T,Right,legacy_bisindo_T_888,0.000000,0.000000,0.291667,-0.104167,0.500000,-0.375000,0.416667,-0.677083,0.302083,-0.885417,0.416667,-0.687500,0.479167,-1.000000,0.500000,-0.833333,0.500000,-0.625000,0.208333,-0.677083,0.260417,-0.854167,0.250000,-0.583333,0.218750,-0.354167,0.020833,-0.645833,0.072917,-0.750000,0.072917,-0.468750,0.062500,-0.260417,-0.177083,-0.583333,-0.104167,-0.656250,-0.072917,-0.447917,-0.072917,-0.281250
T,Right,legacy_bisindo_T_889,0.000000,0.000000,0.278351,-0.113402,0.494845,-0.371134,0.432990,-0.618557,0.288660,-0.793814,0.391753,-0.701031,0.453608,-1.000000,0.484536,-0.845361,0.484536,-0.649485,0.195876,-0.690722,0.257732,-0.865979,0.278351,-0.618557,0.288660,-0.402062,0.010309,-0.649485,0.061856,-0.742268,0.092784,-0.484536,0.092784,-0.288660,-0.185567,-0.587629,-0.113402,-0.639175,-0.072165,-0.432990,-0.061856,-0.278351
T,Right,legacy_bisindo_T_890,0.000000,0.000000,0.280000,-0.120000,0.470000,-0.390000,0.380000,-0.670000,0.260000,-0.870000,0.390000,-0.710000,0.440000,-1.000000,0.460000,-0.830000,0.470000,-0.620000,0.180000,-0.700000,0.240000,-0.910000,0.260000,-0.660000,0.270000,-0.430000,-0.020000,-0.660000,0.040000,-0.750000,0.060000,-0.470000,0.070000,-0.280000,-0.210000,-0.590000,-0.130000,-0.640000,-0.090000,-0.430000,-0.090000,-0.280000
T,Right,legacy_bisindo_T_891,0.000000,0.000000,0.280374,-0.102804,0.476636,-0.383178,0.364486,-0.654206,0.242991,-0.850467,0.383178,-0.700935,0.448598,-1.000000,0.467290,-0.822430,0.467290,-0.626168,0.177570,-0.682243,0.252336,-0.925234,0.271028,-0.672897,0.280374,-0.467290,-0.009346,-0.635514,0.056075,-0.747664,0.074766,-0.467290,0.084112,-0.271028,-0.196262,-0.560748,-0.112150,-0.626168,-0.074766,-0.411215,-0.074766,-0.261682
T,Right,legacy_bisindo_T_892,0.000000,0.000000,0.279279,-0.108108,0.459459,-0.387387,0.351351,-0.666667,0.225225,-0.864865,0.387387,-0.693694,0.441441,-1.000000,0.450450,-0.810811,0.450450,-0.612613,0.189189,-0.675676,0.234234,-0.927928,0.252252,-0.666667,0.261261,-0.459459,-0.009009,-0.621622,0.027027,-0.765766,0.054054,-0.468468,0.063063,-0.270270,-0.198198,-0.531532,-0.144144,-0.639640,-0.108108,-0.423423,-0.099099,-0.279279
T,Right,legacy_bisindo_T_893,0.000000,0.000000,0.285714,-0.126050,0.462185,-0.394958,0.361345,-0.680672,0.243697,-0.890756,0.386555,-0.689076,0.436975,-1.000000,0.445378,-0.831933,0.445378,-0.621849,0.184874,-0.663866,0.226891,-0.915966,0.226891,-0.647059,0.226891,-0.420168,0.000000,-0.605042,0.033613,-0.764706,0.042017,-0.470588,0.050420,-0.268908,-0.193277,-0.521008,-0.151261,-0.638655,-0.117647,-0.428571,-0.109244,-0.268908
T,Right,legacy_bisindo_T_894,0.000000,0.000000,0.292683,-0.113821,0.487805,-0.398374,0.390244,-0.707317,0.284553,-0.926829,0.422764,-0.682927,0.471545,-1.000000,0.487805,-0.845528,0.487805,-0.650407,0.211382,-0.666667,0.260163,-0.934959,0.260163,-0.674797,0.252033,-0.447154,0.016260,-0.626016,0.056911,-0.780488,0.056911,-0.487805,0.056911,-0.276423,-0.178862,-0.544715,-0.130081,-0.650407,-0.105691,-0.422764,-0.105691,-0.268293
T,Right,legacy_bisindo_T_895,0.000000,0.000000,0.310606,-0.121212,0.500000,-0.416667,0.393939,-0.750000,0.295455,-0.984848,0.431818,-0.696970,0.492424,-1.000000,0.507576,-0.856061,0.507576,-0.659091,0.219697,-0.689394,0.280303,-0.954545,0.272727,-0.681818,0.257576,-0.439394,0.015152,-0.643939,0.075758,-0.818182,0.068182,-0.507576,0.045455,-0.287879,-0.189394,-0.575758,-0.128788,-0.689394,-0.113636,-0.454545,-0.121212,-0.295455
T,Right,legacy_bisindo_T_896,0.000000,0.000000,0.288732,-0.126761,0.478873,-0.429577,0.373239,-0.746479,0.267606,-0.971831,0.401408,-0.683099,0.457746,-1.000000,0.478873,-0.845070,0.478873,-0.640845,0.197183,-0.669014,0.260563,-0.922535,0.253521,-0.640845,0.239437,-0.401408,0.007042,-0.626761,0.063380,-0.802817,0.056338,-0.485915,0.035211,-0.281690,-0.197183,-0.563380,-0.126761,-0.661972,-0.112676,-0.436620,-0.119718,-0.288732
T,Right,legacy_bisindo_T_897,0.000000,0.000000,0.290541,-0.135135,0.466216,-0.439189,0.358108,-0.756757,0.277027,-0.986486,0.398649,-0.689189,0.445946,-1.000000,0.472973,-0.851351,0.479730,-0.648649,0.189189,-0.675676,0.250000,-0.905405,0.250000,-0.628378,0.229730,-0.398649,0.000000,-0.628378,0.067568,-0.804054,0.060811,-0.493243,0.033784,-0.290541,-0.195946,-0.560811,-0.121622,-0.662162,-0.108108,-0.432432,-0.114865,-0.290541
T,Right,legacy_bisindo_T_898,0.000000,0.000000,0.288462,-0.141026,0.506410,-0.416667,0.429487,-0.705128,0.314103,-0.916667,0.378205,-0.711538,0.429487,-1.000000,0.474359,-0.942308,0.506410,-0.788462,0.179487,-0.711538,0.250000,-0.916667,0.256410,-0.673077,0.243590,-0.429487,-0.012821,-0.673077,0.076923,-0.820513,0.064103,-0.525641,0.038462,-0.301282,-0.217949,-0.602564,-0.128205,-0.679487,-0.108974,-0.461538,-0.108974,-0.301282
T,Right,legacy_bisindo_T_899,0.000000,0.000000,0.295181,-0.120482,0.500000,-0.409639,0.403614,-0.710843,0.289157,-0.927711,0.373494,-0.686747,0.445783,-1.000000,0.500000,-0.873494,0.524096,-0.668675,0.174699,-0.680723,0.259036,-0.891566,0.253012,-0.620482,0.228916,-0.385542,-0.012048,-0.644578,0.090361,-0.795181,0.078313,-0.493976,0.048193,-0.271084,-0.204819,-0.584337,-0.096386,-0.656627,-0.084337,-0.427711,-0.090361,-0.271084
T,Right,legacy_bisindo_T_900,0.000000,0.000000,0.303371,-0.140449,0.516854,-0.421348,0.443820,-0.713483,0.337079,-0.915730,0.387640,-0.696629,0.449438,-1.000000,0.505618,-0.904494,0.533708,-0.730337,0.191011,-0.691011,0.275281,-0.898876,0.275281,-0.646067,0.252809,-0.410112,0.005618,-0.657303,0.112360,-0.797753,0.101124,-0.505618,0.067416,-0.286517,-0.191011,-0.601124,-0.078652,-0.674157,-0.061798,-0.455056,-0.067416,-0.297753
T,Right,legacy_bisindo_T_901,0.000000,0.000000,0.331492,-0.160221,0.530387,-0.458564,0.453039,-0.767956,0.386740,-1.000000,0.436464,-0.685083,0.486188,-0.961326,0.513812,-0.988950,0.530387,-0.928177,0.237569,-0.707182,0.298343,-0.944751,0.270718,-0.707182,0.243094,-0.458564,0.044199,-0.690608,0.132597,-0.845304,0.093923,-0.541436,0.055249,-0.309392,-0.171271,-0.646409,-0.066298,-0.723757,-0.066298,-0.497238,-0.082873,-0.331492
T,Right,legacy_bisindo_T_902,0.000000,0.000000,0.318182,-0.156566,0.525253,-0.449495,0.439394,-0.757576,0.333333,-0.974747,0.393939,-0.717172,0.474747,-1.000000,0.535354,-0.904040,0.565657,-0.722222,0.207071,-0.717172,0.292929,-0.934343,0.277778,-0.671717,0.242424,-0.419192,0.025253,-0.691919,0.141414,-0.818182,0.111111,-0.520202,0.070707,-0.287879,-0.176768,-0.646465,-0.055556,-0.702020,-0.045455,-0.469697,-0.060606,-0.303030
T,Right,legacy_bisindo_T_903,0.000000,0.000000,0.312195,-0.146341,0.526829,-0.443902,0.443902,-0.756098,0.326829,-0.975610,0.404878,-0.712195,0.487805,-1.000000,0.541463,-0.921951,0.575610,-0.756098,0.209756,-0.721951,0.292683,-0.941463,0.273171,-0.668293,0.239024,-0.409756,0.024390,-0.697561,0.136585,-0.829268,0.107317,-0.521951,0.068293,-0.292683,-0.175610,-0.653659,-0.053659,-0.712195,-0.043902,-0.482927,-0.063415,-0.321951
T,Right,legacy_bisindo_T_904,0.000000,0.000000,0.305556,-0.138889,0.523148,-0.439815,0.439815,-0.745370,0.305556,-0.958333,0.393519,-0.712963,0.467593,-1.000000,0.518519,-0.935185,0.555556,-0.782407,0.203704,-0.722222,0.282407,-0.930556,0.254630,-0.666667,0.226852,-0.407407,0.013889,-0.699074,0.115741,-0.819444,0.083333,-0.513889,0.055556,-0.287037,-0.185185,-0.648148,-0.074074,-0.699074,-0.064815,-0.472222,-0.074074,-0.314815
T,Right,legacy_bisindo_T_905,0.000000,0.000000,0.300000,-0.129167,0.504167,-0.433333,0.429167,-0.741667,0.341667,-0.975000,0.395833,-0.704167,0.462500,-1.000000,0.516667,-0.875000,0.545833,-0.679167,0.204167,-0.708333,0.279167,-0.904167,0.262500,-0.625000,0.237500,-0.375000,0.020833,-0.679167,0.104167,-0.791667,0.087500,-0.487500,0.058333,-0.262500,-0.179167,-0.633333,-0.075000,-0.670833,-0.066667,-0.441667,-0.075000,-0.291667
T,Right,legacy_bisindo_T_906,0.000000,0.000000,0.300781,-0.140625,0.500000,-0.437500,0.421875,-0.746094,0.335938,-0.984375,0.410156,-0.707031,0.492188,-1.000000,0.542969,-0.835938,0.566406,-0.632812,0.214844,-0.707031,0.296875,-0.921875,0.292969,-0.652344,0.277344,-0.421875,0.027344,-0.675781,0.121094,-0.800781,0.105469,-0.496094,0.078125,-0.285156,-0.171875,-0.621094,-0.070312,-0.679688,-0.054688,-0.457031,-0.066406,-0.308594
T,Right,legacy_bisindo_T_907,0.000000,0.000000,0.310345,-0.145594,0.517241,-0.444444,0.444444,-0.758621,0.363985,-1.000000,0.425287,-0.716475,0.505747,-0.992337,0.555556,-0.854406,0.586207,-0.659004,0.226054,-0.724138,0.314176,-0.911877,0.298851,-0.639847,0.275862,-0.398467,0.042146,-0.701149,0.137931,-0.804598,0.122605,-0.509579,0.095785,-0.291188,-0.157088,-0.651341,-0.049808,-0.681992,-0.038314,-0.459770,-0.045977,-0.310345
T,Right,legacy_bisindo_T_908,0.000000,0.000000,0.302239,-0.138060,0.511194,-0.440299,0.429104,-0.753731,0.343284,-0.992537,0.429104,-0.716418,0.507463,-1.000000,0.555970,-0.850746,0.578358,-0.652985,0.223881,-0.720149,0.302239,-0.936567,0.294776,-0.664179,0.272388,-0.417910,0.029851,-0.690299,0.115672,-0.805970,0.104478,-0.503731,0.082090,-0.283582,-0.171642,-0.638060,-0.070896,-0.697761,-0.055970,-0.473881,-0.059701,-0.317164
T,Right,legacy_bisindo_T_909,0.000000,0.000000,0.289286,-0.139286,0.492857,-0.421429,0.417857,-0.710714,0.317857,-0.925000,0.407143,-0.703571,0.471429,-1.000000,0.517857,-0.846429,0.542857,-0.653571,0.214286,-0.700000,0.285714,-0.903571,0.282143,-0.632143,0.267857,-0.396429,0.028571,-0.671429,0.110714,-0.785714,0.103571,-0.500000,0.085714,-0.289286,-0.160714,-0.617857,-0.067857,-0.678571,-0.046429,-0.471429,-0.050000,-0.321429
T,Right,legacy_bisindo_T_910,0.000000,0.000000,0.293907,-0.154122,0.476703,-0.455197,0.390681,-0.749104,0.297491,-0.971326,0.408602,-0.713262,0.458781,-1.000000,0.480287,-0.838710,0.491039,-0.641577,0.207885,-0.706093,0.268817,-0.924731,0.275986,-0.663082,0.275986,-0.433692,0.021505,-0.673835,0.089606,-0.792115,0.093190,-0.508961,0.082437,-0.297491,-0.172043,-0.616487,-0.075269,-0.691756,-0.057348,-0.480287,-0.057348,-0.326165
T,Right,legacy_bisindo_T_911,0.000000,0.000000,0.281139,-0.156584,0.455516,-0.455516,0.366548,-0.747331,0.277580,-0.975089,0.377224,-0.722420,0.423488,-1.000000,0.462633,-0.846975,0.483986,-0.651246,0.185053,-0.711744,0.238434,-0.918149,0.245552,-0.654804,0.241993,-0.427046,0.003559,-0.672598,0.071174,-0.793594,0.074733,-0.508897,0.060498,-0.298932,-0.188612,-0.612100,-0.096085,-0.679715,-0.074733,-0.466192,-0.078292,-0.320285
T,Right,legacy_bisindo_T_912,0.000000,0.000000,0.274021,-0.149466,0.459075,-0.444840,0.377224,-0.736655,0.274021,-0.960854,0.370107,-0.711744,0.419929,-1.000000,0.459075,-0.850534,0.480427,-0.654804,0.181495,-0.701068,0.224199,-0.914591,0.231317,-0.647687,0.224199,-0.416370,-0.003559,-0.665480,0.060498,-0.793594,0.064057,-0.501779,0.053381,-0.298932,-0.192171,-0.601423,-0.110320,-0.669039,-0.085409,-0.459075,-0.081851,-0.313167
T,Right,legacy_bisindo_T_913,0.000000,0.000000,0.276596,-0.152482,0.453901,-0.450355,0.361702,-0.748227,0.258865,-0.975177,0.368794,-0.716312,0.411348,-1.000000,0.446809,-0.840426,0.468085,-0.641844,0.173759,-0.702128,0.226950,-0.907801,0.230496,-0.638298,0.223404,-0.411348,-0.007092,-0.666667,0.060284,-0.790780,0.063830,-0.503546,0.056738,-0.301418,-0.195035,-0.602837,-0.102837,-0.663121,-0.078014,-0.453901,-0.074468,-0.312057
T,Right,legacy_bisindo_T_914,0.000000,0.000000,0.276978,-0.151079,0.449640,-0.449640,0.359712,-0.751799,0.269784,-0.985612,0.370504,-0.715827,0.417266,-1.000000,0.460432,-0.848921,0.485612,-0.654676,0.176259,-0.708633,0.226619,-0.917266,0.230216,-0.651079,0.223022,-0.420863,-0.007194,-0.676259,0.061151,-0.787770,0.064748,-0.500000,0.053957,-0.291367,-0.197842,-0.611511,-0.104317,-0.669065,-0.079137,-0.453237,-0.079137,-0.309353
T,Right,legacy_bisindo_T_915,0.000000,0.000000,0.281588,-0.158845,0.451264,-0.462094,0.353791,-0.761733,0.259928,-0.992780,0.353791,-0.725632,0.397112,-1.000000,0.433213,-0.851986,0.462094,-0.667870,0.158845,-0.714801,0.216606,-0.909747,0.220217,-0.642599,0.216606,-0.411552,-0.025271,-0.675090,0.050542,-0.794224,0.057762,-0.505415,0.050542,-0.296029,-0.212996,-0.610108,-0.111913,-0.675090,-0.079422,-0.465704,-0.079422,-0.317690
T,Right,legacy_bisindo_T_916,0.000000,0.000000,0.289377,-0.153846,0.468864,-0.457875,0.377289,-0.758242,0.274725,-0.989011,0.358974,-0.725275,0.421245,-1.000000,0.465201,-0.886447,0.490842,-0.714286,0.164835,-0.721612,0.230769,-0.923077,0.230769,-0.659341,0.223443,-0.413919,-0.018315,-0.688645,0.069597,-0.802198,0.065934,-0.509158,0.051282,-0.293040,-0.205128,-0.626374,-0.095238,-0.681319,-0.073260,-0.468864,-0.076923,-0.318681
T,Right,legacy_bisindo_T_917,0.000000,0.000000,0.273381,-0.154676,0.449640,-0.456835,0.356115,-0.751799,0.248201,-0.974820,0.341727,-0.719424,0.392086,-1.000000,0.446043,-0.863309,0.482014,-0.676259,0.154676,-0.708633,0.208633,-0.913669,0.215827,-0.651079,0.215827,-0.420863,-0.025180,-0.669065,0.050360,-0.787770,0.053957,-0.500000,0.046763,-0.291367,-0.208633,-0.604317,-0.111511,-0.665468,-0.086331,-0.456835,-0.082734,-0.309353
T,Right,legacy_bisindo_T_918,0.000000,0.000000,0.278571,-0.157143,0.460714,-0.450000,0.378571,-0.739286,0.267857,-0.953571,0.360714,-0.714286,0.403571,-1.000000,0.450000,-0.871429,0.478571,-0.692857,0.175000,-0.703571,0.221429,-0.914286,0.221429,-0.653571,0.217857,-0.425000,-0.003571,-0.667857,0.067857,-0.789286,0.067857,-0.507143,0.060714,-0.296429,-0.185714,-0.607143,-0.096429,-0.667857,-0.071429,-0.460714,-0.064286,-0.314286
T,Right,legacy_bisindo_T_919,0.000000,0.000000,0.268817,-0.154122,0.448029,-0.448029,0.362007,-0.738351,0.243728,-0.949821,0.340502,-0.713262,0.383513,-1.000000,0.433692,-0.870968,0.462366,-0.695341,0.154122,-0.702509,0.200717,-0.910394,0.204301,-0.648746,0.204301,-0.419355,-0.021505,-0.666667,0.046595,-0.781362,0.050179,-0.498208,0.046595,-0.290323,-0.204301,-0.602151,-0.114695,-0.666667,-0.086022,-0.462366,-0.078853,-0.315412
T,Right,legacy_bisindo_T_920,0.000000,0.000000,0.266904,-0.163701,0.437722,-0.448399,0.348754,-0.729537,0.238434,-0.939502,0.320285,-0.718861,0.355872,-1.000000,0.398577,-0.868327,0.434164,-0.693950,0.131673,-0.701068,0.185053,-0.889680,0.195730,-0.626335,0.199288,-0.402135,-0.042705,-0.658363,0.032028,-0.765125,0.042705,-0.480427,0.039146,-0.277580,-0.224199,-0.594306,-0.131673,-0.654804,-0.096085,-0.451957,-0.092527,-0.306050
T,Right,legacy_bisindo_T_921,0.000000,0.000000,0.268817,-0.172043,0.440860,-0.458781,0.354839,-0.749104,0.247312,-0.967742,0.340502,-0.720430,0.379928,-1.000000,0.419355,-0.881720,0.448029,-0.709677,0.154122,-0.713262,0.204301,-0.899642,0.204301,-0.641577,0.197133,-0.412186,-0.021505,-0.681004,0.050179,-0.777778,0.050179,-0.501792,0.046595,-0.293907,-0.207885,-0.623656,-0.114695,-0.677419,-0.089606,-0.476703,-0.086022,-0.329749
T,Right,legacy_bisindo_T_922,0.000000,0.000000,0.277978,-0.162455,0.451264,-0.447653,0.361011,-0.732852,0.238267,-0.942238,0.339350,-0.722022,0.382671,-1.000000,0.429603,-0.862816,0.458484,-0.682310,0.151625,-0.707581,0.205776,-0.895307,0.216606,-0.628159,0.209386,-0.400722,-0.025271,-0.667870,0.054152,-0.779783,0.054152,-0.494585,0.043321,-0.288809,-0.209386,-0.610108,-0.115523,-0.671480,-0.090253,-0.465704,-0.090253,-0.321300
T,Right,legacy_bisindo_T_923,0.000000,0.000000,0.271739,-0.166667,0.449275,-0.463768,0.358696,-0.753623,0.246377,-0.974638,0.333333,-0.728261,0.380435,-1.000000,0.423913,-0.873188,0.456522,-0.699275,0.144928,-0.713768,0.202899,-0.905797,0.210145,-0.644928,0.213768,-0.420290,-0.032609,-0.673913,0.050725,-0.786232,0.054348,-0.503623,0.043478,-0.297101,-0.213768,-0.608696,-0.115942,-0.670290,-0.086957,-0.467391,-0.086957,-0.322464
T,Right,legacy_bisindo_T_924,0.000000,0.000000,0.279570,-0.168459,0.448029,-0.458781,0.354839,-0.731183,0.240143,-0.942652,0.315412,-0.720430,0.369176,-1.000000,0.430108,-0.845878,0.465950,-0.655914,0.132616,-0.702509,0.207885,-0.885305,0.218638,-0.616487,0.207885,-0.390681,-0.039427,-0.659498,0.057348,-0.767025,0.064516,-0.487455,0.050179,-0.286738,-0.215054,-0.598566,-0.103943,-0.659498,-0.071685,-0.458781,-0.071685,-0.315412
T,Right,legacy_bisindo_T_925,0.000000,0.000000,0.265233,-0.150538,0.455197,-0.444444,0.372760,-0.731183,0.261649,-0.942652,0.340502,-0.709677,0.390681,-1.000000,0.437276,-0.863799,0.469534,-0.684588,0.157706,-0.698925,0.215054,-0.896057,0.218638,-0.630824,0.207885,-0.401434,-0.017921,-0.659498,0.057348,-0.781362,0.053763,-0.494624,0.043011,-0.290323,-0.200717,-0.602151,-0.114695,-0.666667,-0.089606,-0.458781,-0.089606,-0.318996
T,Right,legacy_bisindo_T_926,0.000000,0.000000,0.272401,-0.157706,0.451613,-0.458781,0.365591,-0.745520,0.258065,-0.960573,0.329749,-0.720430,0.379928,-1.000000,0.430108,-0.870968,0.462366,-0.695341,0.146953,-0.706093,0.211470,-0.899642,0.218638,-0.637993,0.215054,-0.408602,-0.028674,-0.666667,0.053763,-0.774194,0.057348,-0.487455,0.046595,-0.283154,-0.211470,-0.602151,-0.114695,-0.663082,-0.086022,-0.455197,-0.086022,-0.315412
T,Right,legacy_bisindo_T_927,0.000000,0.000000,0.285714,-0.161654,0.473684,-0.458647,0.383459,-0.763158,0.281955,-0.988722,0.360902,-0.721805,0.409774,-1.000000,0.443609,-0.936090,0.469925,-0.804511,0.172932,-0.714286,0.229323,-0.921053,0.214286,-0.665414,0.199248,-0.421053,-0.011278,-0.684211,0.067669,-0.804511,0.060150,-0.522556,0.045113,-0.300752,-0.206767,-0.624060,-0.109023,-0.699248,-0.082707,-0.488722,-0.082707,-0.334586
T,Right,legacy_bisindo_T_928,0.000000,0.000000,0.290698,-0.143411,0.488372,-0.449612,0.391473,-0.759690,0.263566,-0.976744,0.352713,-0.724806,0.395349,-1.000000,0.441860,-0.910853,0.484496,-0.748062,0.155039,-0.720930,0.220930,-0.918605,0.213178,-0.651163,0.205426,-0.395349,-0.031008,-0.686047,0.050388,-0.790698,0.042636,-0.496124,0.031008,-0.267442,-0.232558,-0.627907,-0.124031,-0.686047,-0.100775,-0.465116,-0.096899,-0.302326
T,Right,legacy_bisindo_T_929,0.000000,0.000000,0.281369,-0.148289,0.479087,-0.448669,0.387833,-0.756654,0.273764,-0.980989,0.372624,-0.730038,0.418251,-1.000000,0.448669,-0.958175,0.482890,-0.836502,0.178707,-0.726236,0.235741,-0.923954,0.228137,-0.665399,0.216730,-0.422053,-0.003802,-0.692015,0.068441,-0.813688,0.060837,-0.524715,0.049430,-0.307985,-0.201521,-0.631179,-0.110266,-0.695817,-0.087452,-0.479087,-0.087452,-0.326996
T,Right,legacy_bisindo_T_930,0.000000,0.000000,0.290196,-0.121569,0.501961,-0.427451,0.427451,-0.749020,0.341176,-0.992157,0.423529,-0.690196,0.501961,-1.000000,0.533333,-0.870588,0.545098,-0.686275,0.227451,-0.694118,0.309804,-0.929412,0.301961,-0.666667,0.282353,-0.427451,0.039216,-0.670588,0.133333,-0.803922,0.113725,-0.501961,0.082353,-0.286275,-0.160784,-0.619608,-0.050980,-0.686275,-0.043137,-0.462745,-0.058824,-0.313725
T,Right,legacy_bisindo_T_931,0.000000,0.000000,0.279070,-0.127907,0.468992,-0.434109,0.391473,-0.744186,0.310078,-0.980620,0.414729,-0.697674,0.492248,-1.000000,0.519380,-0.841085,0.523256,-0.643411,0.220930,-0.701550,0.302326,-0.941860,0.310078,-0.686047,0.302326,-0.453488,0.031008,-0.678295,0.124031,-0.802326,0.112403,-0.507752,0.085271,-0.302326,-0.162791,-0.624031,-0.050388,-0.693798,-0.042636,-0.472868,-0.058140,-0.325581
T,Right,legacy_bisindo_T_932,0.000000,0.000000,0.283465,-0.125984,0.472441,-0.437008,0.389764,-0.751969,0.311024,-1.000000,0.440945,-0.708661,0.511811,-0.992126,0.539370,-0.830709,0.539370,-0.625984,0.240157,-0.720472,0.330709,-0.972441,0.334646,-0.740157,0.326772,-0.507874,0.043307,-0.700787,0.137795,-0.807087,0.122047,-0.511811,0.098425,-0.303150,-0.157480,-0.653543,-0.031496,-0.712598,-0.027559,-0.480315,-0.043307,-0.322835
T,Right,legacy_bisindo_T_933,0.000000,0.000000,0.281746,-0.119048,0.468254,-0.440476,0.369048,-0.750000,0.273810,-0.988095,0.424603,-0.714286,0.503968,-1.000000,0.519841,-0.805556,0.515873,-0.587302,0.218254,-0.722222,0.305556,-0.952381,0.297619,-0.682540,0.281746,-0.440476,0.019841,-0.698413,0.099206,-0.793651,0.091270,-0.492063,0.079365,-0.285714,-0.174603,-0.650794,-0.063492,-0.694444,-0.055556,-0.464286,-0.067460,-0.317460
T,Right,legacy_bisindo_T_934,0.000000,0.000000,0.272000,-0.108000,0.464000,-0.428000,0.368000,-0.740000,0.264000,-0.976000,0.420000,-0.712000,0.496000,-1.000000,0.508000,-0.808000,0.504000,-0.596000,0.212000,-0.724000,0.288000,-0.968000,0.292000,-0.700000,0.288000,-0.468000,0.012000,-0.700000,0.092000,-0.800000,0.088000,-0.492000,0.072000,-0.292000,-0.184000,-0.656000,-0.068000,-0.700000,-0.064000,-0.464000,-0.080000,-0.324000
T,Right,legacy_bisindo_T_935,0.000000,0.000000,0.266932,-0.107570,0.470120,-0.430279,0.382470,-0.741036,0.274900,-0.976096,0.426295,-0.717131,0.498008,-1.000000,0.498008,-0.788845,0.486056,-0.573705,0.219124,-0.725100,0.282869,-0.952191,0.278884,-0.677291,0.274900,-0.450199,0.023904,-0.705179,0.091633,-0.808765,0.079681,-0.494024,0.063745,-0.294821,-0.171315,-0.665339,-0.071713,-0.705179,-0.067729,-0.470120,-0.087649,-0.330677
T,Right,legacy_bisindo_T_936,0.000000,0.000000,0.277108,-0.108434,0.473896,-0.413655,0.389558,-0.722892,0.281124,-0.963855,0.433735,-0.714859,0.493976,-1.000000,0.518072,-0.811245,0.526104,-0.598394,0.228916,-0.726908,0.297189,-0.975904,0.309237,-0.718876,0.305221,-0.489960,0.028112,-0.702811,0.100402,-0.791165,0.092369,-0.481928,0.076305,-0.281124,-0.168675,-0.658635,-0.068273,-0.694779,-0.060241,-0.457831,-0.076305,-0.313253
T,Right,legacy_bisindo_T_937,0.000000,0.000000,0.278884,-0.107570,0.490040,-0.418327,0.402390,-0.725100,0.290837,-0.956175,0.430279,-0.717131,0.501992,-1.000000,0.525896,-0.800797,0.521912,-0.585657,0.223108,-0.725100,0.298805,-0.972112,0.302789,-0.689243,0.294821,-0.446215,0.023904,-0.701195,0.107570,-0.796813,0.099602,-0.486056,0.075697,-0.278884,-0.167331,-0.653386,-0.055777,-0.697211,-0.051793,-0.458167,-0.071713,-0.314741
T,Right,legacy_bisindo_T_938,0.000000,0.000000,0.278884,-0.111554,0.486056,-0.410359,0.402390,-0.721116,0.302789,-0.956175,0.434263,-0.709163,0.505976,-1.000000,0.541833,-0.832669,0.557769,-0.629482,0.231076,-0.717131,0.318725,-0.968127,0.330677,-0.713147,0.322709,-0.486056,0.035857,-0.697211,0.131474,-0.792829,0.115538,-0.486056,0.087649,-0.282869,-0.159363,-0.645418,-0.039841,-0.689243,-0.031873,-0.458167,-0.051793,-0.314741
T,Right,legacy_bisindo_T_939,0.000000,0.000000,0.280000,-0.104000,0.488000,-0.408000,0.408000,-0.716000,0.296000,-0.948000,0.440000,-0.704000,0.508000,-1.000000,0.544000,-0.828000,0.556000,-0.624000,0.236000,-0.712000,0.320000,-0.972000,0.332000,-0.716000,0.328000,-0.484000,0.040000,-0.688000,0.128000,-0.792000,0.116000,-0.484000,0.092000,-0.280000,-0.156000,-0.640000,-0.044000,-0.688000,-0.036000,-0.456000,-0.052000,-0.312000
T,Right,legacy_bisindo_T_940,0.000000,0.000000,0.276680,-0.114625,0.490119,-0.422925,0.411067,-0.727273,0.296443,-0.952569,0.430830,-0.711462,0.494071,-1.000000,0.529644,-0.826087,0.545455,-0.624506,0.229249,-0.719368,0.312253,-0.972332,0.316206,-0.703557,0.308300,-0.466403,0.035573,-0.691700,0.126482,-0.798419,0.110672,-0.490119,0.083004,-0.280632,-0.162055,-0.648221,-0.051383,-0.691700,-0.043478,-0.462451,-0.067194,-0.316206
T,Right,legacy_bisindo_T_941,0.000000,0.000000,0.287938,-0.120623,0.494163,-0.424125,0.412451,-0.735409,0.319066,-0.976654,0.428016,-0.715953,0.501946,-1.000000,0.548638,-0.840467,0.564202,-0.638132,0.229572,-0.723735,0.315175,-0.945525,0.322957,-0.673152,0.303502,-0.431907,0.038911,-0.700389,0.140078,-0.809339,0.124514,-0.505837,0.093385,-0.295720,-0.159533,-0.653696,-0.042802,-0.696498,-0.035019,-0.466926,-0.054475,-0.319066
T,Right,legacy_bisindo_T_942,0.000000,0.000000,0.296578,-0.129278,0.517110,-0.422053,0.441065,-0.741445,0.365019,-0.992395,0.444867,-0.714829,0.505703,-1.000000,0.528517,-0.950570,0.539924,-0.821293,0.247148,-0.730038,0.315589,-0.923954,0.311787,-0.673004,0.296578,-0.437262,0.057034,-0.718631,0.140684,-0.840304,0.117871,-0.551331,0.087452,-0.334601,-0.152091,-0.676806,-0.057034,-0.741445,-0.053232,-0.524715,-0.072243,-0.372624
T,Right,legacy_bisindo_T_943,0.000000,0.000000,0.304348,-0.097826,0.539855,-0.398551,0.478261,-0.731884,0.398551,-0.985507,0.463768,-0.713768,0.557971,-1.000000,0.605072,-0.844203,0.630435,-0.634058,0.260870,-0.728261,0.365942,-0.945652,0.358696,-0.655797,0.333333,-0.405797,0.061594,-0.706522,0.170290,-0.826087,0.134058,-0.503623,0.090580,-0.282609,-0.152174,-0.655797,-0.032609,-0.728261,-0.039855,-0.496377,-0.072464,-0.347826
T,Right,legacy_bisindo_T_944,0.000000,0.000000,0.312500,-0.128125,0.509375,-0.421875,0.431250,-0.746875,0.359375,-1.000000,0.428125,-0.706250,0.500000,-0.934375,0.540625,-0.853125,0.571875,-0.703125,0.225000,-0.718750,0.284375,-0.915625,0.262500,-0.646875,0.243750,-0.390625,0.031250,-0.696875,0.100000,-0.806250,0.081250,-0.503125,0.056250,-0.281250,-0.178125,-0.653125,-0.084375,-0.712500,-0.075000,-0.481250,-0.084375,-0.328125
T,Right,legacy_bisindo_T_945,0.000000,0.000000,0.303030,-0.130303,0.500000,-0.424242,0.424242,-0.748485,0.351515,-1.000000,0.424242,-0.687879,0.493939,-0.933333,0.539394,-0.857576,0.569697,-0.703030,0.221212,-0.703030,0.290909,-0.890909,0.269697,-0.636364,0.248485,-0.387879,0.033333,-0.681818,0.109091,-0.775758,0.084848,-0.484848,0.057576,-0.266667,-0.169697,-0.633333,-0.075758,-0.675758,-0.072727,-0.451515,-0.084848,-0.300000
T,Right,legacy_bisindo_T_946,0.000000,0.000000,0.298817,-0.136095,0.502959,-0.423077,0.426036,-0.736686,0.346154,-0.985207,0.431953,-0.689349,0.485207,-0.908284,0.476331,-0.982249,0.476331,-1.000000,0.233728,-0.707101,0.281065,-0.884615,0.248521,-0.639053,0.224852,-0.405325,0.041420,-0.695266,0.097633,-0.789941,0.073964,-0.505917,0.053254,-0.286982,-0.165680,-0.653846,-0.082840,-0.704142,-0.076923,-0.485207,-0.085799,-0.334320
T,Right,legacy_bisindo_T_947,0.000000,0.000000,0.288571,-0.105714,0.480000,-0.400000,0.405714,-0.720000,0.322857,-0.968571,0.448571,-0.645714,0.502857,-0.860000,0.488571,-0.960000,0.471429,-1.000000,0.240000,-0.677143,0.274286,-0.857143,0.234286,-0.620000,0.211429,-0.400000,0.037143,-0.671429,0.077143,-0.780000,0.048571,-0.491429,0.031429,-0.277143,-0.177143,-0.631429,-0.114286,-0.685714,-0.111429,-0.457143,-0.111429,-0.302857
T,Right,legacy_bisindo_T_948,0.000000,0.000000,0.287390,-0.102639,0.495601,-0.407625,0.404692,-0.733138,0.281525,-0.973607,0.425220,-0.727273,0.483871,-1.000000,0.533724,-0.853372,0.565982,-0.656891,0.208211,-0.730205,0.269795,-0.935484,0.263930,-0.636364,0.246334,-0.378299,0.002933,-0.695015,0.061584,-0.800587,0.058651,-0.475073,0.043988,-0.252199,-0.208211,-0.633431,-0.134897,-0.668622,-0.114370,-0.425220,-0.111437,-0.272727
T,Right,legacy_bisindo_T_949,0.000000,0.000000,0.294286,-0.122857,0.488571,-0.400000,0.382857,-0.702857,0.260000,-0.925714,0.408571,-0.722857,0.460000,-1.000000,0.517143,-0.860000,0.545714,-0.662857,0.205714,-0.725714,0.265714,-0.911429,0.274286,-0.628571,0.257143,-0.382857,0.011429,-0.700000,0.080000,-0.788571,0.082857,-0.482857,0.062857,-0.262857,-0.188571,-0.654286,-0.102857,-0.685714,-0.077143,-0.460000,-0.080000,-0.305714
T,Right,legacy_bisindo_T_950,0.000000,0.000000,0.294461,-0.113703,0.507289,-0.413994,0.434402,-0.737609,0.355685,-0.988338,0.451895,-0.714286,0.521866,-1.000000,0.571429,-0.842566,0.597668,-0.635569,0.253644,-0.723032,0.326531,-0.941691,0.320700,-0.679300,0.306122,-0.446064,0.055394,-0.702624,0.137026,-0.819242,0.113703,-0.510204,0.090379,-0.288630,-0.145773,-0.658892,-0.058309,-0.723032,-0.052478,-0.489796,-0.058309,-0.332362
T,Right,legacy_bisindo_T_951,0.000000,0.000000,0.297376,-0.122449,0.501458,-0.413994,0.413994,-0.740525,0.314869,-0.988338,0.437318,-0.714286,0.495627,-1.000000,0.536443,-0.862974,0.565598,-0.673469,0.236152,-0.725948,0.309038,-0.938776,0.303207,-0.667638,0.288630,-0.425656,0.043732,-0.708455,0.116618,-0.807580,0.099125,-0.495627,0.078717,-0.279883,-0.160350,-0.673469,-0.069971,-0.708455,-0.058309,-0.475219,-0.061224,-0.323615
T,Right,legacy_bisindo_T_952,0.000000,0.000000,0.290323,-0.114370,0.501466,-0.407625,0.419355,-0.727273,0.319648,-0.964809,0.442815,-0.709677,0.498534,-1.000000,0.542522,-0.859238,0.568915,-0.671554,0.246334,-0.724340,0.316716,-0.944282,0.319648,-0.677419,0.307918,-0.445748,0.049853,-0.703812,0.129032,-0.812317,0.114370,-0.498534,0.090909,-0.284457,-0.152493,-0.662757,-0.064516,-0.712610,-0.052786,-0.480938,-0.058651,-0.331378
T,Right,legacy_bisindo_T_953,0.000000,0.000000,0.311111,-0.139683,0.533333,-0.419048,0.466667,-0.720635,0.384127,-0.942857,0.444444,-0.714286,0.523810,-1.000000,0.574603,-0.857143,0.600000,-0.653968,0.250794,-0.720635,0.323810,-0.901587,0.311111,-0.634921,0.292063,-0.403175,0.063492,-0.701587,0.149206,-0.790476,0.133333,-0.511111,0.107937,-0.307937,-0.123810,-0.657143,-0.038095,-0.701587,-0.031746,-0.495238,-0.041270,-0.352381
T,Right,legacy_bisindo_T_954,0.000000,0.000000,0.383562,-0.123288,0.703196,-0.360731,0.721461,-0.662100,0.611872,-0.872146,0.666667,-0.707763,0.826484,-1.000000,0.858447,-0.853881,0.835616,-0.657534,0.465753,-0.748858,0.639269,-0.958904,0.575342,-0.684932,0.493151,-0.433790,0.264840,-0.771689,0.410959,-0.858447,0.319635,-0.561644,0.228311,-0.351598,0.045662,-0.767123,0.173516,-0.808219,0.127854,-0.589041,0.073059,-0.438356
T,Right,legacy_bisindo_T_955,0.000000,0.000000,0.409091,-0.051136,0.772727,-0.289773,0.835227,-0.647727,0.846591,-0.926136,0.767045,-0.642045,0.994318,-0.954545,1.000000,-0.761364,0.926136,-0.517045,0.556818,-0.732955,0.738636,-0.875000,0.590909,-0.590909,0.448864,-0.352273,0.346591,-0.789773,0.505682,-0.818182,0.352273,-0.528409,0.221591,-0.318182,0.125000,-0.823864,0.261364,-0.806818,0.176136,-0.573864,0.096591,-0.414773
T,Right,legacy_bisindo_T_956,0.000000,0.000000,0.375000,-0.005682,0.732955,-0.193182,0.812500,-0.528409,0.835227,-0.789773,0.761364,-0.522727,1.000000,-0.784091,0.994318,-0.602273,0.903409,-0.386364,0.568182,-0.625000,0.755682,-0.755682,0.596591,-0.505682,0.431818,-0.295455,0.375000,-0.698864,0.539773,-0.715909,0.363636,-0.465909,0.210227,-0.284091,0.164773,-0.755682,0.301136,-0.715909,0.198864,-0.505682,0.102273,-0.369318
T,Right,legacy_bisindo_T_957,0.000000,0.000000,0.351648,0.038462,0.703297,-0.126374,0.796703,-0.439560,0.862637,-0.692308,0.758242,-0.450549,1.000000,-0.664835,0.989011,-0.494505,0.890110,-0.285714,0.576923,-0.571429,0.763736,-0.642857,0.587912,-0.412088,0.412088,-0.219780,0.401099,-0.664835,0.543956,-0.631868,0.351648,-0.401099,0.197802,-0.236264,0.208791,-0.730769,0.324176,-0.648352,0.197802,-0.450549,0.098901,-0.335165
T,Right,legacy_bisindo_T_958,0.000000,0.000000,0.319149,0.069149,0.670213,-0.058511,0.787234,-0.351064,0.867021,-0.585106,0.750000,-0.393617,1.000000,-0.563830,0.968085,-0.398936,0.861702,-0.202128,0.590426,-0.526596,0.760638,-0.542553,0.574468,-0.335106,0.409574,-0.164894,0.425532,-0.622340,0.542553,-0.553191,0.345745,-0.351064,0.196809,-0.207447,0.250000,-0.691489,0.340426,-0.585106,0.202128,-0.398936,0.101064,-0.287234
T,Right,legacy_bisindo_T_959,0.000000,0.000000,0.312169,0.074074,0.666667,-0.047619,0.788360,-0.343915,0.857143,-0.576720,0.751323,-0.375661,1.000000,-0.539683,0.968254,-0.380952,0.857143,-0.190476,0.592593,-0.502646,0.767196,-0.534392,0.582011,-0.317460,0.407407,-0.153439,0.433862,-0.603175,0.560847,-0.539683,0.359788,-0.333333,0.201058,-0.195767,0.259259,-0.677249,0.359788,-0.576720,0.222222,-0.391534,0.116402,-0.291005
T,Right,legacy_bisindo_T_960,0.000000,0.000000,0.320652,0.065217,0.668478,-0.065217,0.777174,-0.364130,0.815217,-0.597826,0.760870,-0.391304,1.000000,-0.586957,0.961957,-0.423913,0.858696,-0.228261,0.592391,-0.527174,0.739130,-0.565217,0.554348,-0.353261,0.385870,-0.184783,0.423913,-0.619565,0.532609,-0.570652,0.342391,-0.358696,0.195652,-0.206522,0.244565,-0.690217,0.331522,-0.597826,0.206522,-0.407609,0.114130,-0.288043
T,Right,legacy_bisindo_T_961,0.000000,0.000000,0.380368,0.006135,0.742331,-0.220859,0.791411,-0.595092,0.773006,-0.889571,0.803681,-0.576687,1.000000,-0.852761,0.975460,-0.662577,0.889571,-0.423313,0.582822,-0.693252,0.730061,-0.815951,0.570552,-0.521472,0.429448,-0.282209,0.361963,-0.773006,0.466258,-0.791411,0.306748,-0.490798,0.190184,-0.282209,0.122699,-0.815951,0.220859,-0.785276,0.122699,-0.539877,0.061350,-0.386503
T,Right,legacy_bisindo_T_962,0.000000,0.000000,0.350877,-0.070175,0.649123,-0.339181,0.625731,-0.695906,0.567251,-0.970760,0.654971,-0.678363,0.789474,-1.000000,0.771930,-0.801170,0.719298,-0.561404,0.421053,-0.742690,0.538012,-0.935673,0.444444,-0.625731,0.362573,-0.385965,0.198830,-0.771930,0.280702,-0.865497,0.192982,-0.543860,0.122807,-0.321637,-0.035088,-0.777778,0.058480,-0.836257,0.017544,-0.590643,-0.023392,-0.432749
T,Right,legacy_bisindo_T_963,0.000000,0.000000,0.238318,-0.135514,0.378505,-0.439252,0.247664,-0.719626,0.116822,-0.920561,0.289720,-0.728972,0.299065,-1.000000,0.331776,-0.836449,0.364486,-0.640187,0.088785,-0.705607,0.112150,-0.892523,0.140187,-0.626168,0.168224,-0.406542,-0.093458,-0.649533,-0.079439,-0.733645,-0.032710,-0.462617,0.009346,-0.280374,-0.266355,-0.570093,-0.219626,-0.626168,-0.168224,-0.425234,-0.130841,-0.289720
T,Right,legacy_bisindo_T_964,0.000000,0.000000,0.195652,-0.178261,0.265217,-0.486957,0.100000,-0.721739,-0.069565,-0.869565,0.134783,-0.752174,0.091304,-1.000000,0.160870,-0.839130,0.230435,-0.656522,-0.052174,-0.686957,-0.086957,-0.886957,0.000000,-0.647826,0.073913,-0.452174,-0.208696,-0.591304,-0.221739,-0.678261,-0.121739,-0.434783,-0.047826,-0.273913,-0.352174,-0.473913,-0.334783,-0.547826,-0.243478,-0.378261,-0.186957,-0.265217
T,Right,legacy_bisindo_T_965,0.000000,0.000000,0.148760,-0.206612,0.140496,-0.528926,-0.086777,-0.735537,-0.280992,-0.880165,-0.004132,-0.756198,-0.132231,-1.000000,-0.045455,-0.867769,0.057851,-0.719008,-0.173554,-0.652893,-0.293388,-0.884298,-0.165289,-0.698347,-0.053719,-0.541322,-0.309917,-0.524793,-0.371901,-0.632231,-0.206612,-0.400826,-0.095041,-0.260331,-0.425620,-0.371901,-0.446281,-0.466942,-0.314050,-0.305785,-0.235537,-0.206612
T,Right,legacy_bisindo_T_966,0.000000,0.000000,0.129921,-0.216535,0.070866,-0.551181,-0.192913,-0.732283,-0.409449,-0.850394,-0.102362,-0.767717,-0.263780,-1.000000,-0.165354,-0.874016,-0.047244,-0.728346,-0.259843,-0.641732,-0.397638,-0.846457,-0.244094,-0.665354,-0.118110,-0.523622,-0.381890,-0.492126,-0.456693,-0.606299,-0.259843,-0.385827,-0.133858,-0.251969,-0.472441,-0.318898,-0.507874,-0.425197,-0.354331,-0.275591,-0.259843,-0.181102
T,Right,legacy_bisindo_T_967,0.000000,0.000000,0.117871,-0.239544,0.060837,-0.566540,-0.201521,-0.718631,-0.422053,-0.802281,-0.155894,-0.771863,-0.304183,-1.000000,-0.186312,-0.882129,-0.060837,-0.741445,-0.296578,-0.642586,-0.441065,-0.851711,-0.273764,-0.692015,-0.129278,-0.555133,-0.406844,-0.490494,-0.456274,-0.596958,-0.262357,-0.403042,-0.136882,-0.281369,-0.490494,-0.319392,-0.505703,-0.425856,-0.353612,-0.292776,-0.262357,-0.197719
T,Right,legacy_bisindo_T_968,0.000000,0.000000,0.120755,-0.230189,0.064151,-0.562264,-0.203774,-0.724528,-0.426415,-0.807547,-0.147170,-0.766038,-0.320755,-1.000000,-0.211321,-0.894340,-0.083019,-0.758491,-0.294340,-0.641509,-0.449057,-0.856604,-0.294340,-0.705660,-0.154717,-0.573585,-0.407547,-0.498113,-0.456604,-0.611321,-0.260377,-0.415094,-0.135849,-0.283019,-0.494340,-0.332075,-0.505660,-0.445283,-0.354717,-0.309434,-0.264151,-0.207547
T,Right,legacy_bisindo_T_969,0.000000,0.000000,0.125926,-0.240741,0.088889,-0.570370,-0.166667,-0.748148,-0.388889,-0.840741,-0.114815,-0.774074,-0.270370,-1.000000,-0.196296,-0.922222,-0.085185,-0.800000,-0.270370,-0.655556,-0.422222,-0.877778,-0.274074,-0.711111,-0.125926,-0.551852,-0.392593,-0.518519,-0.444444,-0.644444,-0.262963,-0.429630,-0.133333,-0.277778,-0.496296,-0.359259,-0.503704,-0.466667,-0.355556,-0.314815,-0.262963,-0.203704
T,Right,legacy_bisindo_T_970,0.000000,0.000000,0.115942,-0.231884,0.076087,-0.561594,-0.181159,-0.739130,-0.402174,-0.840580,-0.134058,-0.764493,-0.282609,-1.000000,-0.184783,-0.898551,-0.072464,-0.760870,-0.282609,-0.644928,-0.398551,-0.844203,-0.231884,-0.641304,-0.094203,-0.471014,-0.398551,-0.503623,-0.449275,-0.634058,-0.264493,-0.416667,-0.144928,-0.260870,-0.500000,-0.336957,-0.500000,-0.438406,-0.351449,-0.282609,-0.264493,-0.177536
T,Right,legacy_bisindo_T_971,0.000000,0.000000,0.115942,-0.239130,0.076087,-0.557971,-0.152174,-0.728261,-0.365942,-0.829710,-0.137681,-0.764493,-0.275362,-1.000000,-0.148551,-0.898551,-0.018116,-0.760870,-0.282609,-0.644928,-0.398551,-0.869565,-0.228261,-0.684783,-0.090580,-0.521739,-0.398551,-0.500000,-0.442029,-0.637681,-0.253623,-0.420290,-0.137681,-0.268116,-0.500000,-0.333333,-0.492754,-0.442029,-0.344203,-0.293478,-0.260870,-0.181159
T,Right,legacy_bisindo_T_972,0.000000,0.000000,0.115523,-0.245487,0.083032,-0.566787,-0.155235,-0.750903,-0.368231,-0.862816,-0.115523,-0.761733,-0.256318,-1.000000,-0.155235,-0.916968,-0.043321,-0.787004,-0.263538,-0.649819,-0.368231,-0.855596,-0.212996,-0.671480,-0.083032,-0.498195,-0.382671,-0.516245,-0.425993,-0.657040,-0.252708,-0.440433,-0.137184,-0.277978,-0.490975,-0.357401,-0.483755,-0.465704,-0.342960,-0.317690,-0.256318,-0.202166
T,Right,legacy_bisindo_T_973,0.000000,0.000000,0.120000,-0.240000,0.090909,-0.560000,-0.141818,-0.741818,-0.356364,-0.847273,-0.116364,-0.756364,-0.250909,-1.000000,-0.134545,-0.916364,-0.010909,-0.781818,-0.261818,-0.647273,-0.374545,-0.880000,-0.214545,-0.709091,-0.080000,-0.545455,-0.385455,-0.512727,-0.418182,-0.654545,-0.243636,-0.436364,-0.127273,-0.276364,-0.490909,-0.356364,-0.480000,-0.465455,-0.338182,-0.312727,-0.254545,-0.196364
T,Right,legacy_bisindo_T_974,0.000000,0.000000,0.124088,-0.244526,0.087591,-0.576642,-0.160584,-0.762774,-0.375912,-0.875912,-0.116788,-0.759124,-0.251825,-1.000000,-0.145985,-0.919708,-0.029197,-0.784672,-0.262774,-0.642336,-0.354015,-0.846715,-0.193431,-0.656934,-0.065693,-0.478102,-0.383212,-0.507299,-0.423358,-0.653285,-0.248175,-0.434307,-0.131387,-0.273723,-0.492701,-0.350365,-0.474453,-0.459854,-0.335766,-0.310219,-0.251825,-0.197080
T,Right,legacy_bisindo_T_975,0.000000,0.000000,0.120000,-0.247273,0.083636,-0.574545,-0.160000,-0.760000,-0.378182,-0.869091,-0.109091,-0.767273,-0.243636,-1.000000,-0.145455,-0.912727,-0.036364,-0.781818,-0.254545,-0.654545,-0.360000,-0.861818,-0.203636,-0.676364,-0.072727,-0.501818,-0.378182,-0.523636,-0.421818,-0.661818,-0.247273,-0.440000,-0.134545,-0.276364,-0.494545,-0.367273,-0.483636,-0.476364,-0.345455,-0.323636,-0.261818,-0.207273
T,Right,legacy_bisindo_T_976,0.000000,0.000000,0.125000,-0.238971,0.102941,-0.555147,-0.125000,-0.735294,-0.334559,-0.838235,-0.106618,-0.761029,-0.242647,-1.000000,-0.132353,-0.889706,-0.018382,-0.750000,-0.250000,-0.643382,-0.360294,-0.863971,-0.194853,-0.669118,-0.069853,-0.492647,-0.371324,-0.511029,-0.415441,-0.650735,-0.238971,-0.433824,-0.128676,-0.275735,-0.481618,-0.352941,-0.485294,-0.466912,-0.341912,-0.319853,-0.261029,-0.205882
T,Right,legacy_bisindo_T_977,0.000000,0.000000,0.150000,-0.234615,0.188462,-0.534615,-0.007692,-0.726923,-0.200000,-0.838462,-0.003846,-0.746154,-0.115385,-1.000000,-0.015385,-0.896154,0.088462,-0.753846,-0.157692,-0.653846,-0.234615,-0.873077,-0.107692,-0.673077,-0.003846,-0.488462,-0.292308,-0.542308,-0.307692,-0.669231,-0.173077,-0.446154,-0.080769,-0.280769,-0.415385,-0.411538,-0.407692,-0.515385,-0.292308,-0.361538,-0.223077,-0.238462
T,Right,legacy_bisindo_T_978,0.000000,0.000000,0.189189,-0.234234,0.252252,-0.518018,0.090090,-0.729730,-0.081081,-0.860360,0.103604,-0.738739,0.018018,-1.000000,0.094595,-0.918919,0.175676,-0.792793,-0.063063,-0.662162,-0.108108,-0.878378,-0.018018,-0.693694,0.063063,-0.513514,-0.211712,-0.572072,-0.211712,-0.698198,-0.117117,-0.477477,-0.045045,-0.306306,-0.355856,-0.454955,-0.328829,-0.558559,-0.238739,-0.405405,-0.180180,-0.279279
T,Right,legacy_bisindo_T_979,0.000000,0.000000,0.314685,-0.146853,0.545455,-0.398601,0.524476,-0.671329,0.426573,-0.867133,0.433566,-0.713287,0.545455,-1.000000,0.594406,-0.846154,0.608392,-0.643357,0.244755,-0.734266,0.363636,-0.839161,0.328671,-0.594406,0.286713,-0.377622,0.062937,-0.727273,0.188811,-0.734266,0.146853,-0.489510,0.104895,-0.300699,-0.111888,-0.706294,0.000000,-0.685315,-0.006993,-0.489510,-0.034965,-0.349650
T,Right,legacy_bisindo_T_980,0.000000,0.000000,0.404040,-0.020202,0.757576,-0.252525,0.797980,-0.616162,0.747475,-0.878788,0.707071,-0.656566,0.929293,-1.000000,0.949495,-0.797980,0.888889,-0.535354,0.474747,-0.727273,0.686869,-0.888889,0.565657,-0.595960,0.424242,-0.343434,0.262626,-0.777778,0.444444,-0.787879,0.292929,-0.494949,0.161616,-0.272727,0.030303,-0.808081,0.191919,-0.767677,0.131313,-0.515152,0.070707,-0.343434
T,Right,legacy_bisindo_T_981,0.000000,0.000000,0.318182,0.072727,0.681818,-0.054545,0.818182,-0.381818,0.863636,-0.645455,0.754545,-0.354545,1.000000,-0.572727,0.963636,-0.418182,0.854545,-0.227273,0.590909,-0.481818,0.790909,-0.581818,0.618182,-0.363636,0.427273,-0.190909,0.418182,-0.572727,0.572727,-0.590909,0.390909,-0.354545,0.227273,-0.209091,0.218182,-0.654545,0.363636,-0.627273,0.263636,-0.427273,0.163636,-0.318182
T,Right,legacy_bisindo_T_982,0.000000,0.000000,0.304348,0.104348,0.652174,0.008696,0.817391,-0.286957,0.886957,-0.530435,0.747826,-0.278261,1.000000,-0.452174,0.956522,-0.313043,0.834783,-0.147826,0.600000,-0.408696,0.791304,-0.478261,0.617391,-0.295652,0.443478,-0.139130,0.443478,-0.513043,0.591304,-0.495652,0.400000,-0.295652,0.243478,-0.165217,0.260870,-0.600000,0.400000,-0.539130,0.269565,-0.365217,0.156522,-0.252174
T,Right,legacy_bisindo_T_983,0.000000,0.000000,0.267241,0.155172,0.637931,0.060345,0.793103,-0.241379,0.879310,-0.474138,0.732759,-0.241379,1.000000,-0.405172,0.956897,-0.267241,0.836207,-0.103448,0.594828,-0.379310,0.810345,-0.439655,0.646552,-0.250000,0.456897,-0.112069,0.448276,-0.491379,0.620690,-0.465517,0.405172,-0.250000,0.232759,-0.129310,0.275862,-0.594828,0.413793,-0.500000,0.258621,-0.310345,0.120690,-0.224138
T,Right,legacy_bisindo_T_984,0.000000,0.000000,0.280702,0.140351,0.649123,0.035088,0.815789,-0.271930,0.912281,-0.508772,0.736842,-0.236842,1.000000,-0.377193,0.964912,-0.254386,0.842105,-0.096491,0.596491,-0.385965,0.815789,-0.438596,0.614035,-0.254386,0.403509,-0.105263,0.447368,-0.508772,0.614035,-0.473684,0.385965,-0.271930,0.192982,-0.140351,0.280702,-0.614035,0.421053,-0.535088,0.254386,-0.350877,0.122807,-0.245614
T,Right,legacy_bisindo_T_985,0.000000,0.000000,0.267241,0.137931,0.655172,0.051724,0.818966,-0.250000,0.879310,-0.491379,0.732759,-0.241379,1.000000,-0.387931,0.965517,-0.267241,0.853448,-0.103448,0.594828,-0.387931,0.810345,-0.439655,0.603448,-0.258621,0.396552,-0.103448,0.448276,-0.500000,0.603448,-0.474138,0.370690,-0.267241,0.189655,-0.129310,0.275862,-0.612069,0.405172,-0.525862,0.232759,-0.344828,0.103448,-0.241379
T,Right,legacy_bisindo_T_986,0.000000,0.000000,0.309091,0.100000,0.690909,-0.054545,0.818182,-0.409091,0.854545,-0.672727,0.763636,-0.354545,1.000000,-0.581818,1.000000,-0.454545,0.900000,-0.254545,0.581818,-0.490909,0.790909,-0.600000,0.609091,-0.372727,0.427273,-0.172727,0.400000,-0.590909,0.572727,-0.609091,0.363636,-0.354545,0.190909,-0.181818,0.200000,-0.672727,0.336364,-0.627273,0.181818,-0.418182,0.063636,-0.290909
T,Right,legacy_bisindo_T_987,0.000000,0.000000,0.317073,-0.089431,0.560976,-0.390244,0.495935,-0.731707,0.398374,-0.975610,0.520325,-0.674797,0.577236,-1.000000,0.593496,-0.845528,0.585366,-0.634146,0.300813,-0.699187,0.373984,-0.918699,0.325203,-0.626016,0.268293,-0.390244,0.089431,-0.682927,0.162602,-0.829268,0.121951,-0.520325,0.073171,-0.300813,-0.130081,-0.650407,-0.048780,-0.739837,-0.056911,-0.495935,-0.081301,-0.341463
T,Right,legacy_bisindo_T_988,0.000000,0.000000,0.244898,-0.163265,0.380952,-0.455782,0.265306,-0.734694,0.149660,-0.938776,0.292517,-0.707483,0.299320,-1.000000,0.353741,-0.891156,0.394558,-0.721088,0.108844,-0.687075,0.136054,-0.925170,0.170068,-0.693878,0.176871,-0.482993,-0.074830,-0.632653,-0.034014,-0.768707,-0.006803,-0.496599,0.000000,-0.306122,-0.258503,-0.551020,-0.197279,-0.625850,-0.149660,-0.421769,-0.136054,-0.292517
T,Right,legacy_bisindo_T_989,0.000000,0.000000,0.177914,-0.220859,0.220859,-0.539877,0.036810,-0.779141,-0.128834,-0.938650,0.098160,-0.736196,0.018405,-1.000000,0.073620,-0.932515,0.141104,-0.797546,-0.073620,-0.668712,-0.110429,-0.858896,-0.030675,-0.625767,0.018405,-0.429448,-0.226994,-0.570552,-0.239264,-0.723926,-0.153374,-0.472393,-0.104294,-0.294479,-0.380368,-0.441718,-0.355828,-0.533742,-0.276074,-0.361963,-0.233129,-0.245399
T,Right,legacy_bisindo_T_990,0.000000,0.000000,0.155172,-0.264368,0.137931,-0.609195,-0.103448,-0.810345,-0.310345,-0.936782,-0.034483,-0.752874,-0.143678,-1.000000,-0.114943,-0.982759,-0.051724,-0.896552,-0.201149,-0.655172,-0.275862,-0.850575,-0.166667,-0.620690,-0.074713,-0.413793,-0.344828,-0.528736,-0.379310,-0.695402,-0.247126,-0.448276,-0.160920,-0.252874,-0.488506,-0.373563,-0.477011,-0.505747,-0.362069,-0.333333,-0.298851,-0.201149
T,Right,legacy_bisindo_T_991,0.000000,0.000000,0.151042,-0.234375,0.151042,-0.572917,-0.072917,-0.770833,-0.281250,-0.890625,-0.036458,-0.739583,-0.156250,-1.000000,-0.072917,-0.937500,0.031250,-0.802083,-0.197917,-0.635417,-0.270833,-0.833333,-0.151042,-0.619792,-0.052083,-0.416667,-0.333333,-0.515625,-0.359375,-0.666667,-0.223958,-0.427083,-0.140625,-0.244792,-0.463542,-0.369792,-0.458333,-0.484375,-0.343750,-0.312500,-0.281250,-0.192708
T,Right,legacy_bisindo_T_992,0.000000,0.000000,0.175355,-0.241706,0.194313,-0.563981,-0.009479,-0.781991,-0.189573,-0.938389,0.037915,-0.744076,-0.037915,-1.000000,0.018957,-0.952607,0.104265,-0.824645,-0.132701,-0.658768,-0.175355,-0.857820,-0.085308,-0.654028,-0.004739,-0.450237,-0.279621,-0.549763,-0.274882,-0.687204,-0.165877,-0.459716,-0.094787,-0.274882,-0.421801,-0.412322,-0.383886,-0.521327,-0.289100,-0.355450,-0.236967,-0.227488
T,Right,legacy_bisindo_T_993,0.000000,0.000000,0.192308,-0.217949,0.243590,-0.551282,0.051282,-0.794872,-0.128205,-0.952991,0.128205,-0.752137,0.064103,-0.991453,0.064103,-1.000000,0.085470,-0.935897,-0.064103,-0.688034,-0.106838,-0.871795,-0.042735,-0.653846,0.017094,-0.444444,-0.235043,-0.589744,-0.243590,-0.722222,-0.149573,-0.487179,-0.089744,-0.299145,-0.401709,-0.461538,-0.371795,-0.585470,-0.282051,-0.405983,-0.239316,-0.269231
T,Right,legacy_bisindo_T_994,0.000000,0.000000,0.253623,-0.141304,0.347826,-0.489130,0.144928,-0.746377,-0.032609,-0.916667,0.173913,-0.724638,0.148551,-1.000000,0.239130,-0.873188,0.322464,-0.688406,-0.025362,-0.666667,-0.021739,-0.876812,0.065217,-0.605072,0.123188,-0.362319,-0.202899,-0.583333,-0.155797,-0.717391,-0.076087,-0.409420,-0.036232,-0.192029,-0.387681,-0.481884,-0.304348,-0.583333,-0.231884,-0.347826,-0.199275,-0.184783
T,Right,legacy_bisindo_T_995,0.000000,0.000000,0.223270,-0.179245,0.298742,-0.496855,0.110063,-0.748428,-0.053459,-0.924528,0.163522,-0.729560,0.122642,-1.000000,0.198113,-0.877358,0.276730,-0.704403,-0.037736,-0.660377,-0.047170,-0.889937,0.037736,-0.635220,0.100629,-0.411950,-0.220126,-0.566038,-0.188679,-0.704403,-0.106918,-0.421384,-0.059748,-0.223270,-0.393082,-0.449686,-0.339623,-0.550314,-0.261006,-0.339623,-0.220126,-0.194969
T,Right,legacy_bisindo_T_996,0.000000,0.000000,0.161585,-0.216463,0.131098,-0.564024,-0.131098,-0.756098,-0.347561,-0.871951,-0.073171,-0.774390,-0.195122,-1.000000,-0.094512,-0.911585,0.027439,-0.768293,-0.246951,-0.646341,-0.323171,-0.789634,-0.164634,-0.573171,-0.036585,-0.390244,-0.387195,-0.493902,-0.417683,-0.597561,-0.237805,-0.356707,-0.121951,-0.182927,-0.506098,-0.320122,-0.496951,-0.384146,-0.344512,-0.210366,-0.253049,-0.091463
T,Right,legacy_bisindo_T_997,0.000000,0.000000,0.107492,-0.289902,0.013029,-0.628664,-0.296417,-0.771987,-0.543974,-0.827362,-0.172638,-0.765472,-0.293160,-0.944625,-0.374593,-0.990228,-0.420195,-1.000000,-0.338762,-0.625407,-0.482085,-0.785016,-0.332248,-0.628664,-0.182410,-0.475570,-0.465798,-0.456026,-0.557003,-0.599349,-0.342020,-0.403909,-0.182410,-0.237785,-0.570033,-0.260586,-0.592834,-0.377850,-0.416938,-0.244300,-0.296417,-0.127036
T,Right,legacy_bisindo_T_998,0.000000,0.000000,0.121795,-0.233974,0.028846,-0.576923,-0.246795,-0.740385,-0.480769,-0.823718,-0.112179,-0.689103,-0.240385,-0.849359,-0.381410,-0.935897,-0.506410,-1.000000,-0.278846,-0.557692,-0.439103,-0.724359,-0.317308,-0.605769,-0.195513,-0.487179,-0.410256,-0.407051,-0.525641,-0.551282,-0.314103,-0.358974,-0.160256,-0.201923,-0.519231,-0.227564,-0.570513,-0.349359,-0.403846,-0.214744,-0.288462,-0.102564
T,Right,legacy_bisindo_T_999,0.000000,0.000000,0.091873,-0.275618,-0.028269,-0.625442,-0.335689,-0.759717,-0.586572,-0.812721,-0.250883,-0.696113,-0.402827,-0.851590,-0.551237,-0.929329,-0.678445,-1.000000,-0.402827,-0.544170,-0.551237,-0.713781,-0.381625,-0.568905,-0.215548,-0.431095,-0.519435,-0.378092,-0.607774,-0.530035,-0.385159,-0.349823,-0.208481,-0.201413,-0.618375,-0.187279,-0.646643,-0.321555,-0.459364,-0.190813,-0.328622,-0.081272
T,Right,legacy_bisindo_T_1000,0.000000,0.000000,0.137821,-0.272436,0.028846,-0.625000,-0.285256,-0.772436,-0.551282,-0.842949,-0.163462,-0.737179,-0.288462,-0.881410,-0.432692,-0.955128,-0.557692,-1.000000,-0.336538,-0.580128,-0.480769,-0.714744,-0.307692,-0.538462,-0.141026,-0.387821,-0.464744,-0.403846,-0.541667,-0.522436,-0.314103,-0.326923,-0.147436,-0.176282,-0.573718,-0.205128,-0.602564,-0.323718,-0.407051,-0.189103,-0.278846,-0.083333
T,Right,legacy_bisindo_T_1001,0.000000,0.000000,0.137457,-0.292096,0.003436,-0.649485,-0.336770,-0.776632,-0.597938,-0.841924,-0.247423,-0.762887,-0.381443,-0.951890,-0.432990,-1.000000,-0.432990,-0.996564,-0.419244,-0.601375,-0.518900,-0.752577,-0.326460,-0.587629,-0.151203,-0.432990,-0.549828,-0.426117,-0.563574,-0.553265,-0.316151,-0.350515,-0.144330,-0.195876,-0.649485,-0.226804,-0.611684,-0.343643,-0.412371,-0.206186,-0.292096,-0.099656
T,Right,legacy_bisindo_T_1002,0.000000,0.000000,0.156923,-0.230769,0.113846,-0.587692,-0.120000,-0.772308,-0.329231,-0.870769,-0.169231,-0.704615,-0.249231,-0.867692,-0.320000,-0.950769,-0.360000,-1.000000,-0.332308,-0.600000,-0.350769,-0.760000,-0.212308,-0.569231,-0.089231,-0.390769,-0.452308,-0.483077,-0.390769,-0.572308,-0.233846,-0.363077,-0.123077,-0.203077,-0.553846,-0.338462,-0.464615,-0.396923,-0.320000,-0.243077,-0.240000,-0.138462
T,Right,legacy_bisindo_T_1003,0.000000,0.000000,0.160920,-0.212644,0.166667,-0.545977,-0.040230,-0.752874,-0.244253,-0.873563,-0.031609,-0.724138,-0.114943,-0.916667,-0.163793,-0.979885,-0.183908,-1.000000,-0.204023,-0.626437,-0.258621,-0.787356,-0.143678,-0.600575,-0.028736,-0.425287,-0.344828,-0.505747,-0.327586,-0.603448,-0.192529,-0.379310,-0.094828,-0.209770,-0.479885,-0.353448,-0.439655,-0.454023,-0.318966,-0.298851,-0.247126,-0.178161
T,Right,legacy_bisindo_T_1004,0.000000,0.000000,0.190751,-0.219653,0.208092,-0.563584,-0.005780,-0.777457,-0.176301,-0.933526,0.000000,-0.757225,-0.052023,-1.000000,0.057803,-0.927746,0.170520,-0.783237,-0.167630,-0.667630,-0.176301,-0.846821,-0.049133,-0.621387,0.046243,-0.416185,-0.306358,-0.554913,-0.251445,-0.664740,-0.130058,-0.416185,-0.060694,-0.236994,-0.439306,-0.421965,-0.358382,-0.500000,-0.248555,-0.323699,-0.196532,-0.208092
T,Right,legacy_bisindo_T_1005,0.000000,0.000000,0.208571,-0.182857,0.282857,-0.514286,0.102857,-0.742857,-0.065714,-0.902857,0.082857,-0.742857,0.060000,-1.000000,0.168571,-0.897143,0.265714,-0.728571,-0.091429,-0.671429,-0.074286,-0.860000,0.031429,-0.617143,0.102857,-0.408571,-0.245714,-0.574286,-0.177143,-0.674286,-0.080000,-0.408571,-0.028571,-0.225714,-0.388571,-0.454286,-0.302857,-0.520000,-0.208571,-0.322857,-0.165714,-0.194286
T,Right,legacy_bisindo_T_1006,0.000000,0.000000,0.210674,-0.182584,0.294944,-0.514045,0.134831,-0.747191,-0.008427,-0.915730,0.115169,-0.735955,0.101124,-1.000000,0.199438,-0.887640,0.286517,-0.721910,-0.058989,-0.674157,-0.036517,-0.859551,0.044944,-0.620787,0.098315,-0.412921,-0.210674,-0.587079,-0.151685,-0.696629,-0.073034,-0.446629,-0.028090,-0.266854,-0.351124,-0.480337,-0.272472,-0.550562,-0.196629,-0.370787,-0.160112,-0.241573
T,Right,legacy_bisindo_T_1007,0.000000,0.000000,0.211111,-0.200000,0.297222,-0.522222,0.144444,-0.758333,0.005556,-0.933333,0.136111,-0.741667,0.119444,-1.000000,0.202778,-0.905556,0.283333,-0.750000,-0.041667,-0.680556,-0.030556,-0.875000,0.041667,-0.641667,0.097222,-0.427778,-0.200000,-0.600000,-0.147222,-0.705556,-0.077778,-0.463889,-0.036111,-0.280556,-0.344444,-0.491667,-0.272222,-0.575000,-0.211111,-0.402778,-0.180556,-0.272222
T,Right,legacy_bisindo_T_1008,0.000000,0.000000,0.211699,-0.211699,0.286908,-0.523677,0.122563,-0.766017,-0.002786,-0.958217,0.164345,-0.749304,0.133705,-1.000000,0.206128,-0.908078,0.272981,-0.757660,-0.016713,-0.693593,-0.022284,-0.880223,0.050139,-0.643454,0.100279,-0.437326,-0.175487,-0.610028,-0.150418,-0.738162,-0.080780,-0.484680,-0.041783,-0.298050,-0.334262,-0.498607,-0.292479,-0.598886,-0.220056,-0.420613,-0.186630,-0.292479
T,Right,legacy_bisindo_T_1009,0.000000,0.000000,0.215686,-0.207283,0.291317,-0.521008,0.131653,-0.770308,0.014006,-0.966387,0.159664,-0.747899,0.134454,-1.000000,0.212885,-0.904762,0.285714,-0.747899,-0.019608,-0.689076,-0.016807,-0.871148,0.056022,-0.635854,0.103641,-0.431373,-0.179272,-0.607843,-0.142857,-0.731092,-0.072829,-0.478992,-0.039216,-0.291317,-0.336134,-0.495798,-0.285714,-0.596639,-0.212885,-0.417367,-0.179272,-0.285714
T,Right,legacy_bisindo_T_1010,0.000000,0.000000,0.216901,-0.191549,0.301408,-0.504225,0.146479,-0.752113,0.022535,-0.949296,0.185915,-0.738028,0.160563,-1.000000,0.239437,-0.898592,0.309859,-0.735211,0.005634,-0.681690,0.005634,-0.881690,0.070423,-0.642254,0.115493,-0.428169,-0.160563,-0.602817,-0.126761,-0.735211,-0.067606,-0.470423,-0.033803,-0.276056,-0.321127,-0.495775,-0.281690,-0.605634,-0.214085,-0.416901,-0.180282,-0.281690
T,Right,legacy_bisindo_T_1011,0.000000,0.000000,0.238636,-0.178977,0.355114,-0.488636,0.213068,-0.752841,0.093750,-0.957386,0.244318,-0.735795,0.247159,-1.000000,0.318182,-0.877841,0.377841,-0.704545,0.056818,-0.696023,0.073864,-0.866477,0.113636,-0.613636,0.136364,-0.400568,-0.113636,-0.633523,-0.071023,-0.744318,-0.031250,-0.477273,-0.011364,-0.284091,-0.284091,-0.542614,-0.230114,-0.619318,-0.176136,-0.426136,-0.153409,-0.295455
T,Right,legacy_bisindo_T_1012,0.000000,0.000000,-0.244755,-0.111888,-0.426573,-0.433566,-0.454545,-0.748252,-0.475524,-1.000000,-0.496503,-0.650350,-0.622378,-0.937063,-0.545455,-0.804196,-0.468531,-0.643357,-0.307692,-0.685315,-0.356643,-0.979021,-0.307692,-0.727273,-0.279720,-0.573427,-0.111888,-0.671329,-0.160839,-0.832168,-0.125874,-0.552448,-0.111888,-0.433566,0.090909,-0.629371,0.006993,-0.741259,0.020979,-0.559441,0.048951,-0.482517
T,Right,legacy_bisindo_T_1013,0.000000,0.000000,-0.316239,-0.042735,-0.564103,-0.410256,-0.572650,-0.760684,-0.547009,-1.000000,-0.529915,-0.632479,-0.606838,-0.871795,-0.606838,-0.794872,-0.615385,-0.666667,-0.307692,-0.683761,-0.376068,-0.948718,-0.350427,-0.683761,-0.307692,-0.504274,-0.094017,-0.675214,-0.145299,-0.871795,-0.119658,-0.547009,-0.076923,-0.384615,0.145299,-0.641026,0.059829,-0.803419,0.068376,-0.581197,0.102564,-0.470085
T,Right,legacy_bisindo_T_1014,0.000000,0.000000,-0.246575,-0.116438,-0.431507,-0.431507,-0.472603,-0.746575,-0.493151,-1.000000,-0.486301,-0.671233,-0.595890,-0.945205,-0.541096,-0.801370,-0.465753,-0.657534,-0.287671,-0.705479,-0.335616,-0.972603,-0.294521,-0.698630,-0.260274,-0.575342,-0.095890,-0.684932,-0.143836,-0.835616,-0.123288,-0.547945,-0.102740,-0.458904,0.102740,-0.643836,0.020548,-0.753425,0.027397,-0.561644,0.054795,-0.500000
T,Right,legacy_bisindo_T_1015,0.000000,0.000000,-0.245033,-0.119205,-0.423841,-0.430464,-0.470199,-0.741722,-0.490066,-1.000000,-0.483444,-0.675497,-0.582781,-0.940397,-0.523179,-0.801325,-0.443709,-0.668874,-0.291391,-0.708609,-0.331126,-0.980132,-0.284768,-0.708609,-0.258278,-0.589404,-0.099338,-0.688742,-0.132450,-0.827815,-0.112583,-0.549669,-0.099338,-0.463576,0.099338,-0.649007,0.026490,-0.748344,0.033113,-0.562914,0.059603,-0.509934
T,Right,legacy_bisindo_T_1016,0.000000,0.000000,-0.256098,-0.121951,-0.414634,-0.445122,-0.402439,-0.756098,-0.396341,-1.000000,-0.463415,-0.652439,-0.579268,-0.920732,-0.524390,-0.804878,-0.451220,-0.640244,-0.274390,-0.682927,-0.329268,-0.951220,-0.286585,-0.725610,-0.250000,-0.567073,-0.091463,-0.658537,-0.134146,-0.810976,-0.109756,-0.548780,-0.091463,-0.420732,0.103659,-0.615854,0.024390,-0.719512,0.030488,-0.548780,0.054878,-0.475610
T,Right,legacy_bisindo_T_1017,0.000000,0.000000,-0.254438,-0.124260,-0.408284,-0.437870,-0.384615,-0.757396,-0.384615,-1.000000,-0.455621,-0.644970,-0.579882,-0.917160,-0.538462,-0.810651,-0.467456,-0.656805,-0.266272,-0.674556,-0.313609,-0.928994,-0.278107,-0.698225,-0.236686,-0.544379,-0.082840,-0.650888,-0.130178,-0.804734,-0.106509,-0.532544,-0.082840,-0.408284,0.106509,-0.603550,0.023669,-0.721893,0.029586,-0.538462,0.065089,-0.467456
T,Right,legacy_bisindo_T_1018,0.000000,0.000000,-0.254335,-0.121387,-0.416185,-0.445087,-0.398844,-0.763006,-0.398844,-1.000000,-0.439306,-0.641618,-0.554913,-0.907514,-0.520231,-0.791908,-0.450867,-0.647399,-0.260116,-0.664740,-0.294798,-0.913295,-0.260116,-0.682081,-0.231214,-0.531792,-0.075145,-0.641618,-0.115607,-0.797688,-0.104046,-0.537572,-0.086705,-0.410405,0.109827,-0.601156,0.034682,-0.716763,0.040462,-0.543353,0.069364,-0.468208
T,Right,legacy_bisindo_T_1019,0.000000,0.000000,-0.247253,-0.137363,-0.390110,-0.461538,-0.351648,-0.763736,-0.340659,-1.000000,-0.401099,-0.648352,-0.510989,-0.912088,-0.483516,-0.802198,-0.423077,-0.648352,-0.225275,-0.670330,-0.247253,-0.906593,-0.230769,-0.675824,-0.208791,-0.516484,-0.043956,-0.637363,-0.087912,-0.785714,-0.082418,-0.527473,-0.060440,-0.401099,0.137363,-0.593407,0.060440,-0.703297,0.060440,-0.538462,0.093407,-0.472527
T,Right,legacy_bisindo_T_1020,0.000000,0.000000,-0.248677,-0.148148,-0.380952,-0.465608,-0.338624,-0.767196,-0.328042,-1.000000,-0.391534,-0.656085,-0.492063,-0.920635,-0.470899,-0.809524,-0.412698,-0.650794,-0.211640,-0.671958,-0.238095,-0.910053,-0.227513,-0.677249,-0.201058,-0.529101,-0.031746,-0.640212,-0.079365,-0.777778,-0.079365,-0.518519,-0.052910,-0.402116,0.148148,-0.587302,0.068783,-0.693122,0.058201,-0.523810,0.089947,-0.455026
T,Right,legacy_bisindo_T_1021,0.000000,0.000000,-0.243655,-0.142132,-0.375635,-0.467005,-0.335025,-0.766497,-0.309645,-1.000000,-0.385787,-0.649746,-0.482234,-0.928934,-0.467005,-0.812183,-0.416244,-0.649746,-0.208122,-0.664975,-0.223350,-0.903553,-0.213198,-0.675127,-0.187817,-0.527919,-0.030457,-0.629442,-0.071066,-0.776650,-0.065990,-0.517766,-0.045685,-0.390863,0.152284,-0.573604,0.071066,-0.690355,0.065990,-0.517766,0.096447,-0.446701
T,Right,legacy_bisindo_T_1022,0.000000,0.000000,-0.246445,-0.146919,-0.369668,-0.473934,-0.317536,-0.767773,-0.303318,-1.000000,-0.374408,-0.654028,-0.469194,-0.909953,-0.459716,-0.815166,-0.412322,-0.658768,-0.194313,-0.668246,-0.208531,-0.905213,-0.208531,-0.687204,-0.194313,-0.521327,-0.018957,-0.630332,-0.056872,-0.772512,-0.061611,-0.516588,-0.047393,-0.374408,0.161137,-0.563981,0.085308,-0.672986,0.071090,-0.502370,0.094787,-0.426540
T,Right,legacy_bisindo_T_1023,0.000000,0.000000,-0.242009,-0.155251,-0.365297,-0.479452,-0.315068,-0.771689,-0.301370,-1.000000,-0.369863,-0.657534,-0.465753,-0.917808,-0.452055,-0.812785,-0.401826,-0.657534,-0.196347,-0.666667,-0.210046,-0.904110,-0.205479,-0.684932,-0.187215,-0.529680,-0.018265,-0.630137,-0.054795,-0.771689,-0.059361,-0.520548,-0.045662,-0.392694,0.155251,-0.570776,0.086758,-0.675799,0.073059,-0.511416,0.095890,-0.442922
T,Right,legacy_bisindo_T_1024,0.000000,0.000000,-0.247748,-0.148649,-0.373874,-0.468468,-0.319820,-0.765766,-0.297297,-1.000000,-0.373874,-0.653153,-0.463964,-0.918919,-0.445946,-0.806306,-0.400901,-0.653153,-0.193694,-0.662162,-0.211712,-0.896396,-0.207207,-0.671171,-0.189189,-0.513514,-0.013514,-0.626126,-0.058559,-0.774775,-0.063063,-0.513514,-0.045045,-0.382883,0.166667,-0.567568,0.085586,-0.680180,0.076577,-0.504505,0.099099,-0.432432
T,Right,legacy_bisindo_T_1025,0.000000,0.000000,-0.244541,-0.157205,-0.366812,-0.475983,-0.323144,-0.768559,-0.296943,-1.000000,-0.366812,-0.650655,-0.462882,-0.908297,-0.454148,-0.803493,-0.410480,-0.650655,-0.187773,-0.659389,-0.209607,-0.895197,-0.205240,-0.681223,-0.183406,-0.528384,-0.013100,-0.620087,-0.052402,-0.764192,-0.061135,-0.515284,-0.043668,-0.388646,0.165939,-0.563319,0.087336,-0.676856,0.074236,-0.510917,0.100437,-0.436681
T,Right,legacy_bisindo_T_1026,0.000000,0.000000,-0.238095,-0.151515,-0.367965,-0.471861,-0.324675,-0.766234,-0.307359,-1.000000,-0.367965,-0.658009,-0.463203,-0.917749,-0.450216,-0.809524,-0.406926,-0.653680,-0.190476,-0.670996,-0.207792,-0.904762,-0.203463,-0.679654,-0.186147,-0.523810,-0.012987,-0.632035,-0.056277,-0.774892,-0.060606,-0.519481,-0.043290,-0.393939,0.164502,-0.575758,0.090909,-0.679654,0.077922,-0.510823,0.103896,-0.445887
T,Right,legacy_bisindo_T_1027,0.000000,0.000000,-0.239130,-0.152174,-0.369565,-0.473913,-0.321739,-0.769565,-0.300000,-1.000000,-0.365217,-0.673913,-0.460870,-0.939130,-0.452174,-0.813043,-0.408696,-0.656522,-0.186957,-0.686957,-0.208696,-0.917391,-0.208696,-0.678261,-0.191304,-0.534783,-0.008696,-0.643478,-0.052174,-0.782609,-0.060870,-0.521739,-0.047826,-0.408696,0.169565,-0.586957,0.095652,-0.682609,0.078261,-0.513043,0.104348,-0.456522
T,Right,legacy_bisindo_T_1028,0.000000,0.000000,-0.246753,-0.160173,-0.367965,-0.480519,-0.311688,-0.770563,-0.294372,-1.000000,-0.363636,-0.670996,-0.458874,-0.917749,-0.454545,-0.805195,-0.406926,-0.653680,-0.186147,-0.675325,-0.203463,-0.913420,-0.212121,-0.679654,-0.190476,-0.528139,-0.008658,-0.636364,-0.051948,-0.774892,-0.064935,-0.515152,-0.051948,-0.393939,0.168831,-0.575758,0.090909,-0.683983,0.073593,-0.510823,0.099567,-0.441558
T,Right,legacy_bisindo_T_1029,0.000000,0.000000,-0.239130,-0.156522,-0.365217,-0.478261,-0.313043,-0.769565,-0.286957,-1.000000,-0.352174,-0.673913,-0.447826,-0.926087,-0.439130,-0.808696,-0.400000,-0.656522,-0.173913,-0.678261,-0.191304,-0.908696,-0.200000,-0.678261,-0.186957,-0.530435,0.004348,-0.639130,-0.043478,-0.773913,-0.056522,-0.513043,-0.039130,-0.395652,0.178261,-0.578261,0.100000,-0.682609,0.082609,-0.513043,0.113043,-0.447826
T,Right,legacy_bisindo_T_1030,0.000000,0.000000,-0.229437,-0.155844,-0.354978,-0.476190,-0.307359,-0.766234,-0.281385,-1.000000,-0.350649,-0.670996,-0.450216,-0.926407,-0.441558,-0.800866,-0.393939,-0.645022,-0.173160,-0.679654,-0.199134,-0.909091,-0.203463,-0.670996,-0.181818,-0.528139,0.004329,-0.636364,-0.038961,-0.770563,-0.056277,-0.510823,-0.038961,-0.398268,0.177489,-0.580087,0.099567,-0.679654,0.082251,-0.510823,0.108225,-0.450216
T,Right,legacy_bisindo_T_1031,0.000000,0.000000,-0.242291,-0.149780,-0.365639,-0.471366,-0.317181,-0.766520,-0.286344,-1.000000,-0.361233,-0.674009,-0.453744,-0.929515,-0.449339,-0.801762,-0.405286,-0.651982,-0.180617,-0.682819,-0.202643,-0.911894,-0.211454,-0.669604,-0.189427,-0.533040,0.000000,-0.643172,-0.048458,-0.775330,-0.061674,-0.511013,-0.044053,-0.405286,0.180617,-0.585903,0.096916,-0.682819,0.079295,-0.511013,0.110132,-0.453744
T,Right,legacy_bisindo_T_1032,0.000000,0.000000,-0.245614,-0.149123,-0.372807,-0.473684,-0.324561,-0.767544,-0.307018,-1.000000,-0.359649,-0.662281,-0.456140,-0.929825,-0.460526,-0.815789,-0.416667,-0.662281,-0.184211,-0.671053,-0.206140,-0.903509,-0.210526,-0.675439,-0.192982,-0.526316,-0.008772,-0.635965,-0.061404,-0.767544,-0.065789,-0.513158,-0.048246,-0.394737,0.162281,-0.574561,0.083333,-0.679825,0.070175,-0.508772,0.100877,-0.447368
T,Right,legacy_bisindo_T_1033,0.000000,0.000000,-0.245614,-0.153509,-0.364035,-0.478070,-0.311404,-0.767544,-0.289474,-1.000000,-0.355263,-0.666667,-0.456140,-0.921053,-0.451754,-0.811404,-0.407895,-0.657895,-0.179825,-0.675439,-0.197368,-0.912281,-0.201754,-0.684211,-0.184211,-0.526316,-0.008772,-0.640351,-0.057018,-0.771930,-0.065789,-0.517544,-0.043860,-0.394737,0.166667,-0.578947,0.083333,-0.679825,0.070175,-0.508772,0.096491,-0.438596
T,Right,legacy_bisindo_T_1034,0.000000,0.000000,-0.246637,-0.161435,-0.367713,-0.484305,-0.313901,-0.771300,-0.291480,-1.000000,-0.363229,-0.677130,-0.457399,-0.928251,-0.448430,-0.829596,-0.399103,-0.681614,-0.183857,-0.686099,-0.197309,-0.923767,-0.206278,-0.699552,-0.188341,-0.538117,-0.004484,-0.645740,-0.049327,-0.775785,-0.062780,-0.520179,-0.049327,-0.390135,0.170404,-0.582960,0.089686,-0.686099,0.071749,-0.515695,0.098655,-0.439462
T,Right,legacy_bisindo_T_1035,0.000000,0.000000,-0.246637,-0.156951,-0.372197,-0.479821,-0.313901,-0.771300,-0.286996,-1.000000,-0.367713,-0.659193,-0.461883,-0.914798,-0.452915,-0.816143,-0.408072,-0.663677,-0.188341,-0.668161,-0.201794,-0.910314,-0.206278,-0.686099,-0.188341,-0.529148,-0.013453,-0.627803,-0.053812,-0.771300,-0.067265,-0.515695,-0.053812,-0.385650,0.161435,-0.569507,0.085202,-0.677130,0.067265,-0.506726,0.089686,-0.430493
T,Right,legacy_bisindo_T_1036,0.000000,0.000000,-0.247748,-0.148649,-0.373874,-0.477477,-0.319820,-0.774775,-0.292793,-1.000000,-0.364865,-0.662162,-0.463964,-0.923423,-0.454955,-0.801802,-0.409910,-0.653153,-0.189189,-0.671171,-0.216216,-0.909910,-0.220721,-0.671171,-0.198198,-0.518018,-0.009009,-0.635135,-0.058559,-0.788288,-0.072072,-0.522523,-0.058559,-0.396396,0.166667,-0.576577,0.085586,-0.689189,0.067568,-0.513514,0.090090,-0.441441
T,Right,legacy_bisindo_T_1037,0.000000,0.000000,-0.244444,-0.155556,-0.368889,-0.484444,-0.324444,-0.773333,-0.306667,-1.000000,-0.360000,-0.662222,-0.448889,-0.924444,-0.444444,-0.808889,-0.404444,-0.648889,-0.186667,-0.671111,-0.204444,-0.902222,-0.204444,-0.671111,-0.191111,-0.515556,-0.013333,-0.631111,-0.048889,-0.768889,-0.062222,-0.515556,-0.048889,-0.386667,0.160000,-0.573333,0.093333,-0.680000,0.075556,-0.515556,0.097778,-0.444444
T,Right,legacy_bisindo_T_1038,0.000000,0.000000,-0.243243,-0.148649,-0.369369,-0.477477,-0.319820,-0.770270,-0.292793,-1.000000,-0.355856,-0.662162,-0.450450,-0.932432,-0.450450,-0.819820,-0.414414,-0.657658,-0.180180,-0.671171,-0.193694,-0.914414,-0.202703,-0.689189,-0.189189,-0.531532,-0.009009,-0.630631,-0.054054,-0.770270,-0.063063,-0.518018,-0.045045,-0.391892,0.166667,-0.567568,0.085586,-0.671171,0.072072,-0.509009,0.099099,-0.441441
T,Right,legacy_bisindo_T_1039,0.000000,0.000000,-0.239819,-0.149321,-0.361991,-0.479638,-0.316742,-0.769231,-0.285068,-1.000000,-0.348416,-0.665158,-0.438914,-0.927602,-0.434389,-0.814480,-0.393665,-0.660633,-0.176471,-0.669683,-0.190045,-0.904977,-0.199095,-0.674208,-0.180995,-0.524887,0.000000,-0.628959,-0.040724,-0.764706,-0.054299,-0.511312,-0.040724,-0.389140,0.176471,-0.570136,0.095023,-0.669683,0.081448,-0.502262,0.108597,-0.434389
T,Right,legacy_bisindo_T_1040,0.000000,0.000000,-0.233184,-0.152466,-0.354260,-0.470852,-0.304933,-0.766816,-0.282511,-1.000000,-0.345291,-0.654709,-0.434978,-0.923767,-0.426009,-0.816143,-0.381166,-0.668161,-0.174888,-0.663677,-0.179372,-0.901345,-0.188341,-0.672646,-0.179372,-0.533632,0.000000,-0.618834,-0.035874,-0.757848,-0.053812,-0.506726,-0.040359,-0.394619,0.170404,-0.560538,0.098655,-0.668161,0.080717,-0.502242,0.107623,-0.439462
T,Right,legacy_bisindo_T_1041,0.000000,0.000000,-0.230769,-0.162896,-0.339367,-0.488688,-0.285068,-0.773756,-0.257919,-1.000000,-0.339367,-0.669683,-0.420814,-0.927602,-0.416290,-0.819005,-0.375566,-0.660633,-0.162896,-0.669683,-0.171946,-0.909502,-0.180995,-0.692308,-0.171946,-0.538462,0.009050,-0.624434,-0.022624,-0.760181,-0.045249,-0.511312,-0.036199,-0.384615,0.180995,-0.556561,0.108597,-0.665158,0.090498,-0.497738,0.108597,-0.429864
T,Right,legacy_bisindo_T_1042,0.000000,0.000000,-0.232877,-0.155251,-0.347032,-0.484018,-0.287671,-0.771689,-0.255708,-1.000000,-0.337900,-0.671233,-0.424658,-0.931507,-0.424658,-0.812785,-0.378995,-0.657534,-0.164384,-0.671233,-0.173516,-0.908676,-0.187215,-0.675799,-0.168950,-0.529680,0.009132,-0.625571,-0.022831,-0.757991,-0.050228,-0.506849,-0.036530,-0.392694,0.178082,-0.561644,0.109589,-0.666667,0.086758,-0.502283,0.109589,-0.438356
T,Right,legacy_bisindo_T_1043,0.000000,0.000000,-0.238532,-0.160550,-0.353211,-0.486239,-0.293578,-0.775229,-0.266055,-1.000000,-0.339450,-0.669725,-0.431193,-0.926606,-0.426606,-0.816514,-0.380734,-0.665138,-0.165138,-0.674312,-0.169725,-0.908257,-0.188073,-0.688073,-0.178899,-0.532110,0.009174,-0.633028,-0.027523,-0.761468,-0.050459,-0.513761,-0.041284,-0.394495,0.178899,-0.568807,0.105505,-0.669725,0.082569,-0.500000,0.100917,-0.431193
T,Right,legacy_bisindo_T_1044,0.000000,0.000000,-0.242009,-0.150685,-0.360731,-0.488584,-0.301370,-0.776256,-0.264840,-1.000000,-0.347032,-0.671233,-0.429224,-0.931507,-0.424658,-0.808219,-0.383562,-0.657534,-0.168950,-0.675799,-0.191781,-0.908676,-0.200913,-0.675799,-0.187215,-0.529680,0.004566,-0.634703,-0.031963,-0.780822,-0.054795,-0.515982,-0.050228,-0.392694,0.178082,-0.570776,0.109589,-0.684932,0.077626,-0.506849,0.091324,-0.433790
T,Right,legacy_bisindo_T_1045,0.000000,0.000000,-0.242009,-0.173516,-0.351598,-0.493151,-0.292237,-0.776256,-0.260274,-1.000000,-0.333333,-0.671233,-0.424658,-0.926941,-0.420091,-0.821918,-0.383562,-0.671233,-0.159817,-0.671233,-0.173516,-0.904110,-0.182648,-0.689498,-0.168950,-0.534247,0.009132,-0.634703,-0.031963,-0.771689,-0.050228,-0.529680,-0.036530,-0.401826,0.182648,-0.570776,0.105023,-0.680365,0.086758,-0.520548,0.109589,-0.442922
T,Right,legacy_bisindo_T_1046,0.000000,0.000000,-0.235556,-0.151111,-0.337778,-0.484444,-0.257778,-0.773333,-0.231111,-1.000000,-0.315556,-0.688889,-0.386667,-0.946667,-0.395556,-0.808889,-0.364444,-0.653333,-0.133333,-0.680000,-0.151111,-0.911111,-0.177778,-0.657778,-0.164444,-0.511111,0.040000,-0.626667,0.000000,-0.768889,-0.035556,-0.497778,-0.026667,-0.377778,0.208889,-0.555556,0.128889,-0.657778,0.097778,-0.480000,0.120000,-0.413333
T,Right,legacy_bisindo_T_1047,0.000000,0.000000,-0.198381,-0.194332,-0.246964,-0.522267,-0.129555,-0.785425,-0.060729,-1.000000,-0.194332,-0.704453,-0.218623,-0.955466,-0.238866,-0.862348,-0.238866,-0.720648,-0.028340,-0.676113,0.004049,-0.894737,-0.052632,-0.688259,-0.072874,-0.538462,0.129555,-0.603239,0.121457,-0.748988,0.056680,-0.518219,0.040486,-0.388664,0.279352,-0.510121,0.226721,-0.627530,0.178138,-0.473684,0.186235,-0.396761
T,Right,legacy_bisindo_T_1048,0.000000,0.000000,-0.180769,-0.211538,-0.211538,-0.534615,-0.088462,-0.788462,-0.003846,-1.000000,-0.138462,-0.711538,-0.153846,-0.957692,-0.176923,-0.888462,-0.176923,-0.769231,0.023077,-0.676923,0.076923,-0.896154,0.007692,-0.700000,-0.026923,-0.557692,0.169231,-0.600000,0.165385,-0.730769,0.088462,-0.507692,0.065385,-0.396154,0.311538,-0.496154,0.269231,-0.607692,0.203846,-0.461538,0.203846,-0.392308
T,Right,legacy_bisindo_T_1049,0.000000,0.000000,-0.176471,-0.196078,-0.192157,-0.537255,-0.050980,-0.788235,0.039216,-1.000000,-0.129412,-0.725490,-0.133333,-1.000000,-0.164706,-0.886275,-0.176471,-0.725490,0.039216,-0.674510,0.109804,-0.909804,0.031373,-0.701961,-0.011765,-0.549020,0.184314,-0.580392,0.200000,-0.713725,0.105882,-0.482353,0.070588,-0.360784,0.325490,-0.466667,0.286275,-0.576471,0.215686,-0.423529,0.211765,-0.352941
T,Right,legacy_bisindo_T_1050,0.000000,0.000000,-0.138577,-0.198502,-0.112360,-0.528090,0.041199,-0.760300,0.142322,-0.962547,-0.056180,-0.737828,-0.044944,-1.000000,-0.074906,-0.868914,-0.097378,-0.696629,0.108614,-0.670412,0.194757,-0.876404,0.104869,-0.670412,0.056180,-0.528090,0.247191,-0.550562,0.288390,-0.659176,0.172285,-0.441948,0.123596,-0.340824,0.370787,-0.415730,0.367041,-0.513109,0.280899,-0.370787,0.262172,-0.310861
T,Right,legacy_bisindo_T_1051,0.000000,0.000000,-0.120879,-0.201465,-0.091575,-0.527473,0.076923,-0.754579,0.219780,-0.934066,-0.003663,-0.736264,0.029304,-1.000000,-0.010989,-0.868132,-0.032967,-0.717949,0.150183,-0.663004,0.238095,-0.860806,0.128205,-0.652015,0.084249,-0.545788,0.278388,-0.549451,0.322344,-0.663004,0.183150,-0.450549,0.146520,-0.373626,0.391941,-0.413919,0.391941,-0.531136,0.289377,-0.388278,0.267399,-0.329670
T,Right,legacy_bisindo_T_1052,0.000000,0.000000,-0.087786,-0.209924,-0.019084,-0.522901,0.160305,-0.740458,0.309160,-0.908397,0.068702,-0.744275,0.125954,-1.000000,0.080153,-0.854962,0.045802,-0.694656,0.221374,-0.660305,0.335878,-0.847328,0.213740,-0.641221,0.156489,-0.534351,0.335878,-0.534351,0.408397,-0.633588,0.244275,-0.442748,0.179389,-0.377863,0.438931,-0.385496,0.473282,-0.473282,0.351145,-0.351145,0.309160,-0.309160
T,Right,legacy_bisindo_T_1053,0.000000,0.000000,-0.086957,-0.201581,-0.019763,-0.525692,0.166008,-0.750988,0.320158,-0.928854,0.075099,-0.758893,0.134387,-1.000000,0.086957,-0.849802,0.047431,-0.691700,0.233202,-0.660079,0.355731,-0.830040,0.217391,-0.600791,0.162055,-0.513834,0.355731,-0.521739,0.434783,-0.620553,0.264822,-0.403162,0.205534,-0.355731,0.454545,-0.371542,0.490119,-0.454545,0.367589,-0.320158,0.328063,-0.288538
T,Right,legacy_bisindo_T_1054,0.000000,0.000000,-0.091270,-0.202381,-0.015873,-0.523810,0.178571,-0.742063,0.341270,-0.916667,0.087302,-0.753968,0.150794,-1.000000,0.095238,-0.845238,0.051587,-0.690476,0.246032,-0.658730,0.361111,-0.817460,0.218254,-0.587302,0.166667,-0.511905,0.369048,-0.515873,0.448413,-0.603175,0.269841,-0.388889,0.214286,-0.353175,0.468254,-0.365079,0.500000,-0.436508,0.373016,-0.301587,0.337302,-0.277778
T,Right,legacy_bisindo_T_1055,0.000000,0.000000,-0.091270,-0.202381,-0.031746,-0.519841,0.154762,-0.742063,0.305556,-0.920635,0.059524,-0.753968,0.119048,-1.000000,0.067460,-0.849206,0.023810,-0.694444,0.214286,-0.666667,0.337302,-0.849206,0.206349,-0.626984,0.146825,-0.539683,0.337302,-0.535714,0.412698,-0.638889,0.246032,-0.432540,0.178571,-0.380952,0.440476,-0.388889,0.468254,-0.480159,0.345238,-0.345238,0.301587,-0.305556
T,Right,legacy_bisindo_T_1056,0.000000,0.000000,-0.096000,-0.196000,-0.032000,-0.524000,0.156000,-0.748000,0.312000,-0.928000,0.052000,-0.748000,0.116000,-1.000000,0.072000,-0.852000,0.032000,-0.688000,0.220000,-0.656000,0.340000,-0.832000,0.204000,-0.600000,0.148000,-0.504000,0.344000,-0.520000,0.420000,-0.612000,0.252000,-0.396000,0.192000,-0.340000,0.444000,-0.372000,0.472000,-0.452000,0.352000,-0.312000,0.316000,-0.272000
T,Right,legacy_bisindo_T_1057,0.000000,0.000000,-0.106719,-0.201581,-0.043478,-0.525692,0.154150,-0.735178,0.312253,-0.909091,0.047431,-0.743083,0.106719,-1.000000,0.055336,-0.853755,0.015810,-0.687747,0.209486,-0.656126,0.328063,-0.845850,0.193676,-0.616601,0.142292,-0.509881,0.335968,-0.525692,0.395257,-0.628458,0.229249,-0.418972,0.173913,-0.351779,0.434783,-0.383399,0.450593,-0.478261,0.328063,-0.343874,0.296443,-0.296443
T,Right,legacy_bisindo_T_1058,0.000000,0.000000,-0.108871,-0.217742,-0.040323,-0.536290,0.157258,-0.741935,0.310484,-0.911290,0.068548,-0.741935,0.108871,-1.000000,0.048387,-0.862903,0.008065,-0.705645,0.225806,-0.661290,0.326613,-0.854839,0.189516,-0.645161,0.129032,-0.524194,0.350806,-0.532258,0.395161,-0.649194,0.225806,-0.451613,0.165323,-0.370968,0.455645,-0.387097,0.463710,-0.504032,0.330645,-0.370968,0.294355,-0.310484
T,Right,legacy_bisindo_T_1059,0.000000,0.000000,-0.117117,-0.229730,-0.072072,-0.536036,0.103604,-0.743243,0.225225,-0.914414,0.018018,-0.729730,0.040541,-1.000000,-0.013514,-0.860360,-0.049550,-0.693694,0.166667,-0.648649,0.256757,-0.855856,0.139640,-0.657658,0.081081,-0.522523,0.288288,-0.527027,0.328829,-0.644144,0.193694,-0.450450,0.139640,-0.355856,0.391892,-0.387387,0.400901,-0.504505,0.292793,-0.373874,0.261261,-0.301802
T,Right,legacy_bisindo_T_1060,0.000000,0.000000,-0.130653,-0.231156,-0.100503,-0.537688,0.060302,-0.753769,0.180905,-0.939698,-0.025126,-0.728643,-0.005025,-1.000000,-0.045226,-0.874372,-0.065327,-0.718593,0.120603,-0.658291,0.201005,-0.879397,0.105528,-0.688442,0.060302,-0.552764,0.246231,-0.547739,0.271357,-0.678392,0.150754,-0.482412,0.110553,-0.386935,0.361809,-0.427136,0.346734,-0.557789,0.246231,-0.417085,0.221106,-0.341709
T,Right,legacy_bisindo_T_1061,0.000000,0.000000,-0.150838,-0.223464,-0.134078,-0.536313,0.022346,-0.759777,0.139665,-0.949721,-0.061453,-0.737430,-0.039106,-1.000000,-0.083799,-0.871508,-0.100559,-0.726257,0.100559,-0.664804,0.162011,-0.877095,0.067039,-0.687151,0.016760,-0.558659,0.229050,-0.564246,0.240223,-0.687151,0.128492,-0.480447,0.089385,-0.379888,0.351955,-0.435754,0.318436,-0.564246,0.223464,-0.413408,0.206704,-0.335196
T,Right,legacy_bisindo_T_1062,0.000000,0.000000,-0.175325,-0.220779,-0.175325,-0.532468,-0.012987,-0.779221,0.090909,-0.980519,-0.097403,-0.720779,-0.077922,-1.000000,-0.116883,-0.889610,-0.136364,-0.746753,0.064935,-0.662338,0.136364,-0.896104,0.045455,-0.681818,0.012987,-0.538961,0.201299,-0.564935,0.207792,-0.701299,0.103896,-0.474026,0.077922,-0.370130,0.324675,-0.448052,0.292208,-0.571429,0.214286,-0.422078,0.207792,-0.350649
T,Right,legacy_bisindo_T_1063,0.000000,0.000000,-0.176056,-0.204225,-0.176056,-0.528169,-0.028169,-0.788732,0.084507,-0.992958,-0.112676,-0.725352,-0.091549,-1.000000,-0.126761,-0.887324,-0.140845,-0.732394,0.056338,-0.669014,0.133803,-0.908451,0.049296,-0.704225,0.007042,-0.556338,0.204225,-0.570423,0.211268,-0.711268,0.105634,-0.471831,0.070423,-0.352113,0.330986,-0.457746,0.288732,-0.570423,0.211268,-0.408451,0.197183,-0.330986
T,Right,legacy_bisindo_T_1064,0.000000,0.000000,-0.189781,-0.204380,-0.189781,-0.540146,-0.036496,-0.795620,0.072993,-1.000000,-0.109489,-0.722628,-0.109489,-1.000000,-0.145985,-0.890511,-0.153285,-0.744526,0.058394,-0.671533,0.116788,-0.919708,0.021898,-0.700730,-0.014599,-0.540146,0.204380,-0.576642,0.211679,-0.737226,0.094891,-0.489051,0.072993,-0.364964,0.343066,-0.459854,0.299270,-0.591241,0.211679,-0.423358,0.204380,-0.350365
T,Right,legacy_bisindo_T_1065,0.000000,0.000000,-0.189394,-0.196970,-0.212121,-0.537879,-0.060606,-0.787879,0.045455,-0.992424,-0.159091,-0.727273,-0.151515,-1.000000,-0.189394,-0.893939,-0.204545,-0.734848,0.015152,-0.681818,0.060606,-0.931818,-0.015152,-0.734848,-0.053030,-0.583333,0.159091,-0.598485,0.159091,-0.742424,0.068182,-0.500000,0.037879,-0.371212,0.303030,-0.492424,0.242424,-0.598485,0.174242,-0.431818,0.166667,-0.356061
T,Right,legacy_bisindo_T_1066,0.000000,0.000000,-0.190840,-0.190840,-0.206107,-0.534351,-0.068702,-0.793893,0.030534,-1.000000,-0.152672,-0.717557,-0.137405,-0.992366,-0.167939,-0.885496,-0.183206,-0.740458,0.015267,-0.679389,0.076336,-0.908397,0.000000,-0.717557,-0.030534,-0.572519,0.167939,-0.595420,0.160305,-0.725191,0.076336,-0.496183,0.045802,-0.366412,0.305344,-0.488550,0.251908,-0.595420,0.183206,-0.435115,0.183206,-0.358779
T,Right,legacy_bisindo_T_1067,0.000000,0.000000,-0.181102,-0.204724,-0.196850,-0.527559,-0.055118,-0.787402,0.047244,-1.000000,-0.149606,-0.708661,-0.118110,-0.976378,-0.141732,-0.889764,-0.157480,-0.740157,0.015748,-0.661417,0.094488,-0.913386,0.031496,-0.724409,-0.007874,-0.574803,0.165354,-0.574803,0.181102,-0.716535,0.086614,-0.480315,0.055118,-0.354331,0.307087,-0.472441,0.267717,-0.590551,0.196850,-0.425197,0.181102,-0.346457
T,Right,legacy_bisindo_T_1068,0.000000,0.000000,-0.181102,-0.204724,-0.196850,-0.551181,-0.047244,-0.803150,0.062992,-1.000000,-0.133858,-0.732283,-0.110236,-1.000000,-0.149606,-0.881890,-0.165354,-0.732283,0.031496,-0.685039,0.094488,-0.921260,0.015748,-0.716535,-0.015748,-0.574803,0.173228,-0.598425,0.181102,-0.732283,0.086614,-0.496063,0.062992,-0.385827,0.314961,-0.488189,0.275591,-0.606299,0.196850,-0.448819,0.196850,-0.377953
T,Right,legacy_bisindo_T_1069,0.000000,0.000000,-0.177419,-0.201613,-0.193548,-0.532258,-0.056452,-0.798387,0.056452,-1.000000,-0.137097,-0.725806,-0.104839,-1.000000,-0.145161,-0.895161,-0.161290,-0.758065,0.024194,-0.677419,0.096774,-0.919355,0.024194,-0.709677,-0.008065,-0.564516,0.169355,-0.588710,0.185484,-0.725806,0.088710,-0.500000,0.064516,-0.395161,0.306452,-0.483871,0.266129,-0.596774,0.193548,-0.443548,0.193548,-0.379032
T,Right,legacy_bisindo_T_1070,0.000000,0.000000,-0.178862,-0.195122,-0.195122,-0.528455,-0.048780,-0.788618,0.056911,-1.000000,-0.130081,-0.715447,-0.105691,-0.991870,-0.146341,-0.886179,-0.154472,-0.739837,0.032520,-0.674797,0.097561,-0.902439,0.024390,-0.699187,0.000000,-0.552846,0.178862,-0.585366,0.186992,-0.731707,0.097561,-0.495935,0.073171,-0.373984,0.308943,-0.479675,0.268293,-0.601626,0.195122,-0.439024,0.195122,-0.357724
T,Right,legacy_bisindo_T_1071,0.000000,0.000000,-0.178862,-0.211382,-0.195122,-0.544715,-0.056911,-0.796748,0.040650,-1.000000,-0.138211,-0.723577,-0.121951,-0.983740,-0.154472,-0.878049,-0.170732,-0.731707,0.024390,-0.674797,0.081301,-0.902439,0.008130,-0.707317,-0.024390,-0.569106,0.170732,-0.585366,0.178862,-0.739837,0.089431,-0.512195,0.056911,-0.406504,0.308943,-0.487805,0.268293,-0.617886,0.203252,-0.463415,0.195122,-0.390244
T,Right,legacy_bisindo_T_1072,0.000000,0.000000,-0.188525,-0.213115,-0.204918,-0.549180,-0.065574,-0.803279,0.032787,-1.000000,-0.139344,-0.721311,-0.131148,-0.975410,-0.172131,-0.868852,-0.196721,-0.729508,0.016393,-0.672131,0.073770,-0.901639,-0.008197,-0.704918,-0.040984,-0.565574,0.163934,-0.581967,0.172131,-0.729508,0.073770,-0.508197,0.049180,-0.393443,0.303279,-0.475410,0.262295,-0.606557,0.188525,-0.459016,0.180328,-0.377049
T,Right,legacy_bisindo_T_1073,0.000000,0.000000,-0.191667,-0.191667,-0.208333,-0.533333,-0.075000,-0.800000,0.033333,-1.000000,-0.158333,-0.708333,-0.150000,-0.975000,-0.183333,-0.875000,-0.208333,-0.733333,0.000000,-0.666667,0.050000,-0.908333,-0.008333,-0.716667,-0.041667,-0.566667,0.150000,-0.591667,0.150000,-0.733333,0.075000,-0.500000,0.050000,-0.375000,0.291667,-0.483333,0.241667,-0.608333,0.183333,-0.458333,0.175000,-0.375000
T,Right,legacy_bisindo_T_1074,0.000000,0.000000,-0.204918,-0.188525,-0.229508,-0.540984,-0.090164,-0.795082,0.008197,-1.000000,-0.163934,-0.704918,-0.155738,-0.959016,-0.204918,-0.860656,-0.221311,-0.713115,0.000000,-0.663934,0.049180,-0.909836,-0.024590,-0.704918,-0.040984,-0.557377,0.147541,-0.581967,0.147541,-0.721311,0.057377,-0.491803,0.040984,-0.377049,0.286885,-0.483607,0.237705,-0.606557,0.172131,-0.450820,0.172131,-0.377049
T,Right,legacy_bisindo_T_1075,0.000000,0.000000,-0.191667,-0.200000,-0.233333,-0.533333,-0.100000,-0.791667,0.000000,-1.000000,-0.175000,-0.708333,-0.175000,-0.958333,-0.216667,-0.858333,-0.225000,-0.716667,-0.008333,-0.675000,0.033333,-0.900000,-0.033333,-0.691667,-0.050000,-0.550000,0.141667,-0.591667,0.141667,-0.733333,0.058333,-0.500000,0.041667,-0.383333,0.283333,-0.491667,0.233333,-0.616667,0.175000,-0.466667,0.183333,-0.391667
T,Right,legacy_bisindo_T_1076,0.000000,0.000000,-0.200000,-0.191667,-0.241667,-0.525000,-0.125000,-0.791667,-0.033333,-1.000000,-0.208333,-0.700000,-0.200000,-0.966667,-0.233333,-0.850000,-0.241667,-0.691667,-0.025000,-0.675000,0.008333,-0.916667,-0.050000,-0.700000,-0.066667,-0.550000,0.133333,-0.591667,0.116667,-0.741667,0.041667,-0.508333,0.033333,-0.383333,0.275000,-0.500000,0.208333,-0.616667,0.150000,-0.458333,0.166667,-0.383333
T,Right,legacy_bisindo_T_1077,0.000000,0.000000,-0.229508,-0.163934,-0.319672,-0.500000,-0.237705,-0.778689,-0.172131,-1.000000,-0.286885,-0.688525,-0.336066,-0.942623,-0.352459,-0.836066,-0.344262,-0.672131,-0.106557,-0.680328,-0.114754,-0.926230,-0.147541,-0.704918,-0.139344,-0.540984,0.065574,-0.622951,0.008197,-0.770492,-0.024590,-0.516393,-0.016393,-0.385246,0.221311,-0.549180,0.131148,-0.655738,0.098361,-0.491803,0.122951,-0.418033
T,Right,legacy_bisindo_T_1078,0.000000,0.000000,-0.256000,-0.136000,-0.384000,-0.472000,-0.344000,-0.768000,-0.304000,-1.000000,-0.352000,-0.664000,-0.432000,-0.912000,-0.456000,-0.824000,-0.440000,-0.680000,-0.184000,-0.680000,-0.216000,-0.928000,-0.232000,-0.704000,-0.200000,-0.552000,-0.008000,-0.648000,-0.080000,-0.792000,-0.096000,-0.536000,-0.064000,-0.400000,0.168000,-0.584000,0.064000,-0.688000,0.040000,-0.512000,0.072000,-0.432000
T,Right,legacy_bisindo_T_1079,0.000000,0.000000,-0.263566,-0.124031,-0.418605,-0.457364,-0.395349,-0.767442,-0.379845,-1.000000,-0.410853,-0.658915,-0.511628,-0.906977,-0.511628,-0.790698,-0.472868,-0.651163,-0.240310,-0.682171,-0.294574,-0.930233,-0.294574,-0.697674,-0.255814,-0.550388,-0.062016,-0.658915,-0.131783,-0.821705,-0.131783,-0.550388,-0.100775,-0.426357,0.116279,-0.620155,0.007752,-0.713178,0.007752,-0.534884,0.046512,-0.472868
T,Right,legacy_bisindo_T_1080,0.000000,0.000000,-0.274809,-0.083969,-0.473282,-0.435115,-0.465649,-0.763359,-0.458015,-1.000000,-0.488550,-0.641221,-0.595420,-0.908397,-0.587786,-0.786260,-0.541985,-0.618321,-0.312977,-0.679389,-0.374046,-0.946565,-0.358779,-0.702290,-0.305344,-0.534351,-0.122137,-0.671756,-0.198473,-0.824427,-0.175573,-0.541985,-0.129771,-0.404580,0.068702,-0.633588,-0.045802,-0.732824,-0.030534,-0.549618,0.015267,-0.480916
T,Right,legacy_bisindo_T_1081,0.000000,0.000000,-0.286713,-0.076923,-0.503497,-0.419580,-0.524476,-0.755245,-0.545455,-1.000000,-0.510490,-0.622378,-0.643357,-0.867133,-0.657343,-0.762238,-0.615385,-0.622378,-0.335664,-0.678322,-0.447552,-0.944056,-0.405594,-0.699301,-0.335664,-0.538462,-0.146853,-0.678322,-0.258741,-0.846154,-0.216783,-0.559441,-0.153846,-0.419580,0.055944,-0.650350,-0.083916,-0.755245,-0.062937,-0.559441,-0.006993,-0.482517
T,Right,legacy_bisindo_T_1082,0.000000,0.000000,-0.281879,-0.080537,-0.489933,-0.422819,-0.503356,-0.758389,-0.530201,-1.000000,-0.510067,-0.630872,-0.644295,-0.879195,-0.644295,-0.751678,-0.577181,-0.604027,-0.322148,-0.677852,-0.429530,-0.946309,-0.402685,-0.684564,-0.328859,-0.530201,-0.134228,-0.671141,-0.228188,-0.838926,-0.201342,-0.543624,-0.147651,-0.409396,0.060403,-0.651007,-0.067114,-0.751678,-0.053691,-0.550336,-0.006711,-0.476510
T,Right,legacy_bisindo_T_1083,0.000000,0.000000,-0.290123,-0.049383,-0.530864,-0.407407,-0.537037,-0.759259,-0.555556,-1.000000,-0.493827,-0.611111,-0.623457,-0.845679,-0.685185,-0.796296,-0.679012,-0.666667,-0.314815,-0.666667,-0.425926,-0.962963,-0.419753,-0.728395,-0.358025,-0.524691,-0.117284,-0.666667,-0.240741,-0.827160,-0.203704,-0.537037,-0.129630,-0.376543,0.092593,-0.641975,-0.061728,-0.734568,-0.037037,-0.543210,0.037037,-0.469136
T,Right,legacy_bisindo_T_1084,0.000000,0.000000,-0.270270,-0.081081,-0.475676,-0.427027,-0.481081,-0.762162,-0.486486,-1.000000,-0.454054,-0.621622,-0.572973,-0.827027,-0.632432,-0.810811,-0.621622,-0.702703,-0.281081,-0.670270,-0.372973,-0.962162,-0.362162,-0.740541,-0.302703,-0.535135,-0.086486,-0.664865,-0.194595,-0.827027,-0.167568,-0.556757,-0.113514,-0.383784,0.113514,-0.627027,-0.027027,-0.724324,-0.010811,-0.545946,0.048649,-0.470270
T,Right,legacy_bisindo_T_1085,0.000000,0.000000,-0.297980,-0.030303,-0.565657,-0.373737,-0.590909,-0.742424,-0.590909,-1.000000,-0.520202,-0.611111,-0.686869,-0.828283,-0.762626,-0.762626,-0.762626,-0.616162,-0.338384,-0.681818,-0.489899,-0.984848,-0.459596,-0.737374,-0.378788,-0.530303,-0.131313,-0.696970,-0.287879,-0.863636,-0.222222,-0.545455,-0.131313,-0.368687,0.095960,-0.686869,-0.080808,-0.767677,-0.030303,-0.560606,0.055556,-0.484848
T,Right,legacy_bisindo_T_1086,0.000000,0.000000,-0.317757,-0.018692,-0.612150,-0.369159,-0.654206,-0.738318,-0.677570,-1.000000,-0.588785,-0.612150,-0.738318,-0.836449,-0.817757,-0.785047,-0.831776,-0.668224,-0.411215,-0.691589,-0.574766,-0.976636,-0.546729,-0.719626,-0.467290,-0.504673,-0.200935,-0.714953,-0.373832,-0.883178,-0.294393,-0.565421,-0.200935,-0.387850,0.023364,-0.710280,-0.163551,-0.799065,-0.107477,-0.593458,-0.014019,-0.509346
T,Right,legacy_bisindo_T_1087,0.000000,0.000000,-0.320175,0.017544,-0.649123,-0.298246,-0.736842,-0.635965,-0.811404,-0.881579,-0.657895,-0.561404,-0.789474,-0.802632,-0.877193,-0.929825,-0.925439,-1.000000,-0.482456,-0.653509,-0.666667,-0.894737,-0.622807,-0.662281,-0.539474,-0.456140,-0.285088,-0.697368,-0.464912,-0.824561,-0.355263,-0.543860,-0.254386,-0.381579,-0.074561,-0.714912,-0.258772,-0.785088,-0.188596,-0.596491,-0.100877,-0.526316
T,Right,legacy_bisindo_T_1088,0.000000,0.000000,-0.313725,0.074510,-0.670588,-0.149020,-0.811765,-0.450980,-0.909804,-0.666667,-0.717647,-0.380392,-0.949020,-0.537255,-1.000000,-0.443137,-0.960784,-0.317647,-0.588235,-0.501961,-0.823529,-0.694118,-0.721569,-0.482353,-0.576471,-0.337255,-0.415686,-0.584314,-0.623529,-0.674510,-0.458824,-0.431373,-0.309804,-0.313725,-0.215686,-0.647059,-0.419608,-0.690196,-0.305882,-0.525490,-0.188235,-0.470588
T,Right,legacy_bisindo_T_1089,0.000000,0.000000,-0.352000,0.024000,-0.704000,-0.212000,-0.852000,-0.496000,-0.936000,-0.740000,-0.768000,-0.452000,-0.980000,-0.620000,-1.000000,-0.524000,-0.936000,-0.408000,-0.636000,-0.564000,-0.852000,-0.736000,-0.728000,-0.528000,-0.572000,-0.384000,-0.460000,-0.644000,-0.656000,-0.728000,-0.492000,-0.496000,-0.348000,-0.384000,-0.260000,-0.696000,-0.452000,-0.736000,-0.348000,-0.588000,-0.240000,-0.544000
T,Right,legacy_bisindo_T_1090,0.000000,0.000000,-0.281588,0.064982,-0.624549,-0.151625,-0.768953,-0.425993,-0.880866,-0.624549,-0.678700,-0.361011,-0.823105,-0.555957,-0.927798,-0.653430,-1.000000,-0.714801,-0.555957,-0.472924,-0.765343,-0.653430,-0.664260,-0.469314,-0.541516,-0.328520,-0.397112,-0.545126,-0.570397,-0.646209,-0.407942,-0.422383,-0.285199,-0.306859,-0.212996,-0.602888,-0.379061,-0.657040,-0.281588,-0.505415,-0.187726,-0.454874
T,Right,legacy_bisindo_T_1091,0.000000,0.000000,-0.275618,0.074205,-0.621908,-0.137809,-0.773852,-0.406360,-0.890459,-0.590106,-0.657244,-0.353357,-0.795053,-0.526502,-0.908127,-0.618375,-1.000000,-0.692580,-0.533569,-0.466431,-0.742049,-0.653710,-0.657244,-0.473498,-0.544170,-0.325088,-0.374558,-0.540636,-0.558304,-0.643110,-0.409894,-0.424028,-0.289753,-0.303887,-0.197880,-0.597173,-0.363958,-0.653710,-0.275618,-0.505300,-0.180212,-0.445230
T,Right,legacy_bisindo_T_1092,0.000000,0.000000,-0.314394,0.060606,-0.681818,-0.185606,-0.833333,-0.496212,-0.954545,-0.715909,-0.742424,-0.397727,-0.924242,-0.583333,-1.000000,-0.583333,-0.996212,-0.534091,-0.606061,-0.518939,-0.821970,-0.727273,-0.719697,-0.515152,-0.587121,-0.352273,-0.428030,-0.598485,-0.617424,-0.715909,-0.454545,-0.469697,-0.325758,-0.340909,-0.231061,-0.651515,-0.409091,-0.712121,-0.303030,-0.545455,-0.204545,-0.492424
T,Right,legacy_bisindo_T_1093,0.000000,0.000000,-0.323194,0.049430,-0.676806,-0.212928,-0.809886,-0.536122,-0.931559,-0.760456,-0.745247,-0.437262,-0.912548,-0.650190,-0.992395,-0.657795,-1.000000,-0.596958,-0.596958,-0.558935,-0.806084,-0.771863,-0.703422,-0.551331,-0.585551,-0.380228,-0.418251,-0.627376,-0.593156,-0.752852,-0.437262,-0.490494,-0.315589,-0.353612,-0.216730,-0.673004,-0.391635,-0.733840,-0.285171,-0.555133,-0.193916,-0.498099
T,Right,legacy_bisindo_T_1094,0.000000,0.000000,-0.333333,0.043651,-0.690476,-0.234127,-0.825397,-0.567460,-0.948413,-0.801587,-0.757937,-0.472222,-0.952381,-0.658730,-1.000000,-0.579365,-0.968254,-0.444444,-0.603175,-0.591270,-0.817460,-0.821429,-0.714286,-0.583333,-0.579365,-0.412698,-0.412698,-0.658730,-0.599206,-0.785714,-0.444444,-0.507937,-0.317460,-0.365079,-0.202381,-0.694444,-0.384921,-0.757937,-0.277778,-0.571429,-0.182540,-0.507937
T,Right,legacy_bisindo_T_1095,0.000000,0.000000,-0.358333,0.000000,-0.712500,-0.304167,-0.837500,-0.654167,-0.925000,-0.908333,-0.745833,-0.537500,-0.962500,-0.745833,-1.000000,-0.658333,-0.954167,-0.525000,-0.583333,-0.641667,-0.791667,-0.870833,-0.695833,-0.650000,-0.575000,-0.487500,-0.383333,-0.700000,-0.587500,-0.854167,-0.450000,-0.591667,-0.320833,-0.437500,-0.162500,-0.737500,-0.366667,-0.829167,-0.283333,-0.650000,-0.179167,-0.570833
T,Right,legacy_bisindo_T_1096,0.000000,0.000000,-0.340708,-0.013274,-0.659292,-0.380531,-0.725664,-0.756637,-0.796460,-1.000000,-0.672566,-0.623894,-0.809735,-0.893805,-0.889381,-0.920354,-0.911504,-0.867257,-0.486726,-0.716814,-0.663717,-0.973451,-0.597345,-0.721239,-0.504425,-0.517699,-0.274336,-0.756637,-0.442478,-0.924779,-0.331858,-0.615044,-0.230088,-0.433628,-0.044248,-0.769912,-0.225664,-0.858407,-0.150442,-0.650442,-0.061947,-0.561947
T,Right,legacy_bisindo_T_1097,0.000000,0.000000,-0.334728,-0.037657,-0.606695,-0.384937,-0.656904,-0.748954,-0.715481,-1.000000,-0.598326,-0.602510,-0.711297,-0.828452,-0.790795,-0.887029,-0.824268,-0.882845,-0.422594,-0.682008,-0.564854,-0.945607,-0.527197,-0.719665,-0.456067,-0.527197,-0.225941,-0.711297,-0.368201,-0.887029,-0.288703,-0.594142,-0.205021,-0.426778,-0.008368,-0.719665,-0.171548,-0.828452,-0.121339,-0.631799,-0.046025,-0.543933
T,Right,legacy_bisindo_T_1098,0.000000,0.000000,-0.311741,-0.020243,-0.582996,-0.368421,-0.631579,-0.720648,-0.688259,-0.963563,-0.554656,-0.599190,-0.639676,-0.825911,-0.704453,-0.935223,-0.740891,-1.000000,-0.388664,-0.668016,-0.526316,-0.927126,-0.493927,-0.708502,-0.433198,-0.518219,-0.198381,-0.692308,-0.336032,-0.858300,-0.259109,-0.574899,-0.186235,-0.408907,0.008097,-0.688259,-0.141700,-0.801619,-0.097166,-0.611336,-0.024291,-0.518219
T,Right,legacy_bisindo_T_1099,0.000000,0.000000,-0.330544,-0.025105,-0.610879,-0.384937,-0.648536,-0.748954,-0.698745,-1.000000,-0.589958,-0.606695,-0.728033,-0.820084,-0.803347,-0.782427,-0.824268,-0.682008,-0.414226,-0.686192,-0.552301,-0.949791,-0.514644,-0.715481,-0.435146,-0.527197,-0.209205,-0.711297,-0.355649,-0.891213,-0.280335,-0.594142,-0.196653,-0.422594,0.008368,-0.711297,-0.150628,-0.815900,-0.104603,-0.619247,-0.025105,-0.531381
T,Right,legacy_bisindo_T_1100,0.000000,0.000000,-0.320675,-0.021097,-0.603376,-0.379747,-0.645570,-0.742616,-0.700422,-1.000000,-0.611814,-0.603376,-0.763713,-0.822785,-0.818565,-0.755274,-0.818565,-0.628692,-0.430380,-0.696203,-0.578059,-0.949367,-0.523207,-0.713080,-0.438819,-0.527426,-0.223629,-0.725738,-0.367089,-0.894515,-0.278481,-0.594937,-0.185654,-0.421941,0.000000,-0.725738,-0.156118,-0.822785,-0.101266,-0.624473,-0.021097,-0.540084
T,Right,legacy_bisindo_T_1101,0.000000,0.000000,-0.331897,-0.017241,-0.620690,-0.379310,-0.668103,-0.750000,-0.728448,-1.000000,-0.625000,-0.603448,-0.767241,-0.823276,-0.836207,-0.801724,-0.844828,-0.715517,-0.439655,-0.689655,-0.586207,-0.961207,-0.543103,-0.719828,-0.456897,-0.521552,-0.232759,-0.719828,-0.383621,-0.892241,-0.293103,-0.590517,-0.198276,-0.418103,-0.012931,-0.724138,-0.176724,-0.823276,-0.116379,-0.625000,-0.030172,-0.543103
T,Right,legacy_bisindo_T_1102,0.000000,0.000000,-0.333333,-0.004444,-0.635556,-0.373333,-0.684444,-0.751111,-0.751111,-1.000000,-0.640000,-0.608889,-0.777778,-0.835556,-0.853333,-0.817778,-0.862222,-0.733333,-0.453333,-0.702222,-0.604444,-0.964444,-0.551111,-0.715556,-0.462222,-0.515556,-0.244444,-0.733333,-0.391111,-0.911111,-0.297778,-0.595556,-0.200000,-0.422222,-0.017778,-0.742222,-0.177778,-0.840000,-0.111111,-0.635556,-0.031111,-0.546667
T,Right,legacy_bisindo_T_1103,0.000000,0.000000,-0.337719,-0.013158,-0.627193,-0.372807,-0.671053,-0.750000,-0.723684,-1.000000,-0.622807,-0.600877,-0.763158,-0.811404,-0.846491,-0.776316,-0.864035,-0.679825,-0.438596,-0.692982,-0.587719,-0.960526,-0.539474,-0.714912,-0.451754,-0.526316,-0.232456,-0.723684,-0.381579,-0.894737,-0.293860,-0.587719,-0.201754,-0.416667,-0.008772,-0.732456,-0.171053,-0.824561,-0.109649,-0.622807,-0.026316,-0.548246
T,Right,legacy_bisindo_T_1104,0.000000,0.000000,-0.320513,-0.034188,-0.589744,-0.388889,-0.623932,-0.756410,-0.675214,-1.000000,-0.589744,-0.611111,-0.713675,-0.837607,-0.786325,-0.837607,-0.794872,-0.764957,-0.410256,-0.692308,-0.551282,-0.948718,-0.508547,-0.705128,-0.427350,-0.512821,-0.213675,-0.717949,-0.350427,-0.893162,-0.269231,-0.594017,-0.183761,-0.423077,0.004274,-0.717949,-0.149573,-0.824786,-0.098291,-0.623932,-0.017094,-0.538462
T,Right,legacy_bisindo_T_1105,0.000000,0.000000,-0.326271,-0.033898,-0.588983,-0.389831,-0.618644,-0.754237,-0.665254,-1.000000,-0.584746,-0.610169,-0.724576,-0.830508,-0.788136,-0.771186,-0.788136,-0.644068,-0.402542,-0.686441,-0.538136,-0.944915,-0.491525,-0.716102,-0.411017,-0.525424,-0.194915,-0.707627,-0.334746,-0.881356,-0.266949,-0.588983,-0.182203,-0.415254,0.021186,-0.703390,-0.135593,-0.805085,-0.084746,-0.614407,-0.008475,-0.529661
T,Right,legacy_bisindo_T_1106,0.000000,0.000000,-0.318966,-0.021552,-0.590517,-0.387931,-0.612069,-0.758621,-0.655172,-1.000000,-0.568966,-0.607759,-0.693966,-0.823276,-0.771552,-0.788793,-0.797414,-0.685345,-0.387931,-0.685345,-0.521552,-0.943966,-0.487069,-0.702586,-0.405172,-0.508621,-0.185345,-0.706897,-0.323276,-0.879310,-0.250000,-0.573276,-0.163793,-0.400862,0.034483,-0.702586,-0.120690,-0.797414,-0.068966,-0.594828,0.012931,-0.512931
T,Right,legacy_bisindo_T_1107,0.000000,0.000000,-0.314655,-0.012931,-0.590517,-0.379310,-0.620690,-0.750000,-0.663793,-1.000000,-0.568966,-0.612069,-0.702586,-0.827586,-0.784483,-0.780172,-0.810345,-0.659483,-0.387931,-0.689655,-0.530172,-0.943966,-0.491379,-0.698276,-0.405172,-0.504310,-0.185345,-0.706897,-0.327586,-0.879310,-0.254310,-0.573276,-0.168103,-0.396552,0.034483,-0.702586,-0.125000,-0.797414,-0.073276,-0.590517,0.008621,-0.508621
T,Right,legacy_bisindo_T_1108,0.000000,0.000000,-0.326271,-0.033898,-0.588983,-0.389831,-0.614407,-0.750000,-0.652542,-1.000000,-0.567797,-0.605932,-0.694915,-0.813559,-0.771186,-0.779661,-0.796610,-0.686441,-0.389831,-0.682203,-0.525424,-0.940678,-0.487288,-0.711864,-0.415254,-0.525424,-0.190678,-0.703390,-0.330508,-0.872881,-0.262712,-0.580508,-0.177966,-0.406780,0.025424,-0.699153,-0.135593,-0.800847,-0.084746,-0.605932,-0.004237,-0.521186
T,Right,legacy_bisindo_T_1109,0.000000,0.000000,-0.320675,-0.037975,-0.582278,-0.392405,-0.607595,-0.751055,-0.649789,-1.000000,-0.556962,-0.611814,-0.683544,-0.818565,-0.763713,-0.793249,-0.789030,-0.700422,-0.383966,-0.683544,-0.514768,-0.940928,-0.481013,-0.713080,-0.409283,-0.523207,-0.181435,-0.704641,-0.324895,-0.873418,-0.253165,-0.578059,-0.172996,-0.405063,0.029536,-0.700422,-0.130802,-0.801688,-0.080169,-0.607595,0.000000,-0.523207
T,Right,legacy_bisindo_T_1110,0.000000,0.000000,-0.319149,-0.042553,-0.578723,-0.400000,-0.604255,-0.753191,-0.646809,-1.000000,-0.544681,-0.612766,-0.659574,-0.829787,-0.744681,-0.834043,-0.778723,-0.770213,-0.370213,-0.685106,-0.506383,-0.940426,-0.476596,-0.714894,-0.412766,-0.519149,-0.174468,-0.702128,-0.314894,-0.872340,-0.251064,-0.578723,-0.174468,-0.404255,0.038298,-0.693617,-0.123404,-0.795745,-0.076596,-0.600000,0.000000,-0.510638
T,Right,legacy_bisindo_T_1111,0.000000,0.000000,-0.323404,-0.042553,-0.578723,-0.395745,-0.600000,-0.753191,-0.642553,-1.000000,-0.544681,-0.612766,-0.676596,-0.825532,-0.757447,-0.787234,-0.778723,-0.680851,-0.365957,-0.685106,-0.506383,-0.940426,-0.476596,-0.710638,-0.404255,-0.523404,-0.170213,-0.702128,-0.310638,-0.872340,-0.246809,-0.582979,-0.170213,-0.408511,0.046809,-0.685106,-0.119149,-0.787234,-0.076596,-0.591489,0.004255,-0.502128
T,Right,legacy_bisindo_T_1112,0.000000,0.000000,-0.329060,-0.055556,-0.581197,-0.401709,-0.606838,-0.752137,-0.641026,-1.000000,-0.542735,-0.619658,-0.670940,-0.829060,-0.760684,-0.816239,-0.790598,-0.730769,-0.371795,-0.683761,-0.500000,-0.948718,-0.478632,-0.726496,-0.418803,-0.534188,-0.175214,-0.700855,-0.316239,-0.871795,-0.252137,-0.585470,-0.179487,-0.410256,0.038462,-0.683761,-0.119658,-0.799145,-0.076923,-0.611111,-0.004274,-0.517094
T,Right,legacy_bisindo_T_1113,0.000000,0.000000,-0.321739,-0.034783,-0.591304,-0.395652,-0.617391,-0.756522,-0.647826,-1.000000,-0.547826,-0.626087,-0.665217,-0.843478,-0.756522,-0.865217,-0.791304,-0.826087,-0.373913,-0.695652,-0.508696,-0.960870,-0.491304,-0.721739,-0.430435,-0.526087,-0.178261,-0.708696,-0.321739,-0.886957,-0.265217,-0.591304,-0.186957,-0.413043,0.034783,-0.691304,-0.126087,-0.808696,-0.091304,-0.617391,-0.013043,-0.517391
T,Right,legacy_bisindo_T_1114,0.000000,0.000000,-0.324675,-0.034632,-0.588745,-0.389610,-0.614719,-0.757576,-0.649351,-1.000000,-0.558442,-0.619048,-0.705628,-0.835498,-0.779221,-0.779221,-0.783550,-0.658009,-0.380952,-0.692641,-0.523810,-0.961039,-0.493506,-0.718615,-0.411255,-0.519481,-0.181818,-0.709957,-0.329004,-0.878788,-0.264069,-0.580087,-0.177489,-0.402597,0.030303,-0.696970,-0.134199,-0.805195,-0.086580,-0.606061,-0.004329,-0.515152
T,Right,legacy_bisindo_T_1115,0.000000,0.000000,-0.327586,-0.034483,-0.594828,-0.396552,-0.625000,-0.754310,-0.663793,-1.000000,-0.551724,-0.616379,-0.689655,-0.827586,-0.771552,-0.801724,-0.784483,-0.719828,-0.379310,-0.689655,-0.517241,-0.956897,-0.495690,-0.719828,-0.422414,-0.525862,-0.181034,-0.702586,-0.331897,-0.879310,-0.271552,-0.590517,-0.185345,-0.418103,0.030172,-0.689655,-0.137931,-0.801724,-0.094828,-0.603448,-0.012931,-0.517241
T,Right,legacy_bisindo_T_1116,0.000000,0.000000,-0.318966,-0.030172,-0.590517,-0.396552,-0.620690,-0.758621,-0.650862,-1.000000,-0.556034,-0.620690,-0.698276,-0.836207,-0.771552,-0.810345,-0.775862,-0.719828,-0.383621,-0.693966,-0.521552,-0.956897,-0.495690,-0.715517,-0.418103,-0.517241,-0.181034,-0.711207,-0.327586,-0.879310,-0.262931,-0.577586,-0.176724,-0.400862,0.034483,-0.698276,-0.129310,-0.806034,-0.081897,-0.607759,-0.004310,-0.521552
T,Right,legacy_bisindo_T_1117,0.000000,0.000000,-0.331897,-0.038793,-0.594828,-0.396552,-0.625000,-0.758621,-0.681034,-1.000000,-0.556034,-0.620690,-0.698276,-0.827586,-0.780172,-0.818966,-0.788793,-0.750000,-0.383621,-0.693966,-0.521552,-0.965517,-0.504310,-0.728448,-0.435345,-0.530172,-0.189655,-0.706897,-0.327586,-0.879310,-0.271552,-0.581897,-0.189655,-0.409483,0.021552,-0.693966,-0.133621,-0.801724,-0.094828,-0.603448,-0.017241,-0.517241
T,Right,legacy_bisindo_T_1118,0.000000,0.000000,-0.321888,-0.038627,-0.587983,-0.394850,-0.613734,-0.755365,-0.652361,-1.000000,-0.557940,-0.618026,-0.699571,-0.832618,-0.772532,-0.789700,-0.772532,-0.690987,-0.386266,-0.690987,-0.523605,-0.961373,-0.497854,-0.721030,-0.424893,-0.527897,-0.188841,-0.708155,-0.330472,-0.884120,-0.266094,-0.579399,-0.184549,-0.407725,0.025751,-0.695279,-0.133047,-0.806867,-0.090129,-0.609442,-0.012876,-0.523605
T,Right,legacy_bisindo_T_1119,0.000000,0.000000,-0.330396,-0.035242,-0.594714,-0.392070,-0.621145,-0.753304,-0.651982,-1.000000,-0.550661,-0.616740,-0.665198,-0.832599,-0.753304,-0.872247,-0.788546,-0.841410,-0.378855,-0.687225,-0.511013,-0.955947,-0.488987,-0.731278,-0.431718,-0.533040,-0.180617,-0.709251,-0.325991,-0.885463,-0.259912,-0.594714,-0.185022,-0.409692,0.035242,-0.696035,-0.127753,-0.814978,-0.083700,-0.616740,-0.008811,-0.519824
T,Right,legacy_bisindo_T_1120,0.000000,0.000000,-0.302222,-0.048889,-0.555556,-0.408889,-0.577778,-0.755556,-0.591111,-1.000000,-0.528889,-0.626667,-0.613333,-0.853333,-0.688889,-0.911111,-0.720000,-0.902222,-0.360000,-0.688889,-0.493333,-0.937778,-0.471111,-0.724444,-0.408889,-0.528889,-0.168889,-0.706667,-0.306667,-0.875556,-0.235556,-0.595556,-0.155556,-0.417778,0.035556,-0.697778,-0.115556,-0.813333,-0.075556,-0.631111,0.004444,-0.537778
T,Right,legacy_bisindo_T_1121,0.000000,0.000000,-0.296804,-0.077626,-0.515982,-0.424658,-0.520548,-0.757991,-0.525114,-1.000000,-0.465753,-0.611872,-0.552511,-0.826484,-0.621005,-0.876712,-0.652968,-0.863014,-0.296804,-0.662100,-0.401826,-0.904110,-0.388128,-0.707763,-0.342466,-0.529680,-0.109589,-0.666667,-0.232877,-0.858447,-0.191781,-0.589041,-0.132420,-0.415525,0.095890,-0.648402,-0.054795,-0.771689,-0.031963,-0.598174,0.031963,-0.497717
T,Right,legacy_bisindo_T_1122,0.000000,0.000000,-0.313830,-0.063830,-0.574468,-0.404255,-0.611702,-0.744681,-0.590426,-1.000000,-0.484043,-0.643617,-0.574468,-0.872340,-0.654255,-0.952128,-0.691489,-0.989362,-0.313830,-0.691489,-0.457447,-0.952128,-0.452128,-0.718085,-0.377660,-0.510638,-0.122340,-0.702128,-0.281915,-0.861702,-0.234043,-0.590426,-0.138298,-0.420213,0.090426,-0.680851,-0.085106,-0.803191,-0.063830,-0.632979,0.021277,-0.531915
T,Right,legacy_bisindo_T_1123,0.000000,0.000000,-0.348571,0.045714,-0.702857,-0.240000,-0.828571,-0.594286,-0.902857,-0.840000,-0.662857,-0.485714,-0.817143,-0.674286,-0.937143,-0.760000,-1.000000,-0.822857,-0.508571,-0.594286,-0.731429,-0.840000,-0.662857,-0.611429,-0.537143,-0.422857,-0.325714,-0.657143,-0.537143,-0.800000,-0.405714,-0.531429,-0.262857,-0.377143,-0.114286,-0.702857,-0.325714,-0.782857,-0.240000,-0.605714,-0.120000,-0.520000
T,Right,legacy_bisindo_T_1124,0.000000,0.000000,-0.312849,0.027933,-0.659218,-0.229050,-0.810056,-0.525140,-0.905028,-0.743017,-0.636872,-0.474860,-0.782123,-0.664804,-0.905028,-0.748603,-1.000000,-0.826816,-0.508380,-0.581006,-0.737430,-0.770950,-0.664804,-0.569832,-0.530726,-0.402235,-0.340782,-0.642458,-0.569832,-0.765363,-0.435754,-0.536313,-0.290503,-0.407821,-0.139665,-0.681564,-0.357542,-0.754190,-0.273743,-0.603352,-0.150838,-0.536313
T,Right,legacy_bisindo_T_1125,0.000000,0.000000,-0.323529,0.041176,-0.688235,-0.223529,-0.823529,-0.570588,-0.894118,-0.823529,-0.723529,-0.429412,-0.911765,-0.588235,-1.000000,-0.582353,-0.988235,-0.535294,-0.582353,-0.547059,-0.794118,-0.794118,-0.694118,-0.605882,-0.552941,-0.447059,-0.400000,-0.635294,-0.576471,-0.794118,-0.429412,-0.541176,-0.282353,-0.394118,-0.188235,-0.700000,-0.382353,-0.805882,-0.288235,-0.641176,-0.170588,-0.558824
T,Right,legacy_bisindo_T_1126,0.000000,0.000000,-0.331361,-0.017751,-0.644970,-0.366864,-0.704142,-0.751479,-0.739645,-1.000000,-0.633136,-0.573964,-0.804734,-0.786982,-0.881657,-0.775148,-0.869822,-0.704142,-0.461538,-0.674556,-0.633136,-0.964497,-0.573964,-0.745562,-0.455621,-0.544379,-0.254438,-0.721893,-0.420118,-0.911243,-0.313609,-0.615385,-0.195266,-0.431953,-0.029586,-0.739645,-0.201183,-0.863905,-0.130178,-0.662722,-0.035503,-0.550296
T,Right,legacy_bisindo_T_1127,0.000000,0.000000,-0.248927,-0.085837,-0.386266,-0.399142,-0.351931,-0.660944,-0.330472,-0.836910,-0.309013,-0.583691,-0.326180,-0.806867,-0.369099,-0.931330,-0.399142,-1.000000,-0.163090,-0.605150,-0.223176,-0.862661,-0.248927,-0.699571,-0.240343,-0.523605,-0.004292,-0.583691,-0.077253,-0.751073,-0.072961,-0.515021,-0.047210,-0.356223,0.171674,-0.532189,0.077253,-0.656652,0.077253,-0.497854,0.111588,-0.399142
T,Right,legacy_bisindo_T_1128,0.000000,0.000000,-0.214575,-0.174089,-0.275304,-0.514170,-0.174089,-0.769231,-0.101215,-0.959514,-0.182186,-0.668016,-0.174089,-0.858300,-0.206478,-0.947368,-0.222672,-1.000000,-0.028340,-0.647773,-0.024291,-0.914980,-0.093117,-0.769231,-0.121457,-0.611336,0.129555,-0.587045,0.109312,-0.761134,0.040486,-0.534413,0.024291,-0.384615,0.287449,-0.493927,0.238866,-0.635628,0.174089,-0.485830,0.165992,-0.392713
T,Right,legacy_bisindo_T_1129,0.000000,0.000000,-0.185039,-0.204724,-0.181102,-0.551181,-0.039370,-0.799213,0.047244,-1.000000,-0.078740,-0.716535,-0.094488,-0.960630,-0.161417,-0.909449,-0.204724,-0.799213,0.082677,-0.665354,0.129921,-0.933071,0.039370,-0.740157,-0.003937,-0.562992,0.228346,-0.562992,0.220472,-0.708661,0.118110,-0.476378,0.086614,-0.334646,0.370079,-0.433071,0.322835,-0.562992,0.236220,-0.409449,0.224409,-0.322835
T,Right,legacy_bisindo_T_1130,0.000000,0.000000,-0.112000,-0.232000,-0.048000,-0.564000,0.136000,-0.768000,0.284000,-0.912000,0.076000,-0.760000,0.136000,-1.000000,0.064000,-0.936000,0.016000,-0.832000,0.224000,-0.664000,0.336000,-0.908000,0.200000,-0.728000,0.136000,-0.584000,0.352000,-0.520000,0.428000,-0.660000,0.256000,-0.460000,0.184000,-0.352000,0.452000,-0.348000,0.496000,-0.468000,0.356000,-0.344000,0.296000,-0.276000
T,Right,legacy_bisindo_T_1131,0.000000,0.000000,-0.064639,-0.243346,0.060837,-0.562738,0.292776,-0.749049,0.452471,-0.927757,0.182510,-0.768061,0.273764,-1.000000,0.209125,-0.901141,0.136882,-0.760456,0.330798,-0.650190,0.479087,-0.817490,0.338403,-0.634981,0.254753,-0.509506,0.437262,-0.490494,0.539924,-0.577947,0.349810,-0.391635,0.258555,-0.304183,0.517110,-0.319392,0.574144,-0.410646,0.433460,-0.288973,0.380228,-0.231939
T,Right,legacy_bisindo_T_1132,0.000000,0.000000,-0.034884,-0.279070,0.131783,-0.593023,0.387597,-0.759690,0.569767,-0.922481,0.267442,-0.779070,0.383721,-1.000000,0.298450,-0.906977,0.217054,-0.779070,0.395349,-0.647287,0.565891,-0.798450,0.410853,-0.647287,0.317829,-0.534884,0.488372,-0.480620,0.608527,-0.581395,0.410853,-0.426357,0.306202,-0.341085,0.554264,-0.298450,0.624031,-0.406977,0.480620,-0.306202,0.418605,-0.244186
T,Right,legacy_bisindo_T_1133,0.000000,0.000000,-0.050909,-0.236364,0.087273,-0.549091,0.320000,-0.727273,0.476364,-0.905455,0.200000,-0.774545,0.316364,-1.000000,0.225455,-0.876364,0.149091,-0.730909,0.341818,-0.643636,0.494545,-0.807273,0.334545,-0.621818,0.250909,-0.501818,0.436364,-0.480000,0.530909,-0.574545,0.341818,-0.389091,0.261818,-0.312727,0.509091,-0.305455,0.552727,-0.400000,0.418182,-0.276364,0.378182,-0.229091
T,Right,legacy_bisindo_T_1134,0.000000,0.000000,-0.040146,-0.240876,0.091241,-0.547445,0.324818,-0.726277,0.481752,-0.901460,0.204380,-0.766423,0.321168,-1.000000,0.233577,-0.897810,0.164234,-0.766423,0.343066,-0.642336,0.481752,-0.802920,0.332117,-0.624088,0.262774,-0.521898,0.437956,-0.481752,0.525547,-0.569343,0.343066,-0.390511,0.270073,-0.324818,0.510949,-0.317518,0.562044,-0.405109,0.427007,-0.288321,0.383212,-0.240876
T,Right,legacy_bisindo_T_1135,0.000000,0.000000,-0.036496,-0.233577,0.094891,-0.536496,0.324818,-0.711679,0.481752,-0.883212,0.200730,-0.759124,0.321168,-1.000000,0.233577,-0.886861,0.160584,-0.748175,0.335766,-0.635036,0.481752,-0.802920,0.332117,-0.620438,0.255474,-0.507299,0.430657,-0.478102,0.525547,-0.572993,0.346715,-0.390511,0.270073,-0.313869,0.503650,-0.310219,0.558394,-0.408759,0.423358,-0.288321,0.379562,-0.233577
T,Right,legacy_bisindo_T_1136,0.000000,0.000000,-0.061372,-0.231047,0.046931,-0.545126,0.267148,-0.740072,0.415162,-0.924188,0.151625,-0.754513,0.245487,-1.000000,0.166065,-0.877256,0.108303,-0.743682,0.296029,-0.638989,0.418773,-0.801444,0.281588,-0.606498,0.223827,-0.512635,0.397112,-0.490975,0.480144,-0.595668,0.306859,-0.397112,0.245487,-0.328520,0.480144,-0.332130,0.516245,-0.433213,0.386282,-0.299639,0.353791,-0.249097
T,Right,legacy_bisindo_T_1137,0.000000,0.000000,-0.062500,-0.246324,0.051471,-0.558824,0.268382,-0.757353,0.415441,-0.941176,0.150735,-0.757353,0.235294,-1.000000,0.158088,-0.897059,0.102941,-0.764706,0.294118,-0.639706,0.411765,-0.808824,0.275735,-0.625000,0.216912,-0.518382,0.397059,-0.488971,0.477941,-0.599265,0.308824,-0.408088,0.242647,-0.327206,0.481618,-0.327206,0.525735,-0.441176,0.393382,-0.312500,0.356618,-0.257353
T,Right,legacy_bisindo_T_1138,0.000000,0.000000,-0.061776,-0.258687,0.054054,-0.579151,0.266409,-0.791506,0.405405,-0.980695,0.154440,-0.768340,0.231660,-1.000000,0.181467,-0.918919,0.138996,-0.799228,0.297297,-0.660232,0.424710,-0.830116,0.297297,-0.648649,0.231660,-0.528958,0.405405,-0.513514,0.505792,-0.613900,0.332046,-0.420849,0.247104,-0.332046,0.494208,-0.351351,0.552124,-0.451737,0.420849,-0.324324,0.366795,-0.262548
T,Right,legacy_bisindo_T_1139,0.000000,0.000000,-0.057471,-0.237548,0.049808,-0.547893,0.260536,-0.758621,0.398467,-0.957854,0.134100,-0.747126,0.226054,-1.000000,0.180077,-0.896552,0.134100,-0.770115,0.279693,-0.639847,0.409962,-0.804598,0.291188,-0.609195,0.229885,-0.505747,0.386973,-0.494253,0.490421,-0.597701,0.321839,-0.398467,0.241379,-0.318008,0.471264,-0.340996,0.536398,-0.436782,0.406130,-0.306513,0.348659,-0.249042
T,Right,legacy_bisindo_T_1140,0.000000,0.000000,-0.060606,-0.223485,0.049242,-0.534091,0.257576,-0.738636,0.390152,-0.924242,0.132576,-0.742424,0.231061,-1.000000,0.178030,-0.886364,0.117424,-0.738636,0.280303,-0.636364,0.412879,-0.818182,0.299242,-0.628788,0.238636,-0.515152,0.386364,-0.492424,0.484848,-0.598485,0.321970,-0.401515,0.246212,-0.318182,0.477273,-0.333333,0.530303,-0.439394,0.405303,-0.306818,0.356061,-0.246212
T,Right,legacy_bisindo_T_1141,0.000000,0.000000,-0.060837,-0.231939,0.038023,-0.547529,0.235741,-0.760456,0.368821,-0.954373,0.102662,-0.752852,0.205323,-1.000000,0.155894,-0.897338,0.102662,-0.760456,0.250951,-0.646388,0.384030,-0.821293,0.277567,-0.634981,0.220532,-0.524715,0.365019,-0.501901,0.463878,-0.600760,0.307985,-0.406844,0.235741,-0.330798,0.460076,-0.346008,0.520913,-0.448669,0.399240,-0.315589,0.349810,-0.258555
T,Right,legacy_bisindo_T_1142,0.000000,0.000000,-0.062963,-0.214815,0.025926,-0.522222,0.218519,-0.729630,0.348148,-0.922222,0.092593,-0.737037,0.181481,-1.000000,0.129630,-0.870370,0.081481,-0.722222,0.240741,-0.637037,0.366667,-0.833333,0.255556,-0.637037,0.203704,-0.518519,0.355556,-0.500000,0.440741,-0.600000,0.285185,-0.400000,0.218519,-0.325926,0.451852,-0.348148,0.496296,-0.444444,0.377778,-0.314815,0.333333,-0.262963
T,Right,legacy_bisindo_T_1143,0.000000,0.000000,-0.066421,-0.221402,0.011070,-0.527675,0.195572,-0.741697,0.313653,-0.940959,0.066421,-0.745387,0.143911,-1.000000,0.092251,-0.881919,0.047970,-0.741697,0.221402,-0.645756,0.332103,-0.822878,0.221402,-0.623616,0.169742,-0.509225,0.339483,-0.512915,0.413284,-0.619926,0.265683,-0.413284,0.199262,-0.324723,0.435424,-0.365314,0.472325,-0.468635,0.354244,-0.332103,0.306273,-0.269373
T,Right,legacy_bisindo_T_1144,0.000000,0.000000,-0.066914,-0.211896,0.011152,-0.516729,0.200743,-0.724907,0.315985,-0.914498,0.063197,-0.743494,0.144981,-1.000000,0.081784,-0.862454,0.029740,-0.717472,0.219331,-0.646840,0.334572,-0.847584,0.223048,-0.639405,0.171004,-0.527881,0.338290,-0.509294,0.416357,-0.624535,0.267658,-0.412639,0.204461,-0.334572,0.438662,-0.360595,0.479554,-0.472119,0.364312,-0.334572,0.319703,-0.271375
T,Right,legacy_bisindo_T_1145,0.000000,0.000000,-0.073260,-0.205128,0.000000,-0.512821,0.183150,-0.725275,0.300366,-0.915751,0.051282,-0.739927,0.135531,-1.000000,0.076923,-0.857143,0.029304,-0.717949,0.205128,-0.641026,0.322344,-0.838828,0.208791,-0.630037,0.161172,-0.531136,0.326007,-0.505495,0.406593,-0.619048,0.260073,-0.410256,0.197802,-0.336996,0.424908,-0.358974,0.468864,-0.472527,0.355311,-0.333333,0.311355,-0.278388
T,Right,legacy_bisindo_T_1146,0.000000,0.000000,-0.080586,-0.208791,-0.003663,-0.516484,0.190476,-0.728938,0.307692,-0.915751,0.058608,-0.743590,0.131868,-1.000000,0.065934,-0.857143,0.018315,-0.717949,0.212454,-0.644689,0.322344,-0.831502,0.205128,-0.615385,0.161172,-0.523810,0.333333,-0.509158,0.410256,-0.615385,0.256410,-0.406593,0.201465,-0.340659,0.428571,-0.362637,0.472527,-0.465201,0.355311,-0.326007,0.315018,-0.274725
T,Right,legacy_bisindo_T_1147,0.000000,0.000000,-0.083636,-0.203636,-0.014545,-0.512727,0.167273,-0.730909,0.283636,-0.920000,0.043636,-0.745455,0.123636,-1.000000,0.061818,-0.858182,0.021818,-0.723636,0.200000,-0.650909,0.309091,-0.832727,0.192727,-0.621818,0.149091,-0.523636,0.320000,-0.520000,0.389091,-0.629091,0.243636,-0.418182,0.192727,-0.352727,0.418182,-0.378182,0.458182,-0.487273,0.341818,-0.345455,0.305455,-0.290909
T,Right,legacy_bisindo_T_1148,0.000000,0.000000,-0.080882,-0.205882,-0.014706,-0.514706,0.165441,-0.731618,0.279412,-0.922794,0.040441,-0.738971,0.125000,-1.000000,0.066176,-0.860294,0.022059,-0.724265,0.191176,-0.647059,0.301471,-0.834559,0.202206,-0.625000,0.158088,-0.522059,0.312500,-0.518382,0.386029,-0.621324,0.250000,-0.411765,0.194853,-0.345588,0.415441,-0.375000,0.455882,-0.477941,0.345588,-0.338235,0.308824,-0.286765
T,Right,legacy_bisindo_T_1149,0.000000,0.000000,-0.074074,-0.196296,-0.011111,-0.503704,0.170370,-0.718519,0.285185,-0.911111,0.044444,-0.740741,0.125926,-1.000000,0.070370,-0.866667,0.025926,-0.725926,0.196296,-0.644444,0.314815,-0.825926,0.203704,-0.614815,0.155556,-0.518519,0.318519,-0.514815,0.396296,-0.614815,0.251852,-0.403704,0.192593,-0.344444,0.418519,-0.370370,0.459259,-0.462963,0.344444,-0.322222,0.303704,-0.274074
T,Right,legacy_bisindo_T_1150,0.000000,0.000000,-0.086466,-0.214286,-0.018797,-0.530075,0.157895,-0.744361,0.274436,-0.939850,0.030075,-0.751880,0.097744,-1.000000,0.052632,-0.879699,0.011278,-0.725564,0.187970,-0.661654,0.304511,-0.853383,0.195489,-0.646617,0.142857,-0.518797,0.315789,-0.526316,0.387218,-0.627820,0.244361,-0.421053,0.180451,-0.342105,0.421053,-0.379699,0.454887,-0.469925,0.342105,-0.334586,0.300752,-0.285714
T,Right,legacy_bisindo_T_1151,0.000000,0.000000,-0.083969,-0.229008,-0.011450,-0.538168,0.175573,-0.759542,0.293893,-0.950382,0.064885,-0.740458,0.141221,-1.000000,0.087786,-0.885496,0.053435,-0.763359,0.213740,-0.645038,0.316794,-0.824427,0.206107,-0.625954,0.160305,-0.526718,0.335878,-0.511450,0.408397,-0.622137,0.255725,-0.412214,0.194656,-0.339695,0.435115,-0.362595,0.473282,-0.473282,0.354962,-0.339695,0.309160,-0.278626
T,Right,legacy_bisindo_T_1152,0.000000,0.000000,-0.054054,-0.216216,0.050193,-0.521236,0.262548,-0.722008,0.401544,-0.907336,0.135135,-0.745174,0.235521,-1.000000,0.158301,-0.868726,0.084942,-0.729730,0.281853,-0.633205,0.409266,-0.814672,0.270270,-0.610039,0.208494,-0.505792,0.393822,-0.482625,0.474903,-0.594595,0.301158,-0.386100,0.235521,-0.316602,0.478764,-0.324324,0.517375,-0.428571,0.389961,-0.293436,0.347490,-0.243243
T,Right,legacy_bisindo_T_1153,0.000000,0.000000,-0.050980,-0.235294,0.074510,-0.545098,0.294118,-0.737255,0.439216,-0.925490,0.188235,-0.752941,0.290196,-1.000000,0.207843,-0.882353,0.137255,-0.745098,0.329412,-0.631373,0.470588,-0.807843,0.325490,-0.615686,0.258824,-0.513725,0.427451,-0.474510,0.517647,-0.572549,0.333333,-0.384314,0.262745,-0.313725,0.505882,-0.305882,0.556863,-0.411765,0.415686,-0.286275,0.368627,-0.231373
T,Right,legacy_bisindo_T_1154,0.000000,0.000000,-0.027778,-0.234127,0.134921,-0.543651,0.380952,-0.714286,0.551587,-0.888889,0.265873,-0.777778,0.392857,-1.000000,0.297619,-0.884921,0.210317,-0.746032,0.408730,-0.642857,0.563492,-0.781746,0.388889,-0.591270,0.309524,-0.496032,0.496032,-0.472222,0.587302,-0.539683,0.376984,-0.361111,0.301587,-0.309524,0.559524,-0.297619,0.607143,-0.369048,0.452381,-0.253968,0.404762,-0.218254
T,Right,legacy_bisindo_T_1155,0.000000,0.000000,-0.035573,-0.233202,0.130435,-0.541502,0.379447,-0.703557,0.561265,-0.861660,0.260870,-0.766798,0.391304,-1.000000,0.300395,-0.885375,0.209486,-0.750988,0.403162,-0.636364,0.569170,-0.790514,0.391304,-0.600791,0.308300,-0.498024,0.494071,-0.466403,0.588933,-0.537549,0.375494,-0.363636,0.296443,-0.312253,0.553360,-0.284585,0.608696,-0.363636,0.450593,-0.252964,0.403162,-0.221344
T,Right,legacy_bisindo_T_1156,0.000000,0.000000,-0.032000,-0.244000,0.128000,-0.556000,0.372000,-0.736000,0.544000,-0.912000,0.288000,-0.776000,0.404000,-1.000000,0.296000,-0.880000,0.212000,-0.744000,0.424000,-0.636000,0.572000,-0.776000,0.384000,-0.580000,0.304000,-0.488000,0.508000,-0.460000,0.596000,-0.544000,0.380000,-0.364000,0.312000,-0.308000,0.564000,-0.280000,0.608000,-0.368000,0.456000,-0.256000,0.416000,-0.212000
T,Right,legacy_bisindo_T_1157,0.000000,0.000000,-0.024096,-0.240964,0.132530,-0.550201,0.369478,-0.738956,0.542169,-0.915663,0.257028,-0.779116,0.389558,-1.000000,0.301205,-0.887550,0.216867,-0.759036,0.397590,-0.638554,0.566265,-0.791165,0.385542,-0.598394,0.309237,-0.506024,0.493976,-0.461847,0.590361,-0.550201,0.381526,-0.373494,0.309237,-0.321285,0.554217,-0.285141,0.606426,-0.377510,0.457831,-0.257028,0.413655,-0.216867
T,Right,legacy_bisindo_T_1158,0.000000,0.000000,-0.024000,-0.240000,0.136000,-0.552000,0.376000,-0.740000,0.544000,-0.920000,0.260000,-0.764000,0.392000,-1.000000,0.300000,-0.888000,0.224000,-0.752000,0.392000,-0.624000,0.548000,-0.780000,0.372000,-0.584000,0.308000,-0.496000,0.484000,-0.456000,0.584000,-0.556000,0.376000,-0.372000,0.304000,-0.316000,0.548000,-0.284000,0.600000,-0.384000,0.448000,-0.264000,0.404000,-0.216000
T,Right,legacy_bisindo_T_1159,0.000000,0.000000,-0.023810,-0.234127,0.115079,-0.539683,0.345238,-0.734127,0.507937,-0.912698,0.218254,-0.761905,0.361111,-1.000000,0.281746,-0.884921,0.210317,-0.753968,0.361111,-0.630952,0.515873,-0.793651,0.357143,-0.607143,0.289683,-0.519841,0.456349,-0.468254,0.563492,-0.575397,0.369048,-0.388889,0.293651,-0.329365,0.527778,-0.297619,0.587302,-0.400794,0.440476,-0.277778,0.392857,-0.230159
T,Right,legacy_bisindo_T_1160,0.000000,0.000000,-0.035156,-0.214844,0.093750,-0.523438,0.312500,-0.722656,0.464844,-0.910156,0.187500,-0.757812,0.308594,-1.000000,0.226562,-0.871094,0.156250,-0.734375,0.332031,-0.632812,0.472656,-0.800781,0.324219,-0.605469,0.265625,-0.519531,0.433594,-0.476562,0.527344,-0.570312,0.339844,-0.378906,0.273438,-0.328125,0.507812,-0.316406,0.558594,-0.406250,0.417969,-0.277344,0.375000,-0.234375
T,Right,legacy_bisindo_T_1161,0.000000,0.000000,-0.039370,-0.212598,0.078740,-0.519685,0.291339,-0.712598,0.440945,-0.893701,0.161417,-0.751969,0.279528,-1.000000,0.196850,-0.866142,0.122047,-0.724409,0.307087,-0.633858,0.448819,-0.814961,0.311024,-0.618110,0.248031,-0.523622,0.409449,-0.480315,0.507874,-0.578740,0.326772,-0.385827,0.259843,-0.330709,0.488189,-0.318898,0.543307,-0.417323,0.409449,-0.287402,0.366142,-0.244094
T,Right,legacy_bisindo_T_1162,0.000000,0.000000,-0.058824,-0.223529,0.050980,-0.537255,0.250980,-0.741176,0.388235,-0.929412,0.133333,-0.756863,0.231373,-1.000000,0.168627,-0.890196,0.109804,-0.752941,0.282353,-0.647059,0.423529,-0.827451,0.290196,-0.635294,0.231373,-0.525490,0.388235,-0.498039,0.478431,-0.588235,0.305882,-0.400000,0.243137,-0.337255,0.474510,-0.337255,0.529412,-0.431373,0.392157,-0.305882,0.349020,-0.258824
T,Right,legacy_bisindo_T_1163,0.000000,0.000000,-0.080769,-0.207692,-0.011538,-0.515385,0.169231,-0.730769,0.284615,-0.923077,0.050000,-0.738462,0.123077,-1.000000,0.073077,-0.873077,0.034615,-0.734615,0.200000,-0.646154,0.319231,-0.834615,0.211538,-0.630769,0.161538,-0.526923,0.319231,-0.515385,0.400000,-0.615385,0.250000,-0.415385,0.192308,-0.346154,0.415385,-0.373077,0.461538,-0.473077,0.342308,-0.334615,0.300000,-0.280769
T,Right,legacy_bisindo_T_1164,0.000000,0.000000,-0.092308,-0.219231,-0.015385,-0.538462,0.169231,-0.746154,0.280769,-0.938462,0.050000,-0.746154,0.115385,-1.000000,0.061538,-0.876923,0.019231,-0.730769,0.200000,-0.653846,0.315385,-0.846154,0.211538,-0.650000,0.157692,-0.526923,0.315385,-0.519231,0.392308,-0.619231,0.246154,-0.423077,0.180769,-0.342308,0.415385,-0.373077,0.450000,-0.473077,0.338462,-0.342308,0.296154,-0.288462
T,Right,legacy_bisindo_T_1165,0.000000,0.000000,-0.105469,-0.214844,-0.062500,-0.535156,0.105469,-0.761719,0.210938,-0.957031,0.000000,-0.742188,0.042969,-1.000000,-0.003906,-0.886719,-0.031250,-0.750000,0.152344,-0.660156,0.246094,-0.851562,0.144531,-0.648438,0.097656,-0.535156,0.281250,-0.535156,0.339844,-0.652344,0.207031,-0.437500,0.148438,-0.351562,0.386719,-0.394531,0.414062,-0.507812,0.304688,-0.363281,0.265625,-0.296875
T,Right,legacy_bisindo_T_1166,0.000000,0.000000,-0.125984,-0.200787,-0.102362,-0.519685,0.047244,-0.751969,0.133858,-0.960630,-0.082677,-0.740157,-0.047244,-1.000000,-0.078740,-0.874016,-0.098425,-0.716535,0.090551,-0.669291,0.181102,-0.889764,0.102362,-0.673228,0.059055,-0.523622,0.232283,-0.551181,0.291339,-0.669291,0.173228,-0.444882,0.114173,-0.342520,0.350394,-0.417323,0.366142,-0.519685,0.267717,-0.366142,0.232283,-0.303150
T,Right,legacy_bisindo_T_1167,0.000000,0.000000,-0.133065,-0.197581,-0.129032,-0.512097,-0.004032,-0.762097,0.060484,-0.979839,-0.125000,-0.729839,-0.112903,-1.000000,-0.141129,-0.870968,-0.149194,-0.717742,0.052419,-0.669355,0.133065,-0.899194,0.068548,-0.689516,0.040323,-0.552419,0.193548,-0.556452,0.254032,-0.685484,0.149194,-0.455645,0.100806,-0.350806,0.322581,-0.431452,0.334677,-0.548387,0.250000,-0.395161,0.217742,-0.322581
T,Right,legacy_bisindo_T_1168,0.000000,0.000000,-0.137652,-0.186235,-0.141700,-0.502024,-0.016194,-0.757085,0.048583,-0.979757,-0.145749,-0.728745,-0.137652,-1.000000,-0.157895,-0.870445,-0.161943,-0.716599,0.036437,-0.668016,0.113360,-0.910931,0.056680,-0.692308,0.032389,-0.542510,0.186235,-0.562753,0.238866,-0.692308,0.137652,-0.453441,0.089069,-0.344130,0.319838,-0.441296,0.319838,-0.550607,0.238866,-0.388664,0.210526,-0.315789
T,Right,legacy_bisindo_T_1169,0.000000,0.000000,-0.144578,-0.188755,-0.160643,-0.502008,-0.036145,-0.759036,0.024096,-0.979920,-0.160643,-0.722892,-0.164659,-1.000000,-0.184739,-0.871486,-0.188755,-0.714859,0.016064,-0.670683,0.080321,-0.915663,0.024096,-0.694779,0.004016,-0.546185,0.168675,-0.570281,0.208835,-0.706827,0.116466,-0.469880,0.076305,-0.357430,0.305221,-0.453815,0.297189,-0.574297,0.220884,-0.409639,0.200803,-0.333333
T,Right,legacy_bisindo_T_1170,0.000000,0.000000,-0.177215,-0.172996,-0.248945,-0.489451,-0.160338,-0.763713,-0.101266,-0.991561,-0.265823,-0.704641,-0.320675,-1.000000,-0.324895,-0.869198,-0.299578,-0.704641,-0.084388,-0.683544,-0.063291,-0.957806,-0.088608,-0.729958,-0.088608,-0.569620,0.084388,-0.607595,0.088608,-0.755274,0.033755,-0.506329,0.021097,-0.388186,0.244726,-0.514768,0.194093,-0.645570,0.143460,-0.472574,0.143460,-0.396624
T,Right,legacy_bisindo_T_1171,0.000000,0.000000,-0.231111,-0.182222,-0.355556,-0.506667,-0.311111,-0.786667,-0.280000,-1.000000,-0.315556,-0.706667,-0.435556,-0.964444,-0.471111,-0.822222,-0.444444,-0.662222,-0.151111,-0.702222,-0.231111,-0.960000,-0.253333,-0.724444,-0.217778,-0.546667,0.022222,-0.648889,-0.057778,-0.791111,-0.093333,-0.542222,-0.066667,-0.404444,0.200000,-0.560000,0.084444,-0.680000,0.040000,-0.502222,0.062222,-0.413333
T,Right,legacy_bisindo_T_1172,0.000000,0.000000,-0.280193,-0.101449,-0.487923,-0.434783,-0.507246,-0.753623,-0.521739,-1.000000,-0.497585,-0.676329,-0.628019,-0.922705,-0.657005,-0.884058,-0.628019,-0.797101,-0.314010,-0.714976,-0.405797,-0.985507,-0.386473,-0.724638,-0.338164,-0.536232,-0.111111,-0.700483,-0.202899,-0.855072,-0.169082,-0.555556,-0.120773,-0.400966,0.096618,-0.647343,-0.014493,-0.739130,-0.004831,-0.545894,0.033816,-0.473430
T,Right,legacy_bisindo_T_1173,0.000000,0.000000,-0.291457,-0.045226,-0.532663,-0.391960,-0.552764,-0.743719,-0.587940,-1.000000,-0.542714,-0.628141,-0.693467,-0.849246,-0.733668,-0.788945,-0.713568,-0.668342,-0.356784,-0.688442,-0.462312,-0.969849,-0.422111,-0.703518,-0.351759,-0.502513,-0.145729,-0.683417,-0.241206,-0.844221,-0.185930,-0.527638,-0.130653,-0.361809,0.065327,-0.653266,-0.045226,-0.738693,-0.015075,-0.532663,0.030151,-0.457286
T,Right,legacy_bisindo_T_1174,0.000000,0.000000,-0.314136,-0.068063,-0.581152,-0.392670,-0.643979,-0.732984,-0.706806,-1.000000,-0.643979,-0.623037,-0.837696,-0.884817,-0.837696,-0.780105,-0.769634,-0.633508,-0.450262,-0.696335,-0.586387,-0.984293,-0.507853,-0.727749,-0.408377,-0.534031,-0.235602,-0.706806,-0.340314,-0.874346,-0.256545,-0.560209,-0.183246,-0.392670,-0.005236,-0.691099,-0.136126,-0.785340,-0.089005,-0.570681,-0.036649,-0.486911
T,Right,legacy_bisindo_T_1175,0.000000,0.000000,-0.314136,-0.057592,-0.591623,-0.387435,-0.659686,-0.732984,-0.727749,-1.000000,-0.664921,-0.623037,-0.858639,-0.890052,-0.848168,-0.774869,-0.774869,-0.607330,-0.471204,-0.696335,-0.607330,-0.984293,-0.523560,-0.701571,-0.424084,-0.507853,-0.251309,-0.706806,-0.361257,-0.874346,-0.261780,-0.549738,-0.188482,-0.387435,-0.020942,-0.691099,-0.146597,-0.774869,-0.094241,-0.565445,-0.041885,-0.492147
T,Right,legacy_bisindo_T_1176,0.000000,0.000000,-0.317460,-0.058201,-0.587302,-0.380952,-0.650794,-0.730159,-0.714286,-1.000000,-0.661376,-0.619048,-0.862434,-0.888889,-0.857143,-0.783069,-0.777778,-0.629630,-0.465608,-0.693122,-0.608466,-0.994709,-0.523810,-0.724868,-0.423280,-0.529101,-0.248677,-0.703704,-0.359788,-0.878307,-0.264550,-0.550265,-0.190476,-0.386243,-0.026455,-0.687831,-0.153439,-0.783069,-0.100529,-0.560847,-0.047619,-0.481481
T,Right,legacy_bisindo_T_1177,0.000000,0.000000,-0.321053,-0.052632,-0.594737,-0.384211,-0.663158,-0.736842,-0.742105,-1.000000,-0.668421,-0.621053,-0.873684,-0.884211,-0.857895,-0.752632,-0.778947,-0.589474,-0.473684,-0.694737,-0.621053,-0.989474,-0.536842,-0.710526,-0.436842,-0.526316,-0.252632,-0.705263,-0.363158,-0.878947,-0.273684,-0.547368,-0.200000,-0.384211,-0.026316,-0.689474,-0.163158,-0.778947,-0.110526,-0.557895,-0.052632,-0.484211
T,Right,legacy_bisindo_T_1178,0.000000,0.000000,-0.307692,-0.051282,-0.579487,-0.389744,-0.641026,-0.733333,-0.697436,-1.000000,-0.646154,-0.620513,-0.841026,-0.897436,-0.830769,-0.769231,-0.753846,-0.600000,-0.451282,-0.697436,-0.594872,-0.989744,-0.517949,-0.712821,-0.420513,-0.523077,-0.235897,-0.707692,-0.348718,-0.876923,-0.256410,-0.548718,-0.184615,-0.389744,-0.010256,-0.687179,-0.138462,-0.769231,-0.087179,-0.558974,-0.035897,-0.492308
T,Right,legacy_bisindo_T_1179,0.000000,0.000000,-0.321244,-0.062176,-0.590674,-0.383420,-0.652850,-0.730570,-0.720207,-1.000000,-0.652850,-0.616580,-0.849741,-0.880829,-0.844560,-0.766839,-0.772021,-0.616580,-0.455959,-0.689119,-0.595855,-0.984456,-0.518135,-0.715026,-0.419689,-0.523316,-0.243523,-0.699482,-0.352332,-0.870466,-0.264249,-0.544041,-0.191710,-0.378238,-0.015544,-0.683938,-0.150259,-0.772021,-0.098446,-0.554404,-0.046632,-0.471503
T,Right,legacy_bisindo_T_1180,0.000000,0.000000,-0.306122,-0.071429,-0.566327,-0.392857,-0.622449,-0.734694,-0.678571,-1.000000,-0.622449,-0.637755,-0.816327,-0.903061,-0.821429,-0.775510,-0.750000,-0.612245,-0.428571,-0.704082,-0.566327,-0.984694,-0.489796,-0.709184,-0.392857,-0.525510,-0.214286,-0.704082,-0.336735,-0.872449,-0.255102,-0.556122,-0.178571,-0.403061,0.005102,-0.678571,-0.132653,-0.775510,-0.091837,-0.561224,-0.035714,-0.484694
T,Right,legacy_bisindo_T_1181,0.000000,0.000000,-0.293532,-0.079602,-0.532338,-0.407960,-0.572139,-0.741294,-0.621891,-1.000000,-0.587065,-0.631841,-0.776119,-0.905473,-0.771144,-0.781095,-0.701493,-0.616915,-0.393035,-0.686567,-0.507463,-0.970149,-0.442786,-0.711443,-0.358209,-0.532338,-0.189055,-0.681592,-0.278607,-0.845771,-0.213930,-0.537313,-0.149254,-0.383085,0.024876,-0.646766,-0.099502,-0.751244,-0.069652,-0.547264,-0.019900,-0.462687
T,Right,legacy_bisindo_T_1182,0.000000,0.000000,-0.292079,-0.079208,-0.529703,-0.410891,-0.569307,-0.742574,-0.628713,-1.000000,-0.594059,-0.643564,-0.767327,-0.905941,-0.762376,-0.787129,-0.698020,-0.623762,-0.396040,-0.702970,-0.500000,-0.970297,-0.440594,-0.702970,-0.361386,-0.524752,-0.188119,-0.693069,-0.277228,-0.851485,-0.207921,-0.539604,-0.158416,-0.386139,0.024752,-0.658416,-0.094059,-0.757426,-0.059406,-0.544554,-0.014851,-0.470297
T,Right,legacy_bisindo_T_1183,0.000000,0.000000,-0.290000,-0.075000,-0.530000,-0.405000,-0.575000,-0.740000,-0.630000,-1.000000,-0.595000,-0.635000,-0.775000,-0.905000,-0.765000,-0.785000,-0.695000,-0.625000,-0.395000,-0.695000,-0.510000,-0.975000,-0.445000,-0.710000,-0.360000,-0.525000,-0.185000,-0.690000,-0.275000,-0.855000,-0.210000,-0.535000,-0.150000,-0.375000,0.030000,-0.655000,-0.095000,-0.755000,-0.060000,-0.540000,-0.015000,-0.455000
T,Right,legacy_bisindo_T_1184,0.000000,0.000000,-0.289855,-0.091787,-0.502415,-0.415459,-0.531401,-0.743961,-0.574879,-1.000000,-0.560386,-0.632850,-0.734300,-0.903382,-0.724638,-0.777778,-0.647343,-0.623188,-0.367150,-0.681159,-0.458937,-0.966184,-0.405797,-0.714976,-0.333333,-0.541063,-0.164251,-0.661836,-0.241546,-0.826087,-0.193237,-0.526570,-0.144928,-0.381643,0.038647,-0.623188,-0.082126,-0.729469,-0.057971,-0.526570,-0.014493,-0.439614
T,Right,legacy_bisindo_T_1185,0.000000,0.000000,-0.289855,-0.096618,-0.502415,-0.420290,-0.526570,-0.748792,-0.589372,-1.000000,-0.545894,-0.637681,-0.719807,-0.893720,-0.724638,-0.772947,-0.652174,-0.623188,-0.352657,-0.685990,-0.444444,-0.971014,-0.405797,-0.714976,-0.333333,-0.531401,-0.154589,-0.671498,-0.236715,-0.835749,-0.198068,-0.536232,-0.144928,-0.381643,0.043478,-0.628019,-0.082126,-0.729469,-0.057971,-0.521739,-0.009662,-0.434783
T,Right,legacy_bisindo_T_1186,0.000000,0.000000,-0.284314,-0.088235,-0.500000,-0.411765,-0.524510,-0.745098,-0.568627,-1.000000,-0.544118,-0.637255,-0.720588,-0.892157,-0.715686,-0.769608,-0.656863,-0.612745,-0.352941,-0.686275,-0.450980,-0.965686,-0.401961,-0.710784,-0.338235,-0.539216,-0.151961,-0.676471,-0.235294,-0.838235,-0.186275,-0.529412,-0.142157,-0.377451,0.053922,-0.637255,-0.068627,-0.740196,-0.044118,-0.529412,0.000000,-0.450980
T,Right,legacy_bisindo_T_1187,0.000000,0.000000,-0.273585,-0.108491,-0.466981,-0.433962,-0.471698,-0.750000,-0.495283,-1.000000,-0.490566,-0.655660,-0.650943,-0.924528,-0.650943,-0.806604,-0.594340,-0.650943,-0.301887,-0.698113,-0.386792,-0.981132,-0.349057,-0.731132,-0.283019,-0.542453,-0.099057,-0.674528,-0.174528,-0.844340,-0.141509,-0.542453,-0.099057,-0.382075,0.103774,-0.627358,-0.009434,-0.745283,0.000000,-0.537736,0.037736,-0.443396
T,Right,legacy_bisindo_T_1188,0.000000,0.000000,-0.238095,-0.138528,-0.385281,-0.467532,-0.363636,-0.761905,-0.385281,-1.000000,-0.415584,-0.688312,-0.541126,-0.961039,-0.541126,-0.826840,-0.502165,-0.658009,-0.225108,-0.705628,-0.281385,-0.978355,-0.268398,-0.727273,-0.220779,-0.549784,-0.030303,-0.658009,-0.090909,-0.818182,-0.086580,-0.528139,-0.060606,-0.376623,0.160173,-0.580087,0.060606,-0.705628,0.051948,-0.510823,0.082251,-0.424242
T,Right,legacy_bisindo_T_1189,0.000000,0.000000,-0.222672,-0.149798,-0.344130,-0.477733,-0.299595,-0.769231,-0.283401,-1.000000,-0.348178,-0.700405,-0.441296,-0.975709,-0.457490,-0.842105,-0.437247,-0.684211,-0.157895,-0.692308,-0.190283,-0.955466,-0.198381,-0.704453,-0.174089,-0.542510,0.024291,-0.631579,-0.016194,-0.781377,-0.040486,-0.506073,-0.028340,-0.376518,0.202429,-0.546559,0.121457,-0.659919,0.093117,-0.481781,0.117409,-0.408907
T,Right,legacy_bisindo_T_1190,0.000000,0.000000,-0.188235,-0.160784,-0.266667,-0.490196,-0.188235,-0.772549,-0.149020,-1.000000,-0.254902,-0.713725,-0.325490,-0.992157,-0.352941,-0.850980,-0.333333,-0.698039,-0.074510,-0.690196,-0.078431,-0.937255,-0.113725,-0.690196,-0.098039,-0.556863,0.094118,-0.611765,0.074510,-0.764706,0.015686,-0.498039,0.015686,-0.388235,0.250980,-0.517647,0.184314,-0.647059,0.137255,-0.470588,0.145098,-0.400000
T,Right,legacy_bisindo_T_1191,0.000000,0.000000,-0.180392,-0.160784,-0.239216,-0.486275,-0.145098,-0.756863,-0.101961,-0.984314,-0.243137,-0.709804,-0.286275,-1.000000,-0.301961,-0.870588,-0.290196,-0.701961,-0.062745,-0.678431,-0.039216,-0.929412,-0.078431,-0.701961,-0.078431,-0.552941,0.105882,-0.600000,0.109804,-0.733333,0.047059,-0.482353,0.031373,-0.372549,0.258824,-0.498039,0.211765,-0.615686,0.160784,-0.447059,0.160784,-0.380392
T,Right,legacy_bisindo_T_1192,0.000000,0.000000,-0.164706,-0.168627,-0.219608,-0.486275,-0.113725,-0.749020,-0.043137,-0.964706,-0.211765,-0.709804,-0.243137,-1.000000,-0.258824,-0.874510,-0.250980,-0.717647,-0.035294,-0.674510,-0.015686,-0.925490,-0.050980,-0.701961,-0.050980,-0.560784,0.121569,-0.596078,0.133333,-0.725490,0.066667,-0.486275,0.054902,-0.388235,0.270588,-0.490196,0.239216,-0.611765,0.180392,-0.450980,0.180392,-0.384314
T,Right,legacy_bisindo_T_1193,0.000000,0.000000,-0.133858,-0.192913,-0.133858,-0.500000,0.003937,-0.751969,0.094488,-0.964567,-0.122047,-0.728346,-0.110236,-1.000000,-0.145669,-0.854331,-0.161417,-0.704724,0.055118,-0.661417,0.122047,-0.897638,0.055118,-0.673228,0.031496,-0.543307,0.200787,-0.551181,0.244094,-0.688976,0.141732,-0.452756,0.098425,-0.350394,0.326772,-0.429134,0.326772,-0.551181,0.244094,-0.389764,0.220472,-0.318898
T,Right,legacy_bisindo_T_1194,0.000000,0.000000,-0.109804,-0.211765,-0.062745,-0.529412,0.105882,-0.756863,0.211765,-0.949020,-0.007843,-0.745098,0.027451,-1.000000,-0.031373,-0.882353,-0.066667,-0.725490,0.145098,-0.658824,0.243137,-0.874510,0.145098,-0.662745,0.098039,-0.521569,0.270588,-0.525490,0.333333,-0.643137,0.203922,-0.431373,0.149020,-0.333333,0.376471,-0.380392,0.400000,-0.490196,0.301961,-0.352941,0.270588,-0.290196
T,Right,legacy_bisindo_T_1195,0.000000,0.000000,-0.086614,-0.251969,-0.019685,-0.562992,0.161417,-0.783465,0.283465,-0.976378,0.031496,-0.755906,0.086614,-1.000000,0.043307,-0.917323,0.019685,-0.807087,0.185039,-0.657480,0.299213,-0.866142,0.200787,-0.685039,0.149606,-0.551181,0.311024,-0.527559,0.389764,-0.653543,0.244094,-0.452756,0.173228,-0.346457,0.413386,-0.381890,0.452756,-0.500000,0.338583,-0.370079,0.287402,-0.295276
T,Right,legacy_bisindo_T_1196,0.000000,0.000000,-0.062762,-0.267782,0.025105,-0.594142,0.184100,-0.820084,0.322176,-0.995816,0.117155,-0.778243,0.184100,-1.000000,0.146444,-0.916318,0.117155,-0.803347,0.255230,-0.682008,0.393305,-0.916318,0.280335,-0.740586,0.217573,-0.594142,0.372385,-0.548117,0.460251,-0.669456,0.297071,-0.485356,0.225941,-0.376569,0.468619,-0.384937,0.514644,-0.502092,0.380753,-0.380753,0.322176,-0.301255
T,Right,legacy_bisindo_T_1197,0.000000,0.000000,-0.033195,-0.224066,0.082988,-0.535270,0.294606,-0.742739,0.456432,-0.921162,0.153527,-0.780083,0.269710,-1.000000,0.215768,-0.846473,0.153527,-0.705394,0.311203,-0.659751,0.456432,-0.813278,0.331950,-0.609959,0.257261,-0.514523,0.423237,-0.497925,0.543568,-0.572614,0.356846,-0.373444,0.257261,-0.311203,0.502075,-0.331950,0.585062,-0.402490,0.448133,-0.278008,0.373444,-0.236515
T,Right,legacy_bisindo_T_1198,0.000000,0.000000,-0.040816,-0.216327,0.069388,-0.530612,0.281633,-0.746939,0.436735,-0.934694,0.130612,-0.771429,0.257143,-1.000000,0.187755,-0.832653,0.126531,-0.702041,0.293878,-0.653061,0.453061,-0.824490,0.310204,-0.608163,0.248980,-0.530612,0.412245,-0.497959,0.530612,-0.583673,0.338776,-0.371429,0.257143,-0.326531,0.497959,-0.338776,0.575510,-0.420408,0.428571,-0.281633,0.367347,-0.240816
T,Right,legacy_bisindo_T_1199,0.000000,0.000000,-0.036885,-0.229508,0.069672,-0.540984,0.270492,-0.750000,0.438525,-0.926230,0.151639,-0.770492,0.254098,-1.000000,0.188525,-0.848361,0.131148,-0.713115,0.307377,-0.651639,0.446721,-0.803279,0.315574,-0.590164,0.241803,-0.495902,0.418033,-0.500000,0.532787,-0.569672,0.352459,-0.368852,0.258197,-0.315574,0.504098,-0.340164,0.577869,-0.405738,0.438525,-0.274590,0.364754,-0.233607
T,Right,legacy_bisindo_T_1200,0.000000,0.000000,-0.029661,-0.224576,0.101695,-0.533898,0.334746,-0.733051,0.504237,-0.911017,0.173729,-0.788136,0.330508,-1.000000,0.258475,-0.830508,0.186441,-0.699153,0.334746,-0.652542,0.512712,-0.817797,0.355932,-0.588983,0.266949,-0.504237,0.449153,-0.487288,0.576271,-0.555085,0.372881,-0.347458,0.271186,-0.309322,0.525424,-0.317797,0.614407,-0.381356,0.461864,-0.245763,0.381356,-0.216102
T,Right,legacy_bisindo_T_1201,0.000000,0.000000,-0.037975,-0.219409,0.084388,-0.527426,0.308017,-0.729958,0.485232,-0.898734,0.160338,-0.789030,0.312236,-1.000000,0.236287,-0.818565,0.160338,-0.687764,0.324895,-0.658228,0.506329,-0.822785,0.341772,-0.582278,0.257384,-0.497890,0.447257,-0.493671,0.573840,-0.561181,0.367089,-0.345992,0.270042,-0.308017,0.527426,-0.324895,0.616034,-0.383966,0.464135,-0.244726,0.383966,-0.219409
T,Right,legacy_bisindo_T_1202,0.000000,0.000000,-0.037344,-0.211618,0.074689,-0.518672,0.294606,-0.730290,0.460581,-0.904564,0.141079,-0.784232,0.282158,-1.000000,0.207469,-0.817427,0.136929,-0.692946,0.307054,-0.655602,0.473029,-0.817427,0.315353,-0.576763,0.236515,-0.506224,0.427386,-0.497925,0.547718,-0.572614,0.348548,-0.352697,0.261411,-0.323651,0.510373,-0.336100,0.589212,-0.398340,0.439834,-0.257261,0.373444,-0.228216
T,Right,legacy_bisindo_T_1203,0.000000,0.000000,-0.136929,-0.224066,-0.136929,-0.522822,-0.020747,-0.726141,0.078838,-0.842324,-0.033195,-0.742739,0.037344,-1.000000,-0.033195,-0.921162,-0.091286,-0.809129,0.107884,-0.684647,0.165975,-0.879668,0.062241,-0.717842,0.016598,-0.618257,0.244813,-0.597510,0.265560,-0.717842,0.161826,-0.547718,0.116183,-0.468880,0.369295,-0.481328,0.369295,-0.585062,0.273859,-0.464730,0.240664,-0.406639
T,Right,legacy_bisindo_T_1204,0.000000,0.000000,-0.199203,-0.187251,-0.290837,-0.494024,-0.250996,-0.776892,-0.215139,-1.000000,-0.318725,-0.689243,-0.382470,-0.912351,-0.390438,-0.872510,-0.358566,-0.800797,-0.147410,-0.681275,-0.151394,-0.900398,-0.163347,-0.721116,-0.151394,-0.597610,0.023904,-0.633466,0.019920,-0.760956,-0.027888,-0.537849,-0.035857,-0.426295,0.187251,-0.561753,0.143426,-0.669323,0.091633,-0.494024,0.079681,-0.406375
T,Right,legacy_bisindo_T_1205,0.000000,0.000000,-0.210938,-0.160156,-0.316406,-0.488281,-0.250000,-0.773438,-0.191406,-1.000000,-0.320312,-0.695312,-0.375000,-0.933594,-0.378906,-0.839844,-0.371094,-0.718750,-0.136719,-0.695312,-0.164062,-0.925781,-0.175781,-0.824219,-0.175781,-0.750000,0.042969,-0.644531,0.023438,-0.785156,-0.007812,-0.550781,-0.019531,-0.414062,0.214844,-0.562500,0.156250,-0.691406,0.117188,-0.515625,0.113281,-0.410156
T,Right,legacy_bisindo_T_1206,0.000000,0.000000,-0.221053,-0.157895,-0.315789,-0.480702,-0.238596,-0.768421,-0.210526,-1.000000,-0.336842,-0.705263,-0.407018,-0.978947,-0.403509,-0.849123,-0.389474,-0.684211,-0.140351,-0.694737,-0.136842,-0.954386,-0.129825,-0.736842,-0.112281,-0.578947,0.038596,-0.631579,0.052632,-0.785965,0.021053,-0.519298,0.003509,-0.375439,0.214035,-0.543860,0.189474,-0.670175,0.150877,-0.491228,0.133333,-0.396491
T,Right,legacy_bisindo_T_1207,0.000000,0.000000,-0.201987,-0.139073,-0.307947,-0.466887,-0.238411,-0.761589,-0.218543,-1.000000,-0.347682,-0.698675,-0.417219,-0.973510,-0.407285,-0.821192,-0.390728,-0.639073,-0.142384,-0.688742,-0.142384,-0.943709,-0.132450,-0.678808,-0.115894,-0.509934,0.049669,-0.622517,0.059603,-0.781457,0.033113,-0.486755,0.016556,-0.347682,0.235099,-0.536424,0.215232,-0.662252,0.175497,-0.473510,0.158940,-0.387417
T,Right,legacy_bisindo_T_1208,0.000000,0.000000,-0.234323,-0.069307,-0.366337,-0.422442,-0.293729,-0.745875,-0.270627,-1.000000,-0.412541,-0.686469,-0.498350,-0.960396,-0.498350,-0.778878,-0.475248,-0.574257,-0.181518,-0.689769,-0.191419,-0.933993,-0.178218,-0.640264,-0.158416,-0.478548,0.029703,-0.627063,0.046205,-0.749175,0.023102,-0.435644,0.000000,-0.320132,0.231023,-0.541254,0.207921,-0.627063,0.174917,-0.422442,0.151815,-0.359736
T,Right,legacy_bisindo_T_1209,0.000000,0.000000,-0.234375,-0.109375,-0.362500,-0.440625,-0.300000,-0.750000,-0.293750,-1.000000,-0.421875,-0.678125,-0.503125,-0.953125,-0.490625,-0.793750,-0.465625,-0.606250,-0.200000,-0.681250,-0.209375,-0.928125,-0.196875,-0.675000,-0.181250,-0.521875,0.009375,-0.625000,0.018750,-0.771875,-0.006250,-0.478125,-0.025000,-0.346875,0.212500,-0.543750,0.184375,-0.653125,0.150000,-0.459375,0.131250,-0.381250
T,Right,legacy_bisindo_T_1210,0.000000,0.000000,-0.222222,-0.116809,-0.350427,-0.435897,-0.296296,-0.749288,-0.290598,-1.000000,-0.424501,-0.675214,-0.495726,-0.948718,-0.467236,-0.786325,-0.433048,-0.621083,-0.205128,-0.686610,-0.207977,-0.937322,-0.185185,-0.675214,-0.168091,-0.541311,-0.002849,-0.635328,0.022792,-0.783476,0.008547,-0.490028,-0.022792,-0.378917,0.188034,-0.561254,0.188034,-0.675214,0.159544,-0.478632,0.128205,-0.407407
T,Right,legacy_bisindo_T_1211,0.000000,0.000000,-0.230337,-0.132022,-0.359551,-0.452247,-0.311798,-0.755618,-0.286517,-1.000000,-0.393258,-0.671348,-0.463483,-0.932584,-0.443820,-0.808989,-0.415730,-0.662921,-0.193820,-0.679775,-0.199438,-0.924157,-0.179775,-0.710674,-0.162921,-0.567416,0.000000,-0.634831,0.016854,-0.792135,0.000000,-0.511236,-0.022472,-0.365169,0.188202,-0.561798,0.171348,-0.685393,0.143258,-0.494382,0.126404,-0.393258
T,Right,legacy_bisindo_T_1212,0.000000,0.000000,-0.236264,-0.109890,-0.381868,-0.442308,-0.340659,-0.758242,-0.346154,-1.000000,-0.414835,-0.678571,-0.497253,-0.936813,-0.502747,-0.804945,-0.478022,-0.640110,-0.222527,-0.697802,-0.233516,-0.925824,-0.214286,-0.678571,-0.189560,-0.543956,-0.035714,-0.656593,-0.030220,-0.802198,-0.038462,-0.513736,-0.049451,-0.390110,0.148352,-0.593407,0.112637,-0.697802,0.096154,-0.500000,0.098901,-0.428571
T,Right,legacy_bisindo_T_1213,0.000000,0.000000,-0.221024,-0.123989,-0.355795,-0.450135,-0.315364,-0.760108,-0.307278,-1.000000,-0.401617,-0.668464,-0.485175,-0.946092,-0.474394,-0.822102,-0.439353,-0.668464,-0.212938,-0.687332,-0.234501,-0.935310,-0.215633,-0.708895,-0.180593,-0.571429,-0.026954,-0.646900,-0.032345,-0.808625,-0.040431,-0.528302,-0.040431,-0.396226,0.159030,-0.584906,0.110512,-0.708895,0.091644,-0.514825,0.097035,-0.431267
T,Right,legacy_bisindo_T_1214,0.000000,0.000000,-0.227397,-0.131507,-0.342466,-0.465753,-0.290411,-0.767123,-0.287671,-1.000000,-0.356164,-0.684932,-0.435616,-0.939726,-0.441096,-0.813699,-0.419178,-0.652055,-0.169863,-0.690411,-0.180822,-0.926027,-0.175342,-0.693151,-0.158904,-0.550685,0.010959,-0.641096,0.005479,-0.791781,-0.013699,-0.515068,-0.021918,-0.380822,0.191781,-0.569863,0.145205,-0.684932,0.117808,-0.501370,0.120548,-0.421918
T,Right,legacy_bisindo_T_1215,0.000000,0.000000,-0.221918,-0.134247,-0.331507,-0.476712,-0.279452,-0.769863,-0.268493,-1.000000,-0.339726,-0.698630,-0.410959,-0.950685,-0.432877,-0.824658,-0.421918,-0.665753,-0.153425,-0.701370,-0.167123,-0.926027,-0.169863,-0.693151,-0.150685,-0.545205,0.027397,-0.649315,0.024658,-0.786301,-0.002740,-0.517808,-0.010959,-0.386301,0.205479,-0.572603,0.167123,-0.673973,0.136986,-0.493151,0.136986,-0.421918
T,Right,legacy_bisindo_T_1216,0.000000,0.000000,-0.208333,-0.150000,-0.308333,-0.483333,-0.250000,-0.772222,-0.230556,-1.000000,-0.302778,-0.702778,-0.377778,-0.966667,-0.402778,-0.850000,-0.400000,-0.691667,-0.122222,-0.697222,-0.122222,-0.944444,-0.136111,-0.716667,-0.125000,-0.569444,0.055556,-0.638889,0.050000,-0.786111,0.016667,-0.525000,0.011111,-0.397222,0.230556,-0.558333,0.186111,-0.672222,0.150000,-0.505556,0.158333,-0.433333
T,Right,legacy_bisindo_T_1217,0.000000,0.000000,-0.193182,-0.170455,-0.258523,-0.502841,-0.164773,-0.764205,-0.073864,-0.954545,-0.207386,-0.721591,-0.213068,-1.000000,-0.258523,-0.914773,-0.281250,-0.778409,-0.034091,-0.687500,-0.019886,-0.946023,-0.068182,-0.738636,-0.071023,-0.573864,0.130682,-0.605114,0.142045,-0.755682,0.073864,-0.511364,0.048295,-0.375000,0.286932,-0.494318,0.264205,-0.613636,0.196023,-0.451705,0.178977,-0.366477
T,Right,legacy_bisindo_T_1218,0.000000,0.000000,-0.037356,-0.229885,0.109195,-0.545977,0.356322,-0.732759,0.537356,-0.893678,0.198276,-0.778736,0.333333,-1.000000,0.275862,-0.862069,0.198276,-0.712644,0.350575,-0.643678,0.531609,-0.795977,0.390805,-0.594828,0.298851,-0.491379,0.459770,-0.474138,0.600575,-0.537356,0.402299,-0.350575,0.290230,-0.295977,0.537356,-0.290230,0.640805,-0.353448,0.491379,-0.241379,0.399425,-0.209770
T,Right,legacy_bisindo_T_1219,0.000000,0.000000,0.014388,-0.294964,0.212230,-0.589928,0.485612,-0.733813,0.705036,-0.827338,0.399281,-0.780576,0.543165,-0.967626,0.492806,-0.971223,0.424460,-0.931655,0.528777,-0.661871,0.730216,-0.892086,0.687050,-0.949640,0.697842,-1.000000,0.622302,-0.485612,0.784173,-0.607914,0.528777,-0.482014,0.392086,-0.402878,0.679856,-0.266187,0.773381,-0.388489,0.575540,-0.302158,0.471223,-0.241007
T,Right,legacy_bisindo_T_1220,0.000000,0.000000,-0.034247,-0.263699,0.130137,-0.568493,0.380137,-0.729452,0.578767,-0.869863,0.291096,-0.773973,0.397260,-0.986301,0.397260,-1.000000,0.363014,-0.941781,0.434932,-0.640411,0.654110,-0.832192,0.517123,-0.705479,0.393836,-0.575342,0.534247,-0.458904,0.688356,-0.551370,0.462329,-0.397260,0.325342,-0.315068,0.599315,-0.260274,0.705479,-0.349315,0.544521,-0.256849,0.455479,-0.202055
T,Right,legacy_bisindo_T_1221,0.000000,0.000000,-0.041958,-0.293706,0.174825,-0.629371,0.458042,-0.783217,0.667832,-0.947552,0.367133,-0.790210,0.513986,-0.975524,0.503497,-1.000000,0.447552,-0.951049,0.503497,-0.632867,0.706294,-0.786713,0.506993,-0.629371,0.356643,-0.503497,0.587413,-0.430070,0.727273,-0.517483,0.475524,-0.346154,0.328671,-0.258741,0.636364,-0.216783,0.737762,-0.311189,0.566434,-0.209790,0.479021,-0.164336
T,Right,legacy_bisindo_T_1222,0.000000,0.000000,-0.009677,-0.267742,0.212903,-0.564516,0.516129,-0.696774,0.738710,-0.841935,0.396774,-0.774194,0.570968,-1.000000,0.438710,-0.893548,0.312903,-0.764516,0.522581,-0.593548,0.709677,-0.729032,0.500000,-0.561290,0.387097,-0.461290,0.587097,-0.393548,0.703226,-0.448387,0.448387,-0.296774,0.341935,-0.248387,0.625806,-0.200000,0.696774,-0.261290,0.522581,-0.167742,0.461290,-0.138710
T,Right,legacy_bisindo_T_1223,0.000000,0.000000,0.000000,-0.268608,0.220065,-0.566343,0.524272,-0.699029,0.744337,-0.838188,0.401294,-0.779935,0.576052,-1.000000,0.443366,-0.889968,0.320388,-0.766990,0.527508,-0.605178,0.715210,-0.731392,0.495146,-0.566343,0.385113,-0.478964,0.592233,-0.407767,0.718447,-0.472492,0.459547,-0.320388,0.349515,-0.271845,0.624595,-0.210356,0.705502,-0.278317,0.524272,-0.184466,0.459547,-0.152104
T,Right,legacy_bisindo_T_1224,0.000000,0.000000,0.013115,-0.268852,0.232787,-0.560656,0.527869,-0.691803,0.750820,-0.832787,0.396721,-0.780328,0.590164,-1.000000,0.481967,-0.895082,0.363934,-0.770492,0.524590,-0.606557,0.727869,-0.731148,0.531148,-0.570492,0.413115,-0.485246,0.590164,-0.413115,0.737705,-0.472131,0.488525,-0.327869,0.367213,-0.281967,0.626230,-0.216393,0.721311,-0.272131,0.540984,-0.183607,0.465574,-0.157377
T,Right,legacy_bisindo_T_1225,0.000000,0.000000,-0.012579,-0.254717,0.179245,-0.556604,0.449686,-0.707547,0.644654,-0.861635,0.311321,-0.770440,0.477987,-1.000000,0.383648,-0.886792,0.279874,-0.751572,0.446541,-0.619497,0.635220,-0.751572,0.449686,-0.578616,0.342767,-0.484277,0.528302,-0.440252,0.663522,-0.512579,0.440252,-0.349057,0.330189,-0.295597,0.581761,-0.257862,0.666667,-0.314465,0.506289,-0.216981,0.440252,-0.188679
T,Right,legacy_bisindo_T_1226,0.000000,0.000000,-0.059406,-0.250825,0.066007,-0.564356,0.300330,-0.739274,0.481848,-0.884488,0.214521,-0.775578,0.339934,-1.000000,0.283828,-0.933993,0.221122,-0.828383,0.353135,-0.653465,0.514851,-0.821782,0.366337,-0.656766,0.277228,-0.537954,0.458746,-0.501650,0.574257,-0.587459,0.376238,-0.425743,0.267327,-0.346535,0.537954,-0.330033,0.603960,-0.415842,0.458746,-0.313531,0.386139,-0.257426
T,Right,legacy_bisindo_T_1227,0.000000,0.000000,-0.160606,-0.184848,-0.190909,-0.509091,-0.075758,-0.748485,0.021212,-0.942424,-0.124242,-0.727273,-0.136364,-1.000000,-0.196970,-0.863636,-0.218182,-0.709091,0.039394,-0.672727,0.081818,-0.912121,-0.009091,-0.703030,-0.039394,-0.545455,0.184848,-0.566667,0.190909,-0.700000,0.087879,-0.475758,0.063636,-0.351515,0.318182,-0.436364,0.281818,-0.554545,0.200000,-0.406061,0.190909,-0.327273
T,Right,legacy_bisindo_T_1228,0.000000,0.000000,-0.236066,-0.134426,-0.377049,-0.449180,-0.337705,-0.708197,-0.268852,-0.888525,-0.327869,-0.718033,-0.416393,-1.000000,-0.485246,-0.849180,-0.481967,-0.678689,-0.157377,-0.698361,-0.213115,-0.934426,-0.259016,-0.681967,-0.232787,-0.511475,0.016393,-0.636066,-0.052459,-0.754098,-0.085246,-0.491803,-0.059016,-0.363934,0.190164,-0.547541,0.101639,-0.639344,0.062295,-0.468852,0.091803,-0.400000
T,Right,legacy_bisindo_T_1229,0.000000,0.000000,-0.304527,-0.032922,-0.629630,-0.271605,-0.798354,-0.555556,-0.909465,-0.806584,-0.753086,-0.530864,-1.000000,-0.724280,-0.917695,-0.543210,-0.794239,-0.390947,-0.567901,-0.633745,-0.757202,-0.831276,-0.604938,-0.551440,-0.473251,-0.411523,-0.345679,-0.691358,-0.477366,-0.790123,-0.333333,-0.489712,-0.242798,-0.382716,-0.111111,-0.724280,-0.246914,-0.794239,-0.168724,-0.592593,-0.106996,-0.534979
T,Right,legacy_bisindo_T_1230,0.000000,0.000000,-0.265957,0.060284,-0.595745,-0.092199,-0.776596,-0.333333,-0.936170,-0.510638,-0.758865,-0.255319,-1.000000,-0.379433,-0.929078,-0.276596,-0.801418,-0.170213,-0.624113,-0.397163,-0.815603,-0.539007,-0.634752,-0.358156,-0.492908,-0.265957,-0.450355,-0.492908,-0.585106,-0.570922,-0.390071,-0.358156,-0.280142,-0.269504,-0.265957,-0.567376,-0.400709,-0.599291,-0.276596,-0.453901,-0.205674,-0.411348
T,Right,legacy_bisindo_T_1231,0.000000,0.000000,-0.261324,0.062718,-0.599303,-0.080139,-0.783972,-0.320557,-0.944251,-0.498258,-0.756098,-0.240418,-1.000000,-0.362369,-0.926829,-0.257840,-0.818815,-0.163763,-0.623693,-0.383275,-0.815331,-0.512195,-0.634146,-0.337979,-0.505226,-0.257840,-0.456446,-0.480836,-0.606272,-0.554007,-0.411150,-0.348432,-0.306620,-0.268293,-0.275261,-0.557491,-0.418118,-0.581882,-0.299652,-0.442509,-0.229965,-0.407666
T,Right,legacy_bisindo_T_1232,0.000000,0.000000,-0.263158,0.094737,-0.610526,-0.035088,-0.810526,-0.277193,-0.982456,-0.438596,-0.761404,-0.196491,-1.000000,-0.308772,-0.954386,-0.221053,-0.856140,-0.133333,-0.642105,-0.343860,-0.849123,-0.480702,-0.656140,-0.308772,-0.508772,-0.221053,-0.487719,-0.452632,-0.635088,-0.526316,-0.424561,-0.329825,-0.305263,-0.245614,-0.312281,-0.540351,-0.449123,-0.568421,-0.312281,-0.428070,-0.238596,-0.389474
T,Right,legacy_bisindo_T_1233,0.000000,0.000000,-0.241722,0.102649,-0.592715,0.009934,-0.804636,-0.198675,-0.980132,-0.344371,-0.748344,-0.135762,-1.000000,-0.228477,-0.937086,-0.132450,-0.817881,-0.039735,-0.652318,-0.284768,-0.874172,-0.394040,-0.675497,-0.245033,-0.516556,-0.172185,-0.509934,-0.400662,-0.675497,-0.450331,-0.456954,-0.281457,-0.327815,-0.221854,-0.347682,-0.500000,-0.483444,-0.500000,-0.347682,-0.387417,-0.271523,-0.374172
T,Right,legacy_bisindo_T_1234,0.000000,0.000000,-0.244300,0.107492,-0.602606,0.016287,-0.814332,-0.192182,-1.000000,-0.332248,-0.745928,-0.127036,-0.980456,-0.205212,-0.934853,-0.114007,-0.833876,-0.022801,-0.651466,-0.273616,-0.866450,-0.364821,-0.677524,-0.221498,-0.521173,-0.146580,-0.511401,-0.390879,-0.674267,-0.429967,-0.452769,-0.263844,-0.325733,-0.201954,-0.351792,-0.495114,-0.498371,-0.488599,-0.358306,-0.374593,-0.280130,-0.358306
T,Right,legacy_bisindo_T_1235,0.000000,0.000000,-0.237785,0.097720,-0.583062,0.003257,-0.791531,-0.188925,-0.954397,-0.342020,-0.745928,-0.153094,-1.000000,-0.231270,-0.938111,-0.130293,-0.820847,-0.035831,-0.651466,-0.299674,-0.869707,-0.384365,-0.677524,-0.241042,-0.521173,-0.179153,-0.511401,-0.413681,-0.661238,-0.442997,-0.446254,-0.283388,-0.319218,-0.228013,-0.348534,-0.517915,-0.491857,-0.511401,-0.358306,-0.397394,-0.280130,-0.381107
T,Right,legacy_bisindo_T_1236,0.000000,0.000000,-0.233227,0.102236,-0.578275,0.009585,-0.789137,-0.194888,-0.958466,-0.338658,-0.738019,-0.121406,-1.000000,-0.207668,-0.923323,-0.111821,-0.795527,-0.028754,-0.642173,-0.271565,-0.862620,-0.370607,-0.661342,-0.223642,-0.507987,-0.159744,-0.504792,-0.386581,-0.670927,-0.434505,-0.456869,-0.271565,-0.338658,-0.217252,-0.345048,-0.488818,-0.482428,-0.488818,-0.351438,-0.373802,-0.277955,-0.357827
T,Right,legacy_bisindo_T_1237,0.000000,0.000000,-0.235849,0.094340,-0.575472,0.000000,-0.779874,-0.198113,-0.940252,-0.349057,-0.735849,-0.135220,-1.000000,-0.229560,-0.918239,-0.128931,-0.786164,-0.044025,-0.641509,-0.283019,-0.849057,-0.383648,-0.647799,-0.232704,-0.506289,-0.172956,-0.503145,-0.393082,-0.666667,-0.446541,-0.459119,-0.279874,-0.349057,-0.226415,-0.342767,-0.490566,-0.481132,-0.493711,-0.352201,-0.377358,-0.286164,-0.364780
T,Right,legacy_bisindo_T_1238,0.000000,0.000000,-0.230284,0.094637,-0.567823,0.003155,-0.772871,-0.198738,-0.936909,-0.347003,-0.741325,-0.135647,-1.000000,-0.223975,-0.914826,-0.126183,-0.782334,-0.047319,-0.643533,-0.283912,-0.851735,-0.384858,-0.649842,-0.233438,-0.504732,-0.176656,-0.501577,-0.394322,-0.662461,-0.447950,-0.454259,-0.280757,-0.340694,-0.230284,-0.340694,-0.492114,-0.479495,-0.498423,-0.350158,-0.384858,-0.280757,-0.372240
T,Right,legacy_bisindo_T_1239,0.000000,0.000000,-0.236593,0.085174,-0.574132,-0.015773,-0.776025,-0.223975,-0.936909,-0.375394,-0.744479,-0.170347,-1.000000,-0.271293,-0.924290,-0.167192,-0.794953,-0.075710,-0.637224,-0.309148,-0.845426,-0.422713,-0.646688,-0.258675,-0.507886,-0.189274,-0.492114,-0.416404,-0.646688,-0.473186,-0.435331,-0.296530,-0.324921,-0.233438,-0.328076,-0.507886,-0.463722,-0.520505,-0.334385,-0.394322,-0.264984,-0.375394
T,Right,legacy_bisindo_T_1240,0.000000,0.000000,-0.267559,0.036789,-0.598662,-0.120401,-0.772575,-0.357860,-0.899666,-0.545151,-0.749164,-0.324415,-1.000000,-0.474916,-0.929766,-0.331104,-0.806020,-0.204013,-0.602007,-0.441472,-0.816054,-0.591973,-0.655518,-0.381271,-0.508361,-0.267559,-0.424749,-0.528428,-0.585284,-0.605351,-0.408027,-0.384615,-0.294314,-0.290970,-0.227425,-0.588629,-0.384615,-0.615385,-0.277592,-0.461538,-0.200669,-0.418060
T,Right,legacy_bisindo_T_1241,0.000000,0.000000,-0.341085,-0.034884,-0.662791,-0.348837,-0.771318,-0.705426,-0.895349,-0.961240,-0.798450,-0.577519,-1.000000,-0.806202,-0.945736,-0.674419,-0.852713,-0.527132,-0.589147,-0.689922,-0.724806,-0.945736,-0.589147,-0.674419,-0.488372,-0.511628,-0.348837,-0.744186,-0.453488,-0.910853,-0.313953,-0.585271,-0.244186,-0.422481,-0.100775,-0.759690,-0.224806,-0.868217,-0.147287,-0.647287,-0.096899,-0.562016
T,Right,legacy_bisindo_T_1242,0.000000,0.000000,-0.268212,-0.089404,-0.480132,-0.423841,-0.500000,-0.751656,-0.556291,-1.000000,-0.559603,-0.655629,-0.688742,-0.897351,-0.685430,-0.788079,-0.635762,-0.622517,-0.350993,-0.711921,-0.427152,-0.973510,-0.360927,-0.718543,-0.294702,-0.536424,-0.132450,-0.708609,-0.178808,-0.864238,-0.125828,-0.562914,-0.096026,-0.397351,0.086093,-0.672185,0.006623,-0.784768,0.029801,-0.576159,0.046358,-0.476821
T,Right,legacy_bisindo_T_1243,0.000000,0.000000,-0.218845,-0.139818,-0.346505,-0.468085,-0.313070,-0.762918,-0.310030,-1.000000,-0.395137,-0.702128,-0.483283,-0.966565,-0.468085,-0.826748,-0.425532,-0.653495,-0.191489,-0.717325,-0.218845,-0.981763,-0.206687,-0.738602,-0.173252,-0.559271,0.009119,-0.665653,-0.003040,-0.820669,-0.015198,-0.541033,-0.012158,-0.395137,0.200608,-0.589666,0.155015,-0.705167,0.133739,-0.522796,0.136778,-0.443769
T,Right,legacy_bisindo_T_1244,0.000000,0.000000,-0.198795,-0.156627,-0.307229,-0.472892,-0.265060,-0.762048,-0.256024,-1.000000,-0.364458,-0.695783,-0.436747,-0.966867,-0.418675,-0.825301,-0.382530,-0.665663,-0.162651,-0.698795,-0.171687,-0.945783,-0.165663,-0.710843,-0.141566,-0.557229,0.027108,-0.641566,0.030120,-0.786145,0.003012,-0.515060,-0.003012,-0.385542,0.207831,-0.563253,0.171687,-0.677711,0.141566,-0.493976,0.141566,-0.415663
T,Right,legacy_bisindo_T_1245,0.000000,0.000000,-0.183801,-0.161994,-0.271028,-0.482866,-0.205607,-0.766355,-0.183801,-1.000000,-0.320872,-0.710280,-0.380062,-0.981308,-0.376947,-0.834891,-0.348910,-0.669782,-0.124611,-0.700935,-0.115265,-0.943925,-0.121495,-0.707165,-0.109034,-0.566978,0.056075,-0.635514,0.074766,-0.778816,0.034268,-0.514019,0.015576,-0.401869,0.227414,-0.548287,0.205607,-0.666667,0.165109,-0.489097,0.155763,-0.417445
T,Right,legacy_bisindo_T_1246,0.000000,0.000000,-0.198052,-0.162338,-0.279221,-0.490260,-0.201299,-0.772727,-0.162338,-1.000000,-0.314935,-0.714286,-0.373377,-1.000000,-0.376623,-0.857143,-0.357143,-0.681818,-0.120130,-0.707792,-0.116883,-0.974026,-0.123377,-0.740260,-0.107143,-0.577922,0.061688,-0.639610,0.064935,-0.792208,0.025974,-0.525974,0.016234,-0.392857,0.233766,-0.551948,0.194805,-0.672078,0.155844,-0.496753,0.155844,-0.412338
T,Right,legacy_bisindo_T_1247,0.000000,0.000000,-0.184818,-0.165017,-0.267327,-0.488449,-0.194719,-0.765677,-0.171617,-1.000000,-0.310231,-0.719472,-0.369637,-0.990099,-0.372937,-0.841584,-0.353135,-0.663366,-0.112211,-0.709571,-0.108911,-0.950495,-0.118812,-0.712871,-0.102310,-0.564356,0.069307,-0.640264,0.075908,-0.782178,0.033003,-0.518152,0.023102,-0.399340,0.237624,-0.551155,0.204620,-0.663366,0.161716,-0.488449,0.161716,-0.415842
T,Right,legacy_bisindo_T_1248,0.000000,0.000000,-0.190476,-0.159864,-0.275510,-0.489796,-0.197279,-0.768707,-0.170068,-1.000000,-0.312925,-0.724490,-0.377551,-0.986395,-0.387755,-0.833333,-0.367347,-0.656463,-0.115646,-0.714286,-0.112245,-0.959184,-0.122449,-0.714286,-0.102041,-0.551020,0.068027,-0.642857,0.078231,-0.775510,0.034014,-0.503401,0.023810,-0.377551,0.238095,-0.551020,0.207483,-0.656463,0.166667,-0.476190,0.163265,-0.404762
T,Right,legacy_bisindo_T_1249,0.000000,0.000000,-0.180272,-0.159864,-0.265306,-0.472789,-0.197279,-0.761905,-0.190476,-1.000000,-0.306122,-0.714286,-0.374150,-0.969388,-0.377551,-0.826531,-0.353741,-0.666667,-0.108844,-0.700680,-0.105442,-0.918367,-0.112245,-0.673469,-0.095238,-0.537415,0.071429,-0.632653,0.081633,-0.758503,0.040816,-0.486395,0.023810,-0.380952,0.241497,-0.547619,0.210884,-0.653061,0.170068,-0.469388,0.163265,-0.401361
T,Right,legacy_bisindo_T_1250,0.000000,0.000000,-0.178082,-0.160959,-0.263699,-0.482877,-0.195205,-0.767123,-0.174658,-1.000000,-0.304795,-0.715753,-0.363014,-0.976027,-0.369863,-0.835616,-0.345890,-0.671233,-0.109589,-0.708904,-0.102740,-0.928082,-0.109589,-0.688356,-0.092466,-0.554795,0.071918,-0.643836,0.085616,-0.767123,0.041096,-0.503425,0.027397,-0.404110,0.243151,-0.554795,0.215753,-0.657534,0.171233,-0.479452,0.167808,-0.417808
T,Right,legacy_bisindo_2hand_T_0,0.000000,0.000000,0.455929,-0.108430,0.718546,-0.342398,0.884273,-0.511893,0.968157,-0.663742,0.478634,-0.976223,0.613150,-1.372828,0.700685,-1.655580,0.739944,-1.912578,0.294587,-0.955625,0.869887,-0.871808,0.798555,-0.606907,0.653376,-0.557090,0.155060,-0.815763,0.700573,-0.576455,0.627242,-0.363397,0.493236,-0.387196,0.056126,-0.601023,0.492387,-0.473692,0.453888,-0.328980,0.317357,-0.336404,0.000000,0.000000,-0.513037,-0.065598,-0.856691,-0.140520,-1.098469,-0.131826,-1.276878,-0.189191,-0.867265,-0.792135,-1.387283,-0.830021,-1.700857,-0.866773,-1.951112,-0.921879,-0.596346,-0.802728,-1.141090,-0.505220,-0.968416,-0.174405,-0.773033,-0.194216,-0.331826,-0.674911,-0.841754,-0.318518,-0.722282,-0.072195,-0.546097,-0.133772,-0.117026,-0.484967,-0.530799,-0.205051,-0.516943,-0.035648,-0.398914,-0.078299
T,Right,legacy_bisindo_2hand_T_1,0.000000,0.000000,0.455929,-0.108430,0.718546,-0.342398,0.884273,-0.511893,0.968157,-0.663742,0.478634,-0.976223,0.613150,-1.372828,0.700685,-1.655580,0.739944,-1.912578,0.294587,-0.955625,0.869887,-0.871808,0.798555,-0.606907,0.653376,-0.557090,0.155060,-0.815763,0.700573,-0.576455,0.627242,-0.363397,0.493236,-0.387196,0.056126,-0.601023,0.492387,-0.473692,0.453888,-0.328980,0.317357,-0.336404,0.000000,0.000000,-0.513037,-0.065598,-0.856691,-0.140520,-1.098469,-0.131826,-1.276878,-0.189191,-0.867265,-0.792135,-1.387283,-0.830021,-1.700857,-0.866773,-1.951112,-0.921879,-0.596346,-0.802728,-1.141090,-0.505220,-0.968416,-0.174405,-0.773033,-0.194216,-0.331826,-0.674911,-0.841754,-0.318518,-0.722282,-0.072195,-0.546097,-0.133772,-0.117026,-0.484967,-0.530799,-0.205051,-0.516943,-0.035648,-0.398914,-0.078299
T,Right,legacy_bisindo_2hand_T_2,0.000000,0.000000,-0.338293,-0.307365,-0.485193,-0.575730,-0.566883,-0.790518,-0.612732,-0.953172,-0.080452,-1.070205,-0.089845,-1.455152,-0.078867,-1.717171,-0.061315,-1.928958,0.099278,-0.995060,-0.421442,-1.073196,-0.512969,-0.807560,-0.384341,-0.711414,0.182495,-0.823243,-0.391953,-0.765549,-0.423374,-0.562651,-0.288699,-0.517013,0.178054,-0.617080,-0.279260,-0.585144,-0.301970,-0.448613,-0.179200,-0.408754,0.000000,0.000000,0.446203,0.183183,0.813736,0.210603,1.057476,0.261818,1.220981,0.251073,1.117432,-0.308935,1.572624,-0.242418,1.875663,-0.176598,2.136893,-0.163738,0.894109,-0.447849,1.225982,-0.020157,0.981079,0.192589,0.824601,0.170895,0.609008,-0.440109,0.887734,0.061325,0.660154,0.254174,0.524374,0.169064,0.336442,-0.372338,0.554105,0.068005,0.474377,0.225108,0.404312,0.144435
T,Right,legacy_bisindo_2hand_T_3,0.000000,0.000000,0.455929,-0.108430,0.718546,-0.342398,0.884273,-0.511893,0.968157,-0.663742,0.478634,-0.976223,0.613150,-1.372828,0.700685,-1.655580,0.739944,-1.912578,0.294587,-0.955625,0.869887,-0.871808,0.798555,-0.606907,0.653376,-0.557090,0.155060,-0.815763,0.700573,-0.576455,0.627242,-0.363397,0.493236,-0.387196,0.056126,-0.601023,0.492387,-0.473692,0.453888,-0.328980,0.317357,-0.336404,0.000000,0.000000,-0.513037,-0.065598,-0.856691,-0.140520,-1.098469,-0.131826,-1.276878,-0.189191,-0.867265,-0.792135,-1.387283,-0.830021,-1.700857,-0.866773,-1.951112,-0.921879,-0.596346,-0.802728,-1.141090,-0.505220,-0.968416,-0.174405,-0.773033,-0.194216,-0.331826,-0.674911,-0.841754,-0.318518,-0.722282,-0.072195,-0.546097,-0.133772,-0.117026,-0.484967,-0.530799,-0.205051,-0.516943,-0.035648,-0.398914,-0.078299
T,Right,legacy_bisindo_2hand_T_4,0.000000,0.000000,-0.392030,-0.182372,-0.620930,-0.387771,-0.769282,-0.558379,-0.887654,-0.684688,-0.414167,-0.983793,-0.568589,-1.345950,-0.646361,-1.604098,-0.699551,-1.823766,-0.219712,-0.975565,-0.728401,-0.850130,-0.725337,-0.575196,-0.575097,-0.546960,-0.086453,-0.841094,-0.606243,-0.591709,-0.562443,-0.395142,-0.422955,-0.400690,-0.019649,-0.654897,-0.444885,-0.468778,-0.410044,-0.328716,-0.275208,-0.330059,0.000000,0.000000,0.525783,0.060272,0.847418,0.000855,1.079048,-0.023726,1.268204,-0.090508,0.956442,-0.678167,1.455082,-0.774054,1.833447,-0.852297,2.108793,-0.928910,0.677985,-0.735076,1.186092,-0.416964,1.000767,-0.130852,0.813928,-0.069686,0.370065,-0.637345,0.852306,-0.196134,0.664222,0.061808,0.483136,0.015434,0.101636,-0.471851,0.462699,-0.068769,0.423278,0.121863,0.302638,0.058728
T,Right,legacy_bisindo_2hand_T_5,0.000000,0.000000,0.455929,-0.108430,0.718546,-0.342398,0.884273,-0.511893,0.968157,-0.663742,0.478634,-0.976223,0.613150,-1.372828,0.700685,-1.655580,0.739944,-1.912578,0.294587,-0.955625,0.869887,-0.871808,0.798555,-0.606907,0.653376,-0.557090,0.155060,-0.815763,0.700573,-0.576455,0.627242,-0.363397,0.493236,-0.387196,0.056126,-0.601023,0.492387,-0.473692,0.453888,-0.328980,0.317357,-0.336404,0.000000,0.000000,-0.513037,-0.065598,-0.856691,-0.140520,-1.098469,-0.131826,-1.276878,-0.189191,-0.867265,-0.792135,-1.387283,-0.830021,-1.700857,-0.866773,-1.951112,-0.921879,-0.596346,-0.802728,-1.141090,-0.505220,-0.968416,-0.174405,-0.773033,-0.194216,-0.331826,-0.674911,-0.841754,-0.318518,-0.722282,-0.072195,-0.546097,-0.133772,-0.117026,-0.484967,-0.530799,-0.205051,-0.516943,-0.035648,-0.398914,-0.078299
T,Right,legacy_bisindo_2hand_T_6,0.000000,0.000000,-0.391349,-0.218445,-0.599901,-0.435762,-0.730246,-0.616049,-0.822133,-0.765900,-0.348479,-1.008626,-0.467724,-1.378870,-0.524286,-1.643240,-0.556787,-1.857761,-0.155341,-0.987861,-0.669350,-0.913619,-0.699665,-0.651701,-0.558992,-0.600543,-0.033012,-0.847455,-0.570737,-0.639658,-0.551451,-0.444354,-0.412140,-0.435722,0.018327,-0.659041,-0.415395,-0.507351,-0.403900,-0.367516,-0.276185,-0.359840,0.000000,0.000000,0.473466,0.056468,0.787642,-0.008104,1.025537,-0.013192,1.209608,-0.072966,0.962600,-0.641017,1.431400,-0.699345,1.801393,-0.740542,2.079405,-0.790224,0.686620,-0.727016,1.137961,-0.379008,0.943341,-0.107731,0.764733,-0.071234,0.388624,-0.656385,0.814062,-0.205468,0.632438,0.045898,0.470947,-0.009835,0.117480,-0.521664,0.436975,-0.122566,0.402583,0.085526,0.304172,0.038062
T,Right,legacy_bisindo_2hand_T_7,0.000000,0.000000,0.455929,-0.108430,0.718546,-0.342398,0.884273,-0.511893,0.968157,-0.663742,0.478634,-0.976223,0.613150,-1.372828,0.700685,-1.655580,0.739944,-1.912578,0.294587,-0.955625,0.869887,-0.871808,0.798555,-0.606907,0.653376,-0.557090,0.155060,-0.815763,0.700573,-0.576455,0.627242,-0.363397,0.493236,-0.387196,0.056126,-0.601023,0.492387,-0.473692,0.453888,-0.328980,0.317357,-0.336404,0.000000,0.000000,-0.513037,-0.065598,-0.856691,-0.140520,-1.098469,-0.131826,-1.276878,-0.189191,-0.867265,-0.792135,-1.387283,-0.830021,-1.700857,-0.866773,-1.951112,-0.921879,-0.596346,-0.802728,-1.141090,-0.505220,-0.968416,-0.174405,-0.773033,-0.194216,-0.331826,-0.674911,-0.841754,-0.318518,-0.722282,-0.072195,-0.546097,-0.133772,-0.117026,-0.484967,-0.530799,-0.205051,-0.516943,-0.035648,-0.398914,-0.078299
T,Right,legacy_bisindo_2hand_T_8,0.000000,0.000000,0.455929,-0.108430,0.718546,-0.342398,0.884273,-0.511893,0.968157,-0.663742,0.478634,-0.976223,0.613150,-1.372828,0.700685,-1.655580,0.739944,-1.912578,0.294587,-0.955625,0.869887,-0.871808,0.798555,-0.606907,0.653376,-0.557090,0.155060,-0.815763,0.700573,-0.576455,0.627242,-0.363397,0.493236,-0.387196,0.056126,-0.601023,0.492387,-0.473692,0.453888,-0.328980,0.317357,-0.336404,0.000000,0.000000,-0.513037,-0.065598,-0.856691,-0.140520,-1.098469,-0.131826,-1.276878,-0.189191,-0.867265,-0.792135,-1.387283,-0.830021,-1.700857,-0.866773,-1.951112,-0.921879,-0.596346,-0.802728,-1.141090,-0.505220,-0.968416,-0.174405,-0.773033,-0.194216,-0.331826,-0.674911,-0.841754,-0.318518,-0.722282,-0.072195,-0.546097,-0.133772,-0.117026,-0.484967,-0.530799,-0.205051,-0.516943,-0.035648,-0.398914,-0.078299
T,Right,legacy_bisindo_2hand_T_9,0.000000,0.000000,-0.415196,-0.075330,-0.695247,-0.228003,-0.882693,-0.368350,-1.011559,-0.466481,-0.611474,-0.876301,-0.845619,-1.204767,-0.969769,-1.440546,-1.058036,-1.654546,-0.411452,-0.911432,-0.897154,-0.679327,-0.826182,-0.389776,-0.663144,-0.410236,-0.245911,-0.804274,-0.710585,-0.441104,-0.621505,-0.241197,-0.477899,-0.285061,-0.135299,-0.630063,-0.522896,-0.347350,-0.449568,-0.212288,-0.308387,-0.247614,0.000000,0.000000,0.557298,-0.036766,0.864812,-0.148132,1.076157,-0.232585,1.230274,-0.383432,0.791370,-0.913026,1.247108,-1.103541,1.625115,-1.278158,1.887036,-1.428412,0.462559,-0.886588,1.055070,-0.718761,0.929272,-0.406357,0.754052,-0.326346,0.157952,-0.688952,0.780426,-0.398950,0.657553,-0.126473,0.465499,-0.169524,-0.068333,-0.457796,0.374788,-0.146547,0.359599,0.026682,0.215046,-0.038230
T,Right,legacy_bisindo_2hand_T_10,0.000000,0.000000,0.455929,-0.108430,0.718546,-0.342398,0.884273,-0.511893,0.968157,-0.663742,0.478634,-0.976223,0.613150,-1.372828,0.700685,-1.655580,0.739944,-1.912578,0.294587,-0.955625,0.869887,-0.871808,0.798555,-0.606907,0.653376,-0.557090,0.155060,-0.815763,0.700573,-0.576455,0.627242,-0.363397,0.493236,-0.387196,0.056126,-0.601023,0.492387,-0.473692,0.453888,-0.328980,0.317357,-0.336404,0.000000,0.000000,-0.513037,-0.065598,-0.856691,-0.140520,-1.098469,-0.131826,-1.276878,-0.189191,-0.867265,-0.792135,-1.387283,-0.830021,-1.700857,-0.866773,-1.951112,-0.921879,-0.596346,-0.802728,-1.141090,-0.505220,-0.968416,-0.174405,-0.773033,-0.194216,-0.331826,-0.674911,-0.841754,-0.318518,-0.722282,-0.072195,-0.546097,-0.133772,-0.117026,-0.484967,-0.530799,-0.205051,-0.516943,-0.035648,-0.398914,-0.078299
T,Right,legacy_bisindo_2hand_T_11,0.000000,0.000000,-0.404145,-0.096189,-0.666998,-0.272663,-0.838571,-0.435308,-0.979960,-0.554513,-0.522853,-0.931705,-0.720436,-1.282717,-0.809749,-1.533451,-0.869078,-1.766893,-0.317862,-0.948137,-0.822923,-0.749840,-0.764389,-0.455900,-0.594785,-0.472462,-0.162146,-0.822407,-0.661878,-0.485038,-0.586354,-0.273949,-0.437934,-0.309113,-0.062583,-0.632883,-0.479444,-0.373026,-0.416119,-0.228220,-0.272334,-0.254632,0.000000,0.000000,0.554990,0.028543,0.878362,-0.061546,1.097516,-0.125472,1.312048,-0.204288,0.908039,-0.773336,1.394545,-0.926153,1.776984,-1.059382,2.044913,-1.175938,0.614206,-0.789145,1.174091,-0.543665,0.991887,-0.258298,0.789493,-0.178640,0.306887,-0.641376,0.848100,-0.256471,0.663912,-0.001222,0.476790,-0.050449,0.057371,-0.435185,0.452733,-0.062908,0.407273,0.104905,0.268462,0.027338
T,Right,legacy_bisindo_2hand_T_12,0.000000,0.000000,0.455929,-0.108430,0.718546,-0.342398,0.884273,-0.511893,0.968157,-0.663742,0.478634,-0.976223,0.613150,-1.372828,0.700685,-1.655580,0.739944,-1.912578,0.294587,-0.955625,0.869887,-0.871808,0.798555,-0.606907,0.653376,-0.557090,0.155060,-0.815763,0.700573,-0.576455,0.627242,-0.363397,0.493236,-0.387196,0.056126,-0.601023,0.492387,-0.473692,0.453888,-0.328980,0.317357,-0.336404,0.000000,0.000000,-0.513037,-0.065598,-0.856691,-0.140520,-1.098469,-0.131826,-1.276878,-0.189191,-0.867265,-0.792135,-1.387283,-0.830021,-1.700857,-0.866773,-1.951112,-0.921879,-0.596346,-0.802728,-1.141090,-0.505220,-0.968416,-0.174405,-0.773033,-0.194216,-0.331826,-0.674911,-0.841754,-0.318518,-0.722282,-0.072195,-0.546097,-0.133772,-0.117026,-0.484967,-0.530799,-0.205051,-0.516943,-0.035648,-0.398914,-0.078299
T,Right,legacy_bisindo_2hand_T_13,0.000000,0.000000,-0.428188,-0.023246,-0.724328,-0.141387,-0.930535,-0.260156,-1.062533,-0.337183,-0.710199,-0.807213,-0.974618,-1.111565,-1.126293,-1.339860,-1.241363,-1.544199,-0.506857,-0.862030,-0.972593,-0.574768,-0.870069,-0.293722,-0.714340,-0.328468,-0.323578,-0.770245,-0.748142,-0.342920,-0.642079,-0.154126,-0.506546,-0.213639,-0.188941,-0.600957,-0.547802,-0.270854,-0.470250,-0.144305,-0.339974,-0.198781,0.000000,0.000000,0.427786,-0.091049,0.715160,-0.272094,0.942556,-0.386109,1.091867,-0.532604,0.606009,-0.961343,1.015128,-1.210101,1.350069,-1.391792,1.594180,-1.559586,0.307774,-0.951459,0.894769,-0.804809,0.813484,-0.468720,0.650712,-0.369506,0.059855,-0.765745,0.648567,-0.473178,0.577112,-0.182483,0.402879,-0.192141,-0.135288,-0.525052,0.361870,-0.248867,0.373558,-0.056648,0.235668,-0.088048
T,Right,legacy_bisindo_2hand_T_14,0.000000,0.000000,-0.397233,-0.158563,-0.635549,-0.363434,-0.795780,-0.537749,-0.906623,-0.650556,-0.435280,-0.977942,-0.595697,-1.344230,-0.673948,-1.603316,-0.723870,-1.824017,-0.231294,-0.972884,-0.746556,-0.846807,-0.735704,-0.553492,-0.577064,-0.534501,-0.089268,-0.837026,-0.608781,-0.573415,-0.565678,-0.364389,-0.421283,-0.379763,-0.015547,-0.643780,-0.444953,-0.443043,-0.411991,-0.298596,-0.277722,-0.307864,0.000000,0.000000,0.597344,0.051078,0.925665,0.002420,1.136662,-0.028450,1.326431,-0.120393,0.994702,-0.716408,1.515022,-0.815095,1.916554,-0.911433,2.191075,-1.008579,0.691513,-0.722364,1.215637,-0.457351,1.010099,-0.179461,0.812946,-0.123855,0.353266,-0.600694,0.879811,-0.203991,0.686055,0.054262,0.504110,0.003745,0.075886,-0.420416,0.453900,-0.053829,0.420914,0.143419,0.298532,0.084535
T,Right,legacy_bisindo_2hand_T_15,0.000000,0.000000,-0.401516,-0.093651,-0.663836,-0.268158,-0.835118,-0.429114,-0.978621,-0.552221,-0.523582,-0.930525,-0.720110,-1.281915,-0.810168,-1.533207,-0.870822,-1.765861,-0.319301,-0.947653,-0.819664,-0.745731,-0.760871,-0.452025,-0.592643,-0.467223,-0.163578,-0.822602,-0.659302,-0.482809,-0.584622,-0.271805,-0.438219,-0.305654,-0.063916,-0.632825,-0.477386,-0.370078,-0.413597,-0.225152,-0.269834,-0.252063,0.000000,0.000000,0.565243,0.032158,0.897518,-0.051890,1.122862,-0.114811,1.327840,-0.191349,0.926521,-0.770553,1.415006,-0.924207,1.798838,-1.058601,2.066519,-1.175291,0.624833,-0.780758,1.196894,-0.548038,1.014162,-0.255720,0.805510,-0.164085,0.306940,-0.624425,0.857568,-0.240528,0.674849,0.018929,0.484261,-0.028462,0.052930,-0.407500,0.468031,-0.032556,0.424425,0.132547,0.277002,0.052837
T,Right,legacy_bisindo_2hand_T_16,0.000000,0.000000,-0.400550,-0.121783,-0.661675,-0.306419,-0.835147,-0.475637,-0.949141,-0.600109,-0.480677,-0.959140,-0.665286,-1.330126,-0.746075,-1.593092,-0.797784,-1.831775,-0.268553,-0.963265,-0.801492,-0.799899,-0.761736,-0.488508,-0.591946,-0.484807,-0.112232,-0.827978,-0.641174,-0.510713,-0.573839,-0.294204,-0.416243,-0.321151,-0.018802,-0.629609,-0.461818,-0.396603,-0.407462,-0.248967,-0.257536,-0.266314,0.000000,0.000000,0.570896,0.022186,0.879139,-0.053152,1.078944,-0.101021,1.320791,-0.177142,0.938965,-0.762413,1.426073,-0.900510,1.817024,-1.019734,2.088413,-1.121885,0.637139,-0.770749,1.170747,-0.533595,0.994814,-0.251936,0.798651,-0.180532,0.319717,-0.636070,0.850294,-0.270371,0.671338,-0.013425,0.486791,-0.067140,0.064249,-0.452425,0.438576,-0.095619,0.394729,0.085009,0.261362,0.011149
T,Right,legacy_bisindo_2hand_T_17,0.000000,0.000000,0.455929,-0.108430,0.718546,-0.342398,0.884273,-0.511893,0.968157,-0.663742,0.478634,-0.976223,0.613150,-1.372828,0.700685,-1.655580,0.739944,-1.912578,0.294587,-0.955625,0.869887,-0.871808,0.798555,-0.606907,0.653376,-0.557090,0.155060,-0.815763,0.700573,-0.576455,0.627242,-0.363397,0.493236,-0.387196,0.056126,-0.601023,0.492387,-0.473692,0.453888,-0.328980,0.317357,-0.336404,0.000000,0.000000,-0.513037,-0.065598,-0.856691,-0.140520,-1.098469,-0.131826,-1.276878,-0.189191,-0.867265,-0.792135,-1.387283,-0.830021,-1.700857,-0.866773,-1.951112,-0.921879,-0.596346,-0.802728,-1.141090,-0.505220,-0.968416,-0.174405,-0.773033,-0.194216,-0.331826,-0.674911,-0.841754,-0.318518,-0.722282,-0.072195,-0.546097,-0.133772,-0.117026,-0.484967,-0.530799,-0.205051,-0.516943,-0.035648,-0.398914,-0.078299
T,Right,legacy_bisindo_2hand_T_18,0.000000,0.000000,0.455929,-0.108430,0.718546,-0.342398,0.884273,-0.511893,0.968157,-0.663742,0.478634,-0.976223,0.613150,-1.372828,0.700685,-1.655580,0.739944,-1.912578,0.294587,-0.955625,0.869887,-0.871808,0.798555,-0.606907,0.653376,-0.557090,0.155060,-0.815763,0.700573,-0.576455,0.627242,-0.363397,0.493236,-0.387196,0.056126,-0.601023,0.492387,-0.473692,0.453888,-0.328980,0.317357,-0.336404,0.000000,0.000000,-0.513037,-0.065598,-0.856691,-0.140520,-1.098469,-0.131826,-1.276878,-0.189191,-0.867265,-0.792135,-1.387283,-0.830021,-1.700857,-0.866773,-1.951112,-0.921879,-0.596346,-0.802728,-1.141090,-0.505220,-0.968416,-0.174405,-0.773033,-0.194216,-0.331826,-0.674911,-0.841754,-0.318518,-0.722282,-0.072195,-0.546097,-0.133772,-0.117026,-0.484967,-0.530799,-0.205051,-0.516943,-0.035648,-0.398914,-0.078299
T,Right,legacy_bisindo_2hand_T_19,0.000000,0.000000,0.455929,-0.108430,0.718546,-0.342398,0.884273,-0.511893,0.968157,-0.663742,0.478634,-0.976223,0.613150,-1.372828,0.700685,-1.655580,0.739944,-1.912578,0.294587,-0.955625,0.869887,-0.871808,0.798555,-0.606907,0.653376,-0.557090,0.155060,-0.815763,0.700573,-0.576455,0.627242,-0.363397,0.493236,-0.387196,0.056126,-0.601023,0.492387,-0.473692,0.453888,-0.328980,0.317357,-0.336404,0.000000,0.000000,-0.513037,-0.065598,-0.856691,-0.140520,-1.098469,-0.131826,-1.276878,-0.189191,-0.867265,-0.792135,-1.387283,-0.830021,-1.700857,-0.866773,-1.951112,-0.921879,-0.596346,-0.802728,-1.141090,-0.505220,-0.968416,-0.174405,-0.773033,-0.194216,-0.331826,-0.674911,-0.841754,-0.318518,-0.722282,-0.072195,-0.546097,-0.133772,-0.117026,-0.484967,-0.530799,-0.205051,-0.516943,-0.035648,-0.398914,-0.078299
T,Right,legacy_bisindo_2hand_T_20,0.000000,0.000000,0.455929,-0.108430,0.718546,-0.342398,0.884273,-0.511893,0.968157,-0.663742,0.478634,-0.976223,0.613150,-1.372828,0.700685,-1.655580,0.739944,-1.912578,0.294587,-0.955625,0.869887,-0.871808,0.798555,-0.606907,0.653376,-0.557090,0.155060,-0.815763,0.700573,-0.576455,0.627242,-0.363397,0.493236,-0.387196,0.056126,-0.601023,0.492387,-0.473692,0.453888,-0.328980,0.317357,-0.336404,0.000000,0.000000,-0.513037,-0.065598,-0.856691,-0.140520,-1.098469,-0.131826,-1.276878,-0.189191,-0.867265,-0.792135,-1.387283,-0.830021,-1.700857,-0.866773,-1.951112,-0.921879,-0.596346,-0.802728,-1.141090,-0.505220,-0.968416,-0.174405,-0.773033,-0.194216,-0.331826,-0.674911,-0.841754,-0.318518,-0.722282,-0.072195,-0.546097,-0.133772,-0.117026,-0.484967,-0.530799,-0.205051,-0.516943,-0.035648,-0.398914,-0.078299
T,Right,legacy_bisindo_2hand_T_21,0.000000,0.000000,0.455929,-0.108430,0.718546,-0.342398,0.884273,-0.511893,0.968157,-0.663742,0.478634,-0.976223,0.613150,-1.372828,0.700685,-1.655580,0.739944,-1.912578,0.294587,-0.955625,0.869887,-0.871808,0.798555,-0.606907,0.653376,-0.557090,0.155060,-0.815763,0.700573,-0.576455,0.627242,-0.363397,0.493236,-0.387196,0.056126,-0.601023,0.492387,-0.473692,0.453888,-0.328980,0.317357,-0.336404,0.000000,0.000000,-0.513037,-0.065598,-0.856691,-0.140520,-1.098469,-0.131826,-1.276878,-0.189191,-0.867265,-0.792135,-1.387283,-0.830021,-1.700857,-0.866773,-1.951112,-0.921879,-0.596346,-0.802728,-1.141090,-0.505220,-0.968416,-0.174405,-0.773033,-0.194216,-0.331826,-0.674911,-0.841754,-0.318518,-0.722282,-0.072195,-0.546097,-0.133772,-0.117026,-0.484967,-0.530799,-0.205051,-0.516943,-0.035648,-0.398914,-0.078299
T,Right,legacy_bisindo_2hand_T_22,0.000000,0.000000,0.455929,-0.108430,0.718546,-0.342398,0.884273,-0.511893,0.968157,-0.663742,0.478634,-0.976223,0.613150,-1.372828,0.700685,-1.655580,0.739944,-1.912578,0.294587,-0.955625,0.869887,-0.871808,0.798555,-0.606907,0.653376,-0.557090,0.155060,-0.815763,0.700573,-0.576455,0.627242,-0.363397,0.493236,-0.387196,0.056126,-0.601023,0.492387,-0.473692,0.453888,-0.328980,0.317357,-0.336404,0.000000,0.000000,-0.513037,-0.065598,-0.856691,-0.140520,-1.098469,-0.131826,-1.276878,-0.189191,-0.867265,-0.792135,-1.387283,-0.830021,-1.700857,-0.866773,-1.951112,-0.921879,-0.596346,-0.802728,-1.141090,-0.505220,-0.968416,-0.174405,-0.773033,-0.194216,-0.331826,-0.674911,-0.841754,-0.318518,-0.722282,-0.072195,-0.546097,-0.133772,-0.117026,-0.484967,-0.530799,-0.205051,-0.516943,-0.035648,-0.398914,-0.078299
T,Right,legacy_bisindo_2hand_T_23,0.000000,0.000000,0.455929,-0.108430,0.718546,-0.342398,0.884273,-0.511893,0.968157,-0.663742,0.478634,-0.976223,0.613150,-1.372828,0.700685,-1.655580,0.739944,-1.912578,0.294587,-0.955625,0.869887,-0.871808,0.798555,-0.606907,0.653376,-0.557090,0.155060,-0.815763,0.700573,-0.576455,0.627242,-0.363397,0.493236,-0.387196,0.056126,-0.601023,0.492387,-0.473692,0.453888,-0.328980,0.317357,-0.336404,0.000000,0.000000,-0.513037,-0.065598,-0.856691,-0.140520,-1.098469,-0.131826,-1.276878,-0.189191,-0.867265,-0.792135,-1.387283,-0.830021,-1.700857,-0.866773,-1.951112,-0.921879,-0.596346,-0.802728,-1.141090,-0.505220,-0.968416,-0.174405,-0.773033,-0.194216,-0.331826,-0.674911,-0.841754,-0.318518,-0.722282,-0.072195,-0.546097,-0.133772,-0.117026,-0.484967,-0.530799,-0.205051,-0.516943,-0.035648,-0.398914,-0.078299
T,Right,legacy_bisindo_2hand_T_24,0.000000,0.000000,-0.406338,-0.085786,-0.682934,-0.250282,-0.867797,-0.397882,-0.999874,-0.494587,-0.582322,-0.896073,-0.805567,-1.232441,-0.921131,-1.476649,-1.001686,-1.693202,-0.378888,-0.925443,-0.872102,-0.707769,-0.812972,-0.417390,-0.651743,-0.427833,-0.216283,-0.813783,-0.693531,-0.460973,-0.612833,-0.258396,-0.468974,-0.292450,-0.110425,-0.634974,-0.507615,-0.364284,-0.443708,-0.225238,-0.305577,-0.252257,0.000000,0.000000,0.530781,-0.036936,0.827730,-0.140079,1.044203,-0.204444,1.231315,-0.351594,0.817212,-0.868162,1.261427,-1.062177,1.626902,-1.223791,1.888391,-1.361446,0.501084,-0.865399,1.064037,-0.668846,0.924244,-0.362464,0.744164,-0.274639,0.200524,-0.700192,0.773401,-0.359508,0.632445,-0.081134,0.446697,-0.120904,-0.033702,-0.487430,0.398061,-0.145279,0.368778,0.038856,0.220807,-0.023727
T,Right,legacy_bisindo_2hand_T_25,0.000000,0.000000,-0.337281,-0.302508,-0.491948,-0.567958,-0.575612,-0.778483,-0.622575,-0.942163,-0.101189,-1.065297,-0.117262,-1.457496,-0.110533,-1.724347,-0.097826,-1.937524,0.080858,-0.996726,-0.439697,-1.050902,-0.521472,-0.796902,-0.393976,-0.707983,0.166417,-0.826994,-0.408289,-0.744679,-0.430198,-0.552325,-0.295381,-0.512454,0.167860,-0.622140,-0.290199,-0.570824,-0.306458,-0.435223,-0.180753,-0.399248,0.000000,0.000000,0.443545,0.191578,0.794407,0.221555,1.026361,0.273775,1.216138,0.267480,1.113799,-0.324036,1.576983,-0.270888,1.898668,-0.215258,2.165195,-0.209780,0.882539,-0.470240,1.216164,-0.027825,0.971621,0.187963,0.802755,0.162241,0.586524,-0.461543,0.871142,0.060396,0.650377,0.266445,0.518403,0.175619,0.303258,-0.383782,0.526613,0.083843,0.446401,0.247339,0.367337,0.149408
T,Right,legacy_bisindo_2hand_T_26,0.000000,0.000000,-0.392319,-0.206095,-0.607879,-0.417178,-0.744694,-0.592648,-0.849760,-0.730615,-0.373532,-0.999647,-0.510774,-1.364969,-0.576660,-1.625153,-0.614699,-1.838581,-0.184290,-0.982872,-0.706894,-0.888264,-0.724914,-0.610988,-0.575231,-0.568603,-0.060602,-0.845575,-0.595328,-0.629851,-0.566573,-0.428515,-0.422233,-0.424474,-0.004272,-0.657760,-0.436168,-0.500294,-0.414795,-0.358527,-0.279874,-0.352437,0.000000,0.000000,0.481445,0.048233,0.792205,-0.021405,1.031380,-0.034555,1.221087,-0.093086,0.951371,-0.657903,1.416886,-0.726964,1.785243,-0.778011,2.059932,-0.835251,0.678877,-0.734252,1.135074,-0.406489,0.952037,-0.131617,0.776506,-0.087298,0.382716,-0.656036,0.812774,-0.216678,0.630425,0.038386,0.462699,-0.010138,0.114333,-0.514924,0.438044,-0.127289,0.408767,0.083728,0.310336,0.045113
T,Right,legacy_bisindo_2hand_T_27,0.000000,0.000000,0.455929,-0.108430,0.718546,-0.342398,0.884273,-0.511893,0.968157,-0.663742,0.478634,-0.976223,0.613150,-1.372828,0.700685,-1.655580,0.739944,-1.912578,0.294587,-0.955625,0.869887,-0.871808,0.798555,-0.606907,0.653376,-0.557090,0.155060,-0.815763,0.700573,-0.576455,0.627242,-0.363397,0.493236,-0.387196,0.056126,-0.601023,0.492387,-0.473692,0.453888,-0.328980,0.317357,-0.336404,0.000000,0.000000,-0.513037,-0.065598,-0.856691,-0.140520,-1.098469,-0.131826,-1.276878,-0.189191,-0.867265,-0.792135,-1.387283,-0.830021,-1.700857,-0.866773,-1.951112,-0.921879,-0.596346,-0.802728,-1.141090,-0.505220,-0.968416,-0.174405,-0.773033,-0.194216,-0.331826,-0.674911,-0.841754,-0.318518,-0.722282,-0.072195,-0.546097,-0.133772,-0.117026,-0.484967,-0.530799,-0.205051,-0.516943,-0.035648,-0.398914,-0.078299
T,Right,legacy_bisindo_2hand_T_28,0.000000,0.000000,0.440061,0.226115,0.803378,0.279005,1.040744,0.345353,1.195869,0.358329,1.143314,-0.221422,1.588807,-0.126573,1.890497,-0.044387,2.149193,-0.014489,0.927517,-0.373781,1.223377,0.074644,0.959151,0.266442,0.801867,0.233376,0.637946,-0.387223,0.883362,0.133094,0.637161,0.309823,0.503905,0.210515,0.360033,-0.340427,0.538478,0.120238,0.444953,0.277043,0.377978,0.188738,0.000000,0.000000,-0.307596,-0.329972,-0.435334,-0.608417,-0.498933,-0.826233,-0.536645,-0.996386,-0.014754,-1.069952,0.001430,-1.459274,0.028535,-1.724991,0.061443,-1.940174,0.162748,-0.986668,-0.346924,-1.090834,-0.452574,-0.838449,-0.330523,-0.738227,0.234376,-0.813651,-0.338874,-0.791521,-0.380310,-0.592177,-0.247294,-0.536196,0.219261,-0.614445,-0.237835,-0.612636,-0.268199,-0.475408,-0.146059,-0.426478
T,Right,legacy_bisindo_2hand_T_29,0.000000,0.000000,0.455929,-0.108430,0.718546,-0.342398,0.884273,-0.511893,0.968157,-0.663742,0.478634,-0.976223,0.613150,-1.372828,0.700685,-1.655580,0.739944,-1.912578,0.294587,-0.955625,0.869887,-0.871808,0.798555,-0.606907,0.653376,-0.557090,0.155060,-0.815763,0.700573,-0.576455,0.627242,-0.363397,0.493236,-0.387196,0.056126,-0.601023,0.492387,-0.473692,0.453888,-0.328980,0.317357,-0.336404,0.000000,0.000000,-0.513037,-0.065598,-0.856691,-0.140520,-1.098469,-0.131826,-1.276878,-0.189191,-0.867265,-0.792135,-1.387283,-0.830021,-1.700857,-0.866773,-1.951112,-0.921879,-0.596346,-0.802728,-1.141090,-0.505220,-0.968416,-0.174405,-0.773033,-0.194216,-0.331826,-0.674911,-0.841754,-0.318518,-0.722282,-0.072195,-0.546097,-0.133772,-0.117026,-0.484967,-0.530799,-0.205051,-0.516943,-0.035648,-0.398914,-0.078299
T,Right,legacy_bisindo_2hand_T_30,0.000000,0.000000,-0.328661,-0.312905,-0.473041,-0.582497,-0.546625,-0.793427,-0.593349,-0.960357,-0.072462,-1.067618,-0.077527,-1.458353,-0.063073,-1.722715,-0.044536,-1.936748,0.108398,-0.994108,-0.408614,-1.065724,-0.497150,-0.812392,-0.371790,-0.720236,0.188568,-0.823106,-0.386991,-0.760277,-0.413943,-0.567332,-0.281244,-0.523330,0.183676,-0.620329,-0.274607,-0.583432,-0.293524,-0.447089,-0.169211,-0.407392,0.000000,0.000000,0.449185,0.191730,0.823048,0.227412,1.068396,0.282985,1.219959,0.273430,1.126769,-0.290777,1.587388,-0.223230,1.887854,-0.149899,2.149288,-0.132201,0.903045,-0.429545,1.236172,0.006122,0.982203,0.211713,0.826824,0.181099,0.614600,-0.423109,0.893967,0.081909,0.659785,0.269954,0.522224,0.180462,0.341181,-0.357136,0.556332,0.084015,0.474594,0.238873,0.407824,0.155688
T,Right,legacy_bisindo_2hand_T_31,0.000000,0.000000,-0.356838,-0.292098,-0.523746,-0.545103,-0.619501,-0.745608,-0.674724,-0.916807,-0.172481,-1.055815,-0.208501,-1.439132,-0.221891,-1.702624,-0.222633,-1.916543,0.005732,-0.999984,-0.509165,-1.035722,-0.581427,-0.778408,-0.449957,-0.696024,0.097452,-0.842180,-0.458109,-0.755267,-0.472240,-0.553512,-0.334443,-0.514224,0.110143,-0.646350,-0.335543,-0.590209,-0.348164,-0.452135,-0.220631,-0.420288,0.000000,0.000000,0.432834,0.138562,0.782724,0.131366,1.026206,0.162764,1.205801,0.138693,1.056187,-0.432582,1.514082,-0.414107,1.849511,-0.372588,2.119182,-0.382116,0.823274,-0.567644,1.178769,-0.145227,0.944260,0.076450,0.765840,0.053032,0.541126,-0.548427,0.835205,-0.045327,0.629086,0.150058,0.500712,0.059226,0.270182,-0.467660,0.504967,-0.023487,0.424525,0.138663,0.345449,0.056776
T,Right,legacy_bisindo_2hand_T_32,0.000000,0.000000,-0.397075,-0.176403,-0.619304,-0.383214,-0.764327,-0.557296,-0.887881,-0.669378,-0.411141,-0.983749,-0.561446,-1.346606,-0.636430,-1.602797,-0.683184,-1.819792,-0.217856,-0.975981,-0.729145,-0.862416,-0.726479,-0.572576,-0.568079,-0.549126,-0.085160,-0.845126,-0.601964,-0.598157,-0.564276,-0.389202,-0.421443,-0.401130,-0.018484,-0.660261,-0.440556,-0.469529,-0.410345,-0.323911,-0.277941,-0.329020,0.000000,0.000000,0.510484,0.072617,0.845040,0.011278,1.092375,-0.012408,1.263235,-0.092973,0.960430,-0.663465,1.454527,-0.754814,1.829414,-0.821897,2.107555,-0.895436,0.682497,-0.730888,1.182551,-0.408924,1.004837,-0.125284,0.821776,-0.065418,0.375899,-0.632101,0.850240,-0.187698,0.665113,0.066958,0.484830,0.015228,0.110457,-0.465860,0.474622,-0.052942,0.437409,0.131751,0.322343,0.062531
T,Right,legacy_bisindo_2hand_T_33,0.000000,0.000000,-0.426906,-0.068721,-0.703447,-0.205600,-0.892625,-0.325700,-1.039084,-0.409459,-0.660568,-0.840300,-0.904695,-1.154839,-1.049103,-1.385208,-1.160825,-1.586018,-0.464929,-0.885348,-0.927641,-0.629569,-0.856079,-0.363058,-0.705943,-0.377043,-0.295454,-0.787899,-0.735109,-0.410597,-0.646787,-0.231488,-0.515641,-0.273300,-0.178345,-0.621987,-0.545386,-0.327234,-0.477606,-0.201649,-0.348816,-0.240797,0.000000,0.000000,0.505631,-0.101359,0.786570,-0.243676,0.988846,-0.331487,1.177805,-0.471217,0.706415,-0.944555,1.148137,-1.165553,1.501656,-1.351917,1.751645,-1.496701,0.412833,-0.910807,0.976450,-0.767630,0.875516,-0.437550,0.717055,-0.323319,0.141179,-0.727285,0.723303,-0.447449,0.618930,-0.159340,0.439560,-0.171532,-0.074442,-0.497912,0.373011,-0.219221,0.379391,-0.039120,0.237993,-0.086379
T,Right,legacy_bisindo_2hand_T_34,0.000000,0.000000,0.441579,0.207106,0.808246,0.254378,1.045630,0.318139,1.197474,0.328381,1.133805,-0.244300,1.583981,-0.159738,1.882805,-0.080952,2.142015,-0.056980,0.920702,-0.390265,1.223266,0.050526,0.966424,0.249439,0.811762,0.218181,0.635493,-0.396792,0.886864,0.115755,0.646100,0.294831,0.511813,0.199658,0.359214,-0.342755,0.548540,0.107865,0.458023,0.260135,0.390495,0.171827,0.000000,0.000000,-0.315626,-0.331855,-0.450305,-0.603594,-0.517177,-0.814141,-0.559462,-0.994977,-0.041955,-1.067938,-0.032082,-1.463590,-0.011256,-1.729733,0.012647,-1.945027,0.134037,-0.990976,-0.377625,-1.081762,-0.476038,-0.836006,-0.357020,-0.734414,0.206209,-0.821300,-0.368031,-0.782371,-0.398032,-0.587020,-0.264558,-0.531872,0.194968,-0.624250,-0.260905,-0.610142,-0.283873,-0.472362,-0.159424,-0.423913
T,Right,legacy_bisindo_2hand_T_35,0.000000,0.000000,-0.428174,0.013070,-0.726223,-0.081680,-0.935658,-0.192754,-1.073500,-0.276465,-0.760627,-0.761053,-1.034978,-1.047070,-1.204103,-1.263898,-1.337213,-1.456995,-0.561503,-0.827474,-1.017666,-0.525538,-0.888607,-0.243568,-0.732625,-0.295985,-0.372074,-0.751105,-0.767662,-0.304215,-0.648209,-0.109983,-0.518868,-0.185418,-0.220123,-0.588546,-0.555040,-0.239558,-0.472631,-0.114398,-0.349307,-0.179194,0.000000,0.000000,0.406835,-0.128440,0.679693,-0.337877,0.900488,-0.457615,1.021081,-0.607896,0.551009,-0.994014,0.931995,-1.264417,1.238317,-1.453554,1.454251,-1.628873,0.259074,-0.965858,0.839180,-0.851625,0.775653,-0.519658,0.614247,-0.419787,0.030015,-0.780039,0.626345,-0.543339,0.571100,-0.246284,0.402820,-0.241740,-0.142036,-0.535765,0.356590,-0.311601,0.388861,-0.119551,0.258703,-0.132298
T,Right,legacy_bisindo_2hand_T_36,0.000000,0.000000,0.455929,-0.108430,0.718546,-0.342398,0.884273,-0.511893,0.968157,-0.663742,0.478634,-0.976223,0.613150,-1.372828,0.700685,-1.655580,0.739944,-1.912578,0.294587,-0.955625,0.869887,-0.871808,0.798555,-0.606907,0.653376,-0.557090,0.155060,-0.815763,0.700573,-0.576455,0.627242,-0.363397,0.493236,-0.387196,0.056126,-0.601023,0.492387,-0.473692,0.453888,-0.328980,0.317357,-0.336404,0.000000,0.000000,-0.513037,-0.065598,-0.856691,-0.140520,-1.098469,-0.131826,-1.276878,-0.189191,-0.867265,-0.792135,-1.387283,-0.830021,-1.700857,-0.866773,-1.951112,-0.921879,-0.596346,-0.802728,-1.141090,-0.505220,-0.968416,-0.174405,-0.773033,-0.194216,-0.331826,-0.674911,-0.841754,-0.318518,-0.722282,-0.072195,-0.546097,-0.133772,-0.117026,-0.484967,-0.530799,-0.205051,-0.516943,-0.035648,-0.398914,-0.078299
T,Right,legacy_bisindo_2hand_T_37,0.000000,0.000000,0.455929,-0.108430,0.718546,-0.342398,0.884273,-0.511893,0.968157,-0.663742,0.478634,-0.976223,0.613150,-1.372828,0.700685,-1.655580,0.739944,-1.912578,0.294587,-0.955625,0.869887,-0.871808,0.798555,-0.606907,0.653376,-0.557090,0.155060,-0.815763,0.700573,-0.576455,0.627242,-0.363397,0.493236,-0.387196,0.056126,-0.601023,0.492387,-0.473692,0.453888,-0.328980,0.317357,-0.336404,0.000000,0.000000,-0.513037,-0.065598,-0.856691,-0.140520,-1.098469,-0.131826,-1.276878,-0.189191,-0.867265,-0.792135,-1.387283,-0.830021,-1.700857,-0.866773,-1.951112,-0.921879,-0.596346,-0.802728,-1.141090,-0.505220,-0.968416,-0.174405,-0.773033,-0.194216,-0.331826,-0.674911,-0.841754,-0.318518,-0.722282,-0.072195,-0.546097,-0.133772,-0.117026,-0.484967,-0.530799,-0.205051,-0.516943,-0.035648,-0.398914,-0.078299
T,Right,legacy_bisindo_2hand_T_38,0.000000,0.000000,-0.410942,-0.061058,-0.692470,-0.201118,-0.886606,-0.335279,-1.023142,-0.423553,-0.655718,-0.844251,-0.901018,-1.161243,-1.038976,-1.392963,-1.142219,-1.597969,-0.453064,-0.891478,-0.922340,-0.635797,-0.844382,-0.362768,-0.690658,-0.383897,-0.279801,-0.791992,-0.725280,-0.406890,-0.631605,-0.222305,-0.498366,-0.268709,-0.162854,-0.622452,-0.534339,-0.323316,-0.457238,-0.193885,-0.322676,-0.235501,0.000000,0.000000,0.421537,-0.074774,0.721952,-0.240849,0.963181,-0.343616,1.107996,-0.478292,0.668928,-0.906103,1.078791,-1.135052,1.413095,-1.287688,1.660661,-1.431630,0.381412,-0.924405,0.935119,-0.750496,0.845197,-0.424090,0.687020,-0.332779,0.130699,-0.763436,0.680213,-0.451948,0.597663,-0.158014,0.426764,-0.164802,-0.072219,-0.544854,0.395407,-0.232861,0.396609,-0.040410,0.262662,-0.075817
T,Right,legacy_bisindo_2hand_T_39,0.000000,0.000000,0.455929,-0.108430,0.718546,-0.342398,0.884273,-0.511893,0.968157,-0.663742,0.478634,-0.976223,0.613150,-1.372828,0.700685,-1.655580,0.739944,-1.912578,0.294587,-0.955625,0.869887,-0.871808,0.798555,-0.606907,0.653376,-0.557090,0.155060,-0.815763,0.700573,-0.576455,0.627242,-0.363397,0.493236,-0.387196,0.056126,-0.601023,0.492387,-0.473692,0.453888,-0.328980,0.317357,-0.336404,0.000000,0.000000,-0.513037,-0.065598,-0.856691,-0.140520,-1.098469,-0.131826,-1.276878,-0.189191,-0.867265,-0.792135,-1.387283,-0.830021,-1.700857,-0.866773,-1.951112,-0.921879,-0.596346,-0.802728,-1.141090,-0.505220,-0.968416,-0.174405,-0.773033,-0.194216,-0.331826,-0.674911,-0.841754,-0.318518,-0.722282,-0.072195,-0.546097,-0.133772,-0.117026,-0.484967,-0.530799,-0.205051,-0.516943,-0.035648,-0.398914,-0.078299
T,Right,legacy_bisindo_2hand_T_40,0.000000,0.000000,0.455929,-0.108430,0.718546,-0.342398,0.884273,-0.511893,0.968157,-0.663742,0.478634,-0.976223,0.613150,-1.372828,0.700685,-1.655580,0.739944,-1.912578,0.294587,-0.955625,0.869887,-0.871808,0.798555,-0.606907,0.653376,-0.557090,0.155060,-0.815763,0.700573,-0.576455,0.627242,-0.363397,0.493236,-0.387196,0.056126,-0.601023,0.492387,-0.473692,0.453888,-0.328980,0.317357,-0.336404,0.000000,0.000000,-0.513037,-0.065598,-0.856691,-0.140520,-1.098469,-0.131826,-1.276878,-0.189191,-0.867265,-0.792135,-1.387283,-0.830021,-1.700857,-0.866773,-1.951112,-0.921879,-0.596346,-0.802728,-1.141090,-0.505220,-0.968416,-0.174405,-0.773033,-0.194216,-0.331826,-0.674911,-0.841754,-0.318518,-0.722282,-0.072195,-0.546097,-0.133772,-0.117026,-0.484967,-0.530799,-0.205051,-0.516943,-0.035648,-0.398914,-0.078299
T,Right,legacy_bisindo_2hand_T_41,0.000000,0.000000,-0.404859,-0.146374,-0.648370,-0.345375,-0.812623,-0.516886,-0.922746,-0.635551,-0.457955,-0.967093,-0.617992,-1.334419,-0.698941,-1.592851,-0.750329,-1.814655,-0.253712,-0.967280,-0.771743,-0.829324,-0.753094,-0.532915,-0.590538,-0.516809,-0.107571,-0.835199,-0.626169,-0.549064,-0.575390,-0.339366,-0.427990,-0.360218,-0.028465,-0.643278,-0.457302,-0.425674,-0.418439,-0.280641,-0.280821,-0.295374,0.000000,0.000000,0.583165,0.045351,0.906975,-0.010856,1.112332,-0.055454,1.324068,-0.122441,0.977768,-0.721186,1.482824,-0.831986,1.875666,-0.935752,2.145044,-1.028457,0.681274,-0.732029,1.212235,-0.479878,1.016913,-0.206074,0.821015,-0.141461,0.357947,-0.608600,0.879236,-0.226759,0.688786,0.025665,0.513800,-0.024311,0.093257,-0.426234,0.469858,-0.068898,0.426724,0.115472,0.297897,0.049817
T,Right,legacy_bisindo_2hand_T_42,0.000000,0.000000,-0.405398,-0.064520,-0.684906,-0.208004,-0.876224,-0.341756,-1.020025,-0.430887,-0.635938,-0.856639,-0.884586,-1.172968,-1.023751,-1.402377,-1.128773,-1.609828,-0.435150,-0.900358,-0.908511,-0.644242,-0.832420,-0.362286,-0.678104,-0.382508,-0.266003,-0.797664,-0.715848,-0.411708,-0.619852,-0.219605,-0.482984,-0.264172,-0.152620,-0.627520,-0.527139,-0.329900,-0.447658,-0.195963,-0.309351,-0.233918,0.000000,0.000000,0.460812,-0.071102,0.754359,-0.224112,0.982681,-0.316321,1.134492,-0.463191,0.694963,-0.920196,1.121941,-1.138917,1.476373,-1.304277,1.727556,-1.447663,0.398610,-0.917120,0.958956,-0.748319,0.849944,-0.410352,0.687358,-0.308969,0.129685,-0.747707,0.696331,-0.436877,0.602461,-0.145423,0.430343,-0.159879,-0.089913,-0.520200,0.358792,-0.219283,0.366066,-0.035243,0.233992,-0.085002
T,Right,legacy_bisindo_2hand_T_43,0.000000,0.000000,0.455929,-0.108430,0.718546,-0.342398,0.884273,-0.511893,0.968157,-0.663742,0.478634,-0.976223,0.613150,-1.372828,0.700685,-1.655580,0.739944,-1.912578,0.294587,-0.955625,0.869887,-0.871808,0.798555,-0.606907,0.653376,-0.557090,0.155060,-0.815763,0.700573,-0.576455,0.627242,-0.363397,0.493236,-0.387196,0.056126,-0.601023,0.492387,-0.473692,0.453888,-0.328980,0.317357,-0.336404,0.000000,0.000000,-0.513037,-0.065598,-0.856691,-0.140520,-1.098469,-0.131826,-1.276878,-0.189191,-0.867265,-0.792135,-1.387283,-0.830021,-1.700857,-0.866773,-1.951112,-0.921879,-0.596346,-0.802728,-1.141090,-0.505220,-0.968416,-0.174405,-0.773033,-0.194216,-0.331826,-0.674911,-0.841754,-0.318518,-0.722282,-0.072195,-0.546097,-0.133772,-0.117026,-0.484967,-0.530799,-0.205051,-0.516943,-0.035648,-0.398914,-0.078299
T,Right,legacy_bisindo_2hand_T_44,0.000000,0.000000,0.455929,-0.108430,0.718546,-0.342398,0.884273,-0.511893,0.968157,-0.663742,0.478634,-0.976223,0.613150,-1.372828,0.700685,-1.655580,0.739944,-1.912578,0.294587,-0.955625,0.869887,-0.871808,0.798555,-0.606907,0.653376,-0.557090,0.155060,-0.815763,0.700573,-0.576455,0.627242,-0.363397,0.493236,-0.387196,0.056126,-0.601023,0.492387,-0.473692,0.453888,-0.328980,0.317357,-0.336404,0.000000,0.000000,-0.513037,-0.065598,-0.856691,-0.140520,-1.098469,-0.131826,-1.276878,-0.189191,-0.867265,-0.792135,-1.387283,-0.830021,-1.700857,-0.866773,-1.951112,-0.921879,-0.596346,-0.802728,-1.141090,-0.505220,-0.968416,-0.174405,-0.773033,-0.194216,-0.331826,-0.674911,-0.841754,-0.318518,-0.722282,-0.072195,-0.546097,-0.133772,-0.117026,-0.484967,-0.530799,-0.205051,-0.516943,-0.035648,-0.398914,-0.078299
T,Right,legacy_bisindo_2hand_T_45,0.000000,0.000000,-0.435407,0.040720,-0.745435,-0.054537,-0.964227,-0.164996,-1.100760,-0.237892,-0.801149,-0.727457,-1.078761,-1.006753,-1.255186,-1.216492,-1.393663,-1.403236,-0.604306,-0.796752,-1.044630,-0.487719,-0.906733,-0.209026,-0.755291,-0.256542,-0.412144,-0.727419,-0.792837,-0.271628,-0.665879,-0.076664,-0.537636,-0.148460,-0.254395,-0.570268,-0.575195,-0.216677,-0.488062,-0.089033,-0.367590,-0.153954,0.000000,0.000000,0.000000,0.000000,0.000000,0.000000,0.000000,0.000000,0.000000,0.000000,0.000000,0.000000,0.000000,0.000000,0.000000,0.000000,0.000000,0.000000,0.000000,0.000000,0.000000,0.000000,0.000000,0.000000,0.000000,0.000000,0.000000,0.000000,0.000000,0.000000,0.000000,0.000000,0.000000,0.000000,0.000000,0.000000,0.000000,0.000000,0.000000,0.000000,0.000000,0.000000
T,Right,legacy_bisindo_2hand_T_46,0.000000,0.000000,0.455929,-0.108430,0.718546,-0.342398,0.884273,-0.511893,0.968157,-0.663742,0.478634,-0.976223,0.613150,-1.372828,0.700685,-1.655580,0.739944,-1.912578,0.294587,-0.955625,0.869887,-0.871808,0.798555,-0.606907,0.653376,-0.557090,0.155060,-0.815763,0.700573,-0.576455,0.627242,-0.363397,0.493236,-0.387196,0.056126,-0.601023,0.492387,-0.473692,0.453888,-0.328980,0.317357,-0.336404,0.000000,0.000000,-0.513037,-0.065598,-0.856691,-0.140520,-1.098469,-0.131826,-1.276878,-0.189191,-0.867265,-0.792135,-1.387283,-0.830021,-1.700857,-0.866773,-1.951112,-0.921879,-0.596346,-0.802728,-1.141090,-0.505220,-0.968416,-0.174405,-0.773033,-0.194216,-0.331826,-0.674911,-0.841754,-0.318518,-0.722282,-0.072195,-0.546097,-0.133772,-0.117026,-0.484967,-0.530799,-0.205051,-0.516943,-0.035648,-0.398914,-0.078299
T,Right,legacy_bisindo_2hand_T_47,0.000000,0.000000,-0.359252,-0.280550,-0.532249,-0.526881,-0.630121,-0.721513,-0.704286,-0.889111,-0.209695,-1.045673,-0.258346,-1.431918,-0.279678,-1.689889,-0.287714,-1.904865,-0.027579,-0.999620,-0.542653,-0.997562,-0.601362,-0.753463,-0.471651,-0.682636,0.068392,-0.846597,-0.482771,-0.713778,-0.478830,-0.522671,-0.338801,-0.494932,0.089149,-0.655782,-0.351987,-0.563715,-0.355154,-0.427778,-0.226017,-0.406435,0.000000,0.000000,0.420635,0.125424,0.775818,0.105332,1.028749,0.120833,1.203418,0.091669,1.027949,-0.479490,1.490173,-0.484997,1.832461,-0.448839,2.102396,-0.465425,0.790461,-0.612513,1.171621,-0.193586,0.949977,0.048725,0.771256,0.029031,0.506628,-0.580939,0.820865,-0.080705,0.623137,0.132145,0.489321,0.042120,0.238555,-0.486359,0.495729,-0.036238,0.418917,0.131510,0.335518,0.047697
T,Right,legacy_bisindo_2hand_T_48,0.000000,0.000000,0.455929,-0.108430,0.718546,-0.342398,0.884273,-0.511893,0.968157,-0.663742,0.478634,-0.976223,0.613150,-1.372828,0.700685,-1.655580,0.739944,-1.912578,0.294587,-0.955625,0.869887,-0.871808,0.798555,-0.606907,0.653376,-0.557090,0.155060,-0.815763,0.700573,-0.576455,0.627242,-0.363397,0.493236,-0.387196,0.056126,-0.601023,0.492387,-0.473692,0.453888,-0.328980,0.317357,-0.336404,0.000000,0.000000,-0.513037,-0.065598,-0.856691,-0.140520,-1.098469,-0.131826,-1.276878,-0.189191,-0.867265,-0.792135,-1.387283,-0.830021,-1.700857,-0.866773,-1.951112,-0.921879,-0.596346,-0.802728,-1.141090,-0.505220,-0.968416,-0.174405,-0.773033,-0.194216,-0.331826,-0.674911,-0.841754,-0.318518,-0.722282,-0.072195,-0.546097,-0.133772,-0.117026,-0.484967,-0.530799,-0.205051,-0.516943,-0.035648,-0.398914,-0.078299
T,Right,legacy_bisindo_2hand_T_49,0.000000,0.000000,0.455929,-0.108430,0.718546,-0.342398,0.884273,-0.511893,0.968157,-0.663742,0.478634,-0.976223,0.613150,-1.372828,0.700685,-1.655580,0.739944,-1.912578,0.294587,-0.955625,0.869887,-0.871808,0.798555,-0.606907,0.653376,-0.557090,0.155060,-0.815763,0.700573,-0.576455,0.627242,-0.363397,0.493236,-0.387196,0.056126,-0.601023,0.492387,-0.473692,0.453888,-0.328980,0.317357,-0.336404,0.000000,0.000000,-0.513037,-0.065598,-0.856691,-0.140520,-1.098469,-0.131826,-1.276878,-0.189191,-0.867265,-0.792135,-1.387283,-0.830021,-1.700857,-0.866773,-1.951112,-0.921879,-0.596346,-0.802728,-1.141090,-0.505220,-0.968416,-0.174405,-0.773033,-0.194216,-0.331826,-0.674911,-0.841754,-0.318518,-0.722282,-0.072195,-0.546097,-0.133772,-0.117026,-0.484967,-0.530799,-0.205051,-0.516943,-0.035648,-0.398914,-0.078299
T,Right,legacy_bisindo_2hand_T_50,0.000000,0.000000,-0.420195,-0.063625,-0.699426,-0.202121,-0.893061,-0.330130,-1.039386,-0.415299,-0.658944,-0.843178,-0.906037,-1.162471,-1.046095,-1.394035,-1.150983,-1.599269,-0.458102,-0.888900,-0.926703,-0.632024,-0.849276,-0.359685,-0.695888,-0.381157,-0.287171,-0.790585,-0.730949,-0.406887,-0.637886,-0.222901,-0.505087,-0.270554,-0.170846,-0.623579,-0.540015,-0.321474,-0.465170,-0.192329,-0.332889,-0.236276,0.000000,0.000000,0.479179,-0.094859,0.762193,-0.247744,0.975231,-0.341077,1.153893,-0.467024,0.706983,-0.926544,1.138832,-1.143580,1.482669,-1.318809,1.730695,-1.459754,0.416243,-0.909253,0.963375,-0.762374,0.860466,-0.431928,0.700882,-0.323563,0.151234,-0.736969,0.713653,-0.450343,0.612576,-0.143901,0.436899,-0.148158,-0.056081,-0.512662,0.391554,-0.215662,0.394115,-0.020239,0.251422,-0.061036
T,Right,legacy_bisindo_2hand_T_51,0.000000,0.000000,-0.359060,-0.270889,-0.544237,-0.504720,-0.653975,-0.689808,-0.735160,-0.851309,-0.253396,-1.034144,-0.335572,-1.416496,-0.378683,-1.670712,-0.405228,-1.882810,-0.071343,-0.997452,-0.584996,-0.963168,-0.632086,-0.724492,-0.506275,-0.653393,0.030647,-0.847592,-0.512539,-0.693171,-0.498925,-0.507386,-0.361808,-0.481379,0.062299,-0.657078,-0.369400,-0.549206,-0.365721,-0.415499,-0.237527,-0.395203,0.000000,0.000000,0.438214,0.096684,0.778263,0.058710,1.029073,0.070195,1.210079,0.023683,0.995636,-0.542083,1.455150,-0.570783,1.802798,-0.562899,2.071981,-0.592004,0.744867,-0.667213,1.171199,-0.287061,0.951774,-0.038394,0.765190,-0.032134,0.457074,-0.624375,0.822644,-0.137397,0.628043,0.092322,0.477044,0.019647,0.187463,-0.517491,0.475785,-0.073882,0.418345,0.113644,0.331076,0.047499
T,Right,legacy_bisindo_2hand_T_52,0.000000,0.000000,-0.431019,-0.019013,-0.724951,-0.134689,-0.932273,-0.250308,-1.069692,-0.331123,-0.720323,-0.797035,-0.986365,-1.097875,-1.139249,-1.322461,-1.253232,-1.523950,-0.520045,-0.854139,-0.979090,-0.559635,-0.873394,-0.282347,-0.716302,-0.320408,-0.337145,-0.764814,-0.755616,-0.332593,-0.647421,-0.145840,-0.511961,-0.207269,-0.201611,-0.597927,-0.554867,-0.262809,-0.475604,-0.138754,-0.346076,-0.194933,0.000000,0.000000,0.407820,-0.098283,0.699710,-0.285796,0.930064,-0.405316,1.071678,-0.549969,0.595978,-0.953066,0.988412,-1.211484,1.317352,-1.387540,1.558982,-1.553272,0.302333,-0.953202,0.880095,-0.812012,0.805392,-0.474018,0.645376,-0.373870,0.057667,-0.772510,0.635583,-0.487051,0.571661,-0.194654,0.401393,-0.201147,-0.136722,-0.534514,0.357505,-0.261736,0.372452,-0.071355,0.238760,-0.101822
T,Right,legacy_bisindo_2hand_T_53,0.000000,0.000000,0.455929,-0.108430,0.718546,-0.342398,0.884273,-0.511893,0.968157,-0.663742,0.478634,-0.976223,0.613150,-1.372828,0.700685,-1.655580,0.739944,-1.912578,0.294587,-0.955625,0.869887,-0.871808,0.798555,-0.606907,0.653376,-0.557090,0.155060,-0.815763,0.700573,-0.576455,0.627242,-0.363397,0.493236,-0.387196,0.056126,-0.601023,0.492387,-0.473692,0.453888,-0.328980,0.317357,-0.336404,0.000000,0.000000,-0.513037,-0.065598,-0.856691,-0.140520,-1.098469,-0.131826,-1.276878,-0.189191,-0.867265,-0.792135,-1.387283,-0.830021,-1.700857,-0.866773,-1.951112,-0.921879,-0.596346,-0.802728,-1.141090,-0.505220,-0.968416,-0.174405,-0.773033,-0.194216,-0.331826,-0.674911,-0.841754,-0.318518,-0.722282,-0.072195,-0.546097,-0.133772,-0.117026,-0.484967,-0.530799,-0.205051,-0.516943,-0.035648,-0.398914,-0.078299
T,Right,legacy_bisindo_2hand_T_54,0.000000,0.000000,-0.412581,-0.301578,-0.803187,-0.576853,-1.221849,-0.635293,-1.572598,-0.644876,-0.466204,-1.146721,-0.761559,-1.630413,-0.917089,-1.953288,-0.983797,-2.245352,-0.234422,-0.972135,-1.063031,-1.064684,-1.251578,-0.661165,-1.139769,-0.454307,-0.127537,-0.648630,-0.965460,-0.533540,-1.042355,-0.255356,-0.840754,-0.186284,-0.089204,-0.291085,-0.770636,-0.186357,-0.852603,-0.027891,-0.684029,-0.013551,0.000000,0.000000,0.000000,0.000000,0.000000,0.000000,0.000000,0.000000,0.000000,0.000000,0.000000,0.000000,0.000000,0.000000,0.000000,0.000000,0.000000,0.000000,0.000000,0.000000,0.000000,0.000000,0.000000,0.000000,0.000000,0.000000,0.000000,0.000000,0.000000,0.000000,0.000000,0.000000,0.000000,0.000000,0.000000,0.000000,0.000000,0.000000,0.000000,0.000000,0.000000,0.000000
T,Right,legacy_bisindo_2hand_T_55,0.000000,0.000000,-0.399056,-0.314863,-0.812282,-0.589793,-1.268906,-0.609500,-1.604571,-0.580660,-0.521119,-1.150971,-0.841174,-1.648302,-0.980358,-1.992402,-1.013541,-2.326943,-0.263978,-0.964529,-1.113635,-1.049333,-1.317897,-0.643375,-1.224200,-0.444653,-0.140924,-0.617786,-1.022014,-0.512178,-1.102022,-0.224176,-0.888074,-0.148600,-0.093452,-0.236757,-0.834838,-0.151146,-0.910213,0.019196,-0.714201,0.035518,0.000000,0.000000,0.000000,0.000000,0.000000,0.000000,0.000000,0.000000,0.000000,0.000000,0.000000,0.000000,0.000000,0.000000,0.000000,0.000000,0.000000,0.000000,0.000000,0.000000,0.000000,0.000000,0.000000,0.000000,0.000000,0.000000,0.000000,0.000000,0.000000,0.000000,0.000000,0.000000,0.000000,0.000000,0.000000,0.000000,0.000000,0.000000,0.000000,0.000000,0.000000,0.000000
T,Right,legacy_bisindo_2hand_T_56,0.000000,0.000000,-0.361549,-0.366968,-0.845198,-0.639405,-1.371838,-0.666949,-1.753999,-0.606611,-0.653939,-1.076342,-0.898377,-1.569362,-1.031933,-1.903033,-1.072233,-2.209727,-0.493687,-0.869640,-1.297273,-1.047316,-1.534683,-0.705444,-1.481566,-0.489647,-0.443670,-0.514892,-1.300781,-0.484280,-1.442012,-0.230896,-1.268837,-0.106307,-0.438536,-0.131771,-1.128969,-0.117204,-1.292727,-0.016186,-1.178733,0.028626,0.000000,0.000000,0.797626,-0.006909,2.155121,0.337720,3.408916,0.419175,4.455622,0.173067,1.918042,0.186162,2.520971,2.399516,2.072936,2.352510,1.740083,1.751488,0.919221,0.393741,1.436893,2.967159,0.985895,2.565705,0.779796,1.703832,-0.075953,0.677281,0.394353,3.107527,0.043527,2.607170,-0.136780,1.751300,-0.929925,0.991882,-0.496304,2.532062,-0.715292,2.177084,-0.915728,1.570266
T,Right,legacy_bisindo_2hand_T_57,0.000000,0.000000,-0.362046,-0.385060,-0.841824,-0.681996,-1.391114,-0.706072,-1.792494,-0.634532,-0.633330,-1.101571,-0.878656,-1.629851,-1.016385,-1.980513,-1.056312,-2.310366,-0.472539,-0.881310,-1.315751,-1.092375,-1.575213,-0.743157,-1.515824,-0.529407,-0.428070,-0.510040,-1.330628,-0.462331,-1.458719,-0.208327,-1.248108,-0.108367,-0.432568,-0.118713,-1.161033,-0.109527,-1.279105,-0.001282,-1.099574,0.030440,0.000000,0.000000,0.486885,0.145556,0.876477,0.529089,1.042694,0.954672,1.097709,1.211528,1.219385,0.208785,1.825610,0.230676,2.254118,0.265564,2.612426,0.228458,0.982560,0.185948,1.234505,1.142491,0.974041,1.158311,0.796906,0.927295,0.634258,0.309772,0.764726,1.275692,0.569904,1.150703,0.504427,0.861201,0.283634,0.525772,0.422110,1.222236,0.292682,1.087549,0.225141,0.826210
T,Right,legacy_bisindo_2hand_T_58,0.000000,0.000000,0.441836,0.096377,1.023887,0.432889,1.440960,0.708869,1.820219,0.754918,1.210389,0.196641,1.864281,0.395469,2.191016,0.389412,2.522631,0.299138,0.964901,0.262615,1.253470,1.309938,0.968576,1.293350,0.821564,1.044453,0.575689,0.414099,0.706130,1.468734,0.506517,1.300062,0.464519,0.967854,0.186470,0.638454,0.335250,1.389071,0.208920,1.226170,0.151585,0.955378,0.000000,0.000000,-0.402042,-0.377121,-0.936453,-0.644749,-1.469383,-0.619611,-1.821267,-0.468185,-0.777424,-1.013508,-1.049188,-1.494663,-1.167175,-1.836921,-1.198053,-2.149792,-0.596467,-0.802638,-1.409841,-0.946117,-1.667664,-0.619876,-1.657192,-0.396807,-0.530010,-0.453775,-1.405088,-0.374647,-1.518194,-0.131093,-1.336531,-0.031881,-0.518108,-0.076155,-1.278563,-0.017555,-1.376382,0.086560,-1.198221,0.111926
T,Right,legacy_bisindo_2hand_T_59,0.000000,0.000000,-0.388216,-0.170083,-0.618848,-0.385486,-0.769846,-0.563839,-0.883579,-0.677408,-0.407441,-0.988377,-0.557159,-1.355661,-0.631275,-1.613801,-0.676856,-1.833568,-0.207041,-0.978332,-0.716561,-0.861441,-0.716184,-0.574587,-0.561963,-0.552640,-0.070882,-0.840857,-0.592067,-0.598725,-0.555050,-0.389821,-0.413089,-0.396721,-0.004860,-0.649934,-0.435187,-0.465214,-0.405259,-0.319951,-0.270942,-0.321124,0.000000,0.000000,0.501379,0.065386,0.822827,0.001294,1.062217,-0.023388,1.253835,-0.092023,0.951688,-0.668759,1.440043,-0.761821,1.815863,-0.832380,2.092438,-0.904442,0.677191,-0.735808,1.179116,-0.414382,1.004564,-0.136863,0.821769,-0.081261,0.375653,-0.644181,0.842502,-0.199919,0.657084,0.051035,0.479451,0.001003,0.109829,-0.485655,0.466563,-0.080099,0.424130,0.106675,0.307875,0.041139
T,Right,legacy_bisindo_2hand_T_60,0.000000,0.000000,0.392199,-0.277355,0.563061,-0.595937,0.658421,-0.807318,0.669704,-0.977198,0.123254,-1.090379,0.130059,-1.496697,0.108472,-1.781180,0.058288,-2.022550,-0.041716,-0.999130,0.516924,-1.100217,0.535580,-0.838283,0.424307,-0.745998,-0.124706,-0.828564,0.451800,-0.774238,0.446590,-0.554864,0.323332,-0.532327,-0.142872,-0.597092,0.304237,-0.596339,0.315984,-0.443779,0.187063,-0.407758,0.000000,0.000000,-0.498216,0.077803,-0.827439,0.087037,-1.039271,0.163501,-1.141796,0.148134,-1.031180,-0.482371,-1.501457,-0.366054,-1.798407,-0.309002,-2.047683,-0.285555,-0.796120,-0.605138,-1.182012,-0.131791,-0.938195,0.090612,-0.776820,0.009889,-0.520491,-0.590628,-0.840472,-0.065513,-0.660632,0.106276,-0.537648,-0.006357,-0.267738,-0.480573,-0.532651,-0.073423,-0.463622,0.089547,-0.381791,0.020991
T,Right,legacy_bisindo_2hand_T_61,0.000000,0.000000,0.439641,-0.249365,0.653902,-0.542949,0.776224,-0.733568,0.799204,-0.893963,0.274544,-1.069768,0.332486,-1.466780,0.350582,-1.744951,0.339947,-1.988584,0.106398,-0.994324,0.670149,-1.024210,0.656190,-0.762008,0.533066,-0.686321,0.005691,-0.833821,0.567161,-0.729169,0.537489,-0.518980,0.408646,-0.507541,-0.039067,-0.607238,0.380988,-0.597072,0.397533,-0.457617,0.284049,-0.423299,0.000000,0.000000,-0.490466,-0.002618,-0.829045,-0.030029,-1.061488,0.025513,-1.202017,0.027640,-0.977076,-0.607690,-1.476158,-0.551729,-1.788758,-0.526586,-2.065722,-0.527800,-0.718445,-0.695583,-1.174101,-0.270427,-0.945773,-0.019856,-0.767078,-0.076242,-0.447786,-0.637420,-0.848046,-0.158117,-0.680180,0.027003,-0.543431,-0.059231,-0.212398,-0.500781,-0.547870,-0.129044,-0.483557,0.018716,-0.392675,-0.040570
T,Right,legacy_bisindo_2hand_T_62,0.000000,0.000000,0.430441,-0.094875,0.704044,-0.332082,0.877002,-0.507403,0.980441,-0.668083,0.478589,-0.972361,0.618798,-1.391819,0.715186,-1.683550,0.757547,-1.944140,0.294010,-0.955802,0.870358,-0.879005,0.806439,-0.619499,0.664755,-0.567558,0.146603,-0.820517,0.690037,-0.564320,0.613518,-0.352129,0.483523,-0.376976,0.039787,-0.606631,0.482919,-0.462307,0.444152,-0.310617,0.309682,-0.317628,0.000000,0.000000,-0.461380,-0.079736,-0.801432,-0.175791,-1.048146,-0.171444,-1.206150,-0.212335,-0.816508,-0.819087,-1.308596,-0.864211,-1.616420,-0.902035,-1.858375,-0.952426,-0.559553,-0.828795,-1.086817,-0.517975,-0.938279,-0.192519,-0.756336,-0.205386,-0.308303,-0.697653,-0.803258,-0.335325,-0.686377,-0.098199,-0.524767,-0.154933,-0.102979,-0.499842,-0.516490,-0.224530,-0.485059,-0.059653,-0.369933,-0.103080
T,Right,legacy_bisindo_2hand_T_63,0.000000,0.000000,-0.388216,-0.170083,-0.618848,-0.385486,-0.769846,-0.563839,-0.883579,-0.677408,-0.407441,-0.988377,-0.557159,-1.355661,-0.631275,-1.613801,-0.676856,-1.833568,-0.207041,-0.978332,-0.716561,-0.861441,-0.716184,-0.574587,-0.561963,-0.552640,-0.070882,-0.840857,-0.592067,-0.598725,-0.555050,-0.389821,-0.413089,-0.396721,-0.004860,-0.649934,-0.435187,-0.465214,-0.405259,-0.319951,-0.270942,-0.321124,0.000000,0.000000,0.501379,0.065386,0.822827,0.001294,1.062217,-0.023388,1.253835,-0.092023,0.951688,-0.668759,1.440043,-0.761821,1.815863,-0.832380,2.092438,-0.904442,0.677191,-0.735808,1.179116,-0.414382,1.004564,-0.136863,0.821769,-0.081261,0.375653,-0.644181,0.842502,-0.199919,0.657084,0.051035,0.479451,0.001003,0.109829,-0.485655,0.466563,-0.080099,0.424130,0.106675,0.307875,0.041139
T,Right,legacy_bisindo_2hand_T_64,0.000000,0.000000,0.443762,-0.163102,0.677547,-0.423776,0.825908,-0.603063,0.909080,-0.766731,0.394014,-1.018275,0.506067,-1.413147,0.576667,-1.698551,0.599719,-1.956426,0.216296,-0.976328,0.785957,-0.941588,0.739296,-0.676987,0.596449,-0.620718,0.091567,-0.830769,0.636773,-0.658874,0.585272,-0.448211,0.452589,-0.457026,0.012803,-0.615149,0.443775,-0.532207,0.426894,-0.386899,0.294030,-0.381546,0.000000,0.000000,-0.458118,-0.067793,-0.784377,-0.144596,-1.007395,-0.133152,-1.155984,-0.144826,-0.857474,-0.746508,-1.321431,-0.759481,-1.617822,-0.777001,-1.851333,-0.811399,-0.612537,-0.790442,-1.075875,-0.448674,-0.909815,-0.145465,-0.734654,-0.166624,-0.365818,-0.692364,-0.791678,-0.294372,-0.660643,-0.075270,-0.510569,-0.137347,-0.158902,-0.524351,-0.515864,-0.219538,-0.475601,-0.059633,-0.374083,-0.102468
T,Right,legacy_bisindo_2hand_T_65,0.000000,0.000000,-0.388216,-0.170083,-0.618848,-0.385486,-0.769846,-0.563839,-0.883579,-0.677408,-0.407441,-0.988377,-0.557159,-1.355661,-0.631275,-1.613801,-0.676856,-1.833568,-0.207041,-0.978332,-0.716561,-0.861441,-0.716184,-0.574587,-0.561963,-0.552640,-0.070882,-0.840857,-0.592067,-0.598725,-0.555050,-0.389821,-0.413089,-0.396721,-0.004860,-0.649934,-0.435187,-0.465214,-0.405259,-0.319951,-0.270942,-0.321124,0.000000,0.000000,0.501379,0.065386,0.822827,0.001294,1.062217,-0.023388,1.253835,-0.092023,0.951688,-0.668759,1.440043,-0.761821,1.815863,-0.832380,2.092438,-0.904442,0.677191,-0.735808,1.179116,-0.414382,1.004564,-0.136863,0.821769,-0.081261,0.375653,-0.644181,0.842502,-0.199919,0.657084,0.051035,0.479451,0.001003,0.109829,-0.485655,0.466563,-0.080099,0.424130,0.106675,0.307875,0.041139
T,Right,legacy_bisindo_2hand_T_66,0.000000,0.000000,-0.388216,-0.170083,-0.618848,-0.385486,-0.769846,-0.563839,-0.883579,-0.677408,-0.407441,-0.988377,-0.557159,-1.355661,-0.631275,-1.613801,-0.676856,-1.833568,-0.207041,-0.978332,-0.716561,-0.861441,-0.716184,-0.574587,-0.561963,-0.552640,-0.070882,-0.840857,-0.592067,-0.598725,-0.555050,-0.389821,-0.413089,-0.396721,-0.004860,-0.649934,-0.435187,-0.465214,-0.405259,-0.319951,-0.270942,-0.321124,0.000000,0.000000,0.501379,0.065386,0.822827,0.001294,1.062217,-0.023388,1.253835,-0.092023,0.951688,-0.668759,1.440043,-0.761821,1.815863,-0.832380,2.092438,-0.904442,0.677191,-0.735808,1.179116,-0.414382,1.004564,-0.136863,0.821769,-0.081261,0.375653,-0.644181,0.842502,-0.199919,0.657084,0.051035,0.479451,0.001003,0.109829,-0.485655,0.466563,-0.080099,0.424130,0.106675,0.307875,0.041139
T,Right,legacy_bisindo_2hand_T_67,0.000000,0.000000,0.420491,0.006795,0.735897,-0.169290,0.936044,-0.310962,1.081225,-0.451526,0.653227,-0.858618,0.884479,-1.250500,1.043468,-1.530856,1.141440,-1.785194,0.456279,-0.889837,1.015991,-0.693235,0.901043,-0.449226,0.752043,-0.426129,0.274960,-0.790663,0.771437,-0.407197,0.647326,-0.213014,0.526108,-0.278362,0.118188,-0.605802,0.537379,-0.350325,0.456909,-0.203073,0.319056,-0.247186,0.000000,0.000000,-0.442842,-0.179148,-0.755628,-0.347910,-0.984092,-0.413777,-1.090247,-0.468756,-0.609394,-0.979931,-1.048811,-1.118345,-1.330403,-1.203984,-1.542879,-1.295511,-0.356075,-0.934457,-0.910091,-0.706926,-0.852016,-0.360375,-0.681453,-0.344136,-0.142008,-0.748293,-0.687696,-0.472877,-0.634507,-0.212948,-0.475951,-0.237038,0.010576,-0.511697,-0.442074,-0.321253,-0.445972,-0.156071,-0.326551,-0.179318
T,Right,legacy_bisindo_2hand_T_68,0.000000,0.000000,0.441753,-0.047380,0.744136,-0.251955,0.927753,-0.417390,1.044001,-0.574425,0.572239,-0.911879,0.765162,-1.327156,0.894841,-1.615312,0.969731,-1.873135,0.386501,-0.922289,0.951856,-0.792241,0.874507,-0.546367,0.735381,-0.500750,0.227107,-0.800203,0.760865,-0.475540,0.662603,-0.266361,0.530815,-0.300431,0.101408,-0.595244,0.540039,-0.413104,0.480147,-0.267252,0.340712,-0.282344,0.000000,0.000000,-0.463727,-0.133150,-0.788629,-0.262176,-1.033012,-0.285117,-1.175338,-0.335381,-0.733117,-0.895753,-1.209809,-0.997168,-1.503871,-1.068813,-1.735795,-1.146209,-0.476331,-0.879266,-1.028066,-0.634290,-0.916005,-0.292109,-0.736616,-0.283683,-0.241893,-0.723083,-0.769517,-0.421906,-0.681202,-0.171254,-0.516741,-0.207243,-0.066251,-0.508927,-0.498201,-0.273764,-0.487881,-0.105630,-0.372239,-0.137115
T,Right,legacy_bisindo_2hand_T_69,0.000000,0.000000,-0.388216,-0.170083,-0.618848,-0.385486,-0.769846,-0.563839,-0.883579,-0.677408,-0.407441,-0.988377,-0.557159,-1.355661,-0.631275,-1.613801,-0.676856,-1.833568,-0.207041,-0.978332,-0.716561,-0.861441,-0.716184,-0.574587,-0.561963,-0.552640,-0.070882,-0.840857,-0.592067,-0.598725,-0.555050,-0.389821,-0.413089,-0.396721,-0.004860,-0.649934,-0.435187,-0.465214,-0.405259,-0.319951,-0.270942,-0.321124,0.000000,0.000000,0.501379,0.065386,0.822827,0.001294,1.062217,-0.023388,1.253835,-0.092023,0.951688,-0.668759,1.440043,-0.761821,1.815863,-0.832380,2.092438,-0.904442,0.677191,-0.735808,1.179116,-0.414382,1.004564,-0.136863,0.821769,-0.081261,0.375653,-0.644181,0.842502,-0.199919,0.657084,0.051035,0.479451,0.001003,0.109829,-0.485655,0.466563,-0.080099,0.424130,0.106675,0.307875,0.041139
T,Right,legacy_bisindo_2hand_T_70,0.000000,0.000000,0.428765,0.039528,0.757244,-0.098169,0.974373,-0.213605,1.126033,-0.329801,0.751355,-0.776379,1.015699,-1.128535,1.198952,-1.380819,1.324476,-1.617389,0.563188,-0.826329,1.086190,-0.565281,0.942610,-0.352004,0.793574,-0.359318,0.376877,-0.749038,0.818545,-0.312675,0.675235,-0.146174,0.564208,-0.223225,0.197560,-0.585124,0.575431,-0.295274,0.481350,-0.160055,0.357597,-0.207084,0.000000,0.000000,-0.333591,-0.249898,-0.606988,-0.459601,-0.819755,-0.564327,-0.901847,-0.636858,-0.408630,-1.038514,-0.811154,-1.247370,-1.081675,-1.365100,-1.286600,-1.482888,-0.166287,-0.986077,-0.724012,-0.811661,-0.661909,-0.523655,-0.483735,-0.462403,0.005236,-0.790577,-0.554399,-0.561757,-0.489022,-0.344544,-0.334015,-0.349102,0.122523,-0.557011,-0.338798,-0.404624,-0.322564,-0.265496,-0.209931,-0.270084
T,Right,legacy_bisindo_2hand_T_71,0.000000,0.000000,0.442697,-0.087431,0.723611,-0.315523,0.895042,-0.483449,0.985526,-0.636409,0.509317,-0.958963,0.653950,-1.365241,0.748143,-1.653905,0.793805,-1.914913,0.323723,-0.946152,0.889688,-0.844308,0.816054,-0.590066,0.671743,-0.543333,0.173950,-0.812422,0.705263,-0.539089,0.621876,-0.330314,0.491536,-0.360130,0.062704,-0.598908,0.496679,-0.448142,0.448428,-0.302461,0.309889,-0.314889,0.000000,0.000000,-0.487675,-0.058836,-0.835411,-0.143096,-1.084293,-0.142460,-1.253646,-0.203804,-0.838165,-0.818143,-1.349389,-0.865720,-1.666516,-0.914806,-1.908205,-0.970825,-0.565296,-0.824888,-1.108342,-0.503100,-0.961676,-0.168332,-0.775536,-0.186134,-0.297588,-0.682747,-0.816929,-0.314881,-0.708446,-0.069686,-0.535505,-0.124506,-0.081226,-0.474702,-0.507691,-0.200396,-0.500479,-0.030666,-0.385650,-0.066950
T,Right,legacy_bisindo_2hand_T_72,0.000000,0.000000,0.437102,-0.046069,0.742179,-0.248630,0.925430,-0.413001,1.034224,-0.569147,0.573092,-0.910947,0.766052,-1.325865,0.894801,-1.613775,0.971006,-1.872969,0.386207,-0.922412,0.948759,-0.791909,0.872212,-0.549468,0.734060,-0.505872,0.224960,-0.800629,0.754721,-0.478705,0.658977,-0.274688,0.529099,-0.310378,0.097414,-0.597415,0.535802,-0.409845,0.474060,-0.266060,0.335203,-0.284700,0.000000,0.000000,-0.459900,-0.132400,-0.786283,-0.261245,-1.029689,-0.286264,-1.172275,-0.337793,-0.734923,-0.894098,-1.206607,-1.000531,-1.498696,-1.071629,-1.729289,-1.148769,-0.477283,-0.878750,-1.026384,-0.633685,-0.917003,-0.289058,-0.738582,-0.281971,-0.240204,-0.723044,-0.763820,-0.423109,-0.677917,-0.170018,-0.515062,-0.206287,-0.058748,-0.509024,-0.490101,-0.279124,-0.483140,-0.109409,-0.370388,-0.139151
T,Right,legacy_bisindo_2hand_T_73,0.000000,0.000000,0.451644,-0.067372,0.746207,-0.277143,0.930156,-0.445518,1.024002,-0.622115,0.538640,-0.934268,0.710279,-1.360496,0.825402,-1.658697,0.888305,-1.918034,0.351807,-0.936073,0.917970,-0.827491,0.848961,-0.566279,0.714245,-0.507566,0.196218,-0.808401,0.739373,-0.507155,0.647257,-0.282428,0.512703,-0.307422,0.078429,-0.594934,0.521591,-0.441050,0.472796,-0.289934,0.328832,-0.292498,0.000000,0.000000,-0.478966,-0.110415,-0.821864,-0.229383,-1.057243,-0.252127,-1.182289,-0.311782,-0.764806,-0.884120,-1.243149,-0.947300,-1.539260,-0.996347,-1.756074,-1.062612,-0.498842,-0.866693,-1.045469,-0.580262,-0.935787,-0.243007,-0.758260,-0.235740,-0.254606,-0.709409,-0.784871,-0.366931,-0.692916,-0.116301,-0.535322,-0.157857,-0.065070,-0.492821,-0.509023,-0.250793,-0.493421,-0.084236,-0.381653,-0.114757
T,Right,legacy_bisindo_2hand_T_74,0.000000,0.000000,-0.388216,-0.170083,-0.618848,-0.385486,-0.769846,-0.563839,-0.883579,-0.677408,-0.407441,-0.988377,-0.557159,-1.355661,-0.631275,-1.613801,-0.676856,-1.833568,-0.207041,-0.978332,-0.716561,-0.861441,-0.716184,-0.574587,-0.561963,-0.552640,-0.070882,-0.840857,-0.592067,-0.598725,-0.555050,-0.389821,-0.413089,-0.396721,-0.004860,-0.649934,-0.435187,-0.465214,-0.405259,-0.319951,-0.270942,-0.321124,0.000000,0.000000,0.501379,0.065386,0.822827,0.001294,1.062217,-0.023388,1.253835,-0.092023,0.951688,-0.668759,1.440043,-0.761821,1.815863,-0.832380,2.092438,-0.904442,0.677191,-0.735808,1.179116,-0.414382,1.004564,-0.136863,0.821769,-0.081261,0.375653,-0.644181,0.842502,-0.199919,0.657084,0.051035,0.479451,0.001003,0.109829,-0.485655,0.466563,-0.080099,0.424130,0.106675,0.307875,0.041139
T,Right,legacy_bisindo_2hand_T_75,0.000000,0.000000,-0.388216,-0.170083,-0.618848,-0.385486,-0.769846,-0.563839,-0.883579,-0.677408,-0.407441,-0.988377,-0.557159,-1.355661,-0.631275,-1.613801,-0.676856,-1.833568,-0.207041,-0.978332,-0.716561,-0.861441,-0.716184,-0.574587,-0.561963,-0.552640,-0.070882,-0.840857,-0.592067,-0.598725,-0.555050,-0.389821,-0.413089,-0.396721,-0.004860,-0.649934,-0.435187,-0.465214,-0.405259,-0.319951,-0.270942,-0.321124,0.000000,0.000000,0.501379,0.065386,0.822827,0.001294,1.062217,-0.023388,1.253835,-0.092023,0.951688,-0.668759,1.440043,-0.761821,1.815863,-0.832380,2.092438,-0.904442,0.677191,-0.735808,1.179116,-0.414382,1.004564,-0.136863,0.821769,-0.081261,0.375653,-0.644181,0.842502,-0.199919,0.657084,0.051035,0.479451,0.001003,0.109829,-0.485655,0.466563,-0.080099,0.424130,0.106675,0.307875,0.041139
T,Right,legacy_bisindo_2hand_T_76,0.000000,0.000000,0.449601,-0.172153,0.682827,-0.435160,0.824024,-0.612488,0.906247,-0.779837,0.387737,-1.025009,0.498888,-1.423050,0.564953,-1.708916,0.587159,-1.968267,0.211179,-0.977447,0.783711,-0.947683,0.741568,-0.680538,0.599218,-0.619103,0.087385,-0.829927,0.636640,-0.664852,0.587707,-0.450481,0.453508,-0.456212,0.010970,-0.610831,0.439716,-0.543985,0.434242,-0.397574,0.304782,-0.383972,0.000000,0.000000,-0.453933,-0.059500,-0.779719,-0.126771,-1.003595,-0.113045,-1.150766,-0.124034,-0.860708,-0.739138,-1.321092,-0.741793,-1.614176,-0.752881,-1.842367,-0.782706,-0.618738,-0.785597,-1.067984,-0.433240,-0.894577,-0.136365,-0.720109,-0.168720,-0.372253,-0.688022,-0.785465,-0.286500,-0.652757,-0.070129,-0.505947,-0.137018,-0.165341,-0.520386,-0.507944,-0.212198,-0.467027,-0.056934,-0.367932,-0.102954
T,Right,legacy_bisindo_2hand_T_77,0.000000,0.000000,-0.388216,-0.170083,-0.618848,-0.385486,-0.769846,-0.563839,-0.883579,-0.677408,-0.407441,-0.988377,-0.557159,-1.355661,-0.631275,-1.613801,-0.676856,-1.833568,-0.207041,-0.978332,-0.716561,-0.861441,-0.716184,-0.574587,-0.561963,-0.552640,-0.070882,-0.840857,-0.592067,-0.598725,-0.555050,-0.389821,-0.413089,-0.396721,-0.004860,-0.649934,-0.435187,-0.465214,-0.405259,-0.319951,-0.270942,-0.321124,0.000000,0.000000,0.501379,0.065386,0.822827,0.001294,1.062217,-0.023388,1.253835,-0.092023,0.951688,-0.668759,1.440043,-0.761821,1.815863,-0.832380,2.092438,-0.904442,0.677191,-0.735808,1.179116,-0.414382,1.004564,-0.136863,0.821769,-0.081261,0.375653,-0.644181,0.842502,-0.199919,0.657084,0.051035,0.479451,0.001003,0.109829,-0.485655,0.466563,-0.080099,0.424130,0.106675,0.307875,0.041139
T,Right,legacy_bisindo_2hand_T_78,0.000000,0.000000,-0.388216,-0.170083,-0.618848,-0.385486,-0.769846,-0.563839,-0.883579,-0.677408,-0.407441,-0.988377,-0.557159,-1.355661,-0.631275,-1.613801,-0.676856,-1.833568,-0.207041,-0.978332,-0.716561,-0.861441,-0.716184,-0.574587,-0.561963,-0.552640,-0.070882,-0.840857,-0.592067,-0.598725,-0.555050,-0.389821,-0.413089,-0.396721,-0.004860,-0.649934,-0.435187,-0.465214,-0.405259,-0.319951,-0.270942,-0.321124,0.000000,0.000000,0.501379,0.065386,0.822827,0.001294,1.062217,-0.023388,1.253835,-0.092023,0.951688,-0.668759,1.440043,-0.761821,1.815863,-0.832380,2.092438,-0.904442,0.677191,-0.735808,1.179116,-0.414382,1.004564,-0.136863,0.821769,-0.081261,0.375653,-0.644181,0.842502,-0.199919,0.657084,0.051035,0.479451,0.001003,0.109829,-0.485655,0.466563,-0.080099,0.424130,0.106675,0.307875,0.041139
T,Right,legacy_bisindo_2hand_T_79,0.000000,0.000000,-0.388216,-0.170083,-0.618848,-0.385486,-0.769846,-0.563839,-0.883579,-0.677408,-0.407441,-0.988377,-0.557159,-1.355661,-0.631275,-1.613801,-0.676856,-1.833568,-0.207041,-0.978332,-0.716561,-0.861441,-0.716184,-0.574587,-0.561963,-0.552640,-0.070882,-0.840857,-0.592067,-0.598725,-0.555050,-0.389821,-0.413089,-0.396721,-0.004860,-0.649934,-0.435187,-0.465214,-0.405259,-0.319951,-0.270942,-0.321124,0.000000,0.000000,0.501379,0.065386,0.822827,0.001294,1.062217,-0.023388,1.253835,-0.092023,0.951688,-0.668759,1.440043,-0.761821,1.815863,-0.832380,2.092438,-0.904442,0.677191,-0.735808,1.179116,-0.414382,1.004564,-0.136863,0.821769,-0.081261,0.375653,-0.644181,0.842502,-0.199919,0.657084,0.051035,0.479451,0.001003,0.109829,-0.485655,0.466563,-0.080099,0.424130,0.106675,0.307875,0.041139
T,Right,legacy_bisindo_2hand_T_80,0.000000,0.000000,-0.388216,-0.170083,-0.618848,-0.385486,-0.769846,-0.563839,-0.883579,-0.677408,-0.407441,-0.988377,-0.557159,-1.355661,-0.631275,-1.613801,-0.676856,-1.833568,-0.207041,-0.978332,-0.716561,-0.861441,-0.716184,-0.574587,-0.561963,-0.552640,-0.070882,-0.840857,-0.592067,-0.598725,-0.555050,-0.389821,-0.413089,-0.396721,-0.004860,-0.649934,-0.435187,-0.465214,-0.405259,-0.319951,-0.270942,-0.321124,0.000000,0.000000,0.501379,0.065386,0.822827,0.001294,1.062217,-0.023388,1.253835,-0.092023,0.951688,-0.668759,1.440043,-0.761821,1.815863,-0.832380,2.092438,-0.904442,0.677191,-0.735808,1.179116,-0.414382,1.004564,-0.136863,0.821769,-0.081261,0.375653,-0.644181,0.842502,-0.199919,0.657084,0.051035,0.479451,0.001003,0.109829,-0.485655,0.466563,-0.080099,0.424130,0.106675,0.307875,0.041139
T,Right,legacy_bisindo_2hand_T_81,0.000000,0.000000,-0.388216,-0.170083,-0.618848,-0.385486,-0.769846,-0.563839,-0.883579,-0.677408,-0.407441,-0.988377,-0.557159,-1.355661,-0.631275,-1.613801,-0.676856,-1.833568,-0.207041,-0.978332,-0.716561,-0.861441,-0.716184,-0.574587,-0.561963,-0.552640,-0.070882,-0.840857,-0.592067,-0.598725,-0.555050,-0.389821,-0.413089,-0.396721,-0.004860,-0.649934,-0.435187,-0.465214,-0.405259,-0.319951,-0.270942,-0.321124,0.000000,0.000000,0.501379,0.065386,0.822827,0.001294,1.062217,-0.023388,1.253835,-0.092023,0.951688,-0.668759,1.440043,-0.761821,1.815863,-0.832380,2.092438,-0.904442,0.677191,-0.735808,1.179116,-0.414382,1.004564,-0.136863,0.821769,-0.081261,0.375653,-0.644181,0.842502,-0.199919,0.657084,0.051035,0.479451,0.001003,0.109829,-0.485655,0.466563,-0.080099,0.424130,0.106675,0.307875,0.041139
T,Right,legacy_bisindo_2hand_T_82,0.000000,0.000000,0.406533,-0.278732,0.586806,-0.597508,0.687737,-0.803382,0.704263,-0.964607,0.169431,-1.089993,0.178835,-1.487821,0.167265,-1.763842,0.124874,-1.997746,0.007459,-0.999972,0.558585,-1.079884,0.571731,-0.817230,0.457499,-0.729521,-0.078360,-0.829083,0.484730,-0.772569,0.476141,-0.558617,0.348578,-0.537305,-0.103151,-0.598741,0.328925,-0.608094,0.347682,-0.465155,0.222613,-0.429990,0.000000,0.000000,-0.496322,0.078784,-0.826255,0.078610,-1.048339,0.155652,-1.160630,0.148232,-1.029758,-0.489988,-1.507178,-0.381814,-1.804680,-0.329500,-2.056045,-0.314237,-0.791626,-0.611006,-1.192807,-0.135624,-0.947482,0.091320,-0.780561,0.011500,-0.517458,-0.592136,-0.846479,-0.071921,-0.673776,0.107794,-0.550337,0.000658,-0.272915,-0.475953,-0.539500,-0.077586,-0.477698,0.088108,-0.397210,0.021989
T,Right,legacy_bisindo_2hand_T_83,0.000000,0.000000,0.457247,-0.142446,0.704147,-0.390518,0.853850,-0.566116,0.938493,-0.728508,0.428409,-1.003209,0.553611,-1.396752,0.628959,-1.676679,0.658027,-1.933694,0.249720,-0.968318,0.822147,-0.912986,0.771336,-0.653599,0.631255,-0.604350,0.120837,-0.825944,0.675560,-0.619173,0.613345,-0.406551,0.476894,-0.423217,0.036398,-0.610242,0.472342,-0.519384,0.452145,-0.370009,0.323608,-0.360026,0.000000,0.000000,-0.470696,-0.061097,-0.804517,-0.138391,-1.039028,-0.129990,-1.187652,-0.171209,-0.860491,-0.757023,-1.340439,-0.776464,-1.642468,-0.794892,-1.889828,-0.833091,-0.607176,-0.794568,-1.105199,-0.461475,-0.934173,-0.160273,-0.752959,-0.186404,-0.355153,-0.689733,-0.813219,-0.299270,-0.685503,-0.076906,-0.530380,-0.142735,-0.146901,-0.512470,-0.526256,-0.212022,-0.491744,-0.049541,-0.386041,-0.096195
T,Right,legacy_bisindo_2hand_T_84,0.000000,0.000000,-0.388216,-0.170083,-0.618848,-0.385486,-0.769846,-0.563839,-0.883579,-0.677408,-0.407441,-0.988377,-0.557159,-1.355661,-0.631275,-1.613801,-0.676856,-1.833568,-0.207041,-0.978332,-0.716561,-0.861441,-0.716184,-0.574587,-0.561963,-0.552640,-0.070882,-0.840857,-0.592067,-0.598725,-0.555050,-0.389821,-0.413089,-0.396721,-0.004860,-0.649934,-0.435187,-0.465214,-0.405259,-0.319951,-0.270942,-0.321124,0.000000,0.000000,0.501379,0.065386,0.822827,0.001294,1.062217,-0.023388,1.253835,-0.092023,0.951688,-0.668759,1.440043,-0.761821,1.815863,-0.832380,2.092438,-0.904442,0.677191,-0.735808,1.179116,-0.414382,1.004564,-0.136863,0.821769,-0.081261,0.375653,-0.644181,0.842502,-0.199919,0.657084,0.051035,0.479451,0.001003,0.109829,-0.485655,0.466563,-0.080099,0.424130,0.106675,0.307875,0.041139
T,Right,legacy_bisindo_2hand_T_85,0.000000,0.000000,0.385719,-0.279928,0.558502,-0.601318,0.651534,-0.808782,0.676622,-0.980037,0.127281,-1.092027,0.121795,-1.495749,0.101481,-1.775082,0.054939,-2.011938,-0.039356,-0.999225,0.514772,-1.107076,0.542276,-0.842515,0.436264,-0.742116,-0.124106,-0.826166,0.452397,-0.781439,0.452391,-0.557798,0.327506,-0.528625,-0.142750,-0.595196,0.305324,-0.604534,0.322543,-0.452022,0.191658,-0.414057,0.000000,0.000000,-0.503891,0.082676,-0.832641,0.093641,-1.042704,0.161802,-1.137071,0.144712,-1.032784,-0.473005,-1.501217,-0.351394,-1.794505,-0.300104,-2.037330,-0.283821,-0.800702,-0.599063,-1.185934,-0.138429,-0.941238,0.077202,-0.785569,-0.005150,-0.527967,-0.592582,-0.836039,-0.058119,-0.652580,0.103767,-0.535587,-0.018053,-0.277051,-0.489511,-0.529088,-0.068282,-0.449021,0.088774,-0.364832,0.011494
T,Right,legacy_bisindo_2hand_T_86,0.000000,0.000000,-0.502980,0.105101,-0.825324,0.131908,-1.028184,0.208121,-1.124189,0.200094,-1.047114,-0.434179,-1.512770,-0.289398,-1.804900,-0.219086,-2.050049,-0.185603,-0.821804,-0.569770,-1.182340,-0.076727,-0.927538,0.127789,-0.772993,0.036956,-0.549854,-0.571205,-0.839834,-0.025204,-0.652742,0.129207,-0.538826,0.007546,-0.296389,-0.473609,-0.527877,-0.049601,-0.448374,0.100531,-0.371567,0.022029,0.000000,0.000000,0.376764,-0.304481,0.526799,-0.632895,0.605598,-0.843140,0.618424,-1.011599,0.063689,-1.098419,0.045255,-1.505595,0.017183,-1.785570,-0.040543,-2.028472,-0.093417,-0.995627,0.447128,-1.130517,0.485724,-0.875830,0.375301,-0.782163,-0.166271,-0.816684,0.403861,-0.817465,0.415258,-0.601092,0.289754,-0.566049,-0.172814,-0.588520,0.260160,-0.643869,0.289110,-0.498803,0.167578,-0.448685
T,Right,legacy_bisindo_2hand_T_87,0.000000,0.000000,-0.388216,-0.170083,-0.618848,-0.385486,-0.769846,-0.563839,-0.883579,-0.677408,-0.407441,-0.988377,-0.557159,-1.355661,-0.631275,-1.613801,-0.676856,-1.833568,-0.207041,-0.978332,-0.716561,-0.861441,-0.716184,-0.574587,-0.561963,-0.552640,-0.070882,-0.840857,-0.592067,-0.598725,-0.555050,-0.389821,-0.413089,-0.396721,-0.004860,-0.649934,-0.435187,-0.465214,-0.405259,-0.319951,-0.270942,-0.321124,0.000000,0.000000,0.501379,0.065386,0.822827,0.001294,1.062217,-0.023388,1.253835,-0.092023,0.951688,-0.668759,1.440043,-0.761821,1.815863,-0.832380,2.092438,-0.904442,0.677191,-0.735808,1.179116,-0.414382,1.004564,-0.136863,0.821769,-0.081261,0.375653,-0.644181,0.842502,-0.199919,0.657084,0.051035,0.479451,0.001003,0.109829,-0.485655,0.466563,-0.080099,0.424130,0.106675,0.307875,0.041139
T,Right,legacy_bisindo_2hand_T_88,0.000000,0.000000,0.429358,-0.265805,0.625492,-0.572597,0.733912,-0.770465,0.751550,-0.928164,0.219923,-1.083164,0.254161,-1.478617,0.257340,-1.756819,0.232854,-1.998529,0.053767,-0.998553,0.614381,-1.053649,0.614067,-0.789721,0.494608,-0.707439,-0.038889,-0.830903,0.526751,-0.755851,0.510604,-0.544412,0.383532,-0.527577,-0.073032,-0.600040,0.354896,-0.600267,0.372378,-0.458360,0.252127,-0.423042,0.000000,0.000000,-0.476682,0.036075,-0.806081,0.020855,-1.027558,0.087749,-1.166224,0.080211,-0.997483,-0.546398,-1.470063,-0.471028,-1.768552,-0.434332,-2.024731,-0.425623,-0.754727,-0.656038,-1.166013,-0.213282,-0.943159,0.021068,-0.770173,-0.034002,-0.483469,-0.619293,-0.837061,-0.123384,-0.675317,0.057094,-0.546307,-0.032360,-0.239294,-0.495132,-0.533767,-0.110311,-0.474155,0.050335,-0.389756,-0.007632
T,Right,legacy_bisindo_2hand_T_89,0.000000,0.000000,0.449308,-0.108182,0.720488,-0.347083,0.884770,-0.521164,0.965188,-0.668158,0.480458,-0.972556,0.613816,-1.369629,0.701868,-1.650376,0.743029,-1.905754,0.302361,-0.953194,0.870536,-0.877009,0.807967,-0.613709,0.666257,-0.556435,0.163495,-0.815562,0.706154,-0.579176,0.639995,-0.362273,0.510086,-0.374310,0.064427,-0.602503,0.498259,-0.485898,0.460885,-0.339292,0.326947,-0.338327,0.000000,0.000000,-0.486324,-0.067601,-0.829504,-0.148274,-1.078580,-0.142685,-1.247420,-0.179906,-0.850209,-0.798593,-1.351891,-0.832488,-1.658974,-0.862371,-1.899899,-0.908863,-0.587051,-0.809550,-1.112178,-0.483523,-0.950639,-0.168056,-0.762873,-0.192288,-0.329268,-0.672170,-0.829973,-0.304611,-0.707640,-0.073957,-0.536618,-0.135179,-0.120578,-0.473676,-0.532844,-0.188079,-0.504091,-0.028568,-0.384126,-0.076209
T,Right,legacy_bisindo_2hand_T_90,0.000000,0.000000,0.420582,0.010550,0.729247,-0.149628,0.937779,-0.276109,1.087027,-0.406983,0.691058,-0.828335,0.928337,-1.201952,1.094127,-1.476397,1.197929,-1.728373,0.493393,-0.869806,1.030012,-0.634643,0.894033,-0.401868,0.740664,-0.402707,0.306649,-0.783509,0.777772,-0.372206,0.641957,-0.190227,0.523642,-0.267927,0.133125,-0.609940,0.531118,-0.336039,0.448849,-0.190651,0.319702,-0.234265,0.000000,0.000000,-0.363704,-0.232609,-0.648092,-0.440240,-0.873841,-0.535027,-0.995457,-0.575730,-0.481213,-1.012585,-0.889722,-1.180135,-1.151764,-1.262523,-1.336705,-1.362056,-0.252082,-0.967706,-0.797854,-0.753563,-0.743063,-0.440854,-0.564489,-0.388280,-0.074080,-0.781644,-0.611141,-0.520877,-0.542677,-0.283763,-0.381016,-0.290785,0.049440,-0.551760,-0.395292,-0.369712,-0.385636,-0.216667,-0.272803,-0.224926
T,Right,legacy_bisindo_2hand_T_91,0.000000,0.000000,0.410138,0.013860,0.718080,-0.146451,0.924187,-0.273191,1.084023,-0.390963,0.693740,-0.820282,0.935674,-1.194352,1.102524,-1.466399,1.208511,-1.715429,0.499153,-0.866514,1.031287,-0.626276,0.892690,-0.399938,0.741984,-0.405287,0.313978,-0.783058,0.782434,-0.369573,0.644343,-0.191970,0.530467,-0.271862,0.141452,-0.612859,0.538281,-0.333636,0.449192,-0.187971,0.321253,-0.233004,0.000000,0.000000,-0.408068,-0.217472,-0.710242,-0.418003,-0.939669,-0.509552,-1.029986,-0.563252,-0.532238,-1.012672,-0.963520,-1.185336,-1.233241,-1.278353,-1.432020,-1.386291,-0.289843,-0.957074,-0.865112,-0.754937,-0.819528,-0.417761,-0.646452,-0.374957,-0.099668,-0.762116,-0.664488,-0.515330,-0.609646,-0.262797,-0.451343,-0.271537,0.025795,-0.520648,-0.435810,-0.350501,-0.435019,-0.194301,-0.318170,-0.209063
T,Right,legacy_bisindo_2hand_T_92,0.000000,0.000000,0.442986,0.066043,0.786672,-0.048250,1.004079,-0.147780,1.157771,-0.246972,0.829907,-0.697412,1.099056,-1.032931,1.288277,-1.263459,1.422488,-1.481189,0.655656,-0.755059,1.136782,-0.472475,0.984679,-0.256867,0.845965,-0.253434,0.471351,-0.688853,0.861248,-0.255335,0.720309,-0.082450,0.620520,-0.144356,0.291363,-0.534071,0.631011,-0.240292,0.543727,-0.118103,0.429487,-0.177073,0.000000,0.000000,-0.329463,-0.280001,-0.593122,-0.516535,-0.799141,-0.627586,-0.872134,-0.704067,-0.357416,-1.066974,-0.769765,-1.293499,-1.033220,-1.433652,-1.236127,-1.567925,-0.113414,-0.993548,-0.692840,-0.861715,-0.672106,-0.570908,-0.512038,-0.484074,0.048205,-0.784947,-0.521044,-0.598611,-0.482612,-0.379643,-0.330247,-0.367208,0.153565,-0.541931,-0.309414,-0.434904,-0.320576,-0.292433,-0.219550,-0.287685
T,Right,legacy_bisindo_2hand_T_93,0.000000,0.000000,-0.388216,-0.170083,-0.618848,-0.385486,-0.769846,-0.563839,-0.883579,-0.677408,-0.407441,-0.988377,-0.557159,-1.355661,-0.631275,-1.613801,-0.676856,-1.833568,-0.207041,-0.978332,-0.716561,-0.861441,-0.716184,-0.574587,-0.561963,-0.552640,-0.070882,-0.840857,-0.592067,-0.598725,-0.555050,-0.389821,-0.413089,-0.396721,-0.004860,-0.649934,-0.435187,-0.465214,-0.405259,-0.319951,-0.270942,-0.321124,0.000000,0.000000,0.501379,0.065386,0.822827,0.001294,1.062217,-0.023388,1.253835,-0.092023,0.951688,-0.668759,1.440043,-0.761821,1.815863,-0.832380,2.092438,-0.904442,0.677191,-0.735808,1.179116,-0.414382,1.004564,-0.136863,0.821769,-0.081261,0.375653,-0.644181,0.842502,-0.199919,0.657084,0.051035,0.479451,0.001003,0.109829,-0.485655,0.466563,-0.080099,0.424130,0.106675,0.307875,0.041139
T,Right,legacy_bisindo_2hand_T_94,0.000000,0.000000,0.407818,0.004078,0.708960,-0.159318,0.911461,-0.286648,1.075073,-0.406254,0.679795,-0.830953,0.916528,-1.205600,1.080562,-1.481850,1.181066,-1.729029,0.487844,-0.872931,1.011954,-0.643956,0.877588,-0.410983,0.727470,-0.408856,0.305097,-0.787432,0.772357,-0.384328,0.638454,-0.200989,0.522978,-0.274283,0.134094,-0.614644,0.529543,-0.346553,0.445797,-0.198958,0.318007,-0.238321,0.000000,0.000000,-0.353964,-0.229901,-0.641132,-0.429303,-0.865115,-0.523275,-1.006335,-0.582396,-0.472379,-1.011357,-0.887868,-1.177746,-1.147090,-1.269952,-1.325697,-1.375810,-0.239500,-0.970896,-0.804823,-0.750213,-0.750484,-0.452087,-0.571988,-0.388783,-0.061065,-0.783735,-0.615192,-0.523084,-0.540016,-0.300781,-0.375124,-0.301830,0.067701,-0.552702,-0.383222,-0.380206,-0.373995,-0.239504,-0.266217,-0.244058
T,Right,legacy_bisindo_2hand_T_95,0.000000,0.000000,0.456075,-0.182575,0.693388,-0.448351,0.831668,-0.628130,0.890052,-0.791348,0.382930,-1.028927,0.480098,-1.419643,0.532514,-1.699464,0.544994,-1.952104,0.203929,-0.978986,0.771029,-0.942121,0.728400,-0.684724,0.591619,-0.626368,0.083300,-0.831533,0.635105,-0.655080,0.580552,-0.445299,0.447618,-0.451514,0.012894,-0.613784,0.446632,-0.531006,0.433856,-0.384111,0.303250,-0.372971,0.000000,0.000000,-0.452591,-0.057322,-0.774794,-0.118329,-0.995627,-0.105452,-1.138612,-0.111771,-0.862250,-0.729983,-1.313933,-0.725277,-1.603357,-0.734089,-1.827173,-0.758871,-0.626030,-0.779799,-1.061629,-0.419745,-0.886254,-0.132666,-0.712032,-0.170147,-0.382178,-0.685602,-0.778092,-0.276754,-0.643004,-0.070081,-0.500827,-0.141084,-0.173045,-0.520578,-0.503993,-0.210841,-0.460136,-0.065821,-0.365028,-0.113644
T,Right,legacy_bisindo_2hand_T_96,0.000000,0.000000,-0.388216,-0.170083,-0.618848,-0.385486,-0.769846,-0.563839,-0.883579,-0.677408,-0.407441,-0.988377,-0.557159,-1.355661,-0.631275,-1.613801,-0.676856,-1.833568,-0.207041,-0.978332,-0.716561,-0.861441,-0.716184,-0.574587,-0.561963,-0.552640,-0.070882,-0.840857,-0.592067,-0.598725,-0.555050,-0.389821,-0.413089,-0.396721,-0.004860,-0.649934,-0.435187,-0.465214,-0.405259,-0.319951,-0.270942,-0.321124,0.000000,0.000000,0.501379,0.065386,0.822827,0.001294,1.062217,-0.023388,1.253835,-0.092023,0.951688,-0.668759,1.440043,-0.761821,1.815863,-0.832380,2.092438,-0.904442,0.677191,-0.735808,1.179116,-0.414382,1.004564,-0.136863,0.821769,-0.081261,0.375653,-0.644181,0.842502,-0.199919,0.657084,0.051035,0.479451,0.001003,0.109829,-0.485655,0.466563,-0.080099,0.424130,0.106675,0.307875,0.041139
T,Right,legacy_bisindo_2hand_T_97,0.000000,0.000000,-0.388216,-0.170083,-0.618848,-0.385486,-0.769846,-0.563839,-0.883579,-0.677408,-0.407441,-0.988377,-0.557159,-1.355661,-0.631275,-1.613801,-0.676856,-1.833568,-0.207041,-0.978332,-0.716561,-0.861441,-0.716184,-0.574587,-0.561963,-0.552640,-0.070882,-0.840857,-0.592067,-0.598725,-0.555050,-0.389821,-0.413089,-0.396721,-0.004860,-0.649934,-0.435187,-0.465214,-0.405259,-0.319951,-0.270942,-0.321124,0.000000,0.000000,0.501379,0.065386,0.822827,0.001294,1.062217,-0.023388,1.253835,-0.092023,0.951688,-0.668759,1.440043,-0.761821,1.815863,-0.832380,2.092438,-0.904442,0.677191,-0.735808,1.179116,-0.414382,1.004564,-0.136863,0.821769,-0.081261,0.375653,-0.644181,0.842502,-0.199919,0.657084,0.051035,0.479451,0.001003,0.109829,-0.485655,0.466563,-0.080099,0.424130,0.106675,0.307875,0.041139
T,Right,legacy_bisindo_2hand_T_98,0.000000,0.000000,-0.388216,-0.170083,-0.618848,-0.385486,-0.769846,-0.563839,-0.883579,-0.677408,-0.407441,-0.988377,-0.557159,-1.355661,-0.631275,-1.613801,-0.676856,-1.833568,-0.207041,-0.978332,-0.716561,-0.861441,-0.716184,-0.574587,-0.561963,-0.552640,-0.070882,-0.840857,-0.592067,-0.598725,-0.555050,-0.389821,-0.413089,-0.396721,-0.004860,-0.649934,-0.435187,-0.465214,-0.405259,-0.319951,-0.270942,-0.321124,0.000000,0.000000,0.501379,0.065386,0.822827,0.001294,1.062217,-0.023388,1.253835,-0.092023,0.951688,-0.668759,1.440043,-0.761821,1.815863,-0.832380,2.092438,-0.904442,0.677191,-0.735808,1.179116,-0.414382,1.004564,-0.136863,0.821769,-0.081261,0.375653,-0.644181,0.842502,-0.199919,0.657084,0.051035,0.479451,0.001003,0.109829,-0.485655,0.466563,-0.080099,0.424130,0.106675,0.307875,0.041139
T,Right,legacy_bisindo_2hand_T_99,0.000000,0.000000,0.447918,-0.039672,0.753047,-0.233824,0.942452,-0.394053,1.058450,-0.559820,0.588693,-0.899902,0.784723,-1.318314,0.919191,-1.607889,0.996558,-1.864455,0.405028,-0.914304,0.964476,-0.775199,0.883092,-0.522523,0.743599,-0.474236,0.243940,-0.797483,0.766733,-0.464038,0.664561,-0.245305,0.532175,-0.279756,0.115599,-0.591996,0.546395,-0.409078,0.490225,-0.259132,0.346326,-0.272927,0.000000,0.000000,-0.464611,-0.123087,-0.796141,-0.251385,-1.043291,-0.284957,-1.187849,-0.352989,-0.733257,-0.901988,-1.211950,-1.012605,-1.511705,-1.086696,-1.746051,-1.165086,-0.467115,-0.884197,-1.025903,-0.636179,-0.916822,-0.288568,-0.735022,-0.287529,-0.223183,-0.724346,-0.760672,-0.425398,-0.679681,-0.166867,-0.513568,-0.203499,-0.037649,-0.503252,-0.481716,-0.273947,-0.481456,-0.100203,-0.365104,-0.127862
T,Right,legacy_bisindo_2hand_T_100,0.000000,0.000000,-0.388216,-0.170083,-0.618848,-0.385486,-0.769846,-0.563839,-0.883579,-0.677408,-0.407441,-0.988377,-0.557159,-1.355661,-0.631275,-1.613801,-0.676856,-1.833568,-0.207041,-0.978332,-0.716561,-0.861441,-0.716184,-0.574587,-0.561963,-0.552640,-0.070882,-0.840857,-0.592067,-0.598725,-0.555050,-0.389821,-0.413089,-0.396721,-0.004860,-0.649934,-0.435187,-0.465214,-0.405259,-0.319951,-0.270942,-0.321124,0.000000,0.000000,0.501379,0.065386,0.822827,0.001294,1.062217,-0.023388,1.253835,-0.092023,0.951688,-0.668759,1.440043,-0.761821,1.815863,-0.832380,2.092438,-0.904442,0.677191,-0.735808,1.179116,-0.414382,1.004564,-0.136863,0.821769,-0.081261,0.375653,-0.644181,0.842502,-0.199919,0.657084,0.051035,0.479451,0.001003,0.109829,-0.485655,0.466563,-0.080099,0.424130,0.106675,0.307875,0.041139
T,Right,legacy_bisindo_2hand_T_101,0.000000,0.000000,0.461599,0.088870,0.812733,-0.009862,1.028994,-0.106162,1.182793,-0.207519,0.856989,-0.665167,1.145244,-0.981596,1.332461,-1.204614,1.467757,-1.418860,0.691052,-0.722805,1.175454,-0.426812,1.014153,-0.220239,0.865913,-0.219856,0.511599,-0.663196,0.893894,-0.212760,0.735530,-0.046204,0.627444,-0.109577,0.333190,-0.508899,0.670164,-0.221304,0.578687,-0.096812,0.459965,-0.147571,0.000000,0.000000,0.000000,0.000000,0.000000,0.000000,0.000000,0.000000,0.000000,0.000000,0.000000,0.000000,0.000000,0.000000,0.000000,0.000000,0.000000,0.000000,0.000000,0.000000,0.000000,0.000000,0.000000,0.000000,0.000000,0.000000,0.000000,0.000000,0.000000,0.000000,0.000000,0.000000,0.000000,0.000000,0.000000,0.000000,0.000000,0.000000,0.000000,0.000000,0.000000,0.000000
T,Right,legacy_bisindo_2hand_T_102,0.000000,0.000000,-0.388216,-0.170083,-0.618848,-0.385486,-0.769846,-0.563839,-0.883579,-0.677408,-0.407441,-0.988377,-0.557159,-1.355661,-0.631275,-1.613801,-0.676856,-1.833568,-0.207041,-0.978332,-0.716561,-0.861441,-0.716184,-0.574587,-0.561963,-0.552640,-0.070882,-0.840857,-0.592067,-0.598725,-0.555050,-0.389821,-0.413089,-0.396721,-0.004860,-0.649934,-0.435187,-0.465214,-0.405259,-0.319951,-0.270942,-0.321124,0.000000,0.000000,0.501379,0.065386,0.822827,0.001294,1.062217,-0.023388,1.253835,-0.092023,0.951688,-0.668759,1.440043,-0.761821,1.815863,-0.832380,2.092438,-0.904442,0.677191,-0.735808,1.179116,-0.414382,1.004564,-0.136863,0.821769,-0.081261,0.375653,-0.644181,0.842502,-0.199919,0.657084,0.051035,0.479451,0.001003,0.109829,-0.485655,0.466563,-0.080099,0.424130,0.106675,0.307875,0.041139
T,Right,legacy_bisindo_2hand_T_103,0.000000,0.000000,0.435514,-0.043942,0.738155,-0.248185,0.920921,-0.415189,1.032865,-0.572857,0.568611,-0.910138,0.761286,-1.324516,0.889004,-1.612640,0.964085,-1.872588,0.382696,-0.923875,0.943863,-0.794312,0.865692,-0.552210,0.726907,-0.508820,0.222874,-0.803797,0.751477,-0.474830,0.649988,-0.269293,0.517467,-0.307100,0.097714,-0.601327,0.532971,-0.411681,0.468875,-0.265427,0.330536,-0.282995,0.000000,0.000000,-0.450565,-0.127899,-0.773644,-0.260396,-1.016963,-0.294631,-1.153825,-0.355727,-0.722281,-0.894859,-1.179050,-0.994533,-1.469251,-1.064939,-1.688986,-1.140781,-0.467429,-0.884030,-1.000315,-0.627211,-0.896892,-0.293837,-0.718353,-0.288447,-0.235768,-0.728177,-0.747288,-0.427833,-0.667886,-0.182366,-0.507978,-0.218445,-0.061059,-0.512393,-0.483371,-0.290542,-0.479526,-0.128836,-0.370790,-0.155238
T,Right,legacy_bisindo_2hand_T_104,0.000000,0.000000,0.434991,-0.254293,0.636439,-0.547697,0.747385,-0.736382,0.785877,-0.907671,0.259622,-1.069436,0.312790,-1.468469,0.325037,-1.748910,0.309983,-1.994685,0.094585,-0.995517,0.651819,-1.033621,0.647441,-0.773858,0.531128,-0.694130,-0.002053,-0.836423,0.555011,-0.744518,0.533833,-0.534632,0.409910,-0.517810,-0.039846,-0.612913,0.376475,-0.599132,0.391614,-0.456562,0.277226,-0.423557,0.000000,0.000000,-0.480545,0.009471,-0.815938,-0.015113,-1.049102,0.047121,-1.191173,0.031029,-0.973084,-0.596009,-1.458876,-0.532234,-1.759978,-0.503928,-2.021817,-0.505084,-0.722808,-0.691049,-1.163858,-0.253326,-0.942348,-0.016358,-0.766557,-0.077978,-0.454244,-0.637544,-0.842072,-0.152657,-0.682587,0.028164,-0.549343,-0.060146,-0.218602,-0.500139,-0.542725,-0.128940,-0.487217,0.024591,-0.400220,-0.032869
T,Right,legacy_bisindo_2hand_T_105,0.000000,0.000000,-0.388216,-0.170083,-0.618848,-0.385486,-0.769846,-0.563839,-0.883579,-0.677408,-0.407441,-0.988377,-0.557159,-1.355661,-0.631275,-1.613801,-0.676856,-1.833568,-0.207041,-0.978332,-0.716561,-0.861441,-0.716184,-0.574587,-0.561963,-0.552640,-0.070882,-0.840857,-0.592067,-0.598725,-0.555050,-0.389821,-0.413089,-0.396721,-0.004860,-0.649934,-0.435187,-0.465214,-0.405259,-0.319951,-0.270942,-0.321124,0.000000,0.000000,0.501379,0.065386,0.822827,0.001294,1.062217,-0.023388,1.253835,-0.092023,0.951688,-0.668759,1.440043,-0.761821,1.815863,-0.832380,2.092438,-0.904442,0.677191,-0.735808,1.179116,-0.414382,1.004564,-0.136863,0.821769,-0.081261,0.375653,-0.644181,0.842502,-0.199919,0.657084,0.051035,0.479451,0.001003,0.109829,-0.485655,0.466563,-0.080099,0.424130,0.106675,0.307875,0.041139
T,Right,legacy_bisindo_2hand_T_106,0.000000,0.000000,0.408556,0.002486,0.710367,-0.161528,0.913726,-0.289060,1.070846,-0.415049,0.677253,-0.831901,0.913926,-1.203319,1.080157,-1.476897,1.182530,-1.721894,0.484120,-0.875002,1.010808,-0.647111,0.877254,-0.413205,0.731416,-0.410903,0.303188,-0.790467,0.770792,-0.383156,0.635085,-0.200926,0.519879,-0.276227,0.135399,-0.618739,0.531571,-0.348118,0.444293,-0.201413,0.316532,-0.241901,0.000000,0.000000,-0.354696,-0.220215,-0.637787,-0.414730,-0.860036,-0.502784,-0.994410,-0.547206,-0.487137,-1.011679,-0.896654,-1.174751,-1.156074,-1.254229,-1.338531,-1.350784,-0.257694,-0.966227,-0.812255,-0.749697,-0.756168,-0.443870,-0.577819,-0.393779,-0.077667,-0.777445,-0.621529,-0.519456,-0.552389,-0.289967,-0.391575,-0.296717,0.050658,-0.544519,-0.400439,-0.371302,-0.393296,-0.227262,-0.284483,-0.234148
T,Right,legacy_bisindo_2hand_T_107,0.000000,0.000000,0.433975,0.048172,0.764743,-0.079385,0.976688,-0.192268,1.121736,-0.310405,0.762358,-0.761256,1.031236,-1.106924,1.214279,-1.362060,1.336937,-1.599699,0.578429,-0.815733,1.090334,-0.534397,0.943190,-0.326981,0.800945,-0.338169,0.393285,-0.742770,0.821372,-0.285979,0.677182,-0.124763,0.574752,-0.207755,0.214882,-0.581994,0.582442,-0.275060,0.487327,-0.145113,0.367833,-0.200542,0.000000,0.000000,-0.326727,-0.259773,-0.592461,-0.473792,-0.795282,-0.579613,-0.875858,-0.640104,-0.368292,-1.043358,-0.784350,-1.245881,-1.046956,-1.370119,-1.233529,-1.504991,-0.131986,-0.991252,-0.699327,-0.819415,-0.637708,-0.539751,-0.460021,-0.468536,0.034028,-0.795515,-0.533621,-0.571009,-0.464441,-0.352650,-0.304069,-0.347705,0.148989,-0.561651,-0.314737,-0.415417,-0.294040,-0.274648,-0.176474,-0.272126
T,Right,legacy_bisindo_2hand_T_108,0.000000,0.000000,-0.388216,-0.170083,-0.618848,-0.385486,-0.769846,-0.563839,-0.883579,-0.677408,-0.407441,-0.988377,-0.557159,-1.355661,-0.631275,-1.613801,-0.676856,-1.833568,-0.207041,-0.978332,-0.716561,-0.861441,-0.716184,-0.574587,-0.561963,-0.552640,-0.070882,-0.840857,-0.592067,-0.598725,-0.555050,-0.389821,-0.413089,-0.396721,-0.004860,-0.649934,-0.435187,-0.465214,-0.405259,-0.319951,-0.270942,-0.321124,0.000000,0.000000,0.501379,0.065386,0.822827,0.001294,1.062217,-0.023388,1.253835,-0.092023,0.951688,-0.668759,1.440043,-0.761821,1.815863,-0.832380,2.092438,-0.904442,0.677191,-0.735808,1.179116,-0.414382,1.004564,-0.136863,0.821769,-0.081261,0.375653,-0.644181,0.842502,-0.199919,0.657084,0.051035,0.479451,0.001003,0.109829,-0.485655,0.466563,-0.080099,0.424130,0.106675,0.307875,0.041139
T,Right,legacy_bisindo_2hand_T_109,0.000000,0.000000,0.568816,-0.276464,1.071673,-0.448158,1.443551,-0.461890,1.713099,-0.436958,0.764157,-0.995669,0.977431,-1.483666,1.107309,-1.847174,1.159610,-2.147070,0.516162,-0.856491,1.225656,-0.891447,1.414265,-0.480296,1.353847,-0.155292,0.342888,-0.500519,1.122862,-0.309530,1.193158,-0.002845,1.033189,0.089668,0.268767,-0.100625,0.946654,0.086632,1.025140,0.174198,0.886461,0.161070,0.000000,0.000000,0.000000,0.000000,0.000000,0.000000,0.000000,0.000000,0.000000,0.000000,0.000000,0.000000,0.000000,0.000000,0.000000,0.000000,0.000000,0.000000,0.000000,0.000000,0.000000,0.000000,0.000000,0.000000,0.000000,0.000000,0.000000,0.000000,0.000000,0.000000,0.000000,0.000000,0.000000,0.000000,0.000000,0.000000,0.000000,0.000000,0.000000,0.000000,0.000000,0.000000
T,Right,legacy_bisindo_2hand_T_110,0.000000,0.000000,0.444383,-0.399348,1.092828,-0.585660,1.637657,-0.540716,1.990052,-0.455376,0.693352,-1.002347,0.904003,-1.631848,1.061796,-2.015963,1.137658,-2.349801,0.523940,-0.851755,1.347769,-1.021998,1.641543,-0.633881,1.580305,-0.292037,0.442567,-0.446195,1.456306,-0.378443,1.541029,-0.092726,1.306367,0.049610,0.490965,0.018942,1.227505,0.071098,1.356037,0.152111,1.279578,0.207392,0.000000,0.000000,-0.400525,0.079705,-0.781746,0.392366,-0.910328,0.894325,-0.934978,1.251775,-1.196323,0.119237,-1.731707,0.192612,-2.113889,0.169949,-2.437850,0.110233,-0.991291,0.131692,-1.267121,0.929870,-0.975322,0.989945,-0.828874,0.817582,-0.694592,0.269836,-0.848949,1.079122,-0.624358,1.014863,-0.551233,0.785745,-0.384858,0.443140,-0.511796,1.100689,-0.344393,1.017216,-0.282038,0.798001
T,Right,legacy_bisindo_2hand_T_111,0.000000,0.000000,-0.389734,0.060869,-0.770777,0.361070,-0.903324,0.852048,-0.919975,1.196544,-1.187749,0.093305,-1.687259,0.167785,-2.054067,0.148757,-2.356100,0.097448,-0.992919,0.118796,-1.234633,0.895801,-0.958221,0.937947,-0.828861,0.762552,-0.707024,0.255372,-0.830255,1.024161,-0.620603,0.946551,-0.568378,0.719536,-0.404766,0.425287,-0.502962,1.050183,-0.342871,0.960976,-0.296347,0.744616,0.000000,0.000000,0.464410,-0.346051,0.985790,-0.538586,1.439893,-0.548026,1.774989,-0.528653,0.667788,-1.019320,0.830486,-1.518579,0.964547,-1.865617,1.015779,-2.156059,0.473157,-0.880978,1.245392,-0.997982,1.478100,-0.628490,1.431926,-0.315384,0.390684,-0.528108,1.273668,-0.448208,1.367931,-0.146183,1.199198,-0.008378,0.429613,-0.119864,1.140376,-0.033595,1.219393,0.057517,1.092425,0.088234
T,Right,legacy_bisindo_2hand_T_112,0.000000,0.000000,0.423769,-0.401396,1.155837,-0.578159,1.766839,-0.553047,2.186392,-0.466673,0.757455,-0.949635,1.089671,-1.670106,1.290950,-2.049243,1.393360,-2.369047,0.625762,-0.780014,1.519470,-0.863901,1.828290,-0.421223,1.738043,-0.096015,0.530084,-0.355270,1.541308,-0.235386,1.668679,0.055408,1.466949,0.145318,0.536449,0.129521,1.279470,0.204808,1.462304,0.281213,1.435604,0.305082,0.000000,0.000000,0.000000,0.000000,0.000000,0.000000,0.000000,0.000000,0.000000,0.000000,0.000000,0.000000,0.000000,0.000000,0.000000,0.000000,0.000000,0.000000,0.000000,0.000000,0.000000,0.000000,0.000000,0.000000,0.000000,0.000000,0.000000,0.000000,0.000000,0.000000,0.000000,0.000000,0.000000,0.000000,0.000000,0.000000,0.000000,0.000000,0.000000,0.000000,0.000000,0.000000
T,Right,legacy_bisindo_2hand_T_113,0.000000,0.000000,-0.417940,-0.012683,-0.839761,0.205573,-1.011725,0.596700,-1.057163,0.921779,-1.186103,0.074796,-1.700101,0.126480,-2.080718,0.096063,-2.390413,0.029808,-0.992495,0.122283,-1.238085,0.904083,-0.954926,0.948658,-0.817108,0.756319,-0.702959,0.275198,-0.830754,1.037589,-0.627131,0.964657,-0.559100,0.732765,-0.401754,0.444799,-0.493207,1.043574,-0.335239,0.959459,-0.280892,0.747185,0.000000,0.000000,0.466920,-0.380607,1.147283,-0.546357,1.727270,-0.493192,2.084724,-0.415618,0.736877,-0.969909,0.990893,-1.597356,1.161912,-1.983097,1.247755,-2.323350,0.570654,-0.821191,1.459645,-0.950682,1.772785,-0.511772,1.710817,-0.149917,0.490175,-0.434926,1.492653,-0.366026,1.606175,-0.041425,1.416602,0.108701,0.527620,0.027821,1.276457,0.087538,1.397519,0.169037,1.320621,0.198433
T,Right,legacy_bisindo_2hand_T_114,0.000000,0.000000,-0.401216,-0.196815,-0.802899,-0.117985,-1.068607,0.127238,-1.168560,0.386509,-1.079983,-0.135093,-1.539064,0.043379,-1.822824,0.131206,-2.061153,0.166439,-1.000000,0.000448,-1.237903,0.599538,-1.041244,0.668898,-0.923557,0.549582,-0.851538,0.206394,-0.989580,0.787152,-0.817470,0.766838,-0.743227,0.603241,-0.665749,0.431552,-0.753806,0.868866,-0.619096,0.832175,-0.556028,0.689883,0.000000,0.000000,0.366110,-0.317076,0.621041,-0.608595,0.801886,-0.737441,0.915035,-0.846293,0.268189,-1.132634,0.378275,-1.642258,0.440719,-1.985869,0.423964,-2.280976,0.126657,-0.991947,0.548797,-1.314011,0.760875,-1.052429,0.787537,-0.808769,0.066037,-0.710218,0.634970,-0.783168,0.712200,-0.523943,0.590717,-0.415284,0.085176,-0.381149,0.585150,-0.388735,0.600914,-0.269853,0.456145,-0.258360
T,Right,legacy_bisindo_2hand_T_115,0.000000,0.000000,-0.404941,0.270646,-0.673732,0.436787,-0.835968,0.674066,-0.914996,0.902967,-1.071359,-0.040327,-1.483545,0.029183,-1.751557,0.075989,-1.984954,0.112532,-0.997318,-0.073194,-1.156742,0.547241,-0.973663,0.724084,-0.859922,0.717276,-0.859604,0.000207,-0.966914,0.595636,-0.784445,0.653498,-0.676001,0.588214,-0.701956,0.130873,-0.814157,0.570843,-0.764814,0.687977,-0.737451,0.706094,0.000000,0.000000,0.465753,-0.267161,0.817819,-0.430102,1.102506,-0.353031,1.204642,-0.162621,0.560295,-1.038428,0.641487,-1.537292,0.726807,-1.959129,0.771974,-2.266082,0.308437,-0.951245,0.819080,-0.515345,1.057049,-0.117336,1.087692,0.153152,0.084664,-0.629963,0.642911,-0.164316,0.803691,0.144794,0.729411,0.266163,-0.051340,-0.286622,0.424129,0.034937,0.561315,0.198179,0.513056,0.248806
T,Right,legacy_bisindo_2hand_T_116,0.000000,0.000000,-0.291863,0.349471,-0.562995,0.611361,-0.776360,0.895533,-0.947033,1.116246,-1.038057,0.150906,-1.448439,0.366600,-1.706221,0.421492,-1.939189,0.429865,-0.986545,0.163490,-1.107139,0.852134,-0.844211,0.954658,-0.709643,0.861167,-0.861996,0.257590,-0.846103,0.908914,-0.593063,0.887602,-0.494872,0.729513,-0.700115,0.383192,-0.654314,0.885105,-0.476712,0.878412,-0.404929,0.740861,0.000000,0.000000,0.481539,-0.180783,0.771756,-0.453183,0.987892,-0.614765,1.144460,-0.837638,0.395131,-1.064961,0.499453,-1.574832,0.562223,-1.943636,0.574206,-2.241049,0.178071,-0.984018,0.703634,-1.138243,0.942532,-0.819657,0.984904,-0.542444,0.047854,-0.725980,0.613645,-0.608012,0.673178,-0.282499,0.549245,-0.159249,-0.012114,-0.453022,0.463484,-0.311617,0.524634,-0.132140,0.432034,-0.080649
T,Right,legacy_bisindo_2hand_T_117,0.000000,0.000000,-0.386193,0.011814,-0.717062,0.226155,-0.938034,0.605224,-1.045583,0.911422,-1.037370,-0.080441,-1.479855,0.129470,-1.740337,0.206283,-1.978714,0.213390,-0.999989,0.004736,-1.163808,0.639508,-0.926560,0.737655,-0.790322,0.648353,-0.879201,0.164670,-0.940330,0.785158,-0.696521,0.784061,-0.582933,0.642374,-0.729405,0.357803,-0.769746,0.822345,-0.595792,0.832880,-0.497437,0.719560,0.000000,0.000000,0.440708,-0.227568,0.649577,-0.478944,0.817153,-0.644728,0.934896,-0.874550,0.285322,-1.074533,0.358006,-1.582586,0.408874,-1.967577,0.416174,-2.264985,0.065320,-0.997864,0.586681,-1.104704,0.783335,-0.792706,0.797335,-0.530492,-0.053062,-0.762701,0.499317,-0.616323,0.551937,-0.313182,0.425647,-0.196920,-0.104896,-0.518361,0.336855,-0.368633,0.384101,-0.193543,0.278433,-0.146954
T,Right,legacy_bisindo_2hand_T_118,0.000000,0.000000,-0.399259,0.008394,-0.734400,0.194730,-1.000317,0.530019,-1.140115,0.779356,-1.010816,-0.214650,-1.421303,-0.140786,-1.665957,-0.144364,-1.892635,-0.196484,-0.988579,-0.150701,-1.179969,0.442868,-0.959569,0.548539,-0.825457,0.452793,-0.893941,0.014622,-1.024423,0.598684,-0.802735,0.628579,-0.683335,0.501875,-0.776395,0.224459,-0.849535,0.680580,-0.684471,0.713297,-0.582363,0.614887,0.000000,0.000000,0.425744,-0.148719,0.647488,-0.338439,0.827376,-0.463142,0.924959,-0.650105,0.397902,-1.026468,0.484632,-1.466849,0.552634,-1.788538,0.579658,-2.034724,0.148838,-0.988862,0.606526,-0.963211,0.738823,-0.621966,0.746291,-0.377059,-0.009403,-0.794941,0.457516,-0.539664,0.486165,-0.251725,0.385398,-0.158948,-0.097065,-0.556910,0.287041,-0.307451,0.304746,-0.142582,0.210644,-0.125696
T,Right,legacy_bisindo_2hand_T_119,0.000000,0.000000,-0.372586,-0.139683,-0.786982,0.008632,-1.064558,0.361220,-1.185986,0.663820,-1.111085,-0.197679,-1.554873,0.060694,-1.816319,0.137730,-2.049300,0.148093,-0.990541,-0.137214,-1.225947,0.502025,-1.066733,0.542973,-0.984170,0.418007,-0.809023,-0.004237,-1.010407,0.596026,-0.847340,0.523370,-0.765558,0.339643,-0.621141,0.145425,-0.820951,0.576679,-0.696906,0.537699,-0.606152,0.392672,0.000000,0.000000,0.450246,-0.418779,0.980512,-0.642858,1.368113,-0.650264,1.430998,-0.496840,0.626619,-1.041900,0.730873,-1.598708,0.744729,-1.969825,0.679626,-2.296943,0.445098,-0.895482,1.219391,-0.843698,1.242125,-0.529687,1.058468,-0.407554,0.305033,-0.539893,1.112837,-0.235841,1.009550,-0.023780,0.758712,-0.096998,0.232627,-0.145017,0.874607,0.124510,0.793618,0.208107,0.552183,0.111716
T,Right,legacy_bisindo_2hand_T_120,0.000000,0.000000,-0.402860,-0.118646,-0.776900,0.065948,-1.019929,0.438044,-1.086182,0.756539,-1.112478,-0.208896,-1.528929,-0.129154,-1.771214,-0.048439,-1.970468,0.007892,-0.990031,-0.140850,-1.213566,0.459611,-1.042798,0.522992,-0.924630,0.402241,-0.820582,0.004424,-0.983155,0.589991,-0.833633,0.542846,-0.755457,0.376240,-0.654281,0.171091,-0.815976,0.608993,-0.704683,0.593948,-0.629387,0.471450,0.000000,0.000000,0.476400,-0.327649,1.066753,-0.431033,1.553405,-0.358527,1.736175,-0.232479,0.804327,-0.924198,0.983741,-1.493833,1.118149,-1.850641,1.163248,-2.170171,0.600780,-0.799414,1.314803,-0.724371,1.467249,-0.341272,1.317436,-0.085617,0.458553,-0.437335,1.251040,-0.125260,1.418664,0.220290,1.346180,0.351925,0.426056,-0.021611,1.032119,0.297192,1.294845,0.551780,1.404444,0.679684
T,Right,legacy_bisindo_2hand_T_121,0.000000,0.000000,0.409723,-0.288177,0.599172,-0.615947,0.698168,-0.823734,0.796740,-0.987543,0.253223,-1.081839,0.288076,-1.522299,0.311572,-1.815406,0.275420,-2.064385,0.109172,-0.994023,0.434593,-1.312641,0.633747,-1.050855,0.658325,-0.816527,0.047345,-0.799146,0.459170,-0.957889,0.556184,-0.677957,0.490358,-0.531033,0.051741,-0.556062,0.407821,-0.668332,0.441950,-0.516382,0.344488,-0.432742,0.000000,0.000000,-0.274702,0.157067,-0.528104,0.429078,-0.603570,0.804949,-0.611232,1.081470,-0.980386,0.366451,-1.406050,0.557876,-1.691934,0.594714,-1.947521,0.586995,-0.912215,0.409712,-1.079092,1.115597,-0.838921,1.141651,-0.706436,0.993039,-0.744192,0.492506,-0.818614,1.196494,-0.620271,1.145822,-0.555979,0.964939,-0.525623,0.587998,-0.573540,1.139914,-0.426735,1.105730,-0.373275,0.947761
T,Right,legacy_bisindo_2hand_T_122,0.000000,0.000000,-0.473016,-0.142473,-0.851611,0.018646,-1.116935,0.378556,-1.215495,0.689361,-1.056814,-0.250738,-1.516399,-0.095767,-1.777566,-0.037033,-2.006549,-0.039013,-0.991553,-0.129703,-1.276510,0.404258,-1.099304,0.487969,-0.983466,0.387309,-0.876373,0.054725,-1.064427,0.592075,-0.888995,0.581992,-0.805578,0.432164,-0.747182,0.270982,-0.903270,0.674117,-0.782492,0.681306,-0.712113,0.572049,0.000000,0.000000,0.305386,-0.166323,0.506730,-0.447720,0.606647,-0.660172,0.608333,-0.852956,0.255442,-1.024447,0.241629,-1.484940,0.234554,-1.777494,0.199805,-2.035145,0.027335,-0.999626,0.244285,-1.268075,0.416623,-1.020802,0.461112,-0.804007,-0.135979,-0.858026,0.186592,-0.844635,0.331351,-0.541560,0.342352,-0.377123,-0.227576,-0.650781,0.084051,-0.581139,0.215501,-0.392747,0.232620,-0.297308
T,Right,legacy_bisindo_2hand_T_123,0.000000,0.000000,-0.303490,-0.335007,-0.524231,-0.589956,-0.791258,-0.674236,-1.003387,-0.644887,-0.294181,-1.101796,-0.440054,-1.558981,-0.492272,-1.886225,-0.523158,-2.180495,-0.187558,-0.982254,-0.808928,-0.933654,-0.829872,-0.639168,-0.688610,-0.547345,-0.172545,-0.723093,-0.799861,-0.544538,-0.716298,-0.349032,-0.525865,-0.349697,-0.193990,-0.438178,-0.686400,-0.282837,-0.619468,-0.152146,-0.445427,-0.171944,0.000000,0.000000,0.366870,-0.098614,0.772779,-0.018641,1.048077,0.221652,1.201431,0.400247,0.999794,-0.488265,1.468995,-0.228958,1.735233,-0.133726,1.963026,-0.078427,0.918507,-0.395404,1.303645,0.172819,1.115036,0.326287,0.970259,0.294467,0.805798,-0.205209,1.143409,0.341542,0.945584,0.413066,0.800819,0.323730,0.692070,0.020230,0.959550,0.424793,0.800171,0.469651,0.676002,0.390978
T,Right,legacy_bisindo_2hand_T_124,0.000000,0.000000,0.432192,-0.259098,0.677347,-0.504841,0.876101,-0.640962,0.964864,-0.697176,0.418386,-1.068900,0.505489,-1.529173,0.610021,-1.889416,0.647002,-2.165676,0.231520,-0.972830,0.787194,-0.848931,0.853686,-0.540692,0.759835,-0.415156,0.105754,-0.709435,0.699695,-0.566499,0.706054,-0.305545,0.540466,-0.248799,0.066477,-0.413762,0.546264,-0.288793,0.575804,-0.126507,0.439200,-0.086380,0.000000,0.000000,-0.393003,-0.058508,-0.742411,0.003256,-0.997847,0.262212,-1.104315,0.513986,-1.024893,-0.295637,-1.406122,-0.321971,-1.641619,-0.375863,-1.853304,-0.457300,-0.964955,-0.262415,-1.177432,0.314040,-1.014540,0.413659,-0.921665,0.326034,-0.836629,-0.125557,-0.997360,0.456312,-0.830593,0.457748,-0.752794,0.325474,-0.705657,0.057234,-0.837956,0.507012,-0.715113,0.506673,-0.640481,0.386049
T,Right,legacy_bisindo_2hand_T_125,0.000000,0.000000,-0.322994,0.240632,-0.680022,0.389782,-0.887543,0.400383,-0.951022,0.213383,-0.984078,-0.181272,-1.367573,-0.126576,-1.633133,-0.075704,-1.842236,-0.037871,-0.900237,-0.435401,-0.959798,0.010297,-0.684378,0.181220,-0.521537,0.155446,-0.737357,-0.573361,-0.733995,-0.052199,-0.520447,0.067882,-0.428017,-0.015556,-0.552270,-0.646133,-0.567754,-0.207663,-0.422301,-0.096043,-0.368329,-0.168375,0.000000,0.000000,0.441599,-0.220491,0.684469,-0.462884,0.861584,-0.618740,0.873469,-0.679260,0.425001,-1.044166,0.466581,-1.495700,0.525414,-1.855549,0.526577,-2.122808,0.267451,-0.963572,0.760093,-0.701083,0.752962,-0.436130,0.635537,-0.338549,0.152977,-0.723443,0.649253,-0.389596,0.607179,-0.197647,0.466682,-0.193062,0.109272,-0.435042,0.506658,-0.181226,0.514271,-0.062536,0.418285,-0.083712
T,Right,legacy_bisindo_2hand_T_126,0.000000,0.000000,0.482881,-0.234829,0.735727,-0.482694,0.914263,-0.637145,0.980789,-0.694938,0.471934,-1.023741,0.562054,-1.469141,0.648698,-1.802261,0.675184,-2.063375,0.330111,-0.943942,0.864539,-0.815327,0.860604,-0.544365,0.730338,-0.460698,0.226019,-0.711148,0.785251,-0.548833,0.761068,-0.321341,0.610647,-0.299872,0.199906,-0.428538,0.631826,-0.324939,0.654764,-0.171855,0.538939,-0.128853,0.000000,0.000000,-0.305642,-0.207553,-0.644574,-0.251583,-0.937276,-0.123678,-1.103178,0.051355,-0.965155,-0.476428,-1.372356,-0.474642,-1.601928,-0.527687,-1.796707,-0.623424,-0.903539,-0.428505,-1.197635,0.121248,-1.032001,0.220641,-0.907884,0.132744,-0.794157,-0.255766,-1.032191,0.291089,-0.852007,0.306062,-0.741720,0.170423,-0.678962,-0.045767,-0.875664,0.368991,-0.750008,0.382873,-0.656685,0.277981
T,Right,legacy_bisindo_2hand_T_127,0.000000,0.000000,0.350640,-0.378784,0.673279,-0.658862,0.957218,-0.718835,1.101765,-0.753440,0.420666,-1.146747,0.499802,-1.811419,0.526327,-2.263073,0.503044,-2.633432,0.188669,-0.982041,0.583941,-1.321880,0.926536,-1.087548,1.099246,-0.825324,0.061391,-0.586729,0.726379,-0.548013,0.815044,-0.219519,0.663415,-0.082316,0.022255,-0.184408,0.595244,-0.032370,0.820584,0.149820,0.865694,0.193394,0.000000,0.000000,-0.380202,0.412651,-0.720979,0.562694,-0.976413,0.693188,-1.184524,0.783671,-1.116675,0.216972,-1.569253,0.331302,-1.862441,0.321762,-2.134201,0.273027,-0.990772,0.135538,-1.293891,0.788829,-1.115722,1.092226,-0.926182,1.196598,-0.790308,0.168289,-1.010202,0.874108,-0.838692,1.137514,-0.660464,1.204124,-0.560529,0.269462,-0.724584,0.832205,-0.642221,1.072750,-0.527329,1.155985
T,Right,legacy_bisindo_2hand_T_128,0.000000,0.000000,-0.393515,0.240797,-0.684505,0.414193,-0.882716,0.629153,-1.027640,0.779920,-1.083055,0.034651,-1.459076,0.143945,-1.689979,0.208856,-1.887419,0.265553,-0.999045,-0.043701,-1.057399,0.578621,-0.822744,0.639191,-0.730264,0.523817,-0.843726,-0.038961,-0.860032,0.582455,-0.644615,0.523084,-0.594127,0.339189,-0.669276,0.008205,-0.722190,0.498309,-0.568797,0.472932,-0.516020,0.316015,0.000000,0.000000,0.373462,-0.367521,0.453561,-0.716595,0.492859,-0.966806,0.515550,-1.165792,0.101709,-1.107909,0.150615,-1.558276,0.171196,-1.885727,0.170815,-2.148068,-0.036590,-0.999330,0.498689,-1.152983,0.721725,-0.903835,0.784957,-0.699671,-0.063082,-0.797060,0.469731,-0.940930,0.699827,-0.736283,0.756905,-0.571046,-0.015211,-0.572387,0.365992,-0.727492,0.588856,-0.659616,0.706131,-0.578315
T,Right,legacy_bisindo_2hand_T_129,0.000000,0.000000,0.370781,-0.326697,0.480594,-0.707359,0.526388,-0.988926,0.585315,-1.191906,0.104910,-1.112816,0.133482,-1.562475,0.180040,-1.914560,0.172928,-2.174248,-0.016453,-0.999865,0.567007,-1.114388,0.631628,-0.873455,0.519248,-0.741860,-0.034147,-0.788892,0.542197,-0.860880,0.565327,-0.642007,0.432192,-0.558551,0.028563,-0.562743,0.467557,-0.607146,0.499950,-0.453398,0.404816,-0.374346,0.000000,0.000000,-0.330887,0.093735,-0.615235,0.215810,-0.858533,0.401569,-1.019467,0.536365,-1.039526,-0.174108,-1.417917,-0.132026,-1.645505,-0.099575,-1.838854,-0.102115,-0.983219,-0.182428,-1.188592,0.403832,-1.027295,0.521696,-0.914076,0.436227,-0.860962,-0.094654,-1.018961,0.476127,-0.850211,0.510341,-0.755101,0.389422,-0.733154,0.035173,-0.863730,0.458992,-0.735483,0.485170,-0.642411,0.377418
T,Right,legacy_bisindo_2hand_T_130,0.000000,0.000000,0.352115,-0.237317,0.593260,-0.400101,0.829213,-0.425214,1.016551,-0.530552,0.449371,-1.083785,0.580294,-1.668822,0.656311,-2.050827,0.650704,-2.381717,0.184986,-0.982741,0.682479,-1.101471,0.869332,-0.713249,0.872058,-0.437182,0.031726,-0.670414,0.584306,-0.487159,0.689014,-0.135099,0.573280,-0.012242,-0.041289,-0.332747,0.443331,-0.119032,0.503330,0.073827,0.409913,0.098189,0.000000,0.000000,-0.439480,0.212560,-0.760180,0.392663,-1.003217,0.694851,-1.167716,0.974295,-1.053273,-0.082993,-1.488128,-0.085124,-1.744198,-0.021328,-1.969813,0.028589,-0.995141,-0.098460,-1.330494,0.432722,-1.182767,0.686455,-1.024070,0.760584,-0.884739,0.011120,-1.052544,0.618912,-0.820574,0.741081,-0.624545,0.715653,-0.756333,0.165334,-0.864941,0.653540,-0.758143,0.822572,-0.662633,0.875674
T,Right,legacy_bisindo_2hand_T_131,0.000000,0.000000,-0.359236,-0.043417,-0.693434,0.060583,-0.973826,0.325419,-1.127939,0.557698,-0.977224,-0.390760,-1.386069,-0.404762,-1.643886,-0.387360,-1.875544,-0.354797,-0.941011,-0.338376,-1.317133,0.235722,-1.353270,0.588131,-1.355861,0.823672,-0.858112,-0.179985,-1.043982,0.434383,-0.812152,0.562938,-0.649150,0.570195,-0.762438,0.032274,-0.886920,0.509140,-0.728106,0.615615,-0.598564,0.622633,0.000000,0.000000,0.242350,-0.196809,0.386610,-0.442431,0.348827,-0.614304,0.127569,-0.691346,0.319658,-1.010298,0.349612,-1.485220,0.369295,-1.823566,0.358106,-2.138276,0.028654,-0.999589,-0.007486,-1.239291,0.038827,-0.788987,0.110060,-0.593698,-0.229622,-0.900089,-0.256555,-0.938934,-0.143950,-0.531208,-0.055822,-0.386884,-0.471049,-0.755514,-0.498600,-0.790637,-0.376376,-0.521633,-0.281934,-0.421202
T,Right,legacy_bisindo_2hand_T_132,0.000000,0.000000,-0.419723,-0.098264,-0.794960,-0.008609,-1.033913,0.276615,-1.096745,0.562560,-1.088671,-0.073301,-1.566500,0.060416,-1.844165,0.079866,-2.114135,0.048156,-0.999997,0.002537,-1.233887,0.737706,-1.013264,0.853876,-0.886562,0.761966,-0.842759,0.168440,-0.991854,0.878083,-0.782477,0.870441,-0.682177,0.714692,-0.653194,0.354565,-0.743173,0.895987,-0.597631,0.896287,-0.525542,0.781463,0.000000,0.000000,0.416725,-0.530680,0.940319,-0.950314,1.346490,-1.168264,1.421608,-1.200137,0.620240,-1.119608,0.798297,-1.962577,0.979004,-2.346956,0.961279,-2.647722,0.463599,-0.886045,1.228807,-1.120885,1.443062,-0.804385,1.212098,-0.545684,0.371401,-0.454895,1.214829,-0.580941,1.326238,-0.315505,1.087290,-0.234822,0.441557,0.007330,1.140822,-0.026118,1.319907,0.011365,1.192853,-0.030909
T,Right,legacy_bisindo_2hand_T_133,0.000000,0.000000,0.477735,-0.346668,0.767873,-0.616010,0.915441,-0.675644,0.774683,-0.592321,0.372905,-1.111600,0.360992,-1.664366,0.383849,-2.069574,0.358150,-2.381183,0.108493,-0.994097,0.544690,-0.922763,0.635761,-0.613807,0.568685,-0.456571,-0.039303,-0.696060,0.480260,-0.554322,0.568692,-0.328020,0.441047,-0.278476,-0.077117,-0.377835,0.392851,-0.156705,0.450951,-0.056553,0.325872,-0.092924,0.000000,0.000000,-0.345491,0.317761,-0.598451,0.489347,-0.803223,0.721527,-0.960009,0.906969,-1.070122,0.025015,-1.452852,0.080776,-1.712003,0.117545,-1.941469,0.140429,-0.999702,-0.024407,-1.112907,0.609989,-0.880568,0.699701,-0.742632,0.616393,-0.854850,0.037533,-0.891874,0.666676,-0.665322,0.653346,-0.557564,0.521416,-0.690950,0.146544,-0.720097,0.627112,-0.563545,0.650690,-0.485282,0.556297
T,Right,legacy_bisindo_2hand_T_134,0.000000,0.000000,-0.396664,-0.135871,-0.789918,-0.017721,-1.017422,0.271860,-1.102109,0.558890,-1.075031,-0.101732,-1.504408,-0.033351,-1.791555,-0.052073,-2.045192,-0.092262,-0.999894,0.014568,-1.156578,0.649464,-0.979580,0.747111,-0.882832,0.666164,-0.849739,0.212174,-0.887351,0.790105,-0.726179,0.748875,-0.672523,0.590340,-0.670074,0.415896,-0.674807,0.827907,-0.545916,0.788816,-0.507294,0.660569,0.000000,0.000000,0.399330,-0.342200,0.659826,-0.689878,0.804272,-0.908434,0.801286,-0.962888,0.164251,-1.126597,0.220014,-1.657039,0.235046,-2.001351,0.194157,-2.290438,0.071197,-0.997462,0.538596,-1.218115,0.674408,-0.945007,0.631145,-0.750963,0.069470,-0.745813,0.586620,-0.834890,0.625727,-0.589430,0.509597,-0.483254,0.148454,-0.486143,0.562919,-0.533287,0.576726,-0.382139,0.475585,-0.310690
T,Right,legacy_bisindo_2hand_T_135,0.000000,0.000000,0.442323,-0.280601,0.593862,-0.672775,0.647353,-0.964050,0.722332,-1.205475,0.200449,-1.083543,0.245357,-1.462776,0.279512,-1.733363,0.293989,-1.957035,0.060186,-0.998187,0.523822,-1.157434,0.697256,-0.914166,0.719830,-0.712488,0.025378,-0.821188,0.538954,-0.863971,0.607418,-0.586467,0.540398,-0.429070,0.065798,-0.617800,0.469516,-0.621654,0.498319,-0.431609,0.441081,-0.313362,0.000000,0.000000,-0.353620,0.401609,-0.603758,0.590602,-0.802094,0.789355,-0.942424,0.979732,-1.060353,0.117165,-1.390999,0.162922,-1.593370,0.189341,-1.772589,0.198018,-0.999999,0.001659,-1.137682,0.582289,-0.883194,0.735165,-0.711438,0.679891,-0.862179,-0.007002,-0.922795,0.592036,-0.694265,0.655063,-0.568296,0.559857,-0.699355,0.054391,-0.739180,0.519633,-0.598123,0.569725,-0.509034,0.483624
T,Right,legacy_bisindo_2hand_T_136,0.000000,0.000000,-0.352906,0.151973,-0.654218,0.403270,-0.819747,0.763065,-0.896400,1.051784,-1.033415,0.227914,-1.444670,0.317415,-1.706879,0.332372,-1.960283,0.327950,-0.975620,0.219465,-1.039711,0.889724,-0.796297,0.973180,-0.656022,0.894274,-0.819998,0.287520,-0.839055,0.934026,-0.613675,0.923241,-0.487305,0.797687,-0.629662,0.381359,-0.633505,0.865379,-0.499070,0.914123,-0.420514,0.854266,0.000000,0.000000,0.326890,-0.295322,0.513538,-0.540251,0.618252,-0.609652,0.455434,-0.508658,0.189363,-1.094658,0.210979,-1.579188,0.246483,-1.956587,0.230295,-2.272797,-0.090269,-0.995917,0.261190,-0.949349,0.381461,-0.668145,0.331646,-0.549177,-0.228146,-0.739658,0.191165,-0.577832,0.332313,-0.375433,0.243323,-0.345813,-0.277184,-0.455504,0.142879,-0.278994,0.261080,-0.165323,0.184442,-0.170520
T,Right,legacy_bisindo_2hand_T_137,0.000000,0.000000,0.409552,-0.109477,0.626272,-0.270124,0.819957,-0.327216,0.864958,-0.331238,0.445681,-1.002325,0.491288,-1.371378,0.527708,-1.654442,0.511777,-1.882188,0.206953,-0.978351,0.633931,-0.801394,0.737952,-0.452690,0.706510,-0.247636,0.042609,-0.761866,0.494378,-0.479797,0.561869,-0.207368,0.469665,-0.109451,-0.043063,-0.496785,0.331525,-0.206206,0.410261,-0.048637,0.354255,-0.025138,0.000000,0.000000,-0.432650,-0.103722,-0.801223,0.018353,-1.008800,0.281683,-1.053602,0.552723,-1.044250,0.024431,-1.464687,0.144771,-1.739926,0.202501,-1.975349,0.222729,-0.988377,0.152021,-1.119945,0.779192,-0.926590,0.883109,-0.828047,0.795617,-0.842478,0.321072,-0.883140,0.911476,-0.723035,0.918773,-0.671672,0.790374,-0.647857,0.481608,-0.646588,0.927338,-0.533462,0.932792,-0.497008,0.835381
T,Right,legacy_bisindo_2hand_T_138,0.000000,0.000000,-0.324107,-0.103877,-0.645063,-0.056056,-0.893866,0.102383,-1.035841,0.268661,-1.040879,-0.213961,-1.420651,-0.104390,-1.636214,-0.045799,-1.806372,-0.025241,-0.982208,-0.187796,-1.179447,0.404256,-0.991771,0.497524,-0.862583,0.408780,-0.861248,-0.088330,-1.003169,0.477905,-0.803712,0.463109,-0.693740,0.314010,-0.723010,0.032712,-0.851698,0.451252,-0.696150,0.452401,-0.593349,0.328827,0.000000,0.000000,0.401018,-0.271923,0.551536,-0.632313,0.587240,-0.916975,0.614607,-1.178324,0.250295,-1.082926,0.288381,-1.522486,0.305861,-1.878937,0.310393,-2.132875,0.115006,-0.993365,0.630421,-1.007117,0.848018,-0.760362,0.933257,-0.542269,0.074191,-0.779318,0.616537,-0.654837,0.612626,-0.435022,0.500863,-0.328960,0.112647,-0.535333,0.537915,-0.465190,0.575591,-0.305071,0.541175,-0.198074
T,Right,legacy_bisindo_2hand_T_139,0.000000,0.000000,-0.289647,-0.273666,-0.643228,-0.295592,-0.943186,-0.186120,-1.115335,-0.020191,-1.010261,-0.354538,-1.426202,-0.262332,-1.671936,-0.198285,-1.867239,-0.175317,-0.958276,-0.285844,-1.248520,0.242375,-1.091321,0.375174,-0.957628,0.346482,-0.852009,-0.139831,-1.076999,0.372619,-0.883654,0.417679,-0.750940,0.319416,-0.711937,0.026717,-0.905479,0.402977,-0.765075,0.440746,-0.645023,0.362666,0.000000,0.000000,0.390882,-0.360204,0.483583,-0.741629,0.469658,-1.041666,0.471832,-1.328467,0.142147,-1.113406,0.192904,-1.560922,0.228422,-1.911261,0.245934,-2.178507,0.006954,-0.999976,0.517356,-1.066811,0.674500,-0.801605,0.682815,-0.611838,-0.013849,-0.795166,0.530010,-0.770933,0.584506,-0.519221,0.504335,-0.389593,0.037114,-0.573540,0.463875,-0.559402,0.478452,-0.392922,0.396988,-0.306919
T,Right,legacy_bisindo_2hand_T_140,0.000000,0.000000,0.463220,-0.318730,0.580862,-0.659981,0.627666,-0.932755,0.602856,-1.174806,0.217547,-1.093843,0.215411,-1.549400,0.245414,-1.888788,0.227673,-2.146617,0.075686,-0.997132,0.586396,-0.991613,0.660045,-0.733391,0.589559,-0.611649,0.017948,-0.783791,0.576707,-0.697974,0.608124,-0.473305,0.495672,-0.400040,0.051971,-0.528275,0.463787,-0.486117,0.523427,-0.345730,0.452694,-0.287820,0.000000,0.000000,-0.345472,-0.168847,-0.703681,-0.132021,-0.974372,0.055009,-1.115118,0.257124,-1.059753,-0.186926,-1.449925,-0.112863,-1.679312,-0.089385,-1.876100,-0.093321,-0.991102,-0.133106,-1.225294,0.461340,-1.036886,0.534068,-0.912236,0.432383,-0.854912,-0.006650,-1.030376,0.562669,-0.833725,0.530727,-0.730392,0.368452,-0.690395,0.136640,-0.842605,0.571895,-0.694055,0.551755,-0.599832,0.417849
T,Right,legacy_bisindo_2hand_T_141,0.000000,0.000000,-0.188798,-0.465608,-0.145272,-0.891205,0.005496,-1.195867,0.158316,-1.318390,0.117643,-1.051727,0.189050,-1.561586,0.206677,-1.819197,0.229607,-1.984300,0.380114,-0.924940,0.558717,-1.477654,0.611362,-1.732641,0.626063,-1.896142,0.571507,-0.774539,0.670780,-1.251064,0.664817,-1.461085,0.622929,-1.582537,0.693377,-0.608705,0.718691,-0.997729,0.675981,-1.166686,0.613845,-1.246413,0.000000,0.000000,-0.367315,-0.115250,-0.737948,0.049761,-0.968418,0.334826,-1.039851,0.598460,-1.058967,-0.003138,-1.466601,0.113955,-1.706480,0.167705,-1.920804,0.190312,-0.997678,0.068107,-1.069101,0.613319,-0.933238,0.743042,-0.838828,0.722493,-0.859265,0.211125,-0.881690,0.709943,-0.727362,0.734625,-0.616514,0.648558,-0.702326,0.366431,-0.732346,0.736929,-0.630192,0.792935,-0.549924,0.763272
T,Right,legacy_bisindo_2hand_T_142,0.000000,0.000000,-0.444319,-0.017301,-0.798707,0.182640,-1.015643,0.509760,-1.132790,0.801202,-1.078782,-0.028058,-1.473030,-0.009786,-1.725730,-0.008675,-1.952511,-0.022445,-0.996304,0.085903,-1.202320,0.630636,-0.995867,0.685568,-0.913990,0.569992,-0.857233,0.259811,-0.960185,0.769246,-0.764774,0.721197,-0.710444,0.567043,-0.724853,0.439490,-0.762827,0.809156,-0.611608,0.761552,-0.558876,0.627986,0.000000,0.000000,0.515003,-0.318951,1.046634,-0.417759,1.414762,-0.290681,1.489813,-0.140918,0.735362,-1.031275,0.951493,-1.656732,1.075994,-2.109105,1.096494,-2.476859,0.507596,-0.861595,1.307275,-0.720409,1.270845,-0.393503,1.059107,-0.263891,0.321171,-0.477584,1.138662,-0.073982,1.019758,0.135479,0.755924,0.069675,0.233109,-0.053062,0.885473,0.291332,0.788413,0.370428,0.550188,0.259948
T,Right,legacy_bisindo_2hand_T_143,0.000000,0.000000,-0.266891,0.264763,-0.474196,0.663354,-0.482199,1.110329,-0.446435,1.431195,-0.911834,0.550395,-1.256578,0.769384,-1.534372,0.800234,-1.785357,0.809177,-0.823175,0.567788,-0.745645,1.264713,-0.520274,1.208121,-0.426704,1.039897,-0.623272,0.627040,-0.407645,1.248764,-0.232299,1.106808,-0.222237,0.922023,-0.386975,0.686608,-0.209211,1.132428,-0.081013,1.003522,-0.088501,0.835147,0.000000,0.000000,0.385196,-0.421120,0.764095,-0.665691,1.038660,-0.664685,1.018094,-0.502078,0.251146,-1.184082,0.351529,-1.760240,0.392715,-2.210866,0.392067,-2.562862,0.040544,-0.999178,0.752214,-1.075020,0.764392,-0.748213,0.640875,-0.573302,-0.042153,-0.620261,0.748476,-0.431295,0.649921,-0.192449,0.410635,-0.207300,-0.051622,-0.229205,0.605448,-0.013927,0.516909,0.103646,0.279066,0.052405
T,Right,legacy_bisindo_2hand_T_144,0.000000,0.000000,-0.303091,0.257589,-0.563126,0.619547,-0.640289,1.060482,-0.685044,1.379845,-0.965244,0.439275,-1.361219,0.571789,-1.648799,0.557439,-1.892094,0.521337,-0.884252,0.467011,-0.911213,1.161907,-0.707629,1.187434,-0.614060,1.059261,-0.705051,0.551850,-0.664382,1.208485,-0.501354,1.146685,-0.452454,0.985452,-0.487698,0.648921,-0.485283,1.139186,-0.371427,1.121529,-0.326869,1.008002,0.000000,0.000000,0.401685,-0.260236,0.571335,-0.638143,0.639193,-0.905829,0.692620,-1.146098,0.233327,-1.110707,0.231002,-1.615276,0.274574,-1.934306,0.267835,-2.218557,0.010967,-0.999940,0.412214,-1.107994,0.507145,-0.834747,0.442355,-0.715677,-0.119573,-0.752077,0.354332,-0.717271,0.413781,-0.442663,0.293909,-0.399481,-0.170881,-0.472712,0.266449,-0.391632,0.329200,-0.218582,0.222727,-0.203375
T,Right,legacy_bisindo_2hand_T_145,0.000000,0.000000,-0.365571,-0.214813,-0.727510,-0.174990,-0.963451,0.052422,-1.053844,0.315043,-1.012766,-0.262701,-1.410909,-0.173400,-1.650517,-0.169817,-1.858139,-0.225963,-0.985669,-0.168688,-1.129232,0.396523,-0.960805,0.479484,-0.856315,0.386244,-0.870169,0.013610,-0.958016,0.552330,-0.794564,0.543277,-0.715892,0.404918,-0.721921,0.217709,-0.788973,0.622574,-0.666779,0.609316,-0.595804,0.496291,0.000000,0.000000,0.489232,-0.376250,0.848353,-0.580480,1.082623,-0.558539,1.061657,-0.386624,0.441161,-1.109269,0.620370,-1.625240,0.711117,-2.024532,0.739685,-2.330441,0.267271,-0.963622,0.875401,-0.870202,0.903090,-0.550067,0.795132,-0.380682,0.165986,-0.638318,0.799330,-0.373109,0.753666,-0.142405,0.572740,-0.130648,0.133631,-0.295581,0.663990,-0.102999,0.660465,0.030856,0.535356,0.030729
T,Right,legacy_bisindo_2hand_T_146,0.000000,0.000000,0.424995,-0.160614,0.657336,-0.404954,0.785833,-0.576484,0.884807,-0.762163,0.512120,-0.993764,0.562510,-1.436032,0.596246,-1.754428,0.615965,-2.018625,0.283207,-0.959059,0.560609,-1.113065,0.723257,-0.854066,0.784227,-0.602271,0.122015,-0.767792,0.499489,-0.585347,0.591352,-0.305050,0.555685,-0.191214,0.017130,-0.514501,0.381209,-0.292873,0.435560,-0.137144,0.382235,-0.123102,0.000000,0.000000,-0.262052,0.362761,-0.532232,0.622718,-0.727998,0.925612,-0.902956,1.171585,-1.075512,0.187146,-1.476240,0.305024,-1.743686,0.431147,-1.961452,0.528868,-0.991549,0.129734,-1.152337,0.834109,-0.885499,0.969274,-0.757085,0.868916,-0.821774,0.165115,-0.879916,0.856881,-0.641459,0.882290,-0.570267,0.721736,-0.614062,0.243753,-0.623270,0.797469,-0.458173,0.822572,-0.404987,0.675374
T,Right,legacy_bisindo_2hand_T_147,0.000000,0.000000,0.449116,-0.111478,0.710383,-0.347072,0.875776,-0.513871,0.971360,-0.670174,0.474707,-0.978156,0.613298,-1.373949,0.701184,-1.658310,0.738681,-1.916458,0.292610,-0.956232,0.867057,-0.879938,0.801902,-0.616244,0.658792,-0.563143,0.152644,-0.816106,0.698685,-0.589352,0.633069,-0.377842,0.500961,-0.395589,0.051913,-0.600684,0.488437,-0.484749,0.454570,-0.340850,0.319535,-0.345121,0.000000,0.000000,-0.476951,-0.083211,-0.818093,-0.165562,-1.067166,-0.154973,-1.228773,-0.184028,-0.838774,-0.804421,-1.336272,-0.836911,-1.637594,-0.869869,-1.878880,-0.922052,-0.576348,-0.817204,-1.102424,-0.497407,-0.943714,-0.185433,-0.757515,-0.210284,-0.322470,-0.685047,-0.817827,-0.322007,-0.699913,-0.093953,-0.534453,-0.156217,-0.115445,-0.490298,-0.518921,-0.210920,-0.496181,-0.054463,-0.385329,-0.099339
T,Right,legacy_bisindo_2hand_T_148,0.000000,0.000000,-0.437471,0.050664,-0.737266,0.032382,-0.918721,-0.012668,-0.935478,-0.092304,-0.882812,-0.626270,-1.258939,-0.617574,-1.499653,-0.617991,-1.693601,-0.621881,-0.719546,-0.694445,-1.037493,-0.307651,-0.876198,-0.144569,-0.733928,-0.206654,-0.534341,-0.636123,-0.802483,-0.180188,-0.677029,-0.068002,-0.579188,-0.155458,-0.382098,-0.497418,-0.601422,-0.149031,-0.518743,-0.068164,-0.430811,-0.144755,0.000000,0.000000,0.290496,-0.284610,0.683246,-0.488718,1.063106,-0.560834,1.102886,-0.611177,0.350374,-1.070890,0.497879,-1.510201,0.591485,-1.850652,0.624359,-2.130993,0.274386,-0.961620,0.932401,-0.860201,0.889959,-0.627951,0.720528,-0.582749,0.257419,-0.713690,0.921118,-0.477908,0.835066,-0.299437,0.649594,-0.334017,0.319937,-0.418550,0.859110,-0.240220,0.780554,-0.118149,0.584055,-0.141161
T,Right,legacy_bisindo_2hand_T_149,0.000000,0.000000,-0.450288,-0.052061,-0.766046,-0.053844,-0.971861,0.057088,-1.042460,0.192631,-0.971453,-0.593924,-1.362290,-0.567082,-1.621430,-0.581543,-1.835641,-0.592339,-0.779954,-0.625837,-1.076978,-0.140157,-0.912594,-0.012646,-0.787276,-0.090087,-0.567239,-0.517371,-0.849702,0.014144,-0.707586,0.071689,-0.608559,-0.045217,-0.386315,-0.350813,-0.652059,0.036209,-0.561577,0.075040,-0.470093,-0.034824,0.000000,0.000000,0.459701,-0.126748,0.751659,-0.371515,0.948542,-0.526136,0.948538,-0.657071,0.390491,-0.979122,0.462366,-1.308501,0.536182,-1.552869,0.537113,-1.785609,0.236073,-0.971735,0.777751,-0.933481,0.808807,-0.609615,0.703449,-0.499737,0.148610,-0.830253,0.679414,-0.709339,0.667231,-0.446083,0.520740,-0.409802,0.116966,-0.640941,0.530897,-0.551786,0.493527,-0.395840,0.338911,-0.382418
T,Right,legacy_bisindo_2hand_T_150,0.000000,0.000000,-0.449137,-0.048071,-0.764918,-0.031060,-0.970088,0.084635,-1.034066,0.207948,-0.976254,-0.595756,-1.370021,-0.561465,-1.632327,-0.575112,-1.848355,-0.588091,-0.780256,-0.625461,-1.081423,-0.133090,-0.917344,0.000449,-0.790726,-0.083474,-0.565127,-0.512604,-0.850226,0.023951,-0.711190,0.081728,-0.610862,-0.039985,-0.384649,-0.341542,-0.653603,0.044269,-0.572776,0.084058,-0.488633,-0.026721,0.000000,0.000000,0.485794,-0.143724,0.768781,-0.377784,0.972215,-0.529820,0.953019,-0.657740,0.408096,-0.973910,0.479732,-1.312666,0.552121,-1.561769,0.554499,-1.796073,0.253065,-0.967449,0.781290,-0.949200,0.809205,-0.631173,0.704512,-0.523824,0.163695,-0.824899,0.686233,-0.722372,0.664195,-0.464698,0.514944,-0.447226,0.133360,-0.644121,0.543703,-0.539536,0.489163,-0.394317,0.323790,-0.407874
T,Right,legacy_bisindo_2hand_T_151,0.000000,0.000000,0.428436,-0.131432,0.846472,-0.042027,1.114496,0.200940,1.239400,0.411459,1.095994,-0.081654,1.543006,0.098757,1.800061,0.207411,2.017662,0.263100,0.998716,0.050654,1.227054,0.692033,0.995194,0.695960,0.870703,0.548494,0.826701,0.257113,0.987373,0.852900,0.785723,0.803920,0.690687,0.640446,0.655244,0.483791,0.728460,0.937119,0.570936,0.859073,0.510501,0.692963,0.000000,0.000000,-0.338126,-0.308650,-0.513790,-0.608120,-0.682385,-0.733419,-0.832252,-0.829143,-0.157159,-1.169974,-0.255065,-1.734124,-0.303479,-2.080535,-0.307127,-2.357817,0.046134,-0.998935,-0.390448,-1.358584,-0.671562,-1.017341,-0.692858,-0.765231,0.123896,-0.706770,-0.476569,-0.796341,-0.615050,-0.521452,-0.488381,-0.408595,0.101707,-0.369714,-0.417257,-0.404942,-0.499902,-0.249093,-0.351008,-0.207525
T,Right,legacy_bisindo_2hand_T_152,0.000000,0.000000,0.352480,0.074195,0.726974,0.300929,0.966236,0.645699,1.112535,0.896779,1.064828,-0.052783,1.540506,0.111887,1.831665,0.211928,2.079824,0.255828,0.999391,-0.034889,1.167099,0.676378,0.898402,0.775119,0.762400,0.668900,0.851611,0.093631,0.983462,0.795944,0.723808,0.833889,0.599238,0.679519,0.715950,0.299851,0.819051,0.842579,0.618357,0.861706,0.491286,0.733416,0.000000,0.000000,-0.352444,-0.238700,-0.591293,-0.507180,-0.767945,-0.712862,-0.844142,-0.916083,-0.164426,-1.099128,-0.295250,-1.617354,-0.341706,-1.975978,-0.361382,-2.250511,0.040207,-0.999191,-0.498610,-1.071270,-0.692050,-0.733934,-0.658219,-0.544412,0.150420,-0.767006,-0.428798,-0.623526,-0.497610,-0.353268,-0.363520,-0.274853,0.194112,-0.490336,-0.265384,-0.379574,-0.320033,-0.204043,-0.183037,-0.174361
T,Right,legacy_bisindo_2hand_T_153,0.000000,0.000000,0.365660,-0.008088,0.756157,0.170110,1.024188,0.482865,1.161575,0.714354,1.034318,-0.166083,1.481931,-0.103749,1.745635,-0.101827,1.962872,-0.144144,0.995213,-0.097734,1.223967,0.509015,0.991417,0.619849,0.855479,0.544633,0.878063,0.050007,1.030363,0.654072,0.795013,0.704079,0.675591,0.589845,0.744950,0.239765,0.861234,0.708517,0.681418,0.754637,0.564081,0.652589,0.000000,0.000000,-0.338080,-0.172218,-0.592191,-0.379003,-0.789370,-0.529839,-0.834174,-0.693098,-0.301430,-1.042014,-0.424830,-1.526466,-0.500357,-1.825843,-0.550306,-2.055110,-0.065846,-0.997830,-0.556823,-0.938415,-0.690826,-0.570420,-0.635831,-0.385021,0.091047,-0.799136,-0.408417,-0.569090,-0.467253,-0.291058,-0.360216,-0.214729,0.183956,-0.554830,-0.218340,-0.359412,-0.273853,-0.175309,-0.163102,-0.154987
T,Right,legacy_bisindo_2hand_T_154,0.000000,0.000000,0.451208,-0.048490,0.866303,0.184483,1.047253,0.547953,1.112751,0.867536,1.136649,-0.149988,1.611456,-0.071726,1.887908,-0.002911,2.109373,0.076560,0.998425,-0.056100,1.320065,0.566530,1.143941,0.677299,1.002209,0.653835,0.810629,0.092353,1.038526,0.700987,0.898531,0.733817,0.804095,0.633594,0.629393,0.262163,0.845488,0.714866,0.775272,0.773272,0.730828,0.709714,0.000000,0.000000,-0.443429,-0.372033,-0.932594,-0.562575,-1.414191,-0.503152,-1.734831,-0.367393,-0.792412,-0.987495,-1.003381,-1.473333,-1.055711,-1.848737,-1.067602,-2.205454,-0.603256,-0.797548,-1.398182,-0.663647,-1.533784,-0.377085,-1.503309,-0.164304,-0.503911,-0.454374,-1.341957,-0.090200,-1.423856,0.169058,-1.379820,0.286245,-0.454639,-0.094909,-1.089939,0.222310,-1.282987,0.393822,-1.366779,0.446780
T,Right,legacy_bisindo_2hand_T_155,0.000000,0.000000,-0.305033,-0.339576,-0.442076,-0.654542,-0.584422,-0.848768,-0.688747,-1.029830,-0.095122,-1.117270,-0.151577,-1.579781,-0.172702,-1.871887,-0.148553,-2.114259,0.059244,-0.998244,-0.296065,-1.345518,-0.517842,-1.069266,-0.502016,-0.860086,0.143103,-0.796003,-0.290439,-1.007438,-0.431224,-0.774650,-0.339493,-0.631828,0.147954,-0.544788,-0.200312,-0.721729,-0.317914,-0.606433,-0.231730,-0.514556,0.000000,0.000000,0.314869,0.276699,0.571140,0.524885,0.707309,0.789098,0.789061,1.018893,0.924877,0.473727,1.381637,0.583122,1.657958,0.647029,1.887451,0.672683,0.892056,0.451926,1.036688,1.140526,0.827362,1.189057,0.719035,1.033273,0.720498,0.495654,0.833395,1.174329,0.614853,1.159707,0.535268,0.978004,0.513576,0.612775,0.565257,1.166938,0.431296,1.161480,0.355211,1.010042
T,Right,legacy_bisindo_2hand_T_156,0.000000,0.000000,0.451147,-0.078676,0.869456,0.136394,1.128546,0.498431,1.276121,0.786271,1.087456,-0.149257,1.522845,0.033003,1.792692,0.083981,2.025934,0.090964,0.999710,-0.024062,1.300387,0.584408,1.099450,0.647259,0.981173,0.560447,0.856099,0.147078,1.099306,0.729620,0.908457,0.720230,0.813585,0.598759,0.699747,0.327401,0.925634,0.775021,0.778523,0.769581,0.683730,0.668835,0.000000,0.000000,-0.257038,-0.206604,-0.438796,-0.480328,-0.525713,-0.676458,-0.517755,-0.859594,-0.135580,-1.070373,-0.147709,-1.573367,-0.182699,-1.838690,-0.181706,-2.056839,0.081873,-0.996643,-0.174147,-1.285163,-0.370595,-0.993686,-0.407817,-0.754218,0.238109,-0.833210,-0.098825,-0.877512,-0.249516,-0.567665,-0.246950,-0.379940,0.343160,-0.617399,0.040453,-0.611619,-0.097645,-0.411116,-0.094243,-0.301481
T,Right,legacy_bisindo_2hand_T_157,0.000000,0.000000,-0.359358,-0.298925,-0.523596,-0.590882,-0.635531,-0.816605,-0.673273,-1.021083,-0.189120,-1.109727,-0.237835,-1.571029,-0.295657,-1.851525,-0.328513,-2.080392,0.008210,-0.999966,-0.398329,-1.168599,-0.489994,-0.860276,-0.383038,-0.709748,0.116285,-0.798693,-0.372091,-0.798417,-0.418858,-0.558658,-0.280048,-0.499460,0.137158,-0.561343,-0.276154,-0.542123,-0.318767,-0.380658,-0.190580,-0.342801,0.000000,0.000000,0.391817,0.014965,0.840292,0.146739,1.108904,0.329827,1.292686,0.491148,1.098607,-0.033445,1.532916,0.140726,1.820645,0.199023,2.063021,0.221271,0.999641,0.026804,1.172001,0.750837,0.958646,0.768513,0.863311,0.637714,0.838447,0.150769,0.971993,0.811066,0.801424,0.796530,0.737776,0.646654,0.655231,0.305845,0.843371,0.805438,0.753362,0.843722,0.701572,0.754570
T,Right,legacy_bisindo_2hand_T_158,0.000000,0.000000,0.286308,-0.410533,0.581624,-0.693613,0.866012,-0.750067,0.984628,-0.684363,0.299743,-1.126735,0.427780,-1.620208,0.511303,-1.999691,0.537571,-2.270242,0.183308,-0.983056,0.873710,-0.889562,0.897820,-0.609197,0.771691,-0.486810,0.147877,-0.702447,0.844202,-0.518029,0.773267,-0.305978,0.577852,-0.295040,0.191004,-0.398372,0.741110,-0.258903,0.676159,-0.129269,0.490836,-0.135949,0.000000,0.000000,-0.379478,-0.180257,-0.755121,-0.232013,-1.036994,-0.164077,-1.194750,-0.077945,-0.969189,-0.530640,-1.370799,-0.300733,-1.567942,-0.194884,-1.733495,-0.168647,-0.893115,-0.449829,-1.202723,0.044902,-1.033255,0.105563,-0.901720,0.014947,-0.781296,-0.282412,-1.048060,0.211483,-0.872179,0.227481,-0.760019,0.111505,-0.666958,-0.084692,-0.889171,0.268588,-0.764470,0.283374,-0.663259,0.198336
T,Right,legacy_bisindo_2hand_T_159,0.000000,0.000000,-0.412297,-0.268063,-0.640167,-0.502715,-0.848095,-0.651621,-1.006065,-0.727566,-0.436061,-1.049319,-0.581482,-1.465539,-0.647010,-1.800682,-0.683745,-2.082766,-0.270897,-0.962608,-0.814659,-0.869157,-0.852879,-0.582092,-0.716886,-0.495311,-0.184500,-0.733090,-0.738040,-0.584978,-0.711896,-0.379450,-0.546741,-0.346623,-0.147910,-0.457500,-0.609173,-0.350705,-0.609079,-0.206364,-0.465783,-0.185554,0.000000,0.000000,0.412678,0.064082,0.784849,0.173569,1.004850,0.379677,1.124065,0.536214,1.044781,-0.266187,1.430760,-0.317848,1.677709,-0.376784,1.909967,-0.449040,0.965788,-0.259332,1.214311,0.339009,1.005525,0.391601,0.904214,0.274759,0.835606,-0.150243,1.036467,0.463364,0.853092,0.468510,0.775416,0.322045,0.703714,0.017955,0.880858,0.496457,0.742397,0.511188,0.656848,0.385192
T,Right,legacy_bisindo_2hand_T_160,0.000000,0.000000,0.346192,0.253898,0.669628,0.410147,0.906177,0.436630,0.874876,0.235588,1.024586,-0.144523,1.430991,-0.109038,1.697347,-0.078507,1.929829,-0.087513,0.919779,-0.392436,0.991731,-0.023563,0.696799,0.109575,0.601266,0.050440,0.748040,-0.551091,0.749848,-0.094397,0.499622,0.050225,0.422442,-0.006074,0.535364,-0.650808,0.575973,-0.276639,0.442491,-0.108255,0.368422,-0.123112,0.000000,0.000000,-0.263562,-0.248260,-0.481648,-0.467497,-0.664433,-0.609168,-0.720284,-0.705968,-0.216603,-1.112824,-0.326347,-1.594417,-0.366875,-1.926111,-0.374033,-2.187560,-0.028551,-0.999592,-0.612347,-0.763394,-0.635732,-0.497570,-0.480024,-0.414355,0.059706,-0.732701,-0.519082,-0.434539,-0.460615,-0.279144,-0.282582,-0.291529,0.094159,-0.447425,-0.365018,-0.203804,-0.334630,-0.104491,-0.168693,-0.152070
T,Right,legacy_bisindo_2hand_T_161,0.000000,0.000000,-0.358927,-0.329711,-0.648939,-0.673749,-0.784952,-0.915826,-0.727337,-0.964347,-0.314339,-1.144792,-0.382706,-1.817241,-0.442810,-2.199349,-0.437802,-2.504049,-0.063151,-0.998004,-0.411478,-1.426300,-0.698562,-1.159485,-0.799362,-0.893587,0.072727,-0.703754,-0.546870,-0.639880,-0.680063,-0.318765,-0.580828,-0.154780,0.125583,-0.346280,-0.441566,-0.203246,-0.638619,-0.009598,-0.638958,0.056084,0.000000,0.000000,0.382565,0.395193,0.711420,0.695358,0.890992,1.020922,1.048404,1.311134,1.071444,0.255388,1.566933,0.291072,1.897395,0.319638,2.171682,0.310062,0.986454,0.164037,1.254994,0.832985,1.060594,1.169212,0.858998,1.242247,0.784189,0.183369,0.964896,0.952166,0.735751,1.169269,0.566354,1.117511,0.561500,0.321240,0.703883,0.919233,0.604074,1.147900,0.504895,1.194848
T,Right,legacy_bisindo_2hand_T_162,0.000000,0.000000,-0.316495,-0.378839,-0.409988,-0.684560,-0.477263,-0.910040,-0.544526,-1.092952,-0.086284,-1.094937,-0.143636,-1.482831,-0.144269,-1.746486,-0.144331,-1.967853,0.000060,-1.000000,-0.493952,-1.100172,-0.542695,-0.879399,-0.427774,-0.768609,0.001542,-0.818740,-0.507278,-0.844701,-0.489979,-0.656987,-0.345625,-0.592394,-0.047294,-0.614384,-0.445905,-0.617832,-0.424112,-0.488429,-0.289406,-0.436660,0.000000,0.000000,0.385768,0.269679,0.716653,0.400076,0.917225,0.595034,1.084350,0.722147,1.086669,-0.089904,1.428296,-0.054720,1.668192,-0.055159,1.874625,-0.072377,0.993119,-0.117112,1.226599,0.497844,0.994898,0.593347,0.855760,0.533579,0.847540,-0.057806,1.033806,0.543894,0.839558,0.578478,0.718762,0.461235,0.701453,0.060898,0.840979,0.484989,0.715652,0.516527,0.622700,0.424369
T,Right,legacy_bisindo_2hand_T_163,0.000000,0.000000,0.388320,0.260238,0.719718,0.422268,0.960077,0.627371,1.156120,0.795084,1.041319,-0.115659,1.478020,-0.085973,1.742297,-0.003445,1.953710,0.085208,0.991456,-0.130441,1.358572,0.421602,1.185025,0.687392,0.994944,0.798124,0.875457,-0.032361,1.032245,0.602292,0.775908,0.721593,0.592821,0.676730,0.740700,0.138417,0.866493,0.642871,0.696283,0.778293,0.545465,0.774050,0.000000,0.000000,-0.278489,-0.207005,-0.493441,-0.412993,-0.683985,-0.541667,-0.874644,-0.646385,-0.261686,-1.116507,-0.416792,-1.768084,-0.505252,-2.141227,-0.550490,-2.446658,-0.001187,-0.999999,-0.501685,-1.208788,-0.705791,-0.824968,-0.688247,-0.580081,0.161279,-0.734838,-0.460333,-0.582046,-0.563592,-0.254207,-0.444132,-0.123993,0.262537,-0.420289,-0.250842,-0.275032,-0.362396,-0.064613,-0.268955,-0.001533
T,Right,legacy_bisindo_2hand_T_164,0.000000,0.000000,0.414038,0.221038,0.751476,0.353440,0.971494,0.583168,1.116984,0.747264,1.061424,-0.147153,1.409570,-0.227004,1.637086,-0.219388,1.857532,-0.174390,0.983008,-0.183560,1.179396,0.485091,0.916457,0.632677,0.759139,0.590088,0.841208,-0.077538,1.033507,0.605807,0.742553,0.728635,0.580709,0.655056,0.704316,0.107641,0.861466,0.623895,0.684658,0.794303,0.547410,0.786689,0.000000,0.000000,-0.275415,-0.205522,-0.454418,-0.495087,-0.385114,-0.659154,-0.187802,-0.674696,-0.279545,-1.061883,-0.310128,-1.593814,-0.343778,-1.907412,-0.367996,-2.181015,-0.029158,-0.999575,-0.075381,-1.197413,-0.108108,-0.808743,-0.112226,-0.573552,0.207522,-0.879835,0.161522,-0.991625,0.079956,-0.632758,0.048840,-0.447565,0.422081,-0.731444,0.398289,-0.822728,0.282529,-0.596250,0.242184,-0.475007
T,Right,legacy_bisindo_2hand_T_165,0.000000,0.000000,-0.396553,-0.327606,-0.625549,-0.631054,-0.764964,-0.770374,-0.716241,-0.638528,-0.184592,-1.150120,-0.213832,-1.813334,-0.248352,-2.232606,-0.254553,-2.565503,0.082224,-0.996614,-0.374500,-1.050605,-0.554573,-0.679305,-0.474979,-0.494816,0.218981,-0.708698,-0.302353,-0.595831,-0.418976,-0.363362,-0.296172,-0.299054,0.263658,-0.385539,-0.150089,-0.257897,-0.245863,-0.117008,-0.118187,-0.097826,0.000000,0.000000,0.346138,0.364896,0.625280,0.540213,0.803399,0.730800,0.962997,0.849771,1.070766,0.057113,1.426557,0.096555,1.690972,0.137071,1.922361,0.165253,0.999931,-0.011729,1.136570,0.642858,0.871754,0.699013,0.727048,0.595249,0.861996,0.030172,0.943771,0.658889,0.702294,0.680628,0.591961,0.559037,0.699857,0.151157,0.754239,0.627625,0.578420,0.659949,0.476666,0.563307
T,Right,legacy_bisindo_2hand_T_166,0.000000,0.000000,0.434815,-0.064486,0.810915,0.080389,1.012908,0.350389,1.077007,0.608309,1.076919,-0.019734,1.512279,-0.023495,1.819994,-0.021267,2.061637,-0.021319,0.995203,0.097832,1.149114,0.722502,0.971065,0.826816,0.854117,0.766077,0.827272,0.261742,0.878899,0.842441,0.712612,0.824656,0.644565,0.684438,0.643466,0.443348,0.689690,0.854392,0.574314,0.848741,0.526270,0.739101,0.000000,0.000000,-0.375180,-0.411133,-0.569520,-0.716112,-0.765601,-0.905607,-0.882886,-0.993445,-0.088666,-1.176644,-0.156724,-1.746117,-0.179958,-2.112764,-0.167802,-2.420320,-0.003338,-0.999994,-0.461546,-1.281354,-0.648308,-0.959467,-0.563222,-0.777296,-0.023872,-0.770296,-0.558259,-0.906366,-0.638204,-0.650666,-0.487041,-0.546787,-0.109981,-0.516863,-0.562444,-0.592553,-0.625353,-0.424047,-0.480631,-0.359608
T,Right,legacy_bisindo_2hand_T_167,0.000000,0.000000,-0.396955,-0.338975,-0.513111,-0.706123,-0.583078,-1.002651,-0.695627,-1.261353,-0.133923,-1.077212,-0.223098,-1.498306,-0.264980,-1.753451,-0.284340,-1.981549,-0.015874,-0.999874,-0.435609,-1.227696,-0.603883,-0.960848,-0.623879,-0.729925,0.015396,-0.851317,-0.473901,-0.901718,-0.542001,-0.631683,-0.484360,-0.453784,-0.012239,-0.670256,-0.408409,-0.690805,-0.460084,-0.507171,-0.385825,-0.390682,0.000000,0.000000,0.321778,0.491615,0.605189,0.718459,0.750616,0.922288,0.873599,1.086506,1.079304,0.260923,1.402294,0.261766,1.619581,0.262679,1.832280,0.255820,0.993471,0.114084,1.059430,0.742618,0.763530,0.847096,0.600522,0.799304,0.822558,0.083064,0.863923,0.708276,0.607308,0.756787,0.485330,0.644693,0.638820,0.145877,0.670394,0.627789,0.485874,0.678590,0.382438,0.587796
T,Right,legacy_bisindo_2hand_T_168,0.000000,0.000000,0.259939,0.386562,0.555610,0.660381,0.722552,0.932045,0.818465,1.149610,1.003751,0.350052,1.389019,0.363521,1.652957,0.418979,1.904845,0.446091,0.954950,0.296766,1.011944,0.963712,0.742538,1.046721,0.607693,0.948969,0.792768,0.336858,0.783261,0.971732,0.511174,0.978840,0.412881,0.830856,0.598264,0.445166,0.611316,0.922491,0.424033,0.964803,0.316108,0.869236,0.000000,0.000000,-0.267941,-0.266501,-0.447811,-0.528273,-0.471728,-0.650820,-0.328055,-0.589051,-0.057301,-1.092276,-0.087755,-1.624153,-0.118975,-1.958331,-0.144714,-2.230393,0.196988,-0.980406,-0.143564,-0.948336,-0.268737,-0.690060,-0.221738,-0.582171,0.320766,-0.748618,-0.109271,-0.592518,-0.221235,-0.447650,-0.156000,-0.427363,0.365901,-0.486160,-0.011212,-0.349859,-0.112108,-0.246517,-0.047187,-0.243268
T,Right,legacy_bisindo_2hand_T_169,0.000000,0.000000,-0.194694,-0.120666,-0.444080,-0.267650,-0.660553,-0.280659,-0.817581,-0.263568,-0.256839,-1.040366,-0.335899,-1.537596,-0.399601,-1.849154,-0.446117,-2.094229,-0.011478,-0.999934,-0.520032,-0.780167,-0.697286,-0.386381,-0.681571,-0.153352,0.152055,-0.762470,-0.316393,-0.460319,-0.421569,-0.154072,-0.343841,-0.016198,0.282664,-0.471358,-0.081167,-0.210900,-0.207290,-0.017340,-0.160181,0.047829,0.000000,0.000000,-0.134039,0.578584,0.064567,1.041995,0.361971,1.309799,0.626597,1.379514,0.488380,0.768332,0.837264,1.045267,0.999941,0.985967,1.234085,0.909020,0.810505,0.585732,0.880425,1.391714,0.595353,1.460873,0.499554,1.323372,1.033138,0.402901,1.144986,1.225408,0.907661,1.280439,0.842333,1.119468,1.191927,0.253107,1.572134,0.559513,1.703621,0.544804,1.896408,0.414403
T,Right,legacy_bisindo_2hand_T_170,0.000000,0.000000,0.408879,-0.002000,0.782828,0.088489,1.017757,0.268833,1.176625,0.418379,1.055983,-0.125918,1.472943,-0.078346,1.746998,-0.050541,1.980501,-0.055050,0.993920,-0.110107,1.270553,0.546047,1.073716,0.704073,0.952827,0.658776,0.855308,-0.003834,1.054971,0.633406,0.864577,0.698429,0.761475,0.573690,0.710515,0.149583,0.842866,0.616105,0.710118,0.642222,0.636512,0.529178,0.000000,0.000000,-0.301152,-0.339274,-0.419173,-0.663241,-0.499034,-0.922751,-0.549454,-1.173026,-0.069293,-1.099475,-0.096374,-1.583069,-0.114550,-1.893166,-0.133909,-2.158813,0.075458,-0.997149,-0.428927,-1.031971,-0.512881,-0.773404,-0.426532,-0.637258,0.106948,-0.787952,-0.438144,-0.701205,-0.461588,-0.504206,-0.344129,-0.455321,0.068991,-0.556526,-0.373189,-0.461666,-0.397883,-0.322977,-0.282001,-0.295889
T,Right,legacy_bisindo_2hand_T_171,0.000000,0.000000,0.211387,-0.450151,0.203901,-0.941646,0.002304,-1.217602,-0.237476,-1.333563,-0.081438,-1.054969,-0.204200,-1.772765,-0.228047,-2.187866,-0.231813,-2.496776,-0.386863,-0.922137,-0.620654,-1.545886,-0.590585,-1.725306,-0.535642,-1.769712,-0.605872,-0.753833,-0.733054,-1.330778,-0.599907,-1.447700,-0.488194,-1.447455,-0.740934,-0.573174,-0.807693,-1.050370,-0.684419,-1.150714,-0.579595,-1.131229,0.000000,0.000000,0.404499,-0.043543,0.749222,0.141819,0.924512,0.453050,0.984480,0.735014,1.046883,0.057007,1.447060,0.186634,1.680724,0.238305,1.879416,0.269625,0.988980,0.148046,1.076369,0.695052,0.866774,0.738241,0.746181,0.682373,0.844638,0.267990,0.832945,0.777711,0.645969,0.769981,0.548747,0.682013,0.689864,0.402280,0.692158,0.776318,0.553450,0.824853,0.468979,0.797648
T,Right,legacy_bisindo_2hand_T_172,0.000000,0.000000,0.416288,-0.004768,0.757274,0.155334,0.968568,0.421622,1.062198,0.674642,1.068730,0.026021,1.459257,0.025085,1.707514,0.023453,1.930500,0.034713,0.991636,0.129068,1.201292,0.718546,1.006540,0.751933,0.910247,0.641127,0.836719,0.268271,0.958595,0.826016,0.749823,0.794302,0.664982,0.658704,0.670245,0.438861,0.739105,0.854787,0.592591,0.821769,0.522566,0.689093,0.000000,0.000000,-0.421356,-0.341332,-0.838140,-0.530543,-1.239664,-0.450251,-1.413585,-0.316789,-0.577353,-1.156383,-0.865770,-1.690104,-0.931359,-2.058046,-0.934617,-2.403791,-0.350669,-0.936499,-1.076795,-0.807020,-1.079878,-0.521019,-0.905543,-0.429740,-0.203680,-0.572806,-0.939759,-0.194326,-0.839674,-0.058076,-0.614882,-0.115787,-0.112873,-0.202489,-0.702443,0.084486,-0.628151,0.170939,-0.424574,0.093898
T,Right,legacy_bisindo_2hand_T_173,0.000000,0.000000,0.337782,0.250170,0.586555,0.575486,0.664178,0.935941,0.693604,1.219954,0.996738,0.367113,1.322131,0.480483,1.535641,0.503735,1.735457,0.505486,0.928278,0.371886,0.884899,0.999122,0.691212,0.999624,0.627528,0.885394,0.764022,0.417654,0.653727,1.004473,0.491984,0.939829,0.478916,0.786570,0.582682,0.506292,0.497088,0.950636,0.376629,0.889539,0.369239,0.750020,0.000000,0.000000,-0.262011,-0.356919,-0.559094,-0.631924,-0.820745,-0.641314,-0.879772,-0.500577,-0.267773,-1.172627,-0.359267,-1.784260,-0.441676,-2.233037,-0.503915,-2.599898,-0.042003,-0.999117,-0.501603,-1.061407,-0.637225,-0.779977,-0.596423,-0.612487,0.065405,-0.677743,-0.577627,-0.443331,-0.600687,-0.241767,-0.429110,-0.221330,0.087457,-0.331448,-0.452507,-0.150055,-0.451525,-0.014221,-0.259054,-0.029309
T,Right,legacy_bisindo_2hand_T_174,0.000000,0.000000,-0.165159,-0.363559,-0.343189,-0.667421,-0.571707,-0.758800,-0.683137,-0.669941,-0.086500,-1.163798,-0.195517,-1.688575,-0.233855,-2.034226,-0.264160,-2.324022,0.081195,-0.996698,-0.485443,-0.973023,-0.562880,-0.751905,-0.489017,-0.630250,0.133227,-0.693200,-0.507665,-0.512985,-0.481440,-0.383712,-0.326485,-0.358408,0.127338,-0.375015,-0.368198,-0.260162,-0.347022,-0.171556,-0.179489,-0.169457,0.000000,0.000000,0.212878,0.279807,0.358010,0.705580,0.402954,1.135681,0.489034,1.443584,0.903545,0.557724,1.329135,0.773901,1.618341,0.892864,1.883581,0.985856,0.831110,0.556108,0.730697,1.240747,0.525343,1.226426,0.491336,1.089629,0.612316,0.598324,0.430763,1.242572,0.253757,1.110214,0.289305,0.937817,0.343639,0.702016,0.194190,1.195673,0.066552,1.050212,0.069911,0.860755
T,Right,legacy_bisindo_2hand_T_175,0.000000,0.000000,0.373788,-0.216759,0.767754,-0.184896,1.006018,0.006806,1.125623,0.210237,1.024067,-0.280368,1.481356,-0.182841,1.742798,-0.194963,1.959540,-0.240858,0.988821,-0.149106,1.191098,0.442524,0.984614,0.498497,0.885849,0.397171,0.872855,0.038773,1.015482,0.608298,0.848158,0.621565,0.770991,0.484080,0.750767,0.240690,0.846533,0.681263,0.710916,0.673475,0.649194,0.535396,0.000000,0.000000,-0.383242,-0.410594,-0.664089,-0.659418,-0.917774,-0.601819,-1.062914,-0.389995,-0.310756,-1.191181,-0.557820,-1.743352,-0.645499,-2.148140,-0.678134,-2.511022,-0.102807,-0.994701,-0.804354,-0.908787,-0.853872,-0.551689,-0.700102,-0.425449,-0.008445,-0.637996,-0.738420,-0.378872,-0.710923,-0.186244,-0.515476,-0.170907,0.010402,-0.260591,-0.578345,-0.086082,-0.571579,0.025508,-0.386796,0.007864
T,Right,legacy_bisindo_2hand_T_176,0.000000,0.000000,0.224641,0.483613,0.513705,0.741271,0.717726,0.970333,0.874823,1.169185,1.051476,0.265961,1.416052,0.351795,1.681509,0.500519,1.914642,0.611411,0.986220,0.165437,1.079746,0.924198,0.779148,1.034317,0.632408,0.951484,0.803611,0.190399,0.852776,0.914098,0.584872,0.940732,0.515192,0.781030,0.580230,0.285239,0.576157,0.857838,0.400179,0.863485,0.346122,0.691772,0.000000,0.000000,-0.361316,-0.169424,-0.586119,-0.415802,-0.749671,-0.613480,-0.878390,-0.859159,-0.375015,-1.035405,-0.505373,-1.600717,-0.605178,-1.912141,-0.660970,-2.172248,-0.146645,-0.989189,-0.487813,-1.227944,-0.705244,-0.894258,-0.735586,-0.643392,0.014826,-0.809672,-0.446854,-0.687149,-0.543493,-0.376990,-0.447286,-0.260331,0.118779,-0.556674,-0.302192,-0.384820,-0.383785,-0.180591,-0.281347,-0.138462
T,Right,legacy_bisindo_2hand_T_177,0.000000,0.000000,0.412129,-0.018418,0.714894,-0.209859,0.909951,-0.356445,1.049688,-0.486346,0.617613,-0.883326,0.833562,-1.268928,0.976262,-1.553237,1.060897,-1.813196,0.416613,-0.909084,0.976595,-0.713024,0.862324,-0.480229,0.708138,-0.469163,0.236989,-0.804937,0.744884,-0.435743,0.624398,-0.251556,0.502044,-0.321039,0.079791,-0.619001,0.505327,-0.373778,0.427769,-0.228108,0.290966,-0.269563,0.000000,0.000000,-0.466612,-0.139905,-0.796718,-0.286069,-1.027788,-0.340403,-1.134847,-0.423190,-0.665270,-0.954706,-1.130795,-1.068127,-1.423969,-1.146571,-1.636724,-1.233331,-0.404249,-0.914649,-0.963475,-0.660911,-0.889438,-0.308245,-0.715607,-0.296250,-0.176934,-0.733277,-0.723331,-0.423362,-0.657992,-0.160974,-0.502991,-0.189814,-0.013751,-0.494916,-0.465358,-0.269843,-0.463050,-0.102422,-0.348960,-0.132607
T,Right,legacy_bisindo_2hand_T_178,0.000000,0.000000,0.414620,0.249588,0.769342,0.323768,1.008314,0.403698,1.183694,0.408151,1.140544,-0.173513,1.583195,-0.062808,1.888771,0.042093,2.153310,0.084786,0.939618,-0.342225,1.213282,0.133511,0.928474,0.314809,0.762305,0.263112,0.655106,-0.374000,0.869658,0.158230,0.619120,0.328207,0.494307,0.220986,0.376663,-0.346475,0.535807,0.123373,0.429987,0.279238,0.361068,0.188460,0.000000,0.000000,-0.299628,-0.346980,-0.420460,-0.636016,-0.475417,-0.856522,-0.513344,-1.009091,0.038972,-1.075405,0.069407,-1.450626,0.110689,-1.709514,0.152057,-1.920635,0.200254,-0.979744,-0.313034,-1.105500,-0.433507,-0.852705,-0.316327,-0.754925,0.260044,-0.801618,-0.319534,-0.803737,-0.367130,-0.594739,-0.229805,-0.532753,0.238080,-0.597490,-0.219712,-0.627386,-0.256129,-0.488444,-0.133995,-0.430963
T,Right,legacy_bisindo_2hand_T_179,0.000000,0.000000,-0.456689,-0.122799,-0.787959,-0.255880,-1.029173,-0.297771,-1.139100,-0.351185,-0.715353,-0.913919,-1.191156,-1.009444,-1.489916,-1.083304,-1.713514,-1.168353,-0.451972,-0.892032,-1.002226,-0.612879,-0.905030,-0.260468,-0.729712,-0.247198,-0.212969,-0.725213,-0.743272,-0.387125,-0.658758,-0.126854,-0.502538,-0.156463,-0.035706,-0.496944,-0.474015,-0.245746,-0.459596,-0.073207,-0.343789,-0.104367,0.000000,0.000000,0.432365,-0.030446,0.744051,-0.227683,0.931149,-0.388868,1.032894,-0.538116,0.591324,-0.896950,0.793827,-1.293293,0.921980,-1.573188,1.000044,-1.832779,0.400594,-0.916256,0.959944,-0.744916,0.862736,-0.507504,0.718851,-0.487551,0.235634,-0.804059,0.753421,-0.457000,0.646996,-0.264876,0.523583,-0.324942,0.101983,-0.608435,0.531123,-0.397284,0.462647,-0.254622,0.324610,-0.288303
T,Right,legacy_bisindo_2hand_T_180,0.000000,0.000000,-0.274462,-0.335455,-0.388401,-0.620379,-0.447650,-0.842754,-0.485028,-1.015244,0.075023,-1.066342,0.109222,-1.458512,0.158523,-1.725302,0.206069,-1.939885,0.249949,-0.968259,-0.265454,-1.099305,-0.387387,-0.845139,-0.262965,-0.745340,0.312413,-0.781539,-0.276886,-0.787797,-0.327912,-0.594457,-0.197926,-0.540095,0.283288,-0.573981,-0.189536,-0.595764,-0.220847,-0.456307,-0.095690,-0.400443,0.000000,0.000000,0.446540,0.294565,0.817908,0.414932,1.056290,0.501004,1.205827,0.464566,1.190448,-0.079879,1.652419,0.048715,1.946046,0.150728,2.218479,0.193286,0.969022,-0.246976,1.243358,0.257635,0.936490,0.414355,0.769728,0.358335,0.663805,-0.275896,0.900563,0.270533,0.629228,0.402760,0.494837,0.289202,0.372654,-0.235180,0.535127,0.229055,0.436768,0.356907,0.390849,0.265950
T,Right,legacy_bisindo_2hand_T_181,0.000000,0.000000,-0.388860,-0.224866,-0.596238,-0.444133,-0.724379,-0.620152,-0.820562,-0.775142,-0.345641,-1.005713,-0.461235,-1.378862,-0.518454,-1.640792,-0.554650,-1.854142,-0.159370,-0.987219,-0.669757,-0.913278,-0.700244,-0.658475,-0.565925,-0.602155,-0.040719,-0.849867,-0.577398,-0.642447,-0.550394,-0.445767,-0.408596,-0.431500,0.010592,-0.664706,-0.420507,-0.520047,-0.405570,-0.377377,-0.275348,-0.365135,0.000000,0.000000,0.439442,0.051121,0.761394,-0.014607,1.011649,-0.023668,1.179873,-0.084880,0.935523,-0.644844,1.391937,-0.707673,1.756285,-0.736001,2.036618,-0.782587,0.666483,-0.745520,1.122592,-0.398338,0.929492,-0.123883,0.752257,-0.092644,0.374507,-0.675707,0.793057,-0.218196,0.619916,0.027923,0.459043,-0.032237,0.100894,-0.545403,0.423844,-0.137222,0.388463,0.060788,0.294647,0.006824
T,Right,legacy_bisindo_2hand_T_182,0.000000,0.000000,0.441222,-0.035973,0.743031,-0.233427,0.930093,-0.399662,1.041965,-0.570759,0.563737,-0.914396,0.748713,-1.338587,0.877999,-1.636000,0.956134,-1.893343,0.375802,-0.926700,0.940766,-0.799915,0.864286,-0.551385,0.728883,-0.503131,0.214025,-0.801212,0.741322,-0.468560,0.635841,-0.256305,0.500570,-0.301453,0.087633,-0.596492,0.519229,-0.396360,0.455765,-0.249275,0.309707,-0.273043,0.000000,0.000000,-0.497749,-0.083053,-0.837340,-0.194125,-1.076806,-0.219553,-1.272417,-0.312802,-0.779079,-0.898163,-1.282419,-0.983212,-1.598467,-1.061051,-1.829781,-1.156766,-0.482607,-0.875837,-1.073871,-0.606261,-0.946363,-0.240356,-0.757495,-0.236612,-0.206107,-0.698618,-0.796104,-0.370016,-0.705025,-0.086045,-0.514953,-0.121116,0.010558,-0.464257,-0.474666,-0.219274,-0.498123,-0.027676,-0.375943,-0.043436
T,Right,legacy_bisindo_2hand_T_183,0.000000,0.000000,0.431333,0.187411,0.794020,0.212179,1.042933,0.259066,1.227717,0.239904,1.103485,-0.328675,1.554793,-0.281484,1.873101,-0.218220,2.138940,-0.211257,0.881701,-0.471808,1.212889,-0.043923,0.968123,0.172771,0.802185,0.148252,0.595245,-0.467950,0.869144,0.033481,0.649946,0.234500,0.518002,0.149847,0.317435,-0.400070,0.543540,0.043251,0.461551,0.210465,0.384358,0.131571,0.000000,0.000000,-0.321905,-0.302664,-0.471104,-0.567318,-0.560745,-0.774443,-0.615289,-0.937195,-0.079360,-1.065460,-0.096409,-1.452460,-0.086207,-1.719516,-0.070848,-1.937460,0.104442,-0.994531,-0.415333,-1.046940,-0.499417,-0.786742,-0.369342,-0.701792,0.188577,-0.819596,-0.385934,-0.744166,-0.411345,-0.550143,-0.280922,-0.512807,0.185504,-0.612476,-0.276322,-0.568893,-0.292658,-0.429623,-0.166589,-0.393064
T,Right,legacy_bisindo_2hand_T_184,0.000000,0.000000,0.417896,0.027257,0.740365,-0.122381,0.948683,-0.247099,1.100610,-0.361180,0.715795,-0.804239,0.970296,-1.170163,1.144543,-1.436584,1.255693,-1.680384,0.522999,-0.852334,1.048688,-0.596211,0.918018,-0.377774,0.768992,-0.377215,0.335754,-0.769397,0.791340,-0.334660,0.653639,-0.161980,0.541102,-0.238920,0.158282,-0.599924,0.550509,-0.307975,0.462500,-0.168503,0.334532,-0.217190,0.000000,0.000000,-0.424983,-0.228677,-0.725549,-0.417773,-0.957842,-0.498730,-1.041666,-0.545957,-0.537469,-1.022483,-0.987122,-1.204723,-1.266159,-1.322824,-1.483137,-1.449654,-0.287477,-0.957788,-0.861546,-0.790741,-0.812913,-0.436325,-0.639167,-0.402720,-0.089062,-0.758697,-0.651795,-0.537609,-0.606943,-0.273960,-0.447543,-0.285445,0.041339,-0.514933,-0.417263,-0.355429,-0.427321,-0.190305,-0.308446,-0.208181
T,Right,legacy_bisindo_2hand_T_185,0.000000,0.000000,-0.402738,-0.155972,-0.637365,-0.350878,-0.796568,-0.517327,-0.912090,-0.636512,-0.447031,-0.962564,-0.607894,-1.317648,-0.693384,-1.568661,-0.750626,-1.786105,-0.259606,-0.965715,-0.764333,-0.816556,-0.739102,-0.524558,-0.576333,-0.507705,-0.123942,-0.837418,-0.630203,-0.558071,-0.577128,-0.349503,-0.433296,-0.367794,-0.048706,-0.652883,-0.462084,-0.437042,-0.416217,-0.291262,-0.276179,-0.303415,0.000000,0.000000,0.514009,0.036096,0.824142,-0.034221,1.048469,-0.068904,1.259171,-0.156353,0.913108,-0.740154,1.379548,-0.847237,1.753929,-0.937380,2.028324,-1.019329,0.622016,-0.783004,1.149751,-0.493202,0.966446,-0.218653,0.776907,-0.160801,0.315997,-0.664891,0.823073,-0.253238,0.652399,-0.001801,0.476240,-0.056057,0.056277,-0.487414,0.430790,-0.112262,0.394841,0.069600,0.267329,0.000297
T,Right,legacy_bisindo_2hand_T_186,0.000000,0.000000,0.409178,-0.015022,0.704908,-0.208288,0.899882,-0.353753,1.052368,-0.489259,0.608224,-0.889658,0.827485,-1.273587,0.972236,-1.558823,1.056634,-1.818460,0.409332,-0.912386,0.973959,-0.720793,0.857594,-0.483998,0.702179,-0.474038,0.234588,-0.807664,0.744433,-0.441840,0.625601,-0.257306,0.505047,-0.329806,0.082306,-0.622273,0.508692,-0.368898,0.427886,-0.222695,0.290156,-0.270129,0.000000,0.000000,-0.450395,-0.153116,-0.769684,-0.302175,-1.003616,-0.361685,-1.129771,-0.422024,-0.672143,-0.947123,-1.128435,-1.073014,-1.415607,-1.157712,-1.634414,-1.253595,-0.409620,-0.912256,-0.965655,-0.676625,-0.886311,-0.323906,-0.710264,-0.308597,-0.177730,-0.735819,-0.721884,-0.454598,-0.654631,-0.192434,-0.497858,-0.219502,-0.007830,-0.504148,-0.460347,-0.291557,-0.457734,-0.121121,-0.342151,-0.146719
T,Right,legacy_bisindo_2hand_T_187,0.000000,0.000000,-0.396220,-0.175855,-0.623812,-0.389980,-0.767957,-0.570327,-0.872741,-0.702740,-0.401146,-0.995100,-0.542636,-1.365125,-0.614049,-1.631130,-0.660646,-1.851375,-0.197046,-0.980394,-0.719830,-0.865849,-0.723264,-0.586839,-0.571026,-0.554877,-0.060242,-0.839074,-0.597070,-0.593330,-0.555835,-0.394961,-0.410172,-0.397127,0.002796,-0.643738,-0.432670,-0.467067,-0.403390,-0.325878,-0.267059,-0.325256,0.000000,0.000000,0.476923,0.052950,0.798689,-0.017926,1.046551,-0.041590,1.213804,-0.119453,0.924602,-0.681935,1.386853,-0.771775,1.754841,-0.827954,2.030075,-0.887023,0.652699,-0.757617,1.139471,-0.419513,0.955840,-0.147541,0.779780,-0.113061,0.358151,-0.666921,0.815124,-0.217792,0.638550,0.031492,0.472638,-0.032020,0.090876,-0.510690,0.441840,-0.112196,0.406889,0.085350,0.295676,0.026743
T,Right,legacy_bisindo_2hand_T_188,0.000000,0.000000,0.457208,-0.131399,0.713368,-0.378617,0.859219,-0.548692,0.941442,-0.706981,0.456507,-0.989124,0.579170,-1.387841,0.653308,-1.666104,0.680034,-1.919278,0.274474,-0.961595,0.824621,-0.888966,0.773742,-0.629166,0.638688,-0.575851,0.138891,-0.828167,0.670610,-0.594034,0.598891,-0.377621,0.467445,-0.396671,0.046774,-0.619076,0.472515,-0.493360,0.443790,-0.339894,0.307868,-0.340378,0.000000,0.000000,-0.477639,-0.089707,-0.801642,-0.166240,-1.024277,-0.168821,-1.155657,-0.205301,-0.837630,-0.780181,-1.322074,-0.810908,-1.620729,-0.841269,-1.871205,-0.887937,-0.583885,-0.811836,-1.090375,-0.500073,-0.918369,-0.204774,-0.735041,-0.233982,-0.339971,-0.702597,-0.802019,-0.323803,-0.676378,-0.106796,-0.523873,-0.169749,-0.142699,-0.525609,-0.525698,-0.230141,-0.489328,-0.078384,-0.382941,-0.123565
T,Right,legacy_bisindo_2hand_T_189,0.000000,0.000000,-0.438126,0.079049,-0.739725,0.034437,-0.960559,-0.037642,-1.132063,-0.088123,-0.881784,-0.608401,-1.199979,-0.846521,-1.403718,-1.029010,-1.562749,-1.187127,-0.715845,-0.698259,-1.085727,-0.331389,-0.934966,-0.087375,-0.798827,-0.146671,-0.527613,-0.653064,-0.830333,-0.158675,-0.696014,0.002673,-0.587468,-0.074896,-0.360900,-0.527772,-0.614191,-0.132180,-0.510452,-0.029181,-0.398051,-0.111851,0.000000,0.000000,0.380419,-0.224690,0.602053,-0.477623,0.803977,-0.634639,0.910914,-0.780335,0.373755,-1.077767,0.698835,-1.394383,0.969160,-1.619971,1.149633,-1.819359,0.100921,-0.994894,0.675014,-0.979215,0.679572,-0.641162,0.533851,-0.524119,-0.080324,-0.772781,0.514383,-0.649098,0.526889,-0.351565,0.362794,-0.321056,-0.201491,-0.507330,0.303041,-0.383522,0.378504,-0.204620,0.245846,-0.196134
T,Right,legacy_bisindo_2hand_T_190,0.000000,0.000000,-0.414864,-0.040268,-0.706711,-0.164086,-0.909267,-0.283477,-1.051540,-0.372759,-0.678762,-0.826787,-0.941298,-1.141127,-1.081883,-1.373043,-1.186831,-1.586932,-0.478523,-0.878075,-0.950499,-0.605696,-0.858209,-0.323037,-0.703124,-0.356707,-0.301527,-0.783077,-0.736833,-0.372502,-0.630283,-0.182914,-0.489972,-0.242892,-0.170795,-0.613452,-0.538593,-0.290021,-0.453890,-0.160964,-0.316242,-0.213276,0.000000,0.000000,0.474806,-0.094353,0.777203,-0.263917,1.020010,-0.360980,1.145229,-0.476477,0.662959,-0.956683,1.092142,-1.199786,1.442111,-1.378921,1.691066,-1.538411,0.350596,-0.936527,0.973020,-0.760372,0.871601,-0.426435,0.693454,-0.331320,0.093756,-0.730042,0.721423,-0.447605,0.636059,-0.167102,0.443384,-0.179530,-0.100172,-0.482364,0.388350,-0.200365,0.400434,-0.022873,0.262564,-0.060908
T,Right,legacy_bisindo_2hand_T_191,0.000000,0.000000,-0.353073,-0.273363,-0.533507,-0.515128,-0.634532,-0.706701,-0.717384,-0.875657,-0.235882,-1.035339,-0.301523,-1.419568,-0.340907,-1.673187,-0.366776,-1.883836,-0.053126,-0.998588,-0.563702,-0.985588,-0.610880,-0.746503,-0.481127,-0.670070,0.047783,-0.848789,-0.496703,-0.707597,-0.482759,-0.518236,-0.339974,-0.490326,0.078110,-0.658617,-0.355547,-0.563288,-0.352134,-0.426577,-0.221211,-0.403547,0.000000,0.000000,0.454593,0.131544,0.810944,0.101399,1.060985,0.108079,1.245287,0.074608,1.046675,-0.479722,1.496662,-0.493862,1.824982,-0.476919,2.093907,-0.506079,0.805052,-0.593204,1.187421,-0.211655,0.970789,0.034844,0.793921,0.035481,0.517546,-0.550960,0.856662,-0.090350,0.666373,0.143578,0.521606,0.078563,0.249263,-0.446610,0.525561,-0.029122,0.470949,0.153779,0.384135,0.087634
T,Right,legacy_bisindo_2hand_T_192,0.000000,0.000000,-0.407777,-0.130058,-0.662710,-0.308282,-0.834346,-0.458556,-0.949923,-0.572632,-0.510960,-0.938062,-0.703917,-1.292673,-0.806141,-1.543921,-0.879189,-1.766478,-0.308116,-0.951349,-0.812062,-0.773023,-0.782056,-0.485214,-0.627368,-0.483262,-0.155176,-0.827867,-0.651403,-0.515848,-0.589800,-0.315365,-0.446969,-0.343490,-0.063851,-0.642957,-0.477228,-0.399506,-0.426474,-0.258723,-0.287699,-0.282629,0.000000,0.000000,0.490232,0.017891,0.812617,-0.075330,1.051425,-0.127718,1.234163,-0.232581,0.858036,-0.778367,1.309846,-0.931345,1.676736,-1.040268,1.948014,-1.132710,0.567805,-0.823163,1.109237,-0.556368,0.964517,-0.258573,0.786432,-0.175094,0.274665,-0.693374,0.798660,-0.298448,0.654956,-0.024653,0.477593,-0.049800,0.023919,-0.501369,0.436879,-0.121894,0.410693,0.060911,0.280337,0.003945
T,Right,legacy_bisindo_2hand_T_193,0.000000,0.000000,-0.528162,-0.131857,-0.862251,-0.253477,-1.101182,-0.284242,-1.287151,-0.386516,-0.749094,-0.939208,-1.258117,-1.064470,-1.562868,-1.164180,-1.793066,-1.273875,-0.467619,-0.883930,-1.075168,-0.676347,-0.966536,-0.298835,-0.775470,-0.275264,-0.207877,-0.687725,-0.815568,-0.430236,-0.736831,-0.142659,-0.540446,-0.158662,-0.005866,-0.446616,-0.500835,-0.252543,-0.532219,-0.069250,-0.405649,-0.076426,0.000000,0.000000,0.420016,-0.016517,0.721127,-0.206941,0.915886,-0.360403,1.038983,-0.509745,0.605705,-0.886452,0.812018,-1.286654,0.957374,-1.571435,1.045144,-1.824313,0.411958,-0.911203,0.964802,-0.745197,0.861371,-0.493978,0.722657,-0.465936,0.242409,-0.802260,0.749564,-0.443523,0.629394,-0.243849,0.503947,-0.303972,0.105144,-0.610924,0.529706,-0.377764,0.448733,-0.231014,0.311929,-0.269566
T,Right,legacy_bisindo_2hand_T_194,0.000000,0.000000,0.459603,-0.139927,0.715456,-0.386235,0.866676,-0.559518,0.937651,-0.727432,0.439569,-1.000482,0.552937,-1.404784,0.618789,-1.689894,0.638202,-1.948192,0.256821,-0.966459,0.820503,-0.910977,0.771962,-0.642178,0.635054,-0.584427,0.122364,-0.825683,0.673329,-0.605724,0.605535,-0.382789,0.467727,-0.399693,0.033720,-0.607336,0.472136,-0.507446,0.448489,-0.352226,0.310602,-0.342028,0.000000,0.000000,-0.454803,-0.078525,-0.778851,-0.160677,-0.999254,-0.156527,-1.137126,-0.174895,-0.836560,-0.762134,-1.290171,-0.784495,-1.582960,-0.809064,-1.812325,-0.846050,-0.594217,-0.804305,-1.049396,-0.468206,-0.891266,-0.165792,-0.717185,-0.184695,-0.351093,-0.701357,-0.770415,-0.310004,-0.646811,-0.091133,-0.500740,-0.150284,-0.146692,-0.528865,-0.499420,-0.230082,-0.465204,-0.075438,-0.368758,-0.118013
T,Right,legacy_bisindo_2hand_T_195,0.000000,0.000000,-0.472567,-0.049148,-0.789937,-0.135755,-1.022591,-0.126830,-1.166588,-0.178575,-0.854755,-0.743852,-1.344825,-0.770297,-1.661742,-0.812268,-1.921430,-0.867374,-0.586760,-0.809761,-1.102554,-0.453089,-0.919782,-0.159152,-0.737717,-0.191393,-0.322949,-0.721730,-0.778103,-0.288995,-0.652175,-0.075182,-0.498908,-0.148891,-0.107362,-0.545000,-0.477898,-0.210825,-0.445676,-0.037791,-0.338761,-0.087724,0.000000,0.000000,0.446406,-0.153165,0.688514,-0.405685,0.845149,-0.581543,0.919118,-0.740994,0.418680,-1.014515,0.531800,-1.416926,0.598072,-1.708033,0.617473,-1.962252,0.231581,-0.972816,0.803500,-0.919863,0.745482,-0.662125,0.603719,-0.608262,0.097790,-0.825480,0.640258,-0.618577,0.577634,-0.412882,0.450027,-0.428963,0.006431,-0.605107,0.442171,-0.483540,0.409379,-0.340025,0.271297,-0.347434
T,Right,legacy_bisindo_2hand_T_196,0.000000,0.000000,0.432938,-0.276631,0.628321,-0.584413,0.730956,-0.778939,0.760141,-0.950860,0.217158,-1.087056,0.250867,-1.489718,0.243046,-1.765840,0.207722,-2.007206,0.056419,-0.998407,0.611592,-1.063724,0.613033,-0.812641,0.493749,-0.734799,-0.033016,-0.833178,0.530801,-0.768282,0.512883,-0.555518,0.385359,-0.535185,-0.059258,-0.606898,0.364631,-0.618163,0.386845,-0.474485,0.267109,-0.434429,0.000000,0.000000,-0.496705,0.074874,-0.828183,0.066011,-1.050574,0.136041,-1.167246,0.115065,-1.016515,-0.521174,-1.498401,-0.423021,-1.799074,-0.388071,-2.053912,-0.387780,-0.770239,-0.637755,-1.197620,-0.171826,-0.960596,0.058279,-0.794758,-0.021806,-0.493462,-0.610140,-0.851896,-0.098167,-0.688688,0.086315,-0.560954,-0.021421,-0.250179,-0.480099,-0.541005,-0.087019,-0.483161,0.077259,-0.395236,0.006906
T,Right,legacy_bisindo_2hand_T_197,0.000000,0.000000,0.428654,-0.288551,0.611934,-0.594392,0.708052,-0.786561,0.734092,-0.965852,0.192521,-1.088277,0.223393,-1.488335,0.216791,-1.768863,0.185046,-2.015584,0.033679,-0.999433,0.586426,-1.074379,0.600918,-0.819847,0.489346,-0.731539,-0.051984,-0.832889,0.507166,-0.783841,0.501880,-0.571228,0.377954,-0.541952,-0.071168,-0.606731,0.345053,-0.628114,0.376746,-0.488522,0.264125,-0.444609,0.000000,0.000000,-0.482394,0.040865,-0.817500,0.040812,-1.027801,0.105030,-1.162193,0.097250,-1.002750,-0.532045,-1.483120,-0.448588,-1.777652,-0.408748,-2.033124,-0.394493,-0.763624,-0.645661,-1.155789,-0.188573,-0.924428,0.042390,-0.750753,-0.010930,-0.498398,-0.614282,-0.833688,-0.103174,-0.658940,0.067153,-0.532491,-0.021022,-0.257213,-0.499993,-0.545260,-0.110067,-0.475215,0.041361,-0.395549,-0.015646
T,Right,legacy_bisindo_2hand_T_198,0.000000,0.000000,-0.394709,-0.152142,-0.627429,-0.354008,-0.779447,-0.523277,-0.914513,-0.651333,-0.449211,-0.969923,-0.611661,-1.323134,-0.694545,-1.577528,-0.748062,-1.792383,-0.251919,-0.967748,-0.762315,-0.825078,-0.753434,-0.540818,-0.600692,-0.521507,-0.112428,-0.838740,-0.628163,-0.570066,-0.579508,-0.362966,-0.437327,-0.373413,-0.039667,-0.652783,-0.460907,-0.448937,-0.424572,-0.303337,-0.291741,-0.308500,0.000000,0.000000,0.517995,0.050660,0.852165,-0.021500,1.097481,-0.055232,1.258773,-0.158199,0.939703,-0.707618,1.430046,-0.808725,1.804166,-0.892071,2.082669,-0.977974,0.652148,-0.758092,1.157810,-0.451296,0.984276,-0.168136,0.804148,-0.109281,0.347680,-0.642348,0.834029,-0.215329,0.667841,0.045706,0.489411,0.002190,0.087613,-0.465018,0.466222,-0.074687,0.447351,0.116918,0.331359,0.061934
T,Right,legacy_bisindo_2hand_T_199,0.000000,0.000000,-0.395315,-0.164220,-0.621789,-0.376430,-0.769356,-0.551866,-0.879797,-0.679033,-0.408503,-0.993820,-0.545477,-1.366367,-0.617996,-1.632095,-0.668801,-1.857432,-0.208641,-0.977992,-0.723750,-0.879610,-0.718436,-0.583054,-0.564484,-0.561964,-0.070611,-0.843765,-0.593902,-0.594793,-0.555491,-0.376793,-0.412354,-0.390958,-0.001915,-0.648971,-0.431979,-0.457063,-0.402502,-0.305548,-0.267202,-0.313759,0.000000,0.000000,0.531906,0.056000,0.846995,-0.013069,1.070972,-0.034497,1.260674,-0.093906,0.974575,-0.658430,1.440886,-0.746555,1.806485,-0.804178,2.077611,-0.865178,0.697979,-0.716118,1.178170,-0.413364,0.995620,-0.129286,0.808106,-0.072322,0.390691,-0.618028,0.846200,-0.214504,0.671000,0.052075,0.496519,0.011175,0.122409,-0.462102,0.459487,-0.082983,0.432644,0.109364,0.325471,0.043784
T,Right,legacy_bisindo_2hand_T_200,0.000000,0.000000,-0.363571,-0.255879,-0.553688,-0.486247,-0.667204,-0.672962,-0.758668,-0.834432,-0.284650,-1.024518,-0.372093,-1.402881,-0.423876,-1.654516,-0.459983,-1.863207,-0.101304,-0.994855,-0.612554,-0.958149,-0.651564,-0.710395,-0.520047,-0.636460,0.006088,-0.849784,-0.531457,-0.685239,-0.510463,-0.491591,-0.368761,-0.467144,0.044903,-0.661231,-0.385323,-0.545111,-0.376500,-0.405594,-0.245494,-0.387142,0.000000,0.000000,0.431236,0.076712,0.765695,0.017317,1.004859,0.013379,1.204814,-0.030575,0.973221,-0.582167,1.422052,-0.631641,1.760603,-0.629608,2.026701,-0.671753,0.718871,-0.695144,1.149521,-0.322275,0.942874,-0.062479,0.755090,-0.061571,0.435155,-0.639077,0.804898,-0.180674,0.626253,0.049693,0.477980,-0.025132,0.172200,-0.525980,0.474872,-0.110592,0.417853,0.065325,0.325249,-0.009222
T,Right,legacy_bisindo_2hand_T_201,0.000000,0.000000,0.416843,-0.002476,0.725311,-0.178189,0.925722,-0.316056,1.070823,-0.460944,0.648584,-0.860857,0.882236,-1.247336,1.037746,-1.531838,1.133910,-1.789463,0.449235,-0.893414,1.002325,-0.683235,0.880397,-0.450132,0.733681,-0.442589,0.269437,-0.796196,0.764159,-0.408676,0.636179,-0.223358,0.516628,-0.296869,0.113337,-0.615124,0.532332,-0.356583,0.445733,-0.214990,0.306853,-0.265197,0.000000,0.000000,-0.458745,-0.160771,-0.784052,-0.324442,-1.010941,-0.387044,-1.118900,-0.467334,-0.623418,-0.980967,-1.077957,-1.107635,-1.364742,-1.189420,-1.570705,-1.274653,-0.367030,-0.930209,-0.942022,-0.703206,-0.887742,-0.345459,-0.715025,-0.320997,-0.149238,-0.736530,-0.713375,-0.448691,-0.663229,-0.181985,-0.504681,-0.203673,0.002416,-0.489839,-0.462879,-0.292517,-0.472913,-0.126699,-0.356467,-0.149387
T,Right,legacy_bisindo_2hand_T_202,0.000000,0.000000,0.419767,0.029662,0.748299,-0.131173,0.949855,-0.266086,1.084813,-0.395404,0.687792,-0.824566,0.938000,-1.204772,1.098159,-1.479685,1.204288,-1.733807,0.497392,-0.867526,1.030351,-0.636941,0.921718,-0.426537,0.783247,-0.421776,0.314258,-0.774098,0.786924,-0.365602,0.665676,-0.192733,0.555881,-0.266474,0.151410,-0.596038,0.553227,-0.317363,0.469561,-0.182750,0.339044,-0.233841,0.000000,0.000000,-0.383277,-0.216194,-0.681645,-0.403921,-0.910881,-0.493559,-0.997258,-0.550338,-0.519110,-1.009343,-0.940630,-1.178170,-1.215642,-1.268841,-1.418745,-1.375777,-0.277815,-0.960635,-0.829905,-0.734602,-0.750481,-0.425410,-0.564393,-0.392262,-0.086426,-0.766789,-0.640650,-0.503117,-0.560292,-0.272776,-0.398967,-0.290426,0.046421,-0.529500,-0.412443,-0.346716,-0.390128,-0.199425,-0.271677,-0.215647
T,Right,legacy_bisindo_2hand_T_203,0.000000,0.000000,-0.263792,-0.355481,-0.358988,-0.643888,-0.400728,-0.861916,-0.426881,-1.048434,0.109113,-1.062697,0.162648,-1.453265,0.219480,-1.718035,0.273763,-1.931959,0.275901,-0.961186,-0.222460,-1.120562,-0.356025,-0.882756,-0.244977,-0.775442,0.330260,-0.783086,-0.249733,-0.816689,-0.309516,-0.620850,-0.183474,-0.553994,0.295842,-0.588510,-0.167157,-0.628511,-0.211094,-0.489129,-0.095514,-0.427417,0.000000,0.000000,0.405472,0.268780,0.760392,0.365506,0.984792,0.468757,1.157822,0.495135,1.152138,-0.101483,1.604685,0.037284,1.897830,0.155664,2.160312,0.213173,0.960569,-0.278043,1.209750,0.209014,0.927163,0.380097,0.765669,0.325817,0.673314,-0.319500,0.856585,0.229858,0.595141,0.389087,0.479943,0.280728,0.380247,-0.291564,0.509925,0.186319,0.401052,0.336202,0.346903,0.242299
T,Right,legacy_bisindo_2hand_T_204,0.000000,0.000000,0.447456,-0.092312,0.723850,-0.319759,0.898054,-0.490481,0.976404,-0.645382,0.500419,-0.960406,0.655922,-1.370190,0.753916,-1.659447,0.799623,-1.919425,0.320130,-0.947374,0.886730,-0.858098,0.814027,-0.599209,0.672024,-0.552078,0.175824,-0.814879,0.718807,-0.557924,0.634432,-0.344229,0.499162,-0.372342,0.071010,-0.601608,0.508322,-0.479527,0.463612,-0.332291,0.324069,-0.336516,0.000000,0.000000,-0.466348,-0.089924,-0.804888,-0.195544,-1.043937,-0.213403,-1.166723,-0.268660,-0.800900,-0.826010,-1.289266,-0.882870,-1.595670,-0.923439,-1.844437,-0.981129,-0.538836,-0.842410,-1.069100,-0.540711,-0.927044,-0.222938,-0.742398,-0.234608,-0.288713,-0.714800,-0.779766,-0.356245,-0.680258,-0.120940,-0.523496,-0.174624,-0.087658,-0.517180,-0.495549,-0.246992,-0.483868,-0.078483,-0.378979,-0.112877
T,Right,legacy_bisindo_2hand_T_205,0.000000,0.000000,0.490732,0.021300,0.798666,-0.065147,1.031328,-0.096233,1.224283,-0.169689,0.910675,-0.722556,1.362903,-0.840114,1.727198,-0.925672,1.997077,-1.005429,0.624442,-0.781071,1.117366,-0.491985,0.950476,-0.206922,0.773373,-0.151330,0.327220,-0.673050,0.805296,-0.270682,0.647528,-0.002569,0.474975,-0.047544,0.067416,-0.506373,0.435769,-0.130922,0.417806,0.067260,0.304430,0.008965,0.000000,0.000000,-0.396598,-0.155604,-0.629459,-0.350796,-0.788276,-0.516424,-0.916603,-0.625902,-0.453294,-0.961135,-0.616507,-1.312841,-0.704817,-1.562021,-0.763945,-1.773688,-0.268667,-0.963233,-0.775198,-0.818064,-0.756747,-0.531132,-0.598649,-0.513058,-0.132644,-0.839505,-0.634926,-0.562686,-0.586743,-0.354905,-0.447286,-0.371735,-0.056138,-0.657862,-0.464754,-0.443917,-0.426282,-0.299309,-0.293467,-0.310134
T,Right,legacy_bisindo_2hand_T_206,0.000000,0.000000,-0.415129,-0.032792,-0.704036,-0.160047,-0.904988,-0.285986,-1.051325,-0.379779,-0.686493,-0.810278,-0.940198,-1.120625,-1.085932,-1.347774,-1.195031,-1.552276,-0.499661,-0.866221,-0.959738,-0.590462,-0.856729,-0.305133,-0.690648,-0.329361,-0.329425,-0.778685,-0.749426,-0.363070,-0.639558,-0.171900,-0.502504,-0.228785,-0.201428,-0.620243,-0.551243,-0.292367,-0.467219,-0.160807,-0.335276,-0.210444,0.000000,0.000000,0.493141,-0.085802,0.799068,-0.232982,1.017492,-0.326774,1.181790,-0.451597,0.702216,-0.946027,1.140731,-1.178348,1.483354,-1.364396,1.731597,-1.517205,0.408314,-0.912841,0.993494,-0.765440,0.905666,-0.450085,0.742810,-0.330957,0.139406,-0.706380,0.745782,-0.437518,0.655467,-0.150217,0.470572,-0.143255,-0.068440,-0.452257,0.419532,-0.181634,0.427526,-0.017504,0.279150,-0.059161
T,Right,legacy_bisindo_2hand_T_207,0.000000,0.000000,-0.387626,-0.146675,-0.629026,-0.349218,-0.782274,-0.519472,-0.904452,-0.633611,-0.449499,-0.967183,-0.618294,-1.321708,-0.701689,-1.574825,-0.755055,-1.788988,-0.252486,-0.967601,-0.756011,-0.815773,-0.740862,-0.533626,-0.588534,-0.515181,-0.110351,-0.839568,-0.618543,-0.562187,-0.564900,-0.357760,-0.422970,-0.369353,-0.032707,-0.654892,-0.448161,-0.444925,-0.407675,-0.299637,-0.273561,-0.305795,0.000000,0.000000,0.478840,0.041099,0.802793,-0.033841,1.046591,-0.068682,1.235603,-0.152593,0.897842,-0.730199,1.378939,-0.840256,1.751615,-0.922402,2.027226,-1.001706,0.616252,-0.787549,1.142164,-0.479294,0.983400,-0.183905,0.803891,-0.114922,0.318777,-0.668132,0.819952,-0.233964,0.658414,0.029042,0.480134,-0.017895,0.063138,-0.481722,0.457764,-0.074353,0.419860,0.101842,0.286591,0.026028
T,Right,legacy_bisindo_2hand_T_208,0.000000,0.000000,-0.426090,0.055547,-0.726930,0.005868,-0.942665,-0.055147,-1.094835,-0.104762,-0.871809,-0.612883,-1.187458,-0.853768,-1.391675,-1.030894,-1.555145,-1.183836,-0.704436,-0.709768,-1.070244,-0.341721,-0.925182,-0.097075,-0.788936,-0.146788,-0.515282,-0.668185,-0.812418,-0.179762,-0.680868,-0.024934,-0.572903,-0.100396,-0.350420,-0.545142,-0.598616,-0.156014,-0.501665,-0.053243,-0.394378,-0.131384,0.000000,0.000000,0.409586,-0.216820,0.651897,-0.479725,0.868933,-0.641970,0.921135,-0.792014,0.390263,-1.073470,0.713389,-1.399782,0.981351,-1.629244,1.165674,-1.836633,0.122835,-0.992427,0.715291,-0.970117,0.711601,-0.643038,0.573859,-0.532807,-0.057324,-0.757240,0.560117,-0.625680,0.565978,-0.350090,0.399197,-0.325281,-0.171349,-0.482272,0.345150,-0.350164,0.409883,-0.186644,0.277808,-0.182303
T,Right,legacy_bisindo_2hand_T_209,0.000000,0.000000,-0.234912,-0.374738,-0.300461,-0.686059,-0.315800,-0.918553,-0.326353,-1.069993,0.238245,-1.054089,0.342991,-1.430614,0.431145,-1.687917,0.508946,-1.894877,0.393074,-0.919507,-0.095912,-1.137805,-0.262268,-0.905603,-0.155008,-0.794572,0.423932,-0.723527,-0.154711,-0.833123,-0.244950,-0.646326,-0.121225,-0.571450,0.360687,-0.520495,-0.102741,-0.626666,-0.166843,-0.498216,-0.054190,-0.427289,0.000000,0.000000,0.382830,0.340973,0.719792,0.489076,0.937637,0.611691,1.096234,0.653065,1.182182,0.044201,1.612962,0.257901,1.907737,0.419625,2.165805,0.511865,0.987343,-0.158597,1.197139,0.371621,0.880268,0.505664,0.714720,0.442272,0.689541,-0.237980,0.836017,0.355615,0.543187,0.477246,0.422622,0.348911,0.394558,-0.245997,0.480827,0.264527,0.354114,0.403753,0.306146,0.302216
T,Right,legacy_bisindo_2hand_T_210,0.000000,0.000000,-0.443768,0.025957,-0.741284,-0.060915,-0.955810,-0.159578,-1.098676,-0.214590,-0.792474,-0.733074,-1.086825,-1.008961,-1.269024,-1.213069,-1.412544,-1.397121,-0.593884,-0.804551,-1.027970,-0.473947,-0.892236,-0.202123,-0.748853,-0.259708,-0.403470,-0.733596,-0.780871,-0.273447,-0.655110,-0.089160,-0.531829,-0.169126,-0.249093,-0.576650,-0.571999,-0.218137,-0.483993,-0.099462,-0.364164,-0.173972,0.000000,0.000000,0.410496,-0.180572,0.659000,-0.400340,0.884655,-0.526860,1.006723,-0.664521,0.506424,-1.023881,0.874526,-1.293682,1.162202,-1.489514,1.368794,-1.663472,0.230752,-0.973013,0.805699,-0.881163,0.759416,-0.550171,0.603683,-0.451410,0.030732,-0.775552,0.611361,-0.586091,0.578858,-0.300371,0.409223,-0.285476,-0.114720,-0.529537,0.369565,-0.357781,0.414473,-0.177626,0.280315,-0.177546
T,Right,legacy_bisindo_2hand_T_211,0.000000,0.000000,-0.420522,-0.000845,-0.716167,-0.104457,-0.922078,-0.217573,-1.054918,-0.295016,-0.731353,-0.789793,-1.000887,-1.089688,-1.167259,-1.311847,-1.299169,-1.506144,-0.525487,-0.850802,-0.978111,-0.551861,-0.857152,-0.269930,-0.706316,-0.317912,-0.335567,-0.770141,-0.736030,-0.317950,-0.613807,-0.126154,-0.481683,-0.201773,-0.188930,-0.604263,-0.536677,-0.254864,-0.447740,-0.126957,-0.318078,-0.191434,0.000000,0.000000,0.376497,-0.125733,0.644276,-0.328711,0.862766,-0.449870,1.021916,-0.591606,0.538727,-0.987699,0.914090,-1.258907,1.231701,-1.447418,1.463725,-1.623927,0.236693,-0.971584,0.810511,-0.862138,0.775978,-0.520262,0.625936,-0.405805,-0.002202,-0.783663,0.574294,-0.548187,0.546584,-0.241742,0.379838,-0.231533,-0.187706,-0.543319,0.307410,-0.309244,0.347797,-0.112608,0.210213,-0.131465
T,Right,legacy_bisindo_2hand_T_212,0.000000,0.000000,0.435663,-0.284721,0.619190,-0.578024,0.721755,-0.763422,0.754833,-0.938426,0.222776,-1.076377,0.269127,-1.470286,0.272106,-1.748573,0.251161,-1.990817,0.066060,-0.997816,0.612659,-1.045450,0.622153,-0.795683,0.514263,-0.708589,-0.020098,-0.839866,0.529390,-0.768609,0.518418,-0.563857,0.396871,-0.535703,-0.041452,-0.625266,0.368475,-0.610874,0.386236,-0.475470,0.266128,-0.445675,0.000000,0.000000,-0.489470,0.026698,-0.822918,0.020946,-1.041120,0.084739,-1.173834,0.072677,-0.988882,-0.566862,-1.471558,-0.493812,-1.770175,-0.460038,-2.028465,-0.450718,-0.741499,-0.670953,-1.161290,-0.220367,-0.932777,0.013105,-0.760879,-0.049127,-0.472161,-0.628088,-0.834950,-0.120953,-0.662773,0.052263,-0.534050,-0.037582,-0.233422,-0.500551,-0.537216,-0.110644,-0.470512,0.037151,-0.388241,-0.025733
T,Right,legacy_bisindo_2hand_T_213,0.000000,0.000000,-0.403311,-0.199318,-0.618824,-0.427352,-0.749939,-0.612611,-0.852454,-0.728156,-0.372760,-1.010286,-0.492398,-1.375318,-0.551965,-1.637660,-0.591665,-1.857452,-0.177265,-0.984163,-0.695492,-0.910012,-0.712977,-0.621340,-0.568924,-0.578840,-0.051608,-0.841043,-0.591350,-0.625293,-0.562040,-0.407362,-0.414271,-0.401357,0.006400,-0.643843,-0.434541,-0.492110,-0.414661,-0.341852,-0.279392,-0.334097,0.000000,0.000000,0.447358,0.073646,0.787912,0.020557,1.055249,0.016430,1.202724,-0.062697,0.945983,-0.625214,1.419222,-0.691134,1.783252,-0.718899,2.061744,-0.771184,0.688732,-0.725016,1.162901,-0.356386,0.977380,-0.084840,0.802215,-0.054483,0.398695,-0.649989,0.825915,-0.173183,0.644384,0.067392,0.481080,0.006861,0.130037,-0.509064,0.466955,-0.079279,0.422607,0.106680,0.320758,0.045205
T,Right,legacy_bisindo_2hand_T_214,0.000000,0.000000,-0.487368,-0.066337,-0.817215,-0.145779,-1.046954,-0.145376,-1.202972,-0.203296,-0.855953,-0.764534,-1.360433,-0.817350,-1.686838,-0.865400,-1.954364,-0.925794,-0.581358,-0.813648,-1.109909,-0.498890,-0.930363,-0.188858,-0.744508,-0.220116,-0.318151,-0.713485,-0.793458,-0.311701,-0.663441,-0.084855,-0.497198,-0.158260,-0.098733,-0.536912,-0.487920,-0.213543,-0.458330,-0.035008,-0.344340,-0.082700,0.000000,0.000000,0.451286,-0.131967,0.713786,-0.378180,0.872760,-0.549466,0.937187,-0.718458,0.455116,-0.997059,0.584754,-1.393982,0.662072,-1.675834,0.692701,-1.929210,0.266414,-0.963859,0.824789,-0.895107,0.767620,-0.638640,0.630362,-0.586014,0.128132,-0.825522,0.660951,-0.604480,0.591378,-0.394841,0.463061,-0.410998,0.033865,-0.612111,0.466380,-0.482993,0.435956,-0.334483,0.301451,-0.338902
T,Right,legacy_bisindo_2hand_T_215,0.000000,0.000000,-0.392943,-0.198019,-0.612931,-0.407205,-0.751249,-0.580328,-0.864517,-0.721022,-0.390075,-0.995452,-0.530492,-1.359210,-0.598813,-1.618380,-0.641127,-1.830598,-0.198967,-0.980006,-0.716855,-0.872105,-0.732593,-0.598608,-0.587866,-0.557807,-0.072231,-0.843159,-0.605797,-0.609604,-0.572023,-0.408319,-0.427715,-0.404921,-0.012326,-0.654626,-0.443896,-0.488379,-0.419788,-0.345882,-0.284407,-0.339204,0.000000,0.000000,0.520064,0.051355,0.823363,-0.002868,1.030086,-0.016188,1.260967,-0.078072,0.980214,-0.670327,1.446412,-0.740318,1.828205,-0.805284,2.103720,-0.868589,0.683330,-0.730110,1.157974,-0.422021,0.961776,-0.153459,0.772407,-0.115019,0.367534,-0.638642,0.827513,-0.226829,0.648728,0.030944,0.478803,-0.030213,0.092878,-0.494393,0.421646,-0.119260,0.391663,0.084407,0.282524,0.021758
T,Right,legacy_bisindo_2hand_T_216,0.000000,0.000000,0.468468,-0.146244,0.725471,-0.396934,0.869830,-0.573014,0.943513,-0.737088,0.443503,-1.000650,0.559094,-1.404331,0.621966,-1.690050,0.640842,-1.943639,0.266722,-0.963774,0.823545,-0.913782,0.786455,-0.650012,0.660627,-0.584811,0.137614,-0.821445,0.688227,-0.614330,0.627312,-0.392088,0.491334,-0.399419,0.055746,-0.603268,0.487209,-0.524418,0.467786,-0.371656,0.333652,-0.354531,0.000000,0.000000,-0.456230,-0.065539,-0.788100,-0.144691,-1.014917,-0.141142,-1.155634,-0.167777,-0.849680,-0.755231,-1.312652,-0.770457,-1.607165,-0.790474,-1.843274,-0.827319,-0.602952,-0.797778,-1.077030,-0.456578,-0.917704,-0.154332,-0.741302,-0.171857,-0.355762,-0.693254,-0.789339,-0.296530,-0.666565,-0.077776,-0.519723,-0.138086,-0.145801,-0.517278,-0.509357,-0.219699,-0.480113,-0.060709,-0.386673,-0.097775
T,Right,legacy_bisindo_2hand_T_217,0.000000,0.000000,0.452875,-0.209577,0.664443,-0.476136,0.790928,-0.647164,0.850133,-0.804517,0.348854,-1.042165,0.437701,-1.430471,0.474740,-1.707717,0.481716,-1.948098,0.173985,-0.984748,0.717970,-0.965473,0.697971,-0.705025,0.581472,-0.633978,0.061151,-0.831406,0.606032,-0.687903,0.572729,-0.484624,0.448594,-0.478319,0.000088,-0.608203,0.418111,-0.536114,0.419458,-0.395597,0.299469,-0.380369,0.000000,0.000000,-0.486631,-0.039281,-0.813772,-0.094714,-1.044230,-0.055230,-1.186203,-0.065286,-0.917731,-0.684736,-1.408605,-0.669005,-1.714003,-0.674469,-1.977075,-0.701332,-0.654056,-0.756446,-1.140242,-0.366153,-0.941116,-0.100846,-0.760046,-0.141340,-0.389188,-0.676324,-0.824153,-0.233416,-0.681026,-0.033897,-0.535464,-0.104834,-0.166318,-0.517054,-0.523655,-0.180314,-0.481560,-0.020475,-0.386878,-0.066906
T,Right,legacy_bisindo_2hand_T_218,0.000000,0.000000,-0.423998,-0.040972,-0.710782,-0.181381,-0.912117,-0.315545,-1.050188,-0.398774,-0.666009,-0.840570,-0.913375,-1.166214,-1.050687,-1.402430,-1.153740,-1.617753,-0.461748,-0.887011,-0.942137,-0.631888,-0.850399,-0.338976,-0.687725,-0.366456,-0.287908,-0.789086,-0.733761,-0.386024,-0.634307,-0.185822,-0.493255,-0.238820,-0.167074,-0.615925,-0.540752,-0.307378,-0.469147,-0.170931,-0.336213,-0.213906,0.000000,0.000000,0.494272,-0.055244,0.797356,-0.195168,1.023330,-0.284495,1.200205,-0.411083,0.731534,-0.907394,1.159465,-1.132276,1.507456,-1.302654,1.761065,-1.441123,0.429756,-0.902945,1.010661,-0.721059,0.907773,-0.406914,0.744155,-0.295532,0.154718,-0.719742,0.744557,-0.403262,0.635259,-0.121220,0.446964,-0.133319,-0.063259,-0.486427,0.407174,-0.158264,0.395144,0.016581,0.242907,-0.035371
T,Right,legacy_bisindo_2hand_T_219,0.000000,0.000000,-0.463569,-0.102355,-0.802123,-0.213619,-1.042050,-0.230677,-1.180258,-0.285508,-0.773025,-0.862145,-1.249648,-0.924739,-1.547968,-0.970217,-1.772436,-1.032480,-0.515114,-0.857122,-1.048893,-0.560242,-0.925446,-0.228770,-0.745130,-0.237146,-0.271554,-0.707054,-0.785881,-0.368645,-0.687439,-0.124523,-0.527622,-0.174497,-0.078356,-0.495347,-0.506990,-0.249343,-0.486640,-0.089209,-0.374128,-0.125283,0.000000,0.000000,0.433870,-0.074189,0.720303,-0.296862,0.901314,-0.469633,0.987293,-0.624816,0.513351,-0.947051,0.681718,-1.365911,0.792281,-1.656587,0.850525,-1.914502,0.325110,-0.945676,0.894571,-0.851553,0.820970,-0.589779,0.684001,-0.539438,0.172662,-0.816138,0.722042,-0.536110,0.624189,-0.320675,0.486635,-0.354272,0.061135,-0.604710,0.509392,-0.458912,0.452278,-0.307854,0.310493,-0.314800
T,Right,legacy_bisindo_2hand_T_220,0.000000,0.000000,-0.400459,-0.078687,-0.679356,-0.219598,-0.871254,-0.350249,-1.017035,-0.459244,-0.597631,-0.886779,-0.835284,-1.231724,-0.958441,-1.486431,-1.046298,-1.714867,-0.387861,-0.921718,-0.885535,-0.679804,-0.829620,-0.391157,-0.677432,-0.412545,-0.215652,-0.808446,-0.690044,-0.422620,-0.603584,-0.226330,-0.458626,-0.271664,-0.096299,-0.625201,-0.495552,-0.329401,-0.423778,-0.187951,-0.280934,-0.225804,0.000000,0.000000,0.497130,-0.052614,0.802902,-0.182800,1.030871,-0.261182,1.202632,-0.376662,0.775367,-0.871677,1.215587,-1.073216,1.573033,-1.221767,1.832706,-1.342984,0.479189,-0.877712,1.039417,-0.682655,0.932467,-0.358694,0.770397,-0.252799,0.200755,-0.712043,0.761263,-0.383024,0.655131,-0.085027,0.476814,-0.094930,-0.023988,-0.494455,0.425353,-0.165907,0.426439,0.019603,0.290575,-0.029519
T,Right,legacy_bisindo_2hand_T_221,0.000000,0.000000,0.538830,0.062593,0.854406,-0.003276,1.072313,-0.030819,1.276648,-0.095553,0.980598,-0.662551,1.442507,-0.749328,1.812405,-0.807411,2.081141,-0.864628,0.697711,-0.716379,1.178690,-0.414873,0.987735,-0.139462,0.800033,-0.091420,0.385968,-0.614496,0.844704,-0.206253,0.670317,0.051120,0.504168,-0.002312,0.117419,-0.456817,0.454191,-0.078337,0.422124,0.106652,0.312193,0.032005,0.000000,0.000000,-0.393866,-0.173954,-0.614734,-0.386033,-0.754080,-0.561919,-0.879126,-0.689429,-0.404964,-0.992454,-0.542960,-1.356595,-0.616721,-1.619050,-0.666445,-1.837262,-0.204598,-0.978846,-0.721039,-0.871819,-0.727878,-0.582900,-0.576044,-0.553646,-0.070414,-0.841407,-0.598128,-0.607073,-0.567628,-0.396889,-0.426579,-0.399695,-0.007980,-0.648458,-0.440571,-0.469192,-0.419212,-0.324295,-0.289227,-0.325892
T,Right,legacy_bisindo_2hand_T_222,0.000000,0.000000,-0.394792,-0.154097,-0.628609,-0.356461,-0.785412,-0.525950,-0.909708,-0.638970,-0.439362,-0.970801,-0.596618,-1.331856,-0.677033,-1.586860,-0.728100,-1.804651,-0.246523,-0.969137,-0.757342,-0.827978,-0.740892,-0.536769,-0.580580,-0.519812,-0.107414,-0.840726,-0.620860,-0.559766,-0.573599,-0.349066,-0.431020,-0.365822,-0.031863,-0.654028,-0.453614,-0.439747,-0.416376,-0.293629,-0.281906,-0.303239,0.000000,0.000000,0.542032,0.037303,0.855157,-0.039131,1.074962,-0.077980,1.262272,-0.149792,0.940138,-0.707931,1.417396,-0.806667,1.786170,-0.893539,2.053336,-0.974574,0.663756,-0.747949,1.157902,-0.456727,0.975726,-0.185704,0.794735,-0.134676,0.364325,-0.636328,0.843434,-0.228939,0.668474,0.021359,0.495392,-0.028095,0.105850,-0.464377,0.461180,-0.089247,0.431702,0.098325,0.317680,0.036903
T,Right,legacy_bisindo_2hand_T_223,0.000000,0.000000,0.447054,0.012400,0.775058,-0.157997,0.981613,-0.306586,1.096621,-0.462661,0.667531,-0.842963,0.896897,-1.241726,1.052620,-1.518417,1.147561,-1.764933,0.485475,-0.874251,1.024927,-0.686820,0.925099,-0.453925,0.786055,-0.424215,0.313543,-0.766947,0.794063,-0.385231,0.673045,-0.188997,0.548922,-0.245647,0.169922,-0.575845,0.574320,-0.327968,0.495471,-0.195689,0.356134,-0.241643,0.000000,0.000000,-0.463312,-0.150723,-0.795300,-0.300590,-1.027200,-0.352613,-1.141623,-0.436941,-0.644648,-0.977851,-1.132086,-1.102362,-1.429855,-1.194728,-1.646723,-1.294899,-0.379213,-0.925309,-0.958967,-0.685487,-0.890384,-0.316694,-0.713666,-0.298402,-0.153792,-0.728176,-0.721129,-0.433150,-0.663392,-0.160311,-0.500827,-0.180203,0.005808,-0.477096,-0.456919,-0.268655,-0.467301,-0.095162,-0.352174,-0.116188
T,Right,legacy_bisindo_2hand_T_224,0.000000,0.000000,0.424876,0.015323,0.744776,-0.140506,0.952099,-0.268104,1.090856,-0.389565,0.697315,-0.823873,0.940801,-1.195810,1.107174,-1.467718,1.211430,-1.715816,0.502629,-0.864502,1.035939,-0.621035,0.910582,-0.401339,0.761171,-0.397961,0.317450,-0.774920,0.785054,-0.353180,0.651928,-0.178792,0.536602,-0.254176,0.145156,-0.599027,0.545343,-0.318532,0.461673,-0.178383,0.330881,-0.225313,0.000000,0.000000,-0.370076,-0.222068,-0.666847,-0.417428,-0.886452,-0.500240,-0.985307,-0.542091,-0.476583,-1.022908,-0.928600,-1.187222,-1.205514,-1.285673,-1.396560,-1.396804,-0.233401,-0.972381,-0.799631,-0.734939,-0.734165,-0.442369,-0.555091,-0.375497,-0.051203,-0.772315,-0.608054,-0.495019,-0.536306,-0.271970,-0.377344,-0.269472,0.076632,-0.533106,-0.378497,-0.347880,-0.363958,-0.205044,-0.252338,-0.210723
T,Right,legacy_bisindo_2hand_T_225,0.000000,0.000000,-0.358747,-0.276095,-0.527411,-0.530353,-0.622051,-0.734928,-0.687363,-0.899541,-0.182478,-1.052860,-0.232877,-1.440946,-0.248593,-1.705183,-0.251700,-1.921484,0.003118,-0.999995,-0.517745,-1.020128,-0.578376,-0.751657,-0.440816,-0.668284,0.099247,-0.840760,-0.463936,-0.723216,-0.468012,-0.520114,-0.329034,-0.485263,0.113653,-0.641369,-0.337557,-0.560905,-0.339925,-0.419008,-0.210902,-0.388996,0.000000,0.000000,0.424214,0.145263,0.789573,0.136416,1.040944,0.160527,1.213201,0.128407,1.055453,-0.433830,1.512426,-0.434504,1.843809,-0.398002,2.115102,-0.411200,0.824396,-0.566013,1.191162,-0.143581,0.964231,0.080478,0.786254,0.058330,0.538302,-0.545268,0.843187,-0.047572,0.643019,0.153432,0.511171,0.067884,0.261267,-0.461194,0.518021,-0.019465,0.445393,0.149358,0.364803,0.076420
T,Right,legacy_bisindo_2hand_T_226,0.000000,0.000000,-0.410377,-0.066622,-0.692187,-0.208236,-0.881708,-0.334501,-1.024632,-0.419923,-0.646843,-0.849674,-0.893151,-1.165155,-1.033410,-1.396960,-1.140741,-1.598019,-0.448716,-0.893674,-0.915077,-0.637222,-0.843655,-0.367989,-0.693026,-0.386203,-0.278670,-0.795535,-0.722240,-0.413335,-0.631415,-0.232050,-0.498282,-0.276449,-0.161747,-0.628042,-0.533762,-0.330748,-0.462263,-0.202136,-0.330589,-0.241056,0.000000,0.000000,0.474943,-0.078297,0.760968,-0.226243,0.978705,-0.309528,1.163550,-0.451949,0.715597,-0.919341,1.131008,-1.137014,1.475825,-1.311367,1.726356,-1.455778,0.409993,-0.912089,0.964829,-0.745915,0.874427,-0.423559,0.717383,-0.318700,0.135665,-0.737472,0.704299,-0.443881,0.614106,-0.144420,0.436806,-0.156979,-0.079943,-0.511777,0.377160,-0.210170,0.385420,-0.018533,0.239992,-0.064061
T,Right,legacy_bisindo_2hand_T_227,0.000000,0.000000,-0.407653,-0.294122,-0.793326,-0.577443,-1.205635,-0.661587,-1.528532,-0.694578,-0.472677,-1.132171,-0.742938,-1.596729,-0.877701,-1.896306,-0.932236,-2.176465,-0.254796,-0.966995,-1.042399,-1.085801,-1.229103,-0.701763,-1.139676,-0.488399,-0.151460,-0.662472,-0.958848,-0.566028,-1.034188,-0.285038,-0.849594,-0.213467,-0.109498,-0.319281,-0.791206,-0.219888,-0.863414,-0.056693,-0.696309,-0.044343,0.000000,0.000000,0.000000,0.000000,0.000000,0.000000,0.000000,0.000000,0.000000,0.000000,0.000000,0.000000,0.000000,0.000000,0.000000,0.000000,0.000000,0.000000,0.000000,0.000000,0.000000,0.000000,0.000000,0.000000,0.000000,0.000000,0.000000,0.000000,0.000000,0.000000,0.000000,0.000000,0.000000,0.000000,0.000000,0.000000,0.000000,0.000000,0.000000,0.000000,0.000000,0.000000
T,Right,legacy_bisindo_2hand_T_228,0.000000,0.000000,-0.474040,-0.154168,-0.911426,-0.317067,-1.309177,-0.274359,-1.602251,-0.205148,-0.788846,-0.930766,-1.188601,-1.266650,-1.410617,-1.516661,-1.547122,-1.762170,-0.538938,-0.842346,-1.282914,-0.683633,-1.347080,-0.284862,-1.205089,-0.129489,-0.350359,-0.586423,-1.064656,-0.248790,-1.065241,0.028549,-0.878219,0.036409,-0.208652,-0.269786,-0.801269,0.013891,-0.833871,0.185144,-0.673538,0.152373,0.000000,0.000000,0.399291,-0.233062,0.863345,-0.210606,1.204932,0.034458,1.369602,0.254734,1.162601,-0.429254,1.721761,-0.484802,2.116293,-0.613285,2.425260,-0.726816,0.956834,-0.290635,1.578953,0.403067,1.334482,0.499808,1.171417,0.385450,0.690210,-0.010399,1.212693,0.766692,0.977711,0.732714,0.816720,0.556561,0.415797,0.317200,0.818659,0.885246,0.659406,0.842848,0.474576,0.673789
T,Right,legacy_bisindo_2hand_T_229,0.000000,0.000000,-0.364067,-0.319501,-0.738275,-0.624858,-1.160213,-0.695698,-1.503385,-0.698571,-0.422173,-1.179694,-0.705545,-1.669694,-0.835732,-2.009941,-0.872970,-2.318034,-0.190677,-0.981653,-1.001557,-1.097985,-1.246365,-0.721700,-1.188845,-0.508470,-0.089504,-0.642969,-0.939045,-0.578863,-1.057884,-0.290687,-0.878140,-0.184053,-0.057017,-0.273230,-0.763403,-0.235319,-0.872028,-0.073661,-0.709973,-0.026589,0.000000,0.000000,0.000000,0.000000,0.000000,0.000000,0.000000,0.000000,0.000000,0.000000,0.000000,0.000000,0.000000,0.000000,0.000000,0.000000,0.000000,0.000000,0.000000,0.000000,0.000000,0.000000,0.000000,0.000000,0.000000,0.000000,0.000000,0.000000,0.000000,0.000000,0.000000,0.000000,0.000000,0.000000,0.000000,0.000000,0.000000,0.000000,0.000000,0.000000,0.000000,0.000000
T,Right,legacy_bisindo_2hand_T_230,0.000000,0.000000,-0.280069,-0.456850,-0.700664,-0.842232,-1.216734,-0.979810,-1.603529,-1.017501,-0.337239,-1.212308,-0.464518,-1.757574,-0.503538,-2.122399,-0.468808,-2.448526,-0.249436,-0.968391,-1.002758,-1.349760,-1.311483,-1.077964,-1.309811,-0.852178,-0.299389,-0.601818,-1.178138,-0.751036,-1.340120,-0.542585,-1.171475,-0.394276,-0.394125,-0.220889,-1.115175,-0.381119,-1.230940,-0.298769,-1.057201,-0.217313,0.000000,0.000000,0.418775,0.095309,1.182573,0.504516,1.847341,0.792889,2.419268,0.802817,1.400784,0.460053,1.593358,1.651111,1.367253,1.584790,1.282097,1.205549,0.840044,0.542518,0.904919,1.975327,0.615355,1.728121,0.548683,1.217360,0.222410,0.611206,0.197821,1.927347,0.021121,1.605462,-0.000021,1.107554,-0.360954,0.665234,-0.276493,1.503017,-0.380180,1.272112,-0.433034,0.914845
T,Right,legacy_bisindo_2hand_T_231,0.000000,0.000000,-0.349895,-0.374682,-0.795937,-0.676659,-1.311378,-0.708578,-1.692465,-0.666780,-0.562527,-1.134975,-0.790156,-1.652727,-0.898755,-1.990108,-0.920062,-2.308270,-0.386010,-0.922495,-1.224303,-1.127997,-1.470051,-0.788758,-1.417333,-0.574261,-0.335063,-0.562183,-1.243931,-0.512908,-1.356027,-0.248554,-1.156572,-0.151616,-0.338252,-0.173749,-1.065737,-0.152142,-1.186083,-0.037917,-1.034523,-0.009955,0.000000,0.000000,0.398044,0.124438,1.224174,0.624823,1.876533,1.043154,2.341491,1.131036,1.507454,0.289385,2.005897,1.832666,1.702197,1.805535,1.513675,1.415015,0.894543,0.446983,1.259195,2.238875,0.878164,2.009944,0.726415,1.407557,0.233432,0.624395,0.507383,2.260119,0.221657,1.962693,0.116844,1.382390,-0.393225,0.827718,-0.029162,1.879205,-0.164650,1.626691,-0.252957,1.177487
T,Right,legacy_bisindo_2hand_T_232,0.000000,0.000000,0.535546,0.037831,1.472526,0.299351,2.246512,0.308632,2.885081,0.102900,1.460780,0.154084,2.107092,1.228809,2.065384,1.172610,2.035750,0.808626,0.947548,0.319615,1.487422,1.851875,1.219521,1.711404,1.062359,1.241442,0.408422,0.544819,0.812840,1.989034,0.628043,1.753253,0.516034,1.299732,-0.086254,0.779840,0.312809,1.803264,0.210298,1.589480,0.109709,1.208411,0.000000,0.000000,-0.421653,-0.364474,-0.986711,-0.568757,-1.504782,-0.454890,-1.814388,-0.242905,-0.862418,-0.942863,-1.200021,-1.381037,-1.348635,-1.716899,-1.406790,-2.032776,-0.680550,-0.732702,-1.545161,-0.730752,-1.731052,-0.373500,-1.661988,-0.154740,-0.577679,-0.372857,-1.472774,-0.161746,-1.531304,0.081485,-1.330198,0.143918,-0.514129,0.016015,-1.240570,0.176584,-1.319740,0.282382,-1.160086,0.274830
T,Right,legacy_bisindo_2hand_T_233,0.000000,0.000000,0.380223,-0.245743,0.823124,-0.251625,1.141198,-0.063265,1.292904,0.109697,1.052808,-0.344367,1.552046,-0.259603,1.844315,-0.197776,2.093111,-0.187292,0.984517,-0.175288,1.374996,0.441714,1.132510,0.503124,0.955872,0.359339,0.854576,0.085129,1.156136,0.668742,0.937193,0.667640,0.786541,0.511414,0.741913,0.375860,0.918438,0.805714,0.730946,0.753719,0.620762,0.601709,0.000000,0.000000,-0.433944,-0.201240,-0.683880,-0.444573,-0.883147,-0.539842,-1.041007,-0.620616,-0.422995,-1.117361,-0.662199,-1.671974,-0.800826,-2.009764,-0.865943,-2.287286,-0.187055,-0.982350,-0.713331,-1.248917,-0.938149,-0.854755,-0.911286,-0.576410,-0.048352,-0.708159,-0.674996,-0.676926,-0.769922,-0.363491,-0.627787,-0.250413,0.001581,-0.369952,-0.521505,-0.304224,-0.585515,-0.127082,-0.437027,-0.098354
T,Right,legacy_bisindo_2hand_T_234,0.000000,0.000000,0.317463,0.381594,0.577577,0.587677,0.701391,0.812969,0.713819,1.011786,1.060405,0.167461,1.405044,0.254480,1.643816,0.340480,1.851416,0.418169,0.993165,0.116716,1.057315,0.750745,0.817726,0.834294,0.680174,0.781448,0.842572,0.146223,0.862151,0.736137,0.663100,0.756956,0.564082,0.648511,0.655308,0.233005,0.712338,0.681452,0.586164,0.733430,0.512027,0.661183,0.000000,0.000000,-0.321303,-0.283473,-0.634033,-0.517670,-0.948529,-0.517600,-1.136344,-0.403861,-0.333331,-1.126798,-0.443083,-1.727426,-0.464891,-2.161492,-0.442316,-2.504794,-0.107296,-0.994227,-0.775506,-0.656419,-0.991848,-0.298697,-0.981981,-0.117806,0.028938,-0.691183,-0.622033,-0.299815,-0.764873,-0.074440,-0.728415,-0.005046,0.087952,-0.360702,-0.405257,-0.080883,-0.524192,0.076240,-0.476833,0.118172
T,Right,legacy_bisindo_2hand_T_235,0.000000,0.000000,0.339108,0.261951,0.654954,0.491073,0.871610,0.746908,1.015966,0.920301,1.036919,0.100211,1.452082,0.224566,1.703111,0.277810,1.931171,0.286896,0.996901,0.078663,1.177779,0.721122,0.931990,0.811682,0.803825,0.740187,0.869517,0.149823,0.931441,0.777711,0.683769,0.796425,0.580961,0.671595,0.716054,0.291570,0.768705,0.782350,0.586043,0.794582,0.488243,0.671349,0.000000,0.000000,-0.432583,-0.157803,-0.688732,-0.394001,-0.877023,-0.586371,-1.014284,-0.791144,-0.290342,-1.067567,-0.458656,-1.574363,-0.532659,-1.948751,-0.569687,-2.254733,-0.072417,-0.997374,-0.627319,-1.063272,-0.787712,-0.687230,-0.729127,-0.479694,0.063468,-0.768301,-0.516143,-0.556250,-0.545849,-0.265781,-0.383686,-0.209620,0.133967,-0.484593,-0.315136,-0.303050,-0.340355,-0.108700,-0.186100,-0.107168
T,Right,legacy_bisindo_2hand_T_236,0.000000,0.000000,0.358573,0.065399,0.715795,0.291375,0.947708,0.617010,1.103021,0.848649,1.055727,-0.073636,1.522731,0.090678,1.828765,0.167562,2.074304,0.200650,0.999160,-0.040987,1.161911,0.651707,0.909852,0.736617,0.769675,0.638210,0.864151,0.092565,0.968283,0.779762,0.718056,0.806444,0.590226,0.669211,0.729875,0.294486,0.820346,0.831199,0.619170,0.833387,0.488579,0.709022,0.000000,0.000000,-0.345490,-0.202287,-0.579450,-0.471263,-0.744039,-0.681408,-0.845205,-0.887153,-0.093582,-1.107677,-0.213523,-1.622918,-0.254907,-2.002534,-0.266596,-2.292032,0.140985,-0.990012,-0.447522,-1.078571,-0.668175,-0.728650,-0.650852,-0.529307,0.261033,-0.737349,-0.367991,-0.584801,-0.438751,-0.315181,-0.295259,-0.245257,0.308172,-0.432609,-0.189335,-0.314556,-0.245461,-0.138977,-0.105592,-0.125445
T,Right,legacy_bisindo_2hand_T_237,0.000000,0.000000,0.441593,0.074590,0.829392,0.405763,0.999942,0.815025,1.086179,1.066213,1.166628,0.029863,1.599323,0.362040,1.897565,0.457304,2.168416,0.499282,0.999494,0.031813,1.182994,0.885226,0.984207,0.840835,0.901221,0.649936,0.781552,0.126362,0.928915,0.886503,0.764550,0.790168,0.709077,0.600730,0.554926,0.274437,0.715622,0.844375,0.600488,0.766536,0.551169,0.574430,0.000000,0.000000,-0.317317,-0.418219,-0.689385,-0.746790,-1.103566,-0.835230,-1.335477,-0.823070,-0.439892,-1.197598,-0.450038,-1.797979,-0.382143,-2.223480,-0.289247,-2.592958,-0.278963,-0.960302,-1.062025,-1.043768,-1.137710,-0.733372,-0.970789,-0.588661,-0.237767,-0.606140,-1.025633,-0.462170,-0.941228,-0.297109,-0.696776,-0.291321,-0.229620,-0.252814,-0.839706,-0.116180,-0.764752,-0.006519,-0.554721,-0.042041
T,Right,legacy_bisindo_2hand_T_238,0.000000,0.000000,0.456398,0.029495,0.830235,0.316312,0.951487,0.696441,0.958480,1.026322,1.148050,0.007010,1.591660,0.132722,1.853249,0.232244,2.060997,0.339274,0.995812,0.091424,1.211876,0.753081,1.029312,0.781972,0.909408,0.691257,0.791591,0.214594,0.932061,0.841245,0.788541,0.811059,0.718789,0.682642,0.584229,0.356260,0.743042,0.825573,0.657984,0.838091,0.614771,0.747717,0.000000,0.000000,-0.395574,-0.457545,-0.838676,-0.707362,-1.279203,-0.686765,-1.577301,-0.582108,-0.617884,-1.112395,-0.755062,-1.724233,-0.783870,-2.129610,-0.770857,-2.498162,-0.457312,-0.889306,-1.189295,-0.909060,-1.384868,-0.601114,-1.355911,-0.377628,-0.400916,-0.539161,-1.210796,-0.333992,-1.362133,-0.073647,-1.318228,0.075112,-0.392504,-0.177152,-1.026782,0.018977,-1.260419,0.169897,-1.332073,0.234645
T,Right,legacy_bisindo_2hand_T_239,0.000000,0.000000,0.443238,-0.052940,0.842600,0.187694,1.084957,0.560014,1.239616,0.832971,1.090768,-0.107367,1.528503,0.095081,1.808871,0.155750,2.051406,0.170028,0.999936,0.011273,1.278437,0.642453,1.073470,0.708654,0.953042,0.622347,0.845699,0.173733,1.062306,0.779775,0.870119,0.781719,0.773497,0.658539,0.677913,0.349274,0.888857,0.821712,0.742571,0.844767,0.644897,0.758313,0.000000,0.000000,-0.252158,-0.222031,-0.415760,-0.498898,-0.484047,-0.703652,-0.457749,-0.885697,-0.089388,-1.072427,-0.064804,-1.578129,-0.082421,-1.846119,-0.069014,-2.066642,0.131684,-0.991292,-0.081336,-1.303021,-0.291972,-1.036046,-0.347672,-0.809044,0.282236,-0.820542,-0.055258,-0.872796,-0.222253,-0.577899,-0.227800,-0.395480,0.373104,-0.599334,0.069533,-0.612231,-0.082799,-0.419777,-0.088029,-0.305316
T,Right,legacy_bisindo_2hand_T_240,0.000000,0.000000,0.341479,-0.330089,0.634855,-0.589494,0.891963,-0.674076,0.984855,-0.653816,0.431251,-1.070213,0.662542,-1.528420,0.810811,-1.879004,0.894188,-2.145874,0.280418,-0.959878,0.955072,-0.744937,0.904964,-0.476168,0.746488,-0.404617,0.199013,-0.692875,0.850974,-0.383444,0.746512,-0.194413,0.560377,-0.230713,0.191191,-0.393569,0.708937,-0.132642,0.618765,-0.015854,0.438039,-0.071391,0.000000,0.000000,-0.339917,-0.233249,-0.722788,-0.324497,-1.046076,-0.243958,-1.248192,-0.106018,-0.900829,-0.656622,-1.362994,-0.485211,-1.613868,-0.417310,-1.802824,-0.420764,-0.827520,-0.561437,-1.245827,-0.119164,-1.105103,-0.003522,-0.968566,-0.038373,-0.733444,-0.372821,-1.106790,0.087122,-0.951076,0.143812,-0.830357,0.069332,-0.649315,-0.150113,-0.936998,0.173047,-0.826206,0.213204,-0.716742,0.150000
T,Right,legacy_bisindo_2hand_T_241,0.000000,0.000000,-0.500618,-0.073103,-0.809457,-0.204546,-1.052782,-0.297262,-1.280457,-0.371413,-0.719264,-0.926977,-0.997036,-1.185111,-1.145193,-1.452738,-1.243520,-1.734346,-0.488029,-0.872828,-1.112897,-0.547614,-1.065621,-0.223119,-0.906420,-0.159249,-0.308155,-0.624499,-0.936413,-0.254890,-0.846844,-0.016613,-0.651324,-0.021406,-0.176119,-0.333328,-0.702793,-0.052110,-0.693225,0.125931,-0.540988,0.136433,0.000000,0.000000,0.420775,-0.065578,0.813237,-0.057351,1.093616,0.078660,1.230897,0.210291,0.931623,-0.542660,1.301307,-0.689545,1.532237,-0.815062,1.734305,-0.944489,0.861772,-0.507296,1.268576,-0.002752,1.092881,0.110679,0.966321,0.037623,0.775013,-0.362037,1.129485,0.177000,0.956375,0.234299,0.836666,0.121633,0.710372,-0.162488,1.003937,0.249706,0.872275,0.303664,0.754286,0.217552
T,Right,legacy_bisindo_2hand_T_242,0.000000,0.000000,0.331811,0.263657,0.632285,0.435161,0.860219,0.482196,0.841480,0.291845,1.028275,-0.098098,1.421190,-0.030813,1.680391,0.014518,1.907929,0.022620,0.936714,-0.350097,0.973652,0.036875,0.661971,0.168744,0.561166,0.118140,0.776985,-0.513645,0.764988,-0.054501,0.498900,0.082747,0.406583,0.026893,0.575772,-0.623922,0.610215,-0.246524,0.466199,-0.086174,0.384406,-0.104337,0.000000,0.000000,-0.233732,-0.259117,-0.433453,-0.493780,-0.607341,-0.663087,-0.660682,-0.764079,-0.136812,-1.119652,-0.213767,-1.635295,-0.238772,-1.991674,-0.245222,-2.265225,0.047272,-0.998882,-0.542422,-0.811830,-0.587558,-0.535875,-0.438845,-0.441936,0.122071,-0.729708,-0.468296,-0.465927,-0.427358,-0.305822,-0.253933,-0.308085,0.140384,-0.444695,-0.330083,-0.223142,-0.309354,-0.120344,-0.142859,-0.155991
T,Right,legacy_bisindo_2hand_T_243,0.000000,0.000000,-0.458200,-0.170280,-0.731403,-0.366382,-0.965513,-0.470862,-1.164442,-0.526630,-0.573336,-1.005893,-0.787394,-1.366686,-0.892299,-1.685485,-0.955480,-1.977392,-0.389376,-0.921079,-0.966218,-0.711820,-0.954241,-0.400496,-0.781351,-0.342899,-0.267721,-0.674099,-0.845272,-0.430818,-0.794229,-0.204925,-0.609293,-0.197590,-0.186135,-0.382184,-0.669510,-0.180004,-0.654341,-0.030717,-0.501667,-0.040396,0.000000,0.000000,0.347725,-0.180100,0.752755,-0.165195,1.032926,0.035934,1.192133,0.187961,0.908707,-0.596934,1.346119,-0.679507,1.603206,-0.789476,1.813998,-0.912466,0.846783,-0.531938,1.250776,0.003973,1.059431,0.111856,0.929129,0.027335,0.760752,-0.359747,1.108485,0.184853,0.943762,0.245390,0.826698,0.133916,0.691729,-0.143466,0.986472,0.258366,0.850539,0.304544,0.735500,0.211882
T,Right,legacy_bisindo_2hand_T_244,0.000000,0.000000,0.374350,0.327486,0.685656,0.530047,0.902526,0.760660,1.082942,0.952028,1.051062,0.063133,1.440055,0.097736,1.683158,0.189051,1.885506,0.289055,0.999278,0.038006,1.270207,0.602465,1.092289,0.835576,0.915164,0.915200,0.866005,0.104471,0.939687,0.723646,0.673313,0.834462,0.501209,0.792818,0.699827,0.243665,0.780540,0.752101,0.616320,0.891686,0.481379,0.891310,0.000000,0.000000,-0.245508,-0.238473,-0.417673,-0.483280,-0.572905,-0.647031,-0.727185,-0.784585,-0.168342,-1.106701,-0.243275,-1.739077,-0.293316,-2.077453,-0.308877,-2.355895,0.059855,-0.998207,-0.356994,-1.241123,-0.587995,-0.902546,-0.600751,-0.674033,0.191612,-0.761800,-0.374509,-0.663457,-0.502533,-0.366422,-0.401863,-0.253085,0.264297,-0.480296,-0.222081,-0.371311,-0.331139,-0.173182,-0.230971,-0.115999
T,Right,legacy_bisindo_2hand_T_245,0.000000,0.000000,0.412905,0.024878,0.765490,0.021240,1.034083,0.122511,1.207233,0.202714,0.905709,-0.547227,1.224172,-0.678698,1.462328,-0.735660,1.673388,-0.763872,0.841968,-0.539527,1.228742,-0.021965,1.055074,0.220150,0.904629,0.277559,0.766875,-0.408825,1.094372,0.119613,0.881967,0.293726,0.715326,0.277093,0.704573,-0.213689,0.984762,0.194549,0.875058,0.370025,0.745846,0.385570,0.000000,0.000000,0.000000,0.000000,0.000000,0.000000,0.000000,0.000000,0.000000,0.000000,0.000000,0.000000,0.000000,0.000000,0.000000,0.000000,0.000000,0.000000,0.000000,0.000000,0.000000,0.000000,0.000000,0.000000,0.000000,0.000000,0.000000,0.000000,0.000000,0.000000,0.000000,0.000000,0.000000,0.000000,0.000000,0.000000,0.000000,0.000000,0.000000,0.000000,0.000000,0.000000
T,Right,legacy_bisindo_2hand_T_246,0.000000,0.000000,0.424531,-0.118741,0.923005,-0.059367,1.245989,0.163330,1.449929,0.287437,1.120930,-0.091482,1.632964,-0.069176,1.947590,-0.044745,2.217469,-0.091158,0.999088,-0.042695,1.332432,0.745400,1.092566,0.812399,0.967670,0.643742,0.809516,0.131366,1.110754,0.887754,0.888671,0.906379,0.778193,0.717978,0.640007,0.357844,0.860878,0.926526,0.707692,0.934837,0.619663,0.795555,0.000000,0.000000,-0.205270,-0.479438,-0.470243,-0.896596,-0.746392,-1.158064,-0.829340,-1.219284,-0.172923,-1.262426,-0.471603,-1.893504,-0.626861,-2.283296,-0.732693,-2.640954,0.023973,-0.999713,-0.815708,-1.059810,-0.930885,-0.672619,-0.766054,-0.534215,0.071194,-0.590848,-0.746410,-0.572493,-0.782837,-0.319997,-0.581336,-0.250510,0.046010,-0.175056,-0.581679,-0.161560,-0.642089,-0.025095,-0.482754,0.009985
T,Right,legacy_bisindo_2hand_T_247,0.000000,0.000000,-0.472131,-0.222905,-0.783452,-0.433575,-0.981217,-0.521206,-0.914001,-0.418175,-0.466137,-1.060164,-0.673418,-1.690560,-0.820980,-2.114460,-0.922295,-2.453080,-0.180643,-0.983549,-0.638171,-0.928294,-0.733536,-0.513681,-0.627954,-0.337896,0.025066,-0.736094,-0.473120,-0.457545,-0.545392,-0.196566,-0.432418,-0.169763,0.137404,-0.425905,-0.255091,-0.182420,-0.307529,-0.016474,-0.178351,-0.039773,0.000000,0.000000,0.425382,0.264831,0.729223,0.382733,0.947732,0.516345,1.152919,0.568374,1.035455,-0.209024,1.405460,-0.253961,1.679256,-0.273107,1.917337,-0.308683,0.967948,-0.251150,1.270753,0.356700,1.036989,0.461442,0.880223,0.364897,0.837926,-0.163575,1.068921,0.413997,0.851080,0.498870,0.726102,0.386663,0.702330,0.001367,0.876236,0.456560,0.718026,0.513870,0.602086,0.407425
T,Right,legacy_bisindo_2hand_T_248,0.000000,0.000000,-0.421405,-0.255564,-0.613919,-0.578299,-0.751133,-0.852112,-0.901910,-1.091199,-0.328743,-1.025347,-0.503596,-1.417622,-0.598211,-1.658844,-0.670042,-1.875880,-0.200548,-0.979684,-0.640361,-1.103489,-0.745826,-0.818014,-0.729304,-0.595235,-0.137483,-0.846715,-0.603766,-0.790472,-0.607014,-0.516722,-0.521253,-0.356935,-0.123892,-0.671299,-0.505003,-0.609973,-0.513934,-0.412981,-0.423738,-0.309942,0.000000,0.000000,0.419955,0.438805,0.736550,0.598162,0.938288,0.771549,1.095677,0.919291,1.093425,0.110984,1.430636,0.006168,1.634149,-0.038055,1.827271,-0.091314,0.999905,-0.013789,1.189302,0.512183,0.933984,0.657884,0.781473,0.632034,0.832435,-0.028424,1.007936,0.518389,0.763284,0.591911,0.624861,0.494818,0.671746,0.047771,0.802009,0.481623,0.621557,0.554811,0.500780,0.480895
T,Right,legacy_bisindo_2hand_T_249,0.000000,0.000000,0.387377,0.275681,0.735088,0.508174,0.953853,0.819407,1.108593,1.051897,1.044036,0.164152,1.481229,0.066694,1.770991,0.031935,2.047971,-0.015130,0.991610,0.129266,1.221040,0.767521,0.966796,0.950562,0.791473,0.879136,0.830417,0.211581,1.024341,0.858375,0.736241,0.957139,0.582206,0.808737,0.663858,0.389652,0.816231,0.871949,0.640874,0.967375,0.490297,0.882467,0.000000,0.000000,-0.340881,-0.152911,-0.633429,-0.318782,-0.703123,-0.434245,-0.553401,-0.447766,-0.391358,-1.017771,-0.578261,-1.557302,-0.706256,-1.945556,-0.815846,-2.240389,-0.103840,-0.994594,-0.457773,-0.907389,-0.528311,-0.548829,-0.438084,-0.432146,0.094191,-0.797727,-0.308145,-0.526504,-0.380643,-0.292766,-0.296712,-0.256676,0.207822,-0.541351,-0.129149,-0.295484,-0.214596,-0.127697,-0.142067,-0.127065
T,Right,legacy_bisindo_2hand_T_250,0.000000,0.000000,0.403479,0.097597,0.774535,0.183250,1.001139,0.319080,1.171845,0.438084,1.067343,-0.051875,1.431814,0.078267,1.662954,0.150589,1.862319,0.198627,0.998352,-0.057389,1.175021,0.594740,0.966650,0.698319,0.851560,0.641603,0.860533,0.015612,0.982178,0.631241,0.800402,0.658803,0.708337,0.532766,0.711306,0.125967,0.779525,0.573847,0.653213,0.588936,0.595561,0.475733,0.000000,0.000000,-0.350134,-0.347114,-0.456862,-0.715146,-0.501553,-1.020848,-0.549301,-1.295328,-0.110112,-1.097355,-0.121891,-1.572484,-0.103258,-1.912522,-0.094484,-2.182135,-0.016137,-0.999870,-0.511334,-1.109670,-0.739576,-0.879543,-0.817050,-0.672785,-0.014438,-0.811390,-0.550556,-0.770589,-0.590013,-0.540414,-0.505966,-0.399929,-0.058618,-0.585463,-0.505551,-0.537684,-0.551745,-0.380185,-0.463638,-0.302154
T,Right,legacy_bisindo_2hand_T_251,0.000000,0.000000,0.397861,-0.122279,0.780392,-0.092139,1.032430,0.062140,1.199802,0.229947,1.040954,-0.234786,1.454589,-0.133442,1.703474,-0.078853,1.918644,-0.053618,0.984285,-0.176585,1.264795,0.449303,1.065369,0.606019,0.929880,0.573219,0.860194,-0.040159,1.077101,0.545677,0.884783,0.649982,0.752409,0.573727,0.729200,0.126489,0.903820,0.549546,0.767852,0.617181,0.667253,0.549658,0.000000,0.000000,-0.295000,-0.401260,-0.371639,-0.789073,-0.379812,-1.094039,-0.414432,-1.362928,-0.025436,-1.093728,-0.070683,-1.544978,-0.085863,-1.853108,-0.107697,-2.106936,0.070737,-0.997495,-0.416910,-1.109266,-0.566120,-0.867191,-0.568125,-0.680416,0.070023,-0.824128,-0.448224,-0.834670,-0.494400,-0.612403,-0.421379,-0.487894,0.025019,-0.615948,-0.386511,-0.606985,-0.420306,-0.463493,-0.326242,-0.387208
T,Right,legacy_bisindo_2hand_T_252,0.000000,0.000000,0.396455,-0.014898,0.778346,0.050200,1.018853,0.221812,1.182762,0.387247,1.047229,-0.156632,1.452777,-0.132627,1.720078,-0.120132,1.949306,-0.144036,0.990167,-0.139888,1.280385,0.492592,1.086653,0.644608,0.966489,0.586345,0.851577,-0.033492,1.065408,0.577671,0.884608,0.648813,0.779116,0.523657,0.707960,0.114651,0.852426,0.573403,0.725279,0.620303,0.646878,0.514676,0.000000,0.000000,-0.348495,-0.318934,-0.488890,-0.638613,-0.576017,-0.900401,-0.633575,-1.150136,-0.155473,-1.093465,-0.202923,-1.585546,-0.234250,-1.898490,-0.264004,-2.169866,-0.004298,-0.999991,-0.510857,-1.010010,-0.583642,-0.747444,-0.491090,-0.611288,0.035011,-0.792247,-0.506373,-0.676043,-0.521928,-0.473193,-0.404299,-0.422135,0.005720,-0.558294,-0.430931,-0.442141,-0.453974,-0.296380,-0.341083,-0.269051
T,Right,legacy_bisindo_2hand_T_253,0.000000,0.000000,0.401403,0.011657,0.714326,0.267926,0.846287,0.627789,0.875825,0.929292,1.037383,0.158533,1.431975,0.333477,1.667647,0.405641,1.868462,0.454557,0.968653,0.248419,1.001785,0.819913,0.796117,0.835568,0.692249,0.758420,0.814701,0.358732,0.748661,0.881145,0.558875,0.848604,0.475600,0.745827,0.647347,0.483375,0.608239,0.865090,0.456819,0.884356,0.376961,0.834148,0.000000,0.000000,0.259120,-0.422518,0.317712,-0.895151,0.235656,-1.208042,0.059900,-1.407487,0.021932,-1.059674,-0.005098,-1.681405,0.005762,-2.075694,0.029333,-2.375216,-0.280701,-0.959795,-0.403508,-1.531300,-0.407783,-1.812600,-0.401187,-1.973043,-0.515485,-0.831280,-0.576443,-1.356675,-0.471974,-1.521145,-0.379463,-1.561063,-0.664936,-0.683899,-0.678689,-1.102638,-0.591589,-1.213150,-0.503384,-1.208604
T,Right,legacy_bisindo_2hand_T_254,0.000000,0.000000,0.405403,-0.086697,0.764381,0.035030,1.008669,0.280420,1.141370,0.504132,1.063231,-0.144536,1.441738,-0.207227,1.691617,-0.234640,1.917677,-0.252521,0.999525,-0.030834,1.303088,0.538275,1.119168,0.606361,1.003834,0.505895,0.868707,0.146699,1.092941,0.691041,0.880933,0.676285,0.770470,0.550650,0.727325,0.359746,0.865483,0.763358,0.701928,0.725215,0.600909,0.596235,0.000000,0.000000,-0.477811,-0.279124,-0.907347,-0.426714,-1.252909,-0.302890,-1.381657,-0.119750,-0.758366,-0.999400,-1.072588,-1.522036,-1.207332,-1.879910,-1.303336,-2.196148,-0.529863,-0.848083,-1.174756,-0.657022,-1.111215,-0.382059,-0.923755,-0.305913,-0.352271,-0.542009,-0.963471,-0.081452,-0.818206,0.020658,-0.608730,-0.076839,-0.231702,-0.206805,-0.709126,0.174812,-0.600951,0.229973,-0.418779,0.109674
T,Right,legacy_bisindo_2hand_T_255,0.000000,0.000000,0.354219,0.232460,0.657317,0.513458,0.798502,0.846079,0.889679,1.103412,1.057606,0.186757,1.389940,0.233609,1.609651,0.204914,1.812628,0.163013,0.980685,0.195595,1.033372,0.821611,0.832606,0.825562,0.757101,0.697836,0.824879,0.263326,0.828055,0.871198,0.646721,0.830905,0.602448,0.684636,0.650854,0.370525,0.660993,0.843620,0.527249,0.793524,0.493224,0.648594,0.000000,0.000000,-0.371220,-0.313318,-0.736653,-0.532696,-1.019995,-0.466524,-1.051043,-0.274085,-0.523213,-1.103561,-0.751160,-1.698425,-0.928587,-2.143950,-1.075184,-2.511102,-0.240069,-0.970756,-0.808264,-0.866377,-0.846578,-0.591026,-0.740300,-0.457909,-0.049673,-0.637539,-0.750999,-0.231850,-0.696607,-0.058907,-0.495353,-0.075026,0.039629,-0.265627,-0.539506,0.047831,-0.493748,0.165638,-0.289557,0.124108
T,Right,legacy_bisindo_2hand_T_256,0.000000,0.000000,0.139459,0.260661,0.250590,0.692254,0.252944,1.132658,0.307011,1.456916,0.824730,0.634771,1.210480,0.919053,1.480748,1.055360,1.738343,1.164579,0.765312,0.643659,0.538045,1.296940,0.322383,1.228439,0.306634,1.075706,0.546232,0.657161,0.264033,1.268278,0.109898,1.131704,0.175955,0.965976,0.268152,0.721945,0.044943,1.198139,-0.054319,1.063602,-0.015927,0.881609,0.000000,0.000000,-0.152470,-0.374823,-0.332620,-0.685785,-0.573231,-0.817168,-0.698508,-0.780533,-0.054189,-1.178926,-0.126182,-1.726927,-0.126591,-2.073288,-0.123904,-2.365811,0.075611,-0.997137,-0.489951,-1.082526,-0.570949,-0.825583,-0.479694,-0.687546,0.099091,-0.704007,-0.516171,-0.638886,-0.491725,-0.473236,-0.328742,-0.424711,0.068496,-0.396929,-0.416566,-0.358310,-0.400357,-0.248400,-0.235920,-0.233269
T,Right,legacy_bisindo_2hand_T_257,0.000000,0.000000,0.237631,0.371295,0.400252,0.761721,0.445172,1.181123,0.504341,1.526915,0.855430,0.592072,1.295176,0.725743,1.561974,0.844611,1.808805,0.933018,0.813212,0.581967,0.695088,1.257998,0.434783,1.292067,0.356400,1.136240,0.622226,0.594665,0.472277,1.294428,0.243251,1.243873,0.219516,1.037026,0.398862,0.672550,0.268872,1.222221,0.127519,1.230538,0.100555,1.103888,0.000000,0.000000,-0.237445,-0.403245,-0.320250,-0.774043,-0.372835,-1.039474,-0.369211,-1.251531,0.094379,-1.134272,0.160150,-1.693144,0.201252,-2.041040,0.255490,-2.334667,0.316360,-0.948639,-0.054189,-1.217680,-0.253903,-0.905776,-0.190597,-0.735186,0.407947,-0.675225,-0.088236,-0.790534,-0.229973,-0.562799,-0.099695,-0.471009,0.408564,-0.375920,-0.040599,-0.450194,-0.167893,-0.307511,-0.045558,-0.241315
T,Right,legacy_bisindo_2hand_T_258,0.000000,0.000000,0.400874,-0.138469,0.794324,-0.055421,1.017753,0.152570,1.121180,0.370126,1.048577,-0.120934,1.457518,-0.010354,1.713568,-0.011156,1.928182,-0.042363,0.999997,-0.002583,1.134923,0.592301,0.935365,0.612974,0.845922,0.492972,0.861520,0.161604,0.937229,0.734067,0.769580,0.713143,0.717272,0.565714,0.708195,0.333823,0.775516,0.789001,0.644463,0.766654,0.595417,0.630501,0.000000,0.000000,-0.364441,-0.453022,-0.617220,-0.729054,-0.872374,-0.705635,-1.014678,-0.519509,-0.191949,-1.227782,-0.374574,-1.803066,-0.426332,-2.204838,-0.427460,-2.551466,0.004345,-0.999991,-0.719566,-0.975949,-0.809501,-0.636596,-0.668455,-0.499609,0.064523,-0.634951,-0.692325,-0.423461,-0.682636,-0.241972,-0.491167,-0.215395,0.041205,-0.261442,-0.552028,-0.124379,-0.556087,-0.023854,-0.375452,-0.030087
T,Right,legacy_bisindo_2hand_T_259,0.000000,0.000000,-0.394990,-0.165326,-0.626112,-0.369159,-0.775729,-0.538237,-0.897187,-0.654408,-0.428923,-0.978718,-0.582141,-1.337151,-0.658550,-1.594246,-0.706879,-1.811201,-0.234124,-0.972207,-0.744517,-0.839726,-0.735019,-0.554726,-0.576650,-0.539775,-0.097020,-0.842341,-0.611975,-0.576207,-0.567974,-0.371136,-0.425784,-0.387420,-0.025118,-0.656465,-0.446852,-0.454347,-0.413826,-0.310715,-0.282324,-0.319093,0.000000,0.000000,0.514096,0.051238,0.833378,-0.010302,1.066376,-0.036009,1.266539,-0.093532,0.938782,-0.706193,1.425834,-0.798982,1.806690,-0.874145,2.085093,-0.946150,0.652411,-0.757865,1.165775,-0.438907,0.985264,-0.160804,0.800961,-0.110097,0.343748,-0.645222,0.837156,-0.207795,0.660830,0.046805,0.482667,-0.011682,0.078862,-0.468615,0.456536,-0.067325,0.416034,0.115133,0.284496,0.037668
T,Right,legacy_bisindo_2hand_T_260,0.000000,0.000000,0.471339,0.009688,0.802448,-0.090772,1.017924,-0.161182,1.019112,-0.283916,0.780571,-0.789429,1.167745,-0.898997,1.428890,-0.970852,1.645292,-1.070136,0.591735,-0.806133,1.042764,-0.512026,0.899850,-0.341407,0.761988,-0.404957,0.404312,-0.685976,0.818535,-0.331808,0.693835,-0.185473,0.568867,-0.271823,0.235700,-0.492624,0.614037,-0.248739,0.552001,-0.134288,0.415530,-0.195547,0.000000,0.000000,0.000000,0.000000,0.000000,0.000000,0.000000,0.000000,0.000000,0.000000,0.000000,0.000000,0.000000,0.000000,0.000000,0.000000,0.000000,0.000000,0.000000,0.000000,0.000000,0.000000,0.000000,0.000000,0.000000,0.000000,0.000000,0.000000,0.000000,0.000000,0.000000,0.000000,0.000000,0.000000,0.000000,0.000000,0.000000,0.000000,0.000000,0.000000,0.000000,0.000000
T,Right,legacy_bisindo_2hand_T_261,0.000000,0.000000,-0.436923,-0.238358,-0.639353,-0.452204,-0.806099,-0.612206,-0.849729,-0.711142,-0.267077,-1.012448,-0.362621,-1.314799,-0.406290,-1.546066,-0.428911,-1.729078,-0.118606,-0.992941,-0.629832,-0.990325,-0.699595,-0.706749,-0.569235,-0.612464,-0.041029,-0.867544,-0.562622,-0.782016,-0.568619,-0.552378,-0.424048,-0.500897,-0.030888,-0.693289,-0.422123,-0.618951,-0.418314,-0.469022,-0.285157,-0.432378,0.000000,0.000000,0.474358,0.116151,0.808228,0.168458,1.001140,0.272000,0.991483,0.242194,1.034168,-0.513835,1.429768,-0.425172,1.714018,-0.417739,1.944172,-0.429124,0.837884,-0.545849,1.069066,0.013257,0.852935,0.080919,0.761030,-0.037533,0.603540,-0.463749,0.827804,0.097399,0.650126,0.146144,0.568431,0.012070,0.376506,-0.311756,0.607384,0.114983,0.510694,0.174538,0.407742,0.046393
T,Right,legacy_bisindo_2hand_T_262,0.000000,0.000000,0.496448,0.041832,0.820364,0.008091,1.028903,0.037780,1.051516,-0.019848,0.867276,-0.763607,1.266597,-0.813585,1.561534,-0.890184,1.787301,-0.959382,0.656446,-0.754373,1.043275,-0.261700,0.851058,-0.112609,0.722956,-0.180863,0.436769,-0.613529,0.829552,-0.121625,0.670123,0.001976,0.545459,-0.087493,0.249853,-0.397264,0.609218,-0.047187,0.532980,0.054938,0.386537,-0.026179,0.000000,0.000000,-0.492378,-0.056381,-0.767152,-0.201318,-0.979831,-0.299829,-1.077459,-0.408072,-0.561675,-0.897144,-0.775632,-1.153370,-0.848087,-1.365412,-0.885510,-1.588506,-0.403561,-0.914953,-0.937437,-0.749514,-0.880337,-0.422557,-0.697001,-0.412005,-0.290342,-0.799778,-0.806387,-0.578880,-0.727134,-0.330818,-0.551255,-0.343860,-0.226833,-0.614683,-0.616043,-0.433643,-0.559085,-0.277219,-0.406588,-0.289373
T,Right,legacy_bisindo_2hand_T_263,0.000000,0.000000,0.454288,0.073092,0.791702,0.025015,1.008918,-0.018631,0.993512,-0.149027,0.880264,-0.679702,1.251053,-0.728277,1.511166,-0.778232,1.725803,-0.853525,0.688813,-0.724940,1.054451,-0.356974,0.887144,-0.204370,0.766346,-0.275129,0.482708,-0.636629,0.801093,-0.210417,0.657084,-0.086778,0.552947,-0.175787,0.285628,-0.475550,0.598509,-0.174515,0.528239,-0.070024,0.417939,-0.131333,0.000000,0.000000,-0.336971,-0.207546,-0.642509,-0.362761,-1.003013,-0.377021,-1.272117,-0.330723,-0.530385,-0.978782,-0.843806,-1.323578,-0.987846,-1.605492,-1.082755,-1.880044,-0.470516,-0.882392,-1.119099,-0.689234,-1.038260,-0.448993,-0.869449,-0.413146,-0.477279,-0.635852,-1.072932,-0.287901,-0.938251,-0.109140,-0.756187,-0.147599,-0.524566,-0.343330,-0.967547,-0.022900,-0.852000,0.108387,-0.679954,0.072026
T,Right,legacy_bisindo_2hand_T_264,0.000000,0.000000,0.460275,0.111010,0.816206,0.089660,1.042804,0.073716,1.026893,-0.034372,0.959536,-0.573934,1.349637,-0.550815,1.599761,-0.560300,1.823120,-0.599359,0.777013,-0.629484,1.121355,-0.254550,0.952168,-0.126573,0.845771,-0.201815,0.572490,-0.562990,0.874231,-0.138288,0.726211,-0.021792,0.628611,-0.111520,0.366230,-0.424965,0.665246,-0.106288,0.586727,-0.000727,0.470459,-0.071498,0.000000,0.000000,-0.299731,-0.261425,-0.573584,-0.492703,-0.899803,-0.599166,-1.110607,-0.608105,-0.304726,-1.086055,-0.518654,-1.473623,-0.560950,-1.774178,-0.570845,-2.050601,-0.228074,-0.973644,-0.887436,-0.892597,-0.864193,-0.646437,-0.718837,-0.598427,-0.235113,-0.729856,-0.883289,-0.525269,-0.794083,-0.360122,-0.610836,-0.376625,-0.295764,-0.448162,-0.813525,-0.283223,-0.752705,-0.160095,-0.588068,-0.181038
T,Right,legacy_bisindo_2hand_T_265,0.000000,0.000000,0.483219,0.093985,0.813925,0.125372,1.008464,0.213805,1.006793,0.182963,0.997041,-0.582888,1.402255,-0.517507,1.694152,-0.528137,1.931392,-0.553189,0.799231,-0.601024,1.068272,-0.052982,0.852491,0.030859,0.748445,-0.078868,0.570386,-0.505035,0.831472,0.048281,0.651373,0.108377,0.561032,-0.020885,0.354077,-0.338448,0.609943,0.073394,0.514367,0.140878,0.403224,0.020778,0.000000,0.000000,-0.480566,-0.198559,-0.714169,-0.395690,-0.903204,-0.541465,-0.944803,-0.657878,-0.349753,-0.996647,-0.480514,-1.313876,-0.535071,-1.542215,-0.560990,-1.743362,-0.191713,-0.981451,-0.723119,-0.962338,-0.762077,-0.646073,-0.604483,-0.576347,-0.106964,-0.853385,-0.645671,-0.757218,-0.634060,-0.504439,-0.467423,-0.464792,-0.091117,-0.671961,-0.486580,-0.583502,-0.475855,-0.425993,-0.332645,-0.394828
T,Right,legacy_bisindo_2hand_T_266,0.000000,0.000000,0.483364,0.107946,0.803463,0.137429,1.000858,0.221472,1.011884,0.173060,1.002851,-0.567711,1.400979,-0.513639,1.689739,-0.530722,1.918989,-0.557143,0.803412,-0.595424,1.059956,-0.055612,0.846972,0.035441,0.745903,-0.060205,0.575467,-0.508353,0.831084,0.044490,0.651559,0.113968,0.558618,0.002150,0.361615,-0.345646,0.608445,0.069963,0.511137,0.139520,0.397802,0.028054,0.000000,0.000000,-0.483716,-0.200212,-0.738135,-0.395972,-0.925739,-0.536906,-0.970587,-0.654652,-0.352626,-0.997240,-0.489326,-1.317860,-0.531140,-1.544464,-0.544561,-1.758833,-0.195512,-0.980701,-0.735993,-0.955279,-0.765264,-0.616723,-0.590512,-0.559109,-0.112436,-0.848162,-0.657557,-0.755659,-0.634223,-0.485136,-0.456361,-0.449876,-0.089337,-0.662877,-0.490077,-0.574962,-0.466450,-0.415305,-0.315538,-0.391125
T,Right,legacy_bisindo_2hand_T_267,0.000000,0.000000,0.455929,-0.108430,0.718546,-0.342398,0.884273,-0.511893,0.968157,-0.663742,0.478634,-0.976223,0.613150,-1.372828,0.700685,-1.655580,0.739944,-1.912578,0.294587,-0.955625,0.869887,-0.871808,0.798555,-0.606907,0.653376,-0.557090,0.155060,-0.815763,0.700573,-0.576455,0.627242,-0.363397,0.493236,-0.387196,0.056126,-0.601023,0.492387,-0.473692,0.453888,-0.328980,0.317357,-0.336404,0.000000,0.000000,-0.513037,-0.065598,-0.856691,-0.140520,-1.098469,-0.131826,-1.276878,-0.189191,-0.867265,-0.792135,-1.387283,-0.830021,-1.700857,-0.866773,-1.951112,-0.921879,-0.596346,-0.802728,-1.141090,-0.505220,-0.968416,-0.174405,-0.773033,-0.194216,-0.331826,-0.674911,-0.841754,-0.318518,-0.722282,-0.072195,-0.546097,-0.133772,-0.117026,-0.484967,-0.530799,-0.205051,-0.516943,-0.035648,-0.398914,-0.078299
T,Right,legacy_bisindo_2hand_T_268,0.000000,0.000000,-0.357494,-0.277811,-0.531666,-0.521398,-0.638335,-0.714613,-0.727880,-0.882218,-0.212296,-1.044949,-0.274312,-1.430145,-0.300156,-1.691431,-0.313229,-1.907964,-0.032856,-0.999460,-0.555182,-1.008711,-0.619230,-0.753463,-0.490009,-0.678275,0.062808,-0.847500,-0.494487,-0.719110,-0.493210,-0.520971,-0.353253,-0.494712,0.084305,-0.657586,-0.361850,-0.571138,-0.364977,-0.430396,-0.235758,-0.407860,0.000000,0.000000,0.450691,0.125086,0.794689,0.105747,1.037558,0.129555,1.210872,0.102144,1.049766,-0.473889,1.509198,-0.480021,1.850389,-0.458740,2.112702,-0.479056,0.805127,-0.593102,1.177753,-0.174319,0.952559,0.059026,0.776765,0.045220,0.513696,-0.560500,0.834774,-0.064930,0.637210,0.143512,0.499918,0.057949,0.236411,-0.465508,0.505578,-0.042564,0.441542,0.131270,0.353854,0.059672
T,Right,legacy_bisindo_2hand_T_269,0.000000,0.000000,-0.386093,-0.223415,-0.594462,-0.444081,-0.726575,-0.629279,-0.815642,-0.784158,-0.337673,-1.013004,-0.451746,-1.390795,-0.504907,-1.656074,-0.537786,-1.871640,-0.143326,-0.989676,-0.655521,-0.922613,-0.679734,-0.663983,-0.538104,-0.611209,-0.020493,-0.846539,-0.560914,-0.640612,-0.536136,-0.448532,-0.396085,-0.438970,0.028545,-0.657019,-0.407643,-0.510010,-0.391344,-0.371698,-0.260455,-0.362660,0.000000,0.000000,0.463042,0.068975,0.785718,0.012531,1.035522,0.008026,1.203315,-0.057601,0.962838,-0.624930,1.431631,-0.682345,1.798700,-0.715447,2.076866,-0.760578,0.694995,-0.719014,1.149739,-0.354126,0.949708,-0.090520,0.771633,-0.064574,0.398244,-0.652517,0.814560,-0.179856,0.625748,0.062707,0.465249,-0.002726,0.122391,-0.520685,0.445669,-0.106187,0.402520,0.096168,0.299354,0.042665
T,Right,legacy_bisindo_2hand_T_270,0.000000,0.000000,0.441706,0.219873,0.798982,0.268385,1.031427,0.333506,1.196464,0.345128,1.137829,-0.239823,1.587132,-0.146435,1.891401,-0.064664,2.152090,-0.036305,0.921220,-0.389041,1.224898,0.061353,0.963015,0.255657,0.803553,0.222968,0.634143,-0.398576,0.886189,0.122200,0.643070,0.305112,0.507473,0.211659,0.356520,-0.347957,0.543162,0.107645,0.450561,0.268052,0.378854,0.183832,0.000000,0.000000,-0.309365,-0.327102,-0.438693,-0.605039,-0.502580,-0.821568,-0.541483,-0.995468,-0.023224,-1.070177,-0.008326,-1.463945,0.016498,-1.730685,0.046377,-1.947573,0.156528,-0.987673,-0.351569,-1.087818,-0.452662,-0.833241,-0.331320,-0.731825,0.230739,-0.814922,-0.344558,-0.784591,-0.382657,-0.583905,-0.251467,-0.528621,0.217811,-0.615634,-0.241967,-0.608429,-0.270371,-0.469050,-0.149211,-0.420574
T,Right,legacy_bisindo_2hand_T_271,0.000000,0.000000,0.455929,-0.108430,0.718546,-0.342398,0.884273,-0.511893,0.968157,-0.663742,0.478634,-0.976223,0.613150,-1.372828,0.700685,-1.655580,0.739944,-1.912578,0.294587,-0.955625,0.869887,-0.871808,0.798555,-0.606907,0.653376,-0.557090,0.155060,-0.815763,0.700573,-0.576455,0.627242,-0.363397,0.493236,-0.387196,0.056126,-0.601023,0.492387,-0.473692,0.453888,-0.328980,0.317357,-0.336404,0.000000,0.000000,-0.513037,-0.065598,-0.856691,-0.140520,-1.098469,-0.131826,-1.276878,-0.189191,-0.867265,-0.792135,-1.387283,-0.830021,-1.700857,-0.866773,-1.951112,-0.921879,-0.596346,-0.802728,-1.141090,-0.505220,-0.968416,-0.174405,-0.773033,-0.194216,-0.331826,-0.674911,-0.841754,-0.318518,-0.722282,-0.072195,-0.546097,-0.133772,-0.117026,-0.484967,-0.530799,-0.205051,-0.516943,-0.035648,-0.398914,-0.078299
T,Right,legacy_bisindo_2hand_T_272,0.000000,0.000000,-0.413199,-0.059685,-0.693985,-0.199727,-0.886389,-0.328391,-1.030105,-0.413713,-0.655073,-0.842458,-0.904136,-1.157503,-1.044010,-1.387322,-1.149885,-1.592385,-0.455745,-0.890111,-0.921865,-0.632031,-0.843243,-0.362126,-0.691473,-0.385739,-0.284783,-0.792913,-0.727487,-0.407574,-0.632607,-0.224786,-0.500219,-0.272064,-0.169064,-0.625515,-0.538276,-0.323497,-0.461541,-0.195250,-0.328444,-0.236962,0.000000,0.000000,0.468082,-0.093433,0.748554,-0.251065,0.964319,-0.349865,1.134722,-0.485466,0.691886,-0.929597,1.114523,-1.142145,1.454089,-1.316008,1.700591,-1.456974,0.400576,-0.916263,0.954901,-0.757199,0.844464,-0.431946,0.680113,-0.331873,0.139140,-0.747623,0.702893,-0.450022,0.601380,-0.150916,0.427012,-0.160306,-0.066694,-0.525307,0.389540,-0.227351,0.390988,-0.030638,0.247786,-0.065343
T,Right,legacy_bisindo_2hand_T_273,0.000000,0.000000,-0.392171,-0.227967,-0.595656,-0.453916,-0.720699,-0.640171,-0.818354,-0.793818,-0.334414,-1.013968,-0.435929,-1.391739,-0.489758,-1.651810,-0.526832,-1.865437,-0.143549,-0.989643,-0.660451,-0.940114,-0.688849,-0.675950,-0.548526,-0.615101,-0.024871,-0.848191,-0.568085,-0.651433,-0.541796,-0.449833,-0.396397,-0.436462,0.021994,-0.658545,-0.416614,-0.518658,-0.401448,-0.376112,-0.268738,-0.366347,0.000000,0.000000,0.466639,0.060371,0.780026,0.002900,1.023904,0.008190,1.208822,-0.051937,0.972634,-0.617806,1.431241,-0.668224,1.799669,-0.696378,2.077248,-0.740311,0.698383,-0.715724,1.140244,-0.366782,0.942414,-0.096388,0.762893,-0.067297,0.397455,-0.650976,0.808795,-0.200850,0.629269,0.050057,0.467396,-0.013063,0.120326,-0.524510,0.423184,-0.126629,0.396599,0.080196,0.307281,0.027092
T,Right,legacy_bisindo_2hand_T_274,0.000000,0.000000,-0.398948,-0.089524,-0.669996,-0.259737,-0.845540,-0.419390,-0.984833,-0.539648,-0.532157,-0.926258,-0.736426,-1.276074,-0.827875,-1.527900,-0.889477,-1.761502,-0.324338,-0.945941,-0.833977,-0.738116,-0.773383,-0.440705,-0.605229,-0.456143,-0.164493,-0.821271,-0.664512,-0.469652,-0.585829,-0.259650,-0.436591,-0.295359,-0.060665,-0.630465,-0.480160,-0.366039,-0.415972,-0.221552,-0.271616,-0.248115,0.000000,0.000000,0.551799,0.002477,0.869954,-0.090373,1.087507,-0.156458,1.299350,-0.240723,0.883776,-0.801028,1.356242,-0.960550,1.735558,-1.091068,2.000517,-1.200415,0.588277,-0.808659,1.146274,-0.580715,0.985190,-0.291920,0.791621,-0.212859,0.283399,-0.658165,0.834137,-0.297886,0.670962,-0.031318,0.484348,-0.072204,0.039294,-0.454423,0.445475,-0.103655,0.410113,0.076102,0.269730,0.010128
T,Right,legacy_bisindo_2hand_T_275,0.000000,0.000000,0.455929,-0.108430,0.718546,-0.342398,0.884273,-0.511893,0.968157,-0.663742,0.478634,-0.976223,0.613150,-1.372828,0.700685,-1.655580,0.739944,-1.912578,0.294587,-0.955625,0.869887,-0.871808,0.798555,-0.606907,0.653376,-0.557090,0.155060,-0.815763,0.700573,-0.576455,0.627242,-0.363397,0.493236,-0.387196,0.056126,-0.601023,0.492387,-0.473692,0.453888,-0.328980,0.317357,-0.336404,0.000000,0.000000,-0.513037,-0.065598,-0.856691,-0.140520,-1.098469,-0.131826,-1.276878,-0.189191,-0.867265,-0.792135,-1.387283,-0.830021,-1.700857,-0.866773,-1.951112,-0.921879,-0.596346,-0.802728,-1.141090,-0.505220,-0.968416,-0.174405,-0.773033,-0.194216,-0.331826,-0.674911,-0.841754,-0.318518,-0.722282,-0.072195,-0.546097,-0.133772,-0.117026,-0.484967,-0.530799,-0.205051,-0.516943,-0.035648,-0.398914,-0.078299
T,Right,legacy_bisindo_2hand_T_276,0.000000,0.000000,-0.402697,-0.092686,-0.662925,-0.267073,-0.833696,-0.427681,-0.975754,-0.540862,-0.521250,-0.931658,-0.717483,-1.277075,-0.803759,-1.524558,-0.860554,-1.756578,-0.317389,-0.948296,-0.816205,-0.741030,-0.754704,-0.444341,-0.586295,-0.461920,-0.161304,-0.822497,-0.655657,-0.476424,-0.579071,-0.262859,-0.432462,-0.299612,-0.061585,-0.631870,-0.474161,-0.365416,-0.409470,-0.219079,-0.265754,-0.248065,0.000000,0.000000,0.553694,0.033764,0.875915,-0.055201,1.097911,-0.116589,1.325708,-0.183172,0.913946,-0.776491,1.397941,-0.928793,1.787440,-1.059175,2.059934,-1.174979,0.610811,-0.791777,1.181404,-0.535331,0.999979,-0.242711,0.787690,-0.164830,0.296938,-0.636855,0.850887,-0.246229,0.671252,0.016418,0.476710,-0.036292,0.045390,-0.426114,0.454174,-0.046539,0.408043,0.120792,0.259183,0.035302
T,Right,legacy_bisindo_2hand_T_277,0.000000,0.000000,0.455929,-0.108430,0.718546,-0.342398,0.884273,-0.511893,0.968157,-0.663742,0.478634,-0.976223,0.613150,-1.372828,0.700685,-1.655580,0.739944,-1.912578,0.294587,-0.955625,0.869887,-0.871808,0.798555,-0.606907,0.653376,-0.557090,0.155060,-0.815763,0.700573,-0.576455,0.627242,-0.363397,0.493236,-0.387196,0.056126,-0.601023,0.492387,-0.473692,0.453888,-0.328980,0.317357,-0.336404,0.000000,0.000000,-0.513037,-0.065598,-0.856691,-0.140520,-1.098469,-0.131826,-1.276878,-0.189191,-0.867265,-0.792135,-1.387283,-0.830021,-1.700857,-0.866773,-1.951112,-0.921879,-0.596346,-0.802728,-1.141090,-0.505220,-0.968416,-0.174405,-0.773033,-0.194216,-0.331826,-0.674911,-0.841754,-0.318518,-0.722282,-0.072195,-0.546097,-0.133772,-0.117026,-0.484967,-0.530799,-0.205051,-0.516943,-0.035648,-0.398914,-0.078299
T,Right,legacy_bisindo_2hand_T_278,0.000000,0.000000,-0.389944,-0.386877,-0.931110,-0.653904,-1.469784,-0.621290,-1.823770,-0.464864,-0.762488,-1.028779,-1.022610,-1.506452,-1.142659,-1.851301,-1.175224,-2.163636,-0.577401,-0.816461,-1.398643,-0.954378,-1.666980,-0.619751,-1.666521,-0.399723,-0.508386,-0.458010,-1.406338,-0.387486,-1.508206,-0.138968,-1.310464,-0.036156,-0.498490,-0.072240,-1.275017,-0.022301,-1.363434,0.085160,-1.165362,0.114625,0.000000,0.000000,1.046326,-0.048232,2.401197,0.268624,3.758339,0.278685,4.912162,-0.050764,1.976704,0.269647,2.654254,2.910491,2.231406,2.483991,1.921083,1.681783,0.799437,0.600751,1.501267,3.408439,1.189315,2.821173,0.957165,1.877041,-0.278059,0.966982,0.337451,3.486065,0.079556,2.903113,-0.153112,2.045217,-1.159384,1.335950,-0.580364,3.056919,-0.723105,2.629798,-0.952459,1.910670
T,Right,legacy_bisindo_2hand_T_279,0.000000,0.000000,-0.388216,-0.170083,-0.618848,-0.385486,-0.769846,-0.563839,-0.883579,-0.677408,-0.407441,-0.988377,-0.557159,-1.355661,-0.631275,-1.613801,-0.676856,-1.833568,-0.207041,-0.978332,-0.716561,-0.861441,-0.716184,-0.574587,-0.561963,-0.552640,-0.070882,-0.840857,-0.592067,-0.598725,-0.555050,-0.389821,-0.413089,-0.396721,-0.004860,-0.649934,-0.435187,-0.465214,-0.405259,-0.319951,-0.270942,-0.321124,0.000000,0.000000,0.501379,0.065386,0.822827,0.001294,1.062217,-0.023388,1.253835,-0.092023,0.951688,-0.668759,1.440043,-0.761821,1.815863,-0.832380,2.092438,-0.904442,0.677191,-0.735808,1.179116,-0.414382,1.004564,-0.136863,0.821769,-0.081261,0.375653,-0.644181,0.842502,-0.199919,0.657084,0.051035,0.479451,0.001003,0.109829,-0.485655,0.466563,-0.080099,0.424130,0.106675,0.307875,0.041139
T,Right,legacy_bisindo_2hand_T_280,0.000000,0.000000,-0.388216,-0.170083,-0.618848,-0.385486,-0.769846,-0.563839,-0.883579,-0.677408,-0.407441,-0.988377,-0.557159,-1.355661,-0.631275,-1.613801,-0.676856,-1.833568,-0.207041,-0.978332,-0.716561,-0.861441,-0.716184,-0.574587,-0.561963,-0.552640,-0.070882,-0.840857,-0.592067,-0.598725,-0.555050,-0.389821,-0.413089,-0.396721,-0.004860,-0.649934,-0.435187,-0.465214,-0.405259,-0.319951,-0.270942,-0.321124,0.000000,0.000000,0.501379,0.065386,0.822827,0.001294,1.062217,-0.023388,1.253835,-0.092023,0.951688,-0.668759,1.440043,-0.761821,1.815863,-0.832380,2.092438,-0.904442,0.677191,-0.735808,1.179116,-0.414382,1.004564,-0.136863,0.821769,-0.081261,0.375653,-0.644181,0.842502,-0.199919,0.657084,0.051035,0.479451,0.001003,0.109829,-0.485655,0.466563,-0.080099,0.424130,0.106675,0.307875,0.041139
T,Right,legacy_bisindo_2hand_T_281,0.000000,0.000000,-0.388216,-0.170083,-0.618848,-0.385486,-0.769846,-0.563839,-0.883579,-0.677408,-0.407441,-0.988377,-0.557159,-1.355661,-0.631275,-1.613801,-0.676856,-1.833568,-0.207041,-0.978332,-0.716561,-0.861441,-0.716184,-0.574587,-0.561963,-0.552640,-0.070882,-0.840857,-0.592067,-0.598725,-0.555050,-0.389821,-0.413089,-0.396721,-0.004860,-0.649934,-0.435187,-0.465214,-0.405259,-0.319951,-0.270942,-0.321124,0.000000,0.000000,0.501379,0.065386,0.822827,0.001294,1.062217,-0.023388,1.253835,-0.092023,0.951688,-0.668759,1.440043,-0.761821,1.815863,-0.832380,2.092438,-0.904442,0.677191,-0.735808,1.179116,-0.414382,1.004564,-0.136863,0.821769,-0.081261,0.375653,-0.644181,0.842502,-0.199919,0.657084,0.051035,0.479451,0.001003,0.109829,-0.485655,0.466563,-0.080099,0.424130,0.106675,0.307875,0.041139
T,Right,legacy_bisindo_2hand_T_282,0.000000,0.000000,-0.388216,-0.170083,-0.618848,-0.385486,-0.769846,-0.563839,-0.883579,-0.677408,-0.407441,-0.988377,-0.557159,-1.355661,-0.631275,-1.613801,-0.676856,-1.833568,-0.207041,-0.978332,-0.716561,-0.861441,-0.716184,-0.574587,-0.561963,-0.552640,-0.070882,-0.840857,-0.592067,-0.598725,-0.555050,-0.389821,-0.413089,-0.396721,-0.004860,-0.649934,-0.435187,-0.465214,-0.405259,-0.319951,-0.270942,-0.321124,0.000000,0.000000,0.501379,0.065386,0.822827,0.001294,1.062217,-0.023388,1.253835,-0.092023,0.951688,-0.668759,1.440043,-0.761821,1.815863,-0.832380,2.092438,-0.904442,0.677191,-0.735808,1.179116,-0.414382,1.004564,-0.136863,0.821769,-0.081261,0.375653,-0.644181,0.842502,-0.199919,0.657084,0.051035,0.479451,0.001003,0.109829,-0.485655,0.466563,-0.080099,0.424130,0.106675,0.307875,0.041139
T,Right,legacy_bisindo_2hand_T_283,0.000000,0.000000,0.416339,-0.011679,0.716738,-0.199384,0.909158,-0.345154,1.056877,-0.489951,0.621477,-0.881967,0.843508,-1.270623,0.993510,-1.554315,1.082754,-1.809861,0.420394,-0.907342,0.984185,-0.721971,0.871698,-0.472792,0.726249,-0.452911,0.244566,-0.802423,0.755258,-0.442174,0.640036,-0.241165,0.520284,-0.304408,0.096111,-0.614989,0.526534,-0.372357,0.451139,-0.219878,0.311433,-0.260842,0.000000,0.000000,-0.441692,-0.173402,-0.755121,-0.332309,-0.985876,-0.386755,-1.098844,-0.443867,-0.635616,-0.963593,-1.093705,-1.090358,-1.383366,-1.179865,-1.602430,-1.274609,-0.380944,-0.924598,-0.941121,-0.694318,-0.865666,-0.364931,-0.688446,-0.351347,-0.162955,-0.748718,-0.705157,-0.468183,-0.640365,-0.229372,-0.483299,-0.261180,-0.006269,-0.517569,-0.451373,-0.324003,-0.449607,-0.169084,-0.336979,-0.192061
T,Right,legacy_bisindo_2hand_T_284,0.000000,0.000000,-0.488461,0.114140,-0.810358,0.142894,-1.013583,0.215934,-1.121205,0.209732,-1.050620,-0.417054,-1.508996,-0.278046,-1.800001,-0.212481,-2.041998,-0.180790,-0.830346,-0.557248,-1.186793,-0.069589,-0.933866,0.125131,-0.776770,0.035019,-0.562197,-0.565058,-0.832834,-0.009739,-0.646204,0.133873,-0.534761,0.008193,-0.306383,-0.475276,-0.525879,-0.043373,-0.440285,0.103120,-0.360558,0.029416,0.000000,0.000000,0.364535,-0.294520,0.509960,-0.619473,0.590490,-0.834190,0.601565,-1.005576,0.049438,-1.092914,0.022638,-1.500751,-0.006348,-1.785977,-0.066723,-2.029530,-0.111397,-0.993776,0.426771,-1.131720,0.467535,-0.877731,0.357568,-0.783106,-0.186089,-0.814494,0.387875,-0.807327,0.399263,-0.590043,0.271805,-0.558567,-0.194434,-0.584928,0.251705,-0.626272,0.275385,-0.478873,0.147255,-0.435029
T,Right,legacy_bisindo_2hand_T_285,0.000000,0.000000,-0.388216,-0.170083,-0.618848,-0.385486,-0.769846,-0.563839,-0.883579,-0.677408,-0.407441,-0.988377,-0.557159,-1.355661,-0.631275,-1.613801,-0.676856,-1.833568,-0.207041,-0.978332,-0.716561,-0.861441,-0.716184,-0.574587,-0.561963,-0.552640,-0.070882,-0.840857,-0.592067,-0.598725,-0.555050,-0.389821,-0.413089,-0.396721,-0.004860,-0.649934,-0.435187,-0.465214,-0.405259,-0.319951,-0.270942,-0.321124,0.000000,0.000000,0.501379,0.065386,0.822827,0.001294,1.062217,-0.023388,1.253835,-0.092023,0.951688,-0.668759,1.440043,-0.761821,1.815863,-0.832380,2.092438,-0.904442,0.677191,-0.735808,1.179116,-0.414382,1.004564,-0.136863,0.821769,-0.081261,0.375653,-0.644181,0.842502,-0.199919,0.657084,0.051035,0.479451,0.001003,0.109829,-0.485655,0.466563,-0.080099,0.424130,0.106675,0.307875,0.041139
T,Right,legacy_bisindo_2hand_T_286,0.000000,0.000000,-0.500636,0.100537,-0.827597,0.122976,-1.033612,0.197681,-1.129167,0.180554,-1.043759,-0.441869,-1.505104,-0.308397,-1.798457,-0.239730,-2.044035,-0.206855,-0.817590,-0.575801,-1.178439,-0.084924,-0.929214,0.123964,-0.772010,0.037018,-0.547171,-0.575686,-0.837123,-0.035250,-0.651987,0.121525,-0.537727,0.003031,-0.295096,-0.476719,-0.528303,-0.056411,-0.450548,0.095947,-0.374852,0.020985,0.000000,0.000000,0.370776,-0.284712,0.524802,-0.608630,0.610775,-0.822857,0.621595,-0.997918,0.065021,-1.090723,0.050291,-1.499079,0.028743,-1.786618,-0.028013,-2.032788,-0.098125,-0.995174,0.453572,-1.126261,0.490535,-0.865513,0.375352,-0.769497,-0.175022,-0.816564,0.400507,-0.801012,0.411411,-0.582215,0.283638,-0.553521,-0.185801,-0.586342,0.264001,-0.616008,0.287144,-0.467147,0.156518,-0.427720
T,Right,legacy_bisindo_2hand_T_287,0.000000,0.000000,-0.388216,-0.170083,-0.618848,-0.385486,-0.769846,-0.563839,-0.883579,-0.677408,-0.407441,-0.988377,-0.557159,-1.355661,-0.631275,-1.613801,-0.676856,-1.833568,-0.207041,-0.978332,-0.716561,-0.861441,-0.716184,-0.574587,-0.561963,-0.552640,-0.070882,-0.840857,-0.592067,-0.598725,-0.555050,-0.389821,-0.413089,-0.396721,-0.004860,-0.649934,-0.435187,-0.465214,-0.405259,-0.319951,-0.270942,-0.321124,0.000000,0.000000,0.501379,0.065386,0.822827,0.001294,1.062217,-0.023388,1.253835,-0.092023,0.951688,-0.668759,1.440043,-0.761821,1.815863,-0.832380,2.092438,-0.904442,0.677191,-0.735808,1.179116,-0.414382,1.004564,-0.136863,0.821769,-0.081261,0.375653,-0.644181,0.842502,-0.199919,0.657084,0.051035,0.479451,0.001003,0.109829,-0.485655,0.466563,-0.080099,0.424130,0.106675,0.307875,0.041139
T,Right,legacy_bisindo_2hand_T_288,0.000000,0.000000,-0.388216,-0.170083,-0.618848,-0.385486,-0.769846,-0.563839,-0.883579,-0.677408,-0.407441,-0.988377,-0.557159,-1.355661,-0.631275,-1.613801,-0.676856,-1.833568,-0.207041,-0.978332,-0.716561,-0.861441,-0.716184,-0.574587,-0.561963,-0.552640,-0.070882,-0.840857,-0.592067,-0.598725,-0.555050,-0.389821,-0.413089,-0.396721,-0.004860,-0.649934,-0.435187,-0.465214,-0.405259,-0.319951,-0.270942,-0.321124,0.000000,0.000000,0.501379,0.065386,0.822827,0.001294,1.062217,-0.023388,1.253835,-0.092023,0.951688,-0.668759,1.440043,-0.761821,1.815863,-0.832380,2.092438,-0.904442,0.677191,-0.735808,1.179116,-0.414382,1.004564,-0.136863,0.821769,-0.081261,0.375653,-0.644181,0.842502,-0.199919,0.657084,0.051035,0.479451,0.001003,0.109829,-0.485655,0.466563,-0.080099,0.424130,0.106675,0.307875,0.041139
T,Right,legacy_bisindo_2hand_T_289,0.000000,0.000000,0.428432,-0.070615,0.715986,-0.296981,0.888553,-0.474216,0.984865,-0.625698,0.516093,-0.945193,0.665123,-1.364306,0.769140,-1.658173,0.820612,-1.919422,0.327657,-0.944797,0.887952,-0.844695,0.818811,-0.585056,0.679026,-0.532334,0.174098,-0.820134,0.703815,-0.524826,0.615705,-0.310379,0.487596,-0.346156,0.060149,-0.610483,0.497589,-0.439550,0.444874,-0.287215,0.305791,-0.303473,0.000000,0.000000,-0.470084,-0.076720,-0.811071,-0.173863,-1.063483,-0.185206,-1.224677,-0.241189,-0.809063,-0.830407,-1.300258,-0.884437,-1.604949,-0.926351,-1.836250,-0.982830,-0.546246,-0.837625,-1.080083,-0.515922,-0.940932,-0.191658,-0.754599,-0.205715,-0.291325,-0.692946,-0.799729,-0.330300,-0.695910,-0.094015,-0.527813,-0.144029,-0.085695,-0.482104,-0.502769,-0.214608,-0.493292,-0.055045,-0.382146,-0.089935
T,Right,legacy_bisindo_2hand_T_290,0.000000,0.000000,0.406953,0.001127,0.707066,-0.165826,0.910418,-0.293915,1.072173,-0.416888,0.669708,-0.839052,0.898046,-1.211124,1.059399,-1.485733,1.158761,-1.734534,0.471218,-0.882017,1.006857,-0.651793,0.876187,-0.416314,0.724574,-0.410700,0.287603,-0.795010,0.762974,-0.385572,0.630071,-0.200001,0.511128,-0.275179,0.119165,-0.622795,0.521941,-0.343118,0.437574,-0.194183,0.306288,-0.239072,0.000000,0.000000,-0.398287,-0.216784,-0.693813,-0.405961,-0.920881,-0.492715,-1.006012,-0.545894,-0.534574,-1.002315,-0.950257,-1.163569,-1.218968,-1.251882,-1.421140,-1.355799,-0.296199,-0.955126,-0.846649,-0.742180,-0.791930,-0.411142,-0.617194,-0.375876,-0.103562,-0.767382,-0.649197,-0.517493,-0.589907,-0.267292,-0.434532,-0.279916,0.027841,-0.531621,-0.423464,-0.352901,-0.416190,-0.195262,-0.298183,-0.213112
T,Right,legacy_bisindo_2hand_T_291,0.000000,0.000000,-0.388216,-0.170083,-0.618848,-0.385486,-0.769846,-0.563839,-0.883579,-0.677408,-0.407441,-0.988377,-0.557159,-1.355661,-0.631275,-1.613801,-0.676856,-1.833568,-0.207041,-0.978332,-0.716561,-0.861441,-0.716184,-0.574587,-0.561963,-0.552640,-0.070882,-0.840857,-0.592067,-0.598725,-0.555050,-0.389821,-0.413089,-0.396721,-0.004860,-0.649934,-0.435187,-0.465214,-0.405259,-0.319951,-0.270942,-0.321124,0.000000,0.000000,0.501379,0.065386,0.822827,0.001294,1.062217,-0.023388,1.253835,-0.092023,0.951688,-0.668759,1.440043,-0.761821,1.815863,-0.832380,2.092438,-0.904442,0.677191,-0.735808,1.179116,-0.414382,1.004564,-0.136863,0.821769,-0.081261,0.375653,-0.644181,0.842502,-0.199919,0.657084,0.051035,0.479451,0.001003,0.109829,-0.485655,0.466563,-0.080099,0.424130,0.106675,0.307875,0.041139
T,Right,legacy_bisindo_2hand_T_292,0.000000,0.000000,-0.388216,-0.170083,-0.618848,-0.385486,-0.769846,-0.563839,-0.883579,-0.677408,-0.407441,-0.988377,-0.557159,-1.355661,-0.631275,-1.613801,-0.676856,-1.833568,-0.207041,-0.978332,-0.716561,-0.861441,-0.716184,-0.574587,-0.561963,-0.552640,-0.070882,-0.840857,-0.592067,-0.598725,-0.555050,-0.389821,-0.413089,-0.396721,-0.004860,-0.649934,-0.435187,-0.465214,-0.405259,-0.319951,-0.270942,-0.321124,0.000000,0.000000,0.501379,0.065386,0.822827,0.001294,1.062217,-0.023388,1.253835,-0.092023,0.951688,-0.668759,1.440043,-0.761821,1.815863,-0.832380,2.092438,-0.904442,0.677191,-0.735808,1.179116,-0.414382,1.004564,-0.136863,0.821769,-0.081261,0.375653,-0.644181,0.842502,-0.199919,0.657084,0.051035,0.479451,0.001003,0.109829,-0.485655,0.466563,-0.080099,0.424130,0.106675,0.307875,0.041139
T,Right,legacy_bisindo_2hand_T_293,0.000000,0.000000,0.445064,-0.229994,0.655505,-0.512306,0.780159,-0.694284,0.828595,-0.860504,0.311725,-1.055346,0.389228,-1.449525,0.421344,-1.728997,0.423324,-1.976618,0.143433,-0.989660,0.700332,-0.992659,0.684977,-0.724668,0.561775,-0.646932,0.037917,-0.834320,0.588418,-0.716515,0.559314,-0.505460,0.430363,-0.494117,-0.012985,-0.608644,0.398905,-0.582703,0.415494,-0.443504,0.298679,-0.412978,0.000000,0.000000,-0.479731,-0.020718,-0.808085,-0.056023,-1.034366,-0.021585,-1.156488,-0.048755,-0.933821,-0.656953,-1.426398,-0.621977,-1.738861,-0.606915,-2.004158,-0.613667,-0.682073,-0.731284,-1.140448,-0.342601,-0.931141,-0.069182,-0.751260,-0.098839,-0.419343,-0.661019,-0.824782,-0.203219,-0.666899,-0.008310,-0.524552,-0.080910,-0.195279,-0.514882,-0.533110,-0.162103,-0.478115,-0.008114,-0.384184,-0.057484
T,Right,legacy_bisindo_2hand_T_294,0.000000,0.000000,0.552870,-0.305398,1.080372,-0.477974,1.465585,-0.477820,1.695818,-0.437758,0.747443,-1.017847,0.938322,-1.482193,1.062635,-1.827802,1.122511,-2.131585,0.502287,-0.864701,1.206395,-0.893394,1.387673,-0.492861,1.343122,-0.186430,0.340272,-0.489190,1.115290,-0.311695,1.162936,-0.032121,0.989920,0.039276,0.271743,-0.079435,0.950262,0.085729,1.033564,0.166742,0.919943,0.145955,0.000000,0.000000,0.000000,0.000000,0.000000,0.000000,0.000000,0.000000,0.000000,0.000000,0.000000,0.000000,0.000000,0.000000,0.000000,0.000000,0.000000,0.000000,0.000000,0.000000,0.000000,0.000000,0.000000,0.000000,0.000000,0.000000,0.000000,0.000000,0.000000,0.000000,0.000000,0.000000,0.000000,0.000000,0.000000,0.000000,0.000000,0.000000,0.000000,0.000000,0.000000,0.000000
T,Right,legacy_bisindo_2hand_T_295,0.000000,0.000000,-0.384641,-0.117334,-0.740327,-0.011193,-0.978258,0.225851,-1.068366,0.455399,-1.072712,-0.082913,-1.487202,0.064895,-1.744618,0.112910,-1.979238,0.114324,-0.999918,-0.012813,-1.155874,0.588242,-0.972671,0.630098,-0.878884,0.506015,-0.848940,0.122862,-0.954677,0.697389,-0.784343,0.648032,-0.710527,0.477727,-0.671854,0.282408,-0.805386,0.715262,-0.689100,0.695518,-0.620831,0.565373,0.000000,0.000000,0.401712,-0.256557,0.594370,-0.545882,0.692314,-0.784225,0.698022,-0.941987,0.274738,-1.063111,0.321391,-1.472745,0.374244,-1.744294,0.373788,-1.983469,0.101436,-0.994842,0.487750,-1.097953,0.549437,-0.821971,0.502552,-0.701639,0.005188,-0.804084,0.442140,-0.717483,0.445806,-0.477887,0.343055,-0.425090,-0.013005,-0.553311,0.355136,-0.507412,0.384681,-0.353696,0.316073,-0.304375
T,Right,legacy_bisindo_2hand_T_296,0.000000,0.000000,-0.353754,0.189928,-0.620619,0.517055,-0.717283,0.930205,-0.733452,1.218514,-1.011404,0.338426,-1.334488,0.493345,-1.533940,0.484014,-1.715137,0.442825,-0.930852,0.365397,-0.861371,0.952691,-0.710187,0.966407,-0.672496,0.855001,-0.758566,0.441059,-0.639204,0.981084,-0.524268,0.881990,-0.524372,0.719878,-0.566949,0.529947,-0.500797,0.927175,-0.407352,0.876092,-0.403837,0.754915,0.000000,0.000000,0.452205,-0.372284,0.779806,-0.607374,0.972152,-0.591070,0.940984,-0.438258,0.452914,-1.056730,0.534878,-1.538181,0.588691,-1.901961,0.602226,-2.184166,0.298003,-0.954565,0.734689,-0.925037,0.779875,-0.657426,0.712227,-0.526785,0.188934,-0.676908,0.706563,-0.433696,0.688227,-0.213977,0.536708,-0.227282,0.134586,-0.364484,0.589718,-0.175314,0.608765,-0.043583,0.488972,-0.055941
T,Right,legacy_bisindo_2hand_T_297,0.000000,0.000000,-0.421834,0.051573,-0.714390,0.038821,-0.891410,0.013502,-0.940450,-0.092498,-0.876247,-0.629844,-1.261329,-0.633082,-1.519569,-0.646482,-1.725226,-0.662870,-0.706414,-0.707799,-0.997305,-0.310381,-0.855694,-0.131937,-0.713109,-0.160676,-0.512328,-0.657462,-0.766685,-0.191799,-0.650747,-0.065919,-0.551593,-0.130466,-0.350491,-0.527070,-0.557414,-0.169394,-0.483017,-0.070789,-0.396474,-0.130860,0.000000,0.000000,0.341905,-0.259537,0.662705,-0.454389,0.966274,-0.537291,0.987683,-0.629845,0.292939,-1.047507,0.447031,-1.466041,0.540408,-1.773798,0.577735,-2.038016,0.246788,-0.969069,0.837960,-0.856114,0.777598,-0.659071,0.613878,-0.644596,0.238545,-0.766776,0.818646,-0.512019,0.714865,-0.369455,0.553823,-0.431787,0.288580,-0.507593,0.743485,-0.292391,0.655592,-0.180061,0.484844,-0.227951
T,Right,legacy_bisindo_2hand_T_298,0.000000,0.000000,0.358544,0.366290,0.650300,0.548419,0.792341,0.755927,0.823577,0.942578,1.071805,0.077506,1.415443,0.104504,1.652410,0.149175,1.872583,0.185861,0.999969,0.007931,1.134695,0.658757,0.891801,0.750018,0.755186,0.684086,0.835381,0.051057,0.960815,0.645600,0.758535,0.713251,0.656677,0.604416,0.652435,0.163996,0.779999,0.625516,0.658557,0.696268,0.582330,0.604957,0.000000,0.000000,-0.313592,-0.223507,-0.674751,-0.392826,-1.004211,-0.358702,-1.182824,-0.208686,-0.501983,-1.042255,-0.681774,-1.546007,-0.781589,-1.973839,-0.837124,-2.319945,-0.260577,-0.965453,-0.852998,-0.539787,-0.989608,-0.144669,-0.942455,0.047152,-0.075252,-0.667979,-0.650352,-0.176130,-0.747833,0.073176,-0.685513,0.142916,0.014898,-0.329140,-0.436906,0.028005,-0.537156,0.201597,-0.469210,0.240247
T,Right,legacy_bisindo_2hand_T_299,0.000000,0.000000,0.325138,0.308498,0.615647,0.583957,0.806008,0.883352,0.929946,1.097851,1.024498,0.247192,1.466744,0.398542,1.727663,0.480886,1.959493,0.514375,0.976507,0.215485,1.085655,0.881728,0.803325,0.945233,0.670005,0.844355,0.830150,0.263017,0.849103,0.921437,0.583667,0.908987,0.483054,0.751162,0.661134,0.397185,0.683549,0.904600,0.492068,0.902931,0.392146,0.764873,0.000000,0.000000,-0.453365,-0.197572,-0.711591,-0.444814,-0.881315,-0.651686,-0.991041,-0.896961,-0.190392,-1.110315,-0.315741,-1.646395,-0.358384,-2.050302,-0.354609,-2.379078,0.032768,-0.999463,-0.546349,-1.159114,-0.776943,-0.764413,-0.755348,-0.545538,0.147008,-0.740022,-0.513393,-0.607862,-0.578747,-0.278440,-0.411217,-0.200476,0.190335,-0.443604,-0.329995,-0.311162,-0.381061,-0.104036,-0.209825,-0.093686
T,Right,legacy_bisindo_2hand_T_300,0.000000,0.000000,0.437785,0.006533,0.876215,0.291403,1.111166,0.682947,1.254355,0.912584,1.162025,-0.125713,1.653554,0.132353,1.981931,0.202364,2.265138,0.220258,0.993331,-0.115296,1.311794,0.705171,1.108638,0.727274,0.991256,0.562950,0.778674,0.006121,1.073815,0.758231,0.886114,0.718457,0.791894,0.535948,0.574450,0.190913,0.849175,0.742090,0.715301,0.697649,0.622802,0.518399,0.000000,0.000000,-0.400440,-0.375245,-0.820873,-0.659750,-1.219540,-0.675464,-1.424133,-0.604588,-0.602610,-1.126470,-0.754750,-1.603027,-0.711295,-1.972457,-0.625367,-2.325082,-0.420396,-0.907341,-1.204613,-0.903091,-1.240354,-0.603007,-1.069088,-0.487944,-0.345863,-0.560469,-1.113247,-0.344444,-1.010129,-0.167496,-0.761247,-0.189212,-0.291984,-0.211255,-0.899032,-0.034894,-0.811759,0.073445,-0.597681,0.018484
T,Right,legacy_bisindo_2hand_T_301,0.000000,0.000000,0.368810,-0.142146,0.766148,-0.097353,1.016285,0.118061,1.146453,0.283196,0.972899,-0.495356,1.409758,-0.522749,1.674065,-0.595409,1.894371,-0.677971,0.900316,-0.435236,1.227676,0.116613,1.029122,0.203525,0.921504,0.115368,0.795663,-0.279303,1.073367,0.288394,0.898329,0.320920,0.797395,0.197502,0.701207,-0.081299,0.943191,0.342442,0.802332,0.369354,0.700756,0.266606,0.000000,0.000000,-0.440779,-0.238754,-0.660540,-0.462508,-0.866974,-0.595259,-1.035336,-0.665152,-0.468494,-1.036154,-0.613212,-1.432063,-0.669726,-1.750387,-0.699786,-2.018421,-0.326248,-0.945284,-0.867389,-0.845816,-0.899709,-0.578562,-0.762651,-0.492600,-0.252542,-0.724033,-0.790366,-0.571472,-0.757430,-0.381904,-0.597692,-0.357014,-0.218537,-0.462381,-0.649647,-0.343594,-0.658477,-0.213001,-0.537282,-0.201831
T,Right,legacy_bisindo_2hand_T_302,0.000000,0.000000,0.370332,0.331135,0.665172,0.508971,0.836321,0.710929,1.006126,0.823790,1.077238,0.122736,1.439133,0.158378,1.692749,0.222119,1.896786,0.273646,0.999938,0.011094,1.039893,0.672548,0.780330,0.703647,0.661282,0.594583,0.852531,-0.020387,0.822950,0.609182,0.597719,0.597796,0.517820,0.457269,0.670987,0.009565,0.684434,0.505351,0.524801,0.529019,0.452340,0.403566,0.000000,0.000000,-0.331619,-0.346593,-0.417758,-0.692274,-0.456822,-0.951932,-0.481404,-1.153464,-0.076392,-1.102897,-0.147826,-1.586905,-0.190402,-1.901521,-0.217624,-2.144234,0.035520,-0.999369,-0.451369,-1.214771,-0.713715,-1.000363,-0.781462,-0.802091,0.053255,-0.816769,-0.456235,-1.011022,-0.676740,-0.824318,-0.728456,-0.649473,-0.005918,-0.605512,-0.386889,-0.753961,-0.593153,-0.699999,-0.676293,-0.616665
T,Right,legacy_bisindo_2hand_T_303,0.000000,0.000000,0.439071,-0.065100,0.909797,0.060902,1.206801,0.309052,1.405370,0.436684,1.119227,0.021131,1.609511,0.097598,1.915245,0.145572,2.178732,0.125125,0.998768,0.049620,1.240627,0.857013,1.003133,0.889888,0.900185,0.710847,0.795438,0.198502,0.995082,0.981826,0.772030,0.966748,0.680850,0.770722,0.604048,0.401759,0.747173,0.993703,0.590787,0.974611,0.513792,0.827498,0.000000,0.000000,-0.214004,-0.549024,-0.537623,-1.038210,-0.902858,-1.315230,-1.123115,-1.464060,-0.241020,-1.304373,-0.552172,-2.005799,-0.672012,-2.478919,-0.717822,-2.874907,-0.144347,-0.989527,-0.990860,-1.162503,-1.190946,-0.826562,-1.067096,-0.684596,-0.166282,-0.555112,-0.997325,-0.669397,-1.095033,-0.438790,-0.894861,-0.345736,-0.230706,-0.114435,-0.921208,-0.204758,-1.019905,-0.094203,-0.834735,-0.053865
T,Right,legacy_bisindo_2hand_T_304,0.000000,0.000000,0.414887,0.027553,0.788526,0.077959,1.032867,0.200697,1.219427,0.315737,1.055314,-0.177002,1.453563,-0.081081,1.698645,-0.033885,1.904201,-0.005848,0.986622,-0.163027,1.245329,0.449216,1.068344,0.613621,0.951942,0.608157,0.855043,-0.071146,1.043873,0.515995,0.874141,0.591087,0.766993,0.503956,0.712930,0.058585,0.842413,0.482945,0.727498,0.520862,0.656227,0.427047,0.000000,0.000000,-0.380418,-0.304662,-0.525491,-0.656745,-0.602463,-0.957097,-0.671137,-1.228899,-0.220629,-1.074405,-0.279930,-1.540787,-0.292963,-1.881883,-0.308378,-2.154601,-0.114322,-0.993444,-0.616292,-1.049754,-0.829051,-0.797472,-0.893752,-0.583586,-0.092168,-0.807763,-0.619739,-0.713689,-0.643053,-0.479903,-0.548823,-0.351525,-0.114309,-0.579397,-0.548782,-0.487236,-0.578035,-0.324686,-0.476572,-0.258022
T,Right,legacy_bisindo_2hand_T_305,0.000000,0.000000,0.385693,-0.150879,0.770699,-0.119265,1.031127,0.025770,1.203342,0.194921,1.030475,-0.295064,1.447918,-0.218567,1.707593,-0.177267,1.932308,-0.163585,0.971260,-0.238019,1.276626,0.367057,1.083667,0.541889,0.940874,0.515034,0.845321,-0.089833,1.109176,0.472615,0.920805,0.592279,0.779391,0.523223,0.716002,0.087146,0.938059,0.497028,0.802213,0.578074,0.685765,0.521634,0.000000,0.000000,-0.293865,-0.395457,-0.370771,-0.776435,-0.374778,-1.077253,-0.409917,-1.337609,-0.034356,-1.088102,-0.097367,-1.537768,-0.130911,-1.843968,-0.162720,-2.094458,0.078984,-0.996876,-0.417278,-1.085678,-0.566815,-0.827743,-0.554171,-0.641215,0.091477,-0.820358,-0.434667,-0.811419,-0.487747,-0.586698,-0.409179,-0.465409,0.054704,-0.611208,-0.365388,-0.587748,-0.402854,-0.443965,-0.307512,-0.367317
T,Right,legacy_bisindo_2hand_T_306,0.000000,0.000000,0.244765,0.380783,0.461411,0.743494,0.588625,1.143398,0.702526,1.468843,0.921791,0.472788,1.387045,0.532180,1.687329,0.585752,1.962463,0.626420,0.893766,0.448533,0.883597,1.142535,0.629424,1.222310,0.525441,1.094964,0.712392,0.479251,0.650107,1.211932,0.400149,1.198531,0.336153,1.004150,0.502520,0.593603,0.445979,1.162177,0.295035,1.177086,0.227018,1.039747,0.000000,0.000000,-0.287510,-0.359070,-0.428457,-0.706972,-0.528297,-0.958758,-0.549470,-1.171047,-0.087352,-1.128754,-0.124316,-1.671737,-0.136332,-2.009663,-0.124278,-2.292097,0.154908,-0.987929,-0.268173,-1.156799,-0.404308,-0.836513,-0.315244,-0.683899,0.279773,-0.739721,-0.227776,-0.757809,-0.310243,-0.522525,-0.167281,-0.451580,0.322155,-0.455098,-0.125217,-0.447215,-0.213864,-0.298993,-0.087586,-0.255273
T,Right,legacy_bisindo_2hand_T_307,0.000000,0.000000,-0.391959,-0.174425,-0.616373,-0.381779,-0.764085,-0.554015,-0.884969,-0.670334,-0.409438,-0.987210,-0.557773,-1.351086,-0.630659,-1.608912,-0.675830,-1.826299,-0.212774,-0.977101,-0.725086,-0.862445,-0.723428,-0.572919,-0.565782,-0.552463,-0.077318,-0.844199,-0.597238,-0.596351,-0.560071,-0.387181,-0.417037,-0.400132,-0.009873,-0.655979,-0.436420,-0.467140,-0.406787,-0.322355,-0.273907,-0.327937,0.000000,0.000000,0.510592,0.065445,0.835000,0.006833,1.074373,-0.013304,1.256298,-0.085909,0.952860,-0.673088,1.458141,-0.759400,1.837964,-0.829174,2.115921,-0.901660,0.678559,-0.734546,1.180064,-0.408937,0.999593,-0.125534,0.817635,-0.067533,0.375224,-0.638578,0.851120,-0.191114,0.662554,0.061588,0.483301,0.007215,0.112376,-0.472592,0.470294,-0.060871,0.428400,0.125410,0.308915,0.054180
T,Right,legacy_bisindo_2hand_T_308,0.000000,0.000000,0.443265,-0.242692,0.640762,-0.523307,0.752218,-0.700709,0.795340,-0.868871,0.285873,-1.060509,0.354617,-1.451887,0.370717,-1.731927,0.359802,-1.976783,0.116479,-0.993193,0.665834,-1.002777,0.655725,-0.748550,0.538247,-0.672464,0.014338,-0.837637,0.566337,-0.728305,0.544403,-0.524170,0.421813,-0.510111,-0.029557,-0.616236,0.390692,-0.575745,0.401527,-0.434598,0.281965,-0.408549,0.000000,0.000000,-0.499587,0.009604,-0.826273,-0.021035,-1.053056,0.015568,-1.162273,-0.023742,-0.949318,-0.619652,-1.424180,-0.578583,-1.724576,-0.580520,-1.986973,-0.613096,-0.695631,-0.718400,-1.166103,-0.294643,-0.940470,-0.041518,-0.768460,-0.115743,-0.419878,-0.667626,-0.818753,-0.182238,-0.660290,0.009286,-0.522008,-0.093200,-0.178192,-0.524454,-0.494705,-0.142318,-0.446264,0.020093,-0.353943,-0.046860
T,Right,legacy_bisindo_2hand_T_309,0.000000,0.000000,0.449312,-0.105505,0.718357,-0.341676,0.884662,-0.518911,0.964579,-0.673656,0.472946,-0.973332,0.626966,-1.388527,0.718508,-1.678867,0.759930,-1.939520,0.293561,-0.955940,0.868685,-0.884785,0.798068,-0.618893,0.657339,-0.568310,0.155388,-0.821914,0.711389,-0.580209,0.626178,-0.361835,0.488617,-0.387135,0.058810,-0.607790,0.501875,-0.499257,0.456240,-0.348270,0.315229,-0.347384,0.000000,0.000000,-0.452612,-0.076013,-0.789376,-0.169739,-1.038738,-0.173785,-1.189086,-0.209735,-0.818467,-0.799788,-1.286062,-0.848016,-1.581014,-0.884242,-1.817277,-0.936149,-0.565782,-0.824555,-1.069656,-0.505329,-0.922532,-0.193706,-0.742883,-0.210161,-0.317013,-0.701511,-0.787586,-0.334611,-0.674582,-0.106738,-0.521836,-0.163853,-0.111531,-0.509372,-0.503979,-0.229568,-0.477843,-0.067758,-0.374866,-0.106363
T,Right,legacy_bisindo_2hand_T_310,0.000000,0.000000,0.424177,-0.010325,0.730630,-0.186395,0.918048,-0.330235,1.057065,-0.457574,0.643651,-0.856874,0.865382,-1.242098,1.011844,-1.523442,1.102467,-1.779310,0.455752,-0.890107,0.995098,-0.678107,0.885285,-0.455292,0.739711,-0.447275,0.282437,-0.793662,0.767411,-0.407902,0.654428,-0.227121,0.541928,-0.296856,0.127127,-0.609560,0.537336,-0.361354,0.467176,-0.222002,0.337115,-0.264610,0.000000,0.000000,-0.445764,-0.181808,-0.761141,-0.340002,-0.998534,-0.399359,-1.100715,-0.443889,-0.649303,-0.967148,-1.116633,-1.097211,-1.403512,-1.182858,-1.628084,-1.284022,-0.391742,-0.920075,-0.957534,-0.702057,-0.870600,-0.350769,-0.688289,-0.335915,-0.167362,-0.734296,-0.716278,-0.466314,-0.645075,-0.207752,-0.483611,-0.238312,-0.006090,-0.500362,-0.460479,-0.300710,-0.454599,-0.138699,-0.335896,-0.170245
T,Right,legacy_bisindo_2hand_T_311,0.000000,0.000000,-0.393563,-0.136120,-0.640566,-0.327056,-0.797909,-0.489454,-0.926938,-0.599938,-0.487196,-0.948097,-0.671871,-1.297445,-0.766692,-1.547620,-0.830158,-1.760555,-0.292214,-0.956353,-0.789755,-0.788205,-0.764048,-0.509807,-0.610468,-0.496694,-0.146404,-0.835661,-0.642666,-0.540231,-0.581376,-0.340704,-0.439092,-0.359138,-0.060974,-0.657576,-0.467895,-0.431275,-0.419697,-0.288619,-0.283029,-0.300958,0.000000,0.000000,0.484327,0.024218,0.811294,-0.057052,1.053898,-0.102357,1.234608,-0.192459,0.871772,-0.771239,1.345356,-0.906002,1.720814,-1.005663,1.999953,-1.096461,0.579763,-0.814785,1.128943,-0.528112,0.973562,-0.236342,0.790426,-0.163837,0.278352,-0.680455,0.811825,-0.267151,0.655798,-0.008655,0.473560,-0.049279,0.020047,-0.484385,0.437902,-0.102108,0.400643,0.059480,0.260317,-0.017212
T,Right,legacy_bisindo_2hand_T_312,0.000000,0.000000,0.394557,-0.243492,0.577938,-0.547001,0.691685,-0.754131,0.718749,-0.935251,0.172427,-1.079120,0.186985,-1.492164,0.187112,-1.785560,0.151430,-2.037226,-0.002420,-0.999997,0.562085,-1.079185,0.568598,-0.813304,0.444911,-0.726086,-0.099624,-0.829425,0.475585,-0.752611,0.460363,-0.532858,0.328876,-0.519241,-0.136355,-0.598771,0.320655,-0.579092,0.323511,-0.427427,0.185098,-0.401958,0.000000,0.000000,-0.487547,0.064186,-0.813752,0.053232,-1.030198,0.118935,-1.132281,0.086964,-0.999412,-0.532846,-1.472740,-0.425806,-1.769677,-0.387581,-2.026087,-0.388997,-0.759200,-0.650857,-1.174602,-0.184902,-0.930025,0.030446,-0.764052,-0.056888,-0.482700,-0.624687,-0.828832,-0.107777,-0.658672,0.063891,-0.531523,-0.048464,-0.232895,-0.496364,-0.511535,-0.101154,-0.449617,0.055570,-0.362429,-0.012970
T,Right,legacy_bisindo_2hand_T_313,0.000000,0.000000,0.436199,-0.208699,0.660008,-0.493692,0.798054,-0.689605,0.826085,-0.857475,0.303810,-1.058952,0.369127,-1.463571,0.396269,-1.745192,0.386907,-1.989840,0.128908,-0.991657,0.698827,-1.009541,0.666885,-0.750758,0.535933,-0.683709,0.019897,-0.829782,0.583679,-0.695003,0.538267,-0.483916,0.408757,-0.481928,-0.035859,-0.600507,0.406314,-0.544492,0.390284,-0.397554,0.256266,-0.381260,0.000000,0.000000,-0.481793,-0.011397,-0.810034,-0.050879,-1.039950,0.000947,-1.180005,-0.012980,-0.943417,-0.632998,-1.430322,-0.595713,-1.731919,-0.584726,-1.986427,-0.597506,-0.692598,-0.721323,-1.147088,-0.296779,-0.943297,-0.057860,-0.769213,-0.112235,-0.431349,-0.659742,-0.830529,-0.182167,-0.679045,-0.002804,-0.543921,-0.085735,-0.207706,-0.512702,-0.537980,-0.147808,-0.483398,0.000991,-0.392873,-0.056607
T,Right,legacy_bisindo_2hand_T_314,0.000000,0.000000,-0.331669,-0.271368,-0.508480,-0.506009,-0.619703,-0.692145,-0.699864,-0.844995,-0.192983,-1.046615,-0.258100,-1.430275,-0.286988,-1.692192,-0.305368,-1.900948,-0.010085,-0.999949,-0.523102,-0.985454,-0.589619,-0.741027,-0.472396,-0.665303,0.093090,-0.842925,-0.458159,-0.701045,-0.463981,-0.512477,-0.338523,-0.486573,0.123781,-0.648587,-0.317912,-0.550225,-0.324077,-0.412890,-0.201259,-0.389783,0.000000,0.000000,0.434980,0.124888,0.798608,0.100893,1.053344,0.114435,1.231083,0.065408,1.036288,-0.478550,1.487827,-0.495953,1.813755,-0.469776,2.080311,-0.495511,0.803988,-0.594645,1.188047,-0.214708,0.973627,0.023673,0.804724,0.011906,0.521827,-0.555741,0.846178,-0.088378,0.658607,0.128177,0.526084,0.055712,0.253210,-0.453187,0.524813,-0.041613,0.461415,0.124945,0.380954,0.051614
T,Right,legacy_bisindo_2hand_T_315,0.000000,0.000000,-0.354613,-0.230169,-0.552178,-0.449187,-0.678154,-0.625662,-0.783979,-0.772824,-0.302752,-1.017710,-0.409346,-1.399999,-0.467803,-1.659761,-0.508959,-1.873122,-0.114180,-0.993460,-0.611872,-0.929158,-0.654166,-0.677868,-0.530091,-0.623492,0.004821,-0.851386,-0.521728,-0.660736,-0.510156,-0.465485,-0.382284,-0.450052,0.056544,-0.666150,-0.370017,-0.523985,-0.360549,-0.381049,-0.234462,-0.364132,0.000000,0.000000,0.446058,0.082868,0.789181,0.032248,1.049003,0.022221,1.199314,-0.052150,0.957612,-0.605687,1.424151,-0.665706,1.783494,-0.688210,2.059353,-0.730264,0.701810,-0.712365,1.161583,-0.339481,0.968586,-0.071487,0.793118,-0.044046,0.409924,-0.647523,0.823579,-0.166719,0.635209,0.075749,0.476630,0.008733,0.136782,-0.514551,0.459274,-0.080658,0.409284,0.109444,0.305036,0.041265
T,Right,legacy_bisindo_2hand_T_316,0.000000,0.000000,0.407746,0.027777,0.730892,-0.122553,0.936792,-0.245770,1.083729,-0.367597,0.689528,-0.820499,0.945992,-1.204773,1.118169,-1.486289,1.228762,-1.745613,0.487765,-0.872975,1.024964,-0.619850,0.911402,-0.405841,0.759782,-0.407117,0.292413,-0.783677,0.772711,-0.352580,0.648141,-0.175303,0.529130,-0.255989,0.114827,-0.613062,0.528964,-0.307502,0.443125,-0.167296,0.302755,-0.225383,0.000000,0.000000,-0.435728,-0.173778,-0.758932,-0.347545,-0.994508,-0.419874,-1.098401,-0.487211,-0.583641,-1.006506,-1.063919,-1.174071,-1.362932,-1.291955,-1.583689,-1.412019,-0.321299,-0.946978,-0.920830,-0.746128,-0.872688,-0.368844,-0.697025,-0.328495,-0.102643,-0.745871,-0.686559,-0.480241,-0.639248,-0.198868,-0.475887,-0.200074,0.047986,-0.489075,-0.421813,-0.293292,-0.437712,-0.111328,-0.320200,-0.118654
T,Right,legacy_bisindo_2hand_T_317,0.000000,0.000000,-0.480012,0.003523,-0.807146,-0.024851,-1.029908,0.028690,-1.166123,0.039324,-0.959798,-0.601849,-1.443362,-0.548612,-1.744820,-0.528467,-2.003920,-0.532905,-0.713408,-0.700749,-1.154967,-0.263015,-0.930455,-0.022783,-0.748976,-0.076683,-0.447549,-0.646981,-0.828231,-0.154155,-0.660944,0.022365,-0.523333,-0.062438,-0.214219,-0.508104,-0.530986,-0.124465,-0.463076,0.022621,-0.371587,-0.036994,0.000000,0.000000,0.444161,-0.247525,0.655038,-0.536462,0.768881,-0.722140,0.809113,-0.893307,0.279160,-1.068561,0.337764,-1.466064,0.352853,-1.741529,0.336263,-1.983665,0.108891,-0.994054,0.671436,-1.026096,0.656950,-0.768891,0.531458,-0.695569,0.008723,-0.836475,0.571242,-0.736684,0.539766,-0.523076,0.409303,-0.508469,-0.032489,-0.616252,0.399115,-0.595085,0.407156,-0.447264,0.282051,-0.414773
T,Right,legacy_bisindo_2hand_T_318,0.000000,0.000000,-0.395337,-0.117145,-0.655157,-0.288185,-0.826083,-0.436628,-0.956255,-0.539580,-0.548775,-0.907616,-0.755782,-1.244211,-0.869605,-1.487080,-0.954256,-1.695619,-0.361004,-0.932564,-0.844205,-0.741387,-0.799510,-0.462317,-0.644366,-0.449306,-0.210591,-0.825642,-0.677326,-0.498847,-0.598589,-0.301892,-0.455347,-0.329142,-0.109435,-0.657721,-0.493447,-0.404953,-0.434225,-0.262953,-0.298486,-0.282367,0.000000,0.000000,0.505054,-0.023769,0.806853,-0.134867,1.031302,-0.199214,1.226954,-0.308984,0.813976,-0.839627,1.255935,-1.010409,1.616138,-1.143098,1.877231,-1.257900,0.523020,-0.852320,1.079719,-0.629479,0.933153,-0.332591,0.751952,-0.253077,0.234090,-0.699414,0.784431,-0.346621,0.642382,-0.077535,0.459649,-0.112852,-0.005369,-0.491402,0.418434,-0.159861,0.402742,0.023880,0.265694,-0.031178
T,Right,legacy_bisindo_2hand_T_319,0.000000,0.000000,-0.480375,-0.157672,-0.809906,-0.292800,-1.054106,-0.347237,-1.217344,-0.435603,-0.684802,-0.964394,-1.188306,-1.098856,-1.479698,-1.197222,-1.704443,-1.304551,-0.411739,-0.911302,-1.017913,-0.715641,-0.926819,-0.353623,-0.738089,-0.336648,-0.175342,-0.708638,-0.774224,-0.466173,-0.706853,-0.195082,-0.519101,-0.217637,0.002343,-0.458901,-0.493902,-0.278003,-0.515684,-0.108652,-0.389303,-0.126513,0.000000,0.000000,0.408018,-0.003255,0.715690,-0.178840,0.920395,-0.318556,1.049552,-0.459951,0.622958,-0.872526,0.858215,-1.258503,1.017269,-1.541426,1.118385,-1.795492,0.425322,-0.905042,0.986534,-0.704429,0.872288,-0.472985,0.730135,-0.463582,0.250861,-0.800907,0.759579,-0.416628,0.634685,-0.231812,0.513899,-0.304616,0.104724,-0.617415,0.535156,-0.351413,0.443903,-0.210538,0.304132,-0.262278
T,Right,legacy_bisindo_2hand_T_320,0.000000,0.000000,0.414115,-0.015559,0.705239,-0.198780,0.894358,-0.342371,1.049987,-0.472476,0.623272,-0.878609,0.848091,-1.253887,1.002298,-1.540197,1.097097,-1.799841,0.419649,-0.907687,0.979428,-0.694087,0.857486,-0.456632,0.705339,-0.450919,0.245684,-0.802745,0.752900,-0.429436,0.632629,-0.242170,0.510872,-0.312492,0.096092,-0.621144,0.524898,-0.369288,0.442573,-0.226456,0.303905,-0.271713,0.000000,0.000000,-0.447226,-0.164417,-0.762525,-0.317725,-0.995308,-0.375229,-1.123816,-0.450693,-0.639471,-0.960954,-1.097534,-1.097727,-1.385261,-1.190181,-1.602383,-1.284981,-0.383502,-0.923540,-0.949115,-0.709988,-0.873746,-0.360680,-0.693670,-0.342099,-0.163013,-0.742583,-0.710757,-0.481732,-0.652332,-0.226667,-0.489542,-0.250832,-0.004344,-0.507001,-0.452910,-0.314083,-0.463292,-0.151004,-0.351201,-0.171046
T,Right,legacy_bisindo_2hand_T_321,0.000000,0.000000,-0.416794,-0.028203,-0.711174,-0.154158,-0.919178,-0.279931,-1.048194,-0.372615,-0.692475,-0.807370,-0.947911,-1.121665,-1.094125,-1.350238,-1.203506,-1.552481,-0.501991,-0.864873,-0.963814,-0.589486,-0.858591,-0.305744,-0.694167,-0.332873,-0.326730,-0.779833,-0.746869,-0.355753,-0.634383,-0.166043,-0.496266,-0.226308,-0.196513,-0.619880,-0.547749,-0.287676,-0.464466,-0.156880,-0.333022,-0.209255,0.000000,0.000000,0.413728,-0.090747,0.707065,-0.272404,0.941250,-0.384021,1.096569,-0.519379,0.627954,-0.932707,1.032595,-1.179321,1.359657,-1.346799,1.597662,-1.505748,0.342425,-0.939545,0.915663,-0.795089,0.839669,-0.458776,0.683401,-0.360399,0.098540,-0.767554,0.669227,-0.483496,0.601750,-0.180615,0.431223,-0.178980,-0.095098,-0.535743,0.390279,-0.257604,0.405214,-0.063648,0.269810,-0.092466
T,Right,legacy_bisindo_2hand_T_322,0.000000,0.000000,0.440997,-0.033316,0.745471,-0.235514,0.935509,-0.400880,1.032618,-0.558589,0.576330,-0.910089,0.763870,-1.329818,0.887037,-1.624171,0.960026,-1.883002,0.386508,-0.922286,0.947623,-0.787108,0.858148,-0.539363,0.716947,-0.503077,0.225379,-0.797083,0.745984,-0.471727,0.638248,-0.266655,0.506808,-0.319648,0.101839,-0.592254,0.527924,-0.395817,0.459431,-0.254804,0.317711,-0.287487,0.000000,0.000000,-0.499253,-0.097453,-0.844547,-0.202464,-1.089469,-0.226909,-1.258407,-0.299299,-0.787594,-0.878148,-1.298919,-0.969543,-1.607284,-1.038763,-1.837631,-1.114464,-0.510883,-0.859650,-1.077983,-0.586450,-0.954239,-0.238674,-0.764513,-0.243493,-0.251442,-0.690243,-0.806456,-0.371231,-0.711535,-0.114775,-0.529135,-0.154022,-0.046347,-0.463610,-0.501389,-0.225030,-0.505641,-0.056178,-0.384922,-0.082249
T,Right,legacy_bisindo_2hand_T_323,0.000000,0.000000,-0.442441,-0.228841,-0.894791,-0.439532,-1.364386,-0.387538,-1.709152,-0.284136,-0.745276,-1.000124,-1.113373,-1.412018,-1.298658,-1.714590,-1.389172,-2.032799,-0.490635,-0.871365,-1.348249,-0.790124,-1.464414,-0.379457,-1.337769,-0.213906,-0.329021,-0.560405,-1.188583,-0.268062,-1.188267,0.013905,-0.949446,0.039706,-0.217526,-0.201215,-0.905501,0.041187,-0.933981,0.207837,-0.736594,0.190907,0.000000,0.000000,0.000000,0.000000,0.000000,0.000000,0.000000,0.000000,0.000000,0.000000,0.000000,0.000000,0.000000,0.000000,0.000000,0.000000,0.000000,0.000000,0.000000,0.000000,0.000000,0.000000,0.000000,0.000000,0.000000,0.000000,0.000000,0.000000,0.000000,0.000000,0.000000,0.000000,0.000000,0.000000,0.000000,0.000000,0.000000,0.000000,0.000000,0.000000,0.000000,0.000000
T,Right,legacy_bisindo_2hand_T_324,0.000000,0.000000,-0.443197,-0.255174,-1.019440,-0.360518,-1.531416,-0.196937,-1.861058,0.005048,-0.994236,-0.769058,-1.390633,-1.142361,-1.585588,-1.436966,-1.693048,-1.718623,-0.795315,-0.606196,-1.620183,-0.511343,-1.761509,-0.144189,-1.684576,0.059799,-0.646921,-0.289424,-1.473761,0.023858,-1.491543,0.274729,-1.293616,0.311653,-0.528218,0.067548,-1.211420,0.305706,-1.269048,0.433627,-1.108092,0.420730,0.000000,0.000000,0.722990,-0.316806,1.334689,-0.817016,1.855723,-1.193025,2.361487,-1.550940,0.960341,-1.247141,1.776565,0.062380,1.634701,0.221270,1.399160,-0.024271,0.406845,-0.913497,1.334909,0.550534,1.062214,0.467329,0.759177,0.072042,-0.105548,-0.418197,0.775663,0.845452,0.595121,0.645535,0.314689,0.271079,-0.534076,0.121063,0.116646,1.034938,0.093228,0.845626,-0.045011,0.427148
T,Right,legacy_bisindo_2hand_T_325,0.000000,0.000000,0.354515,0.075380,0.705976,0.305639,0.908212,0.640297,1.000226,0.891913,1.037942,0.020442,1.476251,0.161652,1.729923,0.202754,1.943133,0.188326,0.996710,0.081050,1.123941,0.704441,0.876655,0.758949,0.760225,0.656180,0.865992,0.200804,0.910767,0.808687,0.679071,0.807626,0.592474,0.672363,0.709158,0.353684,0.732259,0.824727,0.552328,0.830443,0.468271,0.705531,0.000000,0.000000,-0.286785,-0.223110,-0.508155,-0.484060,-0.676851,-0.675987,-0.688647,-0.816341,-0.095017,-1.081524,-0.151315,-1.602308,-0.161901,-1.933208,-0.160426,-2.188144,0.121328,-0.992612,-0.393922,-1.012614,-0.602787,-0.669580,-0.597117,-0.477162,0.250109,-0.755102,-0.300821,-0.589151,-0.387796,-0.320808,-0.278822,-0.236474,0.306615,-0.482526,-0.145776,-0.352668,-0.222572,-0.183131,-0.102878,-0.151579
T,Right,legacy_bisindo_2hand_T_326,0.000000,0.000000,-0.326022,-0.280225,-0.506786,-0.568979,-0.675238,-0.739671,-0.826172,-0.907958,-0.238026,-1.095524,-0.356149,-1.550245,-0.418088,-1.834833,-0.433540,-2.078756,-0.067618,-0.997711,-0.468368,-1.291699,-0.650879,-0.991828,-0.610786,-0.782935,0.044125,-0.814452,-0.415789,-0.972645,-0.522626,-0.725059,-0.416179,-0.589527,0.085779,-0.580361,-0.296356,-0.703425,-0.394846,-0.566998,-0.297639,-0.486081,0.000000,0.000000,0.361678,0.196437,0.667983,0.428705,0.832148,0.688348,0.919900,0.904324,0.984612,0.325189,1.470729,0.400214,1.763615,0.426773,1.997686,0.409942,0.946399,0.323001,1.166649,1.017281,0.951716,1.120016,0.800043,0.987012,0.768959,0.390343,0.954239,1.079372,0.735952,1.120268,0.628618,0.949536,0.568808,0.532478,0.700436,1.095410,0.577695,1.152601,0.492914,1.041071
T,Right,legacy_bisindo_2hand_T_327,0.000000,0.000000,0.392740,-0.021776,0.836625,0.080671,1.100867,0.253913,1.274530,0.417094,1.098246,-0.090385,1.546142,0.069332,1.839355,0.118708,2.081068,0.130196,0.999771,-0.021400,1.202012,0.683860,0.992900,0.735886,0.887575,0.632573,0.844270,0.111594,1.008167,0.760263,0.840614,0.774668,0.762004,0.644824,0.668390,0.275948,0.885168,0.741792,0.802554,0.805337,0.741554,0.749104,0.000000,0.000000,-0.348550,-0.280150,-0.522406,-0.566341,-0.631117,-0.784834,-0.653140,-0.966901,-0.210227,-1.090510,-0.265143,-1.536053,-0.321154,-1.802362,-0.355347,-2.032107,0.003108,-0.999995,-0.400921,-1.130863,-0.484157,-0.827681,-0.395241,-0.662387,0.124412,-0.806839,-0.354104,-0.765144,-0.403214,-0.525698,-0.287176,-0.454242,0.156863,-0.571555,-0.244386,-0.515200,-0.289400,-0.356280,-0.179133,-0.316320
T,Right,legacy_bisindo_2hand_T_328,0.000000,0.000000,0.261388,0.420982,0.578710,0.725697,0.771007,1.007553,0.922968,1.239143,1.035309,0.308682,1.500095,0.419740,1.822424,0.499517,2.085658,0.518239,0.974574,0.224067,1.142857,0.912564,0.939069,1.215509,0.748612,1.290048,0.784012,0.238568,0.840247,0.985811,0.612443,1.167990,0.463538,1.115827,0.551760,0.341425,0.622613,0.933545,0.489317,1.111120,0.372473,1.116132,0.000000,0.000000,-0.298141,-0.340174,-0.546046,-0.717787,-0.664332,-0.988556,-0.618377,-1.043325,-0.205844,-1.141714,-0.180335,-1.773558,-0.191920,-2.146285,-0.158788,-2.435058,0.005586,-0.999984,-0.244427,-1.453299,-0.537173,-1.258722,-0.661764,-1.025692,0.099579,-0.729523,-0.463568,-0.745685,-0.628460,-0.466672,-0.553197,-0.303460,0.108429,-0.396740,-0.419404,-0.322425,-0.625746,-0.171500,-0.631504,-0.111465
T,Right,legacy_bisindo_2hand_T_329,0.000000,0.000000,0.417705,0.255635,0.741879,0.382655,0.964596,0.538740,1.143525,0.611630,1.072687,-0.103229,1.445750,-0.147211,1.723892,-0.141642,1.939257,-0.141337,0.979489,-0.201500,1.145181,0.455051,0.883051,0.535446,0.753656,0.441328,0.822700,-0.198015,0.927258,0.448166,0.697434,0.485071,0.595909,0.356188,0.642180,-0.126048,0.764593,0.373119,0.610460,0.421953,0.510307,0.303136,0.000000,0.000000,-0.400114,-0.260167,-0.557899,-0.580898,-0.652208,-0.823570,-0.715347,-1.004958,-0.310017,-1.063562,-0.475584,-1.532522,-0.582133,-1.837101,-0.658275,-2.071097,-0.178563,-0.983929,-0.693254,-1.096645,-0.914150,-0.833633,-0.947713,-0.619110,-0.122170,-0.806241,-0.652391,-0.893420,-0.841833,-0.669782,-0.869332,-0.484771,-0.137644,-0.586140,-0.540036,-0.656009,-0.724283,-0.558584,-0.782781,-0.454951
T,Right,legacy_bisindo_2hand_T_330,0.000000,0.000000,0.329604,0.322645,0.635220,0.492742,0.800440,0.712279,0.959177,0.864512,1.085563,0.070692,1.407708,0.158626,1.637417,0.209578,1.833274,0.236947,0.999847,0.017505,1.108079,0.671994,0.855994,0.726336,0.744725,0.645414,0.850462,0.049211,0.906471,0.667813,0.709120,0.677212,0.621008,0.547943,0.692519,0.136991,0.740245,0.576934,0.608582,0.589601,0.537627,0.477420,0.000000,0.000000,-0.184544,-0.397306,-0.225252,-0.715371,-0.269529,-0.952944,-0.297952,-1.170102,0.167482,-1.077332,0.198068,-1.506849,0.234938,-1.784326,0.263808,-2.016559,0.249268,-0.968434,-0.220826,-1.152844,-0.321409,-0.936050,-0.230281,-0.798114,0.219465,-0.791618,-0.289275,-0.909696,-0.324234,-0.718176,-0.202116,-0.619930,0.133658,-0.607589,-0.274488,-0.694048,-0.286012,-0.552994,-0.157484,-0.461026
T,Right,legacy_bisindo_2hand_T_331,0.000000,0.000000,0.433977,0.023399,0.766369,0.253849,0.914121,0.570276,0.933469,0.853318,1.063079,0.147350,1.522252,0.202361,1.822537,0.233612,2.066925,0.254374,0.970279,0.241988,1.045979,0.869393,0.845325,0.936467,0.754967,0.839217,0.770914,0.377139,0.762201,0.973665,0.580909,0.932397,0.545930,0.768093,0.560090,0.535882,0.549518,0.963998,0.417934,0.925467,0.389874,0.782243,0.000000,0.000000,-0.371807,-0.433959,-0.503884,-0.786755,-0.627709,-1.018764,-0.674892,-1.128045,0.015490,-1.150680,0.023972,-1.686063,0.041991,-2.021151,0.087007,-2.299004,0.070484,-0.997513,-0.333354,-1.307716,-0.522616,-1.050928,-0.464702,-0.870510,0.015679,-0.797508,-0.463890,-0.984910,-0.564180,-0.761714,-0.450041,-0.647374,-0.114961,-0.575137,-0.519971,-0.667750,-0.582901,-0.516321,-0.459449,-0.440131
T,Right,legacy_bisindo_2hand_T_332,0.000000,0.000000,0.338826,0.122944,0.647071,0.333405,0.783995,0.644522,0.828277,0.940918,0.974869,0.243157,1.457322,0.301957,1.749375,0.358632,2.031341,0.408143,0.942326,0.334696,0.982890,1.061614,0.685073,1.116156,0.577328,0.977788,0.740089,0.477136,0.756631,1.216249,0.501815,1.219073,0.465420,1.024640,0.524845,0.661410,0.503852,1.186926,0.345832,1.131919,0.329512,0.943670,0.000000,0.000000,-0.218445,-0.154394,-0.446575,-0.295353,-0.630260,-0.338621,-0.758844,-0.359883,-0.263884,-1.053519,-0.305847,-1.539699,-0.349884,-1.849102,-0.382937,-2.085662,-0.007165,-0.999974,-0.502981,-0.807356,-0.686611,-0.422367,-0.663494,-0.208306,0.163206,-0.757474,-0.313760,-0.472065,-0.426880,-0.194227,-0.352532,-0.089092,0.276692,-0.459708,-0.115023,-0.193920,-0.236551,-0.008313,-0.174948,0.046376
T,Right,legacy_bisindo_2hand_T_333,0.000000,0.000000,-0.274389,-0.297326,-0.397522,-0.613030,-0.490656,-0.834111,-0.529799,-1.063588,-0.000903,-1.106117,0.026049,-1.655298,0.020006,-1.965666,0.034156,-2.222862,0.190596,-0.981668,-0.066643,-1.290207,-0.356693,-1.075346,-0.474639,-0.859862,0.284866,-0.762150,-0.208387,-0.797278,-0.370263,-0.542431,-0.323170,-0.403152,0.295910,-0.495221,-0.161774,-0.481724,-0.269868,-0.323820,-0.177106,-0.255767,0.000000,0.000000,-0.048188,0.509716,0.177004,0.926429,0.341465,1.278320,0.435617,1.581424,0.829032,0.631706,1.224538,0.883192,1.469869,1.119700,1.704984,1.288617,0.852732,0.522349,0.721180,1.338949,0.376495,1.361913,0.229287,1.205262,0.714075,0.487792,0.519740,1.283853,0.224350,1.215346,0.178409,1.025740,0.491756,0.514176,0.262269,1.095248,0.073759,1.025155,0.061034,0.842373
T,Right,legacy_bisindo_2hand_T_334,0.000000,0.000000,0.466515,0.148413,0.813171,0.139826,1.022944,0.118158,1.022125,-0.015314,0.987554,-0.544200,1.365301,-0.530370,1.613031,-0.549154,1.835725,-0.587002,0.797573,-0.603223,1.130018,-0.183614,0.943078,-0.052189,0.831969,-0.123838,0.586747,-0.543549,0.866575,-0.090118,0.715681,0.019584,0.622261,-0.073406,0.373932,-0.417080,0.653977,-0.084468,0.575958,0.013900,0.473150,-0.062603,0.000000,0.000000,-0.336005,-0.295015,-0.588997,-0.512907,-0.872594,-0.595467,-1.048185,-0.575851,-0.310092,-1.085569,-0.498849,-1.462662,-0.567945,-1.743112,-0.616655,-1.977413,-0.234814,-0.972040,-0.845251,-0.892323,-0.816461,-0.657462,-0.669770,-0.604573,-0.242263,-0.741823,-0.842704,-0.528223,-0.759487,-0.366431,-0.587570,-0.383901,-0.309489,-0.476380,-0.779311,-0.282850,-0.710597,-0.169305,-0.546444,-0.200900
