label,handedness,timestamp,x0,y0,x1,y1,x2,y2,x3,y3,x4,y4,x5,y5,x6,y6,x7,y7,x8,y8,x9,y9,x10,y10,x11,y11,x12,y12,x13,y13,x14,y14,x15,y15,x16,y16,x17,y17,x18,y18,x19,y19,x20,y20
Y,Right,legacy_bisindo_Y_0,0.000000,0.000000,0.200000,-0.222222,0.355556,-0.466667,0.444444,-0.622222,0.511111,-0.711111,0.000000,-0.800000,-0.088889,-1.000000,0.022222,-0.777778,0.088889,-0.600000,-0.222222,-0.711111,-0.288889,-0.911111,-0.133333,-0.644444,-0.066667,-0.488889,-0.400000,-0.577778,-0.466667,-0.755556,-0.288889,-0.533333,-0.200000,-0.355556,-0.555556,-0.422222,-0.777778,-0.666667,-0.888889,-0.800000,-1.000000,-0.977778
Y,Right,legacy_bisindo_Y_1,0.000000,0.000000,0.173913,0.239130,0.260870,0.478261,0.304348,0.630435,0.369565,0.695652,-0.043478,0.804348,-0.086957,0.978261,0.000000,0.739130,0.043478,0.586957,-0.217391,0.717391,-0.304348,0.913043,-0.173913,0.630435,-0.086957,0.478261,-0.391304,0.565217,-0.456522,0.739130,-0.304348,0.521739,-0.195652,0.369565,-0.543478,0.413043,-0.760870,0.652174,-0.891304,0.804348,-1.000000,0.978261
Y,Right,legacy_bisindo_Y_2,0.000000,0.000000,0.200000,-0.200000,0.288889,-0.444444,0.288889,-0.600000,0.244444,-0.666667,0.000000,-0.755556,-0.044444,-0.955556,0.066667,-0.755556,0.111111,-0.577778,-0.200000,-0.666667,-0.266667,-0.888889,-0.111111,-0.600000,-0.022222,-0.466667,-0.377778,-0.555556,-0.444444,-0.711111,-0.266667,-0.488889,-0.155556,-0.355556,-0.555556,-0.400000,-0.755556,-0.644444,-0.888889,-0.777778,-1.000000,-0.955556
Y,Right,legacy_bisindo_Y_3,0.000000,0.000000,0.195652,-0.239130,0.260870,-0.500000,0.195652,-0.695652,0.086957,-0.782609,-0.021739,-0.760870,-0.108696,-0.934783,0.000000,-0.739130,0.086957,-0.565217,-0.217391,-0.673913,-0.304348,-0.847826,-0.152174,-0.608696,-0.043478,-0.456522,-0.391304,-0.543478,-0.456522,-0.695652,-0.304348,-0.478261,-0.173913,-0.326087,-0.543478,-0.369565,-0.760870,-0.586957,-0.891304,-0.739130,-1.000000,-0.913043
Y,Right,legacy_bisindo_Y_4,0.000000,0.000000,-0.222222,0.123457,-0.432099,0.160494,-0.580247,0.160494,-0.654321,0.123457,-0.629630,-0.209877,-0.777778,-0.333333,-0.901235,-0.419753,-1.000000,-0.481481,-0.530864,-0.333333,-0.580247,-0.209877,-0.543210,-0.012346,-0.481481,0.135802,-0.382716,-0.395062,-0.407407,-0.209877,-0.382716,-0.037037,-0.345679,0.098765,-0.209877,-0.395062,-0.234568,-0.222222,-0.246914,-0.074074,-0.222222,0.024691
Y,Right,legacy_bisindo_Y_5,0.000000,0.000000,-0.253165,-0.139241,-0.468354,-0.215190,-0.569620,-0.253165,-0.582278,-0.227848,-0.670886,0.075949,-0.810127,0.151899,-0.911392,0.265823,-1.000000,0.367089,-0.556962,0.227848,-0.531646,-0.075949,-0.481013,-0.215190,-0.443038,-0.253165,-0.392405,0.291139,-0.354430,-0.063291,-0.316456,-0.164557,-0.303797,-0.164557,-0.202532,0.291139,-0.177215,-0.012658,-0.177215,-0.101266,-0.202532,-0.101266
Y,Right,legacy_bisindo_Y_6,0.000000,0.000000,0.280000,-0.200000,0.520000,-0.520000,0.620000,-0.780000,0.660000,-1.000000,0.060000,-0.780000,0.040000,-0.920000,0.100000,-0.720000,0.140000,-0.500000,-0.160000,-0.700000,-0.180000,-0.860000,-0.100000,-0.620000,-0.040000,-0.400000,-0.340000,-0.600000,-0.380000,-0.740000,-0.280000,-0.520000,-0.200000,-0.320000,-0.480000,-0.460000,-0.640000,-0.640000,-0.760000,-0.760000,-0.880000,-0.880000
Y,Right,legacy_bisindo_Y_7,0.000000,0.000000,0.171429,-0.085714,0.314286,-0.257143,0.371429,-0.342857,0.428571,-0.342857,-0.028571,-1.000000,0.028571,-0.657143,0.200000,-0.371429,0.342857,-0.314286,-0.342857,-0.914286,-0.228571,-0.571429,-0.028571,-0.285714,0.085714,-0.200000,-0.571429,-0.742857,-0.485714,-0.457143,-0.228571,-0.200000,-0.085714,-0.085714,-0.742857,-0.542857,-0.628571,-0.314286,-0.400000,-0.142857,-0.257143,-0.085714
Y,Right,legacy_bisindo_Y_8,0.000000,0.000000,0.276596,0.000000,0.531915,0.085106,0.765957,0.148936,1.000000,0.234043,0.234043,0.638298,0.531915,0.191489,0.468085,0.148936,0.319149,0.234043,0.000000,0.553191,0.340426,0.085106,0.276596,0.042553,0.170213,0.148936,-0.191489,0.382979,0.148936,-0.042553,0.106383,-0.063830,0.000000,0.021277,-0.340426,0.191489,-0.063830,-0.106383,-0.085106,-0.127660,-0.170213,-0.042553
Y,Right,legacy_bisindo_Y_9,0.000000,0.000000,0.302326,-0.186047,0.558140,-0.465116,0.744186,-0.697674,0.860465,-0.860465,0.162791,-0.744186,0.162791,-0.883721,0.186047,-0.697674,0.209302,-0.511628,-0.069767,-0.697674,-0.069767,-0.860465,-0.023256,-0.627907,0.023256,-0.441860,-0.255814,-0.627907,-0.302326,-0.767442,-0.209302,-0.534884,-0.162791,-0.348837,-0.441860,-0.511628,-0.558140,-0.720930,-0.651163,-0.860465,-0.744186,-1.000000
Y,Right,legacy_bisindo_Y_10,0.000000,0.000000,0.333333,0.205128,0.615385,0.487179,0.794872,0.769231,0.923077,1.000000,0.153846,0.769231,0.128205,0.974359,0.153846,0.743590,0.179487,0.538462,-0.102564,0.717949,-0.128205,0.948718,-0.051282,0.666667,0.000000,0.435897,-0.307692,0.641026,-0.358974,0.820513,-0.256410,0.564103,-0.205128,0.358974,-0.487179,0.512821,-0.538462,0.692308,-0.435897,0.512821,-0.384615,0.358974
Y,Right,legacy_bisindo_Y_11,0.000000,0.000000,0.302326,0.209302,0.558140,0.511628,0.697674,0.767442,0.790698,0.976744,0.162791,0.790698,0.116279,1.000000,0.116279,0.790698,0.162791,0.581395,-0.069767,0.744186,-0.116279,0.953488,-0.046512,0.697674,0.000000,0.465116,-0.255814,0.674419,-0.302326,0.837209,-0.232558,0.581395,-0.162791,0.395349,-0.441860,0.558140,-0.488372,0.697674,-0.418605,0.558140,-0.348837,0.395349
Y,Right,legacy_bisindo_Y_12,0.000000,0.000000,0.216216,0.189189,0.270270,0.486486,0.216216,0.702703,0.135135,0.864865,-0.081081,0.810811,-0.108108,1.000000,-0.027027,0.783784,0.000000,0.648649,-0.297297,0.783784,-0.324324,0.945946,-0.216216,0.675676,-0.189189,0.513514,-0.459459,0.702703,-0.486486,0.891892,-0.351351,0.621622,-0.297297,0.432432,-0.621622,0.567568,-0.594595,0.729730,-0.486486,0.540541,-0.486486,0.405405
Y,Right,legacy_bisindo_Y_13,0.000000,0.000000,-0.183673,-0.102041,-0.448980,-0.102041,-0.591837,-0.040816,-0.632653,0.081633,-0.632653,0.204082,-0.816327,0.346939,-0.918367,0.469388,-1.000000,0.591837,-0.510204,0.326531,-0.591837,0.428571,-0.510204,0.244898,-0.448980,0.102041,-0.346939,0.428571,-0.408163,0.510204,-0.346939,0.306122,-0.285714,0.163265,-0.142857,0.489796,-0.224490,0.551020,-0.183673,0.387755,-0.163265,0.244898
Y,Right,legacy_bisindo_Y_14,0.000000,0.000000,0.240741,0.185185,0.370370,0.444444,0.500000,0.592593,0.648148,0.666667,0.037037,0.833333,-0.018519,1.000000,0.074074,0.740741,0.185185,0.537037,-0.222222,0.703704,-0.333333,0.907407,-0.148148,0.592593,0.000000,0.370370,-0.407407,0.518519,-0.537037,0.685185,-0.351852,0.425926,-0.203704,0.259259,-0.537037,0.314815,-0.648148,0.425926,-0.518519,0.277778,-0.388889,0.166667
Y,Right,legacy_bisindo_Y_15,0.000000,0.000000,0.325581,-0.186047,0.604651,-0.465116,0.767442,-0.720930,0.837209,-0.953488,0.162791,-0.767442,0.116279,-0.906977,0.162791,-0.720930,0.209302,-0.534884,-0.069767,-0.720930,-0.139535,-0.860465,-0.046512,-0.627907,0.000000,-0.465116,-0.279070,-0.604651,-0.348837,-0.744186,-0.255814,-0.534884,-0.162791,-0.395349,-0.465116,-0.488372,-0.627907,-0.697674,-0.720930,-0.837209,-0.813953,-1.000000
Y,Right,legacy_bisindo_Y_16,0.000000,0.000000,0.302326,-0.209302,0.558140,-0.488372,0.697674,-0.744186,0.813953,-0.953488,0.116279,-0.813953,0.093023,-0.930233,0.162791,-0.720930,0.209302,-0.558140,-0.116279,-0.744186,-0.139535,-0.883721,-0.023256,-0.627907,0.023256,-0.465116,-0.302326,-0.651163,-0.348837,-0.767442,-0.232558,-0.534884,-0.162791,-0.372093,-0.488372,-0.534884,-0.627907,-0.744186,-0.720930,-0.860465,-0.790698,-1.000000
Y,Right,legacy_bisindo_Y_17,0.000000,0.000000,0.279070,0.186047,0.488372,0.488372,0.604651,0.674419,0.697674,0.860465,0.093023,0.767442,0.046512,0.930233,0.116279,0.720930,0.162791,0.534884,-0.116279,0.720930,-0.162791,0.883721,-0.069767,0.604651,-0.023256,0.441860,-0.302326,0.627907,-0.372093,0.790698,-0.255814,0.534884,-0.186047,0.348837,-0.488372,0.511628,-0.627907,0.720930,-0.720930,0.860465,-0.813953,1.000000
Y,Right,legacy_bisindo_Y_18,0.000000,0.000000,0.261905,-0.190476,0.476190,-0.476190,0.619048,-0.690476,0.738095,-0.833333,0.142857,-0.809524,0.119048,-0.928571,0.166667,-0.738095,0.190476,-0.571429,-0.071429,-0.761905,-0.119048,-0.880952,-0.047619,-0.642857,0.000000,-0.500000,-0.285714,-0.666667,-0.333333,-0.785714,-0.238095,-0.571429,-0.166667,-0.428571,-0.476190,-0.547619,-0.642857,-0.761905,-0.738095,-0.857143,-0.833333,-1.000000
Y,Right,legacy_bisindo_Y_19,0.000000,0.000000,0.302326,0.209302,0.488372,0.488372,0.604651,0.697674,0.697674,0.860465,0.093023,0.744186,0.069767,0.930233,0.116279,0.720930,0.162791,0.534884,-0.116279,0.720930,-0.139535,0.860465,-0.069767,0.604651,-0.023256,0.441860,-0.302326,0.627907,-0.348837,0.767442,-0.255814,0.534884,-0.186047,0.372093,-0.465116,0.511628,-0.604651,0.744186,-0.697674,0.860465,-0.767442,1.000000
Y,Right,legacy_bisindo_Y_20,0.000000,0.000000,0.341463,0.219512,0.609756,0.512195,0.780488,0.780488,0.853659,1.000000,0.146341,0.756098,0.097561,0.951220,0.146341,0.780488,0.195122,0.585366,-0.097561,0.731707,-0.146341,0.878049,-0.048780,0.634146,0.000000,0.463415,-0.317073,0.658537,-0.390244,0.804878,-0.268293,0.585366,-0.195122,0.414634,-0.512195,0.536585,-0.682927,0.756098,-0.756098,0.878049,-0.829268,1.000000
Y,Right,legacy_bisindo_Y_21,0.000000,0.000000,0.340426,0.127660,0.680851,0.425532,0.851064,0.702128,0.914894,0.936170,0.319149,0.765957,0.276596,1.000000,0.319149,0.765957,0.382979,0.531915,0.063830,0.765957,0.063830,0.957447,0.148936,0.659574,0.191489,0.425532,-0.170213,0.702128,-0.148936,0.893617,-0.042553,0.595745,0.000000,0.361702,-0.382979,0.595745,-0.340426,0.744681,-0.234043,0.510638,-0.148936,0.297872
Y,Right,legacy_bisindo_Y_22,0.000000,0.000000,0.241935,0.209677,0.451613,0.548387,0.612903,0.790323,0.741935,0.967742,0.064516,0.790323,-0.112903,1.000000,0.000000,0.741935,0.112903,0.580645,-0.161290,0.661290,-0.370968,0.903226,-0.209677,0.629032,-0.048387,0.467742,-0.322581,0.500000,-0.516129,0.677419,-0.354839,0.467742,-0.209677,0.354839,-0.435484,0.322581,-0.580645,0.451613,-0.500000,0.322581,-0.403226,0.258065
Y,Right,legacy_bisindo_Y_23,0.000000,0.000000,0.439024,-0.073171,0.780488,-0.390244,0.926829,-0.731707,0.951220,-1.000000,0.585366,-0.585366,0.512195,-0.829268,0.390244,-0.658537,0.317073,-0.463415,0.317073,-0.634146,0.219512,-0.829268,0.121951,-0.560976,0.073171,-0.292683,0.121951,-0.609756,0.000000,-0.780488,-0.073171,-0.512195,-0.097561,-0.243902,-0.048780,-0.585366,-0.146341,-0.731707,-0.219512,-0.512195,-0.243902,-0.341463
Y,Right,legacy_bisindo_Y_24,0.000000,0.000000,0.413043,0.108696,0.695652,0.413043,0.739130,0.760870,0.782609,1.000000,0.434783,0.652174,0.282609,0.847826,0.260870,0.673913,0.304348,0.456522,0.173913,0.630435,0.065217,0.804348,0.021739,0.543478,0.021739,0.304348,-0.021739,0.608696,-0.152174,0.717391,-0.173913,0.456522,-0.173913,0.217391,-0.195652,0.543478,-0.304348,0.652174,-0.347826,0.456522,-0.347826,0.260870
Y,Right,legacy_bisindo_Y_25,0.000000,0.000000,0.410256,-0.051282,0.820513,-0.307692,1.000000,-0.641026,0.974359,-0.923077,0.769231,-0.512821,0.743590,-0.769231,0.564103,-0.666667,0.461538,-0.512821,0.487179,-0.589744,0.461538,-0.846154,0.333333,-0.666667,0.256410,-0.435897,0.256410,-0.641026,0.205128,-0.871795,0.102564,-0.666667,0.076923,-0.435897,0.051282,-0.641026,0.025641,-0.820513,-0.051282,-0.666667,-0.076923,-0.512821
Y,Right,legacy_bisindo_Y_26,0.000000,0.000000,0.350000,-0.150000,0.650000,-0.400000,0.800000,-0.600000,0.800000,-0.725000,0.450000,-0.825000,0.425000,-0.975000,0.375000,-0.775000,0.350000,-0.550000,0.175000,-0.825000,0.150000,-1.000000,0.125000,-0.750000,0.125000,-0.500000,-0.075000,-0.775000,-0.125000,-0.975000,-0.100000,-0.700000,-0.075000,-0.450000,-0.300000,-0.675000,-0.375000,-0.850000,-0.375000,-0.725000,-0.350000,-0.600000
Y,Right,legacy_bisindo_Y_27,0.000000,0.000000,0.352941,-0.117647,0.725490,-0.411765,0.843137,-0.705882,0.843137,-0.980392,0.294118,-0.784314,0.235294,-0.980392,0.235294,-0.725490,0.235294,-0.450980,0.000000,-0.745098,-0.019608,-0.960784,0.000000,-0.647059,0.039216,-0.352941,-0.235294,-0.647059,-0.294118,-0.843137,-0.254902,-0.549020,-0.176471,-0.294118,-0.431373,-0.529412,-0.627451,-0.745098,-0.764706,-0.862745,-0.882353,-1.000000
Y,Right,legacy_bisindo_Y_28,0.000000,0.000000,0.428571,0.061224,0.775510,0.367347,0.918367,0.693878,0.918367,0.959184,0.346939,0.816327,0.265306,1.000000,0.244898,0.693878,0.244898,0.428571,0.040816,0.775510,-0.020408,1.000000,0.020408,0.612245,0.040816,0.306122,-0.204082,0.673469,-0.265306,0.877551,-0.224490,0.510204,-0.163265,0.244898,-0.428571,0.551020,-0.530612,0.755102,-0.571429,0.612245,-0.591837,0.489796
Y,Right,legacy_bisindo_Y_29,0.000000,0.000000,0.333333,0.176471,0.647059,0.431373,0.803922,0.666667,0.901961,0.882353,0.274510,0.431373,0.196078,0.784314,0.137255,0.941176,0.098039,1.000000,0.019608,0.450980,-0.039216,0.843137,-0.039216,1.000000,-0.019608,1.000000,-0.176471,0.411765,-0.235294,0.784314,-0.196078,0.921569,-0.156863,0.960784,-0.333333,0.333333,-0.392157,0.666667,-0.352941,0.803922,-0.333333,0.882353
Y,Right,legacy_bisindo_Y_30,0.000000,0.000000,0.340000,-0.040000,0.700000,-0.340000,0.780000,-0.700000,0.820000,-1.000000,0.340000,-0.700000,0.260000,-0.920000,0.200000,-0.640000,0.180000,-0.360000,0.040000,-0.700000,-0.020000,-0.960000,-0.060000,-0.580000,-0.040000,-0.280000,-0.220000,-0.660000,-0.300000,-0.860000,-0.320000,-0.480000,-0.280000,-0.220000,-0.440000,-0.540000,-0.540000,-0.700000,-0.540000,-0.440000,-0.500000,-0.260000
Y,Right,legacy_bisindo_Y_31,0.000000,0.000000,0.310345,0.120690,0.620690,0.431034,0.758621,0.724138,0.844828,1.000000,0.413793,0.534483,0.344828,0.862069,0.293103,0.758621,0.224138,0.637931,0.137931,0.517241,0.034483,0.931034,0.017241,0.793103,0.017241,0.620690,-0.120690,0.465517,-0.206897,0.862069,-0.172414,0.741379,-0.155172,0.603448,-0.310345,0.396552,-0.379310,0.724138,-0.362069,0.689655,-0.362069,0.603448
Y,Right,legacy_bisindo_Y_32,0.000000,0.000000,-0.177778,0.066667,-0.422222,-0.266667,-0.688889,-0.577778,-1.000000,-0.777778,-0.266667,-0.533333,-0.355556,-0.800000,-0.355556,-0.577778,-0.377778,-0.311111,-0.133333,-0.688889,-0.200000,-0.911111,-0.222222,-0.622222,-0.222222,-0.333333,0.044444,-0.688889,-0.044444,-0.911111,-0.066667,-0.644444,-0.066667,-0.377778,0.222222,-0.622222,0.155556,-0.800000,0.155556,-0.622222,0.155556,-0.422222
Y,Right,legacy_bisindo_Y_33,0.000000,0.000000,-0.322581,0.000000,-0.548387,0.096774,-0.645161,0.290323,-0.677419,0.451613,-0.322581,-0.258065,-0.290323,0.161290,-0.290323,0.548387,-0.322581,0.838710,0.064516,-0.258065,0.032258,0.258065,-0.032258,0.709677,-0.064516,1.000000,0.354839,-0.161290,0.322581,0.290323,0.258065,0.677419,0.225806,0.935484,0.645161,-0.032258,0.612903,0.290323,0.580645,0.580645,0.548387,0.774194
Y,Right,legacy_bisindo_Y_34,0.000000,0.000000,0.340426,-0.063830,0.638298,-0.361702,0.744681,-0.702128,0.765957,-0.978723,0.234043,-0.787234,0.170213,-1.000000,0.127660,-0.723404,0.127660,-0.425532,-0.085106,-0.765957,-0.127660,-1.000000,-0.127660,-0.638298,-0.106383,-0.319149,-0.340426,-0.680851,-0.404255,-0.872340,-0.404255,-0.510638,-0.340426,-0.255319,-0.531915,-0.553191,-0.638298,-0.702128,-0.638298,-0.468085,-0.595745,-0.276596
Y,Right,legacy_bisindo_Y_35,0.000000,0.000000,0.333333,-0.098039,0.588235,-0.372549,0.686275,-0.647059,0.764706,-0.882353,0.196078,-0.784314,0.117647,-0.921569,0.117647,-0.666667,0.098039,-0.431373,-0.078431,-0.725490,-0.117647,-0.921569,-0.117647,-0.607843,-0.098039,-0.333333,-0.294118,-0.647059,-0.352941,-0.803922,-0.333333,-0.490196,-0.274510,-0.254902,-0.490196,-0.490196,-0.686275,-0.745098,-0.843137,-0.862745,-0.960784,-1.000000
Y,Right,legacy_bisindo_Y_36,0.000000,0.000000,0.361702,0.000000,0.744681,0.191489,0.914894,0.382979,0.914894,0.553191,0.468085,0.617021,0.425532,0.936170,0.361702,0.723404,0.319149,0.510638,0.106383,0.702128,0.042553,1.000000,0.063830,0.744681,0.085106,0.489362,-0.191489,0.659574,-0.255319,0.957447,-0.191489,0.723404,-0.148936,0.510638,-0.404255,0.574468,-0.553191,0.851064,-0.595745,0.872340,-0.638298,0.893617
Y,Right,legacy_bisindo_Y_37,0.000000,0.000000,0.340000,-0.200000,0.600000,-0.540000,0.660000,-0.800000,0.560000,-0.920000,0.400000,-0.480000,0.340000,-0.880000,0.320000,-0.980000,0.300000,-0.960000,0.100000,-0.480000,0.060000,-0.940000,0.080000,-0.980000,0.080000,-0.900000,-0.160000,-0.460000,-0.200000,-0.900000,-0.140000,-0.940000,-0.120000,-0.840000,-0.380000,-0.420000,-0.480000,-0.860000,-0.500000,-0.980000,-0.540000,-1.000000
Y,Right,legacy_bisindo_Y_38,0.000000,0.000000,-0.288889,-0.022222,-0.555556,0.266667,-0.800000,0.511111,-1.000000,0.711111,-0.422222,0.466667,-0.488889,0.755556,-0.444444,0.533333,-0.377778,0.311111,-0.155556,0.622222,-0.244444,0.888889,-0.200000,0.577778,-0.155556,0.311111,0.111111,0.688889,0.022222,0.911111,0.044444,0.622222,0.044444,0.377778,0.355556,0.666667,0.333333,0.822222,0.333333,0.622222,0.333333,0.466667
Y,Right,legacy_bisindo_Y_39,0.000000,0.000000,-0.375000,0.020833,-0.708333,-0.041667,-0.875000,-0.229167,-1.000000,-0.416667,-0.687500,-0.020833,-0.770833,-0.062500,-0.750000,0.000000,-0.708333,0.125000,-0.458333,-0.125000,-0.541667,-0.208333,-0.541667,-0.062500,-0.520833,0.145833,-0.208333,-0.187500,-0.291667,-0.229167,-0.312500,-0.062500,-0.333333,0.125000,0.041667,-0.229167,0.000000,-0.208333,-0.041667,-0.062500,-0.083333,0.083333
Y,Right,legacy_bisindo_Y_40,0.000000,0.000000,0.269231,-0.057692,0.480769,-0.288462,0.557692,-0.557692,0.596154,-0.750000,0.250000,-0.673077,0.250000,-0.807692,0.211538,-0.557692,0.173077,-0.346154,0.000000,-0.692308,0.019231,-0.826923,0.000000,-0.480769,-0.019231,-0.250000,-0.230769,-0.634615,-0.230769,-0.769231,-0.250000,-0.442308,-0.230769,-0.211538,-0.423077,-0.519231,-0.576923,-0.788462,-0.711538,-0.884615,-0.807692,-1.000000
Y,Right,legacy_bisindo_Y_41,0.000000,0.000000,0.342105,-0.078947,0.789474,-0.026316,1.000000,-0.026316,1.000000,0.000000,0.578947,0.578947,0.578947,0.684211,0.500000,0.342105,0.447368,0.078947,0.210526,0.736842,0.184211,0.789474,0.157895,0.368421,0.131579,0.105263,-0.105263,0.710526,-0.131579,0.736842,-0.157895,0.368421,-0.157895,0.131579,-0.421053,0.631579,-0.473684,0.657895,-0.552632,0.500000,-0.605263,0.394737
Y,Right,legacy_bisindo_Y_42,0.000000,0.000000,0.325581,-0.093023,0.534884,-0.372093,0.581395,-0.674419,0.604651,-0.906977,0.209302,-0.744186,0.232558,-0.976744,0.186047,-0.697674,0.139535,-0.441860,-0.069767,-0.767442,-0.069767,-1.000000,-0.093023,-0.604651,-0.069767,-0.302326,-0.325581,-0.744186,-0.372093,-0.976744,-0.348837,-0.604651,-0.325581,-0.279070,-0.558140,-0.651163,-0.720930,-0.976744,-0.860465,-0.976744,-0.953488,-0.953488
Y,Right,legacy_bisindo_Y_43,0.000000,0.000000,-0.258065,-0.129032,-0.548387,0.129032,-0.774194,0.322581,-1.000000,0.548387,-0.419355,0.741935,-0.483871,0.709677,-0.548387,0.290323,-0.580645,-0.032258,-0.064516,0.903226,-0.129032,0.838710,-0.161290,0.354839,-0.161290,-0.032258,0.258065,0.903226,0.225806,0.838710,0.193548,0.387097,0.129032,0.096774,0.548387,0.774194,0.612903,0.741935,0.580645,0.451613,0.516129,0.225806
Y,Right,legacy_bisindo_Y_44,0.000000,0.000000,-0.163636,0.072727,-0.418182,0.054545,-0.581818,0.036364,-0.709091,0.000000,-0.600000,-0.327273,-0.800000,-0.527273,-0.909091,-0.636364,-1.000000,-0.745455,-0.436364,-0.454545,-0.581818,-0.563636,-0.527273,-0.272727,-0.472727,-0.036364,-0.254545,-0.527273,-0.363636,-0.636364,-0.345455,-0.327273,-0.309091,-0.090909,-0.036364,-0.527273,-0.127273,-0.600000,-0.163636,-0.400000,-0.181818,-0.254545
Y,Right,legacy_bisindo_Y_45,0.000000,0.000000,-0.342857,-0.114286,-0.542857,-0.028571,-0.742857,0.085714,-0.885714,0.171429,-0.200000,0.200000,-0.171429,-0.057143,-0.171429,-0.428571,-0.114286,-0.742857,0.171429,0.257143,0.200000,0.085714,0.200000,-0.342857,0.200000,-0.714286,0.457143,0.257143,0.514286,0.142857,0.514286,-0.257143,0.514286,-0.571429,0.714286,0.200000,0.885714,0.085714,0.971429,-0.171429,1.000000,-0.400000
Y,Right,legacy_bisindo_Y_46,0.000000,0.000000,-0.219512,0.097561,-0.560976,0.121951,-0.780488,0.195122,-1.000000,0.317073,-0.609756,-0.439024,-0.658537,-0.365854,-0.609756,-0.073171,-0.560976,0.146341,-0.317073,-0.536585,-0.365854,-0.341463,-0.341463,0.048780,-0.341463,0.317073,0.000000,-0.487805,-0.048780,-0.317073,-0.097561,0.024390,-0.121951,0.243902,0.292683,-0.390244,0.243902,-0.219512,0.219512,0.000000,0.219512,0.170732
Y,Right,legacy_bisindo_Y_47,0.000000,0.000000,-0.269231,-0.192308,-0.384615,-0.230769,-0.500000,-0.307692,-0.538462,-0.384615,-0.153846,0.576923,-0.153846,0.384615,-0.192308,-0.115385,-0.153846,-0.500000,0.192308,0.769231,0.230769,0.576923,0.230769,0.000000,0.230769,-0.423077,0.500000,0.769231,0.576923,0.615385,0.615385,0.038462,0.615385,-0.384615,0.807692,0.653846,1.000000,0.461538,1.000000,0.076923,1.000000,-0.269231
Y,Right,legacy_bisindo_Y_48,0.000000,0.000000,-0.196078,0.058824,-0.411765,0.058824,-0.549020,0.019608,-0.647059,0.019608,-0.568627,-0.352941,-0.784314,-0.529412,-0.901961,-0.686275,-1.000000,-0.803922,-0.411765,-0.490196,-0.490196,-0.568627,-0.431373,-0.294118,-0.372549,-0.078431,-0.196078,-0.549020,-0.254902,-0.588235,-0.235294,-0.294118,-0.215686,-0.078431,0.039216,-0.529412,-0.039216,-0.529412,-0.058824,-0.313725,-0.058824,-0.137255
Y,Right,legacy_bisindo_Y_49,0.000000,0.000000,-0.384615,-0.192308,-0.615385,-0.307692,-0.769231,-0.423077,-0.884615,-0.538462,-0.423077,0.192308,-0.346154,-0.076923,-0.346154,-0.538462,-0.269231,-0.884615,0.000000,0.307692,0.038462,0.076923,0.076923,-0.461538,0.115385,-0.846154,0.423077,0.307692,0.461538,0.115385,0.538462,-0.384615,0.576923,-0.769231,0.807692,0.269231,0.961538,0.076923,1.000000,-0.269231,1.000000,-0.576923
Y,Right,legacy_bisindo_Y_50,0.000000,0.000000,-0.300000,0.100000,-0.700000,0.033333,-0.933333,0.100000,-1.000000,0.200000,-0.666667,-0.566667,-0.866667,-0.500000,-0.833333,-0.066667,-0.833333,0.266667,-0.300000,-0.733333,-0.366667,-0.600000,-0.366667,-0.133333,-0.366667,0.266667,0.100000,-0.733333,0.066667,-0.633333,0.033333,-0.166667,0.000000,0.200000,0.433333,-0.666667,0.466667,-0.566667,0.433333,-0.266667,0.366667,0.000000
Y,Right,legacy_bisindo_Y_51,0.000000,0.000000,-0.391304,-0.173913,-0.695652,-0.217391,-0.913043,-0.434783,-1.000000,-0.695652,-0.695652,0.478261,-0.913043,0.260870,-0.956522,-0.260870,-0.956522,-0.695652,-0.217391,0.565217,-0.347826,0.391304,-0.304348,-0.173913,-0.347826,-0.695652,0.304348,0.521739,0.217391,0.391304,0.217391,-0.173913,0.217391,-0.565217,0.826087,0.391304,0.913043,0.304348,0.869565,-0.086957,0.782609,-0.391304
Y,Right,legacy_bisindo_Y_52,0.000000,0.000000,-0.333333,0.037037,-0.666667,-0.148148,-0.888889,-0.185185,-1.000000,-0.148148,-0.555556,-0.703704,-0.703704,-0.555556,-0.740741,-0.074074,-0.740741,0.296296,-0.148148,-0.814815,-0.222222,-0.666667,-0.296296,-0.148148,-0.333333,0.296296,0.222222,-0.777778,0.222222,-0.666667,0.148148,-0.185185,0.074074,0.185185,0.592593,-0.629630,0.703704,-0.592593,0.629630,-0.296296,0.555556,-0.037037
Y,Right,legacy_bisindo_Y_53,0.000000,0.000000,-0.434783,-0.173913,-0.782609,-0.086957,-0.956522,-0.260870,-1.000000,-0.521739,-0.695652,0.695652,-0.782609,0.217391,-0.782609,-0.391304,-0.739130,-0.869565,-0.173913,0.782609,-0.260870,0.347826,-0.260870,-0.304348,-0.260870,-0.782609,0.304348,0.695652,0.304348,0.347826,0.304348,-0.260870,0.260870,-0.565217,0.782609,0.521739,0.826087,0.260870,0.739130,-0.130435,0.652174,-0.347826
Y,Right,legacy_bisindo_Y_54,0.000000,0.000000,-0.346154,0.076923,-0.769231,0.038462,-0.961538,0.115385,-1.000000,0.230769,-0.692308,-0.615385,-0.884615,-0.192308,-0.923077,0.307692,-0.884615,0.615385,-0.269231,-0.730769,-0.384615,-0.076923,-0.423077,0.423077,-0.423077,0.692308,0.153846,-0.653846,0.115385,-0.076923,0.038462,0.384615,0.000000,0.615385,0.576923,-0.500000,0.538462,-0.038462,0.461538,0.269231,0.346154,0.423077
Y,Right,legacy_bisindo_Y_55,0.000000,0.000000,-0.020000,-0.080000,-0.040000,-0.400000,-0.060000,-0.620000,-0.080000,-0.800000,0.060000,-0.480000,0.020000,-0.980000,0.060000,-0.940000,0.100000,-0.780000,0.140000,-0.440000,0.120000,-1.000000,0.160000,-0.900000,0.160000,-0.680000,0.140000,-0.420000,0.180000,-0.940000,0.220000,-0.860000,0.260000,-0.680000,0.120000,-0.400000,0.180000,-0.780000,0.240000,-0.780000,0.260000,-0.700000
Y,Right,legacy_bisindo_Y_56,0.000000,0.000000,0.315789,-0.070175,0.578947,-0.385965,0.719298,-0.684211,0.807018,-0.929825,0.315789,-0.736842,0.315789,-0.947368,0.263158,-0.701754,0.228070,-0.473684,0.052632,-0.754386,0.052632,-1.000000,0.017544,-0.666667,0.017544,-0.403509,-0.175439,-0.719298,-0.228070,-0.964912,-0.228070,-0.614035,-0.210526,-0.368421,-0.385965,-0.614035,-0.491228,-0.842105,-0.561404,-0.736842,-0.596491,-0.649123
Y,Right,legacy_bisindo_Y_57,0.000000,0.000000,0.280000,-0.020000,0.480000,-0.320000,0.520000,-0.600000,0.480000,-0.820000,0.200000,-0.740000,0.180000,-0.980000,0.140000,-0.720000,0.140000,-0.500000,-0.040000,-0.780000,-0.080000,-1.000000,-0.100000,-0.640000,-0.060000,-0.360000,-0.260000,-0.760000,-0.300000,-1.000000,-0.280000,-0.640000,-0.240000,-0.360000,-0.420000,-0.700000,-0.560000,-0.960000,-0.640000,-0.880000,-0.680000,-0.760000
Y,Right,legacy_bisindo_Y_58,0.000000,0.000000,0.115385,0.038462,0.134615,0.250000,0.038462,0.442308,-0.076923,0.596154,0.000000,0.788462,-0.019231,0.961538,-0.038462,0.692308,-0.038462,0.461538,-0.192308,0.826923,-0.250000,0.942308,-0.250000,0.576923,-0.211538,0.346154,-0.365385,0.769231,-0.480769,0.903846,-0.461538,0.538462,-0.403846,0.288462,-0.519231,0.653846,-0.730769,0.846154,-0.884615,0.884615,-1.000000,0.923077
Y,Right,legacy_bisindo_Y_59,0.000000,0.000000,0.000000,-0.127660,-0.127660,-0.127660,-0.361702,-0.106383,-0.574468,-0.085106,-0.297872,0.617021,-0.425532,0.680851,-0.425532,0.404255,-0.404255,0.148936,-0.510638,0.702128,-0.659574,0.723404,-0.617021,0.319149,-0.531915,0.042553,-0.659574,0.702128,-0.851064,0.744681,-0.787234,0.361702,-0.680851,0.085106,-0.765957,0.638298,-0.978723,0.680851,-1.000000,0.468085,-0.978723,0.319149
Y,Right,legacy_bisindo_Y_60,0.000000,0.000000,-0.260000,-0.080000,-0.560000,-0.040000,-0.760000,0.000000,-0.840000,0.100000,-0.760000,0.360000,-0.900000,0.560000,-0.960000,0.700000,-1.000000,0.860000,-0.560000,0.520000,-0.680000,0.580000,-0.600000,0.260000,-0.540000,0.020000,-0.320000,0.600000,-0.440000,0.700000,-0.380000,0.360000,-0.320000,0.100000,-0.040000,0.620000,-0.140000,0.680000,-0.140000,0.420000,-0.120000,0.200000
Y,Right,legacy_bisindo_Y_61,0.000000,0.000000,-0.234043,0.106383,-0.531915,0.106383,-0.744681,0.021277,-0.808511,-0.063830,-0.744681,-0.340426,-0.872340,-0.489362,-0.936170,-0.638298,-1.000000,-0.808511,-0.553191,-0.531915,-0.638298,-0.510638,-0.531915,-0.191489,-0.446809,0.042553,-0.297872,-0.617021,-0.361702,-0.574468,-0.297872,-0.234043,-0.234043,0.000000,-0.021277,-0.638298,-0.063830,-0.510638,-0.063830,-0.255319,-0.042553,-0.063830
Y,Right,legacy_bisindo_Y_62,0.000000,0.000000,-0.208333,-0.104167,-0.458333,-0.145833,-0.625000,-0.187500,-0.729167,-0.208333,-0.729167,0.166667,-0.875000,0.312500,-0.958333,0.458333,-1.000000,0.604167,-0.562500,0.354167,-0.645833,0.312500,-0.562500,0.000000,-0.500000,-0.208333,-0.333333,0.437500,-0.416667,0.395833,-0.333333,0.104167,-0.270833,-0.104167,-0.083333,0.458333,-0.125000,0.354167,-0.104167,0.125000,-0.083333,-0.041667
Y,Right,legacy_bisindo_Y_63,0.000000,0.000000,-0.230769,-0.115385,-0.500000,-0.173077,-0.653846,-0.250000,-0.788462,-0.288462,-0.750000,0.115385,-0.865385,0.192308,-0.942308,0.288462,-1.000000,0.384615,-0.615385,0.269231,-0.692308,0.211538,-0.634615,-0.076923,-0.557692,-0.269231,-0.423077,0.346154,-0.461538,0.288462,-0.423077,0.000000,-0.365385,-0.192308,-0.192308,0.365385,-0.211538,0.269231,-0.211538,0.057692,-0.192308,-0.096154
Y,Right,legacy_bisindo_Y_64,0.000000,0.000000,-0.270270,0.108108,-0.648649,-0.027027,-0.891892,-0.189189,-0.918919,-0.405405,-0.648649,-0.648649,-0.756757,-0.837838,-0.675676,-0.567568,-0.621622,-0.351351,-0.405405,-0.810811,-0.486486,-0.972973,-0.459459,-0.567568,-0.432432,-0.351351,-0.135135,-0.837838,-0.216216,-1.000000,-0.216216,-0.621622,-0.189189,-0.405405,0.135135,-0.837838,0.081081,-0.918919,0.054054,-0.648649,0.054054,-0.486486
Y,Right,legacy_bisindo_Y_65,0.000000,0.000000,-0.263158,0.026316,-0.500000,-0.184211,-0.657895,-0.394737,-0.710526,-0.552632,-0.552632,-0.736842,-0.578947,-0.868421,-0.526316,-0.578947,-0.473684,-0.315789,-0.289474,-0.842105,-0.289474,-0.947368,-0.263158,-0.605263,-0.236842,-0.394737,-0.026316,-0.842105,0.026316,-1.000000,0.000000,-0.684211,0.000000,-0.473684,0.263158,-0.789474,0.315789,-0.947368,0.263158,-0.710526,0.236842,-0.526316
Y,Right,legacy_bisindo_Y_66,0.000000,0.000000,0.081081,0.081081,0.081081,0.351351,0.081081,0.621622,0.108108,0.837838,-0.162162,0.810811,-0.243243,0.945946,-0.216216,0.675676,-0.216216,0.432432,-0.243243,0.864865,-0.324324,0.972973,-0.297297,0.675676,-0.270270,0.432432,-0.270270,0.864865,-0.324324,1.000000,-0.324324,0.675676,-0.297297,0.459459,-0.270270,0.810811,-0.297297,0.918919,-0.297297,0.675676,-0.270270,0.486486
Y,Right,legacy_bisindo_Y_67,0.000000,0.000000,0.400000,-0.066667,0.733333,-0.377778,0.911111,-0.666667,1.000000,-0.911111,0.511111,-0.800000,0.600000,-0.955556,0.577778,-0.711111,0.533333,-0.488889,0.244444,-0.844444,0.311111,-0.955556,0.311111,-0.666667,0.311111,-0.444444,0.000000,-0.822222,0.044444,-0.911111,0.066667,-0.622222,0.066667,-0.377778,-0.222222,-0.755556,-0.177778,-0.844444,-0.133333,-0.622222,-0.111111,-0.422222
Y,Right,legacy_bisindo_Y_68,0.000000,0.000000,0.357143,0.023810,0.690476,0.285714,0.904762,0.595238,1.000000,0.857143,0.547619,0.714286,0.642857,0.857143,0.642857,0.642857,0.619048,0.428571,0.333333,0.785714,0.404762,0.809524,0.380952,0.547619,0.333333,0.309524,0.095238,0.785714,0.119048,0.761905,0.119048,0.500000,0.095238,0.285714,-0.142857,0.738095,-0.095238,0.666667,-0.071429,0.428571,-0.095238,0.214286
Y,Right,legacy_bisindo_Y_69,0.000000,0.000000,0.346939,-0.061224,0.591837,-0.326531,0.693878,-0.591837,0.755102,-0.816327,0.265306,-0.755102,0.326531,-0.938776,0.346939,-0.714286,0.306122,-0.510204,0.020408,-0.775510,0.122449,-0.918367,0.163265,-0.612245,0.163265,-0.428571,-0.183673,-0.714286,-0.102041,-0.877551,-0.020408,-0.591837,0.000000,-0.408163,-0.387755,-0.632653,-0.408163,-0.877551,-0.428571,-0.938776,-0.428571,-1.000000
Y,Right,legacy_bisindo_Y_70,0.000000,0.000000,-0.157895,0.000000,-0.368421,0.157895,-0.473684,0.342105,-0.526316,0.526316,-0.552632,0.684211,-0.684211,0.763158,-0.605263,0.526316,-0.552632,0.315789,-0.394737,0.842105,-0.473684,0.894737,-0.421053,0.578947,-0.394737,0.342105,-0.210526,0.894737,-0.263158,1.000000,-0.263158,0.684211,-0.236842,0.447368,0.000000,0.868421,-0.052632,0.921053,-0.078947,0.710526,-0.078947,0.526316
Y,Right,legacy_bisindo_Y_71,0.000000,0.000000,0.333333,-0.066667,0.622222,-0.355556,0.755556,-0.666667,0.844444,-0.888889,0.333333,-0.777778,0.377778,-0.977778,0.377778,-0.733333,0.377778,-0.533333,0.066667,-0.800000,0.111111,-1.000000,0.155556,-0.688889,0.177778,-0.466667,-0.155556,-0.777778,-0.111111,-0.933333,-0.066667,-0.600000,-0.022222,-0.400000,-0.355556,-0.688889,-0.311111,-0.822222,-0.244444,-0.600000,-0.200000,-0.422222
Y,Right,legacy_bisindo_Y_72,0.000000,0.000000,0.380952,0.047619,0.690476,0.357143,0.857143,0.690476,0.976190,0.928571,0.428571,0.833333,0.452381,1.000000,0.428571,0.714286,0.428571,0.476190,0.166667,0.880952,0.214286,1.000000,0.238095,0.666667,0.238095,0.428571,-0.071429,0.833333,-0.047619,0.904762,0.000000,0.595238,0.000000,0.357143,-0.309524,0.738095,-0.238095,0.785714,-0.166667,0.523810,-0.166667,0.333333
Y,Right,legacy_bisindo_Y_73,0.000000,0.000000,0.307692,-0.076923,0.557692,-0.326923,0.673077,-0.557692,0.730769,-0.730769,0.250000,-0.711538,0.326923,-0.903846,0.326923,-0.692308,0.307692,-0.500000,0.019231,-0.711538,0.115385,-0.903846,0.153846,-0.615385,0.153846,-0.423077,-0.173077,-0.653846,-0.096154,-0.826923,-0.038462,-0.576923,-0.019231,-0.365385,-0.365385,-0.596154,-0.403846,-0.826923,-0.442308,-0.923077,-0.480769,-1.000000
Y,Right,legacy_bisindo_Y_74,0.000000,0.000000,0.355556,0.022222,0.711111,0.288889,0.911111,0.577778,1.000000,0.800000,0.511111,0.733333,0.622222,0.911111,0.622222,0.688889,0.600000,0.466667,0.288889,0.800000,0.377778,0.933333,0.400000,0.622222,0.377778,0.400000,0.044444,0.777778,0.133333,0.866667,0.155556,0.555556,0.133333,0.333333,-0.200000,0.688889,-0.088889,0.711111,-0.044444,0.466667,-0.044444,0.288889
Y,Right,legacy_bisindo_Y_75,0.000000,0.000000,0.347826,-0.086957,0.673913,-0.369565,0.847826,-0.630435,0.956522,-0.869565,0.391304,-0.782609,0.434783,-0.978261,0.434783,-0.739130,0.413043,-0.521739,0.173913,-0.804348,0.195652,-1.000000,0.195652,-0.673913,0.217391,-0.434783,-0.065217,-0.782609,-0.043478,-0.913043,-0.021739,-0.608696,0.000000,-0.369565,-0.304348,-0.717391,-0.239130,-0.826087,-0.195652,-0.586957,-0.152174,-0.391304
Y,Right,legacy_bisindo_Y_76,0.000000,0.000000,0.303571,-0.071429,0.553571,-0.303571,0.678571,-0.517857,0.714286,-0.696429,0.267857,-0.660714,0.321429,-0.839286,0.321429,-0.642857,0.303571,-0.464286,0.053571,-0.660714,0.107143,-0.821429,0.142857,-0.571429,0.160714,-0.392857,-0.125000,-0.625000,-0.071429,-0.767857,-0.017857,-0.517857,0.017857,-0.321429,-0.303571,-0.571429,-0.339286,-0.821429,-0.375000,-0.928571,-0.392857,-1.000000
Y,Right,legacy_bisindo_Y_77,0.000000,0.000000,-0.194444,-0.083333,-0.527778,-0.027778,-0.777778,0.083333,-0.944444,0.194444,-0.722222,0.555556,-0.888889,0.694444,-0.805556,0.444444,-0.722222,0.222222,-0.555556,0.722222,-0.722222,0.861111,-0.638889,0.555556,-0.555556,0.277778,-0.333333,0.833333,-0.472222,1.000000,-0.416667,0.666667,-0.361111,0.388889,-0.083333,0.861111,-0.194444,0.972222,-0.166667,0.722222,-0.138889,0.472222
Y,Right,legacy_bisindo_Y_78,0.000000,0.000000,0.288136,-0.101695,0.525424,-0.338983,0.694915,-0.542373,0.779661,-0.711864,0.322034,-0.677966,0.372881,-0.813559,0.372881,-0.610169,0.338983,-0.423729,0.118644,-0.694915,0.169492,-0.813559,0.186441,-0.576271,0.186441,-0.389831,-0.084746,-0.661017,-0.033898,-0.762712,0.000000,-0.525424,0.033898,-0.355932,-0.254237,-0.593220,-0.305085,-0.813559,-0.338983,-0.915254,-0.372881,-1.000000
Y,Right,legacy_bisindo_Y_79,0.000000,0.000000,0.354167,0.020833,0.687500,0.291667,0.875000,0.562500,1.000000,0.770833,0.500000,0.687500,0.583333,0.875000,0.583333,0.645833,0.562500,0.437500,0.270833,0.729167,0.375000,0.895833,0.375000,0.604167,0.354167,0.375000,0.062500,0.729167,0.145833,0.895833,0.187500,0.562500,0.145833,0.312500,-0.187500,0.666667,-0.062500,0.791667,0.000000,0.541667,-0.020833,0.312500
Y,Right,legacy_bisindo_Y_80,0.000000,0.000000,0.271186,-0.101695,0.491525,-0.355932,0.627119,-0.559322,0.694915,-0.711864,0.237288,-0.644068,0.271186,-0.796610,0.305085,-0.610169,0.288136,-0.440678,0.050847,-0.644068,0.084746,-0.796610,0.118644,-0.559322,0.135593,-0.372881,-0.118644,-0.610169,-0.101695,-0.745763,-0.050847,-0.525424,-0.016949,-0.338983,-0.288136,-0.542373,-0.355932,-0.762712,-0.372881,-0.881356,-0.372881,-1.000000
Y,Right,legacy_bisindo_Y_81,0.000000,0.000000,0.296296,0.111111,0.518519,0.370370,0.648148,0.592593,0.740741,0.777778,0.259259,0.722222,0.296296,0.888889,0.314815,0.685185,0.314815,0.518519,0.055556,0.703704,0.074074,0.888889,0.148148,0.629630,0.148148,0.444444,-0.129630,0.648148,-0.129630,0.814815,-0.055556,0.592593,-0.018519,0.407407,-0.296296,0.555556,-0.370370,0.777778,-0.388889,0.907407,-0.425926,1.000000
Y,Right,legacy_bisindo_Y_82,0.000000,0.000000,0.304348,-0.130435,0.478261,-0.413043,0.586957,-0.673913,0.673913,-0.869565,0.065217,-0.782609,0.108696,-1.000000,0.130435,-0.782609,0.108696,-0.565217,-0.195652,-0.739130,-0.130435,-0.978261,-0.086957,-0.673913,-0.065217,-0.456522,-0.413043,-0.673913,-0.369565,-0.891304,-0.304348,-0.630435,-0.260870,-0.413043,-0.565217,-0.565217,-0.565217,-0.717391,-0.500000,-0.565217,-0.434783,-0.434783
Y,Right,legacy_bisindo_Y_83,0.000000,0.000000,0.260870,0.173913,0.413043,0.478261,0.478261,0.717391,0.521739,0.891304,0.086957,0.804348,0.130435,1.000000,0.173913,0.760870,0.173913,0.586957,-0.130435,0.782609,-0.130435,1.000000,-0.043478,0.695652,-0.021739,0.500000,-0.326087,0.717391,-0.326087,0.934783,-0.239130,0.652174,-0.195652,0.434783,-0.521739,0.586957,-0.565217,0.782609,-0.521739,0.652174,-0.478261,0.521739
Y,Right,legacy_bisindo_Y_84,0.000000,0.000000,0.285714,-0.089286,0.482143,-0.339286,0.589286,-0.571429,0.660714,-0.732143,0.196429,-0.660714,0.250000,-0.839286,0.267857,-0.660714,0.250000,-0.482143,0.000000,-0.660714,0.053571,-0.803571,0.089286,-0.571429,0.089286,-0.392857,-0.196429,-0.607143,-0.142857,-0.767857,-0.089286,-0.517857,-0.053571,-0.339286,-0.357143,-0.535714,-0.428571,-0.750000,-0.464286,-0.875000,-0.482143,-1.000000
Y,Right,legacy_bisindo_Y_85,0.000000,0.000000,-0.046512,-0.023256,-0.186047,0.116279,-0.325581,0.279070,-0.441860,0.395349,-0.302326,0.627907,-0.348837,0.837209,-0.302326,0.860465,-0.325581,0.906977,-0.255814,0.744186,-0.279070,0.930233,-0.209302,0.651163,-0.186047,0.395349,-0.162791,0.813953,-0.209302,1.000000,-0.139535,0.674419,-0.093023,0.418605,-0.046512,0.813953,-0.046512,0.976744,0.000000,0.790698,0.023256,0.581395
Y,Right,legacy_bisindo_Y_86,0.000000,0.000000,0.347826,-0.086957,0.652174,-0.413043,0.804348,-0.695652,0.934783,-0.913043,0.369565,-0.804348,0.456522,-1.000000,0.456522,-0.760870,0.434783,-0.543478,0.130435,-0.826087,0.217391,-1.000000,0.260870,-0.673913,0.239130,-0.434783,-0.108696,-0.804348,-0.021739,-0.956522,0.043478,-0.630435,0.065217,-0.413043,-0.347826,-0.739130,-0.282609,-0.956522,-0.239130,-0.869565,-0.217391,-0.804348
Y,Right,legacy_bisindo_Y_87,0.000000,0.000000,0.302326,0.116279,0.488372,0.418605,0.627907,0.674419,0.767442,0.883721,0.186047,0.837209,0.209302,1.000000,0.209302,0.720930,0.209302,0.488372,-0.023256,0.837209,-0.023256,0.953488,0.000000,0.651163,0.023256,0.441860,-0.232558,0.767442,-0.232558,0.883721,-0.162791,0.604651,-0.139535,0.372093,-0.395349,0.674419,-0.372093,0.744186,-0.302326,0.534884,-0.255814,0.372093
Y,Right,legacy_bisindo_Y_88,0.000000,0.000000,0.303571,-0.071429,0.517857,-0.321429,0.642857,-0.553571,0.714286,-0.714286,0.267857,-0.696429,0.321429,-0.857143,0.339286,-0.678571,0.321429,-0.500000,0.071429,-0.696429,0.125000,-0.857143,0.160714,-0.589286,0.178571,-0.410714,-0.125000,-0.660714,-0.071429,-0.803571,0.000000,-0.553571,0.035714,-0.375000,-0.303571,-0.589286,-0.339286,-0.803571,-0.339286,-0.910714,-0.339286,-1.000000
Y,Right,legacy_bisindo_Y_89,0.000000,0.000000,0.306122,0.142857,0.510204,0.428571,0.612245,0.673469,0.693878,0.877551,0.142857,0.836735,0.244898,1.000000,0.285714,0.755102,0.265306,0.551020,-0.061224,0.836735,0.020408,0.979592,0.081633,0.673469,0.081633,0.469388,-0.265306,0.755102,-0.204082,0.897959,-0.102041,0.612245,-0.102041,0.387755,-0.448980,0.632653,-0.408163,0.775510,-0.367347,0.673469,-0.367347,0.571429
Y,Right,legacy_bisindo_Y_90,0.000000,0.000000,0.355556,-0.088889,0.644444,-0.355556,0.800000,-0.600000,0.866667,-0.800000,0.400000,-0.800000,0.466667,-1.000000,0.466667,-0.777778,0.444444,-0.555556,0.133333,-0.844444,0.222222,-1.000000,0.266667,-0.711111,0.266667,-0.466667,-0.111111,-0.822222,-0.044444,-0.977778,0.022222,-0.666667,0.066667,-0.444444,-0.333333,-0.733333,-0.288889,-0.933333,-0.244444,-0.822222,-0.200000,-0.711111
Y,Right,legacy_bisindo_Y_91,0.000000,0.000000,-0.250000,-0.075000,-0.550000,0.025000,-0.750000,0.175000,-0.800000,0.350000,-0.675000,0.500000,-0.825000,0.725000,-0.925000,0.850000,-1.000000,0.950000,-0.450000,0.650000,-0.525000,0.850000,-0.450000,0.575000,-0.400000,0.325000,-0.175000,0.750000,-0.250000,0.925000,-0.200000,0.625000,-0.150000,0.375000,0.100000,0.750000,0.050000,0.900000,0.050000,0.675000,0.050000,0.475000
Y,Right,legacy_bisindo_Y_92,0.000000,0.000000,0.291667,-0.083333,0.562500,-0.375000,0.687500,-0.645833,0.750000,-0.812500,0.291667,-0.770833,0.354167,-0.979167,0.375000,-0.770833,0.354167,-0.583333,0.062500,-0.791667,0.125000,-1.000000,0.166667,-0.708333,0.187500,-0.479167,-0.166667,-0.729167,-0.125000,-0.937500,-0.041667,-0.645833,0.000000,-0.437500,-0.375000,-0.645833,-0.354167,-0.854167,-0.270833,-0.791667,-0.229167,-0.729167
Y,Right,legacy_bisindo_Y_93,0.000000,0.000000,0.304348,0.130435,0.500000,0.413043,0.608696,0.673913,0.673913,0.847826,0.195652,0.826087,0.239130,1.000000,0.260870,0.760870,0.260870,0.543478,-0.021739,0.826087,0.000000,1.000000,0.065217,0.695652,0.065217,0.478261,-0.217391,0.760870,-0.195652,0.913043,-0.130435,0.630435,-0.108696,0.391304,-0.391304,0.652174,-0.369565,0.760870,-0.282609,0.586957,-0.260870,0.413043
Y,Right,legacy_bisindo_Y_94,0.000000,0.000000,-0.243902,0.073171,-0.560976,-0.073171,-0.780488,-0.243902,-0.853659,-0.439024,-0.634146,-0.634146,-0.682927,-0.878049,-0.609756,-0.609756,-0.536585,-0.390244,-0.414634,-0.780488,-0.463415,-0.951220,-0.390244,-0.609756,-0.365854,-0.390244,-0.170732,-0.829268,-0.195122,-1.000000,-0.170732,-0.658537,-0.170732,-0.463415,0.073171,-0.829268,0.097561,-0.951220,0.073171,-0.731707,0.048780,-0.560976
Y,Right,legacy_bisindo_Y_95,0.000000,0.000000,-0.250000,-0.050000,-0.550000,0.100000,-0.750000,0.250000,-0.875000,0.400000,-0.675000,0.600000,-0.800000,0.800000,-0.700000,0.600000,-0.625000,0.375000,-0.425000,0.750000,-0.525000,0.925000,-0.425000,0.600000,-0.375000,0.325000,-0.150000,0.800000,-0.225000,1.000000,-0.175000,0.675000,-0.125000,0.425000,0.150000,0.800000,0.100000,0.975000,0.100000,0.750000,0.125000,0.550000
Y,Right,legacy_bisindo_Y_96,0.000000,0.000000,0.346939,-0.081633,0.571429,-0.326531,0.693878,-0.612245,0.734694,-0.816327,0.265306,-0.734694,0.306122,-0.918367,0.306122,-0.693878,0.285714,-0.510204,0.020408,-0.734694,0.081633,-0.897959,0.122449,-0.612245,0.142857,-0.428571,-0.183673,-0.673469,-0.142857,-0.857143,-0.061224,-0.591837,-0.020408,-0.408163,-0.367347,-0.591837,-0.428571,-0.836735,-0.428571,-0.918367,-0.448980,-1.000000
Y,Right,legacy_bisindo_Y_97,0.000000,0.000000,0.288889,0.133333,0.511111,0.444444,0.666667,0.711111,0.777778,0.888889,0.222222,0.844444,0.311111,1.000000,0.333333,0.733333,0.288889,0.555556,0.022222,0.822222,0.066667,1.000000,0.111111,0.688889,0.111111,0.488889,-0.200000,0.755556,-0.155556,0.955556,-0.066667,0.666667,-0.066667,0.422222,-0.400000,0.644444,-0.422222,0.866667,-0.444444,0.866667,-0.466667,0.844444
Y,Right,legacy_bisindo_Y_98,0.000000,0.000000,0.333333,-0.044444,0.644444,-0.311111,0.822222,-0.555556,0.888889,-0.755556,0.466667,-0.755556,0.600000,-0.977778,0.622222,-0.755556,0.577778,-0.555556,0.244444,-0.800000,0.355556,-1.000000,0.355556,-0.688889,0.333333,-0.466667,0.000000,-0.800000,0.111111,-0.911111,0.133333,-0.600000,0.133333,-0.377778,-0.222222,-0.733333,-0.111111,-0.822222,-0.044444,-0.577778,-0.022222,-0.400000
Y,Right,legacy_bisindo_Y_99,0.000000,0.000000,0.333333,0.071429,0.642857,0.333333,0.857143,0.595238,0.904762,0.809524,0.452381,0.857143,0.523810,1.000000,0.523810,0.738095,0.476190,0.523810,0.238095,0.904762,0.309524,1.000000,0.309524,0.666667,0.285714,0.452381,0.000000,0.857143,0.071429,0.928571,0.095238,0.595238,0.071429,0.380952,-0.214286,0.761905,-0.142857,0.809524,-0.095238,0.547619,-0.095238,0.380952
Y,Right,legacy_bisindo_Y_100,0.000000,0.000000,0.301887,-0.037736,0.547170,-0.264151,0.679245,-0.471698,0.716981,-0.603774,0.301887,-0.641509,0.396226,-0.830189,0.377358,-0.622642,0.339623,-0.471698,0.113208,-0.660377,0.188679,-0.830189,0.207547,-0.566038,0.207547,-0.396226,-0.075472,-0.641509,-0.018868,-0.792453,0.037736,-0.547170,0.056604,-0.358491,-0.264151,-0.584906,-0.283019,-0.811321,-0.283019,-0.905660,-0.301887,-1.000000
Y,Right,legacy_bisindo_Y_101,0.000000,0.000000,0.288889,0.088889,0.555556,0.355556,0.733333,0.577778,0.822222,0.755556,0.355556,0.822222,0.466667,0.977778,0.488889,0.755556,0.444444,0.555556,0.133333,0.822222,0.222222,1.000000,0.288889,0.688889,0.266667,0.511111,-0.088889,0.777778,0.000000,0.911111,0.088889,0.622222,0.066667,0.444444,-0.288889,0.666667,-0.177778,0.755556,-0.066667,0.555556,-0.066667,0.400000
Y,Right,legacy_bisindo_Y_102,0.000000,0.000000,0.280702,-0.070175,0.543860,-0.263158,0.701754,-0.456140,0.771930,-0.596491,0.333333,-0.596491,0.385965,-0.736842,0.368421,-0.543860,0.350877,-0.403509,0.140351,-0.614035,0.192982,-0.754386,0.192982,-0.526316,0.175439,-0.368421,-0.052632,-0.596491,-0.017544,-0.701754,0.000000,-0.473684,0.017544,-0.315789,-0.228070,-0.543860,-0.263158,-0.771930,-0.280702,-0.877193,-0.280702,-1.000000
Y,Right,legacy_bisindo_Y_103,0.000000,0.000000,0.333333,0.071429,0.666667,0.357143,0.857143,0.595238,0.952381,0.809524,0.452381,0.833333,0.523810,1.000000,0.500000,0.714286,0.476190,0.523810,0.214286,0.857143,0.261905,1.000000,0.285714,0.666667,0.261905,0.476190,-0.023810,0.833333,0.023810,0.928571,0.071429,0.619048,0.047619,0.428571,-0.261905,0.738095,-0.190476,0.857143,-0.142857,0.666667,-0.119048,0.523810
Y,Right,legacy_bisindo_Y_104,0.000000,0.000000,-0.256410,0.000000,-0.564103,-0.153846,-0.769231,-0.333333,-0.794872,-0.512821,-0.564103,-0.666667,-0.641026,-0.846154,-0.615385,-0.589744,-0.589744,-0.384615,-0.358974,-0.794872,-0.461538,-0.948718,-0.461538,-0.641026,-0.410256,-0.435897,-0.153846,-0.846154,-0.205128,-1.000000,-0.230769,-0.692308,-0.205128,-0.512821,0.102564,-0.820513,0.051282,-0.948718,0.000000,-0.717949,0.000000,-0.564103
Y,Right,legacy_bisindo_Y_105,0.000000,0.000000,-0.243243,0.027027,-0.513514,0.216216,-0.675676,0.378378,-0.729730,0.513514,-0.459459,0.756757,-0.513514,0.891892,-0.459459,0.675676,-0.432432,0.459459,-0.243243,0.837838,-0.270270,0.972973,-0.243243,0.702703,-0.216216,0.513514,-0.027027,0.837838,-0.027027,1.000000,0.000000,0.756757,0.000000,0.540541,0.162162,0.756757,0.189189,0.891892,0.189189,0.729730,0.162162,0.567568
Y,Right,legacy_bisindo_Y_106,0.000000,0.000000,-0.309524,0.000000,-0.619048,-0.142857,-0.833333,-0.309524,-0.857143,-0.500000,-0.642857,-0.642857,-0.738095,-0.833333,-0.666667,-0.619048,-0.619048,-0.428571,-0.428571,-0.761905,-0.547619,-0.952381,-0.500000,-0.642857,-0.452381,-0.404762,-0.190476,-0.809524,-0.285714,-1.000000,-0.285714,-0.666667,-0.261905,-0.452381,0.047619,-0.785714,-0.023810,-0.952381,-0.047619,-0.714286,-0.047619,-0.547619
Y,Right,legacy_bisindo_Y_107,0.000000,0.000000,0.266667,0.083333,0.483333,0.316667,0.600000,0.500000,0.666667,0.633333,0.266667,0.650000,0.300000,0.816667,0.300000,0.616667,0.300000,0.466667,0.083333,0.650000,0.116667,0.800000,0.150000,0.566667,0.150000,0.416667,-0.100000,0.600000,-0.066667,0.733333,-0.016667,0.516667,0.000000,0.366667,-0.266667,0.533333,-0.300000,0.750000,-0.316667,0.883333,-0.350000,1.000000
Y,Right,legacy_bisindo_Y_108,0.000000,0.000000,0.325581,-0.093023,0.674419,-0.372093,0.883721,-0.604651,0.953488,-0.790698,0.465116,-0.837209,0.581395,-1.000000,0.558140,-0.744186,0.511628,-0.534884,0.255814,-0.860465,0.325581,-1.000000,0.348837,-0.697674,0.325581,-0.465116,0.023256,-0.860465,0.093023,-0.976744,0.116279,-0.651163,0.116279,-0.418605,-0.232558,-0.790698,-0.116279,-0.906977,-0.069767,-0.674419,-0.046512,-0.465116
Y,Right,legacy_bisindo_Y_109,0.000000,0.000000,0.326087,0.021739,0.695652,0.260870,0.913043,0.478261,1.000000,0.695652,0.565217,0.695652,0.673913,0.891304,0.652174,0.652174,0.586957,0.434783,0.369565,0.739130,0.478261,0.913043,0.478261,0.586957,0.413043,0.369565,0.152174,0.760870,0.260870,0.891304,0.260870,0.565217,0.217391,0.347826,-0.108696,0.717391,0.021739,0.826087,0.065217,0.565217,0.043478,0.369565
Y,Right,legacy_bisindo_Y_110,0.000000,0.000000,0.354167,0.041667,0.687500,0.250000,0.895833,0.458333,1.000000,0.604167,0.541667,0.729167,0.645833,0.791667,0.583333,0.541667,0.541667,0.437500,0.375000,0.770833,0.458333,0.812500,0.416667,0.500000,0.375000,0.395833,0.166667,0.750000,0.250000,0.791667,0.229167,0.479167,0.187500,0.375000,-0.041667,0.708333,0.062500,0.708333,0.083333,0.458333,0.041667,0.375000
Y,Right,legacy_bisindo_Y_111,0.000000,0.000000,-0.023810,-0.071429,-0.190476,-0.261905,-0.428571,-0.404762,-0.571429,-0.523810,-0.380952,-0.785714,-0.428571,-0.976190,-0.357143,-0.714286,-0.309524,-0.500000,-0.357143,-0.833333,-0.404762,-1.000000,-0.357143,-0.666667,-0.309524,-0.476190,-0.309524,-0.833333,-0.333333,-0.976190,-0.309524,-0.666667,-0.285714,-0.500000,-0.238095,-0.761905,-0.238095,-0.880952,-0.214286,-0.642857,-0.214286,-0.500000
Y,Right,legacy_bisindo_Y_112,0.000000,0.000000,-0.275000,-0.050000,-0.625000,0.000000,-0.850000,0.075000,-1.000000,0.175000,-0.750000,0.500000,-0.950000,0.650000,-0.900000,0.450000,-0.850000,0.275000,-0.550000,0.650000,-0.750000,0.800000,-0.675000,0.525000,-0.600000,0.275000,-0.325000,0.725000,-0.475000,0.875000,-0.425000,0.600000,-0.375000,0.375000,-0.050000,0.700000,-0.175000,0.800000,-0.175000,0.600000,-0.125000,0.425000
Y,Right,legacy_bisindo_Y_113,0.000000,0.000000,0.390244,0.121951,0.731707,0.414634,0.902439,0.707317,1.000000,0.975610,0.292683,0.829268,0.243902,0.975610,0.292683,0.682927,0.317073,0.463415,-0.024390,0.780488,-0.024390,0.902439,0.048780,0.560976,0.073171,0.317073,-0.268293,0.682927,-0.268293,0.804878,-0.195122,0.463415,-0.146341,0.243902,-0.463415,0.560976,-0.463415,0.658537,-0.390244,0.414634,-0.341463,0.243902
Y,Right,legacy_bisindo_Y_114,0.000000,0.000000,0.409091,-0.136364,0.750000,-0.431818,0.840909,-0.727273,0.840909,-1.000000,0.340909,-0.750000,0.295455,-0.977273,0.318182,-0.727273,0.318182,-0.477273,0.045455,-0.727273,0.022727,-0.954545,0.068182,-0.636364,0.113636,-0.386364,-0.181818,-0.636364,-0.227273,-0.863636,-0.204545,-0.522727,-0.159091,-0.295455,-0.409091,-0.545455,-0.477273,-0.704545,-0.477273,-0.500000,-0.431818,-0.363636
Y,Right,legacy_bisindo_Y_115,0.000000,0.000000,0.348837,-0.116279,0.674419,-0.418605,0.744186,-0.744186,0.767442,-1.000000,0.279070,-0.813953,0.279070,-0.953488,0.279070,-0.697674,0.279070,-0.441860,0.000000,-0.790698,-0.023256,-0.953488,0.000000,-0.627907,0.023256,-0.348837,-0.232558,-0.720930,-0.255814,-0.813953,-0.232558,-0.488372,-0.209302,-0.255814,-0.418605,-0.581395,-0.441860,-0.674419,-0.418605,-0.418605,-0.372093,-0.232558
Y,Right,legacy_bisindo_Y_116,0.000000,0.000000,-0.140351,-0.280702,-0.192982,-0.508772,-0.210526,-0.736842,-0.192982,-0.894737,-0.175439,-0.421053,-0.157895,-0.614035,-0.122807,-0.842105,-0.087719,-1.000000,0.000000,-0.368421,0.052632,-0.543860,0.087719,-0.771930,0.105263,-0.929825,0.192982,-0.333333,0.263158,-0.491228,0.298246,-0.701754,0.280702,-0.842105,0.385965,-0.298246,0.473684,-0.456140,0.491228,-0.631579,0.473684,-0.754386
Y,Right,legacy_bisindo_Y_117,0.000000,0.000000,0.285714,-0.071429,0.547619,-0.404762,0.642857,-0.738095,0.714286,-1.000000,0.285714,-0.809524,0.261905,-0.952381,0.238095,-0.714286,0.190476,-0.500000,0.023810,-0.833333,0.000000,-0.928571,0.000000,-0.595238,0.023810,-0.357143,-0.190476,-0.785714,-0.238095,-0.880952,-0.214286,-0.547619,-0.166667,-0.309524,-0.380952,-0.690476,-0.452381,-0.833333,-0.452381,-0.690476,-0.404762,-0.571429
Y,Right,legacy_bisindo_Y_118,0.000000,0.000000,-0.145161,-0.225806,-0.193548,-0.467742,-0.161290,-0.677419,-0.129032,-0.838710,-0.177419,-0.419355,-0.161290,-0.645161,-0.129032,-0.838710,-0.112903,-1.000000,-0.016129,-0.387097,0.016129,-0.580645,0.032258,-0.774194,0.032258,-0.951613,0.161290,-0.354839,0.209677,-0.532258,0.225806,-0.709677,0.225806,-0.870968,0.338710,-0.322581,0.403226,-0.483871,0.419355,-0.629032,0.419355,-0.758065
Y,Right,legacy_bisindo_Y_119,0.000000,0.000000,0.267857,-0.107143,0.464286,-0.392857,0.553571,-0.642857,0.607143,-0.839286,0.232143,-0.660714,0.232143,-0.785714,0.214286,-0.607143,0.196429,-0.428571,0.035714,-0.625000,0.017857,-0.767857,0.035714,-0.535714,0.053571,-0.357143,-0.160714,-0.571429,-0.160714,-0.678571,-0.142857,-0.446429,-0.107143,-0.267857,-0.321429,-0.482143,-0.410714,-0.732143,-0.500000,-0.875000,-0.535714,-1.000000
Y,Right,legacy_bisindo_Y_120,0.000000,0.000000,-0.256410,-0.282051,-0.487179,-0.384615,-0.615385,-0.538462,-0.692308,-0.692308,-0.307692,-0.205128,-0.307692,-0.461538,-0.256410,-0.769231,-0.230769,-1.000000,-0.051282,-0.153846,-0.025641,-0.333333,0.000000,-0.666667,0.025641,-0.923077,0.230769,-0.128205,0.256410,-0.282051,0.282051,-0.589744,0.307692,-0.820513,0.487179,-0.102564,0.589744,-0.256410,0.615385,-0.487179,0.615385,-0.641026
Y,Right,legacy_bisindo_Y_121,0.000000,0.000000,-0.166667,0.033333,-0.400000,-0.033333,-0.633333,-0.133333,-0.833333,-0.233333,-0.666667,-0.600000,-0.800000,-0.833333,-0.766667,-0.600000,-0.700000,-0.433333,-0.600000,-0.766667,-0.766667,-0.866667,-0.700000,-0.366667,-0.600000,-0.033333,-0.500000,-0.833333,-0.666667,-1.000000,-0.600000,-0.500000,-0.500000,-0.133333,-0.366667,-0.833333,-0.500000,-1.000000,-0.500000,-0.800000,-0.500000,-0.633333
Y,Right,legacy_bisindo_Y_122,0.000000,0.000000,0.341463,-0.097561,0.682927,-0.390244,0.756098,-0.707317,0.756098,-1.000000,0.243902,-0.756098,0.195122,-0.975610,0.170732,-0.707317,0.170732,-0.439024,-0.073171,-0.731707,-0.097561,-0.926829,-0.097561,-0.609756,-0.073171,-0.317073,-0.292683,-0.658537,-0.365854,-0.804878,-0.365854,-0.487805,-0.317073,-0.243902,-0.487805,-0.536585,-0.585366,-0.634146,-0.585366,-0.365854,-0.512195,-0.170732
Y,Right,legacy_bisindo_Y_123,0.000000,0.000000,0.369565,-0.086957,0.652174,-0.391304,0.717391,-0.695652,0.760870,-0.956522,0.260870,-0.739130,0.239130,-0.891304,0.217391,-0.652174,0.195652,-0.434783,0.000000,-0.695652,0.000000,-0.891304,-0.021739,-0.586957,0.000000,-0.326087,-0.217391,-0.630435,-0.260870,-0.760870,-0.239130,-0.456522,-0.217391,-0.239130,-0.434783,-0.500000,-0.543478,-0.782609,-0.652174,-0.891304,-0.739130,-1.000000
Y,Right,legacy_bisindo_Y_124,0.000000,0.000000,0.372093,-0.093023,0.720930,-0.395349,0.790698,-0.720930,0.813953,-1.000000,0.302326,-0.767442,0.255814,-0.953488,0.255814,-0.697674,0.255814,-0.441860,0.000000,-0.720930,-0.023256,-0.930233,-0.023256,-0.604651,0.023256,-0.348837,-0.232558,-0.651163,-0.279070,-0.813953,-0.255814,-0.488372,-0.209302,-0.255814,-0.418605,-0.534884,-0.488372,-0.651163,-0.465116,-0.418605,-0.395349,-0.255814
Y,Right,legacy_bisindo_Y_125,0.000000,0.000000,-0.264706,-0.323529,-0.411765,-0.500000,-0.500000,-0.735294,-0.529412,-0.941176,-0.382353,-0.235294,-0.382353,-0.470588,-0.323529,-0.764706,-0.294118,-1.000000,-0.088235,-0.117647,-0.058824,-0.323529,0.000000,-0.647059,0.029412,-0.911765,0.205882,-0.088235,0.264706,-0.264706,0.323529,-0.558824,0.352941,-0.823529,0.500000,-0.058824,0.588235,-0.235294,0.617647,-0.500000,0.647059,-0.705882
Y,Right,legacy_bisindo_Y_126,0.000000,0.000000,0.319149,-0.085106,0.638298,-0.361702,0.702128,-0.659574,0.744681,-0.914894,0.255319,-0.702128,0.234043,-0.851064,0.212766,-0.617021,0.191489,-0.404255,-0.021277,-0.680851,0.000000,-0.851064,-0.021277,-0.531915,0.000000,-0.297872,-0.234043,-0.595745,-0.255319,-0.723404,-0.255319,-0.425532,-0.234043,-0.191489,-0.446809,-0.468085,-0.553191,-0.723404,-0.638298,-0.851064,-0.723404,-1.000000
Y,Right,legacy_bisindo_Y_127,0.000000,0.000000,0.348837,-0.093023,0.697674,-0.395349,0.767442,-0.720930,0.837209,-1.000000,0.279070,-0.744186,0.209302,-0.930233,0.186047,-0.674419,0.186047,-0.441860,-0.023256,-0.720930,-0.069767,-0.906977,-0.069767,-0.581395,-0.023256,-0.348837,-0.232558,-0.627907,-0.302326,-0.790698,-0.302326,-0.465116,-0.255814,-0.255814,-0.418605,-0.511628,-0.488372,-0.651163,-0.488372,-0.418605,-0.418605,-0.232558
Y,Right,legacy_bisindo_Y_128,0.000000,0.000000,-0.320000,-0.320000,-0.520000,-0.360000,-0.640000,-0.520000,-0.680000,-0.760000,-0.440000,0.200000,-0.440000,-0.080000,-0.400000,-0.560000,-0.320000,-0.920000,-0.080000,0.320000,-0.040000,0.080000,0.040000,-0.400000,0.080000,-0.800000,0.320000,0.320000,0.440000,0.120000,0.480000,-0.360000,0.520000,-0.680000,0.720000,0.280000,0.920000,0.080000,0.960000,-0.240000,1.000000,-0.520000
Y,Right,legacy_bisindo_Y_129,0.000000,0.000000,-0.333333,0.041667,-0.708333,-0.083333,-0.958333,-0.291667,-1.000000,-0.416667,-0.500000,-0.416667,-0.500000,-0.250000,-0.416667,0.166667,-0.375000,0.458333,-0.041667,-0.500000,-0.041667,-0.458333,0.000000,-0.083333,0.000000,0.166667,0.333333,-0.541667,0.375000,-0.458333,0.375000,-0.083333,0.333333,0.083333,0.708333,-0.500000,0.791667,-0.375000,0.791667,-0.125000,0.666667,0.041667
Y,Right,legacy_bisindo_Y_130,0.000000,0.000000,-0.205128,-0.282051,-0.307692,-0.512821,-0.333333,-0.743590,-0.282051,-0.923077,-0.307692,-0.307692,-0.282051,-0.538462,-0.230769,-0.820513,-0.179487,-1.000000,-0.051282,-0.230769,0.000000,-0.410256,0.051282,-0.692308,0.102564,-0.897436,0.230769,-0.179487,0.282051,-0.333333,0.333333,-0.615385,0.358974,-0.794872,0.512821,-0.153846,0.564103,-0.307692,0.589744,-0.512821,0.589744,-0.692308
Y,Right,legacy_bisindo_Y_131,0.000000,0.000000,0.361702,-0.085106,0.680851,-0.361702,0.765957,-0.638298,0.851064,-0.893617,0.276596,-0.723404,0.234043,-0.829787,0.212766,-0.595745,0.212766,-0.382979,0.021277,-0.680851,0.000000,-0.829787,0.000000,-0.531915,0.021277,-0.297872,-0.212766,-0.617021,-0.234043,-0.723404,-0.212766,-0.425532,-0.191489,-0.212766,-0.404255,-0.489362,-0.510638,-0.723404,-0.595745,-0.851064,-0.659574,-1.000000
Y,Right,legacy_bisindo_Y_132,0.000000,0.000000,-0.333333,0.074074,-0.703704,0.037037,-0.888889,0.074074,-1.000000,0.148148,-0.851852,-0.629630,-0.962963,-0.444444,-0.888889,-0.037037,-0.814815,0.222222,-0.518519,-0.814815,-0.629630,-0.444444,-0.555556,0.000000,-0.518519,0.222222,-0.185185,-0.851852,-0.259259,-0.481481,-0.222222,-0.148148,-0.185185,0.037037,0.148148,-0.814815,0.111111,-0.518519,0.111111,-0.222222,0.111111,-0.111111
Y,Right,legacy_bisindo_Y_133,0.000000,0.000000,0.319149,-0.085106,0.617021,-0.361702,0.744681,-0.638298,0.851064,-0.872340,0.255319,-0.765957,0.234043,-0.872340,0.234043,-0.638298,0.212766,-0.425532,0.000000,-0.723404,0.000000,-0.872340,0.021277,-0.574468,0.021277,-0.340426,-0.234043,-0.638298,-0.234043,-0.744681,-0.212766,-0.446809,-0.170213,-0.234043,-0.425532,-0.510638,-0.531915,-0.744681,-0.617021,-0.872340,-0.680851,-1.000000
Y,Right,legacy_bisindo_Y_134,0.000000,0.000000,0.404762,-0.095238,0.738095,-0.357143,0.880952,-0.666667,1.000000,-0.904762,0.309524,-0.833333,0.285714,-0.809524,0.285714,-0.571429,0.261905,-0.380952,0.000000,-0.809524,0.023810,-0.809524,0.047619,-0.476190,0.047619,-0.261905,-0.261905,-0.714286,-0.261905,-0.738095,-0.214286,-0.452381,-0.190476,-0.261905,-0.476190,-0.547619,-0.571429,-0.738095,-0.642857,-0.809524,-0.738095,-0.928571
Y,Right,legacy_bisindo_Y_135,0.000000,0.000000,0.400000,-0.033333,0.800000,0.166667,1.000000,0.233333,1.000000,0.233333,0.466667,0.700000,0.500000,0.733333,0.533333,0.366667,0.533333,0.033333,0.066667,0.733333,0.133333,0.666667,0.166667,0.266667,0.166667,-0.100000,-0.266667,0.600000,-0.200000,0.533333,-0.133333,0.133333,-0.100000,-0.200000,-0.566667,0.400000,-0.500000,0.266667,-0.433333,0.000000,-0.400000,-0.233333
Y,Right,legacy_bisindo_Y_136,0.000000,0.000000,0.414634,0.097561,0.731707,0.390244,0.878049,0.707317,1.000000,0.975610,0.292683,0.926829,0.243902,0.804878,0.268293,0.536585,0.292683,0.439024,0.000000,0.902439,0.000000,0.780488,0.048780,0.487805,0.073171,0.365854,-0.243902,0.804878,-0.243902,0.731707,-0.170732,0.439024,-0.146341,0.317073,-0.463415,0.682927,-0.439024,0.658537,-0.390244,0.390244,-0.365854,0.243902
Y,Right,legacy_bisindo_Y_137,0.000000,0.000000,0.363636,-0.090909,0.727273,-0.318182,0.886364,-0.590909,1.000000,-0.840909,0.363636,-0.727273,0.318182,-0.909091,0.318182,-0.659091,0.318182,-0.431818,0.090909,-0.727273,0.045455,-0.909091,0.068182,-0.590909,0.113636,-0.363636,-0.159091,-0.659091,-0.227273,-0.840909,-0.181818,-0.545455,-0.136364,-0.340909,-0.386364,-0.568182,-0.500000,-0.750000,-0.500000,-0.590909,-0.500000,-0.500000
Y,Right,legacy_bisindo_Y_138,0.000000,0.000000,0.333333,0.145833,0.625000,0.416667,0.791667,0.687500,0.854167,0.895833,0.333333,0.437500,0.270833,0.979167,0.270833,0.979167,0.250000,0.854167,0.083333,0.458333,0.000000,1.000000,0.020833,0.937500,0.020833,0.750000,-0.166667,0.479167,-0.250000,0.958333,-0.229167,0.895833,-0.208333,0.750000,-0.375000,0.458333,-0.479167,0.854167,-0.458333,0.916667,-0.437500,0.895833
Y,Right,legacy_bisindo_Y_139,0.000000,0.000000,0.313725,-0.137255,0.588235,-0.372549,0.745098,-0.568627,0.882353,-0.725490,0.254902,-0.705882,0.254902,-0.862745,0.274510,-0.666667,0.274510,-0.490196,0.039216,-0.686275,0.039216,-0.862745,0.078431,-0.607843,0.098039,-0.431373,-0.156863,-0.627451,-0.196078,-0.784314,-0.137255,-0.549020,-0.098039,-0.352941,-0.352941,-0.529412,-0.431373,-0.745098,-0.470588,-0.862745,-0.509804,-1.000000
Y,Right,legacy_bisindo_Y_140,0.000000,0.000000,0.377778,0.155556,0.666667,0.400000,0.844444,0.644444,1.000000,0.800000,0.288889,0.777778,0.266667,0.955556,0.311111,0.733333,0.333333,0.533333,0.022222,0.733333,0.022222,0.933333,0.088889,0.644444,0.133333,0.466667,-0.177778,0.644444,-0.200000,0.822222,-0.111111,0.533333,-0.066667,0.377778,-0.400000,0.533333,-0.400000,0.688889,-0.333333,0.511111,-0.288889,0.400000
Y,Right,legacy_bisindo_Y_141,0.000000,0.000000,0.326531,-0.142857,0.632653,-0.367347,0.775510,-0.591837,0.918367,-0.775510,0.285714,-0.734694,0.265306,-0.918367,0.265306,-0.714286,0.285714,-0.510204,0.040816,-0.714286,0.020408,-0.918367,0.061224,-0.632653,0.081633,-0.428571,-0.163265,-0.653061,-0.224490,-0.816327,-0.163265,-0.551020,-0.122449,-0.367347,-0.367347,-0.551020,-0.448980,-0.755102,-0.510204,-0.857143,-0.530612,-1.000000
Y,Right,legacy_bisindo_Y_142,0.000000,0.000000,0.377778,0.133333,0.688889,0.377778,0.844444,0.622222,1.000000,0.800000,0.288889,0.755556,0.244444,0.955556,0.288889,0.733333,0.311111,0.533333,0.044444,0.711111,0.022222,0.933333,0.066667,0.644444,0.088889,0.444444,-0.177778,0.644444,-0.222222,0.822222,-0.155556,0.555556,-0.111111,0.377778,-0.400000,0.555556,-0.466667,0.800000,-0.511111,0.844444,-0.555556,0.911111
Y,Right,legacy_bisindo_Y_143,0.000000,0.000000,0.355556,-0.155556,0.688889,-0.400000,0.866667,-0.622222,1.000000,-0.822222,0.311111,-0.777778,0.266667,-0.977778,0.288889,-0.755556,0.311111,-0.533333,0.044444,-0.777778,0.022222,-0.955556,0.066667,-0.688889,0.088889,-0.466667,-0.177778,-0.688889,-0.244444,-0.866667,-0.177778,-0.577778,-0.111111,-0.355556,-0.377778,-0.555556,-0.488889,-0.755556,-0.511111,-0.777778,-0.533333,-0.800000
Y,Right,legacy_bisindo_Y_144,0.000000,0.000000,0.326087,-0.108696,0.673913,-0.347826,0.869565,-0.586957,1.000000,-0.782609,0.326087,-0.760870,0.260870,-0.869565,0.260870,-0.652174,0.282609,-0.478261,0.065217,-0.760870,0.000000,-0.869565,0.021739,-0.608696,0.065217,-0.413043,-0.130435,-0.695652,-0.217391,-0.804348,-0.195652,-0.521739,-0.130435,-0.326087,-0.304348,-0.565217,-0.391304,-0.673913,-0.347826,-0.456522,-0.304348,-0.326087
Y,Right,legacy_bisindo_Y_145,0.000000,0.000000,0.400000,0.111111,0.711111,0.400000,0.866667,0.622222,1.000000,0.800000,0.333333,0.711111,0.244444,0.911111,0.266667,0.711111,0.311111,0.466667,0.066667,0.688889,0.044444,0.911111,0.088889,0.644444,0.111111,0.400000,-0.133333,0.622222,-0.155556,0.800000,-0.111111,0.555556,-0.066667,0.333333,-0.333333,0.533333,-0.333333,0.711111,-0.266667,0.488889,-0.222222,0.311111
Y,Right,legacy_bisindo_Y_146,0.000000,0.000000,0.346939,-0.102041,0.673469,-0.306122,0.857143,-0.530612,1.000000,-0.734694,0.387755,-0.653061,0.367347,-0.632653,0.285714,-0.469388,0.244898,-0.326531,0.163265,-0.632653,0.102041,-0.632653,0.061224,-0.428571,0.020408,-0.285714,-0.020408,-0.571429,-0.102041,-0.612245,-0.122449,-0.408163,-0.142857,-0.244898,-0.183673,-0.489796,-0.265306,-0.510204,-0.285714,-0.367347,-0.265306,-0.244898
Y,Right,legacy_bisindo_Y_147,0.000000,0.000000,0.404255,0.063830,0.702128,0.319149,0.851064,0.553191,1.000000,0.744681,0.340426,0.680851,0.212766,0.723404,0.191489,0.510638,0.212766,0.297872,0.063830,0.659574,-0.021277,0.702128,0.000000,0.446809,0.021277,0.212766,-0.127660,0.553191,-0.212766,0.617021,-0.170213,0.382979,-0.148936,0.191489,-0.276596,0.446809,-0.361702,0.510638,-0.340426,0.361702,-0.319149,0.212766
Y,Right,legacy_bisindo_Y_148,0.000000,0.000000,0.340426,-0.085106,0.680851,-0.319149,0.829787,-0.574468,1.000000,-0.765957,0.340426,-0.744681,0.297872,-0.787234,0.276596,-0.574468,0.297872,-0.425532,0.106383,-0.744681,0.063830,-0.787234,0.063830,-0.510638,0.085106,-0.319149,-0.106383,-0.680851,-0.148936,-0.723404,-0.148936,-0.425532,-0.127660,-0.255319,-0.276596,-0.574468,-0.361702,-0.617021,-0.340426,-0.404255,-0.319149,-0.255319
Y,Right,legacy_bisindo_Y_149,0.000000,0.000000,0.369565,0.065217,0.695652,0.304348,0.847826,0.565217,1.000000,0.760870,0.369565,0.673913,0.282609,0.847826,0.260870,0.630435,0.282609,0.413043,0.108696,0.652174,0.043478,0.826087,0.043478,0.543478,0.065217,0.304348,-0.108696,0.586957,-0.152174,0.739130,-0.130435,0.478261,-0.108696,0.239130,-0.304348,0.500000,-0.326087,0.652174,-0.304348,0.434783,-0.282609,0.239130
Y,Right,legacy_bisindo_Y_150,0.000000,0.000000,0.354167,-0.104167,0.666667,-0.354167,0.833333,-0.625000,1.000000,-0.812500,0.312500,-0.708333,0.270833,-0.833333,0.250000,-0.625000,0.250000,-0.416667,0.062500,-0.687500,0.020833,-0.854167,0.020833,-0.562500,0.041667,-0.333333,-0.145833,-0.604167,-0.208333,-0.708333,-0.187500,-0.458333,-0.145833,-0.250000,-0.354167,-0.500000,-0.458333,-0.729167,-0.541667,-0.854167,-0.625000,-1.000000
Y,Right,legacy_bisindo_Y_151,0.000000,0.000000,0.361702,0.063830,0.659574,0.297872,0.829787,0.531915,1.000000,0.723404,0.340426,0.638298,0.276596,0.787234,0.255319,0.574468,0.255319,0.382979,0.063830,0.595745,0.042553,0.808511,0.063830,0.531915,0.063830,0.297872,-0.127660,0.531915,-0.170213,0.680851,-0.148936,0.404255,-0.127660,0.191489,-0.319149,0.446809,-0.340426,0.574468,-0.319149,0.382979,-0.319149,0.212766
Y,Right,legacy_bisindo_Y_152,0.000000,0.000000,0.340426,-0.127660,0.680851,-0.361702,0.851064,-0.617021,1.000000,-0.829787,0.319149,-0.723404,0.234043,-0.872340,0.212766,-0.659574,0.212766,-0.446809,0.042553,-0.702128,-0.021277,-0.872340,0.000000,-0.617021,0.021277,-0.361702,-0.170213,-0.617021,-0.234043,-0.765957,-0.212766,-0.510638,-0.170213,-0.297872,-0.340426,-0.489362,-0.425532,-0.617021,-0.382979,-0.404255,-0.340426,-0.255319
Y,Right,legacy_bisindo_Y_153,0.000000,0.000000,0.375000,0.083333,0.687500,0.354167,0.854167,0.604167,1.000000,0.791667,0.354167,0.708333,0.250000,0.875000,0.250000,0.645833,0.270833,0.416667,0.083333,0.645833,0.041667,0.875000,0.062500,0.583333,0.083333,0.333333,-0.104167,0.562500,-0.166667,0.729167,-0.125000,0.479167,-0.083333,0.250000,-0.291667,0.458333,-0.312500,0.604167,-0.270833,0.416667,-0.229167,0.250000
Y,Right,legacy_bisindo_Y_154,0.000000,0.000000,0.363636,-0.090909,0.659091,-0.340909,0.818182,-0.613636,1.000000,-0.818182,0.272727,-0.795455,0.181818,-0.840909,0.181818,-0.590909,0.181818,-0.386364,-0.022727,-0.750000,-0.068182,-0.818182,-0.045455,-0.500000,-0.022727,-0.295455,-0.272727,-0.659091,-0.318182,-0.704545,-0.295455,-0.409091,-0.250000,-0.204545,-0.477273,-0.500000,-0.590909,-0.750000,-0.727273,-0.863636,-0.818182,-1.000000
Y,Right,legacy_bisindo_Y_155,0.000000,0.000000,0.347826,0.043478,0.652174,0.304348,0.804348,0.565217,0.978261,0.739130,0.260870,0.695652,0.217391,0.826087,0.195652,0.565217,0.173913,0.347826,0.000000,0.652174,-0.043478,0.760870,-0.021739,0.434783,0.000000,0.217391,-0.217391,0.565217,-0.282609,0.630435,-0.239130,0.347826,-0.217391,0.130435,-0.413043,0.456522,-0.543478,0.695652,-0.630435,0.847826,-0.717391,1.000000
Y,Right,legacy_bisindo_Y_156,0.000000,0.000000,-0.200000,-0.100000,-0.440000,-0.160000,-0.580000,-0.200000,-0.660000,-0.220000,-0.600000,0.160000,-0.800000,0.340000,-0.920000,0.480000,-1.000000,0.620000,-0.440000,0.280000,-0.560000,0.280000,-0.500000,0.000000,-0.440000,-0.180000,-0.240000,0.360000,-0.340000,0.380000,-0.320000,0.120000,-0.260000,-0.080000,-0.020000,0.380000,-0.100000,0.360000,-0.080000,0.140000,-0.060000,0.000000
Y,Right,legacy_bisindo_Y_157,0.000000,0.000000,-0.173913,0.101449,-0.362319,0.144928,-0.507246,0.144928,-0.550725,0.144928,-0.608696,-0.144928,-0.768116,-0.260870,-0.898551,-0.362319,-1.000000,-0.449275,-0.521739,-0.289855,-0.565217,-0.072464,-0.521739,0.101449,-0.492754,0.188406,-0.391304,-0.347826,-0.376812,-0.086957,-0.347826,0.043478,-0.333333,0.101449,-0.231884,-0.362319,-0.246377,-0.159420,-0.246377,-0.028986,-0.231884,0.057971
Y,Right,legacy_bisindo_Y_158,0.000000,0.000000,-0.207792,-0.142857,-0.415584,-0.194805,-0.571429,-0.207792,-0.662338,-0.207792,-0.623377,0.090909,-0.792208,0.181818,-0.909091,0.272727,-1.000000,0.363636,-0.545455,0.207792,-0.610390,0.051948,-0.571429,-0.103896,-0.519481,-0.207792,-0.441558,0.259740,-0.467532,0.064935,-0.454545,-0.077922,-0.415584,-0.155844,-0.298701,0.285714,-0.324675,0.103896,-0.324675,-0.012987,-0.324675,-0.064935
Y,Right,legacy_bisindo_Y_159,0.000000,0.000000,0.309091,-0.109091,0.527273,-0.381818,0.581818,-0.690909,0.636364,-0.927273,0.090909,-0.781818,0.018182,-0.781818,-0.036364,-0.563636,-0.036364,-0.381818,-0.163636,-0.763636,-0.236364,-0.709091,-0.218182,-0.436364,-0.181818,-0.236364,-0.345455,-0.672727,-0.418182,-0.690909,-0.363636,-0.436364,-0.309091,-0.254545,-0.490909,-0.545455,-0.672727,-0.745455,-0.800000,-0.890909,-0.890909,-1.000000
Y,Right,legacy_bisindo_Y_160,0.000000,0.000000,0.333333,0.140351,0.543860,0.456140,0.649123,0.736842,0.701754,0.964912,0.228070,0.789474,0.175439,0.912281,0.157895,0.649123,0.157895,0.456140,0.000000,0.754386,-0.052632,0.877193,-0.035088,0.561404,0.017544,0.350877,-0.192982,0.684211,-0.280702,0.789474,-0.228070,0.508772,-0.175439,0.315789,-0.385965,0.578947,-0.543860,0.789474,-0.684211,0.894737,-0.789474,1.000000
Y,Right,legacy_bisindo_Y_161,0.000000,0.000000,-0.324324,-0.108108,-0.567568,0.108108,-0.837838,0.432432,-1.000000,0.675676,-0.189189,0.243243,-0.162162,0.378378,-0.081081,0.189189,0.027027,-0.027027,0.189189,0.378378,0.081081,0.675676,0.216216,0.378378,0.324324,0.054054,0.459459,0.486486,0.378378,0.783784,0.513514,0.486486,0.621622,0.189189,0.675676,0.540541,0.702703,0.756757,0.810811,0.594595,0.864865,0.432432
Y,Right,legacy_bisindo_Y_162,0.000000,0.000000,-0.150943,0.113208,-0.358491,0.150943,-0.490566,0.169811,-0.566038,0.188679,-0.566038,-0.150943,-0.792453,-0.396226,-0.924528,-0.566038,-1.000000,-0.698113,-0.396226,-0.339623,-0.396226,-0.433962,-0.245283,-0.169811,-0.132075,0.056604,-0.188679,-0.452830,-0.188679,-0.528302,-0.056604,-0.245283,0.018868,-0.018868,0.018868,-0.490566,0.056604,-0.584906,0.113208,-0.396226,0.150943,-0.226415
Y,Right,legacy_bisindo_Y_163,0.000000,0.000000,-0.177419,-0.080645,-0.354839,-0.112903,-0.419355,-0.112903,-0.403226,-0.064516,-0.596774,0.145161,-0.806452,0.338710,-0.903226,0.483871,-1.000000,0.612903,-0.435484,0.306452,-0.516129,0.370968,-0.370968,0.161290,-0.258065,-0.016129,-0.241935,0.419355,-0.290323,0.467742,-0.177419,0.225806,-0.096774,0.048387,-0.032258,0.467742,-0.080645,0.516129,-0.032258,0.322581,0.016129,0.177419
Y,Right,legacy_bisindo_Y_164,0.000000,0.000000,-0.175439,-0.105263,-0.368421,-0.157895,-0.438596,-0.157895,-0.456140,-0.122807,-0.614035,0.140351,-0.824561,0.350877,-0.912281,0.508772,-1.000000,0.649123,-0.438596,0.298246,-0.526316,0.385965,-0.368421,0.122807,-0.280702,-0.070175,-0.228070,0.403509,-0.280702,0.456140,-0.192982,0.192982,-0.105263,-0.035088,0.000000,0.421053,-0.035088,0.456140,0.000000,0.245614,0.017544,0.070175
Y,Right,legacy_bisindo_Y_165,0.000000,0.000000,-0.258621,0.103448,-0.465517,0.086207,-0.568966,0.017241,-0.551724,-0.103448,-0.620690,-0.275862,-0.810345,-0.500000,-0.896552,-0.672414,-1.000000,-0.810345,-0.448276,-0.413793,-0.517241,-0.534483,-0.396552,-0.293103,-0.327586,-0.103448,-0.224138,-0.465517,-0.241379,-0.568966,-0.172414,-0.310345,-0.137931,-0.120690,0.000000,-0.482759,-0.017241,-0.534483,0.017241,-0.344828,0.034483,-0.155172
Y,Right,legacy_bisindo_Y_166,0.000000,0.000000,-0.173913,0.086957,-0.347826,0.043478,-0.456522,-0.043478,-0.521739,-0.108696,-0.543478,-0.413043,-0.739130,-0.695652,-0.847826,-0.869565,-0.934783,-1.000000,-0.413043,-0.565217,-0.369565,-0.630435,-0.217391,-0.326087,-0.130435,-0.065217,-0.260870,-0.630435,-0.217391,-0.630435,-0.108696,-0.347826,-0.043478,-0.108696,-0.086957,-0.608696,-0.065217,-0.630435,-0.021739,-0.413043,0.021739,-0.217391
Y,Right,legacy_bisindo_Y_167,0.000000,0.000000,0.258824,0.176471,0.423529,0.517647,0.470588,0.776471,0.529412,0.976471,0.035294,0.752941,-0.035294,0.870588,0.011765,0.635294,0.058824,0.447059,-0.152941,0.694118,-0.211765,0.823529,-0.129412,0.552941,-0.058824,0.352941,-0.317647,0.600000,-0.388235,0.717647,-0.282353,0.482353,-0.188235,0.317647,-0.482353,0.482353,-0.588235,0.717647,-0.670588,0.858824,-0.741176,1.000000
Y,Right,legacy_bisindo_Y_168,0.000000,0.000000,0.218391,-0.172414,0.379310,-0.517241,0.436782,-0.770115,0.471264,-0.965517,0.011494,-0.701149,-0.045977,-0.827586,0.000000,-0.620690,0.057471,-0.448276,-0.172414,-0.655172,-0.218391,-0.804598,-0.149425,-0.551724,-0.080460,-0.367816,-0.333333,-0.574713,-0.402299,-0.712644,-0.298851,-0.482759,-0.206897,-0.298851,-0.482759,-0.459770,-0.609195,-0.712644,-0.678161,-0.862069,-0.735632,-1.000000
Y,Right,legacy_bisindo_Y_169,0.000000,0.000000,0.261905,0.154762,0.428571,0.476190,0.500000,0.726190,0.559524,0.916667,0.059524,0.726190,0.000000,0.857143,0.047619,0.630952,0.107143,0.452381,-0.130952,0.666667,-0.166667,0.785714,-0.083333,0.523810,-0.011905,0.333333,-0.297619,0.583333,-0.345238,0.702381,-0.238095,0.476190,-0.142857,0.297619,-0.440476,0.488095,-0.535714,0.714286,-0.619048,0.869048,-0.678571,1.000000
Y,Right,legacy_bisindo_Y_170,0.000000,0.000000,0.262500,0.162500,0.412500,0.462500,0.450000,0.687500,0.487500,0.850000,0.050000,0.700000,0.012500,0.837500,0.062500,0.612500,0.112500,0.437500,-0.137500,0.662500,-0.162500,0.787500,-0.087500,0.525000,-0.012500,0.337500,-0.300000,0.587500,-0.362500,0.725000,-0.262500,0.487500,-0.175000,0.312500,-0.462500,0.487500,-0.575000,0.725000,-0.650000,0.875000,-0.700000,1.000000
Y,Right,legacy_bisindo_Y_171,0.000000,0.000000,0.244186,0.186047,0.395349,0.500000,0.465116,0.744186,0.534884,0.941860,0.034884,0.732558,-0.011628,0.848837,0.034884,0.639535,0.081395,0.453488,-0.151163,0.674419,-0.186047,0.790698,-0.104651,0.534884,-0.034884,0.348837,-0.313953,0.593023,-0.360465,0.697674,-0.255814,0.476744,-0.162791,0.302326,-0.453488,0.488372,-0.558140,0.709302,-0.627907,0.860465,-0.674419,1.000000
Y,Right,legacy_bisindo_Y_172,0.000000,0.000000,0.250000,0.178571,0.404762,0.500000,0.464286,0.738095,0.535714,0.928571,0.023810,0.738095,0.000000,0.833333,0.035714,0.619048,0.083333,0.428571,-0.154762,0.690476,-0.178571,0.797619,-0.095238,0.535714,-0.023810,0.357143,-0.321429,0.595238,-0.357143,0.714286,-0.250000,0.476190,-0.166667,0.297619,-0.476190,0.476190,-0.571429,0.702381,-0.630952,0.857143,-0.678571,1.000000
Y,Right,legacy_bisindo_Y_173,0.000000,0.000000,0.259740,0.155844,0.441558,0.493506,0.506494,0.740260,0.558442,0.948052,0.077922,0.740260,0.038961,0.857143,0.090909,0.623377,0.129870,0.428571,-0.116883,0.701299,-0.129870,0.805195,-0.051948,0.545455,0.000000,0.337662,-0.285714,0.610390,-0.324675,0.727273,-0.207792,0.493506,-0.129870,0.298701,-0.454545,0.506494,-0.532468,0.753247,-0.584416,0.896104,-0.636364,1.000000
Y,Right,legacy_bisindo_Y_174,0.000000,0.000000,0.000000,0.000000,-0.074627,-0.194030,-0.179104,-0.373134,-0.283582,-0.492537,-0.417910,-0.432836,-0.582090,-0.686567,-0.671642,-0.850746,-0.731343,-1.000000,-0.417910,-0.507463,-0.432836,-0.656716,-0.268657,-0.402985,-0.179104,-0.194030,-0.402985,-0.552239,-0.388060,-0.641791,-0.253731,-0.388060,-0.194030,-0.194030,-0.388060,-0.582090,-0.402985,-0.686567,-0.298507,-0.552239,-0.253731,-0.432836
Y,Right,legacy_bisindo_Y_175,0.000000,0.000000,0.236842,0.144737,0.342105,0.434211,0.328947,0.644737,0.342105,0.763158,0.039474,0.710526,0.013158,0.855263,0.052632,0.631579,0.092105,0.460526,-0.144737,0.657895,-0.171053,0.789474,-0.105263,0.526316,-0.039474,0.342105,-0.302632,0.592105,-0.355263,0.710526,-0.236842,0.460526,-0.157895,0.276316,-0.447368,0.486842,-0.552632,0.750000,-0.605263,0.881579,-0.657895,1.000000
Y,Right,legacy_bisindo_Y_176,0.000000,0.000000,0.234568,-0.172840,0.407407,-0.481481,0.456790,-0.728395,0.493827,-0.913580,0.037037,-0.679012,0.024691,-0.827160,0.061728,-0.629630,0.111111,-0.444444,-0.135802,-0.641975,-0.172840,-0.802469,-0.098765,-0.555556,-0.037037,-0.370370,-0.296296,-0.567901,-0.345679,-0.716049,-0.246914,-0.493827,-0.160494,-0.320988,-0.444444,-0.481481,-0.530864,-0.716049,-0.580247,-0.864198,-0.617284,-1.000000
Y,Right,legacy_bisindo_Y_177,0.000000,0.000000,0.256098,0.170732,0.402439,0.475610,0.463415,0.719512,0.500000,0.902439,0.060976,0.695122,0.024390,0.841463,0.060976,0.621951,0.085366,0.451220,-0.121951,0.658537,-0.158537,0.804878,-0.097561,0.560976,-0.036585,0.378049,-0.280488,0.585366,-0.341463,0.743902,-0.256098,0.524390,-0.182927,0.353659,-0.426829,0.500000,-0.524390,0.731707,-0.573171,0.865854,-0.621951,1.000000
Y,Right,legacy_bisindo_Y_178,0.000000,0.000000,0.225000,-0.175000,0.400000,-0.462500,0.462500,-0.700000,0.487500,-0.887500,0.050000,-0.675000,0.025000,-0.812500,0.075000,-0.612500,0.100000,-0.425000,-0.125000,-0.625000,-0.162500,-0.775000,-0.087500,-0.550000,-0.025000,-0.362500,-0.300000,-0.550000,-0.325000,-0.700000,-0.225000,-0.487500,-0.150000,-0.312500,-0.450000,-0.462500,-0.537500,-0.700000,-0.575000,-0.850000,-0.612500,-1.000000
Y,Right,legacy_bisindo_Y_179,0.000000,0.000000,0.250000,0.175000,0.400000,0.475000,0.450000,0.712500,0.500000,0.887500,0.062500,0.687500,0.025000,0.825000,0.062500,0.612500,0.100000,0.437500,-0.125000,0.650000,-0.150000,0.800000,-0.087500,0.562500,-0.025000,0.375000,-0.275000,0.587500,-0.325000,0.737500,-0.237500,0.512500,-0.175000,0.337500,-0.437500,0.487500,-0.525000,0.725000,-0.587500,0.862500,-0.612500,1.000000
Y,Right,legacy_bisindo_Y_180,0.000000,0.000000,0.234568,-0.160494,0.432099,-0.444444,0.493827,-0.679012,0.518519,-0.864198,0.074074,-0.666667,0.037037,-0.814815,0.074074,-0.617284,0.111111,-0.432099,-0.111111,-0.629630,-0.148148,-0.777778,-0.074074,-0.543210,-0.024691,-0.358025,-0.271605,-0.567901,-0.320988,-0.716049,-0.234568,-0.493827,-0.160494,-0.320988,-0.432099,-0.481481,-0.518519,-0.716049,-0.555556,-0.864198,-0.604938,-1.000000
Y,Right,legacy_bisindo_Y_181,0.000000,0.000000,0.225000,0.162500,0.400000,0.450000,0.462500,0.675000,0.500000,0.862500,0.062500,0.687500,0.012500,0.800000,0.050000,0.600000,0.075000,0.425000,-0.125000,0.637500,-0.162500,0.775000,-0.100000,0.537500,-0.037500,0.350000,-0.287500,0.575000,-0.325000,0.700000,-0.237500,0.487500,-0.175000,0.312500,-0.425000,0.487500,-0.525000,0.725000,-0.587500,0.862500,-0.625000,1.000000
Y,Right,legacy_bisindo_Y_182,0.000000,0.000000,0.216867,-0.168675,0.409639,-0.445783,0.469880,-0.674699,0.493976,-0.867470,0.048193,-0.674699,0.024096,-0.819277,0.060241,-0.614458,0.096386,-0.445783,-0.108434,-0.638554,-0.144578,-0.783133,-0.084337,-0.542169,-0.036145,-0.385542,-0.277108,-0.566265,-0.313253,-0.722892,-0.228916,-0.506024,-0.168675,-0.337349,-0.421687,-0.481928,-0.506024,-0.722892,-0.542169,-0.867470,-0.566265,-1.000000
Y,Right,legacy_bisindo_Y_183,0.000000,0.000000,0.250000,0.137500,0.400000,0.425000,0.450000,0.637500,0.475000,0.800000,0.100000,0.662500,0.050000,0.812500,0.087500,0.600000,0.125000,0.425000,-0.087500,0.625000,-0.112500,0.775000,-0.062500,0.525000,-0.012500,0.350000,-0.250000,0.575000,-0.300000,0.725000,-0.225000,0.500000,-0.162500,0.312500,-0.400000,0.487500,-0.487500,0.725000,-0.537500,0.875000,-0.575000,1.000000
Y,Right,legacy_bisindo_Y_184,0.000000,0.000000,0.243902,-0.170732,0.439024,-0.463415,0.487805,-0.695122,0.524390,-0.890244,0.085366,-0.670732,0.048780,-0.829268,0.085366,-0.621951,0.121951,-0.451220,-0.097561,-0.634146,-0.121951,-0.792683,-0.060976,-0.560976,-0.012195,-0.378049,-0.256098,-0.573171,-0.304878,-0.731707,-0.219512,-0.512195,-0.158537,-0.329268,-0.414634,-0.487805,-0.500000,-0.719512,-0.536585,-0.865854,-0.573171,-1.000000
Y,Right,legacy_bisindo_Y_185,0.000000,0.000000,0.243902,0.182927,0.414634,0.463415,0.475610,0.695122,0.487805,0.878049,0.085366,0.682927,0.048780,0.829268,0.073171,0.634146,0.097561,0.451220,-0.097561,0.646341,-0.134146,0.804878,-0.073171,0.573171,-0.024390,0.378049,-0.256098,0.585366,-0.304878,0.743902,-0.219512,0.524390,-0.158537,0.353659,-0.402439,0.500000,-0.487805,0.731707,-0.536585,0.865854,-0.573171,1.000000
Y,Right,legacy_bisindo_Y_186,0.000000,0.000000,0.234568,-0.160494,0.444444,-0.444444,0.506173,-0.679012,0.518519,-0.851852,0.061728,-0.654321,0.037037,-0.814815,0.074074,-0.617284,0.111111,-0.444444,-0.098765,-0.617284,-0.135802,-0.790123,-0.086420,-0.555556,-0.037037,-0.370370,-0.259259,-0.555556,-0.308642,-0.716049,-0.222222,-0.506173,-0.148148,-0.333333,-0.407407,-0.469136,-0.506173,-0.716049,-0.543210,-0.864198,-0.592593,-1.000000
Y,Right,legacy_bisindo_Y_187,0.000000,0.000000,0.259259,0.148148,0.432099,0.432099,0.493827,0.654321,0.518519,0.839506,0.098765,0.666667,0.061728,0.814815,0.086420,0.617284,0.111111,0.432099,-0.086420,0.629630,-0.135802,0.802469,-0.074074,0.555556,-0.024691,0.358025,-0.246914,0.567901,-0.296296,0.728395,-0.222222,0.506173,-0.148148,0.320988,-0.395062,0.493827,-0.481481,0.716049,-0.530864,0.864198,-0.567901,1.000000
Y,Right,legacy_bisindo_Y_188,0.000000,0.000000,0.243902,-0.170732,0.426829,-0.439024,0.500000,-0.670732,0.536585,-0.853659,0.073171,-0.658537,0.048780,-0.817073,0.085366,-0.621951,0.109756,-0.451220,-0.097561,-0.609756,-0.134146,-0.780488,-0.073171,-0.548780,-0.012195,-0.378049,-0.256098,-0.548780,-0.304878,-0.707317,-0.219512,-0.500000,-0.146341,-0.329268,-0.402439,-0.463415,-0.487805,-0.695122,-0.536585,-0.853659,-0.573171,-1.000000
Y,Right,legacy_bisindo_Y_189,0.000000,0.000000,0.265823,0.151899,0.443038,0.430380,0.506329,0.658228,0.531646,0.848101,0.101266,0.658228,0.063291,0.822785,0.088608,0.620253,0.113924,0.430380,-0.088608,0.620253,-0.126582,0.784810,-0.063291,0.544304,-0.012658,0.354430,-0.253165,0.569620,-0.303797,0.734177,-0.215190,0.506329,-0.139241,0.329114,-0.405063,0.481013,-0.493671,0.708861,-0.556962,0.860759,-0.594937,1.000000
Y,Right,legacy_bisindo_Y_190,0.000000,0.000000,0.243902,-0.170732,0.426829,-0.463415,0.475610,-0.695122,0.500000,-0.865854,0.060976,-0.670732,0.036585,-0.817073,0.085366,-0.634146,0.109756,-0.463415,-0.097561,-0.621951,-0.134146,-0.780488,-0.073171,-0.548780,-0.024390,-0.378049,-0.256098,-0.560976,-0.292683,-0.719512,-0.219512,-0.512195,-0.146341,-0.329268,-0.402439,-0.487805,-0.487805,-0.719512,-0.536585,-0.865854,-0.573171,-1.000000
Y,Right,legacy_bisindo_Y_191,0.000000,0.000000,0.253165,0.151899,0.417722,0.443038,0.468354,0.658228,0.481013,0.835443,0.063291,0.683544,0.025316,0.835443,0.063291,0.620253,0.113924,0.430380,-0.113924,0.645570,-0.151899,0.797468,-0.088608,0.556962,-0.025316,0.354430,-0.278481,0.582278,-0.341772,0.746835,-0.253165,0.506329,-0.189873,0.329114,-0.430380,0.506329,-0.531646,0.734177,-0.582278,0.873418,-0.620253,1.000000
Y,Right,legacy_bisindo_Y_192,0.000000,0.000000,0.237500,-0.150000,0.450000,-0.437500,0.500000,-0.687500,0.550000,-0.875000,0.087500,-0.675000,0.050000,-0.812500,0.087500,-0.612500,0.125000,-0.437500,-0.087500,-0.625000,-0.137500,-0.787500,-0.075000,-0.537500,-0.025000,-0.362500,-0.250000,-0.562500,-0.300000,-0.712500,-0.225000,-0.487500,-0.150000,-0.312500,-0.412500,-0.475000,-0.487500,-0.712500,-0.537500,-0.862500,-0.575000,-1.000000
Y,Right,legacy_bisindo_Y_193,0.000000,0.000000,0.269231,0.153846,0.448718,0.435897,0.500000,0.666667,0.538462,0.858974,0.102564,0.666667,0.051282,0.820513,0.076923,0.602564,0.115385,0.423077,-0.089744,0.628205,-0.128205,0.769231,-0.064103,0.525641,0.000000,0.333333,-0.256410,0.564103,-0.320513,0.717949,-0.243590,0.487179,-0.166667,0.307692,-0.410256,0.487179,-0.512821,0.717949,-0.564103,0.858974,-0.602564,1.000000
Y,Right,legacy_bisindo_Y_194,0.000000,0.000000,0.234568,-0.160494,0.419753,-0.456790,0.469136,-0.691358,0.506173,-0.864198,0.061728,-0.654321,0.037037,-0.814815,0.074074,-0.604938,0.111111,-0.432099,-0.111111,-0.617284,-0.135802,-0.790123,-0.074074,-0.543210,-0.024691,-0.370370,-0.259259,-0.555556,-0.308642,-0.703704,-0.209877,-0.481481,-0.135802,-0.320988,-0.407407,-0.481481,-0.493827,-0.716049,-0.543210,-0.864198,-0.580247,-1.000000
Y,Right,legacy_bisindo_Y_195,0.000000,0.000000,0.256410,0.153846,0.448718,0.435897,0.512821,0.666667,0.538462,0.858974,0.102564,0.653846,0.051282,0.820513,0.076923,0.615385,0.115385,0.423077,-0.089744,0.615385,-0.128205,0.769231,-0.064103,0.538462,0.000000,0.333333,-0.256410,0.564103,-0.307692,0.717949,-0.230769,0.487179,-0.141026,0.307692,-0.410256,0.487179,-0.512821,0.717949,-0.564103,0.858974,-0.602564,1.000000
Y,Right,legacy_bisindo_Y_196,0.000000,0.000000,0.237500,-0.175000,0.425000,-0.437500,0.500000,-0.675000,0.525000,-0.850000,0.075000,-0.662500,0.050000,-0.825000,0.087500,-0.612500,0.112500,-0.437500,-0.100000,-0.625000,-0.137500,-0.787500,-0.075000,-0.550000,-0.025000,-0.375000,-0.262500,-0.562500,-0.312500,-0.725000,-0.225000,-0.500000,-0.150000,-0.337500,-0.412500,-0.487500,-0.500000,-0.712500,-0.550000,-0.862500,-0.587500,-1.000000
Y,Right,legacy_bisindo_Y_197,0.000000,0.000000,0.269231,0.153846,0.448718,0.448718,0.512821,0.692308,0.551282,0.897436,0.102564,0.666667,0.064103,0.833333,0.076923,0.615385,0.115385,0.423077,-0.076923,0.628205,-0.128205,0.782051,-0.076923,0.538462,-0.012821,0.346154,-0.256410,0.564103,-0.320513,0.730769,-0.230769,0.500000,-0.153846,0.320513,-0.397436,0.487179,-0.500000,0.717949,-0.564103,0.858974,-0.602564,1.000000
Y,Right,legacy_bisindo_Y_198,0.000000,0.000000,0.237500,-0.162500,0.437500,-0.437500,0.512500,-0.675000,0.562500,-0.850000,0.087500,-0.662500,0.050000,-0.825000,0.087500,-0.625000,0.112500,-0.450000,-0.087500,-0.625000,-0.125000,-0.775000,-0.062500,-0.550000,-0.012500,-0.375000,-0.250000,-0.562500,-0.300000,-0.712500,-0.212500,-0.500000,-0.137500,-0.337500,-0.400000,-0.487500,-0.487500,-0.725000,-0.537500,-0.862500,-0.575000,-1.000000
Y,Right,legacy_bisindo_Y_199,0.000000,0.000000,0.234568,-0.185185,0.419753,-0.456790,0.481481,-0.691358,0.506173,-0.864198,0.074074,-0.679012,0.037037,-0.839506,0.074074,-0.629630,0.111111,-0.456790,-0.098765,-0.629630,-0.135802,-0.802469,-0.074074,-0.567901,-0.012346,-0.382716,-0.259259,-0.567901,-0.308642,-0.728395,-0.234568,-0.518519,-0.148148,-0.358025,-0.407407,-0.481481,-0.481481,-0.716049,-0.530864,-0.864198,-0.567901,-1.000000
Y,Right,legacy_bisindo_Y_200,0.000000,0.000000,0.246914,0.160494,0.419753,0.444444,0.469136,0.679012,0.506173,0.864198,0.086420,0.666667,0.037037,0.814815,0.074074,0.604938,0.098765,0.432099,-0.086420,0.629630,-0.135802,0.790123,-0.074074,0.555556,-0.024691,0.370370,-0.246914,0.580247,-0.308642,0.740741,-0.234568,0.530864,-0.160494,0.358025,-0.395062,0.493827,-0.493827,0.728395,-0.543210,0.864198,-0.580247,1.000000
Y,Right,legacy_bisindo_Y_201,0.000000,0.000000,0.225000,-0.175000,0.412500,-0.462500,0.475000,-0.700000,0.512500,-0.887500,0.050000,-0.662500,0.025000,-0.825000,0.062500,-0.625000,0.100000,-0.450000,-0.112500,-0.625000,-0.150000,-0.787500,-0.087500,-0.562500,-0.025000,-0.387500,-0.275000,-0.562500,-0.325000,-0.725000,-0.237500,-0.512500,-0.162500,-0.350000,-0.425000,-0.487500,-0.500000,-0.725000,-0.537500,-0.875000,-0.575000,-1.000000
Y,Right,legacy_bisindo_Y_202,0.000000,0.000000,0.243902,0.182927,0.414634,0.451220,0.475610,0.682927,0.500000,0.865854,0.085366,0.670732,0.048780,0.804878,0.073171,0.609756,0.097561,0.439024,-0.085366,0.634146,-0.121951,0.780488,-0.073171,0.560976,-0.012195,0.378049,-0.243902,0.573171,-0.292683,0.719512,-0.219512,0.524390,-0.146341,0.353659,-0.378049,0.500000,-0.463415,0.719512,-0.524390,0.865854,-0.560976,1.000000
Y,Right,legacy_bisindo_Y_203,0.000000,0.000000,0.225000,-0.162500,0.400000,-0.450000,0.462500,-0.687500,0.512500,-0.850000,0.050000,-0.675000,0.037500,-0.825000,0.075000,-0.625000,0.112500,-0.450000,-0.112500,-0.637500,-0.137500,-0.787500,-0.075000,-0.550000,-0.012500,-0.362500,-0.262500,-0.575000,-0.312500,-0.725000,-0.225000,-0.500000,-0.150000,-0.325000,-0.412500,-0.487500,-0.487500,-0.725000,-0.537500,-0.875000,-0.575000,-1.000000
Y,Right,legacy_bisindo_Y_204,0.000000,0.000000,0.250000,0.150000,0.412500,0.412500,0.475000,0.612500,0.475000,0.775000,0.100000,0.662500,0.062500,0.800000,0.100000,0.600000,0.137500,0.425000,-0.075000,0.637500,-0.112500,0.787500,-0.050000,0.550000,0.012500,0.362500,-0.237500,0.575000,-0.287500,0.737500,-0.212500,0.512500,-0.137500,0.337500,-0.375000,0.500000,-0.462500,0.725000,-0.512500,0.862500,-0.550000,1.000000
Y,Right,legacy_bisindo_Y_205,0.000000,0.000000,0.234568,-0.172840,0.407407,-0.469136,0.469136,-0.703704,0.506173,-0.876543,0.074074,-0.679012,0.024691,-0.827160,0.061728,-0.617284,0.086420,-0.444444,-0.098765,-0.641975,-0.135802,-0.777778,-0.086420,-0.543210,-0.024691,-0.370370,-0.259259,-0.567901,-0.308642,-0.703704,-0.234568,-0.493827,-0.148148,-0.320988,-0.407407,-0.481481,-0.481481,-0.716049,-0.530864,-0.864198,-0.567901,-1.000000
Y,Right,legacy_bisindo_Y_206,0.000000,0.000000,0.237500,0.175000,0.412500,0.462500,0.462500,0.700000,0.475000,0.887500,0.087500,0.675000,0.025000,0.812500,0.062500,0.625000,0.087500,0.450000,-0.087500,0.637500,-0.150000,0.787500,-0.100000,0.562500,-0.037500,0.375000,-0.250000,0.575000,-0.312500,0.725000,-0.250000,0.512500,-0.175000,0.337500,-0.400000,0.500000,-0.487500,0.725000,-0.537500,0.862500,-0.575000,1.000000
Y,Right,legacy_bisindo_Y_207,0.000000,0.000000,0.222222,-0.148148,0.407407,-0.444444,0.444444,-0.679012,0.469136,-0.864198,0.049383,-0.654321,0.024691,-0.790123,0.061728,-0.604938,0.098765,-0.432099,-0.111111,-0.617284,-0.148148,-0.753086,-0.086420,-0.518519,-0.037037,-0.345679,-0.259259,-0.555556,-0.308642,-0.679012,-0.222222,-0.456790,-0.148148,-0.296296,-0.407407,-0.469136,-0.481481,-0.716049,-0.530864,-0.864198,-0.567901,-1.000000
Y,Right,legacy_bisindo_Y_208,0.000000,0.000000,0.225000,0.162500,0.387500,0.437500,0.437500,0.650000,0.462500,0.825000,0.075000,0.675000,0.012500,0.800000,0.050000,0.600000,0.087500,0.425000,-0.100000,0.637500,-0.150000,0.762500,-0.100000,0.537500,-0.025000,0.362500,-0.262500,0.562500,-0.312500,0.700000,-0.237500,0.500000,-0.162500,0.325000,-0.400000,0.487500,-0.500000,0.712500,-0.550000,0.862500,-0.575000,1.000000
Y,Right,legacy_bisindo_Y_209,0.000000,0.000000,0.233766,0.129870,0.363636,0.402597,0.389610,0.610390,0.389610,0.753247,0.077922,0.675325,0.051948,0.792208,0.077922,0.584416,0.116883,0.415584,-0.090909,0.623377,-0.116883,0.753247,-0.064935,0.519481,-0.012987,0.337662,-0.246753,0.558442,-0.298701,0.675325,-0.220779,0.454545,-0.142857,0.285714,-0.389610,0.467532,-0.480519,0.714286,-0.532468,0.857143,-0.558442,1.000000
Y,Right,legacy_bisindo_Y_210,0.000000,0.000000,0.212500,-0.162500,0.387500,-0.450000,0.437500,-0.687500,0.462500,-0.875000,0.050000,-0.662500,0.025000,-0.787500,0.062500,-0.587500,0.100000,-0.425000,-0.125000,-0.625000,-0.137500,-0.750000,-0.075000,-0.525000,-0.025000,-0.350000,-0.275000,-0.562500,-0.312500,-0.687500,-0.225000,-0.475000,-0.150000,-0.312500,-0.412500,-0.487500,-0.500000,-0.712500,-0.550000,-0.862500,-0.587500,-1.000000
Y,Right,legacy_bisindo_Y_211,0.000000,0.000000,0.227848,0.151899,0.379747,0.443038,0.443038,0.670886,0.493671,0.873418,0.050633,0.670886,0.025316,0.784810,0.063291,0.594937,0.101266,0.417722,-0.113924,0.632911,-0.139241,0.746835,-0.075949,0.506329,-0.012658,0.329114,-0.265823,0.569620,-0.303797,0.683544,-0.215190,0.481013,-0.139241,0.316456,-0.405063,0.493671,-0.481013,0.708861,-0.544304,0.860759,-0.582278,1.000000
Y,Right,legacy_bisindo_Y_212,0.000000,0.000000,0.202532,-0.151899,0.379747,-0.443038,0.443038,-0.696203,0.455696,-0.898734,0.050633,-0.708861,0.037975,-0.797468,0.063291,-0.582278,0.088608,-0.405063,-0.126582,-0.670886,-0.151899,-0.759494,-0.088608,-0.518987,-0.050633,-0.341772,-0.291139,-0.594937,-0.316456,-0.683544,-0.240506,-0.468354,-0.177215,-0.303797,-0.430380,-0.493671,-0.518987,-0.721519,-0.582278,-0.860759,-0.620253,-1.000000
Y,Right,legacy_bisindo_Y_213,0.000000,0.000000,0.246753,0.142857,0.402597,0.441558,0.454545,0.675325,0.480519,0.870130,0.077922,0.688312,0.051948,0.766234,0.077922,0.558442,0.116883,0.389610,-0.090909,0.636364,-0.116883,0.740260,-0.064935,0.493506,0.000000,0.311688,-0.246753,0.558442,-0.298701,0.662338,-0.207792,0.441558,-0.129870,0.272727,-0.402597,0.467532,-0.480519,0.701299,-0.545455,0.857143,-0.584416,1.000000
Y,Right,legacy_bisindo_Y_214,0.000000,0.000000,0.202532,-0.151899,0.379747,-0.443038,0.443038,-0.683544,0.481013,-0.860759,0.050633,-0.696203,0.037975,-0.797468,0.088608,-0.582278,0.126582,-0.417722,-0.126582,-0.658228,-0.139241,-0.746835,-0.075949,-0.518987,-0.025316,-0.341772,-0.291139,-0.594937,-0.316456,-0.696203,-0.227848,-0.468354,-0.164557,-0.303797,-0.430380,-0.493671,-0.518987,-0.721519,-0.582278,-0.860759,-0.632911,-1.000000
Y,Right,legacy_bisindo_Y_215,0.000000,0.000000,0.253333,0.146667,0.413333,0.453333,0.466667,0.680000,0.493333,0.880000,0.106667,0.733333,0.053333,0.760000,0.093333,0.546667,0.146667,0.386667,-0.080000,0.706667,-0.106667,0.720000,-0.053333,0.466667,0.000000,0.306667,-0.253333,0.613333,-0.293333,0.666667,-0.213333,0.440000,-0.146667,0.280000,-0.400000,0.520000,-0.493333,0.733333,-0.546667,0.880000,-0.600000,1.000000
Y,Right,legacy_bisindo_Y_216,0.000000,0.000000,-0.183099,-0.098592,-0.366197,-0.338028,-0.436620,-0.563380,-0.507042,-0.732394,-0.239437,-0.366197,-0.338028,-0.690141,-0.422535,-0.873239,-0.478873,-0.971831,-0.042254,-0.394366,-0.183099,-0.732394,-0.267606,-0.915493,-0.338028,-1.000000,0.126761,-0.394366,0.014085,-0.746479,-0.084507,-0.887324,-0.154930,-0.971831,0.267606,-0.394366,0.225352,-0.690141,0.140845,-0.816901,0.070423,-0.901408
Y,Right,legacy_bisindo_Y_217,0.000000,0.000000,-0.236364,0.072727,-0.454545,0.290909,-0.581818,0.509091,-0.672727,0.690909,-0.290909,0.236364,-0.363636,0.581818,-0.400000,0.800000,-0.436364,0.927273,-0.036364,0.290909,-0.127273,0.654545,-0.218182,0.890909,-0.272727,1.000000,0.163636,0.345455,0.072727,0.690909,0.000000,0.872727,-0.072727,0.981818,0.327273,0.381818,0.290909,0.690909,0.218182,0.836364,0.181818,0.909091
Y,Right,legacy_bisindo_Y_218,0.000000,0.000000,0.267857,0.196429,0.482143,0.517857,0.571429,0.767857,0.607143,0.982143,0.053571,0.875000,0.053571,1.000000,0.107143,0.750000,0.142857,0.517857,-0.160714,0.839286,-0.160714,0.964286,-0.053571,0.660714,0.000000,0.410714,-0.375000,0.732143,-0.375000,0.875000,-0.250000,0.589286,-0.178571,0.357143,-0.571429,0.589286,-0.625000,0.785714,-0.553571,0.696429,-0.482143,0.571429
Y,Right,legacy_bisindo_Y_219,0.000000,0.000000,0.253731,0.179104,0.373134,0.492537,0.402985,0.716418,0.432836,0.880597,0.074627,0.746269,0.059701,0.850746,0.104478,0.611940,0.149254,0.432836,-0.119403,0.716418,-0.119403,0.776119,-0.044776,0.522388,0.000000,0.328358,-0.298507,0.626866,-0.298507,0.686567,-0.208955,0.462687,-0.134328,0.268657,-0.462687,0.507463,-0.567164,0.731343,-0.626866,0.895522,-0.671642,1.000000
Y,Right,legacy_bisindo_Y_220,0.000000,0.000000,0.267606,0.140845,0.436620,0.436620,0.478873,0.661972,0.492958,0.845070,0.098592,0.690141,0.084507,0.788732,0.126761,0.577465,0.169014,0.408451,-0.084507,0.661972,-0.084507,0.774648,-0.014085,0.507042,0.028169,0.323944,-0.253521,0.591549,-0.281690,0.718310,-0.169014,0.478873,-0.112676,0.295775,-0.422535,0.492958,-0.535211,0.732394,-0.591549,0.887324,-0.647887,1.000000
Y,Right,legacy_bisindo_Y_221,0.000000,0.000000,0.267606,0.169014,0.422535,0.521127,0.478873,0.774648,0.507042,0.985915,0.056338,0.732394,0.028169,0.859155,0.070423,0.619718,0.112676,0.436620,-0.126761,0.676056,-0.140845,0.830986,-0.056338,0.549296,-0.014085,0.352113,-0.295775,0.577465,-0.323944,0.718310,-0.211268,0.492958,-0.140845,0.309859,-0.450704,0.464789,-0.549296,0.718310,-0.619718,0.873239,-0.676056,1.000000
Y,Right,legacy_bisindo_Y_222,0.000000,0.000000,0.233766,0.168831,0.389610,0.480519,0.428571,0.727273,0.454545,0.935065,0.038961,0.688312,0.012987,0.805195,0.051948,0.584416,0.077922,0.402597,-0.129870,0.649351,-0.142857,0.779221,-0.077922,0.519481,-0.038961,0.337662,-0.285714,0.571429,-0.324675,0.701299,-0.220779,0.480519,-0.155844,0.298701,-0.441558,0.467532,-0.532468,0.701299,-0.597403,0.857143,-0.649351,1.000000
Y,Right,legacy_bisindo_Y_223,0.000000,0.000000,0.246575,0.164384,0.383562,0.506849,0.410959,0.739726,0.438356,0.931507,0.013699,0.698630,-0.013699,0.835616,0.041096,0.616438,0.082192,0.438356,-0.164384,0.643836,-0.178082,0.794521,-0.095890,0.547945,-0.041096,0.356164,-0.315068,0.547945,-0.356164,0.698630,-0.246575,0.479452,-0.178082,0.287671,-0.465753,0.438356,-0.575342,0.684932,-0.643836,0.849315,-0.712329,1.000000
Y,Right,legacy_bisindo_Y_224,0.000000,0.000000,0.213333,-0.213333,0.360000,-0.533333,0.400000,-0.786667,0.400000,-0.986667,-0.040000,-0.706667,-0.066667,-0.853333,0.000000,-0.653333,0.053333,-0.466667,-0.200000,-0.653333,-0.240000,-0.813333,-0.146667,-0.573333,-0.066667,-0.386667,-0.360000,-0.560000,-0.413333,-0.706667,-0.293333,-0.480000,-0.200000,-0.320000,-0.506667,-0.453333,-0.626667,-0.706667,-0.693333,-0.853333,-0.746667,-1.000000
Y,Right,legacy_bisindo_Y_225,0.000000,0.000000,0.197368,-0.197368,0.342105,-0.539474,0.368421,-0.802632,0.394737,-1.000000,-0.039474,-0.723684,-0.078947,-0.881579,-0.013158,-0.671053,0.052632,-0.500000,-0.197368,-0.657895,-0.250000,-0.828947,-0.157895,-0.605263,-0.078947,-0.421053,-0.355263,-0.578947,-0.407895,-0.736842,-0.289474,-0.526316,-0.197368,-0.355263,-0.486842,-0.473684,-0.618421,-0.710526,-0.684211,-0.855263,-0.736842,-1.000000
Y,Right,legacy_bisindo_Y_226,0.000000,0.000000,0.226667,0.200000,0.373333,0.533333,0.413333,0.773333,0.440000,0.973333,0.000000,0.720000,-0.040000,0.866667,0.013333,0.666667,0.053333,0.493333,-0.173333,0.666667,-0.213333,0.826667,-0.120000,0.586667,-0.040000,0.400000,-0.333333,0.586667,-0.386667,0.733333,-0.266667,0.533333,-0.173333,0.360000,-0.480000,0.480000,-0.600000,0.706667,-0.666667,0.853333,-0.733333,1.000000
Y,Right,legacy_bisindo_Y_227,0.000000,0.000000,0.210526,-0.184211,0.342105,-0.539474,0.368421,-0.789474,0.394737,-1.000000,-0.052632,-0.710526,-0.065789,-0.842105,0.000000,-0.644737,0.052632,-0.473684,-0.210526,-0.644737,-0.236842,-0.789474,-0.144737,-0.552632,-0.078947,-0.381579,-0.355263,-0.552632,-0.394737,-0.697368,-0.289474,-0.473684,-0.197368,-0.302632,-0.486842,-0.447368,-0.605263,-0.684211,-0.671053,-0.842105,-0.723684,-0.986842
Y,Right,legacy_bisindo_Y_228,0.000000,0.000000,0.240000,0.173333,0.373333,0.520000,0.400000,0.786667,0.426667,1.000000,-0.013333,0.733333,-0.040000,0.853333,0.026667,0.640000,0.066667,0.466667,-0.186667,0.680000,-0.213333,0.813333,-0.106667,0.546667,-0.040000,0.373333,-0.333333,0.573333,-0.373333,0.693333,-0.240000,0.480000,-0.160000,0.320000,-0.480000,0.453333,-0.600000,0.680000,-0.666667,0.840000,-0.733333,0.986667
Y,Right,legacy_bisindo_Y_229,0.000000,0.000000,0.213333,-0.200000,0.346667,-0.533333,0.373333,-0.800000,0.413333,-1.000000,-0.040000,-0.720000,-0.066667,-0.853333,0.000000,-0.640000,0.053333,-0.480000,-0.213333,-0.666667,-0.253333,-0.786667,-0.133333,-0.546667,-0.053333,-0.386667,-0.360000,-0.573333,-0.426667,-0.693333,-0.280000,-0.480000,-0.173333,-0.320000,-0.493333,-0.453333,-0.626667,-0.680000,-0.693333,-0.813333,-0.760000,-0.960000
Y,Right,legacy_bisindo_Y_230,0.000000,0.000000,0.208333,-0.208333,0.333333,-0.513889,0.388889,-0.750000,0.402778,-0.916667,-0.055556,-0.750000,-0.083333,-0.902778,-0.013889,-0.694444,0.041667,-0.527778,-0.222222,-0.680556,-0.263889,-0.833333,-0.152778,-0.597222,-0.069444,-0.416667,-0.375000,-0.583333,-0.430556,-0.722222,-0.291667,-0.500000,-0.194444,-0.333333,-0.513889,-0.458333,-0.652778,-0.708333,-0.736111,-0.861111,-0.805556,-1.000000
Y,Right,legacy_bisindo_Y_231,0.000000,0.000000,0.236111,0.208333,0.361111,0.569444,0.361111,0.819444,0.388889,1.000000,0.000000,0.763889,-0.069444,0.916667,0.013889,0.708333,0.083333,0.527778,-0.194444,0.694444,-0.236111,0.833333,-0.125000,0.597222,-0.027778,0.416667,-0.347222,0.597222,-0.416667,0.750000,-0.291667,0.527778,-0.194444,0.347222,-0.500000,0.472222,-0.625000,0.708333,-0.708333,0.861111,-0.763889,1.000000
Y,Right,legacy_bisindo_Y_232,0.000000,0.000000,0.219178,0.205479,0.342466,0.547945,0.369863,0.808219,0.397260,1.000000,-0.013699,0.753425,-0.082192,0.890411,0.000000,0.657534,0.054795,0.479452,-0.191781,0.684932,-0.246575,0.821918,-0.136986,0.575342,-0.068493,0.397260,-0.356164,0.589041,-0.424658,0.726027,-0.287671,0.506849,-0.191781,0.342466,-0.506849,0.465753,-0.643836,0.684932,-0.726027,0.835616,-0.794521,0.972603
Y,Right,legacy_bisindo_Y_233,0.000000,0.000000,0.231884,-0.202899,0.347826,-0.521739,0.391304,-0.782609,0.405797,-0.956522,-0.028986,-0.768116,-0.057971,-0.913043,0.014493,-0.681159,0.072464,-0.507246,-0.217391,-0.695652,-0.260870,-0.826087,-0.144928,-0.565217,-0.072464,-0.376812,-0.391304,-0.594203,-0.434783,-0.710145,-0.289855,-0.478261,-0.188406,-0.318841,-0.536232,-0.463768,-0.681159,-0.710145,-0.753623,-0.855072,-0.811594,-1.000000
Y,Right,legacy_bisindo_Y_234,0.000000,0.000000,0.231884,0.188406,0.347826,0.536232,0.362319,0.811594,0.391304,1.000000,0.000000,0.768116,-0.072464,0.898551,0.000000,0.666667,0.057971,0.478261,-0.202899,0.695652,-0.246377,0.840580,-0.144928,0.565217,-0.072464,0.376812,-0.362319,0.594203,-0.434783,0.710145,-0.304348,0.478261,-0.188406,0.304348,-0.521739,0.463768,-0.666667,0.695652,-0.753623,0.840580,-0.826087,0.985507
Y,Right,legacy_bisindo_Y_235,0.000000,0.000000,0.202899,-0.202899,0.333333,-0.536232,0.376812,-0.797101,0.420290,-1.000000,-0.057971,-0.768116,-0.086957,-0.898551,-0.014493,-0.666667,0.057971,-0.492754,-0.231884,-0.695652,-0.260870,-0.840580,-0.159420,-0.565217,-0.086957,-0.376812,-0.391304,-0.594203,-0.434783,-0.710145,-0.304348,-0.478261,-0.202899,-0.304348,-0.536232,-0.449275,-0.681159,-0.695652,-0.753623,-0.855072,-0.826087,-1.000000
Y,Right,legacy_bisindo_Y_236,0.000000,0.000000,0.228571,0.200000,0.357143,0.542857,0.400000,0.800000,0.442857,1.000000,0.014286,0.771429,-0.042857,0.900000,0.014286,0.657143,0.071429,0.457143,-0.171429,0.700000,-0.214286,0.842857,-0.128571,0.585714,-0.042857,0.385714,-0.328571,0.585714,-0.400000,0.728571,-0.271429,0.500000,-0.171429,0.314286,-0.485714,0.471429,-0.628571,0.700000,-0.714286,0.857143,-0.785714,0.985714
Y,Right,legacy_bisindo_Y_237,0.000000,0.000000,0.200000,-0.213333,0.306667,-0.533333,0.333333,-0.800000,0.346667,-1.000000,-0.080000,-0.720000,-0.093333,-0.866667,-0.026667,-0.653333,0.013333,-0.480000,-0.240000,-0.653333,-0.280000,-0.800000,-0.173333,-0.560000,-0.106667,-0.373333,-0.400000,-0.560000,-0.440000,-0.693333,-0.306667,-0.466667,-0.213333,-0.306667,-0.533333,-0.440000,-0.666667,-0.666667,-0.746667,-0.800000,-0.813333,-0.933333
Y,Right,legacy_bisindo_Y_238,0.000000,0.000000,0.233333,-0.150000,0.383333,-0.400000,0.450000,-0.600000,0.466667,-0.733333,0.033333,-0.733333,0.050000,-0.916667,0.116667,-0.733333,0.133333,-0.566667,-0.183333,-0.683333,-0.183333,-0.850000,-0.066667,-0.583333,0.000000,-0.383333,-0.383333,-0.600000,-0.400000,-0.766667,-0.266667,-0.533333,-0.166667,-0.333333,-0.550000,-0.500000,-0.716667,-0.766667,-0.816667,-0.883333,-0.866667,-1.000000
Y,Right,legacy_bisindo_Y_239,0.000000,0.000000,0.210526,0.175439,0.245614,0.473684,0.140351,0.684211,0.035088,0.824561,-0.035088,0.771930,-0.087719,0.982456,0.017544,0.754386,0.070175,0.578947,-0.245614,0.719298,-0.298246,0.912281,-0.192982,0.631579,-0.105263,0.438596,-0.421053,0.649123,-0.526316,0.824561,-0.403509,0.578947,-0.315789,0.385965,-0.614035,0.526316,-0.771930,0.771930,-0.859649,0.894737,-0.894737,1.000000
Y,Right,legacy_bisindo_Y_240,0.000000,0.000000,0.241379,0.155172,0.344828,0.465517,0.362069,0.724138,0.396552,0.879310,0.034483,0.793103,0.017241,0.931034,0.086207,0.637931,0.155172,0.448276,-0.189655,0.724138,-0.206897,0.844828,-0.120690,0.517241,-0.034483,0.310345,-0.379310,0.620690,-0.431034,0.741379,-0.310345,0.465517,-0.224138,0.258621,-0.551724,0.482759,-0.706897,0.741379,-0.810345,0.879310,-0.879310,1.000000
Y,Right,legacy_bisindo_Y_241,0.000000,0.000000,0.238806,-0.179104,0.402985,-0.492537,0.462687,-0.746269,0.507463,-0.955224,-0.014925,-0.731343,-0.029851,-0.925373,0.044776,-0.716418,0.074627,-0.522388,-0.208955,-0.671642,-0.238806,-0.835821,-0.119403,-0.582090,-0.059701,-0.388060,-0.388060,-0.582090,-0.417910,-0.761194,-0.268657,-0.507463,-0.194030,-0.313433,-0.537313,-0.462687,-0.686567,-0.716418,-0.761194,-0.850746,-0.835821,-1.000000
Y,Right,legacy_bisindo_Y_242,0.000000,0.000000,0.268657,0.179104,0.417910,0.492537,0.477612,0.746269,0.492537,0.925373,0.029851,0.776119,-0.044776,0.955224,0.029851,0.731343,0.089552,0.537313,-0.149254,0.701493,-0.223881,0.880597,-0.119403,0.626866,-0.029851,0.432836,-0.328358,0.597015,-0.402985,0.776119,-0.283582,0.537313,-0.194030,0.343284,-0.477612,0.477612,-0.626866,0.716418,-0.701493,0.865672,-0.761194,1.000000
Y,Right,legacy_bisindo_Y_243,0.000000,0.000000,0.246154,-0.138462,0.415385,-0.384615,0.461538,-0.569231,0.461538,-0.676923,0.046154,-0.738462,0.030769,-0.907692,0.092308,-0.692308,0.138462,-0.492308,-0.153846,-0.676923,-0.200000,-0.846154,-0.076923,-0.584615,0.000000,-0.384615,-0.338462,-0.569231,-0.384615,-0.723077,-0.230769,-0.476923,-0.123077,-0.276923,-0.507692,-0.446154,-0.661538,-0.692308,-0.738462,-0.846154,-0.815385,-1.000000
Y,Right,legacy_bisindo_Y_244,0.000000,0.000000,0.246377,-0.173913,0.405797,-0.492754,0.463768,-0.782609,0.507246,-0.985507,0.014493,-0.753623,-0.028986,-0.927536,0.028986,-0.710145,0.072464,-0.521739,-0.173913,-0.695652,-0.231884,-0.869565,-0.130435,-0.608696,-0.057971,-0.420290,-0.347826,-0.594203,-0.405797,-0.753623,-0.275362,-0.521739,-0.159420,-0.333333,-0.507246,-0.478261,-0.652174,-0.710145,-0.724638,-0.855072,-0.797101,-1.000000
Y,Right,legacy_bisindo_Y_245,0.000000,0.000000,0.270270,0.216216,0.418919,0.540541,0.459459,0.797297,0.500000,1.000000,0.027027,0.729730,-0.054054,0.891892,0.027027,0.689189,0.094595,0.513514,-0.148649,0.662162,-0.229730,0.837838,-0.135135,0.608108,-0.054054,0.432432,-0.310811,0.581081,-0.391892,0.743243,-0.297297,0.527027,-0.202703,0.351351,-0.445946,0.472973,-0.594595,0.675676,-0.662162,0.810811,-0.729730,0.945946
Y,Right,legacy_bisindo_Y_246,0.000000,0.000000,0.253731,-0.164179,0.417910,-0.477612,0.477612,-0.731343,0.537313,-0.895522,0.044776,-0.731343,0.014925,-0.895522,0.059701,-0.686567,0.089552,-0.492537,-0.164179,-0.671642,-0.208955,-0.820896,-0.104478,-0.567164,-0.044776,-0.388060,-0.343284,-0.582090,-0.388060,-0.731343,-0.253731,-0.492537,-0.164179,-0.298507,-0.492537,-0.462687,-0.641791,-0.701493,-0.731343,-0.850746,-0.805970,-1.000000
Y,Right,legacy_bisindo_Y_247,0.000000,0.000000,0.257576,0.181818,0.393939,0.484848,0.409091,0.727273,0.393939,0.909091,0.000000,0.772727,-0.075758,0.924242,-0.015152,0.696970,0.045455,0.515152,-0.196970,0.696970,-0.272727,0.863636,-0.166667,0.590909,-0.090909,0.409091,-0.378788,0.590909,-0.454545,0.727273,-0.333333,0.484848,-0.227273,0.303030,-0.530303,0.469697,-0.681818,0.712121,-0.757576,0.863636,-0.833333,1.000000
Y,Right,legacy_bisindo_Y_248,0.000000,0.000000,-0.238806,-0.074627,-0.507463,0.029851,-0.641791,0.194030,-0.656716,0.358209,-0.626866,0.358209,-0.805970,0.582090,-0.910448,0.731343,-1.000000,0.865672,-0.462687,0.492537,-0.597015,0.641791,-0.492537,0.417910,-0.402985,0.238806,-0.283582,0.597015,-0.432836,0.731343,-0.343284,0.492537,-0.238806,0.298507,-0.089552,0.656716,-0.223881,0.761194,-0.164179,0.567164,-0.119403,0.402985
Y,Right,legacy_bisindo_Y_249,0.000000,0.000000,-0.200000,-0.107692,-0.446154,-0.030769,-0.584615,0.123077,-0.661538,0.276923,-0.615385,0.353846,-0.800000,0.569231,-0.907692,0.707692,-1.000000,0.830769,-0.476923,0.476923,-0.600000,0.630769,-0.492308,0.415385,-0.384615,0.230769,-0.307692,0.584615,-0.446154,0.723077,-0.338462,0.476923,-0.246154,0.276923,-0.138462,0.646154,-0.246154,0.769231,-0.200000,0.584615,-0.138462,0.415385
Y,Right,legacy_bisindo_Y_250,0.000000,0.000000,0.231884,-0.173913,0.405797,-0.492754,0.434783,-0.753623,0.463768,-0.971014,0.000000,-0.739130,-0.057971,-0.913043,-0.014493,-0.695652,0.014493,-0.507246,-0.188406,-0.681159,-0.260870,-0.855072,-0.173913,-0.594203,-0.115942,-0.405797,-0.376812,-0.594203,-0.434783,-0.753623,-0.318841,-0.507246,-0.217391,-0.333333,-0.521739,-0.478261,-0.666667,-0.739130,-0.753623,-0.869565,-0.826087,-1.000000
Y,Right,legacy_bisindo_Y_251,0.000000,0.000000,0.264706,0.191176,0.426471,0.500000,0.470588,0.750000,0.470588,0.926471,0.029412,0.779412,-0.073529,0.926471,-0.014706,0.705882,0.058824,0.514706,-0.161765,0.720588,-0.264706,0.867647,-0.161765,0.602941,-0.073529,0.426471,-0.338235,0.617647,-0.441176,0.779412,-0.323529,0.529412,-0.220588,0.352941,-0.500000,0.500000,-0.647059,0.735294,-0.735294,0.867647,-0.808824,1.000000
Y,Right,legacy_bisindo_Y_252,0.000000,0.000000,-0.177419,0.112903,-0.451613,0.032258,-0.612903,-0.129032,-0.645161,-0.322581,-0.645161,-0.322581,-0.822581,-0.564516,-0.919355,-0.741935,-1.000000,-0.887097,-0.500000,-0.483871,-0.596774,-0.596774,-0.419355,-0.370968,-0.322581,-0.193548,-0.306452,-0.596774,-0.370968,-0.709677,-0.241935,-0.451613,-0.161290,-0.258065,-0.080645,-0.677419,-0.145161,-0.774194,-0.080645,-0.548387,-0.032258,-0.387097
Y,Right,legacy_bisindo_Y_253,0.000000,0.000000,-0.187500,0.109375,-0.453125,0.000000,-0.578125,-0.187500,-0.609375,-0.359375,-0.593750,-0.312500,-0.796875,-0.531250,-0.906250,-0.703125,-1.000000,-0.859375,-0.453125,-0.468750,-0.578125,-0.625000,-0.437500,-0.406250,-0.328125,-0.218750,-0.281250,-0.562500,-0.390625,-0.718750,-0.296875,-0.453125,-0.203125,-0.265625,-0.093750,-0.625000,-0.171875,-0.750000,-0.125000,-0.562500,-0.062500,-0.406250
Y,Right,legacy_bisindo_Y_254,0.000000,0.000000,0.200000,0.166667,0.216667,0.483333,0.116667,0.700000,0.033333,0.850000,-0.083333,0.766667,-0.150000,0.950000,-0.066667,0.700000,-0.016667,0.516667,-0.266667,0.716667,-0.350000,0.866667,-0.233333,0.566667,-0.150000,0.366667,-0.433333,0.616667,-0.533333,0.766667,-0.400000,0.483333,-0.300000,0.283333,-0.600000,0.500000,-0.783333,0.750000,-0.883333,0.883333,-0.966667,1.000000
Y,Right,legacy_bisindo_Y_255,0.000000,0.000000,0.220588,-0.161765,0.367647,-0.397059,0.367647,-0.573529,0.352941,-0.647059,-0.029412,-0.764706,-0.073529,-0.911765,0.000000,-0.676471,0.044118,-0.500000,-0.220588,-0.705882,-0.279412,-0.838235,-0.176471,-0.573529,-0.102941,-0.382353,-0.411765,-0.588235,-0.470588,-0.735294,-0.352941,-0.485294,-0.235294,-0.294118,-0.544118,-0.455882,-0.705882,-0.720588,-0.794118,-0.867647,-0.852941,-1.000000
Y,Right,legacy_bisindo_Y_256,0.000000,0.000000,0.253731,0.194030,0.388060,0.507463,0.417910,0.746269,0.402985,0.925373,0.029851,0.776119,-0.044776,0.940299,0.000000,0.701493,0.059701,0.492537,-0.164179,0.716418,-0.223881,0.850746,-0.149254,0.582090,-0.059701,0.373134,-0.343284,0.611940,-0.417910,0.746269,-0.313433,0.507463,-0.208955,0.313433,-0.492537,0.492537,-0.641791,0.731343,-0.746269,0.865672,-0.820896,1.000000
Y,Right,legacy_bisindo_Y_257,0.000000,0.000000,0.274194,0.177419,0.387097,0.483871,0.387097,0.725806,0.370968,0.887097,0.032258,0.790323,-0.032258,0.951613,0.032258,0.677419,0.080645,0.483871,-0.193548,0.741935,-0.241935,0.870968,-0.145161,0.548387,-0.064516,0.354839,-0.370968,0.661290,-0.467742,0.774194,-0.338710,0.500000,-0.241935,0.306452,-0.548387,0.516129,-0.709677,0.758065,-0.806452,0.887097,-0.887097,1.000000
Y,Right,legacy_bisindo_Y_258,0.000000,0.000000,0.175439,-0.175439,0.228070,-0.491228,0.140351,-0.701754,0.000000,-0.807018,-0.052632,-0.789474,-0.122807,-0.912281,0.000000,-0.666667,0.087719,-0.473684,-0.280702,-0.736842,-0.333333,-0.877193,-0.175439,-0.561404,-0.087719,-0.368421,-0.473684,-0.631579,-0.526316,-0.807018,-0.385965,-0.526316,-0.263158,-0.333333,-0.649123,-0.508772,-0.824561,-0.771930,-0.929825,-0.894737,-1.000000,-1.000000
Y,Right,legacy_bisindo_Y_259,0.000000,0.000000,0.241935,0.177419,0.338710,0.483871,0.338710,0.709677,0.322581,0.854839,0.000000,0.790323,-0.032258,0.935484,0.032258,0.693548,0.096774,0.500000,-0.193548,0.741935,-0.225806,0.870968,-0.112903,0.564516,-0.032258,0.370968,-0.370968,0.629032,-0.435484,0.741935,-0.290323,0.483871,-0.193548,0.290323,-0.532258,0.483871,-0.693548,0.725806,-0.774194,0.887097,-0.854839,1.000000
Y,Right,legacy_bisindo_Y_260,0.000000,0.000000,0.231884,-0.173913,0.362319,-0.478261,0.362319,-0.710145,0.333333,-0.855072,-0.028986,-0.739130,-0.086957,-0.884058,-0.014493,-0.666667,0.057971,-0.492754,-0.217391,-0.681159,-0.275362,-0.826087,-0.173913,-0.565217,-0.101449,-0.405797,-0.391304,-0.579710,-0.463768,-0.724638,-0.333333,-0.492754,-0.231884,-0.318841,-0.536232,-0.463768,-0.681159,-0.710145,-0.768116,-0.869565,-0.855072,-1.000000
Y,Right,legacy_bisindo_Y_261,0.000000,0.000000,0.293103,0.189655,0.431034,0.534483,0.465517,0.775862,0.431034,0.948276,0.051724,0.793103,0.017241,1.000000,0.086207,0.758621,0.137931,0.568966,-0.172414,0.758621,-0.206897,0.913793,-0.103448,0.603448,-0.034483,0.396552,-0.362069,0.672414,-0.431034,0.844828,-0.310345,0.586207,-0.224138,0.362069,-0.534483,0.551724,-0.689655,0.793103,-0.775862,0.879310,-0.844828,0.931034
Y,Right,legacy_bisindo_Y_262,0.000000,0.000000,0.264151,0.169811,0.339623,0.452830,0.245283,0.660377,0.113208,0.773585,0.037736,0.792453,0.000000,1.000000,0.075472,0.735849,0.132075,0.584906,-0.188679,0.773585,-0.226415,0.943396,-0.113208,0.603774,-0.037736,0.415094,-0.377358,0.679245,-0.433962,0.830189,-0.301887,0.528302,-0.207547,0.339623,-0.547170,0.566038,-0.698113,0.754717,-0.735849,0.792453,-0.773585,0.792453
Y,Right,legacy_bisindo_Y_263,0.000000,0.000000,0.186441,-0.186441,0.271186,-0.491525,0.220339,-0.694915,0.152542,-0.796610,-0.016949,-0.762712,-0.050847,-0.898305,0.033898,-0.677966,0.101695,-0.474576,-0.237288,-0.711864,-0.271186,-0.830508,-0.152542,-0.559322,-0.067797,-0.355932,-0.440678,-0.644068,-0.457627,-0.762712,-0.338983,-0.525424,-0.237288,-0.322034,-0.610169,-0.542373,-0.745763,-0.813559,-0.813559,-0.915254,-0.864407,-1.000000
Y,Right,legacy_bisindo_Y_264,0.000000,0.000000,-0.285714,0.040816,-0.612245,-0.122449,-0.755102,-0.367347,-0.836735,-0.571429,-0.693878,-0.673469,-0.734694,-0.836735,-0.612245,-0.571429,-0.510204,-0.346939,-0.510204,-0.836735,-0.530612,-0.938776,-0.387755,-0.612245,-0.285714,-0.367347,-0.285714,-0.918367,-0.326531,-1.000000,-0.204082,-0.693878,-0.102041,-0.469388,-0.040816,-0.938776,-0.061224,-1.000000,-0.020408,-0.775510,0.061224,-0.571429
Y,Right,legacy_bisindo_Y_265,0.000000,0.000000,-0.173077,-0.038462,-0.403846,0.134615,-0.557692,0.365385,-0.653846,0.538462,-0.538462,0.519231,-0.750000,0.769231,-0.903846,0.865385,-1.000000,0.942308,-0.403846,0.653846,-0.519231,0.826923,-0.403846,0.557692,-0.307692,0.326923,-0.269231,0.730769,-0.365385,0.903846,-0.250000,0.596154,-0.173077,0.346154,-0.096154,0.769231,-0.211538,0.903846,-0.153846,0.673077,-0.076923,0.461538
Y,Right,legacy_bisindo_Y_266,0.000000,0.000000,0.229508,-0.180328,0.311475,-0.508197,0.262295,-0.737705,0.196721,-0.868852,-0.016393,-0.737705,-0.065574,-0.901639,0.032787,-0.688525,0.098361,-0.475410,-0.229508,-0.688525,-0.262295,-0.885246,-0.147541,-0.606557,-0.065574,-0.377049,-0.426230,-0.622951,-0.459016,-0.819672,-0.344262,-0.557377,-0.245902,-0.344262,-0.606557,-0.524590,-0.737705,-0.803279,-0.836066,-0.934426,-0.885246,-1.000000
Y,Right,legacy_bisindo_Y_267,0.000000,0.000000,0.235294,0.176471,0.367647,0.500000,0.411765,0.735294,0.426471,0.941176,0.000000,0.735294,-0.073529,0.911765,-0.029412,0.691176,0.029412,0.485294,-0.191176,0.676471,-0.250000,0.838235,-0.161765,0.573529,-0.102941,0.382353,-0.352941,0.588235,-0.441176,0.735294,-0.308824,0.500000,-0.220588,0.308824,-0.514706,0.455882,-0.647059,0.705882,-0.735294,0.867647,-0.808824,1.000000
Y,Right,legacy_bisindo_Y_268,0.000000,0.000000,-0.134146,-0.256098,-0.219512,-0.475610,-0.256098,-0.658537,-0.292683,-0.792683,-0.243902,-0.475610,-0.231707,-0.682927,-0.170732,-0.865854,-0.121951,-1.000000,-0.109756,-0.439024,-0.097561,-0.634146,-0.036585,-0.817073,0.024390,-0.963415,0.048780,-0.390244,0.060976,-0.573171,0.097561,-0.756098,0.146341,-0.902439,0.219512,-0.341463,0.268293,-0.487805,0.304878,-0.634146,0.353659,-0.743902
Y,Right,legacy_bisindo_Y_269,0.000000,0.000000,0.216216,-0.162162,0.351351,-0.486486,0.378378,-0.729730,0.418919,-0.918919,-0.027027,-0.702703,-0.067568,-0.864865,0.000000,-0.648649,0.054054,-0.472973,-0.202703,-0.648649,-0.256757,-0.797297,-0.162162,-0.567568,-0.094595,-0.391892,-0.364865,-0.567568,-0.418919,-0.716216,-0.310811,-0.486486,-0.216216,-0.297297,-0.513514,-0.445946,-0.635135,-0.702703,-0.716216,-0.864865,-0.770270,-1.000000
Y,Right,legacy_bisindo_Y_270,0.000000,0.000000,0.236111,0.166667,0.361111,0.472222,0.388889,0.680556,0.416667,0.847222,0.027778,0.708333,-0.013889,0.861111,0.027778,0.652778,0.083333,0.472222,-0.138889,0.666667,-0.180556,0.819444,-0.097222,0.555556,-0.027778,0.375000,-0.305556,0.583333,-0.375000,0.736111,-0.277778,0.500000,-0.180556,0.319444,-0.458333,0.472222,-0.583333,0.722222,-0.652778,0.875000,-0.708333,1.000000
Y,Right,legacy_bisindo_Y_271,0.000000,0.000000,-0.134831,-0.224719,-0.202247,-0.460674,-0.213483,-0.640449,-0.191011,-0.764045,-0.235955,-0.483146,-0.235955,-0.730337,-0.179775,-0.887640,-0.123596,-1.000000,-0.123596,-0.460674,-0.089888,-0.674157,-0.033708,-0.842697,0.022472,-0.977528,0.011236,-0.426966,0.044944,-0.629213,0.089888,-0.797753,0.134831,-0.910112,0.157303,-0.370787,0.213483,-0.550562,0.258427,-0.674157,0.292135,-0.786517
Y,Right,legacy_bisindo_Y_272,0.000000,0.000000,0.205128,-0.205128,0.346154,-0.525641,0.384615,-0.782051,0.423077,-0.987179,-0.025641,-0.717949,-0.076923,-0.871795,-0.025641,-0.666667,0.025641,-0.500000,-0.205128,-0.666667,-0.256410,-0.833333,-0.179487,-0.589744,-0.102564,-0.410256,-0.346154,-0.576923,-0.423077,-0.730769,-0.320513,-0.512821,-0.217949,-0.358974,-0.487179,-0.474359,-0.602564,-0.717949,-0.666667,-0.858974,-0.717949,-1.000000
Y,Right,legacy_bisindo_Y_273,0.000000,0.000000,0.228070,0.157895,0.298246,0.473684,0.245614,0.701754,0.175439,0.824561,0.017544,0.824561,0.000000,1.000000,0.070175,0.719298,0.122807,0.526316,-0.192982,0.771930,-0.228070,0.912281,-0.122807,0.596491,-0.052632,0.385965,-0.368421,0.684211,-0.421053,0.807018,-0.315789,0.508772,-0.228070,0.298246,-0.543860,0.543860,-0.684211,0.771930,-0.771930,0.894737,-0.842105,0.964912
Y,Right,legacy_bisindo_Y_274,0.000000,0.000000,0.300000,-0.250000,0.525000,-0.475000,0.725000,-0.600000,0.925000,-0.625000,0.375000,-0.275000,0.150000,-0.825000,0.125000,-1.000000,0.225000,-0.950000,0.125000,-0.125000,-0.150000,-0.800000,-0.125000,-0.975000,0.000000,-0.850000,-0.150000,0.000000,-0.425000,-0.600000,-0.375000,-0.775000,-0.225000,-0.675000,-0.400000,0.125000,-0.625000,-0.325000,-0.575000,-0.475000,-0.475000,-0.475000
Y,Right,legacy_bisindo_Y_275,0.000000,0.000000,0.231884,-0.144928,0.376812,-0.405797,0.420290,-0.608696,0.434783,-0.753623,0.014493,-0.739130,-0.014493,-0.869565,0.057971,-0.666667,0.086957,-0.492754,-0.173913,-0.695652,-0.202899,-0.826087,-0.115942,-0.565217,-0.043478,-0.391304,-0.347826,-0.608696,-0.376812,-0.724638,-0.275362,-0.492754,-0.173913,-0.304348,-0.492754,-0.492754,-0.623188,-0.724638,-0.724638,-0.884058,-0.782609,-1.000000
Y,Right,legacy_bisindo_Y_276,0.000000,0.000000,0.239437,0.154930,0.380282,0.422535,0.408451,0.619718,0.408451,0.774648,0.056338,0.718310,0.000000,0.859155,0.042254,0.647887,0.084507,0.464789,-0.126761,0.661972,-0.169014,0.802817,-0.098592,0.549296,-0.028169,0.366197,-0.295775,0.577465,-0.352113,0.718310,-0.253521,0.492958,-0.169014,0.309859,-0.450704,0.478873,-0.563380,0.718310,-0.633803,0.873239,-0.704225,1.000000
Y,Right,legacy_bisindo_Y_277,0.000000,0.000000,0.237288,-0.135593,0.372881,-0.406780,0.389831,-0.627119,0.372881,-0.762712,0.050847,-0.779661,0.000000,-0.949153,0.067797,-0.711864,0.118644,-0.508475,-0.186441,-0.728814,-0.237288,-0.932203,-0.118644,-0.627119,-0.050847,-0.406780,-0.389831,-0.644068,-0.457627,-0.847458,-0.322034,-0.559322,-0.220339,-0.338983,-0.576271,-0.525424,-0.728814,-0.813559,-0.813559,-0.932203,-0.864407,-1.000000
Y,Right,legacy_bisindo_Y_278,0.000000,0.000000,0.242424,0.151515,0.348485,0.454545,0.378788,0.651515,0.393939,0.803030,0.045455,0.742424,0.000000,0.893939,0.045455,0.666667,0.106061,0.469697,-0.151515,0.681818,-0.181818,0.848485,-0.106061,0.575758,-0.030303,0.363636,-0.318182,0.590909,-0.393939,0.742424,-0.272727,0.500000,-0.181818,0.303030,-0.484848,0.484848,-0.606061,0.727273,-0.681818,0.878788,-0.757576,1.000000
Y,Right,legacy_bisindo_Y_279,0.000000,0.000000,-0.177419,0.258065,-0.338710,0.483871,-0.354839,0.661290,-0.306452,0.758065,-0.435484,0.370968,-0.435484,0.612903,-0.354839,0.838710,-0.258065,1.000000,-0.241935,0.306452,-0.241935,0.532258,-0.145161,0.790323,-0.048387,1.000000,-0.048387,0.274194,-0.016129,0.500000,0.064516,0.741935,0.129032,0.935484,0.177419,0.258065,0.225806,0.451613,0.274194,0.629032,0.306452,0.790323
Y,Right,legacy_bisindo_Y_280,0.000000,0.000000,-0.192982,-0.105263,-0.421053,-0.017544,-0.578947,0.122807,-0.649123,0.228070,-0.666667,0.350877,-0.807018,0.543860,-0.929825,0.719298,-1.000000,0.877193,-0.526316,0.526316,-0.561404,0.526316,-0.421053,0.298246,-0.315789,0.122807,-0.333333,0.631579,-0.368421,0.596491,-0.263158,0.368421,-0.157895,0.175439,-0.122807,0.684211,-0.122807,0.631579,-0.070175,0.438596,-0.017544,0.280702
Y,Right,legacy_bisindo_Y_281,0.000000,0.000000,-0.222222,0.388889,-0.333333,0.555556,-0.333333,0.666667,-0.361111,0.750000,-0.388889,0.111111,-0.388889,0.277778,-0.250000,0.583333,-0.138889,0.805556,-0.083333,-0.111111,-0.083333,0.055556,0.138889,0.500000,0.250000,0.861111,0.277778,-0.250000,0.333333,-0.083333,0.500000,0.361111,0.555556,0.666667,0.611111,-0.277778,0.805556,-0.083333,0.944444,0.250000,1.000000,0.472222
Y,Right,legacy_bisindo_Y_282,0.000000,0.000000,0.217391,-0.159420,0.362319,-0.463768,0.391304,-0.695652,0.376812,-0.855072,-0.014493,-0.710145,-0.057971,-0.869565,0.028986,-0.652174,0.086957,-0.463768,-0.202899,-0.666667,-0.246377,-0.826087,-0.144928,-0.565217,-0.072464,-0.391304,-0.376812,-0.594203,-0.405797,-0.753623,-0.304348,-0.507246,-0.202899,-0.318841,-0.521739,-0.492754,-0.652174,-0.753623,-0.724638,-0.884058,-0.782609,-1.000000
Y,Right,legacy_bisindo_Y_283,0.000000,0.000000,-0.181818,-0.272727,-0.257576,-0.484848,-0.242424,-0.666667,-0.166667,-0.803030,-0.287879,-0.409091,-0.272727,-0.621212,-0.196970,-0.848485,-0.106061,-1.000000,-0.121212,-0.348485,-0.106061,-0.545455,-0.015152,-0.787879,0.045455,-0.969697,0.075758,-0.287879,0.090909,-0.484848,0.166667,-0.712121,0.212121,-0.878788,0.272727,-0.242424,0.333333,-0.393939,0.378788,-0.575758,0.424242,-0.712121
Y,Right,legacy_bisindo_Y_284,0.000000,0.000000,-0.192982,0.070175,-0.421053,-0.017544,-0.561404,-0.175439,-0.631579,-0.298246,-0.614035,-0.368421,-0.824561,-0.614035,-0.929825,-0.789474,-1.000000,-0.912281,-0.491228,-0.508772,-0.596491,-0.666667,-0.456140,-0.421053,-0.350877,-0.228070,-0.315789,-0.596491,-0.403509,-0.736842,-0.298246,-0.456140,-0.192982,-0.263158,-0.122807,-0.649123,-0.192982,-0.736842,-0.140351,-0.526316,-0.070175,-0.350877
Y,Right,legacy_bisindo_Y_285,0.000000,0.000000,0.216216,-0.175676,0.351351,-0.432432,0.391892,-0.635135,0.405405,-0.770270,-0.013514,-0.702703,-0.040541,-0.864865,0.013514,-0.662162,0.054054,-0.486486,-0.189189,-0.662162,-0.229730,-0.810811,-0.135135,-0.567568,-0.067568,-0.378378,-0.351351,-0.581081,-0.391892,-0.729730,-0.297297,-0.500000,-0.202703,-0.310811,-0.500000,-0.472973,-0.608108,-0.716216,-0.675676,-0.864865,-0.716216,-1.000000
Y,Right,legacy_bisindo_Y_286,0.000000,0.000000,0.163636,-0.200000,0.200000,-0.581818,0.109091,-0.818182,0.000000,-0.945455,-0.090909,-0.818182,-0.145455,-1.000000,-0.018182,-0.745455,0.054545,-0.509091,-0.272727,-0.763636,-0.327273,-0.963636,-0.181818,-0.654545,-0.109091,-0.400000,-0.472727,-0.672727,-0.527273,-0.872727,-0.363636,-0.600000,-0.254545,-0.363636,-0.654545,-0.545455,-0.800000,-0.763636,-0.800000,-0.763636,-0.818182,-0.745455
Y,Right,legacy_bisindo_Y_287,0.000000,0.000000,-0.200000,-0.257143,-0.257143,-0.257143,-0.285714,-0.314286,-0.228571,-0.457143,-0.228571,0.285714,-0.142857,0.142857,-0.028571,-0.257143,0.114286,-0.571429,0.057143,0.457143,0.171429,0.257143,0.314286,-0.171429,0.428571,-0.514286,0.342857,0.542857,0.457143,0.371429,0.600000,-0.057143,0.685714,-0.371429,0.628571,0.542857,0.828571,0.428571,0.942857,0.142857,1.000000,-0.114286
Y,Right,legacy_bisindo_Y_288,0.000000,0.000000,0.207792,-0.155844,0.376623,-0.480519,0.415584,-0.753247,0.441558,-0.974026,-0.012987,-0.701299,-0.077922,-0.857143,-0.025974,-0.649351,0.038961,-0.480519,-0.194805,-0.636364,-0.246753,-0.805195,-0.155844,-0.558442,-0.090909,-0.389610,-0.350649,-0.558442,-0.415584,-0.714286,-0.311688,-0.493506,-0.233766,-0.337662,-0.493506,-0.454545,-0.623377,-0.688312,-0.714286,-0.844156,-0.792208,-1.000000
Y,Right,legacy_bisindo_Y_289,0.000000,0.000000,0.200000,-0.160000,0.320000,-0.426667,0.360000,-0.640000,0.386667,-0.773333,-0.026667,-0.706667,-0.066667,-0.866667,0.000000,-0.666667,0.053333,-0.480000,-0.186667,-0.653333,-0.240000,-0.813333,-0.146667,-0.573333,-0.080000,-0.386667,-0.360000,-0.573333,-0.426667,-0.720000,-0.306667,-0.493333,-0.200000,-0.320000,-0.506667,-0.453333,-0.640000,-0.706667,-0.720000,-0.853333,-0.786667,-1.000000
Y,Right,legacy_bisindo_Y_290,0.000000,0.000000,0.215190,-0.164557,0.354430,-0.493671,0.379747,-0.734177,0.367089,-0.911392,-0.037975,-0.696203,-0.088608,-0.860759,-0.025316,-0.658228,0.025316,-0.481013,-0.215190,-0.632911,-0.265823,-0.810127,-0.177215,-0.569620,-0.113924,-0.392405,-0.367089,-0.544304,-0.430380,-0.696203,-0.329114,-0.481013,-0.227848,-0.303797,-0.518987,-0.430380,-0.645570,-0.683544,-0.734177,-0.848101,-0.797468,-1.000000
Y,Right,legacy_bisindo_Y_291,0.000000,0.000000,0.211268,-0.169014,0.295775,-0.464789,0.211268,-0.647887,0.098592,-0.718310,-0.014085,-0.732394,-0.070423,-0.887324,0.000000,-0.661972,0.056338,-0.464789,-0.211268,-0.676056,-0.253521,-0.830986,-0.154930,-0.563380,-0.070423,-0.366197,-0.394366,-0.577465,-0.422535,-0.746479,-0.323944,-0.492958,-0.225352,-0.281690,-0.563380,-0.464789,-0.704225,-0.718310,-0.788732,-0.873239,-0.859155,-1.000000
Y,Right,legacy_bisindo_Y_292,0.000000,0.000000,-0.142857,-0.238095,-0.309524,-0.095238,-0.476190,0.095238,-0.642857,0.333333,-0.214286,0.309524,-0.142857,0.214286,0.000000,-0.119048,0.142857,-0.404762,0.071429,0.476190,0.119048,0.380952,0.285714,-0.023810,0.404762,-0.333333,0.333333,0.571429,0.380952,0.476190,0.547619,0.119048,0.666667,-0.166667,0.571429,0.619048,0.738095,0.571429,0.880952,0.309524,1.000000,0.095238
Y,Right,legacy_bisindo_Y_293,0.000000,0.000000,-0.257143,0.257143,-0.628571,0.285714,-0.885714,0.171429,-1.000000,0.028571,-0.742857,-0.457143,-0.542857,-0.285714,-0.314286,0.142857,-0.114286,0.457143,-0.371429,-0.742857,-0.200000,-0.485714,0.000000,0.000000,0.142857,0.371429,0.028571,-0.800000,0.171429,-0.600000,0.314286,-0.142857,0.371429,0.228571,0.371429,-0.742857,0.485714,-0.628571,0.600000,-0.314286,0.685714,-0.057143
Y,Right,legacy_bisindo_Y_294,0.000000,0.000000,-0.243243,-0.243243,-0.378378,-0.216216,-0.513514,-0.216216,-0.594595,-0.297297,-0.324324,0.297297,-0.243243,0.324324,-0.108108,-0.027027,0.054054,-0.297297,0.000000,0.513514,0.027027,0.513514,0.189189,0.108108,0.324324,-0.243243,0.324324,0.621622,0.351351,0.594595,0.513514,0.189189,0.648649,-0.108108,0.621622,0.648649,0.756757,0.621622,0.891892,0.324324,1.000000,0.081081
Y,Right,legacy_bisindo_Y_295,0.000000,0.000000,-0.320000,0.280000,-0.680000,0.400000,-0.840000,0.640000,-0.920000,0.920000,-0.760000,-0.400000,-0.480000,0.040000,-0.240000,0.560000,0.000000,1.000000,-0.360000,-0.760000,0.000000,-0.200000,0.240000,0.400000,0.360000,0.800000,0.080000,-0.880000,0.400000,-0.400000,0.600000,0.160000,0.680000,0.520000,0.480000,-0.840000,0.680000,-0.520000,0.800000,-0.080000,0.800000,0.200000
Y,Right,legacy_bisindo_Y_296,0.000000,0.000000,-0.095238,-0.214286,-0.142857,-0.333333,-0.119048,-0.452381,-0.071429,-0.547619,-0.119048,0.166667,0.071429,-0.023810,0.190476,-0.309524,0.309524,-0.523810,0.119048,0.357143,0.285714,0.142857,0.428571,-0.190476,0.523810,-0.428571,0.333333,0.452381,0.547619,0.238095,0.666667,-0.095238,0.761905,-0.357143,0.547619,0.452381,0.809524,0.261905,0.928571,0.000000,1.000000,-0.190476
Y,Right,legacy_bisindo_Y_297,0.000000,0.000000,-0.242424,0.151515,-0.636364,0.151515,-0.878788,0.060606,-1.000000,-0.060606,-0.606061,-0.212121,-0.484848,-0.090909,-0.454545,0.060606,-0.484848,0.151515,-0.272727,-0.545455,-0.121212,-0.303030,-0.060606,-0.060606,-0.060606,0.121212,0.090909,-0.696970,0.242424,-0.424242,0.303030,-0.151515,0.272727,0.030303,0.393939,-0.696970,0.484848,-0.484848,0.515152,-0.242424,0.515152,-0.090909
Y,Right,legacy_bisindo_Y_298,0.000000,0.000000,-0.162162,-0.189189,-0.243243,-0.324324,-0.270270,-0.405405,-0.297297,-0.540541,-0.216216,0.189189,-0.135135,-0.054054,-0.027027,-0.405405,0.081081,-0.621622,0.054054,0.351351,0.162162,0.108108,0.297297,-0.270270,0.378378,-0.540541,0.297297,0.432432,0.459459,0.216216,0.594595,-0.135135,0.675676,-0.405405,0.567568,0.459459,0.783784,0.270270,0.918919,0.000000,1.000000,-0.216216
Y,Right,legacy_bisindo_Y_299,0.000000,0.000000,0.238095,-0.190476,0.380952,-0.511905,0.392857,-0.738095,0.369048,-0.892857,-0.035714,-0.714286,-0.083333,-0.880952,-0.023810,-0.678571,0.035714,-0.511905,-0.202381,-0.654762,-0.261905,-0.821429,-0.166667,-0.583333,-0.095238,-0.392857,-0.357143,-0.559524,-0.440476,-0.738095,-0.333333,-0.511905,-0.226190,-0.333333,-0.500000,-0.452381,-0.642857,-0.690476,-0.714286,-0.857143,-0.761905,-1.000000
Y,Right,legacy_bisindo_Y_300,0.000000,0.000000,-0.268657,-0.328358,-0.507463,-0.477612,-0.716418,-0.492537,-0.835821,-0.432836,-0.507463,-0.492537,-0.582090,-0.611940,-0.507463,-0.805970,-0.432836,-0.955224,-0.343284,-0.447761,-0.432836,-0.507463,-0.343284,-0.761194,-0.253731,-1.000000,-0.149254,-0.402985,-0.238806,-0.462687,-0.164179,-0.701493,-0.089552,-0.910448,0.059701,-0.343284,0.014925,-0.432836,0.029851,-0.611940,0.059701,-0.791045
Y,Right,legacy_bisindo_Y_301,0.000000,0.000000,0.281250,-0.171875,0.406250,-0.484375,0.281250,-0.671875,0.078125,-0.656250,0.031250,-0.765625,-0.093750,-1.000000,-0.078125,-0.875000,-0.078125,-0.750000,-0.218750,-0.734375,-0.265625,-0.921875,-0.125000,-0.625000,-0.015625,-0.406250,-0.437500,-0.640625,-0.468750,-0.828125,-0.312500,-0.546875,-0.203125,-0.312500,-0.625000,-0.515625,-0.687500,-0.671875,-0.593750,-0.531250,-0.515625,-0.390625
Y,Right,legacy_bisindo_Y_302,0.000000,0.000000,-0.200000,-0.350000,-0.325000,-0.425000,-0.450000,-0.450000,-0.600000,-0.500000,-0.375000,0.000000,-0.325000,-0.200000,-0.200000,-0.575000,-0.100000,-0.850000,-0.075000,0.175000,-0.025000,-0.075000,0.150000,-0.500000,0.300000,-0.825000,0.225000,0.275000,0.300000,0.075000,0.475000,-0.350000,0.600000,-0.675000,0.550000,0.350000,0.750000,0.225000,0.900000,-0.075000,1.000000,-0.300000
Y,Right,legacy_bisindo_Y_303,0.000000,0.000000,-0.295455,-0.022727,-0.636364,-0.250000,-0.840909,-0.590909,-1.000000,-0.886364,-0.386364,-0.272727,-0.363636,-0.500000,-0.272727,-0.363636,-0.181818,-0.250000,-0.045455,-0.386364,-0.113636,-0.772727,0.000000,-0.568182,0.113636,-0.363636,0.250000,-0.500000,0.204545,-0.840909,0.272727,-0.636364,0.318182,-0.477273,0.500000,-0.590909,0.522727,-0.840909,0.568182,-0.681818,0.613636,-0.522727
Y,Right,legacy_bisindo_Y_304,0.000000,0.000000,-0.200000,-0.225000,-0.425000,-0.150000,-0.575000,-0.025000,-0.675000,0.075000,-0.400000,0.300000,-0.350000,0.075000,-0.225000,-0.300000,-0.075000,-0.600000,-0.100000,0.450000,-0.025000,0.225000,0.125000,-0.175000,0.250000,-0.500000,0.225000,0.525000,0.300000,0.350000,0.425000,-0.050000,0.525000,-0.325000,0.550000,0.575000,0.725000,0.500000,0.875000,0.250000,1.000000,0.050000
Y,Right,legacy_bisindo_Y_305,0.000000,0.000000,-0.250000,0.113636,-0.659091,-0.022727,-0.863636,-0.181818,-1.000000,-0.386364,-0.545455,-0.454545,-0.522727,-0.318182,-0.340909,0.022727,-0.181818,0.295455,-0.204545,-0.613636,-0.181818,-0.522727,-0.045455,-0.090909,0.068182,0.181818,0.090909,-0.659091,0.159091,-0.613636,0.250000,-0.227273,0.295455,0.045455,0.386364,-0.659091,0.500000,-0.681818,0.613636,-0.454545,0.704545,-0.250000
Y,Right,legacy_bisindo_Y_306,0.000000,0.000000,-0.187500,-0.187500,-0.312500,-0.062500,-0.416667,0.104167,-0.520833,0.291667,-0.208333,0.333333,-0.125000,0.270833,-0.020833,-0.062500,0.083333,-0.312500,0.062500,0.500000,0.104167,0.395833,0.229167,0.020833,0.354167,-0.291667,0.291667,0.562500,0.354167,0.500000,0.479167,0.145833,0.583333,-0.104167,0.541667,0.604167,0.729167,0.604167,0.875000,0.416667,1.000000,0.250000
Y,Right,legacy_bisindo_Y_307,0.000000,0.000000,-0.235294,0.205882,-0.617647,0.205882,-0.852941,0.205882,-1.000000,0.264706,-0.705882,-0.470588,-0.529412,-0.176471,-0.323529,0.264706,-0.176471,0.588235,-0.352941,-0.764706,-0.117647,-0.323529,0.029412,0.176471,0.117647,0.500000,0.029412,-0.823529,0.235294,-0.441176,0.382353,0.058824,0.411765,0.352941,0.382353,-0.735294,0.500000,-0.470588,0.558824,-0.117647,0.558824,0.147059
Y,Right,legacy_bisindo_Y_308,0.000000,0.000000,-0.151515,-0.303030,-0.242424,-0.393939,-0.303030,-0.484848,-0.363636,-0.636364,-0.242424,0.333333,-0.151515,0.090909,-0.030303,-0.333333,0.121212,-0.666667,0.030303,0.606061,0.151515,0.363636,0.303030,-0.151515,0.454545,-0.545455,0.272727,0.696970,0.454545,0.454545,0.636364,-0.060606,0.757576,-0.454545,0.575758,0.696970,0.787879,0.454545,0.939394,0.060606,1.000000,-0.272727
Y,Right,legacy_bisindo_Y_309,0.000000,0.000000,0.211111,-0.144444,0.355556,-0.400000,0.355556,-0.588889,0.277778,-0.688889,0.022222,-0.688889,0.011111,-0.844444,0.055556,-0.633333,0.088889,-0.444444,-0.155556,-0.655556,-0.166667,-0.833333,-0.100000,-0.566667,-0.055556,-0.377778,-0.333333,-0.588889,-0.366667,-0.755556,-0.277778,-0.511111,-0.211111,-0.311111,-0.500000,-0.488889,-0.633333,-0.722222,-0.711111,-0.866667,-0.755556,-1.000000
Y,Right,legacy_bisindo_Y_310,0.000000,0.000000,-0.266667,-0.044444,-0.533333,0.222222,-0.822222,0.533333,-1.000000,0.800000,-0.355556,0.533333,-0.333333,0.600000,-0.288889,0.244444,-0.200000,-0.088889,0.000000,0.666667,-0.044444,0.755556,0.044444,0.333333,0.133333,-0.022222,0.288889,0.688889,0.222222,0.777778,0.311111,0.377778,0.400000,0.066667,0.555556,0.644444,0.577778,0.733333,0.622222,0.488889,0.666667,0.266667
Y,Right,legacy_bisindo_Y_311,0.000000,0.000000,-0.285714,-0.031746,-0.603175,-0.269841,-0.825397,-0.555556,-1.000000,-0.809524,-0.412698,-0.380952,-0.380952,-0.523810,-0.317460,-0.317460,-0.285714,-0.126984,-0.126984,-0.476190,-0.126984,-0.619048,-0.079365,-0.365079,-0.063492,-0.142857,0.126984,-0.507937,0.126984,-0.634921,0.142857,-0.380952,0.142857,-0.174603,0.333333,-0.476190,0.333333,-0.555556,0.349206,-0.412698,0.349206,-0.253968
Y,Right,legacy_bisindo_Y_312,0.000000,0.000000,-0.235294,-0.058824,-0.490196,0.235294,-0.745098,0.627451,-0.882353,1.000000,-0.352941,0.490196,-0.313725,0.607843,-0.196078,0.313725,-0.078431,0.039216,-0.019608,0.607843,-0.058824,0.745098,0.058824,0.392157,0.156863,0.078431,0.235294,0.647059,0.196078,0.764706,0.313725,0.411765,0.392157,0.117647,0.470588,0.647059,0.490196,0.705882,0.549020,0.490196,0.588235,0.254902
Y,Right,legacy_bisindo_Y_313,0.000000,0.000000,-0.245614,0.052632,-0.561404,-0.157895,-0.771930,-0.421053,-1.000000,-0.666667,-0.385965,-0.368421,-0.298246,-0.210526,-0.210526,0.070175,-0.140351,0.315789,-0.070175,-0.508772,-0.035088,-0.315789,0.035088,0.000000,0.087719,0.210526,0.175439,-0.543860,0.245614,-0.385965,0.298246,-0.087719,0.298246,0.122807,0.368421,-0.508772,0.491228,-0.491228,0.614035,-0.315789,0.684211,-0.140351
Y,Right,legacy_bisindo_Y_314,0.000000,0.000000,-0.288136,-0.050847,-0.559322,0.271186,-0.779661,0.661017,-0.932203,1.000000,-0.338983,0.508475,-0.288136,0.508475,-0.237288,0.271186,-0.220339,0.050847,-0.016949,0.627119,-0.050847,0.627119,0.016949,0.322034,0.050847,0.067797,0.237288,0.644068,0.203390,0.694915,0.254237,0.372881,0.271186,0.118644,0.440678,0.627119,0.525424,0.694915,0.610169,0.525424,0.644068,0.372881
Y,Right,legacy_bisindo_Y_315,0.000000,0.000000,-0.292308,0.000000,-0.600000,-0.276923,-0.830769,-0.523077,-1.000000,-0.738462,-0.430769,-0.446154,-0.400000,-0.430769,-0.353846,-0.153846,-0.323077,0.076923,-0.138462,-0.538462,-0.138462,-0.476923,-0.123077,-0.184615,-0.138462,0.061538,0.123077,-0.523077,0.107692,-0.507692,0.107692,-0.215385,0.076923,0.015385,0.353846,-0.461538,0.369231,-0.461538,0.353846,-0.276923,0.338462,-0.107692
Y,Right,legacy_bisindo_Y_316,0.000000,0.000000,-0.293103,0.000000,-0.586207,0.344828,-0.844828,0.689655,-1.000000,1.000000,-0.362069,0.482759,-0.379310,0.603448,-0.310345,0.293103,-0.241379,0.017241,-0.034483,0.568966,-0.103448,0.724138,-0.034483,0.362069,0.017241,0.068966,0.241379,0.603448,0.172414,0.741379,0.241379,0.396552,0.258621,0.120690,0.465517,0.568966,0.482759,0.689655,0.517241,0.500000,0.534483,0.310345
Y,Right,legacy_bisindo_Y_317,0.000000,0.000000,-0.285714,0.014286,-0.600000,-0.242857,-0.828571,-0.471429,-1.000000,-0.642857,-0.428571,-0.371429,-0.428571,-0.371429,-0.371429,-0.114286,-0.342857,0.100000,-0.157143,-0.457143,-0.185714,-0.471429,-0.142857,-0.157143,-0.128571,0.085714,0.085714,-0.471429,0.057143,-0.514286,0.071429,-0.214286,0.071429,0.014286,0.300000,-0.442857,0.328571,-0.528571,0.385714,-0.357143,0.414286,-0.200000
Y,Right,legacy_bisindo_Y_318,0.000000,0.000000,-0.266667,0.000000,-0.516667,0.350000,-0.766667,0.700000,-0.950000,1.000000,-0.366667,0.516667,-0.383333,0.750000,-0.300000,0.483333,-0.216667,0.200000,-0.066667,0.616667,-0.150000,0.900000,-0.066667,0.550000,0.000000,0.266667,0.183333,0.666667,0.100000,0.933333,0.166667,0.600000,0.216667,0.300000,0.416667,0.650000,0.416667,0.883333,0.466667,0.683333,0.500000,0.466667
Y,Right,legacy_bisindo_Y_319,0.000000,0.000000,-0.276923,0.015385,-0.584615,-0.200000,-0.784615,-0.461538,-1.000000,-0.676923,-0.400000,-0.400000,-0.384615,-0.338462,-0.307692,-0.076923,-0.261538,0.138462,-0.123077,-0.492308,-0.138462,-0.400000,-0.076923,-0.107692,-0.061538,0.123077,0.123077,-0.523077,0.138462,-0.461538,0.153846,-0.169231,0.153846,0.061538,0.338462,-0.492308,0.415385,-0.523077,0.461538,-0.353846,0.507692,-0.184615
Y,Right,legacy_bisindo_Y_320,0.000000,0.000000,0.234043,-0.138298,0.382979,-0.382979,0.361702,-0.563830,0.287234,-0.648936,0.085106,-0.734043,0.042553,-0.829787,0.074468,-0.595745,0.095745,-0.404255,-0.117021,-0.691489,-0.148936,-0.797872,-0.085106,-0.521277,-0.042553,-0.329787,-0.297872,-0.627660,-0.329787,-0.744681,-0.255319,-0.500000,-0.191489,-0.297872,-0.457447,-0.531915,-0.585106,-0.755319,-0.670213,-0.893617,-0.723404,-1.000000
Y,Right,legacy_bisindo_Y_321,0.000000,0.000000,-0.304348,-0.086957,-0.565217,0.195652,-0.804348,0.500000,-1.000000,0.826087,-0.326087,0.586957,-0.282609,0.391304,-0.260870,0.021739,-0.195652,-0.326087,0.043478,0.695652,0.043478,0.543478,0.086957,0.130435,0.152174,-0.217391,0.326087,0.695652,0.391304,0.608696,0.434783,0.173913,0.456522,-0.173913,0.586957,0.630435,0.760870,0.565217,0.826087,0.304348,0.847826,0.065217
Y,Right,legacy_bisindo_Y_322,0.000000,0.000000,-0.273973,-0.041096,-0.602740,-0.328767,-0.808219,-0.575342,-1.000000,-0.794521,-0.465753,-0.424658,-0.410959,-0.506849,-0.356164,-0.260274,-0.328767,-0.013699,-0.178082,-0.493151,-0.178082,-0.561644,-0.150685,-0.260274,-0.136986,-0.013699,0.082192,-0.479452,0.068493,-0.589041,0.068493,-0.315068,0.054795,-0.082192,0.315068,-0.424658,0.287671,-0.534247,0.273973,-0.369863,0.246575,-0.219178
Y,Right,legacy_bisindo_Y_323,0.000000,0.000000,-0.152542,-0.084746,-0.271186,0.169492,-0.440678,0.338983,-0.576271,0.593220,-0.237288,0.627119,-0.355932,0.864407,-0.305085,0.576271,-0.220339,0.271186,-0.050847,0.762712,-0.152542,1.000000,-0.084746,0.644068,-0.016949,0.355932,0.084746,0.779661,0.033898,0.983051,0.084746,0.627119,0.152542,0.322034,0.220339,0.728814,0.186441,0.830508,0.203390,0.593220,0.203390,0.355932
Y,Right,legacy_bisindo_Y_324,0.000000,0.000000,0.250000,-0.152778,0.388889,-0.472222,0.361111,-0.722222,0.263889,-0.875000,0.125000,-0.861111,0.083333,-1.000000,0.125000,-0.736111,0.152778,-0.513889,-0.125000,-0.847222,-0.166667,-0.972222,-0.111111,-0.652778,-0.041667,-0.402778,-0.347222,-0.791667,-0.402778,-0.930556,-0.319444,-0.625000,-0.236111,-0.402778,-0.555556,-0.694444,-0.694444,-0.930556,-0.777778,-0.972222,-0.833333,-1.000000
Y,Right,legacy_bisindo_Y_325,0.000000,0.000000,-0.269231,-0.134615,-0.557692,0.115385,-0.826923,0.403846,-1.000000,0.711538,-0.403846,0.519231,-0.365385,0.384615,-0.307692,0.057692,-0.230769,-0.230769,-0.057692,0.634615,-0.076923,0.500000,0.000000,0.096154,0.076923,-0.211538,0.230769,0.615385,0.211538,0.519231,0.269231,0.115385,0.326923,-0.153846,0.500000,0.538462,0.538462,0.461538,0.557692,0.230769,0.557692,0.038462
Y,Right,legacy_bisindo_Y_326,0.000000,0.000000,-0.238806,-0.014925,-0.567164,-0.283582,-0.791045,-0.567164,-1.000000,-0.835821,-0.388060,-0.492537,-0.358209,-0.507463,-0.298507,-0.253731,-0.268657,-0.029851,-0.134328,-0.582090,-0.134328,-0.567164,-0.104478,-0.268657,-0.059701,-0.014925,0.104478,-0.582090,0.134328,-0.567164,0.134328,-0.283582,0.119403,-0.059701,0.328358,-0.492537,0.298507,-0.507463,0.298507,-0.328358,0.283582,-0.164179
Y,Right,legacy_bisindo_Y_327,0.000000,0.000000,-0.233333,0.000000,-0.500000,0.366667,-0.733333,0.733333,-0.883333,1.000000,-0.250000,0.633333,-0.183333,0.716667,-0.100000,0.416667,-0.016667,0.133333,-0.016667,0.716667,-0.066667,0.733333,0.016667,0.400000,0.066667,0.100000,0.166667,0.683333,0.083333,0.733333,0.166667,0.400000,0.200000,0.133333,0.300000,0.600000,0.233333,0.650000,0.233333,0.483333,0.216667,0.316667
Y,Right,legacy_bisindo_Y_328,0.000000,0.000000,-0.181818,0.054545,-0.545455,-0.127273,-0.781818,-0.436364,-1.000000,-0.727273,-0.509091,-0.509091,-0.509091,-0.327273,-0.454545,-0.145455,-0.436364,-0.090909,-0.254545,-0.672727,-0.200000,-0.163636,-0.181818,0.127273,-0.163636,0.236364,0.036364,-0.636364,0.127273,-0.181818,0.145455,0.109091,0.127273,0.218182,0.327273,-0.545455,0.381818,-0.145455,0.345455,0.072727,0.327273,0.163636
Y,Right,legacy_bisindo_Y_329,0.000000,0.000000,-0.162162,0.135135,-0.297297,0.418919,-0.337838,0.648649,-0.364865,0.810811,-0.121622,0.229730,-0.108108,0.554054,-0.121622,0.783784,-0.162162,0.932432,0.027027,0.229730,0.000000,0.567568,-0.054054,0.837838,-0.094595,1.000000,0.135135,0.243243,0.108108,0.581081,0.054054,0.851351,0.027027,1.000000,0.216216,0.270270,0.175676,0.594595,0.162162,0.797297,0.148649,0.918919
Y,Right,legacy_bisindo_Y_330,0.000000,0.000000,0.272727,-0.155844,0.441558,-0.454545,0.428571,-0.688312,0.285714,-0.818182,0.155844,-0.857143,0.103896,-1.000000,0.116883,-0.714286,0.142857,-0.493506,-0.090909,-0.844156,-0.155844,-0.987013,-0.103896,-0.649351,-0.025974,-0.415584,-0.311688,-0.792208,-0.389610,-0.935065,-0.311688,-0.623377,-0.220779,-0.389610,-0.506494,-0.688312,-0.571429,-0.831169,-0.493506,-0.636364,-0.402597,-0.467532
Y,Right,legacy_bisindo_Y_331,0.000000,0.000000,0.339286,-0.053571,0.732143,0.089286,0.946429,0.089286,1.000000,0.000000,0.500000,0.589286,0.464286,0.553571,0.446429,0.160714,0.446429,-0.160714,0.142857,0.660714,0.178571,0.553571,0.250000,0.125000,0.285714,-0.196429,-0.178571,0.571429,-0.107143,0.464286,0.000000,0.089286,0.071429,-0.196429,-0.446429,0.410714,-0.392857,0.303571,-0.321429,0.035714,-0.250000,-0.160714
Y,Right,legacy_bisindo_Y_332,0.000000,0.000000,-0.260274,0.027397,-0.602740,-0.246575,-0.835616,-0.534247,-1.000000,-0.753425,-0.452055,-0.465753,-0.452055,-0.643836,-0.410959,-0.424658,-0.369863,-0.178082,-0.205479,-0.602740,-0.232877,-0.698630,-0.205479,-0.410959,-0.150685,-0.136986,0.054795,-0.630137,0.000000,-0.712329,0.000000,-0.438356,0.013699,-0.178082,0.287671,-0.589041,0.232877,-0.630137,0.205479,-0.452055,0.191781,-0.273973
Y,Right,legacy_bisindo_Y_333,0.000000,0.000000,-0.209302,-0.186047,-0.465116,0.116279,-0.767442,0.488372,-1.000000,0.883721,-0.255814,0.651163,-0.279070,0.488372,-0.209302,0.023256,-0.093023,-0.348837,0.023256,0.813953,-0.023256,0.651163,0.069767,0.116279,0.186047,-0.255814,0.232558,0.837209,0.209302,0.674419,0.302326,0.162791,0.372093,-0.209302,0.441860,0.744186,0.534884,0.651163,0.627907,0.325581,0.674419,0.046512
Y,Right,legacy_bisindo_Y_334,0.000000,0.000000,-0.301887,-0.056604,-0.622642,-0.094340,-0.830189,-0.226415,-1.000000,-0.377358,-0.566038,0.622642,-0.679245,0.415094,-0.716981,0.037736,-0.735849,-0.264151,-0.283019,0.679245,-0.396226,0.320755,-0.471698,-0.094340,-0.509434,-0.377358,0.000000,0.641509,-0.094340,0.226415,-0.150943,-0.188679,-0.188679,-0.471698,0.245283,0.547170,0.169811,0.169811,0.113208,-0.169811,0.094340,-0.396226
Y,Right,legacy_bisindo_Y_335,0.000000,0.000000,-0.244186,-0.093023,-0.511628,0.011628,-0.651163,0.174419,-0.697674,0.290698,-0.662791,0.418605,-0.813953,0.569767,-0.918605,0.686047,-1.000000,0.790698,-0.523256,0.546512,-0.604651,0.500000,-0.546512,0.267442,-0.465116,0.093023,-0.348837,0.616279,-0.418605,0.523256,-0.372093,0.279070,-0.302326,0.093023,-0.139535,0.627907,-0.209302,0.558140,-0.186047,0.348837,-0.139535,0.186047
Y,Right,legacy_bisindo_Y_336,0.000000,0.000000,-0.385965,0.052632,-0.631579,-0.140351,-0.649123,-0.315789,-0.614035,-0.473684,-0.456140,-0.385965,-0.421053,-0.754386,-0.350877,-0.491228,-0.315789,-0.210526,-0.070175,-0.508772,-0.070175,-0.982456,-0.035088,-0.596491,-0.017544,-0.228070,0.263158,-0.561404,0.263158,-1.000000,0.245614,-0.649123,0.192982,-0.315789,0.561404,-0.526316,0.631579,-0.877193,0.578947,-0.666667,0.526316,-0.403509
Y,Right,legacy_bisindo_Y_337,0.000000,0.000000,0.416667,-0.277778,0.722222,-0.222222,0.611111,-0.388889,0.444444,-0.555556,0.388889,0.805556,0.305556,0.583333,0.333333,-0.027778,0.361111,-0.527778,0.111111,1.000000,0.083333,0.694444,0.194444,0.000000,0.305556,-0.472222,-0.166667,0.944444,-0.166667,0.666667,0.000000,0.027778,0.138889,-0.416667,-0.444444,0.722222,-0.416667,0.444444,-0.305556,-0.027778,-0.222222,-0.388889
Y,Right,legacy_bisindo_Y_338,0.000000,0.000000,0.265823,-0.139241,0.455696,-0.405063,0.493671,-0.632911,0.430380,-0.759494,0.151899,-0.886076,0.101266,-1.000000,0.113924,-0.708861,0.113924,-0.493671,-0.088608,-0.873418,-0.151899,-0.974684,-0.113924,-0.645570,-0.050633,-0.405063,-0.316456,-0.810127,-0.379747,-0.936709,-0.329114,-0.620253,-0.240506,-0.379747,-0.506329,-0.708861,-0.582278,-0.898734,-0.594937,-0.772152,-0.556962,-0.632911
Y,Right,legacy_bisindo_Y_339,0.000000,0.000000,0.392857,-0.107143,0.785714,0.017857,0.964286,0.071429,1.000000,0.107143,0.464286,0.607143,0.375000,0.446429,0.357143,0.017857,0.339286,-0.321429,0.089286,0.678571,0.035714,0.392857,0.125000,-0.053571,0.196429,-0.357143,-0.232143,0.607143,-0.250000,0.375000,-0.125000,-0.053571,-0.035714,-0.339286,-0.482143,0.482143,-0.500000,0.303571,-0.410714,0.035714,-0.303571,-0.142857
Y,Right,legacy_bisindo_Y_340,0.000000,0.000000,0.263736,-0.153846,0.450549,-0.428571,0.472527,-0.659341,0.450549,-0.780220,0.131868,-0.802198,0.076923,-0.923077,0.087912,-0.659341,0.109890,-0.439560,-0.098901,-0.769231,-0.153846,-0.901099,-0.109890,-0.604396,-0.065934,-0.373626,-0.296703,-0.714286,-0.362637,-0.857143,-0.307692,-0.571429,-0.230769,-0.351648,-0.461538,-0.615385,-0.593407,-0.868132,-0.692308,-0.945055,-0.758242,-1.000000
Y,Right,legacy_bisindo_Y_341,0.000000,0.000000,0.358209,-0.044776,0.701493,0.149254,0.940299,0.238806,1.000000,0.238806,0.432836,0.537313,0.343284,0.462687,0.328358,0.134328,0.313433,-0.179104,0.089552,0.582090,0.044776,0.447761,0.119403,0.089552,0.179104,-0.194030,-0.208955,0.537313,-0.223881,0.432836,-0.134328,0.089552,-0.044776,-0.179104,-0.447761,0.432836,-0.477612,0.373134,-0.417910,0.194030,-0.328358,0.044776
Y,Right,legacy_bisindo_Y_342,0.000000,0.000000,-0.238636,0.045455,-0.522727,-0.215909,-0.761364,-0.500000,-1.000000,-0.715909,-0.431818,-0.397727,-0.477273,-0.534091,-0.454545,-0.329545,-0.431818,-0.090909,-0.204545,-0.477273,-0.284091,-0.602273,-0.284091,-0.363636,-0.272727,-0.125000,0.045455,-0.477273,-0.056818,-0.613636,-0.068182,-0.397727,-0.068182,-0.170455,0.295455,-0.443182,0.227273,-0.590909,0.193182,-0.454545,0.170455,-0.306818
Y,Right,legacy_bisindo_Y_343,0.000000,0.000000,0.425532,-0.063830,0.851064,-0.063830,0.978723,-0.148936,1.000000,-0.255319,0.510638,0.595745,0.446809,0.446809,0.446809,-0.042553,0.489362,-0.404255,0.148936,0.702128,0.106383,0.531915,0.212766,-0.021277,0.297872,-0.382979,-0.148936,0.638298,-0.191489,0.468085,-0.063830,-0.063830,0.042553,-0.425532,-0.404255,0.489362,-0.382979,0.276596,-0.297872,-0.106383,-0.212766,-0.382979
Y,Right,legacy_bisindo_Y_344,0.000000,0.000000,-0.227273,0.075758,-0.545455,-0.090909,-0.787879,-0.287879,-1.000000,-0.454545,-0.500000,-0.500000,-0.469697,-0.484848,-0.378788,-0.227273,-0.318182,0.030303,-0.242424,-0.666667,-0.196970,-0.530303,-0.136364,-0.212121,-0.075758,0.030303,0.030303,-0.696970,0.060606,-0.590909,0.106061,-0.272727,0.106061,-0.045455,0.303030,-0.651515,0.318182,-0.590909,0.348485,-0.378788,0.363636,-0.181818
Y,Right,legacy_bisindo_Y_345,0.000000,0.000000,-0.263158,-0.070175,-0.473684,0.122807,-0.701754,0.403509,-0.877193,0.701754,-0.315789,0.438596,-0.263158,0.245614,-0.210526,-0.122807,-0.140351,-0.385965,0.017544,0.526316,0.017544,0.368421,0.087719,-0.035088,0.140351,-0.315789,0.298246,0.561404,0.315789,0.456140,0.368421,0.052632,0.385965,-0.228070,0.578947,0.526316,0.771930,0.508772,0.912281,0.298246,1.000000,0.140351
Y,Right,legacy_bisindo_Y_346,0.000000,0.000000,-0.271605,0.000000,-0.592593,-0.259259,-0.827160,-0.506173,-1.000000,-0.703704,-0.432099,-0.407407,-0.432099,-0.419753,-0.382716,-0.148148,-0.358025,0.086420,-0.172840,-0.506173,-0.209877,-0.469136,-0.172840,-0.160494,-0.160494,0.086420,0.074074,-0.518519,0.037037,-0.530864,0.061728,-0.234568,0.049383,0.024691,0.296296,-0.481481,0.308642,-0.555556,0.320988,-0.407407,0.296296,-0.259259
Y,Right,legacy_bisindo_Y_347,0.000000,0.000000,0.130435,-0.173913,0.202899,-0.507246,0.173913,-0.768116,0.086957,-0.956522,0.014493,-0.811594,-0.028986,-1.000000,-0.014493,-0.826087,0.000000,-0.637681,-0.188406,-0.826087,-0.246377,-0.985507,-0.188406,-0.739130,-0.130435,-0.536232,-0.376812,-0.797101,-0.434783,-0.913043,-0.362319,-0.681159,-0.275362,-0.492754,-0.536232,-0.724638,-0.594203,-0.840580,-0.507246,-0.681159,-0.420290,-0.507246
Y,Right,legacy_bisindo_Y_348,0.000000,0.000000,-0.400000,-0.257143,-0.685714,-0.257143,-0.828571,-0.457143,-0.800000,-0.800000,-0.685714,0.571429,-0.628571,0.200000,-0.514286,-0.371429,-0.400000,-0.885714,-0.171429,0.742857,-0.114286,0.371429,0.028571,-0.285714,0.142857,-0.828571,0.342857,0.771429,0.428571,0.485714,0.514286,-0.142857,0.542857,-0.628571,0.857143,0.685714,1.000000,0.514286,0.971429,0.057143,0.914286,-0.314286
Y,Right,legacy_bisindo_Y_349,0.000000,0.000000,-0.303571,0.053571,-0.660714,-0.232143,-0.857143,-0.571429,-1.000000,-0.928571,-0.517857,-0.446429,-0.553571,-0.642857,-0.482143,-0.428571,-0.446429,-0.250000,-0.142857,-0.625000,-0.178571,-0.839286,-0.089286,-0.482143,-0.035714,-0.196429,0.196429,-0.714286,0.196429,-0.910714,0.214286,-0.553571,0.196429,-0.285714,0.464286,-0.750000,0.535714,-0.928571,0.589286,-0.714286,0.625000,-0.553571
Y,Right,legacy_bisindo_Y_350,0.000000,0.000000,0.385965,0.000000,0.789474,0.122807,0.982456,0.035088,1.000000,-0.052632,0.473684,0.614035,0.421053,0.473684,0.438596,0.070175,0.473684,-0.263158,0.122807,0.614035,0.105263,0.403509,0.210526,-0.035088,0.280702,-0.333333,-0.175439,0.491228,-0.157895,0.298246,-0.035088,-0.105263,0.052632,-0.368421,-0.403509,0.333333,-0.368421,0.140351,-0.280702,-0.140351,-0.175439,-0.350877
Y,Right,legacy_bisindo_Y_351,0.000000,0.000000,-0.250000,0.071429,-0.571429,-0.130952,-0.809524,-0.333333,-1.000000,-0.476190,-0.476190,-0.404762,-0.464286,-0.416667,-0.392857,-0.166667,-0.345238,0.083333,-0.226190,-0.511905,-0.250000,-0.464286,-0.214286,-0.154762,-0.178571,0.119048,0.035714,-0.523810,-0.023810,-0.523810,0.000000,-0.226190,0.011905,0.035714,0.285714,-0.488095,0.226190,-0.476190,0.214286,-0.285714,0.190476,-0.107143
Y,Right,legacy_bisindo_Y_352,0.000000,0.000000,-0.241379,-0.068966,-0.482759,0.224138,-0.793103,0.586207,-1.000000,0.913793,-0.293103,0.500000,-0.344828,0.413793,-0.293103,0.034483,-0.206897,-0.241379,0.017241,0.568966,-0.068966,0.568966,0.000000,0.137931,0.103448,-0.155172,0.310345,0.586207,0.241379,0.603448,0.327586,0.172414,0.413793,-0.137931,0.603448,0.534483,0.689655,0.534483,0.741379,0.293103,0.775862,0.086207
Y,Right,legacy_bisindo_Y_353,0.000000,0.000000,-0.269231,0.025641,-0.576923,-0.205128,-0.794872,-0.423077,-1.000000,-0.602564,-0.461538,-0.371795,-0.423077,-0.320513,-0.371795,-0.051282,-0.346154,0.205128,-0.192308,-0.461538,-0.192308,-0.410256,-0.141026,-0.089744,-0.115385,0.179487,0.076923,-0.487179,0.064103,-0.474359,0.089744,-0.153846,0.089744,0.128205,0.307692,-0.448718,0.333333,-0.487179,0.358974,-0.307692,0.371795,-0.128205
Y,Right,legacy_bisindo_Y_354,0.000000,0.000000,-0.285714,-0.040816,-0.551020,0.306122,-0.795918,0.551020,-1.000000,0.795918,-0.387755,0.714286,-0.469388,0.836735,-0.387755,0.408163,-0.265306,0.020408,-0.020408,0.857143,-0.122449,0.979592,-0.040816,0.510204,0.061224,0.122449,0.285714,0.897959,0.224490,1.000000,0.326531,0.510204,0.387755,0.142857,0.612245,0.836735,0.693878,0.897959,0.775510,0.612245,0.836735,0.346939
Y,Right,legacy_bisindo_Y_355,0.000000,0.000000,-0.218750,0.046875,-0.593750,-0.156250,-0.796875,-0.421875,-1.000000,-0.687500,-0.453125,-0.453125,-0.421875,-0.265625,-0.312500,0.046875,-0.234375,0.312500,-0.156250,-0.593750,-0.140625,-0.250000,-0.078125,0.078125,-0.046875,0.312500,0.109375,-0.593750,0.171875,-0.328125,0.203125,0.015625,0.203125,0.234375,0.359375,-0.531250,0.375000,-0.328125,0.390625,-0.062500,0.375000,0.125000
Y,Right,legacy_bisindo_Y_356,0.000000,0.000000,-0.340909,-0.204545,-0.636364,0.113636,-0.840909,0.477273,-0.977273,0.909091,-0.454545,0.750000,-0.386364,0.613636,-0.295455,0.181818,-0.227273,-0.181818,-0.045455,0.977273,-0.022727,0.750000,0.068182,0.227273,0.113636,-0.159091,0.295455,1.000000,0.340909,0.840909,0.431818,0.295455,0.431818,-0.090909,0.636364,0.909091,0.704545,0.818182,0.750000,0.477273,0.750000,0.181818
Y,Right,legacy_bisindo_Y_357,0.000000,0.000000,-0.203390,0.084746,-0.576271,-0.101695,-0.779661,-0.355932,-1.000000,-0.610169,-0.474576,-0.474576,-0.423729,-0.288136,-0.305085,0.067797,-0.220339,0.338983,-0.152542,-0.644068,-0.101695,-0.355932,-0.016949,0.033898,0.016949,0.305085,0.135593,-0.661017,0.203390,-0.423729,0.254237,-0.033898,0.254237,0.220339,0.389831,-0.576271,0.440678,-0.423729,0.474576,-0.152542,0.457627,0.050847
Y,Right,legacy_bisindo_Y_358,0.000000,0.000000,-0.219512,-0.243902,-0.365854,-0.073171,-0.536585,0.024390,-0.658537,0.195122,-0.341463,0.707317,-0.317073,0.658537,-0.195122,0.146341,-0.121951,-0.292683,-0.048780,0.975610,-0.073171,0.853659,0.048780,0.243902,0.146341,-0.219512,0.195122,1.000000,0.219512,0.878049,0.317073,0.292683,0.414634,-0.146341,0.463415,0.902439,0.536585,0.780488,0.585366,0.390244,0.585366,0.024390
Y,Right,legacy_bisindo_Y_359,0.000000,0.000000,0.204819,-0.144578,0.301205,-0.457831,0.240964,-0.686747,0.132530,-0.819277,0.084337,-0.855422,0.060241,-1.000000,0.072289,-0.746988,0.072289,-0.530120,-0.120482,-0.855422,-0.192771,-0.975904,-0.156627,-0.638554,-0.084337,-0.397590,-0.313253,-0.807229,-0.385542,-0.927711,-0.325301,-0.614458,-0.240964,-0.373494,-0.481928,-0.722892,-0.626506,-0.939759,-0.710843,-0.951807,-0.746988,-0.939759
Y,Right,legacy_bisindo_Y_360,0.000000,0.000000,0.105263,-0.184211,-0.052632,0.157895,-0.447368,0.473684,-0.815789,0.710526,0.000000,0.894737,0.000000,0.684211,0.078947,0.131579,0.157895,-0.342105,0.000000,1.000000,-0.078947,0.710526,0.052632,0.078947,0.210526,-0.394737,-0.078947,0.894737,-0.157895,0.657895,0.000000,0.078947,0.184211,-0.342105,-0.131579,0.684211,-0.210526,0.526316,-0.157895,0.131579,-0.052632,-0.184211
Y,Right,legacy_bisindo_Y_361,0.000000,0.000000,0.267442,-0.116279,0.453488,-0.430233,0.418605,-0.674419,0.348837,-0.825581,0.139535,-0.848837,0.104651,-0.988372,0.093023,-0.709302,0.081395,-0.488372,-0.104651,-0.825581,-0.162791,-0.953488,-0.116279,-0.616279,-0.058140,-0.372093,-0.313953,-0.767442,-0.383721,-0.906977,-0.302326,-0.593023,-0.232558,-0.348837,-0.488372,-0.662791,-0.604651,-0.895349,-0.686047,-0.965116,-0.755814,-1.000000
Y,Right,legacy_bisindo_Y_362,0.000000,0.000000,0.487179,-0.128205,0.743590,0.128205,0.666667,0.153846,0.410256,0.102564,0.487179,0.923077,0.384615,0.794872,0.435897,0.230769,0.512821,-0.282051,0.076923,1.000000,-0.025641,0.692308,0.128205,0.076923,0.282051,-0.410256,-0.282051,0.846154,-0.384615,0.615385,-0.205128,0.025641,-0.025641,-0.384615,-0.589744,0.641026,-0.666667,0.435897,-0.538462,0.051282,-0.384615,-0.230769
Y,Right,legacy_bisindo_Y_363,0.000000,0.000000,-0.244898,-0.020408,-0.510204,-0.122449,-0.653061,-0.265306,-0.714286,-0.428571,-0.469388,0.346939,-0.612245,0.000000,-0.714286,-0.428571,-0.775510,-0.755102,-0.142857,0.346939,-0.265306,-0.122449,-0.367347,-0.612245,-0.428571,-0.959184,0.163265,0.244898,0.040816,-0.244898,-0.061224,-0.693878,-0.122449,-1.000000,0.428571,0.122449,0.326531,-0.224490,0.204082,-0.530612,0.142857,-0.755102
Y,Right,legacy_bisindo_Y_364,0.000000,0.000000,-0.105882,0.117647,-0.200000,0.447059,-0.282353,0.729412,-0.364706,0.917647,-0.152941,0.764706,-0.211765,0.929412,-0.188235,0.694118,-0.129412,0.494118,-0.129412,0.811765,-0.258824,0.952941,-0.247059,0.623529,-0.176471,0.376471,-0.082353,0.835294,-0.247059,0.964706,-0.223529,0.600000,-0.129412,0.329412,0.000000,0.835294,-0.188235,1.000000,-0.270588,0.858824,-0.270588,0.717647
Y,Right,legacy_bisindo_Y_365,0.000000,0.000000,-0.144928,-0.101449,-0.347826,-0.130435,-0.492754,-0.115942,-0.608696,-0.115942,-0.666667,0.275362,-0.826087,0.405797,-0.927536,0.507246,-1.000000,0.565217,-0.492754,0.478261,-0.536232,0.275362,-0.463768,-0.028986,-0.391304,-0.231884,-0.275362,0.550725,-0.275362,0.289855,-0.217391,0.014493,-0.144928,-0.173913,-0.028986,0.565217,-0.014493,0.318841,0.000000,0.072464,0.043478,-0.072464
Y,Right,legacy_bisindo_Y_366,0.000000,0.000000,-0.256757,0.067568,-0.567568,-0.175676,-0.824324,-0.418919,-1.000000,-0.621622,-0.432432,-0.351351,-0.500000,-0.486486,-0.445946,-0.202703,-0.405405,0.054054,-0.162162,-0.472973,-0.256757,-0.608108,-0.216216,-0.243243,-0.189189,0.040541,0.094595,-0.513514,0.013514,-0.662162,0.027027,-0.310811,0.040541,-0.027027,0.324324,-0.513514,0.364865,-0.648649,0.405405,-0.445946,0.432432,-0.256757
Y,Right,legacy_bisindo_Y_367,0.000000,0.000000,-0.338462,0.015385,-0.615385,-0.123077,-0.784615,-0.353846,-0.892308,-0.615385,-0.661538,0.153846,-0.815385,-0.307692,-0.846154,-0.630769,-0.846154,-0.846154,-0.415385,0.107692,-0.569231,-0.430769,-0.615385,-0.769231,-0.630769,-0.969231,-0.169231,-0.015385,-0.338462,-0.507692,-0.400000,-0.815385,-0.430769,-1.000000,0.030769,-0.153846,-0.076923,-0.569231,-0.153846,-0.784615,-0.184615,-0.923077
Y,Right,legacy_bisindo_Y_368,0.000000,0.000000,-0.300000,0.200000,-0.571429,0.471429,-0.800000,0.728571,-1.000000,0.971429,-0.514286,0.057143,-0.585714,0.571429,-0.557143,0.714286,-0.528571,0.642857,-0.228571,0.028571,-0.357143,0.671429,-0.357143,0.800000,-0.314286,0.700000,0.028571,0.042857,-0.100000,0.700000,-0.100000,0.828571,-0.071429,0.757143,0.257143,0.085714,0.157143,0.628571,0.114286,0.800000,0.128571,0.814286
Y,Right,legacy_bisindo_Y_369,0.000000,0.000000,-0.230769,-0.123077,-0.476923,-0.184615,-0.646154,-0.230769,-0.784615,-0.276923,-0.707692,0.092308,-0.861538,0.092308,-0.953846,0.061538,-1.000000,0.061538,-0.553846,0.276923,-0.646154,0.046154,-0.553846,-0.307692,-0.446154,-0.569231,-0.323077,0.338462,-0.338462,0.015385,-0.246154,-0.292308,-0.169231,-0.492308,-0.076923,0.323077,-0.076923,0.030769,-0.030769,-0.200000,0.015385,-0.353846
Y,Right,legacy_bisindo_Y_370,0.000000,0.000000,-0.386667,0.200000,-0.666667,0.240000,-0.853333,0.200000,-0.920000,0.120000,-0.866667,-0.053333,-1.000000,-0.053333,-0.973333,0.133333,-0.920000,0.280000,-0.720000,-0.186667,-0.866667,-0.266667,-0.800000,0.040000,-0.720000,0.280000,-0.506667,-0.306667,-0.600000,-0.360000,-0.560000,-0.026667,-0.506667,0.226667,-0.253333,-0.360000,-0.333333,-0.320000,-0.333333,-0.053333,-0.320000,0.146667
Y,Right,legacy_bisindo_Y_371,0.000000,0.000000,-0.346154,-0.205128,-0.653846,-0.256410,-0.846154,-0.179487,-0.923077,-0.051282,-0.897436,-0.153846,-1.000000,0.141026,-0.987179,0.115385,-0.974359,0.051282,-0.717949,0.012821,-0.846154,0.320513,-0.743590,0.115385,-0.653846,-0.115385,-0.487179,0.141026,-0.615385,0.423077,-0.525641,0.141026,-0.461538,-0.115385,-0.217949,0.243590,-0.358974,0.371795,-0.346154,0.166667,-0.333333,-0.076923
Y,Right,legacy_bisindo_Y_372,0.000000,0.000000,-0.240385,0.153846,-0.471154,0.173077,-0.634615,0.115385,-0.711538,0.028846,-0.634615,-0.086538,-0.788462,-0.259615,-0.903846,-0.326923,-1.000000,-0.403846,-0.538462,-0.182692,-0.663462,-0.278846,-0.644231,-0.057692,-0.586538,0.105769,-0.384615,-0.259615,-0.500000,-0.326923,-0.471154,-0.076923,-0.413462,0.086538,-0.211538,-0.298077,-0.298077,-0.288462,-0.317308,-0.105769,-0.298077,0.038462
Y,Right,legacy_bisindo_Y_373,0.000000,0.000000,-0.264957,-0.179487,-0.521368,-0.222222,-0.692308,-0.162393,-0.769231,-0.102564,-0.692308,-0.094017,-0.846154,0.136752,-0.931624,0.213675,-1.000000,0.264957,-0.581197,0.000000,-0.726496,0.170940,-0.683761,-0.008547,-0.615385,-0.162393,-0.435897,0.076923,-0.555556,0.230769,-0.504274,0.017094,-0.452991,-0.170940,-0.264957,0.145299,-0.376068,0.230769,-0.376068,0.068376,-0.358974,-0.102564
Y,Right,legacy_bisindo_Y_374,0.000000,0.000000,-0.206612,0.190083,-0.429752,0.247934,-0.578512,0.247934,-0.677686,0.223140,-0.677686,-0.074380,-0.834711,-0.198347,-0.917355,-0.264463,-1.000000,-0.338843,-0.595041,-0.190083,-0.710744,-0.214876,-0.677686,-0.008264,-0.611570,0.140496,-0.462810,-0.247934,-0.553719,-0.247934,-0.520661,-0.024793,-0.462810,0.115702,-0.297521,-0.297521,-0.371901,-0.231405,-0.380165,-0.074380,-0.363636,0.041322
Y,Right,legacy_bisindo_Y_375,0.000000,0.000000,-0.261194,-0.216418,-0.514925,-0.298507,-0.708955,-0.298507,-0.820896,-0.261194,-0.701493,-0.052239,-0.850746,0.126866,-0.932836,0.179104,-1.000000,0.223881,-0.626866,0.059701,-0.746269,0.179104,-0.716418,0.000000,-0.656716,-0.156716,-0.507463,0.141791,-0.604478,0.194030,-0.574627,-0.007463,-0.522388,-0.171642,-0.373134,0.194030,-0.440299,0.164179,-0.432836,0.014925,-0.425373,-0.119403
Y,Right,legacy_bisindo_Y_376,0.000000,0.000000,-0.168831,-0.077922,-0.311688,-0.350649,-0.402597,-0.597403,-0.480519,-0.818182,-0.337662,-0.714286,-0.402597,-0.909091,-0.389610,-0.675325,-0.337662,-0.467532,-0.285714,-0.805195,-0.389610,-0.961039,-0.350649,-0.675325,-0.259740,-0.454545,-0.194805,-0.857143,-0.298701,-1.000000,-0.285714,-0.701299,-0.181818,-0.480519,-0.064935,-0.883117,-0.155844,-1.000000,-0.168831,-0.779221,-0.090909,-0.584416
Y,Right,legacy_bisindo_Y_377,0.000000,0.000000,-0.223776,0.202797,-0.419580,0.286713,-0.545455,0.349650,-0.636364,0.391608,-0.664336,0.000000,-0.818182,-0.111888,-0.909091,-0.167832,-1.000000,-0.202797,-0.594406,-0.097902,-0.713287,-0.097902,-0.685315,0.076923,-0.622378,0.209790,-0.489510,-0.160839,-0.573427,-0.125874,-0.552448,0.055944,-0.503497,0.181818,-0.356643,-0.188811,-0.412587,-0.111888,-0.419580,0.027972,-0.405594,0.132867
Y,Right,legacy_bisindo_Y_378,0.000000,0.000000,0.361702,-0.127660,0.808511,-0.021277,1.000000,-0.085106,1.000000,-0.191489,0.489362,0.744681,0.425532,0.659574,0.404255,0.170213,0.425532,-0.234043,0.191489,0.851064,0.148936,0.702128,0.212766,0.148936,0.255319,-0.234043,-0.106383,0.744681,-0.127660,0.638298,-0.021277,0.085106,0.063830,-0.297872,-0.382979,0.574468,-0.382979,0.425532,-0.319149,0.021277,-0.255319,-0.276596
Y,Right,legacy_bisindo_Y_379,0.000000,0.000000,-0.269504,-0.198582,-0.503546,-0.276596,-0.666667,-0.283688,-0.773050,-0.283688,-0.695035,-0.021277,-0.843972,0.134752,-0.929078,0.184397,-1.000000,0.226950,-0.617021,0.085106,-0.716312,0.148936,-0.695035,-0.021277,-0.638298,-0.156028,-0.510638,0.156028,-0.595745,0.170213,-0.567376,-0.007092,-0.510638,-0.156028,-0.382979,0.205674,-0.439716,0.156028,-0.446809,0.021277,-0.432624,-0.092199
Y,Right,legacy_bisindo_Y_380,0.000000,0.000000,-0.181818,-0.168831,-0.376623,-0.454545,-0.493506,-0.727273,-0.584416,-0.948052,-0.324675,-0.311688,-0.415584,-0.727273,-0.415584,-0.909091,-0.428571,-1.000000,-0.129870,-0.311688,-0.207792,-0.766234,-0.233766,-0.909091,-0.246753,-0.948052,0.064935,-0.324675,-0.012987,-0.766234,-0.051948,-0.896104,-0.077922,-0.922078,0.246753,-0.363636,0.181818,-0.714286,0.129870,-0.792208,0.090909,-0.818182
Y,Right,legacy_bisindo_Y_381,0.000000,0.000000,-0.263158,0.280702,-0.482456,0.403509,-0.640351,0.482456,-0.754386,0.508772,-0.842105,0.052632,-1.000000,0.026316,-0.956140,0.175439,-0.885965,0.298246,-0.754386,-0.061404,-0.929825,-0.078947,-0.885965,0.140351,-0.807018,0.298246,-0.631579,-0.140351,-0.763158,-0.131579,-0.736842,0.105263,-0.675439,0.271930,-0.473684,-0.184211,-0.561404,-0.105263,-0.578947,0.070175,-0.570175,0.201754
Y,Right,legacy_bisindo_Y_382,0.000000,0.000000,0.303030,-0.242424,0.606061,-0.121212,0.545455,-0.181818,0.333333,-0.242424,0.393939,0.848485,0.454545,0.727273,0.484848,0.121212,0.484848,-0.363636,0.121212,1.000000,0.090909,0.787879,0.242424,0.060606,0.333333,-0.484848,-0.121212,0.878788,-0.212121,0.636364,-0.060606,-0.060606,0.090909,-0.545455,-0.303030,0.636364,-0.393939,0.424242,-0.303030,-0.060606,-0.212121,-0.424242
Y,Right,legacy_bisindo_Y_383,0.000000,0.000000,-0.225352,-0.204225,-0.450704,-0.288732,-0.598592,-0.330986,-0.690141,-0.338028,-0.654930,0.021127,-0.809859,0.190141,-0.908451,0.253521,-1.000000,0.302817,-0.577465,0.119718,-0.697183,0.218310,-0.683099,0.035211,-0.626761,-0.119718,-0.464789,0.183099,-0.556338,0.225352,-0.542254,0.035211,-0.500000,-0.126761,-0.323944,0.218310,-0.387324,0.204225,-0.401408,0.056338,-0.394366,-0.077465
Y,Right,legacy_bisindo_Y_384,0.000000,0.000000,-0.265487,0.247788,-0.504425,0.371681,-0.654867,0.469027,-0.769912,0.522124,-0.849558,0.017699,-1.000000,0.079646,-0.964602,0.247788,-0.911504,0.371681,-0.787611,-0.106195,-0.946903,-0.035398,-0.911504,0.194690,-0.831858,0.353982,-0.663717,-0.185841,-0.778761,-0.079646,-0.761062,0.159292,-0.699115,0.309735,-0.513274,-0.212389,-0.575221,-0.053097,-0.575221,0.123894,-0.548673,0.256637
Y,Right,legacy_bisindo_Y_385,0.000000,0.000000,-0.283784,0.162162,-0.472973,0.459459,-0.581081,0.729730,-0.648649,0.918919,-0.337838,0.689189,-0.445946,0.891892,-0.432432,0.743243,-0.378378,0.594595,-0.162162,0.743243,-0.283784,0.918919,-0.256757,0.729730,-0.189189,0.554054,0.027027,0.797297,-0.081081,0.959459,-0.081081,0.770270,-0.040541,0.608108,0.229730,0.837838,0.108108,1.000000,0.081081,0.864865,0.108108,0.729730
Y,Right,legacy_bisindo_Y_386,0.000000,0.000000,-0.222222,-0.222222,-0.460317,-0.325397,-0.619048,-0.380952,-0.722222,-0.420635,-0.746032,-0.023810,-0.888889,0.190476,-0.952381,0.174603,-1.000000,0.150794,-0.666667,0.095238,-0.793651,0.253968,-0.753968,0.055556,-0.690476,-0.111111,-0.539683,0.182540,-0.642857,0.277778,-0.611111,0.055556,-0.563492,-0.126984,-0.388889,0.238095,-0.460317,0.238095,-0.460317,0.071429,-0.460317,-0.087302
Y,Right,legacy_bisindo_Y_387,0.000000,0.000000,-0.358974,0.064103,-0.602564,0.320513,-0.730769,0.564103,-0.794872,0.769231,-0.538462,0.602564,-0.679487,0.769231,-0.641026,0.615385,-0.564103,0.461538,-0.384615,0.717949,-0.525641,0.846154,-0.474359,0.641026,-0.371795,0.461538,-0.205128,0.820513,-0.346154,0.923077,-0.307692,0.705128,-0.230769,0.525641,0.012821,0.910256,-0.141026,1.000000,-0.141026,0.807692,-0.102564,0.653846
Y,Right,legacy_bisindo_Y_388,0.000000,0.000000,0.256410,0.307692,0.333333,0.256410,0.333333,0.307692,0.076923,0.333333,0.102564,-0.692308,-0.153846,-0.589744,-0.076923,0.025641,0.051282,0.487179,0.000000,-0.974359,-0.282051,-0.769231,-0.153846,0.000000,0.000000,0.487179,-0.102564,-1.000000,-0.307692,-0.769231,-0.205128,-0.025641,-0.076923,0.410256,-0.128205,-0.897436,-0.256410,-0.641026,-0.205128,-0.076923,-0.076923,0.307692
Y,Right,legacy_bisindo_Y_389,0.000000,0.000000,-0.246753,-0.116883,-0.428571,-0.376623,-0.532468,-0.623377,-0.584416,-0.818182,-0.402597,-0.688312,-0.480519,-0.896104,-0.467532,-0.753247,-0.454545,-0.597403,-0.311688,-0.766234,-0.415584,-0.974026,-0.389610,-0.740260,-0.311688,-0.571429,-0.194805,-0.831169,-0.298701,-1.000000,-0.285714,-0.779221,-0.220779,-0.610390,-0.051948,-0.857143,-0.155844,-1.000000,-0.168831,-0.844156,-0.103896,-0.701299
Y,Right,legacy_bisindo_Y_390,0.000000,0.000000,-0.292683,-0.146341,-0.365854,-0.170732,-0.365854,-0.414634,-0.292683,-0.707317,-0.317073,0.560976,-0.414634,0.341463,-0.365854,-0.243902,-0.243902,-0.682927,0.048780,0.731707,0.000000,0.658537,0.097561,-0.024390,0.170732,-0.512195,0.439024,0.731707,0.414634,0.658537,0.487805,0.073171,0.536585,-0.317073,0.829268,0.634146,0.975610,0.536585,1.000000,0.146341,1.000000,-0.170732
Y,Right,legacy_bisindo_Y_391,0.000000,0.000000,-0.266667,0.000000,-0.511111,-0.088889,-0.600000,-0.222222,-0.666667,-0.311111,-0.488889,0.533333,-0.622222,0.133333,-0.733333,-0.311111,-0.800000,-0.644444,-0.133333,0.511111,-0.355556,0.000000,-0.488889,-0.511111,-0.600000,-0.866667,0.177778,0.400000,-0.022222,-0.177778,-0.133333,-0.688889,-0.200000,-1.000000,0.444444,0.244444,0.266667,-0.200000,0.155556,-0.555556,0.088889,-0.800000
Y,Right,legacy_bisindo_Y_392,0.000000,0.000000,-0.303371,0.123596,-0.471910,0.415730,-0.539326,0.674157,-0.584270,0.865169,-0.348315,0.719101,-0.438202,0.876404,-0.426966,0.651685,-0.359551,0.449438,-0.213483,0.797753,-0.325843,0.921348,-0.292135,0.640449,-0.224719,0.415730,-0.033708,0.865169,-0.179775,0.966292,-0.157303,0.674157,-0.089888,0.449438,0.157303,0.887640,0.000000,1.000000,-0.011236,0.775281,0.022472,0.595506
Y,Right,legacy_bisindo_Y_393,0.000000,0.000000,-0.435897,0.230769,-0.923077,0.128205,-0.948718,0.384615,-0.794872,0.692308,-0.666667,-0.615385,-0.820513,-0.589744,-0.666667,0.051282,-0.512821,0.512821,-0.205128,-0.846154,-0.358974,-0.897436,-0.230769,-0.128205,-0.128205,0.358974,0.205128,-0.923077,0.102564,-1.000000,0.205128,-0.307692,0.230769,0.153846,0.641026,-0.897436,0.666667,-0.974359,0.717949,-0.487179,0.769231,-0.102564
Y,Right,legacy_bisindo_Y_394,0.000000,0.000000,0.222222,-0.222222,0.347222,-0.555556,0.319444,-0.805556,0.208333,-0.944444,0.083333,-0.833333,0.000000,-1.000000,0.027778,-0.777778,0.083333,-0.583333,-0.166667,-0.791667,-0.250000,-0.958333,-0.194444,-0.722222,-0.111111,-0.513889,-0.388889,-0.722222,-0.472222,-0.861111,-0.402778,-0.652778,-0.319444,-0.472222,-0.569444,-0.597222,-0.666667,-0.763889,-0.597222,-0.666667,-0.513889,-0.555556
Y,Right,legacy_bisindo_Y_395,0.000000,0.000000,0.202703,0.243243,0.283784,0.527027,0.297297,0.743243,0.256757,0.878378,0.000000,0.594595,-0.054054,0.810811,-0.081081,0.918919,-0.108108,1.000000,-0.175676,0.554054,-0.243243,0.783784,-0.270270,0.891892,-0.310811,0.986486,-0.324324,0.500000,-0.418919,0.729730,-0.459459,0.864865,-0.500000,0.986486,-0.472973,0.405405,-0.581081,0.608108,-0.608108,0.729730,-0.635135,0.837838
Y,Right,legacy_bisindo_Y_396,0.000000,0.000000,-0.225000,-0.275000,-0.325000,-0.300000,-0.375000,-0.475000,-0.350000,-0.675000,-0.450000,0.475000,-0.500000,0.175000,-0.400000,-0.375000,-0.275000,-0.800000,-0.075000,0.650000,-0.100000,0.325000,0.000000,-0.250000,0.100000,-0.675000,0.325000,0.675000,0.350000,0.425000,0.425000,-0.125000,0.500000,-0.500000,0.750000,0.625000,0.900000,0.525000,0.975000,0.125000,1.000000,-0.200000
Y,Right,legacy_bisindo_Y_397,0.000000,0.000000,-0.393939,0.151515,-0.878788,0.212121,-0.939394,0.545455,-0.939394,0.878788,-0.757576,-0.666667,-0.818182,-0.151515,-0.666667,0.515152,-0.454545,1.000000,-0.181818,-0.878788,-0.242424,-0.393939,-0.090909,0.333333,0.030303,0.787879,0.303030,-0.878788,0.363636,-0.515152,0.393939,0.151515,0.363636,0.575758,0.787879,-0.757576,0.878788,-0.515152,0.909091,-0.060606,0.878788,0.303030
Y,Right,legacy_bisindo_Y_398,0.000000,0.000000,-0.250000,-0.100000,-0.400000,-0.312500,-0.437500,-0.537500,-0.437500,-0.687500,-0.375000,-0.387500,-0.462500,-0.637500,-0.487500,-0.812500,-0.512500,-0.950000,-0.212500,-0.437500,-0.275000,-0.662500,-0.312500,-0.837500,-0.337500,-1.000000,-0.037500,-0.462500,-0.087500,-0.675000,-0.112500,-0.812500,-0.137500,-0.962500,0.137500,-0.475000,0.100000,-0.650000,0.075000,-0.750000,0.062500,-0.850000
Y,Right,legacy_bisindo_Y_399,0.000000,0.000000,-0.159420,-0.202899,-0.304348,-0.420290,-0.376812,-0.608696,-0.362319,-0.782609,-0.376812,-0.202899,-0.405797,-0.478261,-0.333333,-0.782609,-0.231884,-1.000000,-0.144928,-0.130435,-0.144928,-0.391304,-0.057971,-0.710145,0.000000,-0.956522,0.101449,-0.101449,0.101449,-0.347826,0.144928,-0.652174,0.173913,-0.869565,0.347826,-0.115942,0.333333,-0.304348,0.318841,-0.536232,0.304348,-0.724638
Y,Right,legacy_bisindo_Y_400,0.000000,0.000000,-0.360656,-0.016393,-0.655738,-0.278689,-0.754098,-0.557377,-0.786885,-0.770492,-0.721311,-0.655738,-0.786885,-0.868852,-0.721311,-0.655738,-0.655738,-0.491803,-0.459016,-0.786885,-0.524590,-0.967213,-0.459016,-0.688525,-0.377049,-0.491803,-0.163934,-0.885246,-0.262295,-1.000000,-0.213115,-0.737705,-0.131148,-0.557377,0.131148,-0.918033,0.032787,-1.000000,0.049180,-0.803279,0.114754,-0.672131
Y,Right,legacy_bisindo_Y_401,0.000000,0.000000,-0.193548,-0.193548,-0.354839,-0.387097,-0.419355,-0.596774,-0.451613,-0.806452,-0.370968,-0.064516,-0.435484,-0.387097,-0.387097,-0.741935,-0.322581,-1.000000,-0.177419,0.016129,-0.161290,-0.258065,-0.096774,-0.629032,-0.032258,-0.919355,0.048387,0.032258,0.080645,-0.193548,0.129032,-0.548387,0.193548,-0.806452,0.274194,0.032258,0.387097,-0.161290,0.419355,-0.403226,0.467742,-0.629032
Y,Right,legacy_bisindo_Y_402,0.000000,0.000000,-0.083333,-0.041667,-0.236111,-0.347222,-0.375000,-0.611111,-0.486111,-0.819444,-0.277778,-0.722222,-0.319444,-0.944444,-0.305556,-0.708333,-0.291667,-0.486111,-0.291667,-0.819444,-0.361111,-0.986111,-0.305556,-0.652778,-0.208333,-0.402778,-0.277778,-0.875000,-0.375000,-1.000000,-0.319444,-0.652778,-0.208333,-0.402778,-0.250000,-0.888889,-0.319444,-0.986111,-0.277778,-0.736111,-0.180556,-0.527778
Y,Right,legacy_bisindo_Y_403,0.000000,0.000000,-0.192308,-0.230769,-0.307692,-0.134615,-0.423077,0.019231,-0.538462,0.173077,-0.250000,0.384615,-0.173077,0.173077,-0.096154,-0.230769,0.000000,-0.576923,0.057692,0.538462,0.096154,0.346154,0.211538,-0.096154,0.288462,-0.500000,0.326923,0.576923,0.403846,0.403846,0.480769,-0.019231,0.519231,-0.384615,0.634615,0.557692,0.846154,0.480769,0.942308,0.192308,1.000000,-0.096154
Y,Right,legacy_bisindo_Y_404,0.000000,0.000000,-0.230769,0.230769,-0.615385,0.358974,-0.743590,0.333333,-0.666667,0.256410,-0.794872,-0.666667,-0.717949,-0.153846,-0.538462,0.410256,-0.384615,0.769231,-0.333333,-0.974359,-0.205128,-0.307692,-0.025641,0.307692,0.051282,0.641026,0.102564,-1.000000,0.282051,-0.384615,0.410256,0.179487,0.435897,0.487179,0.564103,-0.871795,0.666667,-0.358974,0.717949,0.076923,0.717949,0.307692
Y,Right,legacy_bisindo_Y_405,0.000000,0.000000,-0.176471,-0.352941,-0.235294,-0.352941,-0.147059,-0.470588,-0.029412,-0.647059,-0.411765,0.735294,-0.323529,0.558824,-0.205882,-0.058824,-0.176471,-0.529412,-0.088235,1.000000,0.058824,0.705882,0.264706,-0.058824,0.352941,-0.617647,0.294118,1.000000,0.382353,0.647059,0.500000,-0.117647,0.558824,-0.588235,0.705882,0.794118,0.882353,0.500000,0.941176,-0.029412,0.941176,-0.411765
Y,Right,legacy_bisindo_Y_406,0.000000,0.000000,-0.261905,-0.119048,-0.416667,-0.380952,-0.464286,-0.619048,-0.440476,-0.797619,-0.273810,-0.500000,-0.321429,-0.726190,-0.345238,-0.880952,-0.369048,-1.000000,-0.095238,-0.511905,-0.130952,-0.738095,-0.178571,-0.880952,-0.190476,-1.000000,0.083333,-0.511905,0.071429,-0.714286,0.023810,-0.833333,0.011905,-0.940476,0.250000,-0.488095,0.250000,-0.666667,0.214286,-0.750000,0.190476,-0.821429
Y,Right,legacy_bisindo_Y_407,0.000000,0.000000,0.162791,0.186047,0.197674,0.453488,0.174419,0.651163,0.127907,0.790698,-0.011628,0.534884,-0.093023,0.732558,-0.151163,0.872093,-0.209302,0.988372,-0.139535,0.500000,-0.244186,0.709302,-0.302326,0.860465,-0.360465,1.000000,-0.267442,0.453488,-0.372093,0.662791,-0.441860,0.813953,-0.500000,0.941860,-0.383721,0.383721,-0.476744,0.558140,-0.523256,0.686047,-0.569767,0.790698
Y,Right,legacy_bisindo_Y_408,0.000000,0.000000,-0.388889,-0.222222,-0.722222,-0.250000,-0.805556,-0.416667,-0.722222,-0.694444,-0.694444,0.694444,-0.583333,0.194444,-0.444444,-0.444444,-0.277778,-0.916667,-0.111111,0.861111,0.027778,0.305556,0.138889,-0.388889,0.194444,-0.888889,0.416667,0.833333,0.555556,0.361111,0.638889,-0.277778,0.666667,-0.666667,0.888889,0.666667,1.000000,0.361111,1.000000,-0.055556,0.944444,-0.361111
Y,Right,legacy_bisindo_Y_409,0.000000,0.000000,-0.281250,0.156250,-0.687500,0.218750,-0.781250,0.312500,-0.812500,0.437500,-0.687500,-0.718750,-0.750000,-0.281250,-0.593750,0.406250,-0.437500,0.906250,-0.125000,-0.968750,-0.125000,-0.437500,-0.031250,0.375000,0.031250,0.937500,0.375000,-1.000000,0.468750,-0.468750,0.531250,0.281250,0.531250,0.750000,0.843750,-0.843750,0.937500,-0.406250,0.937500,0.156250,0.875000,0.500000
Y,Right,legacy_bisindo_Y_410,0.000000,0.000000,-0.202381,-0.059524,-0.369048,-0.250000,-0.452381,-0.464286,-0.523810,-0.654762,-0.297619,-0.130952,-0.357143,-0.488095,-0.428571,-0.738095,-0.488095,-0.916667,-0.083333,-0.166667,-0.154762,-0.559524,-0.238095,-0.833333,-0.309524,-1.000000,0.119048,-0.202381,0.059524,-0.583333,-0.011905,-0.833333,-0.071429,-0.988095,0.285714,-0.261905,0.250000,-0.571429,0.202381,-0.750000,0.154762,-0.857143
Y,Right,legacy_bisindo_Y_411,0.000000,0.000000,-0.275000,-0.225000,-0.425000,-0.350000,-0.425000,-0.600000,-0.325000,-0.850000,-0.325000,0.350000,-0.275000,-0.100000,-0.250000,-0.650000,-0.175000,-1.000000,0.000000,0.475000,0.150000,-0.050000,0.225000,-0.625000,0.225000,-0.975000,0.375000,0.450000,0.500000,-0.075000,0.525000,-0.600000,0.500000,-0.900000,0.700000,0.300000,0.875000,-0.100000,0.875000,-0.525000,0.800000,-0.800000
Y,Right,legacy_bisindo_Y_412,0.000000,0.000000,-0.219780,-0.076923,-0.362637,-0.296703,-0.417582,-0.527473,-0.428571,-0.692308,-0.351648,-0.362637,-0.461538,-0.637363,-0.505495,-0.835165,-0.538462,-0.978022,-0.175824,-0.417582,-0.252747,-0.670330,-0.285714,-0.846154,-0.296703,-1.000000,0.010989,-0.450549,-0.021978,-0.670330,-0.043956,-0.813187,-0.054945,-0.945055,0.186813,-0.461538,0.164835,-0.648352,0.164835,-0.747253,0.164835,-0.846154
Y,Right,legacy_bisindo_Y_413,0.000000,0.000000,-0.166667,-0.277778,-0.222222,-0.361111,-0.222222,-0.583333,-0.138889,-0.833333,-0.194444,0.611111,-0.166667,0.222222,-0.083333,-0.472222,0.000000,-1.000000,0.055556,0.805556,0.166667,0.472222,0.277778,-0.305556,0.361111,-0.861111,0.361111,0.777778,0.416667,0.444444,0.527778,-0.305556,0.555556,-0.805556,0.666667,0.583333,0.888889,0.277778,0.944444,-0.277778,0.944444,-0.722222
Y,Right,legacy_bisindo_Y_414,0.000000,0.000000,-0.235294,-0.117647,-0.376471,-0.376471,-0.411765,-0.600000,-0.400000,-0.764706,-0.341176,-0.458824,-0.400000,-0.729412,-0.400000,-0.894118,-0.388235,-1.000000,-0.164706,-0.494118,-0.211765,-0.729412,-0.223529,-0.870588,-0.211765,-0.988235,0.011765,-0.517647,-0.023529,-0.717647,-0.035294,-0.835294,-0.023529,-0.941176,0.200000,-0.517647,0.164706,-0.682353,0.164706,-0.752941,0.176471,-0.823529
Y,Right,legacy_bisindo_Y_415,0.000000,0.000000,-0.230769,-0.307692,-0.358974,-0.307692,-0.384615,-0.461538,-0.307692,-0.717949,-0.384615,0.641026,-0.307692,0.333333,-0.205128,-0.307692,-0.102564,-0.794872,0.000000,0.846154,0.102564,0.487179,0.230769,-0.230769,0.307692,-0.769231,0.410256,0.794872,0.487179,0.487179,0.589744,-0.205128,0.615385,-0.692308,0.769231,0.615385,0.974359,0.384615,1.000000,-0.102564,0.948718,-0.512821
Y,Right,legacy_bisindo_Y_416,0.000000,0.000000,0.133333,0.177778,0.188889,0.422222,0.200000,0.600000,0.211111,0.733333,0.011111,0.500000,-0.033333,0.711111,-0.077778,0.844444,-0.122222,0.955556,-0.144444,0.477778,-0.222222,0.700000,-0.266667,0.866667,-0.322222,1.000000,-0.277778,0.433333,-0.366667,0.655556,-0.422222,0.811111,-0.466667,0.955556,-0.400000,0.355556,-0.500000,0.533333,-0.555556,0.677778,-0.577778,0.800000
Y,Right,legacy_bisindo_Y_417,0.000000,0.000000,-0.324324,0.297297,-0.675676,0.432432,-0.621622,0.648649,-0.459459,0.810811,-0.702703,-0.675676,-0.675676,-0.054054,-0.540541,0.594595,-0.432432,1.000000,-0.135135,-0.945946,-0.027027,-0.027027,0.000000,0.621622,-0.027027,0.918919,0.378378,-0.918919,0.486486,-0.027027,0.486486,0.594595,0.378378,0.837838,0.837838,-0.756757,0.945946,-0.054054,0.864865,0.432432,0.756757,0.702703
Y,Right,legacy_bisindo_Y_418,0.000000,0.000000,-0.197531,0.123457,-0.345679,0.333333,-0.432099,0.555556,-0.481481,0.728395,-0.271605,0.308642,-0.382716,0.567901,-0.395062,0.777778,-0.407407,0.938272,-0.061728,0.320988,-0.086420,0.617284,-0.061728,0.851852,-0.049383,1.000000,0.123457,0.308642,0.172840,0.543210,0.259259,0.679012,0.296296,0.790123,0.296296,0.296296,0.370370,0.407407,0.456790,0.481481,0.518519,0.567901
Y,Right,legacy_bisindo_Y_419,0.000000,0.000000,-0.214286,-0.095238,-0.357143,-0.297619,-0.404762,-0.511905,-0.404762,-0.678571,-0.345238,-0.321429,-0.440476,-0.571429,-0.476190,-0.761905,-0.511905,-0.916667,-0.190476,-0.380952,-0.261905,-0.642857,-0.297619,-0.833333,-0.333333,-1.000000,-0.023810,-0.428571,-0.083333,-0.666667,-0.119048,-0.845238,-0.142857,-1.000000,0.130952,-0.464286,0.095238,-0.654762,0.059524,-0.785714,0.035714,-0.892857
Y,Right,legacy_bisindo_Y_420,0.000000,0.000000,-0.266667,-0.244444,-0.400000,-0.422222,-0.400000,-0.666667,-0.355556,-0.844444,-0.444444,0.311111,-0.400000,-0.133333,-0.355556,-0.644444,-0.311111,-0.977778,-0.088889,0.466667,-0.066667,-0.066667,-0.022222,-0.622222,0.000000,-1.000000,0.288889,0.444444,0.333333,-0.155556,0.400000,-0.644444,0.400000,-0.933333,0.644444,0.288889,0.733333,-0.177778,0.711111,-0.555556,0.666667,-0.800000
Y,Right,legacy_bisindo_Y_421,0.000000,0.000000,0.305556,-0.083333,0.583333,-0.416667,0.777778,-0.805556,0.888889,-1.000000,0.305556,-0.666667,0.194444,-0.861111,0.222222,-0.777778,0.277778,-0.694444,0.000000,-0.583333,-0.111111,-0.750000,-0.083333,-0.555556,-0.055556,-0.416667,-0.277778,-0.388889,-0.416667,-0.527778,-0.361111,-0.416667,-0.305556,-0.305556,-0.527778,-0.166667,-0.666667,-0.194444,-0.694444,-0.138889,-0.694444,-0.138889
Y,Right,legacy_bisindo_Y_422,0.000000,0.000000,0.120482,0.168675,0.156627,0.397590,0.120482,0.590361,0.072289,0.722892,0.012048,0.493976,-0.072289,0.710843,-0.132530,0.855422,-0.204819,0.975904,-0.120482,0.469880,-0.228916,0.686747,-0.313253,0.855422,-0.385542,1.000000,-0.253012,0.409639,-0.349398,0.626506,-0.433735,0.783133,-0.493976,0.927711,-0.373494,0.337349,-0.469880,0.518072,-0.530120,0.662651,-0.578313,0.783133
Y,Right,legacy_bisindo_Y_423,0.000000,0.000000,-0.225000,0.225000,-0.525000,0.375000,-0.575000,0.575000,-0.550000,0.775000,-0.625000,-0.525000,-0.650000,0.000000,-0.550000,0.575000,-0.450000,1.000000,-0.200000,-0.750000,-0.150000,-0.125000,-0.075000,0.575000,-0.025000,1.000000,0.225000,-0.775000,0.325000,-0.150000,0.375000,0.500000,0.350000,0.850000,0.650000,-0.625000,0.725000,-0.075000,0.700000,0.450000,0.650000,0.725000
Y,Right,legacy_bisindo_Y_424,0.000000,0.000000,0.144444,0.177778,0.177778,0.422222,0.133333,0.622222,0.055556,0.755556,0.044444,0.488889,-0.022222,0.700000,-0.077778,0.855556,-0.133333,0.977778,-0.100000,0.466667,-0.188889,0.677778,-0.255556,0.844444,-0.311111,1.000000,-0.233333,0.422222,-0.333333,0.633333,-0.400000,0.800000,-0.466667,0.944444,-0.377778,0.355556,-0.466667,0.533333,-0.511111,0.677778,-0.555556,0.800000
Y,Right,legacy_bisindo_Y_425,0.000000,0.000000,-0.236842,0.263158,-0.552632,0.315789,-0.657895,0.342105,-0.684211,0.342105,-0.710526,-0.500000,-0.736842,-0.052632,-0.605263,0.552632,-0.500000,0.973684,-0.210526,-0.763158,-0.157895,-0.184211,-0.052632,0.526316,-0.026316,1.000000,0.263158,-0.815789,0.394737,-0.263158,0.473684,0.447368,0.447368,0.868421,0.710526,-0.710526,0.815789,-0.236842,0.842105,0.289474,0.815789,0.657895
Y,Right,legacy_bisindo_Y_426,0.000000,0.000000,-0.264706,-0.102941,-0.470588,-0.382353,-0.573529,-0.647059,-0.647059,-0.823529,-0.426471,-0.750000,-0.455882,-0.926471,-0.441176,-0.691176,-0.411765,-0.470588,-0.294118,-0.867647,-0.352941,-0.970588,-0.323529,-0.691176,-0.264706,-0.455882,-0.132353,-0.911765,-0.220588,-1.000000,-0.205882,-0.720588,-0.147059,-0.500000,0.044118,-0.911765,-0.029412,-1.000000,-0.058824,-0.794118,-0.014706,-0.617647
Y,Right,legacy_bisindo_Y_427,0.000000,0.000000,0.066667,-0.366667,0.266667,-0.466667,0.400000,-0.666667,0.500000,-0.933333,0.133333,0.766667,0.133333,0.400000,0.233333,-0.366667,0.333333,-0.933333,0.166667,1.000000,0.333333,0.633333,0.466667,-0.166667,0.566667,-0.766667,0.233333,0.966667,0.366667,0.600000,0.566667,-0.200000,0.666667,-0.733333,0.233333,0.733333,0.433333,0.366667,0.533333,-0.266667,0.566667,-0.766667
Y,Right,legacy_bisindo_Y_428,0.000000,0.000000,0.231579,-0.136842,0.400000,-0.389474,0.378947,-0.589474,0.305263,-0.694737,0.094737,-0.694737,0.052632,-0.842105,0.063158,-0.631579,0.084211,-0.452632,-0.094737,-0.663158,-0.136842,-0.821053,-0.105263,-0.568421,-0.063158,-0.368421,-0.263158,-0.610526,-0.315789,-0.757895,-0.263158,-0.526316,-0.200000,-0.336842,-0.421053,-0.515789,-0.536842,-0.747368,-0.610526,-0.884211,-0.673684,-1.000000
Y,Right,legacy_bisindo_Y_429,0.000000,0.000000,-0.300000,-0.020000,-0.580000,0.260000,-0.840000,0.600000,-1.000000,0.940000,-0.300000,0.460000,-0.260000,0.520000,-0.220000,0.220000,-0.160000,-0.060000,0.040000,0.580000,-0.020000,0.640000,0.040000,0.260000,0.100000,-0.040000,0.320000,0.600000,0.240000,0.660000,0.300000,0.300000,0.360000,0.000000,0.560000,0.580000,0.600000,0.620000,0.640000,0.380000,0.660000,0.160000
Y,Right,legacy_bisindo_Y_430,0.000000,0.000000,-0.246154,0.000000,-0.553846,-0.246154,-0.800000,-0.492308,-1.000000,-0.692308,-0.400000,-0.415385,-0.384615,-0.384615,-0.323077,-0.123077,-0.292308,0.107692,-0.138462,-0.507692,-0.153846,-0.430769,-0.138462,-0.138462,-0.123077,0.092308,0.092308,-0.507692,0.061538,-0.461538,0.076923,-0.153846,0.092308,0.076923,0.307692,-0.446154,0.261538,-0.400000,0.261538,-0.200000,0.261538,-0.030769
Y,Right,legacy_bisindo_Y_431,0.000000,0.000000,-0.271186,0.000000,-0.559322,0.322034,-0.779661,0.694915,-0.949153,1.000000,-0.372881,0.440678,-0.389831,0.576271,-0.338983,0.322034,-0.288136,0.067797,-0.050847,0.542373,-0.135593,0.694915,-0.084746,0.372881,-0.050847,0.118644,0.203390,0.576271,0.101695,0.728814,0.135593,0.423729,0.152542,0.186441,0.389831,0.542373,0.355932,0.661017,0.355932,0.474576,0.338983,0.288136
Y,Right,legacy_bisindo_Y_432,0.000000,0.000000,-0.266667,-0.016667,-0.600000,-0.266667,-0.800000,-0.516667,-1.000000,-0.716667,-0.433333,-0.433333,-0.416667,-0.316667,-0.366667,-0.033333,-0.333333,0.200000,-0.150000,-0.516667,-0.166667,-0.383333,-0.133333,-0.066667,-0.100000,0.166667,0.116667,-0.516667,0.100000,-0.450000,0.116667,-0.133333,0.116667,0.100000,0.333333,-0.450000,0.366667,-0.433333,0.383333,-0.233333,0.400000,-0.066667
Y,Right,legacy_bisindo_Y_433,0.000000,0.000000,-0.333333,-0.128205,-0.641026,0.153846,-0.871795,0.410256,-1.000000,0.641026,-0.461538,0.717949,-0.410256,0.794872,-0.333333,0.384615,-0.256410,0.025641,-0.025641,0.923077,-0.051282,0.974359,0.025641,0.487179,0.076923,0.076923,0.307692,0.948718,0.307692,1.000000,0.384615,0.538462,0.410256,0.179487,0.615385,0.897436,0.692308,0.923077,0.717949,0.641026,0.717949,0.358974
Y,Right,legacy_bisindo_Y_434,0.000000,0.000000,-0.232143,0.000000,-0.607143,-0.196429,-0.821429,-0.446429,-1.000000,-0.714286,-0.428571,-0.464286,-0.428571,-0.392857,-0.357143,-0.107143,-0.321429,0.107143,-0.160714,-0.607143,-0.178571,-0.392857,-0.160714,-0.053571,-0.160714,0.178571,0.089286,-0.589286,0.089286,-0.375000,0.089286,-0.053571,0.071429,0.160714,0.339286,-0.500000,0.303571,-0.339286,0.285714,-0.107143,0.267857,0.071429
Y,Right,legacy_bisindo_Y_435,0.000000,0.000000,-0.250000,0.019231,-0.519231,0.346154,-0.769231,0.692308,-0.923077,1.000000,-0.288462,0.384615,-0.346154,0.596154,-0.288462,0.346154,-0.230769,0.076923,0.019231,0.500000,-0.134615,0.730769,-0.057692,0.403846,0.000000,0.115385,0.250000,0.557692,0.115385,0.788462,0.192308,0.461538,0.269231,0.173077,0.461538,0.576923,0.480769,0.769231,0.538462,0.576923,0.576923,0.384615
Y,Right,legacy_bisindo_Y_436,0.000000,0.000000,-0.233333,0.016667,-0.550000,-0.183333,-0.800000,-0.416667,-1.000000,-0.650000,-0.400000,-0.366667,-0.416667,-0.300000,-0.366667,-0.033333,-0.333333,0.166667,-0.150000,-0.483333,-0.183333,-0.383333,-0.166667,-0.083333,-0.150000,0.133333,0.083333,-0.483333,0.050000,-0.383333,0.050000,-0.083333,0.050000,0.100000,0.300000,-0.400000,0.233333,-0.300000,0.200000,-0.100000,0.200000,0.033333
Y,Right,legacy_bisindo_Y_437,0.000000,0.000000,-0.314286,-0.200000,-0.600000,-0.057143,-0.828571,0.114286,-0.857143,0.314286,-0.457143,0.600000,-0.485714,0.400000,-0.371429,-0.057143,-0.257143,-0.428571,-0.028571,0.771429,-0.057143,0.600000,0.057143,0.057143,0.114286,-0.342857,0.371429,0.828571,0.342857,0.685714,0.428571,0.171429,0.457143,-0.171429,0.714286,0.771429,0.857143,0.714286,0.942857,0.400000,1.000000,0.142857
Y,Right,legacy_bisindo_Y_438,0.000000,0.000000,-0.271186,-0.118644,-0.576271,-0.322034,-0.813559,-0.542373,-1.000000,-0.677966,-0.457627,-0.118644,-0.491525,-0.440678,-0.457627,-0.305085,-0.440678,-0.135593,-0.203390,-0.050847,-0.271186,-0.508475,-0.220339,-0.355932,-0.186441,-0.152542,0.033898,-0.016949,-0.050847,-0.474576,-0.033898,-0.355932,0.000000,-0.169492,0.254237,-0.016949,0.152542,-0.372881,0.169492,-0.322034,0.203390,-0.203390
Y,Right,legacy_bisindo_Y_439,0.000000,0.000000,-0.262500,-0.062500,-0.500000,-0.075000,-0.650000,-0.012500,-0.750000,0.000000,-0.675000,-0.125000,-0.850000,0.150000,-0.937500,0.337500,-1.000000,0.500000,-0.550000,-0.087500,-0.625000,0.112500,-0.550000,-0.025000,-0.475000,-0.175000,-0.375000,-0.050000,-0.425000,0.150000,-0.375000,-0.012500,-0.337500,-0.162500,-0.200000,0.000000,-0.237500,0.137500,-0.212500,0.037500,-0.212500,-0.075000
Y,Right,legacy_bisindo_Y_440,0.000000,0.000000,-0.236842,0.105263,-0.460526,0.092105,-0.592105,0.039474,-0.671053,0.013158,-0.657895,-0.197368,-0.828947,-0.355263,-0.921053,-0.473684,-1.000000,-0.578947,-0.552632,-0.328947,-0.618421,-0.276316,-0.565789,-0.026316,-0.486842,0.144737,-0.381579,-0.394737,-0.407895,-0.302632,-0.368421,-0.065789,-0.315789,0.105263,-0.171053,-0.407895,-0.210526,-0.302632,-0.210526,-0.118421,-0.184211,0.013158
Y,Right,legacy_bisindo_Y_441,0.000000,0.000000,-0.400000,-0.311111,-0.666667,-0.400000,-0.866667,-0.311111,-1.000000,-0.244444,-0.622222,-0.088889,-0.555556,-0.155556,-0.488889,-0.400000,-0.422222,-0.600000,-0.311111,0.088889,-0.288889,0.000000,-0.200000,-0.377778,-0.155556,-0.688889,0.000000,0.177778,0.000000,0.088889,0.066667,-0.266667,0.088889,-0.600000,0.266667,0.177778,0.288889,0.066667,0.311111,-0.200000,0.311111,-0.466667
Y,Right,legacy_bisindo_Y_442,0.000000,0.000000,0.255814,-0.174419,0.476744,-0.441860,0.546512,-0.697674,0.558140,-0.906977,0.116279,-0.697674,0.069767,-0.848837,0.069767,-0.639535,0.093023,-0.453488,-0.069767,-0.662791,-0.116279,-0.825581,-0.081395,-0.569767,-0.046512,-0.383721,-0.232558,-0.604651,-0.302326,-0.779070,-0.255814,-0.546512,-0.197674,-0.372093,-0.383721,-0.534884,-0.488372,-0.755814,-0.558140,-0.883721,-0.616279,-1.000000
Y,Right,legacy_bisindo_Y_443,0.000000,0.000000,0.241379,-0.149425,0.459770,-0.425287,0.528736,-0.666667,0.551724,-0.873563,0.114943,-0.689655,0.057471,-0.816092,0.068966,-0.609195,0.091954,-0.436782,-0.068966,-0.655172,-0.103448,-0.804598,-0.080460,-0.551724,-0.034483,-0.367816,-0.229885,-0.609195,-0.287356,-0.747126,-0.241379,-0.517241,-0.183908,-0.344828,-0.379310,-0.528736,-0.471264,-0.758621,-0.540230,-0.873563,-0.586207,-1.000000
Y,Right,legacy_bisindo_Y_444,0.000000,0.000000,-0.285714,-0.222222,-0.428571,-0.349206,-0.492063,-0.539683,-0.507937,-0.714286,-0.301587,-0.317460,-0.317460,-0.587302,-0.301587,-0.777778,-0.269841,-0.952381,-0.111111,-0.301587,-0.142857,-0.571429,-0.126984,-0.793651,-0.111111,-1.000000,0.095238,-0.285714,0.095238,-0.539683,0.079365,-0.746032,0.063492,-0.920635,0.317460,-0.285714,0.365079,-0.460317,0.349206,-0.634921,0.333333,-0.777778
Y,Right,legacy_bisindo_Y_445,0.000000,0.000000,0.235955,-0.168539,0.438202,-0.438202,0.505618,-0.685393,0.561798,-0.865169,0.112360,-0.674157,0.067416,-0.831461,0.078652,-0.629213,0.101124,-0.471910,-0.056180,-0.651685,-0.101124,-0.797753,-0.078652,-0.561798,-0.033708,-0.404494,-0.213483,-0.606742,-0.269663,-0.752809,-0.224719,-0.528090,-0.168539,-0.359551,-0.348315,-0.539326,-0.426966,-0.752809,-0.494382,-0.887640,-0.550562,-1.000000
Y,Right,legacy_bisindo_Y_446,0.000000,0.000000,-0.209677,0.064516,-0.403226,-0.048387,-0.516129,-0.209677,-0.564516,-0.338710,-0.596774,-0.467742,-0.758065,-0.709677,-0.854839,-0.870968,-0.935484,-1.000000,-0.451613,-0.612903,-0.548387,-0.629032,-0.467742,-0.354839,-0.387097,-0.161290,-0.258065,-0.677419,-0.322581,-0.645161,-0.274194,-0.387097,-0.209677,-0.193548,-0.064516,-0.693548,-0.112903,-0.629032,-0.096774,-0.419355,-0.064516,-0.274194
Y,Right,legacy_bisindo_Y_447,0.000000,0.000000,-0.333333,-0.194444,-0.555556,-0.083333,-0.805556,0.166667,-1.000000,0.388889,-0.305556,0.222222,-0.333333,-0.027778,-0.333333,-0.444444,-0.250000,-0.777778,0.027778,0.305556,-0.027778,0.055556,0.000000,-0.416667,0.055556,-0.777778,0.361111,0.333333,0.277778,0.138889,0.333333,-0.305556,0.388889,-0.638889,0.666667,0.305556,0.777778,0.166667,0.833333,-0.111111,0.861111,-0.361111
Y,Right,legacy_bisindo_Y_448,0.000000,0.000000,-0.274510,-0.019608,-0.607843,-0.254902,-0.803922,-0.509804,-1.000000,-0.725490,-0.450980,-0.431373,-0.450980,-0.352941,-0.411765,-0.039216,-0.411765,0.215686,-0.176471,-0.529412,-0.215686,-0.392157,-0.176471,-0.039216,-0.176471,0.215686,0.098039,-0.509804,0.058824,-0.392157,0.058824,-0.078431,0.039216,0.156863,0.352941,-0.431373,0.294118,-0.333333,0.274510,-0.098039,0.235294,0.078431
Y,Right,legacy_bisindo_Y_449,0.000000,0.000000,-0.342105,-0.026316,-0.605263,0.210526,-0.842105,0.500000,-1.000000,0.815789,-0.342105,0.500000,-0.342105,0.236842,-0.315789,-0.184211,-0.263158,-0.473684,0.000000,0.526316,-0.052632,0.315789,-0.026316,-0.105263,0.026316,-0.421053,0.289474,0.473684,0.263158,0.289474,0.263158,-0.105263,0.289474,-0.394737,0.605263,0.394737,0.605263,0.236842,0.605263,-0.026316,0.605263,-0.263158
Y,Right,legacy_bisindo_Y_450,0.000000,0.000000,0.229885,-0.160920,0.436782,-0.425287,0.517241,-0.666667,0.563218,-0.862069,0.114943,-0.678161,0.080460,-0.793103,0.080460,-0.597701,0.091954,-0.436782,-0.057471,-0.655172,-0.091954,-0.781609,-0.057471,-0.551724,-0.022989,-0.379310,-0.206897,-0.609195,-0.264368,-0.735632,-0.218391,-0.528736,-0.160920,-0.367816,-0.344828,-0.540230,-0.436782,-0.758621,-0.505747,-0.885057,-0.551724,-1.000000
Y,Right,legacy_bisindo_Y_451,0.000000,0.000000,-0.244444,0.088889,-0.577778,-0.088889,-0.800000,-0.333333,-1.000000,-0.533333,-0.400000,-0.355556,-0.355556,-0.155556,-0.311111,0.155556,-0.288889,0.444444,-0.088889,-0.466667,-0.066667,-0.266667,-0.044444,0.111111,-0.066667,0.422222,0.177778,-0.488889,0.222222,-0.311111,0.222222,0.044444,0.200000,0.333333,0.422222,-0.466667,0.466667,-0.355556,0.488889,-0.111111,0.488889,0.133333
Y,Right,legacy_bisindo_Y_452,0.000000,0.000000,-0.270270,-0.189189,-0.540541,-0.162162,-0.756757,-0.027027,-0.918919,0.135135,-0.351351,0.027027,-0.378378,-0.324324,-0.351351,-0.702703,-0.270270,-1.000000,-0.027027,0.081081,-0.027027,-0.216216,0.000000,-0.648649,0.054054,-0.972973,0.297297,0.135135,0.324324,-0.135135,0.324324,-0.540541,0.351351,-0.837838,0.594595,0.135135,0.756757,-0.027027,0.864865,-0.270270,0.972973,-0.513514
Y,Right,legacy_bisindo_Y_453,0.000000,0.000000,0.250000,-0.154762,0.464286,-0.404762,0.535714,-0.642857,0.547619,-0.833333,0.142857,-0.666667,0.083333,-0.809524,0.083333,-0.595238,0.107143,-0.428571,-0.035714,-0.642857,-0.083333,-0.773810,-0.059524,-0.535714,-0.023810,-0.380952,-0.190476,-0.595238,-0.261905,-0.726190,-0.226190,-0.511905,-0.166667,-0.357143,-0.345238,-0.535714,-0.440476,-0.750000,-0.500000,-0.869048,-0.547619,-1.000000
Y,Right,legacy_bisindo_Y_454,0.000000,0.000000,-0.282051,0.025641,-0.615385,-0.205128,-0.820513,-0.512821,-1.000000,-0.794872,-0.410256,-0.461538,-0.461538,-0.307692,-0.435897,0.051282,-0.358974,0.333333,-0.076923,-0.564103,-0.128205,-0.358974,-0.102564,0.051282,-0.102564,0.384615,0.230769,-0.564103,0.205128,-0.384615,0.205128,0.000000,0.179487,0.307692,0.512821,-0.512821,0.564103,-0.384615,0.564103,-0.128205,0.538462,0.102564
Y,Right,legacy_bisindo_Y_455,0.000000,0.000000,-0.225000,-0.200000,-0.350000,-0.300000,-0.400000,-0.400000,-0.400000,-0.500000,-0.300000,-0.025000,-0.300000,-0.375000,-0.275000,-0.725000,-0.250000,-1.000000,-0.025000,0.025000,-0.025000,-0.300000,0.025000,-0.675000,0.050000,-0.975000,0.225000,0.025000,0.275000,-0.250000,0.300000,-0.600000,0.325000,-0.875000,0.500000,0.025000,0.650000,-0.150000,0.700000,-0.400000,0.725000,-0.625000
Y,Right,legacy_bisindo_Y_456,0.000000,0.000000,0.256098,-0.146341,0.475610,-0.390244,0.548780,-0.634146,0.560976,-0.829268,0.158537,-0.670732,0.085366,-0.792683,0.085366,-0.597561,0.109756,-0.426829,-0.024390,-0.634146,-0.085366,-0.780488,-0.060976,-0.536585,-0.024390,-0.353659,-0.182927,-0.585366,-0.256098,-0.719512,-0.219512,-0.512195,-0.158537,-0.341463,-0.329268,-0.524390,-0.414634,-0.743902,-0.487805,-0.865854,-0.536585,-1.000000
Y,Right,legacy_bisindo_Y_457,0.000000,0.000000,-0.421053,0.131579,-0.736842,0.236842,-0.921053,0.394737,-1.000000,0.578947,-0.815789,0.000000,-0.947368,0.263158,-0.842105,0.552632,-0.763158,0.842105,-0.552632,-0.105263,-0.605263,0.157895,-0.526316,0.552632,-0.473684,0.868421,-0.236842,-0.184211,-0.263158,0.052632,-0.263158,0.447368,-0.236842,0.736842,0.052632,-0.184211,0.026316,0.078947,-0.026316,0.368421,-0.026316,0.605263
Y,Right,legacy_bisindo_Y_458,0.000000,0.000000,0.237500,-0.137500,0.475000,-0.400000,0.550000,-0.637500,0.550000,-0.825000,0.137500,-0.687500,0.050000,-0.812500,0.050000,-0.600000,0.075000,-0.412500,-0.037500,-0.650000,-0.100000,-0.787500,-0.075000,-0.537500,-0.050000,-0.350000,-0.200000,-0.600000,-0.275000,-0.725000,-0.237500,-0.512500,-0.175000,-0.337500,-0.337500,-0.525000,-0.437500,-0.750000,-0.500000,-0.887500,-0.550000,-1.000000
Y,Right,legacy_bisindo_Y_459,0.000000,0.000000,0.240506,0.164557,0.443038,0.417722,0.518987,0.658228,0.544304,0.860759,0.139241,0.696203,0.050633,0.822785,0.037975,0.632911,0.050633,0.455696,-0.050633,0.658228,-0.126582,0.797468,-0.113924,0.556962,-0.075949,0.367089,-0.215190,0.607595,-0.291139,0.734177,-0.253165,0.518987,-0.202532,0.341772,-0.341772,0.531646,-0.443038,0.759494,-0.506329,0.886076,-0.556962,1.000000
Y,Right,legacy_bisindo_Y_460,0.000000,0.000000,0.259740,0.142857,0.480519,0.389610,0.571429,0.623377,0.597403,0.831169,0.181818,0.675325,0.103896,0.792208,0.077922,0.597403,0.090909,0.428571,-0.025974,0.649351,-0.090909,0.792208,-0.077922,0.545455,-0.038961,0.350649,-0.181818,0.597403,-0.259740,0.714286,-0.233766,0.493506,-0.181818,0.324675,-0.324675,0.532468,-0.415584,0.753247,-0.480519,0.870130,-0.545455,1.000000
Y,Right,legacy_bisindo_Y_461,0.000000,0.000000,0.263158,0.171053,0.460526,0.434211,0.526316,0.657895,0.565789,0.842105,0.184211,0.684211,0.131579,0.802632,0.105263,0.618421,0.118421,0.447368,0.000000,0.671053,-0.052632,0.789474,-0.052632,0.539474,-0.013158,0.355263,-0.171053,0.618421,-0.223684,0.736842,-0.210526,0.526316,-0.157895,0.342105,-0.315789,0.552632,-0.394737,0.776316,-0.460526,0.894737,-0.500000,1.000000
Y,Right,legacy_bisindo_Y_462,0.000000,0.000000,0.236842,-0.131579,0.473684,-0.394737,0.565789,-0.631579,0.578947,-0.828947,0.157895,-0.671053,0.105263,-0.776316,0.078947,-0.578947,0.092105,-0.407895,-0.026316,-0.644737,-0.065789,-0.750000,-0.052632,-0.513158,-0.039474,-0.342105,-0.184211,-0.605263,-0.236842,-0.710526,-0.210526,-0.500000,-0.171053,-0.328947,-0.328947,-0.526316,-0.394737,-0.750000,-0.460526,-0.881579,-0.513158,-1.000000
Y,Right,legacy_bisindo_Y_463,0.000000,0.000000,0.260274,0.136986,0.465753,0.410959,0.547945,0.643836,0.602740,0.835616,0.205479,0.684932,0.136986,0.794521,0.109589,0.589041,0.109589,0.410959,0.000000,0.671233,-0.054795,0.780822,-0.054795,0.520548,-0.013699,0.328767,-0.164384,0.630137,-0.219178,0.726027,-0.205479,0.493151,-0.164384,0.315068,-0.315068,0.561644,-0.397260,0.780822,-0.465753,0.890411,-0.506849,1.000000
Y,Right,legacy_bisindo_Y_464,0.000000,0.000000,0.253333,-0.133333,0.480000,-0.373333,0.573333,-0.613333,0.573333,-0.786667,0.173333,-0.653333,0.133333,-0.786667,0.120000,-0.586667,0.120000,-0.413333,0.000000,-0.640000,-0.040000,-0.786667,-0.040000,-0.533333,-0.013333,-0.360000,-0.160000,-0.600000,-0.226667,-0.720000,-0.186667,-0.493333,-0.146667,-0.333333,-0.320000,-0.533333,-0.373333,-0.760000,-0.440000,-0.880000,-0.480000,-1.000000
Y,Right,legacy_bisindo_Y_465,0.000000,0.000000,0.253333,0.133333,0.466667,0.386667,0.560000,0.626667,0.600000,0.813333,0.200000,0.666667,0.146667,0.786667,0.120000,0.600000,0.120000,0.440000,0.013333,0.653333,-0.040000,0.786667,-0.040000,0.533333,-0.013333,0.346667,-0.146667,0.613333,-0.213333,0.733333,-0.200000,0.520000,-0.160000,0.346667,-0.293333,0.560000,-0.373333,0.773333,-0.426667,0.893333,-0.466667,1.000000
Y,Right,legacy_bisindo_Y_466,0.000000,0.000000,0.240000,-0.133333,0.466667,-0.373333,0.560000,-0.600000,0.586667,-0.786667,0.186667,-0.653333,0.146667,-0.786667,0.120000,-0.600000,0.133333,-0.440000,0.013333,-0.640000,-0.026667,-0.786667,-0.026667,-0.546667,-0.013333,-0.360000,-0.146667,-0.600000,-0.213333,-0.733333,-0.186667,-0.520000,-0.133333,-0.346667,-0.293333,-0.546667,-0.360000,-0.760000,-0.413333,-0.893333,-0.453333,-1.000000
Y,Right,legacy_bisindo_Y_467,0.000000,0.000000,0.260274,0.136986,0.479452,0.383562,0.575342,0.616438,0.616438,0.808219,0.219178,0.671233,0.150685,0.780822,0.136986,0.602740,0.136986,0.424658,0.027397,0.657534,-0.027397,0.767123,-0.027397,0.534247,0.013699,0.342466,-0.150685,0.616438,-0.205479,0.726027,-0.178082,0.506849,-0.136986,0.342466,-0.301370,0.561644,-0.383562,0.767123,-0.424658,0.890411,-0.465753,1.000000
Y,Right,legacy_bisindo_Y_468,0.000000,0.000000,0.236111,-0.111111,0.472222,-0.361111,0.555556,-0.597222,0.597222,-0.791667,0.166667,-0.666667,0.125000,-0.791667,0.111111,-0.583333,0.125000,-0.416667,-0.013889,-0.638889,-0.041667,-0.791667,-0.027778,-0.541667,-0.013889,-0.347222,-0.166667,-0.597222,-0.222222,-0.736111,-0.180556,-0.513889,-0.138889,-0.333333,-0.319444,-0.541667,-0.388889,-0.763889,-0.430556,-0.888889,-0.472222,-1.000000
Y,Right,legacy_bisindo_Y_469,0.000000,0.000000,0.263889,0.111111,0.472222,0.361111,0.569444,0.583333,0.611111,0.777778,0.222222,0.638889,0.166667,0.777778,0.138889,0.583333,0.138889,0.416667,0.027778,0.638889,-0.027778,0.763889,-0.027778,0.513889,0.013889,0.319444,-0.138889,0.597222,-0.194444,0.708333,-0.180556,0.486111,-0.125000,0.319444,-0.291667,0.541667,-0.361111,0.750000,-0.402778,0.875000,-0.444444,1.000000
Y,Right,legacy_bisindo_Y_470,0.000000,0.000000,0.239437,-0.112676,0.464789,-0.366197,0.549296,-0.605634,0.591549,-0.802817,0.183099,-0.661972,0.140845,-0.774648,0.126761,-0.563380,0.126761,-0.380282,-0.014085,-0.647887,-0.042254,-0.774648,-0.028169,-0.521127,-0.014085,-0.338028,-0.169014,-0.605634,-0.211268,-0.732394,-0.183099,-0.492958,-0.140845,-0.323944,-0.323944,-0.535211,-0.394366,-0.760563,-0.450704,-0.887324,-0.492958,-1.000000
Y,Right,legacy_bisindo_Y_471,0.000000,0.000000,0.257143,0.114286,0.471429,0.371429,0.557143,0.614286,0.628571,0.814286,0.214286,0.657143,0.142857,0.785714,0.114286,0.585714,0.114286,0.400000,0.014286,0.657143,-0.042857,0.771429,-0.028571,0.514286,-0.014286,0.300000,-0.157143,0.614286,-0.214286,0.728571,-0.185714,0.500000,-0.157143,0.328571,-0.300000,0.542857,-0.371429,0.757143,-0.428571,0.885714,-0.471429,1.000000
Y,Right,legacy_bisindo_Y_472,0.000000,0.000000,0.231884,-0.115942,0.463768,-0.376812,0.550725,-0.623188,0.623188,-0.811594,0.173913,-0.666667,0.130435,-0.768116,0.101449,-0.565217,0.115942,-0.405797,-0.014493,-0.666667,-0.057971,-0.768116,-0.043478,-0.521739,-0.028986,-0.333333,-0.188406,-0.608696,-0.231884,-0.724638,-0.188406,-0.492754,-0.144928,-0.318841,-0.333333,-0.550725,-0.405797,-0.782609,-0.449275,-0.898551,-0.492754,-1.000000
Y,Right,legacy_bisindo_Y_473,0.000000,0.000000,0.279412,0.117647,0.500000,0.382353,0.573529,0.617647,0.632353,0.808824,0.220588,0.676471,0.161765,0.779412,0.132353,0.588235,0.132353,0.411765,0.014706,0.676471,-0.044118,0.779412,-0.044118,0.514706,0.000000,0.323529,-0.161765,0.632353,-0.220588,0.720588,-0.191176,0.500000,-0.147059,0.308824,-0.308824,0.573529,-0.382353,0.779412,-0.441176,0.897059,-0.470588,1.000000
Y,Right,legacy_bisindo_Y_474,0.000000,0.000000,0.242424,-0.106061,0.469697,-0.363636,0.560606,-0.590909,0.636364,-0.757576,0.181818,-0.681818,0.151515,-0.772727,0.136364,-0.560606,0.121212,-0.378788,-0.015152,-0.651515,-0.045455,-0.787879,-0.045455,-0.515152,-0.030303,-0.318182,-0.181818,-0.606061,-0.242424,-0.727273,-0.196970,-0.484848,-0.151515,-0.287879,-0.348485,-0.545455,-0.424242,-0.772727,-0.484848,-0.893939,-0.515152,-1.000000
Y,Right,legacy_bisindo_Y_475,0.000000,0.000000,0.265625,0.093750,0.500000,0.359375,0.578125,0.609375,0.656250,0.812500,0.203125,0.687500,0.171875,0.781250,0.140625,0.562500,0.140625,0.375000,0.000000,0.671875,-0.031250,0.781250,-0.031250,0.500000,-0.015625,0.281250,-0.171875,0.609375,-0.218750,0.703125,-0.203125,0.468750,-0.156250,0.281250,-0.343750,0.546875,-0.406250,0.765625,-0.468750,0.890625,-0.515625,1.000000
Y,Right,legacy_bisindo_Y_476,0.000000,0.000000,0.242424,-0.121212,0.484848,-0.378788,0.575758,-0.621212,0.651515,-0.818182,0.166667,-0.681818,0.121212,-0.818182,0.090909,-0.606061,0.090909,-0.409091,-0.015152,-0.666667,-0.060606,-0.803030,-0.045455,-0.530303,-0.030303,-0.348485,-0.181818,-0.606061,-0.242424,-0.742424,-0.212121,-0.500000,-0.151515,-0.303030,-0.333333,-0.545455,-0.409091,-0.772727,-0.469697,-0.893939,-0.515152,-1.000000
Y,Right,legacy_bisindo_Y_477,0.000000,0.000000,0.296875,0.093750,0.531250,0.359375,0.625000,0.609375,0.687500,0.812500,0.250000,0.671875,0.156250,0.781250,0.125000,0.562500,0.125000,0.375000,0.031250,0.671875,-0.031250,0.765625,-0.031250,0.500000,0.000000,0.281250,-0.140625,0.625000,-0.218750,0.718750,-0.187500,0.468750,-0.140625,0.296875,-0.296875,0.546875,-0.375000,0.765625,-0.437500,0.890625,-0.500000,1.000000
Y,Right,legacy_bisindo_Y_478,0.000000,0.000000,0.246154,-0.123077,0.476923,-0.384615,0.569231,-0.630769,0.661538,-0.815385,0.184615,-0.676923,0.138462,-0.800000,0.123077,-0.584615,0.123077,-0.384615,0.000000,-0.646154,-0.046154,-0.784615,-0.046154,-0.523077,-0.015385,-0.323077,-0.184615,-0.600000,-0.246154,-0.738462,-0.200000,-0.492308,-0.153846,-0.307692,-0.338462,-0.538462,-0.415385,-0.769231,-0.476923,-0.876923,-0.507692,-1.000000
Y,Right,legacy_bisindo_Y_479,0.000000,0.000000,0.276923,0.138462,0.492308,0.400000,0.584615,0.630769,0.646154,0.830769,0.230769,0.692308,0.169231,0.815385,0.123077,0.600000,0.123077,0.415385,0.030769,0.676923,-0.046154,0.815385,-0.046154,0.538462,0.000000,0.338462,-0.153846,0.646154,-0.215385,0.769231,-0.215385,0.523077,-0.169231,0.338462,-0.323077,0.569231,-0.400000,0.784615,-0.461538,0.892308,-0.507692,1.000000
Y,Right,legacy_bisindo_Y_480,0.000000,0.000000,0.246154,-0.138462,0.492308,-0.384615,0.600000,-0.630769,0.646154,-0.846154,0.184615,-0.692308,0.123077,-0.800000,0.092308,-0.584615,0.107692,-0.400000,-0.015385,-0.676923,-0.061538,-0.800000,-0.046154,-0.538462,-0.015385,-0.353846,-0.184615,-0.630769,-0.246154,-0.738462,-0.200000,-0.507692,-0.153846,-0.338462,-0.338462,-0.553846,-0.415385,-0.769231,-0.476923,-0.876923,-0.523077,-1.000000
Y,Right,legacy_bisindo_Y_481,0.000000,0.000000,0.276923,0.153846,0.476923,0.415385,0.569231,0.661538,0.630769,0.861538,0.200000,0.707692,0.107692,0.830769,0.076923,0.615385,0.092308,0.415385,0.000000,0.692308,-0.076923,0.815385,-0.061538,0.538462,-0.030769,0.338462,-0.169231,0.630769,-0.246154,0.769231,-0.215385,0.538462,-0.169231,0.353846,-0.323077,0.553846,-0.400000,0.769231,-0.476923,0.892308,-0.523077,1.000000
Y,Right,legacy_bisindo_Y_482,0.000000,0.000000,0.229508,-0.163934,0.442623,-0.459016,0.508197,-0.704918,0.590164,-0.885246,0.131148,-0.704918,0.081967,-0.836066,0.081967,-0.622951,0.098361,-0.426230,-0.065574,-0.672131,-0.098361,-0.819672,-0.081967,-0.557377,-0.049180,-0.344262,-0.245902,-0.606557,-0.295082,-0.721311,-0.245902,-0.491803,-0.180328,-0.311475,-0.393443,-0.524590,-0.475410,-0.754098,-0.557377,-0.885246,-0.622951,-1.000000
Y,Right,legacy_bisindo_Y_483,0.000000,0.000000,0.288136,0.152542,0.508475,0.423729,0.576271,0.677966,0.644068,0.881356,0.186441,0.711864,0.101695,0.830508,0.084746,0.627119,0.101695,0.440678,-0.033898,0.677966,-0.101695,0.813559,-0.084746,0.542373,-0.033898,0.338983,-0.203390,0.627119,-0.288136,0.745763,-0.254237,0.525424,-0.203390,0.338983,-0.372881,0.542373,-0.457627,0.762712,-0.542373,0.881356,-0.610169,1.000000
Y,Right,legacy_bisindo_Y_484,0.000000,0.000000,0.216667,-0.150000,0.433333,-0.450000,0.516667,-0.700000,0.583333,-0.900000,0.116667,-0.733333,0.066667,-0.833333,0.050000,-0.616667,0.066667,-0.416667,-0.083333,-0.700000,-0.133333,-0.816667,-0.116667,-0.550000,-0.066667,-0.366667,-0.266667,-0.633333,-0.316667,-0.750000,-0.266667,-0.516667,-0.200000,-0.333333,-0.416667,-0.550000,-0.516667,-0.766667,-0.600000,-0.883333,-0.666667,-1.000000
Y,Right,legacy_bisindo_Y_485,0.000000,0.000000,0.275862,0.155172,0.482759,0.448276,0.551724,0.706897,0.620690,0.913793,0.189655,0.741379,0.103448,0.862069,0.068966,0.637931,0.086207,0.448276,-0.034483,0.706897,-0.103448,0.844828,-0.086207,0.568966,-0.034483,0.344828,-0.224138,0.637931,-0.293103,0.775862,-0.258621,0.534483,-0.206897,0.327586,-0.379310,0.551724,-0.482759,0.775862,-0.568966,0.896552,-0.620690,1.000000
Y,Right,legacy_bisindo_Y_486,0.000000,0.000000,0.250000,-0.142857,0.500000,-0.446429,0.589286,-0.714286,0.642857,-0.946429,0.160714,-0.750000,0.071429,-0.857143,0.071429,-0.625000,0.071429,-0.410714,-0.053571,-0.714286,-0.107143,-0.821429,-0.089286,-0.553571,-0.053571,-0.339286,-0.250000,-0.642857,-0.321429,-0.732143,-0.267857,-0.500000,-0.214286,-0.303571,-0.410714,-0.535714,-0.500000,-0.767857,-0.589286,-0.892857,-0.678571,-1.000000
Y,Right,legacy_bisindo_Y_487,0.000000,0.000000,0.303571,0.142857,0.500000,0.464286,0.571429,0.732143,0.642857,0.946429,0.178571,0.732143,0.071429,0.857143,0.053571,0.642857,0.071429,0.428571,-0.035714,0.714286,-0.125000,0.821429,-0.107143,0.553571,-0.053571,0.321429,-0.232143,0.642857,-0.321429,0.750000,-0.285714,0.500000,-0.214286,0.303571,-0.392857,0.553571,-0.482143,0.767857,-0.589286,0.892857,-0.660714,1.000000
Y,Right,legacy_bisindo_Y_488,0.000000,0.000000,0.254545,-0.145455,0.472727,-0.454545,0.563636,-0.727273,0.636364,-0.945455,0.145455,-0.745455,0.054545,-0.854545,0.054545,-0.636364,0.072727,-0.418182,-0.072727,-0.690909,-0.145455,-0.836364,-0.109091,-0.563636,-0.072727,-0.345455,-0.254545,-0.618182,-0.327273,-0.727273,-0.272727,-0.490909,-0.200000,-0.290909,-0.418182,-0.527273,-0.527273,-0.763636,-0.618182,-0.890909,-0.690909,-1.000000
Y,Right,legacy_bisindo_Y_489,0.000000,0.000000,0.272727,0.145455,0.490909,0.436364,0.581818,0.709091,0.636364,0.945455,0.181818,0.727273,0.072727,0.854545,0.054545,0.636364,0.072727,0.436364,-0.054545,0.690909,-0.145455,0.836364,-0.109091,0.545455,-0.072727,0.327273,-0.236364,0.636364,-0.345455,0.745455,-0.290909,0.490909,-0.236364,0.309091,-0.400000,0.545455,-0.509091,0.763636,-0.600000,0.890909,-0.654545,1.000000
Y,Right,legacy_bisindo_Y_490,0.000000,0.000000,0.267857,-0.160714,0.482143,-0.446429,0.571429,-0.714286,0.625000,-0.928571,0.142857,-0.732143,0.071429,-0.857143,0.053571,-0.625000,0.071429,-0.428571,-0.071429,-0.696429,-0.125000,-0.839286,-0.107143,-0.553571,-0.071429,-0.339286,-0.250000,-0.625000,-0.339286,-0.750000,-0.285714,-0.500000,-0.214286,-0.303571,-0.410714,-0.535714,-0.517857,-0.767857,-0.607143,-0.892857,-0.678571,-1.000000
Y,Right,legacy_bisindo_Y_491,0.000000,0.000000,0.309091,0.145455,0.509091,0.454545,0.581818,0.727273,0.636364,0.945455,0.181818,0.727273,0.072727,0.872727,0.054545,0.636364,0.072727,0.454545,-0.036364,0.709091,-0.127273,0.854545,-0.109091,0.563636,-0.054545,0.345455,-0.236364,0.636364,-0.327273,0.763636,-0.272727,0.509091,-0.218182,0.309091,-0.400000,0.545455,-0.509091,0.763636,-0.581818,0.890909,-0.654545,1.000000
Y,Right,legacy_bisindo_Y_492,0.000000,0.000000,0.267857,-0.125000,0.500000,-0.410714,0.589286,-0.678571,0.607143,-0.892857,0.160714,-0.696429,0.071429,-0.821429,0.071429,-0.607143,0.089286,-0.410714,-0.053571,-0.660714,-0.125000,-0.803571,-0.107143,-0.535714,-0.071429,-0.321429,-0.250000,-0.607143,-0.321429,-0.732143,-0.267857,-0.482143,-0.196429,-0.285714,-0.410714,-0.517857,-0.517857,-0.750000,-0.589286,-0.875000,-0.660714,-1.000000
Y,Right,legacy_bisindo_Y_493,0.000000,0.000000,0.314815,0.129630,0.537037,0.425926,0.611111,0.685185,0.666667,0.907407,0.222222,0.722222,0.129630,0.851852,0.092593,0.629630,0.092593,0.425926,0.000000,0.685185,-0.074074,0.833333,-0.055556,0.537037,-0.018519,0.314815,-0.203704,0.629630,-0.277778,0.759259,-0.240741,0.500000,-0.185185,0.314815,-0.370370,0.537037,-0.481481,0.759259,-0.555556,0.888889,-0.629630,1.000000
Y,Right,legacy_bisindo_Y_494,0.000000,0.000000,0.303571,0.125000,0.535714,0.410714,0.607143,0.678571,0.660714,0.892857,0.232143,0.714286,0.125000,0.839286,0.089286,0.625000,0.089286,0.410714,0.017857,0.678571,-0.071429,0.821429,-0.071429,0.535714,-0.035714,0.321429,-0.178571,0.625000,-0.267857,0.732143,-0.232143,0.500000,-0.178571,0.321429,-0.339286,0.535714,-0.428571,0.767857,-0.517857,0.875000,-0.571429,1.000000
Y,Right,legacy_bisindo_Y_495,0.000000,0.000000,0.245614,-0.157895,0.456140,-0.456140,0.526316,-0.701754,0.596491,-0.894737,0.140351,-0.701754,0.087719,-0.842105,0.052632,-0.631579,0.035088,-0.421053,-0.052632,-0.684211,-0.122807,-0.842105,-0.122807,-0.578947,-0.087719,-0.368421,-0.245614,-0.631579,-0.315789,-0.754386,-0.280702,-0.508772,-0.210526,-0.315789,-0.403509,-0.543860,-0.491228,-0.771930,-0.578947,-0.894737,-0.649123,-1.000000
Y,Right,legacy_bisindo_Y_496,0.000000,0.000000,0.290909,0.145455,0.509091,0.436364,0.581818,0.690909,0.636364,0.909091,0.181818,0.727273,0.090909,0.854545,0.054545,0.636364,0.072727,0.436364,-0.036364,0.690909,-0.109091,0.836364,-0.109091,0.563636,-0.072727,0.345455,-0.218182,0.636364,-0.309091,0.763636,-0.272727,0.509091,-0.218182,0.309091,-0.381818,0.563636,-0.472727,0.781818,-0.563636,0.909091,-0.618182,1.000000
Y,Right,legacy_bisindo_Y_497,0.000000,0.000000,0.320755,0.094340,0.547170,0.396226,0.603774,0.660377,0.679245,0.867925,0.226415,0.698113,0.150943,0.830189,0.113208,0.603774,0.113208,0.396226,0.000000,0.679245,-0.075472,0.811321,-0.056604,0.528302,-0.018868,0.301887,-0.207547,0.622642,-0.264151,0.754717,-0.245283,0.490566,-0.188679,0.283019,-0.377358,0.547170,-0.490566,0.754717,-0.566038,0.886792,-0.641509,1.000000
Y,Right,legacy_bisindo_Y_498,0.000000,0.000000,0.290909,0.145455,0.509091,0.436364,0.581818,0.709091,0.636364,0.909091,0.200000,0.727273,0.109091,0.854545,0.072727,0.636364,0.072727,0.436364,-0.018182,0.690909,-0.090909,0.854545,-0.090909,0.563636,-0.054545,0.345455,-0.200000,0.636364,-0.272727,0.781818,-0.254545,0.527273,-0.218182,0.327273,-0.345455,0.563636,-0.454545,0.781818,-0.527273,0.890909,-0.600000,1.000000
Y,Right,legacy_bisindo_Y_499,0.000000,0.000000,0.296296,0.148148,0.518519,0.444444,0.592593,0.703704,0.648148,0.907407,0.222222,0.703704,0.111111,0.851852,0.074074,0.629630,0.074074,0.425926,0.000000,0.685185,-0.092593,0.833333,-0.074074,0.555556,-0.055556,0.333333,-0.185185,0.629630,-0.259259,0.740741,-0.240741,0.518519,-0.203704,0.314815,-0.351852,0.555556,-0.462963,0.777778,-0.537037,0.888889,-0.592593,1.000000
Y,Right,legacy_bisindo_Y_500,0.000000,0.000000,0.326531,0.142857,0.551020,0.469388,0.653061,0.755102,0.714286,1.000000,0.244898,0.775510,0.122449,0.959184,0.102041,0.734694,0.122449,0.489796,0.020408,0.734694,-0.061224,0.918367,-0.061224,0.653061,-0.020408,0.408163,-0.183673,0.673469,-0.244898,0.836735,-0.224490,0.571429,-0.163265,0.346939,-0.346939,0.591837,-0.387755,0.734694,-0.346939,0.530612,-0.285714,0.346939
Y,Right,legacy_bisindo_Y_501,0.000000,0.000000,0.306122,-0.142857,0.591837,-0.408163,0.714286,-0.714286,0.775510,-0.959184,0.265306,-0.755102,0.183673,-0.897959,0.163265,-0.653061,0.163265,-0.448980,0.040816,-0.714286,-0.020408,-0.897959,-0.020408,-0.612245,0.020408,-0.387755,-0.163265,-0.653061,-0.265306,-0.795918,-0.224490,-0.530612,-0.183673,-0.326531,-0.346939,-0.571429,-0.448980,-0.816327,-0.530612,-0.897959,-0.571429,-1.000000
Y,Right,legacy_bisindo_Y_502,0.000000,0.000000,0.272727,0.163636,0.472727,0.436364,0.563636,0.672727,0.618182,0.890909,0.181818,0.709091,0.072727,0.836364,0.054545,0.636364,0.054545,0.436364,-0.036364,0.690909,-0.109091,0.836364,-0.109091,0.563636,-0.072727,0.345455,-0.200000,0.618182,-0.290909,0.745455,-0.254545,0.509091,-0.200000,0.327273,-0.363636,0.545455,-0.454545,0.745455,-0.545455,0.872727,-0.600000,1.000000
Y,Right,legacy_bisindo_Y_503,0.000000,0.000000,0.236364,-0.145455,0.454545,-0.436364,0.545455,-0.690909,0.600000,-0.890909,0.145455,-0.690909,0.072727,-0.818182,0.054545,-0.600000,0.072727,-0.400000,-0.054545,-0.672727,-0.127273,-0.818182,-0.109091,-0.563636,-0.072727,-0.345455,-0.236364,-0.600000,-0.309091,-0.727273,-0.272727,-0.490909,-0.200000,-0.290909,-0.400000,-0.527273,-0.490909,-0.763636,-0.581818,-0.890909,-0.654545,-1.000000
Y,Right,legacy_bisindo_Y_504,0.000000,0.000000,0.296296,0.148148,0.518519,0.425926,0.592593,0.685185,0.648148,0.907407,0.203704,0.703704,0.092593,0.851852,0.074074,0.629630,0.074074,0.444444,-0.018519,0.685185,-0.111111,0.833333,-0.092593,0.555556,-0.055556,0.333333,-0.185185,0.629630,-0.277778,0.740741,-0.240741,0.481481,-0.203704,0.296296,-0.351852,0.555556,-0.444444,0.759259,-0.537037,0.888889,-0.592593,1.000000
Y,Right,legacy_bisindo_Y_505,0.000000,0.000000,0.254545,-0.163636,0.472727,-0.436364,0.563636,-0.690909,0.636364,-0.890909,0.163636,-0.709091,0.090909,-0.854545,0.072727,-0.618182,0.090909,-0.436364,-0.036364,-0.690909,-0.090909,-0.836364,-0.090909,-0.563636,-0.054545,-0.381818,-0.218182,-0.636364,-0.290909,-0.745455,-0.254545,-0.509091,-0.181818,-0.327273,-0.363636,-0.563636,-0.454545,-0.781818,-0.545455,-0.890909,-0.618182,-1.000000
Y,Right,legacy_bisindo_Y_506,0.000000,0.000000,0.277778,0.148148,0.500000,0.425926,0.574074,0.666667,0.648148,0.888889,0.203704,0.703704,0.111111,0.833333,0.074074,0.648148,0.092593,0.444444,-0.018519,0.666667,-0.092593,0.814815,-0.074074,0.555556,-0.055556,0.333333,-0.185185,0.629630,-0.259259,0.722222,-0.240741,0.481481,-0.203704,0.296296,-0.351852,0.555556,-0.444444,0.759259,-0.518519,0.888889,-0.574074,1.000000
Y,Right,legacy_bisindo_Y_507,0.000000,0.000000,0.240741,-0.148148,0.481481,-0.425926,0.574074,-0.685185,0.648148,-0.888889,0.148148,-0.722222,0.092593,-0.833333,0.074074,-0.611111,0.092593,-0.425926,-0.055556,-0.685185,-0.111111,-0.833333,-0.092593,-0.555556,-0.055556,-0.351852,-0.222222,-0.629630,-0.296296,-0.740741,-0.240741,-0.500000,-0.166667,-0.314815,-0.388889,-0.555556,-0.462963,-0.777778,-0.537037,-0.888889,-0.611111,-1.000000
Y,Right,legacy_bisindo_Y_508,0.000000,0.000000,0.283019,0.132075,0.490566,0.415094,0.584906,0.660377,0.660377,0.867925,0.188679,0.679245,0.094340,0.811321,0.075472,0.584906,0.075472,0.396226,-0.018868,0.660377,-0.094340,0.773585,-0.075472,0.509434,-0.056604,0.301887,-0.188679,0.603774,-0.264151,0.698113,-0.245283,0.471698,-0.188679,0.283019,-0.358491,0.528302,-0.452830,0.754717,-0.528302,0.867925,-0.584906,1.000000
Y,Right,legacy_bisindo_Y_509,0.000000,0.000000,0.277778,0.166667,0.500000,0.444444,0.592593,0.685185,0.629630,0.907407,0.203704,0.759259,0.092593,0.851852,0.074074,0.648148,0.092593,0.444444,-0.018519,0.722222,-0.092593,0.833333,-0.092593,0.574074,-0.037037,0.351852,-0.203704,0.666667,-0.277778,0.759259,-0.240741,0.518519,-0.203704,0.333333,-0.351852,0.574074,-0.462963,0.777778,-0.537037,0.888889,-0.574074,1.000000
Y,Right,legacy_bisindo_Y_510,0.000000,0.000000,0.265306,0.081633,0.489796,0.346939,0.591837,0.571429,0.591837,0.755102,0.204082,0.693878,0.142857,0.775510,0.122449,0.551020,0.142857,0.346939,-0.020408,0.673469,-0.061224,0.755102,-0.040816,0.469388,-0.020408,0.265306,-0.204082,0.612245,-0.244898,0.693878,-0.204082,0.448980,-0.163265,0.244898,-0.367347,0.510204,-0.469388,0.734694,-0.551020,0.877551,-0.612245,1.000000
Y,Right,legacy_bisindo_Y_511,0.000000,0.000000,0.222222,-0.148148,0.407407,-0.388889,0.500000,-0.611111,0.537037,-0.759259,0.129630,-0.722222,0.092593,-0.814815,0.092593,-0.611111,0.111111,-0.444444,-0.074074,-0.703704,-0.111111,-0.814815,-0.074074,-0.555556,-0.037037,-0.370370,-0.240741,-0.648148,-0.277778,-0.722222,-0.222222,-0.500000,-0.166667,-0.333333,-0.407407,-0.574074,-0.481481,-0.796296,-0.555556,-0.907407,-0.592593,-1.000000
Y,Right,legacy_bisindo_Y_512,0.000000,0.000000,0.280000,0.100000,0.500000,0.360000,0.580000,0.600000,0.560000,0.780000,0.220000,0.700000,0.140000,0.820000,0.140000,0.600000,0.140000,0.400000,0.000000,0.680000,-0.060000,0.780000,-0.040000,0.520000,-0.020000,0.300000,-0.180000,0.620000,-0.240000,0.700000,-0.200000,0.460000,-0.160000,0.280000,-0.340000,0.540000,-0.440000,0.760000,-0.520000,0.900000,-0.580000,1.000000
Y,Right,legacy_bisindo_Y_513,0.000000,0.000000,0.200000,-0.127273,0.345455,-0.381818,0.327273,-0.581818,0.236364,-0.690909,0.109091,-0.672727,0.072727,-0.800000,0.072727,-0.600000,0.072727,-0.418182,-0.072727,-0.654545,-0.127273,-0.800000,-0.109091,-0.527273,-0.072727,-0.327273,-0.236364,-0.600000,-0.290909,-0.709091,-0.254545,-0.490909,-0.181818,-0.309091,-0.400000,-0.527273,-0.490909,-0.763636,-0.563636,-0.890909,-0.618182,-1.000000
Y,Right,legacy_bisindo_Y_514,0.000000,0.000000,0.232143,-0.160714,0.428571,-0.446429,0.517857,-0.678571,0.589286,-0.857143,0.107143,-0.714286,0.071429,-0.839286,0.071429,-0.625000,0.107143,-0.446429,-0.071429,-0.678571,-0.125000,-0.821429,-0.089286,-0.553571,-0.053571,-0.375000,-0.232143,-0.625000,-0.303571,-0.750000,-0.250000,-0.517857,-0.178571,-0.339286,-0.375000,-0.553571,-0.464286,-0.785714,-0.535714,-0.892857,-0.589286,-1.000000
Y,Right,legacy_bisindo_Y_515,0.000000,0.000000,0.239130,-0.130435,0.413043,-0.369565,0.456522,-0.608696,0.369565,-0.739130,0.195652,-0.804348,0.152174,-0.869565,0.152174,-0.652174,0.152174,-0.456522,-0.021739,-0.782609,-0.065217,-0.891304,-0.043478,-0.608696,-0.021739,-0.369565,-0.217391,-0.717391,-0.282609,-0.826087,-0.239130,-0.565217,-0.195652,-0.369565,-0.391304,-0.608696,-0.500000,-0.826087,-0.586957,-0.913043,-0.673913,-1.000000
Y,Right,legacy_bisindo_Y_516,0.000000,0.000000,0.309524,0.119048,0.523810,0.404762,0.523810,0.642857,0.428571,0.785714,0.238095,0.809524,0.214286,1.000000,0.190476,0.738095,0.190476,0.500000,0.000000,0.785714,-0.047619,0.976190,-0.023810,0.666667,0.000000,0.404762,-0.214286,0.738095,-0.238095,0.904762,-0.214286,0.619048,-0.166667,0.380952,-0.404762,0.642857,-0.500000,0.904762,-0.571429,0.952381,-0.595238,0.976190
Y,Right,legacy_bisindo_Y_517,0.000000,0.000000,0.283019,0.132075,0.433962,0.377358,0.415094,0.584906,0.320755,0.716981,0.169811,0.679245,0.132075,0.830189,0.113208,0.622642,0.132075,0.452830,-0.018868,0.679245,-0.056604,0.792453,-0.037736,0.547170,0.000000,0.339623,-0.188679,0.622642,-0.245283,0.754717,-0.188679,0.528302,-0.113208,0.320755,-0.339623,0.566038,-0.452830,0.773585,-0.528302,0.905660,-0.584906,1.000000
Y,Right,legacy_bisindo_Y_518,0.000000,0.000000,0.225000,-0.125000,0.400000,-0.400000,0.450000,-0.650000,0.450000,-0.800000,0.200000,-0.850000,0.175000,-1.000000,0.175000,-0.700000,0.175000,-0.500000,-0.075000,-0.850000,-0.100000,-0.975000,-0.050000,-0.625000,0.000000,-0.400000,-0.300000,-0.800000,-0.350000,-0.925000,-0.275000,-0.600000,-0.200000,-0.400000,-0.500000,-0.700000,-0.600000,-0.900000,-0.650000,-0.850000,-0.675000,-0.800000
Y,Right,legacy_bisindo_Y_519,0.000000,0.000000,0.236364,-0.145455,0.418182,-0.418182,0.490909,-0.654545,0.527273,-0.836364,0.109091,-0.690909,0.090909,-0.818182,0.090909,-0.618182,0.109091,-0.436364,-0.072727,-0.672727,-0.109091,-0.818182,-0.072727,-0.545455,-0.054545,-0.345455,-0.236364,-0.618182,-0.290909,-0.727273,-0.236364,-0.490909,-0.163636,-0.309091,-0.400000,-0.527273,-0.490909,-0.745455,-0.581818,-0.890909,-0.636364,-1.000000
Y,Right,legacy_bisindo_Y_520,0.000000,0.000000,0.188679,-0.132075,0.301887,-0.358491,0.339623,-0.547170,0.358491,-0.641509,0.113208,-0.716981,0.075472,-0.811321,0.094340,-0.603774,0.113208,-0.433962,-0.075472,-0.698113,-0.113208,-0.773585,-0.056604,-0.528302,-0.018868,-0.339623,-0.264151,-0.622642,-0.283019,-0.735849,-0.226415,-0.509434,-0.150943,-0.339623,-0.396226,-0.528302,-0.509434,-0.754717,-0.584906,-0.886792,-0.641509,-1.000000
Y,Right,legacy_bisindo_Y_521,0.000000,0.000000,0.000000,-0.085714,0.000000,-0.342857,-0.085714,-0.600000,-0.142857,-0.800000,-0.057143,-0.942857,-0.057143,-0.914286,0.000000,-0.628571,0.028571,-0.428571,-0.171429,-1.000000,-0.228571,-0.971429,-0.142857,-0.628571,-0.085714,-0.428571,-0.257143,-1.000000,-0.342857,-0.942857,-0.228571,-0.657143,-0.142857,-0.457143,-0.342857,-0.942857,-0.428571,-0.971429,-0.400000,-0.857143,-0.371429,-0.800000
Y,Right,legacy_bisindo_Y_522,0.000000,0.000000,0.135135,-0.135135,0.216216,-0.405405,0.243243,-0.648649,0.243243,-0.810811,0.081081,-0.918919,0.081081,-1.000000,0.081081,-0.702703,0.108108,-0.486486,-0.081081,-0.918919,-0.081081,-1.000000,-0.027027,-0.675676,0.027027,-0.459459,-0.216216,-0.864865,-0.216216,-0.918919,-0.135135,-0.621622,-0.081081,-0.432432,-0.324324,-0.756757,-0.324324,-0.810811,-0.243243,-0.621622,-0.162162,-0.459459
Y,Right,legacy_bisindo_Y_523,0.000000,0.000000,0.250000,-0.192308,0.442308,-0.461538,0.538462,-0.711538,0.615385,-0.942308,0.096154,-0.769231,0.057692,-0.903846,0.057692,-0.673077,0.076923,-0.480769,-0.096154,-0.730769,-0.153846,-0.865385,-0.115385,-0.596154,-0.057692,-0.403846,-0.288462,-0.653846,-0.346154,-0.769231,-0.269231,-0.557692,-0.192308,-0.384615,-0.442308,-0.576923,-0.557692,-0.807692,-0.634615,-0.903846,-0.711538,-1.000000
Y,Right,legacy_bisindo_Y_524,0.000000,0.000000,0.236364,-0.200000,0.436364,-0.472727,0.509091,-0.709091,0.581818,-0.909091,0.109091,-0.745455,0.054545,-0.854545,0.054545,-0.654545,0.090909,-0.472727,-0.072727,-0.709091,-0.163636,-0.818182,-0.109091,-0.581818,-0.072727,-0.418182,-0.254545,-0.654545,-0.327273,-0.727273,-0.272727,-0.545455,-0.200000,-0.381818,-0.400000,-0.563636,-0.490909,-0.763636,-0.563636,-0.890909,-0.618182,-1.000000
Y,Right,legacy_bisindo_Y_525,0.000000,0.000000,0.277778,0.185185,0.462963,0.462963,0.555556,0.703704,0.611111,0.907407,0.148148,0.740741,0.074074,0.814815,0.055556,0.611111,0.074074,0.425926,-0.055556,0.685185,-0.111111,0.759259,-0.092593,0.518519,-0.074074,0.333333,-0.222222,0.629630,-0.296296,0.685185,-0.240741,0.481481,-0.203704,0.314815,-0.388889,0.537037,-0.481481,0.740741,-0.537037,0.888889,-0.611111,1.000000
Y,Right,legacy_bisindo_Y_526,0.000000,0.000000,0.250000,-0.178571,0.464286,-0.446429,0.553571,-0.696429,0.642857,-0.910714,0.160714,-0.732143,0.089286,-0.821429,0.089286,-0.625000,0.107143,-0.446429,-0.035714,-0.714286,-0.107143,-0.803571,-0.089286,-0.571429,-0.053571,-0.392857,-0.196429,-0.660714,-0.285714,-0.750000,-0.250000,-0.571429,-0.178571,-0.392857,-0.357143,-0.589286,-0.464286,-0.803571,-0.535714,-0.910714,-0.589286,-1.000000
Y,Right,legacy_bisindo_Y_527,0.000000,0.000000,0.245283,-0.207547,0.452830,-0.509434,0.566038,-0.773585,0.622642,-1.000000,0.169811,-0.792453,0.094340,-0.905660,0.113208,-0.679245,0.150943,-0.490566,-0.037736,-0.754717,-0.132075,-0.867925,-0.094340,-0.603774,-0.018868,-0.415094,-0.226415,-0.698113,-0.320755,-0.811321,-0.264151,-0.584906,-0.169811,-0.415094,-0.396226,-0.622642,-0.490566,-0.773585,-0.471698,-0.679245,-0.433962,-0.603774
Y,Right,legacy_bisindo_Y_528,0.000000,0.000000,0.265306,0.224490,0.510204,0.510204,0.632653,0.775510,0.714286,1.000000,0.163265,0.795918,0.081633,0.918367,0.081633,0.673469,0.102041,0.469388,-0.061224,0.755102,-0.142857,0.877551,-0.102041,0.612245,-0.040816,0.387755,-0.244898,0.714286,-0.326531,0.816327,-0.285714,0.591837,-0.224490,0.387755,-0.408163,0.632653,-0.510204,0.836735,-0.530612,0.816327,-0.530612,0.795918
Y,Right,legacy_bisindo_Y_529,0.000000,0.000000,0.306122,-0.204082,0.551020,-0.489796,0.653061,-0.755102,0.673469,-1.000000,0.224490,-0.775510,0.142857,-0.918367,0.142857,-0.714286,0.163265,-0.489796,0.000000,-0.755102,-0.102041,-0.897959,-0.081633,-0.653061,-0.040816,-0.428571,-0.204082,-0.714286,-0.306122,-0.857143,-0.265306,-0.632653,-0.204082,-0.428571,-0.387755,-0.653061,-0.448980,-0.795918,-0.428571,-0.673469,-0.387755,-0.571429
Y,Right,legacy_bisindo_Y_530,0.000000,0.000000,0.285714,0.224490,0.530612,0.510204,0.653061,0.775510,0.714286,1.000000,0.183673,0.755102,0.122449,0.938776,0.102041,0.734694,0.142857,0.530612,-0.040816,0.755102,-0.102041,0.897959,-0.081633,0.653061,-0.040816,0.428571,-0.224490,0.714286,-0.285714,0.857143,-0.244898,0.632653,-0.183673,0.428571,-0.387755,0.632653,-0.469388,0.816327,-0.448980,0.734694,-0.428571,0.632653
Y,Right,legacy_bisindo_Y_531,0.000000,0.000000,0.235294,-0.313725,0.431373,-0.549020,0.509804,-0.823529,0.549020,-1.000000,0.058824,-0.666667,-0.078431,-0.862745,0.019608,-0.705882,0.098039,-0.568627,-0.137255,-0.607843,-0.254902,-0.803922,-0.117647,-0.607843,-0.039216,-0.470588,-0.294118,-0.529412,-0.392157,-0.705882,-0.274510,-0.549020,-0.196078,-0.431373,-0.392157,-0.411765,-0.509804,-0.549020,-0.431373,-0.450980,-0.352941,-0.392157
Y,Right,legacy_bisindo_Y_532,0.000000,0.000000,0.235294,0.254902,0.431373,0.549020,0.509804,0.823529,0.549020,1.000000,0.058824,0.705882,-0.078431,0.862745,-0.019608,0.686275,0.058824,0.549020,-0.156863,0.627451,-0.274510,0.803922,-0.176471,0.588235,-0.058824,0.450980,-0.313725,0.509804,-0.411765,0.666667,-0.313725,0.490196,-0.196078,0.372549,-0.431373,0.372549,-0.529412,0.529412,-0.490196,0.450980,-0.450980,0.411765
Y,Right,legacy_bisindo_Y_533,0.000000,0.000000,0.265306,-0.224490,0.510204,-0.510204,0.591837,-0.795918,0.653061,-1.000000,0.142857,-0.836735,0.040816,-0.959184,0.040816,-0.734694,0.081633,-0.530612,-0.081633,-0.775510,-0.163265,-0.918367,-0.122449,-0.653061,-0.061224,-0.428571,-0.265306,-0.714286,-0.346939,-0.836735,-0.285714,-0.591837,-0.224490,-0.387755,-0.448980,-0.612245,-0.551020,-0.816327,-0.591837,-0.816327,-0.612245,-0.816327
Y,Right,legacy_bisindo_Y_534,0.000000,0.000000,0.244898,-0.183673,0.387755,-0.428571,0.387755,-0.632653,0.306122,-0.775510,0.122449,-0.775510,0.081633,-0.877551,0.061224,-0.673469,0.081633,-0.469388,-0.081633,-0.734694,-0.142857,-0.877551,-0.122449,-0.612245,-0.081633,-0.408163,-0.265306,-0.673469,-0.346939,-0.795918,-0.285714,-0.571429,-0.224490,-0.367347,-0.428571,-0.591837,-0.551020,-0.816327,-0.632653,-0.897959,-0.693878,-1.000000
Y,Right,legacy_bisindo_Y_535,0.000000,0.000000,0.244898,0.204082,0.448980,0.510204,0.510204,0.755102,0.530612,0.959184,0.142857,0.755102,0.081633,0.877551,0.040816,0.673469,0.040816,0.489796,-0.081633,0.734694,-0.163265,0.836735,-0.142857,0.571429,-0.102041,0.367347,-0.265306,0.673469,-0.346939,0.775510,-0.306122,0.530612,-0.244898,0.326531,-0.448980,0.571429,-0.571429,0.795918,-0.653061,0.897959,-0.714286,1.000000
Y,Right,legacy_bisindo_Y_536,0.000000,0.000000,0.260000,-0.220000,0.460000,-0.520000,0.520000,-0.780000,0.540000,-1.000000,0.040000,-0.820000,0.000000,-0.940000,0.040000,-0.740000,0.080000,-0.560000,-0.160000,-0.740000,-0.200000,-0.900000,-0.140000,-0.640000,-0.080000,-0.460000,-0.320000,-0.660000,-0.400000,-0.780000,-0.300000,-0.560000,-0.240000,-0.400000,-0.480000,-0.540000,-0.620000,-0.720000,-0.680000,-0.760000,-0.740000,-0.780000
Y,Right,legacy_bisindo_Y_537,0.000000,0.000000,0.270833,0.208333,0.500000,0.520833,0.583333,0.791667,0.604167,1.000000,0.125000,0.791667,0.041667,0.979167,0.062500,0.770833,0.083333,0.583333,-0.083333,0.750000,-0.166667,0.937500,-0.104167,0.666667,-0.062500,0.458333,-0.270833,0.666667,-0.354167,0.833333,-0.270833,0.583333,-0.187500,0.375000,-0.437500,0.541667,-0.500000,0.708333,-0.395833,0.541667,-0.312500,0.375000
Y,Right,legacy_bisindo_Y_538,0.000000,0.000000,0.240000,-0.220000,0.440000,-0.540000,0.520000,-0.800000,0.560000,-1.000000,0.040000,-0.820000,-0.020000,-0.900000,0.020000,-0.720000,0.080000,-0.540000,-0.160000,-0.740000,-0.220000,-0.840000,-0.160000,-0.620000,-0.080000,-0.460000,-0.340000,-0.660000,-0.400000,-0.720000,-0.320000,-0.540000,-0.240000,-0.380000,-0.480000,-0.540000,-0.540000,-0.600000,-0.460000,-0.460000,-0.380000,-0.360000
Y,Right,legacy_bisindo_Y_539,0.000000,0.000000,0.265306,0.244898,0.448980,0.551020,0.530612,0.795918,0.591837,1.000000,0.122449,0.775510,0.020408,0.918367,0.040816,0.714286,0.081633,0.530612,-0.102041,0.714286,-0.163265,0.857143,-0.122449,0.632653,-0.061224,0.428571,-0.285714,0.632653,-0.346939,0.755102,-0.265306,0.551020,-0.183673,0.367347,-0.428571,0.510204,-0.489796,0.612245,-0.387755,0.469388,-0.306122,0.326531
Y,Right,legacy_bisindo_Y_540,0.000000,0.000000,0.235294,-0.313725,0.450980,-0.549020,0.549020,-0.803922,0.568627,-1.000000,0.058824,-0.705882,-0.058824,-0.901961,0.019608,-0.725490,0.098039,-0.588235,-0.137255,-0.627451,-0.254902,-0.823529,-0.117647,-0.607843,-0.039216,-0.490196,-0.294118,-0.509804,-0.392157,-0.705882,-0.274510,-0.529412,-0.176471,-0.411765,-0.392157,-0.372549,-0.490196,-0.529412,-0.411765,-0.431373,-0.333333,-0.372549
Y,Right,legacy_bisindo_Y_541,0.000000,0.000000,0.250000,0.307692,0.442308,0.557692,0.519231,0.807692,0.576923,1.000000,0.057692,0.730769,-0.057692,0.865385,0.000000,0.673077,0.076923,0.538462,-0.134615,0.673077,-0.250000,0.807692,-0.134615,0.576923,-0.038462,0.461538,-0.288462,0.576923,-0.384615,0.692308,-0.288462,0.500000,-0.192308,0.403846,-0.403846,0.442308,-0.557692,0.615385,-0.596154,0.634615,-0.653846,0.673077
Y,Right,legacy_bisindo_Y_542,0.000000,0.000000,0.222222,-0.244444,0.422222,-0.555556,0.533333,-0.777778,0.577778,-0.955556,0.044444,-0.866667,0.000000,-1.000000,0.044444,-0.800000,0.111111,-0.600000,-0.155556,-0.822222,-0.222222,-0.955556,-0.133333,-0.711111,-0.044444,-0.511111,-0.355556,-0.711111,-0.422222,-0.844444,-0.311111,-0.622222,-0.222222,-0.444444,-0.511111,-0.577778,-0.577778,-0.688889,-0.488889,-0.533333,-0.400000,-0.422222
Y,Right,legacy_bisindo_Y_543,0.000000,0.000000,0.215686,-0.294118,0.431373,-0.529412,0.509804,-0.803922,0.549020,-1.000000,0.019608,-0.725490,-0.117647,-0.882353,-0.019608,-0.686275,0.058824,-0.568627,-0.196078,-0.647059,-0.294118,-0.803922,-0.156863,-0.588235,-0.078431,-0.490196,-0.352941,-0.529412,-0.450980,-0.686275,-0.313725,-0.490196,-0.215686,-0.392157,-0.470588,-0.392157,-0.647059,-0.607843,-0.745098,-0.705882,-0.823529,-0.843137
Y,Right,legacy_bisindo_Y_544,0.000000,0.000000,0.288462,0.269231,0.461538,0.538462,0.538462,0.807692,0.596154,1.000000,0.076923,0.730769,-0.038462,0.884615,0.000000,0.673077,0.076923,0.538462,-0.134615,0.653846,-0.230769,0.788462,-0.134615,0.576923,-0.038462,0.442308,-0.307692,0.557692,-0.403846,0.692308,-0.288462,0.500000,-0.153846,0.384615,-0.423077,0.423077,-0.596154,0.615385,-0.711538,0.730769,-0.788462,0.846154
Y,Right,legacy_bisindo_Y_545,0.000000,0.000000,0.204545,0.204545,0.272727,0.500000,0.181818,0.727273,0.068182,0.909091,-0.022727,0.840909,-0.045455,1.000000,-0.022727,0.772727,0.022727,0.568182,-0.159091,0.840909,-0.181818,0.977273,-0.136364,0.704545,-0.068182,0.500000,-0.272727,0.818182,-0.295455,0.954545,-0.227273,0.704545,-0.159091,0.500000,-0.363636,0.750000,-0.386364,0.863636,-0.295455,0.704545,-0.250000,0.545455
Y,Right,legacy_bisindo_Y_546,0.000000,0.000000,0.250000,-0.208333,0.458333,-0.541667,0.562500,-0.812500,0.625000,-1.000000,0.083333,-0.895833,0.062500,-1.000000,0.125000,-0.770833,0.166667,-0.604167,-0.145833,-0.833333,-0.187500,-0.958333,-0.104167,-0.708333,-0.062500,-0.520833,-0.354167,-0.750000,-0.416667,-0.895833,-0.312500,-0.645833,-0.250000,-0.479167,-0.541667,-0.645833,-0.645833,-0.791667,-0.604167,-0.687500,-0.562500,-0.604167
Y,Right,legacy_bisindo_Y_547,0.000000,0.000000,0.232143,0.232143,0.428571,0.500000,0.500000,0.696429,0.500000,0.857143,0.071429,0.732143,0.053571,0.857143,0.071429,0.660714,0.089286,0.500000,-0.107143,0.696429,-0.142857,0.821429,-0.089286,0.589286,-0.053571,0.428571,-0.285714,0.625000,-0.321429,0.767857,-0.250000,0.553571,-0.196429,0.392857,-0.428571,0.553571,-0.571429,0.750000,-0.660714,0.875000,-0.714286,1.000000
Y,Right,legacy_bisindo_Y_548,0.000000,0.000000,0.255319,-0.212766,0.446809,-0.510638,0.553191,-0.744681,0.617021,-0.936170,0.063830,-0.872340,0.042553,-1.000000,0.127660,-0.808511,0.212766,-0.595745,-0.170213,-0.829787,-0.212766,-0.978723,-0.127660,-0.723404,-0.042553,-0.531915,-0.382979,-0.744681,-0.446809,-0.893617,-0.340426,-0.680851,-0.255319,-0.489362,-0.574468,-0.617021,-0.680851,-0.765957,-0.638298,-0.680851,-0.595745,-0.617021
Y,Right,legacy_bisindo_Y_549,0.000000,0.000000,0.250000,0.211538,0.423077,0.461538,0.500000,0.653846,0.500000,0.788462,0.076923,0.750000,0.019231,0.903846,0.076923,0.711538,0.134615,0.538462,-0.153846,0.711538,-0.192308,0.846154,-0.134615,0.634615,-0.057692,0.442308,-0.326923,0.653846,-0.384615,0.788462,-0.307692,0.576923,-0.230769,0.403846,-0.500000,0.538462,-0.634615,0.750000,-0.711538,0.884615,-0.750000,1.000000
Y,Right,legacy_bisindo_Y_550,0.000000,0.000000,-0.307692,0.000000,-0.564103,0.153846,-0.717949,0.358974,-0.820513,0.512821,-0.589744,0.692308,-0.692308,0.897436,-0.641026,0.666667,-0.564103,0.461538,-0.384615,0.820513,-0.461538,0.974359,-0.410256,0.641026,-0.333333,0.410256,-0.128205,0.897436,-0.205128,0.974359,-0.179487,0.717949,-0.128205,0.512821,0.128205,0.897436,0.025641,1.000000,0.025641,0.794872,0.025641,0.641026
Y,Right,legacy_bisindo_Y_551,0.000000,0.000000,-0.295455,0.090909,-0.545455,0.318182,-0.659091,0.545455,-0.704545,0.727273,-0.522727,0.727273,-0.590909,0.886364,-0.545455,0.681818,-0.454545,0.500000,-0.363636,0.818182,-0.409091,0.931818,-0.363636,0.659091,-0.295455,0.431818,-0.159091,0.886364,-0.227273,0.977273,-0.181818,0.704545,-0.136364,0.500000,0.068182,0.886364,-0.022727,1.000000,-0.022727,0.772727,0.000000,0.636364
Y,Right,legacy_bisindo_Y_552,0.000000,0.000000,0.261905,0.190476,0.404762,0.500000,0.476190,0.738095,0.476190,0.904762,0.071429,0.857143,0.023810,1.000000,0.071429,0.761905,0.095238,0.595238,-0.166667,0.833333,-0.190476,0.928571,-0.095238,0.642857,-0.071429,0.476190,-0.357143,0.761905,-0.404762,0.880952,-0.309524,0.619048,-0.261905,0.452381,-0.571429,0.666667,-0.738095,0.857143,-0.833333,0.928571,-0.928571,1.000000
Y,Right,legacy_bisindo_Y_553,0.000000,0.000000,0.215686,-0.313725,0.431373,-0.549020,0.529412,-0.823529,0.568627,-1.000000,0.039216,-0.745098,-0.098039,-0.901961,0.000000,-0.725490,0.078431,-0.588235,-0.156863,-0.647059,-0.274510,-0.823529,-0.156863,-0.607843,-0.078431,-0.509804,-0.333333,-0.549020,-0.411765,-0.705882,-0.294118,-0.529412,-0.215686,-0.431373,-0.450980,-0.411765,-0.607843,-0.627451,-0.705882,-0.725490,-0.803922,-0.862745
Y,Right,legacy_bisindo_Y_554,0.000000,0.000000,0.244444,-0.177778,0.422222,-0.511111,0.488889,-0.755556,0.488889,-0.933333,0.133333,-0.800000,0.133333,-1.000000,0.155556,-0.777778,0.177778,-0.555556,-0.088889,-0.777778,-0.111111,-1.000000,-0.044444,-0.711111,0.000000,-0.466667,-0.311111,-0.711111,-0.333333,-0.911111,-0.244444,-0.644444,-0.177778,-0.422222,-0.511111,-0.622222,-0.533333,-0.800000,-0.444444,-0.622222,-0.377778,-0.466667
Y,Right,legacy_bisindo_Y_555,0.000000,0.000000,0.304348,0.152174,0.478261,0.456522,0.521739,0.717391,0.521739,0.913043,0.130435,0.782609,0.086957,1.000000,0.130435,0.717391,0.173913,0.521739,-0.108696,0.782609,-0.152174,0.956522,-0.065217,0.630435,-0.043478,0.413043,-0.326087,0.717391,-0.369565,0.891304,-0.282609,0.608696,-0.260870,0.391304,-0.521739,0.630435,-0.673913,0.804348,-0.695652,0.804348,-0.739130,0.782609
Y,Right,legacy_bisindo_Y_556,0.000000,0.000000,-0.309524,-0.023810,-0.571429,-0.238095,-0.690476,-0.452381,-0.690476,-0.619048,-0.500000,-0.761905,-0.523810,-0.928571,-0.452381,-0.666667,-0.380952,-0.428571,-0.285714,-0.857143,-0.309524,-0.976190,-0.261905,-0.690476,-0.190476,-0.476190,-0.071429,-0.904762,-0.095238,-1.000000,-0.071429,-0.761905,0.000000,-0.547619,0.142857,-0.880952,0.142857,-0.976190,0.119048,-0.809524,0.166667,-0.619048
Y,Right,legacy_bisindo_Y_557,0.000000,0.000000,-0.302326,0.023256,-0.511628,0.209302,-0.627907,0.395349,-0.627907,0.581395,-0.465116,0.697674,-0.511628,0.906977,-0.441860,0.651163,-0.372093,0.395349,-0.255814,0.767442,-0.302326,0.976744,-0.232558,0.651163,-0.186047,0.372093,-0.023256,0.813953,-0.093023,1.000000,-0.046512,0.697674,0.000000,0.441860,0.209302,0.790698,0.162791,0.953488,0.162791,0.744186,0.162791,0.534884
Y,Right,legacy_bisindo_Y_558,0.000000,0.000000,-0.300000,0.000000,-0.525000,0.175000,-0.625000,0.375000,-0.650000,0.525000,-0.500000,0.750000,-0.525000,0.900000,-0.450000,0.625000,-0.375000,0.400000,-0.300000,0.850000,-0.300000,0.975000,-0.250000,0.650000,-0.200000,0.425000,-0.075000,0.900000,-0.075000,1.000000,-0.050000,0.725000,-0.025000,0.500000,0.150000,0.875000,0.125000,1.000000,0.125000,0.775000,0.125000,0.600000
Y,Right,legacy_bisindo_Y_559,0.000000,0.000000,-0.224490,0.000000,-0.448980,0.122449,-0.530612,0.285714,-0.551020,0.428571,-0.530612,0.510204,-0.714286,0.734694,-0.857143,0.877551,-0.938776,1.000000,-0.367347,0.632653,-0.428571,0.755102,-0.367347,0.530612,-0.285714,0.346939,-0.163265,0.714286,-0.244898,0.795918,-0.183673,0.571429,-0.122449,0.387755,0.061224,0.734694,-0.040816,0.857143,-0.020408,0.653061,0.020408,0.489796
Y,Right,legacy_bisindo_Y_560,0.000000,0.000000,-0.307692,0.025641,-0.589744,-0.153846,-0.743590,-0.333333,-0.794872,-0.512821,-0.615385,-0.820513,-0.589744,-0.897436,-0.512821,-0.615385,-0.461538,-0.410256,-0.384615,-0.948718,-0.358974,-0.923077,-0.282051,-0.615385,-0.230769,-0.461538,-0.153846,-1.000000,-0.128205,-0.923077,-0.076923,-0.692308,-0.051282,-0.538462,0.076923,-0.974359,0.076923,-0.923077,0.102564,-0.743590,0.128205,-0.615385
Y,Right,legacy_bisindo_Y_561,0.000000,0.000000,-0.289474,0.000000,-0.526316,0.131579,-0.684211,0.263158,-0.763158,0.394737,-0.500000,0.789474,-0.526316,0.894737,-0.447368,0.631579,-0.368421,0.394737,-0.263158,0.894737,-0.263158,0.973684,-0.210526,0.684211,-0.184211,0.473684,-0.026316,0.921053,-0.026316,1.000000,0.000000,0.736842,0.000000,0.552632,0.184211,0.868421,0.184211,0.947368,0.184211,0.736842,0.157895,0.605263
Y,Right,legacy_bisindo_Y_562,0.000000,0.000000,-0.311111,0.022222,-0.555556,-0.177778,-0.666667,-0.400000,-0.688889,-0.577778,-0.511111,-0.644444,-0.555556,-0.866667,-0.466667,-0.600000,-0.400000,-0.355556,-0.333333,-0.755556,-0.377778,-0.955556,-0.311111,-0.644444,-0.222222,-0.400000,-0.155556,-0.822222,-0.200000,-1.000000,-0.155556,-0.711111,-0.088889,-0.488889,0.044444,-0.844444,0.022222,-0.977778,0.022222,-0.755556,0.088889,-0.577778
Y,Right,legacy_bisindo_Y_563,0.000000,0.000000,-0.225000,-0.025000,-0.475000,0.150000,-0.625000,0.350000,-0.700000,0.500000,-0.550000,0.650000,-0.650000,0.850000,-0.575000,0.625000,-0.475000,0.400000,-0.400000,0.775000,-0.475000,0.925000,-0.400000,0.600000,-0.325000,0.350000,-0.200000,0.850000,-0.300000,0.975000,-0.250000,0.675000,-0.175000,0.400000,0.000000,0.875000,-0.100000,1.000000,-0.075000,0.750000,-0.025000,0.525000
Y,Right,legacy_bisindo_Y_564,0.000000,0.000000,-0.250000,0.057692,-0.500000,-0.038462,-0.634615,-0.192308,-0.692308,-0.346154,-0.615385,-0.403846,-0.769231,-0.576923,-0.884615,-0.730769,-1.000000,-0.846154,-0.480769,-0.538462,-0.576923,-0.615385,-0.480769,-0.423077,-0.384615,-0.250000,-0.307692,-0.615385,-0.384615,-0.673077,-0.326923,-0.461538,-0.230769,-0.307692,-0.115385,-0.692308,-0.173077,-0.673077,-0.134615,-0.500000,-0.076923,-0.384615
Y,Right,legacy_bisindo_Y_565,0.000000,0.000000,0.265306,0.183673,0.448980,0.469388,0.469388,0.693878,0.489796,0.857143,0.102041,0.795918,0.102041,1.000000,0.142857,0.755102,0.163265,0.571429,-0.122449,0.795918,-0.122449,0.938776,-0.061224,0.653061,-0.040816,0.469388,-0.306122,0.714286,-0.326531,0.857143,-0.265306,0.612245,-0.204082,0.428571,-0.469388,0.632653,-0.530612,0.755102,-0.448980,0.612245,-0.408163,0.489796
Y,Right,legacy_bisindo_Y_566,0.000000,0.000000,-0.240741,0.074074,-0.500000,-0.018519,-0.648148,-0.185185,-0.666667,-0.351852,-0.648148,-0.425926,-0.814815,-0.611111,-0.907407,-0.722222,-1.000000,-0.814815,-0.500000,-0.592593,-0.592593,-0.648148,-0.481481,-0.425926,-0.388889,-0.259259,-0.314815,-0.685185,-0.370370,-0.703704,-0.314815,-0.481481,-0.222222,-0.296296,-0.111111,-0.722222,-0.148148,-0.703704,-0.129630,-0.518519,-0.074074,-0.370370
Y,Right,legacy_bisindo_Y_567,0.000000,0.000000,-0.220000,-0.080000,-0.480000,0.020000,-0.620000,0.200000,-0.660000,0.360000,-0.600000,0.420000,-0.800000,0.620000,-0.920000,0.740000,-1.000000,0.840000,-0.420000,0.560000,-0.540000,0.720000,-0.440000,0.480000,-0.340000,0.280000,-0.220000,0.660000,-0.340000,0.800000,-0.260000,0.540000,-0.160000,0.320000,0.000000,0.700000,-0.100000,0.800000,-0.080000,0.600000,-0.020000,0.420000
Y,Right,legacy_bisindo_Y_568,0.000000,0.000000,0.280000,0.280000,0.480000,0.560000,0.560000,0.800000,0.620000,1.000000,0.080000,0.740000,-0.040000,0.900000,-0.020000,0.700000,0.060000,0.560000,-0.140000,0.660000,-0.240000,0.820000,-0.160000,0.600000,-0.060000,0.480000,-0.320000,0.560000,-0.400000,0.720000,-0.300000,0.520000,-0.200000,0.380000,-0.460000,0.440000,-0.620000,0.640000,-0.740000,0.740000,-0.820000,0.860000
Y,Right,legacy_bisindo_Y_569,0.000000,0.000000,0.319149,-0.127660,0.531915,-0.489362,0.638298,-0.808511,0.680851,-0.978723,0.319149,-0.553191,0.212766,-0.936170,0.234043,-1.000000,0.276596,-1.000000,0.063830,-0.574468,-0.042553,-0.957447,-0.042553,-0.957447,-0.021277,-0.872340,-0.191489,-0.531915,-0.276596,-0.872340,-0.255319,-0.872340,-0.212766,-0.765957,-0.404255,-0.468085,-0.531915,-0.744681,-0.531915,-0.723404,-0.510638,-0.659574
Y,Right,legacy_bisindo_Y_570,0.000000,0.000000,-0.285714,-0.023810,-0.571429,0.142857,-0.714286,0.333333,-0.738095,0.523810,-0.571429,0.619048,-0.714286,0.809524,-0.666667,0.619048,-0.571429,0.404762,-0.380952,0.761905,-0.523810,0.904762,-0.452381,0.619048,-0.333333,0.357143,-0.166667,0.857143,-0.309524,0.976190,-0.261905,0.666667,-0.166667,0.404762,0.095238,0.904762,-0.047619,1.000000,-0.047619,0.761905,0.000000,0.523810
Y,Right,legacy_bisindo_Y_571,0.000000,0.000000,-0.230769,-0.076923,-0.461538,0.038462,-0.596154,0.211538,-0.615385,0.346154,-0.596154,0.384615,-0.788462,0.538462,-0.923077,0.653846,-1.000000,0.750000,-0.442308,0.519231,-0.500000,0.596154,-0.384615,0.365385,-0.307692,0.192308,-0.250000,0.615385,-0.307692,0.653846,-0.211538,0.423077,-0.153846,0.230769,-0.038462,0.653846,-0.096154,0.692308,-0.057692,0.500000,-0.019231,0.326923
Y,Right,legacy_bisindo_Y_572,0.000000,0.000000,-0.302326,0.023256,-0.604651,-0.139535,-0.767442,-0.325581,-0.837209,-0.488372,-0.720930,-0.674419,-0.744186,-0.790698,-0.627907,-0.534884,-0.534884,-0.279070,-0.511628,-0.860465,-0.534884,-0.930233,-0.418605,-0.604651,-0.325581,-0.348837,-0.279070,-0.930233,-0.255814,-1.000000,-0.209302,-0.697674,-0.116279,-0.465116,-0.023256,-0.930233,0.000000,-0.953488,0.023256,-0.720930,0.093023,-0.558140
Y,Right,legacy_bisindo_Y_573,0.000000,0.000000,-0.275000,-0.100000,-0.600000,0.025000,-0.800000,0.225000,-0.950000,0.400000,-0.800000,0.550000,-1.000000,0.775000,-1.000000,0.675000,-0.975000,0.575000,-0.575000,0.725000,-0.725000,0.875000,-0.625000,0.550000,-0.500000,0.275000,-0.325000,0.850000,-0.475000,1.000000,-0.375000,0.625000,-0.275000,0.350000,-0.050000,0.925000,-0.175000,1.000000,-0.150000,0.725000,-0.100000,0.500000
Y,Right,legacy_bisindo_Y_574,0.000000,0.000000,-0.214286,0.053571,-0.464286,-0.035714,-0.607143,-0.178571,-0.642857,-0.339286,-0.607143,-0.410714,-0.785714,-0.625000,-0.910714,-0.767857,-1.000000,-0.892857,-0.446429,-0.553571,-0.553571,-0.642857,-0.464286,-0.410714,-0.339286,-0.214286,-0.250000,-0.625000,-0.339286,-0.696429,-0.267857,-0.428571,-0.178571,-0.267857,-0.035714,-0.678571,-0.125000,-0.714286,-0.089286,-0.500000,-0.035714,-0.357143
Y,Right,legacy_bisindo_Y_575,0.000000,0.000000,-0.196078,-0.039216,-0.450980,0.098039,-0.549020,0.274510,-0.568627,0.450980,-0.549020,0.470588,-0.764706,0.686275,-0.901961,0.843137,-1.000000,1.000000,-0.392157,0.588235,-0.490196,0.745098,-0.411765,0.509804,-0.333333,0.313725,-0.196078,0.686275,-0.313725,0.823529,-0.235294,0.549020,-0.137255,0.352941,0.019608,0.725490,-0.078431,0.843137,-0.058824,0.627451,0.000000,0.431373
Y,Right,legacy_bisindo_Y_576,0.000000,0.000000,-0.268293,-0.048780,-0.560976,0.146341,-0.731707,0.341463,-0.804878,0.487805,-0.634146,0.658537,-0.731707,0.829268,-0.609756,0.536585,-0.487805,0.292683,-0.414634,0.780488,-0.487805,0.926829,-0.390244,0.585366,-0.292683,0.317073,-0.195122,0.853659,-0.243902,1.000000,-0.170732,0.658537,-0.073171,0.390244,0.073171,0.878049,0.000000,0.975610,0.024390,0.707317,0.048780,0.487805
Y,Right,legacy_bisindo_Y_577,0.000000,0.000000,0.244444,-0.133333,0.444444,-0.444444,0.511111,-0.666667,0.511111,-0.844444,0.177778,-0.800000,0.133333,-1.000000,0.155556,-0.755556,0.200000,-0.511111,-0.022222,-0.800000,-0.066667,-1.000000,-0.022222,-0.711111,0.044444,-0.466667,-0.244444,-0.777778,-0.244444,-0.955556,-0.177778,-0.666667,-0.111111,-0.400000,-0.444444,-0.711111,-0.422222,-0.866667,-0.355556,-0.644444,-0.266667,-0.422222
Y,Right,legacy_bisindo_Y_578,0.000000,0.000000,-0.255814,0.000000,-0.488372,0.209302,-0.604651,0.395349,-0.674419,0.534884,-0.511628,0.651163,-0.604651,0.837209,-0.488372,0.581395,-0.395349,0.372093,-0.325581,0.767442,-0.372093,0.953488,-0.279070,0.627907,-0.209302,0.372093,-0.093023,0.813953,-0.139535,1.000000,-0.093023,0.697674,-0.046512,0.441860,0.116279,0.813953,0.046512,0.953488,0.069767,0.744186,0.093023,0.534884
Y,Right,legacy_bisindo_Y_579,0.000000,0.000000,-0.341463,0.024390,-0.707317,-0.146341,-0.902439,-0.414634,-0.951220,-0.634146,-0.780488,-0.682927,-0.853659,-0.878049,-0.829268,-0.756098,-0.829268,-0.609756,-0.560976,-0.853659,-0.658537,-0.951220,-0.536585,-0.634146,-0.439024,-0.414634,-0.317073,-0.975610,-0.390244,-0.975610,-0.292683,-0.682927,-0.195122,-0.463415,-0.048780,-1.000000,-0.121951,-0.975610,-0.073171,-0.731707,0.000000,-0.560976
Y,Right,legacy_bisindo_Y_580,0.000000,0.000000,-0.325000,-0.050000,-0.650000,0.125000,-0.825000,0.375000,-0.875000,0.575000,-0.675000,0.600000,-0.825000,0.825000,-0.775000,0.625000,-0.700000,0.400000,-0.475000,0.750000,-0.650000,0.950000,-0.550000,0.625000,-0.450000,0.350000,-0.225000,0.825000,-0.425000,1.000000,-0.350000,0.650000,-0.250000,0.375000,0.025000,0.875000,-0.125000,1.000000,-0.125000,0.725000,-0.075000,0.500000
Y,Right,legacy_bisindo_Y_581,0.000000,0.000000,-0.333333,0.025641,-0.692308,-0.102564,-0.923077,-0.307692,-1.000000,-0.512821,-0.769231,-0.666667,-0.871795,-0.717949,-0.769231,-0.487179,-0.666667,-0.307692,-0.564103,-0.820513,-0.641026,-0.794872,-0.538462,-0.512821,-0.461538,-0.358974,-0.333333,-0.923077,-0.384615,-0.820513,-0.307692,-0.564103,-0.205128,-0.435897,-0.051282,-0.948718,-0.128205,-0.846154,-0.076923,-0.641026,-0.025641,-0.538462
Y,Right,legacy_bisindo_Y_582,0.000000,0.000000,-0.300000,0.000000,-0.600000,0.175000,-0.750000,0.375000,-0.800000,0.550000,-0.600000,0.750000,-0.675000,0.875000,-0.575000,0.600000,-0.475000,0.350000,-0.375000,0.875000,-0.425000,0.950000,-0.350000,0.625000,-0.275000,0.375000,-0.150000,0.950000,-0.175000,1.000000,-0.125000,0.675000,-0.075000,0.450000,0.100000,0.925000,0.050000,0.975000,0.075000,0.725000,0.075000,0.550000
Y,Right,legacy_bisindo_Y_583,0.000000,0.000000,0.274510,0.274510,0.470588,0.549020,0.549020,0.803922,0.607843,1.000000,0.058824,0.745098,-0.039216,0.901961,0.000000,0.705882,0.078431,0.568627,-0.156863,0.666667,-0.215686,0.843137,-0.137255,0.627451,-0.058824,0.490196,-0.313725,0.568627,-0.411765,0.745098,-0.294118,0.549020,-0.215686,0.411765,-0.450980,0.450980,-0.627451,0.647059,-0.725490,0.745098,-0.803922,0.882353
Y,Right,legacy_bisindo_Y_584,0.000000,0.000000,0.291667,-0.083333,0.541667,-0.375000,0.687500,-0.687500,0.770833,-0.916667,0.333333,-0.479167,0.250000,-0.895833,0.270833,-1.000000,0.312500,-1.000000,0.083333,-0.541667,-0.020833,-0.958333,-0.020833,-0.979167,-0.041667,-0.875000,-0.166667,-0.520833,-0.250000,-0.916667,-0.270833,-0.916667,-0.291667,-0.812500,-0.375000,-0.458333,-0.500000,-0.770833,-0.541667,-0.791667,-0.583333,-0.750000
Y,Right,legacy_bisindo_Y_585,0.000000,0.000000,0.000000,0.025641,-0.205128,0.256410,-0.410256,0.461538,-0.589744,0.641026,-0.256410,0.794872,-0.333333,0.923077,-0.256410,0.692308,-0.179487,0.461538,-0.282051,0.871795,-0.358974,0.974359,-0.282051,0.641026,-0.179487,0.358974,-0.307692,0.871795,-0.384615,1.000000,-0.282051,0.641026,-0.179487,0.358974,-0.282051,0.846154,-0.358974,0.923077,-0.307692,0.692308,-0.230769,0.487179
Y,Right,legacy_bisindo_Y_586,0.000000,0.000000,-0.211538,-0.076923,-0.461538,-0.038462,-0.596154,0.076923,-0.634615,0.153846,-0.634615,0.442308,-0.807692,0.500000,-0.923077,0.538462,-1.000000,0.557692,-0.480769,0.596154,-0.500000,0.557692,-0.403846,0.346154,-0.346154,0.192308,-0.288462,0.692308,-0.288462,0.596154,-0.211538,0.403846,-0.153846,0.230769,-0.076923,0.692308,-0.076923,0.596154,-0.057692,0.423077,-0.019231,0.288462
Y,Right,legacy_bisindo_Y_587,0.000000,0.000000,0.217391,-0.130435,0.347826,-0.434783,0.347826,-0.673913,0.326087,-0.847826,0.108696,-0.804348,0.108696,-1.000000,0.173913,-0.739130,0.195652,-0.500000,-0.108696,-0.782609,-0.130435,-0.978261,-0.043478,-0.652174,0.000000,-0.391304,-0.347826,-0.739130,-0.347826,-0.934783,-0.260870,-0.630435,-0.173913,-0.391304,-0.565217,-0.630435,-0.695652,-0.891304,-0.760870,-0.913043,-0.804348,-0.913043
Y,Right,legacy_bisindo_Y_588,0.000000,0.000000,-0.210526,-0.087719,-0.456140,-0.017544,-0.578947,0.122807,-0.614035,0.263158,-0.578947,0.315789,-0.771930,0.491228,-0.912281,0.614035,-1.000000,0.736842,-0.438596,0.456140,-0.543860,0.561404,-0.456140,0.333333,-0.385965,0.140351,-0.245614,0.543860,-0.350877,0.631579,-0.298246,0.368421,-0.210526,0.175439,-0.052632,0.578947,-0.157895,0.649123,-0.140351,0.456140,-0.105263,0.298246
Y,Right,legacy_bisindo_Y_589,0.000000,0.000000,-0.230769,-0.057692,-0.461538,0.057692,-0.576923,0.211538,-0.634615,0.326923,-0.596154,0.423077,-0.788462,0.576923,-0.923077,0.711538,-1.000000,0.807692,-0.423077,0.576923,-0.480769,0.673077,-0.403846,0.442308,-0.326923,0.230769,-0.211538,0.673077,-0.269231,0.730769,-0.192308,0.480769,-0.134615,0.269231,0.000000,0.711538,-0.057692,0.730769,-0.038462,0.519231,0.000000,0.346154
Y,Right,legacy_bisindo_Y_590,0.000000,0.000000,-0.228070,-0.087719,-0.473684,0.000000,-0.596491,0.175439,-0.649123,0.315789,-0.578947,0.368421,-0.771930,0.526316,-0.912281,0.649123,-1.000000,0.754386,-0.438596,0.491228,-0.543860,0.578947,-0.473684,0.350877,-0.385965,0.175439,-0.263158,0.561404,-0.368421,0.631579,-0.298246,0.385965,-0.228070,0.210526,-0.052632,0.614035,-0.175439,0.649123,-0.157895,0.456140,-0.105263,0.298246
Y,Right,legacy_bisindo_Y_591,0.000000,0.000000,-0.307692,-0.051282,-0.641026,0.128205,-0.794872,0.358974,-0.846154,0.564103,-0.666667,0.641026,-0.794872,0.820513,-0.692308,0.538462,-0.589744,0.282051,-0.461538,0.794872,-0.564103,0.948718,-0.461538,0.589744,-0.384615,0.358974,-0.205128,0.871795,-0.282051,1.000000,-0.230769,0.666667,-0.179487,0.410256,0.051282,0.897436,-0.051282,0.974359,-0.051282,0.717949,-0.025641,0.512821
Y,Right,legacy_bisindo_Y_592,0.000000,0.000000,-0.333333,0.025641,-0.615385,-0.153846,-0.769231,-0.358974,-0.846154,-0.564103,-0.666667,-0.641026,-0.769231,-0.794872,-0.666667,-0.538462,-0.589744,-0.333333,-0.512821,-0.794872,-0.589744,-0.923077,-0.487179,-0.615385,-0.384615,-0.410256,-0.307692,-0.923077,-0.358974,-0.974359,-0.282051,-0.692308,-0.205128,-0.487179,-0.076923,-0.948718,-0.102564,-1.000000,-0.102564,-0.769231,-0.025641,-0.615385
Y,Right,legacy_bisindo_Y_593,0.000000,0.000000,-0.255814,0.023256,-0.511628,0.255814,-0.627907,0.441860,-0.674419,0.581395,-0.465116,0.674419,-0.534884,0.837209,-0.441860,0.558140,-0.372093,0.348837,-0.279070,0.790698,-0.348837,0.953488,-0.255814,0.627907,-0.209302,0.418605,-0.069767,0.837209,-0.139535,1.000000,-0.093023,0.697674,-0.046512,0.465116,0.139535,0.837209,0.069767,0.953488,0.069767,0.744186,0.069767,0.558140
Y,Right,legacy_bisindo_Y_594,0.000000,0.000000,-0.333333,0.055556,-0.694444,-0.055556,-0.916667,-0.222222,-1.000000,-0.388889,-0.750000,-0.583333,-0.833333,-0.722222,-0.777778,-0.472222,-0.722222,-0.305556,-0.527778,-0.750000,-0.638889,-0.833333,-0.555556,-0.555556,-0.472222,-0.388889,-0.305556,-0.833333,-0.388889,-0.916667,-0.333333,-0.666667,-0.277778,-0.500000,-0.055556,-0.888889,-0.138889,-0.944444,-0.111111,-0.750000,-0.055556,-0.611111
Y,Right,legacy_bisindo_Y_595,0.000000,0.000000,-0.315789,-0.052632,-0.657895,0.078947,-0.842105,0.236842,-0.921053,0.368421,-0.657895,0.631579,-0.763158,0.789474,-0.657895,0.526316,-0.552632,0.289474,-0.447368,0.763158,-0.500000,0.921053,-0.421053,0.605263,-0.368421,0.394737,-0.210526,0.842105,-0.263158,1.000000,-0.210526,0.710526,-0.184211,0.473684,0.026316,0.868421,-0.052632,0.973684,-0.052632,0.763158,-0.026316,0.578947
Y,Right,legacy_bisindo_Y_596,0.000000,0.000000,-0.333333,0.076923,-0.666667,-0.076923,-0.846154,-0.307692,-0.871795,-0.512821,-0.769231,-0.666667,-0.820513,-0.794872,-0.717949,-0.538462,-0.641026,-0.307692,-0.538462,-0.871795,-0.589744,-0.897436,-0.461538,-0.589744,-0.358974,-0.358974,-0.282051,-0.974359,-0.282051,-0.974359,-0.230769,-0.692308,-0.128205,-0.461538,0.000000,-1.000000,0.000000,-0.974359,0.025641,-0.743590,0.076923,-0.564103
Y,Right,legacy_bisindo_Y_597,0.000000,0.000000,-0.275000,-0.050000,-0.575000,0.125000,-0.725000,0.325000,-0.800000,0.500000,-0.625000,0.700000,-0.725000,0.825000,-0.650000,0.600000,-0.575000,0.375000,-0.425000,0.850000,-0.500000,0.925000,-0.400000,0.600000,-0.325000,0.350000,-0.175000,0.925000,-0.250000,1.000000,-0.200000,0.675000,-0.125000,0.400000,0.075000,0.950000,-0.025000,1.000000,0.000000,0.725000,0.025000,0.500000
Y,Right,legacy_bisindo_Y_598,0.000000,0.000000,0.216667,-0.166667,0.366667,-0.450000,0.416667,-0.666667,0.433333,-0.816667,0.016667,-0.716667,0.000000,-0.866667,0.033333,-0.666667,0.066667,-0.500000,-0.166667,-0.666667,-0.183333,-0.833333,-0.133333,-0.600000,-0.083333,-0.400000,-0.350000,-0.600000,-0.366667,-0.750000,-0.283333,-0.533333,-0.216667,-0.333333,-0.500000,-0.500000,-0.650000,-0.733333,-0.750000,-0.866667,-0.816667,-1.000000
Y,Right,legacy_bisindo_Y_599,0.000000,0.000000,0.263158,0.175439,0.385965,0.456140,0.438596,0.684211,0.456140,0.842105,0.052632,0.736842,0.017544,0.929825,0.035088,0.701754,0.052632,0.508772,-0.140351,0.684211,-0.175439,0.859649,-0.140351,0.596491,-0.070175,0.403509,-0.315789,0.614035,-0.368421,0.789474,-0.298246,0.543860,-0.228070,0.368421,-0.473684,0.508772,-0.631579,0.736842,-0.736842,0.877193,-0.807018,1.000000
Y,Right,legacy_bisindo_Y_600,0.000000,0.000000,0.235294,-0.274510,0.470588,-0.529412,0.568627,-0.803922,0.607843,-1.000000,0.078431,-0.745098,-0.039216,-0.882353,0.019608,-0.686275,0.078431,-0.568627,-0.137255,-0.666667,-0.235294,-0.843137,-0.137255,-0.607843,-0.058824,-0.509804,-0.294118,-0.568627,-0.392157,-0.725490,-0.294118,-0.529412,-0.215686,-0.411765,-0.431373,-0.450980,-0.607843,-0.647059,-0.705882,-0.764706,-0.803922,-0.901961
Y,Right,legacy_bisindo_Y_601,0.000000,0.000000,-0.183673,-0.061224,-0.387755,-0.306122,-0.571429,-0.591837,-0.714286,-0.857143,-0.061224,-0.326531,-0.204082,-0.693878,-0.285714,-0.877551,-0.285714,-1.000000,0.000000,-0.346939,-0.224490,-0.714286,-0.346939,-0.897959,-0.387755,-0.979592,0.000000,-0.306122,-0.265306,-0.673469,-0.408163,-0.816327,-0.448980,-0.918367,-0.040816,-0.244898,-0.306122,-0.530612,-0.469388,-0.693878,-0.551020,-0.836735
Y,Right,legacy_bisindo_Y_602,0.000000,0.000000,0.312500,-0.062500,0.625000,-0.218750,0.843750,-0.437500,1.000000,-0.593750,0.437500,-0.156250,0.468750,-0.406250,0.531250,-0.625000,0.562500,-0.781250,0.187500,-0.250000,0.218750,-0.500000,0.281250,-0.718750,0.343750,-0.875000,-0.031250,-0.312500,0.000000,-0.562500,0.062500,-0.781250,0.125000,-0.937500,-0.218750,-0.375000,-0.218750,-0.593750,-0.156250,-0.750000,-0.093750,-0.875000
Y,Right,legacy_bisindo_Y_603,0.000000,0.000000,-0.304348,0.043478,-0.565217,-0.152174,-0.695652,-0.347826,-0.673913,-0.500000,-0.521739,-0.673913,-0.586957,-0.826087,-0.500000,-0.565217,-0.413043,-0.347826,-0.326087,-0.804348,-0.391304,-0.934783,-0.304348,-0.608696,-0.217391,-0.391304,-0.130435,-0.869565,-0.152174,-1.000000,-0.130435,-0.695652,-0.043478,-0.478261,0.086957,-0.847826,0.065217,-0.934783,0.065217,-0.739130,0.130435,-0.543478
Y,Right,legacy_bisindo_Y_604,0.000000,0.000000,0.186047,0.162791,0.186047,0.488372,0.093023,0.744186,-0.023256,0.906977,-0.023256,0.813953,-0.069767,1.000000,0.000000,0.744186,0.046512,0.511628,-0.139535,0.837209,-0.186047,0.976744,-0.116279,0.697674,-0.046512,0.441860,-0.232558,0.813953,-0.279070,0.930233,-0.186047,0.651163,-0.116279,0.418605,-0.302326,0.744186,-0.348837,0.860465,-0.255814,0.627907,-0.209302,0.418605
Y,Right,legacy_bisindo_Y_605,0.000000,0.000000,-0.333333,-0.055556,-0.694444,0.055556,-0.888889,0.250000,-1.000000,0.416667,-0.861111,0.722222,-1.000000,0.777778,-0.916667,0.527778,-0.805556,0.277778,-0.638889,0.888889,-0.750000,0.888889,-0.638889,0.555556,-0.527778,0.277778,-0.388889,0.972222,-0.472222,0.972222,-0.416667,0.638889,-0.305556,0.361111,-0.111111,1.000000,-0.222222,0.972222,-0.222222,0.694444,-0.166667,0.500000
Y,Right,legacy_bisindo_Y_606,0.000000,0.000000,-0.325000,0.100000,-0.700000,0.025000,-0.925000,-0.125000,-1.000000,-0.325000,-0.800000,-0.500000,-0.950000,-0.700000,-0.875000,-0.450000,-0.750000,-0.200000,-0.600000,-0.675000,-0.800000,-0.825000,-0.700000,-0.500000,-0.575000,-0.275000,-0.400000,-0.825000,-0.550000,-0.900000,-0.475000,-0.600000,-0.350000,-0.375000,-0.125000,-0.900000,-0.275000,-0.925000,-0.250000,-0.700000,-0.175000,-0.500000
Y,Right,legacy_bisindo_Y_607,0.000000,0.000000,-0.289474,-0.105263,-0.631579,-0.026316,-0.868421,0.078947,-0.973684,0.236842,-0.736842,0.578947,-0.894737,0.684211,-0.763158,0.421053,-0.631579,0.210526,-0.552632,0.763158,-0.657895,0.868421,-0.552632,0.552632,-0.447368,0.315789,-0.315789,0.894737,-0.394737,0.973684,-0.342105,0.657895,-0.263158,0.421053,-0.052632,0.921053,-0.157895,1.000000,-0.157895,0.736842,-0.105263,0.526316
Y,Right,legacy_bisindo_Y_608,0.000000,0.000000,-0.285714,0.061224,-0.551020,-0.081633,-0.714286,-0.285714,-0.775510,-0.469388,-0.612245,-0.571429,-0.795918,-0.795918,-0.897959,-0.897959,-1.000000,-0.979592,-0.428571,-0.714286,-0.530612,-0.775510,-0.448980,-0.510204,-0.346939,-0.285714,-0.204082,-0.795918,-0.285714,-0.816327,-0.244898,-0.551020,-0.142857,-0.346939,0.020408,-0.816327,-0.040816,-0.816327,-0.040816,-0.612245,0.020408,-0.428571
Y,Right,legacy_bisindo_Y_609,0.000000,0.000000,-0.235294,-0.058824,-0.470588,0.098039,-0.588235,0.294118,-0.647059,0.431373,-0.509804,0.490196,-0.705882,0.725490,-0.882353,0.882353,-0.980392,1.000000,-0.352941,0.607843,-0.470588,0.725490,-0.411765,0.470588,-0.313725,0.274510,-0.156863,0.666667,-0.274510,0.764706,-0.215686,0.509804,-0.137255,0.274510,0.058824,0.725490,-0.058824,0.784314,-0.039216,0.568627,0.000000,0.372549
Y,Right,legacy_bisindo_Y_610,0.000000,0.000000,-0.350000,0.050000,-0.725000,-0.100000,-0.950000,-0.300000,-1.000000,-0.525000,-0.725000,-0.600000,-0.850000,-0.800000,-0.775000,-0.550000,-0.700000,-0.300000,-0.500000,-0.750000,-0.625000,-0.925000,-0.575000,-0.625000,-0.475000,-0.375000,-0.275000,-0.850000,-0.400000,-0.975000,-0.350000,-0.700000,-0.250000,-0.475000,-0.025000,-0.900000,-0.125000,-0.975000,-0.100000,-0.775000,-0.050000,-0.575000
Y,Right,legacy_bisindo_Y_611,0.000000,0.000000,-0.260870,0.021739,-0.478261,0.239130,-0.565217,0.456522,-0.608696,0.630435,-0.369565,0.695652,-0.413043,0.913043,-0.347826,0.652174,-0.282609,0.391304,-0.217391,0.782609,-0.282609,0.978261,-0.217391,0.673913,-0.152174,0.391304,-0.043478,0.826087,-0.130435,1.000000,-0.108696,0.695652,-0.043478,0.434783,0.152174,0.847826,0.043478,1.000000,0.043478,0.760870,0.065217,0.521739
Y,Right,legacy_bisindo_Y_612,0.000000,0.000000,-0.272727,-0.022727,-0.545455,0.159091,-0.681818,0.318182,-0.727273,0.477273,-0.522727,0.613636,-0.636364,0.840909,-0.613636,0.613636,-0.545455,0.386364,-0.340909,0.727273,-0.477273,0.909091,-0.431818,0.613636,-0.318182,0.363636,-0.136364,0.818182,-0.295455,0.977273,-0.250000,0.659091,-0.159091,0.409091,0.090909,0.863636,-0.068182,1.000000,-0.068182,0.750000,-0.022727,0.545455
Y,Right,legacy_bisindo_Y_613,0.000000,0.000000,0.208333,-0.166667,0.333333,-0.479167,0.375000,-0.708333,0.395833,-0.895833,0.062500,-0.812500,0.083333,-1.000000,0.125000,-0.750000,0.145833,-0.520833,-0.145833,-0.791667,-0.166667,-0.979167,-0.104167,-0.666667,-0.062500,-0.437500,-0.354167,-0.729167,-0.395833,-0.916667,-0.291667,-0.625000,-0.229167,-0.395833,-0.562500,-0.645833,-0.687500,-0.895833,-0.770833,-0.937500,-0.812500,-0.937500
Y,Right,legacy_bisindo_Y_614,0.000000,0.000000,-0.222222,-0.037037,-0.425926,0.111111,-0.500000,0.296296,-0.537037,0.425926,-0.518519,0.481481,-0.722222,0.703704,-0.870370,0.870370,-0.962963,1.000000,-0.333333,0.592593,-0.407407,0.759259,-0.351852,0.518519,-0.277778,0.296296,-0.148148,0.666667,-0.203704,0.833333,-0.166667,0.555556,-0.111111,0.314815,0.055556,0.703704,0.000000,0.833333,0.000000,0.629630,0.018519,0.425926
Y,Right,legacy_bisindo_Y_615,0.000000,0.000000,-0.350000,0.025000,-0.700000,-0.125000,-0.900000,-0.325000,-0.950000,-0.525000,-0.750000,-0.600000,-0.875000,-0.775000,-0.850000,-0.575000,-0.775000,-0.350000,-0.575000,-0.775000,-0.725000,-0.900000,-0.650000,-0.600000,-0.550000,-0.375000,-0.350000,-0.875000,-0.500000,-0.975000,-0.450000,-0.675000,-0.325000,-0.450000,-0.100000,-0.950000,-0.225000,-1.000000,-0.225000,-0.750000,-0.150000,-0.575000
Y,Right,legacy_bisindo_Y_616,0.000000,0.000000,-0.272727,0.022727,-0.522727,0.204545,-0.636364,0.386364,-0.636364,0.522727,-0.477273,0.681818,-0.568182,0.818182,-0.500000,0.568182,-0.386364,0.363636,-0.295455,0.795455,-0.363636,0.931818,-0.295455,0.636364,-0.227273,0.386364,-0.090909,0.863636,-0.159091,1.000000,-0.136364,0.704545,-0.068182,0.477273,0.136364,0.909091,0.045455,0.977273,0.022727,0.750000,0.045455,0.568182
Y,Right,legacy_bisindo_Y_617,0.000000,0.000000,-0.291667,0.062500,-0.583333,-0.062500,-0.750000,-0.250000,-0.750000,-0.458333,-0.687500,-0.500000,-0.854167,-0.708333,-0.937500,-0.750000,-1.000000,-0.791667,-0.500000,-0.666667,-0.645833,-0.770833,-0.562500,-0.500000,-0.437500,-0.312500,-0.291667,-0.750000,-0.416667,-0.833333,-0.354167,-0.562500,-0.250000,-0.354167,-0.062500,-0.812500,-0.166667,-0.854167,-0.145833,-0.645833,-0.062500,-0.479167
Y,Right,legacy_bisindo_Y_618,0.000000,0.000000,-0.250000,-0.020833,-0.479167,0.145833,-0.583333,0.375000,-0.625000,0.541667,-0.500000,0.583333,-0.666667,0.833333,-0.812500,0.916667,-0.916667,1.000000,-0.333333,0.708333,-0.437500,0.875000,-0.375000,0.583333,-0.291667,0.354167,-0.125000,0.770833,-0.229167,0.937500,-0.187500,0.625000,-0.104167,0.375000,0.104167,0.812500,0.000000,0.937500,-0.020833,0.708333,0.020833,0.500000
Y,Right,legacy_bisindo_Y_619,0.000000,0.000000,-0.163265,-0.061224,-0.265306,-0.346939,-0.285714,-0.632653,-0.285714,-0.857143,-0.326531,-0.673469,-0.306122,-0.897959,-0.244898,-0.673469,-0.204082,-0.469388,-0.244898,-0.755102,-0.244898,-0.959184,-0.183673,-0.673469,-0.122449,-0.408163,-0.142857,-0.795918,-0.163265,-1.000000,-0.122449,-0.693878,-0.061224,-0.448980,-0.020408,-0.816327,-0.040816,-0.959184,0.000000,-0.775510,0.061224,-0.591837
Y,Right,legacy_bisindo_Y_620,0.000000,0.000000,0.211538,0.192308,0.288462,0.500000,0.230769,0.769231,0.153846,0.961538,0.057692,0.788462,0.000000,1.000000,0.019231,0.807692,0.038462,0.653846,-0.115385,0.788462,-0.173077,0.942308,-0.134615,0.653846,-0.076923,0.442308,-0.269231,0.750000,-0.326923,0.884615,-0.250000,0.615385,-0.192308,0.384615,-0.384615,0.692308,-0.480769,0.846154,-0.442308,0.692308,-0.403846,0.557692
Y,Right,legacy_bisindo_Y_621,0.000000,0.000000,0.220000,-0.280000,0.440000,-0.540000,0.540000,-0.820000,0.600000,-1.000000,0.060000,-0.780000,-0.080000,-0.920000,0.000000,-0.720000,0.080000,-0.600000,-0.160000,-0.700000,-0.280000,-0.860000,-0.160000,-0.620000,-0.080000,-0.540000,-0.340000,-0.600000,-0.420000,-0.760000,-0.300000,-0.560000,-0.220000,-0.420000,-0.460000,-0.480000,-0.640000,-0.680000,-0.740000,-0.800000,-0.860000,-0.940000
Y,Right,legacy_bisindo_Y_622,0.000000,0.000000,0.240741,0.111111,0.370370,0.388889,0.444444,0.740741,0.500000,1.000000,0.240741,0.444444,0.092593,0.740741,0.037037,0.740741,0.018519,0.703704,-0.018519,0.407407,-0.148148,0.722222,-0.185185,0.740741,-0.185185,0.703704,-0.240741,0.351852,-0.370370,0.648148,-0.407407,0.666667,-0.407407,0.648148,-0.425926,0.277778,-0.592593,0.574074,-0.703704,0.685185,-0.759259,0.759259
Y,Right,legacy_bisindo_Y_623,0.000000,0.000000,-0.236364,-0.018182,-0.436364,-0.181818,-0.509091,-0.363636,-0.509091,-0.545455,-0.472727,-0.581818,-0.600000,-0.781818,-0.690909,-0.909091,-0.763636,-1.000000,-0.309091,-0.690909,-0.381818,-0.818182,-0.309091,-0.545455,-0.218182,-0.345455,-0.109091,-0.727273,-0.163636,-0.836364,-0.127273,-0.581818,-0.036364,-0.381818,0.109091,-0.727273,0.054545,-0.818182,0.054545,-0.618182,0.109091,-0.472727
Y,Right,legacy_bisindo_Y_624,0.000000,0.000000,-0.226415,-0.018868,-0.433962,0.150943,-0.509434,0.320755,-0.509434,0.471698,-0.471698,0.547170,-0.641509,0.754717,-0.773585,0.886792,-0.867925,1.000000,-0.283019,0.660377,-0.358491,0.830189,-0.301887,0.584906,-0.226415,0.377358,-0.075472,0.698113,-0.150943,0.886792,-0.113208,0.622642,-0.037736,0.396226,0.150943,0.716981,0.056604,0.849057,0.075472,0.641509,0.094340,0.452830
Y,Right,legacy_bisindo_Y_625,0.000000,0.000000,-0.239130,-0.065217,-0.434783,-0.304348,-0.521739,-0.565217,-0.543478,-0.782609,-0.456522,-0.673913,-0.521739,-0.934783,-0.478261,-0.804348,-0.434783,-0.695652,-0.326087,-0.782609,-0.369565,-0.978261,-0.304348,-0.673913,-0.217391,-0.434783,-0.195652,-0.847826,-0.239130,-1.000000,-0.195652,-0.673913,-0.108696,-0.434783,-0.021739,-0.847826,-0.065217,-0.978261,-0.021739,-0.782609,0.021739,-0.586957
Y,Right,legacy_bisindo_Y_626,0.000000,0.000000,-0.063830,0.170213,-0.170213,0.425532,-0.276596,0.659574,-0.319149,0.829787,-0.170213,0.787234,-0.234043,1.000000,-0.170213,0.744681,-0.106383,0.553191,-0.170213,0.851064,-0.234043,0.978723,-0.191489,0.680851,-0.148936,0.446809,-0.148936,0.851064,-0.255319,0.978723,-0.191489,0.702128,-0.127660,0.468085,-0.106383,0.829787,-0.234043,0.978723,-0.234043,0.808511,-0.212766,0.659574
Y,Right,legacy_bisindo_Y_627,0.000000,0.000000,0.245614,-0.157895,0.403509,-0.473684,0.491228,-0.719298,0.526316,-0.912281,0.070175,-0.754386,0.052632,-0.894737,0.087719,-0.701754,0.087719,-0.508772,-0.140351,-0.736842,-0.157895,-0.859649,-0.105263,-0.614035,-0.052632,-0.421053,-0.333333,-0.666667,-0.350877,-0.807018,-0.280702,-0.596491,-0.210526,-0.403509,-0.491228,-0.596491,-0.614035,-0.824561,-0.684211,-0.912281,-0.736842,-1.000000
Y,Right,legacy_bisindo_Y_628,0.000000,0.000000,0.280702,0.157895,0.438596,0.456140,0.508772,0.649123,0.543860,0.824561,0.122807,0.736842,0.087719,0.894737,0.087719,0.666667,0.105263,0.473684,-0.087719,0.719298,-0.122807,0.842105,-0.087719,0.578947,-0.035088,0.368421,-0.280702,0.666667,-0.333333,0.789474,-0.245614,0.543860,-0.192982,0.350877,-0.456140,0.578947,-0.578947,0.789474,-0.666667,0.912281,-0.736842,1.000000
Y,Right,legacy_bisindo_Y_629,0.000000,0.000000,-0.351351,0.054054,-0.702703,-0.108108,-0.891892,-0.297297,-0.972973,-0.513514,-0.729730,-0.621622,-0.864865,-0.810811,-0.810811,-0.567568,-0.756757,-0.378378,-0.540541,-0.783784,-0.675676,-0.945946,-0.621622,-0.621622,-0.513514,-0.432432,-0.297297,-0.891892,-0.432432,-1.000000,-0.378378,-0.675676,-0.270270,-0.486486,-0.027027,-0.945946,-0.135135,-1.000000,-0.135135,-0.756757,-0.054054,-0.594595
Y,Right,legacy_bisindo_Y_630,0.000000,0.000000,-0.255319,-0.021277,-0.489362,0.170213,-0.574468,0.340426,-0.617021,0.468085,-0.468085,0.595745,-0.638298,0.808511,-0.787234,0.914894,-0.893617,1.000000,-0.297872,0.702128,-0.382979,0.872340,-0.319149,0.595745,-0.255319,0.361702,-0.085106,0.765957,-0.170213,0.914894,-0.106383,0.617021,-0.042553,0.404255,0.127660,0.765957,0.042553,0.914894,0.042553,0.702128,0.063830,0.510638
Y,Right,legacy_bisindo_Y_631,0.000000,0.000000,-0.230769,0.076923,-0.480769,-0.038462,-0.615385,-0.230769,-0.634615,-0.403846,-0.596154,-0.480769,-0.750000,-0.673077,-0.884615,-0.807692,-1.000000,-0.923077,-0.442308,-0.634615,-0.557692,-0.692308,-0.461538,-0.461538,-0.346154,-0.269231,-0.269231,-0.711538,-0.346154,-0.730769,-0.269231,-0.519231,-0.192308,-0.346154,-0.057692,-0.750000,-0.115385,-0.769231,-0.096154,-0.596154,-0.057692,-0.442308
Y,Right,legacy_bisindo_Y_632,0.000000,0.000000,-0.239130,-0.021739,-0.456522,0.152174,-0.565217,0.326087,-0.630435,0.456522,-0.500000,0.565217,-0.717391,0.804348,-0.869565,0.913043,-1.000000,1.000000,-0.326087,0.695652,-0.413043,0.847826,-0.326087,0.565217,-0.260870,0.347826,-0.108696,0.782609,-0.195652,0.913043,-0.130435,0.630435,-0.065217,0.413043,0.108696,0.804348,0.043478,0.934783,0.043478,0.717391,0.086957,0.543478
Y,Right,legacy_bisindo_Y_633,0.000000,0.000000,-0.260870,-0.021739,-0.478261,-0.239130,-0.543478,-0.500000,-0.565217,-0.695652,-0.478261,-0.652174,-0.565217,-0.869565,-0.565217,-0.782609,-0.565217,-0.652174,-0.326087,-0.760870,-0.391304,-0.956522,-0.326087,-0.673913,-0.260870,-0.434783,-0.130435,-0.826087,-0.195652,-1.000000,-0.173913,-0.717391,-0.086957,-0.478261,0.086957,-0.847826,0.021739,-0.978261,0.021739,-0.760870,0.086957,-0.565217
Y,Right,legacy_bisindo_Y_634,0.000000,0.000000,-0.229167,-0.041667,-0.458333,0.125000,-0.562500,0.333333,-0.625000,0.479167,-0.541667,0.520833,-0.708333,0.750000,-0.833333,0.875000,-0.937500,1.000000,-0.375000,0.625000,-0.500000,0.791667,-0.416667,0.562500,-0.333333,0.354167,-0.187500,0.708333,-0.291667,0.854167,-0.229167,0.583333,-0.145833,0.375000,0.041667,0.750000,-0.062500,0.854167,-0.041667,0.645833,0.000000,0.458333
Y,Right,legacy_bisindo_Y_635,0.000000,0.000000,-0.265306,0.020408,-0.551020,-0.122449,-0.653061,-0.306122,-0.693878,-0.489796,-0.612245,-0.489796,-0.775510,-0.714286,-0.897959,-0.857143,-1.000000,-1.000000,-0.448980,-0.612245,-0.571429,-0.755102,-0.469388,-0.510204,-0.367347,-0.306122,-0.244898,-0.693878,-0.367347,-0.816327,-0.285714,-0.530612,-0.183673,-0.326531,-0.020408,-0.734694,-0.122449,-0.816327,-0.102041,-0.612245,-0.020408,-0.448980
Y,Right,legacy_bisindo_Y_636,0.000000,0.000000,-0.200000,-0.040000,-0.440000,0.080000,-0.540000,0.240000,-0.600000,0.380000,-0.580000,0.440000,-0.780000,0.660000,-0.920000,0.840000,-1.000000,0.980000,-0.420000,0.580000,-0.520000,0.680000,-0.460000,0.440000,-0.380000,0.240000,-0.220000,0.660000,-0.320000,0.760000,-0.260000,0.480000,-0.180000,0.260000,0.000000,0.720000,-0.100000,0.780000,-0.100000,0.560000,-0.060000,0.380000
Y,Right,legacy_bisindo_Y_637,0.000000,0.000000,-0.282609,-0.021739,-0.543478,-0.217391,-0.673913,-0.413043,-0.673913,-0.565217,-0.565217,-0.630435,-0.608696,-0.826087,-0.521739,-0.586957,-0.456522,-0.326087,-0.391304,-0.760870,-0.434783,-0.934783,-0.347826,-0.608696,-0.260870,-0.369565,-0.173913,-0.826087,-0.217391,-1.000000,-0.173913,-0.717391,-0.086957,-0.456522,0.043478,-0.847826,0.043478,-0.978261,0.065217,-0.782609,0.108696,-0.586957
Y,Right,legacy_bisindo_Y_638,0.000000,0.000000,-0.200000,-0.060000,-0.420000,0.080000,-0.540000,0.260000,-0.580000,0.380000,-0.520000,0.500000,-0.720000,0.720000,-0.880000,0.860000,-1.000000,0.980000,-0.360000,0.600000,-0.480000,0.740000,-0.420000,0.480000,-0.320000,0.280000,-0.180000,0.680000,-0.280000,0.800000,-0.220000,0.520000,-0.140000,0.300000,0.040000,0.720000,-0.060000,0.820000,-0.060000,0.600000,0.000000,0.400000
Y,Right,legacy_bisindo_Y_639,0.000000,0.000000,-0.291667,0.041667,-0.541667,-0.083333,-0.687500,-0.291667,-0.729167,-0.500000,-0.645833,-0.562500,-0.791667,-0.770833,-0.916667,-0.875000,-1.000000,-0.958333,-0.458333,-0.708333,-0.583333,-0.812500,-0.479167,-0.541667,-0.354167,-0.333333,-0.250000,-0.791667,-0.354167,-0.895833,-0.270833,-0.604167,-0.166667,-0.375000,-0.020833,-0.833333,-0.104167,-0.916667,-0.083333,-0.708333,-0.020833,-0.520833
Y,Right,legacy_bisindo_Y_640,0.000000,0.000000,-0.226415,-0.056604,-0.452830,0.075472,-0.547170,0.283019,-0.566038,0.452830,-0.509434,0.471698,-0.716981,0.716981,-0.849057,0.867925,-0.962264,1.000000,-0.339623,0.584906,-0.452830,0.716981,-0.377358,0.471698,-0.283019,0.264151,-0.150943,0.660377,-0.264151,0.811321,-0.188679,0.528302,-0.113208,0.283019,0.075472,0.698113,-0.037736,0.792453,-0.018868,0.584906,0.018868,0.377358
Y,Right,legacy_bisindo_Y_641,0.000000,0.000000,0.240000,-0.280000,0.460000,-0.540000,0.540000,-0.820000,0.600000,-1.000000,0.060000,-0.780000,-0.080000,-0.940000,-0.020000,-0.720000,0.060000,-0.580000,-0.160000,-0.700000,-0.260000,-0.880000,-0.160000,-0.640000,-0.080000,-0.540000,-0.340000,-0.600000,-0.420000,-0.740000,-0.320000,-0.540000,-0.240000,-0.440000,-0.460000,-0.480000,-0.640000,-0.680000,-0.760000,-0.800000,-0.860000,-0.940000
Y,Right,legacy_bisindo_Y_642,0.000000,0.000000,0.224138,0.137931,0.362069,0.431034,0.396552,0.758621,0.448276,1.000000,0.224138,0.431034,0.051724,0.758621,0.017241,0.775862,0.017241,0.689655,-0.017241,0.413793,-0.172414,0.758621,-0.189655,0.775862,-0.189655,0.672414,-0.224138,0.344828,-0.362069,0.672414,-0.362069,0.706897,-0.344828,0.655172,-0.396552,0.275862,-0.568966,0.586207,-0.689655,0.724138,-0.758621,0.793103
Y,Right,legacy_bisindo_Y_643,0.000000,0.000000,-0.342105,0.052632,-0.684211,-0.131579,-0.868421,-0.342105,-0.894737,-0.578947,-0.763158,-0.631579,-0.868421,-0.763158,-0.763158,-0.500000,-0.657895,-0.263158,-0.552632,-0.789474,-0.684211,-0.894737,-0.605263,-0.552632,-0.473684,-0.289474,-0.342105,-0.921053,-0.473684,-0.947368,-0.394737,-0.631579,-0.263158,-0.368421,-0.052632,-1.000000,-0.184211,-0.973684,-0.157895,-0.736842,-0.052632,-0.552632
Y,Right,legacy_bisindo_Y_644,0.000000,0.000000,-0.265306,-0.061224,-0.510204,0.081633,-0.612245,0.285714,-0.632653,0.448980,-0.571429,0.510204,-0.734694,0.693878,-0.877551,0.775510,-1.000000,0.836735,-0.408163,0.653061,-0.489796,0.693878,-0.408163,0.428571,-0.326531,0.204082,-0.224490,0.734694,-0.306122,0.693878,-0.224490,0.448980,-0.142857,0.224490,0.020408,0.775510,-0.081633,0.734694,-0.061224,0.510204,0.000000,0.326531
Y,Right,legacy_bisindo_Y_645,0.000000,0.000000,-0.325000,-0.075000,-0.675000,0.000000,-0.875000,0.175000,-1.000000,0.300000,-0.750000,0.525000,-0.875000,0.575000,-0.800000,0.350000,-0.675000,0.150000,-0.575000,0.700000,-0.700000,0.675000,-0.600000,0.425000,-0.500000,0.200000,-0.375000,0.800000,-0.475000,0.775000,-0.400000,0.525000,-0.325000,0.325000,-0.125000,0.850000,-0.250000,0.825000,-0.250000,0.625000,-0.200000,0.450000
Y,Right,legacy_bisindo_Y_646,0.000000,0.000000,-0.185185,-0.055556,-0.444444,0.000000,-0.592593,0.129630,-0.648148,0.240741,-0.611111,0.333333,-0.777778,0.444444,-0.907407,0.537037,-1.000000,0.611111,-0.481481,0.481481,-0.574074,0.462963,-0.481481,0.259259,-0.407407,0.092593,-0.314815,0.574074,-0.388889,0.462963,-0.314815,0.259259,-0.240741,0.129630,-0.129630,0.611111,-0.203704,0.518519,-0.166667,0.351852,-0.129630,0.240741
Y,Right,legacy_bisindo_Y_647,0.000000,0.000000,-0.350000,0.000000,-0.675000,-0.175000,-0.825000,-0.400000,-0.850000,-0.550000,-0.750000,-0.725000,-0.775000,-0.750000,-0.650000,-0.475000,-0.550000,-0.250000,-0.550000,-0.900000,-0.575000,-0.850000,-0.475000,-0.525000,-0.375000,-0.300000,-0.300000,-0.975000,-0.350000,-0.900000,-0.275000,-0.625000,-0.175000,-0.400000,0.000000,-1.000000,-0.075000,-0.925000,-0.075000,-0.700000,0.000000,-0.525000
Y,Right,legacy_bisindo_Y_648,0.000000,0.000000,-0.230769,-0.057692,-0.461538,0.019231,-0.576923,0.192308,-0.596154,0.326923,-0.596154,0.423077,-0.769231,0.557692,-0.903846,0.673077,-1.000000,0.769231,-0.461538,0.576923,-0.519231,0.557692,-0.442308,0.326923,-0.365385,0.153846,-0.269231,0.673077,-0.326923,0.596154,-0.269231,0.365385,-0.211538,0.173077,-0.057692,0.711538,-0.115385,0.634615,-0.096154,0.442308,-0.057692,0.288462
Y,Right,legacy_bisindo_Y_649,0.000000,0.000000,-0.256410,0.076923,-0.564103,0.051282,-0.769231,-0.051282,-0.923077,-0.153846,-0.846154,-0.512821,-0.974359,-0.641026,-1.000000,-0.641026,-1.000000,-0.666667,-0.666667,-0.717949,-0.717949,-0.589744,-0.589744,-0.307692,-0.461538,-0.153846,-0.435897,-0.846154,-0.461538,-0.641026,-0.358974,-0.384615,-0.256410,-0.230769,-0.205128,-0.897436,-0.205128,-0.692308,-0.153846,-0.487179,-0.076923,-0.358974
Y,Right,legacy_bisindo_Y_650,0.000000,0.000000,-0.160714,-0.089286,-0.375000,-0.125000,-0.553571,-0.089286,-0.696429,-0.071429,-0.625000,0.250000,-0.803571,0.339286,-0.910714,0.428571,-1.000000,0.517857,-0.517857,0.428571,-0.571429,0.267857,-0.500000,0.071429,-0.410714,-0.071429,-0.375000,0.517857,-0.392857,0.303571,-0.339286,0.125000,-0.267857,0.000000,-0.196429,0.553571,-0.214286,0.357143,-0.196429,0.196429,-0.142857,0.089286
Y,Right,legacy_bisindo_Y_651,0.000000,0.000000,-0.260870,0.086957,-0.543478,-0.021739,-0.652174,-0.217391,-0.673913,-0.391304,-0.673913,-0.478261,-0.847826,-0.652174,-0.934783,-0.804348,-1.000000,-0.934783,-0.500000,-0.630435,-0.608696,-0.695652,-0.500000,-0.434783,-0.413043,-0.217391,-0.304348,-0.739130,-0.391304,-0.760870,-0.304348,-0.500000,-0.217391,-0.282609,-0.086957,-0.804348,-0.152174,-0.760870,-0.108696,-0.565217,-0.065217,-0.391304
Y,Right,legacy_bisindo_Y_652,0.000000,0.000000,-0.207547,-0.094340,-0.452830,-0.056604,-0.622642,0.037736,-0.735849,0.132075,-0.660377,0.339623,-0.830189,0.452830,-0.943396,0.566038,-1.000000,0.660377,-0.528302,0.509434,-0.641509,0.452830,-0.566038,0.207547,-0.490566,0.037736,-0.358491,0.603774,-0.433962,0.509434,-0.377358,0.283019,-0.320755,0.094340,-0.169811,0.660377,-0.226415,0.547170,-0.226415,0.339623,-0.188679,0.188679
Y,Right,legacy_bisindo_Y_653,0.000000,0.000000,-0.333333,-0.025641,-0.641026,-0.205128,-0.820513,-0.410256,-0.897436,-0.564103,-0.717949,-0.692308,-0.846154,-0.820513,-0.743590,-0.538462,-0.641026,-0.307692,-0.538462,-0.846154,-0.641026,-0.923077,-0.564103,-0.589744,-0.461538,-0.384615,-0.307692,-0.923077,-0.410256,-0.974359,-0.358974,-0.666667,-0.256410,-0.461538,-0.025641,-0.974359,-0.102564,-1.000000,-0.102564,-0.769231,-0.025641,-0.615385
Y,Right,legacy_bisindo_Y_654,0.000000,0.000000,-0.230769,-0.076923,-0.480769,0.019231,-0.615385,0.173077,-0.653846,0.288462,-0.634615,0.423077,-0.807692,0.538462,-0.923077,0.596154,-1.000000,0.634615,-0.500000,0.576923,-0.596154,0.576923,-0.538462,0.346154,-0.461538,0.134615,-0.307692,0.653846,-0.423077,0.615385,-0.365385,0.384615,-0.288462,0.173077,-0.096154,0.692308,-0.192308,0.634615,-0.173077,0.442308,-0.134615,0.288462
Y,Right,legacy_bisindo_Y_655,0.000000,0.000000,-0.240000,-0.040000,-0.520000,0.080000,-0.660000,0.260000,-0.760000,0.380000,-0.640000,0.440000,-0.800000,0.560000,-0.920000,0.660000,-1.000000,0.740000,-0.500000,0.580000,-0.580000,0.580000,-0.500000,0.340000,-0.420000,0.160000,-0.320000,0.700000,-0.380000,0.640000,-0.320000,0.400000,-0.240000,0.220000,-0.120000,0.760000,-0.200000,0.700000,-0.160000,0.500000,-0.120000,0.340000
Y,Right,legacy_bisindo_Y_656,0.000000,0.000000,0.187500,-0.166667,0.250000,-0.500000,0.187500,-0.750000,0.125000,-0.937500,0.000000,-0.812500,0.000000,-1.000000,0.020833,-0.791667,0.062500,-0.562500,-0.187500,-0.770833,-0.229167,-0.958333,-0.166667,-0.666667,-0.104167,-0.416667,-0.375000,-0.708333,-0.437500,-0.875000,-0.333333,-0.625000,-0.229167,-0.395833,-0.541667,-0.604167,-0.645833,-0.833333,-0.687500,-0.875000,-0.708333,-0.895833
Y,Right,legacy_bisindo_Y_657,0.000000,0.000000,-0.295455,0.045455,-0.522727,0.250000,-0.613636,0.500000,-0.636364,0.659091,-0.545455,0.681818,-0.659091,0.863636,-0.636364,0.681818,-0.568182,0.522727,-0.386364,0.795455,-0.500000,0.931818,-0.431818,0.613636,-0.340909,0.363636,-0.181818,0.863636,-0.295455,1.000000,-0.250000,0.659091,-0.159091,0.409091,0.068182,0.886364,-0.068182,1.000000,-0.068182,0.772727,0.000000,0.545455
Y,Right,legacy_bisindo_Y_658,0.000000,0.000000,-0.333333,0.076923,-0.692308,-0.102564,-0.871795,-0.333333,-0.948718,-0.538462,-0.846154,-0.615385,-0.948718,-0.794872,-0.846154,-0.512821,-0.717949,-0.282051,-0.641026,-0.794872,-0.794872,-0.897436,-0.666667,-0.512821,-0.512821,-0.282051,-0.410256,-0.897436,-0.538462,-0.974359,-0.461538,-0.615385,-0.307692,-0.358974,-0.102564,-0.974359,-0.256410,-1.000000,-0.230769,-0.717949,-0.128205,-0.512821
Y,Right,legacy_bisindo_Y_659,0.000000,0.000000,-0.222222,-0.044444,-0.488889,0.088889,-0.600000,0.288889,-0.644444,0.422222,-0.622222,0.511111,-0.777778,0.733333,-0.911111,0.866667,-1.000000,0.955556,-0.444444,0.644444,-0.577778,0.755556,-0.488889,0.488889,-0.400000,0.266667,-0.222222,0.755556,-0.333333,0.844444,-0.266667,0.555556,-0.200000,0.311111,0.022222,0.800000,-0.111111,0.888889,-0.111111,0.644444,-0.044444,0.444444
Y,Right,legacy_bisindo_Y_660,0.000000,0.000000,0.211538,-0.307692,0.442308,-0.538462,0.519231,-0.807692,0.576923,-1.000000,0.057692,-0.769231,-0.076923,-0.923077,0.000000,-0.730769,0.076923,-0.615385,-0.153846,-0.711538,-0.250000,-0.865385,-0.134615,-0.634615,-0.076923,-0.557692,-0.326923,-0.596154,-0.403846,-0.750000,-0.288462,-0.557692,-0.211538,-0.442308,-0.442308,-0.480769,-0.615385,-0.692308,-0.711538,-0.788462,-0.807692,-0.923077
Y,Right,legacy_bisindo_Y_661,0.000000,0.000000,0.210526,0.192982,0.368421,0.491228,0.421053,0.789474,0.456140,1.000000,0.228070,0.456140,0.122807,0.736842,0.052632,0.771930,0.000000,0.771930,-0.017544,0.403509,-0.140351,0.754386,-0.192982,0.807018,-0.210526,0.807018,-0.210526,0.333333,-0.333333,0.666667,-0.403509,0.754386,-0.421053,0.754386,-0.385965,0.263158,-0.526316,0.561404,-0.631579,0.719298,-0.719298,0.807018
Y,Right,legacy_bisindo_Y_662,0.000000,0.000000,-0.240000,0.000000,-0.500000,-0.180000,-0.620000,-0.400000,-0.660000,-0.600000,-0.580000,-0.540000,-0.700000,-0.740000,-0.780000,-0.880000,-0.860000,-1.000000,-0.400000,-0.640000,-0.500000,-0.780000,-0.440000,-0.520000,-0.340000,-0.320000,-0.200000,-0.720000,-0.300000,-0.820000,-0.240000,-0.560000,-0.160000,-0.380000,0.020000,-0.760000,-0.060000,-0.820000,-0.060000,-0.620000,0.020000,-0.480000
Y,Right,legacy_bisindo_Y_663,0.000000,0.000000,-0.285714,-0.023810,-0.523810,0.166667,-0.642857,0.380952,-0.666667,0.547619,-0.571429,0.619048,-0.761905,0.880952,-0.880952,0.928571,-0.952381,0.928571,-0.404762,0.738095,-0.547619,0.928571,-0.500000,0.642857,-0.404762,0.404762,-0.166667,0.809524,-0.309524,1.000000,-0.285714,0.714286,-0.214286,0.452381,0.071429,0.833333,-0.071429,1.000000,-0.071429,0.785714,-0.023810,0.595238
Y,Right,legacy_bisindo_Y_664,0.000000,0.000000,-0.365854,0.000000,-0.682927,-0.219512,-0.853659,-0.487805,-0.926829,-0.707317,-0.731707,-0.658537,-0.829268,-0.829268,-0.756098,-0.609756,-0.682927,-0.414634,-0.536585,-0.804878,-0.658537,-0.926829,-0.560976,-0.634146,-0.463415,-0.414634,-0.292683,-0.902439,-0.414634,-0.975610,-0.365854,-0.707317,-0.243902,-0.487805,-0.024390,-0.951220,-0.146341,-1.000000,-0.121951,-0.780488,-0.048780,-0.609756
Y,Right,legacy_bisindo_Y_665,0.000000,0.000000,-0.307692,-0.051282,-0.666667,0.076923,-0.871795,0.282051,-0.974359,0.461538,-0.794872,0.564103,-1.000000,0.717949,-0.948718,0.512821,-0.871795,0.282051,-0.589744,0.743590,-0.794872,0.846154,-0.717949,0.538462,-0.615385,0.307692,-0.358974,0.846154,-0.538462,0.948718,-0.487179,0.615385,-0.410256,0.358974,-0.076923,0.923077,-0.256410,0.948718,-0.256410,0.692308,-0.230769,0.461538
Y,Right,legacy_bisindo_Y_666,0.000000,0.000000,-0.342105,0.026316,-0.684211,-0.184211,-0.842105,-0.421053,-0.894737,-0.631579,-0.763158,-0.578947,-0.868421,-0.763158,-0.815789,-0.552632,-0.763158,-0.447368,-0.578947,-0.763158,-0.684211,-0.842105,-0.578947,-0.578947,-0.473684,-0.421053,-0.342105,-0.894737,-0.447368,-0.921053,-0.368421,-0.631579,-0.263158,-0.473684,-0.052632,-0.973684,-0.157895,-1.000000,-0.157895,-0.763158,-0.078947,-0.605263
Y,Right,legacy_bisindo_Y_667,0.000000,0.000000,-0.307692,0.025641,-0.615385,-0.179487,-0.743590,-0.435897,-0.846154,-0.666667,-0.692308,-0.615385,-0.846154,-0.846154,-0.871795,-0.794872,-0.897436,-0.769231,-0.538462,-0.769231,-0.641026,-0.897436,-0.538462,-0.615385,-0.435897,-0.435897,-0.307692,-0.871795,-0.410256,-0.974359,-0.333333,-0.666667,-0.230769,-0.461538,-0.051282,-0.948718,-0.128205,-1.000000,-0.128205,-0.769231,-0.051282,-0.589744
Y,Right,legacy_bisindo_Y_668,0.000000,0.000000,-0.270833,-0.020833,-0.500000,0.166667,-0.583333,0.395833,-0.541667,0.541667,-0.583333,0.541667,-0.750000,0.729167,-0.895833,0.833333,-1.000000,0.916667,-0.395833,0.687500,-0.500000,0.729167,-0.437500,0.479167,-0.375000,0.270833,-0.187500,0.770833,-0.291667,0.770833,-0.229167,0.500000,-0.166667,0.291667,0.062500,0.770833,-0.041667,0.770833,-0.041667,0.562500,0.000000,0.375000
Y,Right,legacy_bisindo_Y_669,0.000000,0.000000,0.215686,-0.156863,0.352941,-0.450980,0.333333,-0.666667,0.235294,-0.823529,0.098039,-0.784314,0.058824,-0.921569,0.039216,-0.725490,0.039216,-0.529412,-0.137255,-0.764706,-0.196078,-0.882353,-0.156863,-0.588235,-0.098039,-0.372549,-0.333333,-0.705882,-0.392157,-0.823529,-0.333333,-0.588235,-0.254902,-0.372549,-0.509804,-0.627451,-0.647059,-0.882353,-0.764706,-0.960784,-0.823529,-1.000000
Y,Right,legacy_bisindo_Y_670,0.000000,0.000000,0.269231,0.173077,0.403846,0.442308,0.384615,0.653846,0.288462,0.788462,0.076923,0.788462,0.038462,0.942308,0.019231,0.692308,0.019231,0.480769,-0.134615,0.750000,-0.192308,0.884615,-0.173077,0.576923,-0.115385,0.365385,-0.326923,0.692308,-0.403846,0.807692,-0.346154,0.538462,-0.269231,0.326923,-0.480769,0.596154,-0.634615,0.807692,-0.730769,0.903846,-0.807692,1.000000
Y,Right,legacy_bisindo_Y_671,0.000000,0.000000,0.224138,-0.172414,0.431034,-0.448276,0.500000,-0.672414,0.500000,-0.827586,0.051724,-0.775862,0.034483,-0.879310,0.034483,-0.672414,0.051724,-0.482759,-0.155172,-0.724138,-0.172414,-0.879310,-0.137931,-0.620690,-0.086207,-0.413793,-0.310345,-0.655172,-0.362069,-0.741379,-0.293103,-0.517241,-0.206897,-0.344828,-0.465517,-0.534483,-0.603448,-0.758621,-0.689655,-0.879310,-0.775862,-1.000000
Y,Right,legacy_bisindo_Y_672,0.000000,0.000000,0.250000,-0.159091,0.477273,-0.454545,0.568182,-0.636364,0.545455,-0.772727,0.090909,-0.977273,0.068182,-1.000000,0.068182,-0.727273,0.113636,-0.522727,-0.159091,-0.931818,-0.181818,-0.977273,-0.159091,-0.681818,-0.090909,-0.454545,-0.363636,-0.840909,-0.409091,-0.863636,-0.340909,-0.590909,-0.250000,-0.409091,-0.545455,-0.704545,-0.613636,-0.750000,-0.545455,-0.545455,-0.454545,-0.409091
Y,Right,legacy_bisindo_Y_673,0.000000,0.000000,0.235294,-0.274510,0.450980,-0.529412,0.549020,-0.803922,0.588235,-1.000000,0.078431,-0.784314,-0.039216,-0.921569,0.019608,-0.705882,0.098039,-0.588235,-0.137255,-0.705882,-0.235294,-0.882353,-0.117647,-0.627451,-0.058824,-0.529412,-0.313725,-0.607843,-0.392157,-0.745098,-0.294118,-0.549020,-0.196078,-0.431373,-0.450980,-0.470588,-0.627451,-0.686275,-0.725490,-0.784314,-0.823529,-0.941176
Y,Right,legacy_bisindo_Y_674,0.000000,0.000000,0.185185,0.166667,0.351852,0.462963,0.425926,0.777778,0.500000,1.000000,0.203704,0.444444,0.148148,0.703704,0.074074,0.814815,0.037037,0.888889,-0.018519,0.425926,-0.129630,0.722222,-0.203704,0.851852,-0.203704,0.925926,-0.203704,0.370370,-0.351852,0.648148,-0.407407,0.777778,-0.425926,0.870370,-0.370370,0.296296,-0.574074,0.574074,-0.703704,0.740741,-0.777778,0.851852
Y,Right,legacy_bisindo_Y_675,0.000000,0.000000,-0.325581,-0.209302,-0.627907,-0.488372,-0.837209,-0.790698,-1.000000,-1.000000,-0.418605,-0.162791,-0.465116,-0.418605,-0.488372,-0.604651,-0.488372,-0.720930,-0.162791,-0.162791,-0.232558,-0.418605,-0.255814,-0.627907,-0.279070,-0.744186,0.069767,-0.162791,0.000000,-0.418605,-0.046512,-0.627907,-0.046512,-0.744186,0.279070,-0.209302,0.232558,-0.441860,0.209302,-0.581395,0.186047,-0.697674
Y,Right,legacy_bisindo_Y_676,0.000000,0.000000,0.229167,-0.187500,0.437500,-0.500000,0.479167,-0.729167,0.375000,-0.854167,0.062500,-0.875000,0.041667,-1.000000,0.041667,-0.750000,0.062500,-0.520833,-0.187500,-0.833333,-0.208333,-0.979167,-0.166667,-0.687500,-0.125000,-0.437500,-0.375000,-0.750000,-0.437500,-0.875000,-0.375000,-0.604167,-0.291667,-0.395833,-0.562500,-0.625000,-0.666667,-0.770833,-0.666667,-0.666667,-0.645833,-0.583333
Y,Right,legacy_bisindo_Y_677,0.000000,0.000000,0.214286,-0.178571,0.375000,-0.428571,0.375000,-0.625000,0.303571,-0.696429,0.071429,-0.785714,0.035714,-0.892857,0.035714,-0.660714,0.053571,-0.464286,-0.142857,-0.732143,-0.160714,-0.857143,-0.142857,-0.571429,-0.089286,-0.357143,-0.321429,-0.660714,-0.357143,-0.767857,-0.303571,-0.517857,-0.250000,-0.321429,-0.482143,-0.553571,-0.625000,-0.767857,-0.750000,-0.892857,-0.821429,-1.000000
Y,Right,legacy_bisindo_Y_678,0.000000,0.000000,0.250000,-0.142857,0.446429,-0.410714,0.482143,-0.642857,0.375000,-0.767857,0.107143,-0.767857,0.071429,-0.910714,0.053571,-0.678571,0.071429,-0.482143,-0.107143,-0.714286,-0.142857,-0.892857,-0.125000,-0.589286,-0.071429,-0.392857,-0.303571,-0.642857,-0.357143,-0.803571,-0.303571,-0.553571,-0.232143,-0.357143,-0.464286,-0.535714,-0.589286,-0.767857,-0.714286,-0.892857,-0.803571,-1.000000
Y,Right,legacy_bisindo_Y_679,0.000000,0.000000,0.325000,0.050000,0.650000,0.225000,0.875000,0.275000,1.000000,0.175000,0.375000,0.525000,0.325000,0.525000,0.325000,0.225000,0.350000,-0.025000,0.075000,0.525000,0.075000,0.425000,0.150000,0.125000,0.200000,-0.150000,-0.175000,0.400000,-0.175000,0.300000,-0.075000,0.025000,-0.025000,-0.200000,-0.400000,0.250000,-0.400000,0.150000,-0.325000,-0.050000,-0.275000,-0.225000
Y,Right,legacy_bisindo_Y_680,0.000000,0.000000,-0.272727,-0.022727,-0.590909,-0.272727,-0.818182,-0.500000,-1.000000,-0.727273,-0.477273,-0.409091,-0.477273,-0.659091,-0.454545,-0.409091,-0.454545,-0.159091,-0.227273,-0.522727,-0.250000,-0.727273,-0.250000,-0.409091,-0.227273,-0.159091,0.045455,-0.545455,0.000000,-0.727273,-0.022727,-0.454545,-0.022727,-0.204545,0.318182,-0.545455,0.250000,-0.636364,0.227273,-0.454545,0.227273,-0.295455
Y,Right,legacy_bisindo_Y_681,0.000000,0.000000,-0.282051,-0.102564,-0.564103,0.000000,-0.820513,0.179487,-1.000000,0.384615,-0.333333,0.205128,-0.333333,0.000000,-0.282051,-0.333333,-0.205128,-0.564103,-0.025641,0.230769,-0.076923,0.076923,-0.025641,-0.256410,0.000000,-0.512821,0.256410,0.230769,0.179487,0.128205,0.205128,-0.179487,0.230769,-0.435897,0.512821,0.179487,0.461538,0.102564,0.461538,-0.102564,0.487179,-0.282051
Y,Right,legacy_bisindo_Y_682,0.000000,0.000000,-0.300000,-0.025000,-0.625000,-0.175000,-0.850000,-0.400000,-1.000000,-0.625000,-0.425000,-0.125000,-0.400000,-0.150000,-0.425000,-0.025000,-0.425000,0.075000,-0.150000,-0.175000,-0.200000,-0.175000,-0.250000,-0.050000,-0.275000,0.050000,0.125000,-0.175000,0.000000,-0.200000,-0.025000,-0.075000,-0.025000,0.000000,0.350000,-0.175000,0.225000,-0.175000,0.200000,-0.125000,0.175000,-0.075000
Y,Right,legacy_bisindo_Y_683,0.000000,0.000000,0.228070,-0.157895,0.403509,-0.403509,0.421053,-0.614035,0.333333,-0.736842,0.052632,-0.736842,0.000000,-0.894737,0.000000,-0.666667,0.017544,-0.473684,-0.157895,-0.701754,-0.192982,-0.877193,-0.175439,-0.614035,-0.122807,-0.403509,-0.333333,-0.614035,-0.385965,-0.771930,-0.333333,-0.526316,-0.263158,-0.333333,-0.473684,-0.508772,-0.614035,-0.736842,-0.719298,-0.877193,-0.789474,-1.000000
Y,Right,legacy_bisindo_Y_684,0.000000,0.000000,0.241379,-0.189655,0.413793,-0.517241,0.482759,-0.775862,0.517241,-0.965517,0.051724,-0.758621,0.000000,-0.913793,0.017241,-0.689655,0.034483,-0.500000,-0.155172,-0.706897,-0.189655,-0.879310,-0.172414,-0.603448,-0.120690,-0.396552,-0.327586,-0.637931,-0.379310,-0.775862,-0.327586,-0.551724,-0.258621,-0.344828,-0.482759,-0.517241,-0.620690,-0.758621,-0.741379,-0.879310,-0.810345,-1.000000
Y,Right,legacy_bisindo_Y_685,0.000000,0.000000,0.285714,0.196429,0.464286,0.500000,0.482143,0.750000,0.500000,0.946429,0.107143,0.767857,0.035714,0.928571,0.035714,0.696429,0.053571,0.500000,-0.107143,0.732143,-0.160714,0.875000,-0.142857,0.607143,-0.089286,0.392857,-0.285714,0.642857,-0.357143,0.785714,-0.303571,0.535714,-0.232143,0.339286,-0.446429,0.535714,-0.589286,0.767857,-0.696429,0.892857,-0.785714,1.000000
Y,Right,legacy_bisindo_Y_686,0.000000,0.000000,0.254237,-0.169492,0.457627,-0.474576,0.525424,-0.728814,0.576271,-0.932203,0.067797,-0.762712,0.016949,-0.898305,0.016949,-0.677966,0.033898,-0.491525,-0.135593,-0.711864,-0.186441,-0.881356,-0.169492,-0.610169,-0.135593,-0.389831,-0.305085,-0.644068,-0.372881,-0.779661,-0.338983,-0.542373,-0.254237,-0.338983,-0.457627,-0.542373,-0.610169,-0.762712,-0.711864,-0.881356,-0.796610,-1.000000
Y,Right,legacy_bisindo_Y_687,0.000000,0.000000,0.288136,0.203390,0.491525,0.491525,0.559322,0.745763,0.593220,0.966102,0.135593,0.762712,0.067797,0.915254,0.050847,0.694915,0.067797,0.508475,-0.084746,0.728814,-0.152542,0.881356,-0.135593,0.610169,-0.067797,0.406780,-0.271186,0.661017,-0.338983,0.796610,-0.305085,0.559322,-0.237288,0.372881,-0.423729,0.559322,-0.559322,0.762712,-0.661017,0.881356,-0.728814,1.000000
Y,Right,legacy_bisindo_Y_688,0.000000,0.000000,0.232143,-0.160714,0.392857,-0.428571,0.392857,-0.642857,0.375000,-0.767857,0.089286,-0.767857,0.053571,-0.892857,0.053571,-0.678571,0.053571,-0.482143,-0.125000,-0.732143,-0.160714,-0.875000,-0.142857,-0.607143,-0.089286,-0.392857,-0.303571,-0.660714,-0.357143,-0.785714,-0.303571,-0.535714,-0.232143,-0.339286,-0.464286,-0.553571,-0.607143,-0.767857,-0.714286,-0.892857,-0.785714,-1.000000
Y,Right,legacy_bisindo_Y_689,0.000000,0.000000,0.296296,0.166667,0.462963,0.444444,0.518519,0.685185,0.537037,0.851852,0.148148,0.759259,0.092593,0.925926,0.074074,0.703704,0.092593,0.500000,-0.074074,0.740741,-0.129630,0.870370,-0.111111,0.592593,-0.055556,0.370370,-0.277778,0.666667,-0.333333,0.796296,-0.277778,0.518519,-0.203704,0.314815,-0.444444,0.574074,-0.574074,0.777778,-0.685185,0.907407,-0.777778,1.000000
Y,Right,legacy_bisindo_Y_690,0.000000,0.000000,0.269231,0.269231,0.442308,0.538462,0.538462,0.807692,0.576923,1.000000,0.076923,0.750000,-0.038462,0.923077,0.000000,0.711538,0.057692,0.557692,-0.134615,0.692308,-0.230769,0.865385,-0.153846,0.634615,-0.057692,0.500000,-0.307692,0.576923,-0.403846,0.730769,-0.288462,0.538462,-0.192308,0.403846,-0.442308,0.442308,-0.615385,0.653846,-0.730769,0.769231,-0.826923,0.903846
Y,Right,legacy_bisindo_Y_691,0.000000,0.000000,0.375000,0.083333,0.416667,-0.250000,0.208333,-0.375000,-0.083333,-0.416667,0.208333,-0.833333,0.083333,-0.833333,0.125000,-0.333333,0.208333,0.125000,-0.083333,-1.000000,-0.250000,-0.833333,-0.166667,-0.250000,-0.125000,0.291667,-0.333333,-0.958333,-0.500000,-0.791667,-0.416667,-0.208333,-0.291667,0.250000,-0.583333,-0.833333,-0.750000,-0.708333,-0.708333,-0.291667,-0.625000,0.000000
Y,Right,legacy_bisindo_Y_692,0.000000,0.000000,0.288136,0.152542,0.491525,0.457627,0.576271,0.728814,0.627119,0.932203,0.169492,0.745763,0.118644,0.881356,0.084746,0.677966,0.101695,0.491525,-0.050847,0.728814,-0.101695,0.864407,-0.084746,0.593220,-0.050847,0.372881,-0.220339,0.661017,-0.305085,0.796610,-0.254237,0.559322,-0.203390,0.372881,-0.389831,0.559322,-0.508475,0.762712,-0.610169,0.881356,-0.677966,1.000000
Y,Right,legacy_bisindo_Y_693,0.000000,0.000000,0.298246,0.157895,0.508772,0.473684,0.578947,0.736842,0.614035,0.964912,0.157895,0.754386,0.070175,0.894737,0.070175,0.684211,0.070175,0.491228,-0.070175,0.719298,-0.140351,0.877193,-0.105263,0.596491,-0.070175,0.368421,-0.245614,0.649123,-0.333333,0.789474,-0.280702,0.561404,-0.228070,0.368421,-0.421053,0.561404,-0.543860,0.771930,-0.649123,0.894737,-0.719298,1.000000
Y,Right,legacy_bisindo_Y_694,0.000000,0.000000,0.254237,-0.169492,0.491525,-0.457627,0.576271,-0.728814,0.627119,-0.932203,0.135593,-0.745763,0.067797,-0.881356,0.050847,-0.677966,0.067797,-0.491525,-0.067797,-0.711864,-0.135593,-0.864407,-0.118644,-0.593220,-0.084746,-0.372881,-0.254237,-0.644068,-0.338983,-0.762712,-0.288136,-0.525424,-0.203390,-0.338983,-0.423729,-0.542373,-0.542373,-0.779661,-0.627119,-0.881356,-0.694915,-1.000000
Y,Right,legacy_bisindo_Y_695,0.000000,0.000000,0.293103,0.155172,0.517241,0.465517,0.568966,0.724138,0.620690,0.931034,0.172414,0.758621,0.086207,0.896552,0.068966,0.689655,0.086207,0.482759,-0.051724,0.706897,-0.120690,0.862069,-0.103448,0.586207,-0.068966,0.362069,-0.241379,0.637931,-0.327586,0.775862,-0.275862,0.534483,-0.224138,0.327586,-0.413793,0.534483,-0.534483,0.758621,-0.620690,0.879310,-0.689655,1.000000
Y,Right,legacy_bisindo_Y_696,0.000000,0.000000,0.266667,-0.150000,0.483333,-0.466667,0.583333,-0.733333,0.650000,-0.933333,0.150000,-0.733333,0.100000,-0.883333,0.083333,-0.666667,0.100000,-0.483333,-0.050000,-0.700000,-0.100000,-0.850000,-0.083333,-0.600000,-0.050000,-0.400000,-0.233333,-0.633333,-0.300000,-0.750000,-0.250000,-0.516667,-0.183333,-0.333333,-0.383333,-0.533333,-0.500000,-0.766667,-0.583333,-0.883333,-0.650000,-1.000000
Y,Right,legacy_bisindo_Y_697,0.000000,0.000000,0.310345,0.155172,0.517241,0.448276,0.603448,0.706897,0.637931,0.913793,0.206897,0.741379,0.137931,0.879310,0.120690,0.672414,0.137931,0.465517,-0.017241,0.706897,-0.086207,0.844828,-0.068966,0.586207,0.000000,0.362069,-0.189655,0.637931,-0.275862,0.775862,-0.241379,0.534483,-0.172414,0.327586,-0.362069,0.551724,-0.465517,0.775862,-0.568966,0.896552,-0.620690,1.000000
Y,Right,legacy_bisindo_Y_698,0.000000,0.000000,0.262295,-0.180328,0.491803,-0.475410,0.573770,-0.737705,0.639344,-0.934426,0.114754,-0.754098,0.081967,-0.885246,0.081967,-0.672131,0.081967,-0.475410,-0.081967,-0.704918,-0.114754,-0.852459,-0.098361,-0.590164,-0.065574,-0.393443,-0.245902,-0.639344,-0.311475,-0.737705,-0.262295,-0.508197,-0.196721,-0.344262,-0.393443,-0.557377,-0.491803,-0.770492,-0.557377,-0.885246,-0.622951,-1.000000
Y,Right,legacy_bisindo_Y_699,0.000000,0.000000,0.283333,0.166667,0.500000,0.466667,0.583333,0.716667,0.633333,0.933333,0.183333,0.733333,0.100000,0.883333,0.100000,0.666667,0.116667,0.483333,-0.033333,0.716667,-0.116667,0.850000,-0.083333,0.583333,-0.033333,0.350000,-0.216667,0.650000,-0.283333,0.766667,-0.250000,0.516667,-0.200000,0.316667,-0.383333,0.566667,-0.483333,0.783333,-0.550000,0.883333,-0.600000,1.000000
Y,Right,legacy_bisindo_Y_700,0.000000,0.000000,0.245902,-0.180328,0.459016,-0.491803,0.540984,-0.754098,0.606557,-0.967213,0.114754,-0.754098,0.081967,-0.901639,0.065574,-0.688525,0.065574,-0.491803,-0.098361,-0.721311,-0.131148,-0.852459,-0.114754,-0.590164,-0.065574,-0.377049,-0.278689,-0.655738,-0.327869,-0.754098,-0.278689,-0.524590,-0.196721,-0.327869,-0.442623,-0.557377,-0.508197,-0.803279,-0.573770,-0.901639,-0.622951,-1.000000
Y,Right,legacy_bisindo_Y_701,0.000000,0.000000,0.288136,0.169492,0.525424,0.474576,0.610169,0.745763,0.677966,0.966102,0.203390,0.762712,0.118644,0.898305,0.101695,0.694915,0.118644,0.491525,-0.016949,0.711864,-0.084746,0.847458,-0.067797,0.593220,-0.016949,0.355932,-0.203390,0.661017,-0.271186,0.779661,-0.237288,0.542373,-0.186441,0.338983,-0.372881,0.576271,-0.474576,0.796610,-0.559322,0.915254,-0.610169,1.000000
Y,Right,legacy_bisindo_Y_702,0.000000,0.000000,0.271186,-0.169492,0.508475,-0.474576,0.593220,-0.762712,0.644068,-0.966102,0.152542,-0.745763,0.101695,-0.898305,0.084746,-0.677966,0.084746,-0.474576,-0.067797,-0.711864,-0.118644,-0.864407,-0.084746,-0.593220,-0.050847,-0.372881,-0.254237,-0.644068,-0.322034,-0.762712,-0.254237,-0.525424,-0.186441,-0.338983,-0.423729,-0.559322,-0.525424,-0.796610,-0.593220,-0.915254,-0.644068,-1.000000
Y,Right,legacy_bisindo_Y_703,0.000000,0.000000,0.305085,0.169492,0.525424,0.474576,0.610169,0.728814,0.661017,0.949153,0.186441,0.745763,0.101695,0.898305,0.084746,0.694915,0.101695,0.491525,-0.033898,0.711864,-0.101695,0.864407,-0.084746,0.593220,-0.033898,0.355932,-0.220339,0.644068,-0.288136,0.779661,-0.254237,0.525424,-0.203390,0.322034,-0.372881,0.576271,-0.474576,0.779661,-0.559322,0.898305,-0.627119,1.000000
Y,Right,legacy_bisindo_Y_704,0.000000,0.000000,0.271186,-0.186441,0.491525,-0.491525,0.576271,-0.762712,0.644068,-0.966102,0.118644,-0.745763,0.067797,-0.898305,0.084746,-0.694915,0.101695,-0.491525,-0.084746,-0.694915,-0.135593,-0.881356,-0.101695,-0.610169,-0.067797,-0.389831,-0.271186,-0.627119,-0.338983,-0.762712,-0.271186,-0.525424,-0.203390,-0.338983,-0.440678,-0.542373,-0.542373,-0.779661,-0.610169,-0.898305,-0.661017,-1.000000
Y,Right,legacy_bisindo_Y_705,0.000000,0.000000,0.283333,0.200000,0.500000,0.483333,0.583333,0.750000,0.633333,0.950000,0.150000,0.750000,0.100000,0.900000,0.100000,0.700000,0.116667,0.516667,-0.066667,0.716667,-0.116667,0.866667,-0.083333,0.600000,-0.033333,0.383333,-0.250000,0.650000,-0.300000,0.766667,-0.250000,0.533333,-0.200000,0.350000,-0.416667,0.566667,-0.533333,0.783333,-0.600000,0.900000,-0.633333,1.000000
Y,Right,legacy_bisindo_Y_706,0.000000,0.000000,0.241935,-0.193548,0.435484,-0.467742,0.500000,-0.693548,0.516129,-0.870968,0.096774,-0.758065,0.048387,-0.903226,0.048387,-0.693548,0.048387,-0.516129,-0.112903,-0.725806,-0.161290,-0.870968,-0.129032,-0.612903,-0.080645,-0.403226,-0.290323,-0.645161,-0.354839,-0.758065,-0.290323,-0.516129,-0.209677,-0.338710,-0.451613,-0.548387,-0.564516,-0.790323,-0.629032,-0.903226,-0.677419,-1.000000
Y,Right,legacy_bisindo_Y_707,0.000000,0.000000,0.266667,0.200000,0.450000,0.483333,0.533333,0.716667,0.550000,0.900000,0.133333,0.783333,0.066667,0.916667,0.050000,0.683333,0.083333,0.483333,-0.083333,0.733333,-0.150000,0.866667,-0.133333,0.600000,-0.066667,0.383333,-0.266667,0.650000,-0.350000,0.766667,-0.300000,0.516667,-0.216667,0.333333,-0.433333,0.566667,-0.550000,0.783333,-0.616667,0.900000,-0.650000,1.000000
Y,Right,legacy_bisindo_Y_708,0.000000,0.000000,0.272727,0.290909,0.436364,0.545455,0.509091,0.818182,0.545455,1.000000,0.090909,0.763636,-0.018182,0.909091,0.018182,0.709091,0.090909,0.563636,-0.127273,0.690909,-0.200000,0.854545,-0.109091,0.618182,-0.036364,0.490909,-0.272727,0.600000,-0.363636,0.727273,-0.254545,0.545455,-0.163636,0.418182,-0.418182,0.454545,-0.581818,0.654545,-0.690909,0.763636,-0.781818,0.890909
Y,Right,legacy_bisindo_Y_709,0.000000,0.000000,0.400000,0.200000,0.680000,-0.080000,0.840000,-0.280000,0.760000,-0.200000,0.240000,-0.800000,0.080000,-0.880000,0.160000,-0.360000,0.160000,0.120000,0.000000,-1.000000,-0.160000,-0.840000,-0.080000,-0.240000,-0.080000,0.320000,-0.240000,-0.960000,-0.360000,-0.800000,-0.280000,-0.240000,-0.240000,0.280000,-0.400000,-0.800000,-0.600000,-0.760000,-0.560000,-0.320000,-0.560000,0.040000
Y,Right,legacy_bisindo_Y_710,0.000000,0.000000,0.278689,0.213115,0.475410,0.524590,0.540984,0.803279,0.606557,1.000000,0.131148,0.770492,0.049180,0.934426,0.049180,0.721311,0.081967,0.540984,-0.081967,0.737705,-0.163934,0.901639,-0.131148,0.622951,-0.065574,0.409836,-0.278689,0.655738,-0.344262,0.803279,-0.295082,0.557377,-0.229508,0.360656,-0.426230,0.573770,-0.557377,0.786885,-0.639344,0.901639,-0.688525,1.000000
Y,Right,legacy_bisindo_Y_711,0.000000,0.000000,0.245902,-0.163934,0.459016,-0.475410,0.540984,-0.754098,0.606557,-0.967213,0.098361,-0.770492,0.049180,-0.885246,0.049180,-0.655738,0.049180,-0.459016,-0.098361,-0.721311,-0.147541,-0.852459,-0.131148,-0.573770,-0.098361,-0.360656,-0.278689,-0.655738,-0.344262,-0.754098,-0.295082,-0.508197,-0.213115,-0.311475,-0.442623,-0.540984,-0.573770,-0.770492,-0.639344,-0.885246,-0.688525,-1.000000
Y,Right,legacy_bisindo_Y_712,0.000000,0.000000,0.274194,0.209677,0.483871,0.500000,0.564516,0.774194,0.596774,0.967742,0.129032,0.758065,0.064516,0.903226,0.048387,0.693548,0.080645,0.500000,-0.080645,0.725806,-0.145161,0.870968,-0.129032,0.596774,-0.064516,0.387097,-0.258065,0.661290,-0.338710,0.774194,-0.290323,0.516129,-0.209677,0.338710,-0.419355,0.580645,-0.548387,0.774194,-0.629032,0.887097,-0.677419,1.000000
Y,Right,legacy_bisindo_Y_713,0.000000,0.000000,0.253968,-0.174603,0.460317,-0.476190,0.539683,-0.746032,0.603175,-0.952381,0.095238,-0.746032,0.047619,-0.873016,0.031746,-0.650794,0.047619,-0.476190,-0.111111,-0.714286,-0.158730,-0.841270,-0.126984,-0.555556,-0.079365,-0.365079,-0.285714,-0.634921,-0.349206,-0.761905,-0.285714,-0.523810,-0.222222,-0.349206,-0.428571,-0.539683,-0.555556,-0.761905,-0.619048,-0.888889,-0.666667,-1.000000
Y,Right,legacy_bisindo_Y_714,0.000000,0.000000,0.285714,0.190476,0.492063,0.476190,0.571429,0.746032,0.619048,0.936508,0.142857,0.746032,0.095238,0.904762,0.079365,0.682540,0.095238,0.492063,-0.063492,0.714286,-0.126984,0.857143,-0.111111,0.587302,-0.047619,0.380952,-0.253968,0.666667,-0.301587,0.777778,-0.269841,0.523810,-0.190476,0.333333,-0.396825,0.587302,-0.523810,0.793651,-0.587302,0.904762,-0.634921,1.000000
Y,Right,legacy_bisindo_Y_715,0.000000,0.000000,0.238095,-0.174603,0.444444,-0.492063,0.523810,-0.761905,0.587302,-0.968254,0.095238,-0.761905,0.031746,-0.904762,0.031746,-0.666667,0.047619,-0.492063,-0.111111,-0.714286,-0.174603,-0.873016,-0.142857,-0.587302,-0.095238,-0.380952,-0.285714,-0.650794,-0.365079,-0.777778,-0.317460,-0.523810,-0.238095,-0.349206,-0.444444,-0.555556,-0.539683,-0.793651,-0.619048,-0.888889,-0.682540,-1.000000
Y,Right,legacy_bisindo_Y_716,0.000000,0.000000,0.285714,0.206349,0.476190,0.492063,0.555556,0.777778,0.603175,0.984127,0.126984,0.777778,0.047619,0.904762,0.031746,0.698413,0.063492,0.507937,-0.095238,0.730159,-0.158730,0.873016,-0.126984,0.587302,-0.063492,0.380952,-0.269841,0.666667,-0.349206,0.777778,-0.301587,0.539683,-0.238095,0.365079,-0.428571,0.571429,-0.539683,0.777778,-0.619048,0.888889,-0.682540,1.000000
Y,Right,legacy_bisindo_Y_717,0.000000,0.000000,0.269841,-0.158730,0.476190,-0.460317,0.555556,-0.730159,0.619048,-0.936508,0.126984,-0.730159,0.063492,-0.873016,0.047619,-0.650794,0.063492,-0.460317,-0.079365,-0.698413,-0.142857,-0.857143,-0.111111,-0.571429,-0.079365,-0.365079,-0.269841,-0.634921,-0.349206,-0.761905,-0.285714,-0.523810,-0.222222,-0.333333,-0.428571,-0.555556,-0.539683,-0.777778,-0.619048,-0.888889,-0.666667,-1.000000
Y,Right,legacy_bisindo_Y_718,0.000000,0.000000,0.306452,0.177419,0.516129,0.467742,0.612903,0.741935,0.661290,0.967742,0.177419,0.774194,0.096774,0.903226,0.096774,0.677419,0.112903,0.467742,-0.048387,0.741935,-0.112903,0.870968,-0.096774,0.580645,-0.032258,0.354839,-0.241935,0.677419,-0.322581,0.806452,-0.274194,0.548387,-0.209677,0.354839,-0.403226,0.580645,-0.516129,0.790323,-0.596774,0.903226,-0.661290,1.000000
Y,Right,legacy_bisindo_Y_719,0.000000,0.000000,0.245902,-0.163934,0.426230,-0.426230,0.508197,-0.655738,0.540984,-0.836066,0.098361,-0.770492,0.049180,-0.901639,0.049180,-0.672131,0.065574,-0.475410,-0.114754,-0.721311,-0.147541,-0.868852,-0.114754,-0.590164,-0.081967,-0.393443,-0.295082,-0.655738,-0.360656,-0.786885,-0.295082,-0.540984,-0.229508,-0.344262,-0.459016,-0.573770,-0.573770,-0.786885,-0.655738,-0.901639,-0.704918,-1.000000
Y,Right,legacy_bisindo_Y_720,0.000000,0.000000,0.262295,0.180328,0.459016,0.475410,0.540984,0.704918,0.590164,0.901639,0.131148,0.754098,0.065574,0.918033,0.065574,0.688525,0.098361,0.491803,-0.081967,0.721311,-0.131148,0.868852,-0.114754,0.590164,-0.049180,0.377049,-0.262295,0.672131,-0.327869,0.803279,-0.278689,0.540984,-0.229508,0.344262,-0.426230,0.573770,-0.540984,0.786885,-0.622951,0.901639,-0.672131,1.000000
Y,Right,legacy_bisindo_Y_721,0.000000,0.000000,0.250000,-0.171875,0.453125,-0.468750,0.531250,-0.734375,0.593750,-0.953125,0.109375,-0.765625,0.046875,-0.890625,0.046875,-0.671875,0.062500,-0.468750,-0.109375,-0.718750,-0.156250,-0.859375,-0.125000,-0.578125,-0.093750,-0.375000,-0.281250,-0.656250,-0.359375,-0.765625,-0.296875,-0.531250,-0.234375,-0.343750,-0.437500,-0.562500,-0.546875,-0.781250,-0.625000,-0.890625,-0.687500,-1.000000
Y,Right,legacy_bisindo_Y_722,0.000000,0.000000,-0.202381,0.178571,-0.369048,0.380952,-0.476190,0.535714,-0.511905,0.654762,-0.321429,0.440476,-0.333333,0.690476,-0.309524,0.857143,-0.273810,1.000000,-0.166667,0.440476,-0.166667,0.642857,-0.166667,0.821429,-0.154762,0.976190,-0.011905,0.428571,-0.023810,0.607143,-0.023810,0.773810,-0.011905,0.904762,0.130952,0.428571,0.130952,0.571429,0.142857,0.690476,0.142857,0.809524
Y,Right,legacy_bisindo_Y_723,0.000000,0.000000,0.290323,0.209677,0.500000,0.500000,0.564516,0.758065,0.612903,0.967742,0.129032,0.758065,0.048387,0.903226,0.048387,0.693548,0.064516,0.500000,-0.096774,0.725806,-0.161290,0.887097,-0.145161,0.612903,-0.080645,0.387097,-0.274194,0.661290,-0.370968,0.806452,-0.322581,0.564516,-0.258065,0.370968,-0.435484,0.580645,-0.580645,0.790323,-0.661290,0.903226,-0.709677,1.000000
Y,Right,legacy_bisindo_Y_724,0.000000,0.000000,0.265625,-0.187500,0.468750,-0.484375,0.546875,-0.750000,0.609375,-0.953125,0.109375,-0.750000,0.062500,-0.875000,0.062500,-0.671875,0.078125,-0.468750,-0.093750,-0.703125,-0.125000,-0.859375,-0.109375,-0.593750,-0.078125,-0.375000,-0.265625,-0.625000,-0.328125,-0.765625,-0.281250,-0.531250,-0.203125,-0.343750,-0.421875,-0.531250,-0.531250,-0.765625,-0.625000,-0.890625,-0.671875,-1.000000
Y,Right,legacy_bisindo_Y_725,0.000000,0.000000,0.290323,0.193548,0.500000,0.500000,0.564516,0.758065,0.596774,0.951613,0.161290,0.758065,0.096774,0.919355,0.080645,0.709677,0.096774,0.516129,-0.064516,0.709677,-0.129032,0.870968,-0.096774,0.596774,-0.048387,0.387097,-0.258065,0.645161,-0.306452,0.790323,-0.258065,0.532258,-0.193548,0.338710,-0.419355,0.564516,-0.548387,0.774194,-0.629032,0.903226,-0.677419,1.000000
Y,Right,legacy_bisindo_Y_726,0.000000,0.000000,0.258065,-0.161290,0.467742,-0.483871,0.532258,-0.758065,0.612903,-0.967742,0.112903,-0.774194,0.048387,-0.887097,0.032258,-0.677419,0.048387,-0.467742,-0.096774,-0.725806,-0.145161,-0.870968,-0.129032,-0.580645,-0.096774,-0.370968,-0.290323,-0.645161,-0.354839,-0.774194,-0.306452,-0.516129,-0.225806,-0.322581,-0.451613,-0.532258,-0.564516,-0.774194,-0.645161,-0.887097,-0.709677,-1.000000
Y,Right,legacy_bisindo_Y_727,0.000000,0.000000,0.281250,0.187500,0.484375,0.484375,0.546875,0.734375,0.593750,0.953125,0.156250,0.750000,0.078125,0.890625,0.062500,0.687500,0.093750,0.500000,-0.062500,0.718750,-0.125000,0.859375,-0.109375,0.593750,-0.046875,0.375000,-0.234375,0.656250,-0.312500,0.781250,-0.281250,0.546875,-0.203125,0.359375,-0.390625,0.562500,-0.500000,0.781250,-0.593750,0.890625,-0.671875,1.000000
Y,Right,legacy_bisindo_Y_728,0.000000,0.000000,0.269841,-0.174603,0.460317,-0.492063,0.539683,-0.777778,0.619048,-0.984127,0.095238,-0.777778,0.047619,-0.920635,0.031746,-0.698413,0.047619,-0.492063,-0.111111,-0.730159,-0.158730,-0.873016,-0.126984,-0.603175,-0.079365,-0.396825,-0.285714,-0.650794,-0.349206,-0.793651,-0.301587,-0.539683,-0.222222,-0.349206,-0.428571,-0.555556,-0.555556,-0.777778,-0.634921,-0.888889,-0.698413,-1.000000
Y,Right,legacy_bisindo_Y_729,0.000000,0.000000,0.274194,0.193548,0.467742,0.500000,0.532258,0.774194,0.580645,0.983871,0.112903,0.774194,0.032258,0.919355,0.032258,0.709677,0.048387,0.516129,-0.112903,0.741935,-0.177419,0.887097,-0.161290,0.596774,-0.096774,0.387097,-0.306452,0.661290,-0.370968,0.790323,-0.322581,0.532258,-0.241935,0.338710,-0.467742,0.564516,-0.596774,0.774194,-0.677419,0.903226,-0.741935,1.000000
Y,Right,legacy_bisindo_Y_730,0.000000,0.000000,0.226415,-0.301887,0.433962,-0.547170,0.509434,-0.811321,0.566038,-1.000000,0.056604,-0.792453,-0.056604,-0.924528,0.018868,-0.735849,0.094340,-0.603774,-0.150943,-0.716981,-0.245283,-0.867925,-0.113208,-0.641509,-0.037736,-0.547170,-0.320755,-0.603774,-0.377358,-0.754717,-0.283019,-0.547170,-0.188679,-0.433962,-0.433962,-0.471698,-0.622642,-0.679245,-0.716981,-0.773585,-0.811321,-0.924528
Y,Right,legacy_bisindo_Y_731,0.000000,0.000000,-0.139535,0.023256,-0.186047,-0.325581,-0.162791,-0.744186,-0.162791,-1.000000,0.023256,-0.465116,-0.023256,-0.744186,-0.093023,-0.883721,-0.116279,-1.000000,0.046512,-0.534884,-0.162791,-0.813953,-0.255814,-0.953488,-0.279070,-0.976744,0.023256,-0.511628,-0.209302,-0.790698,-0.325581,-0.930233,-0.348837,-0.976744,-0.023256,-0.441860,-0.209302,-0.674419,-0.348837,-0.767442,-0.441860,-0.837209
Y,Right,legacy_bisindo_Y_732,0.000000,0.000000,0.265625,-0.171875,0.484375,-0.484375,0.546875,-0.750000,0.609375,-0.968750,0.109375,-0.750000,0.046875,-0.906250,0.031250,-0.671875,0.062500,-0.484375,-0.093750,-0.718750,-0.156250,-0.875000,-0.125000,-0.593750,-0.093750,-0.390625,-0.265625,-0.656250,-0.343750,-0.781250,-0.296875,-0.531250,-0.218750,-0.359375,-0.421875,-0.562500,-0.546875,-0.796875,-0.625000,-0.906250,-0.687500,-1.000000
Y,Right,legacy_bisindo_Y_733,0.000000,0.000000,0.285714,0.190476,0.492063,0.492063,0.555556,0.746032,0.603175,0.968254,0.142857,0.777778,0.063492,0.904762,0.047619,0.698413,0.079365,0.492063,-0.079365,0.730159,-0.158730,0.873016,-0.126984,0.603175,-0.063492,0.380952,-0.269841,0.666667,-0.333333,0.777778,-0.301587,0.523810,-0.222222,0.349206,-0.428571,0.571429,-0.555556,0.777778,-0.634921,0.888889,-0.682540,1.000000
Y,Right,legacy_bisindo_Y_734,0.000000,0.000000,0.250000,-0.171875,0.453125,-0.453125,0.531250,-0.703125,0.593750,-0.890625,0.093750,-0.765625,0.046875,-0.890625,0.046875,-0.671875,0.062500,-0.484375,-0.093750,-0.718750,-0.156250,-0.859375,-0.125000,-0.578125,-0.093750,-0.375000,-0.281250,-0.656250,-0.343750,-0.781250,-0.296875,-0.531250,-0.234375,-0.343750,-0.437500,-0.562500,-0.546875,-0.781250,-0.640625,-0.890625,-0.687500,-1.000000
Y,Right,legacy_bisindo_Y_735,0.000000,0.000000,0.274194,0.177419,0.483871,0.467742,0.564516,0.709677,0.612903,0.919355,0.129032,0.774194,0.080645,0.919355,0.064516,0.709677,0.080645,0.500000,-0.080645,0.741935,-0.129032,0.870968,-0.112903,0.596774,-0.048387,0.387097,-0.274194,0.677419,-0.322581,0.790323,-0.290323,0.548387,-0.225806,0.354839,-0.435484,0.580645,-0.564516,0.774194,-0.645161,0.903226,-0.677419,1.000000
Y,Right,legacy_bisindo_Y_736,0.000000,0.000000,0.238095,-0.158730,0.444444,-0.444444,0.523810,-0.698413,0.587302,-0.888889,0.095238,-0.746032,0.063492,-0.873016,0.063492,-0.650794,0.063492,-0.476190,-0.111111,-0.714286,-0.142857,-0.857143,-0.111111,-0.587302,-0.079365,-0.380952,-0.285714,-0.634921,-0.349206,-0.761905,-0.285714,-0.523810,-0.222222,-0.333333,-0.444444,-0.539683,-0.555556,-0.761905,-0.619048,-0.888889,-0.682540,-1.000000
Y,Right,legacy_bisindo_Y_737,0.000000,0.000000,0.258065,0.177419,0.451613,0.435484,0.516129,0.661290,0.516129,0.838710,0.145161,0.741935,0.096774,0.887097,0.080645,0.661290,0.096774,0.467742,-0.064516,0.709677,-0.112903,0.854839,-0.096774,0.580645,-0.048387,0.370968,-0.241935,0.645161,-0.306452,0.790323,-0.258065,0.532258,-0.209677,0.338710,-0.403226,0.564516,-0.516129,0.774194,-0.596774,0.887097,-0.645161,1.000000
Y,Right,legacy_bisindo_Y_738,0.000000,0.000000,0.250000,-0.156250,0.453125,-0.437500,0.531250,-0.687500,0.578125,-0.890625,0.078125,-0.750000,0.046875,-0.859375,0.046875,-0.640625,0.062500,-0.453125,-0.109375,-0.703125,-0.156250,-0.843750,-0.125000,-0.562500,-0.093750,-0.359375,-0.281250,-0.640625,-0.343750,-0.750000,-0.296875,-0.515625,-0.234375,-0.328125,-0.437500,-0.546875,-0.546875,-0.765625,-0.625000,-0.890625,-0.671875,-1.000000
Y,Right,legacy_bisindo_Y_739,0.000000,0.000000,0.269841,0.174603,0.460317,0.460317,0.539683,0.682540,0.555556,0.888889,0.126984,0.746032,0.079365,0.888889,0.079365,0.682540,0.095238,0.507937,-0.079365,0.714286,-0.111111,0.857143,-0.095238,0.587302,-0.047619,0.380952,-0.269841,0.650794,-0.317460,0.777778,-0.269841,0.523810,-0.206349,0.333333,-0.428571,0.571429,-0.539683,0.777778,-0.619048,0.888889,-0.666667,1.000000
Y,Right,legacy_bisindo_Y_740,0.000000,0.000000,0.245902,-0.163934,0.459016,-0.459016,0.524590,-0.721311,0.590164,-0.918033,0.081967,-0.737705,0.049180,-0.885246,0.049180,-0.655738,0.065574,-0.475410,-0.114754,-0.704918,-0.163934,-0.852459,-0.131148,-0.573770,-0.098361,-0.377049,-0.295082,-0.639344,-0.360656,-0.770492,-0.295082,-0.524590,-0.229508,-0.327869,-0.442623,-0.557377,-0.573770,-0.786885,-0.639344,-0.901639,-0.688525,-1.000000
Y,Right,legacy_bisindo_Y_741,0.000000,0.000000,0.278689,0.180328,0.491803,0.459016,0.557377,0.704918,0.606557,0.901639,0.131148,0.737705,0.081967,0.901639,0.065574,0.688525,0.098361,0.491803,-0.081967,0.704918,-0.131148,0.852459,-0.114754,0.606557,-0.065574,0.393443,-0.262295,0.655738,-0.327869,0.786885,-0.295082,0.540984,-0.229508,0.360656,-0.426230,0.573770,-0.557377,0.786885,-0.622951,0.901639,-0.655738,1.000000
Y,Right,legacy_bisindo_Y_742,0.000000,0.000000,0.250000,-0.166667,0.433333,-0.433333,0.516667,-0.666667,0.566667,-0.833333,0.066667,-0.750000,0.050000,-0.900000,0.066667,-0.683333,0.066667,-0.483333,-0.133333,-0.716667,-0.150000,-0.866667,-0.116667,-0.600000,-0.083333,-0.383333,-0.316667,-0.650000,-0.366667,-0.766667,-0.283333,-0.516667,-0.233333,-0.333333,-0.466667,-0.550000,-0.583333,-0.783333,-0.650000,-0.900000,-0.700000,-1.000000
Y,Right,legacy_bisindo_Y_743,0.000000,0.000000,0.278689,0.180328,0.475410,0.459016,0.557377,0.704918,0.590164,0.901639,0.131148,0.737705,0.081967,0.885246,0.065574,0.672131,0.098361,0.475410,-0.065574,0.704918,-0.131148,0.852459,-0.098361,0.590164,-0.049180,0.377049,-0.245902,0.655738,-0.311475,0.770492,-0.262295,0.540984,-0.213115,0.344262,-0.409836,0.557377,-0.524590,0.770492,-0.606557,0.885246,-0.672131,1.000000
Y,Right,legacy_bisindo_Y_744,0.000000,0.000000,0.225806,-0.161290,0.403226,-0.403226,0.500000,-0.612903,0.532258,-0.774194,0.080645,-0.725806,0.064516,-0.870968,0.064516,-0.661290,0.064516,-0.483871,-0.112903,-0.693548,-0.145161,-0.838710,-0.096774,-0.580645,-0.064516,-0.370968,-0.290323,-0.629032,-0.322581,-0.741935,-0.258065,-0.516129,-0.209677,-0.322581,-0.435484,-0.532258,-0.548387,-0.758065,-0.612903,-0.887097,-0.677419,-1.000000
Y,Right,legacy_bisindo_Y_745,0.000000,0.000000,0.262295,0.180328,0.459016,0.426230,0.524590,0.639344,0.557377,0.803279,0.147541,0.721311,0.098361,0.885246,0.081967,0.672131,0.098361,0.491803,-0.065574,0.688525,-0.098361,0.836066,-0.081967,0.590164,-0.032787,0.393443,-0.229508,0.639344,-0.295082,0.770492,-0.245902,0.540984,-0.196721,0.360656,-0.393443,0.557377,-0.508197,0.754098,-0.590164,0.885246,-0.655738,1.000000
Y,Right,legacy_bisindo_Y_746,0.000000,0.000000,0.278689,0.180328,0.475410,0.459016,0.557377,0.704918,0.590164,0.918033,0.147541,0.721311,0.081967,0.868852,0.081967,0.688525,0.098361,0.491803,-0.065574,0.688525,-0.114754,0.852459,-0.098361,0.606557,-0.032787,0.393443,-0.229508,0.639344,-0.295082,0.754098,-0.245902,0.540984,-0.180328,0.360656,-0.393443,0.540984,-0.508197,0.770492,-0.606557,0.885246,-0.655738,1.000000
Y,Right,legacy_bisindo_Y_747,0.000000,0.000000,0.254237,-0.169492,0.440678,-0.457627,0.525424,-0.694915,0.576271,-0.881356,0.084746,-0.728814,0.050847,-0.864407,0.067797,-0.661017,0.067797,-0.474576,-0.101695,-0.677966,-0.152542,-0.847458,-0.118644,-0.593220,-0.067797,-0.389831,-0.288136,-0.610169,-0.338983,-0.745763,-0.271186,-0.508475,-0.203390,-0.338983,-0.440678,-0.525424,-0.542373,-0.762712,-0.627119,-0.881356,-0.677966,-1.000000
Y,Right,legacy_bisindo_Y_748,0.000000,0.000000,0.266667,0.166667,0.466667,0.466667,0.533333,0.700000,0.583333,0.900000,0.116667,0.716667,0.066667,0.850000,0.050000,0.650000,0.083333,0.466667,-0.083333,0.683333,-0.133333,0.833333,-0.116667,0.583333,-0.066667,0.366667,-0.250000,0.616667,-0.316667,0.750000,-0.283333,0.500000,-0.216667,0.316667,-0.400000,0.533333,-0.516667,0.750000,-0.600000,0.883333,-0.666667,1.000000
Y,Right,legacy_bisindo_Y_749,0.000000,0.000000,0.233333,-0.166667,0.416667,-0.450000,0.500000,-0.700000,0.550000,-0.900000,0.066667,-0.716667,0.033333,-0.850000,0.050000,-0.650000,0.066667,-0.466667,-0.133333,-0.683333,-0.150000,-0.833333,-0.116667,-0.583333,-0.083333,-0.383333,-0.300000,-0.616667,-0.333333,-0.733333,-0.283333,-0.516667,-0.216667,-0.333333,-0.433333,-0.516667,-0.566667,-0.750000,-0.633333,-0.883333,-0.700000,-1.000000
Y,Right,legacy_bisindo_Y_750,0.000000,0.000000,0.254237,0.186441,0.440678,0.457627,0.508475,0.711864,0.559322,0.898305,0.118644,0.728814,0.067797,0.864407,0.067797,0.661017,0.084746,0.491525,-0.084746,0.694915,-0.118644,0.847458,-0.101695,0.593220,-0.050847,0.389831,-0.271186,0.610169,-0.305085,0.745763,-0.254237,0.525424,-0.186441,0.338983,-0.423729,0.525424,-0.542373,0.745763,-0.627119,0.881356,-0.677966,1.000000
Y,Right,legacy_bisindo_Y_751,0.000000,0.000000,0.203704,-0.203704,0.333333,-0.555556,0.388889,-0.870370,0.388889,-1.000000,0.203704,-0.500000,0.074074,-0.722222,-0.018519,-0.814815,-0.018519,-0.851852,0.018519,-0.407407,-0.166667,-0.666667,-0.222222,-0.796296,-0.222222,-0.851852,-0.185185,-0.277778,-0.351852,-0.555556,-0.407407,-0.722222,-0.407407,-0.814815,-0.370370,-0.148148,-0.518519,-0.388889,-0.574074,-0.537037,-0.592593,-0.648148
Y,Right,legacy_bisindo_Y_752,0.000000,0.000000,0.259259,0.259259,0.425926,0.537037,0.481481,0.796296,0.518519,1.000000,0.074074,0.759259,-0.037037,0.907407,0.000000,0.685185,0.055556,0.537037,-0.148148,0.685185,-0.222222,0.851852,-0.129630,0.592593,-0.055556,0.462963,-0.296296,0.574074,-0.388889,0.722222,-0.277778,0.518519,-0.185185,0.388889,-0.444444,0.444444,-0.611111,0.648148,-0.722222,0.759259,-0.814815,0.870370
Y,Right,legacy_bisindo_Y_753,0.000000,0.000000,-0.277778,-0.185185,-0.500000,-0.500000,-0.666667,-0.796296,-0.740741,-1.000000,-0.314815,-0.370370,-0.333333,-0.722222,-0.296296,-0.629630,-0.259259,-0.481481,-0.055556,-0.370370,-0.111111,-0.777778,-0.092593,-0.666667,-0.074074,-0.500000,0.148148,-0.370370,0.092593,-0.759259,0.111111,-0.648148,0.111111,-0.518519,0.333333,-0.370370,0.333333,-0.685185,0.333333,-0.648148,0.314815,-0.555556
Y,Right,legacy_bisindo_Y_754,0.000000,0.000000,0.214286,-0.142857,0.410714,-0.410714,0.517857,-0.642857,0.571429,-0.803571,0.089286,-0.714286,0.053571,-0.839286,0.071429,-0.642857,0.089286,-0.446429,-0.107143,-0.678571,-0.142857,-0.839286,-0.107143,-0.571429,-0.071429,-0.357143,-0.285714,-0.607143,-0.339286,-0.714286,-0.267857,-0.482143,-0.214286,-0.303571,-0.446429,-0.500000,-0.571429,-0.732143,-0.660714,-0.875000,-0.714286,-1.000000
Y,Right,legacy_bisindo_Y_755,0.000000,0.000000,0.267857,0.142857,0.446429,0.428571,0.500000,0.660714,0.535714,0.857143,0.142857,0.714286,0.089286,0.857143,0.089286,0.642857,0.125000,0.464286,-0.071429,0.678571,-0.107143,0.821429,-0.071429,0.553571,-0.035714,0.357143,-0.250000,0.607143,-0.303571,0.750000,-0.250000,0.500000,-0.178571,0.321429,-0.410714,0.517857,-0.535714,0.732143,-0.607143,0.875000,-0.678571,1.000000
Y,Right,legacy_bisindo_Y_756,0.000000,0.000000,0.272727,0.163636,0.472727,0.454545,0.527273,0.709091,0.563636,0.909091,0.127273,0.727273,0.072727,0.872727,0.072727,0.672727,0.090909,0.472727,-0.090909,0.690909,-0.127273,0.836364,-0.090909,0.581818,-0.054545,0.363636,-0.272727,0.618182,-0.327273,0.745455,-0.272727,0.527273,-0.200000,0.327273,-0.418182,0.527273,-0.563636,0.745455,-0.654545,0.890909,-0.709091,1.000000
Y,Right,legacy_bisindo_Y_757,0.000000,0.000000,0.236364,-0.181818,0.436364,-0.472727,0.509091,-0.727273,0.563636,-0.927273,0.072727,-0.745455,0.018182,-0.909091,0.036364,-0.690909,0.054545,-0.509091,-0.127273,-0.709091,-0.181818,-0.872727,-0.145455,-0.600000,-0.090909,-0.400000,-0.309091,-0.636364,-0.363636,-0.781818,-0.309091,-0.527273,-0.254545,-0.327273,-0.472727,-0.527273,-0.600000,-0.763636,-0.690909,-0.890909,-0.745455,-1.000000
Y,Right,legacy_bisindo_Y_758,0.000000,0.000000,0.277778,0.185185,0.444444,0.481481,0.500000,0.722222,0.518519,0.907407,0.111111,0.740741,0.074074,0.907407,0.055556,0.703704,0.092593,0.500000,-0.092593,0.703704,-0.129630,0.851852,-0.111111,0.574074,-0.037037,0.388889,-0.259259,0.629630,-0.314815,0.759259,-0.259259,0.518519,-0.203704,0.333333,-0.425926,0.537037,-0.555556,0.759259,-0.648148,0.888889,-0.703704,1.000000
Y,Right,legacy_bisindo_Y_759,0.000000,0.000000,0.176471,-0.176471,0.313725,-0.411765,0.294118,-0.607843,0.215686,-0.745098,0.039216,-0.745098,0.000000,-0.882353,0.000000,-0.686275,0.039216,-0.490196,-0.156863,-0.705882,-0.196078,-0.843137,-0.176471,-0.588235,-0.137255,-0.392157,-0.333333,-0.627451,-0.372549,-0.745098,-0.333333,-0.529412,-0.254902,-0.333333,-0.490196,-0.509804,-0.647059,-0.745098,-0.764706,-0.882353,-0.843137,-1.000000
Y,Right,legacy_bisindo_Y_760,0.000000,0.000000,0.240000,0.160000,0.380000,0.420000,0.360000,0.620000,0.260000,0.740000,0.100000,0.740000,0.060000,0.880000,0.040000,0.680000,0.060000,0.500000,-0.100000,0.700000,-0.140000,0.840000,-0.120000,0.580000,-0.060000,0.380000,-0.260000,0.620000,-0.320000,0.740000,-0.260000,0.520000,-0.200000,0.320000,-0.420000,0.520000,-0.580000,0.740000,-0.700000,0.860000,-0.780000,1.000000
Y,Right,legacy_bisindo_Y_761,0.000000,0.000000,0.229167,-0.187500,0.416667,-0.520833,0.479167,-0.770833,0.541667,-0.958333,0.062500,-0.812500,0.020833,-0.958333,0.041667,-0.729167,0.083333,-0.520833,-0.145833,-0.750000,-0.208333,-0.937500,-0.166667,-0.645833,-0.104167,-0.437500,-0.333333,-0.666667,-0.416667,-0.812500,-0.354167,-0.562500,-0.250000,-0.375000,-0.500000,-0.541667,-0.666667,-0.770833,-0.812500,-0.875000,-0.916667,-1.000000
Y,Right,legacy_bisindo_Y_762,0.000000,0.000000,0.297872,0.191489,0.510638,0.510638,0.574468,0.765957,0.595745,0.978723,0.148936,0.765957,0.085106,0.957447,0.063830,0.723404,0.106383,0.510638,-0.085106,0.702128,-0.148936,0.893617,-0.106383,0.617021,-0.042553,0.382979,-0.276596,0.617021,-0.361702,0.787234,-0.297872,0.531915,-0.212766,0.319149,-0.468085,0.531915,-0.617021,0.744681,-0.744681,0.872340,-0.829787,1.000000
Y,Right,legacy_bisindo_Y_763,0.000000,0.000000,0.230769,-0.211538,0.403846,-0.538462,0.500000,-0.788462,0.557692,-1.000000,0.019231,-0.788462,-0.019231,-0.923077,0.019231,-0.711538,0.057692,-0.519231,-0.192308,-0.730769,-0.230769,-0.884615,-0.153846,-0.615385,-0.096154,-0.423077,-0.365385,-0.634615,-0.403846,-0.769231,-0.307692,-0.519231,-0.230769,-0.346154,-0.500000,-0.538462,-0.653846,-0.750000,-0.769231,-0.865385,-0.846154,-0.980769
Y,Right,legacy_bisindo_Y_764,0.000000,0.000000,0.274510,0.235294,0.450980,0.529412,0.509804,0.803922,0.529412,1.000000,0.058824,0.784314,0.000000,0.921569,0.019608,0.725490,0.058824,0.529412,-0.156863,0.725490,-0.196078,0.862745,-0.137255,0.607843,-0.078431,0.411765,-0.333333,0.647059,-0.392157,0.764706,-0.313725,0.549020,-0.254902,0.372549,-0.490196,0.529412,-0.647059,0.725490,-0.745098,0.862745,-0.823529,0.980392
Y,Right,legacy_bisindo_Y_765,0.000000,0.000000,0.207547,-0.207547,0.358491,-0.528302,0.433962,-0.792453,0.471698,-1.000000,0.000000,-0.754717,-0.056604,-0.886792,-0.018868,-0.698113,0.018868,-0.509434,-0.188679,-0.679245,-0.245283,-0.849057,-0.188679,-0.584906,-0.132075,-0.396226,-0.358491,-0.584906,-0.433962,-0.735849,-0.339623,-0.509434,-0.264151,-0.339623,-0.509434,-0.471698,-0.679245,-0.679245,-0.773585,-0.792453,-0.867925,-0.924528
Y,Right,legacy_bisindo_Y_766,0.000000,0.000000,0.274510,0.196078,0.450980,0.529412,0.490196,0.784314,0.549020,1.000000,0.058824,0.725490,-0.019608,0.901961,0.000000,0.705882,0.039216,0.509804,-0.137255,0.666667,-0.215686,0.843137,-0.156863,0.607843,-0.078431,0.392157,-0.313725,0.588235,-0.392157,0.745098,-0.313725,0.529412,-0.254902,0.352941,-0.470588,0.490196,-0.647059,0.686275,-0.745098,0.823529,-0.843137,0.941176
Y,Right,legacy_bisindo_Y_767,0.000000,0.000000,0.215686,-0.215686,0.372549,-0.549020,0.431373,-0.803922,0.490196,-1.000000,-0.019608,-0.784314,-0.078431,-0.921569,-0.039216,-0.725490,0.000000,-0.549020,-0.215686,-0.705882,-0.274510,-0.862745,-0.215686,-0.627451,-0.137255,-0.431373,-0.392157,-0.607843,-0.450980,-0.745098,-0.372549,-0.509804,-0.274510,-0.333333,-0.529412,-0.490196,-0.705882,-0.705882,-0.823529,-0.823529,-0.921569,-0.941176
Y,Right,legacy_bisindo_Y_768,0.000000,0.000000,0.265306,0.224490,0.428571,0.530612,0.489796,0.795918,0.510204,1.000000,0.040816,0.734694,-0.040816,0.918367,-0.020408,0.714286,0.000000,0.530612,-0.163265,0.673469,-0.244898,0.857143,-0.183673,0.612245,-0.122449,0.387755,-0.346939,0.571429,-0.408163,0.734694,-0.326531,0.510204,-0.265306,0.306122,-0.510204,0.469388,-0.693878,0.673469,-0.795918,0.816327,-0.877551,0.938776
Y,Right,legacy_bisindo_Y_769,0.000000,0.000000,0.203704,-0.203704,0.351852,-0.537037,0.425926,-0.796296,0.462963,-1.000000,-0.018519,-0.722222,-0.074074,-0.888889,-0.055556,-0.685185,0.000000,-0.518519,-0.203704,-0.648148,-0.259259,-0.833333,-0.203704,-0.592593,-0.129630,-0.407407,-0.370370,-0.555556,-0.444444,-0.740741,-0.351852,-0.518519,-0.277778,-0.351852,-0.518519,-0.462963,-0.666667,-0.666667,-0.777778,-0.777778,-0.851852,-0.907407
Y,Right,legacy_bisindo_Y_770,0.000000,0.000000,0.269231,0.211538,0.423077,0.519231,0.480769,0.788462,0.519231,1.000000,0.038462,0.711538,-0.019231,0.884615,-0.019231,0.673077,0.019231,0.500000,-0.153846,0.653846,-0.211538,0.826923,-0.173077,0.596154,-0.115385,0.384615,-0.326923,0.557692,-0.403846,0.730769,-0.326923,0.519231,-0.269231,0.326923,-0.480769,0.461538,-0.653846,0.653846,-0.750000,0.769231,-0.846154,0.884615
Y,Right,legacy_bisindo_Y_771,0.000000,0.000000,0.222222,-0.185185,0.388889,-0.500000,0.462963,-0.814815,0.500000,-1.000000,0.259259,-0.462963,0.185185,-0.703704,0.129630,-0.814815,0.111111,-0.870370,0.055556,-0.388889,-0.074074,-0.611111,-0.111111,-0.740741,-0.111111,-0.777778,-0.148148,-0.259259,-0.277778,-0.518519,-0.314815,-0.648148,-0.277778,-0.722222,-0.333333,-0.129630,-0.444444,-0.351852,-0.462963,-0.481481,-0.444444,-0.592593
Y,Right,legacy_bisindo_Y_772,0.000000,0.000000,0.254545,0.254545,0.436364,0.527273,0.490909,0.800000,0.509091,1.000000,0.072727,0.745455,-0.036364,0.890909,0.000000,0.690909,0.072727,0.527273,-0.127273,0.672727,-0.218182,0.818182,-0.127273,0.581818,-0.054545,0.454545,-0.290909,0.581818,-0.381818,0.709091,-0.254545,0.509091,-0.163636,0.381818,-0.418182,0.436364,-0.581818,0.636364,-0.690909,0.727273,-0.800000,0.854545
Y,Right,legacy_bisindo_Y_773,0.000000,0.000000,0.195122,-0.195122,0.219512,-0.585366,0.121951,-0.902439,-0.048780,-1.000000,0.146341,-0.414634,0.048780,-0.926829,0.024390,-0.804878,0.024390,-0.609756,0.024390,-0.390244,-0.097561,-0.951220,-0.073171,-0.780488,-0.048780,-0.560976,-0.097561,-0.390244,-0.219512,-0.926829,-0.170732,-0.780488,-0.121951,-0.560976,-0.195122,-0.365854,-0.341463,-0.853659,-0.365854,-0.756098,-0.365854,-0.585366
Y,Right,legacy_bisindo_Y_774,0.000000,0.000000,0.274510,0.215686,0.450980,0.529412,0.490196,0.784314,0.529412,1.000000,0.039216,0.705882,-0.039216,0.862745,-0.019608,0.666667,0.019608,0.490196,-0.156863,0.647059,-0.235294,0.803922,-0.176471,0.568627,-0.098039,0.372549,-0.333333,0.549020,-0.411765,0.705882,-0.333333,0.490196,-0.254902,0.313725,-0.490196,0.431373,-0.666667,0.627451,-0.784314,0.745098,-0.862745,0.882353
Y,Right,legacy_bisindo_Y_775,0.000000,0.000000,0.203704,-0.203704,0.351852,-0.537037,0.407407,-0.796296,0.462963,-1.000000,-0.037037,-0.722222,-0.092593,-0.870370,-0.074074,-0.685185,-0.018519,-0.500000,-0.222222,-0.648148,-0.277778,-0.833333,-0.222222,-0.592593,-0.166667,-0.388889,-0.370370,-0.555556,-0.444444,-0.685185,-0.370370,-0.481481,-0.296296,-0.314815,-0.518519,-0.425926,-0.685185,-0.629630,-0.777778,-0.759259,-0.870370,-0.870370
Y,Right,legacy_bisindo_Y_776,0.000000,0.000000,0.264151,0.207547,0.415094,0.528302,0.452830,0.792453,0.509434,1.000000,0.037736,0.716981,-0.037736,0.867925,-0.018868,0.679245,0.018868,0.490566,-0.150943,0.641509,-0.226415,0.811321,-0.169811,0.584906,-0.094340,0.377358,-0.320755,0.566038,-0.377358,0.698113,-0.301887,0.490566,-0.226415,0.301887,-0.452830,0.452830,-0.641509,0.641509,-0.754717,0.754717,-0.849057,0.867925
Y,Right,legacy_bisindo_Y_777,0.000000,0.000000,0.195652,-0.217391,0.326087,-0.521739,0.347826,-0.739130,0.369565,-0.869565,-0.021739,-0.826087,-0.086957,-0.978261,-0.043478,-0.760870,0.000000,-0.543478,-0.239130,-0.760870,-0.282609,-0.913043,-0.217391,-0.652174,-0.130435,-0.434783,-0.413043,-0.652174,-0.478261,-0.782609,-0.369565,-0.543478,-0.260870,-0.347826,-0.565217,-0.500000,-0.760870,-0.717391,-0.891304,-0.847826,-1.000000,-0.978261
Y,Right,legacy_bisindo_Y_778,0.000000,0.000000,0.235294,0.215686,0.372549,0.529412,0.450980,0.784314,0.490196,1.000000,0.000000,0.705882,-0.058824,0.862745,-0.039216,0.666667,-0.019608,0.490196,-0.196078,0.647059,-0.235294,0.823529,-0.196078,0.568627,-0.117647,0.372549,-0.352941,0.549020,-0.411765,0.705882,-0.333333,0.490196,-0.254902,0.294118,-0.509804,0.431373,-0.686275,0.627451,-0.803922,0.745098,-0.882353,0.862745
Y,Right,legacy_bisindo_Y_779,0.000000,0.000000,0.196078,-0.235294,0.333333,-0.529412,0.411765,-0.803922,0.470588,-1.000000,-0.039216,-0.745098,-0.098039,-0.901961,-0.019608,-0.705882,0.019608,-0.529412,-0.235294,-0.666667,-0.294118,-0.843137,-0.196078,-0.607843,-0.117647,-0.431373,-0.392157,-0.568627,-0.450980,-0.745098,-0.352941,-0.529412,-0.254902,-0.352941,-0.549020,-0.450980,-0.725490,-0.666667,-0.823529,-0.803922,-0.921569,-0.921569
Y,Right,legacy_bisindo_Y_780,0.000000,0.000000,0.265306,0.204082,0.428571,0.510204,0.510204,0.775510,0.551020,1.000000,0.061224,0.714286,0.000000,0.836735,0.020408,0.653061,0.061224,0.469388,-0.163265,0.653061,-0.204082,0.795918,-0.142857,0.551020,-0.061224,0.346939,-0.326531,0.551020,-0.387755,0.693878,-0.285714,0.469388,-0.204082,0.265306,-0.489796,0.428571,-0.673469,0.632653,-0.795918,0.775510,-0.918367,0.897959
Y,Right,legacy_bisindo_Y_781,0.000000,0.000000,0.195652,-0.173913,0.326087,-0.478261,0.347826,-0.739130,0.369565,-0.913043,0.000000,-0.782609,-0.043478,-0.891304,0.000000,-0.673913,0.043478,-0.500000,-0.217391,-0.717391,-0.239130,-0.869565,-0.173913,-0.586957,-0.130435,-0.391304,-0.391304,-0.608696,-0.456522,-0.760870,-0.347826,-0.521739,-0.260870,-0.347826,-0.565217,-0.478261,-0.760870,-0.695652,-0.891304,-0.826087,-1.000000,-0.956522
Y,Right,legacy_bisindo_Y_782,0.000000,0.000000,0.274510,0.196078,0.431373,0.529412,0.470588,0.784314,0.529412,1.000000,0.078431,0.725490,0.019608,0.843137,0.019608,0.666667,0.058824,0.490196,-0.117647,0.666667,-0.176471,0.823529,-0.137255,0.588235,-0.078431,0.372549,-0.294118,0.568627,-0.372549,0.725490,-0.294118,0.509804,-0.215686,0.333333,-0.450980,0.450980,-0.627451,0.666667,-0.745098,0.784314,-0.843137,0.901961
Y,Right,legacy_bisindo_Y_783,0.000000,0.000000,0.200000,-0.200000,0.333333,-0.511111,0.422222,-0.777778,0.488889,-0.933333,0.000000,-0.822222,-0.044444,-0.933333,0.000000,-0.711111,0.044444,-0.533333,-0.222222,-0.755556,-0.244444,-0.888889,-0.177778,-0.600000,-0.133333,-0.422222,-0.400000,-0.644444,-0.444444,-0.777778,-0.355556,-0.533333,-0.266667,-0.333333,-0.555556,-0.511111,-0.755556,-0.733333,-0.888889,-0.866667,-0.977778,-1.000000
Y,Right,legacy_bisindo_Y_784,0.000000,0.000000,0.254902,0.176471,0.411765,0.509804,0.470588,0.784314,0.529412,1.000000,0.058824,0.725490,-0.019608,0.843137,-0.019608,0.647059,0.019608,0.470588,-0.137255,0.666667,-0.215686,0.803922,-0.156863,0.568627,-0.098039,0.372549,-0.313725,0.568627,-0.392157,0.705882,-0.313725,0.470588,-0.235294,0.294118,-0.470588,0.450980,-0.627451,0.647059,-0.745098,0.784314,-0.843137,0.901961
Y,Right,legacy_bisindo_Y_785,0.000000,0.000000,0.187500,-0.208333,0.354167,-0.520833,0.437500,-0.791667,0.500000,-1.000000,-0.020833,-0.770833,-0.041667,-0.875000,0.000000,-0.687500,0.041667,-0.520833,-0.208333,-0.708333,-0.250000,-0.833333,-0.187500,-0.604167,-0.125000,-0.416667,-0.395833,-0.604167,-0.416667,-0.750000,-0.333333,-0.520833,-0.270833,-0.333333,-0.520833,-0.479167,-0.708333,-0.666667,-0.833333,-0.791667,-0.916667,-0.916667
Y,Right,legacy_bisindo_Y_786,0.000000,0.000000,0.276596,0.191489,0.446809,0.510638,0.510638,0.787234,0.574468,1.000000,0.021277,0.744681,-0.021277,0.872340,-0.021277,0.680851,0.000000,0.489362,-0.191489,0.680851,-0.212766,0.829787,-0.170213,0.574468,-0.106383,0.361702,-0.361702,0.595745,-0.404255,0.744681,-0.319149,0.510638,-0.255319,0.297872,-0.510638,0.468085,-0.702128,0.680851,-0.808511,0.787234,-0.893617,0.914894
Y,Right,legacy_bisindo_Y_787,0.000000,0.000000,0.217391,-0.195652,0.347826,-0.478261,0.391304,-0.695652,0.369565,-0.826087,0.021739,-0.804348,-0.021739,-0.934783,0.021739,-0.717391,0.065217,-0.521739,-0.195652,-0.739130,-0.217391,-0.891304,-0.152174,-0.608696,-0.086957,-0.413043,-0.369565,-0.630435,-0.413043,-0.760870,-0.304348,-0.521739,-0.239130,-0.326087,-0.521739,-0.500000,-0.717391,-0.739130,-0.826087,-0.869565,-0.913043,-1.000000
Y,Right,legacy_bisindo_Y_788,0.000000,0.000000,0.234043,0.212766,0.382979,0.553191,0.446809,0.808511,0.510638,1.000000,0.042553,0.765957,-0.021277,0.914894,0.000000,0.723404,0.042553,0.531915,-0.170213,0.702128,-0.212766,0.872340,-0.148936,0.617021,-0.085106,0.404255,-0.340426,0.617021,-0.404255,0.765957,-0.319149,0.553191,-0.234043,0.361702,-0.489362,0.489362,-0.659574,0.702128,-0.787234,0.829787,-0.893617,0.978723
Y,Right,legacy_bisindo_Y_789,0.000000,0.000000,0.190476,-0.142857,0.285714,-0.428571,0.285714,-0.642857,0.309524,-0.761905,0.000000,-0.761905,-0.023810,-0.952381,0.047619,-0.714286,0.071429,-0.523810,-0.214286,-0.714286,-0.238095,-0.904762,-0.142857,-0.595238,-0.071429,-0.428571,-0.404762,-0.619048,-0.428571,-0.785714,-0.333333,-0.523810,-0.238095,-0.357143,-0.571429,-0.500000,-0.761905,-0.761905,-0.904762,-0.880952,-1.000000,-1.000000
Y,Right,legacy_bisindo_Y_790,0.000000,0.000000,0.250000,0.181818,0.409091,0.477273,0.431818,0.704545,0.431818,0.863636,0.068182,0.750000,0.000000,0.931818,0.022727,0.704545,0.068182,0.500000,-0.159091,0.704545,-0.204545,0.863636,-0.159091,0.590909,-0.090909,0.386364,-0.340909,0.613636,-0.409091,0.772727,-0.318182,0.522727,-0.227273,0.340909,-0.500000,0.500000,-0.681818,0.727273,-0.818182,0.863636,-0.931818,1.000000
Y,Right,legacy_bisindo_Y_791,0.000000,0.000000,0.195122,-0.170732,0.317073,-0.463415,0.317073,-0.682927,0.292683,-0.804878,0.048780,-0.829268,0.024390,-1.000000,0.048780,-0.756098,0.097561,-0.536585,-0.170732,-0.756098,-0.195122,-0.951220,-0.146341,-0.634146,-0.097561,-0.439024,-0.365854,-0.658537,-0.414634,-0.829268,-0.341463,-0.585366,-0.268293,-0.414634,-0.536585,-0.512195,-0.731707,-0.756098,-0.878049,-0.853659,-0.975610,-0.926829
Y,Right,legacy_bisindo_Y_792,0.000000,0.000000,0.244444,0.200000,0.422222,0.511111,0.488889,0.777778,0.533333,1.000000,0.044444,0.733333,-0.022222,0.911111,-0.022222,0.688889,0.022222,0.488889,-0.177778,0.666667,-0.266667,0.844444,-0.222222,0.577778,-0.133333,0.355556,-0.355556,0.577778,-0.444444,0.733333,-0.400000,0.511111,-0.311111,0.311111,-0.511111,0.444444,-0.666667,0.644444,-0.777778,0.733333,-0.866667,0.800000
Y,Right,legacy_bisindo_Y_793,0.000000,0.000000,0.226415,-0.283019,0.415094,-0.547170,0.490566,-0.811321,0.509434,-1.000000,0.037736,-0.735849,-0.075472,-0.905660,0.000000,-0.698113,0.075472,-0.566038,-0.169811,-0.679245,-0.226415,-0.830189,-0.132075,-0.584906,-0.056604,-0.471698,-0.320755,-0.566038,-0.396226,-0.716981,-0.283019,-0.509434,-0.207547,-0.396226,-0.433962,-0.415094,-0.603774,-0.603774,-0.698113,-0.698113,-0.811321,-0.830189
Y,Right,legacy_bisindo_Y_794,0.000000,0.000000,0.254545,0.236364,0.436364,0.527273,0.472727,0.800000,0.509091,1.000000,0.072727,0.745455,-0.036364,0.909091,0.000000,0.672727,0.072727,0.509091,-0.127273,0.672727,-0.218182,0.836364,-0.127273,0.581818,-0.054545,0.472727,-0.290909,0.563636,-0.381818,0.709091,-0.272727,0.509091,-0.163636,0.381818,-0.418182,0.436364,-0.581818,0.618182,-0.690909,0.727273,-0.800000,0.854545
Y,Right,legacy_bisindo_Y_795,0.000000,0.000000,0.173913,-0.152174,0.326087,-0.369565,0.391304,-0.521739,0.456522,-0.586957,0.043478,-0.739130,0.021739,-0.891304,0.065217,-0.673913,0.108696,-0.500000,-0.152174,-0.695652,-0.173913,-0.869565,-0.108696,-0.586957,-0.065217,-0.391304,-0.326087,-0.608696,-0.347826,-0.739130,-0.282609,-0.500000,-0.217391,-0.326087,-0.500000,-0.500000,-0.673913,-0.717391,-0.782609,-0.869565,-0.869565,-1.000000
Y,Right,legacy_bisindo_Y_796,0.000000,0.000000,0.260870,0.217391,0.456522,0.543478,0.521739,0.782609,0.543478,0.978261,0.108696,0.804348,0.043478,0.934783,0.043478,0.717391,0.086957,0.521739,-0.108696,0.739130,-0.152174,0.869565,-0.108696,0.608696,-0.043478,0.413043,-0.282609,0.652174,-0.347826,0.782609,-0.282609,0.565217,-0.195652,0.369565,-0.456522,0.543478,-0.630435,0.760870,-0.739130,0.891304,-0.826087,1.000000
Y,Right,legacy_bisindo_Y_797,0.000000,0.000000,0.263158,0.184211,0.394737,0.473684,0.421053,0.657895,0.394737,0.789474,0.105263,0.842105,0.078947,1.000000,0.105263,0.789474,0.131579,0.552632,-0.105263,0.815789,-0.157895,0.973684,-0.105263,0.684211,-0.052632,0.421053,-0.315789,0.710526,-0.368421,0.894737,-0.289474,0.631579,-0.236842,0.394737,-0.500000,0.578947,-0.578947,0.684211,-0.526316,0.552632,-0.473684,0.394737
Y,Right,legacy_bisindo_Y_798,0.000000,0.000000,0.148936,-0.127660,0.276596,-0.340426,0.404255,-0.446809,0.489362,-0.489362,0.063830,-0.723404,0.085106,-0.829787,0.106383,-0.638298,0.127660,-0.468085,-0.127660,-0.680851,-0.148936,-0.829787,-0.085106,-0.595745,-0.042553,-0.404255,-0.319149,-0.595745,-0.319149,-0.744681,-0.234043,-0.510638,-0.191489,-0.319149,-0.468085,-0.489362,-0.617021,-0.723404,-0.723404,-0.872340,-0.787234,-1.000000
Y,Right,legacy_bisindo_Y_799,0.000000,0.000000,0.282051,0.153846,0.461538,0.461538,0.538462,0.692308,0.564103,0.820513,0.153846,0.794872,0.153846,0.948718,0.153846,0.717949,0.179487,0.512821,-0.102564,0.769231,-0.076923,0.897436,-0.025641,0.615385,0.000000,0.384615,-0.307692,0.666667,-0.333333,0.820513,-0.230769,0.564103,-0.179487,0.333333,-0.512821,0.538462,-0.666667,0.769231,-0.794872,0.897436,-0.897436,1.000000
Y,Right,legacy_bisindo_Y_800,0.000000,0.000000,-0.333333,0.000000,-0.636364,-0.151515,-0.818182,-0.363636,-0.909091,-0.545455,-0.727273,-0.818182,-0.787879,-0.818182,-0.636364,-0.515152,-0.545455,-0.333333,-0.515152,-0.939394,-0.545455,-0.909091,-0.424242,-0.575758,-0.333333,-0.393939,-0.272727,-1.000000,-0.303030,-0.939394,-0.212121,-0.636364,-0.121212,-0.484848,0.000000,-1.000000,-0.060606,-0.939394,0.000000,-0.727273,0.060606,-0.606061
Y,Right,legacy_bisindo_Y_801,0.000000,0.000000,0.289474,0.157895,0.500000,0.473684,0.578947,0.736842,0.605263,0.921053,0.131579,0.868421,0.078947,1.000000,0.105263,0.763158,0.131579,0.526316,-0.105263,0.842105,-0.131579,0.947368,-0.078947,0.657895,-0.026316,0.421053,-0.315789,0.789474,-0.368421,0.842105,-0.289474,0.578947,-0.236842,0.368421,-0.500000,0.657895,-0.552632,0.710526,-0.473684,0.526316,-0.421053,0.368421
Y,Right,legacy_bisindo_Y_802,0.000000,0.000000,0.181818,-0.090909,0.363636,-0.333333,0.454545,-0.515152,0.545455,-0.606061,0.121212,-0.939394,0.151515,-1.000000,0.212121,-0.727273,0.212121,-0.515152,-0.151515,-0.939394,-0.151515,-0.969697,-0.060606,-0.636364,0.000000,-0.393939,-0.393939,-0.878788,-0.424242,-0.909091,-0.303030,-0.606061,-0.242424,-0.393939,-0.606061,-0.727273,-0.696970,-0.818182,-0.666667,-0.696970,-0.636364,-0.606061
Y,Right,legacy_bisindo_Y_803,0.000000,0.000000,0.255319,0.170213,0.404255,0.446809,0.489362,0.659574,0.574468,0.808511,0.085106,0.744681,0.021277,0.893617,0.042553,0.680851,0.085106,0.489362,-0.127660,0.702128,-0.170213,0.851064,-0.106383,0.595745,-0.063830,0.382979,-0.319149,0.617021,-0.361702,0.765957,-0.276596,0.531915,-0.212766,0.340426,-0.468085,0.510638,-0.638298,0.744681,-0.744681,0.872340,-0.829787,1.000000
Y,Right,legacy_bisindo_Y_804,0.000000,0.000000,-0.312500,0.000000,-0.593750,-0.187500,-0.750000,-0.437500,-0.781250,-0.593750,-0.625000,-0.875000,-0.593750,-0.812500,-0.500000,-0.500000,-0.437500,-0.375000,-0.406250,-0.968750,-0.406250,-0.906250,-0.281250,-0.562500,-0.250000,-0.437500,-0.156250,-1.000000,-0.156250,-0.937500,-0.093750,-0.625000,-0.031250,-0.531250,0.093750,-1.000000,0.093750,-0.937500,0.125000,-0.718750,0.125000,-0.625000
Y,Right,legacy_bisindo_Y_805,0.000000,0.000000,0.266667,0.177778,0.422222,0.488889,0.488889,0.711111,0.555556,0.866667,0.066667,0.733333,0.022222,0.911111,0.066667,0.688889,0.111111,0.488889,-0.155556,0.688889,-0.200000,0.866667,-0.111111,0.600000,-0.066667,0.400000,-0.333333,0.600000,-0.400000,0.777778,-0.288889,0.533333,-0.222222,0.355556,-0.488889,0.488889,-0.688889,0.711111,-0.800000,0.866667,-0.888889,1.000000
Y,Right,legacy_bisindo_Y_806,0.000000,0.000000,0.184211,-0.157895,0.289474,-0.447368,0.236842,-0.657895,0.184211,-0.789474,0.026316,-0.815789,0.052632,-0.947368,0.078947,-0.736842,0.105263,-0.526316,-0.184211,-0.815789,-0.210526,-0.921053,-0.105263,-0.605263,-0.052632,-0.394737,-0.421053,-0.736842,-0.447368,-0.868421,-0.315789,-0.605263,-0.236842,-0.394737,-0.605263,-0.657895,-0.763158,-0.868421,-0.815789,-0.947368,-0.868421,-1.000000
Y,Right,legacy_bisindo_Y_807,0.000000,0.000000,-0.294118,0.058824,-0.588235,-0.117647,-0.764706,-0.323529,-0.852941,-0.529412,-0.705882,-0.647059,-0.794118,-0.823529,-0.735294,-0.558824,-0.676471,-0.411765,-0.529412,-0.794118,-0.588235,-0.911765,-0.500000,-0.588235,-0.382353,-0.382353,-0.323529,-0.882353,-0.382353,-0.970588,-0.323529,-0.647059,-0.205882,-0.470588,-0.088235,-0.941176,-0.176471,-1.000000,-0.147059,-0.764706,-0.088235,-0.617647
Y,Right,legacy_bisindo_Y_808,0.000000,0.000000,-0.342857,-0.171429,-0.600000,-0.457143,-0.685714,-0.742857,-0.714286,-0.914286,-0.628571,-0.485714,-0.571429,-1.000000,-0.542857,-1.000000,-0.571429,-0.885714,-0.371429,-0.457143,-0.342857,-0.971429,-0.314286,-0.914286,-0.314286,-0.771429,-0.114286,-0.457143,-0.085714,-0.942857,-0.114286,-0.857143,-0.142857,-0.685714,0.171429,-0.457143,0.114286,-0.828571,0.085714,-0.771429,0.085714,-0.628571
Y,Right,legacy_bisindo_Y_809,0.000000,0.000000,0.292683,-0.170732,0.463415,-0.512195,0.560976,-0.780488,0.609756,-1.000000,0.048780,-0.853659,0.024390,-1.000000,0.073171,-0.780488,0.121951,-0.560976,-0.195122,-0.780488,-0.219512,-0.926829,-0.121951,-0.658537,-0.024390,-0.439024,-0.414634,-0.658537,-0.439024,-0.804878,-0.317073,-0.560976,-0.219512,-0.365854,-0.585366,-0.512195,-0.756098,-0.731707,-0.829268,-0.853659,-0.902439,-0.975610
Y,Right,legacy_bisindo_Y_810,0.000000,0.000000,0.207547,-0.283019,0.415094,-0.547170,0.490566,-0.811321,0.509434,-1.000000,0.037736,-0.735849,-0.075472,-0.905660,-0.018868,-0.716981,0.075472,-0.566038,-0.169811,-0.660377,-0.245283,-0.849057,-0.150943,-0.603774,-0.075472,-0.471698,-0.339623,-0.566038,-0.396226,-0.716981,-0.301887,-0.528302,-0.226415,-0.396226,-0.452830,-0.415094,-0.641509,-0.622642,-0.754717,-0.735849,-0.849057,-0.867925
Y,Right,legacy_bisindo_Y_811,0.000000,0.000000,0.232143,0.250000,0.410714,0.535714,0.464286,0.803571,0.482143,1.000000,0.053571,0.750000,-0.053571,0.892857,0.000000,0.678571,0.053571,0.517857,-0.142857,0.678571,-0.232143,0.821429,-0.142857,0.589286,-0.053571,0.464286,-0.303571,0.571429,-0.392857,0.696429,-0.267857,0.517857,-0.160714,0.392857,-0.428571,0.446429,-0.589286,0.625000,-0.696429,0.732143,-0.803571,0.839286
Y,Right,legacy_bisindo_Y_812,0.000000,0.000000,-0.241379,0.068966,-0.517241,-0.103448,-0.724138,-0.344828,-0.862069,-0.551724,-0.724138,-0.620690,-0.931034,-0.862069,-0.965517,-0.689655,-0.965517,-0.586207,-0.551724,-0.793103,-0.655172,-0.965517,-0.551724,-0.586207,-0.413793,-0.310345,-0.344828,-0.896552,-0.448276,-1.000000,-0.379310,-0.620690,-0.241379,-0.379310,-0.103448,-0.965517,-0.206897,-1.000000,-0.137931,-0.724138,-0.068966,-0.517241
Y,Right,legacy_bisindo_Y_813,0.000000,0.000000,-0.255814,0.069767,-0.511628,-0.046512,-0.627907,-0.255814,-0.651163,-0.418605,-0.604651,-0.418605,-0.813953,-0.627907,-0.930233,-0.767442,-1.000000,-0.883721,-0.441860,-0.558140,-0.511628,-0.697674,-0.395349,-0.441860,-0.325581,-0.255814,-0.255814,-0.627907,-0.302326,-0.744186,-0.209302,-0.488372,-0.139535,-0.302326,-0.069767,-0.697674,-0.116279,-0.744186,-0.069767,-0.558140,-0.023256,-0.418605
Y,Right,legacy_bisindo_Y_814,0.000000,0.000000,0.054054,-0.108108,0.054054,-0.378378,-0.027027,-0.594595,-0.162162,-0.729730,-0.135135,-0.756757,-0.135135,-0.972973,-0.054054,-0.729730,0.027027,-0.513514,-0.297297,-0.783784,-0.324324,-1.000000,-0.216216,-0.675676,-0.135135,-0.432432,-0.432432,-0.783784,-0.459459,-0.972973,-0.351351,-0.702703,-0.243243,-0.459459,-0.567568,-0.756757,-0.702703,-0.972973,-0.702703,-0.945946,-0.702703,-0.918919
Y,Right,legacy_bisindo_Y_815,0.000000,0.000000,0.175000,-0.150000,0.300000,-0.450000,0.300000,-0.650000,0.300000,-0.775000,0.050000,-0.775000,0.050000,-0.950000,0.100000,-0.725000,0.125000,-0.525000,-0.175000,-0.750000,-0.175000,-0.900000,-0.075000,-0.600000,-0.025000,-0.375000,-0.400000,-0.675000,-0.400000,-0.825000,-0.275000,-0.550000,-0.225000,-0.325000,-0.600000,-0.550000,-0.750000,-0.825000,-0.850000,-0.925000,-0.925000,-1.000000
Y,Right,legacy_bisindo_Y_816,0.000000,0.000000,-0.219512,0.097561,-0.439024,0.341463,-0.560976,0.585366,-0.634146,0.756098,-0.268293,0.292683,-0.292683,0.560976,-0.341463,0.780488,-0.390244,0.926829,0.000000,0.317073,-0.048780,0.585366,-0.146341,0.829268,-0.219512,1.000000,0.195122,0.341463,0.170732,0.609756,0.048780,0.829268,-0.024390,1.000000,0.365854,0.365854,0.341463,0.634146,0.292683,0.804878,0.219512,0.926829
Y,Right,legacy_bisindo_Y_817,0.000000,0.000000,0.076923,0.153846,0.051282,0.410256,-0.102564,0.641026,-0.205128,0.794872,-0.153846,0.743590,-0.230769,1.000000,-0.205128,0.897436,-0.179487,0.794872,-0.282051,0.794872,-0.333333,0.948718,-0.256410,0.641026,-0.179487,0.410256,-0.384615,0.769231,-0.435897,0.923077,-0.333333,0.615385,-0.256410,0.410256,-0.461538,0.717949,-0.589744,0.897436,-0.564103,0.769231,-0.512821,0.641026
Y,Right,legacy_bisindo_Y_818,0.000000,0.000000,0.000000,-0.034483,-0.172414,0.103448,-0.379310,0.275862,-0.448276,0.448276,-0.551724,0.758621,-0.758621,0.965517,-0.793103,0.896552,-0.827586,0.827586,-0.517241,0.896552,-0.517241,0.965517,-0.413793,0.586207,-0.344828,0.310345,-0.448276,0.965517,-0.448276,1.000000,-0.344828,0.620690,-0.241379,0.344828,-0.379310,0.965517,-0.379310,0.965517,-0.310345,0.724138,-0.206897,0.482759
Y,Right,legacy_bisindo_Y_819,0.000000,0.000000,-0.181818,-0.022727,-0.363636,-0.136364,-0.477273,-0.295455,-0.522727,-0.454545,-0.590909,-0.454545,-0.795455,-0.681818,-0.909091,-0.863636,-1.000000,-1.000000,-0.454545,-0.590909,-0.500000,-0.750000,-0.363636,-0.522727,-0.272727,-0.295455,-0.295455,-0.659091,-0.295455,-0.818182,-0.204545,-0.568182,-0.159091,-0.363636,-0.113636,-0.727273,-0.136364,-0.818182,-0.090909,-0.636364,-0.045455,-0.500000
Y,Right,legacy_bisindo_Y_820,0.000000,0.000000,-0.222222,-0.044444,-0.466667,0.044444,-0.577778,0.177778,-0.600000,0.288889,-0.600000,0.377778,-0.800000,0.533333,-0.911111,0.688889,-1.000000,0.822222,-0.466667,0.533333,-0.488889,0.622222,-0.400000,0.377778,-0.333333,0.200000,-0.288889,0.644444,-0.311111,0.688889,-0.222222,0.466667,-0.155556,0.288889,-0.088889,0.711111,-0.111111,0.733333,-0.066667,0.555556,-0.022222,0.400000
Y,Right,legacy_bisindo_Y_821,0.000000,0.000000,-0.076923,-0.102564,-0.179487,-0.333333,-0.282051,-0.538462,-0.384615,-0.692308,-0.307692,-0.743590,-0.307692,-0.923077,-0.230769,-0.692308,-0.179487,-0.487179,-0.333333,-0.769231,-0.358974,-1.000000,-0.256410,-0.692308,-0.179487,-0.435897,-0.358974,-0.794872,-0.384615,-1.000000,-0.282051,-0.692308,-0.205128,-0.461538,-0.358974,-0.743590,-0.435897,-0.948718,-0.410256,-0.871795,-0.384615,-0.769231
Y,Right,legacy_bisindo_Y_822,0.000000,0.000000,-0.200000,-0.022222,-0.422222,0.111111,-0.555556,0.288889,-0.644444,0.422222,-0.533333,0.466667,-0.777778,0.688889,-0.911111,0.822222,-1.000000,0.955556,-0.400000,0.577778,-0.466667,0.777778,-0.377778,0.533333,-0.288889,0.355556,-0.222222,0.666667,-0.311111,0.844444,-0.244444,0.600000,-0.155556,0.377778,-0.022222,0.711111,-0.133333,0.866667,-0.111111,0.688889,-0.044444,0.511111
Y,Right,legacy_bisindo_Y_823,0.000000,0.000000,-0.225000,0.075000,-0.450000,-0.050000,-0.575000,-0.250000,-0.600000,-0.425000,-0.650000,-0.475000,-0.825000,-0.700000,-0.925000,-0.800000,-1.000000,-0.900000,-0.500000,-0.650000,-0.525000,-0.750000,-0.400000,-0.500000,-0.300000,-0.300000,-0.325000,-0.775000,-0.325000,-0.825000,-0.225000,-0.550000,-0.150000,-0.375000,-0.125000,-0.825000,-0.125000,-0.825000,-0.075000,-0.625000,-0.025000,-0.475000
Y,Right,legacy_bisindo_Y_824,0.000000,0.000000,-0.187500,-0.083333,-0.395833,-0.041667,-0.500000,0.083333,-0.541667,0.166667,-0.604167,0.354167,-0.812500,0.479167,-0.916667,0.604167,-1.000000,0.708333,-0.437500,0.500000,-0.437500,0.520833,-0.333333,0.291667,-0.270833,0.145833,-0.250000,0.604167,-0.229167,0.562500,-0.145833,0.354167,-0.104167,0.208333,-0.062500,0.625000,-0.041667,0.604167,0.000000,0.416667,0.041667,0.312500
Y,Right,legacy_bisindo_Y_825,0.000000,0.000000,-0.315789,0.000000,-0.578947,-0.157895,-0.710526,-0.368421,-0.736842,-0.552632,-0.552632,-0.657895,-0.605263,-0.842105,-0.526316,-0.578947,-0.447368,-0.368421,-0.394737,-0.789474,-0.421053,-0.947368,-0.342105,-0.657895,-0.263158,-0.421053,-0.210526,-0.842105,-0.236842,-1.000000,-0.184211,-0.710526,-0.105263,-0.500000,-0.026316,-0.868421,-0.052632,-0.973684,-0.052632,-0.763158,0.000000,-0.605263
Y,Right,legacy_bisindo_Y_826,0.000000,0.000000,0.226415,-0.283019,0.433962,-0.547170,0.509434,-0.811321,0.528302,-1.000000,0.037736,-0.754717,-0.075472,-0.905660,-0.018868,-0.716981,0.056604,-0.566038,-0.169811,-0.679245,-0.245283,-0.849057,-0.132075,-0.603774,-0.075472,-0.490566,-0.320755,-0.584906,-0.396226,-0.716981,-0.283019,-0.528302,-0.207547,-0.396226,-0.452830,-0.433962,-0.622642,-0.641509,-0.754717,-0.735849,-0.867925,-0.867925
Y,Right,legacy_bisindo_Y_827,0.000000,0.000000,0.232143,0.232143,0.410714,0.535714,0.464286,0.803571,0.482143,1.000000,0.035714,0.750000,-0.071429,0.875000,-0.017857,0.660714,0.053571,0.517857,-0.160714,0.660714,-0.250000,0.803571,-0.160714,0.571429,-0.071429,0.446429,-0.303571,0.553571,-0.392857,0.678571,-0.285714,0.500000,-0.178571,0.375000,-0.428571,0.428571,-0.589286,0.607143,-0.696429,0.696429,-0.803571,0.803571
Y,Right,legacy_bisindo_Y_828,0.000000,0.000000,0.153846,-0.205128,0.230769,-0.512821,0.205128,-0.743590,0.128205,-0.897436,0.025641,-0.820513,0.025641,-1.000000,0.076923,-0.743590,0.102564,-0.512821,-0.179487,-0.769231,-0.205128,-1.000000,-0.128205,-0.666667,-0.076923,-0.435897,-0.410256,-0.717949,-0.435897,-0.897436,-0.333333,-0.641026,-0.230769,-0.410256,-0.589744,-0.615385,-0.717949,-0.820513,-0.743590,-0.794872,-0.743590,-0.769231
Y,Right,legacy_bisindo_Y_829,0.000000,0.000000,0.244444,0.200000,0.355556,0.511111,0.377778,0.711111,0.355556,0.866667,0.044444,0.777778,0.022222,0.933333,0.044444,0.688889,0.088889,0.488889,-0.177778,0.755556,-0.177778,0.888889,-0.111111,0.600000,-0.044444,0.400000,-0.355556,0.666667,-0.377778,0.800000,-0.266667,0.555556,-0.200000,0.355556,-0.533333,0.555556,-0.711111,0.777778,-0.800000,0.888889,-0.888889,1.000000
Y,Right,legacy_bisindo_Y_830,0.000000,0.000000,0.196429,-0.303571,0.375000,-0.553571,0.446429,-0.821429,0.464286,-1.000000,0.017857,-0.732143,-0.107143,-0.892857,-0.035714,-0.714286,0.035714,-0.571429,-0.178571,-0.660714,-0.267857,-0.821429,-0.142857,-0.571429,-0.071429,-0.500000,-0.339286,-0.553571,-0.410714,-0.714286,-0.303571,-0.517857,-0.214286,-0.410714,-0.446429,-0.410714,-0.625000,-0.607143,-0.732143,-0.696429,-0.857143,-0.821429
Y,Right,legacy_bisindo_Y_831,0.000000,0.000000,0.250000,0.250000,0.410714,0.535714,0.464286,0.803571,0.482143,1.000000,0.053571,0.732143,-0.053571,0.892857,-0.017857,0.678571,0.053571,0.517857,-0.142857,0.660714,-0.232143,0.803571,-0.142857,0.571429,-0.071429,0.446429,-0.285714,0.553571,-0.392857,0.696429,-0.267857,0.500000,-0.160714,0.375000,-0.410714,0.410714,-0.589286,0.607143,-0.714286,0.696429,-0.803571,0.821429
Y,Right,legacy_bisindo_Y_832,0.000000,0.000000,0.196429,-0.303571,0.375000,-0.553571,0.446429,-0.821429,0.446429,-1.000000,0.017857,-0.750000,-0.107143,-0.892857,-0.053571,-0.714286,0.017857,-0.571429,-0.178571,-0.678571,-0.267857,-0.839286,-0.160714,-0.589286,-0.089286,-0.482143,-0.339286,-0.571429,-0.428571,-0.714286,-0.303571,-0.517857,-0.214286,-0.392857,-0.446429,-0.410714,-0.625000,-0.607143,-0.750000,-0.696429,-0.875000,-0.821429
Y,Right,legacy_bisindo_Y_833,0.000000,0.000000,0.228070,0.263158,0.403509,0.543860,0.456140,0.807018,0.473684,1.000000,0.052632,0.754386,-0.070175,0.894737,-0.017544,0.684211,0.070175,0.526316,-0.140351,0.666667,-0.245614,0.824561,-0.140351,0.578947,-0.052632,0.473684,-0.280702,0.561404,-0.385965,0.701754,-0.263158,0.508772,-0.157895,0.385965,-0.403509,0.421053,-0.578947,0.596491,-0.684211,0.684211,-0.789474,0.789474
Y,Right,legacy_bisindo_Y_834,0.000000,0.000000,0.196429,-0.285714,0.375000,-0.553571,0.428571,-0.821429,0.446429,-1.000000,0.000000,-0.732143,-0.107143,-0.875000,-0.035714,-0.696429,0.035714,-0.553571,-0.178571,-0.660714,-0.285714,-0.839286,-0.160714,-0.589286,-0.089286,-0.500000,-0.339286,-0.553571,-0.428571,-0.714286,-0.303571,-0.517857,-0.214286,-0.392857,-0.446429,-0.428571,-0.642857,-0.607143,-0.750000,-0.714286,-0.857143,-0.839286
Y,Right,legacy_bisindo_Y_835,0.000000,0.000000,0.245614,0.280702,0.403509,0.543860,0.438596,0.807018,0.456140,1.000000,0.052632,0.736842,-0.052632,0.894737,-0.035088,0.684211,0.035088,0.526316,-0.157895,0.666667,-0.245614,0.824561,-0.157895,0.596491,-0.070175,0.456140,-0.298246,0.561404,-0.403509,0.701754,-0.298246,0.526316,-0.192982,0.385965,-0.421053,0.438596,-0.596491,0.614035,-0.719298,0.701754,-0.824561,0.824561
Y,Right,legacy_bisindo_Y_836,0.000000,0.000000,0.200000,-0.290909,0.400000,-0.563636,0.454545,-0.818182,0.472727,-1.000000,0.018182,-0.727273,-0.090909,-0.890909,-0.036364,-0.709091,0.036364,-0.563636,-0.181818,-0.654545,-0.254545,-0.836364,-0.145455,-0.581818,-0.072727,-0.472727,-0.327273,-0.545455,-0.400000,-0.690909,-0.290909,-0.509091,-0.200000,-0.381818,-0.436364,-0.400000,-0.618182,-0.600000,-0.727273,-0.690909,-0.836364,-0.800000
Y,Right,legacy_bisindo_Y_837,0.000000,0.000000,0.245614,0.228070,0.421053,0.526316,0.473684,0.789474,0.491228,1.000000,0.070175,0.719298,-0.052632,0.877193,-0.017544,0.666667,0.052632,0.508772,-0.122807,0.649123,-0.228070,0.807018,-0.140351,0.561404,-0.052632,0.438596,-0.263158,0.543860,-0.368421,0.666667,-0.263158,0.473684,-0.157895,0.368421,-0.385965,0.403509,-0.543860,0.578947,-0.666667,0.666667,-0.771930,0.771930
Y,Right,legacy_bisindo_Y_838,0.000000,0.000000,0.222222,-0.314815,0.425926,-0.555556,0.500000,-0.814815,0.500000,-1.000000,0.037037,-0.703704,-0.092593,-0.888889,-0.018519,-0.703704,0.074074,-0.555556,-0.148148,-0.629630,-0.259259,-0.814815,-0.148148,-0.574074,-0.055556,-0.462963,-0.314815,-0.518519,-0.407407,-0.685185,-0.296296,-0.500000,-0.203704,-0.388889,-0.425926,-0.370370,-0.574074,-0.574074,-0.685185,-0.648148,-0.777778,-0.759259
Y,Right,legacy_bisindo_Y_839,0.000000,0.000000,0.250000,0.267857,0.428571,0.553571,0.482143,0.803571,0.500000,1.000000,0.071429,0.750000,-0.053571,0.875000,-0.017857,0.660714,0.053571,0.517857,-0.142857,0.660714,-0.232143,0.821429,-0.142857,0.571429,-0.053571,0.464286,-0.285714,0.553571,-0.375000,0.660714,-0.267857,0.464286,-0.160714,0.357143,-0.392857,0.410714,-0.535714,0.571429,-0.642857,0.642857,-0.714286,0.750000
Y,Right,legacy_bisindo_Y_840,0.000000,0.000000,0.192982,-0.298246,0.385965,-0.543860,0.438596,-0.807018,0.456140,-1.000000,0.017544,-0.719298,-0.087719,-0.859649,-0.035088,-0.684211,0.035088,-0.543860,-0.175439,-0.666667,-0.263158,-0.824561,-0.140351,-0.578947,-0.070175,-0.491228,-0.315789,-0.561404,-0.403509,-0.701754,-0.298246,-0.508772,-0.210526,-0.385965,-0.438596,-0.421053,-0.614035,-0.614035,-0.719298,-0.701754,-0.824561,-0.842105
Y,Right,legacy_bisindo_Y_841,0.000000,0.000000,0.245614,0.263158,0.403509,0.543860,0.456140,0.807018,0.473684,1.000000,0.070175,0.754386,-0.052632,0.877193,-0.017544,0.666667,0.052632,0.508772,-0.140351,0.684211,-0.228070,0.824561,-0.140351,0.578947,-0.052632,0.456140,-0.298246,0.578947,-0.385965,0.701754,-0.280702,0.508772,-0.175439,0.385965,-0.421053,0.438596,-0.578947,0.614035,-0.701754,0.701754,-0.807018,0.824561
Y,Right,legacy_bisindo_Y_842,0.000000,0.000000,0.196429,-0.303571,0.392857,-0.535714,0.482143,-0.803571,0.482143,-1.000000,0.035714,-0.732143,-0.089286,-0.892857,-0.035714,-0.696429,0.035714,-0.553571,-0.160714,-0.678571,-0.250000,-0.839286,-0.142857,-0.589286,-0.071429,-0.500000,-0.321429,-0.571429,-0.392857,-0.732143,-0.303571,-0.517857,-0.196429,-0.410714,-0.428571,-0.428571,-0.607143,-0.642857,-0.714286,-0.732143,-0.821429,-0.857143
Y,Right,legacy_bisindo_Y_843,0.000000,0.000000,0.245614,0.263158,0.403509,0.543860,0.456140,0.807018,0.473684,1.000000,0.070175,0.754386,-0.035088,0.877193,-0.017544,0.684211,0.035088,0.526316,-0.140351,0.666667,-0.228070,0.824561,-0.140351,0.596491,-0.070175,0.456140,-0.298246,0.578947,-0.385965,0.719298,-0.280702,0.526316,-0.192982,0.385965,-0.421053,0.438596,-0.578947,0.614035,-0.701754,0.719298,-0.807018,0.842105
Y,Right,legacy_bisindo_Y_844,0.000000,0.000000,0.222222,-0.296296,0.425926,-0.555556,0.500000,-0.814815,0.500000,-1.000000,0.055556,-0.722222,-0.074074,-0.907407,-0.018519,-0.722222,0.074074,-0.574074,-0.148148,-0.648148,-0.240741,-0.833333,-0.129630,-0.611111,-0.055556,-0.500000,-0.314815,-0.537037,-0.388889,-0.703704,-0.296296,-0.518519,-0.203704,-0.407407,-0.407407,-0.407407,-0.574074,-0.592593,-0.685185,-0.685185,-0.777778,-0.796296
Y,Right,legacy_bisindo_Y_845,0.000000,0.000000,0.254545,0.254545,0.418182,0.527273,0.490909,0.800000,0.527273,1.000000,0.072727,0.745455,-0.054545,0.890909,-0.018182,0.672727,0.054545,0.527273,-0.127273,0.654545,-0.236364,0.836364,-0.145455,0.581818,-0.054545,0.472727,-0.272727,0.545455,-0.400000,0.672727,-0.272727,0.490909,-0.163636,0.381818,-0.400000,0.418182,-0.563636,0.600000,-0.672727,0.672727,-0.763636,0.781818
Y,Right,legacy_bisindo_Y_846,0.000000,0.000000,0.203704,-0.296296,0.407407,-0.537037,0.481481,-0.814815,0.500000,-1.000000,0.037037,-0.722222,-0.092593,-0.888889,-0.018519,-0.703704,0.055556,-0.555556,-0.166667,-0.648148,-0.259259,-0.833333,-0.148148,-0.592593,-0.074074,-0.500000,-0.314815,-0.555556,-0.407407,-0.722222,-0.314815,-0.518519,-0.203704,-0.407407,-0.425926,-0.407407,-0.592593,-0.611111,-0.703704,-0.703704,-0.814815,-0.814815
Y,Right,legacy_bisindo_Y_847,0.000000,0.000000,0.250000,0.250000,0.428571,0.535714,0.500000,0.803571,0.535714,1.000000,0.071429,0.750000,-0.053571,0.875000,0.000000,0.660714,0.071429,0.517857,-0.125000,0.678571,-0.214286,0.821429,-0.125000,0.571429,-0.053571,0.464286,-0.267857,0.571429,-0.375000,0.678571,-0.267857,0.482143,-0.142857,0.375000,-0.392857,0.428571,-0.535714,0.589286,-0.642857,0.678571,-0.732143,0.785714
Y,Right,legacy_bisindo_Y_848,0.000000,0.000000,0.214286,-0.321429,0.410714,-0.553571,0.482143,-0.803571,0.500000,-1.000000,0.035714,-0.750000,-0.071429,-0.892857,0.000000,-0.696429,0.053571,-0.571429,-0.160714,-0.678571,-0.232143,-0.839286,-0.125000,-0.589286,-0.053571,-0.517857,-0.303571,-0.589286,-0.375000,-0.732143,-0.285714,-0.517857,-0.196429,-0.410714,-0.428571,-0.446429,-0.607143,-0.660714,-0.696429,-0.750000,-0.803571,-0.875000
Y,Right,legacy_bisindo_Y_849,0.000000,0.000000,0.263158,0.298246,0.421053,0.543860,0.473684,0.824561,0.491228,1.000000,0.070175,0.754386,-0.017544,0.912281,0.000000,0.701754,0.052632,0.543860,-0.140351,0.684211,-0.210526,0.859649,-0.122807,0.596491,-0.052632,0.473684,-0.280702,0.578947,-0.368421,0.736842,-0.263158,0.543860,-0.175439,0.421053,-0.403509,0.456140,-0.578947,0.631579,-0.684211,0.719298,-0.789474,0.842105
Y,Right,legacy_bisindo_Y_850,0.000000,0.000000,0.218182,-0.309091,0.418182,-0.545455,0.490909,-0.818182,0.509091,-1.000000,0.036364,-0.727273,-0.090909,-0.890909,-0.018182,-0.709091,0.054545,-0.563636,-0.163636,-0.654545,-0.254545,-0.836364,-0.145455,-0.600000,-0.072727,-0.490909,-0.309091,-0.545455,-0.400000,-0.709091,-0.290909,-0.527273,-0.200000,-0.418182,-0.436364,-0.418182,-0.581818,-0.618182,-0.690909,-0.709091,-0.781818,-0.836364
Y,Right,legacy_bisindo_Y_851,0.000000,0.000000,0.254545,0.272727,0.436364,0.527273,0.490909,0.800000,0.509091,1.000000,0.054545,0.745455,-0.036364,0.909091,0.000000,0.690909,0.036364,0.527273,-0.145455,0.672727,-0.236364,0.854545,-0.145455,0.618182,-0.072727,0.472727,-0.309091,0.563636,-0.400000,0.727273,-0.290909,0.545455,-0.181818,0.400000,-0.418182,0.436364,-0.600000,0.636364,-0.709091,0.745455,-0.800000,0.872727
Y,Right,legacy_bisindo_Y_852,0.000000,0.000000,0.196429,-0.321429,0.392857,-0.553571,0.464286,-0.803571,0.500000,-1.000000,0.035714,-0.750000,-0.071429,-0.892857,-0.017857,-0.714286,0.053571,-0.571429,-0.160714,-0.678571,-0.250000,-0.857143,-0.142857,-0.625000,-0.071429,-0.517857,-0.321429,-0.571429,-0.392857,-0.750000,-0.285714,-0.553571,-0.196429,-0.410714,-0.428571,-0.446429,-0.607143,-0.660714,-0.714286,-0.750000,-0.803571,-0.892857
Y,Right,legacy_bisindo_Y_853,0.000000,0.000000,0.245614,0.280702,0.421053,0.543860,0.473684,0.807018,0.508772,1.000000,0.070175,0.754386,-0.017544,0.912281,0.017544,0.701754,0.052632,0.561404,-0.122807,0.684211,-0.210526,0.842105,-0.122807,0.614035,-0.052632,0.491228,-0.280702,0.578947,-0.368421,0.736842,-0.263158,0.543860,-0.175439,0.421053,-0.403509,0.456140,-0.561404,0.631579,-0.666667,0.736842,-0.771930,0.859649
Y,Right,legacy_bisindo_Y_854,0.000000,0.000000,0.218182,-0.290909,0.418182,-0.545455,0.490909,-0.800000,0.527273,-1.000000,0.054545,-0.745455,-0.072727,-0.909091,0.000000,-0.709091,0.054545,-0.581818,-0.145455,-0.690909,-0.236364,-0.854545,-0.127273,-0.618182,-0.054545,-0.509091,-0.290909,-0.581818,-0.381818,-0.763636,-0.272727,-0.545455,-0.181818,-0.418182,-0.418182,-0.472727,-0.600000,-0.654545,-0.709091,-0.763636,-0.800000,-0.890909
Y,Right,legacy_bisindo_Y_855,0.000000,0.000000,0.272727,0.272727,0.436364,0.527273,0.490909,0.800000,0.527273,1.000000,0.090909,0.745455,-0.018182,0.909091,0.000000,0.709091,0.036364,0.545455,-0.127273,0.690909,-0.218182,0.854545,-0.127273,0.600000,-0.054545,0.472727,-0.290909,0.581818,-0.381818,0.745455,-0.272727,0.545455,-0.181818,0.400000,-0.418182,0.454545,-0.600000,0.636364,-0.709091,0.745455,-0.800000,0.872727
Y,Right,legacy_bisindo_Y_856,0.000000,0.000000,-0.218750,-0.218750,-0.375000,-0.500000,-0.468750,-0.750000,-0.531250,-1.000000,-0.187500,-0.296875,-0.140625,-0.468750,-0.109375,-0.562500,-0.109375,-0.656250,0.031250,-0.218750,0.093750,-0.421875,0.109375,-0.500000,0.109375,-0.546875,0.203125,-0.187500,0.265625,-0.375000,0.265625,-0.484375,0.234375,-0.562500,0.343750,-0.156250,0.421875,-0.328125,0.421875,-0.437500,0.406250,-0.500000
Y,Right,legacy_bisindo_Y_857,0.000000,0.000000,0.214286,-0.285714,0.428571,-0.535714,0.482143,-0.803571,0.500000,-1.000000,0.071429,-0.732143,-0.053571,-0.910714,0.000000,-0.714286,0.071429,-0.589286,-0.125000,-0.678571,-0.232143,-0.857143,-0.125000,-0.625000,-0.071429,-0.535714,-0.285714,-0.571429,-0.375000,-0.750000,-0.285714,-0.553571,-0.196429,-0.446429,-0.410714,-0.464286,-0.571429,-0.660714,-0.696429,-0.785714,-0.785714,-0.910714
Y,Right,legacy_bisindo_Y_858,0.000000,0.000000,0.245614,0.263158,0.421053,0.526316,0.491228,0.789474,0.508772,1.000000,0.070175,0.736842,-0.035088,0.912281,-0.017544,0.701754,0.035088,0.543860,-0.122807,0.666667,-0.210526,0.842105,-0.140351,0.614035,-0.070175,0.508772,-0.280702,0.578947,-0.368421,0.736842,-0.263158,0.543860,-0.175439,0.421053,-0.403509,0.456140,-0.578947,0.649123,-0.684211,0.754386,-0.771930,0.877193
Y,Right,legacy_bisindo_Y_859,0.000000,0.000000,0.218182,-0.290909,0.418182,-0.545455,0.490909,-0.818182,0.509091,-1.000000,0.054545,-0.745455,-0.054545,-0.909091,0.000000,-0.727273,0.072727,-0.581818,-0.127273,-0.690909,-0.236364,-0.890909,-0.127273,-0.618182,-0.072727,-0.545455,-0.290909,-0.600000,-0.381818,-0.781818,-0.290909,-0.563636,-0.200000,-0.436364,-0.418182,-0.472727,-0.600000,-0.672727,-0.709091,-0.800000,-0.800000,-0.927273
Y,Right,legacy_bisindo_Y_860,0.000000,0.000000,0.272727,0.272727,0.454545,0.527273,0.527273,0.800000,0.545455,1.000000,0.090909,0.745455,0.000000,0.909091,0.018182,0.690909,0.054545,0.545455,-0.109091,0.690909,-0.200000,0.872727,-0.127273,0.618182,-0.054545,0.490909,-0.272727,0.600000,-0.363636,0.745455,-0.254545,0.563636,-0.163636,0.418182,-0.418182,0.472727,-0.581818,0.654545,-0.672727,0.763636,-0.763636,0.909091
Y,Right,legacy_bisindo_Y_861,0.000000,0.000000,0.222222,-0.296296,0.444444,-0.537037,0.518519,-0.814815,0.555556,-1.000000,0.074074,-0.759259,-0.037037,-0.925926,0.018519,-0.722222,0.074074,-0.592593,-0.129630,-0.703704,-0.222222,-0.888889,-0.111111,-0.611111,-0.055556,-0.537037,-0.277778,-0.592593,-0.370370,-0.777778,-0.277778,-0.574074,-0.203704,-0.444444,-0.407407,-0.481481,-0.592593,-0.685185,-0.703704,-0.796296,-0.796296,-0.925926
Y,Right,legacy_bisindo_Y_862,0.000000,0.000000,0.290909,0.272727,0.472727,0.527273,0.545455,0.800000,0.563636,1.000000,0.109091,0.745455,0.018182,0.890909,0.054545,0.672727,0.090909,0.527273,-0.109091,0.690909,-0.181818,0.854545,-0.090909,0.600000,-0.018182,0.472727,-0.254545,0.581818,-0.345455,0.727273,-0.236364,0.527273,-0.145455,0.400000,-0.400000,0.454545,-0.563636,0.636364,-0.672727,0.745455,-0.763636,0.890909
Y,Right,legacy_bisindo_Y_863,0.000000,0.000000,-0.244898,-0.020408,-0.551020,-0.244898,-0.816327,-0.530612,-1.000000,-0.755102,-0.367347,-0.510204,-0.346939,-0.367347,-0.306122,-0.040816,-0.265306,0.163265,-0.102041,-0.612245,-0.081633,-0.387755,-0.081633,0.000000,-0.081633,0.244898,0.142857,-0.591837,0.163265,-0.346939,0.183673,0.000000,0.163265,0.183673,0.367347,-0.510204,0.408163,-0.265306,0.408163,0.000000,0.346939,0.122449
Y,Right,legacy_bisindo_Y_864,0.000000,0.000000,0.222222,-0.296296,0.444444,-0.537037,0.518519,-0.814815,0.537037,-1.000000,0.055556,-0.759259,-0.018519,-0.925926,0.000000,-0.722222,0.055556,-0.592593,-0.129630,-0.703704,-0.222222,-0.888889,-0.129630,-0.629630,-0.055556,-0.518519,-0.296296,-0.611111,-0.388889,-0.796296,-0.296296,-0.574074,-0.203704,-0.444444,-0.425926,-0.500000,-0.592593,-0.703704,-0.703704,-0.796296,-0.796296,-0.944444
Y,Right,legacy_bisindo_Y_865,0.000000,0.000000,0.250000,0.267857,0.446429,0.517857,0.500000,0.803571,0.535714,1.000000,0.089286,0.750000,-0.017857,0.892857,0.017857,0.696429,0.071429,0.535714,-0.125000,0.678571,-0.196429,0.839286,-0.125000,0.607143,-0.053571,0.482143,-0.285714,0.589286,-0.357143,0.732143,-0.250000,0.535714,-0.178571,0.410714,-0.410714,0.464286,-0.589286,0.660714,-0.678571,0.750000,-0.767857,0.892857
Y,Right,legacy_bisindo_Y_866,0.000000,0.000000,0.357143,0.071429,0.714286,-0.047619,0.928571,-0.023810,1.000000,0.119048,0.571429,-0.666667,0.619048,-0.452381,0.523810,-0.071429,0.428571,0.214286,0.214286,-0.785714,0.214286,-0.571429,0.142857,-0.071429,0.119048,0.261905,-0.095238,-0.738095,-0.119048,-0.523810,-0.119048,-0.047619,-0.095238,0.261905,-0.404762,-0.571429,-0.404762,-0.404762,-0.357143,-0.071429,-0.285714,0.166667
Y,Right,legacy_bisindo_Y_867,0.000000,0.000000,0.240741,-0.296296,0.462963,-0.537037,0.537037,-0.814815,0.574074,-1.000000,0.092593,-0.759259,-0.018519,-0.925926,0.037037,-0.722222,0.111111,-0.574074,-0.092593,-0.703704,-0.203704,-0.888889,-0.092593,-0.629630,-0.037037,-0.537037,-0.259259,-0.611111,-0.351852,-0.796296,-0.259259,-0.574074,-0.166667,-0.444444,-0.388889,-0.481481,-0.574074,-0.685185,-0.685185,-0.814815,-0.777778,-0.962963
Y,Right,legacy_bisindo_Y_868,0.000000,0.000000,0.272727,0.272727,0.454545,0.527273,0.527273,0.800000,0.545455,1.000000,0.090909,0.745455,-0.018182,0.909091,0.018182,0.709091,0.072727,0.545455,-0.109091,0.690909,-0.200000,0.854545,-0.127273,0.618182,-0.054545,0.490909,-0.272727,0.600000,-0.381818,0.745455,-0.272727,0.563636,-0.163636,0.418182,-0.418182,0.472727,-0.581818,0.654545,-0.690909,0.763636,-0.781818,0.890909
Y,Right,legacy_bisindo_Y_869,0.000000,0.000000,0.283333,-0.033333,0.566667,-0.250000,0.800000,-0.500000,1.000000,-0.650000,0.350000,-0.416667,0.316667,-0.666667,0.266667,-0.850000,0.200000,-0.950000,0.083333,-0.450000,0.050000,-0.716667,-0.016667,-0.883333,-0.083333,-1.000000,-0.133333,-0.400000,-0.166667,-0.666667,-0.233333,-0.833333,-0.266667,-0.950000,-0.316667,-0.333333,-0.366667,-0.583333,-0.400000,-0.750000,-0.416667,-0.866667
Y,Right,legacy_bisindo_Y_870,0.000000,0.000000,0.232143,-0.321429,0.446429,-0.535714,0.517857,-0.821429,0.517857,-1.000000,0.071429,-0.750000,-0.017857,-0.928571,0.017857,-0.732143,0.071429,-0.589286,-0.125000,-0.696429,-0.196429,-0.892857,-0.107143,-0.642857,-0.035714,-0.535714,-0.285714,-0.607143,-0.357143,-0.803571,-0.267857,-0.589286,-0.178571,-0.464286,-0.392857,-0.500000,-0.571429,-0.714286,-0.678571,-0.821429,-0.767857,-0.946429
Y,Right,legacy_bisindo_Y_871,0.000000,0.000000,0.250000,0.285714,0.428571,0.535714,0.500000,0.821429,0.535714,1.000000,0.071429,0.750000,-0.017857,0.910714,0.017857,0.696429,0.053571,0.553571,-0.125000,0.696429,-0.214286,0.857143,-0.125000,0.625000,-0.053571,0.500000,-0.285714,0.607143,-0.375000,0.750000,-0.267857,0.553571,-0.178571,0.428571,-0.428571,0.482143,-0.589286,0.678571,-0.696429,0.785714,-0.785714,0.910714
Y,Right,legacy_bisindo_Y_872,0.000000,0.000000,0.214286,-0.321429,0.428571,-0.535714,0.500000,-0.803571,0.517857,-1.000000,0.053571,-0.750000,-0.035714,-0.910714,0.017857,-0.732143,0.071429,-0.589286,-0.125000,-0.696429,-0.214286,-0.875000,-0.125000,-0.625000,-0.071429,-0.535714,-0.285714,-0.607143,-0.375000,-0.785714,-0.285714,-0.571429,-0.196429,-0.446429,-0.410714,-0.482143,-0.589286,-0.678571,-0.678571,-0.785714,-0.767857,-0.928571
Y,Right,legacy_bisindo_Y_873,0.000000,0.000000,0.272727,0.309091,0.472727,0.545455,0.545455,0.818182,0.563636,1.000000,0.090909,0.763636,0.000000,0.927273,0.036364,0.727273,0.090909,0.563636,-0.109091,0.709091,-0.181818,0.872727,-0.109091,0.618182,-0.036364,0.490909,-0.272727,0.618182,-0.345455,0.781818,-0.254545,0.563636,-0.163636,0.436364,-0.418182,0.490909,-0.581818,0.690909,-0.672727,0.781818,-0.763636,0.927273
Y,Right,legacy_bisindo_Y_874,0.000000,0.000000,0.218182,-0.309091,0.436364,-0.545455,0.509091,-0.818182,0.545455,-1.000000,0.072727,-0.763636,-0.036364,-0.927273,0.018182,-0.727273,0.072727,-0.600000,-0.127273,-0.690909,-0.218182,-0.890909,-0.109091,-0.618182,-0.054545,-0.563636,-0.272727,-0.600000,-0.363636,-0.781818,-0.272727,-0.581818,-0.200000,-0.454545,-0.400000,-0.490909,-0.581818,-0.690909,-0.672727,-0.800000,-0.781818,-0.945455
Y,Right,legacy_bisindo_Y_875,0.000000,0.000000,0.272727,0.272727,0.472727,0.527273,0.545455,0.800000,0.581818,1.000000,0.127273,0.763636,0.000000,0.927273,0.018182,0.709091,0.072727,0.563636,-0.090909,0.690909,-0.181818,0.872727,-0.109091,0.636364,-0.036364,0.509091,-0.254545,0.600000,-0.345455,0.763636,-0.254545,0.563636,-0.163636,0.436364,-0.400000,0.472727,-0.563636,0.672727,-0.672727,0.781818,-0.763636,0.927273
Y,Right,legacy_bisindo_Y_876,0.000000,0.000000,0.236364,-0.290909,0.436364,-0.527273,0.509091,-0.818182,0.545455,-1.000000,0.054545,-0.763636,-0.036364,-0.909091,0.036364,-0.727273,0.090909,-0.600000,-0.127273,-0.690909,-0.218182,-0.872727,-0.109091,-0.636364,-0.054545,-0.527273,-0.290909,-0.600000,-0.381818,-0.781818,-0.272727,-0.581818,-0.181818,-0.436364,-0.418182,-0.490909,-0.600000,-0.690909,-0.690909,-0.800000,-0.800000,-0.945455
Y,Right,legacy_bisindo_Y_877,0.000000,0.000000,0.272727,0.290909,0.472727,0.527273,0.545455,0.800000,0.563636,1.000000,0.090909,0.745455,0.000000,0.909091,0.018182,0.709091,0.072727,0.545455,-0.109091,0.690909,-0.181818,0.872727,-0.109091,0.618182,-0.036364,0.490909,-0.272727,0.600000,-0.345455,0.763636,-0.254545,0.563636,-0.181818,0.418182,-0.418182,0.472727,-0.581818,0.690909,-0.672727,0.800000,-0.763636,0.927273
Y,Right,legacy_bisindo_Y_878,0.000000,0.000000,0.218182,-0.309091,0.418182,-0.545455,0.509091,-0.818182,0.545455,-1.000000,0.054545,-0.745455,-0.036364,-0.927273,0.018182,-0.727273,0.072727,-0.581818,-0.145455,-0.690909,-0.218182,-0.890909,-0.127273,-0.636364,-0.072727,-0.545455,-0.309091,-0.600000,-0.381818,-0.800000,-0.272727,-0.581818,-0.200000,-0.436364,-0.418182,-0.490909,-0.600000,-0.690909,-0.690909,-0.800000,-0.781818,-0.945455
Y,Right,legacy_bisindo_Y_879,0.000000,0.000000,0.272727,0.272727,0.454545,0.509091,0.527273,0.800000,0.563636,1.000000,0.090909,0.745455,0.000000,0.909091,0.018182,0.709091,0.054545,0.545455,-0.109091,0.672727,-0.200000,0.872727,-0.109091,0.618182,-0.036364,0.490909,-0.272727,0.581818,-0.345455,0.745455,-0.236364,0.545455,-0.163636,0.418182,-0.400000,0.472727,-0.581818,0.654545,-0.672727,0.763636,-0.763636,0.909091
Y,Right,legacy_bisindo_Y_880,0.000000,0.000000,0.240741,-0.296296,0.462963,-0.537037,0.537037,-0.814815,0.574074,-1.000000,0.092593,-0.759259,0.000000,-0.925926,0.037037,-0.740741,0.111111,-0.592593,-0.111111,-0.703704,-0.185185,-0.888889,-0.092593,-0.629630,-0.037037,-0.537037,-0.277778,-0.611111,-0.351852,-0.814815,-0.259259,-0.592593,-0.166667,-0.444444,-0.407407,-0.500000,-0.574074,-0.703704,-0.666667,-0.814815,-0.777778,-0.962963
Y,Right,legacy_bisindo_Y_881,0.000000,0.000000,0.272727,0.290909,0.454545,0.527273,0.527273,0.818182,0.563636,1.000000,0.090909,0.745455,0.000000,0.909091,0.018182,0.727273,0.072727,0.563636,-0.127273,0.690909,-0.200000,0.872727,-0.109091,0.618182,-0.036364,0.490909,-0.272727,0.600000,-0.363636,0.763636,-0.254545,0.563636,-0.163636,0.436364,-0.418182,0.472727,-0.581818,0.672727,-0.690909,0.781818,-0.781818,0.927273
Y,Right,legacy_bisindo_Y_882,0.000000,0.000000,0.245283,-0.301887,0.471698,-0.528302,0.547170,-0.811321,0.584906,-1.000000,0.094340,-0.754717,0.000000,-0.943396,0.056604,-0.735849,0.113208,-0.584906,-0.113208,-0.698113,-0.188679,-0.905660,-0.094340,-0.622642,-0.037736,-0.528302,-0.283019,-0.603774,-0.358491,-0.792453,-0.264151,-0.566038,-0.169811,-0.433962,-0.396226,-0.490566,-0.584906,-0.698113,-0.679245,-0.811321,-0.773585,-0.981132
Y,Right,legacy_bisindo_Y_883,0.000000,0.000000,0.272727,0.272727,0.472727,0.509091,0.545455,0.781818,0.581818,1.000000,0.109091,0.745455,0.018182,0.890909,0.036364,0.690909,0.090909,0.527273,-0.109091,0.690909,-0.181818,0.854545,-0.090909,0.618182,-0.036364,0.490909,-0.254545,0.600000,-0.345455,0.745455,-0.236364,0.545455,-0.145455,0.418182,-0.400000,0.472727,-0.563636,0.672727,-0.672727,0.781818,-0.763636,0.909091
Y,Right,legacy_bisindo_Y_884,0.000000,0.000000,0.218182,-0.309091,0.436364,-0.545455,0.509091,-0.818182,0.545455,-1.000000,0.072727,-0.745455,-0.018182,-0.927273,0.018182,-0.745455,0.072727,-0.581818,-0.127273,-0.690909,-0.200000,-0.890909,-0.109091,-0.636364,-0.054545,-0.545455,-0.290909,-0.600000,-0.363636,-0.800000,-0.272727,-0.581818,-0.181818,-0.454545,-0.418182,-0.490909,-0.581818,-0.690909,-0.672727,-0.800000,-0.763636,-0.963636
Y,Right,legacy_bisindo_Y_885,0.000000,0.000000,0.259259,0.277778,0.462963,0.518519,0.537037,0.796296,0.574074,1.000000,0.092593,0.759259,-0.018519,0.925926,0.000000,0.703704,0.055556,0.537037,-0.129630,0.685185,-0.203704,0.870370,-0.129630,0.611111,-0.055556,0.481481,-0.296296,0.611111,-0.388889,0.777778,-0.296296,0.574074,-0.203704,0.425926,-0.425926,0.481481,-0.592593,0.685185,-0.685185,0.796296,-0.777778,0.925926
Y,Right,legacy_bisindo_Y_886,0.000000,0.000000,0.240741,-0.296296,0.462963,-0.537037,0.555556,-0.814815,0.574074,-1.000000,0.092593,-0.759259,0.000000,-0.925926,0.037037,-0.740741,0.092593,-0.592593,-0.111111,-0.703704,-0.185185,-0.907407,-0.092593,-0.648148,-0.037037,-0.537037,-0.277778,-0.611111,-0.351852,-0.796296,-0.259259,-0.592593,-0.185185,-0.462963,-0.407407,-0.500000,-0.574074,-0.703704,-0.666667,-0.814815,-0.759259,-0.962963
Y,Right,legacy_bisindo_Y_887,0.000000,0.000000,0.259259,0.277778,0.462963,0.537037,0.537037,0.814815,0.574074,1.000000,0.111111,0.759259,0.018519,0.925926,0.037037,0.722222,0.074074,0.555556,-0.111111,0.703704,-0.166667,0.888889,-0.111111,0.629630,-0.037037,0.500000,-0.277778,0.611111,-0.351852,0.777778,-0.259259,0.574074,-0.166667,0.425926,-0.425926,0.481481,-0.574074,0.685185,-0.685185,0.796296,-0.759259,0.944444
Y,Right,legacy_bisindo_Y_888,0.000000,0.000000,0.250000,-0.288462,0.480769,-0.519231,0.576923,-0.807692,0.596154,-1.000000,0.096154,-0.769231,0.000000,-0.942308,0.057692,-0.750000,0.096154,-0.596154,-0.096154,-0.711538,-0.192308,-0.903846,-0.096154,-0.634615,-0.038462,-0.519231,-0.269231,-0.615385,-0.365385,-0.807692,-0.269231,-0.596154,-0.173077,-0.461538,-0.403846,-0.500000,-0.596154,-0.711538,-0.692308,-0.826923,-0.788462,-1.000000
Y,Right,legacy_bisindo_Y_889,0.000000,0.000000,0.254545,0.272727,0.454545,0.527273,0.527273,0.800000,0.563636,1.000000,0.090909,0.745455,0.000000,0.927273,0.018182,0.727273,0.054545,0.563636,-0.109091,0.690909,-0.181818,0.872727,-0.127273,0.636364,-0.054545,0.490909,-0.272727,0.600000,-0.345455,0.763636,-0.254545,0.563636,-0.163636,0.436364,-0.418182,0.472727,-0.581818,0.672727,-0.672727,0.800000,-0.763636,0.927273
Y,Right,legacy_bisindo_Y_890,0.000000,0.000000,0.250000,-0.288462,0.480769,-0.519231,0.576923,-0.788462,0.615385,-1.000000,0.115385,-0.750000,0.000000,-0.923077,0.038462,-0.730769,0.096154,-0.596154,-0.096154,-0.692308,-0.192308,-0.903846,-0.096154,-0.634615,-0.038462,-0.519231,-0.269231,-0.596154,-0.346154,-0.788462,-0.269231,-0.576923,-0.173077,-0.442308,-0.403846,-0.480769,-0.576923,-0.692308,-0.673077,-0.826923,-0.769231,-0.980769
Y,Right,legacy_bisindo_Y_891,0.000000,0.000000,0.283019,0.264151,0.471698,0.509434,0.547170,0.792453,0.603774,1.000000,0.094340,0.754717,0.000000,0.924528,0.018868,0.716981,0.056604,0.547170,-0.113208,0.679245,-0.188679,0.867925,-0.113208,0.641509,-0.056604,0.490566,-0.283019,0.603774,-0.358491,0.754717,-0.264151,0.566038,-0.169811,0.433962,-0.415094,0.471698,-0.584906,0.679245,-0.698113,0.792453,-0.792453,0.924528
Y,Right,legacy_bisindo_Y_892,0.000000,0.000000,0.250000,-0.307692,0.480769,-0.519231,0.576923,-0.788462,0.596154,-1.000000,0.096154,-0.750000,0.000000,-0.942308,0.057692,-0.730769,0.115385,-0.576923,-0.096154,-0.692308,-0.192308,-0.903846,-0.096154,-0.634615,-0.038462,-0.538462,-0.269231,-0.615385,-0.365385,-0.788462,-0.269231,-0.576923,-0.173077,-0.461538,-0.403846,-0.500000,-0.576923,-0.711538,-0.673077,-0.826923,-0.769231,-0.980769
Y,Right,legacy_bisindo_Y_893,0.000000,0.000000,0.301887,0.264151,0.490566,0.509434,0.566038,0.792453,0.622642,1.000000,0.132075,0.754717,0.037736,0.924528,0.056604,0.716981,0.094340,0.547170,-0.075472,0.698113,-0.169811,0.886792,-0.075472,0.641509,-0.018868,0.509434,-0.245283,0.603774,-0.339623,0.754717,-0.226415,0.566038,-0.150943,0.433962,-0.396226,0.490566,-0.566038,0.679245,-0.660377,0.792453,-0.735849,0.924528
Y,Right,legacy_bisindo_Y_894,0.000000,0.000000,0.245283,-0.283019,0.471698,-0.528302,0.566038,-0.792453,0.603774,-1.000000,0.113208,-0.754717,0.018868,-0.943396,0.037736,-0.735849,0.094340,-0.584906,-0.094340,-0.698113,-0.169811,-0.905660,-0.094340,-0.641509,-0.037736,-0.547170,-0.264151,-0.622642,-0.339623,-0.811321,-0.264151,-0.603774,-0.188679,-0.452830,-0.396226,-0.509434,-0.566038,-0.716981,-0.660377,-0.830189,-0.754717,-0.981132
Y,Right,legacy_bisindo_Y_895,0.000000,0.000000,0.294118,0.235294,0.509804,0.490196,0.588235,0.764706,0.627451,1.000000,0.117647,0.725490,0.019608,0.901961,0.019608,0.705882,0.058824,0.549020,-0.098039,0.666667,-0.176471,0.862745,-0.117647,0.627451,-0.039216,0.470588,-0.274510,0.588235,-0.372549,0.764706,-0.274510,0.568627,-0.176471,0.411765,-0.431373,0.470588,-0.588235,0.686275,-0.705882,0.803922,-0.803922,0.941176
Y,Right,legacy_bisindo_Y_896,0.000000,0.000000,0.245283,-0.283019,0.471698,-0.509434,0.566038,-0.792453,0.603774,-1.000000,0.094340,-0.754717,0.000000,-0.924528,0.037736,-0.735849,0.094340,-0.584906,-0.094340,-0.698113,-0.188679,-0.905660,-0.094340,-0.641509,-0.037736,-0.547170,-0.264151,-0.622642,-0.339623,-0.792453,-0.264151,-0.584906,-0.169811,-0.452830,-0.396226,-0.509434,-0.566038,-0.716981,-0.660377,-0.830189,-0.735849,-0.981132
Y,Right,legacy_bisindo_Y_897,0.000000,0.000000,0.269231,0.269231,0.480769,0.519231,0.576923,0.807692,0.615385,1.000000,0.115385,0.750000,0.019231,0.942308,0.038462,0.730769,0.076923,0.557692,-0.115385,0.692308,-0.192308,0.903846,-0.115385,0.653846,-0.038462,0.500000,-0.269231,0.615385,-0.365385,0.788462,-0.269231,0.576923,-0.173077,0.442308,-0.423077,0.480769,-0.596154,0.711538,-0.692308,0.826923,-0.788462,0.961538
Y,Right,legacy_bisindo_Y_898,0.000000,0.000000,0.250000,-0.307692,0.480769,-0.519231,0.576923,-0.807692,0.615385,-1.000000,0.096154,-0.750000,0.019231,-0.942308,0.038462,-0.750000,0.096154,-0.596154,-0.096154,-0.711538,-0.192308,-0.923077,-0.096154,-0.653846,-0.038462,-0.576923,-0.269231,-0.634615,-0.346154,-0.826923,-0.269231,-0.615385,-0.192308,-0.480769,-0.403846,-0.519231,-0.576923,-0.730769,-0.673077,-0.846154,-0.750000,-1.000000
Y,Right,legacy_bisindo_Y_899,0.000000,0.000000,0.288462,0.269231,0.500000,0.519231,0.576923,0.807692,0.615385,1.000000,0.096154,0.750000,0.019231,0.942308,0.057692,0.730769,0.115385,0.557692,-0.115385,0.692308,-0.173077,0.884615,-0.096154,0.653846,-0.019231,0.519231,-0.269231,0.615385,-0.346154,0.788462,-0.230769,0.576923,-0.153846,0.442308,-0.423077,0.480769,-0.576923,0.692308,-0.692308,0.826923,-0.788462,0.961538
Y,Right,legacy_bisindo_Y_900,0.000000,0.000000,0.250000,-0.307692,0.461538,-0.519231,0.576923,-0.807692,0.615385,-1.000000,0.096154,-0.769231,0.019231,-0.942308,0.057692,-0.750000,0.096154,-0.615385,-0.096154,-0.730769,-0.173077,-0.923077,-0.076923,-0.653846,-0.038462,-0.557692,-0.269231,-0.634615,-0.346154,-0.826923,-0.269231,-0.615385,-0.192308,-0.480769,-0.403846,-0.519231,-0.576923,-0.730769,-0.673077,-0.865385,-0.769231,-1.000000
Y,Right,legacy_bisindo_Y_901,0.000000,0.000000,0.326531,0.244898,0.530612,0.489796,0.632653,0.775510,0.673469,1.000000,0.142857,0.734694,0.061224,0.918367,0.081633,0.714286,0.102041,0.530612,-0.081633,0.673469,-0.163265,0.877551,-0.081633,0.632653,-0.020408,0.489796,-0.265306,0.591837,-0.367347,0.775510,-0.244898,0.571429,-0.163265,0.408163,-0.408163,0.469388,-0.591837,0.693878,-0.693878,0.816327,-0.795918,0.959184
Y,Right,legacy_bisindo_Y_902,0.000000,0.000000,0.313725,-0.098039,0.666667,-0.411765,0.862745,-0.686275,0.960784,-0.941176,0.294118,-0.725490,0.274510,-1.000000,0.254902,-0.705882,0.235294,-0.470588,0.039216,-0.705882,0.019608,-1.000000,0.039216,-0.666667,0.058824,-0.450980,-0.196078,-0.647059,-0.235294,-0.941176,-0.176471,-0.647059,-0.137255,-0.431373,-0.392157,-0.549020,-0.450980,-0.784314,-0.411765,-0.588235,-0.392157,-0.431373
Y,Right,legacy_bisindo_Y_903,0.000000,0.000000,0.222222,-0.296296,0.444444,-0.518519,0.537037,-0.796296,0.574074,-1.000000,0.074074,-0.759259,-0.018519,-0.925926,0.037037,-0.722222,0.074074,-0.592593,-0.129630,-0.703704,-0.203704,-0.907407,-0.111111,-0.648148,-0.055556,-0.555556,-0.277778,-0.629630,-0.351852,-0.814815,-0.259259,-0.592593,-0.185185,-0.444444,-0.407407,-0.518519,-0.574074,-0.722222,-0.666667,-0.851852,-0.740741,-1.000000
Y,Right,legacy_bisindo_Y_904,0.000000,0.000000,0.288462,0.288462,0.500000,0.519231,0.596154,0.788462,0.634615,1.000000,0.115385,0.750000,0.038462,0.923077,0.057692,0.730769,0.115385,0.557692,-0.096154,0.692308,-0.173077,0.903846,-0.096154,0.634615,-0.019231,0.500000,-0.269231,0.615385,-0.346154,0.788462,-0.230769,0.596154,-0.153846,0.442308,-0.403846,0.500000,-0.576923,0.711538,-0.673077,0.807692,-0.769231,0.961538
Y,Right,legacy_bisindo_Y_905,0.000000,0.000000,0.339623,-0.075472,0.679245,-0.377358,0.886792,-0.660377,1.000000,-0.924528,0.339623,-0.735849,0.301887,-0.943396,0.283019,-0.641509,0.264151,-0.452830,0.075472,-0.716981,0.056604,-0.924528,0.075472,-0.622642,0.075472,-0.433962,-0.132075,-0.660377,-0.150943,-0.867925,-0.113208,-0.584906,-0.075472,-0.415094,-0.301887,-0.566038,-0.320755,-0.735849,-0.301887,-0.547170,-0.283019,-0.396226
Y,Right,legacy_bisindo_Y_906,0.000000,0.000000,0.385965,0.070175,0.701754,0.368421,0.877193,0.666667,1.000000,0.877193,0.350877,0.649123,0.298246,0.894737,0.298246,0.666667,0.315789,0.491228,0.087719,0.578947,0.035088,0.842105,0.070175,0.614035,0.105263,0.473684,-0.105263,0.473684,-0.140351,0.701754,-0.122807,0.561404,-0.087719,0.508772,-0.245614,0.350877,-0.315789,0.508772,-0.315789,0.491228,-0.315789,0.526316
Y,Right,legacy_bisindo_Y_907,0.000000,0.000000,0.333333,-0.098039,0.666667,-0.392157,0.862745,-0.686275,1.000000,-0.921569,0.372549,-0.647059,0.333333,-0.941176,0.294118,-0.686275,0.274510,-0.490196,0.117647,-0.627451,0.098039,-0.921569,0.117647,-0.627451,0.098039,-0.450980,-0.098039,-0.588235,-0.098039,-0.862745,-0.078431,-0.607843,-0.078431,-0.411765,-0.254902,-0.509804,-0.294118,-0.745098,-0.274510,-0.568627,-0.274510,-0.411765
Y,Right,legacy_bisindo_Y_908,0.000000,0.000000,0.340000,-0.100000,0.680000,-0.440000,0.860000,-0.740000,0.980000,-1.000000,0.320000,-0.740000,0.280000,-1.000000,0.280000,-0.700000,0.260000,-0.480000,0.060000,-0.740000,0.080000,-1.000000,0.100000,-0.660000,0.100000,-0.460000,-0.140000,-0.700000,-0.140000,-0.960000,-0.100000,-0.640000,-0.080000,-0.440000,-0.320000,-0.620000,-0.320000,-0.840000,-0.280000,-0.620000,-0.260000,-0.440000
Y,Right,legacy_bisindo_Y_909,0.000000,0.000000,0.269231,-0.134615,0.576923,-0.461538,0.730769,-0.750000,0.846154,-1.000000,0.173077,-0.769231,0.134615,-1.000000,0.153846,-0.711538,0.153846,-0.480769,-0.076923,-0.730769,-0.115385,-0.980769,-0.057692,-0.673077,0.000000,-0.480769,-0.288462,-0.634615,-0.365385,-0.903846,-0.288462,-0.634615,-0.211538,-0.442308,-0.461538,-0.500000,-0.596154,-0.711538,-0.557692,-0.576923,-0.519231,-0.461538
Y,Right,legacy_bisindo_Y_910,0.000000,0.000000,0.358491,0.113208,0.641509,0.452830,0.792453,0.773585,0.905660,0.981132,0.245283,0.811321,0.169811,1.000000,0.188679,0.716981,0.226415,0.509434,0.000000,0.773585,-0.094340,1.000000,-0.018868,0.679245,0.037736,0.471698,-0.207547,0.679245,-0.301887,0.886792,-0.226415,0.641509,-0.132075,0.490566,-0.358491,0.547170,-0.490566,0.716981,-0.528302,0.735849,-0.566038,0.773585
Y,Right,legacy_bisindo_Y_911,0.000000,0.000000,0.306122,-0.142857,0.632653,-0.448980,0.795918,-0.755102,0.897959,-1.000000,0.224490,-0.775510,0.224490,-1.000000,0.224490,-0.714286,0.224490,-0.489796,0.020408,-0.755102,0.040816,-1.000000,0.061224,-0.693878,0.061224,-0.469388,-0.183673,-0.714286,-0.183673,-1.000000,-0.122449,-0.673469,-0.102041,-0.469388,-0.387755,-0.632653,-0.367347,-0.857143,-0.306122,-0.632653,-0.265306,-0.448980
Y,Right,legacy_bisindo_Y_912,0.000000,0.000000,0.294118,-0.176471,0.627451,-0.490196,0.803922,-0.764706,0.901961,-1.000000,0.254902,-0.745098,0.176471,-0.980392,0.196078,-0.705882,0.196078,-0.509804,0.000000,-0.705882,-0.078431,-0.941176,-0.019608,-0.647059,0.019608,-0.450980,-0.215686,-0.607843,-0.294118,-0.843137,-0.215686,-0.588235,-0.156863,-0.411765,-0.352941,-0.490196,-0.450980,-0.666667,-0.411765,-0.490196,-0.352941,-0.352941
Y,Right,legacy_bisindo_Y_913,0.000000,0.000000,0.250000,-0.288462,0.480769,-0.519231,0.576923,-0.807692,0.615385,-1.000000,0.096154,-0.769231,0.019231,-0.942308,0.038462,-0.750000,0.096154,-0.596154,-0.096154,-0.730769,-0.192308,-0.923077,-0.096154,-0.673077,-0.038462,-0.557692,-0.269231,-0.634615,-0.365385,-0.807692,-0.269231,-0.615385,-0.173077,-0.461538,-0.403846,-0.519231,-0.576923,-0.730769,-0.673077,-0.846154,-0.769231,-1.000000
Y,Right,legacy_bisindo_Y_914,0.000000,0.000000,0.294118,0.274510,0.509804,0.509804,0.607843,0.784314,0.647059,1.000000,0.117647,0.745098,0.039216,0.921569,0.058824,0.705882,0.098039,0.549020,-0.098039,0.686275,-0.156863,0.862745,-0.098039,0.627451,-0.019608,0.490196,-0.274510,0.607843,-0.352941,0.784314,-0.254902,0.588235,-0.176471,0.450980,-0.411765,0.490196,-0.568627,0.705882,-0.666667,0.823529,-0.745098,0.960784
Y,Right,legacy_bisindo_Y_915,0.000000,0.000000,0.259259,-0.185185,0.518519,-0.500000,0.648148,-0.777778,0.740741,-1.000000,0.092593,-0.777778,0.055556,-0.981481,0.111111,-0.722222,0.129630,-0.500000,-0.129630,-0.722222,-0.166667,-0.925926,-0.074074,-0.648148,-0.037037,-0.444444,-0.314815,-0.629630,-0.388889,-0.833333,-0.296296,-0.611111,-0.240741,-0.462963,-0.481481,-0.481481,-0.629630,-0.703704,-0.685185,-0.740741,-0.740741,-0.814815
Y,Right,legacy_bisindo_Y_916,0.000000,0.000000,0.309091,0.163636,0.563636,0.490909,0.709091,0.781818,0.800000,1.000000,0.181818,0.781818,0.072727,0.945455,0.127273,0.672727,0.181818,0.472727,-0.072727,0.727273,-0.181818,0.927273,-0.072727,0.618182,0.018182,0.454545,-0.272727,0.636364,-0.363636,0.818182,-0.272727,0.581818,-0.181818,0.454545,-0.418182,0.490909,-0.563636,0.654545,-0.545455,0.581818,-0.545455,0.563636
Y,Right,legacy_bisindo_Y_917,0.000000,0.000000,0.263158,-0.192982,0.491228,-0.508772,0.596491,-0.789474,0.684211,-1.000000,0.070175,-0.771930,0.035088,-0.947368,0.087719,-0.684211,0.105263,-0.473684,-0.140351,-0.719298,-0.157895,-0.912281,-0.070175,-0.614035,-0.035088,-0.421053,-0.333333,-0.631579,-0.385965,-0.807018,-0.280702,-0.578947,-0.210526,-0.421053,-0.508772,-0.508772,-0.649123,-0.719298,-0.719298,-0.807018,-0.807018,-0.912281
Y,Right,legacy_bisindo_Y_918,0.000000,0.000000,0.309091,0.163636,0.545455,0.509091,0.636364,0.781818,0.745455,1.000000,0.109091,0.763636,0.036364,0.945455,0.090909,0.672727,0.127273,0.472727,-0.127273,0.709091,-0.200000,0.927273,-0.090909,0.618182,-0.036364,0.418182,-0.327273,0.600000,-0.400000,0.800000,-0.272727,0.581818,-0.181818,0.418182,-0.490909,0.472727,-0.672727,0.672727,-0.763636,0.781818,-0.836364,0.927273
Y,Right,legacy_bisindo_Y_919,0.000000,0.000000,0.259259,-0.185185,0.500000,-0.500000,0.629630,-0.777778,0.722222,-1.000000,0.092593,-0.759259,0.055556,-0.962963,0.092593,-0.703704,0.129630,-0.500000,-0.129630,-0.703704,-0.166667,-0.907407,-0.074074,-0.648148,-0.018519,-0.444444,-0.314815,-0.592593,-0.388889,-0.833333,-0.296296,-0.592593,-0.203704,-0.425926,-0.481481,-0.462963,-0.629630,-0.648148,-0.629630,-0.611111,-0.629630,-0.574074
Y,Right,legacy_bisindo_Y_920,0.000000,0.000000,0.303571,0.178571,0.535714,0.500000,0.660714,0.785714,0.750000,1.000000,0.160714,0.767857,0.053571,0.946429,0.107143,0.678571,0.142857,0.482143,-0.089286,0.714286,-0.178571,0.928571,-0.089286,0.625000,0.000000,0.428571,-0.267857,0.607143,-0.357143,0.821429,-0.267857,0.553571,-0.178571,0.392857,-0.410714,0.482143,-0.535714,0.625000,-0.517857,0.517857,-0.500000,0.464286
Y,Right,legacy_bisindo_Y_921,0.000000,0.000000,0.290909,-0.181818,0.509091,-0.490909,0.618182,-0.781818,0.709091,-1.000000,0.090909,-0.745455,0.036364,-0.927273,0.090909,-0.690909,0.127273,-0.490909,-0.127273,-0.690909,-0.163636,-0.890909,-0.072727,-0.618182,-0.018182,-0.436364,-0.327273,-0.581818,-0.381818,-0.800000,-0.272727,-0.563636,-0.181818,-0.400000,-0.490909,-0.454545,-0.654545,-0.672727,-0.745455,-0.800000,-0.836364,-0.945455
Y,Right,legacy_bisindo_Y_922,0.000000,0.000000,0.321429,0.196429,0.553571,0.500000,0.660714,0.785714,0.750000,1.000000,0.142857,0.767857,0.053571,0.928571,0.107143,0.660714,0.142857,0.482143,-0.089286,0.714286,-0.178571,0.892857,-0.089286,0.607143,-0.017857,0.446429,-0.285714,0.625000,-0.392857,0.803571,-0.250000,0.571429,-0.160714,0.428571,-0.428571,0.500000,-0.607143,0.660714,-0.678571,0.732143,-0.750000,0.839286
Y,Right,legacy_bisindo_Y_923,0.000000,0.000000,0.259259,-0.185185,0.500000,-0.500000,0.611111,-0.777778,0.685185,-1.000000,0.074074,-0.740741,0.018519,-0.944444,0.074074,-0.703704,0.111111,-0.481481,-0.148148,-0.685185,-0.203704,-0.888889,-0.111111,-0.629630,-0.037037,-0.444444,-0.333333,-0.574074,-0.425926,-0.796296,-0.314815,-0.592593,-0.222222,-0.425926,-0.500000,-0.425926,-0.648148,-0.611111,-0.666667,-0.592593,-0.666667,-0.574074
Y,Right,legacy_bisindo_Y_924,0.000000,0.000000,0.303571,0.178571,0.517857,0.500000,0.607143,0.785714,0.696429,1.000000,0.107143,0.732143,0.000000,0.910714,0.053571,0.660714,0.107143,0.464286,-0.125000,0.678571,-0.232143,0.875000,-0.125000,0.589286,-0.053571,0.410714,-0.321429,0.571429,-0.428571,0.785714,-0.303571,0.553571,-0.196429,0.410714,-0.464286,0.446429,-0.642857,0.642857,-0.714286,0.714286,-0.767857,0.821429
Y,Right,legacy_bisindo_Y_925,0.000000,0.000000,0.250000,-0.196429,0.446429,-0.500000,0.553571,-0.785714,0.625000,-1.000000,0.035714,-0.750000,-0.017857,-0.928571,0.053571,-0.696429,0.089286,-0.500000,-0.178571,-0.678571,-0.214286,-0.892857,-0.125000,-0.625000,-0.071429,-0.464286,-0.357143,-0.589286,-0.428571,-0.785714,-0.303571,-0.589286,-0.214286,-0.428571,-0.517857,-0.464286,-0.696429,-0.678571,-0.803571,-0.803571,-0.892857,-0.964286
Y,Right,legacy_bisindo_Y_926,0.000000,0.000000,0.303571,0.178571,0.517857,0.500000,0.607143,0.785714,0.696429,1.000000,0.107143,0.750000,0.017857,0.910714,0.071429,0.660714,0.125000,0.464286,-0.125000,0.696429,-0.214286,0.875000,-0.107143,0.589286,-0.017857,0.410714,-0.303571,0.589286,-0.410714,0.767857,-0.285714,0.535714,-0.178571,0.392857,-0.464286,0.464286,-0.607143,0.607143,-0.607143,0.589286,-0.607143,0.607143
Y,Right,legacy_bisindo_Y_927,0.000000,0.000000,0.250000,-0.173077,0.500000,-0.480769,0.596154,-0.769231,0.673077,-1.000000,0.115385,-0.711538,0.019231,-0.923077,0.057692,-0.653846,0.115385,-0.461538,-0.134615,-0.653846,-0.211538,-0.884615,-0.096154,-0.596154,-0.038462,-0.423077,-0.326923,-0.557692,-0.442308,-0.788462,-0.326923,-0.538462,-0.250000,-0.384615,-0.500000,-0.423077,-0.634615,-0.576923,-0.576923,-0.442308,-0.519231,-0.326923
Y,Right,legacy_bisindo_Y_928,0.000000,0.000000,0.285714,0.178571,0.500000,0.500000,0.589286,0.785714,0.660714,1.000000,0.089286,0.767857,-0.017857,0.910714,0.053571,0.660714,0.107143,0.482143,-0.142857,0.696429,-0.250000,0.875000,-0.142857,0.607143,-0.053571,0.446429,-0.339286,0.589286,-0.428571,0.767857,-0.303571,0.535714,-0.214286,0.410714,-0.482143,0.464286,-0.625000,0.571429,-0.642857,0.535714,-0.642857,0.535714
Y,Right,legacy_bisindo_Y_929,0.000000,0.000000,0.296296,0.185185,0.500000,0.500000,0.592593,0.777778,0.666667,1.000000,0.074074,0.740741,-0.018519,0.888889,0.055556,0.648148,0.111111,0.481481,-0.166667,0.666667,-0.259259,0.870370,-0.148148,0.592593,-0.055556,0.425926,-0.351852,0.574074,-0.444444,0.777778,-0.333333,0.537037,-0.240741,0.407407,-0.500000,0.425926,-0.648148,0.574074,-0.648148,0.518519,-0.666667,0.518519
Y,Right,legacy_bisindo_Y_930,0.000000,0.000000,0.250000,-0.196429,0.464286,-0.500000,0.571429,-0.785714,0.625000,-1.000000,0.071429,-0.732143,0.017857,-0.928571,0.071429,-0.696429,0.107143,-0.500000,-0.142857,-0.660714,-0.196429,-0.875000,-0.089286,-0.625000,-0.017857,-0.446429,-0.321429,-0.553571,-0.410714,-0.785714,-0.285714,-0.571429,-0.196429,-0.428571,-0.500000,-0.410714,-0.642857,-0.607143,-0.714286,-0.696429,-0.785714,-0.803571
Y,Right,legacy_bisindo_Y_931,0.000000,0.000000,0.298246,0.192982,0.491228,0.508772,0.578947,0.789474,0.649123,1.000000,0.087719,0.754386,0.000000,0.912281,0.052632,0.666667,0.105263,0.491228,-0.140351,0.701754,-0.228070,0.877193,-0.105263,0.596491,-0.035088,0.438596,-0.333333,0.596491,-0.421053,0.771930,-0.280702,0.561404,-0.175439,0.403509,-0.473684,0.456140,-0.649123,0.649123,-0.701754,0.736842,-0.754386,0.842105
Y,Right,legacy_bisindo_Y_932,0.000000,0.000000,0.277778,-0.203704,0.500000,-0.500000,0.592593,-0.777778,0.666667,-1.000000,0.074074,-0.759259,0.018519,-0.944444,0.074074,-0.703704,0.111111,-0.518519,-0.148148,-0.685185,-0.203704,-0.888889,-0.092593,-0.629630,-0.018519,-0.481481,-0.333333,-0.592593,-0.425926,-0.796296,-0.296296,-0.592593,-0.203704,-0.481481,-0.500000,-0.462963,-0.666667,-0.666667,-0.740741,-0.759259,-0.814815,-0.888889
Y,Right,legacy_bisindo_Y_933,0.000000,0.000000,0.303571,0.178571,0.517857,0.500000,0.589286,0.785714,0.660714,1.000000,0.089286,0.750000,0.000000,0.910714,0.071429,0.642857,0.125000,0.482143,-0.125000,0.696429,-0.214286,0.875000,-0.107143,0.607143,-0.017857,0.464286,-0.321429,0.589286,-0.410714,0.767857,-0.285714,0.553571,-0.178571,0.428571,-0.482143,0.446429,-0.642857,0.625000,-0.696429,0.678571,-0.732143,0.767857
Y,Right,legacy_bisindo_Y_934,0.000000,0.000000,0.222222,-0.296296,0.444444,-0.518519,0.555556,-0.796296,0.592593,-0.981481,0.092593,-0.740741,0.018519,-0.925926,0.055556,-0.740741,0.092593,-0.592593,-0.092593,-0.703704,-0.185185,-0.907407,-0.092593,-0.648148,-0.037037,-0.574074,-0.259259,-0.629630,-0.333333,-0.814815,-0.240741,-0.592593,-0.166667,-0.462963,-0.388889,-0.518519,-0.555556,-0.722222,-0.629630,-0.833333,-0.722222,-1.000000
Y,Right,legacy_bisindo_Y_935,0.000000,0.000000,0.307692,0.307692,0.500000,0.519231,0.596154,0.807692,0.634615,1.000000,0.134615,0.769231,0.057692,0.942308,0.076923,0.730769,0.115385,0.576923,-0.096154,0.711538,-0.134615,0.903846,-0.076923,0.634615,-0.019231,0.500000,-0.250000,0.634615,-0.326923,0.807692,-0.230769,0.596154,-0.153846,0.461538,-0.403846,0.500000,-0.557692,0.730769,-0.653846,0.846154,-0.730769,0.980769
Y,Right,legacy_bisindo_Y_936,0.000000,0.000000,0.290909,0.181818,0.490909,0.509091,0.563636,0.781818,0.636364,1.000000,0.054545,0.763636,-0.018182,0.945455,0.054545,0.709091,0.090909,0.527273,-0.163636,0.709091,-0.236364,0.890909,-0.109091,0.636364,-0.054545,0.472727,-0.345455,0.618182,-0.436364,0.818182,-0.272727,0.600000,-0.181818,0.436364,-0.509091,0.472727,-0.709091,0.672727,-0.800000,0.818182,-0.872727,0.981818
Y,Right,legacy_bisindo_Y_937,0.000000,0.000000,0.277778,-0.203704,0.500000,-0.481481,0.611111,-0.777778,0.666667,-1.000000,0.111111,-0.703704,0.055556,-0.907407,0.111111,-0.685185,0.129630,-0.500000,-0.092593,-0.648148,-0.166667,-0.870370,-0.055556,-0.629630,0.000000,-0.462963,-0.296296,-0.555556,-0.407407,-0.796296,-0.296296,-0.592593,-0.203704,-0.444444,-0.481481,-0.425926,-0.648148,-0.611111,-0.648148,-0.592593,-0.648148,-0.592593
Y,Right,legacy_bisindo_Y_938,0.000000,0.000000,0.307692,0.173077,0.500000,0.500000,0.596154,0.788462,0.673077,1.000000,0.057692,0.769231,-0.019231,0.923077,0.038462,0.692308,0.096154,0.500000,-0.173077,0.711538,-0.250000,0.903846,-0.134615,0.634615,-0.057692,0.461538,-0.365385,0.596154,-0.461538,0.807692,-0.307692,0.576923,-0.192308,0.423077,-0.538462,0.461538,-0.730769,0.673077,-0.826923,0.807692,-0.903846,0.980769
Y,Right,legacy_bisindo_Y_939,0.000000,0.000000,0.290909,0.163636,0.472727,0.490909,0.545455,0.745455,0.618182,0.963636,0.036364,0.727273,-0.018182,0.909091,0.054545,0.672727,0.090909,0.490909,-0.181818,0.690909,-0.236364,0.872727,-0.109091,0.600000,-0.036364,0.454545,-0.363636,0.581818,-0.418182,0.781818,-0.272727,0.563636,-0.163636,0.418182,-0.527273,0.472727,-0.709091,0.672727,-0.800000,0.818182,-0.854545,1.000000
Y,Right,legacy_bisindo_Y_940,0.000000,0.000000,0.283019,-0.207547,0.490566,-0.490566,0.566038,-0.773585,0.622642,-1.000000,0.056604,-0.735849,0.018868,-0.943396,0.075472,-0.698113,0.113208,-0.490566,-0.150943,-0.660377,-0.207547,-0.886792,-0.094340,-0.622642,-0.037736,-0.452830,-0.339623,-0.584906,-0.433962,-0.811321,-0.301887,-0.603774,-0.207547,-0.452830,-0.528302,-0.452830,-0.679245,-0.660377,-0.735849,-0.773585,-0.811321,-0.886792
Y,Right,legacy_bisindo_Y_941,0.000000,0.000000,0.288462,0.192308,0.480769,0.500000,0.576923,0.788462,0.634615,1.000000,0.057692,0.769231,-0.019231,0.923077,0.038462,0.673077,0.096154,0.500000,-0.192308,0.711538,-0.250000,0.903846,-0.115385,0.634615,-0.057692,0.480769,-0.384615,0.615385,-0.461538,0.826923,-0.326923,0.596154,-0.230769,0.461538,-0.538462,0.480769,-0.692308,0.653846,-0.730769,0.692308,-0.769231,0.769231
Y,Right,legacy_bisindo_Y_942,0.000000,0.000000,0.313725,0.176471,0.509804,0.490196,0.588235,0.784314,0.686275,1.000000,0.098039,0.745098,0.000000,0.921569,0.078431,0.686275,0.117647,0.509804,-0.137255,0.686275,-0.235294,0.901961,-0.117647,0.607843,-0.039216,0.450980,-0.333333,0.588235,-0.450980,0.803922,-0.313725,0.568627,-0.196078,0.431373,-0.509804,0.450980,-0.647059,0.627451,-0.647059,0.627451,-0.647059,0.647059
Y,Right,legacy_bisindo_Y_943,0.000000,0.000000,0.313725,-0.196078,0.568627,-0.490196,0.686275,-0.764706,0.725490,-1.000000,0.156863,-0.725490,0.117647,-0.921569,0.156863,-0.686275,0.176471,-0.490196,-0.058824,-0.686275,-0.098039,-0.901961,0.019608,-0.647059,0.058824,-0.450980,-0.274510,-0.607843,-0.352941,-0.843137,-0.235294,-0.607843,-0.156863,-0.450980,-0.470588,-0.470588,-0.627451,-0.686275,-0.647059,-0.686275,-0.647059,-0.705882
Y,Right,legacy_bisindo_Y_944,0.000000,0.000000,0.326923,0.173077,0.538462,0.500000,0.615385,0.788462,0.711538,1.000000,0.134615,0.750000,0.019231,0.942308,0.096154,0.692308,0.153846,0.500000,-0.115385,0.692308,-0.211538,0.903846,-0.076923,0.634615,0.000000,0.461538,-0.307692,0.596154,-0.403846,0.807692,-0.269231,0.596154,-0.153846,0.461538,-0.480769,0.480769,-0.673077,0.673077,-0.711538,0.750000,-0.730769,0.826923
Y,Right,legacy_bisindo_Y_945,0.000000,0.000000,0.333333,0.156863,0.568627,0.490196,0.666667,0.784314,0.764706,1.000000,0.156863,0.764706,0.058824,0.941176,0.117647,0.686275,0.176471,0.490196,-0.098039,0.705882,-0.176471,0.921569,-0.058824,0.627451,0.019608,0.470588,-0.294118,0.627451,-0.392157,0.843137,-0.254902,0.588235,-0.137255,0.431373,-0.470588,0.509804,-0.666667,0.745098,-0.745098,0.862745,-0.803922,1.000000
Y,Right,legacy_bisindo_Y_946,0.000000,0.000000,0.352941,0.156863,0.588235,0.490196,0.666667,0.784314,0.784314,1.000000,0.176471,0.745098,0.078431,0.941176,0.137255,0.666667,0.196078,0.470588,-0.078431,0.705882,-0.156863,0.921569,-0.039216,0.627451,0.039216,0.450980,-0.294118,0.607843,-0.372549,0.843137,-0.235294,0.588235,-0.117647,0.411765,-0.470588,0.490196,-0.666667,0.705882,-0.745098,0.823529,-0.784314,0.980392
Y,Right,legacy_bisindo_Y_947,0.000000,0.000000,0.250000,-0.307692,0.480769,-0.519231,0.576923,-0.807692,0.634615,-1.000000,0.115385,-0.769231,0.038462,-0.942308,0.076923,-0.750000,0.115385,-0.596154,-0.096154,-0.730769,-0.173077,-0.923077,-0.076923,-0.653846,-0.019231,-0.557692,-0.269231,-0.634615,-0.326923,-0.826923,-0.250000,-0.615385,-0.173077,-0.461538,-0.403846,-0.519231,-0.557692,-0.730769,-0.653846,-0.846154,-0.730769,-1.000000
Y,Right,legacy_bisindo_Y_948,0.000000,0.000000,0.283019,0.301887,0.490566,0.509434,0.584906,0.792453,0.622642,1.000000,0.132075,0.754717,0.037736,0.924528,0.056604,0.716981,0.094340,0.566038,-0.094340,0.698113,-0.150943,0.886792,-0.094340,0.641509,-0.018868,0.490566,-0.245283,0.622642,-0.320755,0.792453,-0.226415,0.603774,-0.150943,0.452830,-0.396226,0.490566,-0.547170,0.716981,-0.641509,0.830189,-0.716981,0.962264
Y,Right,legacy_bisindo_Y_949,0.000000,0.000000,0.285714,-0.160714,0.482143,-0.482143,0.553571,-0.767857,0.607143,-1.000000,0.071429,-0.678571,0.000000,-0.892857,0.071429,-0.642857,0.125000,-0.446429,-0.125000,-0.607143,-0.196429,-0.821429,-0.071429,-0.571429,0.017857,-0.392857,-0.303571,-0.517857,-0.410714,-0.732143,-0.267857,-0.517857,-0.178571,-0.357143,-0.464286,-0.392857,-0.625000,-0.589286,-0.678571,-0.625000,-0.714286,-0.660714
Y,Right,legacy_bisindo_Y_950,0.000000,0.000000,0.290909,0.181818,0.472727,0.490909,0.545455,0.781818,0.581818,1.000000,0.036364,0.709091,-0.036364,0.872727,0.036364,0.618182,0.090909,0.436364,-0.181818,0.654545,-0.254545,0.836364,-0.127273,0.545455,-0.054545,0.381818,-0.363636,0.545455,-0.436364,0.727273,-0.309091,0.509091,-0.200000,0.381818,-0.490909,0.418182,-0.654545,0.563636,-0.690909,0.581818,-0.727273,0.636364
Y,Right,legacy_bisindo_Y_951,0.000000,0.000000,0.298246,-0.157895,0.491228,-0.473684,0.561404,-0.771930,0.614035,-1.000000,0.105263,-0.684211,0.017544,-0.877193,0.087719,-0.631579,0.140351,-0.456140,-0.105263,-0.631579,-0.175439,-0.824561,-0.052632,-0.561404,0.017544,-0.403509,-0.280702,-0.543860,-0.350877,-0.736842,-0.210526,-0.508772,-0.122807,-0.333333,-0.421053,-0.438596,-0.508772,-0.596491,-0.403509,-0.438596,-0.298246,-0.315789
Y,Right,legacy_bisindo_Y_952,0.000000,0.000000,0.285714,0.178571,0.464286,0.500000,0.517857,0.785714,0.589286,1.000000,0.035714,0.696429,-0.071429,0.857143,0.017857,0.625000,0.089286,0.446429,-0.196429,0.607143,-0.303571,0.821429,-0.160714,0.553571,-0.053571,0.375000,-0.357143,0.500000,-0.446429,0.714286,-0.321429,0.482143,-0.214286,0.339286,-0.464286,0.375000,-0.607143,0.482143,-0.553571,0.375000,-0.517857,0.339286
Y,Right,legacy_bisindo_Y_953,0.000000,0.000000,0.258621,-0.172414,0.465517,-0.482759,0.551724,-0.775862,0.603448,-1.000000,0.086207,-0.672414,0.017241,-0.862069,0.068966,-0.620690,0.120690,-0.448276,-0.103448,-0.620690,-0.172414,-0.810345,-0.051724,-0.568966,0.017241,-0.396552,-0.275862,-0.534483,-0.344828,-0.724138,-0.206897,-0.500000,-0.120690,-0.362069,-0.431034,-0.431034,-0.500000,-0.568966,-0.396552,-0.431034,-0.327586,-0.327586
Y,Right,legacy_bisindo_Y_954,0.000000,0.000000,0.285714,0.178571,0.464286,0.500000,0.517857,0.785714,0.571429,1.000000,0.017857,0.696429,-0.089286,0.821429,0.000000,0.589286,0.071429,0.410714,-0.214286,0.607143,-0.303571,0.803571,-0.160714,0.535714,-0.053571,0.375000,-0.357143,0.482143,-0.464286,0.678571,-0.321429,0.464286,-0.214286,0.339286,-0.482143,0.357143,-0.589286,0.446429,-0.535714,0.339286,-0.482143,0.285714
Y,Right,legacy_bisindo_Y_955,0.000000,0.000000,0.241379,-0.172414,0.431034,-0.482759,0.482759,-0.775862,0.517241,-1.000000,0.017241,-0.672414,-0.068966,-0.862069,0.017241,-0.637931,0.068966,-0.448276,-0.172414,-0.603448,-0.241379,-0.810345,-0.103448,-0.568966,-0.034483,-0.396552,-0.344828,-0.517241,-0.413793,-0.724138,-0.275862,-0.500000,-0.172414,-0.344828,-0.500000,-0.413793,-0.568966,-0.568966,-0.431034,-0.431034,-0.344828,-0.293103
Y,Right,legacy_bisindo_Y_956,0.000000,0.000000,0.258621,0.189655,0.431034,0.500000,0.482759,0.793103,0.534483,1.000000,0.000000,0.706897,-0.086207,0.844828,0.000000,0.603448,0.068966,0.448276,-0.224138,0.637931,-0.293103,0.793103,-0.155172,0.534483,-0.068966,0.396552,-0.379310,0.534483,-0.465517,0.689655,-0.310345,0.482759,-0.206897,0.344828,-0.482759,0.396552,-0.603448,0.482759,-0.586207,0.379310,-0.568966,0.344828
Y,Right,legacy_bisindo_Y_957,0.000000,0.000000,0.254902,-0.294118,0.490196,-0.509804,0.588235,-0.784314,0.627451,-0.980392,0.117647,-0.764706,0.019608,-0.941176,0.058824,-0.745098,0.098039,-0.588235,-0.098039,-0.705882,-0.176471,-0.921569,-0.098039,-0.647059,-0.039216,-0.549020,-0.274510,-0.627451,-0.333333,-0.803922,-0.254902,-0.588235,-0.176471,-0.470588,-0.392157,-0.509804,-0.568627,-0.725490,-0.666667,-0.843137,-0.745098,-1.000000
Y,Right,legacy_bisindo_Y_958,0.000000,0.000000,0.300000,0.260000,0.520000,0.500000,0.620000,0.780000,0.660000,1.000000,0.120000,0.740000,0.020000,0.920000,0.040000,0.700000,0.080000,0.540000,-0.100000,0.680000,-0.160000,0.880000,-0.100000,0.620000,-0.040000,0.480000,-0.280000,0.600000,-0.360000,0.780000,-0.260000,0.580000,-0.180000,0.420000,-0.420000,0.480000,-0.580000,0.700000,-0.680000,0.820000,-0.780000,0.960000
Y,Right,legacy_bisindo_Y_959,0.000000,0.000000,0.241379,-0.172414,0.413793,-0.500000,0.482759,-0.775862,0.534483,-1.000000,0.017241,-0.689655,-0.068966,-0.844828,0.017241,-0.620690,0.068966,-0.431034,-0.189655,-0.603448,-0.258621,-0.793103,-0.120690,-0.551724,-0.034483,-0.379310,-0.362069,-0.500000,-0.448276,-0.689655,-0.293103,-0.465517,-0.172414,-0.310345,-0.500000,-0.379310,-0.637931,-0.534483,-0.586207,-0.482759,-0.534483,-0.431034
Y,Right,legacy_bisindo_Y_960,0.000000,0.000000,0.280702,0.157895,0.473684,0.491228,0.526316,0.771930,0.578947,1.000000,0.035088,0.701754,-0.070175,0.842105,0.017544,0.596491,0.087719,0.421053,-0.175439,0.614035,-0.280702,0.807018,-0.140351,0.526316,-0.035088,0.368421,-0.333333,0.508772,-0.421053,0.666667,-0.280702,0.438596,-0.175439,0.333333,-0.456140,0.368421,-0.526316,0.456140,-0.438596,0.315789,-0.350877,0.245614
Y,Right,legacy_bisindo_Y_961,0.000000,0.000000,0.258621,-0.189655,0.413793,-0.500000,0.465517,-0.775862,0.534483,-1.000000,0.000000,-0.706897,-0.068966,-0.862069,0.017241,-0.637931,0.068966,-0.448276,-0.206897,-0.620690,-0.258621,-0.810345,-0.120690,-0.568966,-0.034483,-0.396552,-0.379310,-0.517241,-0.448276,-0.689655,-0.293103,-0.500000,-0.172414,-0.344828,-0.517241,-0.379310,-0.689655,-0.568966,-0.775862,-0.672414,-0.879310,-0.793103
Y,Right,legacy_bisindo_Y_962,0.000000,0.000000,0.280702,0.175439,0.456140,0.491228,0.491228,0.789474,0.561404,1.000000,0.017544,0.719298,-0.070175,0.842105,0.000000,0.614035,0.070175,0.438596,-0.210526,0.631579,-0.280702,0.807018,-0.157895,0.543860,-0.070175,0.368421,-0.368421,0.526316,-0.456140,0.701754,-0.333333,0.491228,-0.228070,0.350877,-0.491228,0.385965,-0.631579,0.491228,-0.649123,0.473684,-0.666667,0.456140
Y,Right,legacy_bisindo_Y_963,0.000000,0.000000,0.315789,0.157895,0.526316,0.491228,0.596491,0.771930,0.649123,1.000000,0.105263,0.684211,-0.035088,0.842105,0.070175,0.614035,0.140351,0.456140,-0.105263,0.596491,-0.228070,0.771930,-0.105263,0.543860,-0.017544,0.403509,-0.245614,0.473684,-0.333333,0.614035,-0.228070,0.438596,-0.157895,0.350877,-0.315789,0.333333,-0.403509,0.438596,-0.315789,0.315789,-0.263158,0.263158
Y,Right,legacy_bisindo_Y_964,0.000000,0.000000,0.245614,-0.175439,0.438596,-0.491228,0.508772,-0.789474,0.578947,-1.000000,0.052632,-0.701754,-0.035088,-0.877193,0.035088,-0.649123,0.087719,-0.456140,-0.175439,-0.614035,-0.245614,-0.824561,-0.140351,-0.578947,-0.035088,-0.403509,-0.333333,-0.508772,-0.438596,-0.719298,-0.298246,-0.491228,-0.192982,-0.333333,-0.473684,-0.385965,-0.596491,-0.526316,-0.543860,-0.438596,-0.491228,-0.368421
Y,Right,legacy_bisindo_Y_965,0.000000,0.000000,0.293103,0.189655,0.482759,0.482759,0.551724,0.775862,0.620690,1.000000,0.068966,0.706897,-0.034483,0.844828,0.051724,0.603448,0.103448,0.431034,-0.155172,0.637931,-0.258621,0.827586,-0.120690,0.551724,-0.034483,0.379310,-0.327586,0.534483,-0.413793,0.706897,-0.275862,0.500000,-0.189655,0.344828,-0.431034,0.396552,-0.568966,0.500000,-0.534483,0.413793,-0.517241,0.379310
Y,Right,legacy_bisindo_Y_966,0.000000,0.000000,0.280702,0.175439,0.456140,0.491228,0.508772,0.771930,0.578947,1.000000,0.017544,0.701754,-0.052632,0.842105,0.017544,0.614035,0.070175,0.421053,-0.192982,0.614035,-0.280702,0.807018,-0.157895,0.543860,-0.070175,0.350877,-0.368421,0.508772,-0.456140,0.701754,-0.315789,0.491228,-0.210526,0.333333,-0.473684,0.385965,-0.596491,0.473684,-0.561404,0.368421,-0.561404,0.315789
Y,Right,legacy_bisindo_Y_967,0.000000,0.000000,0.345455,0.145455,0.545455,0.472727,0.636364,0.763636,0.709091,1.000000,0.145455,0.690909,0.018182,0.872727,0.090909,0.636364,0.163636,0.454545,-0.109091,0.600000,-0.218182,0.818182,-0.090909,0.563636,0.000000,0.418182,-0.272727,0.472727,-0.363636,0.672727,-0.272727,0.472727,-0.181818,0.381818,-0.381818,0.345455,-0.472727,0.436364,-0.454545,0.345455,-0.418182,0.327273
Y,Right,legacy_bisindo_Y_968,0.000000,0.000000,0.226415,-0.283019,0.452830,-0.528302,0.547170,-0.811321,0.584906,-1.000000,0.075472,-0.773585,0.000000,-0.924528,0.037736,-0.735849,0.094340,-0.584906,-0.113208,-0.716981,-0.188679,-0.905660,-0.094340,-0.641509,-0.037736,-0.547170,-0.264151,-0.641509,-0.358491,-0.811321,-0.264151,-0.603774,-0.188679,-0.471698,-0.415094,-0.528302,-0.566038,-0.735849,-0.660377,-0.849057,-0.754717,-0.981132
Y,Right,legacy_bisindo_Y_969,0.000000,0.000000,0.274510,0.274510,0.490196,0.529412,0.568627,0.803922,0.627451,1.000000,0.117647,0.745098,0.019608,0.941176,0.039216,0.725490,0.098039,0.568627,-0.098039,0.705882,-0.176471,0.882353,-0.117647,0.627451,-0.039216,0.509804,-0.274510,0.627451,-0.372549,0.784314,-0.274510,0.588235,-0.176471,0.450980,-0.411765,0.490196,-0.588235,0.725490,-0.686275,0.823529,-0.764706,0.960784
Y,Right,legacy_bisindo_Y_970,0.000000,0.000000,0.411765,0.098039,0.686275,0.431373,0.803922,0.764706,0.921569,1.000000,0.274510,0.745098,0.196078,0.941176,0.235294,0.647059,0.274510,0.431373,0.000000,0.686275,-0.039216,0.921569,0.039216,0.588235,0.098039,0.392157,-0.196078,0.588235,-0.254902,0.784314,-0.137255,0.490196,-0.058824,0.352941,-0.352941,0.470588,-0.411765,0.607843,-0.333333,0.431373,-0.254902,0.333333
Y,Right,legacy_bisindo_Y_971,0.000000,0.000000,0.333333,-0.117647,0.647059,-0.431373,0.823529,-0.745098,0.941176,-1.000000,0.372549,-0.647059,0.313725,-0.941176,0.274510,-0.686275,0.294118,-0.490196,0.117647,-0.647059,0.098039,-0.941176,0.137255,-0.647059,0.156863,-0.450980,-0.078431,-0.607843,-0.137255,-0.901961,-0.078431,-0.607843,-0.039216,-0.411765,-0.274510,-0.509804,-0.333333,-0.745098,-0.274510,-0.568627,-0.235294,-0.392157
Y,Right,legacy_bisindo_Y_972,0.000000,0.000000,0.320755,-0.132075,0.603774,-0.452830,0.754717,-0.754717,0.849057,-1.000000,0.264151,-0.698113,0.169811,-0.924528,0.188679,-0.679245,0.207547,-0.471698,0.018868,-0.641509,-0.056604,-0.905660,0.018868,-0.622642,0.075472,-0.433962,-0.207547,-0.566038,-0.301887,-0.811321,-0.207547,-0.566038,-0.132075,-0.396226,-0.377358,-0.452830,-0.547170,-0.660377,-0.566038,-0.641509,-0.584906,-0.622642
Y,Right,legacy_bisindo_Y_973,0.000000,0.000000,0.226415,-0.283019,0.452830,-0.528302,0.547170,-0.792453,0.584906,-1.000000,0.094340,-0.754717,0.000000,-0.924528,0.037736,-0.735849,0.075472,-0.584906,-0.094340,-0.716981,-0.188679,-0.905660,-0.113208,-0.641509,-0.056604,-0.547170,-0.264151,-0.622642,-0.339623,-0.811321,-0.264151,-0.603774,-0.188679,-0.452830,-0.396226,-0.509434,-0.566038,-0.735849,-0.660377,-0.830189,-0.754717,-0.981132
Y,Right,legacy_bisindo_Y_974,0.000000,0.000000,0.264151,0.283019,0.471698,0.509434,0.566038,0.792453,0.603774,1.000000,0.113208,0.754717,0.018868,0.924528,0.018868,0.716981,0.075472,0.547170,-0.113208,0.716981,-0.169811,0.886792,-0.113208,0.622642,-0.056604,0.509434,-0.264151,0.622642,-0.339623,0.792453,-0.264151,0.603774,-0.188679,0.471698,-0.396226,0.509434,-0.547170,0.716981,-0.641509,0.830189,-0.735849,0.962264
Y,Right,legacy_bisindo_Y_975,0.000000,0.000000,0.346154,-0.115385,0.634615,-0.461538,0.788462,-0.769231,0.884615,-1.000000,0.250000,-0.730769,0.192308,-0.961538,0.211538,-0.692308,0.211538,-0.480769,0.000000,-0.692308,-0.057692,-0.923077,0.019231,-0.615385,0.076923,-0.423077,-0.211538,-0.596154,-0.288462,-0.826923,-0.192308,-0.576923,-0.115385,-0.403846,-0.384615,-0.480769,-0.557692,-0.692308,-0.596154,-0.730769,-0.634615,-0.788462
Y,Right,legacy_bisindo_Y_976,0.000000,0.000000,0.346154,0.134615,0.615385,0.461538,0.730769,0.769231,0.826923,1.000000,0.192308,0.769231,0.115385,0.942308,0.134615,0.673077,0.173077,0.442308,-0.076923,0.730769,-0.134615,0.923077,-0.057692,0.615385,0.000000,0.423077,-0.269231,0.634615,-0.365385,0.826923,-0.230769,0.576923,-0.134615,0.403846,-0.442308,0.500000,-0.615385,0.711538,-0.692308,0.846154,-0.750000,1.000000
Y,Right,legacy_bisindo_Y_977,0.000000,0.000000,0.230769,-0.307692,0.461538,-0.538462,0.538462,-0.807692,0.596154,-1.000000,0.076923,-0.769231,0.000000,-0.942308,0.038462,-0.750000,0.076923,-0.596154,-0.115385,-0.711538,-0.192308,-0.923077,-0.096154,-0.653846,-0.057692,-0.557692,-0.288462,-0.634615,-0.346154,-0.826923,-0.269231,-0.596154,-0.192308,-0.461538,-0.423077,-0.519231,-0.576923,-0.730769,-0.673077,-0.846154,-0.769231,-1.000000
Y,Right,legacy_bisindo_Y_978,0.000000,0.000000,0.301887,0.264151,0.490566,0.509434,0.584906,0.792453,0.622642,1.000000,0.150943,0.754717,0.056604,0.924528,0.056604,0.716981,0.094340,0.547170,-0.075472,0.698113,-0.132075,0.867925,-0.075472,0.622642,-0.018868,0.490566,-0.226415,0.603774,-0.320755,0.754717,-0.226415,0.566038,-0.150943,0.415094,-0.377358,0.490566,-0.528302,0.698113,-0.622642,0.811321,-0.716981,0.943396
Y,Right,legacy_bisindo_Y_979,0.000000,0.000000,0.326923,-0.134615,0.615385,-0.442308,0.769231,-0.750000,0.865385,-1.000000,0.288462,-0.711538,0.211538,-0.942308,0.211538,-0.673077,0.230769,-0.480769,0.038462,-0.692308,-0.038462,-0.942308,0.038462,-0.634615,0.057692,-0.442308,-0.192308,-0.615385,-0.269231,-0.846154,-0.173077,-0.576923,-0.115385,-0.403846,-0.365385,-0.500000,-0.461538,-0.692308,-0.384615,-0.519231,-0.346154,-0.384615
Y,Right,legacy_bisindo_Y_980,0.000000,0.000000,0.301887,-0.150943,0.584906,-0.471698,0.716981,-0.773585,0.792453,-1.000000,0.188679,-0.754717,0.150943,-0.981132,0.169811,-0.716981,0.188679,-0.509434,-0.037736,-0.698113,-0.094340,-0.943396,-0.018868,-0.660377,0.037736,-0.471698,-0.245283,-0.622642,-0.339623,-0.867925,-0.226415,-0.622642,-0.150943,-0.471698,-0.433962,-0.490566,-0.584906,-0.735849,-0.603774,-0.773585,-0.660377,-0.830189
Y,Right,legacy_bisindo_Y_981,0.000000,0.000000,0.358491,0.150943,0.622642,0.471698,0.735849,0.792453,0.849057,1.000000,0.226415,0.811321,0.132075,0.962264,0.169811,0.679245,0.188679,0.490566,-0.018868,0.754717,-0.113208,0.943396,-0.037736,0.641509,0.018868,0.452830,-0.226415,0.660377,-0.320755,0.849057,-0.207547,0.584906,-0.132075,0.433962,-0.396226,0.547170,-0.547170,0.754717,-0.603774,0.792453,-0.660377,0.867925
Y,Right,legacy_bisindo_Y_982,0.000000,0.000000,0.280702,-0.157895,0.526316,-0.438596,0.649123,-0.719298,0.754386,-0.929825,0.157895,-0.719298,0.105263,-0.912281,0.140351,-0.666667,0.157895,-0.456140,-0.052632,-0.684211,-0.105263,-0.877193,-0.035088,-0.596491,0.017544,-0.403509,-0.245614,-0.596491,-0.315789,-0.789474,-0.210526,-0.561404,-0.122807,-0.385965,-0.421053,-0.473684,-0.578947,-0.701754,-0.666667,-0.842105,-0.771930,-1.000000
Y,Right,legacy_bisindo_Y_983,0.000000,0.000000,0.339623,0.150943,0.603774,0.471698,0.735849,0.792453,0.830189,1.000000,0.207547,0.792453,0.113208,0.962264,0.150943,0.679245,0.188679,0.471698,-0.037736,0.754717,-0.132075,0.943396,-0.037736,0.622642,0.018868,0.415094,-0.245283,0.660377,-0.339623,0.849057,-0.226415,0.584906,-0.132075,0.415094,-0.433962,0.528302,-0.584906,0.735849,-0.660377,0.849057,-0.735849,0.981132
Y,Right,legacy_bisindo_Y_984,0.000000,0.000000,0.275862,-0.172414,0.517241,-0.448276,0.620690,-0.706897,0.706897,-0.931034,0.120690,-0.741379,0.068966,-0.896552,0.103448,-0.655172,0.120690,-0.448276,-0.086207,-0.689655,-0.120690,-0.862069,-0.051724,-0.586207,-0.017241,-0.413793,-0.275862,-0.603448,-0.344828,-0.793103,-0.241379,-0.568966,-0.172414,-0.396552,-0.448276,-0.482759,-0.620690,-0.706897,-0.706897,-0.827586,-0.793103,-1.000000
Y,Right,legacy_bisindo_Y_985,0.000000,0.000000,0.333333,0.129630,0.592593,0.444444,0.703704,0.759259,0.796296,0.981481,0.185185,0.777778,0.111111,0.907407,0.129630,0.629630,0.148148,0.425926,-0.074074,0.740741,-0.129630,0.907407,-0.055556,0.592593,-0.018519,0.388889,-0.277778,0.666667,-0.351852,0.833333,-0.240741,0.555556,-0.148148,0.388889,-0.444444,0.518519,-0.611111,0.740741,-0.703704,0.851852,-0.777778,1.000000
Y,Right,legacy_bisindo_Y_986,0.000000,0.000000,0.320755,-0.150943,0.603774,-0.471698,0.735849,-0.773585,0.830189,-1.000000,0.188679,-0.754717,0.150943,-0.962264,0.150943,-0.698113,0.169811,-0.490566,-0.037736,-0.698113,-0.094340,-0.924528,-0.018868,-0.641509,0.018868,-0.452830,-0.245283,-0.603774,-0.339623,-0.849057,-0.245283,-0.622642,-0.169811,-0.452830,-0.433962,-0.490566,-0.603774,-0.716981,-0.660377,-0.792453,-0.735849,-0.905660
Y,Right,legacy_bisindo_Y_987,0.000000,0.000000,0.358491,0.132075,0.622642,0.452830,0.735849,0.754717,0.849057,1.000000,0.207547,0.773585,0.113208,0.924528,0.150943,0.660377,0.169811,0.452830,-0.056604,0.735849,-0.132075,0.924528,-0.056604,0.622642,0.000000,0.415094,-0.264151,0.641509,-0.358491,0.830189,-0.245283,0.584906,-0.150943,0.396226,-0.433962,0.528302,-0.622642,0.735849,-0.698113,0.830189,-0.773585,0.962264
Y,Right,legacy_bisindo_Y_988,0.000000,0.000000,0.263158,-0.157895,0.508772,-0.456140,0.631579,-0.719298,0.719298,-0.929825,0.122807,-0.754386,0.087719,-0.912281,0.105263,-0.649123,0.105263,-0.438596,-0.105263,-0.701754,-0.140351,-0.877193,-0.070175,-0.578947,-0.035088,-0.403509,-0.298246,-0.614035,-0.350877,-0.789474,-0.245614,-0.561404,-0.175439,-0.403509,-0.456140,-0.491228,-0.631579,-0.701754,-0.736842,-0.842105,-0.842105,-1.000000
Y,Right,legacy_bisindo_Y_989,0.000000,0.000000,0.327273,0.109091,0.600000,0.418182,0.709091,0.709091,0.800000,0.927273,0.181818,0.763636,0.127273,0.854545,0.145455,0.600000,0.163636,0.400000,-0.072727,0.727273,-0.127273,0.854545,-0.036364,0.563636,0.000000,0.381818,-0.272727,0.636364,-0.345455,0.781818,-0.218182,0.545455,-0.109091,0.381818,-0.436364,0.509091,-0.618182,0.709091,-0.709091,0.836364,-0.800000,1.000000
Y,Right,legacy_bisindo_Y_990,0.000000,0.000000,0.314815,-0.148148,0.555556,-0.444444,0.685185,-0.740741,0.777778,-0.962963,0.148148,-0.759259,0.092593,-0.925926,0.148148,-0.666667,0.166667,-0.462963,-0.074074,-0.703704,-0.129630,-0.888889,-0.037037,-0.592593,0.018519,-0.425926,-0.277778,-0.611111,-0.351852,-0.796296,-0.240741,-0.574074,-0.166667,-0.407407,-0.462963,-0.481481,-0.629630,-0.703704,-0.740741,-0.833333,-0.851852,-1.000000
Y,Right,legacy_bisindo_Y_991,0.000000,0.000000,0.333333,0.137255,0.607843,0.450980,0.725490,0.745098,0.823529,1.000000,0.196078,0.784314,0.098039,0.941176,0.117647,0.666667,0.117647,0.450980,-0.078431,0.745098,-0.156863,0.941176,-0.098039,0.627451,-0.058824,0.450980,-0.294118,0.647059,-0.372549,0.823529,-0.294118,0.568627,-0.215686,0.431373,-0.470588,0.509804,-0.607843,0.686275,-0.647059,0.666667,-0.666667,0.686275
Y,Right,legacy_bisindo_Y_992,0.000000,0.000000,0.314815,-0.148148,0.592593,-0.462963,0.722222,-0.759259,0.833333,-1.000000,0.222222,-0.722222,0.148148,-0.925926,0.166667,-0.666667,0.166667,-0.444444,-0.037037,-0.685185,-0.092593,-0.907407,-0.037037,-0.611111,0.000000,-0.407407,-0.240741,-0.592593,-0.333333,-0.833333,-0.259259,-0.574074,-0.185185,-0.407407,-0.407407,-0.481481,-0.592593,-0.703704,-0.666667,-0.759259,-0.722222,-0.833333
Y,Right,legacy_bisindo_Y_993,0.000000,0.000000,0.365385,0.134615,0.634615,0.461538,0.730769,0.769231,0.846154,1.000000,0.211538,0.769231,0.115385,0.923077,0.153846,0.653846,0.173077,0.423077,-0.057692,0.711538,-0.134615,0.923077,-0.057692,0.596154,0.000000,0.384615,-0.269231,0.615385,-0.365385,0.807692,-0.250000,0.557692,-0.153846,0.365385,-0.461538,0.500000,-0.634615,0.692308,-0.711538,0.769231,-0.769231,0.884615
Y,Right,legacy_bisindo_Y_994,0.000000,0.000000,0.250000,-0.307692,0.461538,-0.538462,0.557692,-0.807692,0.596154,-1.000000,0.096154,-0.750000,0.000000,-0.942308,0.038462,-0.750000,0.096154,-0.596154,-0.096154,-0.692308,-0.173077,-0.903846,-0.096154,-0.653846,-0.038462,-0.538462,-0.269231,-0.615385,-0.346154,-0.807692,-0.269231,-0.596154,-0.192308,-0.461538,-0.384615,-0.500000,-0.557692,-0.711538,-0.653846,-0.826923,-0.750000,-0.980769
Y,Right,legacy_bisindo_Y_995,0.000000,0.000000,0.288462,0.269231,0.480769,0.519231,0.576923,0.788462,0.615385,1.000000,0.134615,0.750000,0.038462,0.923077,0.057692,0.711538,0.096154,0.557692,-0.076923,0.711538,-0.153846,0.884615,-0.096154,0.634615,-0.019231,0.500000,-0.250000,0.615385,-0.326923,0.769231,-0.230769,0.576923,-0.134615,0.442308,-0.403846,0.500000,-0.557692,0.692308,-0.653846,0.807692,-0.730769,0.942308
Y,Right,legacy_bisindo_Y_996,0.000000,0.000000,0.339623,-0.132075,0.622642,-0.452830,0.754717,-0.754717,0.849057,-1.000000,0.226415,-0.735849,0.150943,-0.924528,0.169811,-0.660377,0.169811,-0.452830,-0.018868,-0.698113,-0.113208,-0.905660,-0.037736,-0.622642,0.018868,-0.433962,-0.226415,-0.603774,-0.320755,-0.830189,-0.245283,-0.584906,-0.169811,-0.415094,-0.415094,-0.490566,-0.547170,-0.698113,-0.547170,-0.603774,-0.528302,-0.547170
Y,Right,legacy_bisindo_Y_997,0.000000,0.000000,-0.340909,-0.045455,-0.636364,-0.295455,-0.863636,-0.568182,-1.000000,-0.772727,-0.363636,-0.363636,-0.340909,-0.568182,-0.318182,-0.431818,-0.318182,-0.250000,-0.090909,-0.431818,-0.113636,-0.636364,-0.090909,-0.431818,-0.090909,-0.250000,0.159091,-0.409091,0.113636,-0.613636,0.159091,-0.409091,0.159091,-0.250000,0.363636,-0.340909,0.363636,-0.454545,0.409091,-0.318182,0.431818,-0.227273
Y,Right,legacy_bisindo_Y_998,0.000000,0.000000,0.320755,-0.150943,0.622642,-0.452830,0.754717,-0.754717,0.867925,-1.000000,0.264151,-0.716981,0.188679,-0.943396,0.188679,-0.679245,0.188679,-0.471698,0.000000,-0.679245,-0.056604,-0.905660,0.000000,-0.622642,0.037736,-0.433962,-0.207547,-0.584906,-0.283019,-0.830189,-0.207547,-0.584906,-0.150943,-0.415094,-0.377358,-0.471698,-0.528302,-0.679245,-0.509434,-0.566038,-0.490566,-0.452830
Y,Right,legacy_bisindo_Y_999,0.000000,0.000000,0.377358,0.132075,0.641509,0.452830,0.735849,0.754717,0.830189,1.000000,0.226415,0.773585,0.113208,0.924528,0.132075,0.660377,0.169811,0.452830,-0.037736,0.716981,-0.150943,0.886792,-0.075472,0.584906,-0.018868,0.396226,-0.245283,0.622642,-0.358491,0.792453,-0.264151,0.547170,-0.169811,0.396226,-0.415094,0.490566,-0.603774,0.698113,-0.679245,0.773585,-0.735849,0.886792
Y,Right,legacy_bisindo_Y_1000,0.000000,0.000000,0.314815,-0.148148,0.592593,-0.444444,0.703704,-0.759259,0.796296,-1.000000,0.185185,-0.722222,0.092593,-0.925926,0.111111,-0.666667,0.148148,-0.462963,-0.055556,-0.685185,-0.148148,-0.870370,-0.074074,-0.592593,-0.018519,-0.425926,-0.259259,-0.592593,-0.370370,-0.777778,-0.277778,-0.555556,-0.203704,-0.407407,-0.425926,-0.481481,-0.611111,-0.685185,-0.685185,-0.740741,-0.759259,-0.833333
Y,Right,legacy_bisindo_Y_1001,0.000000,0.000000,0.360000,0.120000,0.620000,0.440000,0.740000,0.760000,0.860000,1.000000,0.180000,0.800000,0.080000,0.920000,0.100000,0.640000,0.120000,0.440000,-0.080000,0.740000,-0.180000,0.900000,-0.100000,0.580000,-0.040000,0.400000,-0.300000,0.640000,-0.400000,0.800000,-0.300000,0.540000,-0.180000,0.380000,-0.480000,0.520000,-0.680000,0.720000,-0.800000,0.820000,-0.880000,0.960000
Y,Right,legacy_bisindo_Y_1002,0.000000,0.000000,0.320755,-0.150943,0.584906,-0.452830,0.698113,-0.754717,0.773585,-1.000000,0.169811,-0.735849,0.075472,-0.924528,0.094340,-0.660377,0.132075,-0.452830,-0.094340,-0.679245,-0.150943,-0.886792,-0.094340,-0.584906,-0.037736,-0.415094,-0.283019,-0.584906,-0.377358,-0.792453,-0.301887,-0.566038,-0.226415,-0.396226,-0.452830,-0.471698,-0.641509,-0.679245,-0.735849,-0.773585,-0.830189,-0.886792
Y,Right,legacy_bisindo_Y_1003,0.000000,0.000000,0.352941,0.117647,0.627451,0.431373,0.725490,0.745098,0.823529,1.000000,0.215686,0.784314,0.098039,0.941176,0.117647,0.666667,0.117647,0.450980,-0.039216,0.725490,-0.137255,0.901961,-0.098039,0.588235,-0.039216,0.392157,-0.254902,0.627451,-0.333333,0.803922,-0.274510,0.529412,-0.196078,0.352941,-0.411765,0.509804,-0.509804,0.666667,-0.450980,0.470588,-0.372549,0.352941
Y,Right,legacy_bisindo_Y_1004,0.000000,0.000000,0.296296,-0.148148,0.555556,-0.444444,0.648148,-0.740741,0.740741,-1.000000,0.148148,-0.740741,0.055556,-0.888889,0.092593,-0.629630,0.129630,-0.407407,-0.092593,-0.666667,-0.166667,-0.833333,-0.092593,-0.537037,-0.037037,-0.351852,-0.296296,-0.574074,-0.388889,-0.740741,-0.314815,-0.518519,-0.240741,-0.351852,-0.462963,-0.444444,-0.629630,-0.648148,-0.740741,-0.740741,-0.833333,-0.870370
Y,Right,legacy_bisindo_Y_1005,0.000000,0.000000,0.346154,0.134615,0.596154,0.442308,0.692308,0.750000,0.807692,1.000000,0.173077,0.769231,0.076923,0.865385,0.096154,0.596154,0.115385,0.403846,-0.096154,0.692308,-0.173077,0.846154,-0.096154,0.538462,-0.057692,0.346154,-0.288462,0.596154,-0.365385,0.769231,-0.288462,0.519231,-0.211538,0.346154,-0.461538,0.461538,-0.634615,0.673077,-0.730769,0.730769,-0.807692,0.826923
Y,Right,legacy_bisindo_Y_1006,0.000000,0.000000,0.301887,-0.169811,0.547170,-0.452830,0.641509,-0.754717,0.716981,-1.000000,0.113208,-0.735849,0.000000,-0.905660,0.056604,-0.641509,0.094340,-0.433962,-0.132075,-0.679245,-0.188679,-0.830189,-0.113208,-0.547170,-0.056604,-0.358491,-0.339623,-0.584906,-0.415094,-0.754717,-0.301887,-0.528302,-0.226415,-0.358491,-0.490566,-0.452830,-0.679245,-0.660377,-0.811321,-0.773585,-0.924528,-0.924528
Y,Right,legacy_bisindo_Y_1007,0.000000,0.000000,0.346154,0.134615,0.596154,0.442308,0.673077,0.750000,0.788462,1.000000,0.153846,0.769231,0.076923,0.865385,0.096154,0.596154,0.096154,0.384615,-0.096154,0.711538,-0.173077,0.846154,-0.096154,0.538462,-0.057692,0.307692,-0.307692,0.615385,-0.384615,0.750000,-0.269231,0.500000,-0.192308,0.307692,-0.480769,0.480769,-0.673077,0.673077,-0.807692,0.788462,-0.923077,0.942308
Y,Right,legacy_bisindo_Y_1008,0.000000,0.000000,0.313725,-0.156863,0.568627,-0.450980,0.666667,-0.764706,0.745098,-1.000000,0.117647,-0.745098,0.019608,-0.901961,0.058824,-0.627451,0.098039,-0.431373,-0.117647,-0.666667,-0.215686,-0.843137,-0.117647,-0.549020,-0.058824,-0.352941,-0.333333,-0.568627,-0.411765,-0.745098,-0.333333,-0.509804,-0.254902,-0.352941,-0.490196,-0.450980,-0.666667,-0.627451,-0.764706,-0.686275,-0.843137,-0.764706
Y,Right,legacy_bisindo_Y_1009,0.000000,0.000000,0.352941,0.117647,0.588235,0.450980,0.686275,0.745098,0.784314,1.000000,0.137255,0.745098,0.058824,0.843137,0.078431,0.588235,0.078431,0.372549,-0.117647,0.686275,-0.176471,0.823529,-0.117647,0.509804,-0.078431,0.294118,-0.333333,0.568627,-0.411765,0.745098,-0.313725,0.490196,-0.235294,0.313725,-0.490196,0.431373,-0.686275,0.647059,-0.823529,0.764706,-0.921569,0.901961
Y,Right,legacy_bisindo_Y_1010,0.000000,0.000000,0.313725,-0.137255,0.607843,-0.431373,0.745098,-0.745098,0.843137,-1.000000,0.235294,-0.705882,0.117647,-0.921569,0.137255,-0.647059,0.156863,-0.431373,-0.039216,-0.647059,-0.137255,-0.862745,-0.058824,-0.588235,0.000000,-0.392157,-0.235294,-0.549020,-0.333333,-0.764706,-0.254902,-0.529412,-0.176471,-0.352941,-0.411765,-0.431373,-0.509804,-0.627451,-0.450980,-0.450980,-0.392157,-0.313725
Y,Right,legacy_bisindo_Y_1011,0.000000,0.000000,0.352941,0.137255,0.607843,0.450980,0.705882,0.764706,0.784314,1.000000,0.196078,0.764706,0.058824,0.921569,0.098039,0.647059,0.117647,0.450980,-0.058824,0.686275,-0.176471,0.862745,-0.117647,0.549020,-0.058824,0.352941,-0.274510,0.568627,-0.372549,0.745098,-0.294118,0.490196,-0.215686,0.313725,-0.431373,0.450980,-0.549020,0.588235,-0.509804,0.431373,-0.450980,0.333333
Y,Right,legacy_bisindo_Y_1012,0.000000,0.000000,0.301887,-0.113208,0.584906,-0.415094,0.698113,-0.754717,0.773585,-1.000000,0.207547,-0.698113,0.094340,-0.886792,0.094340,-0.603774,0.132075,-0.415094,-0.056604,-0.660377,-0.150943,-0.849057,-0.075472,-0.547170,-0.018868,-0.377358,-0.264151,-0.584906,-0.339623,-0.773585,-0.264151,-0.490566,-0.188679,-0.339623,-0.415094,-0.490566,-0.509434,-0.641509,-0.452830,-0.452830,-0.396226,-0.320755
Y,Right,legacy_bisindo_Y_1013,0.000000,0.000000,0.360000,0.120000,0.620000,0.440000,0.700000,0.760000,0.800000,1.000000,0.180000,0.760000,0.060000,0.900000,0.080000,0.640000,0.100000,0.420000,-0.100000,0.680000,-0.180000,0.860000,-0.120000,0.540000,-0.060000,0.300000,-0.300000,0.580000,-0.400000,0.740000,-0.300000,0.480000,-0.220000,0.280000,-0.460000,0.460000,-0.580000,0.600000,-0.580000,0.500000,-0.580000,0.420000
Y,Right,legacy_bisindo_Y_1014,0.000000,0.000000,0.313725,-0.176471,0.549020,-0.450980,0.647059,-0.764706,0.725490,-1.000000,0.117647,-0.764706,0.000000,-0.882353,0.039216,-0.607843,0.098039,-0.392157,-0.137255,-0.686275,-0.215686,-0.843137,-0.137255,-0.529412,-0.078431,-0.333333,-0.352941,-0.588235,-0.450980,-0.745098,-0.352941,-0.509804,-0.254902,-0.333333,-0.529412,-0.450980,-0.725490,-0.647059,-0.862745,-0.745098,-1.000000,-0.882353
Y,Right,legacy_bisindo_Y_1015,0.000000,0.000000,0.326923,0.134615,0.557692,0.442308,0.634615,0.750000,0.730769,1.000000,0.134615,0.730769,0.038462,0.865385,0.038462,0.615385,0.038462,0.403846,-0.115385,0.673077,-0.192308,0.846154,-0.115385,0.538462,-0.096154,0.326923,-0.326923,0.576923,-0.403846,0.730769,-0.288462,0.480769,-0.230769,0.307692,-0.480769,0.442308,-0.692308,0.653846,-0.826923,0.769231,-0.961538,0.903846
Y,Right,legacy_bisindo_Y_1016,0.000000,0.000000,0.288462,0.288462,0.500000,0.519231,0.576923,0.807692,0.615385,1.000000,0.134615,0.750000,0.057692,0.923077,0.076923,0.730769,0.115385,0.557692,-0.076923,0.711538,-0.153846,0.884615,-0.076923,0.634615,0.000000,0.519231,-0.250000,0.615385,-0.326923,0.769231,-0.230769,0.576923,-0.153846,0.442308,-0.384615,0.500000,-0.538462,0.692308,-0.634615,0.807692,-0.730769,0.942308
Y,Right,legacy_bisindo_Y_1017,0.000000,0.000000,0.342105,0.052632,0.605263,-0.263158,0.763158,-0.657895,0.789474,-1.000000,0.289474,-0.500000,0.236842,-0.684211,0.210526,-0.473684,0.157895,-0.315789,-0.026316,-0.552632,-0.078947,-0.684211,-0.105263,-0.394737,-0.157895,-0.236842,-0.263158,-0.526316,-0.368421,-0.657895,-0.342105,-0.421053,-0.368421,-0.263158,-0.500000,-0.421053,-0.710526,-0.605263,-0.815789,-0.526316,-0.947368,-0.526316
Y,Right,legacy_bisindo_Y_1018,0.000000,0.000000,0.358491,0.132075,0.584906,0.452830,0.679245,0.754717,0.773585,1.000000,0.207547,0.735849,0.056604,0.886792,0.094340,0.622642,0.150943,0.433962,-0.056604,0.660377,-0.169811,0.849057,-0.094340,0.547170,-0.037736,0.339623,-0.264151,0.566038,-0.358491,0.735849,-0.264151,0.471698,-0.188679,0.301887,-0.415094,0.452830,-0.509434,0.584906,-0.471698,0.433962,-0.415094,0.339623
Y,Right,legacy_bisindo_Y_1019,0.000000,0.000000,0.277778,-0.166667,0.500000,-0.462963,0.592593,-0.759259,0.666667,-1.000000,0.092593,-0.740741,-0.037037,-0.888889,0.018519,-0.629630,0.074074,-0.425926,-0.148148,-0.666667,-0.222222,-0.814815,-0.129630,-0.537037,-0.074074,-0.370370,-0.351852,-0.574074,-0.444444,-0.759259,-0.333333,-0.518519,-0.240741,-0.351852,-0.500000,-0.444444,-0.703704,-0.648148,-0.833333,-0.759259,-0.944444,-0.907407
Y,Right,legacy_bisindo_Y_1020,0.000000,0.000000,0.339623,0.150943,0.566038,0.452830,0.660377,0.754717,0.735849,1.000000,0.150943,0.754717,0.037736,0.867925,0.056604,0.603774,0.075472,0.396226,-0.113208,0.698113,-0.169811,0.830189,-0.113208,0.528302,-0.075472,0.320755,-0.320755,0.603774,-0.377358,0.754717,-0.301887,0.509434,-0.207547,0.339623,-0.471698,0.471698,-0.660377,0.660377,-0.792453,0.773585,-0.905660,0.905660
Y,Right,legacy_bisindo_Y_1021,0.000000,0.000000,0.277778,-0.166667,0.518519,-0.462963,0.611111,-0.759259,0.685185,-1.000000,0.111111,-0.759259,0.000000,-0.888889,0.037037,-0.648148,0.092593,-0.444444,-0.129630,-0.685185,-0.203704,-0.833333,-0.111111,-0.555556,-0.055556,-0.388889,-0.314815,-0.574074,-0.407407,-0.740741,-0.314815,-0.518519,-0.240741,-0.370370,-0.481481,-0.444444,-0.666667,-0.648148,-0.796296,-0.759259,-0.907407,-0.888889
Y,Right,legacy_bisindo_Y_1022,0.000000,0.000000,0.339623,0.150943,0.603774,0.452830,0.679245,0.754717,0.773585,1.000000,0.169811,0.773585,0.056604,0.867925,0.094340,0.603774,0.113208,0.415094,-0.094340,0.716981,-0.169811,0.830189,-0.094340,0.528302,-0.075472,0.339623,-0.283019,0.622642,-0.377358,0.754717,-0.283019,0.509434,-0.188679,0.339623,-0.452830,0.490566,-0.641509,0.679245,-0.773585,0.792453,-0.867925,0.905660
Y,Right,legacy_bisindo_Y_1023,0.000000,0.000000,0.285714,-0.160714,0.517857,-0.464286,0.607143,-0.767857,0.696429,-1.000000,0.125000,-0.732143,0.017857,-0.892857,0.053571,-0.625000,0.089286,-0.446429,-0.107143,-0.678571,-0.178571,-0.839286,-0.107143,-0.553571,-0.071429,-0.375000,-0.303571,-0.571429,-0.392857,-0.750000,-0.285714,-0.517857,-0.214286,-0.357143,-0.464286,-0.446429,-0.642857,-0.642857,-0.750000,-0.750000,-0.857143,-0.892857
Y,Right,legacy_bisindo_Y_1024,0.000000,0.000000,0.345455,0.145455,0.563636,0.454545,0.636364,0.745455,0.709091,1.000000,0.163636,0.763636,0.018182,0.854545,0.054545,0.600000,0.090909,0.418182,-0.090909,0.690909,-0.200000,0.818182,-0.127273,0.545455,-0.072727,0.345455,-0.290909,0.600000,-0.400000,0.727273,-0.272727,0.490909,-0.181818,0.327273,-0.436364,0.490909,-0.636364,0.654545,-0.763636,0.763636,-0.872727,0.890909
Y,Right,legacy_bisindo_Y_1025,0.000000,0.000000,0.298246,-0.175439,0.526316,-0.473684,0.596491,-0.754386,0.666667,-1.000000,0.122807,-0.736842,0.000000,-0.894737,0.052632,-0.649123,0.105263,-0.456140,-0.105263,-0.666667,-0.192982,-0.824561,-0.105263,-0.561404,-0.035088,-0.385965,-0.298246,-0.578947,-0.403509,-0.754386,-0.298246,-0.543860,-0.210526,-0.385965,-0.456140,-0.456140,-0.649123,-0.649123,-0.736842,-0.736842,-0.842105,-0.877193
Y,Right,legacy_bisindo_Y_1026,0.000000,0.000000,0.351852,0.148148,0.592593,0.444444,0.648148,0.759259,0.740741,1.000000,0.185185,0.777778,0.055556,0.870370,0.074074,0.611111,0.111111,0.425926,-0.074074,0.703704,-0.166667,0.833333,-0.092593,0.537037,-0.055556,0.351852,-0.277778,0.629630,-0.388889,0.759259,-0.277778,0.518519,-0.185185,0.351852,-0.444444,0.500000,-0.629630,0.666667,-0.759259,0.777778,-0.870370,0.907407
Y,Right,legacy_bisindo_Y_1027,0.000000,0.000000,0.285714,-0.178571,0.517857,-0.464286,0.589286,-0.767857,0.660714,-1.000000,0.125000,-0.750000,0.000000,-0.892857,0.035714,-0.642857,0.089286,-0.446429,-0.125000,-0.696429,-0.196429,-0.839286,-0.125000,-0.553571,-0.071429,-0.375000,-0.321429,-0.589286,-0.428571,-0.750000,-0.321429,-0.517857,-0.232143,-0.357143,-0.482143,-0.464286,-0.678571,-0.660714,-0.785714,-0.767857,-0.892857,-0.892857
Y,Right,legacy_bisindo_Y_1028,0.000000,0.000000,0.327273,0.145455,0.563636,0.454545,0.636364,0.745455,0.709091,1.000000,0.163636,0.781818,0.036364,0.872727,0.054545,0.600000,0.072727,0.418182,-0.090909,0.709091,-0.200000,0.818182,-0.127273,0.527273,-0.090909,0.345455,-0.290909,0.618182,-0.400000,0.745455,-0.309091,0.509091,-0.200000,0.345455,-0.454545,0.490909,-0.636364,0.672727,-0.763636,0.781818,-0.854545,0.890909
Y,Right,legacy_bisindo_Y_1029,0.000000,0.000000,0.290909,-0.200000,0.527273,-0.472727,0.600000,-0.781818,0.672727,-1.000000,0.109091,-0.781818,0.000000,-0.890909,0.054545,-0.636364,0.109091,-0.436364,-0.127273,-0.709091,-0.218182,-0.836364,-0.127273,-0.545455,-0.054545,-0.363636,-0.327273,-0.618182,-0.418182,-0.745455,-0.309091,-0.509091,-0.218182,-0.345455,-0.490909,-0.472727,-0.690909,-0.654545,-0.800000,-0.745455,-0.909091,-0.890909
Y,Right,legacy_bisindo_Y_1030,0.000000,0.000000,0.315789,0.175439,0.543860,0.473684,0.614035,0.754386,0.684211,1.000000,0.157895,0.771930,0.017544,0.859649,0.052632,0.614035,0.087719,0.421053,-0.087719,0.701754,-0.192982,0.824561,-0.122807,0.543860,-0.070175,0.333333,-0.280702,0.614035,-0.385965,0.736842,-0.280702,0.508772,-0.175439,0.333333,-0.438596,0.473684,-0.614035,0.666667,-0.754386,0.771930,-0.842105,0.894737
Y,Right,legacy_bisindo_Y_1031,0.000000,0.000000,0.298246,-0.175439,0.508772,-0.473684,0.578947,-0.771930,0.666667,-1.000000,0.140351,-0.719298,0.000000,-0.894737,0.035088,-0.631579,0.087719,-0.438596,-0.105263,-0.666667,-0.192982,-0.824561,-0.122807,-0.561404,-0.070175,-0.385965,-0.298246,-0.561404,-0.403509,-0.754386,-0.315789,-0.543860,-0.228070,-0.368421,-0.456140,-0.438596,-0.649123,-0.649123,-0.771930,-0.771930,-0.877193,-0.894737
Y,Right,legacy_bisindo_Y_1032,0.000000,0.000000,0.333333,0.175439,0.543860,0.473684,0.614035,0.771930,0.684211,1.000000,0.210526,0.736842,0.052632,0.877193,0.070175,0.631579,0.105263,0.456140,-0.035088,0.684211,-0.140351,0.824561,-0.105263,0.543860,-0.052632,0.368421,-0.228070,0.596491,-0.315789,0.736842,-0.245614,0.508772,-0.175439,0.333333,-0.368421,0.508772,-0.456140,0.649123,-0.421053,0.491228,-0.368421,0.385965
Y,Right,legacy_bisindo_Y_1033,0.000000,0.000000,0.271186,-0.203390,0.474576,-0.474576,0.525424,-0.779661,0.593220,-1.000000,0.084746,-0.762712,-0.016949,-0.864407,0.016949,-0.627119,0.067797,-0.440678,-0.135593,-0.694915,-0.220339,-0.813559,-0.135593,-0.542373,-0.067797,-0.372881,-0.322034,-0.593220,-0.423729,-0.728814,-0.305085,-0.525424,-0.220339,-0.372881,-0.474576,-0.457627,-0.644068,-0.644068,-0.762712,-0.745763,-0.864407,-0.864407
Y,Right,legacy_bisindo_Y_1034,0.000000,0.000000,0.333333,0.157895,0.543860,0.456140,0.596491,0.754386,0.649123,1.000000,0.175439,0.771930,0.000000,0.842105,0.035088,0.596491,0.087719,0.403509,-0.087719,0.701754,-0.210526,0.789474,-0.140351,0.508772,-0.087719,0.315789,-0.280702,0.614035,-0.403509,0.719298,-0.298246,0.473684,-0.192982,0.315789,-0.438596,0.508772,-0.614035,0.684211,-0.736842,0.771930,-0.824561,0.894737
Y,Right,legacy_bisindo_Y_1035,0.000000,0.000000,0.250000,-0.200000,0.450000,-0.483333,0.500000,-0.783333,0.550000,-1.000000,0.066667,-0.716667,-0.050000,-0.866667,0.016667,-0.616667,0.066667,-0.450000,-0.150000,-0.650000,-0.233333,-0.800000,-0.133333,-0.533333,-0.083333,-0.383333,-0.316667,-0.550000,-0.433333,-0.733333,-0.316667,-0.516667,-0.233333,-0.366667,-0.466667,-0.433333,-0.650000,-0.616667,-0.766667,-0.716667,-0.866667,-0.850000
Y,Right,legacy_bisindo_Y_1036,0.000000,0.000000,0.310345,0.172414,0.534483,0.465517,0.586207,0.775862,0.655172,1.000000,0.137931,0.758621,0.000000,0.862069,0.034483,0.620690,0.086207,0.448276,-0.086207,0.689655,-0.189655,0.810345,-0.120690,0.534483,-0.068966,0.362069,-0.275862,0.603448,-0.379310,0.724138,-0.275862,0.500000,-0.172414,0.344828,-0.431034,0.465517,-0.620690,0.655172,-0.741379,0.758621,-0.827586,0.879310
Y,Right,legacy_bisindo_Y_1037,0.000000,0.000000,0.283019,0.264151,0.490566,0.509434,0.566038,0.792453,0.622642,1.000000,0.132075,0.754717,0.037736,0.924528,0.056604,0.716981,0.094340,0.547170,-0.094340,0.698113,-0.150943,0.867925,-0.075472,0.641509,-0.018868,0.509434,-0.245283,0.603774,-0.320755,0.754717,-0.226415,0.566038,-0.132075,0.452830,-0.377358,0.490566,-0.528302,0.679245,-0.622642,0.792453,-0.716981,0.924528
Y,Right,legacy_bisindo_Y_1038,0.000000,0.000000,0.250000,0.166667,0.500000,-0.027778,0.638889,-0.416667,0.694444,-0.722222,0.277778,-0.111111,0.111111,-0.027778,-0.083333,0.111111,-0.305556,0.166667,-0.027778,-0.194444,-0.250000,-0.138889,-0.444444,0.027778,-0.638889,0.083333,-0.277778,-0.222222,-0.527778,-0.194444,-0.694444,-0.055556,-0.861111,0.000000,-0.500000,-0.222222,-0.722222,-0.194444,-0.888889,-0.111111,-1.000000,-0.083333
Y,Right,legacy_bisindo_Y_1039,0.000000,0.000000,0.315789,0.175439,0.543860,0.473684,0.596491,0.771930,0.649123,1.000000,0.175439,0.754386,0.035088,0.859649,0.052632,0.614035,0.087719,0.438596,-0.052632,0.684211,-0.175439,0.824561,-0.122807,0.543860,-0.052632,0.368421,-0.245614,0.578947,-0.350877,0.719298,-0.263158,0.491228,-0.175439,0.333333,-0.385965,0.456140,-0.491228,0.578947,-0.438596,0.438596,-0.368421,0.333333
Y,Right,legacy_bisindo_Y_1040,0.000000,0.000000,0.258621,-0.155172,0.500000,-0.465517,0.568966,-0.758621,0.637931,-1.000000,0.155172,-0.689655,0.034483,-0.844828,0.051724,-0.603448,0.086207,-0.413793,-0.086207,-0.637931,-0.172414,-0.793103,-0.103448,-0.517241,-0.051724,-0.344828,-0.258621,-0.534483,-0.379310,-0.689655,-0.275862,-0.448276,-0.206897,-0.310345,-0.413793,-0.431034,-0.551724,-0.568966,-0.517241,-0.431034,-0.482759,-0.327586
Y,Right,legacy_bisindo_Y_1041,0.000000,0.000000,0.315789,0.157895,0.526316,0.473684,0.596491,0.771930,0.649123,1.000000,0.157895,0.754386,0.000000,0.877193,0.035088,0.631579,0.070175,0.456140,-0.070175,0.684211,-0.192982,0.842105,-0.122807,0.543860,-0.070175,0.368421,-0.245614,0.578947,-0.350877,0.719298,-0.263158,0.491228,-0.192982,0.333333,-0.385965,0.456140,-0.473684,0.596491,-0.421053,0.438596,-0.333333,0.315789
Y,Right,legacy_bisindo_Y_1042,0.000000,0.000000,0.293103,-0.137931,0.568966,-0.431034,0.672414,-0.758621,0.724138,-1.000000,0.310345,-0.655172,0.189655,-0.862069,0.172414,-0.603448,0.189655,-0.448276,0.068966,-0.620690,0.000000,-0.810345,0.034483,-0.534483,0.068966,-0.379310,-0.103448,-0.568966,-0.189655,-0.758621,-0.137931,-0.500000,-0.086207,-0.327586,-0.258621,-0.500000,-0.344828,-0.672414,-0.293103,-0.465517,-0.241379,-0.327586
Y,Right,legacy_bisindo_Y_1043,0.000000,0.000000,0.333333,0.166667,0.550000,0.466667,0.616667,0.766667,0.683333,1.000000,0.216667,0.733333,0.066667,0.833333,0.100000,0.600000,0.133333,0.433333,-0.033333,0.666667,-0.133333,0.800000,-0.066667,0.533333,-0.016667,0.366667,-0.200000,0.566667,-0.283333,0.700000,-0.200000,0.466667,-0.133333,0.300000,-0.333333,0.466667,-0.400000,0.583333,-0.350000,0.433333,-0.283333,0.300000
Y,Right,legacy_bisindo_Y_1044,0.000000,0.000000,0.271186,-0.169492,0.525424,-0.457627,0.610169,-0.762712,0.661017,-1.000000,0.203390,-0.694915,0.067797,-0.864407,0.084746,-0.627119,0.135593,-0.440678,-0.033898,-0.644068,-0.135593,-0.813559,-0.067797,-0.559322,-0.016949,-0.389831,-0.203390,-0.559322,-0.322034,-0.728814,-0.220339,-0.491525,-0.152542,-0.338983,-0.355932,-0.440678,-0.457627,-0.593220,-0.406780,-0.440678,-0.338983,-0.322034
Y,Right,legacy_bisindo_Y_1045,0.000000,0.000000,0.338983,0.169492,0.559322,0.474576,0.627119,0.779661,0.677966,1.000000,0.203390,0.745763,0.067797,0.864407,0.101695,0.627119,0.135593,0.457627,-0.033898,0.677966,-0.118644,0.830508,-0.067797,0.559322,0.000000,0.389831,-0.203390,0.593220,-0.271186,0.711864,-0.186441,0.474576,-0.118644,0.322034,-0.322034,0.491525,-0.389831,0.610169,-0.322034,0.457627,-0.254237,0.338983
Y,Right,legacy_bisindo_Y_1046,0.000000,0.000000,0.285714,-0.107143,0.589286,-0.428571,0.714286,-0.767857,0.732143,-1.000000,0.321429,-0.660714,0.232143,-0.857143,0.196429,-0.607143,0.232143,-0.428571,0.071429,-0.625000,0.017857,-0.839286,0.053571,-0.553571,0.071429,-0.375000,-0.107143,-0.571429,-0.178571,-0.785714,-0.125000,-0.500000,-0.089286,-0.321429,-0.285714,-0.500000,-0.357143,-0.660714,-0.321429,-0.464286,-0.267857,-0.339286
Y,Right,legacy_bisindo_Y_1047,0.000000,0.000000,0.322034,0.169492,0.525424,0.474576,0.593220,0.779661,0.661017,1.000000,0.186441,0.728814,0.050847,0.847458,0.084746,0.610169,0.118644,0.440678,-0.050847,0.661017,-0.152542,0.813559,-0.084746,0.525424,-0.033898,0.355932,-0.220339,0.576271,-0.288136,0.711864,-0.203390,0.457627,-0.135593,0.305085,-0.338983,0.474576,-0.423729,0.610169,-0.355932,0.457627,-0.271186,0.322034
Y,Right,legacy_bisindo_Y_1048,0.000000,0.000000,0.250000,-0.183333,0.483333,-0.466667,0.566667,-0.766667,0.616667,-1.000000,0.150000,-0.683333,0.033333,-0.833333,0.050000,-0.600000,0.083333,-0.433333,-0.066667,-0.616667,-0.166667,-0.783333,-0.100000,-0.533333,-0.050000,-0.366667,-0.250000,-0.533333,-0.350000,-0.683333,-0.250000,-0.466667,-0.183333,-0.316667,-0.383333,-0.433333,-0.483333,-0.566667,-0.433333,-0.416667,-0.366667,-0.300000
Y,Right,legacy_bisindo_Y_1049,0.000000,0.000000,0.322034,0.169492,0.525424,0.491525,0.593220,0.779661,0.644068,1.000000,0.186441,0.745763,0.016949,0.847458,0.050847,0.610169,0.101695,0.440678,-0.050847,0.661017,-0.186441,0.796610,-0.118644,0.525424,-0.050847,0.355932,-0.237288,0.542373,-0.355932,0.677966,-0.271186,0.457627,-0.169492,0.322034,-0.372881,0.423729,-0.491525,0.525424,-0.491525,0.423729,-0.457627,0.355932
Y,Right,legacy_bisindo_Y_1050,0.000000,0.000000,0.266667,-0.183333,0.500000,-0.450000,0.583333,-0.766667,0.633333,-1.000000,0.183333,-0.650000,0.083333,-0.833333,0.083333,-0.616667,0.133333,-0.466667,-0.016667,-0.600000,-0.100000,-0.800000,-0.033333,-0.550000,0.016667,-0.400000,-0.183333,-0.533333,-0.266667,-0.716667,-0.183333,-0.483333,-0.116667,-0.350000,-0.333333,-0.450000,-0.400000,-0.616667,-0.333333,-0.450000,-0.266667,-0.316667
Y,Right,legacy_bisindo_Y_1051,0.000000,0.000000,0.322034,0.135593,0.559322,0.457627,0.627119,0.779661,0.694915,1.000000,0.237288,0.728814,0.084746,0.864407,0.118644,0.627119,0.169492,0.457627,0.000000,0.661017,-0.101695,0.813559,-0.033898,0.542373,0.016949,0.406780,-0.152542,0.576271,-0.237288,0.711864,-0.169492,0.474576,-0.101695,0.338983,-0.288136,0.491525,-0.355932,0.610169,-0.305085,0.457627,-0.237288,0.338983
Y,Right,legacy_bisindo_Y_1052,0.000000,0.000000,0.258621,-0.189655,0.534483,-0.465517,0.637931,-0.775862,0.672414,-1.000000,0.258621,-0.655172,0.120690,-0.862069,0.120690,-0.637931,0.172414,-0.500000,0.034483,-0.620690,-0.051724,-0.827586,0.000000,-0.568966,0.051724,-0.431034,-0.137931,-0.568966,-0.241379,-0.758621,-0.172414,-0.517241,-0.103448,-0.362069,-0.293103,-0.500000,-0.379310,-0.672414,-0.327586,-0.500000,-0.275862,-0.362069
Y,Right,legacy_bisindo_Y_1053,0.000000,0.000000,0.322034,0.152542,0.525424,0.457627,0.610169,0.762712,0.661017,1.000000,0.220339,0.711864,0.067797,0.847458,0.084746,0.610169,0.135593,0.457627,-0.016949,0.661017,-0.118644,0.813559,-0.050847,0.542373,0.000000,0.389831,-0.169492,0.593220,-0.254237,0.728814,-0.186441,0.491525,-0.118644,0.338983,-0.305085,0.508475,-0.372881,0.661017,-0.322034,0.508475,-0.254237,0.372881
Y,Right,legacy_bisindo_Y_1054,0.000000,0.000000,0.263158,-0.175439,0.543860,-0.456140,0.649123,-0.754386,0.701754,-1.000000,0.245614,-0.649123,0.105263,-0.842105,0.105263,-0.614035,0.140351,-0.438596,0.000000,-0.596491,-0.087719,-0.789474,-0.052632,-0.543860,0.000000,-0.368421,-0.175439,-0.508772,-0.298246,-0.701754,-0.228070,-0.473684,-0.157895,-0.315789,-0.350877,-0.403509,-0.473684,-0.578947,-0.456140,-0.438596,-0.403509,-0.315789
Y,Right,legacy_bisindo_Y_1055,0.000000,0.000000,0.327869,0.163934,0.524590,0.475410,0.590164,0.770492,0.655738,1.000000,0.180328,0.704918,0.049180,0.819672,0.098361,0.606557,0.163934,0.442623,-0.049180,0.622951,-0.147541,0.786885,-0.065574,0.540984,0.000000,0.393443,-0.213115,0.524590,-0.311475,0.655738,-0.213115,0.459016,-0.131148,0.327869,-0.344262,0.426230,-0.442623,0.524590,-0.426230,0.426230,-0.409836,0.360656
Y,Right,legacy_bisindo_Y_1056,0.000000,0.000000,0.111111,-0.203704,0.296296,-0.388889,0.444444,-0.555556,0.518519,-0.666667,0.407407,-0.407407,0.481481,-0.648148,0.537037,-0.833333,0.555556,-1.000000,0.388889,-0.388889,0.481481,-0.648148,0.518519,-0.833333,0.555556,-1.000000,0.370370,-0.388889,0.462963,-0.629630,0.518519,-0.814815,0.537037,-0.962963,0.333333,-0.388889,0.425926,-0.592593,0.481481,-0.740741,0.518519,-0.851852
Y,Right,legacy_bisindo_Y_1057,0.000000,0.000000,0.226415,-0.301887,0.433962,-0.547170,0.528302,-0.811321,0.566038,-1.000000,0.075472,-0.754717,-0.018868,-0.924528,0.018868,-0.735849,0.075472,-0.584906,-0.113208,-0.716981,-0.188679,-0.905660,-0.113208,-0.641509,-0.056604,-0.566038,-0.264151,-0.622642,-0.358491,-0.792453,-0.264151,-0.584906,-0.169811,-0.452830,-0.396226,-0.509434,-0.566038,-0.698113,-0.660377,-0.811321,-0.754717,-0.962264
Y,Right,legacy_bisindo_Y_1058,0.000000,0.000000,0.259259,0.296296,0.444444,0.518519,0.537037,0.814815,0.574074,1.000000,0.111111,0.740741,0.018519,0.907407,0.018519,0.703704,0.074074,0.555556,-0.111111,0.703704,-0.166667,0.870370,-0.111111,0.629630,-0.055556,0.500000,-0.259259,0.611111,-0.333333,0.777778,-0.240741,0.592593,-0.166667,0.444444,-0.388889,0.481481,-0.555556,0.685185,-0.648148,0.796296,-0.722222,0.907407
Y,Right,legacy_bisindo_Y_1059,0.000000,0.000000,0.310345,0.172414,0.534483,0.500000,0.637931,0.793103,0.724138,1.000000,0.189655,0.741379,0.051724,0.862069,0.086207,0.637931,0.137931,0.465517,-0.034483,0.655172,-0.155172,0.827586,-0.068966,0.551724,0.000000,0.413793,-0.189655,0.551724,-0.310345,0.706897,-0.224138,0.500000,-0.137931,0.396552,-0.310345,0.431034,-0.448276,0.568966,-0.431034,0.465517,-0.396552,0.413793
Y,Right,legacy_bisindo_Y_1060,0.000000,0.000000,0.326923,0.153846,0.557692,0.519231,0.692308,0.807692,0.807692,1.000000,0.192308,0.769231,0.076923,0.942308,0.115385,0.692308,0.153846,0.500000,-0.038462,0.673077,-0.173077,0.884615,-0.076923,0.615385,0.019231,0.423077,-0.192308,0.519231,-0.307692,0.692308,-0.211538,0.480769,-0.115385,0.365385,-0.307692,0.365385,-0.403846,0.480769,-0.365385,0.346154,-0.307692,0.269231
Y,Right,legacy_bisindo_Y_1061,0.000000,0.000000,0.226415,-0.301887,0.433962,-0.547170,0.509434,-0.811321,0.547170,-1.000000,0.075472,-0.754717,-0.037736,-0.924528,0.018868,-0.735849,0.075472,-0.603774,-0.113208,-0.698113,-0.207547,-0.886792,-0.113208,-0.641509,-0.075472,-0.566038,-0.283019,-0.603774,-0.358491,-0.792453,-0.264151,-0.584906,-0.188679,-0.452830,-0.396226,-0.490566,-0.566038,-0.698113,-0.660377,-0.811321,-0.773585,-0.943396
Y,Right,legacy_bisindo_Y_1062,0.000000,0.000000,0.269231,0.288462,0.480769,0.519231,0.557692,0.807692,0.576923,1.000000,0.134615,0.769231,0.019231,0.923077,0.038462,0.711538,0.076923,0.557692,-0.096154,0.711538,-0.173077,0.884615,-0.096154,0.615385,-0.038462,0.500000,-0.250000,0.615385,-0.346154,0.788462,-0.250000,0.576923,-0.153846,0.442308,-0.403846,0.480769,-0.557692,0.692308,-0.653846,0.807692,-0.750000,0.923077
Y,Right,legacy_bisindo_Y_1063,0.000000,0.000000,0.200000,-0.145455,0.400000,-0.363636,0.490909,-0.618182,0.490909,-0.818182,0.200000,-0.236364,0.309091,-0.472727,0.345455,-0.690909,0.327273,-0.890909,0.109091,-0.218182,0.218182,-0.509091,0.272727,-0.781818,0.254545,-1.000000,0.054545,-0.181818,0.200000,-0.509091,0.272727,-0.781818,0.272727,-0.981818,0.000000,-0.145455,0.163636,-0.436364,0.272727,-0.654545,0.309091,-0.818182
Y,Right,legacy_bisindo_Y_1064,0.000000,0.000000,0.265625,-0.203125,0.500000,-0.437500,0.625000,-0.687500,0.734375,-0.890625,0.171875,-0.703125,0.093750,-0.843750,0.109375,-0.625000,0.156250,-0.500000,-0.046875,-0.671875,-0.109375,-0.843750,-0.062500,-0.593750,-0.015625,-0.468750,-0.234375,-0.609375,-0.296875,-0.781250,-0.234375,-0.578125,-0.171875,-0.453125,-0.390625,-0.531250,-0.531250,-0.734375,-0.640625,-0.859375,-0.718750,-1.000000
Y,Right,legacy_bisindo_Y_1065,0.000000,0.000000,0.278689,0.147541,0.508197,0.426230,0.655738,0.704918,0.786885,0.901639,0.262295,0.360656,0.245902,0.557377,0.229508,0.688525,0.213115,0.836066,0.000000,0.426230,-0.032787,0.655738,-0.032787,0.786885,-0.032787,0.950820,-0.213115,0.426230,-0.262295,0.655738,-0.278689,0.754098,-0.278689,0.901639,-0.393443,0.393443,-0.540984,0.672131,-0.622951,0.836066,-0.704918,1.000000
Y,Right,legacy_bisindo_Y_1066,0.000000,0.000000,0.338983,-0.135593,0.576271,-0.423729,0.728814,-0.728814,0.779661,-0.983051,0.288136,-0.288136,0.322034,-0.508475,0.338983,-0.644068,0.372881,-0.779661,0.050847,-0.338983,0.050847,-0.610169,0.050847,-0.762712,0.050847,-0.915254,-0.169492,-0.372881,-0.169492,-0.644068,-0.186441,-0.762712,-0.203390,-0.898305,-0.355932,-0.440678,-0.474576,-0.677966,-0.576271,-0.830508,-0.644068,-1.000000
Y,Right,legacy_bisindo_Y_1067,0.000000,0.000000,0.262295,0.147541,0.508197,0.409836,0.655738,0.688525,0.770492,0.918033,0.245902,0.360656,0.196721,0.590164,0.196721,0.737705,0.180328,0.868852,0.000000,0.393443,-0.049180,0.672131,-0.065574,0.786885,-0.065574,0.918033,-0.213115,0.393443,-0.278689,0.655738,-0.262295,0.770492,-0.278689,0.901639,-0.393443,0.393443,-0.524590,0.672131,-0.590164,0.836066,-0.639344,1.000000
Y,Right,legacy_bisindo_Y_1068,0.000000,0.000000,0.327586,-0.120690,0.568966,-0.431034,0.741379,-0.741379,0.827586,-1.000000,0.293103,-0.310345,0.293103,-0.551724,0.275862,-0.689655,0.275862,-0.862069,0.051724,-0.344828,0.017241,-0.603448,0.017241,-0.758621,0.017241,-0.913793,-0.155172,-0.344828,-0.189655,-0.620690,-0.206897,-0.758621,-0.189655,-0.879310,-0.310345,-0.362069,-0.431034,-0.603448,-0.500000,-0.758621,-0.534483,-0.931034
Y,Right,legacy_bisindo_Y_1069,0.000000,0.000000,0.303571,0.178571,0.553571,0.464286,0.696429,0.767857,0.821429,1.000000,0.250000,0.392857,0.232143,0.625000,0.250000,0.785714,0.232143,0.964286,-0.035714,0.392857,-0.053571,0.642857,-0.071429,0.839286,-0.089286,1.000000,-0.250000,0.375000,-0.285714,0.625000,-0.303571,0.803571,-0.303571,0.964286,-0.410714,0.339286,-0.517857,0.607143,-0.535714,0.785714,-0.553571,0.928571
Y,Right,legacy_bisindo_Y_1070,0.000000,0.000000,0.339286,-0.125000,0.607143,-0.428571,0.785714,-0.750000,0.892857,-1.000000,0.303571,-0.339286,0.339286,-0.625000,0.321429,-0.767857,0.321429,-0.910714,0.053571,-0.392857,0.071429,-0.714286,0.035714,-0.839286,0.000000,-0.946429,-0.160714,-0.392857,-0.178571,-0.714286,-0.196429,-0.803571,-0.214286,-0.892857,-0.339286,-0.410714,-0.464286,-0.678571,-0.535714,-0.839286,-0.571429,-0.982143
Y,Right,legacy_bisindo_Y_1071,0.000000,0.000000,0.292308,0.184615,0.523077,0.430769,0.661538,0.676923,0.738462,0.876923,0.184615,0.676923,0.123077,0.830769,0.123077,0.630769,0.138462,0.476923,-0.030769,0.646154,-0.061538,0.830769,-0.030769,0.600000,0.000000,0.430769,-0.200000,0.584615,-0.230769,0.784615,-0.184615,0.569231,-0.138462,0.415385,-0.369231,0.507692,-0.507692,0.723077,-0.600000,0.861538,-0.676923,1.000000
Y,Right,legacy_bisindo_Y_1072,0.000000,0.000000,0.288136,0.169492,0.542373,0.457627,0.728814,0.711864,0.847458,0.932203,0.254237,0.322034,0.372881,0.491525,0.457627,0.644068,0.491525,0.813559,0.000000,0.355932,0.016949,0.627119,0.000000,0.813559,-0.016949,0.983051,-0.203390,0.372881,-0.237288,0.644068,-0.254237,0.830508,-0.254237,1.000000,-0.372881,0.355932,-0.474576,0.627119,-0.525424,0.830508,-0.542373,1.000000
Y,Right,legacy_bisindo_Y_1073,0.000000,0.000000,0.288462,0.269231,0.480769,0.519231,0.557692,0.807692,0.596154,1.000000,0.115385,0.750000,0.038462,0.923077,0.057692,0.711538,0.096154,0.557692,-0.096154,0.692308,-0.173077,0.865385,-0.096154,0.615385,-0.019231,0.500000,-0.250000,0.615385,-0.326923,0.750000,-0.230769,0.576923,-0.153846,0.442308,-0.403846,0.480769,-0.557692,0.692308,-0.653846,0.788462,-0.750000,0.923077
Y,Right,legacy_bisindo_Y_1074,0.000000,0.000000,0.238806,-0.194030,0.462687,-0.402985,0.597015,-0.656716,0.701493,-0.835821,0.134328,-0.671642,0.089552,-0.805970,0.119403,-0.597015,0.149254,-0.477612,-0.059701,-0.641791,-0.089552,-0.820896,-0.029851,-0.567164,0.014925,-0.462687,-0.223881,-0.582090,-0.268657,-0.761194,-0.208955,-0.552239,-0.164179,-0.402985,-0.373134,-0.507463,-0.522388,-0.701493,-0.611940,-0.835821,-0.686567,-1.000000
Y,Right,legacy_bisindo_Y_1075,0.000000,0.000000,0.268657,0.179104,0.492537,0.417910,0.611940,0.656716,0.701493,0.835821,0.164179,0.671642,0.104478,0.805970,0.104478,0.611940,0.104478,0.462687,-0.044776,0.641791,-0.074627,0.820896,-0.044776,0.597015,-0.014925,0.432836,-0.208955,0.582090,-0.253731,0.776119,-0.194030,0.582090,-0.164179,0.432836,-0.373134,0.492537,-0.507463,0.716418,-0.611940,0.850746,-0.671642,1.000000
Y,Right,legacy_bisindo_Y_1076,0.000000,0.000000,0.000000,0.151899,0.012658,0.392405,0.050633,0.658228,0.050633,0.873418,-0.037975,0.265823,0.012658,0.481013,0.037975,0.632911,0.037975,0.784810,-0.012658,0.316456,0.012658,0.594937,0.025316,0.822785,0.025316,1.000000,0.000000,0.341772,0.063291,0.632911,0.063291,0.835443,0.075949,1.000000,0.012658,0.379747,0.139241,0.582278,0.215190,0.721519,0.253165,0.860759
Y,Right,legacy_bisindo_Y_1077,0.000000,0.000000,-0.175676,-0.148649,-0.283784,-0.351351,-0.351351,-0.527027,-0.459459,-0.675676,-0.229730,-0.337838,-0.175676,-0.554054,-0.135135,-0.770270,-0.108108,-0.945946,-0.040541,-0.351351,0.000000,-0.635135,0.000000,-0.851351,-0.027027,-1.000000,0.135135,-0.324324,0.243243,-0.594595,0.243243,-0.797297,0.229730,-0.959459,0.324324,-0.297297,0.486486,-0.540541,0.554054,-0.729730,0.567568,-0.891892
Y,Right,legacy_bisindo_Y_1078,0.000000,0.000000,0.220588,0.132353,0.411765,0.352941,0.544118,0.558824,0.617647,0.691176,0.176471,0.308824,0.235294,0.529412,0.250000,0.720588,0.264706,0.911765,0.014706,0.323529,0.044118,0.573529,0.044118,0.823529,0.044118,1.000000,-0.147059,0.323529,-0.147059,0.558824,-0.132353,0.750000,-0.117647,0.911765,-0.279412,0.308824,-0.308824,0.485294,-0.279412,0.661765,-0.264706,0.808824
Y,Right,legacy_bisindo_Y_1079,0.000000,0.000000,0.296875,0.171875,0.515625,0.421875,0.640625,0.671875,0.734375,0.875000,0.171875,0.687500,0.109375,0.859375,0.125000,0.656250,0.125000,0.484375,-0.046875,0.671875,-0.078125,0.859375,-0.031250,0.609375,-0.015625,0.437500,-0.218750,0.593750,-0.265625,0.781250,-0.187500,0.578125,-0.140625,0.421875,-0.375000,0.500000,-0.531250,0.718750,-0.640625,0.859375,-0.718750,1.000000
Y,Right,legacy_bisindo_Y_1080,0.000000,0.000000,0.235294,-0.294118,0.450980,-0.529412,0.529412,-0.803922,0.588235,-1.000000,0.078431,-0.764706,-0.019608,-0.941176,0.019608,-0.745098,0.058824,-0.607843,-0.117647,-0.705882,-0.196078,-0.901961,-0.117647,-0.647059,-0.039216,-0.549020,-0.274510,-0.607843,-0.352941,-0.784314,-0.274510,-0.588235,-0.196078,-0.450980,-0.411765,-0.490196,-0.588235,-0.705882,-0.686275,-0.803922,-0.784314,-0.941176
Y,Right,legacy_bisindo_Y_1081,0.000000,0.000000,0.269231,0.288462,0.461538,0.538462,0.538462,0.807692,0.576923,1.000000,0.096154,0.750000,0.000000,0.923077,0.038462,0.711538,0.115385,0.557692,-0.115385,0.692308,-0.173077,0.865385,-0.096154,0.615385,-0.019231,0.500000,-0.269231,0.596154,-0.365385,0.750000,-0.269231,0.557692,-0.173077,0.423077,-0.403846,0.480769,-0.557692,0.673077,-0.653846,0.769231,-0.750000,0.903846
Y,Right,legacy_bisindo_Y_1082,0.000000,0.000000,0.237288,-0.254237,0.474576,-0.491525,0.576271,-0.779661,0.677966,-0.966102,0.084746,-0.728814,0.033898,-0.898305,0.067797,-0.677966,0.101695,-0.542373,-0.118644,-0.677966,-0.169492,-0.864407,-0.101695,-0.627119,-0.050847,-0.508475,-0.288136,-0.593220,-0.355932,-0.813559,-0.288136,-0.610169,-0.220339,-0.491525,-0.423729,-0.508475,-0.610169,-0.728814,-0.728814,-0.847458,-0.830508,-1.000000
Y,Right,legacy_bisindo_Y_1083,0.000000,0.000000,0.241379,-0.275862,0.465517,-0.517241,0.586207,-0.793103,0.672414,-0.982759,0.068966,-0.724138,0.000000,-0.913793,0.051724,-0.724138,0.086207,-0.568966,-0.137931,-0.672414,-0.206897,-0.896552,-0.120690,-0.655172,-0.068966,-0.534483,-0.310345,-0.603448,-0.379310,-0.810345,-0.293103,-0.637931,-0.241379,-0.482759,-0.448276,-0.500000,-0.637931,-0.724138,-0.741379,-0.844828,-0.844828,-1.000000
Y,Right,legacy_bisindo_Y_1084,0.000000,0.000000,0.293103,0.258621,0.482759,0.517241,0.586207,0.793103,0.672414,1.000000,0.086207,0.741379,0.017241,0.913793,0.034483,0.724138,0.051724,0.534483,-0.120690,0.689655,-0.189655,0.896552,-0.120690,0.655172,-0.068966,0.465517,-0.293103,0.603448,-0.362069,0.810345,-0.275862,0.620690,-0.206897,0.448276,-0.448276,0.500000,-0.637931,0.724138,-0.741379,0.862069,-0.844828,1.000000
Y,Right,legacy_bisindo_Y_1085,0.000000,0.000000,0.230769,-0.269231,0.442308,-0.519231,0.500000,-0.807692,0.557692,-1.000000,0.096154,-0.769231,-0.019231,-0.923077,0.019231,-0.730769,0.076923,-0.615385,-0.115385,-0.711538,-0.192308,-0.884615,-0.115385,-0.653846,-0.038462,-0.557692,-0.269231,-0.615385,-0.365385,-0.788462,-0.269231,-0.576923,-0.192308,-0.461538,-0.403846,-0.500000,-0.576923,-0.711538,-0.653846,-0.807692,-0.750000,-0.942308
Y,Right,legacy_bisindo_Y_1086,0.000000,0.000000,0.264151,0.301887,0.452830,0.528302,0.528302,0.811321,0.566038,1.000000,0.094340,0.754717,0.000000,0.905660,0.018868,0.716981,0.094340,0.547170,-0.113208,0.698113,-0.188679,0.849057,-0.113208,0.622642,-0.037736,0.490566,-0.264151,0.603774,-0.358491,0.754717,-0.264151,0.566038,-0.188679,0.433962,-0.396226,0.471698,-0.547170,0.679245,-0.660377,0.773585,-0.735849,0.905660
Y,Right,legacy_bisindo_Y_1087,0.000000,0.000000,0.280702,0.245614,0.491228,0.491228,0.614035,0.771930,0.701754,0.982456,0.105263,0.719298,0.035088,0.894737,0.052632,0.701754,0.070175,0.526316,-0.122807,0.666667,-0.157895,0.877193,-0.105263,0.649123,-0.052632,0.473684,-0.298246,0.596491,-0.350877,0.824561,-0.280702,0.631579,-0.210526,0.456140,-0.456140,0.491228,-0.631579,0.719298,-0.754386,0.859649,-0.842105,1.000000
Y,Right,legacy_bisindo_Y_1088,0.000000,0.000000,0.211538,-0.288462,0.423077,-0.538462,0.500000,-0.807692,0.557692,-1.000000,0.076923,-0.769231,-0.019231,-0.942308,0.019231,-0.750000,0.076923,-0.615385,-0.115385,-0.711538,-0.192308,-0.903846,-0.115385,-0.653846,-0.038462,-0.557692,-0.269231,-0.615385,-0.346154,-0.807692,-0.269231,-0.596154,-0.192308,-0.461538,-0.403846,-0.519231,-0.576923,-0.711538,-0.673077,-0.807692,-0.769231,-0.942308
Y,Right,legacy_bisindo_Y_1089,0.000000,0.000000,0.269231,0.288462,0.461538,0.538462,0.519231,0.807692,0.557692,1.000000,0.096154,0.750000,0.000000,0.923077,0.038462,0.711538,0.096154,0.557692,-0.115385,0.692308,-0.173077,0.865385,-0.115385,0.615385,-0.038462,0.500000,-0.269231,0.596154,-0.346154,0.750000,-0.269231,0.557692,-0.173077,0.423077,-0.403846,0.461538,-0.557692,0.673077,-0.653846,0.788462,-0.750000,0.903846
Y,Right,legacy_bisindo_Y_1090,0.000000,0.000000,0.211538,-0.288462,0.423077,-0.519231,0.519231,-0.807692,0.557692,-1.000000,0.096154,-0.769231,-0.019231,-0.923077,0.019231,-0.730769,0.076923,-0.615385,-0.096154,-0.692308,-0.192308,-0.884615,-0.115385,-0.634615,-0.038462,-0.557692,-0.269231,-0.615385,-0.346154,-0.769231,-0.269231,-0.576923,-0.173077,-0.461538,-0.384615,-0.500000,-0.557692,-0.711538,-0.653846,-0.807692,-0.769231,-0.923077
Y,Right,legacy_bisindo_Y_1091,0.000000,0.000000,0.269231,0.269231,0.461538,0.519231,0.538462,0.788462,0.576923,1.000000,0.115385,0.730769,0.000000,0.903846,0.038462,0.692308,0.096154,0.538462,-0.096154,0.673077,-0.173077,0.846154,-0.115385,0.596154,-0.038462,0.480769,-0.250000,0.596154,-0.346154,0.730769,-0.250000,0.538462,-0.173077,0.423077,-0.384615,0.461538,-0.538462,0.653846,-0.653846,0.769231,-0.750000,0.884615
Y,Right,legacy_bisindo_Y_1092,0.000000,0.000000,0.211538,-0.288462,0.423077,-0.519231,0.500000,-0.807692,0.538462,-1.000000,0.096154,-0.769231,-0.019231,-0.923077,0.019231,-0.730769,0.076923,-0.615385,-0.096154,-0.692308,-0.192308,-0.884615,-0.096154,-0.634615,-0.038462,-0.557692,-0.269231,-0.596154,-0.346154,-0.769231,-0.269231,-0.576923,-0.173077,-0.442308,-0.384615,-0.480769,-0.557692,-0.692308,-0.653846,-0.788462,-0.750000,-0.923077
Y,Right,legacy_bisindo_Y_1093,0.000000,0.000000,0.254902,0.294118,0.450980,0.549020,0.529412,0.823529,0.568627,1.000000,0.098039,0.764706,0.000000,0.921569,0.019608,0.725490,0.098039,0.568627,-0.117647,0.686275,-0.196078,0.882353,-0.117647,0.627451,-0.039216,0.509804,-0.274510,0.607843,-0.352941,0.764706,-0.274510,0.568627,-0.176471,0.431373,-0.411765,0.490196,-0.568627,0.686275,-0.666667,0.784314,-0.764706,0.921569
Y,Right,legacy_bisindo_Y_1094,0.000000,0.000000,0.211538,-0.269231,0.423077,-0.519231,0.500000,-0.807692,0.538462,-1.000000,0.076923,-0.750000,-0.019231,-0.903846,0.019231,-0.711538,0.076923,-0.576923,-0.115385,-0.692308,-0.211538,-0.865385,-0.115385,-0.634615,-0.057692,-0.557692,-0.269231,-0.596154,-0.346154,-0.750000,-0.269231,-0.557692,-0.192308,-0.442308,-0.384615,-0.480769,-0.557692,-0.673077,-0.653846,-0.788462,-0.769231,-0.903846
Y,Right,legacy_bisindo_Y_1095,0.000000,0.000000,0.254902,0.274510,0.450980,0.529412,0.529412,0.803922,0.568627,1.000000,0.098039,0.745098,0.000000,0.901961,0.019608,0.705882,0.078431,0.549020,-0.098039,0.686275,-0.176471,0.862745,-0.117647,0.607843,-0.058824,0.490196,-0.274510,0.588235,-0.352941,0.745098,-0.274510,0.549020,-0.176471,0.411765,-0.392157,0.470588,-0.549020,0.666667,-0.666667,0.764706,-0.745098,0.882353
Y,Right,legacy_bisindo_Y_1096,0.000000,0.000000,0.215686,-0.274510,0.411765,-0.529412,0.490196,-0.803922,0.529412,-1.000000,0.078431,-0.764706,-0.039216,-0.941176,0.000000,-0.745098,0.058824,-0.607843,-0.117647,-0.705882,-0.215686,-0.901961,-0.137255,-0.666667,-0.058824,-0.568627,-0.274510,-0.607843,-0.372549,-0.784314,-0.294118,-0.588235,-0.215686,-0.470588,-0.411765,-0.490196,-0.568627,-0.705882,-0.686275,-0.803922,-0.803922,-0.921569
Y,Right,legacy_bisindo_Y_1097,0.000000,0.000000,0.254902,0.254902,0.450980,0.509804,0.509804,0.784314,0.549020,1.000000,0.078431,0.725490,-0.019608,0.882353,0.000000,0.686275,0.058824,0.529412,-0.117647,0.666667,-0.215686,0.823529,-0.137255,0.607843,-0.058824,0.490196,-0.274510,0.568627,-0.372549,0.725490,-0.274510,0.549020,-0.196078,0.431373,-0.411765,0.450980,-0.568627,0.647059,-0.686275,0.745098,-0.764706,0.862745
Y,Right,legacy_bisindo_Y_1098,0.000000,0.000000,0.220000,-0.260000,0.420000,-0.520000,0.480000,-0.800000,0.520000,-1.000000,0.040000,-0.780000,-0.060000,-0.920000,0.000000,-0.720000,0.060000,-0.620000,-0.140000,-0.700000,-0.240000,-0.860000,-0.140000,-0.640000,-0.060000,-0.560000,-0.300000,-0.600000,-0.400000,-0.760000,-0.300000,-0.560000,-0.220000,-0.460000,-0.440000,-0.500000,-0.600000,-0.680000,-0.720000,-0.780000,-0.820000,-0.900000
Y,Right,legacy_bisindo_Y_1099,0.000000,0.000000,0.235294,0.274510,0.450980,0.529412,0.509804,0.803922,0.549020,1.000000,0.078431,0.745098,-0.019608,0.901961,0.019608,0.686275,0.078431,0.549020,-0.117647,0.686275,-0.196078,0.843137,-0.117647,0.627451,-0.058824,0.509804,-0.274510,0.588235,-0.352941,0.725490,-0.274510,0.568627,-0.196078,0.431373,-0.411765,0.470588,-0.568627,0.666667,-0.666667,0.745098,-0.764706,0.862745
Y,Right,legacy_bisindo_Y_1100,0.000000,0.000000,0.220000,-0.240000,0.400000,-0.520000,0.480000,-0.800000,0.520000,-1.000000,0.060000,-0.760000,-0.060000,-0.900000,0.000000,-0.700000,0.060000,-0.600000,-0.120000,-0.680000,-0.220000,-0.840000,-0.140000,-0.620000,-0.060000,-0.560000,-0.280000,-0.580000,-0.380000,-0.740000,-0.300000,-0.540000,-0.220000,-0.440000,-0.420000,-0.480000,-0.580000,-0.660000,-0.700000,-0.760000,-0.820000,-0.880000
Y,Right,legacy_bisindo_Y_1101,0.000000,0.000000,0.235294,0.274510,0.431373,0.529412,0.509804,0.803922,0.529412,1.000000,0.078431,0.745098,-0.019608,0.901961,0.000000,0.705882,0.058824,0.568627,-0.117647,0.686275,-0.196078,0.843137,-0.117647,0.627451,-0.058824,0.490196,-0.254902,0.588235,-0.352941,0.745098,-0.274510,0.568627,-0.176471,0.431373,-0.392157,0.490196,-0.549020,0.666667,-0.666667,0.764706,-0.764706,0.882353
Y,Right,legacy_bisindo_Y_1102,0.000000,0.000000,0.224490,-0.265306,0.428571,-0.530612,0.489796,-0.816327,0.530612,-1.000000,0.061224,-0.755102,-0.061224,-0.918367,0.000000,-0.714286,0.061224,-0.612245,-0.122449,-0.693878,-0.224490,-0.857143,-0.142857,-0.653061,-0.061224,-0.571429,-0.265306,-0.591837,-0.387755,-0.734694,-0.306122,-0.551020,-0.224490,-0.448980,-0.408163,-0.469388,-0.591837,-0.673469,-0.714286,-0.775510,-0.816327,-0.897959
Y,Right,legacy_bisindo_Y_1103,0.000000,0.000000,0.235294,0.254902,0.431373,0.529412,0.490196,0.784314,0.509804,1.000000,0.078431,0.745098,-0.039216,0.882353,0.000000,0.686275,0.058824,0.529412,-0.117647,0.666667,-0.215686,0.823529,-0.137255,0.607843,-0.058824,0.490196,-0.274510,0.588235,-0.372549,0.705882,-0.274510,0.549020,-0.196078,0.431373,-0.411765,0.470588,-0.568627,0.666667,-0.666667,0.764706,-0.764706,0.882353
Y,Right,legacy_bisindo_Y_1104,0.000000,0.000000,0.244898,-0.244898,0.448980,-0.510204,0.530612,-0.795918,0.571429,-1.000000,0.102041,-0.755102,0.000000,-0.877551,0.040816,-0.693878,0.102041,-0.571429,-0.081633,-0.673469,-0.183673,-0.836735,-0.102041,-0.632653,-0.020408,-0.551020,-0.244898,-0.571429,-0.346939,-0.734694,-0.244898,-0.530612,-0.183673,-0.428571,-0.387755,-0.469388,-0.551020,-0.673469,-0.673469,-0.775510,-0.775510,-0.897959
Y,Right,legacy_bisindo_Y_1105,0.000000,0.000000,0.260000,0.280000,0.460000,0.520000,0.520000,0.800000,0.540000,1.000000,0.100000,0.740000,0.000000,0.880000,0.000000,0.680000,0.060000,0.540000,-0.100000,0.680000,-0.180000,0.840000,-0.140000,0.620000,-0.060000,0.500000,-0.260000,0.580000,-0.340000,0.740000,-0.280000,0.560000,-0.200000,0.420000,-0.400000,0.480000,-0.560000,0.660000,-0.680000,0.760000,-0.760000,0.880000
Y,Right,legacy_bisindo_Y_1106,0.000000,0.000000,0.220000,-0.300000,0.440000,-0.540000,0.520000,-0.820000,0.560000,-1.000000,0.080000,-0.740000,-0.020000,-0.900000,0.040000,-0.700000,0.100000,-0.600000,-0.100000,-0.680000,-0.200000,-0.860000,-0.100000,-0.620000,-0.040000,-0.560000,-0.260000,-0.600000,-0.360000,-0.760000,-0.260000,-0.560000,-0.180000,-0.440000,-0.380000,-0.500000,-0.560000,-0.680000,-0.660000,-0.780000,-0.760000,-0.900000
Y,Right,legacy_bisindo_Y_1107,0.000000,0.000000,0.280000,0.280000,0.480000,0.520000,0.560000,0.800000,0.580000,1.000000,0.120000,0.740000,0.020000,0.900000,0.060000,0.700000,0.120000,0.560000,-0.080000,0.680000,-0.160000,0.840000,-0.080000,0.620000,-0.020000,0.500000,-0.240000,0.600000,-0.320000,0.740000,-0.240000,0.560000,-0.140000,0.440000,-0.380000,0.480000,-0.540000,0.680000,-0.640000,0.780000,-0.740000,0.880000
Y,Right,legacy_bisindo_Y_1108,0.000000,0.000000,0.220000,-0.260000,0.440000,-0.520000,0.520000,-0.800000,0.560000,-1.000000,0.080000,-0.740000,0.000000,-0.900000,0.020000,-0.700000,0.080000,-0.580000,-0.100000,-0.680000,-0.180000,-0.860000,-0.100000,-0.620000,-0.040000,-0.540000,-0.260000,-0.580000,-0.340000,-0.760000,-0.260000,-0.560000,-0.200000,-0.440000,-0.400000,-0.480000,-0.560000,-0.680000,-0.660000,-0.780000,-0.760000,-0.900000
Y,Right,legacy_bisindo_Y_1109,0.000000,0.000000,0.260000,0.280000,0.460000,0.520000,0.520000,0.800000,0.560000,1.000000,0.100000,0.720000,0.000000,0.880000,0.020000,0.680000,0.100000,0.520000,-0.100000,0.660000,-0.180000,0.840000,-0.120000,0.600000,-0.040000,0.500000,-0.260000,0.580000,-0.340000,0.740000,-0.260000,0.560000,-0.180000,0.420000,-0.400000,0.460000,-0.540000,0.660000,-0.660000,0.740000,-0.740000,0.860000
Y,Right,legacy_bisindo_Y_1110,0.000000,0.000000,0.235294,-0.274510,0.431373,-0.529412,0.509804,-0.803922,0.549020,-1.000000,0.098039,-0.725490,0.000000,-0.882353,0.039216,-0.686275,0.078431,-0.568627,-0.078431,-0.666667,-0.176471,-0.843137,-0.098039,-0.607843,-0.039216,-0.529412,-0.235294,-0.588235,-0.333333,-0.745098,-0.235294,-0.549020,-0.176471,-0.431373,-0.352941,-0.490196,-0.529412,-0.666667,-0.627451,-0.784314,-0.745098,-0.901961
Y,Right,legacy_bisindo_Y_1111,0.000000,0.000000,0.260000,0.260000,0.440000,0.520000,0.520000,0.800000,0.560000,1.000000,0.100000,0.720000,0.000000,0.880000,0.000000,0.680000,0.040000,0.540000,-0.100000,0.660000,-0.180000,0.840000,-0.120000,0.620000,-0.060000,0.480000,-0.260000,0.580000,-0.340000,0.740000,-0.280000,0.560000,-0.200000,0.420000,-0.400000,0.480000,-0.560000,0.660000,-0.680000,0.760000,-0.760000,0.880000
Y,Right,legacy_bisindo_Y_1112,0.000000,0.000000,0.224490,-0.265306,0.448980,-0.530612,0.510204,-0.816327,0.571429,-1.000000,0.081633,-0.734694,0.000000,-0.897959,0.020408,-0.693878,0.061224,-0.551020,-0.102041,-0.673469,-0.183673,-0.857143,-0.122449,-0.612245,-0.061224,-0.530612,-0.244898,-0.591837,-0.346939,-0.755102,-0.265306,-0.551020,-0.183673,-0.428571,-0.387755,-0.469388,-0.551020,-0.673469,-0.673469,-0.775510,-0.775510,-0.897959
Y,Right,legacy_bisindo_Y_1113,0.000000,0.000000,0.260000,0.260000,0.460000,0.520000,0.520000,0.800000,0.560000,1.000000,0.100000,0.720000,0.020000,0.860000,0.020000,0.660000,0.060000,0.500000,-0.100000,0.660000,-0.180000,0.820000,-0.120000,0.600000,-0.060000,0.460000,-0.260000,0.560000,-0.340000,0.720000,-0.260000,0.540000,-0.180000,0.420000,-0.380000,0.460000,-0.540000,0.660000,-0.640000,0.740000,-0.720000,0.860000
Y,Right,legacy_bisindo_Y_1114,0.000000,0.000000,0.220000,-0.260000,0.420000,-0.540000,0.500000,-0.800000,0.540000,-1.000000,0.080000,-0.740000,-0.020000,-0.900000,0.000000,-0.700000,0.040000,-0.560000,-0.100000,-0.660000,-0.200000,-0.860000,-0.140000,-0.620000,-0.080000,-0.520000,-0.260000,-0.580000,-0.360000,-0.740000,-0.300000,-0.540000,-0.200000,-0.420000,-0.400000,-0.480000,-0.560000,-0.660000,-0.680000,-0.780000,-0.780000,-0.900000
Y,Right,legacy_bisindo_Y_1115,0.000000,0.000000,0.260000,0.280000,0.460000,0.520000,0.540000,0.800000,0.560000,1.000000,0.100000,0.720000,0.020000,0.880000,0.040000,0.660000,0.100000,0.520000,-0.100000,0.660000,-0.180000,0.840000,-0.100000,0.600000,-0.020000,0.480000,-0.260000,0.580000,-0.340000,0.740000,-0.260000,0.560000,-0.160000,0.440000,-0.380000,0.460000,-0.540000,0.660000,-0.640000,0.760000,-0.720000,0.880000
Y,Right,legacy_bisindo_Y_1116,0.000000,0.000000,0.224490,-0.285714,0.448980,-0.530612,0.530612,-0.816327,0.551020,-1.000000,0.102041,-0.734694,0.000000,-0.877551,0.020408,-0.693878,0.061224,-0.571429,-0.081633,-0.673469,-0.183673,-0.857143,-0.122449,-0.632653,-0.061224,-0.530612,-0.244898,-0.571429,-0.346939,-0.755102,-0.285714,-0.571429,-0.204082,-0.448980,-0.387755,-0.469388,-0.551020,-0.673469,-0.673469,-0.795918,-0.775510,-0.918367
Y,Right,legacy_bisindo_Y_1117,0.000000,0.000000,0.254902,0.274510,0.450980,0.509804,0.509804,0.784314,0.529412,1.000000,0.098039,0.725490,0.000000,0.843137,0.039216,0.647059,0.098039,0.509804,-0.098039,0.647059,-0.176471,0.803922,-0.098039,0.568627,-0.039216,0.470588,-0.254902,0.568627,-0.333333,0.725490,-0.254902,0.529412,-0.176471,0.411765,-0.392157,0.450980,-0.549020,0.647059,-0.647059,0.725490,-0.725490,0.862745
Y,Right,legacy_bisindo_Y_1118,0.000000,0.000000,0.224490,-0.265306,0.428571,-0.530612,0.510204,-0.816327,0.551020,-1.000000,0.081633,-0.755102,-0.020408,-0.918367,0.000000,-0.714286,0.061224,-0.591837,-0.102041,-0.693878,-0.204082,-0.877551,-0.142857,-0.653061,-0.061224,-0.551020,-0.244898,-0.591837,-0.367347,-0.775510,-0.285714,-0.591837,-0.204082,-0.469388,-0.387755,-0.489796,-0.571429,-0.693878,-0.673469,-0.795918,-0.775510,-0.918367
Y,Right,legacy_bisindo_Y_1119,0.000000,0.000000,0.260000,0.280000,0.460000,0.520000,0.540000,0.800000,0.580000,1.000000,0.120000,0.740000,0.020000,0.880000,0.020000,0.700000,0.080000,0.540000,-0.080000,0.680000,-0.180000,0.860000,-0.120000,0.620000,-0.040000,0.480000,-0.240000,0.600000,-0.340000,0.760000,-0.260000,0.560000,-0.180000,0.440000,-0.380000,0.480000,-0.540000,0.680000,-0.640000,0.780000,-0.720000,0.880000
Y,Right,legacy_bisindo_Y_1120,0.000000,0.000000,0.220000,-0.280000,0.440000,-0.520000,0.500000,-0.800000,0.560000,-1.000000,0.120000,-0.740000,-0.020000,-0.900000,0.020000,-0.700000,0.080000,-0.600000,-0.080000,-0.680000,-0.180000,-0.860000,-0.100000,-0.620000,-0.040000,-0.560000,-0.240000,-0.600000,-0.340000,-0.780000,-0.260000,-0.580000,-0.180000,-0.460000,-0.360000,-0.500000,-0.540000,-0.680000,-0.640000,-0.800000,-0.740000,-0.920000
Y,Right,legacy_bisindo_Y_1121,0.000000,0.000000,0.260000,0.280000,0.460000,0.520000,0.540000,0.780000,0.560000,1.000000,0.120000,0.740000,0.020000,0.880000,0.040000,0.680000,0.100000,0.520000,-0.080000,0.680000,-0.160000,0.840000,-0.100000,0.600000,-0.020000,0.480000,-0.240000,0.580000,-0.320000,0.740000,-0.240000,0.560000,-0.160000,0.420000,-0.380000,0.460000,-0.540000,0.660000,-0.640000,0.760000,-0.720000,0.880000
Y,Right,legacy_bisindo_Y_1122,0.000000,0.000000,0.244898,-0.265306,0.469388,-0.530612,0.551020,-0.816327,0.571429,-1.000000,0.142857,-0.734694,0.020408,-0.897959,0.040816,-0.693878,0.102041,-0.571429,-0.040816,-0.673469,-0.163265,-0.877551,-0.102041,-0.632653,-0.020408,-0.530612,-0.204082,-0.591837,-0.306122,-0.775510,-0.244898,-0.571429,-0.163265,-0.448980,-0.346939,-0.489796,-0.510204,-0.693878,-0.632653,-0.795918,-0.714286,-0.918367
Y,Right,legacy_bisindo_Y_1123,0.000000,0.000000,0.285714,0.265306,0.469388,0.510204,0.551020,0.795918,0.571429,1.000000,0.142857,0.734694,0.020408,0.877551,0.061224,0.673469,0.102041,0.530612,-0.081633,0.673469,-0.163265,0.836735,-0.081633,0.591837,-0.020408,0.469388,-0.244898,0.591837,-0.326531,0.734694,-0.244898,0.551020,-0.163265,0.428571,-0.387755,0.469388,-0.530612,0.673469,-0.632653,0.775510,-0.734694,0.877551
Y,Right,legacy_bisindo_Y_1124,0.000000,0.000000,0.244898,-0.285714,0.469388,-0.530612,0.530612,-0.816327,0.571429,-1.000000,0.122449,-0.734694,0.000000,-0.897959,0.040816,-0.693878,0.081633,-0.571429,-0.081633,-0.673469,-0.183673,-0.857143,-0.102041,-0.612245,-0.040816,-0.530612,-0.224490,-0.591837,-0.326531,-0.775510,-0.265306,-0.571429,-0.183673,-0.448980,-0.367347,-0.489796,-0.530612,-0.693878,-0.632653,-0.795918,-0.734694,-0.918367
Y,Right,legacy_bisindo_Y_1125,0.000000,0.000000,0.297872,0.255319,0.510638,0.489362,0.595745,0.787234,0.617021,1.000000,0.148936,0.702128,0.042553,0.872340,0.063830,0.680851,0.085106,0.510638,-0.063830,0.638298,-0.148936,0.829787,-0.085106,0.595745,-0.042553,0.446809,-0.234043,0.574468,-0.319149,0.744681,-0.234043,0.531915,-0.170213,0.382979,-0.382979,0.468085,-0.553191,0.659574,-0.659574,0.744681,-0.744681,0.872340
Y,Right,legacy_bisindo_Y_1126,0.000000,0.000000,0.240000,-0.280000,0.460000,-0.520000,0.520000,-0.800000,0.560000,-1.000000,0.120000,-0.740000,0.000000,-0.900000,0.040000,-0.700000,0.080000,-0.560000,-0.060000,-0.680000,-0.160000,-0.860000,-0.100000,-0.620000,-0.020000,-0.520000,-0.220000,-0.580000,-0.320000,-0.760000,-0.260000,-0.560000,-0.160000,-0.440000,-0.340000,-0.480000,-0.500000,-0.680000,-0.620000,-0.800000,-0.720000,-0.920000
Y,Right,legacy_bisindo_Y_1127,0.000000,0.000000,0.270833,0.270833,0.479167,0.500000,0.541667,0.791667,0.583333,1.000000,0.125000,0.729167,0.020833,0.875000,0.020833,0.666667,0.083333,0.520833,-0.083333,0.666667,-0.166667,0.854167,-0.104167,0.604167,-0.041667,0.479167,-0.250000,0.583333,-0.354167,0.770833,-0.270833,0.562500,-0.187500,0.416667,-0.395833,0.458333,-0.562500,0.666667,-0.666667,0.770833,-0.750000,0.895833
Y,Right,legacy_bisindo_Y_1128,0.000000,0.000000,0.244898,-0.285714,0.469388,-0.530612,0.571429,-0.816327,0.591837,-1.000000,0.142857,-0.734694,0.020408,-0.897959,0.061224,-0.693878,0.102041,-0.571429,-0.061224,-0.673469,-0.142857,-0.877551,-0.061224,-0.612245,0.000000,-0.551020,-0.224490,-0.591837,-0.306122,-0.775510,-0.244898,-0.571429,-0.163265,-0.448980,-0.346939,-0.489796,-0.510204,-0.693878,-0.612245,-0.775510,-0.714286,-0.918367
Y,Right,legacy_bisindo_Y_1129,0.000000,0.000000,0.291667,0.250000,0.500000,0.500000,0.562500,0.791667,0.604167,1.000000,0.145833,0.708333,0.041667,0.895833,0.062500,0.687500,0.083333,0.520833,-0.062500,0.645833,-0.145833,0.854167,-0.104167,0.604167,-0.041667,0.458333,-0.229167,0.583333,-0.312500,0.750000,-0.229167,0.541667,-0.166667,0.395833,-0.375000,0.479167,-0.541667,0.666667,-0.645833,0.770833,-0.750000,0.895833
Y,Right,legacy_bisindo_Y_1130,0.000000,0.000000,0.244898,-0.306122,0.448980,-0.530612,0.530612,-0.816327,0.571429,-1.000000,0.122449,-0.734694,0.000000,-0.918367,0.040816,-0.714286,0.081633,-0.591837,-0.081633,-0.693878,-0.163265,-0.897959,-0.081633,-0.632653,-0.020408,-0.571429,-0.244898,-0.612245,-0.326531,-0.795918,-0.244898,-0.591837,-0.163265,-0.469388,-0.367347,-0.489796,-0.530612,-0.693878,-0.632653,-0.795918,-0.714286,-0.938776
Y,Right,legacy_bisindo_Y_1131,0.000000,0.000000,0.260000,0.300000,0.460000,0.520000,0.540000,0.800000,0.560000,1.000000,0.120000,0.740000,0.040000,0.880000,0.040000,0.700000,0.100000,0.560000,-0.080000,0.680000,-0.140000,0.860000,-0.080000,0.620000,0.000000,0.500000,-0.240000,0.600000,-0.320000,0.760000,-0.240000,0.580000,-0.160000,0.420000,-0.380000,0.480000,-0.520000,0.680000,-0.620000,0.780000,-0.720000,0.900000
Y,Right,legacy_bisindo_Y_1132,0.000000,0.000000,0.224490,-0.306122,0.448980,-0.530612,0.530612,-0.795918,0.591837,-1.000000,0.122449,-0.734694,0.020408,-0.918367,0.040816,-0.714286,0.102041,-0.591837,-0.061224,-0.693878,-0.163265,-0.877551,-0.081633,-0.632653,-0.020408,-0.551020,-0.224490,-0.612245,-0.306122,-0.775510,-0.244898,-0.591837,-0.163265,-0.469388,-0.346939,-0.489796,-0.530612,-0.693878,-0.632653,-0.795918,-0.734694,-0.938776
Y,Right,legacy_bisindo_Y_1133,0.000000,0.000000,0.270833,0.250000,0.479167,0.500000,0.541667,0.791667,0.583333,1.000000,0.125000,0.708333,0.020833,0.895833,0.020833,0.687500,0.083333,0.541667,-0.083333,0.666667,-0.166667,0.833333,-0.104167,0.604167,-0.062500,0.479167,-0.250000,0.583333,-0.354167,0.750000,-0.250000,0.541667,-0.187500,0.395833,-0.395833,0.458333,-0.541667,0.666667,-0.666667,0.770833,-0.750000,0.895833
Y,Right,legacy_bisindo_Y_1134,0.000000,0.000000,0.240000,-0.280000,0.460000,-0.520000,0.540000,-0.800000,0.580000,-1.000000,0.140000,-0.720000,0.020000,-0.880000,0.060000,-0.680000,0.120000,-0.560000,-0.060000,-0.660000,-0.160000,-0.840000,-0.080000,-0.600000,0.000000,-0.520000,-0.220000,-0.580000,-0.300000,-0.740000,-0.240000,-0.560000,-0.160000,-0.440000,-0.340000,-0.480000,-0.500000,-0.680000,-0.620000,-0.780000,-0.720000,-0.900000
Y,Right,legacy_bisindo_Y_1135,0.000000,0.000000,0.291667,0.229167,0.479167,0.479167,0.562500,0.770833,0.604167,1.000000,0.125000,0.687500,0.041667,0.854167,0.041667,0.645833,0.083333,0.500000,-0.083333,0.625000,-0.166667,0.812500,-0.104167,0.562500,-0.041667,0.437500,-0.250000,0.541667,-0.333333,0.729167,-0.250000,0.520833,-0.187500,0.375000,-0.375000,0.458333,-0.541667,0.645833,-0.645833,0.750000,-0.729167,0.875000
Y,Right,legacy_bisindo_Y_1136,0.000000,0.000000,0.229167,-0.291667,0.458333,-0.541667,0.541667,-0.812500,0.583333,-1.000000,0.104167,-0.750000,0.020833,-0.916667,0.041667,-0.729167,0.083333,-0.604167,-0.083333,-0.708333,-0.166667,-0.895833,-0.083333,-0.625000,-0.020833,-0.541667,-0.250000,-0.625000,-0.333333,-0.791667,-0.250000,-0.583333,-0.166667,-0.458333,-0.375000,-0.500000,-0.541667,-0.687500,-0.645833,-0.812500,-0.750000,-0.937500
Y,Right,legacy_bisindo_Y_1137,0.000000,0.000000,0.297872,0.255319,0.510638,0.510638,0.574468,0.787234,0.617021,1.000000,0.148936,0.702128,0.042553,0.872340,0.063830,0.659574,0.085106,0.510638,-0.063830,0.638298,-0.148936,0.829787,-0.106383,0.595745,-0.042553,0.446809,-0.234043,0.553191,-0.319149,0.744681,-0.255319,0.531915,-0.170213,0.382979,-0.382979,0.446809,-0.553191,0.659574,-0.659574,0.765957,-0.744681,0.893617
Y,Right,legacy_bisindo_Y_1138,0.000000,0.000000,0.270833,-0.270833,0.500000,-0.520833,0.583333,-0.812500,0.604167,-1.000000,0.145833,-0.708333,0.020833,-0.895833,0.062500,-0.687500,0.104167,-0.583333,-0.041667,-0.666667,-0.145833,-0.854167,-0.062500,-0.604167,0.000000,-0.541667,-0.208333,-0.583333,-0.291667,-0.750000,-0.229167,-0.562500,-0.145833,-0.437500,-0.333333,-0.479167,-0.500000,-0.666667,-0.625000,-0.770833,-0.708333,-0.916667
Y,Right,legacy_bisindo_Y_1139,0.000000,0.000000,0.291667,0.250000,0.479167,0.500000,0.541667,0.791667,0.562500,1.000000,0.125000,0.708333,0.020833,0.875000,0.020833,0.687500,0.062500,0.520833,-0.083333,0.645833,-0.166667,0.833333,-0.125000,0.604167,-0.062500,0.458333,-0.250000,0.562500,-0.333333,0.729167,-0.250000,0.541667,-0.187500,0.395833,-0.395833,0.458333,-0.541667,0.645833,-0.645833,0.750000,-0.750000,0.875000
Y,Right,legacy_bisindo_Y_1140,0.000000,0.000000,0.250000,-0.291667,0.479167,-0.520833,0.541667,-0.812500,0.604167,-1.000000,0.145833,-0.750000,0.020833,-0.916667,0.062500,-0.729167,0.125000,-0.604167,-0.062500,-0.708333,-0.145833,-0.895833,-0.062500,-0.625000,0.000000,-0.541667,-0.229167,-0.625000,-0.312500,-0.791667,-0.229167,-0.583333,-0.145833,-0.458333,-0.354167,-0.500000,-0.541667,-0.687500,-0.625000,-0.791667,-0.729167,-0.937500
Y,Right,legacy_bisindo_Y_1141,0.000000,0.000000,0.304348,0.217391,0.521739,0.478261,0.608696,0.782609,0.652174,1.000000,0.173913,0.673913,0.065217,0.869565,0.065217,0.652174,0.108696,0.500000,-0.043478,0.608696,-0.152174,0.826087,-0.086957,0.586957,-0.021739,0.456522,-0.217391,0.543478,-0.326087,0.717391,-0.239130,0.521739,-0.173913,0.391304,-0.369565,0.456522,-0.543478,0.652174,-0.652174,0.760870,-0.739130,0.891304
Y,Right,legacy_bisindo_Y_1142,0.000000,0.000000,0.250000,-0.270833,0.458333,-0.520833,0.541667,-0.812500,0.604167,-1.000000,0.125000,-0.750000,0.020833,-0.916667,0.062500,-0.708333,0.104167,-0.583333,-0.062500,-0.708333,-0.166667,-0.875000,-0.083333,-0.625000,-0.020833,-0.541667,-0.229167,-0.604167,-0.312500,-0.791667,-0.229167,-0.562500,-0.166667,-0.437500,-0.375000,-0.500000,-0.541667,-0.687500,-0.625000,-0.791667,-0.729167,-0.937500
Y,Right,legacy_bisindo_Y_1143,0.000000,0.000000,0.285714,0.285714,0.469388,0.530612,0.551020,0.795918,0.571429,1.000000,0.102041,0.734694,0.020408,0.897959,0.040816,0.693878,0.102041,0.530612,-0.081633,0.673469,-0.163265,0.857143,-0.102041,0.612245,-0.040816,0.469388,-0.244898,0.591837,-0.326531,0.755102,-0.244898,0.551020,-0.163265,0.408163,-0.387755,0.469388,-0.530612,0.673469,-0.632653,0.755102,-0.714286,0.897959
Y,Right,legacy_bisindo_Y_1144,0.000000,0.000000,0.250000,-0.291667,0.458333,-0.520833,0.541667,-0.791667,0.583333,-1.000000,0.125000,-0.750000,0.020833,-0.916667,0.041667,-0.729167,0.083333,-0.583333,-0.062500,-0.687500,-0.145833,-0.875000,-0.083333,-0.625000,-0.020833,-0.541667,-0.229167,-0.604167,-0.312500,-0.791667,-0.250000,-0.583333,-0.166667,-0.437500,-0.354167,-0.500000,-0.541667,-0.687500,-0.645833,-0.791667,-0.729167,-0.937500
Y,Right,legacy_bisindo_Y_1145,0.000000,0.000000,0.297872,0.234043,0.489362,0.489362,0.553191,0.787234,0.595745,1.000000,0.148936,0.680851,0.042553,0.872340,0.042553,0.680851,0.063830,0.510638,-0.085106,0.638298,-0.170213,0.829787,-0.106383,0.595745,-0.042553,0.446809,-0.255319,0.553191,-0.340426,0.744681,-0.255319,0.531915,-0.191489,0.382979,-0.404255,0.446809,-0.553191,0.638298,-0.659574,0.765957,-0.765957,0.893617
Y,Right,legacy_bisindo_Y_1146,0.000000,0.000000,0.255319,-0.276596,0.489362,-0.531915,0.553191,-0.808511,0.617021,-1.000000,0.127660,-0.765957,0.042553,-0.914894,0.063830,-0.702128,0.106383,-0.574468,-0.063830,-0.702128,-0.148936,-0.893617,-0.085106,-0.617021,-0.021277,-0.531915,-0.234043,-0.617021,-0.319149,-0.787234,-0.234043,-0.574468,-0.170213,-0.446809,-0.361702,-0.489362,-0.531915,-0.702128,-0.638298,-0.808511,-0.744681,-0.936170
Y,Right,legacy_bisindo_Y_1147,0.000000,0.000000,0.255319,-0.276596,0.468085,-0.531915,0.553191,-0.787234,0.595745,-1.000000,0.127660,-0.765957,0.042553,-0.914894,0.063830,-0.723404,0.106383,-0.574468,-0.063830,-0.702128,-0.148936,-0.893617,-0.085106,-0.638298,0.000000,-0.531915,-0.234043,-0.617021,-0.319149,-0.765957,-0.234043,-0.553191,-0.148936,-0.446809,-0.382979,-0.510638,-0.531915,-0.702128,-0.638298,-0.808511,-0.744681,-0.936170
Y,Right,legacy_bisindo_Y_1148,0.000000,0.000000,0.244898,-0.285714,0.469388,-0.510204,0.551020,-0.795918,0.591837,-1.000000,0.122449,-0.734694,0.020408,-0.918367,0.061224,-0.714286,0.102041,-0.591837,-0.061224,-0.693878,-0.142857,-0.897959,-0.061224,-0.632653,-0.020408,-0.551020,-0.224490,-0.612245,-0.306122,-0.795918,-0.224490,-0.591837,-0.163265,-0.469388,-0.346939,-0.489796,-0.510204,-0.693878,-0.612245,-0.795918,-0.714286,-0.938776
Y,Right,legacy_bisindo_Y_1149,0.000000,0.000000,0.291667,0.270833,0.479167,0.500000,0.541667,0.791667,0.583333,1.000000,0.125000,0.708333,0.041667,0.895833,0.041667,0.687500,0.083333,0.520833,-0.083333,0.645833,-0.166667,0.854167,-0.104167,0.604167,-0.041667,0.458333,-0.250000,0.562500,-0.333333,0.750000,-0.250000,0.541667,-0.166667,0.395833,-0.395833,0.458333,-0.541667,0.666667,-0.645833,0.770833,-0.729167,0.895833
Y,Right,legacy_bisindo_Y_1150,0.000000,0.000000,0.265306,-0.285714,0.489796,-0.510204,0.571429,-0.795918,0.612245,-1.000000,0.142857,-0.714286,0.020408,-0.897959,0.061224,-0.714286,0.122449,-0.571429,-0.061224,-0.673469,-0.163265,-0.857143,-0.061224,-0.612245,0.000000,-0.530612,-0.224490,-0.571429,-0.306122,-0.775510,-0.224490,-0.571429,-0.163265,-0.448980,-0.346939,-0.469388,-0.510204,-0.673469,-0.612245,-0.775510,-0.693878,-0.918367
Y,Right,legacy_bisindo_Y_1151,0.000000,0.000000,0.326087,0.217391,0.543478,0.478261,0.630435,0.760870,0.673913,1.000000,0.173913,0.673913,0.065217,0.869565,0.065217,0.652174,0.086957,0.500000,-0.065217,0.608696,-0.130435,0.826087,-0.086957,0.586957,-0.021739,0.434783,-0.239130,0.543478,-0.304348,0.717391,-0.239130,0.521739,-0.173913,0.369565,-0.391304,0.434783,-0.543478,0.652174,-0.652174,0.760870,-0.739130,0.891304
Y,Right,legacy_bisindo_Y_1152,0.000000,0.000000,0.224490,-0.285714,0.448980,-0.530612,0.530612,-0.816327,0.571429,-1.000000,0.122449,-0.755102,0.000000,-0.938776,0.040816,-0.734694,0.081633,-0.612245,-0.061224,-0.693878,-0.163265,-0.897959,-0.081633,-0.632653,-0.020408,-0.571429,-0.224490,-0.612245,-0.326531,-0.795918,-0.244898,-0.591837,-0.163265,-0.469388,-0.367347,-0.489796,-0.530612,-0.693878,-0.632653,-0.816327,-0.734694,-0.938776
Y,Right,legacy_bisindo_Y_1153,0.000000,0.000000,0.285714,0.265306,0.469388,0.510204,0.551020,0.775510,0.571429,1.000000,0.122449,0.734694,0.020408,0.897959,0.040816,0.693878,0.102041,0.530612,-0.081633,0.673469,-0.163265,0.857143,-0.102041,0.612245,-0.020408,0.489796,-0.244898,0.591837,-0.326531,0.755102,-0.244898,0.571429,-0.163265,0.428571,-0.387755,0.489796,-0.530612,0.693878,-0.632653,0.795918,-0.714286,0.918367
Y,Right,legacy_bisindo_Y_1154,0.000000,0.000000,0.260000,-0.300000,0.480000,-0.520000,0.580000,-0.800000,0.620000,-1.000000,0.160000,-0.720000,0.040000,-0.920000,0.080000,-0.720000,0.140000,-0.580000,-0.040000,-0.680000,-0.140000,-0.880000,-0.060000,-0.620000,0.020000,-0.540000,-0.200000,-0.600000,-0.280000,-0.780000,-0.200000,-0.580000,-0.120000,-0.480000,-0.340000,-0.480000,-0.500000,-0.700000,-0.580000,-0.800000,-0.680000,-0.940000
Y,Right,legacy_bisindo_Y_1155,0.000000,0.000000,0.312500,0.250000,0.520833,0.500000,0.625000,0.791667,0.666667,1.000000,0.166667,0.729167,0.041667,0.895833,0.083333,0.687500,0.125000,0.520833,-0.062500,0.666667,-0.145833,0.854167,-0.062500,0.625000,0.000000,0.500000,-0.208333,0.583333,-0.312500,0.708333,-0.208333,0.520833,-0.104167,0.416667,-0.354167,0.479167,-0.520833,0.666667,-0.625000,0.770833,-0.708333,0.916667
Y,Right,legacy_bisindo_Y_1156,0.000000,0.000000,0.250000,-0.291667,0.479167,-0.520833,0.562500,-0.812500,0.625000,-1.000000,0.125000,-0.750000,0.020833,-0.937500,0.062500,-0.729167,0.104167,-0.583333,-0.083333,-0.708333,-0.166667,-0.895833,-0.083333,-0.625000,-0.041667,-0.541667,-0.250000,-0.604167,-0.333333,-0.791667,-0.270833,-0.583333,-0.187500,-0.458333,-0.375000,-0.479167,-0.541667,-0.687500,-0.645833,-0.812500,-0.750000,-0.958333
Y,Right,legacy_bisindo_Y_1157,0.000000,0.000000,0.297872,0.212766,0.531915,0.489362,0.617021,0.787234,0.659574,1.000000,0.170213,0.744681,0.042553,0.914894,0.085106,0.680851,0.127660,0.531915,-0.042553,0.680851,-0.148936,0.872340,-0.063830,0.617021,0.000000,0.510638,-0.212766,0.595745,-0.319149,0.744681,-0.212766,0.553191,-0.127660,0.446809,-0.382979,0.468085,-0.531915,0.680851,-0.638298,0.787234,-0.723404,0.936170
Y,Right,legacy_bisindo_Y_1158,0.000000,0.000000,0.244898,-0.306122,0.469388,-0.530612,0.571429,-0.816327,0.612245,-1.000000,0.122449,-0.755102,0.020408,-0.938776,0.061224,-0.734694,0.122449,-0.591837,-0.081633,-0.714286,-0.163265,-0.897959,-0.081633,-0.632653,-0.020408,-0.551020,-0.244898,-0.632653,-0.326531,-0.795918,-0.244898,-0.591837,-0.163265,-0.469388,-0.367347,-0.510204,-0.530612,-0.714286,-0.632653,-0.816327,-0.734694,-0.959184
Y,Right,legacy_bisindo_Y_1159,0.000000,0.000000,0.285714,0.224490,0.510204,0.510204,0.591837,0.795918,0.653061,1.000000,0.163265,0.734694,0.061224,0.918367,0.081633,0.673469,0.122449,0.530612,-0.040816,0.693878,-0.122449,0.857143,-0.061224,0.632653,0.000000,0.530612,-0.204082,0.612245,-0.306122,0.755102,-0.204082,0.571429,-0.122449,0.448980,-0.367347,0.489796,-0.510204,0.673469,-0.612245,0.795918,-0.693878,0.938776
Y,Right,legacy_bisindo_Y_1160,0.000000,0.000000,0.224490,-0.285714,0.448980,-0.530612,0.530612,-0.816327,0.591837,-1.000000,0.081633,-0.755102,-0.020408,-0.938776,0.020408,-0.734694,0.081633,-0.591837,-0.102041,-0.714286,-0.183673,-0.897959,-0.102041,-0.632653,-0.040816,-0.571429,-0.265306,-0.612245,-0.326531,-0.795918,-0.265306,-0.571429,-0.183673,-0.448980,-0.387755,-0.510204,-0.571429,-0.714286,-0.653061,-0.816327,-0.755102,-0.959184
Y,Right,legacy_bisindo_Y_1161,0.000000,0.000000,0.260000,0.260000,0.460000,0.520000,0.540000,0.800000,0.580000,1.000000,0.120000,0.760000,0.020000,0.900000,0.040000,0.680000,0.100000,0.540000,-0.100000,0.700000,-0.160000,0.880000,-0.100000,0.620000,-0.040000,0.500000,-0.260000,0.620000,-0.320000,0.760000,-0.240000,0.560000,-0.160000,0.440000,-0.400000,0.500000,-0.540000,0.700000,-0.640000,0.800000,-0.720000,0.920000
Y,Right,legacy_bisindo_Y_1162,0.000000,0.000000,0.224490,-0.306122,0.448980,-0.551020,0.530612,-0.816327,0.571429,-1.000000,0.081633,-0.775510,-0.020408,-0.938776,0.020408,-0.734694,0.081633,-0.612245,-0.122449,-0.714286,-0.204082,-0.897959,-0.102041,-0.653061,-0.040816,-0.571429,-0.285714,-0.632653,-0.346939,-0.795918,-0.265306,-0.591837,-0.183673,-0.448980,-0.408163,-0.510204,-0.571429,-0.714286,-0.673469,-0.836735,-0.775510,-0.979592
Y,Right,legacy_bisindo_Y_1163,0.000000,0.000000,0.280000,0.260000,0.480000,0.520000,0.560000,0.800000,0.600000,1.000000,0.140000,0.760000,0.040000,0.920000,0.060000,0.700000,0.100000,0.540000,-0.080000,0.700000,-0.140000,0.880000,-0.080000,0.640000,-0.020000,0.500000,-0.240000,0.620000,-0.320000,0.780000,-0.240000,0.560000,-0.160000,0.440000,-0.380000,0.500000,-0.540000,0.700000,-0.640000,0.800000,-0.720000,0.940000
Y,Right,legacy_bisindo_Y_1164,0.000000,0.000000,0.240000,-0.300000,0.460000,-0.540000,0.540000,-0.820000,0.600000,-1.000000,0.100000,-0.760000,0.020000,-0.920000,0.040000,-0.740000,0.100000,-0.580000,-0.100000,-0.700000,-0.160000,-0.900000,-0.100000,-0.640000,-0.040000,-0.560000,-0.260000,-0.620000,-0.320000,-0.800000,-0.240000,-0.600000,-0.160000,-0.460000,-0.380000,-0.500000,-0.540000,-0.720000,-0.640000,-0.820000,-0.720000,-0.960000
Y,Right,legacy_bisindo_Y_1165,0.000000,0.000000,0.294118,0.254902,0.490196,0.509804,0.568627,0.803922,0.607843,1.000000,0.137255,0.745098,0.039216,0.921569,0.058824,0.705882,0.098039,0.549020,-0.078431,0.705882,-0.137255,0.882353,-0.078431,0.627451,-0.019608,0.509804,-0.235294,0.607843,-0.313725,0.764706,-0.215686,0.568627,-0.156863,0.431373,-0.392157,0.490196,-0.529412,0.705882,-0.627451,0.803922,-0.725490,0.941176
Y,Right,legacy_bisindo_Y_1166,0.000000,0.000000,0.244898,-0.285714,0.469388,-0.530612,0.551020,-0.816327,0.612245,-1.000000,0.122449,-0.775510,0.020408,-0.938776,0.061224,-0.734694,0.102041,-0.591837,-0.081633,-0.714286,-0.163265,-0.918367,-0.081633,-0.653061,-0.020408,-0.571429,-0.244898,-0.632653,-0.306122,-0.816327,-0.244898,-0.591837,-0.183673,-0.448980,-0.387755,-0.510204,-0.551020,-0.734694,-0.653061,-0.836735,-0.734694,-1.000000
Y,Right,legacy_bisindo_Y_1167,0.000000,0.000000,0.280000,0.220000,0.500000,0.500000,0.580000,0.780000,0.640000,1.000000,0.160000,0.740000,0.060000,0.920000,0.080000,0.680000,0.120000,0.540000,-0.060000,0.700000,-0.140000,0.880000,-0.060000,0.620000,0.000000,0.500000,-0.240000,0.600000,-0.300000,0.780000,-0.220000,0.560000,-0.140000,0.420000,-0.380000,0.480000,-0.540000,0.700000,-0.640000,0.820000,-0.720000,0.960000
Y,Right,legacy_bisindo_Y_1168,0.000000,0.000000,0.265306,-0.306122,0.489796,-0.530612,0.571429,-0.795918,0.632653,-1.000000,0.122449,-0.755102,0.020408,-0.938776,0.061224,-0.734694,0.122449,-0.591837,-0.081633,-0.714286,-0.163265,-0.918367,-0.081633,-0.653061,-0.020408,-0.551020,-0.244898,-0.632653,-0.306122,-0.816327,-0.224490,-0.591837,-0.163265,-0.448980,-0.387755,-0.510204,-0.551020,-0.734694,-0.632653,-0.836735,-0.714286,-1.000000
Y,Right,legacy_bisindo_Y_1169,0.000000,0.000000,0.326531,0.244898,0.551020,0.510204,0.632653,0.795918,0.673469,1.000000,0.183673,0.775510,0.081633,0.938776,0.102041,0.714286,0.122449,0.551020,-0.040816,0.714286,-0.122449,0.918367,-0.061224,0.653061,0.000000,0.510204,-0.224490,0.632653,-0.285714,0.795918,-0.204082,0.571429,-0.122449,0.428571,-0.367347,0.510204,-0.530612,0.714286,-0.632653,0.836735,-0.714286,0.979592
Y,Right,legacy_bisindo_Y_1170,0.000000,0.000000,0.240000,-0.280000,0.460000,-0.520000,0.540000,-0.780000,0.620000,-0.960000,0.120000,-0.740000,0.040000,-0.920000,0.080000,-0.720000,0.120000,-0.580000,-0.080000,-0.700000,-0.140000,-0.880000,-0.060000,-0.620000,0.000000,-0.560000,-0.240000,-0.620000,-0.300000,-0.800000,-0.220000,-0.580000,-0.160000,-0.440000,-0.360000,-0.500000,-0.540000,-0.720000,-0.620000,-0.840000,-0.700000,-1.000000
Y,Right,legacy_bisindo_Y_1171,0.000000,0.000000,0.312500,0.250000,0.541667,0.500000,0.625000,0.791667,0.666667,1.000000,0.166667,0.770833,0.083333,0.937500,0.104167,0.708333,0.125000,0.562500,-0.062500,0.708333,-0.125000,0.916667,-0.062500,0.645833,0.000000,0.500000,-0.229167,0.625000,-0.291667,0.812500,-0.208333,0.583333,-0.145833,0.437500,-0.395833,0.500000,-0.541667,0.729167,-0.645833,0.854167,-0.729167,1.000000
Y,Right,legacy_bisindo_Y_1172,0.000000,0.000000,0.265306,-0.285714,0.469388,-0.510204,0.571429,-0.795918,0.653061,-0.979592,0.142857,-0.755102,0.040816,-0.938776,0.081633,-0.734694,0.142857,-0.591837,-0.061224,-0.714286,-0.142857,-0.918367,-0.061224,-0.653061,0.000000,-0.571429,-0.224490,-0.632653,-0.285714,-0.816327,-0.204082,-0.591837,-0.142857,-0.448980,-0.367347,-0.510204,-0.530612,-0.734694,-0.612245,-0.857143,-0.693878,-1.000000
Y,Right,legacy_bisindo_Y_1173,0.000000,0.000000,0.306122,0.204082,0.510204,0.489796,0.612245,0.755102,0.653061,0.979592,0.163265,0.755102,0.061224,0.918367,0.081633,0.714286,0.122449,0.551020,-0.061224,0.693878,-0.142857,0.897959,-0.061224,0.632653,0.000000,0.510204,-0.224490,0.612245,-0.306122,0.775510,-0.224490,0.571429,-0.142857,0.428571,-0.387755,0.489796,-0.551020,0.714286,-0.653061,0.857143,-0.734694,1.000000
Y,Right,legacy_bisindo_Y_1174,0.000000,0.000000,0.260000,-0.260000,0.500000,-0.500000,0.580000,-0.760000,0.660000,-0.940000,0.140000,-0.740000,0.040000,-0.920000,0.080000,-0.700000,0.140000,-0.560000,-0.060000,-0.700000,-0.140000,-0.900000,-0.060000,-0.620000,-0.020000,-0.540000,-0.240000,-0.620000,-0.300000,-0.780000,-0.220000,-0.580000,-0.140000,-0.440000,-0.360000,-0.500000,-0.520000,-0.720000,-0.620000,-0.840000,-0.700000,-1.000000
Y,Right,legacy_bisindo_Y_1175,0.000000,0.000000,0.306122,0.224490,0.530612,0.510204,0.632653,0.775510,0.693878,1.000000,0.183673,0.775510,0.102041,0.938776,0.102041,0.714286,0.142857,0.551020,-0.020408,0.734694,-0.102041,0.918367,-0.040816,0.653061,0.020408,0.530612,-0.204082,0.632653,-0.285714,0.795918,-0.183673,0.571429,-0.102041,0.448980,-0.367347,0.510204,-0.510204,0.734694,-0.612245,0.857143,-0.693878,1.000000
Y,Right,legacy_bisindo_Y_1176,0.000000,0.000000,0.240000,-0.280000,0.480000,-0.500000,0.580000,-0.780000,0.640000,-0.960000,0.120000,-0.740000,0.040000,-0.920000,0.080000,-0.720000,0.120000,-0.580000,-0.080000,-0.700000,-0.140000,-0.920000,-0.080000,-0.640000,-0.020000,-0.540000,-0.240000,-0.620000,-0.300000,-0.800000,-0.240000,-0.580000,-0.160000,-0.460000,-0.380000,-0.500000,-0.540000,-0.720000,-0.620000,-0.840000,-0.720000,-1.000000
Y,Right,legacy_bisindo_Y_1177,0.000000,0.000000,0.326531,0.224490,0.551020,0.510204,0.632653,0.775510,0.673469,1.000000,0.163265,0.755102,0.081633,0.938776,0.102041,0.693878,0.142857,0.551020,-0.040816,0.714286,-0.122449,0.897959,-0.040816,0.653061,0.020408,0.510204,-0.224490,0.632653,-0.306122,0.795918,-0.204082,0.571429,-0.122449,0.428571,-0.387755,0.510204,-0.530612,0.714286,-0.612245,0.836735,-0.693878,0.979592
Y,Right,legacy_bisindo_Y_1178,0.000000,0.000000,0.260000,-0.280000,0.500000,-0.520000,0.600000,-0.800000,0.640000,-0.980000,0.140000,-0.760000,0.040000,-0.940000,0.100000,-0.720000,0.160000,-0.580000,-0.060000,-0.720000,-0.140000,-0.920000,-0.060000,-0.640000,0.000000,-0.560000,-0.220000,-0.620000,-0.300000,-0.800000,-0.220000,-0.600000,-0.140000,-0.460000,-0.360000,-0.500000,-0.520000,-0.740000,-0.620000,-0.860000,-0.700000,-1.000000
Y,Right,legacy_bisindo_Y_1179,0.000000,0.000000,0.326531,0.224490,0.530612,0.489796,0.632653,0.775510,0.673469,1.000000,0.163265,0.755102,0.061224,0.918367,0.102041,0.693878,0.142857,0.551020,-0.061224,0.693878,-0.122449,0.877551,-0.040816,0.632653,0.020408,0.489796,-0.224490,0.591837,-0.306122,0.775510,-0.204082,0.551020,-0.122449,0.408163,-0.387755,0.489796,-0.551020,0.693878,-0.653061,0.836735,-0.734694,0.959184
Y,Right,legacy_bisindo_Y_1180,0.000000,0.000000,0.254902,-0.294118,0.490196,-0.529412,0.588235,-0.803922,0.627451,-0.980392,0.137255,-0.764706,0.039216,-0.941176,0.078431,-0.745098,0.137255,-0.607843,-0.058824,-0.725490,-0.137255,-0.921569,-0.058824,-0.647059,0.000000,-0.568627,-0.235294,-0.647059,-0.294118,-0.823529,-0.215686,-0.588235,-0.137255,-0.470588,-0.352941,-0.529412,-0.529412,-0.745098,-0.607843,-0.843137,-0.705882,-1.000000
Y,Right,legacy_bisindo_Y_1181,0.000000,0.000000,0.320000,0.240000,0.540000,0.520000,0.620000,0.800000,0.680000,1.000000,0.180000,0.760000,0.080000,0.940000,0.100000,0.700000,0.140000,0.560000,-0.040000,0.700000,-0.120000,0.900000,-0.060000,0.640000,0.020000,0.500000,-0.200000,0.620000,-0.300000,0.780000,-0.200000,0.560000,-0.120000,0.440000,-0.360000,0.500000,-0.520000,0.720000,-0.620000,0.840000,-0.700000,0.980000
Y,Right,legacy_bisindo_Y_1182,0.000000,0.000000,0.260000,-0.280000,0.480000,-0.520000,0.600000,-0.800000,0.640000,-1.000000,0.120000,-0.800000,0.020000,-0.960000,0.080000,-0.740000,0.140000,-0.600000,-0.080000,-0.740000,-0.160000,-0.920000,-0.060000,-0.660000,0.000000,-0.580000,-0.240000,-0.640000,-0.320000,-0.820000,-0.220000,-0.580000,-0.140000,-0.480000,-0.380000,-0.520000,-0.540000,-0.720000,-0.620000,-0.840000,-0.700000,-0.980000
Y,Right,legacy_bisindo_Y_1183,0.000000,0.000000,0.294118,0.235294,0.509804,0.509804,0.588235,0.784314,0.627451,1.000000,0.156863,0.764706,0.058824,0.921569,0.098039,0.705882,0.137255,0.568627,-0.058824,0.705882,-0.137255,0.882353,-0.058824,0.647059,0.000000,0.529412,-0.215686,0.607843,-0.294118,0.764706,-0.196078,0.568627,-0.117647,0.431373,-0.372549,0.490196,-0.529412,0.686275,-0.627451,0.803922,-0.705882,0.941176
Y,Right,legacy_bisindo_Y_1184,0.000000,0.000000,-0.191489,-0.042553,-0.319149,0.148936,-0.361702,0.468085,-0.404255,0.765957,-0.127660,0.276596,-0.127660,0.531915,-0.170213,0.702128,-0.212766,0.872340,0.000000,0.425532,-0.127660,0.659574,-0.212766,0.829787,-0.255319,0.957447,0.085106,0.489362,0.000000,0.744681,-0.106383,0.893617,-0.170213,1.000000,0.170213,0.510638,0.127660,0.723404,0.063830,0.872340,0.021277,0.978723
Y,Right,legacy_bisindo_Y_1185,0.000000,0.000000,0.235294,-0.274510,0.470588,-0.529412,0.549020,-0.784314,0.588235,-1.000000,0.098039,-0.764706,0.000000,-0.921569,0.039216,-0.705882,0.098039,-0.568627,-0.098039,-0.705882,-0.176471,-0.882353,-0.098039,-0.627451,-0.019608,-0.529412,-0.254902,-0.607843,-0.333333,-0.764706,-0.254902,-0.549020,-0.176471,-0.431373,-0.392157,-0.490196,-0.549020,-0.705882,-0.647059,-0.803922,-0.725490,-0.941176
Y,Right,legacy_bisindo_Y_1186,0.000000,0.000000,0.274510,0.254902,0.490196,0.529412,0.568627,0.803922,0.588235,1.000000,0.117647,0.764706,0.019608,0.921569,0.058824,0.705882,0.098039,0.549020,-0.078431,0.705882,-0.156863,0.862745,-0.098039,0.627451,-0.039216,0.509804,-0.254902,0.607843,-0.333333,0.784314,-0.235294,0.568627,-0.156863,0.450980,-0.392157,0.490196,-0.549020,0.705882,-0.647059,0.803922,-0.725490,0.921569
Y,Right,legacy_bisindo_Y_1187,0.000000,0.000000,0.162791,-0.023256,0.302326,0.209302,0.325581,0.627907,0.372093,1.000000,0.186047,0.395349,0.209302,0.627907,0.139535,0.767442,0.116279,0.930233,-0.023256,0.534884,-0.116279,0.767442,-0.209302,0.883721,-0.232558,0.976744,-0.209302,0.558140,-0.325581,0.767442,-0.418605,0.883721,-0.441860,0.953488,-0.395349,0.511628,-0.581395,0.720930,-0.697674,0.860465,-0.767442,0.930233
Y,Right,legacy_bisindo_Y_1188,0.000000,0.000000,0.196078,-0.078431,0.333333,-0.372549,0.450980,-0.725490,0.431373,-1.000000,0.196078,-0.352941,0.137255,-0.588235,0.156863,-0.725490,0.235294,-0.803922,0.000000,-0.392157,-0.078431,-0.647059,-0.098039,-0.803922,-0.098039,-0.862745,-0.176471,-0.372549,-0.274510,-0.647059,-0.294118,-0.784314,-0.274510,-0.843137,-0.313725,-0.352941,-0.431373,-0.568627,-0.490196,-0.686275,-0.509804,-0.764706
Y,Right,legacy_bisindo_Y_1189,0.000000,0.000000,-0.210526,0.078947,-0.394737,-0.131579,-0.421053,-0.421053,-0.500000,-0.710526,-0.289474,-0.289474,-0.447368,-0.657895,-0.473684,-0.894737,-0.421053,-0.947368,-0.078947,-0.394737,-0.289474,-0.763158,-0.368421,-0.973684,-0.368421,-0.973684,0.078947,-0.473684,-0.105263,-0.789474,-0.210526,-1.000000,-0.210526,-0.973684,0.210526,-0.500000,0.052632,-0.815789,-0.026316,-0.947368,-0.078947,-0.947368
Y,Right,legacy_bisindo_Y_1190,0.000000,0.000000,0.279070,0.023256,0.488372,0.255814,0.627907,0.627907,0.744186,1.000000,0.279070,0.511628,0.162791,0.720930,0.186047,0.534884,0.232558,0.372093,0.023256,0.604651,-0.116279,0.767442,-0.069767,0.534884,-0.023256,0.348837,-0.209302,0.581395,-0.302326,0.720930,-0.279070,0.511628,-0.232558,0.325581,-0.418605,0.465116,-0.488372,0.558140,-0.488372,0.441860,-0.441860,0.348837
Y,Right,legacy_bisindo_Y_1191,0.000000,0.000000,0.217391,-0.065217,0.413043,-0.391304,0.500000,-0.739130,0.478261,-1.000000,0.173913,-0.413043,0.043478,-0.652174,0.043478,-0.826087,0.086957,-0.913043,-0.065217,-0.434783,-0.195652,-0.673913,-0.195652,-0.826087,-0.195652,-0.847826,-0.260870,-0.391304,-0.369565,-0.630435,-0.391304,-0.760870,-0.347826,-0.782609,-0.391304,-0.304348,-0.500000,-0.521739,-0.543478,-0.630435,-0.521739,-0.695652
Y,Right,legacy_bisindo_Y_1192,0.000000,0.000000,0.244444,-0.022222,0.400000,0.222222,0.422222,0.600000,0.444444,1.000000,0.266667,0.488889,0.133333,0.755556,0.066667,0.800000,0.022222,0.777778,0.044444,0.555556,-0.133333,0.800000,-0.200000,0.755556,-0.177778,0.644444,-0.177778,0.488889,-0.311111,0.711111,-0.333333,0.666667,-0.333333,0.577778,-0.355556,0.400000,-0.466667,0.533333,-0.488889,0.533333,-0.466667,0.488889
Y,Right,legacy_bisindo_Y_1193,0.000000,0.000000,0.114286,0.057143,0.171429,-0.228571,0.200000,-0.628571,0.171429,-1.000000,-0.028571,-0.514286,-0.285714,-0.800000,-0.285714,-0.857143,-0.257143,-0.800000,-0.200000,-0.657143,-0.400000,-0.885714,-0.400000,-0.885714,-0.371429,-0.714286,-0.314286,-0.685714,-0.457143,-0.885714,-0.457143,-0.857143,-0.428571,-0.685714,-0.371429,-0.657143,-0.485714,-0.828571,-0.485714,-0.828571,-0.485714,-0.742857
Y,Right,legacy_bisindo_Y_1194,0.000000,0.000000,0.230769,-0.269231,0.442308,-0.538462,0.500000,-0.807692,0.538462,-1.000000,0.076923,-0.730769,-0.038462,-0.903846,0.000000,-0.692308,0.076923,-0.557692,-0.115385,-0.673077,-0.230769,-0.846154,-0.134615,-0.615385,-0.057692,-0.500000,-0.269231,-0.576923,-0.365385,-0.730769,-0.269231,-0.538462,-0.192308,-0.403846,-0.403846,-0.442308,-0.557692,-0.634615,-0.673077,-0.750000,-0.788462,-0.884615
Y,Right,legacy_bisindo_Y_1195,0.000000,0.000000,0.214286,0.125000,0.339286,0.410714,0.392857,0.732143,0.446429,1.000000,0.196429,0.375000,0.089286,0.714286,0.053571,0.750000,0.053571,0.678571,-0.017857,0.375000,-0.142857,0.767857,-0.142857,0.785714,-0.142857,0.696429,-0.214286,0.339286,-0.321429,0.678571,-0.321429,0.714286,-0.303571,0.660714,-0.375000,0.267857,-0.500000,0.553571,-0.553571,0.642857,-0.589286,0.660714
Y,Right,legacy_bisindo_Y_1196,0.000000,0.000000,0.224490,-0.102041,0.367347,-0.408163,0.428571,-0.755102,0.408163,-1.000000,0.183673,-0.469388,-0.020408,-0.795918,-0.040816,-0.795918,0.020408,-0.693878,-0.040816,-0.469388,-0.244898,-0.795918,-0.204082,-0.755102,-0.142857,-0.591837,-0.244898,-0.428571,-0.408163,-0.714286,-0.367347,-0.673469,-0.285714,-0.551020,-0.428571,-0.346939,-0.551020,-0.571429,-0.591837,-0.571429,-0.591837,-0.551020
Y,Right,legacy_bisindo_Y_1197,0.000000,0.000000,0.255319,0.063830,0.425532,0.297872,0.489362,0.659574,0.510638,1.000000,0.191489,0.404255,0.063830,0.680851,0.042553,0.680851,0.063830,0.617021,-0.063830,0.425532,-0.170213,0.702128,-0.170213,0.659574,-0.170213,0.553191,-0.276596,0.382979,-0.361702,0.617021,-0.361702,0.617021,-0.340426,0.553191,-0.446809,0.276596,-0.553191,0.446809,-0.617021,0.510638,-0.659574,0.531915
Y,Right,legacy_bisindo_Y_1198,0.000000,0.000000,0.207547,-0.113208,0.339623,-0.415094,0.396226,-0.735849,0.396226,-1.000000,0.207547,-0.396226,0.000000,-0.660377,-0.056604,-0.735849,-0.075472,-0.735849,0.018868,-0.358491,-0.226415,-0.641509,-0.245283,-0.698113,-0.226415,-0.641509,-0.188679,-0.283019,-0.377358,-0.547170,-0.396226,-0.622642,-0.339623,-0.622642,-0.358491,-0.169811,-0.509434,-0.396226,-0.547170,-0.490566,-0.547170,-0.547170
Y,Right,legacy_bisindo_Y_1199,0.000000,0.000000,0.285714,0.000000,0.500000,0.261905,0.595238,0.619048,0.595238,1.000000,0.238095,0.380952,-0.023810,0.595238,0.047619,0.428571,0.119048,0.238095,-0.047619,0.476190,-0.261905,0.619048,-0.166667,0.404762,-0.095238,0.190476,-0.309524,0.476190,-0.452381,0.571429,-0.380952,0.380952,-0.309524,0.214286,-0.500000,0.404762,-0.714286,0.500000,-0.761905,0.428571,-0.785714,0.380952
Y,Right,legacy_bisindo_Y_1200,0.000000,0.000000,0.200000,-0.109091,0.327273,-0.400000,0.381818,-0.745455,0.381818,-1.000000,0.236364,-0.400000,0.072727,-0.672727,0.018182,-0.727273,0.000000,-0.690909,0.036364,-0.400000,-0.145455,-0.654545,-0.181818,-0.690909,-0.163636,-0.636364,-0.163636,-0.345455,-0.309091,-0.600000,-0.327273,-0.636364,-0.290909,-0.618182,-0.327273,-0.290909,-0.472727,-0.472727,-0.509091,-0.527273,-0.527273,-0.563636
Y,Right,legacy_bisindo_Y_1201,0.000000,0.000000,0.305556,0.055556,0.583333,0.305556,0.694444,0.666667,0.777778,1.000000,0.250000,0.611111,0.083333,0.694444,0.138889,0.444444,0.250000,0.250000,-0.055556,0.638889,-0.194444,0.666667,-0.111111,0.361111,0.000000,0.166667,-0.333333,0.555556,-0.416667,0.583333,-0.333333,0.305556,-0.277778,0.138889,-0.555556,0.416667,-0.666667,0.388889,-0.638889,0.250000,-0.611111,0.166667
Y,Right,legacy_bisindo_Y_1202,0.000000,0.000000,0.224490,-0.102041,0.367347,-0.428571,0.428571,-0.775510,0.408163,-1.000000,0.204082,-0.448980,0.020408,-0.755102,-0.020408,-0.816327,-0.020408,-0.795918,-0.020408,-0.448980,-0.204082,-0.714286,-0.224490,-0.775510,-0.183673,-0.714286,-0.224490,-0.387755,-0.387755,-0.653061,-0.408163,-0.693878,-0.346939,-0.653061,-0.408163,-0.306122,-0.530612,-0.489796,-0.591837,-0.551020,-0.591837,-0.551020
Y,Right,legacy_bisindo_Y_1203,0.000000,0.000000,0.226415,-0.283019,0.433962,-0.547170,0.490566,-0.811321,0.509434,-1.000000,0.075472,-0.754717,-0.056604,-0.905660,0.018868,-0.698113,0.075472,-0.566038,-0.113208,-0.679245,-0.226415,-0.849057,-0.132075,-0.603774,-0.056604,-0.509434,-0.283019,-0.584906,-0.377358,-0.735849,-0.283019,-0.528302,-0.188679,-0.415094,-0.396226,-0.471698,-0.566038,-0.660377,-0.679245,-0.754717,-0.773585,-0.886792
Y,Right,legacy_bisindo_Y_1204,0.000000,0.000000,0.255319,0.148936,0.425532,0.425532,0.468085,0.765957,0.468085,1.000000,0.234043,0.404255,0.127660,0.595745,0.021277,0.723404,-0.042553,0.808511,0.000000,0.361702,-0.127660,0.553191,-0.212766,0.680851,-0.255319,0.787234,-0.234043,0.255319,-0.340426,0.425532,-0.404255,0.574468,-0.425532,0.680851,-0.404255,0.127660,-0.531915,0.255319,-0.617021,0.382979,-0.659574,0.489362
Y,Right,legacy_bisindo_Y_1205,0.000000,0.000000,0.235294,-0.274510,0.450980,-0.549020,0.529412,-0.803922,0.568627,-1.000000,0.098039,-0.745098,-0.039216,-0.901961,0.019608,-0.705882,0.098039,-0.568627,-0.098039,-0.686275,-0.215686,-0.862745,-0.117647,-0.607843,-0.039216,-0.509804,-0.254902,-0.588235,-0.372549,-0.745098,-0.274510,-0.529412,-0.176471,-0.411765,-0.392157,-0.470588,-0.568627,-0.647059,-0.686275,-0.745098,-0.784314,-0.882353
Y,Right,legacy_bisindo_Y_1206,0.000000,0.000000,0.207547,-0.283019,0.415094,-0.547170,0.490566,-0.811321,0.509434,-1.000000,0.094340,-0.735849,-0.056604,-0.886792,0.000000,-0.698113,0.075472,-0.566038,-0.113208,-0.660377,-0.226415,-0.830189,-0.113208,-0.603774,-0.037736,-0.490566,-0.264151,-0.566038,-0.377358,-0.735849,-0.264151,-0.528302,-0.169811,-0.415094,-0.396226,-0.452830,-0.566038,-0.641509,-0.679245,-0.735849,-0.792453,-0.867925
Y,Right,legacy_bisindo_Y_1207,0.000000,0.000000,0.230769,-0.269231,0.442308,-0.538462,0.500000,-0.807692,0.538462,-1.000000,0.076923,-0.730769,-0.038462,-0.884615,0.019231,-0.692308,0.096154,-0.557692,-0.115385,-0.673077,-0.230769,-0.846154,-0.115385,-0.596154,-0.057692,-0.500000,-0.269231,-0.576923,-0.365385,-0.730769,-0.269231,-0.538462,-0.173077,-0.403846,-0.403846,-0.461538,-0.576923,-0.634615,-0.692308,-0.750000,-0.807692,-0.865385
Y,Right,legacy_bisindo_Y_1208,0.000000,0.000000,0.230769,-0.269231,0.442308,-0.538462,0.519231,-0.788462,0.538462,-1.000000,0.076923,-0.750000,-0.038462,-0.903846,0.000000,-0.692308,0.076923,-0.557692,-0.115385,-0.673077,-0.211538,-0.865385,-0.134615,-0.615385,-0.057692,-0.519231,-0.269231,-0.576923,-0.365385,-0.730769,-0.269231,-0.519231,-0.173077,-0.403846,-0.403846,-0.461538,-0.576923,-0.653846,-0.673077,-0.750000,-0.769231,-0.884615
Y,Right,legacy_bisindo_Y_1209,0.000000,0.000000,0.254902,0.235294,0.470588,0.509804,0.509804,0.784314,0.529412,1.000000,0.078431,0.725490,-0.019608,0.901961,0.000000,0.686275,0.058824,0.529412,-0.117647,0.666667,-0.215686,0.843137,-0.137255,0.607843,-0.078431,0.470588,-0.294118,0.568627,-0.392157,0.745098,-0.294118,0.549020,-0.196078,0.392157,-0.431373,0.450980,-0.607843,0.647059,-0.705882,0.745098,-0.803922,0.862745
Y,Right,legacy_bisindo_Y_1210,0.000000,0.000000,0.269231,0.230769,0.461538,0.519231,0.500000,0.788462,0.538462,1.000000,0.096154,0.711538,-0.019231,0.884615,0.019231,0.673077,0.057692,0.519231,-0.115385,0.653846,-0.192308,0.826923,-0.115385,0.596154,-0.057692,0.461538,-0.269231,0.557692,-0.365385,0.730769,-0.269231,0.519231,-0.173077,0.403846,-0.403846,0.442308,-0.576923,0.634615,-0.673077,0.750000,-0.769231,0.865385
Y,Right,legacy_bisindo_Y_1211,0.000000,0.000000,0.280000,0.220000,0.480000,0.520000,0.540000,0.780000,0.580000,1.000000,0.100000,0.760000,-0.020000,0.900000,0.040000,0.660000,0.080000,0.520000,-0.120000,0.700000,-0.200000,0.840000,-0.120000,0.600000,-0.040000,0.480000,-0.280000,0.600000,-0.380000,0.740000,-0.260000,0.540000,-0.180000,0.420000,-0.440000,0.460000,-0.600000,0.660000,-0.700000,0.780000,-0.800000,0.900000
Y,Right,legacy_bisindo_Y_1212,0.000000,0.000000,0.285714,0.224490,0.489796,0.489796,0.551020,0.775510,0.591837,1.000000,0.081633,0.734694,-0.040816,0.877551,0.020408,0.653061,0.081633,0.489796,-0.122449,0.673469,-0.224490,0.836735,-0.122449,0.571429,-0.040816,0.448980,-0.306122,0.571429,-0.408163,0.734694,-0.285714,0.530612,-0.183673,0.387755,-0.448980,0.448980,-0.612245,0.653061,-0.714286,0.775510,-0.816327,0.918367
Y,Right,legacy_bisindo_Y_1213,0.000000,0.000000,0.274510,0.235294,0.470588,0.509804,0.529412,0.784314,0.549020,1.000000,0.078431,0.745098,0.000000,0.901961,0.019608,0.686275,0.058824,0.529412,-0.117647,0.705882,-0.215686,0.862745,-0.137255,0.627451,-0.058824,0.470588,-0.274510,0.607843,-0.372549,0.725490,-0.254902,0.529412,-0.176471,0.392157,-0.431373,0.490196,-0.588235,0.666667,-0.686275,0.764706,-0.784314,0.901961
Y,Right,legacy_bisindo_Y_1214,0.000000,0.000000,0.240000,-0.220000,0.400000,-0.520000,0.440000,-0.800000,0.500000,-1.000000,0.080000,-0.720000,-0.060000,-0.880000,-0.020000,-0.680000,0.060000,-0.520000,-0.120000,-0.640000,-0.220000,-0.820000,-0.160000,-0.560000,-0.080000,-0.420000,-0.260000,-0.540000,-0.360000,-0.680000,-0.300000,-0.480000,-0.200000,-0.340000,-0.400000,-0.420000,-0.600000,-0.600000,-0.740000,-0.700000,-0.860000,-0.800000
Y,Right,legacy_bisindo_Y_1215,0.000000,0.000000,0.250000,0.211538,0.403846,0.519231,0.442308,0.807692,0.500000,1.000000,0.096154,0.730769,-0.038462,0.865385,-0.019231,0.653846,0.057692,0.500000,-0.096154,0.653846,-0.192308,0.807692,-0.134615,0.557692,-0.038462,0.423077,-0.250000,0.557692,-0.346154,0.692308,-0.250000,0.480769,-0.153846,0.365385,-0.384615,0.423077,-0.538462,0.596154,-0.653846,0.692308,-0.769231,0.807692
Y,Right,legacy_bisindo_Y_1216,0.000000,0.000000,0.250000,0.211538,0.423077,0.500000,0.461538,0.788462,0.519231,1.000000,0.115385,0.730769,-0.019231,0.865385,-0.019231,0.653846,0.057692,0.500000,-0.096154,0.673077,-0.192308,0.807692,-0.134615,0.557692,-0.038462,0.442308,-0.230769,0.557692,-0.346154,0.692308,-0.250000,0.500000,-0.153846,0.384615,-0.365385,0.442308,-0.519231,0.596154,-0.634615,0.673077,-0.730769,0.769231
Y,Right,legacy_bisindo_Y_1217,0.000000,0.000000,0.211538,-0.250000,0.384615,-0.519231,0.442308,-0.788462,0.480769,-1.000000,0.076923,-0.711538,-0.057692,-0.865385,-0.019231,-0.673077,0.038462,-0.538462,-0.096154,-0.653846,-0.211538,-0.826923,-0.153846,-0.557692,-0.076923,-0.442308,-0.269231,-0.557692,-0.365385,-0.711538,-0.288462,-0.500000,-0.211538,-0.384615,-0.384615,-0.423077,-0.557692,-0.615385,-0.692308,-0.692308,-0.807692,-0.788462
Y,Right,legacy_bisindo_Y_1218,0.000000,0.000000,0.245283,0.264151,0.415094,0.528302,0.490566,0.792453,0.528302,1.000000,0.150943,0.716981,0.000000,0.867925,0.037736,0.641509,0.113208,0.490566,-0.056604,0.641509,-0.169811,0.811321,-0.075472,0.566038,0.018868,0.452830,-0.188679,0.528302,-0.283019,0.679245,-0.188679,0.471698,-0.094340,0.377358,-0.283019,0.396226,-0.377358,0.547170,-0.301887,0.433962,-0.207547,0.377358
Y,Right,legacy_bisindo_Y_1219,0.000000,0.000000,0.226415,0.226415,0.396226,0.509434,0.452830,0.792453,0.509434,1.000000,0.094340,0.735849,-0.056604,0.867925,-0.018868,0.660377,0.056604,0.509434,-0.113208,0.679245,-0.226415,0.811321,-0.150943,0.584906,-0.056604,0.452830,-0.264151,0.584906,-0.358491,0.698113,-0.264151,0.490566,-0.169811,0.377358,-0.377358,0.452830,-0.528302,0.622642,-0.641509,0.679245,-0.735849,0.773585
Y,Right,legacy_bisindo_Y_1220,0.000000,0.000000,0.240741,0.240741,0.407407,0.518519,0.462963,0.796296,0.500000,1.000000,0.111111,0.722222,-0.055556,0.870370,-0.018519,0.648148,0.055556,0.500000,-0.092593,0.648148,-0.222222,0.814815,-0.148148,0.574074,-0.055556,0.462963,-0.240741,0.537037,-0.351852,0.685185,-0.259259,0.500000,-0.166667,0.388889,-0.333333,0.444444,-0.462963,0.592593,-0.500000,0.592593,-0.537037,0.611111
Y,Right,legacy_bisindo_Y_1221,0.000000,0.000000,0.230769,-0.269231,0.442308,-0.519231,0.500000,-0.807692,0.500000,-1.000000,0.115385,-0.692308,-0.038462,-0.865385,0.019231,-0.673077,0.096154,-0.538462,-0.076923,-0.615385,-0.192308,-0.807692,-0.096154,-0.576923,-0.019231,-0.461538,-0.230769,-0.519231,-0.326923,-0.673077,-0.250000,-0.500000,-0.153846,-0.384615,-0.346154,-0.384615,-0.480769,-0.557692,-0.576923,-0.634615,-0.673077,-0.730769
Y,Right,legacy_bisindo_Y_1222,0.000000,0.000000,0.250000,0.250000,0.423077,0.519231,0.519231,0.807692,0.538462,1.000000,0.115385,0.711538,-0.038462,0.865385,0.019231,0.653846,0.096154,0.500000,-0.096154,0.634615,-0.211538,0.826923,-0.115385,0.557692,-0.019231,0.442308,-0.230769,0.538462,-0.326923,0.653846,-0.230769,0.480769,-0.134615,0.365385,-0.326923,0.423077,-0.461538,0.596154,-0.519231,0.634615,-0.576923,0.692308
Y,Right,legacy_bisindo_Y_1223,0.000000,0.000000,0.274510,0.274510,0.470588,0.549020,0.568627,0.803922,0.588235,1.000000,0.156863,0.725490,0.039216,0.921569,0.078431,0.686275,0.156863,0.529412,-0.039216,0.666667,-0.137255,0.862745,-0.039216,0.607843,0.058824,0.490196,-0.176471,0.549020,-0.235294,0.725490,-0.137255,0.509804,-0.058824,0.392157,-0.254902,0.411765,-0.333333,0.549020,-0.254902,0.431373,-0.176471,0.372549
Y,Right,legacy_bisindo_Y_1224,0.000000,0.000000,0.211538,-0.269231,0.403846,-0.519231,0.461538,-0.807692,0.480769,-1.000000,0.096154,-0.692308,-0.057692,-0.865385,0.000000,-0.673077,0.057692,-0.519231,-0.096154,-0.615385,-0.211538,-0.807692,-0.115385,-0.557692,-0.038462,-0.442308,-0.250000,-0.519231,-0.346154,-0.692308,-0.269231,-0.500000,-0.173077,-0.384615,-0.365385,-0.403846,-0.519231,-0.576923,-0.634615,-0.653846,-0.730769,-0.750000
Y,Right,legacy_bisindo_Y_1225,0.000000,0.000000,0.235294,0.235294,0.411765,0.529412,0.490196,0.803922,0.549020,1.000000,0.098039,0.705882,-0.039216,0.862745,-0.019608,0.647059,0.058824,0.509804,-0.098039,0.607843,-0.215686,0.823529,-0.137255,0.568627,-0.039216,0.450980,-0.235294,0.509804,-0.352941,0.686275,-0.254902,0.490196,-0.156863,0.392157,-0.333333,0.392157,-0.431373,0.549020,-0.431373,0.490196,-0.411765,0.470588
Y,Right,legacy_bisindo_Y_1226,0.000000,0.000000,0.230769,-0.269231,0.442308,-0.519231,0.500000,-0.807692,0.519231,-1.000000,0.115385,-0.673077,-0.019231,-0.865385,0.000000,-0.673077,0.076923,-0.519231,-0.076923,-0.615385,-0.192308,-0.807692,-0.115385,-0.576923,-0.038462,-0.442308,-0.230769,-0.519231,-0.326923,-0.673077,-0.250000,-0.500000,-0.173077,-0.384615,-0.326923,-0.384615,-0.480769,-0.557692,-0.576923,-0.615385,-0.653846,-0.711538
Y,Right,legacy_bisindo_Y_1227,0.000000,0.000000,0.230769,0.250000,0.403846,0.519231,0.480769,0.788462,0.519231,1.000000,0.076923,0.711538,-0.057692,0.865385,-0.019231,0.653846,0.038462,0.500000,-0.115385,0.634615,-0.230769,0.807692,-0.153846,0.576923,-0.076923,0.442308,-0.250000,0.538462,-0.365385,0.673077,-0.269231,0.500000,-0.192308,0.384615,-0.365385,0.403846,-0.500000,0.576923,-0.576923,0.634615,-0.634615,0.711538
Y,Right,legacy_bisindo_Y_1228,0.000000,0.000000,0.211538,-0.269231,0.384615,-0.538462,0.461538,-0.807692,0.480769,-1.000000,0.076923,-0.692308,-0.057692,-0.865385,-0.019231,-0.673077,0.057692,-0.538462,-0.096154,-0.634615,-0.211538,-0.807692,-0.115385,-0.557692,-0.057692,-0.442308,-0.250000,-0.538462,-0.346154,-0.692308,-0.269231,-0.500000,-0.173077,-0.365385,-0.384615,-0.403846,-0.538462,-0.576923,-0.653846,-0.673077,-0.750000,-0.769231
Y,Right,legacy_bisindo_Y_1229,0.000000,0.000000,0.230769,0.269231,0.403846,0.538462,0.480769,0.807692,0.519231,1.000000,0.096154,0.692308,-0.038462,0.846154,-0.019231,0.634615,0.057692,0.500000,-0.115385,0.615385,-0.211538,0.807692,-0.134615,0.557692,-0.038462,0.442308,-0.230769,0.500000,-0.326923,0.653846,-0.230769,0.461538,-0.153846,0.346154,-0.326923,0.384615,-0.423077,0.519231,-0.365385,0.423077,-0.326923,0.384615
Y,Right,legacy_bisindo_Y_1230,0.000000,0.000000,0.215686,-0.274510,0.392157,-0.549020,0.450980,-0.823529,0.470588,-1.000000,0.058824,-0.705882,-0.078431,-0.882353,-0.039216,-0.686275,0.039216,-0.529412,-0.117647,-0.627451,-0.215686,-0.823529,-0.137255,-0.568627,-0.078431,-0.470588,-0.274510,-0.529412,-0.372549,-0.705882,-0.294118,-0.509804,-0.196078,-0.372549,-0.392157,-0.411765,-0.568627,-0.588235,-0.686275,-0.686275,-0.784314,-0.784314
Y,Right,legacy_bisindo_Y_1231,0.000000,0.000000,0.265306,0.224490,0.448980,0.510204,0.530612,0.795918,0.571429,1.000000,0.122449,0.714286,-0.020408,0.877551,0.000000,0.653061,0.081633,0.510204,-0.081633,0.632653,-0.204082,0.816327,-0.122449,0.571429,-0.040816,0.428571,-0.224490,0.530612,-0.346939,0.673469,-0.244898,0.469388,-0.163265,0.367347,-0.346939,0.408163,-0.469388,0.591837,-0.551020,0.632653,-0.612245,0.714286
Y,Right,legacy_bisindo_Y_1232,0.000000,0.000000,0.215686,-0.294118,0.392157,-0.529412,0.470588,-0.803922,0.490196,-1.000000,0.078431,-0.705882,-0.058824,-0.882353,-0.019608,-0.686275,0.039216,-0.529412,-0.117647,-0.627451,-0.215686,-0.823529,-0.117647,-0.568627,-0.058824,-0.450980,-0.274510,-0.529412,-0.372549,-0.705882,-0.274510,-0.509804,-0.176471,-0.372549,-0.392157,-0.411765,-0.549020,-0.588235,-0.666667,-0.686275,-0.764706,-0.803922
Y,Right,legacy_bisindo_Y_1233,0.000000,0.000000,0.260000,0.280000,0.440000,0.540000,0.540000,0.820000,0.580000,1.000000,0.120000,0.720000,-0.020000,0.880000,0.040000,0.660000,0.100000,0.500000,-0.100000,0.640000,-0.200000,0.840000,-0.080000,0.580000,0.000000,0.460000,-0.220000,0.520000,-0.300000,0.660000,-0.180000,0.460000,-0.100000,0.360000,-0.320000,0.400000,-0.400000,0.520000,-0.320000,0.400000,-0.240000,0.360000
Y,Right,legacy_bisindo_Y_1234,0.000000,0.000000,0.215686,-0.254902,0.411765,-0.509804,0.470588,-0.803922,0.509804,-1.000000,0.098039,-0.686275,-0.039216,-0.882353,0.000000,-0.686275,0.058824,-0.529412,-0.098039,-0.627451,-0.196078,-0.823529,-0.117647,-0.568627,-0.039216,-0.470588,-0.254902,-0.529412,-0.352941,-0.705882,-0.254902,-0.509804,-0.156863,-0.392157,-0.372549,-0.411765,-0.549020,-0.588235,-0.647059,-0.666667,-0.764706,-0.784314
Y,Right,legacy_bisindo_Y_1235,0.000000,0.000000,0.280000,0.240000,0.440000,0.520000,0.500000,0.800000,0.560000,1.000000,0.100000,0.700000,-0.020000,0.840000,0.020000,0.620000,0.080000,0.480000,-0.100000,0.620000,-0.220000,0.780000,-0.120000,0.560000,-0.040000,0.420000,-0.240000,0.520000,-0.340000,0.640000,-0.240000,0.460000,-0.140000,0.340000,-0.360000,0.400000,-0.500000,0.580000,-0.580000,0.640000,-0.660000,0.740000
Y,Right,legacy_bisindo_Y_1236,0.000000,0.000000,0.250000,-0.250000,0.479167,-0.520833,0.583333,-0.791667,0.583333,-1.000000,0.145833,-0.687500,0.020833,-0.895833,0.041667,-0.687500,0.104167,-0.520833,-0.062500,-0.604167,-0.187500,-0.812500,-0.104167,-0.583333,-0.020833,-0.437500,-0.229167,-0.520833,-0.354167,-0.666667,-0.250000,-0.479167,-0.145833,-0.354167,-0.333333,-0.395833,-0.479167,-0.541667,-0.500000,-0.520833,-0.500000,-0.520833
Y,Right,legacy_bisindo_Y_1237,0.000000,0.000000,0.280000,0.260000,0.480000,0.540000,0.560000,0.800000,0.600000,1.000000,0.160000,0.720000,0.040000,0.860000,0.080000,0.640000,0.140000,0.500000,-0.040000,0.640000,-0.140000,0.840000,-0.060000,0.560000,0.040000,0.440000,-0.180000,0.540000,-0.260000,0.680000,-0.160000,0.460000,-0.080000,0.360000,-0.280000,0.420000,-0.360000,0.540000,-0.280000,0.400000,-0.200000,0.340000
Y,Right,legacy_bisindo_Y_1238,0.000000,0.000000,0.224490,-0.265306,0.408163,-0.530612,0.469388,-0.816327,0.510204,-1.000000,0.081633,-0.693878,-0.040816,-0.897959,0.000000,-0.693878,0.061224,-0.530612,-0.122449,-0.632653,-0.224490,-0.836735,-0.122449,-0.571429,-0.061224,-0.448980,-0.285714,-0.530612,-0.367347,-0.714286,-0.285714,-0.510204,-0.183673,-0.367347,-0.408163,-0.387755,-0.571429,-0.571429,-0.673469,-0.673469,-0.775510,-0.795918
Y,Right,legacy_bisindo_Y_1239,0.000000,0.000000,0.291667,0.229167,0.458333,0.500000,0.500000,0.770833,0.541667,1.000000,0.083333,0.687500,-0.041667,0.875000,-0.020833,0.666667,0.041667,0.500000,-0.125000,0.625000,-0.229167,0.812500,-0.145833,0.583333,-0.062500,0.416667,-0.270833,0.520833,-0.375000,0.666667,-0.270833,0.479167,-0.166667,0.354167,-0.416667,0.395833,-0.583333,0.583333,-0.708333,0.687500,-0.791667,0.812500
Y,Right,legacy_bisindo_Y_1240,0.000000,0.000000,0.244898,-0.285714,0.448980,-0.530612,0.510204,-0.816327,0.551020,-1.000000,0.102041,-0.673469,-0.040816,-0.877551,0.020408,-0.693878,0.081633,-0.530612,-0.102041,-0.612245,-0.204082,-0.816327,-0.102041,-0.571429,-0.040816,-0.428571,-0.265306,-0.510204,-0.346939,-0.673469,-0.265306,-0.489796,-0.163265,-0.367347,-0.367347,-0.367347,-0.510204,-0.551020,-0.612245,-0.632653,-0.693878,-0.734694
Y,Right,legacy_bisindo_Y_1241,0.000000,0.000000,0.254902,0.254902,0.431373,0.529412,0.490196,0.803922,0.549020,1.000000,0.098039,0.686275,-0.019608,0.862745,0.019608,0.647059,0.078431,0.509804,-0.098039,0.627451,-0.196078,0.823529,-0.117647,0.568627,-0.039216,0.450980,-0.235294,0.509804,-0.313725,0.666667,-0.215686,0.470588,-0.156863,0.352941,-0.333333,0.392157,-0.431373,0.529412,-0.392157,0.470588,-0.392157,0.450980
Y,Right,legacy_bisindo_Y_1242,0.000000,0.000000,0.220000,-0.280000,0.400000,-0.540000,0.480000,-0.820000,0.500000,-1.000000,0.080000,-0.700000,-0.040000,-0.880000,0.000000,-0.700000,0.060000,-0.540000,-0.120000,-0.620000,-0.200000,-0.820000,-0.120000,-0.580000,-0.060000,-0.460000,-0.280000,-0.540000,-0.360000,-0.720000,-0.280000,-0.520000,-0.180000,-0.380000,-0.400000,-0.420000,-0.560000,-0.600000,-0.680000,-0.700000,-0.760000,-0.820000
Y,Right,legacy_bisindo_Y_1243,0.000000,0.000000,0.260000,0.240000,0.440000,0.520000,0.520000,0.800000,0.580000,1.000000,0.100000,0.700000,-0.020000,0.860000,0.020000,0.640000,0.080000,0.500000,-0.100000,0.640000,-0.200000,0.800000,-0.120000,0.560000,-0.040000,0.460000,-0.240000,0.540000,-0.340000,0.660000,-0.240000,0.480000,-0.140000,0.360000,-0.380000,0.420000,-0.500000,0.600000,-0.600000,0.680000,-0.660000,0.780000
Y,Right,legacy_bisindo_Y_1244,0.000000,0.000000,0.240000,-0.300000,0.440000,-0.540000,0.520000,-0.800000,0.540000,-1.000000,0.100000,-0.680000,-0.040000,-0.900000,0.020000,-0.700000,0.080000,-0.540000,-0.100000,-0.620000,-0.200000,-0.820000,-0.120000,-0.580000,-0.040000,-0.460000,-0.260000,-0.520000,-0.340000,-0.700000,-0.260000,-0.500000,-0.160000,-0.380000,-0.380000,-0.380000,-0.520000,-0.560000,-0.620000,-0.640000,-0.700000,-0.760000
Y,Right,legacy_bisindo_Y_1245,0.000000,0.000000,0.260000,0.260000,0.440000,0.540000,0.520000,0.820000,0.580000,1.000000,0.100000,0.720000,0.000000,0.880000,0.040000,0.680000,0.100000,0.520000,-0.120000,0.660000,-0.200000,0.840000,-0.100000,0.600000,-0.020000,0.460000,-0.240000,0.540000,-0.340000,0.700000,-0.240000,0.520000,-0.140000,0.400000,-0.360000,0.420000,-0.500000,0.600000,-0.580000,0.660000,-0.660000,0.780000
Y,Right,legacy_bisindo_Y_1246,0.000000,0.000000,0.244898,-0.285714,0.469388,-0.530612,0.551020,-0.816327,0.591837,-1.000000,0.122449,-0.693878,0.000000,-0.897959,0.061224,-0.693878,0.122449,-0.551020,-0.081633,-0.632653,-0.183673,-0.836735,-0.081633,-0.591837,-0.020408,-0.469388,-0.224490,-0.530612,-0.326531,-0.693878,-0.244898,-0.510204,-0.142857,-0.387755,-0.346939,-0.387755,-0.469388,-0.551020,-0.510204,-0.591837,-0.551020,-0.632653
Y,Right,legacy_bisindo_Y_1247,0.000000,0.000000,0.285714,0.285714,0.469388,0.551020,0.571429,0.816327,0.632653,1.000000,0.142857,0.714286,0.040816,0.897959,0.081633,0.673469,0.142857,0.510204,-0.061224,0.653061,-0.142857,0.857143,-0.040816,0.591837,0.040816,0.448980,-0.183673,0.530612,-0.265306,0.693878,-0.163265,0.489796,-0.081633,0.387755,-0.285714,0.387755,-0.387755,0.530612,-0.346939,0.469388,-0.326531,0.469388
Y,Right,legacy_bisindo_Y_1248,0.000000,0.000000,0.250000,-0.270833,0.479167,-0.520833,0.583333,-0.791667,0.583333,-1.000000,0.145833,-0.687500,0.000000,-0.895833,0.062500,-0.687500,0.125000,-0.520833,-0.062500,-0.625000,-0.187500,-0.833333,-0.083333,-0.583333,0.000000,-0.458333,-0.229167,-0.520833,-0.354167,-0.687500,-0.250000,-0.500000,-0.145833,-0.375000,-0.354167,-0.375000,-0.479167,-0.541667,-0.520833,-0.562500,-0.541667,-0.604167
Y,Right,legacy_bisindo_Y_1249,0.000000,0.000000,0.276596,0.255319,0.489362,0.553191,0.617021,0.808511,0.680851,1.000000,0.148936,0.723404,0.042553,0.914894,0.085106,0.680851,0.127660,0.510638,-0.042553,0.659574,-0.148936,0.872340,-0.063830,0.617021,0.042553,0.468085,-0.191489,0.531915,-0.276596,0.702128,-0.148936,0.489362,-0.063830,0.382979,-0.276596,0.404255,-0.361702,0.553191,-0.276596,0.446809,-0.191489,0.382979
Y,Right,legacy_bisindo_Y_1250,0.000000,0.000000,0.244898,-0.285714,0.448980,-0.530612,0.510204,-0.816327,0.530612,-1.000000,0.081633,-0.673469,-0.040816,-0.897959,0.000000,-0.693878,0.061224,-0.530612,-0.102041,-0.612245,-0.204082,-0.816327,-0.122449,-0.591837,-0.040816,-0.448980,-0.265306,-0.510204,-0.367347,-0.693878,-0.265306,-0.510204,-0.183673,-0.387755,-0.387755,-0.387755,-0.530612,-0.571429,-0.612245,-0.653061,-0.693878,-0.755102
Y,Right,legacy_bisindo_Y_1251,0.000000,0.000000,0.270833,0.270833,0.479167,0.541667,0.583333,0.812500,0.604167,1.000000,0.145833,0.729167,0.020833,0.916667,0.062500,0.687500,0.125000,0.520833,-0.062500,0.645833,-0.166667,0.854167,-0.083333,0.604167,0.020833,0.458333,-0.208333,0.541667,-0.291667,0.708333,-0.187500,0.500000,-0.104167,0.375000,-0.291667,0.416667,-0.395833,0.541667,-0.333333,0.458333,-0.291667,0.395833
Y,Right,legacy_bisindo_Y_1252,0.000000,0.000000,0.250000,-0.270833,0.479167,-0.520833,0.562500,-0.812500,0.604167,-1.000000,0.145833,-0.687500,0.020833,-0.895833,0.062500,-0.687500,0.125000,-0.520833,-0.062500,-0.625000,-0.166667,-0.833333,-0.083333,-0.583333,0.000000,-0.458333,-0.229167,-0.520833,-0.333333,-0.687500,-0.229167,-0.500000,-0.145833,-0.375000,-0.333333,-0.395833,-0.479167,-0.541667,-0.520833,-0.583333,-0.541667,-0.645833
Y,Right,legacy_bisindo_Y_1253,0.000000,0.000000,0.265306,0.265306,0.489796,0.551020,0.591837,0.816327,0.632653,1.000000,0.142857,0.714286,0.040816,0.897959,0.081633,0.673469,0.142857,0.510204,-0.061224,0.653061,-0.142857,0.857143,-0.061224,0.591837,0.040816,0.469388,-0.204082,0.530612,-0.265306,0.693878,-0.163265,0.489796,-0.081633,0.367347,-0.285714,0.387755,-0.367347,0.530612,-0.306122,0.428571,-0.244898,0.387755
Y,Right,legacy_bisindo_Y_1254,0.000000,0.000000,0.240000,-0.300000,0.420000,-0.540000,0.500000,-0.820000,0.540000,-1.000000,0.100000,-0.680000,-0.020000,-0.880000,0.020000,-0.700000,0.080000,-0.520000,-0.100000,-0.620000,-0.180000,-0.820000,-0.120000,-0.580000,-0.060000,-0.440000,-0.260000,-0.520000,-0.340000,-0.700000,-0.260000,-0.520000,-0.180000,-0.380000,-0.380000,-0.400000,-0.540000,-0.580000,-0.640000,-0.680000,-0.720000,-0.800000
Y,Right,legacy_bisindo_Y_1255,0.000000,0.000000,0.265306,0.285714,0.448980,0.551020,0.530612,0.836735,0.591837,1.000000,0.122449,0.714286,0.020408,0.897959,0.040816,0.693878,0.081633,0.510204,-0.081633,0.653061,-0.163265,0.857143,-0.081633,0.612245,0.000000,0.469388,-0.224490,0.530612,-0.306122,0.734694,-0.204082,0.530612,-0.122449,0.387755,-0.326531,0.387755,-0.387755,0.551020,-0.326531,0.469388,-0.244898,0.408163
Y,Right,legacy_bisindo_Y_1256,0.000000,0.000000,0.250000,-0.270833,0.458333,-0.520833,0.541667,-0.812500,0.562500,-1.000000,0.125000,-0.666667,0.000000,-0.895833,0.041667,-0.708333,0.104167,-0.520833,-0.083333,-0.604167,-0.187500,-0.833333,-0.125000,-0.604167,-0.041667,-0.437500,-0.250000,-0.500000,-0.354167,-0.687500,-0.270833,-0.520833,-0.187500,-0.375000,-0.375000,-0.354167,-0.500000,-0.541667,-0.562500,-0.583333,-0.604167,-0.645833
Y,Right,legacy_bisindo_Y_1257,0.000000,0.000000,0.282609,0.260870,0.500000,0.565217,0.630435,0.826087,0.652174,1.000000,0.152174,0.717391,0.065217,0.934783,0.086957,0.695652,0.130435,0.521739,-0.065217,0.652174,-0.152174,0.869565,-0.086957,0.608696,0.021739,0.456522,-0.195652,0.543478,-0.282609,0.717391,-0.195652,0.500000,-0.086957,0.391304,-0.304348,0.413043,-0.391304,0.543478,-0.347826,0.434783,-0.260870,0.391304
Y,Right,legacy_bisindo_Y_1258,0.000000,0.000000,0.297872,0.255319,0.531915,0.553191,0.659574,0.808511,0.680851,1.000000,0.191489,0.723404,0.085106,0.936170,0.148936,0.680851,0.191489,0.531915,-0.021277,0.680851,-0.106383,0.872340,0.000000,0.617021,0.063830,0.489362,-0.148936,0.574468,-0.234043,0.723404,-0.127660,0.510638,-0.042553,0.382979,-0.255319,0.446809,-0.340426,0.595745,-0.255319,0.468085,-0.170213,0.382979
Y,Right,legacy_bisindo_Y_1259,0.000000,0.000000,0.220000,-0.300000,0.420000,-0.540000,0.480000,-0.820000,0.500000,-1.000000,0.080000,-0.680000,-0.040000,-0.900000,0.000000,-0.700000,0.060000,-0.540000,-0.120000,-0.620000,-0.220000,-0.840000,-0.120000,-0.580000,-0.060000,-0.460000,-0.280000,-0.520000,-0.360000,-0.720000,-0.280000,-0.520000,-0.180000,-0.380000,-0.400000,-0.400000,-0.540000,-0.580000,-0.640000,-0.680000,-0.740000,-0.800000
Y,Right,legacy_bisindo_Y_1260,0.000000,0.000000,0.254902,0.274510,0.431373,0.549020,0.529412,0.803922,0.588235,1.000000,0.098039,0.705882,0.000000,0.882353,0.039216,0.666667,0.098039,0.509804,-0.098039,0.627451,-0.176471,0.823529,-0.098039,0.568627,0.000000,0.450980,-0.215686,0.509804,-0.294118,0.666667,-0.215686,0.470588,-0.137255,0.352941,-0.313725,0.392157,-0.411765,0.529412,-0.392157,0.450980,-0.372549,0.431373
Y,Right,legacy_bisindo_Y_1261,0.000000,0.000000,0.295455,-0.227273,0.568182,-0.522727,0.681818,-0.772727,0.727273,-1.000000,0.272727,-0.681818,0.136364,-0.931818,0.113636,-0.727273,0.181818,-0.568182,0.068182,-0.613636,-0.068182,-0.863636,-0.022727,-0.613636,0.045455,-0.454545,-0.113636,-0.522727,-0.227273,-0.750000,-0.159091,-0.522727,-0.090909,-0.340909,-0.250000,-0.409091,-0.340909,-0.590909,-0.295455,-0.477273,-0.227273,-0.386364
Y,Right,legacy_bisindo_Y_1262,0.000000,0.000000,0.276596,0.255319,0.510638,0.553191,0.638298,0.808511,0.680851,1.000000,0.170213,0.702128,0.063830,0.914894,0.106383,0.680851,0.170213,0.510638,-0.042553,0.638298,-0.127660,0.872340,-0.042553,0.595745,0.042553,0.446809,-0.170213,0.531915,-0.255319,0.723404,-0.148936,0.489362,-0.063830,0.361702,-0.276596,0.404255,-0.361702,0.553191,-0.297872,0.425532,-0.234043,0.361702
Y,Right,legacy_bisindo_Y_1263,0.000000,0.000000,0.240000,-0.280000,0.460000,-0.520000,0.520000,-0.820000,0.540000,-1.000000,0.100000,-0.680000,0.000000,-0.880000,0.040000,-0.680000,0.100000,-0.520000,-0.100000,-0.620000,-0.180000,-0.820000,-0.080000,-0.580000,-0.020000,-0.440000,-0.240000,-0.520000,-0.340000,-0.700000,-0.260000,-0.500000,-0.160000,-0.380000,-0.380000,-0.380000,-0.520000,-0.560000,-0.600000,-0.660000,-0.660000,-0.760000
Y,Right,legacy_bisindo_Y_1264,0.000000,0.000000,0.312500,0.250000,0.520833,0.541667,0.625000,0.791667,0.666667,1.000000,0.187500,0.708333,0.083333,0.895833,0.125000,0.666667,0.187500,0.500000,-0.020833,0.645833,-0.104167,0.875000,-0.020833,0.604167,0.062500,0.458333,-0.166667,0.541667,-0.229167,0.708333,-0.125000,0.479167,-0.041667,0.354167,-0.270833,0.416667,-0.333333,0.541667,-0.270833,0.416667,-0.187500,0.354167
Y,Right,legacy_bisindo_Y_1265,0.000000,0.000000,0.240000,-0.260000,0.480000,-0.520000,0.560000,-0.800000,0.580000,-1.000000,0.140000,-0.680000,0.020000,-0.880000,0.040000,-0.680000,0.100000,-0.520000,-0.060000,-0.600000,-0.160000,-0.820000,-0.100000,-0.580000,-0.020000,-0.440000,-0.220000,-0.520000,-0.320000,-0.680000,-0.240000,-0.480000,-0.140000,-0.360000,-0.320000,-0.400000,-0.460000,-0.560000,-0.500000,-0.580000,-0.500000,-0.600000
Y,Right,legacy_bisindo_Y_1266,0.000000,0.000000,0.311111,0.177778,0.622222,0.533333,0.733333,0.800000,0.777778,1.000000,0.266667,0.711111,0.155556,0.955556,0.177778,0.711111,0.266667,0.555556,0.066667,0.666667,-0.022222,0.933333,0.044444,0.644444,0.133333,0.511111,-0.066667,0.577778,-0.133333,0.755556,-0.066667,0.533333,0.022222,0.400000,-0.177778,0.488889,-0.244444,0.622222,-0.177778,0.466667,-0.111111,0.377778
Y,Right,legacy_bisindo_Y_1267,0.000000,0.000000,0.240000,-0.280000,0.440000,-0.520000,0.520000,-0.800000,0.540000,-1.000000,0.100000,-0.700000,-0.020000,-0.880000,0.020000,-0.700000,0.080000,-0.540000,-0.100000,-0.640000,-0.180000,-0.820000,-0.100000,-0.580000,-0.040000,-0.460000,-0.260000,-0.540000,-0.340000,-0.700000,-0.260000,-0.520000,-0.160000,-0.380000,-0.380000,-0.420000,-0.540000,-0.620000,-0.660000,-0.720000,-0.760000,-0.840000
Y,Right,legacy_bisindo_Y_1268,0.000000,0.000000,0.312500,0.229167,0.541667,0.541667,0.625000,0.812500,0.645833,1.000000,0.187500,0.708333,0.083333,0.916667,0.125000,0.687500,0.187500,0.520833,-0.020833,0.645833,-0.125000,0.875000,-0.041667,0.583333,0.062500,0.437500,-0.166667,0.541667,-0.250000,0.708333,-0.145833,0.479167,-0.062500,0.354167,-0.250000,0.416667,-0.375000,0.562500,-0.375000,0.500000,-0.354167,0.479167
Y,Right,legacy_bisindo_Y_1269,0.000000,0.000000,0.244898,-0.265306,0.469388,-0.530612,0.551020,-0.816327,0.571429,-1.000000,0.122449,-0.693878,0.000000,-0.877551,0.020408,-0.693878,0.081633,-0.510204,-0.081633,-0.612245,-0.183673,-0.816327,-0.102041,-0.571429,-0.040816,-0.428571,-0.244898,-0.510204,-0.367347,-0.673469,-0.265306,-0.489796,-0.163265,-0.346939,-0.367347,-0.387755,-0.510204,-0.571429,-0.612245,-0.673469,-0.673469,-0.795918
Y,Right,legacy_bisindo_Y_1270,0.000000,0.000000,0.274510,0.254902,0.470588,0.549020,0.568627,0.803922,0.607843,1.000000,0.156863,0.705882,0.039216,0.882353,0.098039,0.647059,0.156863,0.490196,-0.039216,0.627451,-0.137255,0.823529,-0.039216,0.568627,0.039216,0.450980,-0.176471,0.529412,-0.254902,0.666667,-0.156863,0.470588,-0.058824,0.352941,-0.274510,0.411765,-0.372549,0.529412,-0.313725,0.431373,-0.274510,0.372549
Y,Right,legacy_bisindo_Y_1271,0.000000,0.000000,0.196078,-0.254902,0.392157,-0.529412,0.450980,-0.803922,0.509804,-1.000000,0.078431,-0.686275,-0.058824,-0.862745,-0.019608,-0.686275,0.039216,-0.529412,-0.117647,-0.627451,-0.215686,-0.803922,-0.137255,-0.568627,-0.078431,-0.450980,-0.274510,-0.529412,-0.372549,-0.686275,-0.294118,-0.509804,-0.196078,-0.372549,-0.392157,-0.411765,-0.568627,-0.588235,-0.686275,-0.686275,-0.784314,-0.803922
Y,Right,legacy_bisindo_Y_1272,0.000000,0.000000,0.254902,0.235294,0.431373,0.529412,0.509804,0.803922,0.568627,1.000000,0.117647,0.705882,-0.019608,0.862745,0.019608,0.627451,0.098039,0.490196,-0.098039,0.627451,-0.196078,0.803922,-0.117647,0.568627,-0.019608,0.450980,-0.235294,0.529412,-0.333333,0.666667,-0.235294,0.470588,-0.156863,0.372549,-0.352941,0.411765,-0.450980,0.549020,-0.470588,0.549020,-0.509804,0.568627
Y,Right,legacy_bisindo_Y_1273,0.000000,0.000000,0.215686,-0.274510,0.431373,-0.529412,0.490196,-0.803922,0.509804,-1.000000,0.098039,-0.686275,-0.039216,-0.862745,0.000000,-0.666667,0.078431,-0.529412,-0.098039,-0.607843,-0.196078,-0.803922,-0.117647,-0.568627,-0.039216,-0.450980,-0.254902,-0.509804,-0.352941,-0.666667,-0.274510,-0.490196,-0.176471,-0.372549,-0.372549,-0.392157,-0.509804,-0.549020,-0.588235,-0.607843,-0.647059,-0.686275
Y,Right,legacy_bisindo_Y_1274,0.000000,0.000000,0.250000,0.307692,0.423077,0.557692,0.480769,0.826923,0.538462,1.000000,0.096154,0.711538,-0.019231,0.884615,0.019231,0.653846,0.076923,0.500000,-0.115385,0.653846,-0.192308,0.826923,-0.096154,0.596154,-0.019231,0.461538,-0.250000,0.538462,-0.326923,0.692308,-0.211538,0.480769,-0.134615,0.384615,-0.326923,0.403846,-0.423077,0.538462,-0.346154,0.442308,-0.288462,0.384615
Y,Right,legacy_bisindo_Y_1275,0.000000,0.000000,0.215686,-0.254902,0.431373,-0.509804,0.509804,-0.803922,0.529412,-1.000000,0.117647,-0.686275,-0.019608,-0.862745,0.019608,-0.666667,0.078431,-0.529412,-0.078431,-0.607843,-0.176471,-0.823529,-0.098039,-0.568627,-0.039216,-0.450980,-0.235294,-0.509804,-0.333333,-0.686275,-0.254902,-0.490196,-0.156863,-0.392157,-0.372549,-0.392157,-0.490196,-0.568627,-0.588235,-0.647059,-0.666667,-0.745098
Y,Right,legacy_bisindo_Y_1276,0.000000,0.000000,0.274510,0.254902,0.450980,0.529412,0.509804,0.803922,0.568627,1.000000,0.117647,0.725490,-0.019608,0.882353,0.019608,0.666667,0.098039,0.509804,-0.098039,0.647059,-0.196078,0.803922,-0.117647,0.568627,-0.019608,0.450980,-0.235294,0.549020,-0.352941,0.666667,-0.235294,0.490196,-0.137255,0.372549,-0.372549,0.411765,-0.509804,0.588235,-0.588235,0.666667,-0.666667,0.764706
Y,Right,legacy_bisindo_Y_1277,0.000000,0.000000,0.235294,-0.274510,0.431373,-0.529412,0.509804,-0.803922,0.509804,-1.000000,0.098039,-0.686275,-0.019608,-0.882353,0.019608,-0.686275,0.078431,-0.529412,-0.098039,-0.627451,-0.196078,-0.823529,-0.098039,-0.588235,-0.039216,-0.450980,-0.254902,-0.529412,-0.352941,-0.705882,-0.274510,-0.509804,-0.176471,-0.392157,-0.372549,-0.392157,-0.509804,-0.568627,-0.607843,-0.666667,-0.705882,-0.764706
Y,Right,legacy_bisindo_Y_1278,0.000000,0.000000,0.269231,0.250000,0.442308,0.519231,0.500000,0.807692,0.557692,1.000000,0.096154,0.692308,-0.019231,0.865385,0.000000,0.653846,0.076923,0.500000,-0.115385,0.634615,-0.192308,0.807692,-0.115385,0.576923,-0.038462,0.461538,-0.250000,0.538462,-0.346154,0.673077,-0.250000,0.500000,-0.153846,0.384615,-0.365385,0.423077,-0.500000,0.596154,-0.576923,0.653846,-0.634615,0.730769
Y,Right,legacy_bisindo_Y_1279,0.000000,0.000000,0.215686,-0.294118,0.411765,-0.529412,0.470588,-0.803922,0.490196,-1.000000,0.078431,-0.705882,-0.058824,-0.882353,-0.019608,-0.705882,0.039216,-0.549020,-0.117647,-0.647059,-0.215686,-0.843137,-0.137255,-0.588235,-0.078431,-0.470588,-0.274510,-0.549020,-0.372549,-0.725490,-0.274510,-0.529412,-0.196078,-0.392157,-0.392157,-0.411765,-0.549020,-0.607843,-0.666667,-0.686275,-0.764706,-0.803922
Y,Right,legacy_bisindo_Y_1280,0.000000,0.000000,0.254902,0.254902,0.431373,0.509804,0.490196,0.803922,0.529412,1.000000,0.098039,0.705882,-0.039216,0.882353,-0.019608,0.666667,0.039216,0.509804,-0.117647,0.647059,-0.215686,0.823529,-0.137255,0.588235,-0.058824,0.450980,-0.254902,0.549020,-0.352941,0.686275,-0.254902,0.490196,-0.176471,0.372549,-0.372549,0.411765,-0.509804,0.588235,-0.568627,0.647059,-0.647059,0.725490
Y,Right,legacy_bisindo_Y_1281,0.000000,0.000000,0.215686,-0.274510,0.392157,-0.529412,0.470588,-0.823529,0.509804,-1.000000,0.078431,-0.725490,-0.058824,-0.901961,-0.019608,-0.705882,0.039216,-0.549020,-0.117647,-0.647059,-0.235294,-0.823529,-0.137255,-0.588235,-0.078431,-0.470588,-0.274510,-0.549020,-0.392157,-0.705882,-0.294118,-0.529412,-0.196078,-0.411765,-0.392157,-0.431373,-0.568627,-0.607843,-0.686275,-0.705882,-0.784314,-0.843137
Y,Right,legacy_bisindo_Y_1282,0.000000,0.000000,0.260000,0.240000,0.460000,0.520000,0.540000,0.800000,0.560000,1.000000,0.120000,0.720000,-0.020000,0.900000,0.000000,0.680000,0.080000,0.520000,-0.080000,0.660000,-0.200000,0.840000,-0.120000,0.580000,-0.040000,0.460000,-0.240000,0.540000,-0.340000,0.700000,-0.260000,0.500000,-0.160000,0.400000,-0.360000,0.420000,-0.480000,0.580000,-0.500000,0.580000,-0.520000,0.580000
Y,Right,legacy_bisindo_Y_1283,0.000000,0.000000,0.240000,-0.260000,0.460000,-0.520000,0.540000,-0.800000,0.580000,-1.000000,0.140000,-0.700000,0.000000,-0.880000,0.040000,-0.680000,0.100000,-0.520000,-0.060000,-0.620000,-0.180000,-0.820000,-0.120000,-0.580000,-0.040000,-0.460000,-0.240000,-0.520000,-0.360000,-0.680000,-0.260000,-0.500000,-0.160000,-0.380000,-0.340000,-0.400000,-0.500000,-0.580000,-0.560000,-0.640000,-0.620000,-0.720000
Y,Right,legacy_bisindo_Y_1284,0.000000,0.000000,0.274510,0.254902,0.450980,0.529412,0.549020,0.803922,0.588235,1.000000,0.137255,0.725490,0.000000,0.901961,0.039216,0.666667,0.098039,0.509804,-0.078431,0.666667,-0.156863,0.862745,-0.078431,0.607843,0.000000,0.490196,-0.196078,0.568627,-0.274510,0.705882,-0.176471,0.490196,-0.098039,0.392157,-0.294118,0.450980,-0.372549,0.607843,-0.274510,0.470588,-0.196078,0.392157
Y,Right,legacy_bisindo_Y_1285,0.000000,0.000000,0.215686,-0.274510,0.411765,-0.529412,0.470588,-0.803922,0.509804,-1.000000,0.098039,-0.705882,-0.039216,-0.901961,0.000000,-0.686275,0.058824,-0.529412,-0.098039,-0.647059,-0.215686,-0.823529,-0.137255,-0.588235,-0.058824,-0.470588,-0.254902,-0.549020,-0.372549,-0.705882,-0.274510,-0.529412,-0.176471,-0.392157,-0.392157,-0.431373,-0.549020,-0.607843,-0.666667,-0.705882,-0.745098,-0.823529
Y,Right,legacy_bisindo_Y_1286,0.000000,0.000000,0.264151,0.264151,0.415094,0.528302,0.471698,0.811321,0.509434,1.000000,0.094340,0.716981,-0.037736,0.886792,0.018868,0.660377,0.075472,0.509434,-0.113208,0.660377,-0.207547,0.811321,-0.113208,0.584906,-0.037736,0.471698,-0.245283,0.566038,-0.358491,0.698113,-0.245283,0.509434,-0.150943,0.396226,-0.377358,0.452830,-0.509434,0.622642,-0.603774,0.698113,-0.679245,0.811321
Y,Right,legacy_bisindo_Y_1287,0.000000,0.000000,0.235294,-0.274510,0.431373,-0.529412,0.529412,-0.823529,0.568627,-1.000000,0.156863,-0.705882,0.000000,-0.901961,0.058824,-0.705882,0.117647,-0.568627,-0.058824,-0.647059,-0.176471,-0.843137,-0.078431,-0.588235,0.000000,-0.490196,-0.235294,-0.549020,-0.333333,-0.725490,-0.215686,-0.529412,-0.117647,-0.431373,-0.352941,-0.431373,-0.509804,-0.607843,-0.627451,-0.725490,-0.705882,-0.843137
Y,Right,legacy_bisindo_Y_1288,0.000000,0.000000,0.245283,0.283019,0.415094,0.528302,0.490566,0.811321,0.528302,1.000000,0.094340,0.735849,-0.037736,0.905660,0.000000,0.679245,0.075472,0.528302,-0.113208,0.679245,-0.226415,0.849057,-0.132075,0.603774,-0.037736,0.490566,-0.264151,0.584906,-0.358491,0.716981,-0.245283,0.528302,-0.169811,0.415094,-0.377358,0.452830,-0.528302,0.641509,-0.603774,0.716981,-0.679245,0.811321
Y,Right,legacy_bisindo_Y_1289,0.000000,0.000000,0.207547,-0.283019,0.396226,-0.528302,0.452830,-0.811321,0.490566,-1.000000,0.094340,-0.698113,-0.056604,-0.886792,0.000000,-0.698113,0.056604,-0.547170,-0.113208,-0.641509,-0.207547,-0.811321,-0.132075,-0.584906,-0.056604,-0.471698,-0.264151,-0.547170,-0.377358,-0.716981,-0.283019,-0.528302,-0.188679,-0.415094,-0.377358,-0.433962,-0.547170,-0.603774,-0.641509,-0.716981,-0.735849,-0.830189
Y,Right,legacy_bisindo_Y_1290,0.000000,0.000000,0.269231,0.288462,0.442308,0.538462,0.519231,0.807692,0.557692,1.000000,0.134615,0.730769,0.019231,0.884615,0.038462,0.653846,0.115385,0.500000,-0.076923,0.653846,-0.173077,0.846154,-0.076923,0.576923,0.000000,0.461538,-0.211538,0.557692,-0.307692,0.711538,-0.211538,0.500000,-0.115385,0.403846,-0.326923,0.442308,-0.423077,0.576923,-0.403846,0.538462,-0.384615,0.538462
Y,Right,legacy_bisindo_Y_1291,0.000000,0.000000,0.235294,-0.254902,0.450980,-0.509804,0.529412,-0.803922,0.568627,-1.000000,0.156863,-0.705882,0.000000,-0.882353,0.058824,-0.705882,0.117647,-0.529412,-0.058824,-0.627451,-0.176471,-0.823529,-0.078431,-0.588235,-0.019608,-0.450980,-0.215686,-0.529412,-0.333333,-0.705882,-0.235294,-0.509804,-0.137255,-0.392157,-0.352941,-0.411765,-0.509804,-0.588235,-0.607843,-0.705882,-0.686275,-0.823529
Y,Right,legacy_bisindo_Y_1292,0.000000,0.000000,0.283019,0.301887,0.452830,0.547170,0.509434,0.811321,0.547170,1.000000,0.132075,0.735849,0.018868,0.905660,0.056604,0.679245,0.132075,0.509434,-0.075472,0.679245,-0.150943,0.849057,-0.075472,0.603774,0.000000,0.490566,-0.207547,0.584906,-0.283019,0.716981,-0.188679,0.528302,-0.113208,0.415094,-0.301887,0.452830,-0.415094,0.603774,-0.396226,0.547170,-0.396226,0.528302
Y,Right,legacy_bisindo_Y_1293,0.000000,0.000000,0.240000,-0.240000,0.460000,-0.520000,0.540000,-0.800000,0.600000,-1.000000,0.140000,-0.700000,0.000000,-0.880000,0.060000,-0.680000,0.120000,-0.540000,-0.060000,-0.620000,-0.180000,-0.820000,-0.080000,-0.580000,0.000000,-0.440000,-0.220000,-0.500000,-0.340000,-0.660000,-0.240000,-0.500000,-0.140000,-0.380000,-0.340000,-0.380000,-0.480000,-0.560000,-0.560000,-0.640000,-0.600000,-0.720000
Y,Right,legacy_bisindo_Y_1294,0.000000,0.000000,0.260870,0.217391,0.521739,0.543478,0.652174,0.804348,0.717391,1.000000,0.217391,0.760870,0.086957,0.978261,0.086957,0.739130,0.152174,0.565217,0.021739,0.673913,-0.130435,0.934783,-0.065217,0.652174,0.043478,0.500000,-0.130435,0.565217,-0.260870,0.760870,-0.173913,0.543478,-0.065217,0.413043,-0.217391,0.434783,-0.347826,0.608696,-0.304348,0.478261,-0.217391,0.413043
Y,Right,legacy_bisindo_Y_1295,0.000000,0.000000,0.270833,-0.208333,0.500000,-0.520833,0.604167,-0.791667,0.645833,-1.000000,0.250000,-0.687500,0.125000,-0.895833,0.125000,-0.708333,0.166667,-0.541667,0.020833,-0.625000,-0.083333,-0.854167,-0.041667,-0.625000,0.020833,-0.437500,-0.145833,-0.541667,-0.250000,-0.750000,-0.166667,-0.541667,-0.104167,-0.375000,-0.270833,-0.437500,-0.354167,-0.604167,-0.312500,-0.500000,-0.250000,-0.375000
Y,Right,legacy_bisindo_Y_1296,0.000000,0.000000,-0.119048,0.190476,-0.047619,0.500000,0.047619,0.714286,0.166667,0.880952,0.095238,0.738095,-0.047619,1.000000,-0.071429,0.809524,-0.023810,0.619048,0.190476,0.714286,0.000000,1.000000,-0.071429,0.738095,0.000000,0.595238,0.309524,0.642857,0.142857,0.904762,0.047619,0.690476,0.071429,0.547619,0.476190,0.547619,0.452381,0.833333,0.452381,0.880952,0.500000,0.928571
Y,Right,legacy_bisindo_Y_1297,0.000000,0.000000,0.295455,-0.204545,0.590909,-0.522727,0.704545,-0.795455,0.727273,-1.000000,0.318182,-0.727273,0.159091,-0.954545,0.159091,-0.750000,0.227273,-0.590909,0.068182,-0.659091,-0.045455,-0.909091,0.000000,-0.659091,0.045455,-0.477273,-0.113636,-0.568182,-0.227273,-0.795455,-0.159091,-0.568182,-0.090909,-0.409091,-0.272727,-0.454545,-0.363636,-0.659091,-0.318182,-0.522727,-0.250000,-0.409091
Y,Right,legacy_bisindo_Y_1298,0.000000,0.000000,0.279070,0.186047,0.534884,0.511628,0.651163,0.767442,0.767442,0.953488,0.279070,0.767442,0.116279,1.000000,0.116279,0.790698,0.162791,0.581395,0.093023,0.697674,-0.046512,0.976744,-0.023256,0.697674,0.046512,0.534884,-0.023256,0.604651,-0.162791,0.860465,-0.116279,0.604651,-0.046512,0.441860,-0.116279,0.488372,-0.232558,0.697674,-0.209302,0.581395,-0.139535,0.511628
Y,Right,legacy_bisindo_Y_1299,0.000000,0.000000,0.254902,-0.215686,0.470588,-0.529412,0.568627,-0.784314,0.607843,-1.000000,0.215686,-0.686275,0.078431,-0.882353,0.078431,-0.705882,0.117647,-0.529412,0.000000,-0.627451,-0.098039,-0.823529,-0.078431,-0.607843,-0.019608,-0.431373,-0.176471,-0.529412,-0.274510,-0.705882,-0.215686,-0.509804,-0.137255,-0.352941,-0.294118,-0.431373,-0.411765,-0.588235,-0.392157,-0.509804,-0.352941,-0.431373
Y,Right,legacy_bisindo_Y_1300,0.000000,0.000000,-0.204082,0.142857,-0.285714,0.387755,-0.306122,0.591837,-0.326531,0.734694,-0.020408,0.632653,-0.142857,0.836735,-0.142857,0.673469,-0.102041,0.510204,0.102041,0.632653,-0.061224,0.897959,-0.102041,0.653061,-0.061224,0.489796,0.265306,0.591837,0.122449,0.836735,0.040816,0.632653,0.061224,0.489796,0.428571,0.530612,0.489796,0.775510,0.530612,0.897959,0.591837,1.000000
Y,Right,legacy_bisindo_Y_1301,0.000000,0.000000,0.254902,-0.235294,0.490196,-0.529412,0.568627,-0.803922,0.588235,-1.000000,0.215686,-0.686275,0.078431,-0.882353,0.058824,-0.686275,0.117647,-0.529412,0.000000,-0.607843,-0.137255,-0.823529,-0.098039,-0.588235,-0.019608,-0.431373,-0.176471,-0.509804,-0.294118,-0.705882,-0.235294,-0.490196,-0.137255,-0.333333,-0.294118,-0.392157,-0.411765,-0.568627,-0.431373,-0.529412,-0.392157,-0.490196
Y,Right,legacy_bisindo_Y_1302,0.000000,0.000000,-0.145833,0.125000,-0.208333,0.375000,-0.187500,0.583333,-0.083333,0.729167,0.020833,0.604167,-0.125000,0.854167,-0.125000,0.666667,-0.062500,0.500000,0.125000,0.625000,-0.041667,0.916667,-0.062500,0.666667,0.000000,0.500000,0.291667,0.583333,0.145833,0.854167,0.083333,0.645833,0.104167,0.500000,0.479167,0.520833,0.520833,0.791667,0.562500,0.916667,0.625000,1.000000
Y,Right,legacy_bisindo_Y_1303,0.000000,0.000000,0.181818,-0.272727,0.363636,-0.527273,0.418182,-0.800000,0.454545,-1.000000,0.072727,-0.709091,-0.054545,-0.872727,-0.018182,-0.690909,0.036364,-0.563636,-0.127273,-0.636364,-0.236364,-0.818182,-0.145455,-0.581818,-0.090909,-0.490909,-0.272727,-0.563636,-0.381818,-0.727273,-0.290909,-0.527273,-0.200000,-0.418182,-0.400000,-0.436364,-0.563636,-0.618182,-0.654545,-0.709091,-0.763636,-0.818182
Y,Right,legacy_bisindo_Y_1304,0.000000,0.000000,0.259259,0.277778,0.407407,0.555556,0.481481,0.833333,0.537037,1.000000,0.092593,0.722222,-0.037037,0.888889,0.018519,0.666667,0.092593,0.518519,-0.111111,0.666667,-0.222222,0.833333,-0.129630,0.592593,-0.037037,0.462963,-0.240741,0.555556,-0.333333,0.703704,-0.240741,0.518519,-0.166667,0.407407,-0.351852,0.425926,-0.462963,0.592593,-0.518519,0.592593,-0.537037,0.648148
Y,Right,legacy_bisindo_Y_1305,0.000000,0.000000,0.264151,0.245283,0.452830,0.528302,0.547170,0.811321,0.603774,1.000000,0.150943,0.735849,0.037736,0.905660,0.075472,0.679245,0.150943,0.528302,-0.037736,0.679245,-0.132075,0.867925,-0.037736,0.603774,0.056604,0.509434,-0.169811,0.584906,-0.245283,0.735849,-0.150943,0.509434,-0.056604,0.415094,-0.264151,0.471698,-0.339623,0.603774,-0.245283,0.471698,-0.169811,0.415094
Y,Right,legacy_bisindo_Y_1306,0.000000,0.000000,0.207547,-0.226415,0.415094,-0.509434,0.490566,-0.792453,0.528302,-1.000000,0.132075,-0.698113,-0.018868,-0.867925,0.018868,-0.660377,0.094340,-0.509434,-0.075472,-0.622642,-0.188679,-0.811321,-0.113208,-0.566038,-0.037736,-0.433962,-0.226415,-0.528302,-0.358491,-0.679245,-0.264151,-0.490566,-0.150943,-0.358491,-0.358491,-0.396226,-0.528302,-0.566038,-0.641509,-0.660377,-0.735849,-0.773585
Y,Right,legacy_bisindo_Y_1307,0.000000,0.000000,0.240741,0.259259,0.425926,0.537037,0.518519,0.814815,0.555556,1.000000,0.129630,0.722222,0.018519,0.888889,0.055556,0.666667,0.111111,0.500000,-0.074074,0.648148,-0.185185,0.851852,-0.092593,0.592593,0.000000,0.462963,-0.203704,0.555556,-0.296296,0.685185,-0.203704,0.481481,-0.111111,0.388889,-0.296296,0.444444,-0.407407,0.574074,-0.407407,0.518519,-0.388889,0.518519
Y,Right,legacy_bisindo_Y_1308,0.000000,0.000000,0.218182,-0.254545,0.400000,-0.509091,0.472727,-0.800000,0.509091,-1.000000,0.127273,-0.690909,-0.018182,-0.872727,0.018182,-0.672727,0.090909,-0.527273,-0.072727,-0.618182,-0.181818,-0.800000,-0.109091,-0.563636,-0.036364,-0.436364,-0.236364,-0.527273,-0.345455,-0.672727,-0.254545,-0.490909,-0.163636,-0.363636,-0.363636,-0.400000,-0.509091,-0.581818,-0.600000,-0.690909,-0.690909,-0.800000
Y,Right,legacy_bisindo_Y_1309,0.000000,0.000000,0.200000,-0.272727,0.381818,-0.545455,0.418182,-0.818182,0.454545,-1.000000,0.072727,-0.727273,-0.072727,-0.890909,-0.036364,-0.690909,0.036364,-0.563636,-0.109091,-0.654545,-0.236364,-0.818182,-0.163636,-0.581818,-0.090909,-0.490909,-0.272727,-0.563636,-0.400000,-0.727273,-0.309091,-0.527273,-0.200000,-0.418182,-0.400000,-0.454545,-0.563636,-0.618182,-0.672727,-0.709091,-0.781818,-0.836364
Y,Right,legacy_bisindo_Y_1310,0.000000,0.000000,0.259259,0.240741,0.444444,0.537037,0.500000,0.814815,0.518519,1.000000,0.129630,0.740741,-0.037037,0.888889,-0.018519,0.685185,0.055556,0.518519,-0.092593,0.666667,-0.222222,0.833333,-0.148148,0.592593,-0.055556,0.462963,-0.240741,0.555556,-0.351852,0.685185,-0.259259,0.500000,-0.166667,0.407407,-0.351852,0.444444,-0.500000,0.611111,-0.574074,0.666667,-0.648148,0.722222
Y,Right,legacy_bisindo_Y_1311,0.000000,0.000000,0.222222,-0.259259,0.407407,-0.537037,0.481481,-0.814815,0.500000,-1.000000,0.111111,-0.703704,-0.037037,-0.870370,0.000000,-0.685185,0.074074,-0.518519,-0.092593,-0.629630,-0.203704,-0.814815,-0.111111,-0.574074,-0.037037,-0.444444,-0.240741,-0.518519,-0.351852,-0.685185,-0.259259,-0.500000,-0.166667,-0.370370,-0.370370,-0.388889,-0.537037,-0.574074,-0.648148,-0.666667,-0.740741,-0.777778
Y,Right,legacy_bisindo_Y_1312,0.000000,0.000000,0.254545,0.236364,0.418182,0.527273,0.454545,0.800000,0.490909,1.000000,0.109091,0.727273,-0.054545,0.872727,-0.036364,0.654545,0.036364,0.509091,-0.109091,0.654545,-0.236364,0.818182,-0.163636,0.581818,-0.072727,0.454545,-0.254545,0.563636,-0.363636,0.672727,-0.272727,0.490909,-0.181818,0.381818,-0.381818,0.436364,-0.527273,0.600000,-0.618182,0.672727,-0.690909,0.763636
Y,Right,legacy_bisindo_Y_1313,0.000000,0.000000,0.200000,-0.272727,0.381818,-0.545455,0.400000,-0.818182,0.418182,-1.000000,0.072727,-0.727273,-0.072727,-0.890909,-0.036364,-0.672727,0.036364,-0.527273,-0.127273,-0.636364,-0.236364,-0.818182,-0.163636,-0.581818,-0.090909,-0.472727,-0.272727,-0.545455,-0.400000,-0.727273,-0.309091,-0.509091,-0.218182,-0.381818,-0.400000,-0.436364,-0.563636,-0.618182,-0.690909,-0.709091,-0.781818,-0.818182
Y,Right,legacy_bisindo_Y_1314,0.000000,0.000000,0.250000,0.250000,0.375000,0.553571,0.375000,0.821429,0.410714,1.000000,0.071429,0.750000,-0.053571,0.875000,-0.035714,0.678571,0.000000,0.517857,-0.125000,0.660714,-0.232143,0.821429,-0.160714,0.589286,-0.089286,0.446429,-0.285714,0.571429,-0.375000,0.696429,-0.285714,0.517857,-0.196429,0.375000,-0.410714,0.446429,-0.553571,0.607143,-0.660714,0.696429,-0.750000,0.803571
Y,Right,legacy_bisindo_Y_1315,0.000000,0.000000,0.196429,-0.267857,0.375000,-0.535714,0.410714,-0.803571,0.428571,-1.000000,0.125000,-0.714286,-0.035714,-0.875000,0.000000,-0.678571,0.071429,-0.553571,-0.071429,-0.642857,-0.196429,-0.821429,-0.125000,-0.571429,-0.053571,-0.482143,-0.232143,-0.553571,-0.357143,-0.714286,-0.267857,-0.517857,-0.178571,-0.392857,-0.375000,-0.446429,-0.517857,-0.607143,-0.642857,-0.696429,-0.750000,-0.803571
Y,Right,legacy_bisindo_Y_1316,0.000000,0.000000,0.272727,0.236364,0.400000,0.527273,0.400000,0.800000,0.436364,1.000000,0.072727,0.727273,-0.054545,0.872727,-0.036364,0.654545,0.018182,0.509091,-0.127273,0.654545,-0.236364,0.818182,-0.163636,0.581818,-0.090909,0.436364,-0.272727,0.545455,-0.381818,0.690909,-0.290909,0.490909,-0.200000,0.363636,-0.400000,0.418182,-0.545455,0.600000,-0.672727,0.690909,-0.763636,0.781818
Y,Right,legacy_bisindo_Y_1317,0.000000,0.000000,0.192982,-0.298246,0.350877,-0.543860,0.403509,-0.807018,0.403509,-1.000000,0.070175,-0.736842,-0.052632,-0.894737,-0.035088,-0.701754,0.035088,-0.578947,-0.105263,-0.649123,-0.210526,-0.824561,-0.140351,-0.596491,-0.070175,-0.508772,-0.263158,-0.561404,-0.368421,-0.719298,-0.280702,-0.526316,-0.192982,-0.421053,-0.385965,-0.456140,-0.543860,-0.631579,-0.649123,-0.719298,-0.754386,-0.824561
Y,Right,legacy_bisindo_Y_1318,0.000000,0.000000,0.210526,-0.280702,0.385965,-0.543860,0.403509,-0.807018,0.421053,-1.000000,0.105263,-0.701754,-0.035088,-0.859649,-0.017544,-0.666667,0.035088,-0.543860,-0.087719,-0.631579,-0.192982,-0.807018,-0.140351,-0.561404,-0.070175,-0.473684,-0.245614,-0.543860,-0.350877,-0.684211,-0.280702,-0.491228,-0.175439,-0.385965,-0.368421,-0.438596,-0.526316,-0.614035,-0.631579,-0.684211,-0.736842,-0.807018
Y,Right,legacy_bisindo_Y_1319,0.000000,0.000000,0.254545,0.236364,0.400000,0.527273,0.400000,0.781818,0.400000,1.000000,0.072727,0.709091,-0.072727,0.854545,-0.054545,0.654545,0.000000,0.509091,-0.127273,0.636364,-0.254545,0.800000,-0.181818,0.581818,-0.109091,0.436364,-0.290909,0.545455,-0.400000,0.690909,-0.309091,0.490909,-0.218182,0.363636,-0.418182,0.418182,-0.563636,0.600000,-0.690909,0.672727,-0.781818,0.781818
Y,Right,legacy_bisindo_Y_1320,0.000000,0.000000,0.214286,-0.267857,0.375000,-0.535714,0.392857,-0.821429,0.428571,-1.000000,0.071429,-0.714286,-0.053571,-0.875000,-0.017857,-0.678571,0.035714,-0.535714,-0.107143,-0.642857,-0.214286,-0.821429,-0.160714,-0.571429,-0.071429,-0.464286,-0.267857,-0.535714,-0.375000,-0.696429,-0.303571,-0.500000,-0.214286,-0.357143,-0.392857,-0.428571,-0.553571,-0.607143,-0.678571,-0.678571,-0.785714,-0.803571
Y,Right,legacy_bisindo_Y_1321,0.000000,0.000000,0.232143,0.267857,0.357143,0.553571,0.357143,0.821429,0.392857,1.000000,0.071429,0.732143,-0.035714,0.875000,-0.035714,0.678571,0.000000,0.535714,-0.125000,0.642857,-0.214286,0.821429,-0.160714,0.589286,-0.089286,0.446429,-0.285714,0.553571,-0.375000,0.696429,-0.303571,0.500000,-0.214286,0.357143,-0.410714,0.428571,-0.571429,0.607143,-0.678571,0.696429,-0.767857,0.785714
Y,Right,legacy_bisindo_Y_1322,0.000000,0.000000,0.210526,-0.245614,0.368421,-0.526316,0.385965,-0.807018,0.421053,-1.000000,0.070175,-0.701754,-0.052632,-0.859649,-0.035088,-0.666667,0.035088,-0.526316,-0.122807,-0.631579,-0.210526,-0.807018,-0.157895,-0.596491,-0.087719,-0.456140,-0.263158,-0.526316,-0.368421,-0.684211,-0.298246,-0.491228,-0.210526,-0.368421,-0.385965,-0.421053,-0.543860,-0.596491,-0.666667,-0.684211,-0.754386,-0.789474
Y,Right,legacy_bisindo_Y_1323,0.000000,0.000000,0.232143,0.267857,0.357143,0.553571,0.375000,0.821429,0.392857,1.000000,0.053571,0.732143,-0.053571,0.875000,-0.035714,0.696429,0.000000,0.553571,-0.142857,0.660714,-0.232143,0.821429,-0.178571,0.607143,-0.089286,0.464286,-0.285714,0.571429,-0.392857,0.714286,-0.303571,0.517857,-0.214286,0.392857,-0.428571,0.446429,-0.571429,0.607143,-0.696429,0.696429,-0.785714,0.803571
Y,Right,legacy_bisindo_Y_1324,0.000000,0.000000,0.196429,-0.267857,0.357143,-0.535714,0.392857,-0.821429,0.410714,-1.000000,0.053571,-0.714286,-0.071429,-0.875000,-0.035714,-0.678571,0.017857,-0.553571,-0.125000,-0.642857,-0.232143,-0.821429,-0.160714,-0.571429,-0.089286,-0.464286,-0.285714,-0.553571,-0.392857,-0.696429,-0.303571,-0.500000,-0.214286,-0.375000,-0.410714,-0.428571,-0.571429,-0.607143,-0.696429,-0.696429,-0.785714,-0.803571
Y,Right,legacy_bisindo_Y_1325,0.000000,0.000000,0.224138,0.293103,0.344828,0.568966,0.379310,0.827586,0.396552,1.000000,0.051724,0.741379,-0.051724,0.879310,-0.034483,0.689655,0.017241,0.551724,-0.137931,0.672414,-0.224138,0.827586,-0.172414,0.603448,-0.086207,0.465517,-0.275862,0.568966,-0.379310,0.724138,-0.293103,0.534483,-0.206897,0.396552,-0.413793,0.448276,-0.568966,0.620690,-0.672414,0.689655,-0.758621,0.793103
Y,Right,legacy_bisindo_Y_1326,0.000000,0.000000,0.196429,-0.267857,0.375000,-0.553571,0.392857,-0.803571,0.410714,-1.000000,0.053571,-0.714286,-0.071429,-0.857143,-0.053571,-0.678571,0.017857,-0.535714,-0.142857,-0.625000,-0.232143,-0.821429,-0.178571,-0.589286,-0.107143,-0.464286,-0.285714,-0.535714,-0.392857,-0.696429,-0.321429,-0.500000,-0.232143,-0.375000,-0.410714,-0.428571,-0.571429,-0.589286,-0.678571,-0.678571,-0.785714,-0.785714
Y,Right,legacy_bisindo_Y_1327,0.000000,0.000000,0.224138,0.258621,0.362069,0.551724,0.379310,0.810345,0.396552,1.000000,0.068966,0.724138,-0.051724,0.879310,-0.051724,0.689655,0.000000,0.551724,-0.120690,0.655172,-0.206897,0.810345,-0.172414,0.586207,-0.086207,0.448276,-0.275862,0.551724,-0.362069,0.706897,-0.293103,0.517241,-0.206897,0.379310,-0.396552,0.431034,-0.551724,0.603448,-0.655172,0.689655,-0.758621,0.775862
Y,Right,legacy_bisindo_Y_1328,0.000000,0.000000,0.222222,-0.259259,0.407407,-0.537037,0.444444,-0.814815,0.462963,-1.000000,0.092593,-0.722222,-0.055556,-0.888889,-0.037037,-0.666667,0.055556,-0.518519,-0.111111,-0.629630,-0.222222,-0.814815,-0.148148,-0.574074,-0.055556,-0.462963,-0.259259,-0.537037,-0.388889,-0.685185,-0.277778,-0.481481,-0.185185,-0.370370,-0.388889,-0.407407,-0.574074,-0.574074,-0.685185,-0.666667,-0.777778,-0.777778
Y,Right,legacy_bisindo_Y_1329,0.000000,0.000000,0.250000,0.250000,0.375000,0.553571,0.392857,0.803571,0.392857,1.000000,0.053571,0.732143,-0.071429,0.875000,-0.071429,0.678571,-0.017857,0.535714,-0.142857,0.642857,-0.250000,0.821429,-0.196429,0.589286,-0.107143,0.446429,-0.285714,0.553571,-0.392857,0.714286,-0.321429,0.517857,-0.232143,0.375000,-0.410714,0.446429,-0.571429,0.607143,-0.696429,0.678571,-0.785714,0.767857
Y,Right,legacy_bisindo_Y_1330,0.000000,0.000000,0.196429,-0.285714,0.357143,-0.535714,0.392857,-0.803571,0.410714,-1.000000,0.035714,-0.696429,-0.071429,-0.875000,-0.035714,-0.678571,0.017857,-0.535714,-0.142857,-0.625000,-0.232143,-0.803571,-0.160714,-0.571429,-0.089286,-0.464286,-0.285714,-0.535714,-0.392857,-0.678571,-0.303571,-0.482143,-0.196429,-0.375000,-0.410714,-0.410714,-0.571429,-0.589286,-0.678571,-0.678571,-0.767857,-0.785714
Y,Right,legacy_bisindo_Y_1331,0.000000,0.000000,0.241379,0.275862,0.379310,0.551724,0.396552,0.810345,0.396552,1.000000,0.068966,0.724138,-0.034483,0.879310,-0.051724,0.689655,0.000000,0.551724,-0.120690,0.655172,-0.224138,0.827586,-0.172414,0.603448,-0.086207,0.465517,-0.275862,0.568966,-0.362069,0.724138,-0.293103,0.534483,-0.206897,0.379310,-0.396552,0.448276,-0.534483,0.620690,-0.655172,0.689655,-0.758621,0.793103
Y,Right,legacy_bisindo_Y_1332,0.000000,0.000000,0.196429,-0.267857,0.357143,-0.535714,0.392857,-0.821429,0.410714,-1.000000,0.053571,-0.714286,-0.089286,-0.875000,-0.053571,-0.678571,0.017857,-0.535714,-0.142857,-0.642857,-0.250000,-0.821429,-0.178571,-0.571429,-0.107143,-0.464286,-0.285714,-0.535714,-0.392857,-0.696429,-0.321429,-0.500000,-0.232143,-0.375000,-0.428571,-0.428571,-0.571429,-0.589286,-0.696429,-0.678571,-0.803571,-0.785714
Y,Right,legacy_bisindo_Y_1333,0.000000,0.000000,0.241379,0.258621,0.379310,0.551724,0.396552,0.810345,0.396552,1.000000,0.068966,0.741379,-0.051724,0.879310,-0.051724,0.689655,0.000000,0.534483,-0.120690,0.655172,-0.224138,0.827586,-0.172414,0.603448,-0.086207,0.448276,-0.275862,0.568966,-0.362069,0.706897,-0.293103,0.517241,-0.206897,0.379310,-0.396552,0.448276,-0.551724,0.603448,-0.672414,0.689655,-0.758621,0.775862
Y,Right,legacy_bisindo_Y_1334,0.000000,0.000000,0.200000,-0.272727,0.381818,-0.545455,0.418182,-0.818182,0.436364,-1.000000,0.072727,-0.709091,-0.072727,-0.872727,-0.036364,-0.690909,0.036364,-0.545455,-0.127273,-0.636364,-0.236364,-0.818182,-0.163636,-0.563636,-0.090909,-0.472727,-0.290909,-0.545455,-0.400000,-0.690909,-0.309091,-0.490909,-0.200000,-0.381818,-0.418182,-0.418182,-0.563636,-0.600000,-0.690909,-0.690909,-0.781818,-0.800000
Y,Right,legacy_bisindo_Y_1335,0.000000,0.000000,0.245614,0.263158,0.368421,0.543860,0.385965,0.789474,0.403509,1.000000,0.052632,0.736842,-0.070175,0.877193,-0.052632,0.684211,-0.017544,0.543860,-0.140351,0.649123,-0.245614,0.824561,-0.175439,0.596491,-0.105263,0.456140,-0.280702,0.561404,-0.385965,0.719298,-0.315789,0.526316,-0.228070,0.368421,-0.403509,0.438596,-0.561404,0.596491,-0.684211,0.684211,-0.771930,0.789474
Y,Right,legacy_bisindo_Y_1336,0.000000,0.000000,0.210526,-0.263158,0.385965,-0.526316,0.421053,-0.807018,0.438596,-1.000000,0.087719,-0.719298,-0.052632,-0.877193,-0.017544,-0.666667,0.035088,-0.543860,-0.105263,-0.649123,-0.228070,-0.807018,-0.140351,-0.578947,-0.070175,-0.491228,-0.263158,-0.561404,-0.368421,-0.701754,-0.280702,-0.508772,-0.175439,-0.385965,-0.385965,-0.438596,-0.543860,-0.614035,-0.649123,-0.684211,-0.754386,-0.789474
Y,Right,legacy_bisindo_Y_1337,0.000000,0.000000,0.250000,0.267857,0.375000,0.535714,0.392857,0.803571,0.428571,1.000000,0.035714,0.714286,-0.071429,0.875000,-0.053571,0.678571,-0.017857,0.535714,-0.160714,0.642857,-0.250000,0.821429,-0.178571,0.607143,-0.107143,0.446429,-0.303571,0.553571,-0.410714,0.714286,-0.321429,0.517857,-0.232143,0.375000,-0.428571,0.428571,-0.571429,0.607143,-0.696429,0.678571,-0.785714,0.785714
Y,Right,legacy_bisindo_Y_1338,0.000000,0.000000,0.214286,-0.267857,0.392857,-0.535714,0.392857,-0.803571,0.428571,-1.000000,0.053571,-0.714286,-0.071429,-0.875000,-0.035714,-0.678571,0.017857,-0.535714,-0.142857,-0.642857,-0.232143,-0.821429,-0.160714,-0.589286,-0.089286,-0.446429,-0.285714,-0.553571,-0.392857,-0.714286,-0.303571,-0.517857,-0.214286,-0.375000,-0.410714,-0.428571,-0.571429,-0.607143,-0.678571,-0.696429,-0.767857,-0.803571
Y,Right,legacy_bisindo_Y_1339,0.000000,0.000000,0.241379,0.275862,0.379310,0.551724,0.396552,0.810345,0.413793,1.000000,0.051724,0.741379,-0.034483,0.862069,-0.017241,0.672414,0.017241,0.534483,-0.137931,0.672414,-0.224138,0.827586,-0.155172,0.586207,-0.086207,0.448276,-0.275862,0.568966,-0.362069,0.706897,-0.275862,0.517241,-0.189655,0.362069,-0.396552,0.431034,-0.551724,0.603448,-0.655172,0.689655,-0.758621,0.793103
Y,Right,legacy_bisindo_Y_1340,0.000000,0.000000,0.192982,-0.263158,0.350877,-0.543860,0.350877,-0.807018,0.403509,-1.000000,0.035088,-0.719298,-0.087719,-0.877193,-0.052632,-0.684211,0.017544,-0.543860,-0.140351,-0.631579,-0.245614,-0.824561,-0.175439,-0.578947,-0.105263,-0.456140,-0.298246,-0.543860,-0.403509,-0.719298,-0.315789,-0.508772,-0.228070,-0.368421,-0.421053,-0.421053,-0.578947,-0.596491,-0.684211,-0.701754,-0.789474,-0.807018
Y,Right,legacy_bisindo_Y_1341,0.000000,0.000000,0.228070,0.245614,0.368421,0.543860,0.368421,0.807018,0.403509,1.000000,0.052632,0.736842,-0.070175,0.877193,-0.052632,0.684211,-0.017544,0.526316,-0.140351,0.666667,-0.245614,0.824561,-0.175439,0.596491,-0.122807,0.438596,-0.298246,0.561404,-0.385965,0.719298,-0.315789,0.508772,-0.228070,0.368421,-0.421053,0.438596,-0.578947,0.614035,-0.684211,0.701754,-0.789474,0.807018
Y,Right,legacy_bisindo_Y_1342,0.000000,0.000000,0.214286,-0.267857,0.392857,-0.517857,0.410714,-0.803571,0.446429,-1.000000,0.071429,-0.714286,-0.071429,-0.875000,-0.017857,-0.678571,0.053571,-0.535714,-0.107143,-0.642857,-0.214286,-0.821429,-0.142857,-0.571429,-0.071429,-0.464286,-0.267857,-0.535714,-0.375000,-0.714286,-0.303571,-0.500000,-0.196429,-0.375000,-0.392857,-0.410714,-0.571429,-0.589286,-0.696429,-0.678571,-0.803571,-0.785714
Y,Right,legacy_bisindo_Y_1343,0.000000,0.000000,0.245614,0.245614,0.385965,0.526316,0.385965,0.807018,0.421053,1.000000,0.070175,0.736842,-0.070175,0.859649,-0.052632,0.649123,0.017544,0.508772,-0.140351,0.649123,-0.228070,0.807018,-0.175439,0.561404,-0.087719,0.438596,-0.280702,0.561404,-0.385965,0.701754,-0.298246,0.491228,-0.192982,0.350877,-0.403509,0.421053,-0.561404,0.596491,-0.684211,0.684211,-0.771930,0.789474
Y,Right,legacy_bisindo_Y_1344,0.000000,0.000000,0.210526,-0.280702,0.385965,-0.543860,0.421053,-0.807018,0.438596,-1.000000,0.052632,-0.719298,-0.070175,-0.877193,-0.035088,-0.684211,0.035088,-0.543860,-0.122807,-0.649123,-0.228070,-0.824561,-0.140351,-0.578947,-0.070175,-0.456140,-0.280702,-0.561404,-0.368421,-0.719298,-0.298246,-0.508772,-0.210526,-0.368421,-0.403509,-0.421053,-0.561404,-0.614035,-0.666667,-0.701754,-0.771930,-0.807018
Y,Right,legacy_bisindo_Y_1345,0.000000,0.000000,0.245614,0.263158,0.385965,0.561404,0.403509,0.807018,0.421053,1.000000,0.070175,0.736842,-0.052632,0.877193,-0.052632,0.684211,0.017544,0.543860,-0.122807,0.666667,-0.228070,0.842105,-0.175439,0.596491,-0.105263,0.456140,-0.280702,0.561404,-0.385965,0.719298,-0.298246,0.526316,-0.210526,0.368421,-0.403509,0.438596,-0.561404,0.614035,-0.666667,0.701754,-0.771930,0.807018
Y,Right,legacy_bisindo_Y_1346,0.000000,0.000000,0.196429,-0.250000,0.375000,-0.535714,0.410714,-0.803571,0.428571,-1.000000,0.053571,-0.714286,-0.071429,-0.875000,-0.035714,-0.678571,0.017857,-0.553571,-0.142857,-0.642857,-0.232143,-0.821429,-0.160714,-0.571429,-0.089286,-0.464286,-0.303571,-0.553571,-0.392857,-0.714286,-0.321429,-0.500000,-0.214286,-0.375000,-0.428571,-0.428571,-0.589286,-0.607143,-0.696429,-0.696429,-0.785714,-0.803571
Y,Right,legacy_bisindo_Y_1347,0.000000,0.000000,0.224138,0.241379,0.362069,0.534483,0.396552,0.793103,0.413793,1.000000,0.068966,0.724138,-0.051724,0.879310,-0.034483,0.672414,0.017241,0.534483,-0.120690,0.655172,-0.224138,0.810345,-0.155172,0.586207,-0.086207,0.431034,-0.275862,0.551724,-0.362069,0.706897,-0.293103,0.500000,-0.206897,0.362069,-0.396552,0.431034,-0.551724,0.620690,-0.672414,0.706897,-0.775862,0.793103
Y,Right,legacy_bisindo_Y_1348,0.000000,0.000000,0.214286,-0.250000,0.410714,-0.517857,0.446429,-0.803571,0.464286,-1.000000,0.089286,-0.714286,-0.053571,-0.875000,-0.017857,-0.660714,0.071429,-0.535714,-0.107143,-0.625000,-0.214286,-0.803571,-0.142857,-0.571429,-0.053571,-0.464286,-0.267857,-0.535714,-0.357143,-0.678571,-0.267857,-0.482143,-0.178571,-0.375000,-0.392857,-0.410714,-0.553571,-0.589286,-0.660714,-0.678571,-0.767857,-0.785714
Y,Right,legacy_bisindo_Y_1349,0.000000,0.000000,0.263158,0.245614,0.403509,0.526316,0.438596,0.807018,0.473684,1.000000,0.105263,0.719298,-0.035088,0.859649,-0.017544,0.649123,0.052632,0.508772,-0.105263,0.649123,-0.210526,0.807018,-0.157895,0.578947,-0.070175,0.456140,-0.245614,0.543860,-0.350877,0.666667,-0.263158,0.473684,-0.157895,0.350877,-0.368421,0.438596,-0.508772,0.596491,-0.631579,0.684211,-0.701754,0.771930
Y,Right,legacy_bisindo_Y_1350,0.000000,0.000000,0.218182,-0.254545,0.400000,-0.527273,0.418182,-0.800000,0.454545,-1.000000,0.072727,-0.709091,-0.072727,-0.890909,-0.018182,-0.672727,0.054545,-0.509091,-0.127273,-0.636364,-0.236364,-0.836364,-0.163636,-0.581818,-0.072727,-0.454545,-0.290909,-0.527273,-0.381818,-0.709091,-0.309091,-0.490909,-0.200000,-0.363636,-0.418182,-0.400000,-0.581818,-0.581818,-0.709091,-0.672727,-0.818182,-0.800000
Y,Right,legacy_bisindo_Y_1351,0.000000,0.000000,0.245614,0.245614,0.385965,0.543860,0.421053,0.807018,0.456140,1.000000,0.087719,0.736842,-0.052632,0.877193,-0.035088,0.666667,0.017544,0.508772,-0.122807,0.649123,-0.228070,0.824561,-0.175439,0.578947,-0.087719,0.438596,-0.263158,0.561404,-0.368421,0.666667,-0.280702,0.473684,-0.175439,0.350877,-0.385965,0.438596,-0.543860,0.596491,-0.649123,0.684211,-0.736842,0.771930
Y,Right,legacy_bisindo_Y_1352,0.000000,0.000000,0.236364,-0.254545,0.436364,-0.527273,0.454545,-0.800000,0.472727,-1.000000,0.109091,-0.672727,-0.036364,-0.836364,-0.018182,-0.654545,0.072727,-0.490909,-0.090909,-0.581818,-0.218182,-0.781818,-0.145455,-0.563636,-0.072727,-0.418182,-0.254545,-0.490909,-0.363636,-0.654545,-0.290909,-0.454545,-0.200000,-0.345455,-0.363636,-0.363636,-0.509091,-0.527273,-0.618182,-0.600000,-0.690909,-0.672727
Y,Right,legacy_bisindo_Y_1353,0.000000,0.000000,0.214286,-0.250000,0.375000,-0.535714,0.392857,-0.803571,0.446429,-1.000000,0.053571,-0.732143,-0.071429,-0.857143,-0.035714,-0.660714,0.035714,-0.535714,-0.142857,-0.642857,-0.250000,-0.821429,-0.178571,-0.571429,-0.089286,-0.446429,-0.303571,-0.553571,-0.392857,-0.696429,-0.321429,-0.500000,-0.232143,-0.357143,-0.428571,-0.410714,-0.589286,-0.607143,-0.714286,-0.696429,-0.821429,-0.803571
Y,Right,legacy_bisindo_Y_1354,0.000000,0.000000,0.254545,0.218182,0.418182,0.527273,0.454545,0.800000,0.490909,1.000000,0.109091,0.727273,-0.036364,0.854545,-0.018182,0.654545,0.054545,0.509091,-0.109091,0.654545,-0.218182,0.818182,-0.145455,0.581818,-0.072727,0.436364,-0.254545,0.545455,-0.363636,0.672727,-0.272727,0.472727,-0.181818,0.327273,-0.381818,0.418182,-0.509091,0.581818,-0.618182,0.654545,-0.690909,0.727273
Y,Right,legacy_bisindo_Y_1355,0.000000,0.000000,0.214286,-0.232143,0.375000,-0.535714,0.392857,-0.785714,0.428571,-1.000000,0.053571,-0.714286,-0.071429,-0.839286,-0.053571,-0.660714,0.017857,-0.517857,-0.142857,-0.642857,-0.250000,-0.803571,-0.178571,-0.571429,-0.107143,-0.428571,-0.303571,-0.535714,-0.392857,-0.678571,-0.321429,-0.482143,-0.214286,-0.357143,-0.428571,-0.410714,-0.589286,-0.589286,-0.714286,-0.678571,-0.803571,-0.803571
Y,Right,legacy_bisindo_Y_1356,0.000000,0.000000,0.250000,0.214286,0.410714,0.535714,0.464286,0.803571,0.500000,1.000000,0.125000,0.696429,-0.035714,0.857143,-0.017857,0.660714,0.053571,0.500000,-0.089286,0.625000,-0.214286,0.803571,-0.160714,0.571429,-0.071429,0.428571,-0.232143,0.517857,-0.357143,0.660714,-0.267857,0.464286,-0.178571,0.357143,-0.357143,0.392857,-0.482143,0.571429,-0.535714,0.571429,-0.535714,0.589286
Y,Right,legacy_bisindo_Y_1357,0.000000,0.000000,0.218182,-0.236364,0.400000,-0.527273,0.418182,-0.800000,0.436364,-1.000000,0.072727,-0.709091,-0.054545,-0.890909,-0.036364,-0.690909,0.036364,-0.545455,-0.127273,-0.654545,-0.236364,-0.836364,-0.181818,-0.581818,-0.090909,-0.454545,-0.290909,-0.545455,-0.400000,-0.709091,-0.327273,-0.490909,-0.236364,-0.345455,-0.418182,-0.418182,-0.600000,-0.600000,-0.727273,-0.690909,-0.818182,-0.800000
Y,Right,legacy_bisindo_Y_1358,0.000000,0.000000,0.245614,0.280702,0.403509,0.561404,0.456140,0.824561,0.473684,1.000000,0.105263,0.736842,-0.035088,0.877193,0.000000,0.649123,0.087719,0.491228,-0.105263,0.666667,-0.228070,0.824561,-0.140351,0.578947,-0.052632,0.438596,-0.245614,0.543860,-0.350877,0.649123,-0.245614,0.456140,-0.157895,0.368421,-0.350877,0.421053,-0.456140,0.561404,-0.473684,0.508772,-0.473684,0.508772
Y,Right,legacy_bisindo_Y_1359,0.000000,0.000000,0.206897,-0.241379,0.379310,-0.534483,0.396552,-0.793103,0.431034,-1.000000,0.068966,-0.724138,-0.068966,-0.879310,-0.034483,-0.689655,0.017241,-0.551724,-0.120690,-0.637931,-0.224138,-0.827586,-0.172414,-0.586207,-0.086207,-0.465517,-0.275862,-0.551724,-0.379310,-0.724138,-0.310345,-0.517241,-0.224138,-0.379310,-0.396552,-0.431034,-0.551724,-0.603448,-0.672414,-0.689655,-0.758621,-0.810345
Y,Right,legacy_bisindo_Y_1360,0.000000,0.000000,0.200000,-0.254545,0.381818,-0.545455,0.418182,-0.800000,0.436364,-1.000000,0.054545,-0.709091,-0.054545,-0.854545,-0.036364,-0.672727,0.018182,-0.527273,-0.145455,-0.636364,-0.236364,-0.818182,-0.181818,-0.581818,-0.109091,-0.436364,-0.309091,-0.545455,-0.400000,-0.709091,-0.327273,-0.490909,-0.236364,-0.345455,-0.436364,-0.418182,-0.600000,-0.600000,-0.727273,-0.690909,-0.818182,-0.800000
Y,Right,legacy_bisindo_Y_1361,0.000000,0.000000,0.210526,-0.263158,0.385965,-0.543860,0.403509,-0.807018,0.438596,-1.000000,0.070175,-0.701754,-0.052632,-0.859649,-0.017544,-0.666667,0.052632,-0.526316,-0.122807,-0.631579,-0.210526,-0.807018,-0.140351,-0.578947,-0.070175,-0.456140,-0.280702,-0.543860,-0.368421,-0.701754,-0.298246,-0.491228,-0.210526,-0.368421,-0.403509,-0.421053,-0.561404,-0.596491,-0.701754,-0.684211,-0.807018,-0.789474
Y,Right,legacy_bisindo_Y_1362,0.000000,0.000000,0.258621,0.275862,0.448276,0.534483,0.482759,0.810345,0.500000,1.000000,0.155172,0.706897,0.000000,0.844828,0.034483,0.637931,0.120690,0.500000,-0.051724,0.637931,-0.189655,0.810345,-0.103448,0.568966,0.000000,0.431034,-0.206897,0.534483,-0.310345,0.655172,-0.206897,0.465517,-0.120690,0.362069,-0.310345,0.413793,-0.396552,0.551724,-0.362069,0.448276,-0.310345,0.413793
Y,Right,legacy_bisindo_Y_1363,0.000000,0.000000,0.203704,-0.259259,0.388889,-0.537037,0.444444,-0.814815,0.444444,-1.000000,0.055556,-0.722222,-0.074074,-0.888889,-0.037037,-0.685185,0.037037,-0.537037,-0.148148,-0.648148,-0.240741,-0.833333,-0.185185,-0.592593,-0.111111,-0.444444,-0.314815,-0.537037,-0.407407,-0.703704,-0.333333,-0.481481,-0.240741,-0.333333,-0.444444,-0.407407,-0.611111,-0.592593,-0.759259,-0.685185,-0.870370,-0.796296
Y,Right,legacy_bisindo_Y_1364,0.000000,0.000000,0.192982,-0.263158,0.368421,-0.543860,0.385965,-0.807018,0.403509,-1.000000,0.052632,-0.719298,-0.087719,-0.877193,-0.052632,-0.701754,0.017544,-0.561404,-0.140351,-0.649123,-0.245614,-0.824561,-0.175439,-0.596491,-0.105263,-0.473684,-0.298246,-0.543860,-0.403509,-0.736842,-0.315789,-0.526316,-0.228070,-0.385965,-0.421053,-0.438596,-0.578947,-0.614035,-0.701754,-0.701754,-0.789474,-0.824561
Y,Right,legacy_bisindo_Y_1365,0.000000,0.000000,0.189655,-0.275862,0.362069,-0.551724,0.396552,-0.810345,0.413793,-1.000000,0.051724,-0.706897,-0.068966,-0.879310,-0.034483,-0.689655,0.017241,-0.551724,-0.137931,-0.637931,-0.224138,-0.844828,-0.155172,-0.586207,-0.086207,-0.482759,-0.275862,-0.551724,-0.379310,-0.724138,-0.310345,-0.517241,-0.224138,-0.379310,-0.396552,-0.413793,-0.568966,-0.603448,-0.689655,-0.689655,-0.793103,-0.793103
Y,Right,legacy_bisindo_Y_1366,0.000000,0.000000,0.210526,-0.245614,0.385965,-0.543860,0.421053,-0.807018,0.438596,-1.000000,0.052632,-0.701754,-0.052632,-0.859649,-0.035088,-0.684211,0.035088,-0.543860,-0.122807,-0.631579,-0.210526,-0.824561,-0.157895,-0.596491,-0.087719,-0.473684,-0.280702,-0.543860,-0.368421,-0.701754,-0.298246,-0.491228,-0.228070,-0.368421,-0.403509,-0.421053,-0.561404,-0.614035,-0.684211,-0.701754,-0.789474,-0.807018
Y,Right,legacy_bisindo_Y_1367,0.000000,0.000000,0.226415,-0.245283,0.415094,-0.528302,0.452830,-0.811321,0.471698,-1.000000,0.056604,-0.735849,-0.056604,-0.905660,-0.037736,-0.698113,0.037736,-0.547170,-0.132075,-0.660377,-0.226415,-0.849057,-0.188679,-0.603774,-0.113208,-0.471698,-0.301887,-0.547170,-0.396226,-0.716981,-0.339623,-0.509434,-0.245283,-0.358491,-0.433962,-0.415094,-0.603774,-0.622642,-0.735849,-0.698113,-0.830189,-0.811321
Y,Right,legacy_bisindo_Y_1368,0.000000,0.000000,0.232143,-0.285714,0.428571,-0.535714,0.500000,-0.803571,0.517857,-1.000000,0.125000,-0.714286,-0.017857,-0.892857,0.017857,-0.696429,0.089286,-0.553571,-0.071429,-0.642857,-0.196429,-0.821429,-0.125000,-0.607143,-0.035714,-0.482143,-0.232143,-0.535714,-0.339286,-0.714286,-0.267857,-0.517857,-0.178571,-0.410714,-0.339286,-0.428571,-0.464286,-0.589286,-0.553571,-0.660714,-0.625000,-0.732143
Y,Right,legacy_bisindo_Y_1369,0.000000,0.000000,0.041667,-0.187500,0.187500,-0.375000,0.291667,-0.541667,0.333333,-0.687500,0.416667,-0.458333,0.291667,-0.729167,0.166667,-0.645833,0.166667,-0.541667,0.458333,-0.479167,0.270833,-0.770833,0.187500,-0.645833,0.187500,-0.520833,0.500000,-0.520833,0.354167,-0.833333,0.270833,-0.729167,0.291667,-0.604167,0.520833,-0.541667,0.520833,-0.833333,0.541667,-0.937500,0.604167,-1.000000
Y,Right,legacy_bisindo_Y_1370,0.000000,0.000000,0.226415,-0.245283,0.433962,-0.528302,0.509434,-0.792453,0.528302,-1.000000,0.150943,-0.735849,0.000000,-0.886792,0.000000,-0.679245,0.075472,-0.528302,-0.056604,-0.660377,-0.188679,-0.849057,-0.132075,-0.584906,-0.056604,-0.471698,-0.245283,-0.566038,-0.358491,-0.735849,-0.283019,-0.528302,-0.188679,-0.415094,-0.377358,-0.452830,-0.528302,-0.641509,-0.641509,-0.716981,-0.735849,-0.830189
Y,Right,legacy_bisindo_Y_1371,0.000000,0.000000,0.272727,0.254545,0.436364,0.545455,0.490909,0.800000,0.527273,1.000000,0.127273,0.763636,-0.018182,0.872727,0.018182,0.672727,0.090909,0.527273,-0.072727,0.690909,-0.200000,0.818182,-0.127273,0.600000,-0.036364,0.454545,-0.236364,0.581818,-0.345455,0.727273,-0.254545,0.527273,-0.163636,0.381818,-0.363636,0.472727,-0.509091,0.636364,-0.618182,0.727273,-0.709091,0.818182
Y,Right,legacy_bisindo_Y_1372,0.000000,0.000000,0.230769,-0.269231,0.442308,-0.538462,0.519231,-0.807692,0.519231,-1.000000,0.115385,-0.711538,-0.019231,-0.884615,0.000000,-0.692308,0.076923,-0.538462,-0.076923,-0.634615,-0.192308,-0.846154,-0.134615,-0.596154,-0.057692,-0.461538,-0.250000,-0.557692,-0.365385,-0.730769,-0.307692,-0.538462,-0.211538,-0.384615,-0.403846,-0.423077,-0.538462,-0.615385,-0.673077,-0.730769,-0.769231,-0.846154
Y,Right,legacy_bisindo_Y_1373,0.000000,0.000000,0.301887,0.226415,0.471698,0.528302,0.528302,0.792453,0.584906,1.000000,0.169811,0.735849,0.018868,0.886792,0.037736,0.679245,0.094340,0.528302,-0.056604,0.660377,-0.169811,0.811321,-0.113208,0.584906,-0.018868,0.452830,-0.207547,0.584906,-0.320755,0.716981,-0.226415,0.509434,-0.132075,0.396226,-0.358491,0.490566,-0.490566,0.660377,-0.603774,0.754717,-0.698113,0.849057
Y,Right,legacy_bisindo_Y_1374,0.000000,0.000000,0.226415,-0.264151,0.433962,-0.528302,0.471698,-0.792453,0.509434,-1.000000,0.113208,-0.735849,-0.037736,-0.886792,-0.018868,-0.698113,0.056604,-0.566038,-0.094340,-0.660377,-0.207547,-0.830189,-0.169811,-0.603774,-0.094340,-0.490566,-0.264151,-0.566038,-0.377358,-0.735849,-0.320755,-0.528302,-0.226415,-0.396226,-0.415094,-0.471698,-0.547170,-0.660377,-0.679245,-0.754717,-0.773585,-0.867925
Y,Right,legacy_bisindo_Y_1375,0.000000,0.000000,0.296296,0.240741,0.462963,0.537037,0.500000,0.796296,0.537037,1.000000,0.148148,0.740741,0.000000,0.870370,0.000000,0.685185,0.074074,0.537037,-0.074074,0.666667,-0.185185,0.814815,-0.148148,0.611111,-0.074074,0.462963,-0.240741,0.592593,-0.333333,0.722222,-0.259259,0.518519,-0.185185,0.388889,-0.370370,0.481481,-0.518519,0.685185,-0.629630,0.777778,-0.722222,0.870370
Y,Right,legacy_bisindo_Y_1376,0.000000,0.000000,0.226415,-0.283019,0.433962,-0.547170,0.509434,-0.811321,0.528302,-1.000000,0.132075,-0.735849,-0.018868,-0.867925,0.018868,-0.698113,0.094340,-0.584906,-0.094340,-0.660377,-0.207547,-0.830189,-0.132075,-0.603774,-0.056604,-0.509434,-0.264151,-0.566038,-0.358491,-0.735849,-0.283019,-0.528302,-0.207547,-0.415094,-0.396226,-0.471698,-0.547170,-0.641509,-0.641509,-0.754717,-0.735849,-0.867925
Y,Right,legacy_bisindo_Y_1377,0.000000,0.000000,0.283019,0.245283,0.452830,0.509434,0.509434,0.792453,0.547170,1.000000,0.113208,0.754717,0.000000,0.867925,0.000000,0.679245,0.056604,0.528302,-0.094340,0.679245,-0.188679,0.830189,-0.150943,0.603774,-0.075472,0.452830,-0.245283,0.584906,-0.358491,0.716981,-0.283019,0.509434,-0.188679,0.358491,-0.396226,0.471698,-0.528302,0.660377,-0.660377,0.754717,-0.754717,0.849057
Y,Right,legacy_bisindo_Y_1378,0.000000,0.000000,0.313725,0.235294,0.490196,0.509804,0.529412,0.784314,0.588235,1.000000,0.117647,0.764706,0.000000,0.882353,0.019608,0.686275,0.058824,0.509804,-0.098039,0.686275,-0.196078,0.823529,-0.137255,0.607843,-0.058824,0.450980,-0.254902,0.607843,-0.352941,0.705882,-0.254902,0.529412,-0.176471,0.392157,-0.392157,0.490196,-0.549020,0.666667,-0.666667,0.764706,-0.764706,0.862745
Y,Right,legacy_bisindo_Y_1379,0.000000,0.000000,0.294118,0.274510,0.470588,0.529412,0.529412,0.803922,0.568627,1.000000,0.117647,0.764706,0.019608,0.901961,0.019608,0.705882,0.058824,0.549020,-0.098039,0.705882,-0.196078,0.843137,-0.137255,0.607843,-0.058824,0.490196,-0.274510,0.607843,-0.372549,0.764706,-0.274510,0.549020,-0.196078,0.411765,-0.411765,0.490196,-0.568627,0.686275,-0.686275,0.784314,-0.764706,0.901961
Y,Right,legacy_bisindo_Y_1380,0.000000,0.000000,0.300000,0.260000,0.500000,0.520000,0.540000,0.800000,0.600000,1.000000,0.140000,0.760000,0.040000,0.900000,0.040000,0.700000,0.100000,0.540000,-0.080000,0.700000,-0.180000,0.860000,-0.120000,0.620000,-0.040000,0.480000,-0.260000,0.620000,-0.360000,0.740000,-0.260000,0.540000,-0.180000,0.400000,-0.420000,0.480000,-0.580000,0.680000,-0.680000,0.780000,-0.780000,0.900000
Y,Right,legacy_bisindo_Y_1381,0.000000,0.000000,0.320000,0.260000,0.520000,0.520000,0.560000,0.800000,0.620000,1.000000,0.160000,0.740000,0.060000,0.880000,0.060000,0.680000,0.100000,0.520000,-0.060000,0.680000,-0.160000,0.840000,-0.100000,0.600000,-0.040000,0.460000,-0.240000,0.600000,-0.320000,0.740000,-0.240000,0.540000,-0.180000,0.400000,-0.400000,0.460000,-0.560000,0.680000,-0.660000,0.780000,-0.760000,0.880000
Y,Right,legacy_bisindo_Y_1382,0.000000,0.000000,0.294118,0.274510,0.490196,0.529412,0.529412,0.803922,0.588235,1.000000,0.137255,0.745098,0.039216,0.901961,0.039216,0.705882,0.078431,0.549020,-0.078431,0.686275,-0.156863,0.862745,-0.117647,0.627451,-0.039216,0.470588,-0.235294,0.607843,-0.333333,0.764706,-0.274510,0.568627,-0.196078,0.411765,-0.411765,0.470588,-0.568627,0.686275,-0.666667,0.784314,-0.764706,0.901961
Y,Right,legacy_bisindo_Y_1383,0.000000,0.000000,0.294118,0.274510,0.470588,0.549020,0.529412,0.803922,0.588235,1.000000,0.137255,0.745098,0.039216,0.882353,0.039216,0.705882,0.078431,0.549020,-0.078431,0.686275,-0.176471,0.862745,-0.117647,0.627451,-0.058824,0.490196,-0.254902,0.607843,-0.352941,0.764706,-0.274510,0.568627,-0.196078,0.431373,-0.411765,0.470588,-0.568627,0.686275,-0.666667,0.784314,-0.764706,0.901961
Y,Right,legacy_bisindo_Y_1384,0.000000,0.000000,0.300000,0.260000,0.480000,0.540000,0.540000,0.800000,0.600000,1.000000,0.140000,0.760000,0.020000,0.880000,0.040000,0.700000,0.100000,0.560000,-0.080000,0.700000,-0.180000,0.860000,-0.120000,0.640000,-0.040000,0.500000,-0.260000,0.600000,-0.360000,0.760000,-0.280000,0.560000,-0.200000,0.420000,-0.420000,0.480000,-0.580000,0.700000,-0.680000,0.800000,-0.780000,0.920000
Y,Right,legacy_bisindo_Y_1385,0.000000,0.000000,0.234043,-0.042553,0.425532,-0.340426,0.531915,-0.723404,0.553191,-1.000000,0.297872,-0.404255,0.106383,-0.702128,0.106383,-0.744681,0.127660,-0.723404,0.042553,-0.446809,-0.148936,-0.680851,-0.148936,-0.702128,-0.106383,-0.617021,-0.191489,-0.404255,-0.361702,-0.638298,-0.340426,-0.659574,-0.276596,-0.617021,-0.382979,-0.340426,-0.553191,-0.553191,-0.617021,-0.617021,-0.638298,-0.638298
Y,Right,legacy_bisindo_Y_1386,0.000000,0.000000,0.311111,0.088889,0.555556,0.333333,0.644444,0.688889,0.711111,1.000000,0.311111,0.311111,0.111111,0.644444,0.155556,0.644444,0.177778,0.533333,0.022222,0.333333,-0.133333,0.711111,-0.044444,0.711111,0.000000,0.577778,-0.244444,0.311111,-0.333333,0.666667,-0.266667,0.688889,-0.222222,0.600000,-0.444444,0.311111,-0.577778,0.622222,-0.644444,0.755556,-0.711111,0.777778
Y,Right,legacy_bisindo_Y_1387,0.000000,0.000000,0.250000,-0.041667,0.437500,-0.333333,0.500000,-0.708333,0.458333,-1.000000,0.229167,-0.395833,0.020833,-0.729167,0.062500,-0.750000,0.104167,-0.645833,-0.020833,-0.458333,-0.187500,-0.750000,-0.125000,-0.729167,-0.062500,-0.562500,-0.250000,-0.458333,-0.354167,-0.708333,-0.291667,-0.666667,-0.208333,-0.520833,-0.437500,-0.395833,-0.520833,-0.583333,-0.479167,-0.562500,-0.458333,-0.479167
Y,Right,legacy_bisindo_Y_1388,0.000000,0.000000,0.279070,0.023256,0.511628,0.232558,0.627907,0.604651,0.697674,1.000000,0.372093,0.279070,0.093023,0.395349,0.023256,0.302326,-0.046512,0.232558,0.046512,0.325581,-0.139535,0.651163,-0.116279,0.604651,-0.093023,0.488372,-0.232558,0.348837,-0.348837,0.604651,-0.325581,0.581395,-0.302326,0.465116,-0.441860,0.325581,-0.581395,0.558140,-0.627907,0.627907,-0.651163,0.627907
Y,Right,legacy_bisindo_Y_1389,0.000000,0.000000,0.250000,-0.250000,0.500000,-0.519231,0.576923,-0.788462,0.615385,-1.000000,0.173077,-0.750000,0.038462,-0.884615,0.076923,-0.692308,0.134615,-0.557692,-0.038462,-0.692308,-0.153846,-0.865385,-0.076923,-0.634615,0.000000,-0.519231,-0.211538,-0.615385,-0.307692,-0.769231,-0.250000,-0.576923,-0.173077,-0.442308,-0.365385,-0.500000,-0.519231,-0.711538,-0.615385,-0.826923,-0.711538,-0.942308
Y,Right,legacy_bisindo_Y_1390,0.000000,0.000000,0.295455,0.090909,0.568182,0.318182,0.659091,0.681818,0.727273,1.000000,0.386364,0.250000,0.159091,0.318182,0.000000,0.204545,-0.159091,0.068182,0.068182,0.227273,-0.090909,0.704545,-0.045455,0.772727,0.022727,0.704545,-0.227273,0.250000,-0.363636,0.681818,-0.250000,0.727273,-0.181818,0.636364,-0.454545,0.227273,-0.613636,0.659091,-0.681818,0.818182,-0.750000,0.886364
Y,Right,legacy_bisindo_Y_1391,0.000000,0.000000,0.280000,-0.080000,0.440000,-0.360000,0.480000,-0.700000,0.460000,-1.000000,0.220000,-0.400000,0.040000,-0.740000,0.060000,-0.800000,0.140000,-0.740000,-0.040000,-0.440000,-0.140000,-0.780000,-0.080000,-0.780000,0.000000,-0.660000,-0.240000,-0.420000,-0.320000,-0.740000,-0.240000,-0.740000,-0.160000,-0.640000,-0.400000,-0.400000,-0.520000,-0.660000,-0.520000,-0.740000,-0.500000,-0.740000
Y,Right,legacy_bisindo_Y_1392,0.000000,0.000000,0.302326,0.116279,0.534884,0.418605,0.604651,0.720930,0.744186,1.000000,0.348837,0.395349,0.046512,0.674419,0.069767,0.581395,0.116279,0.441860,0.046512,0.395349,-0.186047,0.813953,-0.093023,0.720930,-0.046512,0.558140,-0.232558,0.348837,-0.418605,0.720930,-0.302326,0.674419,-0.232558,0.534884,-0.465116,0.279070,-0.651163,0.651163,-0.767442,0.790698,-0.883721,0.860465
Y,Right,legacy_bisindo_Y_1393,0.000000,0.000000,0.266667,0.000000,0.444444,-0.311111,0.533333,-0.688889,0.533333,-1.000000,0.244444,-0.466667,0.000000,-0.733333,0.000000,-0.800000,0.066667,-0.733333,-0.044444,-0.533333,-0.200000,-0.755556,-0.155556,-0.800000,-0.088889,-0.666667,-0.244444,-0.488889,-0.377778,-0.688889,-0.311111,-0.733333,-0.244444,-0.622222,-0.422222,-0.400000,-0.577778,-0.644444,-0.600000,-0.755556,-0.600000,-0.755556
Y,Right,legacy_bisindo_Y_1394,0.000000,0.000000,0.276596,0.106383,0.531915,0.340426,0.638298,0.680851,0.744681,1.000000,0.361702,0.297872,0.170213,0.510638,0.170213,0.510638,0.212766,0.425532,0.085106,0.297872,-0.085106,0.765957,0.000000,0.851064,0.042553,0.744681,-0.148936,0.297872,-0.276596,0.744681,-0.212766,0.829787,-0.148936,0.765957,-0.361702,0.297872,-0.489362,0.680851,-0.531915,0.829787,-0.553191,0.872340
Y,Right,legacy_bisindo_Y_1395,0.000000,0.000000,0.276596,-0.127660,0.489362,-0.425532,0.574468,-0.765957,0.617021,-1.000000,0.191489,-0.468085,0.063830,-0.829787,0.063830,-0.851064,0.127660,-0.744681,-0.085106,-0.446809,-0.127660,-0.829787,-0.063830,-0.787234,-0.021277,-0.659574,-0.297872,-0.382979,-0.297872,-0.744681,-0.212766,-0.702128,-0.148936,-0.574468,-0.446809,-0.297872,-0.468085,-0.595745,-0.382979,-0.595745,-0.319149,-0.531915
Y,Right,legacy_bisindo_Y_1396,0.000000,0.000000,0.294118,0.274510,0.509804,0.529412,0.588235,0.803922,0.647059,1.000000,0.156863,0.764706,0.058824,0.901961,0.078431,0.705882,0.117647,0.549020,-0.058824,0.705882,-0.137255,0.882353,-0.078431,0.647059,-0.019608,0.509804,-0.235294,0.627451,-0.313725,0.784314,-0.235294,0.588235,-0.156863,0.450980,-0.392157,0.509804,-0.549020,0.725490,-0.647059,0.823529,-0.725490,0.960784
Y,Right,legacy_bisindo_Y_1397,0.000000,0.000000,0.204082,0.183673,0.408163,0.448980,0.489796,0.734694,0.530612,1.000000,0.265306,0.326531,0.102041,0.653061,0.020408,0.795918,0.040816,0.795918,0.081633,0.285714,-0.122449,0.693878,-0.183673,0.857143,-0.183673,0.836735,-0.102041,0.244898,-0.285714,0.653061,-0.306122,0.775510,-0.285714,0.734694,-0.265306,0.224490,-0.408163,0.551020,-0.428571,0.714286,-0.408163,0.755102
Y,Right,legacy_bisindo_Y_1398,0.000000,0.000000,-0.048387,-0.064516,-0.032258,-0.322581,0.080645,-0.677419,0.080645,-1.000000,-0.064516,-0.370968,-0.080645,-0.661290,-0.064516,-0.725806,-0.048387,-0.741935,-0.016129,-0.435484,-0.016129,-0.741935,-0.032258,-0.790323,-0.064516,-0.741935,0.064516,-0.451613,0.064516,-0.741935,0.016129,-0.774194,-0.016129,-0.725806,0.145161,-0.435484,0.161290,-0.693548,0.145161,-0.790323,0.112903,-0.822581
Y,Right,legacy_bisindo_Y_1399,0.000000,0.000000,0.250000,-0.269231,0.500000,-0.519231,0.596154,-0.788462,0.653846,-1.000000,0.192308,-0.788462,0.057692,-0.923077,0.076923,-0.730769,0.153846,-0.596154,-0.019231,-0.730769,-0.134615,-0.903846,-0.057692,-0.653846,0.000000,-0.557692,-0.192308,-0.634615,-0.288462,-0.807692,-0.230769,-0.596154,-0.153846,-0.480769,-0.346154,-0.538462,-0.500000,-0.750000,-0.596154,-0.865385,-0.673077,-1.000000
Y,Right,legacy_bisindo_Y_1400,0.000000,0.000000,0.307692,0.250000,0.538462,0.500000,0.615385,0.788462,0.653846,1.000000,0.211538,0.750000,0.096154,0.923077,0.115385,0.711538,0.153846,0.557692,-0.019231,0.711538,-0.096154,0.884615,-0.057692,0.653846,0.019231,0.519231,-0.192308,0.634615,-0.288462,0.788462,-0.192308,0.596154,-0.134615,0.461538,-0.346154,0.519231,-0.500000,0.711538,-0.596154,0.826923,-0.692308,0.961538
Y,Right,legacy_bisindo_Y_1401,0.000000,0.000000,0.269231,-0.288462,0.500000,-0.519231,0.596154,-0.788462,0.653846,-1.000000,0.192308,-0.769231,0.057692,-0.923077,0.096154,-0.730769,0.134615,-0.596154,-0.019231,-0.711538,-0.115385,-0.903846,-0.057692,-0.653846,0.000000,-0.538462,-0.211538,-0.634615,-0.288462,-0.807692,-0.230769,-0.615385,-0.153846,-0.461538,-0.346154,-0.519231,-0.500000,-0.730769,-0.596154,-0.846154,-0.673077,-0.980769
Y,Right,legacy_bisindo_Y_1402,0.000000,0.000000,0.307692,0.250000,0.519231,0.500000,0.596154,0.788462,0.653846,1.000000,0.192308,0.750000,0.096154,0.903846,0.096154,0.711538,0.115385,0.557692,-0.038462,0.711538,-0.115385,0.884615,-0.076923,0.653846,0.000000,0.500000,-0.211538,0.634615,-0.288462,0.788462,-0.211538,0.576923,-0.134615,0.442308,-0.365385,0.519231,-0.500000,0.730769,-0.596154,0.846154,-0.692308,0.961538
Y,Right,legacy_bisindo_Y_1403,0.000000,0.000000,0.254902,-0.274510,0.509804,-0.509804,0.607843,-0.803922,0.666667,-1.000000,0.196078,-0.784314,0.078431,-0.941176,0.098039,-0.745098,0.156863,-0.607843,-0.039216,-0.725490,-0.117647,-0.921569,-0.058824,-0.666667,0.000000,-0.549020,-0.215686,-0.647059,-0.274510,-0.823529,-0.235294,-0.627451,-0.156863,-0.490196,-0.352941,-0.529412,-0.509804,-0.745098,-0.607843,-0.862745,-0.686275,-1.000000
Y,Right,legacy_bisindo_Y_1404,0.000000,0.000000,0.320000,0.220000,0.540000,0.500000,0.620000,0.800000,0.680000,1.000000,0.200000,0.780000,0.080000,0.940000,0.080000,0.720000,0.100000,0.560000,-0.040000,0.740000,-0.120000,0.900000,-0.080000,0.660000,-0.020000,0.500000,-0.220000,0.640000,-0.320000,0.800000,-0.240000,0.600000,-0.160000,0.460000,-0.380000,0.520000,-0.520000,0.740000,-0.640000,0.860000,-0.720000,0.980000
Y,Right,legacy_bisindo_Y_1405,0.000000,0.000000,0.269231,-0.269231,0.519231,-0.500000,0.634615,-0.769231,0.653846,-0.980769,0.211538,-0.750000,0.096154,-0.942308,0.115385,-0.750000,0.173077,-0.615385,0.000000,-0.711538,-0.076923,-0.923077,-0.038462,-0.653846,0.019231,-0.538462,-0.192308,-0.634615,-0.250000,-0.826923,-0.211538,-0.615385,-0.134615,-0.480769,-0.326923,-0.519231,-0.480769,-0.750000,-0.557692,-0.865385,-0.634615,-1.000000
Y,Right,legacy_bisindo_Y_1406,0.000000,0.000000,0.313725,0.235294,0.549020,0.490196,0.647059,0.803922,0.705882,1.000000,0.235294,0.784314,0.137255,0.960784,0.137255,0.725490,0.176471,0.568627,0.000000,0.764706,-0.058824,0.921569,-0.019608,0.666667,0.039216,0.529412,-0.176471,0.666667,-0.254902,0.803922,-0.176471,0.588235,-0.098039,0.450980,-0.333333,0.529412,-0.470588,0.745098,-0.568627,0.862745,-0.647059,0.980392
Y,Right,legacy_bisindo_Y_1407,0.000000,0.000000,0.264151,-0.264151,0.509434,-0.490566,0.622642,-0.773585,0.660377,-0.962264,0.188679,-0.754717,0.094340,-0.924528,0.113208,-0.735849,0.150943,-0.603774,-0.018868,-0.716981,-0.075472,-0.924528,-0.037736,-0.641509,0.000000,-0.547170,-0.188679,-0.641509,-0.245283,-0.830189,-0.207547,-0.603774,-0.132075,-0.471698,-0.320755,-0.528302,-0.471698,-0.754717,-0.547170,-0.867925,-0.622642,-1.000000
Y,Right,legacy_bisindo_Y_1408,0.000000,0.000000,0.307692,0.269231,0.538462,0.519231,0.634615,0.788462,0.673077,1.000000,0.211538,0.788462,0.134615,0.961538,0.134615,0.750000,0.153846,0.576923,-0.019231,0.750000,-0.076923,0.942308,-0.038462,0.673077,0.019231,0.538462,-0.173077,0.673077,-0.250000,0.846154,-0.192308,0.634615,-0.115385,0.480769,-0.346154,0.538462,-0.461538,0.750000,-0.557692,0.865385,-0.634615,0.980769
Y,Right,legacy_bisindo_Y_1409,0.000000,0.000000,0.269231,-0.288462,0.519231,-0.500000,0.653846,-0.769231,0.673077,-0.961538,0.211538,-0.750000,0.096154,-0.942308,0.115385,-0.750000,0.173077,-0.596154,-0.019231,-0.711538,-0.076923,-0.923077,-0.019231,-0.634615,0.038462,-0.538462,-0.192308,-0.634615,-0.250000,-0.826923,-0.211538,-0.615385,-0.134615,-0.480769,-0.346154,-0.519231,-0.480769,-0.750000,-0.557692,-0.865385,-0.634615,-1.000000
Y,Right,legacy_bisindo_Y_1410,0.000000,0.000000,0.333333,0.235294,0.549020,0.490196,0.647059,0.764706,0.705882,0.980392,0.235294,0.764706,0.137255,0.941176,0.137255,0.725490,0.176471,0.549020,0.000000,0.725490,-0.058824,0.921569,-0.019608,0.647059,0.039216,0.509804,-0.176471,0.647059,-0.254902,0.823529,-0.176471,0.607843,-0.098039,0.450980,-0.352941,0.529412,-0.470588,0.745098,-0.568627,0.862745,-0.647059,1.000000
Y,Right,legacy_bisindo_Y_1411,0.000000,0.000000,0.264151,-0.264151,0.490566,-0.490566,0.603774,-0.754717,0.641509,-0.943396,0.169811,-0.716981,0.094340,-0.905660,0.113208,-0.716981,0.150943,-0.566038,-0.037736,-0.698113,-0.075472,-0.905660,-0.037736,-0.641509,0.018868,-0.547170,-0.207547,-0.622642,-0.245283,-0.811321,-0.188679,-0.603774,-0.132075,-0.452830,-0.339623,-0.509434,-0.490566,-0.735849,-0.566038,-0.849057,-0.660377,-1.000000
Y,Right,legacy_bisindo_Y_1412,0.000000,0.000000,0.320755,0.245283,0.547170,0.509434,0.622642,0.792453,0.679245,1.000000,0.226415,0.773585,0.150943,0.943396,0.132075,0.716981,0.150943,0.547170,0.000000,0.735849,-0.037736,0.924528,-0.018868,0.641509,0.037736,0.509434,-0.169811,0.660377,-0.226415,0.811321,-0.169811,0.603774,-0.094340,0.452830,-0.339623,0.528302,-0.452830,0.754717,-0.547170,0.867925,-0.641509,1.000000
Y,Right,legacy_bisindo_Y_1413,0.000000,0.000000,0.264151,-0.245283,0.490566,-0.490566,0.603774,-0.773585,0.641509,-0.962264,0.188679,-0.735849,0.094340,-0.943396,0.094340,-0.735849,0.150943,-0.584906,-0.018868,-0.716981,-0.094340,-0.924528,-0.037736,-0.641509,0.018868,-0.547170,-0.207547,-0.641509,-0.264151,-0.830189,-0.207547,-0.603774,-0.132075,-0.471698,-0.339623,-0.528302,-0.490566,-0.754717,-0.566038,-0.867925,-0.660377,-1.000000
Y,Right,legacy_bisindo_Y_1414,0.000000,0.000000,0.320755,0.245283,0.528302,0.490566,0.622642,0.792453,0.698113,0.981132,0.226415,0.773585,0.132075,0.943396,0.132075,0.716981,0.150943,0.566038,0.000000,0.735849,-0.056604,0.924528,-0.018868,0.641509,0.018868,0.509434,-0.169811,0.660377,-0.245283,0.811321,-0.169811,0.603774,-0.094340,0.452830,-0.320755,0.528302,-0.452830,0.754717,-0.547170,0.849057,-0.641509,1.000000
Y,Right,legacy_bisindo_Y_1415,0.000000,0.000000,0.264151,-0.283019,0.509434,-0.490566,0.622642,-0.773585,0.641509,-0.962264,0.188679,-0.735849,0.094340,-0.924528,0.113208,-0.735849,0.169811,-0.584906,-0.018868,-0.698113,-0.075472,-0.924528,-0.037736,-0.660377,0.018868,-0.547170,-0.188679,-0.622642,-0.245283,-0.830189,-0.207547,-0.603774,-0.132075,-0.471698,-0.339623,-0.528302,-0.490566,-0.735849,-0.566038,-0.849057,-0.660377,-1.000000
Y,Right,legacy_bisindo_Y_1416,0.000000,0.000000,0.307692,0.211538,0.538462,0.480769,0.634615,0.769231,0.673077,0.980769,0.211538,0.769231,0.134615,0.942308,0.115385,0.711538,0.134615,0.538462,-0.019231,0.730769,-0.076923,0.923077,-0.038462,0.653846,0.000000,0.500000,-0.192308,0.653846,-0.269231,0.807692,-0.192308,0.596154,-0.134615,0.442308,-0.346154,0.519231,-0.480769,0.750000,-0.576923,0.865385,-0.673077,1.000000
Y,Right,legacy_bisindo_Y_1417,0.000000,0.000000,0.264151,-0.264151,0.509434,-0.490566,0.622642,-0.754717,0.641509,-0.962264,0.188679,-0.735849,0.094340,-0.924528,0.113208,-0.735849,0.150943,-0.566038,-0.018868,-0.698113,-0.075472,-0.924528,-0.037736,-0.641509,0.000000,-0.528302,-0.188679,-0.641509,-0.245283,-0.830189,-0.207547,-0.603774,-0.132075,-0.471698,-0.339623,-0.509434,-0.471698,-0.735849,-0.566038,-0.849057,-0.660377,-1.000000
Y,Right,legacy_bisindo_Y_1418,0.000000,0.000000,0.320755,0.226415,0.528302,0.490566,0.622642,0.773585,0.660377,0.981132,0.207547,0.754717,0.132075,0.924528,0.132075,0.698113,0.150943,0.547170,-0.018868,0.716981,-0.075472,0.905660,-0.037736,0.641509,0.018868,0.509434,-0.188679,0.641509,-0.264151,0.811321,-0.188679,0.584906,-0.113208,0.433962,-0.339623,0.528302,-0.471698,0.735849,-0.566038,0.867925,-0.660377,1.000000
Y,Right,legacy_bisindo_Y_1419,0.000000,0.000000,0.264151,-0.283019,0.509434,-0.509434,0.622642,-0.773585,0.660377,-0.981132,0.188679,-0.735849,0.113208,-0.943396,0.113208,-0.735849,0.150943,-0.584906,-0.018868,-0.716981,-0.075472,-0.943396,-0.037736,-0.660377,0.018868,-0.566038,-0.188679,-0.641509,-0.245283,-0.830189,-0.207547,-0.622642,-0.132075,-0.471698,-0.339623,-0.528302,-0.471698,-0.754717,-0.566038,-0.867925,-0.641509,-1.000000
Y,Right,legacy_bisindo_Y_1420,0.000000,0.000000,0.320755,0.245283,0.528302,0.509434,0.622642,0.792453,0.679245,1.000000,0.226415,0.773585,0.132075,0.943396,0.132075,0.716981,0.150943,0.566038,-0.018868,0.754717,-0.056604,0.924528,-0.018868,0.641509,0.037736,0.509434,-0.188679,0.660377,-0.245283,0.811321,-0.169811,0.584906,-0.113208,0.452830,-0.339623,0.528302,-0.471698,0.754717,-0.566038,0.867925,-0.641509,1.000000
Y,Right,legacy_bisindo_Y_1421,0.000000,0.000000,0.288462,-0.269231,0.538462,-0.480769,0.653846,-0.750000,0.692308,-0.961538,0.230769,-0.750000,0.134615,-0.942308,0.134615,-0.730769,0.173077,-0.576923,0.000000,-0.711538,-0.057692,-0.923077,-0.019231,-0.653846,0.038462,-0.519231,-0.173077,-0.634615,-0.230769,-0.826923,-0.192308,-0.615385,-0.115385,-0.461538,-0.326923,-0.519231,-0.461538,-0.750000,-0.538462,-0.865385,-0.615385,-1.000000
Y,Right,legacy_bisindo_Y_1422,0.000000,0.000000,0.333333,0.235294,0.549020,0.470588,0.647059,0.764706,0.705882,0.980392,0.215686,0.745098,0.137255,0.941176,0.117647,0.725490,0.156863,0.549020,-0.019608,0.705882,-0.078431,0.921569,-0.039216,0.647059,0.000000,0.490196,-0.196078,0.627451,-0.274510,0.803922,-0.196078,0.588235,-0.137255,0.431373,-0.372549,0.509804,-0.490196,0.745098,-0.588235,0.862745,-0.666667,1.000000
Y,Right,legacy_bisindo_Y_1423,0.000000,0.000000,0.283019,-0.245283,0.547170,-0.471698,0.641509,-0.735849,0.698113,-0.943396,0.207547,-0.754717,0.113208,-0.924528,0.132075,-0.716981,0.169811,-0.584906,0.000000,-0.716981,-0.075472,-0.905660,-0.018868,-0.641509,0.018868,-0.528302,-0.188679,-0.641509,-0.245283,-0.830189,-0.188679,-0.603774,-0.113208,-0.471698,-0.320755,-0.528302,-0.452830,-0.754717,-0.547170,-0.849057,-0.622642,-1.000000
Y,Right,legacy_bisindo_Y_1424,0.000000,0.000000,0.333333,0.254902,0.549020,0.490196,0.647059,0.784314,0.686275,1.000000,0.196078,0.764706,0.137255,0.941176,0.137255,0.725490,0.156863,0.549020,-0.039216,0.725490,-0.098039,0.921569,-0.039216,0.647059,0.019608,0.509804,-0.196078,0.647059,-0.274510,0.823529,-0.196078,0.607843,-0.137255,0.450980,-0.372549,0.529412,-0.509804,0.745098,-0.588235,0.862745,-0.686275,1.000000
Y,Right,legacy_bisindo_Y_1425,0.000000,0.000000,0.259259,-0.277778,0.500000,-0.481481,0.611111,-0.759259,0.648148,-0.944444,0.185185,-0.740741,0.092593,-0.925926,0.111111,-0.722222,0.148148,-0.574074,-0.018519,-0.703704,-0.092593,-0.907407,-0.037037,-0.648148,0.018519,-0.537037,-0.203704,-0.629630,-0.259259,-0.814815,-0.203704,-0.611111,-0.129630,-0.481481,-0.333333,-0.537037,-0.481481,-0.740741,-0.555556,-0.851852,-0.629630,-1.000000
Y,Right,legacy_bisindo_Y_1426,0.000000,0.000000,0.326923,0.269231,0.538462,0.500000,0.634615,0.788462,0.673077,0.980769,0.192308,0.750000,0.134615,0.942308,0.134615,0.730769,0.134615,0.557692,-0.038462,0.711538,-0.076923,0.923077,-0.038462,0.653846,0.000000,0.519231,-0.211538,0.634615,-0.269231,0.807692,-0.192308,0.596154,-0.134615,0.442308,-0.365385,0.519231,-0.500000,0.730769,-0.576923,0.846154,-0.653846,1.000000
Y,Right,legacy_bisindo_Y_1427,0.000000,0.000000,0.259259,-0.277778,0.481481,-0.481481,0.592593,-0.759259,0.648148,-0.962963,0.185185,-0.740741,0.092593,-0.925926,0.092593,-0.722222,0.129630,-0.574074,-0.037037,-0.703704,-0.092593,-0.925926,-0.037037,-0.648148,0.000000,-0.537037,-0.203704,-0.629630,-0.259259,-0.833333,-0.222222,-0.611111,-0.148148,-0.481481,-0.351852,-0.518519,-0.481481,-0.759259,-0.574074,-0.851852,-0.629630,-1.000000
Y,Right,legacy_bisindo_Y_1428,0.000000,0.000000,0.320755,0.283019,0.547170,0.509434,0.641509,0.792453,0.679245,1.000000,0.207547,0.754717,0.132075,0.943396,0.132075,0.735849,0.150943,0.566038,-0.018868,0.735849,-0.075472,0.924528,-0.037736,0.660377,0.037736,0.509434,-0.188679,0.660377,-0.264151,0.830189,-0.188679,0.622642,-0.113208,0.471698,-0.358491,0.547170,-0.471698,0.754717,-0.566038,0.867925,-0.641509,1.000000
Y,Right,legacy_bisindo_Y_1429,0.000000,0.000000,0.259259,-0.296296,0.500000,-0.481481,0.611111,-0.740741,0.629630,-0.944444,0.166667,-0.722222,0.074074,-0.907407,0.092593,-0.703704,0.148148,-0.555556,-0.037037,-0.685185,-0.111111,-0.888889,-0.037037,-0.629630,0.018519,-0.537037,-0.203704,-0.611111,-0.277778,-0.814815,-0.203704,-0.592593,-0.148148,-0.444444,-0.333333,-0.500000,-0.500000,-0.722222,-0.574074,-0.833333,-0.648148,-1.000000
Y,Right,legacy_bisindo_Y_1430,0.000000,0.000000,0.320755,0.264151,0.528302,0.490566,0.622642,0.773585,0.660377,0.962264,0.188679,0.754717,0.113208,0.924528,0.113208,0.735849,0.132075,0.566038,-0.037736,0.716981,-0.094340,0.905660,-0.056604,0.660377,0.000000,0.509434,-0.207547,0.641509,-0.283019,0.811321,-0.207547,0.603774,-0.132075,0.452830,-0.377358,0.528302,-0.509434,0.735849,-0.584906,0.849057,-0.660377,1.000000
Y,Right,legacy_bisindo_Y_1431,0.000000,0.000000,0.254545,-0.272727,0.509091,-0.472727,0.618182,-0.727273,0.654545,-0.927273,0.200000,-0.727273,0.109091,-0.909091,0.127273,-0.709091,0.145455,-0.563636,0.000000,-0.690909,-0.072727,-0.909091,-0.018182,-0.636364,0.018182,-0.527273,-0.181818,-0.618182,-0.236364,-0.818182,-0.200000,-0.600000,-0.127273,-0.454545,-0.327273,-0.527273,-0.454545,-0.745455,-0.527273,-0.854545,-0.618182,-1.000000
Y,Right,legacy_bisindo_Y_1432,0.000000,0.000000,0.326923,0.269231,0.538462,0.500000,0.634615,0.788462,0.692308,0.980769,0.192308,0.750000,0.134615,0.942308,0.115385,0.750000,0.134615,0.576923,-0.038462,0.711538,-0.096154,0.923077,-0.038462,0.673077,0.019231,0.519231,-0.211538,0.653846,-0.269231,0.826923,-0.192308,0.615385,-0.134615,0.461538,-0.365385,0.538462,-0.519231,0.750000,-0.596154,0.865385,-0.673077,1.000000
Y,Right,legacy_bisindo_Y_1433,0.000000,0.000000,0.259259,-0.259259,0.518519,-0.481481,0.629630,-0.759259,0.666667,-0.944444,0.203704,-0.740741,0.129630,-0.925926,0.111111,-0.722222,0.148148,-0.574074,0.000000,-0.703704,-0.074074,-0.925926,-0.018519,-0.648148,0.037037,-0.537037,-0.185185,-0.648148,-0.240741,-0.833333,-0.203704,-0.629630,-0.129630,-0.481481,-0.314815,-0.537037,-0.462963,-0.740741,-0.537037,-0.851852,-0.629630,-1.000000
Y,Right,legacy_bisindo_Y_1434,0.000000,0.000000,0.307692,0.250000,0.519231,0.500000,0.615385,0.769231,0.673077,0.961538,0.173077,0.730769,0.115385,0.923077,0.096154,0.730769,0.115385,0.557692,-0.057692,0.692308,-0.115385,0.903846,-0.057692,0.673077,-0.019231,0.519231,-0.230769,0.634615,-0.288462,0.826923,-0.211538,0.615385,-0.153846,0.461538,-0.384615,0.519231,-0.538462,0.730769,-0.615385,0.865385,-0.692308,1.000000
Y,Right,legacy_bisindo_Y_1435,0.000000,0.000000,0.254545,-0.272727,0.490909,-0.472727,0.600000,-0.745455,0.636364,-0.927273,0.181818,-0.727273,0.090909,-0.909091,0.109091,-0.709091,0.145455,-0.581818,-0.018182,-0.690909,-0.090909,-0.890909,-0.036364,-0.636364,0.018182,-0.545455,-0.181818,-0.618182,-0.254545,-0.818182,-0.200000,-0.600000,-0.127273,-0.472727,-0.327273,-0.527273,-0.472727,-0.727273,-0.545455,-0.854545,-0.618182,-1.000000
Y,Right,legacy_bisindo_Y_1436,0.000000,0.000000,0.326923,0.269231,0.557692,0.480769,0.634615,0.769231,0.692308,0.961538,0.192308,0.750000,0.134615,0.923077,0.115385,0.730769,0.134615,0.557692,-0.038462,0.711538,-0.096154,0.903846,-0.038462,0.653846,0.019231,0.500000,-0.211538,0.634615,-0.288462,0.807692,-0.192308,0.615385,-0.134615,0.461538,-0.365385,0.519231,-0.519231,0.730769,-0.596154,0.846154,-0.673077,1.000000
Y,Right,legacy_bisindo_Y_1437,0.000000,0.000000,0.272727,-0.290909,0.509091,-0.472727,0.600000,-0.745455,0.636364,-0.927273,0.181818,-0.709091,0.090909,-0.890909,0.109091,-0.690909,0.145455,-0.545455,-0.018182,-0.672727,-0.090909,-0.890909,-0.036364,-0.618182,0.018182,-0.527273,-0.200000,-0.618182,-0.254545,-0.818182,-0.200000,-0.581818,-0.127273,-0.454545,-0.327273,-0.509091,-0.472727,-0.727273,-0.545455,-0.836364,-0.618182,-1.000000
Y,Right,legacy_bisindo_Y_1438,0.000000,0.000000,0.326923,0.269231,0.538462,0.500000,0.653846,0.769231,0.692308,0.980769,0.192308,0.750000,0.115385,0.942308,0.134615,0.730769,0.153846,0.557692,-0.038462,0.711538,-0.096154,0.923077,-0.038462,0.653846,0.019231,0.500000,-0.192308,0.634615,-0.288462,0.826923,-0.192308,0.615385,-0.115385,0.461538,-0.365385,0.519231,-0.500000,0.750000,-0.596154,0.865385,-0.673077,1.000000
Y,Right,legacy_bisindo_Y_1439,0.000000,0.000000,0.259259,-0.277778,0.518519,-0.481481,0.629630,-0.759259,0.666667,-0.944444,0.185185,-0.740741,0.111111,-0.925926,0.129630,-0.722222,0.166667,-0.574074,-0.018519,-0.703704,-0.074074,-0.907407,-0.018519,-0.648148,0.018519,-0.537037,-0.185185,-0.629630,-0.259259,-0.833333,-0.203704,-0.611111,-0.129630,-0.481481,-0.333333,-0.537037,-0.481481,-0.740741,-0.555556,-0.851852,-0.629630,-1.000000
Y,Right,legacy_bisindo_Y_1440,0.000000,0.000000,0.326923,0.269231,0.538462,0.500000,0.634615,0.788462,0.692308,1.000000,0.173077,0.750000,0.115385,0.942308,0.115385,0.730769,0.134615,0.557692,-0.057692,0.711538,-0.115385,0.923077,-0.057692,0.653846,0.000000,0.500000,-0.230769,0.634615,-0.288462,0.826923,-0.211538,0.615385,-0.153846,0.461538,-0.384615,0.519231,-0.519231,0.750000,-0.596154,0.846154,-0.673077,1.000000
Y,Right,legacy_bisindo_Y_1441,0.000000,0.000000,0.283019,-0.283019,0.509434,-0.490566,0.641509,-0.773585,0.660377,-0.962264,0.188679,-0.735849,0.094340,-0.924528,0.113208,-0.716981,0.169811,-0.566038,-0.018868,-0.698113,-0.094340,-0.905660,-0.037736,-0.641509,0.018868,-0.566038,-0.207547,-0.622642,-0.264151,-0.830189,-0.207547,-0.603774,-0.132075,-0.471698,-0.339623,-0.509434,-0.490566,-0.735849,-0.566038,-0.849057,-0.641509,-1.000000
Y,Right,legacy_bisindo_Y_1442,0.000000,0.000000,0.307692,0.250000,0.519231,0.500000,0.615385,0.769231,0.673077,0.980769,0.173077,0.750000,0.096154,0.942308,0.096154,0.730769,0.115385,0.557692,-0.038462,0.711538,-0.115385,0.923077,-0.057692,0.673077,-0.019231,0.500000,-0.211538,0.634615,-0.288462,0.807692,-0.211538,0.596154,-0.153846,0.442308,-0.365385,0.519231,-0.500000,0.730769,-0.596154,0.865385,-0.673077,1.000000
Y,Right,legacy_bisindo_Y_1443,0.000000,0.000000,0.283019,-0.283019,0.528302,-0.490566,0.622642,-0.754717,0.641509,-0.962264,0.188679,-0.735849,0.094340,-0.943396,0.113208,-0.735849,0.150943,-0.584906,-0.018868,-0.698113,-0.094340,-0.905660,-0.037736,-0.641509,0.018868,-0.528302,-0.207547,-0.622642,-0.264151,-0.811321,-0.207547,-0.584906,-0.132075,-0.452830,-0.339623,-0.509434,-0.471698,-0.735849,-0.566038,-0.849057,-0.641509,-1.000000
Y,Right,legacy_bisindo_Y_1444,0.000000,0.000000,0.307692,0.250000,0.519231,0.500000,0.596154,0.769231,0.653846,0.980769,0.173077,0.750000,0.076923,0.942308,0.076923,0.711538,0.115385,0.538462,-0.057692,0.711538,-0.134615,0.923077,-0.076923,0.653846,-0.019231,0.519231,-0.230769,0.634615,-0.326923,0.807692,-0.230769,0.596154,-0.153846,0.442308,-0.384615,0.500000,-0.519231,0.730769,-0.615385,0.846154,-0.673077,1.000000
Y,Right,legacy_bisindo_Y_1445,0.000000,0.000000,0.245283,-0.301887,0.471698,-0.509434,0.584906,-0.792453,0.622642,-0.981132,0.150943,-0.754717,0.056604,-0.943396,0.075472,-0.735849,0.132075,-0.584906,-0.056604,-0.716981,-0.132075,-0.924528,-0.075472,-0.660377,-0.018868,-0.547170,-0.226415,-0.641509,-0.301887,-0.830189,-0.245283,-0.622642,-0.169811,-0.471698,-0.358491,-0.509434,-0.509434,-0.735849,-0.603774,-0.849057,-0.679245,-1.000000
Y,Right,legacy_bisindo_Y_1446,0.000000,0.000000,0.313725,0.235294,0.509804,0.490196,0.607843,0.784314,0.666667,0.980392,0.176471,0.764706,0.098039,0.941176,0.098039,0.725490,0.117647,0.549020,-0.039216,0.725490,-0.117647,0.921569,-0.058824,0.666667,-0.019608,0.509804,-0.235294,0.647059,-0.313725,0.823529,-0.235294,0.607843,-0.156863,0.450980,-0.392157,0.509804,-0.529412,0.745098,-0.627451,0.862745,-0.705882,1.000000
Y,Right,legacy_bisindo_Y_1447,0.000000,0.000000,0.274510,-0.294118,0.529412,-0.490196,0.627451,-0.784314,0.666667,-0.980392,0.196078,-0.745098,0.078431,-0.960784,0.098039,-0.745098,0.137255,-0.588235,-0.039216,-0.705882,-0.117647,-0.921569,-0.058824,-0.647059,0.000000,-0.529412,-0.215686,-0.627451,-0.294118,-0.823529,-0.235294,-0.607843,-0.156863,-0.470588,-0.372549,-0.509804,-0.509804,-0.745098,-0.607843,-0.843137,-0.666667,-1.000000
Y,Right,legacy_bisindo_Y_1448,0.000000,0.000000,0.307692,0.269231,0.519231,0.519231,0.615385,0.807692,0.673077,1.000000,0.192308,0.788462,0.096154,0.961538,0.096154,0.750000,0.115385,0.576923,-0.038462,0.750000,-0.096154,0.942308,-0.057692,0.673077,0.000000,0.519231,-0.211538,0.673077,-0.288462,0.826923,-0.211538,0.615385,-0.134615,0.461538,-0.365385,0.538462,-0.500000,0.750000,-0.596154,0.865385,-0.673077,1.000000
Y,Right,legacy_bisindo_Y_1449,0.000000,0.000000,0.175439,-0.210526,0.315789,-0.526316,0.438596,-0.736842,0.561404,-0.842105,0.000000,-0.824561,-0.140351,-1.000000,-0.052632,-0.771930,0.070175,-0.596491,-0.210526,-0.719298,-0.333333,-0.912281,-0.192982,-0.631579,-0.087719,-0.491228,-0.403509,-0.561404,-0.508772,-0.719298,-0.368421,-0.491228,-0.245614,-0.368421,-0.543860,-0.385965,-0.736842,-0.561404,-0.859649,-0.649123,-0.964912,-0.771930
Y,Right,legacy_bisindo_Y_1450,0.000000,0.000000,0.217391,0.231884,0.376812,0.550725,0.478261,0.811594,0.536232,1.000000,0.043478,0.724638,-0.086957,0.869565,-0.014493,0.652174,0.072464,0.507246,-0.144928,0.637681,-0.275362,0.811594,-0.159420,0.550725,-0.057971,0.434783,-0.304348,0.507246,-0.420290,0.652174,-0.289855,0.463768,-0.188406,0.362319,-0.420290,0.347826,-0.565217,0.507246,-0.666667,0.579710,-0.739130,0.666667
Y,Right,legacy_bisindo_Y_1451,0.000000,0.000000,0.245283,-0.283019,0.471698,-0.490566,0.584906,-0.773585,0.622642,-0.962264,0.169811,-0.754717,0.056604,-0.924528,0.094340,-0.735849,0.150943,-0.603774,-0.037736,-0.716981,-0.132075,-0.905660,-0.056604,-0.641509,0.000000,-0.584906,-0.207547,-0.641509,-0.301887,-0.811321,-0.226415,-0.622642,-0.150943,-0.509434,-0.339623,-0.528302,-0.509434,-0.735849,-0.584906,-0.849057,-0.660377,-1.000000
Y,Right,legacy_bisindo_Y_1452,0.000000,0.000000,0.300000,0.240000,0.520000,0.500000,0.620000,0.800000,0.680000,1.000000,0.180000,0.780000,0.080000,0.980000,0.080000,0.740000,0.120000,0.580000,-0.040000,0.740000,-0.120000,0.940000,-0.080000,0.680000,-0.020000,0.540000,-0.220000,0.660000,-0.320000,0.820000,-0.240000,0.600000,-0.140000,0.480000,-0.380000,0.520000,-0.520000,0.740000,-0.620000,0.860000,-0.700000,1.000000
Y,Right,legacy_bisindo_Y_1453,0.000000,0.000000,0.254902,-0.294118,0.470588,-0.509804,0.588235,-0.803922,0.627451,-1.000000,0.137255,-0.764706,0.019608,-0.941176,0.078431,-0.745098,0.137255,-0.607843,-0.078431,-0.725490,-0.156863,-0.921569,-0.078431,-0.647059,-0.019608,-0.568627,-0.254902,-0.647059,-0.333333,-0.843137,-0.274510,-0.627451,-0.196078,-0.490196,-0.392157,-0.529412,-0.549020,-0.745098,-0.627451,-0.862745,-0.725490,-1.000000
Y,Right,legacy_bisindo_Y_1454,0.000000,0.000000,0.313725,0.235294,0.529412,0.490196,0.647059,0.784314,0.705882,1.000000,0.196078,0.784314,0.117647,0.960784,0.137255,0.725490,0.176471,0.568627,-0.019608,0.745098,-0.078431,0.901961,-0.019608,0.647059,0.019608,0.549020,-0.176471,0.647059,-0.274510,0.784314,-0.176471,0.588235,-0.098039,0.470588,-0.333333,0.529412,-0.470588,0.725490,-0.568627,0.843137,-0.647059,0.960784
Y,Right,legacy_bisindo_Y_1455,0.000000,0.000000,0.235294,-0.254902,0.450980,-0.490196,0.549020,-0.764706,0.588235,-0.960784,0.117647,-0.745098,0.019608,-0.941176,0.058824,-0.725490,0.098039,-0.588235,-0.078431,-0.705882,-0.156863,-0.901961,-0.098039,-0.647059,-0.039216,-0.549020,-0.254902,-0.627451,-0.333333,-0.823529,-0.274510,-0.627451,-0.196078,-0.490196,-0.392157,-0.529412,-0.549020,-0.745098,-0.647059,-0.843137,-0.745098,-1.000000
Y,Right,legacy_bisindo_Y_1456,0.000000,0.000000,0.294118,0.235294,0.509804,0.509804,0.588235,0.784314,0.647059,1.000000,0.176471,0.784314,0.078431,0.941176,0.078431,0.725490,0.117647,0.568627,-0.039216,0.745098,-0.137255,0.921569,-0.078431,0.666667,-0.019608,0.509804,-0.215686,0.647059,-0.313725,0.803922,-0.215686,0.588235,-0.137255,0.470588,-0.372549,0.509804,-0.509804,0.725490,-0.607843,0.843137,-0.686275,0.980392
Y,Right,legacy_bisindo_Y_1457,0.000000,0.000000,0.260000,-0.240000,0.480000,-0.500000,0.580000,-0.780000,0.640000,-0.980000,0.160000,-0.780000,0.040000,-0.960000,0.080000,-0.740000,0.140000,-0.600000,-0.060000,-0.740000,-0.140000,-0.920000,-0.080000,-0.680000,-0.020000,-0.560000,-0.240000,-0.660000,-0.320000,-0.840000,-0.260000,-0.620000,-0.180000,-0.500000,-0.380000,-0.540000,-0.520000,-0.760000,-0.640000,-0.880000,-0.720000,-1.000000
Y,Right,legacy_bisindo_Y_1458,0.000000,0.000000,0.274510,0.254902,0.509804,0.509804,0.588235,0.784314,0.647059,1.000000,0.156863,0.784314,0.058824,0.941176,0.078431,0.725490,0.117647,0.568627,-0.058824,0.725490,-0.137255,0.882353,-0.078431,0.647059,-0.019608,0.529412,-0.235294,0.627451,-0.313725,0.784314,-0.235294,0.607843,-0.156863,0.470588,-0.392157,0.529412,-0.529412,0.745098,-0.627451,0.862745,-0.705882,1.000000
Y,Right,legacy_bisindo_Y_1459,0.000000,0.000000,0.254902,-0.254902,0.470588,-0.490196,0.549020,-0.764706,0.607843,-0.960784,0.137255,-0.764706,0.039216,-0.941176,0.098039,-0.745098,0.156863,-0.607843,-0.058824,-0.725490,-0.137255,-0.901961,-0.058824,-0.647059,-0.019608,-0.588235,-0.235294,-0.647059,-0.313725,-0.823529,-0.235294,-0.627451,-0.176471,-0.509804,-0.372549,-0.549020,-0.529412,-0.764706,-0.627451,-0.862745,-0.705882,-1.000000
Y,Right,legacy_bisindo_Y_1460,0.000000,0.000000,0.300000,0.240000,0.520000,0.500000,0.600000,0.780000,0.660000,1.000000,0.180000,0.780000,0.080000,0.940000,0.100000,0.700000,0.140000,0.560000,-0.060000,0.740000,-0.120000,0.900000,-0.060000,0.640000,0.000000,0.500000,-0.220000,0.640000,-0.320000,0.780000,-0.220000,0.580000,-0.140000,0.460000,-0.380000,0.520000,-0.520000,0.740000,-0.620000,0.860000,-0.720000,1.000000
Y,Right,legacy_bisindo_Y_1461,0.000000,0.000000,0.254902,-0.254902,0.490196,-0.490196,0.588235,-0.784314,0.647059,-0.980392,0.156863,-0.764706,0.058824,-0.941176,0.117647,-0.745098,0.176471,-0.607843,-0.039216,-0.725490,-0.117647,-0.901961,-0.039216,-0.647059,0.000000,-0.568627,-0.215686,-0.647059,-0.294118,-0.823529,-0.215686,-0.607843,-0.156863,-0.490196,-0.352941,-0.529412,-0.509804,-0.745098,-0.588235,-0.862745,-0.666667,-1.000000
Y,Right,legacy_bisindo_Y_1462,0.000000,0.000000,0.294118,0.235294,0.509804,0.490196,0.607843,0.784314,0.666667,0.980392,0.176471,0.784314,0.078431,0.921569,0.098039,0.686275,0.117647,0.549020,-0.039216,0.745098,-0.098039,0.882353,-0.058824,0.627451,0.000000,0.509804,-0.196078,0.647059,-0.294118,0.784314,-0.196078,0.588235,-0.117647,0.450980,-0.372549,0.529412,-0.490196,0.745098,-0.588235,0.862745,-0.686275,1.000000
Y,Right,legacy_bisindo_Y_1463,0.000000,0.000000,0.274510,-0.254902,0.509804,-0.470588,0.607843,-0.745098,0.647059,-0.941176,0.196078,-0.745098,0.078431,-0.921569,0.137255,-0.725490,0.196078,-0.588235,-0.019608,-0.705882,-0.098039,-0.901961,-0.019608,-0.647059,0.039216,-0.549020,-0.215686,-0.627451,-0.274510,-0.803922,-0.215686,-0.607843,-0.137255,-0.490196,-0.352941,-0.529412,-0.490196,-0.745098,-0.568627,-0.843137,-0.647059,-1.000000
Y,Right,legacy_bisindo_Y_1464,0.000000,0.000000,0.280000,0.220000,0.520000,0.480000,0.620000,0.760000,0.700000,0.980000,0.200000,0.780000,0.080000,0.920000,0.100000,0.700000,0.160000,0.540000,-0.020000,0.740000,-0.100000,0.880000,-0.040000,0.640000,0.020000,0.520000,-0.200000,0.640000,-0.280000,0.780000,-0.200000,0.580000,-0.100000,0.440000,-0.360000,0.520000,-0.480000,0.740000,-0.580000,0.860000,-0.680000,1.000000
Y,Right,legacy_bisindo_Y_1465,0.000000,0.000000,0.285714,-0.224490,0.530612,-0.469388,0.632653,-0.755102,0.673469,-0.938776,0.183673,-0.734694,0.081633,-0.938776,0.122449,-0.734694,0.183673,-0.571429,-0.040816,-0.714286,-0.102041,-0.897959,-0.040816,-0.653061,0.020408,-0.551020,-0.224490,-0.632653,-0.285714,-0.795918,-0.204082,-0.591837,-0.163265,-0.469388,-0.367347,-0.510204,-0.510204,-0.734694,-0.591837,-0.857143,-0.673469,-1.000000
Y,Right,legacy_bisindo_Y_1466,0.000000,0.000000,0.312500,0.229167,0.562500,0.479167,0.687500,0.770833,0.770833,1.000000,0.250000,0.791667,0.145833,0.937500,0.166667,0.708333,0.208333,0.562500,0.020833,0.750000,-0.062500,0.916667,0.000000,0.645833,0.062500,0.562500,-0.145833,0.666667,-0.250000,0.791667,-0.166667,0.583333,-0.062500,0.479167,-0.312500,0.541667,-0.458333,0.729167,-0.541667,0.854167,-0.604167,0.958333
Y,Right,legacy_bisindo_Y_1467,0.000000,0.000000,0.269231,-0.269231,0.480769,-0.480769,0.576923,-0.750000,0.653846,-0.923077,0.153846,-0.730769,0.057692,-0.903846,0.115385,-0.711538,0.153846,-0.576923,-0.057692,-0.692308,-0.115385,-0.884615,-0.038462,-0.634615,0.000000,-0.538462,-0.211538,-0.634615,-0.269231,-0.807692,-0.211538,-0.596154,-0.153846,-0.461538,-0.346154,-0.500000,-0.500000,-0.730769,-0.557692,-0.846154,-0.634615,-1.000000
Y,Right,legacy_bisindo_Y_1468,0.000000,0.000000,0.294118,0.215686,0.529412,0.470588,0.627451,0.745098,0.686275,0.941176,0.215686,0.745098,0.117647,0.901961,0.117647,0.686275,0.156863,0.529412,0.000000,0.725490,-0.078431,0.882353,-0.019608,0.627451,0.019608,0.509804,-0.176471,0.647059,-0.254902,0.784314,-0.176471,0.588235,-0.078431,0.450980,-0.352941,0.509804,-0.470588,0.745098,-0.568627,0.862745,-0.627451,1.000000
Y,Right,legacy_bisindo_Y_1469,0.000000,0.000000,0.254902,-0.254902,0.490196,-0.470588,0.588235,-0.745098,0.666667,-0.921569,0.156863,-0.745098,0.058824,-0.901961,0.098039,-0.725490,0.156863,-0.588235,-0.058824,-0.705882,-0.117647,-0.901961,-0.039216,-0.647059,0.000000,-0.529412,-0.215686,-0.627451,-0.274510,-0.803922,-0.215686,-0.607843,-0.156863,-0.470588,-0.352941,-0.509804,-0.490196,-0.745098,-0.568627,-0.843137,-0.647059,-1.000000
Y,Right,legacy_bisindo_Y_1470,0.000000,0.000000,0.355556,0.244444,0.644444,0.511111,0.800000,0.777778,0.866667,1.000000,0.311111,0.800000,0.200000,1.000000,0.222222,0.733333,0.266667,0.577778,0.066667,0.777778,-0.044444,0.977778,0.022222,0.666667,0.111111,0.577778,-0.111111,0.688889,-0.222222,0.844444,-0.133333,0.622222,-0.066667,0.533333,-0.288889,0.555556,-0.400000,0.755556,-0.422222,0.733333,-0.444444,0.777778
Y,Right,legacy_bisindo_Y_1471,0.000000,0.000000,0.254902,-0.235294,0.490196,-0.450980,0.607843,-0.725490,0.666667,-0.901961,0.176471,-0.725490,0.078431,-0.901961,0.117647,-0.705882,0.156863,-0.568627,-0.039216,-0.705882,-0.098039,-0.882353,-0.039216,-0.627451,0.000000,-0.529412,-0.215686,-0.627451,-0.254902,-0.784314,-0.196078,-0.588235,-0.156863,-0.450980,-0.352941,-0.509804,-0.490196,-0.745098,-0.549020,-0.843137,-0.607843,-1.000000
Y,Right,legacy_bisindo_Y_1472,0.000000,0.000000,0.313725,0.215686,0.549020,0.470588,0.647059,0.725490,0.705882,0.941176,0.215686,0.745098,0.137255,0.901961,0.137255,0.686275,0.156863,0.529412,0.000000,0.725490,-0.058824,0.882353,-0.019608,0.627451,0.019608,0.490196,-0.176471,0.647059,-0.235294,0.784314,-0.156863,0.588235,-0.098039,0.450980,-0.333333,0.529412,-0.450980,0.745098,-0.529412,0.862745,-0.607843,1.000000
Y,Right,legacy_bisindo_Y_1473,0.000000,0.000000,0.269231,-0.250000,0.519231,-0.461538,0.615385,-0.711538,0.673077,-0.903846,0.192308,-0.711538,0.115385,-0.903846,0.153846,-0.711538,0.173077,-0.557692,0.000000,-0.692308,-0.057692,-0.884615,0.000000,-0.634615,0.038462,-0.500000,-0.173077,-0.615385,-0.211538,-0.788462,-0.173077,-0.576923,-0.115385,-0.442308,-0.326923,-0.500000,-0.442308,-0.730769,-0.519231,-0.846154,-0.576923,-1.000000
Y,Right,legacy_bisindo_Y_1474,0.000000,0.000000,0.306122,0.224490,0.551020,0.489796,0.673469,0.755102,0.734694,0.959184,0.244898,0.755102,0.163265,0.938776,0.163265,0.693878,0.183673,0.551020,0.020408,0.734694,-0.040816,0.918367,0.000000,0.632653,0.040816,0.530612,-0.163265,0.653061,-0.224490,0.795918,-0.163265,0.571429,-0.081633,0.428571,-0.326531,0.530612,-0.448980,0.734694,-0.530612,0.857143,-0.591837,1.000000
Y,Right,legacy_bisindo_Y_1475,0.000000,0.000000,0.274510,-0.254902,0.509804,-0.470588,0.627451,-0.725490,0.666667,-0.901961,0.176471,-0.725490,0.117647,-0.901961,0.117647,-0.705882,0.156863,-0.549020,-0.019608,-0.705882,-0.078431,-0.901961,-0.019608,-0.627451,0.019608,-0.509804,-0.215686,-0.627451,-0.235294,-0.803922,-0.176471,-0.588235,-0.137255,-0.431373,-0.352941,-0.509804,-0.490196,-0.745098,-0.549020,-0.862745,-0.607843,-1.000000
Y,Right,legacy_bisindo_Y_1476,0.000000,0.000000,0.320000,0.200000,0.540000,0.460000,0.640000,0.720000,0.700000,0.940000,0.240000,0.720000,0.140000,0.900000,0.120000,0.680000,0.140000,0.520000,0.000000,0.700000,-0.040000,0.880000,-0.020000,0.620000,0.020000,0.460000,-0.180000,0.620000,-0.240000,0.780000,-0.180000,0.560000,-0.100000,0.420000,-0.340000,0.520000,-0.460000,0.740000,-0.560000,0.860000,-0.620000,1.000000
Y,Right,legacy_bisindo_Y_1477,0.000000,0.000000,0.274510,-0.254902,0.509804,-0.470588,0.607843,-0.725490,0.666667,-0.921569,0.176471,-0.725490,0.098039,-0.921569,0.137255,-0.725490,0.176471,-0.568627,-0.039216,-0.705882,-0.078431,-0.901961,-0.019608,-0.647059,0.019608,-0.529412,-0.215686,-0.627451,-0.235294,-0.803922,-0.196078,-0.607843,-0.137255,-0.470588,-0.333333,-0.509804,-0.470588,-0.745098,-0.549020,-0.843137,-0.607843,-1.000000
Y,Right,legacy_bisindo_Y_1478,0.000000,0.000000,0.313725,0.235294,0.529412,0.470588,0.627451,0.745098,0.686275,0.960784,0.215686,0.745098,0.156863,0.901961,0.137255,0.705882,0.156863,0.549020,0.000000,0.725490,-0.058824,0.901961,-0.019608,0.627451,0.019608,0.509804,-0.176471,0.647059,-0.254902,0.784314,-0.156863,0.568627,-0.098039,0.450980,-0.352941,0.509804,-0.450980,0.725490,-0.529412,0.862745,-0.607843,1.000000
Y,Right,legacy_bisindo_Y_1479,0.000000,0.000000,0.274510,-0.254902,0.509804,-0.470588,0.607843,-0.725490,0.666667,-0.901961,0.176471,-0.725490,0.098039,-0.901961,0.117647,-0.705882,0.156863,-0.549020,-0.039216,-0.705882,-0.078431,-0.901961,-0.019608,-0.647059,0.019608,-0.509804,-0.215686,-0.627451,-0.254902,-0.803922,-0.196078,-0.588235,-0.137255,-0.450980,-0.352941,-0.509804,-0.490196,-0.725490,-0.549020,-0.843137,-0.607843,-1.000000
Y,Right,legacy_bisindo_Y_1480,0.000000,0.000000,0.320000,0.200000,0.540000,0.460000,0.640000,0.720000,0.700000,0.920000,0.220000,0.740000,0.140000,0.900000,0.140000,0.680000,0.160000,0.520000,-0.020000,0.700000,-0.060000,0.880000,-0.020000,0.620000,0.020000,0.480000,-0.180000,0.620000,-0.240000,0.780000,-0.160000,0.580000,-0.100000,0.420000,-0.360000,0.520000,-0.480000,0.720000,-0.560000,0.860000,-0.620000,1.000000
Y,Right,legacy_bisindo_Y_1481,0.000000,0.000000,0.274510,-0.254902,0.509804,-0.450980,0.607843,-0.705882,0.666667,-0.901961,0.176471,-0.705882,0.098039,-0.901961,0.137255,-0.705882,0.176471,-0.549020,-0.039216,-0.686275,-0.078431,-0.882353,-0.019608,-0.627451,0.019608,-0.509804,-0.196078,-0.607843,-0.235294,-0.784314,-0.176471,-0.568627,-0.137255,-0.431373,-0.333333,-0.490196,-0.470588,-0.725490,-0.549020,-0.843137,-0.607843,-1.000000
Y,Right,legacy_bisindo_Y_1482,0.000000,0.000000,0.320000,0.200000,0.540000,0.460000,0.620000,0.720000,0.680000,0.920000,0.220000,0.720000,0.140000,0.900000,0.120000,0.680000,0.140000,0.520000,0.000000,0.680000,-0.060000,0.880000,-0.020000,0.620000,0.020000,0.460000,-0.180000,0.600000,-0.240000,0.780000,-0.180000,0.580000,-0.120000,0.420000,-0.340000,0.500000,-0.460000,0.720000,-0.540000,0.860000,-0.620000,1.000000
Y,Right,legacy_bisindo_Y_1483,0.000000,0.000000,0.254902,-0.254902,0.490196,-0.450980,0.607843,-0.705882,0.647059,-0.901961,0.176471,-0.705882,0.098039,-0.901961,0.117647,-0.705882,0.156863,-0.568627,-0.039216,-0.686275,-0.078431,-0.882353,-0.019608,-0.627451,0.039216,-0.549020,-0.196078,-0.627451,-0.235294,-0.803922,-0.176471,-0.588235,-0.117647,-0.470588,-0.333333,-0.529412,-0.470588,-0.745098,-0.529412,-0.862745,-0.588235,-1.000000
Y,Right,legacy_bisindo_Y_1484,0.000000,0.000000,0.320000,0.240000,0.560000,0.480000,0.660000,0.740000,0.720000,0.940000,0.220000,0.760000,0.160000,0.920000,0.160000,0.720000,0.180000,0.560000,0.000000,0.720000,-0.040000,0.900000,0.000000,0.640000,0.060000,0.520000,-0.180000,0.640000,-0.240000,0.800000,-0.160000,0.600000,-0.080000,0.460000,-0.340000,0.520000,-0.460000,0.740000,-0.520000,0.860000,-0.600000,1.000000
Y,Right,legacy_bisindo_Y_1485,0.000000,0.000000,0.260000,-0.280000,0.500000,-0.480000,0.620000,-0.740000,0.660000,-0.920000,0.160000,-0.740000,0.100000,-0.900000,0.120000,-0.720000,0.160000,-0.560000,-0.040000,-0.700000,-0.080000,-0.900000,-0.040000,-0.640000,0.000000,-0.500000,-0.220000,-0.640000,-0.260000,-0.820000,-0.200000,-0.600000,-0.140000,-0.460000,-0.360000,-0.520000,-0.480000,-0.740000,-0.560000,-0.860000,-0.620000,-1.000000
Y,Right,legacy_bisindo_Y_1486,0.000000,0.000000,0.320000,0.240000,0.540000,0.460000,0.660000,0.740000,0.700000,0.940000,0.220000,0.740000,0.160000,0.920000,0.160000,0.700000,0.180000,0.560000,0.000000,0.720000,-0.060000,0.900000,0.000000,0.640000,0.060000,0.520000,-0.180000,0.640000,-0.240000,0.800000,-0.160000,0.580000,-0.080000,0.460000,-0.340000,0.520000,-0.460000,0.740000,-0.540000,0.860000,-0.600000,1.000000
Y,Right,legacy_bisindo_Y_1487,0.000000,0.000000,0.260000,-0.260000,0.520000,-0.460000,0.620000,-0.720000,0.680000,-0.900000,0.200000,-0.720000,0.120000,-0.900000,0.140000,-0.700000,0.180000,-0.560000,-0.020000,-0.700000,-0.060000,-0.900000,-0.020000,-0.640000,0.040000,-0.520000,-0.200000,-0.640000,-0.240000,-0.820000,-0.180000,-0.600000,-0.120000,-0.480000,-0.340000,-0.520000,-0.460000,-0.760000,-0.540000,-0.860000,-0.580000,-1.000000
Y,Right,legacy_bisindo_Y_1488,0.000000,0.000000,0.306122,0.244898,0.530612,0.469388,0.632653,0.734694,0.693878,0.918367,0.204082,0.714286,0.122449,0.897959,0.122449,0.714286,0.142857,0.551020,-0.020408,0.673469,-0.081633,0.877551,-0.040816,0.653061,0.000000,0.489796,-0.204082,0.612245,-0.265306,0.795918,-0.204082,0.612245,-0.142857,0.448980,-0.367347,0.510204,-0.510204,0.734694,-0.571429,0.857143,-0.632653,1.000000
Y,Right,legacy_bisindo_Y_1489,0.000000,0.000000,0.280000,-0.260000,0.520000,-0.440000,0.640000,-0.700000,0.680000,-0.900000,0.200000,-0.720000,0.140000,-0.900000,0.140000,-0.680000,0.180000,-0.560000,-0.020000,-0.700000,-0.060000,-0.900000,0.000000,-0.620000,0.040000,-0.520000,-0.200000,-0.620000,-0.240000,-0.820000,-0.180000,-0.600000,-0.120000,-0.460000,-0.340000,-0.520000,-0.460000,-0.760000,-0.520000,-0.860000,-0.580000,-1.000000
Y,Right,legacy_bisindo_Y_1490,0.000000,0.000000,0.346939,0.244898,0.571429,0.469388,0.653061,0.734694,0.714286,0.938776,0.224490,0.734694,0.163265,0.918367,0.142857,0.714286,0.163265,0.551020,0.000000,0.693878,-0.061224,0.897959,-0.020408,0.653061,0.040816,0.489796,-0.183673,0.612245,-0.244898,0.795918,-0.163265,0.591837,-0.122449,0.448980,-0.346939,0.510204,-0.469388,0.734694,-0.530612,0.857143,-0.591837,1.000000
Y,Right,legacy_bisindo_Y_1491,0.000000,0.000000,0.274510,-0.274510,0.529412,-0.450980,0.627451,-0.705882,0.666667,-0.901961,0.196078,-0.725490,0.117647,-0.901961,0.137255,-0.705882,0.176471,-0.568627,-0.019608,-0.686275,-0.058824,-0.901961,0.000000,-0.627451,0.039216,-0.529412,-0.196078,-0.627451,-0.235294,-0.803922,-0.176471,-0.607843,-0.117647,-0.470588,-0.333333,-0.529412,-0.450980,-0.745098,-0.509804,-0.862745,-0.568627,-1.000000
Y,Right,legacy_bisindo_Y_1492,0.000000,0.000000,0.326531,0.244898,0.571429,0.469388,0.673469,0.734694,0.734694,0.938776,0.224490,0.734694,0.163265,0.897959,0.163265,0.714286,0.183673,0.530612,0.000000,0.693878,-0.061224,0.897959,0.000000,0.632653,0.061224,0.489796,-0.183673,0.632653,-0.244898,0.795918,-0.163265,0.591837,-0.102041,0.448980,-0.346939,0.510204,-0.469388,0.734694,-0.530612,0.857143,-0.591837,1.000000
Y,Right,legacy_bisindo_Y_1493,0.000000,0.000000,0.274510,-0.254902,0.529412,-0.450980,0.627451,-0.705882,0.666667,-0.882353,0.196078,-0.705882,0.117647,-0.882353,0.137255,-0.686275,0.176471,-0.549020,-0.019608,-0.686275,-0.058824,-0.901961,0.000000,-0.627451,0.039216,-0.529412,-0.196078,-0.627451,-0.235294,-0.803922,-0.176471,-0.588235,-0.117647,-0.470588,-0.333333,-0.529412,-0.450980,-0.745098,-0.509804,-0.862745,-0.568627,-1.000000
Y,Right,legacy_bisindo_Y_1494,0.000000,0.000000,0.333333,0.229167,0.562500,0.458333,0.687500,0.729167,0.729167,0.937500,0.229167,0.729167,0.145833,0.895833,0.145833,0.687500,0.187500,0.520833,0.000000,0.687500,-0.062500,0.895833,0.000000,0.625000,0.062500,0.500000,-0.187500,0.625000,-0.250000,0.791667,-0.166667,0.583333,-0.104167,0.437500,-0.354167,0.500000,-0.479167,0.729167,-0.562500,0.833333,-0.625000,1.000000
Y,Right,legacy_bisindo_Y_1495,0.000000,0.000000,0.280000,-0.260000,0.520000,-0.440000,0.640000,-0.700000,0.680000,-0.880000,0.180000,-0.720000,0.120000,-0.880000,0.140000,-0.680000,0.180000,-0.540000,-0.020000,-0.680000,-0.060000,-0.880000,0.000000,-0.620000,0.040000,-0.500000,-0.200000,-0.620000,-0.240000,-0.800000,-0.180000,-0.600000,-0.120000,-0.460000,-0.340000,-0.520000,-0.460000,-0.740000,-0.520000,-0.840000,-0.580000,-1.000000
Y,Right,legacy_bisindo_Y_1496,0.000000,0.000000,0.333333,0.229167,0.562500,0.458333,0.666667,0.729167,0.729167,0.916667,0.229167,0.729167,0.145833,0.895833,0.145833,0.687500,0.166667,0.520833,0.000000,0.687500,-0.062500,0.895833,-0.020833,0.625000,0.041667,0.479167,-0.187500,0.625000,-0.250000,0.791667,-0.166667,0.583333,-0.104167,0.416667,-0.354167,0.500000,-0.479167,0.729167,-0.541667,0.833333,-0.604167,1.000000
Y,Right,legacy_bisindo_Y_1497,0.000000,0.000000,0.274510,-0.254902,0.529412,-0.450980,0.647059,-0.705882,0.686275,-0.882353,0.196078,-0.705882,0.137255,-0.882353,0.137255,-0.686275,0.176471,-0.549020,0.000000,-0.686275,-0.039216,-0.882353,0.000000,-0.627451,0.039216,-0.529412,-0.176471,-0.607843,-0.215686,-0.803922,-0.176471,-0.588235,-0.117647,-0.450980,-0.313725,-0.509804,-0.431373,-0.745098,-0.490196,-0.843137,-0.549020,-1.000000
Y,Right,legacy_bisindo_Y_1498,0.000000,0.000000,0.333333,0.250000,0.562500,0.458333,0.687500,0.750000,0.729167,0.937500,0.229167,0.750000,0.145833,0.916667,0.166667,0.708333,0.187500,0.541667,0.000000,0.708333,-0.062500,0.916667,0.000000,0.645833,0.062500,0.520833,-0.187500,0.645833,-0.250000,0.812500,-0.166667,0.583333,-0.083333,0.458333,-0.354167,0.520833,-0.458333,0.729167,-0.541667,0.854167,-0.604167,1.000000
Y,Right,legacy_bisindo_Y_1499,0.000000,0.000000,0.274510,-0.254902,0.529412,-0.450980,0.647059,-0.705882,0.686275,-0.882353,0.196078,-0.725490,0.137255,-0.901961,0.156863,-0.686275,0.176471,-0.549020,0.000000,-0.705882,-0.039216,-0.882353,0.000000,-0.627451,0.039216,-0.509804,-0.176471,-0.627451,-0.215686,-0.823529,-0.176471,-0.607843,-0.117647,-0.470588,-0.333333,-0.529412,-0.450980,-0.745098,-0.509804,-0.843137,-0.549020,-1.000000
Y,Right,legacy_bisindo_2hand_Y_0,0.000000,0.000000,0.331731,-0.556702,0.209111,-1.357184,-0.022619,-1.959738,-0.238993,-2.366146,0.068117,-1.241727,-0.500666,-1.782113,-0.814085,-1.961222,-0.998447,-2.092814,-0.310156,-0.950686,-0.794011,-1.414815,-0.919515,-1.495760,-0.925742,-1.480421,-0.635677,-0.593598,-1.088040,-1.025270,-1.073134,-1.019851,-0.951043,-0.885688,-0.889158,-0.226303,-1.243816,-0.618258,-1.170721,-0.615353,-0.995244,-0.469835,0.000000,0.000000,0.000000,0.000000,0.000000,0.000000,0.000000,0.000000,0.000000,0.000000,0.000000,0.000000,0.000000,0.000000,0.000000,0.000000,0.000000,0.000000,0.000000,0.000000,0.000000,0.000000,0.000000,0.000000,0.000000,0.000000,0.000000,0.000000,0.000000,0.000000,0.000000,0.000000,0.000000,0.000000,0.000000,0.000000,0.000000,0.000000,0.000000,0.000000,0.000000,0.000000
Y,Right,legacy_bisindo_2hand_Y_1,0.000000,0.000000,-0.064529,-0.712611,0.046615,-1.510673,0.137452,-2.237936,0.105591,-2.822270,0.329577,-1.179623,1.089364,-1.611405,1.284232,-1.774635,1.273746,-1.852428,0.611420,-0.791306,1.316648,-1.236089,1.349653,-1.312014,1.155380,-1.244496,0.844630,-0.390221,1.483320,-0.814061,1.462453,-0.842419,1.266487,-0.758762,1.010710,-0.000770,1.573209,-0.395321,1.590790,-0.488361,1.459168,-0.458449,0.000000,0.000000,0.000000,0.000000,0.000000,0.000000,0.000000,0.000000,0.000000,0.000000,0.000000,0.000000,0.000000,0.000000,0.000000,0.000000,0.000000,0.000000,0.000000,0.000000,0.000000,0.000000,0.000000,0.000000,0.000000,0.000000,0.000000,0.000000,0.000000,0.000000,0.000000,0.000000,0.000000,0.000000,0.000000,0.000000,0.000000,0.000000,0.000000,0.000000,0.000000,0.000000
Y,Right,legacy_bisindo_2hand_Y_2,0.000000,0.000000,0.399816,-0.436972,0.820865,-0.800843,1.041644,-1.112599,1.129195,-1.415927,1.195260,-0.262639,1.371406,-0.841150,1.316711,-1.256686,1.231933,-1.581553,0.998585,0.053178,0.723799,-0.585190,0.392100,-0.936696,0.188285,-1.083617,0.656246,0.282549,0.359877,-0.324815,0.091395,-0.525812,-0.050963,-0.543113,0.294004,0.456669,0.104773,0.011657,-0.064733,-0.217691,-0.143557,-0.264198,0.000000,0.000000,0.000000,0.000000,0.000000,0.000000,0.000000,0.000000,0.000000,0.000000,0.000000,0.000000,0.000000,0.000000,0.000000,0.000000,0.000000,0.000000,0.000000,0.000000,0.000000,0.000000,0.000000,0.000000,0.000000,0.000000,0.000000,0.000000,0.000000,0.000000,0.000000,0.000000,0.000000,0.000000,0.000000,0.000000,0.000000,0.000000,0.000000,0.000000,0.000000,0.000000
Y,Right,legacy_bisindo_2hand_Y_3,0.000000,0.000000,0.224822,-0.924528,0.218296,-1.977708,0.089632,-2.909434,-0.043068,-3.514786,-0.037904,-1.526239,-0.440345,-2.335577,-0.852368,-2.728232,-1.077864,-2.891619,-0.371640,-0.928377,-1.001480,-1.806844,-1.492451,-2.100801,-1.703742,-2.114235,-0.650824,-0.311106,-1.278086,-1.168923,-1.709992,-1.383031,-1.880859,-1.392282,-0.888904,0.248686,-1.535299,-0.413545,-1.849668,-0.610669,-1.980274,-0.661598,0.000000,0.000000,-0.325932,-0.405227,-0.302988,-0.929072,-0.202371,-1.396047,-0.201024,-1.788645,0.350958,-1.050390,0.933692,-1.327332,1.284526,-1.504954,1.566658,-1.646562,0.643107,-0.765776,0.709324,-0.954136,0.373920,-0.815280,0.261170,-0.714409,0.751048,-0.487151,0.646201,-0.631927,0.381375,-0.519363,0.336838,-0.440346,0.796758,-0.232870,0.673717,-0.377418,0.458445,-0.294030,0.423271,-0.226537
Y,Right,legacy_bisindo_2hand_Y_4,0.000000,0.000000,0.282018,-0.592151,0.200115,-1.365625,0.107571,-2.040931,0.088016,-2.492975,-0.149710,-1.185061,-0.729989,-1.613825,-0.853494,-1.795615,-0.883674,-1.877239,-0.488339,-0.872654,-0.996697,-1.226049,-0.963720,-1.282029,-0.888266,-1.203793,-0.743153,-0.523748,-1.210113,-0.807038,-1.103446,-0.810701,-0.929269,-0.700408,-0.923835,-0.207954,-1.342458,-0.436570,-1.203202,-0.433359,-0.992698,-0.356087,0.000000,0.000000,0.000000,0.000000,0.000000,0.000000,0.000000,0.000000,0.000000,0.000000,0.000000,0.000000,0.000000,0.000000,0.000000,0.000000,0.000000,0.000000,0.000000,0.000000,0.000000,0.000000,0.000000,0.000000,0.000000,0.000000,0.000000,0.000000,0.000000,0.000000,0.000000,0.000000,0.000000,0.000000,0.000000,0.000000,0.000000,0.000000,0.000000,0.000000,0.000000,0.000000
Y,Right,legacy_bisindo_2hand_Y_5,0.000000,0.000000,-0.090048,-0.402548,0.047411,-0.810184,0.317356,-1.024967,0.518016,-1.126995,0.081900,-1.069342,0.257023,-1.563972,0.372404,-1.858161,0.426215,-2.099265,0.239561,-0.970881,0.729833,-1.231338,0.724506,-1.054044,0.584234,-0.918508,0.420699,-0.788676,0.832156,-0.898909,0.759896,-0.740485,0.610201,-0.646407,0.582564,-0.575117,0.884571,-0.671544,0.810537,-0.535512,0.675430,-0.432889,0.000000,0.000000,0.000000,0.000000,0.000000,0.000000,0.000000,0.000000,0.000000,0.000000,0.000000,0.000000,0.000000,0.000000,0.000000,0.000000,0.000000,0.000000,0.000000,0.000000,0.000000,0.000000,0.000000,0.000000,0.000000,0.000000,0.000000,0.000000,0.000000,0.000000,0.000000,0.000000,0.000000,0.000000,0.000000,0.000000,0.000000,0.000000,0.000000,0.000000,0.000000,0.000000
Y,Right,legacy_bisindo_2hand_Y_6,0.000000,0.000000,-0.064529,-0.712611,0.046615,-1.510673,0.137452,-2.237936,0.105591,-2.822270,0.329577,-1.179623,1.089364,-1.611405,1.284232,-1.774635,1.273746,-1.852428,0.611420,-0.791306,1.316648,-1.236089,1.349653,-1.312014,1.155380,-1.244496,0.844630,-0.390221,1.483320,-0.814061,1.462453,-0.842419,1.266487,-0.758762,1.010710,-0.000770,1.573209,-0.395321,1.590790,-0.488361,1.459168,-0.458449,0.000000,0.000000,0.000000,0.000000,0.000000,0.000000,0.000000,0.000000,0.000000,0.000000,0.000000,0.000000,0.000000,0.000000,0.000000,0.000000,0.000000,0.000000,0.000000,0.000000,0.000000,0.000000,0.000000,0.000000,0.000000,0.000000,0.000000,0.000000,0.000000,0.000000,0.000000,0.000000,0.000000,0.000000,0.000000,0.000000,0.000000,0.000000,0.000000,0.000000,0.000000,0.000000
Y,Right,legacy_bisindo_2hand_Y_7,0.000000,0.000000,-0.064529,-0.712611,0.046615,-1.510673,0.137452,-2.237936,0.105591,-2.822270,0.329577,-1.179623,1.089364,-1.611405,1.284232,-1.774635,1.273746,-1.852428,0.611420,-0.791306,1.316648,-1.236089,1.349653,-1.312014,1.155380,-1.244496,0.844630,-0.390221,1.483320,-0.814061,1.462453,-0.842419,1.266487,-0.758762,1.010710,-0.000770,1.573209,-0.395321,1.590790,-0.488361,1.459168,-0.458449,0.000000,0.000000,0.000000,0.000000,0.000000,0.000000,0.000000,0.000000,0.000000,0.000000,0.000000,0.000000,0.000000,0.000000,0.000000,0.000000,0.000000,0.000000,0.000000,0.000000,0.000000,0.000000,0.000000,0.000000,0.000000,0.000000,0.000000,0.000000,0.000000,0.000000,0.000000,0.000000,0.000000,0.000000,0.000000,0.000000,0.000000,0.000000,0.000000,0.000000,0.000000,0.000000
Y,Right,legacy_bisindo_2hand_Y_8,0.000000,0.000000,-0.075249,-0.475691,-0.403027,-0.985139,-0.722456,-1.348057,-1.005832,-1.590727,-0.512377,-1.056586,-0.939431,-1.533791,-1.170689,-1.841549,-1.361412,-2.099080,-0.629273,-0.777184,-1.369132,-0.948218,-1.224883,-0.774080,-0.973837,-0.684764,-0.745328,-0.421437,-1.329273,-0.501636,-1.128731,-0.369283,-0.895430,-0.333689,-0.841671,-0.089819,-1.237269,-0.178310,-1.061811,-0.086741,-0.876226,-0.054026,0.000000,0.000000,0.000000,0.000000,0.000000,0.000000,0.000000,0.000000,0.000000,0.000000,0.000000,0.000000,0.000000,0.000000,0.000000,0.000000,0.000000,0.000000,0.000000,0.000000,0.000000,0.000000,0.000000,0.000000,0.000000,0.000000,0.000000,0.000000,0.000000,0.000000,0.000000,0.000000,0.000000,0.000000,0.000000,0.000000,0.000000,0.000000,0.000000,0.000000,0.000000,0.000000
Y,Right,legacy_bisindo_2hand_Y_9,0.000000,0.000000,0.183327,-0.936414,0.214286,-2.130514,0.129787,-3.256769,0.102910,-3.958081,-0.085816,-1.628751,-0.710619,-2.475426,-1.221600,-2.913587,-1.502432,-3.116143,-0.387178,-0.922005,-1.177407,-1.836807,-1.715224,-2.129647,-1.928760,-2.098969,-0.606814,-0.193243,-1.394997,-1.157817,-1.873546,-1.404485,-2.046099,-1.361210,-0.813816,0.477298,-1.575519,-0.368365,-1.986510,-0.682696,-2.153986,-0.764669,0.000000,0.000000,-0.361681,-0.356497,-0.403767,-0.862612,-0.378658,-1.335751,-0.421753,-1.718531,0.210060,-1.074005,0.735891,-1.437970,1.052381,-1.663121,1.296463,-1.838406,0.531613,-0.846987,0.587966,-1.055480,0.305259,-0.892764,0.184703,-0.755609,0.672909,-0.599569,0.550626,-0.748577,0.337386,-0.613889,0.286145,-0.506445,0.759294,-0.376921,0.610091,-0.520121,0.431710,-0.414764,0.400988,-0.326795
Y,Right,legacy_bisindo_2hand_Y_10,0.000000,0.000000,-0.090048,-0.402548,0.047411,-0.810184,0.317356,-1.024967,0.518016,-1.126995,0.081900,-1.069342,0.257023,-1.563972,0.372404,-1.858161,0.426215,-2.099265,0.239561,-0.970881,0.729833,-1.231338,0.724506,-1.054044,0.584234,-0.918508,0.420699,-0.788676,0.832156,-0.898909,0.759896,-0.740485,0.610201,-0.646407,0.582564,-0.575117,0.884571,-0.671544,0.810537,-0.535512,0.675430,-0.432889,0.000000,0.000000,0.000000,0.000000,0.000000,0.000000,0.000000,0.000000,0.000000,0.000000,0.000000,0.000000,0.000000,0.000000,0.000000,0.000000,0.000000,0.000000,0.000000,0.000000,0.000000,0.000000,0.000000,0.000000,0.000000,0.000000,0.000000,0.000000,0.000000,0.000000,0.000000,0.000000,0.000000,0.000000,0.000000,0.000000,0.000000,0.000000,0.000000,0.000000,0.000000,0.000000
Y,Right,legacy_bisindo_2hand_Y_11,0.000000,0.000000,-0.090048,-0.402548,0.047411,-0.810184,0.317356,-1.024967,0.518016,-1.126995,0.081900,-1.069342,0.257023,-1.563972,0.372404,-1.858161,0.426215,-2.099265,0.239561,-0.970881,0.729833,-1.231338,0.724506,-1.054044,0.584234,-0.918508,0.420699,-0.788676,0.832156,-0.898909,0.759896,-0.740485,0.610201,-0.646407,0.582564,-0.575117,0.884571,-0.671544,0.810537,-0.535512,0.675430,-0.432889,0.000000,0.000000,0.000000,0.000000,0.000000,0.000000,0.000000,0.000000,0.000000,0.000000,0.000000,0.000000,0.000000,0.000000,0.000000,0.000000,0.000000,0.000000,0.000000,0.000000,0.000000,0.000000,0.000000,0.000000,0.000000,0.000000,0.000000,0.000000,0.000000,0.000000,0.000000,0.000000,0.000000,0.000000,0.000000,0.000000,0.000000,0.000000,0.000000,0.000000,0.000000,0.000000
Y,Right,legacy_bisindo_2hand_Y_12,0.000000,0.000000,-0.064529,-0.712611,0.046615,-1.510673,0.137452,-2.237936,0.105591,-2.822270,0.329577,-1.179623,1.089364,-1.611405,1.284232,-1.774635,1.273746,-1.852428,0.611420,-0.791306,1.316648,-1.236089,1.349653,-1.312014,1.155380,-1.244496,0.844630,-0.390221,1.483320,-0.814061,1.462453,-0.842419,1.266487,-0.758762,1.010710,-0.000770,1.573209,-0.395321,1.590790,-0.488361,1.459168,-0.458449,0.000000,0.000000,0.000000,0.000000,0.000000,0.000000,0.000000,0.000000,0.000000,0.000000,0.000000,0.000000,0.000000,0.000000,0.000000,0.000000,0.000000,0.000000,0.000000,0.000000,0.000000,0.000000,0.000000,0.000000,0.000000,0.000000,0.000000,0.000000,0.000000,0.000000,0.000000,0.000000,0.000000,0.000000,0.000000,0.000000,0.000000,0.000000,0.000000,0.000000,0.000000,0.000000
Y,Right,legacy_bisindo_2hand_Y_13,0.000000,0.000000,-0.064529,-0.712611,0.046615,-1.510673,0.137452,-2.237936,0.105591,-2.822270,0.329577,-1.179623,1.089364,-1.611405,1.284232,-1.774635,1.273746,-1.852428,0.611420,-0.791306,1.316648,-1.236089,1.349653,-1.312014,1.155380,-1.244496,0.844630,-0.390221,1.483320,-0.814061,1.462453,-0.842419,1.266487,-0.758762,1.010710,-0.000770,1.573209,-0.395321,1.590790,-0.488361,1.459168,-0.458449,0.000000,0.000000,0.000000,0.000000,0.000000,0.000000,0.000000,0.000000,0.000000,0.000000,0.000000,0.000000,0.000000,0.000000,0.000000,0.000000,0.000000,0.000000,0.000000,0.000000,0.000000,0.000000,0.000000,0.000000,0.000000,0.000000,0.000000,0.000000,0.000000,0.000000,0.000000,0.000000,0.000000,0.000000,0.000000,0.000000,0.000000,0.000000,0.000000,0.000000,0.000000,0.000000
Y,Right,legacy_bisindo_2hand_Y_14,0.000000,0.000000,-0.064529,-0.712611,0.046615,-1.510673,0.137452,-2.237936,0.105591,-2.822270,0.329577,-1.179623,1.089364,-1.611405,1.284232,-1.774635,1.273746,-1.852428,0.611420,-0.791306,1.316648,-1.236089,1.349653,-1.312014,1.155380,-1.244496,0.844630,-0.390221,1.483320,-0.814061,1.462453,-0.842419,1.266487,-0.758762,1.010710,-0.000770,1.573209,-0.395321,1.590790,-0.488361,1.459168,-0.458449,0.000000,0.000000,0.000000,0.000000,0.000000,0.000000,0.000000,0.000000,0.000000,0.000000,0.000000,0.000000,0.000000,0.000000,0.000000,0.000000,0.000000,0.000000,0.000000,0.000000,0.000000,0.000000,0.000000,0.000000,0.000000,0.000000,0.000000,0.000000,0.000000,0.000000,0.000000,0.000000,0.000000,0.000000,0.000000,0.000000,0.000000,0.000000,0.000000,0.000000,0.000000,0.000000
Y,Right,legacy_bisindo_2hand_Y_15,0.000000,0.000000,-0.064529,-0.712611,0.046615,-1.510673,0.137452,-2.237936,0.105591,-2.822270,0.329577,-1.179623,1.089364,-1.611405,1.284232,-1.774635,1.273746,-1.852428,0.611420,-0.791306,1.316648,-1.236089,1.349653,-1.312014,1.155380,-1.244496,0.844630,-0.390221,1.483320,-0.814061,1.462453,-0.842419,1.266487,-0.758762,1.010710,-0.000770,1.573209,-0.395321,1.590790,-0.488361,1.459168,-0.458449,0.000000,0.000000,0.000000,0.000000,0.000000,0.000000,0.000000,0.000000,0.000000,0.000000,0.000000,0.000000,0.000000,0.000000,0.000000,0.000000,0.000000,0.000000,0.000000,0.000000,0.000000,0.000000,0.000000,0.000000,0.000000,0.000000,0.000000,0.000000,0.000000,0.000000,0.000000,0.000000,0.000000,0.000000,0.000000,0.000000,0.000000,0.000000,0.000000,0.000000,0.000000,0.000000
Y,Right,legacy_bisindo_2hand_Y_16,0.000000,0.000000,-0.064529,-0.712611,0.046615,-1.510673,0.137452,-2.237936,0.105591,-2.822270,0.329577,-1.179623,1.089364,-1.611405,1.284232,-1.774635,1.273746,-1.852428,0.611420,-0.791306,1.316648,-1.236089,1.349653,-1.312014,1.155380,-1.244496,0.844630,-0.390221,1.483320,-0.814061,1.462453,-0.842419,1.266487,-0.758762,1.010710,-0.000770,1.573209,-0.395321,1.590790,-0.488361,1.459168,-0.458449,0.000000,0.000000,0.000000,0.000000,0.000000,0.000000,0.000000,0.000000,0.000000,0.000000,0.000000,0.000000,0.000000,0.000000,0.000000,0.000000,0.000000,0.000000,0.000000,0.000000,0.000000,0.000000,0.000000,0.000000,0.000000,0.000000,0.000000,0.000000,0.000000,0.000000,0.000000,0.000000,0.000000,0.000000,0.000000,0.000000,0.000000,0.000000,0.000000,0.000000,0.000000,0.000000
Y,Right,legacy_bisindo_2hand_Y_17,0.000000,0.000000,-0.442794,-0.246325,-0.585148,-0.717704,-0.647441,-1.176576,-0.772130,-1.533775,-0.023586,-1.080888,0.384417,-1.546065,0.602915,-1.829939,0.778036,-2.052280,0.309615,-0.950862,0.286151,-1.098248,0.050867,-0.853796,0.012000,-0.741217,0.493134,-0.755903,0.346037,-0.833825,0.157683,-0.630571,0.157626,-0.549209,0.626286,-0.562623,0.466376,-0.634491,0.305983,-0.481523,0.300986,-0.411500,0.000000,0.000000,0.000000,0.000000,0.000000,0.000000,0.000000,0.000000,0.000000,0.000000,0.000000,0.000000,0.000000,0.000000,0.000000,0.000000,0.000000,0.000000,0.000000,0.000000,0.000000,0.000000,0.000000,0.000000,0.000000,0.000000,0.000000,0.000000,0.000000,0.000000,0.000000,0.000000,0.000000,0.000000,0.000000,0.000000,0.000000,0.000000,0.000000,0.000000,0.000000,0.000000
Y,Right,legacy_bisindo_2hand_Y_18,0.000000,0.000000,-0.064529,-0.712611,0.046615,-1.510673,0.137452,-2.237936,0.105591,-2.822270,0.329577,-1.179623,1.089364,-1.611405,1.284232,-1.774635,1.273746,-1.852428,0.611420,-0.791306,1.316648,-1.236089,1.349653,-1.312014,1.155380,-1.244496,0.844630,-0.390221,1.483320,-0.814061,1.462453,-0.842419,1.266487,-0.758762,1.010710,-0.000770,1.573209,-0.395321,1.590790,-0.488361,1.459168,-0.458449,0.000000,0.000000,0.000000,0.000000,0.000000,0.000000,0.000000,0.000000,0.000000,0.000000,0.000000,0.000000,0.000000,0.000000,0.000000,0.000000,0.000000,0.000000,0.000000,0.000000,0.000000,0.000000,0.000000,0.000000,0.000000,0.000000,0.000000,0.000000,0.000000,0.000000,0.000000,0.000000,0.000000,0.000000,0.000000,0.000000,0.000000,0.000000,0.000000,0.000000,0.000000,0.000000
Y,Right,legacy_bisindo_2hand_Y_19,0.000000,0.000000,0.255515,-0.434529,0.474727,-0.894023,0.479942,-1.218656,0.387464,-1.445850,0.785140,-1.007170,0.774708,-1.669648,0.500088,-2.012719,0.232210,-2.237285,0.723432,-0.690395,0.307153,-1.417985,-0.108984,-1.848957,-0.407508,-2.115828,0.546208,-0.321181,-0.099688,-0.752146,-0.386494,-0.675454,-0.462230,-0.523255,0.321137,0.031883,-0.281487,-0.301358,-0.451471,-0.250092,-0.439726,-0.124193,0.000000,0.000000,0.000000,0.000000,0.000000,0.000000,0.000000,0.000000,0.000000,0.000000,0.000000,0.000000,0.000000,0.000000,0.000000,0.000000,0.000000,0.000000,0.000000,0.000000,0.000000,0.000000,0.000000,0.000000,0.000000,0.000000,0.000000,0.000000,0.000000,0.000000,0.000000,0.000000,0.000000,0.000000,0.000000,0.000000,0.000000,0.000000,0.000000,0.000000,0.000000,0.000000
Y,Right,legacy_bisindo_2hand_Y_20,0.000000,0.000000,-0.475642,-0.238490,-0.674891,-0.739555,-0.776511,-1.224097,-0.929295,-1.598974,-0.137735,-1.087974,0.262443,-1.601659,0.524633,-1.915595,0.734073,-2.165084,0.253942,-0.967219,0.279285,-1.181314,0.078975,-0.943493,-0.000641,-0.772949,0.476076,-0.768828,0.361088,-0.877812,0.193991,-0.693971,0.148388,-0.563094,0.631523,-0.574732,0.487582,-0.657918,0.336530,-0.505564,0.310027,-0.407056,0.000000,0.000000,0.000000,0.000000,0.000000,0.000000,0.000000,0.000000,0.000000,0.000000,0.000000,0.000000,0.000000,0.000000,0.000000,0.000000,0.000000,0.000000,0.000000,0.000000,0.000000,0.000000,0.000000,0.000000,0.000000,0.000000,0.000000,0.000000,0.000000,0.000000,0.000000,0.000000,0.000000,0.000000,0.000000,0.000000,0.000000,0.000000,0.000000,0.000000,0.000000,0.000000
Y,Right,legacy_bisindo_2hand_Y_21,0.000000,0.000000,-0.090048,-0.402548,0.047411,-0.810184,0.317356,-1.024967,0.518016,-1.126995,0.081900,-1.069342,0.257023,-1.563972,0.372404,-1.858161,0.426215,-2.099265,0.239561,-0.970881,0.729833,-1.231338,0.724506,-1.054044,0.584234,-0.918508,0.420699,-0.788676,0.832156,-0.898909,0.759896,-0.740485,0.610201,-0.646407,0.582564,-0.575117,0.884571,-0.671544,0.810537,-0.535512,0.675430,-0.432889,0.000000,0.000000,0.000000,0.000000,0.000000,0.000000,0.000000,0.000000,0.000000,0.000000,0.000000,0.000000,0.000000,0.000000,0.000000,0.000000,0.000000,0.000000,0.000000,0.000000,0.000000,0.000000,0.000000,0.000000,0.000000,0.000000,0.000000,0.000000,0.000000,0.000000,0.000000,0.000000,0.000000,0.000000,0.000000,0.000000,0.000000,0.000000,0.000000,0.000000,0.000000,0.000000
Y,Right,legacy_bisindo_2hand_Y_22,0.000000,0.000000,-0.090048,-0.402548,0.047411,-0.810184,0.317356,-1.024967,0.518016,-1.126995,0.081900,-1.069342,0.257023,-1.563972,0.372404,-1.858161,0.426215,-2.099265,0.239561,-0.970881,0.729833,-1.231338,0.724506,-1.054044,0.584234,-0.918508,0.420699,-0.788676,0.832156,-0.898909,0.759896,-0.740485,0.610201,-0.646407,0.582564,-0.575117,0.884571,-0.671544,0.810537,-0.535512,0.675430,-0.432889,0.000000,0.000000,0.000000,0.000000,0.000000,0.000000,0.000000,0.000000,0.000000,0.000000,0.000000,0.000000,0.000000,0.000000,0.000000,0.000000,0.000000,0.000000,0.000000,0.000000,0.000000,0.000000,0.000000,0.000000,0.000000,0.000000,0.000000,0.000000,0.000000,0.000000,0.000000,0.000000,0.000000,0.000000,0.000000,0.000000,0.000000,0.000000,0.000000,0.000000,0.000000,0.000000
Y,Right,legacy_bisindo_2hand_Y_23,0.000000,0.000000,-0.064529,-0.712611,0.046615,-1.510673,0.137452,-2.237936,0.105591,-2.822270,0.329577,-1.179623,1.089364,-1.611405,1.284232,-1.774635,1.273746,-1.852428,0.611420,-0.791306,1.316648,-1.236089,1.349653,-1.312014,1.155380,-1.244496,0.844630,-0.390221,1.483320,-0.814061,1.462453,-0.842419,1.266487,-0.758762,1.010710,-0.000770,1.573209,-0.395321,1.590790,-0.488361,1.459168,-0.458449,0.000000,0.000000,0.000000,0.000000,0.000000,0.000000,0.000000,0.000000,0.000000,0.000000,0.000000,0.000000,0.000000,0.000000,0.000000,0.000000,0.000000,0.000000,0.000000,0.000000,0.000000,0.000000,0.000000,0.000000,0.000000,0.000000,0.000000,0.000000,0.000000,0.000000,0.000000,0.000000,0.000000,0.000000,0.000000,0.000000,0.000000,0.000000,0.000000,0.000000,0.000000,0.000000
Y,Right,legacy_bisindo_2hand_Y_24,0.000000,0.000000,-0.090048,-0.402548,0.047411,-0.810184,0.317356,-1.024967,0.518016,-1.126995,0.081900,-1.069342,0.257023,-1.563972,0.372404,-1.858161,0.426215,-2.099265,0.239561,-0.970881,0.729833,-1.231338,0.724506,-1.054044,0.584234,-0.918508,0.420699,-0.788676,0.832156,-0.898909,0.759896,-0.740485,0.610201,-0.646407,0.582564,-0.575117,0.884571,-0.671544,0.810537,-0.535512,0.675430,-0.432889,0.000000,0.000000,0.000000,0.000000,0.000000,0.000000,0.000000,0.000000,0.000000,0.000000,0.000000,0.000000,0.000000,0.000000,0.000000,0.000000,0.000000,0.000000,0.000000,0.000000,0.000000,0.000000,0.000000,0.000000,0.000000,0.000000,0.000000,0.000000,0.000000,0.000000,0.000000,0.000000,0.000000,0.000000,0.000000,0.000000,0.000000,0.000000,0.000000,0.000000,0.000000,0.000000
Y,Right,legacy_bisindo_2hand_Y_25,0.000000,0.000000,0.284422,-0.996310,0.404223,-2.090881,0.387506,-3.047798,0.327154,-3.609850,0.205458,-1.557394,-0.260938,-2.275289,-0.615156,-2.644452,-0.821694,-2.844189,-0.205532,-0.978650,-0.771736,-1.908389,-1.170191,-2.248994,-1.393889,-2.312095,-0.575178,-0.431233,-1.109372,-1.351492,-1.465404,-1.657218,-1.633498,-1.726727,-0.870895,0.022461,-1.410074,-0.769463,-1.641687,-1.012565,-1.722066,-1.077867,0.000000,0.000000,-0.306618,-0.437811,-0.269599,-0.955396,-0.158296,-1.410709,-0.126901,-1.812594,0.403100,-1.057533,1.008797,-1.317925,1.346487,-1.469101,1.604570,-1.608457,0.653787,-0.756679,0.737480,-0.861388,0.387369,-0.733773,0.269458,-0.692492,0.749155,-0.473850,0.659944,-0.535879,0.371193,-0.421208,0.306894,-0.386601,0.781731,-0.224360,0.665476,-0.299616,0.428006,-0.211483,0.368416,-0.172629
Y,Right,legacy_bisindo_2hand_Y_26,0.000000,0.000000,0.303804,-0.359978,0.355702,-0.849361,0.252879,-1.241703,0.100171,-1.521998,0.431145,-1.118746,0.405854,-1.786291,0.400709,-2.171539,0.424343,-2.495940,0.239569,-0.970879,-0.315653,-1.537974,-0.420889,-1.289923,-0.311186,-1.058507,-0.053333,-0.803084,-0.574591,-1.188595,-0.562096,-0.940663,-0.398001,-0.762990,-0.332805,-0.634593,-0.722606,-0.914774,-0.681984,-0.721999,-0.535951,-0.576522,0.000000,0.000000,0.000000,0.000000,0.000000,0.000000,0.000000,0.000000,0.000000,0.000000,0.000000,0.000000,0.000000,0.000000,0.000000,0.000000,0.000000,0.000000,0.000000,0.000000,0.000000,0.000000,0.000000,0.000000,0.000000,0.000000,0.000000,0.000000,0.000000,0.000000,0.000000,0.000000,0.000000,0.000000,0.000000,0.000000,0.000000,0.000000,0.000000,0.000000,0.000000,0.000000
Y,Right,legacy_bisindo_2hand_Y_27,0.000000,0.000000,0.046405,-0.542460,-0.269216,-1.102457,-0.684029,-1.495421,-1.043358,-1.757454,-0.289170,-1.182297,-0.651701,-1.683983,-0.831778,-1.979810,-0.973212,-2.238715,-0.362662,-0.931921,-1.089351,-1.105861,-1.019895,-0.858056,-0.810500,-0.749985,-0.493112,-0.620930,-1.099401,-0.668728,-0.944428,-0.498233,-0.728471,-0.450082,-0.628828,-0.328677,-1.067500,-0.389301,-0.928016,-0.268852,-0.744914,-0.232145,0.000000,0.000000,0.000000,0.000000,0.000000,0.000000,0.000000,0.000000,0.000000,0.000000,0.000000,0.000000,0.000000,0.000000,0.000000,0.000000,0.000000,0.000000,0.000000,0.000000,0.000000,0.000000,0.000000,0.000000,0.000000,0.000000,0.000000,0.000000,0.000000,0.000000,0.000000,0.000000,0.000000,0.000000,0.000000,0.000000,0.000000,0.000000,0.000000,0.000000,0.000000,0.000000
Y,Right,legacy_bisindo_2hand_Y_28,0.000000,0.000000,-0.090048,-0.402548,0.047411,-0.810184,0.317356,-1.024967,0.518016,-1.126995,0.081900,-1.069342,0.257023,-1.563972,0.372404,-1.858161,0.426215,-2.099265,0.239561,-0.970881,0.729833,-1.231338,0.724506,-1.054044,0.584234,-0.918508,0.420699,-0.788676,0.832156,-0.898909,0.759896,-0.740485,0.610201,-0.646407,0.582564,-0.575117,0.884571,-0.671544,0.810537,-0.535512,0.675430,-0.432889,0.000000,0.000000,0.000000,0.000000,0.000000,0.000000,0.000000,0.000000,0.000000,0.000000,0.000000,0.000000,0.000000,0.000000,0.000000,0.000000,0.000000,0.000000,0.000000,0.000000,0.000000,0.000000,0.000000,0.000000,0.000000,0.000000,0.000000,0.000000,0.000000,0.000000,0.000000,0.000000,0.000000,0.000000,0.000000,0.000000,0.000000,0.000000,0.000000,0.000000,0.000000,0.000000
Y,Right,legacy_bisindo_2hand_Y_29,0.000000,0.000000,-0.090048,-0.402548,0.047411,-0.810184,0.317356,-1.024967,0.518016,-1.126995,0.081900,-1.069342,0.257023,-1.563972,0.372404,-1.858161,0.426215,-2.099265,0.239561,-0.970881,0.729833,-1.231338,0.724506,-1.054044,0.584234,-0.918508,0.420699,-0.788676,0.832156,-0.898909,0.759896,-0.740485,0.610201,-0.646407,0.582564,-0.575117,0.884571,-0.671544,0.810537,-0.535512,0.675430,-0.432889,0.000000,0.000000,0.000000,0.000000,0.000000,0.000000,0.000000,0.000000,0.000000,0.000000,0.000000,0.000000,0.000000,0.000000,0.000000,0.000000,0.000000,0.000000,0.000000,0.000000,0.000000,0.000000,0.000000,0.000000,0.000000,0.000000,0.000000,0.000000,0.000000,0.000000,0.000000,0.000000,0.000000,0.000000,0.000000,0.000000,0.000000,0.000000,0.000000,0.000000,0.000000,0.000000
Y,Right,legacy_bisindo_2hand_Y_30,0.000000,0.000000,-0.090048,-0.402548,0.047411,-0.810184,0.317356,-1.024967,0.518016,-1.126995,0.081900,-1.069342,0.257023,-1.563972,0.372404,-1.858161,0.426215,-2.099265,0.239561,-0.970881,0.729833,-1.231338,0.724506,-1.054044,0.584234,-0.918508,0.420699,-0.788676,0.832156,-0.898909,0.759896,-0.740485,0.610201,-0.646407,0.582564,-0.575117,0.884571,-0.671544,0.810537,-0.535512,0.675430,-0.432889,0.000000,0.000000,0.000000,0.000000,0.000000,0.000000,0.000000,0.000000,0.000000,0.000000,0.000000,0.000000,0.000000,0.000000,0.000000,0.000000,0.000000,0.000000,0.000000,0.000000,0.000000,0.000000,0.000000,0.000000,0.000000,0.000000,0.000000,0.000000,0.000000,0.000000,0.000000,0.000000,0.000000,0.000000,0.000000,0.000000,0.000000,0.000000,0.000000,0.000000,0.000000,0.000000
Y,Right,legacy_bisindo_2hand_Y_31,0.000000,0.000000,-0.090048,-0.402548,0.047411,-0.810184,0.317356,-1.024967,0.518016,-1.126995,0.081900,-1.069342,0.257023,-1.563972,0.372404,-1.858161,0.426215,-2.099265,0.239561,-0.970881,0.729833,-1.231338,0.724506,-1.054044,0.584234,-0.918508,0.420699,-0.788676,0.832156,-0.898909,0.759896,-0.740485,0.610201,-0.646407,0.582564,-0.575117,0.884571,-0.671544,0.810537,-0.535512,0.675430,-0.432889,0.000000,0.000000,0.000000,0.000000,0.000000,0.000000,0.000000,0.000000,0.000000,0.000000,0.000000,0.000000,0.000000,0.000000,0.000000,0.000000,0.000000,0.000000,0.000000,0.000000,0.000000,0.000000,0.000000,0.000000,0.000000,0.000000,0.000000,0.000000,0.000000,0.000000,0.000000,0.000000,0.000000,0.000000,0.000000,0.000000,0.000000,0.000000,0.000000,0.000000,0.000000,0.000000
Y,Right,legacy_bisindo_2hand_Y_32,0.000000,0.000000,0.156257,-0.434979,-0.009159,-0.870782,-0.248805,-1.160069,-0.453166,-1.301688,-0.123264,-1.177185,-0.502170,-1.751211,-0.702842,-2.063110,-0.837879,-2.335506,-0.250038,-0.968236,-0.942236,-1.214093,-0.923014,-0.963658,-0.740352,-0.815305,-0.432528,-0.706253,-0.983140,-0.796998,-0.862177,-0.605891,-0.662572,-0.532092,-0.603271,-0.445857,-0.976689,-0.527086,-0.847839,-0.383035,-0.677373,-0.326948,0.000000,0.000000,0.000000,0.000000,0.000000,0.000000,0.000000,0.000000,0.000000,0.000000,0.000000,0.000000,0.000000,0.000000,0.000000,0.000000,0.000000,0.000000,0.000000,0.000000,0.000000,0.000000,0.000000,0.000000,0.000000,0.000000,0.000000,0.000000,0.000000,0.000000,0.000000,0.000000,0.000000,0.000000,0.000000,0.000000,0.000000,0.000000,0.000000,0.000000,0.000000,0.000000
Y,Right,legacy_bisindo_2hand_Y_33,0.000000,0.000000,-0.470236,-0.240086,-0.661832,-0.773893,-0.752666,-1.279515,-0.892397,-1.666656,-0.091394,-1.114656,0.387359,-1.620342,0.660996,-1.919597,0.866778,-2.174601,0.282816,-0.959174,0.364680,-1.158851,0.112913,-0.863956,0.001900,-0.703176,0.497430,-0.749764,0.413280,-0.824148,0.208123,-0.577493,0.159716,-0.471564,0.653112,-0.550713,0.536259,-0.610716,0.358329,-0.412319,0.327532,-0.325258,0.000000,0.000000,0.000000,0.000000,0.000000,0.000000,0.000000,0.000000,0.000000,0.000000,0.000000,0.000000,0.000000,0.000000,0.000000,0.000000,0.000000,0.000000,0.000000,0.000000,0.000000,0.000000,0.000000,0.000000,0.000000,0.000000,0.000000,0.000000,0.000000,0.000000,0.000000,0.000000,0.000000,0.000000,0.000000,0.000000,0.000000,0.000000,0.000000,0.000000,0.000000,0.000000
Y,Right,legacy_bisindo_2hand_Y_34,0.000000,0.000000,-0.064529,-0.712611,0.046615,-1.510673,0.137452,-2.237936,0.105591,-2.822270,0.329577,-1.179623,1.089364,-1.611405,1.284232,-1.774635,1.273746,-1.852428,0.611420,-0.791306,1.316648,-1.236089,1.349653,-1.312014,1.155380,-1.244496,0.844630,-0.390221,1.483320,-0.814061,1.462453,-0.842419,1.266487,-0.758762,1.010710,-0.000770,1.573209,-0.395321,1.590790,-0.488361,1.459168,-0.458449,0.000000,0.000000,0.000000,0.000000,0.000000,0.000000,0.000000,0.000000,0.000000,0.000000,0.000000,0.000000,0.000000,0.000000,0.000000,0.000000,0.000000,0.000000,0.000000,0.000000,0.000000,0.000000,0.000000,0.000000,0.000000,0.000000,0.000000,0.000000,0.000000,0.000000,0.000000,0.000000,0.000000,0.000000,0.000000,0.000000,0.000000,0.000000,0.000000,0.000000,0.000000,0.000000
Y,Right,legacy_bisindo_2hand_Y_35,0.000000,0.000000,-0.064529,-0.712611,0.046615,-1.510673,0.137452,-2.237936,0.105591,-2.822270,0.329577,-1.179623,1.089364,-1.611405,1.284232,-1.774635,1.273746,-1.852428,0.611420,-0.791306,1.316648,-1.236089,1.349653,-1.312014,1.155380,-1.244496,0.844630,-0.390221,1.483320,-0.814061,1.462453,-0.842419,1.266487,-0.758762,1.010710,-0.000770,1.573209,-0.395321,1.590790,-0.488361,1.459168,-0.458449,0.000000,0.000000,0.000000,0.000000,0.000000,0.000000,0.000000,0.000000,0.000000,0.000000,0.000000,0.000000,0.000000,0.000000,0.000000,0.000000,0.000000,0.000000,0.000000,0.000000,0.000000,0.000000,0.000000,0.000000,0.000000,0.000000,0.000000,0.000000,0.000000,0.000000,0.000000,0.000000,0.000000,0.000000,0.000000,0.000000,0.000000,0.000000,0.000000,0.000000,0.000000,0.000000
Y,Right,legacy_bisindo_2hand_Y_36,0.000000,0.000000,-0.064529,-0.712611,0.046615,-1.510673,0.137452,-2.237936,0.105591,-2.822270,0.329577,-1.179623,1.089364,-1.611405,1.284232,-1.774635,1.273746,-1.852428,0.611420,-0.791306,1.316648,-1.236089,1.349653,-1.312014,1.155380,-1.244496,0.844630,-0.390221,1.483320,-0.814061,1.462453,-0.842419,1.266487,-0.758762,1.010710,-0.000770,1.573209,-0.395321,1.590790,-0.488361,1.459168,-0.458449,0.000000,0.000000,0.000000,0.000000,0.000000,0.000000,0.000000,0.000000,0.000000,0.000000,0.000000,0.000000,0.000000,0.000000,0.000000,0.000000,0.000000,0.000000,0.000000,0.000000,0.000000,0.000000,0.000000,0.000000,0.000000,0.000000,0.000000,0.000000,0.000000,0.000000,0.000000,0.000000,0.000000,0.000000,0.000000,0.000000,0.000000,0.000000,0.000000,0.000000,0.000000,0.000000
Y,Right,legacy_bisindo_2hand_Y_37,0.000000,0.000000,-0.090048,-0.402548,0.047411,-0.810184,0.317356,-1.024967,0.518016,-1.126995,0.081900,-1.069342,0.257023,-1.563972,0.372404,-1.858161,0.426215,-2.099265,0.239561,-0.970881,0.729833,-1.231338,0.724506,-1.054044,0.584234,-0.918508,0.420699,-0.788676,0.832156,-0.898909,0.759896,-0.740485,0.610201,-0.646407,0.582564,-0.575117,0.884571,-0.671544,0.810537,-0.535512,0.675430,-0.432889,0.000000,0.000000,0.000000,0.000000,0.000000,0.000000,0.000000,0.000000,0.000000,0.000000,0.000000,0.000000,0.000000,0.000000,0.000000,0.000000,0.000000,0.000000,0.000000,0.000000,0.000000,0.000000,0.000000,0.000000,0.000000,0.000000,0.000000,0.000000,0.000000,0.000000,0.000000,0.000000,0.000000,0.000000,0.000000,0.000000,0.000000,0.000000,0.000000,0.000000,0.000000,0.000000
Y,Right,legacy_bisindo_2hand_Y_38,0.000000,0.000000,-0.090048,-0.402548,0.047411,-0.810184,0.317356,-1.024967,0.518016,-1.126995,0.081900,-1.069342,0.257023,-1.563972,0.372404,-1.858161,0.426215,-2.099265,0.239561,-0.970881,0.729833,-1.231338,0.724506,-1.054044,0.584234,-0.918508,0.420699,-0.788676,0.832156,-0.898909,0.759896,-0.740485,0.610201,-0.646407,0.582564,-0.575117,0.884571,-0.671544,0.810537,-0.535512,0.675430,-0.432889,0.000000,0.000000,0.000000,0.000000,0.000000,0.000000,0.000000,0.000000,0.000000,0.000000,0.000000,0.000000,0.000000,0.000000,0.000000,0.000000,0.000000,0.000000,0.000000,0.000000,0.000000,0.000000,0.000000,0.000000,0.000000,0.000000,0.000000,0.000000,0.000000,0.000000,0.000000,0.000000,0.000000,0.000000,0.000000,0.000000,0.000000,0.000000,0.000000,0.000000,0.000000,0.000000
Y,Right,legacy_bisindo_2hand_Y_39,0.000000,0.000000,-0.269321,-0.446754,-0.222188,-0.952782,-0.108257,-1.402425,-0.076324,-1.807980,0.440547,-1.021392,1.040170,-1.248443,1.398587,-1.396640,1.683113,-1.524606,0.700653,-0.713503,0.764306,-0.840093,0.410575,-0.709809,0.297337,-0.631631,0.788233,-0.423122,0.701821,-0.516959,0.410795,-0.419912,0.344416,-0.359369,0.809418,-0.165153,0.692101,-0.263957,0.449944,-0.205554,0.392645,-0.160647,0.000000,0.000000,0.000000,0.000000,0.000000,0.000000,0.000000,0.000000,0.000000,0.000000,0.000000,0.000000,0.000000,0.000000,0.000000,0.000000,0.000000,0.000000,0.000000,0.000000,0.000000,0.000000,0.000000,0.000000,0.000000,0.000000,0.000000,0.000000,0.000000,0.000000,0.000000,0.000000,0.000000,0.000000,0.000000,0.000000,0.000000,0.000000,0.000000,0.000000,0.000000,0.000000
Y,Right,legacy_bisindo_2hand_Y_40,0.000000,0.000000,-0.064529,-0.712611,0.046615,-1.510673,0.137452,-2.237936,0.105591,-2.822270,0.329577,-1.179623,1.089364,-1.611405,1.284232,-1.774635,1.273746,-1.852428,0.611420,-0.791306,1.316648,-1.236089,1.349653,-1.312014,1.155380,-1.244496,0.844630,-0.390221,1.483320,-0.814061,1.462453,-0.842419,1.266487,-0.758762,1.010710,-0.000770,1.573209,-0.395321,1.590790,-0.488361,1.459168,-0.458449,0.000000,0.000000,0.000000,0.000000,0.000000,0.000000,0.000000,0.000000,0.000000,0.000000,0.000000,0.000000,0.000000,0.000000,0.000000,0.000000,0.000000,0.000000,0.000000,0.000000,0.000000,0.000000,0.000000,0.000000,0.000000,0.000000,0.000000,0.000000,0.000000,0.000000,0.000000,0.000000,0.000000,0.000000,0.000000,0.000000,0.000000,0.000000,0.000000,0.000000,0.000000,0.000000
Y,Right,legacy_bisindo_2hand_Y_41,0.000000,0.000000,-0.053305,-0.422815,0.104360,-0.824770,0.383637,-1.065328,0.632898,-1.196959,0.110903,-1.083698,0.319613,-1.633730,0.421059,-1.966611,0.454964,-2.253679,0.290426,-0.956898,0.843773,-1.233815,0.798562,-1.018941,0.612452,-0.863435,0.477832,-0.730305,0.934646,-0.848341,0.832347,-0.683720,0.662277,-0.593511,0.651686,-0.478234,0.967816,-0.583452,0.862314,-0.440614,0.712048,-0.362073,0.000000,0.000000,0.000000,0.000000,0.000000,0.000000,0.000000,0.000000,0.000000,0.000000,0.000000,0.000000,0.000000,0.000000,0.000000,0.000000,0.000000,0.000000,0.000000,0.000000,0.000000,0.000000,0.000000,0.000000,0.000000,0.000000,0.000000,0.000000,0.000000,0.000000,0.000000,0.000000,0.000000,0.000000,0.000000,0.000000,0.000000,0.000000,0.000000,0.000000,0.000000,0.000000
Y,Right,legacy_bisindo_2hand_Y_42,0.000000,0.000000,-0.085253,-0.689673,-0.002635,-1.493409,0.077628,-2.219757,0.058034,-2.810654,0.268315,-1.195060,0.996609,-1.657565,1.248919,-1.864012,1.313192,-2.004170,0.567218,-0.823568,1.245727,-1.310188,1.276254,-1.388190,1.095501,-1.330465,0.824423,-0.440256,1.426600,-0.895749,1.395759,-0.907946,1.204594,-0.823445,1.009149,-0.065698,1.563526,-0.484059,1.554453,-0.569176,1.404305,-0.533380,0.000000,0.000000,0.000000,0.000000,0.000000,0.000000,0.000000,0.000000,0.000000,0.000000,0.000000,0.000000,0.000000,0.000000,0.000000,0.000000,0.000000,0.000000,0.000000,0.000000,0.000000,0.000000,0.000000,0.000000,0.000000,0.000000,0.000000,0.000000,0.000000,0.000000,0.000000,0.000000,0.000000,0.000000,0.000000,0.000000,0.000000,0.000000,0.000000,0.000000,0.000000,0.000000
Y,Right,legacy_bisindo_2hand_Y_43,0.000000,0.000000,0.287249,-0.538674,0.156436,-1.326612,-0.105571,-1.900280,-0.377634,-2.237303,0.155393,-1.236282,-0.453175,-1.794998,-0.858248,-2.012410,-1.097191,-2.156622,-0.219978,-0.975505,-0.770455,-1.472454,-0.979696,-1.614522,-1.047453,-1.665406,-0.578748,-0.644980,-1.080833,-1.052853,-1.095664,-1.095283,-0.974981,-1.040382,-0.924814,-0.282942,-1.285157,-0.617364,-1.213380,-0.651871,-1.013656,-0.574399,0.000000,0.000000,0.000000,0.000000,0.000000,0.000000,0.000000,0.000000,0.000000,0.000000,0.000000,0.000000,0.000000,0.000000,0.000000,0.000000,0.000000,0.000000,0.000000,0.000000,0.000000,0.000000,0.000000,0.000000,0.000000,0.000000,0.000000,0.000000,0.000000,0.000000,0.000000,0.000000,0.000000,0.000000,0.000000,0.000000,0.000000,0.000000,0.000000,0.000000,0.000000,0.000000
Y,Right,legacy_bisindo_2hand_Y_44,0.000000,0.000000,-0.234054,-0.518394,-0.096096,-1.173034,0.214892,-1.680278,0.462493,-1.921549,-0.070504,-1.222821,0.180783,-1.957331,0.068459,-2.128020,-0.076121,-2.195918,0.269449,-0.963015,0.835432,-1.551134,0.736418,-1.381274,0.549761,-1.201039,0.597498,-0.674382,1.086084,-1.191271,0.964459,-0.997033,0.806967,-0.807801,0.895026,-0.397642,1.223580,-0.882915,1.115256,-0.729660,0.992709,-0.551870,0.000000,0.000000,0.000000,0.000000,0.000000,0.000000,0.000000,0.000000,0.000000,0.000000,0.000000,0.000000,0.000000,0.000000,0.000000,0.000000,0.000000,0.000000,0.000000,0.000000,0.000000,0.000000,0.000000,0.000000,0.000000,0.000000,0.000000,0.000000,0.000000,0.000000,0.000000,0.000000,0.000000,0.000000,0.000000,0.000000,0.000000,0.000000,0.000000,0.000000,0.000000,0.000000
Y,Right,legacy_bisindo_2hand_Y_45,0.000000,0.000000,-0.261473,-1.516753,-0.239208,-3.226197,0.182230,-4.822994,0.601132,-6.296884,-0.386907,-1.941664,0.781584,-3.863132,1.895701,-4.910831,2.678477,-5.616005,0.224332,-0.974513,1.530594,-3.226284,2.804088,-4.328644,3.402609,-4.860129,0.864997,-0.080935,2.181055,-2.457353,3.356536,-3.414818,3.875608,-3.721087,1.545498,0.704364,2.840172,-1.146318,3.635794,-1.997051,3.906585,-2.297971,0.000000,0.000000,0.150892,-0.357744,0.083323,-0.799199,-0.112154,-1.109840,-0.284832,-1.266458,-0.021931,-1.044714,-0.318973,-1.342391,-0.520739,-1.502254,-0.669932,-1.674043,-0.265948,-0.963987,-0.772926,-1.184058,-1.136090,-1.357232,-1.409747,-1.515427,-0.448329,-0.799702,-0.670406,-0.891289,-0.557416,-0.728188,-0.423990,-0.633618,-0.570122,-0.609409,-0.711018,-0.665607,-0.568938,-0.546498,-0.412896,-0.484378
Y,Right,legacy_bisindo_2hand_Y_46,0.000000,0.000000,0.096002,-0.377500,0.397530,-0.687655,0.755584,-0.816058,1.038570,-0.832965,0.521174,-0.959125,0.905683,-1.377962,1.113309,-1.640374,1.237804,-1.880399,0.622000,-0.783017,1.261791,-0.807528,1.147009,-0.616850,0.918636,-0.553551,0.698546,-0.495902,1.187458,-0.429526,1.042602,-0.303407,0.861479,-0.291463,0.758413,-0.186703,1.120581,-0.169381,0.976803,-0.070513,0.812822,-0.055472,0.000000,0.000000,0.000000,0.000000,0.000000,0.000000,0.000000,0.000000,0.000000,0.000000,0.000000,0.000000,0.000000,0.000000,0.000000,0.000000,0.000000,0.000000,0.000000,0.000000,0.000000,0.000000,0.000000,0.000000,0.000000,0.000000,0.000000,0.000000,0.000000,0.000000,0.000000,0.000000,0.000000,0.000000,0.000000,0.000000,0.000000,0.000000,0.000000,0.000000,0.000000,0.000000
Y,Right,legacy_bisindo_2hand_Y_47,0.000000,0.000000,0.287249,-0.538674,0.156436,-1.326612,-0.105571,-1.900280,-0.377634,-2.237303,0.155393,-1.236282,-0.453175,-1.794998,-0.858248,-2.012410,-1.097191,-2.156622,-0.219978,-0.975505,-0.770455,-1.472454,-0.979696,-1.614522,-1.047453,-1.665406,-0.578748,-0.644980,-1.080833,-1.052853,-1.095664,-1.095283,-0.974981,-1.040382,-0.924814,-0.282942,-1.285157,-0.617364,-1.213380,-0.651871,-1.013656,-0.574399,0.000000,0.000000,0.000000,0.000000,0.000000,0.000000,0.000000,0.000000,0.000000,0.000000,0.000000,0.000000,0.000000,0.000000,0.000000,0.000000,0.000000,0.000000,0.000000,0.000000,0.000000,0.000000,0.000000,0.000000,0.000000,0.000000,0.000000,0.000000,0.000000,0.000000,0.000000,0.000000,0.000000,0.000000,0.000000,0.000000,0.000000,0.000000,0.000000,0.000000,0.000000,0.000000
Y,Right,legacy_bisindo_2hand_Y_48,0.000000,0.000000,0.110043,-0.447112,0.447099,-0.797605,0.861993,-0.981747,1.190914,-1.029864,0.511987,-0.994952,0.879377,-1.489677,1.091648,-1.753904,1.221925,-1.974456,0.639470,-0.768816,1.248593,-0.980756,1.154352,-0.844806,0.960122,-0.768097,0.760033,-0.461579,1.228420,-0.561586,1.048517,-0.427671,0.875006,-0.366684,0.870781,-0.152811,1.183376,-0.263809,1.016956,-0.176167,0.885121,-0.120690,0.000000,0.000000,0.000000,0.000000,0.000000,0.000000,0.000000,0.000000,0.000000,0.000000,0.000000,0.000000,0.000000,0.000000,0.000000,0.000000,0.000000,0.000000,0.000000,0.000000,0.000000,0.000000,0.000000,0.000000,0.000000,0.000000,0.000000,0.000000,0.000000,0.000000,0.000000,0.000000,0.000000,0.000000,0.000000,0.000000,0.000000,0.000000,0.000000,0.000000,0.000000,0.000000
Y,Right,legacy_bisindo_2hand_Y_49,0.000000,0.000000,-0.105264,-0.406733,-0.014678,-0.826634,0.234347,-1.098846,0.474723,-1.252497,-0.041526,-1.092578,0.080061,-1.671404,0.138435,-2.024035,0.141172,-2.314045,0.158580,-0.987346,0.668238,-1.351828,0.647053,-1.138598,0.477995,-0.956875,0.378816,-0.793022,0.809874,-0.984830,0.727903,-0.809107,0.567054,-0.700261,0.586554,-0.569803,0.893511,-0.732417,0.811740,-0.585306,0.668684,-0.482652,0.000000,0.000000,0.103518,-0.402212,0.077096,-0.810442,-0.053902,-1.135421,-0.222694,-1.330158,0.175909,-1.029153,0.174386,-1.396439,0.192634,-1.625951,0.218258,-1.817493,-0.034670,-0.999399,-0.441350,-1.322793,-0.782206,-1.453330,-1.037554,-1.529681,-0.226434,-0.898062,-0.516150,-1.077047,-0.594121,-0.970800,-0.609262,-0.902457,-0.355721,-0.730217,-0.574051,-0.862474,-0.593808,-0.803368,-0.565113,-0.764903
Y,Right,legacy_bisindo_2hand_Y_50,0.000000,0.000000,0.287249,-0.538674,0.156436,-1.326612,-0.105571,-1.900280,-0.377634,-2.237303,0.155393,-1.236282,-0.453175,-1.794998,-0.858248,-2.012410,-1.097191,-2.156622,-0.219978,-0.975505,-0.770455,-1.472454,-0.979696,-1.614522,-1.047453,-1.665406,-0.578748,-0.644980,-1.080833,-1.052853,-1.095664,-1.095283,-0.974981,-1.040382,-0.924814,-0.282942,-1.285157,-0.617364,-1.213380,-0.651871,-1.013656,-0.574399,0.000000,0.000000,0.000000,0.000000,0.000000,0.000000,0.000000,0.000000,0.000000,0.000000,0.000000,0.000000,0.000000,0.000000,0.000000,0.000000,0.000000,0.000000,0.000000,0.000000,0.000000,0.000000,0.000000,0.000000,0.000000,0.000000,0.000000,0.000000,0.000000,0.000000,0.000000,0.000000,0.000000,0.000000,0.000000,0.000000,0.000000,0.000000,0.000000,0.000000,0.000000,0.000000
Y,Right,legacy_bisindo_2hand_Y_51,0.000000,0.000000,0.287249,-0.538674,0.156436,-1.326612,-0.105571,-1.900280,-0.377634,-2.237303,0.155393,-1.236282,-0.453175,-1.794998,-0.858248,-2.012410,-1.097191,-2.156622,-0.219978,-0.975505,-0.770455,-1.472454,-0.979696,-1.614522,-1.047453,-1.665406,-0.578748,-0.644980,-1.080833,-1.052853,-1.095664,-1.095283,-0.974981,-1.040382,-0.924814,-0.282942,-1.285157,-0.617364,-1.213380,-0.651871,-1.013656,-0.574399,0.000000,0.000000,0.000000,0.000000,0.000000,0.000000,0.000000,0.000000,0.000000,0.000000,0.000000,0.000000,0.000000,0.000000,0.000000,0.000000,0.000000,0.000000,0.000000,0.000000,0.000000,0.000000,0.000000,0.000000,0.000000,0.000000,0.000000,0.000000,0.000000,0.000000,0.000000,0.000000,0.000000,0.000000,0.000000,0.000000,0.000000,0.000000,0.000000,0.000000,0.000000,0.000000
Y,Right,legacy_bisindo_2hand_Y_52,0.000000,0.000000,0.287249,-0.538674,0.156436,-1.326612,-0.105571,-1.900280,-0.377634,-2.237303,0.155393,-1.236282,-0.453175,-1.794998,-0.858248,-2.012410,-1.097191,-2.156622,-0.219978,-0.975505,-0.770455,-1.472454,-0.979696,-1.614522,-1.047453,-1.665406,-0.578748,-0.644980,-1.080833,-1.052853,-1.095664,-1.095283,-0.974981,-1.040382,-0.924814,-0.282942,-1.285157,-0.617364,-1.213380,-0.651871,-1.013656,-0.574399,0.000000,0.000000,0.000000,0.000000,0.000000,0.000000,0.000000,0.000000,0.000000,0.000000,0.000000,0.000000,0.000000,0.000000,0.000000,0.000000,0.000000,0.000000,0.000000,0.000000,0.000000,0.000000,0.000000,0.000000,0.000000,0.000000,0.000000,0.000000,0.000000,0.000000,0.000000,0.000000,0.000000,0.000000,0.000000,0.000000,0.000000,0.000000,0.000000,0.000000,0.000000,0.000000
Y,Right,legacy_bisindo_2hand_Y_53,0.000000,0.000000,0.287249,-0.538674,0.156436,-1.326612,-0.105571,-1.900280,-0.377634,-2.237303,0.155393,-1.236282,-0.453175,-1.794998,-0.858248,-2.012410,-1.097191,-2.156622,-0.219978,-0.975505,-0.770455,-1.472454,-0.979696,-1.614522,-1.047453,-1.665406,-0.578748,-0.644980,-1.080833,-1.052853,-1.095664,-1.095283,-0.974981,-1.040382,-0.924814,-0.282942,-1.285157,-0.617364,-1.213380,-0.651871,-1.013656,-0.574399,0.000000,0.000000,0.000000,0.000000,0.000000,0.000000,0.000000,0.000000,0.000000,0.000000,0.000000,0.000000,0.000000,0.000000,0.000000,0.000000,0.000000,0.000000,0.000000,0.000000,0.000000,0.000000,0.000000,0.000000,0.000000,0.000000,0.000000,0.000000,0.000000,0.000000,0.000000,0.000000,0.000000,0.000000,0.000000,0.000000,0.000000,0.000000,0.000000,0.000000,0.000000,0.000000
Y,Right,legacy_bisindo_2hand_Y_54,0.000000,0.000000,0.287249,-0.538674,0.156436,-1.326612,-0.105571,-1.900280,-0.377634,-2.237303,0.155393,-1.236282,-0.453175,-1.794998,-0.858248,-2.012410,-1.097191,-2.156622,-0.219978,-0.975505,-0.770455,-1.472454,-0.979696,-1.614522,-1.047453,-1.665406,-0.578748,-0.644980,-1.080833,-1.052853,-1.095664,-1.095283,-0.974981,-1.040382,-0.924814,-0.282942,-1.285157,-0.617364,-1.213380,-0.651871,-1.013656,-0.574399,0.000000,0.000000,0.000000,0.000000,0.000000,0.000000,0.000000,0.000000,0.000000,0.000000,0.000000,0.000000,0.000000,0.000000,0.000000,0.000000,0.000000,0.000000,0.000000,0.000000,0.000000,0.000000,0.000000,0.000000,0.000000,0.000000,0.000000,0.000000,0.000000,0.000000,0.000000,0.000000,0.000000,0.000000,0.000000,0.000000,0.000000,0.000000,0.000000,0.000000,0.000000,0.000000
Y,Right,legacy_bisindo_2hand_Y_55,0.000000,0.000000,0.021229,-0.418417,0.210854,-0.766327,0.490218,-0.968844,0.738433,-1.053963,0.268650,-1.053986,0.506298,-1.570435,0.651724,-1.879294,0.725899,-2.132645,0.411321,-0.911490,0.955976,-1.076425,0.897263,-0.902955,0.700504,-0.782748,0.552384,-0.675098,0.997022,-0.730643,0.894645,-0.601936,0.721588,-0.536727,0.688763,-0.427063,0.997027,-0.481571,0.887646,-0.365065,0.738026,-0.308737,0.000000,0.000000,0.000000,0.000000,0.000000,0.000000,0.000000,0.000000,0.000000,0.000000,0.000000,0.000000,0.000000,0.000000,0.000000,0.000000,0.000000,0.000000,0.000000,0.000000,0.000000,0.000000,0.000000,0.000000,0.000000,0.000000,0.000000,0.000000,0.000000,0.000000,0.000000,0.000000,0.000000,0.000000,0.000000,0.000000,0.000000,0.000000,0.000000,0.000000,0.000000,0.000000
Y,Right,legacy_bisindo_2hand_Y_56,0.000000,0.000000,0.287249,-0.538674,0.156436,-1.326612,-0.105571,-1.900280,-0.377634,-2.237303,0.155393,-1.236282,-0.453175,-1.794998,-0.858248,-2.012410,-1.097191,-2.156622,-0.219978,-0.975505,-0.770455,-1.472454,-0.979696,-1.614522,-1.047453,-1.665406,-0.578748,-0.644980,-1.080833,-1.052853,-1.095664,-1.095283,-0.974981,-1.040382,-0.924814,-0.282942,-1.285157,-0.617364,-1.213380,-0.651871,-1.013656,-0.574399,0.000000,0.000000,0.000000,0.000000,0.000000,0.000000,0.000000,0.000000,0.000000,0.000000,0.000000,0.000000,0.000000,0.000000,0.000000,0.000000,0.000000,0.000000,0.000000,0.000000,0.000000,0.000000,0.000000,0.000000,0.000000,0.000000,0.000000,0.000000,0.000000,0.000000,0.000000,0.000000,0.000000,0.000000,0.000000,0.000000,0.000000,0.000000,0.000000,0.000000,0.000000,0.000000
Y,Right,legacy_bisindo_2hand_Y_57,0.000000,0.000000,-0.033581,-0.404284,0.201388,-0.861544,0.585641,-1.105967,0.884591,-1.189069,0.245300,-1.126003,0.572572,-1.721066,0.710967,-2.084199,0.779224,-2.391803,0.399022,-0.916941,1.116660,-1.188500,1.010838,-0.960238,0.771017,-0.812599,0.565880,-0.619956,1.174172,-0.761041,1.007046,-0.584643,0.781847,-0.496336,0.733606,-0.316276,1.165555,-0.439478,1.004784,-0.293821,0.810557,-0.221705,0.000000,0.000000,0.000000,0.000000,0.000000,0.000000,0.000000,0.000000,0.000000,0.000000,0.000000,0.000000,0.000000,0.000000,0.000000,0.000000,0.000000,0.000000,0.000000,0.000000,0.000000,0.000000,0.000000,0.000000,0.000000,0.000000,0.000000,0.000000,0.000000,0.000000,0.000000,0.000000,0.000000,0.000000,0.000000,0.000000,0.000000,0.000000,0.000000,0.000000,0.000000,0.000000
Y,Right,legacy_bisindo_2hand_Y_58,0.000000,0.000000,0.024405,-0.419999,0.222579,-0.773467,0.517753,-0.967337,0.747393,-1.050609,0.282115,-1.049040,0.535630,-1.548191,0.670931,-1.843463,0.738843,-2.090742,0.432132,-0.901810,0.976450,-1.078874,0.897704,-0.900665,0.696940,-0.781736,0.574914,-0.668524,0.991953,-0.722673,0.881854,-0.588667,0.716298,-0.520564,0.713611,-0.426562,0.988894,-0.482614,0.871274,-0.360811,0.730184,-0.301763,0.000000,0.000000,0.000000,0.000000,0.000000,0.000000,0.000000,0.000000,0.000000,0.000000,0.000000,0.000000,0.000000,0.000000,0.000000,0.000000,0.000000,0.000000,0.000000,0.000000,0.000000,0.000000,0.000000,0.000000,0.000000,0.000000,0.000000,0.000000,0.000000,0.000000,0.000000,0.000000,0.000000,0.000000,0.000000,0.000000,0.000000,0.000000,0.000000,0.000000,0.000000,0.000000
Y,Right,legacy_bisindo_2hand_Y_59,0.000000,0.000000,0.287249,-0.538674,0.156436,-1.326612,-0.105571,-1.900280,-0.377634,-2.237303,0.155393,-1.236282,-0.453175,-1.794998,-0.858248,-2.012410,-1.097191,-2.156622,-0.219978,-0.975505,-0.770455,-1.472454,-0.979696,-1.614522,-1.047453,-1.665406,-0.578748,-0.644980,-1.080833,-1.052853,-1.095664,-1.095283,-0.974981,-1.040382,-0.924814,-0.282942,-1.285157,-0.617364,-1.213380,-0.651871,-1.013656,-0.574399,0.000000,0.000000,0.000000,0.000000,0.000000,0.000000,0.000000,0.000000,0.000000,0.000000,0.000000,0.000000,0.000000,0.000000,0.000000,0.000000,0.000000,0.000000,0.000000,0.000000,0.000000,0.000000,0.000000,0.000000,0.000000,0.000000,0.000000,0.000000,0.000000,0.000000,0.000000,0.000000,0.000000,0.000000,0.000000,0.000000,0.000000,0.000000,0.000000,0.000000,0.000000,0.000000
Y,Right,legacy_bisindo_2hand_Y_60,0.000000,0.000000,0.287249,-0.538674,0.156436,-1.326612,-0.105571,-1.900280,-0.377634,-2.237303,0.155393,-1.236282,-0.453175,-1.794998,-0.858248,-2.012410,-1.097191,-2.156622,-0.219978,-0.975505,-0.770455,-1.472454,-0.979696,-1.614522,-1.047453,-1.665406,-0.578748,-0.644980,-1.080833,-1.052853,-1.095664,-1.095283,-0.974981,-1.040382,-0.924814,-0.282942,-1.285157,-0.617364,-1.213380,-0.651871,-1.013656,-0.574399,0.000000,0.000000,0.000000,0.000000,0.000000,0.000000,0.000000,0.000000,0.000000,0.000000,0.000000,0.000000,0.000000,0.000000,0.000000,0.000000,0.000000,0.000000,0.000000,0.000000,0.000000,0.000000,0.000000,0.000000,0.000000,0.000000,0.000000,0.000000,0.000000,0.000000,0.000000,0.000000,0.000000,0.000000,0.000000,0.000000,0.000000,0.000000,0.000000,0.000000,0.000000,0.000000
Y,Right,legacy_bisindo_2hand_Y_61,0.000000,0.000000,0.033813,-0.388119,0.258834,-0.739379,0.578266,-0.922756,0.846755,-0.961969,0.387914,-1.008844,0.696286,-1.483006,0.868011,-1.777614,0.961607,-2.030486,0.513254,-0.858237,1.123524,-0.945571,1.030000,-0.741311,0.807065,-0.653649,0.624354,-0.589906,1.109005,-0.575136,0.970363,-0.435908,0.781499,-0.400942,0.721432,-0.302856,1.069942,-0.308556,0.929001,-0.194019,0.766748,-0.160943,0.000000,0.000000,0.000000,0.000000,0.000000,0.000000,0.000000,0.000000,0.000000,0.000000,0.000000,0.000000,0.000000,0.000000,0.000000,0.000000,0.000000,0.000000,0.000000,0.000000,0.000000,0.000000,0.000000,0.000000,0.000000,0.000000,0.000000,0.000000,0.000000,0.000000,0.000000,0.000000,0.000000,0.000000,0.000000,0.000000,0.000000,0.000000,0.000000,0.000000,0.000000,0.000000
Y,Right,legacy_bisindo_2hand_Y_62,0.000000,0.000000,0.287249,-0.538674,0.156436,-1.326612,-0.105571,-1.900280,-0.377634,-2.237303,0.155393,-1.236282,-0.453175,-1.794998,-0.858248,-2.012410,-1.097191,-2.156622,-0.219978,-0.975505,-0.770455,-1.472454,-0.979696,-1.614522,-1.047453,-1.665406,-0.578748,-0.644980,-1.080833,-1.052853,-1.095664,-1.095283,-0.974981,-1.040382,-0.924814,-0.282942,-1.285157,-0.617364,-1.213380,-0.651871,-1.013656,-0.574399,0.000000,0.000000,0.000000,0.000000,0.000000,0.000000,0.000000,0.000000,0.000000,0.000000,0.000000,0.000000,0.000000,0.000000,0.000000,0.000000,0.000000,0.000000,0.000000,0.000000,0.000000,0.000000,0.000000,0.000000,0.000000,0.000000,0.000000,0.000000,0.000000,0.000000,0.000000,0.000000,0.000000,0.000000,0.000000,0.000000,0.000000,0.000000,0.000000,0.000000,0.000000,0.000000
Y,Right,legacy_bisindo_2hand_Y_63,0.000000,0.000000,0.222253,-0.370906,0.194378,-0.849071,0.064833,-1.215863,-0.037897,-1.467802,-0.155360,-1.040398,-0.600612,-1.269237,-0.892782,-1.355863,-1.126792,-1.470150,-0.359200,-0.933261,-0.831639,-1.099707,-1.131890,-1.271908,-1.391946,-1.444459,-0.498869,-0.744957,-0.669020,-0.801289,-0.484084,-0.659426,-0.334932,-0.592914,-0.582831,-0.540109,-0.663585,-0.583548,-0.488981,-0.492771,-0.333564,-0.444323,0.000000,0.000000,0.000000,0.000000,0.000000,0.000000,0.000000,0.000000,0.000000,0.000000,0.000000,0.000000,0.000000,0.000000,0.000000,0.000000,0.000000,0.000000,0.000000,0.000000,0.000000,0.000000,0.000000,0.000000,0.000000,0.000000,0.000000,0.000000,0.000000,0.000000,0.000000,0.000000,0.000000,0.000000,0.000000,0.000000,0.000000,0.000000,0.000000,0.000000,0.000000,0.000000
Y,Right,legacy_bisindo_2hand_Y_64,0.000000,0.000000,-0.182727,-0.495944,-0.010611,-1.092200,0.294620,-1.533810,0.545574,-1.795075,-0.091212,-1.168840,0.025638,-1.995028,0.051916,-2.450039,0.044579,-2.771689,0.195884,-0.980627,0.748193,-1.634101,0.691945,-1.428974,0.506667,-1.187350,0.491034,-0.728666,0.972901,-1.254361,0.864036,-1.026686,0.724486,-0.810797,0.785837,-0.473944,1.101517,-0.916685,1.000084,-0.734193,0.889259,-0.536283,0.000000,0.000000,0.000000,0.000000,0.000000,0.000000,0.000000,0.000000,0.000000,0.000000,0.000000,0.000000,0.000000,0.000000,0.000000,0.000000,0.000000,0.000000,0.000000,0.000000,0.000000,0.000000,0.000000,0.000000,0.000000,0.000000,0.000000,0.000000,0.000000,0.000000,0.000000,0.000000,0.000000,0.000000,0.000000,0.000000,0.000000,0.000000,0.000000,0.000000,0.000000,0.000000
Y,Right,legacy_bisindo_2hand_Y_65,0.000000,0.000000,0.061836,-0.401047,0.361175,-0.799317,0.748295,-1.000696,1.060216,-1.072361,0.430107,-1.052957,0.774890,-1.563419,0.966110,-1.855170,1.069196,-2.117356,0.535439,-0.844574,1.250795,-1.020894,1.176689,-0.835918,0.971741,-0.775268,0.652536,-0.544202,1.231523,-0.597943,1.057837,-0.431806,0.842099,-0.394591,0.765580,-0.238624,1.184333,-0.312429,1.020364,-0.187445,0.853573,-0.157093,0.000000,0.000000,0.000000,0.000000,0.000000,0.000000,0.000000,0.000000,0.000000,0.000000,0.000000,0.000000,0.000000,0.000000,0.000000,0.000000,0.000000,0.000000,0.000000,0.000000,0.000000,0.000000,0.000000,0.000000,0.000000,0.000000,0.000000,0.000000,0.000000,0.000000,0.000000,0.000000,0.000000,0.000000,0.000000,0.000000,0.000000,0.000000,0.000000,0.000000,0.000000,0.000000
Y,Right,legacy_bisindo_2hand_Y_66,0.000000,0.000000,-0.001501,-0.408014,0.268210,-0.849941,0.631447,-1.106752,0.931647,-1.216829,0.328343,-1.092403,0.649833,-1.636823,0.826511,-1.955605,0.919782,-2.214642,0.473766,-0.880651,1.130419,-1.105378,1.020176,-0.900301,0.794097,-0.789329,0.619716,-0.585740,1.166021,-0.703815,0.997128,-0.532110,0.798391,-0.459912,0.752004,-0.279744,1.163091,-0.418422,0.996855,-0.295292,0.838886,-0.231296,0.000000,0.000000,0.000000,0.000000,0.000000,0.000000,0.000000,0.000000,0.000000,0.000000,0.000000,0.000000,0.000000,0.000000,0.000000,0.000000,0.000000,0.000000,0.000000,0.000000,0.000000,0.000000,0.000000,0.000000,0.000000,0.000000,0.000000,0.000000,0.000000,0.000000,0.000000,0.000000,0.000000,0.000000,0.000000,0.000000,0.000000,0.000000,0.000000,0.000000,0.000000,0.000000
Y,Right,legacy_bisindo_2hand_Y_67,0.000000,0.000000,0.005193,-0.422888,0.177222,-0.772905,0.441556,-0.968061,0.692454,-1.040527,0.238153,-1.048230,0.457597,-1.560768,0.577660,-1.865556,0.628579,-2.119874,0.389822,-0.920890,0.924058,-1.108790,0.861570,-0.934000,0.666478,-0.806718,0.538398,-0.694916,0.971459,-0.754026,0.863195,-0.625276,0.695691,-0.557311,0.673850,-0.452019,0.972377,-0.508650,0.861249,-0.388872,0.712501,-0.328705,0.000000,0.000000,0.000000,0.000000,0.000000,0.000000,0.000000,0.000000,0.000000,0.000000,0.000000,0.000000,0.000000,0.000000,0.000000,0.000000,0.000000,0.000000,0.000000,0.000000,0.000000,0.000000,0.000000,0.000000,0.000000,0.000000,0.000000,0.000000,0.000000,0.000000,0.000000,0.000000,0.000000,0.000000,0.000000,0.000000,0.000000,0.000000,0.000000,0.000000,0.000000,0.000000
Y,Right,legacy_bisindo_2hand_Y_68,0.000000,0.000000,0.287249,-0.538674,0.156436,-1.326612,-0.105571,-1.900280,-0.377634,-2.237303,0.155393,-1.236282,-0.453175,-1.794998,-0.858248,-2.012410,-1.097191,-2.156622,-0.219978,-0.975505,-0.770455,-1.472454,-0.979696,-1.614522,-1.047453,-1.665406,-0.578748,-0.644980,-1.080833,-1.052853,-1.095664,-1.095283,-0.974981,-1.040382,-0.924814,-0.282942,-1.285157,-0.617364,-1.213380,-0.651871,-1.013656,-0.574399,0.000000,0.000000,0.000000,0.000000,0.000000,0.000000,0.000000,0.000000,0.000000,0.000000,0.000000,0.000000,0.000000,0.000000,0.000000,0.000000,0.000000,0.000000,0.000000,0.000000,0.000000,0.000000,0.000000,0.000000,0.000000,0.000000,0.000000,0.000000,0.000000,0.000000,0.000000,0.000000,0.000000,0.000000,0.000000,0.000000,0.000000,0.000000,0.000000,0.000000,0.000000,0.000000
Y,Right,legacy_bisindo_2hand_Y_69,0.000000,0.000000,0.287249,-0.538674,0.156436,-1.326612,-0.105571,-1.900280,-0.377634,-2.237303,0.155393,-1.236282,-0.453175,-1.794998,-0.858248,-2.012410,-1.097191,-2.156622,-0.219978,-0.975505,-0.770455,-1.472454,-0.979696,-1.614522,-1.047453,-1.665406,-0.578748,-0.644980,-1.080833,-1.052853,-1.095664,-1.095283,-0.974981,-1.040382,-0.924814,-0.282942,-1.285157,-0.617364,-1.213380,-0.651871,-1.013656,-0.574399,0.000000,0.000000,0.000000,0.000000,0.000000,0.000000,0.000000,0.000000,0.000000,0.000000,0.000000,0.000000,0.000000,0.000000,0.000000,0.000000,0.000000,0.000000,0.000000,0.000000,0.000000,0.000000,0.000000,0.000000,0.000000,0.000000,0.000000,0.000000,0.000000,0.000000,0.000000,0.000000,0.000000,0.000000,0.000000,0.000000,0.000000,0.000000,0.000000,0.000000,0.000000,0.000000
Y,Right,legacy_bisindo_2hand_Y_70,0.000000,0.000000,0.287249,-0.538674,0.156436,-1.326612,-0.105571,-1.900280,-0.377634,-2.237303,0.155393,-1.236282,-0.453175,-1.794998,-0.858248,-2.012410,-1.097191,-2.156622,-0.219978,-0.975505,-0.770455,-1.472454,-0.979696,-1.614522,-1.047453,-1.665406,-0.578748,-0.644980,-1.080833,-1.052853,-1.095664,-1.095283,-0.974981,-1.040382,-0.924814,-0.282942,-1.285157,-0.617364,-1.213380,-0.651871,-1.013656,-0.574399,0.000000,0.000000,0.000000,0.000000,0.000000,0.000000,0.000000,0.000000,0.000000,0.000000,0.000000,0.000000,0.000000,0.000000,0.000000,0.000000,0.000000,0.000000,0.000000,0.000000,0.000000,0.000000,0.000000,0.000000,0.000000,0.000000,0.000000,0.000000,0.000000,0.000000,0.000000,0.000000,0.000000,0.000000,0.000000,0.000000,0.000000,0.000000,0.000000,0.000000,0.000000,0.000000
Y,Right,legacy_bisindo_2hand_Y_71,0.000000,0.000000,0.287249,-0.538674,0.156436,-1.326612,-0.105571,-1.900280,-0.377634,-2.237303,0.155393,-1.236282,-0.453175,-1.794998,-0.858248,-2.012410,-1.097191,-2.156622,-0.219978,-0.975505,-0.770455,-1.472454,-0.979696,-1.614522,-1.047453,-1.665406,-0.578748,-0.644980,-1.080833,-1.052853,-1.095664,-1.095283,-0.974981,-1.040382,-0.924814,-0.282942,-1.285157,-0.617364,-1.213380,-0.651871,-1.013656,-0.574399,0.000000,0.000000,0.000000,0.000000,0.000000,0.000000,0.000000,0.000000,0.000000,0.000000,0.000000,0.000000,0.000000,0.000000,0.000000,0.000000,0.000000,0.000000,0.000000,0.000000,0.000000,0.000000,0.000000,0.000000,0.000000,0.000000,0.000000,0.000000,0.000000,0.000000,0.000000,0.000000,0.000000,0.000000,0.000000,0.000000,0.000000,0.000000,0.000000,0.000000,0.000000,0.000000
Y,Right,legacy_bisindo_2hand_Y_72,0.000000,0.000000,0.228238,-0.405099,0.185358,-0.940805,0.069180,-1.343778,-0.009801,-1.627264,-0.165820,-1.067518,-0.665343,-1.300032,-0.968928,-1.397646,-1.222653,-1.534446,-0.397248,-0.917711,-0.887771,-1.060679,-1.209058,-1.225577,-1.487767,-1.390312,-0.542056,-0.705057,-0.723331,-0.770383,-0.560984,-0.654604,-0.424177,-0.582161,-0.612811,-0.491066,-0.689843,-0.547244,-0.530492,-0.477788,-0.382384,-0.449808,0.000000,0.000000,-0.235543,-0.337818,-0.281753,-0.740913,-0.122264,-1.041535,0.059766,-1.222645,-0.367258,-1.014970,-0.377797,-1.568250,-0.400887,-1.891676,-0.464753,-2.137808,-0.199842,-0.979828,0.185444,-1.411351,0.235213,-1.230618,0.147991,-1.033321,0.030492,-0.868483,0.406848,-1.115406,0.383958,-0.933936,0.271350,-0.792222,0.265433,-0.732179,0.534721,-0.907244,0.506360,-0.743438,0.406801,-0.603323
Y,Right,legacy_bisindo_2hand_Y_73,0.000000,0.000000,0.287249,-0.538674,0.156436,-1.326612,-0.105571,-1.900280,-0.377634,-2.237303,0.155393,-1.236282,-0.453175,-1.794998,-0.858248,-2.012410,-1.097191,-2.156622,-0.219978,-0.975505,-0.770455,-1.472454,-0.979696,-1.614522,-1.047453,-1.665406,-0.578748,-0.644980,-1.080833,-1.052853,-1.095664,-1.095283,-0.974981,-1.040382,-0.924814,-0.282942,-1.285157,-0.617364,-1.213380,-0.651871,-1.013656,-0.574399,0.000000,0.000000,0.000000,0.000000,0.000000,0.000000,0.000000,0.000000,0.000000,0.000000,0.000000,0.000000,0.000000,0.000000,0.000000,0.000000,0.000000,0.000000,0.000000,0.000000,0.000000,0.000000,0.000000,0.000000,0.000000,0.000000,0.000000,0.000000,0.000000,0.000000,0.000000,0.000000,0.000000,0.000000,0.000000,0.000000,0.000000,0.000000,0.000000,0.000000,0.000000,0.000000
Y,Right,legacy_bisindo_2hand_Y_74,0.000000,0.000000,-0.315014,-0.578076,-0.401062,-1.384026,-0.495361,-2.110756,-0.654139,-2.600942,-0.028873,-1.221079,0.608104,-2.020678,0.547019,-1.908573,0.396787,-1.679002,0.395447,-0.918489,0.932273,-1.656380,0.766363,-1.459032,0.573433,-1.181213,0.787653,-0.656070,1.165956,-1.352452,0.991330,-1.139971,0.851317,-0.870272,1.133864,-0.451725,1.352102,-1.022121,1.220528,-0.839345,1.147184,-0.574893,0.000000,0.000000,0.000000,0.000000,0.000000,0.000000,0.000000,0.000000,0.000000,0.000000,0.000000,0.000000,0.000000,0.000000,0.000000,0.000000,0.000000,0.000000,0.000000,0.000000,0.000000,0.000000,0.000000,0.000000,0.000000,0.000000,0.000000,0.000000,0.000000,0.000000,0.000000,0.000000,0.000000,0.000000,0.000000,0.000000,0.000000,0.000000,0.000000,0.000000,0.000000,0.000000
Y,Right,legacy_bisindo_2hand_Y_75,0.000000,0.000000,0.287249,-0.538674,0.156436,-1.326612,-0.105571,-1.900280,-0.377634,-2.237303,0.155393,-1.236282,-0.453175,-1.794998,-0.858248,-2.012410,-1.097191,-2.156622,-0.219978,-0.975505,-0.770455,-1.472454,-0.979696,-1.614522,-1.047453,-1.665406,-0.578748,-0.644980,-1.080833,-1.052853,-1.095664,-1.095283,-0.974981,-1.040382,-0.924814,-0.282942,-1.285157,-0.617364,-1.213380,-0.651871,-1.013656,-0.574399,0.000000,0.000000,0.000000,0.000000,0.000000,0.000000,0.000000,0.000000,0.000000,0.000000,0.000000,0.000000,0.000000,0.000000,0.000000,0.000000,0.000000,0.000000,0.000000,0.000000,0.000000,0.000000,0.000000,0.000000,0.000000,0.000000,0.000000,0.000000,0.000000,0.000000,0.000000,0.000000,0.000000,0.000000,0.000000,0.000000,0.000000,0.000000,0.000000,0.000000,0.000000,0.000000
Y,Right,legacy_bisindo_2hand_Y_76,0.000000,0.000000,-0.042646,-0.392815,0.156102,-0.872321,0.513988,-1.171226,0.807000,-1.297212,0.201296,-1.135504,0.414042,-1.743503,0.523489,-2.120614,0.567549,-2.421909,0.368716,-0.929542,1.032711,-1.274002,0.954888,-1.031590,0.720997,-0.850391,0.556761,-0.637293,1.117859,-0.859362,0.982907,-0.652253,0.769399,-0.534065,0.740637,-0.346221,1.144699,-0.525760,1.000847,-0.357571,0.810068,-0.254771,0.000000,0.000000,0.000000,0.000000,0.000000,0.000000,0.000000,0.000000,0.000000,0.000000,0.000000,0.000000,0.000000,0.000000,0.000000,0.000000,0.000000,0.000000,0.000000,0.000000,0.000000,0.000000,0.000000,0.000000,0.000000,0.000000,0.000000,0.000000,0.000000,0.000000,0.000000,0.000000,0.000000,0.000000,0.000000,0.000000,0.000000,0.000000,0.000000,0.000000,0.000000,0.000000
Y,Right,legacy_bisindo_2hand_Y_77,0.000000,0.000000,-0.199004,-0.467523,-0.235436,-0.967111,-0.229740,-1.386799,-0.256415,-1.697234,0.404710,-0.919992,0.733459,-1.563712,0.912852,-1.916478,1.068806,-2.129731,0.732648,-0.680608,0.818985,-1.387616,0.586854,-1.420134,0.428097,-1.276385,0.905974,-0.495825,0.955758,-1.142418,0.728879,-1.173791,0.609088,-1.031360,0.996864,-0.342975,1.081084,-0.885535,0.892994,-0.936122,0.734374,-0.816976,0.000000,0.000000,0.000000,0.000000,0.000000,0.000000,0.000000,0.000000,0.000000,0.000000,0.000000,0.000000,0.000000,0.000000,0.000000,0.000000,0.000000,0.000000,0.000000,0.000000,0.000000,0.000000,0.000000,0.000000,0.000000,0.000000,0.000000,0.000000,0.000000,0.000000,0.000000,0.000000,0.000000,0.000000,0.000000,0.000000,0.000000,0.000000,0.000000,0.000000,0.000000,0.000000
Y,Right,legacy_bisindo_2hand_Y_78,0.000000,0.000000,-0.202603,-0.441251,-0.212475,-0.922250,-0.270827,-1.292000,-0.408247,-1.573937,0.471245,-0.931567,0.813569,-1.260451,1.042353,-1.424230,1.229999,-1.536247,0.702968,-0.711222,0.558525,-0.764854,0.343291,-0.680559,0.226528,-0.588342,0.782722,-0.434029,0.555963,-0.499043,0.379108,-0.439205,0.262962,-0.379278,0.797946,-0.182017,0.635395,-0.262607,0.464007,-0.235075,0.352364,-0.203106,0.000000,0.000000,0.206576,-0.547176,0.162839,-1.028510,-0.038824,-1.298162,-0.281579,-1.332039,-0.317235,-0.972133,-0.509697,-1.475194,-0.638696,-1.771973,-0.757436,-2.044303,-0.540099,-0.841601,-0.675352,-1.515842,-0.781154,-2.005234,-0.891665,-2.423554,-0.645880,-0.711710,-0.624655,-1.260001,-0.536234,-1.462625,-0.456417,-1.559209,-0.675308,-0.568284,-0.585243,-0.919166,-0.444035,-1.033139,-0.337500,-1.028025
Y,Right,legacy_bisindo_2hand_Y_79,0.000000,0.000000,0.216372,-0.278123,0.259683,-0.644283,0.277457,-0.895604,0.299418,-1.074207,-0.102957,-1.004405,-0.132838,-1.703585,-0.114094,-2.106914,-0.099482,-2.398716,-0.377768,-0.925900,-0.666015,-1.512497,-0.542442,-1.583450,-0.384418,-1.538211,-0.565332,-0.778884,-0.825680,-1.263827,-0.681686,-1.290358,-0.535403,-1.203355,-0.681821,-0.612126,-0.861029,-0.989682,-0.783560,-1.054888,-0.671225,-1.028785,0.000000,0.000000,-0.243496,-0.464964,-0.275233,-0.961941,-0.354993,-1.390931,-0.422529,-1.697377,0.322598,-1.058998,0.671358,-1.505500,0.913495,-1.773299,1.107764,-1.966827,0.578287,-0.815833,0.524010,-1.049088,0.364579,-0.988342,0.266194,-0.851832,0.671005,-0.539011,0.549529,-0.769721,0.415881,-0.693748,0.321675,-0.563802,0.718508,-0.289786,0.621579,-0.499633,0.491160,-0.447091,0.403458,-0.344949
Y,Right,legacy_bisindo_2hand_Y_80,0.000000,0.000000,-0.189491,-0.463674,-0.253250,-0.939012,-0.313749,-1.340586,-0.489841,-1.596475,0.328452,-0.991366,0.614666,-1.574176,0.795049,-1.906431,0.942424,-2.163338,0.605609,-0.795762,0.658389,-1.336375,0.489949,-1.342758,0.362233,-1.252445,0.745407,-0.582052,0.690063,-1.042175,0.523465,-1.001087,0.401966,-0.872796,0.831227,-0.389624,0.774581,-0.785503,0.597361,-0.778119,0.485730,-0.673183,0.000000,0.000000,0.150919,-0.554230,0.025757,-1.092251,-0.197495,-1.423160,-0.481696,-1.384975,-0.406071,-0.926006,-0.787050,-1.597888,-0.977661,-1.971725,-1.134815,-2.266841,-0.689942,-0.723864,-0.733906,-1.276237,-0.521564,-1.226904,-0.399849,-1.086331,-0.868062,-0.551028,-0.843836,-1.059991,-0.659019,-1.022086,-0.572286,-0.883719,-0.955040,-0.418837,-0.927010,-0.848069,-0.775800,-0.842530,-0.715341,-0.730583
Y,Right,legacy_bisindo_2hand_Y_81,0.000000,0.000000,-0.267285,-0.366172,-0.576571,-0.663258,-0.956943,-0.812735,-1.235973,-0.953711,-0.345565,-1.152899,-0.597046,-1.687254,-0.717480,-2.028343,-0.784663,-2.332400,-0.267107,-0.963667,-0.971595,-1.088479,-1.012511,-0.768653,-0.850873,-0.636762,-0.283897,-0.651254,-0.968029,-0.583878,-0.909935,-0.345833,-0.691170,-0.305786,-0.345421,-0.324286,-0.861925,-0.246390,-0.825502,-0.090464,-0.639503,-0.066940,0.000000,0.000000,-0.364117,-0.495954,-0.456780,-1.104828,-0.534679,-1.582489,-0.573878,-1.978883,0.456476,-0.988637,0.907872,-1.562500,1.150817,-1.921312,1.344314,-2.197921,0.727743,-0.685850,0.737647,-1.148566,0.529532,-1.194478,0.458229,-1.124978,0.784985,-0.382089,0.567407,-0.747329,0.323434,-0.767219,0.259058,-0.705402,0.756807,-0.142026,0.492426,-0.469877,0.267171,-0.513765,0.198644,-0.471509
Y,Right,legacy_bisindo_2hand_Y_82,0.000000,0.000000,-0.348168,-0.379713,-0.527710,-0.831612,-0.764159,-1.201488,-0.977100,-1.454583,0.091485,-1.031587,0.331636,-1.651933,0.470576,-1.972412,0.601534,-2.206151,0.424556,-0.905402,0.366767,-1.349722,0.183897,-1.257567,0.094396,-1.076053,0.596646,-0.722570,0.457015,-1.123642,0.315735,-1.032705,0.236634,-0.865811,0.702390,-0.565361,0.559858,-0.853737,0.415480,-0.787808,0.341212,-0.660059,0.000000,0.000000,0.000000,0.000000,0.000000,0.000000,0.000000,0.000000,0.000000,0.000000,0.000000,0.000000,0.000000,0.000000,0.000000,0.000000,0.000000,0.000000,0.000000,0.000000,0.000000,0.000000,0.000000,0.000000,0.000000,0.000000,0.000000,0.000000,0.000000,0.000000,0.000000,0.000000,0.000000,0.000000,0.000000,0.000000,0.000000,0.000000,0.000000,0.000000,0.000000,0.000000
Y,Right,legacy_bisindo_2hand_Y_83,0.000000,0.000000,-0.288736,-0.386371,-0.676434,-0.609203,-1.087182,-0.611486,-1.399939,-0.521109,-0.553384,-1.125203,-0.975539,-1.485055,-1.180188,-1.776037,-1.306739,-2.066006,-0.441976,-0.897027,-1.293254,-0.700033,-1.256393,-0.440102,-1.079238,-0.383609,-0.409392,-0.527020,-1.199797,-0.235169,-1.076680,-0.085609,-0.855092,-0.123844,-0.419340,-0.151765,-1.009618,0.055557,-0.889279,0.146064,-0.662877,0.110521,0.000000,0.000000,-0.127133,-0.440631,-0.095915,-0.928645,-0.063410,-1.358145,-0.015761,-1.720371,0.577893,-0.776934,0.948797,-1.248018,1.098895,-1.541483,1.161963,-1.800493,0.752154,-0.658987,0.713162,-1.194317,0.409709,-1.120763,0.238382,-0.964477,0.786780,-0.519308,0.678870,-0.999901,0.422647,-0.909990,0.314361,-0.736012,0.783918,-0.408144,0.641953,-0.750028,0.427313,-0.704746,0.360112,-0.551987
Y,Right,legacy_bisindo_2hand_Y_84,0.000000,0.000000,-0.478911,-0.423585,-0.605296,-1.127251,-0.552482,-1.661232,-0.567850,-2.097479,0.045970,-1.188882,0.567003,-1.734209,0.848494,-1.980811,1.059202,-2.151034,0.274991,-0.961447,0.478807,-1.289678,0.380026,-1.218161,0.314874,-1.089003,0.372431,-0.725916,0.363611,-0.965762,0.205914,-0.894100,0.115497,-0.789743,0.367597,-0.557002,0.215210,-0.930086,0.000698,-1.171492,-0.162143,-1.324523,0.000000,0.000000,0.000000,0.000000,0.000000,0.000000,0.000000,0.000000,0.000000,0.000000,0.000000,0.000000,0.000000,0.000000,0.000000,0.000000,0.000000,0.000000,0.000000,0.000000,0.000000,0.000000,0.000000,0.000000,0.000000,0.000000,0.000000,0.000000,0.000000,0.000000,0.000000,0.000000,0.000000,0.000000,0.000000,0.000000,0.000000,0.000000,0.000000,0.000000,0.000000,0.000000
Y,Right,legacy_bisindo_2hand_Y_85,0.000000,0.000000,-0.298374,-0.377156,-0.363039,-0.781312,-0.375067,-1.075699,-0.380408,-1.335858,-0.025681,-1.101752,-0.155846,-1.593111,-0.227806,-1.916074,-0.282643,-2.191537,0.082860,-0.996561,-0.364108,-1.238961,-0.487575,-0.972632,-0.444341,-0.771333,0.091404,-0.824275,-0.357466,-1.029028,-0.423227,-0.789248,-0.350978,-0.609654,0.040075,-0.632491,-0.298684,-0.831659,-0.380122,-0.678428,-0.335364,-0.538585,0.000000,0.000000,-0.279153,-0.416227,-0.365647,-0.857717,-0.413715,-1.183288,-0.434168,-1.412273,0.164775,-1.114707,0.484238,-1.715264,0.681304,-2.063660,0.852589,-2.322294,0.382390,-0.924001,0.568706,-1.585528,0.716411,-2.001956,0.879005,-2.306142,0.468183,-0.688682,0.293977,-1.070815,0.130835,-0.997640,0.054660,-0.849347,0.465967,-0.494580,0.290331,-0.792289,0.152754,-0.743667,0.090612,-0.640625
Y,Right,legacy_bisindo_2hand_Y_86,0.000000,0.000000,-0.218927,-0.475138,-0.343423,-0.872205,-0.454393,-1.142527,-0.544765,-1.408355,0.024585,-1.207596,-0.125108,-1.797977,-0.175967,-2.141163,-0.232959,-2.445615,0.165302,-0.986243,-0.404241,-1.214628,-0.705462,-0.948745,-0.852230,-0.731149,0.184048,-0.678158,-0.453635,-0.705182,-0.475509,-0.510349,-0.344482,-0.409310,0.132571,-0.363173,-0.364869,-0.405090,-0.400210,-0.295549,-0.263563,-0.247616,0.000000,0.000000,0.000000,0.000000,0.000000,0.000000,0.000000,0.000000,0.000000,0.000000,0.000000,0.000000,0.000000,0.000000,0.000000,0.000000,0.000000,0.000000,0.000000,0.000000,0.000000,0.000000,0.000000,0.000000,0.000000,0.000000,0.000000,0.000000,0.000000,0.000000,0.000000,0.000000,0.000000,0.000000,0.000000,0.000000,0.000000,0.000000,0.000000,0.000000,0.000000,0.000000
Y,Right,legacy_bisindo_2hand_Y_87,0.000000,0.000000,-0.136578,-0.390499,-0.102132,-0.935836,-0.144823,-1.363465,-0.249375,-1.666355,0.409341,-0.952982,0.695454,-1.463788,0.895991,-1.757505,1.042796,-1.983904,0.633500,-0.773743,0.605436,-0.862421,0.427321,-0.739770,0.313510,-0.645568,0.741841,-0.543071,0.644324,-0.617743,0.504304,-0.514757,0.418019,-0.433896,0.780612,-0.325576,0.702764,-0.406740,0.573556,-0.320665,0.502135,-0.242852,0.000000,0.000000,0.276504,-0.454982,0.310244,-0.965554,0.171389,-1.311176,-0.041723,-1.460311,-0.087842,-1.003504,-0.196046,-1.546669,-0.270962,-1.845070,-0.336581,-2.107908,-0.301432,-0.953488,-0.331212,-1.517614,-0.365556,-1.870760,-0.412907,-2.149578,-0.427541,-0.879527,-0.342631,-1.350936,-0.237757,-1.301849,-0.173350,-1.175982,-0.477953,-0.796721,-0.391102,-1.177734,-0.286355,-1.164116,-0.233543,-1.058630
Y,Right,legacy_bisindo_2hand_Y_88,0.000000,0.000000,0.221016,-0.538144,0.141096,-1.036023,-0.042966,-1.257323,-0.292912,-1.235460,-0.300800,-1.060525,-0.471424,-1.717124,-0.544000,-2.104423,-0.606490,-2.402022,-0.543689,-0.839287,-0.421002,-1.194312,-0.205141,-1.108421,-0.095452,-0.999072,-0.678730,-0.602279,-0.500523,-0.912308,-0.319928,-0.870570,-0.255676,-0.786568,-0.744824,-0.382353,-0.571398,-0.652790,-0.405558,-0.651492,-0.371443,-0.577927,0.000000,0.000000,-0.361728,-0.443598,-0.456680,-0.970034,-0.557297,-1.402754,-0.627838,-1.751503,0.304671,-1.073697,0.745103,-1.512135,1.043398,-1.804910,1.321537,-2.021000,0.603588,-0.797296,0.375307,-0.624284,0.186150,-0.437226,0.196675,-0.331689,0.696535,-0.445244,0.397092,-0.302527,0.254791,-0.183806,0.280828,-0.139555,0.717570,-0.128477,0.487654,-0.022079,0.317964,0.074707,0.277685,0.132716
Y,Right,legacy_bisindo_2hand_Y_89,0.000000,0.000000,0.289757,-0.444170,0.361431,-1.003707,0.345159,-1.464493,0.434002,-1.764612,0.045196,-1.047603,-0.116697,-1.319002,-0.157985,-1.295901,-0.143016,-1.257535,-0.228954,-0.973437,-0.547822,-1.461007,-0.724028,-1.796645,-0.857221,-2.004434,-0.437172,-0.813040,-0.421638,-1.074518,-0.243365,-0.977246,-0.107593,-0.863228,-0.550372,-0.649948,-0.450869,-0.837264,-0.325222,-0.758233,-0.258262,-0.668846,0.000000,0.000000,0.162810,-0.449008,0.349636,-0.817823,0.533393,-1.039556,0.701213,-1.210409,0.240776,-1.093732,0.404974,-1.697853,0.516736,-2.040581,0.571193,-2.266597,0.232134,-0.972684,0.678616,-1.452828,0.912617,-1.287248,0.927154,-1.046762,0.264220,-0.745618,0.785703,-1.096269,0.996509,-0.868949,0.994263,-0.679293,0.359932,-0.461979,0.779075,-0.757779,0.948495,-0.653631,0.956299,-0.534873
Y,Right,legacy_bisindo_2hand_Y_90,0.000000,0.000000,-0.303920,-0.258432,-0.491605,-0.766757,-0.513857,-1.096930,-0.477709,-1.168310,-0.440159,-0.983436,-0.681318,-1.635076,-0.817821,-2.027015,-0.879511,-2.345409,-0.336675,-0.941621,-0.541329,-1.186969,-0.548320,-1.014193,-0.472867,-0.853268,-0.316545,-0.867658,-0.514215,-1.067355,-0.501009,-0.929262,-0.449717,-0.820687,-0.316313,-0.772109,-0.477933,-0.926927,-0.434396,-0.838462,-0.392357,-0.715662,0.000000,0.000000,-0.176659,-0.396084,-0.143435,-0.909099,-0.215309,-1.286344,-0.336412,-1.588979,0.399099,-0.987151,0.710753,-1.346504,0.954716,-1.515772,1.150613,-1.624061,0.592104,-0.805861,0.455521,-1.025209,0.207368,-0.939850,0.078503,-0.821918,0.663237,-0.606021,0.484705,-0.791946,0.277450,-0.706328,0.173047,-0.603670,0.673810,-0.431915,0.505469,-0.609224,0.316765,-0.554567,0.216686,-0.465071
Y,Right,legacy_bisindo_2hand_Y_91,0.000000,0.000000,-0.185168,-0.329770,-0.445231,-0.646644,-0.710491,-0.757610,-0.829499,-0.714933,-0.105354,-1.202040,-0.329328,-1.744797,-0.523918,-2.145325,-0.648161,-2.458764,0.160530,-0.987031,-0.537014,-0.857634,-0.763857,-0.464200,-0.765890,-0.241983,0.296025,-0.585858,-0.454978,-0.313240,-0.617004,0.030329,-0.568228,0.182370,0.349952,-0.211045,-0.256057,0.038117,-0.432139,0.275604,-0.386967,0.378963,0.000000,0.000000,0.000000,0.000000,0.000000,0.000000,0.000000,0.000000,0.000000,0.000000,0.000000,0.000000,0.000000,0.000000,0.000000,0.000000,0.000000,0.000000,0.000000,0.000000,0.000000,0.000000,0.000000,0.000000,0.000000,0.000000,0.000000,0.000000,0.000000,0.000000,0.000000,0.000000,0.000000,0.000000,0.000000,0.000000,0.000000,0.000000,0.000000,0.000000,0.000000,0.000000
Y,Right,legacy_bisindo_2hand_Y_92,0.000000,0.000000,0.129695,-0.345941,0.013591,-0.869578,-0.279239,-1.203779,-0.571016,-1.404396,-0.234788,-0.975554,-0.426447,-1.759658,-0.545565,-2.256445,-0.633802,-2.654862,-0.445878,-0.895094,-0.689430,-1.578472,-0.791537,-1.814087,-0.841259,-1.949936,-0.611778,-0.778236,-0.835508,-1.367693,-0.731767,-1.233570,-0.602634,-1.038606,-0.727573,-0.650597,-0.898336,-1.114612,-0.794376,-1.035511,-0.681600,-0.895805,0.000000,0.000000,-0.261896,-0.387519,-0.294645,-0.961228,-0.358421,-1.364040,-0.452270,-1.667599,0.279617,-0.994204,0.715685,-1.488842,1.000093,-1.767780,1.239243,-1.978747,0.534997,-0.844854,0.538834,-1.286454,0.384671,-1.329465,0.320872,-1.276371,0.670034,-0.707354,0.491834,-1.109868,0.271341,-1.012758,0.165029,-0.855966,0.740494,-0.595241,0.482867,-0.925193,0.300283,-0.851682,0.235217,-0.727467
Y,Right,legacy_bisindo_2hand_Y_93,0.000000,0.000000,-0.139842,-0.522242,-0.201429,-0.970859,-0.305463,-1.349382,-0.419606,-1.628570,0.504531,-0.967711,0.854274,-1.418476,1.090083,-1.691686,1.285053,-1.869156,0.726289,-0.687390,1.117140,-1.145200,0.942066,-1.138363,0.756810,-1.005075,0.832506,-0.395016,1.144511,-0.799245,0.970640,-0.778805,0.828390,-0.655097,0.894535,-0.122173,1.193756,-0.473150,1.041723,-0.491908,0.898713,-0.381033,0.000000,0.000000,-0.339994,-0.424011,-0.819947,-0.708113,-1.326595,-0.785617,-1.672047,-0.812210,-0.655208,-1.096731,-0.939386,-1.748629,-1.137388,-2.160488,-1.196337,-2.543613,-0.481707,-0.876332,-1.163887,-1.181321,-1.535244,-0.816862,-1.571796,-0.545849,-0.428066,-0.484715,-1.243781,-0.365138,-1.386953,-0.061316,-1.185520,0.030128,-0.417226,-0.065062,-1.156149,0.116945,-1.247037,0.283780,-1.039285,0.285987
Y,Right,legacy_bisindo_2hand_Y_94,0.000000,0.000000,-0.093645,-0.472446,-0.034558,-0.962142,-0.019095,-1.365203,-0.046157,-1.658599,0.432642,-0.956869,0.764216,-1.383801,0.956143,-1.623737,1.112346,-1.800673,0.651417,-0.758720,0.580865,-1.022577,0.410676,-0.941903,0.338071,-0.813105,0.751341,-0.546342,0.615021,-0.801746,0.469160,-0.727798,0.407813,-0.604934,0.807316,-0.355504,0.687610,-0.581479,0.536702,-0.535023,0.458124,-0.431359,0.000000,0.000000,0.000000,0.000000,0.000000,0.000000,0.000000,0.000000,0.000000,0.000000,0.000000,0.000000,0.000000,0.000000,0.000000,0.000000,0.000000,0.000000,0.000000,0.000000,0.000000,0.000000,0.000000,0.000000,0.000000,0.000000,0.000000,0.000000,0.000000,0.000000,0.000000,0.000000,0.000000,0.000000,0.000000,0.000000,0.000000,0.000000,0.000000,0.000000,0.000000,0.000000
Y,Right,legacy_bisindo_2hand_Y_95,0.000000,0.000000,-0.053731,-0.472773,0.044495,-0.959701,0.083649,-1.359442,0.050512,-1.639210,0.505236,-0.913365,0.825968,-1.305607,1.025092,-1.526267,1.177797,-1.685270,0.696321,-0.717730,0.654812,-0.922994,0.495407,-0.864625,0.404754,-0.764899,0.769865,-0.505289,0.683311,-0.702186,0.555381,-0.647606,0.479116,-0.551587,0.792598,-0.318226,0.721123,-0.494871,0.590198,-0.464419,0.502847,-0.383246,0.000000,0.000000,0.183705,-0.448775,0.085336,-0.930236,-0.143408,-1.187109,-0.374872,-1.247325,-0.432611,-0.914338,-0.542244,-1.447057,-0.586866,-1.773764,-0.620802,-2.029683,-0.640995,-0.767545,-0.418407,-1.121044,-0.238047,-1.041015,-0.177031,-0.897135,-0.713841,-0.620784,-0.484967,-0.940936,-0.342404,-0.874592,-0.306927,-0.761025,-0.719279,-0.492100,-0.524361,-0.774525,-0.394678,-0.734621,-0.360240,-0.641952
Y,Right,legacy_bisindo_2hand_Y_96,0.000000,0.000000,-0.266495,-0.485350,-0.372017,-1.008600,-0.458606,-1.470649,-0.559566,-1.816072,0.172288,-1.057170,0.394431,-1.672346,0.536301,-2.002118,0.662572,-2.254045,0.462723,-0.886503,0.545879,-1.476390,0.374361,-1.456791,0.251829,-1.323807,0.628767,-0.699822,0.626580,-1.224979,0.457092,-1.184585,0.342291,-1.047454,0.741153,-0.545533,0.714103,-1.000118,0.548618,-0.990850,0.446894,-0.873112,0.000000,0.000000,0.000000,0.000000,0.000000,0.000000,0.000000,0.000000,0.000000,0.000000,0.000000,0.000000,0.000000,0.000000,0.000000,0.000000,0.000000,0.000000,0.000000,0.000000,0.000000,0.000000,0.000000,0.000000,0.000000,0.000000,0.000000,0.000000,0.000000,0.000000,0.000000,0.000000,0.000000,0.000000,0.000000,0.000000,0.000000,0.000000,0.000000,0.000000,0.000000,0.000000
Y,Right,legacy_bisindo_2hand_Y_97,0.000000,0.000000,-0.232104,-0.525882,-0.300093,-1.062250,-0.323307,-1.505803,-0.372608,-1.844895,0.303808,-1.032025,0.519435,-1.702783,0.641101,-2.039057,0.769736,-2.273895,0.594999,-0.803727,0.678519,-1.446346,0.472227,-1.454070,0.335332,-1.336665,0.740562,-0.605845,0.789018,-1.193865,0.594498,-1.186743,0.463732,-1.060926,0.826816,-0.452316,0.852732,-0.979128,0.684184,-1.000817,0.565113,-0.892677,0.000000,0.000000,-1.700495,-2.123326,-3.509702,-2.846492,-4.758190,-1.739889,-5.840722,-0.254342,-1.315601,-2.635867,-4.315366,-2.369100,-4.432831,-2.564638,-3.817459,-2.923039,-0.572241,-0.820086,-4.327132,-0.048195,-4.155328,-0.342723,-3.152618,-0.595637,-0.340079,1.123315,-4.059484,1.765750,-3.740481,1.246527,-2.768415,0.992973,-0.385162,2.747875,-3.248711,2.767715,-3.040587,2.134175,-2.166220,1.849457
Y,Right,legacy_bisindo_2hand_Y_98,0.000000,0.000000,-0.150836,-0.488664,-0.111653,-1.014192,-0.127436,-1.487523,-0.189874,-1.830951,0.434000,-0.973786,0.851143,-1.377661,1.101984,-1.609516,1.292292,-1.781763,0.670130,-0.742243,0.670821,-0.972619,0.503337,-0.914794,0.412219,-0.800948,0.776606,-0.495332,0.700220,-0.723813,0.563321,-0.647970,0.485877,-0.529187,0.845467,-0.277233,0.769948,-0.476125,0.620405,-0.411526,0.540891,-0.305162,0.000000,0.000000,0.000000,0.000000,0.000000,0.000000,0.000000,0.000000,0.000000,0.000000,0.000000,0.000000,0.000000,0.000000,0.000000,0.000000,0.000000,0.000000,0.000000,0.000000,0.000000,0.000000,0.000000,0.000000,0.000000,0.000000,0.000000,0.000000,0.000000,0.000000,0.000000,0.000000,0.000000,0.000000,0.000000,0.000000,0.000000,0.000000,0.000000,0.000000,0.000000,0.000000
Y,Right,legacy_bisindo_2hand_Y_99,0.000000,0.000000,-0.160107,-0.486518,-0.135137,-1.002270,-0.147421,-1.442934,-0.191354,-1.761389,0.390271,-0.976642,0.764749,-1.423341,0.979764,-1.680589,1.150926,-1.867952,0.641908,-0.766782,0.584624,-1.055235,0.428369,-0.994293,0.352208,-0.863365,0.754275,-0.538081,0.624941,-0.813937,0.501716,-0.742063,0.430922,-0.608369,0.822924,-0.340119,0.705527,-0.579033,0.560525,-0.524766,0.479337,-0.414530,0.000000,0.000000,0.323481,-0.333167,0.246823,-0.896503,-0.027786,-1.228119,-0.289730,-1.355868,-0.387511,-0.901748,-0.513457,-1.530456,-0.557244,-1.939383,-0.600859,-2.243602,-0.660116,-0.751164,-0.373141,-1.119529,-0.143738,-0.979304,-0.082587,-0.769124,-0.759009,-0.596276,-0.462609,-0.902334,-0.275277,-0.794550,-0.244561,-0.649597,-0.782720,-0.463178,-0.513231,-0.761003,-0.350644,-0.679756,-0.320901,-0.555028
Y,Right,legacy_bisindo_2hand_Y_100,0.000000,0.000000,0.288418,-0.428800,0.280833,-0.979050,0.120737,-1.305617,-0.063840,-1.434724,-0.280278,-0.925730,-0.486408,-1.678898,-0.553022,-2.077543,-0.584487,-2.409224,-0.586501,-0.809949,-0.714519,-1.609677,-0.709228,-2.080632,-0.719154,-2.385853,-0.747492,-0.706090,-0.592306,-1.292433,-0.363806,-1.231941,-0.239971,-1.072799,-0.796492,-0.637955,-0.602851,-1.098926,-0.433983,-1.071002,-0.368703,-0.955005,0.000000,0.000000,-0.181546,-0.543572,-0.154292,-1.074515,-0.108561,-1.556647,-0.161503,-1.919079,0.365808,-0.985964,0.652108,-1.639633,0.853295,-2.002964,1.008013,-2.278018,0.630264,-0.776381,0.720614,-1.199995,0.544778,-1.162571,0.414017,-1.027822,0.769330,-0.520108,0.768668,-0.886320,0.648641,-0.850510,0.551680,-0.713952,0.871720,-0.285396,0.866264,-0.617091,0.722600,-0.586955,0.625426,-0.474142
Y,Right,legacy_bisindo_2hand_Y_101,0.000000,0.000000,0.259508,-0.372534,0.251014,-0.887650,0.081045,-1.276094,-0.165173,-1.492347,-0.228791,-0.961271,-0.084510,-1.547038,0.039078,-1.893130,0.127757,-2.171083,-0.492581,-0.870266,-0.170949,-1.259183,-0.022452,-1.118475,-0.030269,-0.948618,-0.603703,-0.730023,-0.323814,-1.049825,-0.181297,-0.928904,-0.175789,-0.788461,-0.645196,-0.586310,-0.427940,-0.861538,-0.309108,-0.779409,-0.310151,-0.671793,0.000000,0.000000,-0.287357,-0.446547,-0.372237,-0.943513,-0.558951,-1.369218,-0.777513,-1.625283,0.129885,-1.062185,0.499154,-1.601498,0.739417,-1.902448,0.928159,-2.117651,0.409927,-0.912119,0.422083,-1.304397,0.259321,-1.236232,0.171146,-1.098957,0.586366,-0.743550,0.495643,-1.100740,0.383991,-1.009765,0.315773,-0.867055,0.713726,-0.605019,0.609623,-0.912847,0.492972,-0.829050,0.428265,-0.705293
Y,Right,legacy_bisindo_2hand_Y_102,0.000000,0.000000,0.268319,-0.477249,0.234242,-0.984262,0.101802,-1.347751,-0.140769,-1.518063,-0.215506,-0.955342,-0.330717,-1.654940,-0.361415,-2.015550,-0.412903,-2.290445,-0.529046,-0.848593,-0.620930,-1.583828,-0.520938,-1.839496,-0.472006,-1.949746,-0.729089,-0.690511,-0.852586,-1.291378,-0.657114,-1.289519,-0.504094,-1.152499,-0.820393,-0.526341,-1.003488,-0.876120,-0.886374,-0.936643,-0.770570,-0.892386,0.000000,0.000000,-0.168839,-0.470114,-0.147012,-0.962321,-0.194760,-1.374095,-0.296911,-1.690131,0.432257,-0.935212,0.712421,-1.441817,0.900373,-1.714341,1.049526,-1.916642,0.669921,-0.742432,0.881987,-1.157123,0.695114,-1.140690,0.513341,-1.014486,0.763191,-0.511457,0.776985,-0.792722,0.611265,-0.759388,0.496209,-0.648582,0.792659,-0.322721,0.733775,-0.541398,0.575345,-0.498257,0.478923,-0.391818
Y,Right,legacy_bisindo_2hand_Y_103,0.000000,0.000000,0.578173,-0.831606,1.371271,-1.473847,1.955611,-1.723028,2.392580,-1.822833,0.940974,-1.353477,1.570903,-1.380306,1.815156,-1.312465,2.029925,-1.346402,0.719342,-0.694656,1.403930,-0.514580,1.951119,-0.389777,2.222895,-0.394994,0.613206,0.024893,1.188705,0.383509,1.777087,0.505141,2.165441,0.454306,0.572025,0.684802,1.174364,1.070699,1.671831,1.244887,2.008212,1.269632,0.000000,0.000000,0.000000,0.000000,0.000000,0.000000,0.000000,0.000000,0.000000,0.000000,0.000000,0.000000,0.000000,0.000000,0.000000,0.000000,0.000000,0.000000,0.000000,0.000000,0.000000,0.000000,0.000000,0.000000,0.000000,0.000000,0.000000,0.000000,0.000000,0.000000,0.000000,0.000000,0.000000,0.000000,0.000000,0.000000,0.000000,0.000000,0.000000,0.000000,0.000000,0.000000
Y,Right,legacy_bisindo_2hand_Y_104,0.000000,0.000000,-0.227542,-0.400412,-0.290375,-0.764729,-0.300117,-1.059666,-0.299255,-1.191613,0.151294,-1.059280,0.221120,-1.623922,0.178125,-1.909667,0.110271,-2.014347,0.421544,-0.906808,0.823151,-1.525392,0.698322,-1.680975,0.521702,-1.639299,0.596570,-0.716869,0.960459,-1.226462,0.806628,-1.334871,0.675204,-1.290344,0.685034,-0.495270,0.941625,-0.912304,0.852004,-1.046442,0.750260,-1.040588,0.000000,0.000000,0.255911,-0.524060,0.335213,-1.092614,0.447323,-1.545284,0.528339,-1.884153,-0.241906,-1.088156,-0.624921,-1.549226,-0.871511,-1.847851,-1.077028,-2.063018,-0.516252,-0.856437,-0.526845,-1.126454,-0.348060,-1.107099,-0.247790,-0.993953,-0.661258,-0.564769,-0.555797,-0.873143,-0.400169,-0.838394,-0.317173,-0.712785,-0.694989,-0.334395,-0.561444,-0.584860,-0.429094,-0.542500,-0.373094,-0.438018
Y,Right,legacy_bisindo_2hand_Y_105,0.000000,0.000000,0.304599,-0.348806,0.696663,-0.598105,1.046073,-0.752599,1.236961,-0.893406,0.385574,-1.092301,0.622453,-1.645240,0.751773,-2.015883,0.789419,-2.341107,0.314683,-0.949197,0.984284,-1.048906,1.036712,-0.744362,0.914142,-0.594635,0.290389,-0.638602,0.962922,-0.444442,0.874301,-0.193094,0.662631,-0.204550,0.313794,-0.293412,0.853997,-0.094552,0.790709,0.048044,0.609823,0.005819,0.000000,0.000000,-0.271214,-0.114899,-0.374879,-0.351293,-0.422132,-0.563509,-0.446539,-0.756828,0.063348,-0.938827,0.100300,-1.454919,0.144110,-1.804476,0.196241,-2.085902,0.160396,-0.987053,0.190403,-1.509789,0.221986,-1.866205,0.275273,-2.164024,0.202410,-0.999841,0.225407,-1.467359,0.237670,-1.791984,0.267460,-2.065396,0.188841,-1.010449,0.220405,-1.387895,0.235814,-1.650828,0.262243,-1.873517
Y,Right,legacy_bisindo_2hand_Y_106,0.000000,0.000000,0.501495,-0.379932,0.768676,-0.881118,1.048289,-1.252602,1.331357,-1.511177,0.150595,-1.092535,-0.135263,-1.801771,-0.314953,-2.182068,-0.487780,-2.439435,-0.221048,-0.975263,-0.196379,-1.450619,0.040837,-1.385437,0.169644,-1.180454,-0.448330,-0.814380,-0.279634,-1.309965,-0.080946,-1.237320,-0.028436,-1.049832,-0.520256,-0.704259,-0.325474,-1.136716,-0.141087,-1.069044,-0.091276,-0.916947,0.000000,0.000000,0.000000,0.000000,0.000000,0.000000,0.000000,0.000000,0.000000,0.000000,0.000000,0.000000,0.000000,0.000000,0.000000,0.000000,0.000000,0.000000,0.000000,0.000000,0.000000,0.000000,0.000000,0.000000,0.000000,0.000000,0.000000,0.000000,0.000000,0.000000,0.000000,0.000000,0.000000,0.000000,0.000000,0.000000,0.000000,0.000000,0.000000,0.000000,0.000000,0.000000
Y,Right,legacy_bisindo_2hand_Y_107,0.000000,0.000000,0.345941,-0.413857,0.419831,-0.788460,0.430985,-1.108931,0.450363,-1.356779,0.136816,-1.086124,0.235773,-1.566070,0.272602,-1.859867,0.279281,-2.131550,0.047713,-0.998861,0.398044,-1.300707,0.513513,-1.224567,0.510356,-1.196289,0.014285,-0.830181,0.466994,-1.032057,0.562398,-0.767371,0.518406,-0.614505,0.042753,-0.625294,0.391634,-0.820775,0.484015,-0.642838,0.473573,-0.491219,0.000000,0.000000,0.292624,-0.240496,0.413852,-0.477685,0.498921,-0.686248,0.488619,-0.900149,-0.191738,-0.944433,-0.427088,-1.301830,-0.576216,-1.551559,-0.688678,-1.766110,-0.289029,-0.957320,-0.608173,-1.298531,-0.778117,-1.574930,-0.892268,-1.805755,-0.376521,-0.912480,-0.663113,-1.267306,-0.822479,-1.563004,-0.954591,-1.800138,-0.418915,-0.824935,-0.588848,-1.100923,-0.693887,-1.308791,-0.776323,-1.483262
Y,Right,legacy_bisindo_2hand_Y_108,0.000000,0.000000,-0.300221,-0.421638,-0.326540,-0.773940,-0.285262,-1.017148,-0.264139,-1.185212,0.081289,-1.064920,0.157954,-1.508620,0.217996,-1.760423,0.275027,-1.945253,0.166672,-0.986012,0.226207,-1.455151,0.278650,-1.740209,0.338788,-1.941807,0.151218,-0.839103,0.164742,-1.244915,0.203803,-1.500822,0.265260,-1.704253,0.043489,-0.664689,-0.076593,-0.824500,-0.107564,-0.970968,-0.109061,-1.105416,0.000000,0.000000,-0.196725,-0.441425,-0.152774,-0.901418,0.025633,-1.223283,0.156042,-1.371121,0.275498,-0.964727,0.351010,-1.485376,0.414621,-1.776780,0.486530,-2.027327,0.472310,-0.881433,0.522723,-1.483550,0.599913,-1.932854,0.678781,-2.318524,0.575196,-0.769038,0.488281,-1.213676,0.473545,-1.420365,0.455837,-1.520668,0.601430,-0.669515,0.506081,-0.973558,0.428350,-1.122960,0.377240,-1.178153
Y,Right,legacy_bisindo_2hand_Y_109,0.000000,0.000000,-0.085391,-0.476046,0.025396,-0.903438,0.215625,-1.131587,0.371320,-1.127286,0.455172,-0.959659,0.597969,-1.535489,0.644430,-1.877461,0.677170,-2.115875,0.674692,-0.738100,0.586137,-1.100841,0.383999,-1.046469,0.256548,-0.954233,0.764090,-0.527474,0.609751,-0.830356,0.469346,-0.783714,0.372131,-0.684661,0.791107,-0.357280,0.679812,-0.627839,0.558152,-0.616040,0.469378,-0.540842,0.000000,0.000000,0.000000,0.000000,0.000000,0.000000,0.000000,0.000000,0.000000,0.000000,0.000000,0.000000,0.000000,0.000000,0.000000,0.000000,0.000000,0.000000,0.000000,0.000000,0.000000,0.000000,0.000000,0.000000,0.000000,0.000000,0.000000,0.000000,0.000000,0.000000,0.000000,0.000000,0.000000,0.000000,0.000000,0.000000,0.000000,0.000000,0.000000,0.000000,0.000000,0.000000
Y,Right,legacy_bisindo_2hand_Y_110,0.000000,0.000000,-0.228893,-0.451626,-0.218081,-0.979299,-0.241276,-1.401588,-0.333756,-1.689225,0.281249,-1.026193,0.592344,-1.450918,0.774121,-1.688077,0.916144,-1.866139,0.510008,-0.860170,0.403179,-1.107365,0.244554,-1.026398,0.189614,-0.901839,0.616220,-0.657654,0.445810,-0.886551,0.323195,-0.802428,0.280353,-0.682608,0.680286,-0.469719,0.539700,-0.666205,0.419904,-0.600616,0.365802,-0.494983,0.000000,0.000000,-0.126995,-0.396761,-0.288045,-0.777628,-0.489448,-1.023624,-0.695126,-1.184345,-0.280756,-1.115845,-0.447503,-1.647266,-0.523998,-1.986719,-0.571622,-2.282734,-0.246773,-0.969073,-0.746831,-1.408400,-0.975475,-1.238371,-1.031331,-1.025255,-0.280129,-0.727029,-0.851871,-1.039281,-1.057692,-0.841092,-1.054929,-0.663126,-0.355247,-0.452279,-0.811148,-0.684086,-0.988795,-0.574131,-1.003515,-0.456602
Y,Right,legacy_bisindo_2hand_Y_111,0.000000,0.000000,-0.078641,-0.335773,-0.131260,-0.735424,-0.189300,-1.063748,-0.268403,-1.282095,0.100580,-1.031959,0.221770,-1.530932,0.291221,-1.826401,0.295451,-2.067250,0.008136,-0.999967,-0.355697,-1.665523,-0.580921,-1.945287,-0.770138,-2.116881,-0.120754,-0.883932,-0.270600,-1.432118,-0.227697,-1.288329,-0.195484,-1.152808,-0.201509,-0.755022,-0.196604,-0.964958,-0.133891,-1.002494,-0.078409,-1.097473,0.000000,0.000000,-0.142887,-0.429622,-0.034874,-0.855239,0.207345,-1.124052,0.367474,-1.275785,0.384544,-0.941986,0.525450,-1.401525,0.597412,-1.690055,0.644163,-1.924028,0.541146,-0.840929,0.584347,-1.293303,0.578356,-1.611987,0.559238,-1.863293,0.600232,-0.740408,0.531379,-1.088724,0.480691,-1.232960,0.433990,-1.305178,0.595037,-0.648129,0.513013,-0.912570,0.435458,-1.010429,0.368116,-1.033472
Y,Right,legacy_bisindo_2hand_Y_112,0.000000,0.000000,-0.192695,-0.546150,-0.081530,-1.130080,0.171172,-1.431148,0.353671,-1.427149,0.547188,-0.937898,0.699413,-1.551561,0.723505,-1.935354,0.772469,-2.214850,0.725080,-0.688664,0.550342,-1.197392,0.270564,-1.172163,0.126486,-1.028941,0.752131,-0.511440,0.593471,-0.938490,0.371166,-0.916163,0.228365,-0.795943,0.731335,-0.379608,0.593301,-0.728117,0.438822,-0.728660,0.321036,-0.637396,0.000000,0.000000,-0.070390,-0.394553,-0.084895,-0.768473,-0.138124,-1.072792,-0.201650,-1.344996,0.107681,-1.047244,0.141514,-1.574130,0.213811,-1.846678,0.278608,-2.093276,0.095339,-0.995445,-0.163536,-1.599810,-0.378295,-1.927405,-0.559984,-2.168112,0.033110,-0.832328,0.065727,-1.399281,0.134309,-1.719717,0.185392,-1.944483,-0.047348,-0.618169,-0.111666,-0.855820,-0.090870,-1.071714,-0.051902,-1.288575
Y,Right,legacy_bisindo_2hand_Y_113,0.000000,0.000000,-0.382929,-0.429075,-0.431741,-0.980036,-0.208776,-1.359044,0.001653,-1.431951,0.172164,-1.027996,0.299221,-1.716879,0.353443,-2.114608,0.397496,-2.436128,0.464604,-0.885519,0.174180,-1.337086,-0.043500,-1.220297,-0.093992,-1.053350,0.556031,-0.769274,0.218913,-1.148893,0.053416,-1.050248,0.015216,-0.874717,0.575349,-0.687497,0.282061,-0.977799,0.144237,-0.918646,0.098633,-0.777724,0.000000,0.000000,0.000000,0.000000,0.000000,0.000000,0.000000,0.000000,0.000000,0.000000,0.000000,0.000000,0.000000,0.000000,0.000000,0.000000,0.000000,0.000000,0.000000,0.000000,0.000000,0.000000,0.000000,0.000000,0.000000,0.000000,0.000000,0.000000,0.000000,0.000000,0.000000,0.000000,0.000000,0.000000,0.000000,0.000000,0.000000,0.000000,0.000000,0.000000,0.000000,0.000000
Y,Right,legacy_bisindo_2hand_Y_114,0.000000,0.000000,0.210246,-0.559911,0.285725,-1.059692,0.398087,-1.485666,0.576957,-1.816069,-0.442502,-0.982944,-0.860120,-1.486505,-1.116574,-1.799863,-1.322658,-2.012279,-0.719172,-0.694832,-1.149382,-1.225201,-0.935731,-1.258725,-0.691168,-1.119984,-0.856102,-0.398904,-1.159516,-0.865849,-0.948140,-0.878015,-0.770847,-0.742106,-0.912261,-0.148979,-1.188749,-0.562699,-1.021190,-0.547799,-0.869466,-0.404401,0.000000,0.000000,0.485851,-0.448522,1.102926,-0.653228,1.591365,-0.664598,1.756394,-0.745544,0.773911,-0.985849,1.016372,-1.652594,1.219877,-1.962684,1.250403,-2.280795,0.588547,-0.808463,1.264901,-1.046475,1.593151,-0.733512,1.505351,-0.524093,0.479894,-0.377892,1.319366,-0.362565,1.543216,-0.031405,1.360133,0.029203,0.522725,0.127773,1.234912,0.190370,1.407245,0.314004,1.275657,0.275548
Y,Right,legacy_bisindo_2hand_Y_115,0.000000,0.000000,0.120571,-0.409463,0.070531,-0.871061,-0.034285,-1.200446,-0.076219,-1.394516,-0.079843,-1.054287,-0.180609,-1.444842,-0.245906,-1.676756,-0.298284,-1.883313,-0.272581,-0.962133,-0.610824,-1.199653,-0.728804,-1.286766,-0.785353,-1.347518,-0.394605,-0.802981,-0.555575,-0.961145,-0.420965,-0.869486,-0.290303,-0.771428,-0.448611,-0.631686,-0.533178,-0.735874,-0.441992,-0.677084,-0.332321,-0.607782,0.000000,0.000000,0.000000,0.000000,0.000000,0.000000,0.000000,0.000000,0.000000,0.000000,0.000000,0.000000,0.000000,0.000000,0.000000,0.000000,0.000000,0.000000,0.000000,0.000000,0.000000,0.000000,0.000000,0.000000,0.000000,0.000000,0.000000,0.000000,0.000000,0.000000,0.000000,0.000000,0.000000,0.000000,0.000000,0.000000,0.000000,0.000000,0.000000,0.000000,0.000000,0.000000
Y,Right,legacy_bisindo_2hand_Y_116,0.000000,0.000000,0.086935,-0.445201,0.035832,-0.983626,-0.002419,-1.410487,0.005086,-1.711020,-0.255512,-1.052582,-0.627580,-1.437561,-0.829628,-1.639004,-0.986271,-1.811793,-0.358269,-0.933618,-0.528337,-0.984433,-0.503610,-0.830774,-0.487304,-0.707328,-0.404877,-0.783026,-0.462024,-0.914862,-0.331462,-0.930073,-0.230104,-0.941577,-0.413296,-0.630246,-0.432530,-0.790027,-0.307364,-0.882996,-0.200836,-0.953429,0.000000,0.000000,-0.123319,-0.493984,0.035101,-0.988822,0.293678,-1.220442,0.496684,-1.237165,0.541819,-0.902600,0.601871,-1.455175,0.588122,-1.810674,0.581472,-2.055158,0.687842,-0.725860,0.462205,-1.143496,0.187407,-1.156718,0.006933,-1.098045,0.718278,-0.611142,0.469793,-0.964765,0.250454,-0.925549,0.113587,-0.830620,0.700186,-0.529397,0.494285,-0.853091,0.348892,-0.835213,0.259392,-0.746098
Y,Right,legacy_bisindo_2hand_Y_117,0.000000,0.000000,0.410312,-0.360399,0.575153,-0.871479,0.710144,-1.275238,0.847144,-1.575197,0.037024,-1.068546,-0.084815,-1.532226,-0.222758,-1.821233,-0.348007,-2.048509,-0.238725,-0.971087,-0.109924,-1.297620,0.026738,-1.311629,0.106560,-1.255797,-0.391214,-0.845277,-0.186882,-1.190521,-0.044205,-1.149026,0.034108,-1.045650,-0.441658,-0.770723,-0.252586,-1.051778,-0.130890,-1.036453,-0.054408,-0.964342,0.000000,0.000000,0.000000,0.000000,0.000000,0.000000,0.000000,0.000000,0.000000,0.000000,0.000000,0.000000,0.000000,0.000000,0.000000,0.000000,0.000000,0.000000,0.000000,0.000000,0.000000,0.000000,0.000000,0.000000,0.000000,0.000000,0.000000,0.000000,0.000000,0.000000,0.000000,0.000000,0.000000,0.000000,0.000000,0.000000,0.000000,0.000000,0.000000,0.000000,0.000000,0.000000
Y,Right,legacy_bisindo_2hand_Y_118,0.000000,0.000000,0.275377,-0.524007,0.339178,-0.964578,0.443841,-1.410023,0.560591,-1.777969,-0.287974,-1.032488,-0.503498,-1.654002,-0.660055,-1.994491,-0.787382,-2.242267,-0.555709,-0.831377,-0.628819,-1.355546,-0.438850,-1.369367,-0.298099,-1.267127,-0.688093,-0.607579,-0.754415,-1.090064,-0.581653,-1.100374,-0.443798,-0.978685,-0.771330,-0.444119,-0.816899,-0.850570,-0.663839,-0.871614,-0.529414,-0.793325,0.000000,0.000000,0.000000,0.000000,0.000000,0.000000,0.000000,0.000000,0.000000,0.000000,0.000000,0.000000,0.000000,0.000000,0.000000,0.000000,0.000000,0.000000,0.000000,0.000000,0.000000,0.000000,0.000000,0.000000,0.000000,0.000000,0.000000,0.000000,0.000000,0.000000,0.000000,0.000000,0.000000,0.000000,0.000000,0.000000,0.000000,0.000000,0.000000,0.000000,0.000000,0.000000
Y,Right,legacy_bisindo_2hand_Y_119,0.000000,0.000000,-0.024311,-0.581197,0.010079,-1.206435,0.067112,-1.646983,0.073687,-2.015710,-0.229401,-1.116279,-0.728347,-1.516398,-0.999397,-1.704012,-1.225978,-1.920739,-0.273251,-0.961943,-0.806091,-1.303875,-1.152884,-1.565453,-1.467745,-1.772087,-0.287216,-0.749087,-0.388120,-1.057230,-0.304565,-1.292030,-0.276850,-1.450942,-0.302891,-0.513706,-0.291433,-0.693635,-0.196538,-0.845507,-0.133661,-0.991683,0.000000,0.000000,-0.281003,-0.459647,-0.192844,-0.986582,0.075850,-1.233369,0.281994,-1.239670,0.379215,-1.024616,0.478443,-1.609948,0.532774,-1.994074,0.594507,-2.272588,0.598387,-0.801207,0.363523,-1.128120,0.124305,-1.027892,0.042904,-0.851478,0.655967,-0.611190,0.427001,-0.882444,0.230863,-0.817638,0.158226,-0.673732,0.646789,-0.449562,0.453022,-0.706817,0.312279,-0.680525,0.259807,-0.573016
Y,Right,legacy_bisindo_2hand_Y_120,0.000000,0.000000,0.225632,-0.491031,0.253226,-1.052814,0.234642,-1.491126,0.225185,-1.804905,-0.214529,-1.056395,-0.615056,-1.456541,-0.832556,-1.632574,-0.989839,-1.807886,-0.391775,-0.920061,-0.695998,-1.189380,-0.765805,-1.253097,-0.822060,-1.306053,-0.478066,-0.753433,-0.519458,-0.985635,-0.363983,-0.947854,-0.248269,-0.897458,-0.512412,-0.610370,-0.463252,-0.794668,-0.292862,-0.785449,-0.155594,-0.753997,0.000000,0.000000,-0.164141,-0.388584,-0.074675,-0.802409,0.115089,-1.103494,0.364485,-1.274937,0.518167,-0.855727,0.642608,-1.538317,0.642609,-1.978236,0.632110,-2.315189,0.706899,-0.707315,0.583810,-1.466127,0.398907,-1.924397,0.256003,-2.266796,0.786853,-0.579934,0.486382,-1.169537,0.223254,-1.278839,0.073488,-1.308323,0.786492,-0.486147,0.521733,-0.986734,0.328726,-1.067989,0.194598,-1.054689
Y,Right,legacy_bisindo_2hand_Y_121,0.000000,0.000000,-0.214787,-0.442083,-0.211578,-0.936258,-0.098145,-1.329136,0.022406,-1.522694,0.266700,-0.943899,0.453611,-1.615539,0.521111,-1.970125,0.583225,-2.264738,0.523700,-0.851903,0.313091,-1.382965,0.097383,-1.330656,0.015919,-1.217780,0.628452,-0.804266,0.371367,-1.233530,0.196962,-1.179447,0.110591,-1.054199,0.651440,-0.788715,0.436630,-1.095261,0.278476,-1.091578,0.192179,-1.018616,0.000000,0.000000,-0.008717,-0.143738,-0.020439,-0.520756,-0.004777,-0.850108,0.003602,-1.092827,-0.060333,-0.922310,-0.503956,-1.366103,-0.791071,-1.615145,-1.019433,-1.861904,-0.008120,-0.999967,-0.558886,-1.417233,-0.889927,-1.627186,-1.149444,-1.809755,0.044535,-1.004390,-0.122926,-1.376651,-0.140700,-1.587480,-0.179600,-1.741346,0.117200,-0.959847,0.167023,-1.242333,0.275300,-1.403905,0.350457,-1.559713
Y,Right,legacy_bisindo_2hand_Y_122,0.000000,0.000000,0.325998,-0.507082,0.520913,-1.303442,0.538988,-2.060478,0.613868,-2.640102,0.461781,-1.167293,0.377066,-1.884638,0.271554,-2.238983,0.243969,-2.492475,0.108455,-0.994101,-0.253508,-1.442206,-0.492322,-1.553184,-0.569724,-1.637621,-0.219018,-0.838307,-0.555431,-1.201620,-0.788215,-1.384758,-0.862874,-1.533969,-0.454792,-0.723933,-0.712748,-1.058841,-0.823815,-1.119999,-0.824081,-1.138607,0.000000,0.000000,0.000000,0.000000,0.000000,0.000000,0.000000,0.000000,0.000000,0.000000,0.000000,0.000000,0.000000,0.000000,0.000000,0.000000,0.000000,0.000000,0.000000,0.000000,0.000000,0.000000,0.000000,0.000000,0.000000,0.000000,0.000000,0.000000,0.000000,0.000000,0.000000,0.000000,0.000000,0.000000,0.000000,0.000000,0.000000,0.000000,0.000000,0.000000,0.000000,0.000000
Y,Right,legacy_bisindo_2hand_Y_123,0.000000,0.000000,-0.168328,-0.532743,-0.207216,-0.893885,-0.311182,-1.146816,-0.404665,-1.374157,0.202043,-1.066846,0.324399,-1.499506,0.415366,-1.705232,0.500412,-1.930374,0.186667,-0.982423,0.018057,-1.542270,-0.158777,-1.889686,-0.302580,-2.164222,0.105773,-0.806956,0.213869,-1.255934,0.351544,-1.498019,0.456563,-1.693530,-0.036909,-0.606454,-0.019465,-0.846940,0.032319,-1.039499,0.113584,-1.251321,0.000000,0.000000,0.000000,0.000000,0.000000,0.000000,0.000000,0.000000,0.000000,0.000000,0.000000,0.000000,0.000000,0.000000,0.000000,0.000000,0.000000,0.000000,0.000000,0.000000,0.000000,0.000000,0.000000,0.000000,0.000000,0.000000,0.000000,0.000000,0.000000,0.000000,0.000000,0.000000,0.000000,0.000000,0.000000,0.000000,0.000000,0.000000,0.000000,0.000000,0.000000,0.000000
Y,Right,legacy_bisindo_2hand_Y_124,0.000000,0.000000,-0.190338,-0.461208,-0.191976,-0.969184,-0.117135,-1.338277,-0.088535,-1.616714,0.382210,-0.916913,0.540790,-1.573157,0.589718,-1.970781,0.610626,-2.264509,0.655800,-0.754935,0.552258,-1.266359,0.326318,-1.234884,0.217706,-1.126347,0.792608,-0.654228,0.656827,-1.128449,0.475733,-1.084884,0.392515,-0.978443,0.875651,-0.592023,0.767103,-0.997757,0.600263,-0.975820,0.508828,-0.895851,0.000000,0.000000,0.402602,-0.495151,0.494144,-1.122896,0.416717,-1.657927,0.503101,-2.039315,-0.028187,-1.156760,-0.383367,-1.749739,-0.569877,-2.106186,-0.698189,-2.380304,-0.334201,-0.942502,-0.400903,-1.206319,-0.188684,-1.046577,-0.033590,-0.861383,-0.517929,-0.664062,-0.455351,-0.931484,-0.279242,-0.797052,-0.178728,-0.649241,-0.613178,-0.422836,-0.539726,-0.650150,-0.389181,-0.550162,-0.307291,-0.448275
Y,Right,legacy_bisindo_2hand_Y_125,0.000000,0.000000,-0.171627,-0.450758,-0.099131,-0.939421,0.082313,-1.268083,0.207883,-1.424761,0.348906,-0.942032,0.259190,-1.394008,0.165723,-1.599589,0.124173,-1.780977,0.564737,-0.825271,0.400447,-1.316915,0.241116,-1.541935,0.139776,-1.727823,0.666672,-0.686472,0.459134,-1.070616,0.308474,-1.046338,0.218458,-0.975985,0.685039,-0.576780,0.530186,-0.887037,0.392054,-0.891571,0.294146,-0.818461,0.000000,0.000000,0.357576,-0.478085,0.544133,-1.049293,0.792115,-1.477941,1.022680,-1.770953,0.040383,-1.134731,-0.360164,-1.750304,-0.641180,-2.081581,-0.886346,-2.314658,-0.312099,-0.950050,-0.303517,-1.371878,-0.059875,-1.289119,0.076817,-1.103861,-0.549015,-0.741844,-0.406184,-1.195738,-0.193927,-1.119459,-0.119512,-0.938269,-0.652087,-0.605062,-0.492289,-0.979469,-0.304098,-0.911718,-0.247539,-0.771548
Y,Right,legacy_bisindo_2hand_Y_126,0.000000,0.000000,0.341285,-0.428482,0.603705,-0.629818,0.872135,-0.577548,1.052013,-0.484080,0.382710,-1.169894,0.578846,-1.888552,0.652616,-2.370780,0.719372,-2.783852,0.202130,-0.979359,0.392625,-1.445547,0.357782,-1.736781,0.284652,-1.981832,0.135816,-0.624026,0.689567,-0.523553,0.717011,-0.294983,0.613939,-0.213462,0.136929,-0.242286,0.609462,-0.109130,0.622256,0.043949,0.563184,0.046975,0.000000,0.000000,0.000000,0.000000,0.000000,0.000000,0.000000,0.000000,0.000000,0.000000,0.000000,0.000000,0.000000,0.000000,0.000000,0.000000,0.000000,0.000000,0.000000,0.000000,0.000000,0.000000,0.000000,0.000000,0.000000,0.000000,0.000000,0.000000,0.000000,0.000000,0.000000,0.000000,0.000000,0.000000,0.000000,0.000000,0.000000,0.000000,0.000000,0.000000,0.000000,0.000000
Y,Right,legacy_bisindo_2hand_Y_127,0.000000,0.000000,0.131769,-0.550526,0.215397,-1.128083,0.081097,-1.559524,-0.142396,-1.874344,0.643070,-1.132940,0.588936,-1.833149,0.264741,-2.165833,-0.057382,-2.357797,0.639777,-0.768561,0.110560,-1.400643,-0.428971,-1.720098,-0.789541,-1.870102,0.511655,-0.349808,-0.217970,-0.814622,-0.651392,-0.905711,-0.851846,-0.872704,0.320497,0.046946,-0.333764,-0.319681,-0.655431,-0.418908,-0.779952,-0.394541,0.000000,0.000000,-0.456777,-0.204318,-0.648111,-0.654673,-0.781018,-1.113451,-0.943482,-1.448934,-0.142991,-1.076859,0.210302,-1.572320,0.405632,-1.873603,0.559099,-2.110277,0.209459,-0.977817,0.202631,-1.143281,-0.006937,-0.862275,-0.054054,-0.743343,0.417391,-0.806170,0.294114,-0.869907,0.122796,-0.646922,0.110685,-0.562271,0.568406,-0.630288,0.423341,-0.678835,0.279880,-0.500477,0.279697,-0.429158
Y,Right,legacy_bisindo_2hand_Y_128,0.000000,0.000000,0.237853,-0.433710,0.185016,-1.002198,-0.050876,-1.415079,-0.358628,-1.649626,0.292028,-1.159912,0.291694,-1.905699,0.356792,-2.338100,0.400424,-2.683727,0.001453,-0.999999,-0.545496,-1.693793,-0.566641,-1.466448,-0.436032,-1.200052,-0.355682,-0.779660,-0.852294,-1.276579,-0.778282,-1.040721,-0.628829,-0.850367,-0.679024,-0.565430,-1.019850,-0.975123,-0.931749,-0.767673,-0.808165,-0.612280,0.000000,0.000000,0.000000,0.000000,0.000000,0.000000,0.000000,0.000000,0.000000,0.000000,0.000000,0.000000,0.000000,0.000000,0.000000,0.000000,0.000000,0.000000,0.000000,0.000000,0.000000,0.000000,0.000000,0.000000,0.000000,0.000000,0.000000,0.000000,0.000000,0.000000,0.000000,0.000000,0.000000,0.000000,0.000000,0.000000,0.000000,0.000000,0.000000,0.000000,0.000000,0.000000
Y,Right,legacy_bisindo_2hand_Y_129,0.000000,0.000000,-0.325177,-0.383553,-0.374614,-0.849459,-0.356992,-1.234609,-0.355901,-1.527912,-0.003318,-1.091932,0.169852,-1.432727,0.159834,-1.374744,0.114337,-1.267788,0.300086,-0.953912,0.347482,-1.160454,0.229484,-0.983719,0.157438,-0.821190,0.493708,-0.746012,0.423487,-0.829372,0.320716,-0.679307,0.265470,-0.539752,0.637116,-0.526687,0.536652,-0.560348,0.432918,-0.445465,0.391753,-0.353642,0.000000,0.000000,0.000000,0.000000,0.000000,0.000000,0.000000,0.000000,0.000000,0.000000,0.000000,0.000000,0.000000,0.000000,0.000000,0.000000,0.000000,0.000000,0.000000,0.000000,0.000000,0.000000,0.000000,0.000000,0.000000,0.000000,0.000000,0.000000,0.000000,0.000000,0.000000,0.000000,0.000000,0.000000,0.000000,0.000000,0.000000,0.000000,0.000000,0.000000,0.000000,0.000000
Y,Right,legacy_bisindo_2hand_Y_130,0.000000,0.000000,-0.321577,-0.491990,-0.419085,-1.163750,-0.348567,-1.745702,-0.246989,-2.115019,-0.330519,-1.215188,-0.009541,-1.944010,0.363221,-2.287755,0.569796,-2.388085,0.020767,-0.999784,0.434801,-1.530476,0.690325,-1.847319,0.729384,-1.829141,0.403315,-0.712234,0.786067,-1.181876,0.900584,-1.381834,0.855734,-1.272498,0.756239,-0.409746,1.176326,-0.793738,1.251131,-0.946679,1.197633,-0.879207,0.000000,0.000000,0.000000,0.000000,0.000000,0.000000,0.000000,0.000000,0.000000,0.000000,0.000000,0.000000,0.000000,0.000000,0.000000,0.000000,0.000000,0.000000,0.000000,0.000000,0.000000,0.000000,0.000000,0.000000,0.000000,0.000000,0.000000,0.000000,0.000000,0.000000,0.000000,0.000000,0.000000,0.000000,0.000000,0.000000,0.000000,0.000000,0.000000,0.000000,0.000000,0.000000
Y,Right,legacy_bisindo_2hand_Y_131,0.000000,0.000000,0.486253,-0.175011,0.797954,-0.583362,0.845353,-0.967590,0.778946,-1.264753,1.001867,-0.824876,1.188146,-1.490565,1.268274,-1.861953,1.336826,-2.153476,0.735005,-0.678062,0.389996,-1.346336,0.234480,-1.197388,0.252476,-0.974549,0.361825,-0.553970,0.010281,-1.096844,-0.013962,-0.867516,0.075834,-0.612348,-0.000837,-0.432351,-0.256822,-0.829220,-0.260997,-0.649686,-0.176157,-0.428228,0.000000,0.000000,0.000000,0.000000,0.000000,0.000000,0.000000,0.000000,0.000000,0.000000,0.000000,0.000000,0.000000,0.000000,0.000000,0.000000,0.000000,0.000000,0.000000,0.000000,0.000000,0.000000,0.000000,0.000000,0.000000,0.000000,0.000000,0.000000,0.000000,0.000000,0.000000,0.000000,0.000000,0.000000,0.000000,0.000000,0.000000,0.000000,0.000000,0.000000,0.000000,0.000000
Y,Right,legacy_bisindo_2hand_Y_132,0.000000,0.000000,0.426096,-0.440822,0.801611,-0.903022,0.966436,-1.379879,0.941803,-1.749814,1.224947,-0.026696,1.085588,-0.864931,0.731748,-1.414362,0.552937,-1.685118,0.936478,0.350727,0.631949,-0.800954,0.182084,-1.286872,-0.019919,-1.398478,0.560096,0.564107,0.236416,-0.612248,-0.173324,-0.927459,-0.343477,-0.926919,0.176203,0.647140,-0.086097,-0.312622,-0.345016,-0.551784,-0.442973,-0.519828,0.000000,0.000000,0.000000,0.000000,0.000000,0.000000,0.000000,0.000000,0.000000,0.000000,0.000000,0.000000,0.000000,0.000000,0.000000,0.000000,0.000000,0.000000,0.000000,0.000000,0.000000,0.000000,0.000000,0.000000,0.000000,0.000000,0.000000,0.000000,0.000000,0.000000,0.000000,0.000000,0.000000,0.000000,0.000000,0.000000,0.000000,0.000000,0.000000,0.000000,0.000000,0.000000
Y,Right,legacy_bisindo_2hand_Y_133,0.000000,0.000000,0.035530,-0.376434,0.247993,-0.742426,0.528590,-0.970654,0.742927,-1.096562,0.294403,-1.028609,0.562064,-1.522057,0.695829,-1.808774,0.765419,-2.049687,0.413811,-0.910363,0.977305,-1.046860,0.909807,-0.856055,0.722100,-0.743718,0.542990,-0.693493,0.991501,-0.710967,0.881439,-0.572728,0.720352,-0.516734,0.675501,-0.459707,0.969919,-0.466394,0.848082,-0.342652,0.713840,-0.302536,0.000000,0.000000,0.000000,0.000000,0.000000,0.000000,0.000000,0.000000,0.000000,0.000000,0.000000,0.000000,0.000000,0.000000,0.000000,0.000000,0.000000,0.000000,0.000000,0.000000,0.000000,0.000000,0.000000,0.000000,0.000000,0.000000,0.000000,0.000000,0.000000,0.000000,0.000000,0.000000,0.000000,0.000000,0.000000,0.000000,0.000000,0.000000,0.000000,0.000000,0.000000,0.000000
Y,Right,legacy_bisindo_2hand_Y_134,0.000000,0.000000,-0.120936,-0.521780,-0.059164,-1.214307,-0.011800,-1.801256,-0.011688,-2.249644,0.178095,-1.110693,0.745548,-1.596950,0.889623,-1.726434,0.854308,-1.750497,0.477518,-0.878622,0.960776,-1.175279,0.948943,-1.185902,0.802652,-1.078056,0.721571,-0.557258,1.106042,-0.831224,1.021147,-0.791798,0.850507,-0.651844,0.916219,-0.199203,1.240458,-0.452381,1.182236,-0.462381,1.049381,-0.363471,0.000000,0.000000,0.000000,0.000000,0.000000,0.000000,0.000000,0.000000,0.000000,0.000000,0.000000,0.000000,0.000000,0.000000,0.000000,0.000000,0.000000,0.000000,0.000000,0.000000,0.000000,0.000000,0.000000,0.000000,0.000000,0.000000,0.000000,0.000000,0.000000,0.000000,0.000000,0.000000,0.000000,0.000000,0.000000,0.000000,0.000000,0.000000,0.000000,0.000000,0.000000,0.000000
Y,Right,legacy_bisindo_2hand_Y_135,0.000000,0.000000,0.006145,-0.360298,-0.101076,-0.771218,-0.269883,-1.083888,-0.414132,-1.295739,0.066808,-1.038986,0.018241,-1.417675,0.007442,-1.654793,0.008545,-1.865859,-0.166678,-0.986011,-0.631742,-1.242492,-1.017220,-1.340227,-1.306286,-1.420699,-0.354138,-0.877880,-0.652746,-0.975003,-0.684467,-0.775063,-0.653526,-0.673460,-0.465621,-0.729778,-0.692222,-0.778645,-0.644939,-0.634420,-0.549947,-0.559804,0.000000,0.000000,-0.205519,-0.320215,-0.422746,-0.622831,-0.459438,-0.850197,-0.342533,-1.044241,-0.988250,-0.624526,-1.057839,-1.174366,-1.068574,-1.498598,-1.087392,-1.741542,-0.959820,-0.280616,-0.795271,-0.715895,-0.385615,-0.859035,-0.176336,-0.886714,-0.780837,0.016789,-0.511640,-0.452416,-0.171133,-0.540655,-0.045796,-0.482587,-0.536672,0.271170,-0.291363,-0.155031,-0.051609,-0.294609,0.035514,-0.283179
Y,Right,legacy_bisindo_2hand_Y_136,0.000000,0.000000,0.131711,-0.403917,-0.026704,-0.807284,-0.290695,-1.045869,-0.550619,-1.146966,-0.062282,-1.188362,-0.339985,-1.766167,-0.558421,-2.052902,-0.737756,-2.287627,-0.178951,-0.983858,-0.827505,-1.199518,-0.804967,-0.938686,-0.625480,-0.774458,-0.348861,-0.701738,-0.929714,-0.773047,-0.801473,-0.565561,-0.585473,-0.476737,-0.502935,-0.401789,-0.927063,-0.427935,-0.796680,-0.279793,-0.600872,-0.204661,0.000000,0.000000,0.000000,0.000000,0.000000,0.000000,0.000000,0.000000,0.000000,0.000000,0.000000,0.000000,0.000000,0.000000,0.000000,0.000000,0.000000,0.000000,0.000000,0.000000,0.000000,0.000000,0.000000,0.000000,0.000000,0.000000,0.000000,0.000000,0.000000,0.000000,0.000000,0.000000,0.000000,0.000000,0.000000,0.000000,0.000000,0.000000,0.000000,0.000000,0.000000,0.000000
Y,Right,legacy_bisindo_2hand_Y_137,0.000000,0.000000,-0.052568,-0.474549,-0.331967,-0.983729,-0.606793,-1.346642,-0.828270,-1.608547,-0.389330,-1.155962,-0.835236,-1.692846,-1.097590,-1.996559,-1.324327,-2.251059,-0.476350,-0.879256,-1.254296,-1.009932,-1.172396,-0.740133,-0.957726,-0.615279,-0.586256,-0.527945,-1.237107,-0.587951,-1.083655,-0.379949,-0.868572,-0.314705,-0.665934,-0.179574,-1.125534,-0.257515,-1.003698,-0.129635,-0.826908,-0.078834,0.000000,0.000000,0.000000,0.000000,0.000000,0.000000,0.000000,0.000000,0.000000,0.000000,0.000000,0.000000,0.000000,0.000000,0.000000,0.000000,0.000000,0.000000,0.000000,0.000000,0.000000,0.000000,0.000000,0.000000,0.000000,0.000000,0.000000,0.000000,0.000000,0.000000,0.000000,0.000000,0.000000,0.000000,0.000000,0.000000,0.000000,0.000000,0.000000,0.000000,0.000000,0.000000
Y,Right,legacy_bisindo_2hand_Y_138,0.000000,0.000000,0.152543,-0.520554,0.081378,-1.227411,-0.110056,-1.807578,-0.289546,-2.236522,0.181538,-1.153919,0.113104,-1.680512,0.098807,-1.976387,0.106244,-2.253874,0.050204,-0.998739,-0.496183,-1.342168,-0.508369,-1.094304,-0.354336,-0.933373,-0.155333,-0.796132,-0.653722,-0.972853,-0.562371,-0.752515,-0.378710,-0.633696,-0.370064,-0.607642,-0.732899,-0.697828,-0.650647,-0.529821,-0.480553,-0.448831,0.000000,0.000000,-0.372333,-0.339245,-0.418216,-0.823498,-0.393647,-1.270657,-0.447680,-1.628897,0.191375,-1.060916,0.682858,-1.432446,0.955375,-1.666284,1.157506,-1.846462,0.490557,-0.871409,0.499356,-1.023413,0.234599,-0.854956,0.150619,-0.745301,0.629605,-0.642781,0.499737,-0.748991,0.293775,-0.596163,0.260152,-0.504271,0.713421,-0.425913,0.570959,-0.533271,0.398479,-0.414803,0.370505,-0.336053
Y,Right,legacy_bisindo_2hand_Y_139,0.000000,0.000000,-0.212286,-0.358411,-0.189060,-0.796129,-0.002058,-1.083104,0.161342,-1.245491,-0.171493,-1.099787,-0.032687,-1.637442,0.061541,-1.947176,0.102366,-2.188377,-0.037625,-0.999292,0.501879,-1.336933,0.532503,-1.160207,0.408812,-1.001036,0.153113,-0.807592,0.634968,-0.960782,0.579449,-0.785622,0.425723,-0.660903,0.339755,-0.579109,0.676969,-0.713498,0.636345,-0.578664,0.507273,-0.442500,0.000000,0.000000,0.133552,-0.374277,0.142868,-0.811995,0.055731,-1.168700,-0.054126,-1.414453,0.315044,-1.018065,0.351451,-1.409443,0.380389,-1.659619,0.412617,-1.861039,0.117419,-0.993082,-0.251059,-1.374952,-0.590475,-1.546990,-0.831010,-1.659571,-0.060683,-0.913381,-0.292693,-1.139307,-0.393272,-1.029921,-0.413943,-0.954154,-0.171222,-0.783667,-0.339992,-0.967626,-0.362057,-0.891109,-0.315095,-0.826389
Y,Right,legacy_bisindo_2hand_Y_140,0.000000,0.000000,0.252125,-0.332970,0.344826,-0.819267,0.260710,-1.207367,0.176196,-1.465114,0.282255,-1.010505,0.259969,-1.370400,0.272393,-1.591335,0.283528,-1.810488,0.015092,-0.999886,-0.374609,-1.313449,-0.669812,-1.546692,-0.906106,-1.763138,-0.206816,-0.888669,-0.488536,-0.980930,-0.496767,-0.817956,-0.438086,-0.749865,-0.354175,-0.709479,-0.520881,-0.763842,-0.467845,-0.660454,-0.372937,-0.626732,0.000000,0.000000,-0.074853,-0.382649,0.069830,-0.802202,0.342866,-1.060642,0.590886,-1.178254,0.038437,-1.083445,0.183335,-1.632319,0.257982,-1.956562,0.280433,-2.223003,0.204705,-0.978824,0.750644,-1.260082,0.723351,-1.047898,0.549283,-0.903662,0.394839,-0.782344,0.843592,-0.895812,0.766309,-0.721170,0.612249,-0.641083,0.582587,-0.560190,0.896865,-0.664787,0.819456,-0.510103,0.697878,-0.431779
Y,Right,legacy_bisindo_2hand_Y_141,0.000000,0.000000,-0.091712,-0.699975,-0.078806,-1.523152,-0.095102,-2.265181,-0.195776,-2.835506,0.197929,-1.215602,0.922283,-1.840536,1.093652,-2.056138,1.073883,-2.162309,0.516071,-0.856546,1.231845,-1.484696,1.255038,-1.556519,1.067886,-1.478119,0.798800,-0.485507,1.454000,-1.069393,1.428902,-1.054662,1.259040,-0.920678,1.019401,-0.124785,1.573235,-0.587166,1.576458,-0.604137,1.456641,-0.486513,0.000000,0.000000,0.000000,0.000000,0.000000,0.000000,0.000000,0.000000,0.000000,0.000000,0.000000,0.000000,0.000000,0.000000,0.000000,0.000000,0.000000,0.000000,0.000000,0.000000,0.000000,0.000000,0.000000,0.000000,0.000000,0.000000,0.000000,0.000000,0.000000,0.000000,0.000000,0.000000,0.000000,0.000000,0.000000,0.000000,0.000000,0.000000,0.000000,0.000000,0.000000,0.000000
Y,Right,legacy_bisindo_2hand_Y_142,0.000000,0.000000,-0.288132,-0.571649,-0.343855,-1.339190,-0.346064,-1.986383,-0.459863,-2.386306,-0.034890,-1.242872,0.606567,-1.995125,0.508680,-1.815993,0.338021,-1.559093,0.361302,-0.932449,0.897370,-1.599241,0.747209,-1.401606,0.570632,-1.156152,0.728389,-0.675426,1.121321,-1.301975,0.968434,-1.087339,0.831762,-0.827183,1.066756,-0.478940,1.298090,-1.007798,1.175425,-0.820869,1.098713,-0.563586,0.000000,0.000000,-0.370867,-0.358388,-0.482124,-0.765514,-0.471377,-1.113524,-0.478348,-1.396505,-0.162810,-1.099883,-0.307149,-1.411846,-0.473078,-1.410051,-0.550581,-1.302630,-0.020119,-0.999798,-0.194604,-1.299248,-0.391545,-1.308969,-0.481865,-1.261833,0.025546,-0.901623,-0.115834,-1.165353,-0.313941,-1.207954,-0.408637,-1.181327,0.031952,-0.813196,-0.106331,-1.083796,-0.233190,-1.131733,-0.309928,-1.130639
Y,Right,legacy_bisindo_2hand_Y_143,0.000000,0.000000,-0.346417,-0.248093,-0.521635,-0.671265,-0.457811,-1.013081,-0.404188,-1.204329,-0.689217,-0.967825,-0.670507,-1.601728,-0.582724,-1.928828,-0.527114,-2.174333,-0.563115,-0.826379,-0.175209,-1.280106,-0.120150,-1.180065,-0.195345,-1.103036,-0.327665,-0.638610,0.215949,-0.973571,0.175826,-0.776510,0.010368,-0.630055,-0.066287,-0.441420,0.313774,-0.694460,0.271050,-0.561057,0.127690,-0.418410,0.000000,0.000000,0.000000,0.000000,0.000000,0.000000,0.000000,0.000000,0.000000,0.000000,0.000000,0.000000,0.000000,0.000000,0.000000,0.000000,0.000000,0.000000,0.000000,0.000000,0.000000,0.000000,0.000000,0.000000,0.000000,0.000000,0.000000,0.000000,0.000000,0.000000,0.000000,0.000000,0.000000,0.000000,0.000000,0.000000,0.000000,0.000000,0.000000,0.000000,0.000000,0.000000
Y,Right,legacy_bisindo_2hand_Y_144,0.000000,0.000000,-0.582104,-0.611739,-0.985731,-1.302822,-1.111435,-1.914518,-1.120668,-2.413048,-1.043258,-1.102023,-0.848293,-1.655888,-0.586792,-1.652397,-0.439814,-1.686489,-0.670107,-0.742264,-0.286220,-1.368183,-0.218882,-1.234991,-0.318986,-1.131072,-0.246088,-0.367691,0.159756,-0.908425,0.154734,-0.753526,0.053327,-0.593996,0.190898,-0.003114,0.474838,-0.416759,0.496268,-0.313537,0.460622,-0.192903,0.000000,0.000000,0.000000,0.000000,0.000000,0.000000,0.000000,0.000000,0.000000,0.000000,0.000000,0.000000,0.000000,0.000000,0.000000,0.000000,0.000000,0.000000,0.000000,0.000000,0.000000,0.000000,0.000000,0.000000,0.000000,0.000000,0.000000,0.000000,0.000000,0.000000,0.000000,0.000000,0.000000,0.000000,0.000000,0.000000,0.000000,0.000000,0.000000,0.000000,0.000000,0.000000
Y,Right,legacy_bisindo_2hand_Y_145,0.000000,0.000000,-0.267362,-0.338775,-0.331653,-0.792702,-0.165895,-1.102997,-0.015487,-1.266478,-0.461353,-1.072725,-0.420623,-1.676556,-0.287783,-2.000695,-0.183633,-2.239160,-0.333917,-0.942602,0.094830,-1.552600,0.126980,-1.692104,0.043686,-1.787312,-0.124598,-0.736508,0.425678,-1.049478,0.348830,-0.850448,0.173555,-0.710086,0.118681,-0.508009,0.484427,-0.730061,0.437667,-0.614643,0.294004,-0.501019,0.000000,0.000000,0.000000,0.000000,0.000000,0.000000,0.000000,0.000000,0.000000,0.000000,0.000000,0.000000,0.000000,0.000000,0.000000,0.000000,0.000000,0.000000,0.000000,0.000000,0.000000,0.000000,0.000000,0.000000,0.000000,0.000000,0.000000,0.000000,0.000000,0.000000,0.000000,0.000000,0.000000,0.000000,0.000000,0.000000,0.000000,0.000000,0.000000,0.000000,0.000000,0.000000
Y,Right,legacy_bisindo_2hand_Y_146,0.000000,0.000000,0.126020,-0.463635,0.250271,-0.934448,0.243109,-1.273789,0.154267,-1.518242,0.584348,-1.050439,0.505195,-1.639454,0.281847,-1.915812,0.061735,-2.103126,0.611430,-0.791299,0.233806,-1.401534,-0.157718,-1.670994,-0.428534,-1.831319,0.549866,-0.460141,-0.009380,-0.818562,-0.365166,-0.799818,-0.508773,-0.719354,0.422840,-0.115796,-0.069902,-0.388971,-0.336283,-0.417871,-0.427414,-0.362475,0.000000,0.000000,0.000000,0.000000,0.000000,0.000000,0.000000,0.000000,0.000000,0.000000,0.000000,0.000000,0.000000,0.000000,0.000000,0.000000,0.000000,0.000000,0.000000,0.000000,0.000000,0.000000,0.000000,0.000000,0.000000,0.000000,0.000000,0.000000,0.000000,0.000000,0.000000,0.000000,0.000000,0.000000,0.000000,0.000000,0.000000,0.000000,0.000000,0.000000,0.000000,0.000000
Y,Right,legacy_bisindo_2hand_Y_147,0.000000,0.000000,-0.039043,-0.386495,0.201280,-0.850129,0.582204,-1.128753,0.884635,-1.275607,0.219593,-1.115724,0.500278,-1.697091,0.651910,-2.021177,0.721302,-2.297932,0.381721,-0.924278,1.051945,-1.215536,0.982860,-0.995883,0.772705,-0.874864,0.560908,-0.644861,1.104590,-0.803823,0.951700,-0.607599,0.753092,-0.524254,0.735919,-0.365245,1.112334,-0.505128,0.962154,-0.350589,0.818430,-0.279078,0.000000,0.000000,0.000000,0.000000,0.000000,0.000000,0.000000,0.000000,0.000000,0.000000,0.000000,0.000000,0.000000,0.000000,0.000000,0.000000,0.000000,0.000000,0.000000,0.000000,0.000000,0.000000,0.000000,0.000000,0.000000,0.000000,0.000000,0.000000,0.000000,0.000000,0.000000,0.000000,0.000000,0.000000,0.000000,0.000000,0.000000,0.000000,0.000000,0.000000,0.000000,0.000000
Y,Right,legacy_bisindo_2hand_Y_148,0.000000,0.000000,-0.057903,-0.750259,0.068669,-1.608607,0.212119,-2.396984,0.240247,-3.042236,0.317795,-1.195871,1.105497,-1.629732,1.369592,-1.786316,1.485311,-1.916593,0.623898,-0.781506,1.414444,-1.260027,1.426492,-1.324429,1.236936,-1.298209,0.897665,-0.354236,1.609612,-0.818785,1.544057,-0.809936,1.309722,-0.720959,1.118378,0.062757,1.763935,-0.378672,1.699830,-0.440666,1.487886,-0.376047,0.000000,0.000000,0.000000,0.000000,0.000000,0.000000,0.000000,0.000000,0.000000,0.000000,0.000000,0.000000,0.000000,0.000000,0.000000,0.000000,0.000000,0.000000,0.000000,0.000000,0.000000,0.000000,0.000000,0.000000,0.000000,0.000000,0.000000,0.000000,0.000000,0.000000,0.000000,0.000000,0.000000,0.000000,0.000000,0.000000,0.000000,0.000000,0.000000,0.000000,0.000000,0.000000
Y,Right,legacy_bisindo_2hand_Y_149,0.000000,0.000000,0.201868,-0.396922,0.208845,-0.920504,0.032683,-1.265475,-0.135658,-1.509367,0.498286,-1.193052,0.414331,-1.867655,0.293820,-2.218155,0.201880,-2.498520,0.398764,-0.917053,-0.184589,-1.465403,-0.346017,-1.453187,-0.308007,-1.414676,0.190482,-0.608880,-0.482781,-0.998240,-0.488139,-0.783049,-0.300486,-0.585091,-0.039313,-0.302784,-0.595288,-0.607285,-0.603712,-0.448949,-0.437795,-0.288052,0.000000,0.000000,0.000000,0.000000,0.000000,0.000000,0.000000,0.000000,0.000000,0.000000,0.000000,0.000000,0.000000,0.000000,0.000000,0.000000,0.000000,0.000000,0.000000,0.000000,0.000000,0.000000,0.000000,0.000000,0.000000,0.000000,0.000000,0.000000,0.000000,0.000000,0.000000,0.000000,0.000000,0.000000,0.000000,0.000000,0.000000,0.000000,0.000000,0.000000,0.000000,0.000000
Y,Right,legacy_bisindo_2hand_Y_150,0.000000,0.000000,0.090186,-0.397251,-0.071802,-0.827985,-0.306610,-1.118273,-0.532223,-1.289896,-0.229271,-1.108142,-0.546864,-1.584575,-0.764620,-1.799398,-0.934623,-1.961790,-0.285377,-0.958415,-0.801808,-1.103469,-0.937869,-1.019433,-0.960744,-0.968434,-0.363990,-0.724994,-0.779157,-0.715352,-0.744369,-0.550027,-0.642300,-0.452330,-0.441840,-0.460642,-0.739764,-0.397094,-0.675409,-0.283025,-0.566284,-0.203246,0.000000,0.000000,0.000000,0.000000,0.000000,0.000000,0.000000,0.000000,0.000000,0.000000,0.000000,0.000000,0.000000,0.000000,0.000000,0.000000,0.000000,0.000000,0.000000,0.000000,0.000000,0.000000,0.000000,0.000000,0.000000,0.000000,0.000000,0.000000,0.000000,0.000000,0.000000,0.000000,0.000000,0.000000,0.000000,0.000000,0.000000,0.000000,0.000000,0.000000,0.000000,0.000000
Y,Right,legacy_bisindo_2hand_Y_151,0.000000,0.000000,-0.043929,-0.377590,0.120081,-0.804587,0.401945,-1.092404,0.627822,-1.268828,0.127546,-1.071935,0.313917,-1.598648,0.404935,-1.895801,0.430817,-2.156548,0.274224,-0.961666,0.839843,-1.195310,0.806041,-0.969224,0.633831,-0.841892,0.449220,-0.761179,0.912226,-0.848971,0.823609,-0.660301,0.662883,-0.579513,0.627655,-0.543819,0.947282,-0.596988,0.848332,-0.432655,0.722231,-0.366544,0.000000,0.000000,0.000000,0.000000,0.000000,0.000000,0.000000,0.000000,0.000000,0.000000,0.000000,0.000000,0.000000,0.000000,0.000000,0.000000,0.000000,0.000000,0.000000,0.000000,0.000000,0.000000,0.000000,0.000000,0.000000,0.000000,0.000000,0.000000,0.000000,0.000000,0.000000,0.000000,0.000000,0.000000,0.000000,0.000000,0.000000,0.000000,0.000000,0.000000,0.000000,0.000000
Y,Right,legacy_bisindo_2hand_Y_152,0.000000,0.000000,-0.138513,-0.487406,0.045829,-1.032506,0.362648,-1.425196,0.656670,-1.627887,-0.018339,-1.166758,0.113644,-1.953399,0.176488,-2.405372,0.189526,-2.733525,0.249244,-0.968441,0.822085,-1.535891,0.773187,-1.326794,0.577138,-1.108329,0.521125,-0.711574,1.018790,-1.173645,0.914618,-0.957387,0.764241,-0.763605,0.801549,-0.449062,1.140077,-0.837589,1.035363,-0.674990,0.905846,-0.504971,0.000000,0.000000,0.000000,0.000000,0.000000,0.000000,0.000000,0.000000,0.000000,0.000000,0.000000,0.000000,0.000000,0.000000,0.000000,0.000000,0.000000,0.000000,0.000000,0.000000,0.000000,0.000000,0.000000,0.000000,0.000000,0.000000,0.000000,0.000000,0.000000,0.000000,0.000000,0.000000,0.000000,0.000000,0.000000,0.000000,0.000000,0.000000,0.000000,0.000000,0.000000,0.000000
Y,Right,legacy_bisindo_2hand_Y_153,0.000000,0.000000,0.005318,-0.414418,0.244386,-0.854795,0.617480,-1.086808,0.921171,-1.183205,0.305994,-1.117571,0.607405,-1.693591,0.767476,-2.036062,0.843323,-2.316205,0.444254,-0.895901,1.166688,-1.133680,1.062104,-0.901963,0.810974,-0.768601,0.595466,-0.586167,1.201103,-0.726904,1.041851,-0.551014,0.818054,-0.476039,0.749814,-0.277028,1.190937,-0.422100,1.028810,-0.286398,0.841468,-0.225623,0.000000,0.000000,0.000000,0.000000,0.000000,0.000000,0.000000,0.000000,0.000000,0.000000,0.000000,0.000000,0.000000,0.000000,0.000000,0.000000,0.000000,0.000000,0.000000,0.000000,0.000000,0.000000,0.000000,0.000000,0.000000,0.000000,0.000000,0.000000,0.000000,0.000000,0.000000,0.000000,0.000000,0.000000,0.000000,0.000000,0.000000,0.000000,0.000000,0.000000,0.000000,0.000000
Y,Right,legacy_bisindo_2hand_Y_154,0.000000,0.000000,0.060569,-0.413775,0.339258,-0.784461,0.707752,-0.967706,1.000377,-1.029789,0.426381,-1.024805,0.772480,-1.541955,0.970388,-1.840784,1.086929,-2.097453,0.546605,-0.837391,1.225144,-0.947292,1.114818,-0.725674,0.875811,-0.640087,0.656169,-0.545753,1.207857,-0.518216,1.056470,-0.371121,0.852858,-0.346707,0.767100,-0.237835,1.171099,-0.245242,1.014364,-0.132305,0.844412,-0.111168,0.000000,0.000000,0.000000,0.000000,0.000000,0.000000,0.000000,0.000000,0.000000,0.000000,0.000000,0.000000,0.000000,0.000000,0.000000,0.000000,0.000000,0.000000,0.000000,0.000000,0.000000,0.000000,0.000000,0.000000,0.000000,0.000000,0.000000,0.000000,0.000000,0.000000,0.000000,0.000000,0.000000,0.000000,0.000000,0.000000,0.000000,0.000000,0.000000,0.000000,0.000000,0.000000
Y,Right,legacy_bisindo_2hand_Y_155,0.000000,0.000000,-0.398607,-0.298151,-0.497245,-0.781518,-0.526219,-1.220249,-0.638398,-1.552882,0.064841,-1.070996,0.476541,-1.477657,0.713327,-1.737570,0.888292,-1.939890,0.379126,-0.925345,0.378080,-1.095839,0.151402,-0.887588,0.084201,-0.751188,0.546570,-0.718673,0.414712,-0.817447,0.233240,-0.637106,0.203383,-0.529921,0.655128,-0.516156,0.518255,-0.606781,0.367076,-0.466851,0.345584,-0.377939,0.000000,0.000000,0.000000,0.000000,0.000000,0.000000,0.000000,0.000000,0.000000,0.000000,0.000000,0.000000,0.000000,0.000000,0.000000,0.000000,0.000000,0.000000,0.000000,0.000000,0.000000,0.000000,0.000000,0.000000,0.000000,0.000000,0.000000,0.000000,0.000000,0.000000,0.000000,0.000000,0.000000,0.000000,0.000000,0.000000,0.000000,0.000000,0.000000,0.000000,0.000000,0.000000
Y,Right,legacy_bisindo_2hand_Y_156,0.000000,0.000000,-0.035661,-0.390668,0.203012,-0.829410,0.566874,-1.087102,0.861009,-1.203478,0.217356,-1.103833,0.483851,-1.656041,0.631623,-1.972332,0.707574,-2.233632,0.380776,-0.924667,1.001166,-1.199464,0.922231,-0.973296,0.716996,-0.833439,0.555314,-0.653694,1.065996,-0.813945,0.928446,-0.620030,0.741717,-0.528507,0.719805,-0.375436,1.091171,-0.519225,0.956811,-0.369688,0.815652,-0.290220,0.000000,0.000000,0.000000,0.000000,0.000000,0.000000,0.000000,0.000000,0.000000,0.000000,0.000000,0.000000,0.000000,0.000000,0.000000,0.000000,0.000000,0.000000,0.000000,0.000000,0.000000,0.000000,0.000000,0.000000,0.000000,0.000000,0.000000,0.000000,0.000000,0.000000,0.000000,0.000000,0.000000,0.000000,0.000000,0.000000,0.000000,0.000000,0.000000,0.000000,0.000000,0.000000
Y,Right,legacy_bisindo_2hand_Y_157,0.000000,0.000000,-0.380244,-0.529489,-0.806855,-0.990461,-1.021286,-1.522511,-1.169003,-2.053410,-1.162613,-0.321955,-1.095978,-1.076555,-0.852719,-1.643795,-0.688089,-2.055060,-0.989819,0.142335,-0.550744,-0.741660,-0.008201,-1.196920,0.273039,-1.414841,-0.694547,0.495630,-0.099077,-0.480346,0.376298,-0.753831,0.511438,-0.773195,-0.355090,0.760089,0.203841,-0.007029,0.504924,-0.214891,0.533092,-0.199518,0.000000,0.000000,0.064281,-0.375753,-0.000113,-0.790660,-0.155117,-1.118359,-0.286215,-1.333291,0.154968,-1.041406,0.136142,-1.425322,0.137269,-1.663550,0.150872,-1.866373,-0.068422,-0.997656,-0.493108,-1.283455,-0.851327,-1.398774,-1.125327,-1.488025,-0.260294,-0.900368,-0.556102,-1.009117,-0.576188,-0.797722,-0.531470,-0.663643,-0.387301,-0.766933,-0.625210,-0.846478,-0.602185,-0.726281,-0.516131,-0.656386
Y,Right,legacy_bisindo_2hand_Y_158,0.000000,0.000000,0.287209,-0.527235,0.427228,-1.187553,0.597297,-1.799864,0.770718,-2.223462,-0.102444,-1.138519,-0.476870,-1.911975,-0.339105,-1.671824,-0.180917,-1.346015,-0.508253,-0.861208,-0.854753,-1.571244,-0.707352,-1.337419,-0.555773,-1.059951,-0.887941,-0.603552,-1.151772,-1.210763,-1.013949,-1.001885,-0.886237,-0.730047,-1.209653,-0.395588,-1.412074,-0.933273,-1.287415,-0.782073,-1.180246,-0.537005,0.000000,0.000000,0.000000,0.000000,0.000000,0.000000,0.000000,0.000000,0.000000,0.000000,0.000000,0.000000,0.000000,0.000000,0.000000,0.000000,0.000000,0.000000,0.000000,0.000000,0.000000,0.000000,0.000000,0.000000,0.000000,0.000000,0.000000,0.000000,0.000000,0.000000,0.000000,0.000000,0.000000,0.000000,0.000000,0.000000,0.000000,0.000000,0.000000,0.000000,0.000000,0.000000
Y,Right,legacy_bisindo_2hand_Y_159,0.000000,0.000000,0.056699,-0.384915,0.312767,-0.719991,0.650917,-0.871369,0.922963,-0.895587,0.414896,-1.001210,0.738103,-1.471260,0.917418,-1.748922,1.021959,-1.986356,0.542665,-0.839949,1.130572,-0.917567,1.029522,-0.730220,0.812106,-0.648867,0.654019,-0.576753,1.109590,-0.553186,0.964004,-0.425310,0.775947,-0.393172,0.753613,-0.301384,1.058202,-0.294419,0.906128,-0.182271,0.751556,-0.148222,0.000000,0.000000,0.000000,0.000000,0.000000,0.000000,0.000000,0.000000,0.000000,0.000000,0.000000,0.000000,0.000000,0.000000,0.000000,0.000000,0.000000,0.000000,0.000000,0.000000,0.000000,0.000000,0.000000,0.000000,0.000000,0.000000,0.000000,0.000000,0.000000,0.000000,0.000000,0.000000,0.000000,0.000000,0.000000,0.000000,0.000000,0.000000,0.000000,0.000000,0.000000,0.000000
Y,Right,legacy_bisindo_2hand_Y_160,0.000000,0.000000,0.153671,-0.392534,0.042933,-0.863163,-0.157773,-1.213057,-0.374934,-1.421431,-0.013035,-1.177641,-0.277968,-1.765610,-0.460489,-2.085957,-0.609545,-2.368335,-0.134045,-0.990975,-0.792011,-1.276385,-0.797951,-0.995378,-0.625502,-0.828193,-0.324028,-0.736335,-0.905184,-0.899278,-0.822414,-0.664987,-0.624642,-0.574044,-0.498558,-0.460482,-0.931487,-0.574587,-0.842489,-0.404130,-0.680052,-0.317066,0.000000,0.000000,0.000000,0.000000,0.000000,0.000000,0.000000,0.000000,0.000000,0.000000,0.000000,0.000000,0.000000,0.000000,0.000000,0.000000,0.000000,0.000000,0.000000,0.000000,0.000000,0.000000,0.000000,0.000000,0.000000,0.000000,0.000000,0.000000,0.000000,0.000000,0.000000,0.000000,0.000000,0.000000,0.000000,0.000000,0.000000,0.000000,0.000000,0.000000,0.000000,0.000000
Y,Right,legacy_bisindo_2hand_Y_161,0.000000,0.000000,-0.013374,-0.412474,0.167718,-0.798209,0.467861,-1.025042,0.708887,-1.148132,0.186770,-1.075712,0.406791,-1.593267,0.529521,-1.899301,0.591663,-2.157407,0.334004,-0.942572,0.911003,-1.124727,0.846195,-0.927207,0.652765,-0.808073,0.488692,-0.713210,0.963476,-0.771791,0.858346,-0.625095,0.685841,-0.553571,0.647126,-0.466565,0.970192,-0.516899,0.846129,-0.386914,0.702088,-0.331017,0.000000,0.000000,0.000000,0.000000,0.000000,0.000000,0.000000,0.000000,0.000000,0.000000,0.000000,0.000000,0.000000,0.000000,0.000000,0.000000,0.000000,0.000000,0.000000,0.000000,0.000000,0.000000,0.000000,0.000000,0.000000,0.000000,0.000000,0.000000,0.000000,0.000000,0.000000,0.000000,0.000000,0.000000,0.000000,0.000000,0.000000,0.000000,0.000000,0.000000,0.000000,0.000000
Y,Right,legacy_bisindo_2hand_Y_162,0.000000,0.000000,-0.020405,-0.462396,-0.347076,-0.861903,-0.724202,-1.064746,-1.040968,-1.148257,-0.440997,-1.100417,-0.938746,-1.559127,-1.215744,-1.832760,-1.420758,-2.066879,-0.532189,-0.846626,-1.304667,-0.915604,-1.209126,-0.649918,-0.978016,-0.540499,-0.644668,-0.510329,-1.265078,-0.472938,-1.085846,-0.280818,-0.854992,-0.259134,-0.724737,-0.163912,-1.151762,-0.135345,-0.968651,-0.021318,-0.762978,-0.002985,0.000000,0.000000,0.000000,0.000000,0.000000,0.000000,0.000000,0.000000,0.000000,0.000000,0.000000,0.000000,0.000000,0.000000,0.000000,0.000000,0.000000,0.000000,0.000000,0.000000,0.000000,0.000000,0.000000,0.000000,0.000000,0.000000,0.000000,0.000000,0.000000,0.000000,0.000000,0.000000,0.000000,0.000000,0.000000,0.000000,0.000000,0.000000,0.000000,0.000000,0.000000,0.000000
Y,Right,legacy_bisindo_2hand_Y_163,0.000000,0.000000,-0.015911,-0.435692,0.216508,-0.872030,0.550936,-1.153065,0.861045,-1.246530,0.251462,-1.114503,0.530602,-1.666947,0.698731,-1.984712,0.801928,-2.239358,0.425158,-0.905119,1.003206,-1.236900,0.939511,-1.057561,0.766816,-0.932319,0.605939,-0.615591,1.075960,-0.813521,0.939211,-0.641937,0.770389,-0.547800,0.767742,-0.324487,1.112283,-0.513102,0.970738,-0.394272,0.833363,-0.313856,0.000000,0.000000,0.000000,0.000000,0.000000,0.000000,0.000000,0.000000,0.000000,0.000000,0.000000,0.000000,0.000000,0.000000,0.000000,0.000000,0.000000,0.000000,0.000000,0.000000,0.000000,0.000000,0.000000,0.000000,0.000000,0.000000,0.000000,0.000000,0.000000,0.000000,0.000000,0.000000,0.000000,0.000000,0.000000,0.000000,0.000000,0.000000,0.000000,0.000000,0.000000,0.000000
Y,Right,legacy_bisindo_2hand_Y_164,0.000000,0.000000,-0.232199,-0.372349,-0.230965,-0.899248,0.015181,-1.297754,0.274030,-1.510541,-0.322676,-1.116434,-0.304922,-1.758770,-0.303224,-2.155064,-0.343842,-2.461035,-0.097373,-0.995248,0.424876,-1.555565,0.452094,-1.294327,0.288258,-1.053892,0.182546,-0.794395,0.659761,-1.198541,0.619140,-0.970077,0.455159,-0.798820,0.463686,-0.580651,0.795484,-0.902459,0.739890,-0.701800,0.598699,-0.547913,0.000000,0.000000,0.000000,0.000000,0.000000,0.000000,0.000000,0.000000,0.000000,0.000000,0.000000,0.000000,0.000000,0.000000,0.000000,0.000000,0.000000,0.000000,0.000000,0.000000,0.000000,0.000000,0.000000,0.000000,0.000000,0.000000,0.000000,0.000000,0.000000,0.000000,0.000000,0.000000,0.000000,0.000000,0.000000,0.000000,0.000000,0.000000,0.000000,0.000000,0.000000,0.000000
Y,Right,legacy_bisindo_2hand_Y_165,0.000000,0.000000,-0.200354,-0.359524,-0.188004,-0.769813,-0.005700,-1.044567,0.195516,-1.198134,-0.214385,-1.043180,-0.172337,-1.580001,-0.161547,-1.912166,-0.195347,-2.170808,-0.044635,-0.999003,0.363740,-1.365822,0.390478,-1.176595,0.279193,-1.001696,0.173170,-0.871785,0.540961,-1.067974,0.496157,-0.894022,0.371430,-0.779285,0.387565,-0.709173,0.646503,-0.862083,0.602632,-0.708302,0.496242,-0.595105,0.000000,0.000000,0.189277,-0.466097,0.161360,-1.020509,0.046448,-1.450819,-0.002244,-1.762361,-0.126182,-1.113528,-0.590653,-1.377320,-0.894832,-1.470019,-1.133723,-1.586578,-0.340293,-0.940319,-0.800271,-1.151118,-1.060365,-1.231636,-1.250959,-1.348381,-0.496599,-0.730210,-0.763273,-0.853184,-0.796683,-0.813573,-0.771807,-0.868248,-0.575702,-0.505365,-0.748133,-0.572709,-0.705683,-0.516834,-0.619553,-0.517922
Y,Right,legacy_bisindo_2hand_Y_166,0.000000,0.000000,-0.085596,-0.403196,0.073325,-0.901031,0.400677,-1.213635,0.676677,-1.354587,0.045193,-1.148478,0.232282,-1.753305,0.319154,-2.127325,0.350086,-2.432364,0.229864,-0.973223,0.884470,-1.353050,0.835795,-1.103422,0.625354,-0.906852,0.449439,-0.713787,1.013881,-0.953628,0.906451,-0.750988,0.711382,-0.621045,0.670294,-0.445681,1.070081,-0.648745,0.953310,-0.474582,0.784958,-0.362804,0.000000,0.000000,0.000000,0.000000,0.000000,0.000000,0.000000,0.000000,0.000000,0.000000,0.000000,0.000000,0.000000,0.000000,0.000000,0.000000,0.000000,0.000000,0.000000,0.000000,0.000000,0.000000,0.000000,0.000000,0.000000,0.000000,0.000000,0.000000,0.000000,0.000000,0.000000,0.000000,0.000000,0.000000,0.000000,0.000000,0.000000,0.000000,0.000000,0.000000,0.000000,0.000000
Y,Right,legacy_bisindo_2hand_Y_167,0.000000,0.000000,0.023634,-0.374265,0.247952,-0.761371,0.577254,-0.977121,0.829880,-1.074561,0.359189,-1.029142,0.642850,-1.524651,0.801733,-1.809361,0.891753,-2.057998,0.479234,-0.877687,1.101915,-0.982887,1.008656,-0.777880,0.798941,-0.697192,0.600102,-0.617072,1.095205,-0.598452,0.957624,-0.450739,0.768833,-0.413601,0.724611,-0.338139,1.071288,-0.340776,0.920907,-0.210508,0.764202,-0.170403,0.000000,0.000000,0.000000,0.000000,0.000000,0.000000,0.000000,0.000000,0.000000,0.000000,0.000000,0.000000,0.000000,0.000000,0.000000,0.000000,0.000000,0.000000,0.000000,0.000000,0.000000,0.000000,0.000000,0.000000,0.000000,0.000000,0.000000,0.000000,0.000000,0.000000,0.000000,0.000000,0.000000,0.000000,0.000000,0.000000,0.000000,0.000000,0.000000,0.000000,0.000000,0.000000
Y,Right,legacy_bisindo_2hand_Y_168,0.000000,0.000000,0.126921,-0.449824,0.264241,-0.996328,0.191691,-1.533380,0.062178,-1.867612,1.096954,-0.531986,0.646806,-1.424516,0.160125,-1.820184,-0.098532,-1.978686,0.982253,-0.187563,0.366361,-1.204444,-0.196987,-1.541170,-0.459544,-1.619969,0.739023,0.062038,0.100648,-0.920051,-0.391304,-1.074907,-0.551204,-1.002489,0.427909,0.244324,-0.084954,-0.529975,-0.445218,-0.680523,-0.560268,-0.615940,0.000000,0.000000,-0.455986,-0.305904,-0.600998,-0.791167,-0.646842,-1.272569,-0.745714,-1.648748,-0.011129,-1.102906,0.444397,-1.546423,0.729193,-1.807089,0.950952,-2.011274,0.359345,-0.933205,0.345612,-1.116274,0.118649,-0.918188,0.048108,-0.794772,0.546485,-0.706460,0.386548,-0.835200,0.219519,-0.676294,0.198241,-0.584143,0.659524,-0.496129,0.458760,-0.623347,0.321812,-0.487818,0.315995,-0.403319
Y,Right,legacy_bisindo_2hand_Y_169,0.000000,0.000000,0.267748,-0.444185,0.529912,-0.807625,0.599737,-1.093007,0.519322,-1.256025,1.041290,-0.494274,1.144639,-1.067061,0.989622,-1.398298,0.816958,-1.623051,0.990434,-0.137990,0.643197,-0.780217,0.224315,-1.090026,-0.044779,-1.216267,0.783116,0.176231,0.314389,-0.447318,-0.028321,-0.603518,-0.204723,-0.596667,0.524653,0.423364,0.142738,-0.089053,-0.093905,-0.233569,-0.197684,-0.204927,0.000000,0.000000,-0.398766,-0.340160,-0.487685,-0.839110,-0.507142,-1.310242,-0.600046,-1.695020,0.113756,-1.094992,0.621996,-1.495277,0.916110,-1.737941,1.143362,-1.935064,0.452673,-0.891677,0.501188,-1.086265,0.240438,-0.892706,0.135108,-0.751962,0.614548,-0.648810,0.483260,-0.757993,0.282512,-0.604009,0.231368,-0.500645,0.712596,-0.425190,0.562662,-0.526594,0.397004,-0.405657,0.367838,-0.322890
Y,Right,legacy_bisindo_2hand_Y_170,0.000000,0.000000,-0.235184,-0.558296,-0.182098,-1.264158,-0.055288,-1.858322,-0.032473,-2.222933,0.138474,-1.175715,0.793347,-1.869691,0.681289,-1.740097,0.502588,-1.521272,0.480238,-0.877138,1.032811,-1.448124,0.853036,-1.265075,0.669703,-1.061496,0.780863,-0.621065,1.186133,-1.158530,1.030210,-0.975553,0.894994,-0.767462,1.054577,-0.413879,1.298473,-0.902404,1.190474,-0.759638,1.102965,-0.550053,0.000000,0.000000,0.000000,0.000000,0.000000,0.000000,0.000000,0.000000,0.000000,0.000000,0.000000,0.000000,0.000000,0.000000,0.000000,0.000000,0.000000,0.000000,0.000000,0.000000,0.000000,0.000000,0.000000,0.000000,0.000000,0.000000,0.000000,0.000000,0.000000,0.000000,0.000000,0.000000,0.000000,0.000000,0.000000,0.000000,0.000000,0.000000,0.000000,0.000000,0.000000,0.000000
Y,Right,legacy_bisindo_2hand_Y_171,0.000000,0.000000,0.495020,-0.359739,0.862667,-0.969718,0.969971,-1.539357,0.913755,-1.952846,1.206666,-0.725106,1.277750,-1.442144,1.307348,-1.721820,1.394288,-1.948744,0.851863,-0.523764,0.479207,-1.302210,0.336933,-1.218315,0.375776,-1.010641,0.378235,-0.314176,-0.038312,-0.995029,-0.089274,-0.903431,0.004147,-0.752329,-0.125022,-0.112768,-0.401939,-0.564018,-0.480873,-0.532759,-0.445325,-0.407643,0.000000,0.000000,0.000000,0.000000,0.000000,0.000000,0.000000,0.000000,0.000000,0.000000,0.000000,0.000000,0.000000,0.000000,0.000000,0.000000,0.000000,0.000000,0.000000,0.000000,0.000000,0.000000,0.000000,0.000000,0.000000,0.000000,0.000000,0.000000,0.000000,0.000000,0.000000,0.000000,0.000000,0.000000,0.000000,0.000000,0.000000,0.000000,0.000000,0.000000,0.000000,0.000000
Y,Right,legacy_bisindo_2hand_Y_172,0.000000,0.000000,-0.010271,-0.412326,0.232146,-0.858546,0.578674,-1.134274,0.886851,-1.240494,0.278934,-1.100811,0.575285,-1.674132,0.737777,-2.002407,0.822583,-2.262646,0.439085,-0.898445,1.066695,-1.201855,0.993752,-1.034317,0.807434,-0.932292,0.607742,-0.608777,1.112604,-0.768317,0.959237,-0.599624,0.778088,-0.511724,0.765821,-0.312050,1.135799,-0.466547,0.981251,-0.344828,0.837589,-0.267928,0.000000,0.000000,0.000000,0.000000,0.000000,0.000000,0.000000,0.000000,0.000000,0.000000,0.000000,0.000000,0.000000,0.000000,0.000000,0.000000,0.000000,0.000000,0.000000,0.000000,0.000000,0.000000,0.000000,0.000000,0.000000,0.000000,0.000000,0.000000,0.000000,0.000000,0.000000,0.000000,0.000000,0.000000,0.000000,0.000000,0.000000,0.000000,0.000000,0.000000,0.000000,0.000000
Y,Right,legacy_bisindo_2hand_Y_173,0.000000,0.000000,0.100385,-0.454815,-0.103295,-0.959899,-0.379162,-1.351222,-0.609824,-1.629827,-0.167827,-1.177265,-0.500416,-1.720928,-0.661805,-2.047070,-0.788121,-2.338420,-0.273042,-0.962002,-0.979665,-1.205606,-0.936893,-0.938477,-0.743567,-0.796815,-0.441116,-0.678548,-1.026478,-0.785609,-0.905510,-0.579894,-0.707043,-0.501937,-0.601481,-0.397177,-1.017254,-0.487937,-0.902316,-0.335952,-0.734761,-0.274732,0.000000,0.000000,0.000000,0.000000,0.000000,0.000000,0.000000,0.000000,0.000000,0.000000,0.000000,0.000000,0.000000,0.000000,0.000000,0.000000,0.000000,0.000000,0.000000,0.000000,0.000000,0.000000,0.000000,0.000000,0.000000,0.000000,0.000000,0.000000,0.000000,0.000000,0.000000,0.000000,0.000000,0.000000,0.000000,0.000000,0.000000,0.000000,0.000000,0.000000,0.000000,0.000000
Y,Right,legacy_bisindo_2hand_Y_174,0.000000,0.000000,0.394225,-0.492435,0.543904,-1.082552,0.781394,-1.558145,0.992831,-1.897117,-0.117338,-1.071370,-0.573368,-1.710705,-0.865748,-2.098077,-1.094248,-2.380299,-0.492850,-0.870114,-0.637545,-1.401048,-0.399559,-1.423521,-0.216415,-1.292523,-0.724391,-0.676295,-0.731483,-1.272374,-0.499637,-1.271636,-0.362487,-1.115225,-0.812913,-0.582936,-0.747217,-1.096087,-0.569012,-1.092603,-0.473872,-0.980211,0.000000,0.000000,0.000000,0.000000,0.000000,0.000000,0.000000,0.000000,0.000000,0.000000,0.000000,0.000000,0.000000,0.000000,0.000000,0.000000,0.000000,0.000000,0.000000,0.000000,0.000000,0.000000,0.000000,0.000000,0.000000,0.000000,0.000000,0.000000,0.000000,0.000000,0.000000,0.000000,0.000000,0.000000,0.000000,0.000000,0.000000,0.000000,0.000000,0.000000,0.000000,0.000000
Y,Right,legacy_bisindo_2hand_Y_175,0.000000,0.000000,-0.129190,-0.436825,-0.081017,-0.814050,-0.021517,-1.101973,0.015471,-1.190954,0.411150,-0.982867,0.615292,-1.556057,0.645426,-1.836492,0.601703,-1.923732,0.633567,-0.773688,1.179449,-1.273530,1.072957,-1.450833,0.858491,-1.437589,0.762253,-0.544671,1.231467,-0.958836,1.072383,-1.081183,0.908720,-1.049563,0.795325,-0.300148,1.122598,-0.652281,1.018049,-0.773153,0.877216,-0.750843,0.000000,0.000000,0.000000,0.000000,0.000000,0.000000,0.000000,0.000000,0.000000,0.000000,0.000000,0.000000,0.000000,0.000000,0.000000,0.000000,0.000000,0.000000,0.000000,0.000000,0.000000,0.000000,0.000000,0.000000,0.000000,0.000000,0.000000,0.000000,0.000000,0.000000,0.000000,0.000000,0.000000,0.000000,0.000000,0.000000,0.000000,0.000000,0.000000,0.000000,0.000000,0.000000
Y,Right,legacy_bisindo_2hand_Y_176,0.000000,0.000000,0.318231,-0.388494,0.681194,-0.684485,0.989988,-0.877413,1.085336,-1.112820,0.284287,-1.121478,0.411112,-1.687759,0.482809,-2.059495,0.471045,-2.368130,0.241917,-0.970297,0.809947,-1.186961,0.898057,-0.912040,0.804226,-0.733661,0.262845,-0.678861,0.897006,-0.599872,0.856159,-0.356558,0.688993,-0.328989,0.349226,-0.346793,0.870473,-0.214094,0.823075,-0.084925,0.664101,-0.111080,0.000000,0.000000,-0.276241,-0.072509,-0.427226,-0.276464,-0.531118,-0.489195,-0.604438,-0.684999,-0.084280,-0.941329,-0.131935,-1.483578,-0.150377,-1.847659,-0.151541,-2.146140,0.003668,-0.999993,-0.037907,-1.546831,-0.080730,-1.915782,-0.092479,-2.223312,0.035641,-1.024834,-0.014705,-1.487967,-0.073354,-1.825506,-0.100123,-2.115233,0.010064,-1.041886,-0.031886,-1.416672,-0.070678,-1.688833,-0.091682,-1.923253
Y,Right,legacy_bisindo_2hand_Y_177,0.000000,0.000000,0.463352,-0.414852,0.700131,-0.948229,0.948440,-1.339784,1.210334,-1.599624,0.144677,-1.129116,-0.205660,-1.777946,-0.422399,-2.113726,-0.626905,-2.347860,-0.231136,-0.972922,-0.274571,-1.410553,-0.042938,-1.337395,0.093827,-1.127884,-0.473762,-0.788089,-0.354212,-1.267447,-0.159401,-1.205424,-0.091848,-1.025914,-0.571615,-0.676495,-0.418679,-1.102721,-0.229416,-1.048011,-0.152975,-0.918524,0.000000,0.000000,0.000000,0.000000,0.000000,0.000000,0.000000,0.000000,0.000000,0.000000,0.000000,0.000000,0.000000,0.000000,0.000000,0.000000,0.000000,0.000000,0.000000,0.000000,0.000000,0.000000,0.000000,0.000000,0.000000,0.000000,0.000000,0.000000,0.000000,0.000000,0.000000,0.000000,0.000000,0.000000,0.000000,0.000000,0.000000,0.000000,0.000000,0.000000,0.000000,0.000000
Y,Right,legacy_bisindo_2hand_Y_178,0.000000,0.000000,0.364041,-0.379277,0.489407,-0.746488,0.559689,-1.043425,0.605201,-1.285890,0.233731,-1.049940,0.365814,-1.514602,0.425771,-1.796753,0.438571,-2.058077,0.137046,-0.990565,0.570342,-1.201883,0.643178,-0.975028,0.572552,-0.835036,0.103008,-0.845277,0.558139,-1.015668,0.608416,-0.753547,0.540578,-0.603728,0.143599,-0.658949,0.489819,-0.823374,0.559434,-0.643037,0.535429,-0.491426,0.000000,0.000000,0.000000,0.000000,0.000000,0.000000,0.000000,0.000000,0.000000,0.000000,0.000000,0.000000,0.000000,0.000000,0.000000,0.000000,0.000000,0.000000,0.000000,0.000000,0.000000,0.000000,0.000000,0.000000,0.000000,0.000000,0.000000,0.000000,0.000000,0.000000,0.000000,0.000000,0.000000,0.000000,0.000000,0.000000,0.000000,0.000000,0.000000,0.000000,0.000000,0.000000
Y,Right,legacy_bisindo_2hand_Y_179,0.000000,0.000000,0.349806,-0.405832,0.624449,-0.734962,0.865675,-0.931768,1.035338,-1.103699,0.513422,-1.119650,0.738273,-1.629551,0.832643,-2.004016,0.902698,-2.315915,0.311694,-0.950183,0.850901,-1.004413,1.130203,-0.731161,1.243498,-0.494460,0.187605,-0.638854,0.778731,-0.562619,0.769129,-0.333302,0.610221,-0.264384,0.145094,-0.309141,0.658273,-0.234875,0.672973,-0.122728,0.564233,-0.105845,0.000000,0.000000,0.000000,0.000000,0.000000,0.000000,0.000000,0.000000,0.000000,0.000000,0.000000,0.000000,0.000000,0.000000,0.000000,0.000000,0.000000,0.000000,0.000000,0.000000,0.000000,0.000000,0.000000,0.000000,0.000000,0.000000,0.000000,0.000000,0.000000,0.000000,0.000000,0.000000,0.000000,0.000000,0.000000,0.000000,0.000000,0.000000,0.000000,0.000000,0.000000,0.000000
Y,Right,legacy_bisindo_2hand_Y_180,0.000000,0.000000,-0.411279,-0.340922,-0.514412,-0.689540,-0.504248,-0.951479,-0.514524,-1.120191,-0.175352,-1.038535,-0.176864,-1.497379,-0.160118,-1.773696,-0.130361,-1.977845,-0.021461,-0.999770,-0.054279,-1.464584,-0.051136,-1.771287,-0.022292,-1.991571,0.056312,-0.888884,-0.000809,-1.279842,-0.007818,-1.554095,0.012789,-1.763695,0.057008,-0.731176,-0.033679,-0.899084,-0.067962,-1.040583,-0.085208,-1.146619,0.000000,0.000000,-0.328206,-0.382368,-0.416989,-0.879844,-0.309649,-1.234898,-0.192468,-1.397695,0.033674,-1.038435,0.016128,-1.607545,-0.006765,-1.934215,-0.001035,-2.198177,0.297185,-0.954820,0.020810,-1.285629,-0.138526,-1.182021,-0.152988,-1.048439,0.424362,-0.847010,0.153520,-1.137040,0.014829,-1.066984,-0.023854,-0.933688,0.483766,-0.739379,0.282975,-0.968369,0.146240,-0.939334,0.089057,-0.826677
Y,Right,legacy_bisindo_2hand_Y_181,0.000000,0.000000,-0.131385,-0.499537,-0.091001,-0.962825,0.018440,-1.216772,0.138106,-1.233738,0.308406,-1.007892,0.240356,-1.469025,0.175776,-1.729081,0.144581,-1.912106,0.522374,-0.852716,0.302028,-1.140657,0.133123,-1.039964,0.058835,-0.927585,0.632972,-0.674518,0.404677,-0.926778,0.278162,-0.848733,0.216998,-0.742613,0.675922,-0.508264,0.509715,-0.752006,0.396468,-0.715828,0.317890,-0.627140,0.000000,0.000000,0.000000,0.000000,0.000000,0.000000,0.000000,0.000000,0.000000,0.000000,0.000000,0.000000,0.000000,0.000000,0.000000,0.000000,0.000000,0.000000,0.000000,0.000000,0.000000,0.000000,0.000000,0.000000,0.000000,0.000000,0.000000,0.000000,0.000000,0.000000,0.000000,0.000000,0.000000,0.000000,0.000000,0.000000,0.000000,0.000000,0.000000,0.000000,0.000000,0.000000
Y,Right,legacy_bisindo_2hand_Y_182,0.000000,0.000000,-0.274391,-0.385880,-0.273377,-0.854987,-0.088262,-1.180644,0.039446,-1.386217,0.179632,-1.024982,0.207540,-1.526933,0.197599,-1.851125,0.196697,-2.091609,0.377986,-0.925811,0.223195,-1.275523,0.123497,-1.389972,0.088116,-1.451358,0.446047,-0.817473,0.217780,-1.073665,0.112605,-1.089882,0.074327,-1.050959,0.453621,-0.723365,0.268861,-0.934708,0.162900,-0.948112,0.104494,-0.900198,0.000000,0.000000,-0.085295,-0.234865,-0.197211,-0.618736,-0.293466,-0.936558,-0.433794,-1.141171,-0.072577,-0.995562,-0.103711,-1.504110,-0.153533,-1.825975,-0.234073,-2.085865,-0.190732,-0.981642,-0.642952,-1.476945,-0.919955,-1.669297,-1.115000,-1.786968,-0.306604,-0.870882,-0.557548,-1.314894,-0.527822,-1.217536,-0.468336,-1.087728,-0.390950,-0.746997,-0.481660,-0.966636,-0.465193,-0.989872,-0.416364,-1.024083
Y,Right,legacy_bisindo_2hand_Y_183,0.000000,0.000000,-0.176674,-0.537977,-0.050861,-1.122392,0.214506,-1.422665,0.388072,-1.404367,0.541864,-0.919407,0.724573,-1.568417,0.767214,-1.957897,0.826773,-2.235858,0.734393,-0.678724,0.567335,-1.174655,0.299530,-1.126069,0.169827,-0.973101,0.773452,-0.511620,0.617177,-0.935853,0.408338,-0.901069,0.266491,-0.771585,0.757380,-0.384607,0.626664,-0.742152,0.474975,-0.733984,0.361402,-0.630744,0.000000,0.000000,-0.074383,-0.294895,-0.115959,-0.637963,-0.143396,-0.900491,-0.205397,-1.142082,0.034161,-1.030310,-0.176621,-1.472846,-0.304548,-1.692024,-0.383832,-1.900605,0.033272,-0.999446,-0.334850,-1.461495,-0.627490,-1.706851,-0.855648,-1.894952,0.011572,-0.862893,0.021936,-1.248517,0.081322,-1.513224,0.128838,-1.680474,-0.021445,-0.676197,-0.034103,-0.850973,-0.000928,-0.988403,0.032450,-1.112144
Y,Right,legacy_bisindo_2hand_Y_184,0.000000,0.000000,0.768445,-0.212627,1.429227,-0.303780,1.805851,-0.154706,2.042232,0.020171,0.991655,-1.087275,1.569885,-1.091183,1.968195,-1.013715,2.175247,-0.955453,0.530324,-0.847795,1.212077,-0.416263,1.670799,0.077663,1.895368,0.437006,0.164547,-0.336398,0.971441,0.445752,1.395678,1.076956,1.575791,1.463274,-0.029599,0.247962,0.646536,0.904614,1.006437,1.276994,1.227561,1.504398,0.000000,0.000000,0.000000,0.000000,0.000000,0.000000,0.000000,0.000000,0.000000,0.000000,0.000000,0.000000,0.000000,0.000000,0.000000,0.000000,0.000000,0.000000,0.000000,0.000000,0.000000,0.000000,0.000000,0.000000,0.000000,0.000000,0.000000,0.000000,0.000000,0.000000,0.000000,0.000000,0.000000,0.000000,0.000000,0.000000,0.000000,0.000000,0.000000,0.000000,0.000000,0.000000
Y,Right,legacy_bisindo_2hand_Y_185,0.000000,0.000000,-0.047248,-0.586515,0.170819,-1.141542,0.515181,-1.382822,0.772089,-1.280875,0.605605,-0.906955,0.985932,-1.627399,1.192515,-2.078948,1.338768,-2.378411,0.820601,-0.571501,1.213986,-1.187500,0.990517,-1.213353,0.777804,-1.071267,0.887524,-0.273907,1.170368,-0.834335,0.972921,-0.860129,0.805345,-0.727994,0.887032,-0.020169,1.086143,-0.507265,0.922252,-0.567496,0.775002,-0.467965,0.000000,0.000000,0.192649,-0.279982,0.378748,-0.823450,0.565574,-1.273255,0.822093,-1.559445,0.029517,-1.025757,-0.333557,-1.580605,-0.546469,-1.880856,-0.681084,-2.126289,-0.110188,-0.993911,-0.572337,-1.448202,-0.789460,-1.747870,-0.938320,-1.968770,-0.252326,-0.872099,-0.394026,-1.113389,-0.335860,-1.055691,-0.266575,-1.000169,-0.328512,-0.756197,-0.317569,-0.923562,-0.174299,-0.853035,-0.032976,-0.793279
Y,Right,legacy_bisindo_2hand_Y_186,0.000000,0.000000,0.155770,-0.561476,0.173027,-1.063793,0.252779,-1.491103,0.398825,-1.855555,-0.562031,-0.930573,-1.037093,-1.394313,-1.336416,-1.682402,-1.571789,-1.873986,-0.798491,-0.602007,-1.301698,-1.076749,-1.091433,-1.119812,-0.828506,-1.006667,-0.896304,-0.277233,-1.249056,-0.689256,-1.030115,-0.687309,-0.839182,-0.568874,-0.916725,-0.004701,-1.255233,-0.368771,-1.085085,-0.348650,-0.920919,-0.221836,0.000000,0.000000,0.421740,-0.488920,0.982312,-0.767557,1.446416,-0.843091,1.623253,-0.923668,0.645756,-1.064541,0.790318,-1.812630,0.938999,-2.177236,0.945731,-2.505792,0.468584,-0.883419,1.090043,-1.190185,1.449459,-0.885213,1.390676,-0.632126,0.399640,-0.445300,1.216325,-0.506840,1.410577,-0.179685,1.211375,-0.100378,0.498231,0.034108,1.196015,0.061149,1.323409,0.175319,1.143375,0.150218
Y,Right,legacy_bisindo_2hand_Y_187,0.000000,0.000000,0.049271,-0.478122,-0.079386,-1.041944,-0.191427,-1.455009,-0.260516,-1.714401,-0.371536,-0.984696,-0.644076,-1.379322,-0.776089,-1.580100,-0.878948,-1.772135,-0.512179,-0.858879,-0.950585,-1.133307,-1.218863,-1.332375,-1.431579,-1.481793,-0.575137,-0.689763,-0.721055,-0.935873,-0.581694,-0.944888,-0.438933,-0.910704,-0.579580,-0.537556,-0.608482,-0.720363,-0.490912,-0.754967,-0.364336,-0.754717,0.000000,0.000000,-0.306517,-0.431688,-0.300608,-0.977371,-0.083069,-1.303610,0.115258,-1.414183,0.247257,-1.042748,0.242301,-1.651556,0.199964,-2.026085,0.184183,-2.291538,0.456350,-0.889800,0.140475,-1.283349,-0.123392,-1.183341,-0.226187,-1.018407,0.514510,-0.791546,0.198139,-1.106632,-0.025550,-1.015604,-0.125335,-0.861107,0.508049,-0.716136,0.247287,-0.984877,0.086427,-0.934600,0.021523,-0.808027
Y,Right,legacy_bisindo_2hand_Y_188,0.000000,0.000000,0.026572,-0.397922,-0.054104,-0.854625,-0.130690,-1.204061,-0.156712,-1.436303,-0.293772,-1.020925,-0.651909,-1.419674,-0.858844,-1.625617,-1.006446,-1.803623,-0.367308,-0.930099,-0.639588,-1.162543,-0.682134,-1.186071,-0.683471,-1.197275,-0.386800,-0.801159,-0.502683,-1.000790,-0.414855,-1.025364,-0.319703,-1.032949,-0.372589,-0.666071,-0.416313,-0.828836,-0.328935,-0.877106,-0.241136,-0.893533,0.000000,0.000000,-0.118829,-0.478877,0.017053,-0.958149,0.277784,-1.188659,0.483980,-1.214270,0.511565,-0.902845,0.612728,-1.443177,0.631979,-1.782324,0.647023,-2.026641,0.673333,-0.739339,0.484237,-1.117357,0.246662,-1.062481,0.117275,-0.938179,0.719638,-0.628604,0.512715,-0.950672,0.305409,-0.901757,0.183401,-0.789353,0.714994,-0.538617,0.541814,-0.804675,0.393042,-0.789745,0.309858,-0.705877
Y,Right,legacy_bisindo_2hand_Y_189,0.000000,0.000000,0.504563,-0.268611,0.745573,-0.749434,0.859987,-1.106825,0.937534,-1.318716,0.257584,-0.999890,0.149296,-1.506248,-0.007198,-1.822806,-0.150561,-2.076942,-0.043901,-0.999036,0.078542,-1.340367,0.219334,-1.286079,0.285899,-1.162496,-0.211480,-0.939524,0.034062,-1.244576,0.209809,-1.132344,0.282955,-0.998507,-0.263392,-0.873188,-0.032106,-1.110314,0.107182,-1.028411,0.143063,-0.909290,0.000000,0.000000,0.245464,-1.169090,1.268952,-2.223753,2.447834,-3.215090,3.371822,-4.082204,0.677728,-2.261850,2.908695,-2.704029,3.421012,-1.569154,3.336015,-0.529587,0.329673,-0.944095,3.382663,-0.733839,3.412737,0.429371,2.716690,1.217817,0.136341,0.458051,2.903764,1.007815,2.932176,1.800660,2.463839,2.241737,0.104432,1.643142,1.911998,2.036888,2.320831,2.611873,2.394492,3.001728
Y,Right,legacy_bisindo_2hand_Y_190,0.000000,0.000000,0.522836,-0.180038,0.867323,-0.739597,1.012323,-1.199787,1.082979,-1.450406,0.421332,-0.933784,0.279558,-1.565279,0.128954,-1.954110,0.017260,-2.252395,0.097594,-0.995226,0.145935,-1.411185,0.328814,-1.362574,0.445207,-1.248212,-0.109871,-1.001864,0.078200,-1.386772,0.290262,-1.277870,0.403743,-1.135087,-0.205604,-1.004197,-0.015972,-1.309229,0.141574,-1.233753,0.223383,-1.124141,0.000000,0.000000,0.000000,0.000000,0.000000,0.000000,0.000000,0.000000,0.000000,0.000000,0.000000,0.000000,0.000000,0.000000,0.000000,0.000000,0.000000,0.000000,0.000000,0.000000,0.000000,0.000000,0.000000,0.000000,0.000000,0.000000,0.000000,0.000000,0.000000,0.000000,0.000000,0.000000,0.000000,0.000000,0.000000,0.000000,0.000000,0.000000,0.000000,0.000000,0.000000,0.000000
Y,Right,legacy_bisindo_2hand_Y_191,0.000000,0.000000,0.080151,-0.555227,0.168694,-1.114821,0.218796,-1.539981,0.200816,-1.839666,-0.040057,-1.099818,-0.272583,-1.563757,-0.432532,-1.809919,-0.578560,-2.068160,-0.176934,-0.984223,-0.581759,-1.403532,-0.905012,-1.707437,-1.195659,-1.934294,-0.268154,-0.802202,-0.272904,-1.120840,-0.171125,-1.274463,-0.107881,-1.361079,-0.350494,-0.601776,-0.272109,-0.729523,-0.161413,-0.857789,-0.073216,-0.986328,0.000000,0.000000,-0.231086,-0.452446,-0.092226,-0.991857,0.214969,-1.229670,0.442658,-1.254789,0.493594,-0.863076,0.635827,-1.484551,0.711880,-1.872583,0.786293,-2.168608,0.731530,-0.681809,0.487602,-1.101571,0.232583,-1.021209,0.167655,-0.857984,0.794544,-0.546371,0.523336,-0.910689,0.309258,-0.853108,0.253583,-0.712311,0.779781,-0.453243,0.560083,-0.740433,0.387249,-0.704930,0.333354,-0.590723
Y,Right,legacy_bisindo_2hand_Y_192,0.000000,0.000000,-0.252283,-0.391454,-0.338753,-0.869659,-0.308308,-1.263404,-0.222358,-1.453006,0.096058,-0.976123,0.133696,-1.633784,0.126722,-1.976281,0.128074,-2.265470,0.341783,-0.939779,0.065947,-1.413945,-0.098811,-1.351409,-0.143081,-1.259512,0.451591,-0.912817,0.148790,-1.282788,0.006118,-1.210262,-0.051528,-1.084768,0.473449,-0.900642,0.230417,-1.164958,0.088710,-1.150078,0.022716,-1.076880,0.000000,0.000000,0.264304,-0.316698,0.250227,-0.927637,0.164212,-1.446132,0.224428,-1.808234,-0.132206,-0.999168,-0.711939,-1.347880,-1.093072,-1.493368,-1.401991,-1.630172,-0.328631,-0.944458,-0.962645,-1.215486,-1.326943,-1.402579,-1.618818,-1.595164,-0.456661,-0.857373,-0.918394,-1.142586,-1.174391,-1.379164,-1.382419,-1.546276,-0.428590,-0.750733,-0.621852,-1.028689,-0.716933,-1.159032,-0.812165,-1.270805
Y,Right,legacy_bisindo_2hand_Y_193,0.000000,0.000000,-0.243603,-0.407467,-0.281088,-1.026018,-0.108649,-1.585628,0.092915,-2.013366,0.374978,-0.655238,0.392944,-1.605127,0.351643,-2.074297,0.373844,-2.403869,0.838302,-0.545206,0.922658,-1.568051,0.808778,-2.034542,0.670777,-2.301507,1.157986,-0.555809,1.194213,-1.469938,1.028293,-1.835223,0.887011,-2.018423,1.367260,-0.614226,1.367638,-1.279184,1.178777,-1.560997,1.011266,-1.700261,0.000000,0.000000,1.002173,-1.090715,1.207305,-2.864511,0.872123,-4.560005,0.691396,-5.924193,0.624604,-1.520404,-0.208499,-1.195944,-0.766322,-0.956372,-1.136875,-0.942392,-0.357530,-0.933902,-1.624908,-1.357321,-2.202652,-1.778329,-2.519889,-2.163584,-1.224628,-0.716160,-2.447528,-1.477099,-2.999712,-2.254450,-3.251777,-2.959775,-1.826482,-0.715106,-2.715100,-1.559080,-3.025431,-1.994762,-3.120131,-2.345369
Y,Right,legacy_bisindo_2hand_Y_194,0.000000,0.000000,0.011782,-0.348001,-0.021696,-0.694931,-0.167276,-0.970812,-0.274284,-1.163833,0.111155,-1.030884,0.152301,-1.372118,0.198376,-1.559588,0.225106,-1.750548,-0.014396,-0.999896,-0.436268,-1.389180,-0.718777,-1.628927,-0.955873,-1.828761,-0.138464,-0.876855,-0.368245,-1.115575,-0.299288,-1.039001,-0.206507,-0.973250,-0.227854,-0.711775,-0.282572,-0.861161,-0.208278,-0.890689,-0.108376,-0.951519,0.000000,0.000000,-0.276335,-0.465027,-0.262670,-0.940860,-0.059362,-1.172143,0.119381,-1.113846,0.250210,-1.064129,0.338297,-1.656146,0.353752,-1.997280,0.382422,-2.230234,0.520922,-0.853604,0.293108,-1.137778,0.131973,-1.019439,0.090553,-0.873405,0.632534,-0.638254,0.366533,-0.853356,0.263439,-0.761776,0.208937,-0.636031,0.666499,-0.452474,0.473294,-0.619144,0.375215,-0.547164,0.317461,-0.442426
Y,Right,legacy_bisindo_2hand_Y_195,0.000000,0.000000,-0.198624,-0.444872,-0.176627,-0.916789,-0.102374,-1.223749,-0.075893,-1.461360,0.291653,-0.973601,0.388230,-1.576354,0.405721,-1.919071,0.414853,-2.173452,0.521331,-0.853355,0.500865,-1.460378,0.396158,-1.757206,0.333746,-1.970367,0.664941,-0.748794,0.453782,-1.186231,0.279369,-1.116422,0.198138,-0.998637,0.737110,-0.671038,0.555933,-1.031855,0.395429,-1.004236,0.314260,-0.908178,0.000000,0.000000,0.408677,-0.518190,0.460010,-1.160299,0.341447,-1.686170,0.352606,-2.042641,-0.029877,-1.166741,-0.452693,-1.719229,-0.722294,-2.071107,-0.926058,-2.353302,-0.303408,-0.952861,-0.566901,-1.290274,-0.484157,-1.252627,-0.373226,-1.189991,-0.469853,-0.687064,-0.495934,-0.937064,-0.244442,-0.842669,-0.035792,-0.761986,-0.546200,-0.441862,-0.517445,-0.629949,-0.335142,-0.525939,-0.189486,-0.438198
Y,Right,legacy_bisindo_2hand_Y_196,0.000000,0.000000,-0.150370,-0.476421,-0.028257,-0.949132,0.220301,-1.258464,0.410674,-1.392555,0.476474,-0.903808,0.427317,-1.363542,0.380081,-1.591045,0.393759,-1.778396,0.676822,-0.736146,0.616359,-1.253712,0.513163,-1.484815,0.458298,-1.655989,0.751769,-0.568973,0.591693,-0.970038,0.436849,-0.964329,0.328166,-0.891245,0.755691,-0.439715,0.639643,-0.758095,0.504525,-0.778784,0.401506,-0.712827,0.000000,0.000000,0.479106,-0.395347,0.743756,-0.903498,0.947225,-1.306459,1.200330,-1.534447,0.250814,-1.092697,-0.086271,-1.672873,-0.356167,-2.014397,-0.562267,-2.281312,-0.048512,-0.998823,-0.256791,-1.308339,-0.133601,-1.265983,-0.049482,-1.184075,-0.245373,-0.832454,-0.194878,-1.059721,0.043070,-0.938907,0.176307,-0.790147,-0.329437,-0.666781,-0.213131,-0.887087,0.019344,-0.781178,0.164323,-0.649109
Y,Right,legacy_bisindo_2hand_Y_197,0.000000,0.000000,-0.132658,-0.464379,-0.051009,-0.929024,0.128864,-1.267055,0.324624,-1.476975,0.441304,-0.887306,0.555241,-1.541822,0.567195,-1.885048,0.609895,-2.146281,0.673004,-0.739639,0.815805,-1.506803,0.778814,-1.920384,0.754633,-2.196799,0.804312,-0.559898,0.959181,-1.137419,0.775771,-1.235066,0.604705,-1.237244,0.860638,-0.378890,1.079077,-0.588871,1.005097,-0.747486,0.873617,-0.837394,0.000000,0.000000,0.660638,-0.631921,0.872101,-1.430833,0.951001,-2.092468,1.108479,-2.516780,0.302935,-1.193614,-0.197885,-1.927443,-0.487036,-2.466140,-0.706940,-2.867159,-0.076931,-0.997036,-0.581060,-1.713665,-0.489168,-1.827174,-0.290979,-1.738312,-0.351154,-0.798422,-0.642951,-1.502100,-0.463484,-1.590945,-0.234090,-1.495124,-0.472359,-0.657361,-0.617839,-1.214306,-0.439340,-1.271683,-0.218834,-1.172975
Y,Right,legacy_bisindo_2hand_Y_198,0.000000,0.000000,-0.090048,-0.402548,0.047411,-0.810184,0.317356,-1.024967,0.518016,-1.126995,0.081900,-1.069342,0.257023,-1.563972,0.372404,-1.858161,0.426215,-2.099265,0.239561,-0.970881,0.729833,-1.231338,0.724506,-1.054044,0.584234,-0.918508,0.420699,-0.788676,0.832156,-0.898909,0.759896,-0.740485,0.610201,-0.646407,0.582564,-0.575117,0.884571,-0.671544,0.810537,-0.535512,0.675430,-0.432889,0.000000,0.000000,0.000000,0.000000,0.000000,0.000000,0.000000,0.000000,0.000000,0.000000,0.000000,0.000000,0.000000,0.000000,0.000000,0.000000,0.000000,0.000000,0.000000,0.000000,0.000000,0.000000,0.000000,0.000000,0.000000,0.000000,0.000000,0.000000,0.000000,0.000000,0.000000,0.000000,0.000000,0.000000,0.000000,0.000000,0.000000,0.000000,0.000000,0.000000,0.000000,0.000000
Y,Right,legacy_bisindo_2hand_Y_199,0.000000,0.000000,0.100285,-0.488116,-0.114445,-0.960369,-0.428572,-1.283658,-0.719704,-1.474569,-0.214237,-1.173105,-0.568939,-1.715496,-0.745354,-2.026788,-0.876150,-2.304881,-0.322111,-0.946702,-1.031121,-1.170376,-0.976765,-0.922482,-0.771933,-0.793823,-0.489096,-0.657970,-1.068640,-0.734695,-0.930201,-0.558067,-0.722289,-0.495080,-0.652875,-0.372005,-1.045585,-0.440275,-0.910058,-0.308439,-0.740799,-0.259041,0.000000,0.000000,0.000000,0.000000,0.000000,0.000000,0.000000,0.000000,0.000000,0.000000,0.000000,0.000000,0.000000,0.000000,0.000000,0.000000,0.000000,0.000000,0.000000,0.000000,0.000000,0.000000,0.000000,0.000000,0.000000,0.000000,0.000000,0.000000,0.000000,0.000000,0.000000,0.000000,0.000000,0.000000,0.000000,0.000000,0.000000,0.000000,0.000000,0.000000,0.000000,0.000000
Y,Right,legacy_bisindo_2hand_Y_200,0.000000,0.000000,-0.064529,-0.712611,0.046615,-1.510673,0.137452,-2.237936,0.105591,-2.822270,0.329577,-1.179623,1.089364,-1.611405,1.284232,-1.774635,1.273746,-1.852428,0.611420,-0.791306,1.316648,-1.236089,1.349653,-1.312014,1.155380,-1.244496,0.844630,-0.390221,1.483320,-0.814061,1.462453,-0.842419,1.266487,-0.758762,1.010710,-0.000770,1.573209,-0.395321,1.590790,-0.488361,1.459168,-0.458449,0.000000,0.000000,0.000000,0.000000,0.000000,0.000000,0.000000,0.000000,0.000000,0.000000,0.000000,0.000000,0.000000,0.000000,0.000000,0.000000,0.000000,0.000000,0.000000,0.000000,0.000000,0.000000,0.000000,0.000000,0.000000,0.000000,0.000000,0.000000,0.000000,0.000000,0.000000,0.000000,0.000000,0.000000,0.000000,0.000000,0.000000,0.000000,0.000000,0.000000,0.000000,0.000000
Y,Right,legacy_bisindo_2hand_Y_201,0.000000,0.000000,-0.064529,-0.712611,0.046615,-1.510673,0.137452,-2.237936,0.105591,-2.822270,0.329577,-1.179623,1.089364,-1.611405,1.284232,-1.774635,1.273746,-1.852428,0.611420,-0.791306,1.316648,-1.236089,1.349653,-1.312014,1.155380,-1.244496,0.844630,-0.390221,1.483320,-0.814061,1.462453,-0.842419,1.266487,-0.758762,1.010710,-0.000770,1.573209,-0.395321,1.590790,-0.488361,1.459168,-0.458449,0.000000,0.000000,0.000000,0.000000,0.000000,0.000000,0.000000,0.000000,0.000000,0.000000,0.000000,0.000000,0.000000,0.000000,0.000000,0.000000,0.000000,0.000000,0.000000,0.000000,0.000000,0.000000,0.000000,0.000000,0.000000,0.000000,0.000000,0.000000,0.000000,0.000000,0.000000,0.000000,0.000000,0.000000,0.000000,0.000000,0.000000,0.000000,0.000000,0.000000,0.000000,0.000000
Y,Right,legacy_bisindo_2hand_Y_202,0.000000,0.000000,-0.502891,-0.149020,-0.765287,-0.610357,-0.947245,-1.064533,-1.155492,-1.405423,-0.298443,-1.069536,0.032295,-1.630859,0.233294,-1.967474,0.395569,-2.240707,0.099866,-0.995001,0.076355,-1.226884,-0.126420,-0.926197,-0.184833,-0.738921,0.339165,-0.831781,0.179651,-0.909069,0.025814,-0.665419,0.020032,-0.541961,0.511779,-0.661017,0.333469,-0.719095,0.199372,-0.524495,0.203452,-0.428694,0.000000,0.000000,0.000000,0.000000,0.000000,0.000000,0.000000,0.000000,0.000000,0.000000,0.000000,0.000000,0.000000,0.000000,0.000000,0.000000,0.000000,0.000000,0.000000,0.000000,0.000000,0.000000,0.000000,0.000000,0.000000,0.000000,0.000000,0.000000,0.000000,0.000000,0.000000,0.000000,0.000000,0.000000,0.000000,0.000000,0.000000,0.000000,0.000000,0.000000,0.000000,0.000000
Y,Right,legacy_bisindo_2hand_Y_203,0.000000,0.000000,-0.064529,-0.712611,0.046615,-1.510673,0.137452,-2.237936,0.105591,-2.822270,0.329577,-1.179623,1.089364,-1.611405,1.284232,-1.774635,1.273746,-1.852428,0.611420,-0.791306,1.316648,-1.236089,1.349653,-1.312014,1.155380,-1.244496,0.844630,-0.390221,1.483320,-0.814061,1.462453,-0.842419,1.266487,-0.758762,1.010710,-0.000770,1.573209,-0.395321,1.590790,-0.488361,1.459168,-0.458449,0.000000,0.000000,0.000000,0.000000,0.000000,0.000000,0.000000,0.000000,0.000000,0.000000,0.000000,0.000000,0.000000,0.000000,0.000000,0.000000,0.000000,0.000000,0.000000,0.000000,0.000000,0.000000,0.000000,0.000000,0.000000,0.000000,0.000000,0.000000,0.000000,0.000000,0.000000,0.000000,0.000000,0.000000,0.000000,0.000000,0.000000,0.000000,0.000000,0.000000,0.000000,0.000000
Y,Right,legacy_bisindo_2hand_Y_204,0.000000,0.000000,-0.090048,-0.402548,0.047411,-0.810184,0.317356,-1.024967,0.518016,-1.126995,0.081900,-1.069342,0.257023,-1.563972,0.372404,-1.858161,0.426215,-2.099265,0.239561,-0.970881,0.729833,-1.231338,0.724506,-1.054044,0.584234,-0.918508,0.420699,-0.788676,0.832156,-0.898909,0.759896,-0.740485,0.610201,-0.646407,0.582564,-0.575117,0.884571,-0.671544,0.810537,-0.535512,0.675430,-0.432889,0.000000,0.000000,0.000000,0.000000,0.000000,0.000000,0.000000,0.000000,0.000000,0.000000,0.000000,0.000000,0.000000,0.000000,0.000000,0.000000,0.000000,0.000000,0.000000,0.000000,0.000000,0.000000,0.000000,0.000000,0.000000,0.000000,0.000000,0.000000,0.000000,0.000000,0.000000,0.000000,0.000000,0.000000,0.000000,0.000000,0.000000,0.000000,0.000000,0.000000,0.000000,0.000000
Y,Right,legacy_bisindo_2hand_Y_205,0.000000,0.000000,-0.090048,-0.402548,0.047411,-0.810184,0.317356,-1.024967,0.518016,-1.126995,0.081900,-1.069342,0.257023,-1.563972,0.372404,-1.858161,0.426215,-2.099265,0.239561,-0.970881,0.729833,-1.231338,0.724506,-1.054044,0.584234,-0.918508,0.420699,-0.788676,0.832156,-0.898909,0.759896,-0.740485,0.610201,-0.646407,0.582564,-0.575117,0.884571,-0.671544,0.810537,-0.535512,0.675430,-0.432889,0.000000,0.000000,0.000000,0.000000,0.000000,0.000000,0.000000,0.000000,0.000000,0.000000,0.000000,0.000000,0.000000,0.000000,0.000000,0.000000,0.000000,0.000000,0.000000,0.000000,0.000000,0.000000,0.000000,0.000000,0.000000,0.000000,0.000000,0.000000,0.000000,0.000000,0.000000,0.000000,0.000000,0.000000,0.000000,0.000000,0.000000,0.000000,0.000000,0.000000,0.000000,0.000000
Y,Right,legacy_bisindo_2hand_Y_206,0.000000,0.000000,-0.090048,-0.402548,0.047411,-0.810184,0.317356,-1.024967,0.518016,-1.126995,0.081900,-1.069342,0.257023,-1.563972,0.372404,-1.858161,0.426215,-2.099265,0.239561,-0.970881,0.729833,-1.231338,0.724506,-1.054044,0.584234,-0.918508,0.420699,-0.788676,0.832156,-0.898909,0.759896,-0.740485,0.610201,-0.646407,0.582564,-0.575117,0.884571,-0.671544,0.810537,-0.535512,0.675430,-0.432889,0.000000,0.000000,0.000000,0.000000,0.000000,0.000000,0.000000,0.000000,0.000000,0.000000,0.000000,0.000000,0.000000,0.000000,0.000000,0.000000,0.000000,0.000000,0.000000,0.000000,0.000000,0.000000,0.000000,0.000000,0.000000,0.000000,0.000000,0.000000,0.000000,0.000000,0.000000,0.000000,0.000000,0.000000,0.000000,0.000000,0.000000,0.000000,0.000000,0.000000,0.000000,0.000000
Y,Right,legacy_bisindo_2hand_Y_207,0.000000,0.000000,-0.064529,-0.712611,0.046615,-1.510673,0.137452,-2.237936,0.105591,-2.822270,0.329577,-1.179623,1.089364,-1.611405,1.284232,-1.774635,1.273746,-1.852428,0.611420,-0.791306,1.316648,-1.236089,1.349653,-1.312014,1.155380,-1.244496,0.844630,-0.390221,1.483320,-0.814061,1.462453,-0.842419,1.266487,-0.758762,1.010710,-0.000770,1.573209,-0.395321,1.590790,-0.488361,1.459168,-0.458449,0.000000,0.000000,0.000000,0.000000,0.000000,0.000000,0.000000,0.000000,0.000000,0.000000,0.000000,0.000000,0.000000,0.000000,0.000000,0.000000,0.000000,0.000000,0.000000,0.000000,0.000000,0.000000,0.000000,0.000000,0.000000,0.000000,0.000000,0.000000,0.000000,0.000000,0.000000,0.000000,0.000000,0.000000,0.000000,0.000000,0.000000,0.000000,0.000000,0.000000,0.000000,0.000000
Y,Right,legacy_bisindo_2hand_Y_208,0.000000,0.000000,-0.064529,-0.712611,0.046615,-1.510673,0.137452,-2.237936,0.105591,-2.822270,0.329577,-1.179623,1.089364,-1.611405,1.284232,-1.774635,1.273746,-1.852428,0.611420,-0.791306,1.316648,-1.236089,1.349653,-1.312014,1.155380,-1.244496,0.844630,-0.390221,1.483320,-0.814061,1.462453,-0.842419,1.266487,-0.758762,1.010710,-0.000770,1.573209,-0.395321,1.590790,-0.488361,1.459168,-0.458449,0.000000,0.000000,0.000000,0.000000,0.000000,0.000000,0.000000,0.000000,0.000000,0.000000,0.000000,0.000000,0.000000,0.000000,0.000000,0.000000,0.000000,0.000000,0.000000,0.000000,0.000000,0.000000,0.000000,0.000000,0.000000,0.000000,0.000000,0.000000,0.000000,0.000000,0.000000,0.000000,0.000000,0.000000,0.000000,0.000000,0.000000,0.000000,0.000000,0.000000,0.000000,0.000000
Y,Right,legacy_bisindo_2hand_Y_209,0.000000,0.000000,-0.437660,-0.236963,-0.605182,-0.756154,-0.678366,-1.241457,-0.815941,-1.618769,-0.083108,-1.089410,0.346132,-1.562138,0.616173,-1.853153,0.833376,-2.095601,0.283703,-0.958912,0.345683,-1.149107,0.136574,-0.889130,0.056469,-0.736232,0.498436,-0.761595,0.427874,-0.849927,0.237616,-0.631500,0.183848,-0.524843,0.644284,-0.568492,0.538359,-0.637619,0.375888,-0.466442,0.344699,-0.384039,0.000000,0.000000,0.000000,0.000000,0.000000,0.000000,0.000000,0.000000,0.000000,0.000000,0.000000,0.000000,0.000000,0.000000,0.000000,0.000000,0.000000,0.000000,0.000000,0.000000,0.000000,0.000000,0.000000,0.000000,0.000000,0.000000,0.000000,0.000000,0.000000,0.000000,0.000000,0.000000,0.000000,0.000000,0.000000,0.000000,0.000000,0.000000,0.000000,0.000000,0.000000,0.000000
Y,Right,legacy_bisindo_2hand_Y_210,0.000000,0.000000,-0.064529,-0.712611,0.046615,-1.510673,0.137452,-2.237936,0.105591,-2.822270,0.329577,-1.179623,1.089364,-1.611405,1.284232,-1.774635,1.273746,-1.852428,0.611420,-0.791306,1.316648,-1.236089,1.349653,-1.312014,1.155380,-1.244496,0.844630,-0.390221,1.483320,-0.814061,1.462453,-0.842419,1.266487,-0.758762,1.010710,-0.000770,1.573209,-0.395321,1.590790,-0.488361,1.459168,-0.458449,0.000000,0.000000,0.000000,0.000000,0.000000,0.000000,0.000000,0.000000,0.000000,0.000000,0.000000,0.000000,0.000000,0.000000,0.000000,0.000000,0.000000,0.000000,0.000000,0.000000,0.000000,0.000000,0.000000,0.000000,0.000000,0.000000,0.000000,0.000000,0.000000,0.000000,0.000000,0.000000,0.000000,0.000000,0.000000,0.000000,0.000000,0.000000,0.000000,0.000000,0.000000,0.000000
Y,Right,legacy_bisindo_2hand_Y_211,0.000000,0.000000,0.248929,-0.458579,0.278192,-1.115774,0.054166,-1.611369,-0.179080,-1.880726,0.295259,-1.167635,0.388224,-2.037555,0.418870,-2.492084,0.447946,-2.893727,-0.046411,-0.998922,-0.515693,-1.797285,-0.457941,-1.516718,-0.306816,-1.232584,-0.441269,-0.782757,-0.833450,-1.427303,-0.734227,-1.189659,-0.602038,-0.946449,-0.829185,-0.547264,-1.083097,-1.084447,-0.992438,-0.933242,-0.898597,-0.718447,0.000000,0.000000,0.000000,0.000000,0.000000,0.000000,0.000000,0.000000,0.000000,0.000000,0.000000,0.000000,0.000000,0.000000,0.000000,0.000000,0.000000,0.000000,0.000000,0.000000,0.000000,0.000000,0.000000,0.000000,0.000000,0.000000,0.000000,0.000000,0.000000,0.000000,0.000000,0.000000,0.000000,0.000000,0.000000,0.000000,0.000000,0.000000,0.000000,0.000000,0.000000,0.000000
Y,Right,legacy_bisindo_2hand_Y_212,0.000000,0.000000,0.252791,-0.727747,0.573993,-1.613789,0.766031,-2.275742,1.038384,-2.913429,0.907747,-1.139898,0.786818,-1.667093,0.511667,-2.052190,0.261076,-2.368546,0.784729,-0.619840,0.061555,-1.270230,-0.252690,-1.435375,-0.350311,-1.482472,0.556266,-0.099189,-0.287322,-0.659007,-0.386613,-0.475477,-0.277822,-0.242310,0.327641,0.357810,-0.419106,-0.086353,-0.457949,0.056702,-0.257890,0.267391,0.000000,0.000000,0.000000,0.000000,0.000000,0.000000,0.000000,0.000000,0.000000,0.000000,0.000000,0.000000,0.000000,0.000000,0.000000,0.000000,0.000000,0.000000,0.000000,0.000000,0.000000,0.000000,0.000000,0.000000,0.000000,0.000000,0.000000,0.000000,0.000000,0.000000,0.000000,0.000000,0.000000,0.000000,0.000000,0.000000,0.000000,0.000000,0.000000,0.000000,0.000000,0.000000
Y,Right,legacy_bisindo_2hand_Y_213,0.000000,0.000000,-0.242710,-3.355945,-0.720089,-6.928312,-0.684144,-10.820007,-0.654892,-14.311971,-2.053461,-3.001471,0.515427,-6.185021,3.236202,-8.368409,5.106841,-9.931795,-0.951432,-0.307858,2.459633,-4.325924,5.434344,-6.373934,6.890309,-7.519899,0.372324,1.709150,4.117475,-2.717452,6.546332,-3.725608,7.402413,-3.747829,1.698680,3.243132,5.329355,0.032845,7.021864,-0.943892,7.511303,-1.090264,0.000000,0.000000,0.000000,0.000000,0.000000,0.000000,0.000000,0.000000,0.000000,0.000000,0.000000,0.000000,0.000000,0.000000,0.000000,0.000000,0.000000,0.000000,0.000000,0.000000,0.000000,0.000000,0.000000,0.000000,0.000000,0.000000,0.000000,0.000000,0.000000,0.000000,0.000000,0.000000,0.000000,0.000000,0.000000,0.000000,0.000000,0.000000,0.000000,0.000000,0.000000,0.000000
Y,Right,legacy_bisindo_2hand_Y_214,0.000000,0.000000,0.287249,-0.538674,0.156436,-1.326612,-0.105571,-1.900280,-0.377634,-2.237303,0.155393,-1.236282,-0.453175,-1.794998,-0.858248,-2.012410,-1.097191,-2.156622,-0.219978,-0.975505,-0.770455,-1.472454,-0.979696,-1.614522,-1.047453,-1.665406,-0.578748,-0.644980,-1.080833,-1.052853,-1.095664,-1.095283,-0.974981,-1.040382,-0.924814,-0.282942,-1.285157,-0.617364,-1.213380,-0.651871,-1.013656,-0.574399,0.000000,0.000000,0.000000,0.000000,0.000000,0.000000,0.000000,0.000000,0.000000,0.000000,0.000000,0.000000,0.000000,0.000000,0.000000,0.000000,0.000000,0.000000,0.000000,0.000000,0.000000,0.000000,0.000000,0.000000,0.000000,0.000000,0.000000,0.000000,0.000000,0.000000,0.000000,0.000000,0.000000,0.000000,0.000000,0.000000,0.000000,0.000000,0.000000,0.000000,0.000000,0.000000
Y,Right,legacy_bisindo_2hand_Y_215,0.000000,0.000000,-0.001008,-0.408254,0.250128,-0.848487,0.596136,-1.117292,0.893286,-1.239203,0.320694,-1.090509,0.631089,-1.631472,0.812360,-1.945971,0.916202,-2.203705,0.467939,-0.883761,1.112801,-1.153494,1.050646,-1.002810,0.877836,-0.932306,0.619494,-0.589929,1.142228,-0.715834,0.982484,-0.548255,0.792762,-0.472233,0.756112,-0.285574,1.147964,-0.419362,0.986594,-0.298581,0.834023,-0.231623,0.000000,0.000000,0.000000,0.000000,0.000000,0.000000,0.000000,0.000000,0.000000,0.000000,0.000000,0.000000,0.000000,0.000000,0.000000,0.000000,0.000000,0.000000,0.000000,0.000000,0.000000,0.000000,0.000000,0.000000,0.000000,0.000000,0.000000,0.000000,0.000000,0.000000,0.000000,0.000000,0.000000,0.000000,0.000000,0.000000,0.000000,0.000000,0.000000,0.000000,0.000000,0.000000
Y,Right,legacy_bisindo_2hand_Y_216,0.000000,0.000000,0.287249,-0.538674,0.156436,-1.326612,-0.105571,-1.900280,-0.377634,-2.237303,0.155393,-1.236282,-0.453175,-1.794998,-0.858248,-2.012410,-1.097191,-2.156622,-0.219978,-0.975505,-0.770455,-1.472454,-0.979696,-1.614522,-1.047453,-1.665406,-0.578748,-0.644980,-1.080833,-1.052853,-1.095664,-1.095283,-0.974981,-1.040382,-0.924814,-0.282942,-1.285157,-0.617364,-1.213380,-0.651871,-1.013656,-0.574399,0.000000,0.000000,0.000000,0.000000,0.000000,0.000000,0.000000,0.000000,0.000000,0.000000,0.000000,0.000000,0.000000,0.000000,0.000000,0.000000,0.000000,0.000000,0.000000,0.000000,0.000000,0.000000,0.000000,0.000000,0.000000,0.000000,0.000000,0.000000,0.000000,0.000000,0.000000,0.000000,0.000000,0.000000,0.000000,0.000000,0.000000,0.000000,0.000000,0.000000,0.000000,0.000000
Y,Right,legacy_bisindo_2hand_Y_217,0.000000,0.000000,0.287249,-0.538674,0.156436,-1.326612,-0.105571,-1.900280,-0.377634,-2.237303,0.155393,-1.236282,-0.453175,-1.794998,-0.858248,-2.012410,-1.097191,-2.156622,-0.219978,-0.975505,-0.770455,-1.472454,-0.979696,-1.614522,-1.047453,-1.665406,-0.578748,-0.644980,-1.080833,-1.052853,-1.095664,-1.095283,-0.974981,-1.040382,-0.924814,-0.282942,-1.285157,-0.617364,-1.213380,-0.651871,-1.013656,-0.574399,0.000000,0.000000,0.000000,0.000000,0.000000,0.000000,0.000000,0.000000,0.000000,0.000000,0.000000,0.000000,0.000000,0.000000,0.000000,0.000000,0.000000,0.000000,0.000000,0.000000,0.000000,0.000000,0.000000,0.000000,0.000000,0.000000,0.000000,0.000000,0.000000,0.000000,0.000000,0.000000,0.000000,0.000000,0.000000,0.000000,0.000000,0.000000,0.000000,0.000000,0.000000,0.000000
Y,Right,legacy_bisindo_2hand_Y_218,0.000000,0.000000,0.014410,-0.420312,0.196670,-0.767540,0.472802,-0.974510,0.723431,-1.055013,0.258411,-1.054855,0.472917,-1.568447,0.599254,-1.877356,0.658081,-2.129471,0.406096,-0.913831,0.948423,-1.091132,0.897430,-0.915546,0.704436,-0.793480,0.552866,-0.679389,1.000831,-0.743533,0.896889,-0.617386,0.722478,-0.550206,0.692534,-0.434428,0.999958,-0.491305,0.885206,-0.371711,0.733683,-0.313747,0.000000,0.000000,0.000000,0.000000,0.000000,0.000000,0.000000,0.000000,0.000000,0.000000,0.000000,0.000000,0.000000,0.000000,0.000000,0.000000,0.000000,0.000000,0.000000,0.000000,0.000000,0.000000,0.000000,0.000000,0.000000,0.000000,0.000000,0.000000,0.000000,0.000000,0.000000,0.000000,0.000000,0.000000,0.000000,0.000000,0.000000,0.000000,0.000000,0.000000,0.000000,0.000000
Y,Right,legacy_bisindo_2hand_Y_219,0.000000,0.000000,0.310803,-0.222217,0.476243,-0.509439,0.471362,-0.767316,0.312929,-0.954070,0.428457,-0.961586,0.495851,-1.465797,0.609328,-1.757246,0.715335,-1.967973,0.224325,-0.974514,0.224738,-1.258440,0.209840,-1.022188,0.241535,-0.847477,0.007645,-0.925777,0.010371,-1.207371,0.034834,-1.007404,0.081626,-0.849897,-0.219667,-0.850086,-0.328412,-1.218853,-0.404526,-1.432944,-0.461241,-1.648333,0.000000,0.000000,0.201568,-0.446071,0.148141,-0.908381,-0.039710,-1.194459,-0.245701,-1.300930,-0.352893,-0.953113,-0.491982,-1.446693,-0.565921,-1.741697,-0.607718,-1.987298,-0.539965,-0.841687,-0.614233,-1.340083,-0.631376,-1.667786,-0.634156,-1.920233,-0.602304,-0.735306,-0.522626,-1.118740,-0.392940,-1.139758,-0.287969,-1.075518,-0.597915,-0.642410,-0.506327,-0.939886,-0.400669,-0.966911,-0.309596,-0.915025
Y,Right,legacy_bisindo_2hand_Y_220,0.000000,0.000000,-0.154240,-0.383128,-0.276117,-0.719484,-0.412291,-0.981805,-0.428218,-1.189522,0.090550,-1.130388,0.041280,-1.693080,0.024225,-2.049688,0.026504,-2.354303,0.196142,-0.980575,-0.319299,-1.213730,-0.436240,-0.973626,-0.353911,-0.803613,0.151125,-0.770714,-0.391728,-0.930139,-0.413023,-0.738225,-0.263289,-0.635655,0.052819,-0.565394,-0.400442,-0.699731,-0.432656,-0.552104,-0.305623,-0.463261,0.000000,0.000000,0.000000,0.000000,0.000000,0.000000,0.000000,0.000000,0.000000,0.000000,0.000000,0.000000,0.000000,0.000000,0.000000,0.000000,0.000000,0.000000,0.000000,0.000000,0.000000,0.000000,0.000000,0.000000,0.000000,0.000000,0.000000,0.000000,0.000000,0.000000,0.000000,0.000000,0.000000,0.000000,0.000000,0.000000,0.000000,0.000000,0.000000,0.000000,0.000000,0.000000
Y,Right,legacy_bisindo_2hand_Y_221,0.000000,0.000000,-0.449606,-0.292404,-0.541193,-0.756909,-0.391765,-1.141235,-0.214943,-1.338694,-0.306622,-0.984605,-0.415900,-1.650401,-0.473445,-1.976851,-0.496103,-2.252272,0.002299,-0.999997,-0.344546,-1.421315,-0.482352,-1.271222,-0.487598,-1.116522,0.174461,-0.985211,-0.139947,-1.331437,-0.247887,-1.186790,-0.262134,-1.024896,0.250598,-0.958020,0.002639,-1.222641,-0.106075,-1.147206,-0.159228,-1.021259,0.000000,0.000000,0.000000,0.000000,0.000000,0.000000,0.000000,0.000000,0.000000,0.000000,0.000000,0.000000,0.000000,0.000000,0.000000,0.000000,0.000000,0.000000,0.000000,0.000000,0.000000,0.000000,0.000000,0.000000,0.000000,0.000000,0.000000,0.000000,0.000000,0.000000,0.000000,0.000000,0.000000,0.000000,0.000000,0.000000,0.000000,0.000000,0.000000,0.000000,0.000000,0.000000
Y,Right,legacy_bisindo_2hand_Y_222,0.000000,0.000000,0.322775,-0.477246,0.316327,-1.006207,0.185801,-1.393990,-0.023106,-1.516662,-0.167274,-0.974039,-0.335515,-1.624875,-0.436336,-1.974744,-0.518313,-2.265672,-0.402698,-0.915333,-0.226316,-1.332660,-0.088572,-1.226198,-0.046771,-1.100154,-0.532509,-0.857535,-0.306353,-1.245715,-0.171025,-1.126742,-0.146727,-0.990726,-0.566696,-0.809084,-0.369821,-1.101792,-0.240536,-1.028558,-0.230564,-0.915792,0.000000,0.000000,-0.157993,-0.392881,-0.142444,-0.906698,-0.156747,-1.319976,-0.282994,-1.616131,0.437999,-0.980473,0.810126,-1.364371,1.044451,-1.576941,1.223524,-1.740622,0.645145,-0.764060,0.770475,-0.992900,0.571246,-0.929446,0.400764,-0.844404,0.737086,-0.521102,0.737803,-0.679677,0.552385,-0.627026,0.398624,-0.560047,0.766554,-0.283349,0.723202,-0.406022,0.552629,-0.368967,0.419876,-0.322085
Y,Right,legacy_bisindo_2hand_Y_223,0.000000,0.000000,-0.172703,-0.521414,-0.197780,-1.042744,-0.257304,-1.531568,-0.340842,-1.899896,0.412469,-0.956139,0.725865,-1.551597,0.936557,-1.873612,1.097950,-2.116615,0.663084,-0.748545,0.793838,-1.212975,0.625306,-1.221060,0.481773,-1.114398,0.785822,-0.522295,0.831604,-0.918602,0.689013,-0.918724,0.562467,-0.812933,0.861523,-0.335826,0.852129,-0.653684,0.709679,-0.663378,0.607010,-0.579610,0.000000,0.000000,0.000000,0.000000,0.000000,0.000000,0.000000,0.000000,0.000000,0.000000,0.000000,0.000000,0.000000,0.000000,0.000000,0.000000,0.000000,0.000000,0.000000,0.000000,0.000000,0.000000,0.000000,0.000000,0.000000,0.000000,0.000000,0.000000,0.000000,0.000000,0.000000,0.000000,0.000000,0.000000,0.000000,0.000000,0.000000,0.000000,0.000000,0.000000,0.000000,0.000000
Y,Right,legacy_bisindo_2hand_Y_224,0.000000,0.000000,-0.226060,-0.378038,-0.247981,-0.860551,-0.330848,-1.230863,-0.488475,-1.475588,0.260544,-1.007196,0.521334,-1.482358,0.689794,-1.779418,0.814833,-2.003128,0.528128,-0.849165,0.501816,-1.031301,0.339324,-0.899559,0.260839,-0.746185,0.658921,-0.623114,0.549699,-0.782168,0.415329,-0.659431,0.366179,-0.526438,0.716443,-0.403780,0.620788,-0.537801,0.485349,-0.431965,0.440253,-0.319658,0.000000,0.000000,0.191790,-0.512208,0.076955,-0.997560,-0.176725,-1.156711,-0.418090,-1.061782,-0.366758,-1.035331,-0.653557,-1.590852,-0.823432,-1.943969,-0.923684,-2.227247,-0.545154,-0.838336,-0.626002,-1.408205,-0.595458,-1.825448,-0.545132,-2.165529,-0.641918,-0.629410,-0.632741,-0.965288,-0.480414,-0.971838,-0.360093,-0.911904,-0.672026,-0.407537,-0.594928,-0.643459,-0.434794,-0.681120,-0.362196,-0.613165
Y,Right,legacy_bisindo_2hand_Y_225,0.000000,0.000000,-0.296262,-0.754870,-0.434926,-1.389361,-0.787808,-1.803180,-1.115327,-2.108179,0.305975,-1.193079,0.455586,-1.489051,0.595084,-1.745584,0.704249,-1.935040,0.330931,-0.943655,0.475985,-1.366801,0.582846,-1.729174,0.649812,-1.997468,0.240077,-0.673773,0.377707,-1.045043,0.442811,-1.393472,0.451942,-1.660253,0.031035,-0.438589,0.104175,-0.609640,0.194081,-0.816339,0.251111,-0.993089,0.000000,0.000000,-0.123363,-0.478125,-0.022605,-0.930306,0.195923,-1.176468,0.372236,-1.161176,0.430024,-0.925944,0.649590,-1.354110,0.766000,-1.631715,0.875467,-1.859376,0.642660,-0.766151,0.563476,-1.162120,0.424578,-1.216516,0.385614,-1.212193,0.722785,-0.610471,0.537439,-0.927553,0.402641,-0.889082,0.329692,-0.791128,0.723362,-0.466017,0.568953,-0.711776,0.447087,-0.711494,0.362096,-0.646158
Y,Right,legacy_bisindo_2hand_Y_226,0.000000,0.000000,0.386447,-0.466098,0.518805,-0.987806,0.574401,-1.442424,0.820297,-1.674152,-0.070979,-1.067308,-0.416333,-1.697504,-0.604211,-2.089215,-0.732570,-2.366575,-0.392551,-0.919730,-0.494798,-1.401034,-0.315857,-1.497088,-0.151634,-1.438259,-0.563134,-0.722747,-0.489484,-1.153146,-0.300895,-1.212217,-0.160338,-1.116492,-0.644191,-0.562522,-0.509192,-0.907502,-0.319796,-0.953144,-0.183800,-0.889241,0.000000,0.000000,-0.104049,-0.538898,0.045649,-1.055298,0.316070,-1.329866,0.528734,-1.312524,0.474124,-0.946656,0.804811,-1.548888,0.938626,-1.880110,1.044071,-2.127330,0.695274,-0.718745,0.706017,-1.241108,0.505941,-1.204841,0.402288,-1.094634,0.819260,-0.545478,0.788456,-1.061915,0.616212,-1.044751,0.503649,-0.938278,0.887259,-0.411514,0.874923,-0.856544,0.721841,-0.905513,0.599487,-0.843094
Y,Right,legacy_bisindo_2hand_Y_227,0.000000,0.000000,0.271174,-0.428836,0.776203,-0.635210,1.267253,-0.564493,1.420897,-0.376791,0.476661,-1.141475,0.864098,-1.562454,1.112381,-1.906447,1.264407,-2.195046,0.365954,-0.930633,1.232858,-0.667648,1.185677,-0.375135,0.952163,-0.316069,0.319600,-0.571194,1.156081,-0.223062,1.041540,-0.027207,0.797123,-0.077152,0.341773,-0.185432,1.019133,0.078358,0.929983,0.190865,0.710377,0.151450,0.000000,0.000000,-0.279352,-0.381509,-0.454964,-0.879346,-0.662354,-1.247702,-0.821949,-1.452113,0.128063,-1.077333,0.117702,-1.531923,0.102902,-1.761896,0.082297,-1.977114,0.204586,-0.978849,-0.000489,-1.377667,-0.102415,-1.579956,-0.158122,-1.744292,0.201250,-0.842350,-0.177075,-1.141486,-0.345217,-1.162142,-0.414461,-1.147542,0.172066,-0.695115,-0.147558,-0.906484,-0.285976,-0.917136,-0.351970,-0.873169
Y,Right,legacy_bisindo_2hand_Y_228,0.000000,0.000000,0.196871,-0.138059,0.367420,-0.455735,0.378552,-0.834884,0.377197,-1.145307,0.687958,-0.747517,0.757286,-1.301611,0.757715,-1.622018,0.716530,-1.918806,0.510016,-0.860165,0.047427,-1.221939,-0.289019,-1.282727,-0.519104,-1.344396,0.311753,-0.878738,-0.008128,-1.099301,-0.087981,-1.017107,-0.067589,-1.000800,0.134035,-0.839483,0.082764,-0.960239,0.193598,-0.955847,0.335578,-0.996691,0.000000,0.000000,0.000000,0.000000,0.000000,0.000000,0.000000,0.000000,0.000000,0.000000,0.000000,0.000000,0.000000,0.000000,0.000000,0.000000,0.000000,0.000000,0.000000,0.000000,0.000000,0.000000,0.000000,0.000000,0.000000,0.000000,0.000000,0.000000,0.000000,0.000000,0.000000,0.000000,0.000000,0.000000,0.000000,0.000000,0.000000,0.000000,0.000000,0.000000,0.000000,0.000000
Y,Right,legacy_bisindo_2hand_Y_229,0.000000,0.000000,0.359576,-0.470921,0.621864,-0.859284,0.829809,-1.103515,0.958450,-1.334241,0.453448,-1.175827,0.522879,-1.804696,0.511257,-2.172957,0.501416,-2.462189,0.245605,-0.969370,0.760366,-1.131286,1.090576,-0.871646,1.213313,-0.605896,0.161902,-0.647207,0.778393,-0.678034,0.813344,-0.442366,0.673773,-0.351892,0.200001,-0.314502,0.700894,-0.280563,0.709326,-0.173022,0.600273,-0.139096,0.000000,0.000000,0.000000,0.000000,0.000000,0.000000,0.000000,0.000000,0.000000,0.000000,0.000000,0.000000,0.000000,0.000000,0.000000,0.000000,0.000000,0.000000,0.000000,0.000000,0.000000,0.000000,0.000000,0.000000,0.000000,0.000000,0.000000,0.000000,0.000000,0.000000,0.000000,0.000000,0.000000,0.000000,0.000000,0.000000,0.000000,0.000000,0.000000,0.000000,0.000000,0.000000
Y,Right,legacy_bisindo_2hand_Y_230,0.000000,0.000000,0.471889,-0.444432,0.870337,-0.707215,1.154692,-0.777008,1.171041,-0.674927,0.446767,-1.151565,0.644384,-1.784614,0.822212,-2.256756,0.901484,-2.639450,0.178331,-0.983971,0.853430,-0.817414,1.125458,-0.424910,1.145284,-0.183171,0.033715,-0.581359,0.780073,-0.100246,0.966021,0.286103,0.891257,0.418939,0.000609,-0.166599,0.643645,0.255354,0.836799,0.505401,0.827969,0.594671,0.000000,0.000000,0.000000,0.000000,0.000000,0.000000,0.000000,0.000000,0.000000,0.000000,0.000000,0.000000,0.000000,0.000000,0.000000,0.000000,0.000000,0.000000,0.000000,0.000000,0.000000,0.000000,0.000000,0.000000,0.000000,0.000000,0.000000,0.000000,0.000000,0.000000,0.000000,0.000000,0.000000,0.000000,0.000000,0.000000,0.000000,0.000000,0.000000,0.000000,0.000000,0.000000
Y,Right,legacy_bisindo_2hand_Y_231,0.000000,0.000000,0.211395,-0.330125,0.323629,-0.719719,0.422381,-1.024653,0.457420,-1.228008,-0.058207,-1.096718,0.142130,-1.539705,0.274822,-1.815841,0.360932,-2.056063,-0.098383,-0.995149,0.371973,-1.224566,0.419795,-0.984754,0.317214,-0.836015,-0.029385,-0.817289,0.467535,-0.954738,0.482733,-0.737809,0.371897,-0.637064,0.106010,-0.623754,0.534272,-0.699005,0.522302,-0.542448,0.411463,-0.477435,0.000000,0.000000,0.000000,0.000000,0.000000,0.000000,0.000000,0.000000,0.000000,0.000000,0.000000,0.000000,0.000000,0.000000,0.000000,0.000000,0.000000,0.000000,0.000000,0.000000,0.000000,0.000000,0.000000,0.000000,0.000000,0.000000,0.000000,0.000000,0.000000,0.000000,0.000000,0.000000,0.000000,0.000000,0.000000,0.000000,0.000000,0.000000,0.000000,0.000000,0.000000,0.000000
Y,Right,legacy_bisindo_2hand_Y_232,0.000000,0.000000,-0.185321,-0.572507,-0.104803,-1.161193,0.172470,-1.484162,0.442079,-1.442266,0.381680,-1.022222,0.609932,-1.837408,0.719615,-2.334669,0.802032,-2.667715,0.678892,-0.734238,0.933865,-1.438451,0.711317,-1.420178,0.534333,-1.237339,0.818173,-0.446318,0.976202,-1.074358,0.778291,-1.055449,0.642189,-0.890076,0.870183,-0.188132,0.972713,-0.713742,0.792551,-0.733152,0.663145,-0.598629,0.000000,0.000000,0.071177,-0.255309,0.131849,-0.794417,0.226830,-1.284576,0.424477,-1.633017,-0.174892,-0.970580,-0.646981,-1.418326,-0.935328,-1.630532,-1.141295,-1.815891,-0.253481,-0.967340,-0.818959,-1.302477,-1.128037,-1.522567,-1.365122,-1.689026,-0.335053,-0.862461,-0.575618,-1.085830,-0.546939,-1.002267,-0.498810,-0.921842,-0.360707,-0.768849,-0.479641,-0.949136,-0.399933,-0.875593,-0.300270,-0.814533
Y,Right,legacy_bisindo_2hand_Y_233,0.000000,0.000000,-0.168849,-0.436698,-0.129916,-0.894419,0.016567,-1.239871,0.188464,-1.464690,0.356469,-0.910263,0.403380,-1.562784,0.366059,-1.893399,0.370521,-2.141390,0.602786,-0.797903,0.678972,-1.560796,0.587240,-1.942267,0.521079,-2.180665,0.756318,-0.639689,0.861222,-1.203723,0.648609,-1.231902,0.487740,-1.169228,0.823981,-0.473748,0.999871,-0.719066,0.880068,-0.840840,0.735848,-0.868810,0.000000,0.000000,-0.004171,-0.846689,-0.095497,-1.627752,-0.371723,-2.164915,-0.510256,-2.600422,0.672923,-1.291919,0.529445,-1.889637,0.335657,-2.413188,0.131915,-2.859829,0.589319,-0.807900,0.038653,-1.312968,-0.045247,-1.497032,-0.028588,-1.618117,0.354616,-0.345342,-0.064712,-0.808332,0.098467,-0.989233,0.279350,-1.135253,0.099925,0.034018,-0.050667,-0.292218,0.098652,-0.467488,0.243218,-0.608910
Y,Right,legacy_bisindo_2hand_Y_234,0.000000,0.000000,0.350272,-0.448462,0.434006,-1.135283,0.418682,-1.802563,0.313349,-2.223937,0.219145,-1.168983,-0.158622,-1.595826,-0.259026,-1.698732,-0.291977,-1.746751,-0.158834,-0.987305,-0.473949,-1.296875,-0.496489,-1.310148,-0.492339,-1.238846,-0.484058,-0.707224,-0.794865,-0.989889,-0.732679,-0.978714,-0.641288,-0.883472,-0.743523,-0.406964,-1.016094,-0.695171,-0.940090,-0.676277,-0.821421,-0.565250,0.000000,0.000000,0.000000,0.000000,0.000000,0.000000,0.000000,0.000000,0.000000,0.000000,0.000000,0.000000,0.000000,0.000000,0.000000,0.000000,0.000000,0.000000,0.000000,0.000000,0.000000,0.000000,0.000000,0.000000,0.000000,0.000000,0.000000,0.000000,0.000000,0.000000,0.000000,0.000000,0.000000,0.000000,0.000000,0.000000,0.000000,0.000000,0.000000,0.000000,0.000000,0.000000
Y,Right,legacy_bisindo_2hand_Y_235,0.000000,0.000000,0.058280,-0.433558,0.355813,-0.875282,0.774420,-1.081083,1.087791,-1.144100,0.423672,-1.104806,0.791222,-1.703651,1.009897,-2.070688,1.136132,-2.368838,0.542737,-0.839902,1.380545,-1.052146,1.238086,-0.822294,0.952224,-0.695510,0.666672,-0.495386,1.375715,-0.595187,1.184087,-0.439036,0.935852,-0.368666,0.795890,-0.157858,1.331083,-0.253938,1.151966,-0.141223,0.935437,-0.091278,0.000000,0.000000,0.000000,0.000000,0.000000,0.000000,0.000000,0.000000,0.000000,0.000000,0.000000,0.000000,0.000000,0.000000,0.000000,0.000000,0.000000,0.000000,0.000000,0.000000,0.000000,0.000000,0.000000,0.000000,0.000000,0.000000,0.000000,0.000000,0.000000,0.000000,0.000000,0.000000,0.000000,0.000000,0.000000,0.000000,0.000000,0.000000,0.000000,0.000000,0.000000,0.000000
Y,Right,legacy_bisindo_2hand_Y_236,0.000000,0.000000,0.030257,-0.371715,0.257067,-0.747497,0.586972,-0.953319,0.827386,-1.046973,0.329896,-1.040767,0.613319,-1.536857,0.764465,-1.827802,0.851647,-2.076561,0.452450,-0.891790,1.052662,-1.003269,0.955002,-0.798260,0.741104,-0.698652,0.581959,-0.643735,1.048542,-0.634116,0.914416,-0.480938,0.731309,-0.430551,0.719015,-0.379341,1.029606,-0.389928,0.886264,-0.252954,0.739134,-0.201354,0.000000,0.000000,0.000000,0.000000,0.000000,0.000000,0.000000,0.000000,0.000000,0.000000,0.000000,0.000000,0.000000,0.000000,0.000000,0.000000,0.000000,0.000000,0.000000,0.000000,0.000000,0.000000,0.000000,0.000000,0.000000,0.000000,0.000000,0.000000,0.000000,0.000000,0.000000,0.000000,0.000000,0.000000,0.000000,0.000000,0.000000,0.000000,0.000000,0.000000,0.000000,0.000000
Y,Right,legacy_bisindo_2hand_Y_237,0.000000,0.000000,0.282396,-0.271572,0.519689,-0.604120,0.691990,-0.922826,0.743174,-1.217784,0.859828,-0.573713,1.056036,-0.858749,1.090045,-0.941526,1.066926,-0.939428,0.727436,-0.686175,0.934517,-0.992025,0.886961,-1.044961,0.880375,-1.023486,0.583360,-0.812599,0.750787,-1.137633,0.721913,-1.170768,0.708063,-1.150415,0.379752,-0.968070,0.500310,-1.288349,0.490832,-1.337901,0.482644,-1.318140,0.000000,0.000000,0.458088,-0.411592,0.865430,-0.892289,0.948120,-1.438190,0.838171,-1.871042,1.263813,0.098338,1.097757,-0.919612,0.703215,-1.597389,0.522540,-1.946576,0.884640,0.466274,0.637098,-0.900151,0.174620,-1.552634,-0.059495,-1.769588,0.422667,0.643368,0.159829,-0.754301,-0.296670,-1.214052,-0.517862,-1.291970,-0.030418,0.678114,-0.269257,-0.476182,-0.561041,-0.837264,-0.696920,-0.864517
Y,Right,legacy_bisindo_2hand_Y_238,0.000000,0.000000,0.025780,-0.382909,0.240868,-0.745067,0.562576,-0.935872,0.812005,-1.001105,0.320245,-1.035861,0.603931,-1.542222,0.752555,-1.835913,0.830469,-2.081795,0.452543,-0.891742,1.008983,-1.010265,0.918420,-0.830398,0.714349,-0.731800,0.579722,-0.658064,1.014339,-0.661172,0.889659,-0.529496,0.717112,-0.476110,0.711446,-0.412421,0.997313,-0.440941,0.861900,-0.319760,0.719934,-0.272008,0.000000,0.000000,0.000000,0.000000,0.000000,0.000000,0.000000,0.000000,0.000000,0.000000,0.000000,0.000000,0.000000,0.000000,0.000000,0.000000,0.000000,0.000000,0.000000,0.000000,0.000000,0.000000,0.000000,0.000000,0.000000,0.000000,0.000000,0.000000,0.000000,0.000000,0.000000,0.000000,0.000000,0.000000,0.000000,0.000000,0.000000,0.000000,0.000000,0.000000,0.000000,0.000000
Y,Right,legacy_bisindo_2hand_Y_239,0.000000,0.000000,0.040568,-0.376756,0.277405,-0.719531,0.601549,-0.894782,0.858483,-0.942088,0.388224,-1.011336,0.703321,-1.499093,0.871589,-1.787386,0.956559,-2.038006,0.512842,-0.858483,1.107723,-0.959585,1.022345,-0.769643,0.810118,-0.691614,0.625492,-0.603268,1.102775,-0.577833,0.971118,-0.439387,0.781644,-0.405821,0.731781,-0.327138,1.069298,-0.329974,0.928871,-0.211443,0.764937,-0.175492,0.000000,0.000000,0.000000,0.000000,0.000000,0.000000,0.000000,0.000000,0.000000,0.000000,0.000000,0.000000,0.000000,0.000000,0.000000,0.000000,0.000000,0.000000,0.000000,0.000000,0.000000,0.000000,0.000000,0.000000,0.000000,0.000000,0.000000,0.000000,0.000000,0.000000,0.000000,0.000000,0.000000,0.000000,0.000000,0.000000,0.000000,0.000000,0.000000,0.000000,0.000000,0.000000
Y,Right,legacy_bisindo_2hand_Y_240,0.000000,0.000000,-0.300064,-0.302748,-0.462536,-0.699353,-0.445539,-1.008343,-0.381659,-1.173446,-0.656237,-0.998661,-0.597729,-1.611449,-0.577477,-1.938073,-0.561623,-2.195526,-0.559168,-0.829054,-0.066699,-1.285117,-0.005756,-1.127824,-0.079757,-0.994575,-0.374427,-0.608437,0.116850,-0.986090,0.130445,-0.798174,0.037737,-0.652170,-0.160254,-0.389784,0.200233,-0.675976,0.200473,-0.573550,0.115151,-0.441581,0.000000,0.000000,0.000000,0.000000,0.000000,0.000000,0.000000,0.000000,0.000000,0.000000,0.000000,0.000000,0.000000,0.000000,0.000000,0.000000,0.000000,0.000000,0.000000,0.000000,0.000000,0.000000,0.000000,0.000000,0.000000,0.000000,0.000000,0.000000,0.000000,0.000000,0.000000,0.000000,0.000000,0.000000,0.000000,0.000000,0.000000,0.000000,0.000000,0.000000,0.000000,0.000000
Y,Right,legacy_bisindo_2hand_Y_241,0.000000,0.000000,0.263885,-0.426995,0.434920,-0.893112,0.334150,-1.223440,0.141696,-1.451251,0.785349,-0.977692,0.875725,-1.546914,0.673723,-1.876633,0.468476,-2.115036,0.744990,-0.667075,0.486469,-1.285215,0.138581,-1.582305,-0.066264,-1.753179,0.598702,-0.302370,0.114899,-0.757741,-0.204665,-0.788696,-0.294487,-0.733763,0.412635,0.054976,-0.016374,-0.292873,-0.246525,-0.307563,-0.276130,-0.227410,0.000000,0.000000,-0.412416,-0.284677,-0.537842,-0.776439,-0.590034,-1.241880,-0.690957,-1.592741,0.048554,-1.100495,0.508554,-1.542226,0.751666,-1.807729,0.929052,-2.025048,0.369093,-0.929392,0.359353,-1.106265,0.096497,-0.874058,0.016605,-0.749832,0.542578,-0.718765,0.420103,-0.811291,0.210442,-0.610717,0.178934,-0.521403,0.660156,-0.510949,0.519122,-0.598703,0.345291,-0.444745,0.325381,-0.366726
Y,Right,legacy_bisindo_2hand_Y_242,0.000000,0.000000,-0.298768,-0.573820,-0.326363,-1.306651,-0.200651,-1.909851,-0.120725,-2.269372,0.003520,-1.205779,0.622873,-1.959951,0.541620,-1.810016,0.379167,-1.563684,0.385130,-0.922862,0.906640,-1.607143,0.741940,-1.432474,0.552247,-1.185347,0.741345,-0.682328,1.101158,-1.313951,0.928370,-1.124859,0.784823,-0.866847,1.067165,-0.477455,1.258342,-1.004083,1.116745,-0.839368,1.037352,-0.586713,0.000000,0.000000,0.000000,0.000000,0.000000,0.000000,0.000000,0.000000,0.000000,0.000000,0.000000,0.000000,0.000000,0.000000,0.000000,0.000000,0.000000,0.000000,0.000000,0.000000,0.000000,0.000000,0.000000,0.000000,0.000000,0.000000,0.000000,0.000000,0.000000,0.000000,0.000000,0.000000,0.000000,0.000000,0.000000,0.000000,0.000000,0.000000,0.000000,0.000000,0.000000,0.000000
Y,Right,legacy_bisindo_2hand_Y_243,0.000000,0.000000,-0.287731,-0.599617,-0.366080,-1.280766,-0.370931,-1.894668,-0.486590,-2.330474,0.160058,-1.137505,0.732273,-1.888804,0.628587,-1.753096,0.456504,-1.504406,0.587801,-0.809005,1.042819,-1.493327,0.866244,-1.321541,0.680335,-1.058331,0.972761,-0.516476,1.290374,-1.159388,1.105518,-0.991476,0.965109,-0.732206,1.310704,-0.275053,1.525649,-0.830082,1.354752,-0.701604,1.220156,-0.450276,0.000000,0.000000,0.000000,0.000000,0.000000,0.000000,0.000000,0.000000,0.000000,0.000000,0.000000,0.000000,0.000000,0.000000,0.000000,0.000000,0.000000,0.000000,0.000000,0.000000,0.000000,0.000000,0.000000,0.000000,0.000000,0.000000,0.000000,0.000000,0.000000,0.000000,0.000000,0.000000,0.000000,0.000000,0.000000,0.000000,0.000000,0.000000,0.000000,0.000000,0.000000,0.000000
Y,Right,legacy_bisindo_2hand_Y_244,0.000000,0.000000,-0.006926,-0.438263,0.174911,-0.838666,0.472508,-1.057784,0.743798,-1.159140,0.211120,-1.105805,0.418094,-1.629231,0.530393,-1.945178,0.582896,-2.213410,0.363048,-0.931770,0.980064,-1.152944,0.919179,-0.966318,0.721095,-0.853747,0.519941,-0.674617,1.034398,-0.758854,0.922749,-0.614580,0.741482,-0.550235,0.677223,-0.399809,1.051792,-0.492309,0.922339,-0.364556,0.754845,-0.308745,0.000000,0.000000,0.179584,-0.396167,0.202425,-0.864964,0.160962,-1.216795,0.107772,-1.470355,0.445548,-1.005849,0.537274,-1.393693,0.615431,-1.632062,0.686007,-1.808138,0.253531,-0.967327,0.135395,-1.331253,-0.029685,-1.425468,-0.106715,-1.484104,0.090643,-0.910120,0.013940,-1.160852,-0.054780,-1.120717,-0.079657,-1.085150,-0.033361,-0.804878,-0.127650,-1.030921,-0.148767,-1.012283,-0.150308,-0.959153
Y,Right,legacy_bisindo_2hand_Y_245,0.000000,0.000000,-0.240707,-1.029359,-0.387319,-1.860626,-0.859169,-2.494856,-1.312478,-2.989273,0.409001,-1.347166,0.745502,-1.590280,1.056094,-1.866078,1.269540,-2.090298,0.427765,-0.903890,0.880640,-1.369255,1.150858,-1.815151,1.291922,-2.181908,0.306837,-0.486401,0.728601,-0.953938,0.942734,-1.391633,1.037829,-1.756837,0.041366,-0.150497,0.286580,-0.348636,0.467531,-0.612210,0.581704,-0.848777,0.000000,0.000000,-0.094371,-0.492677,0.065564,-0.939700,0.327905,-1.167862,0.497041,-1.124398,0.517875,-0.889512,0.814229,-1.300097,0.960752,-1.566402,1.087412,-1.767502,0.717944,-0.696101,0.651260,-1.030835,0.482321,-1.050961,0.402316,-0.987589,0.777106,-0.517447,0.643954,-0.827713,0.511208,-0.822999,0.423600,-0.741179,0.766276,-0.364413,0.656143,-0.605571,0.544817,-0.625022,0.456584,-0.566811
Y,Right,legacy_bisindo_2hand_Y_246,0.000000,0.000000,0.514501,-0.326950,0.813310,-0.797457,0.998761,-1.209960,1.314869,-1.346987,0.246769,-1.054868,0.129184,-1.727098,0.058428,-2.154494,0.013378,-2.454513,-0.112209,-0.993685,-0.029985,-1.469358,0.158353,-1.567332,0.292346,-1.530290,-0.327954,-0.839204,-0.088976,-1.193411,0.108363,-1.195675,0.215792,-1.076788,-0.441542,-0.687323,-0.167780,-0.948109,0.033497,-0.953195,0.150063,-0.879037,0.000000,0.000000,0.014553,-0.558613,0.298391,-1.041830,0.652979,-1.241844,0.871605,-1.163048,0.684033,-0.819202,1.234576,-1.296459,1.509786,-1.590932,1.710571,-1.809087,0.857134,-0.515094,1.059995,-1.001306,0.859395,-1.025050,0.710606,-0.945320,0.940497,-0.293266,1.104471,-0.797683,0.931175,-0.826488,0.770281,-0.747377,0.976034,-0.119537,1.103897,-0.566648,0.969291,-0.650087,0.827149,-0.605453
Y,Right,legacy_bisindo_2hand_Y_247,0.000000,0.000000,0.288873,-0.438553,0.805152,-0.628023,1.291899,-0.524703,1.437254,-0.316609,0.527035,-1.135501,0.935945,-1.538702,1.196571,-1.879904,1.364711,-2.160637,0.407571,-0.913173,1.270892,-0.613985,1.190915,-0.351269,0.935369,-0.319218,0.344280,-0.544169,1.176068,-0.160073,1.032753,0.004532,0.783580,-0.070518,0.337180,-0.145927,1.014399,0.141170,0.908098,0.233079,0.680112,0.173548,0.000000,0.000000,-0.175039,-0.409612,-0.321830,-0.943289,-0.511963,-1.338517,-0.694505,-1.614813,0.236784,-1.072017,0.142606,-1.533375,0.094570,-1.816679,0.036881,-2.090753,0.242707,-0.970100,0.059991,-1.419476,0.058987,-1.456240,0.091669,-1.442478,0.193701,-0.819117,-0.108220,-1.230665,-0.196742,-1.198495,-0.176441,-1.148897,0.144280,-0.631923,-0.037924,-0.844065,-0.057513,-0.847043,-0.023471,-0.819439
Y,Right,legacy_bisindo_2hand_Y_248,0.000000,0.000000,-0.057001,-0.410338,-0.120794,-0.811390,-0.216396,-1.079834,-0.348418,-1.278142,-0.025433,-1.111350,-0.092318,-1.587063,-0.117918,-1.879491,-0.125730,-2.135145,-0.024830,-0.999692,-0.398358,-1.513858,-0.639096,-1.456118,-0.728309,-1.313997,-0.114248,-0.812881,-0.564145,-1.211141,-0.794654,-1.084850,-0.834872,-0.924641,-0.244421,-0.583988,-0.617203,-0.904351,-0.791561,-0.839432,-0.836723,-0.721338,0.000000,0.000000,-0.142727,-0.490747,-0.062919,-0.991201,0.018450,-1.403991,0.011081,-1.692223,0.520570,-0.946278,0.941380,-1.324787,1.168964,-1.530846,1.341979,-1.676692,0.698529,-0.715582,0.655965,-0.962188,0.489860,-0.921804,0.404292,-0.804460,0.737839,-0.482162,0.621474,-0.715266,0.484495,-0.654395,0.399669,-0.535086,0.756789,-0.266737,0.669237,-0.464446,0.530064,-0.422192,0.445242,-0.327353
Y,Right,legacy_bisindo_2hand_Y_249,0.000000,0.000000,0.119515,-0.376263,0.145009,-0.774744,0.166497,-1.094518,0.160742,-1.346855,-0.358062,-1.053843,-0.251211,-1.547898,-0.193496,-1.861971,-0.175476,-2.124370,-0.359141,-0.933283,0.080549,-1.286427,0.174140,-1.062762,0.092439,-0.888551,-0.239293,-0.757536,0.218354,-1.022371,0.264748,-0.820003,0.167462,-0.697123,-0.059327,-0.573128,0.326481,-0.789532,0.348330,-0.627792,0.249978,-0.524061,0.000000,0.000000,0.000000,0.000000,0.000000,0.000000,0.000000,0.000000,0.000000,0.000000,0.000000,0.000000,0.000000,0.000000,0.000000,0.000000,0.000000,0.000000,0.000000,0.000000,0.000000,0.000000,0.000000,0.000000,0.000000,0.000000,0.000000,0.000000,0.000000,0.000000,0.000000,0.000000,0.000000,0.000000,0.000000,0.000000,0.000000,0.000000,0.000000,0.000000,0.000000,0.000000
Y,Right,legacy_bisindo_2hand_Y_250,0.000000,0.000000,-0.353396,-0.426365,-0.389644,-0.948370,-0.180661,-1.314416,0.026726,-1.358334,0.156042,-1.038537,0.294654,-1.717897,0.347255,-2.072388,0.396150,-2.374049,0.423472,-0.905909,0.270051,-1.541685,0.094486,-1.749081,0.028932,-1.902538,0.536892,-0.782694,0.226021,-1.195750,0.084837,-1.120829,0.033879,-0.956915,0.558221,-0.700338,0.296307,-1.004102,0.162579,-0.964639,0.103887,-0.833077,0.000000,0.000000,0.000000,0.000000,0.000000,0.000000,0.000000,0.000000,0.000000,0.000000,0.000000,0.000000,0.000000,0.000000,0.000000,0.000000,0.000000,0.000000,0.000000,0.000000,0.000000,0.000000,0.000000,0.000000,0.000000,0.000000,0.000000,0.000000,0.000000,0.000000,0.000000,0.000000,0.000000,0.000000,0.000000,0.000000,0.000000,0.000000,0.000000,0.000000,0.000000,0.000000
Y,Right,legacy_bisindo_2hand_Y_251,0.000000,0.000000,0.060894,-0.522016,-0.034697,-1.110996,-0.131341,-1.569766,-0.267624,-1.943141,-0.552874,-0.937939,-1.189144,-1.128805,-1.547857,-1.267249,-1.838245,-1.412081,-0.642987,-0.765877,-1.212701,-0.963400,-1.590812,-1.118689,-1.921235,-1.250280,-0.635982,-0.580933,-0.976835,-0.815263,-1.215020,-0.992723,-1.432665,-1.121745,-0.563398,-0.395056,-0.618023,-0.559493,-0.574485,-0.694319,-0.541299,-0.810914,0.000000,0.000000,0.000000,0.000000,0.000000,0.000000,0.000000,0.000000,0.000000,0.000000,0.000000,0.000000,0.000000,0.000000,0.000000,0.000000,0.000000,0.000000,0.000000,0.000000,0.000000,0.000000,0.000000,0.000000,0.000000,0.000000,0.000000,0.000000,0.000000,0.000000,0.000000,0.000000,0.000000,0.000000,0.000000,0.000000,0.000000,0.000000,0.000000,0.000000,0.000000,0.000000
